iso_year,iso_week,wdsp,glorad,sun,maxtp,mintp,rain,station_no,station_name
1956,38,10.799999999999999,,,17.714285714285715,11.0,1.657142857142857,2375,Belmullet
1956,39,16.657142857142855,,,16.414285714285715,11.085714285714285,5.471428571428571,2375,Belmullet
1956,40,12.642857142857142,,,12.885714285714286,7.028571428571429,1.7285714285714284,2375,Belmullet
1956,41,7.328571428571428,,,14.971428571428572,8.0,0.5857142857142856,2375,Belmullet
1956,42,15.814285714285715,,,14.257142857142856,9.314285714285715,6.6000000000000005,2375,Belmullet
1956,43,15.328571428571427,,,12.557142857142855,6.371428571428572,5.2,2375,Belmullet
1956,44,9.685714285714285,,,10.185714285714285,5.728571428571429,0.09999999999999999,2375,Belmullet
1956,45,15.942857142857141,,,12.114285714285714,6.771428571428572,2.542857142857143,2375,Belmullet
1956,46,11.314285714285715,,,10.557142857142859,7.757142857142857,0.7857142857142857,2375,Belmullet
1956,47,11.4,,,10.557142857142855,4.871428571428572,1.4714285714285715,2375,Belmullet
1956,48,16.571428571428573,,,10.171428571428573,5.785714285714286,2.685714285714286,2375,Belmullet
1956,49,15.828571428571427,,,11.457142857142857,8.885714285714286,2.957142857142857,2375,Belmullet
1956,50,26.385714285714283,,,10.357142857142858,3.542857142857143,9.542857142857143,2375,Belmullet
1956,51,12.12857142857143,,,9.314285714285715,3.8000000000000003,2.914285714285714,2375,Belmullet
1956,52,13.200000000000001,,,8.028571428571428,3.5714285714285716,8.228571428571428,2375,Belmullet
1957,1,15.285714285714286,,,10.299999999999999,5.3428571428571425,7.128571428571428,2375,Belmullet
1957,2,17.442857142857143,,,10.071428571428571,6.414285714285714,1.1285714285714286,2375,Belmullet
1957,3,9.442857142857141,,,7.928571428571429,1.542857142857143,1.0571428571428572,2375,Belmullet
1957,4,15.428571428571429,,,7.928571428571429,2.685714285714286,6.914285714285714,2375,Belmullet
1957,5,19.571428571428573,,,9.242857142857144,3.542857142857143,8.714285714285714,2375,Belmullet
1957,6,16.97142857142857,,,9.771428571428572,4.728571428571429,5.6571428571428575,2375,Belmullet
1957,7,9.814285714285715,,,7.571428571428571,2.3000000000000003,6.914285714285714,2375,Belmullet
1957,8,11.328571428571427,,,7.585714285714286,1.5428571428571427,4.571428571428571,2375,Belmullet
1957,9,10.942857142857145,,,10.27142857142857,5.685714285714285,1.7285714285714284,2375,Belmullet
1957,10,11.842857142857143,,,12.328571428571427,8.014285714285714,2.0,2375,Belmullet
1957,11,16.142857142857142,,,12.1,8.885714285714286,3.842857142857143,2375,Belmullet
1957,12,12.87142857142857,,,10.357142857142858,5.057142857142857,6.071428571428571,2375,Belmullet
1957,13,10.014285714285714,,,13.557142857142859,6.6571428571428575,0.9428571428571428,2375,Belmullet
1957,14,10.5,,,13.12857142857143,6.6571428571428575,1.1714285714285713,2375,Belmullet
1957,15,10.971428571428572,,,11.328571428571427,5.728571428571429,0.9285714285714286,2375,Belmullet
1957,16,13.771428571428572,,,12.1,6.214285714285714,4.571428571428571,2375,Belmullet
1957,17,7.271428571428571,,,13.828571428571427,5.028571428571429,0.2,2375,Belmullet
1957,18,10.742857142857144,,,13.042857142857143,7.7,0.2857142857142857,2375,Belmullet
1957,19,7.8999999999999995,,,13.314285714285715,5.857142857142857,1.8142857142857145,2375,Belmullet
1957,20,14.299999999999999,,,14.171428571428573,7.442857142857143,2.457142857142857,2375,Belmullet
1957,21,9.357142857142858,,,16.5,7.5,1.2285714285714284,2375,Belmullet
1957,22,10.714285714285714,,,15.942857142857141,9.171428571428573,0.6,2375,Belmullet
1957,23,12.200000000000001,,,14.0,6.414285714285714,0.5285714285714286,2375,Belmullet
1957,24,9.785714285714286,,,18.928571428571427,10.37142857142857,0.2,2375,Belmullet
1957,25,8.0,,,23.457142857142856,11.571428571428571,0.05714285714285715,2375,Belmullet
1957,26,11.485714285714286,,,17.285714285714285,10.5,4.557142857142857,2375,Belmullet
1957,27,9.299999999999999,,,18.37142857142857,11.257142857142856,2.042857142857143,2375,Belmullet
1957,28,12.242857142857144,,,15.785714285714286,10.957142857142857,4.085714285714286,2375,Belmullet
1957,29,11.028571428571428,,,16.728571428571428,11.914285714285713,3.457142857142857,2375,Belmullet
1957,30,14.357142857142858,,,16.957142857142856,12.828571428571427,4.0285714285714285,2375,Belmullet
1957,31,7.3428571428571425,,,18.8,11.928571428571429,1.7571428571428573,2375,Belmullet
1957,32,8.342857142857143,,,18.87142857142857,12.842857142857143,1.3857142857142857,2375,Belmullet
1957,33,13.342857142857143,,,16.45714285714286,11.0,0.9571428571428572,2375,Belmullet
1957,34,17.157142857142855,,,16.5,10.757142857142856,7.014285714285714,2375,Belmullet
1957,35,7.971428571428571,,,16.385714285714286,9.357142857142858,1.4714285714285715,2375,Belmullet
1957,36,15.528571428571428,,,16.071428571428573,11.028571428571428,3.0285714285714285,2375,Belmullet
1957,37,15.12857142857143,,,14.12857142857143,9.128571428571428,2.857142857142857,2375,Belmullet
1957,38,10.371428571428572,,,15.87142857142857,11.12857142857143,6.457142857142857,2375,Belmullet
1957,39,14.357142857142858,,,14.200000000000001,9.5,2.257142857142857,2375,Belmullet
1957,40,10.071428571428571,,,13.914285714285715,9.914285714285715,0.08571428571428572,2375,Belmullet
1957,41,12.657142857142857,,,14.557142857142859,10.842857142857143,2.357142857142857,2375,Belmullet
1957,42,12.928571428571429,,,12.814285714285715,8.885714285714286,4.1571428571428575,2375,Belmullet
1957,43,15.242857142857144,,,13.057142857142859,8.085714285714285,4.128571428571428,2375,Belmullet
1957,44,13.528571428571428,,,11.385714285714286,6.057142857142857,4.314285714285715,2375,Belmullet
1957,45,7.8,,,9.842857142857143,1.9714285714285713,2.185714285714286,2375,Belmullet
1957,46,9.128571428571428,,,9.0,5.185714285714285,3.6142857142857143,2375,Belmullet
1957,47,13.057142857142859,,,11.028571428571428,6.714285714285714,2.414285714285714,2375,Belmullet
1957,48,14.614285714285714,,,11.214285714285714,8.642857142857142,0.3428571428571429,2375,Belmullet
1957,49,17.928571428571427,,,11.1,7.128571428571428,5.1571428571428575,2375,Belmullet
1957,50,9.157142857142857,,,7.714285714285714,0.41428571428571426,3.3714285714285714,2375,Belmullet
1957,51,19.87142857142857,,,10.557142857142859,5.642857142857143,8.757142857142856,2375,Belmullet
1957,52,12.642857142857142,,,9.557142857142859,6.242857142857143,0.5428571428571428,2375,Belmullet
1958,1,16.157142857142855,,,7.885714285714286,4.214285714285714,9.428571428571429,2375,Belmullet
1958,2,20.157142857142855,,,8.885714285714286,4.014285714285714,7.885714285714285,2375,Belmullet
1958,3,13.485714285714286,,,9.128571428571428,5.328571428571428,2.1714285714285713,2375,Belmullet
1958,4,9.557142857142859,,,4.428571428571429,-0.7428571428571429,6.214285714285714,2375,Belmullet
1958,5,16.185714285714287,,,10.971428571428572,7.171428571428572,3.242857142857143,2375,Belmullet
1958,6,10.842857142857143,,,7.028571428571429,1.9714285714285713,1.1714285714285713,2375,Belmullet
1958,7,12.1,,,9.685714285714285,4.185714285714286,4.857142857142857,2375,Belmullet
1958,8,12.771428571428572,,,9.528571428571428,5.057142857142857,0.8142857142857143,2375,Belmullet
1958,9,12.700000000000001,,,8.77142857142857,5.057142857142857,2.1,2375,Belmullet
1958,10,17.3,,,7.914285714285714,3.085714285714286,4.185714285714285,2375,Belmullet
1958,11,14.257142857142856,,,7.228571428571429,1.8714285714285717,3.814285714285714,2375,Belmullet
1958,12,16.52857142857143,,,6.1571428571428575,0.9142857142857144,0.17142857142857146,2375,Belmullet
1958,13,11.057142857142859,,,9.1,4.742857142857143,2.6142857142857143,2375,Belmullet
1958,14,12.4,,,10.042857142857143,3.5428571428571423,1.7714285714285716,2375,Belmullet
1958,15,7.628571428571428,,,11.1,4.542857142857143,0.942857142857143,2375,Belmullet
1958,16,13.214285714285714,,,12.171428571428573,6.3,0.7428571428571428,2375,Belmullet
1958,17,14.757142857142856,,,11.671428571428573,5.8,2.3714285714285714,2375,Belmullet
1958,18,8.257142857142856,,,15.642857142857142,8.0,0.04285714285714286,2375,Belmullet
1958,19,10.928571428571429,,,12.457142857142857,4.457142857142857,3.4,2375,Belmullet
1958,20,11.957142857142857,,,12.37142857142857,5.8428571428571425,3.0285714285714285,2375,Belmullet
1958,21,18.342857142857145,,,11.757142857142856,6.571428571428571,7.328571428571428,2375,Belmullet
1958,22,7.8999999999999995,,,13.785714285714286,6.271428571428571,5.228571428571429,2375,Belmullet
1958,23,9.285714285714286,,,16.428571428571427,10.6,5.528571428571428,2375,Belmullet
1958,24,12.5,,,16.014285714285712,11.200000000000001,5.271428571428571,2375,Belmullet
1958,25,11.671428571428573,,,15.0,10.014285714285714,3.5142857142857147,2375,Belmullet
1958,26,10.585714285714285,,,15.057142857142859,8.914285714285715,3.7857142857142856,2375,Belmullet
1958,27,9.642857142857142,,,18.62857142857143,12.657142857142857,0.5285714285714286,2375,Belmullet
1958,28,11.799999999999999,,,16.75714285714286,11.842857142857143,0.7142857142857143,2375,Belmullet
1958,29,8.257142857142856,,,17.52857142857143,9.885714285714286,1.7285714285714284,2375,Belmullet
1958,30,6.828571428571428,,,17.4,10.285714285714286,0.7571428571428571,2375,Belmullet
1958,31,8.77142857142857,,,17.3,10.671428571428573,4.371428571428572,2375,Belmullet
1958,32,11.814285714285715,,,17.742857142857144,12.314285714285715,4.128571428571428,2375,Belmullet
1958,33,8.9,,,18.15714285714286,13.142857142857142,6.5,2375,Belmullet
1958,34,10.057142857142859,,,16.25714285714286,10.957142857142857,5.2,2375,Belmullet
1958,35,14.299999999999999,,,17.514285714285712,12.071428571428571,3.857142857142857,2375,Belmullet
1958,36,11.085714285714285,,,18.885714285714283,12.528571428571428,3.7857142857142856,2375,Belmullet
1958,37,7.285714285714286,,,19.37142857142857,11.799999999999999,0.5714285714285714,2375,Belmullet
1958,38,11.857142857142858,,,17.1,11.328571428571427,3.3428571428571425,2375,Belmullet
1958,39,16.285714285714285,,,15.900000000000002,9.571428571428571,5.271428571428571,2375,Belmullet
1958,40,11.414285714285715,,,14.700000000000001,9.085714285714285,5.828571428571429,2375,Belmullet
1958,41,15.242857142857144,,,13.328571428571427,7.2,7.785714285714286,2375,Belmullet
1958,42,11.885714285714286,,,13.757142857142856,8.185714285714287,0.5428571428571428,2375,Belmullet
1958,43,7.814285714285715,,,13.414285714285715,11.171428571428573,0.09999999999999999,2375,Belmullet
1958,44,13.37142857142857,,,13.171428571428573,8.985714285714286,3.914285714285714,2375,Belmullet
1958,45,11.971428571428572,,,12.171428571428573,8.357142857142858,2.4285714285714284,2375,Belmullet
1958,46,10.37142857142857,,,11.757142857142856,8.128571428571428,4.171428571428572,2375,Belmullet
1958,47,9.485714285714286,,,10.942857142857141,7.628571428571428,1.4857142857142858,2375,Belmullet
1958,48,6.728571428571429,,,10.0,3.2714285714285714,0.6428571428571429,2375,Belmullet
1958,49,3.242857142857143,,,8.671428571428573,2.142857142857143,0.8714285714285713,2375,Belmullet
1958,50,13.028571428571428,,,8.37142857142857,3.914285714285714,9.485714285714286,2375,Belmullet
1958,51,12.928571428571429,,,7.814285714285714,1.9285714285714286,3.2714285714285714,2375,Belmullet
1958,52,13.085714285714285,,,10.471428571428572,4.828571428571428,4.514285714285714,2375,Belmullet
1959,1,18.32857142857143,,,8.542857142857143,3.142857142857143,5.757142857142857,2375,Belmullet
1959,2,10.228571428571428,,,6.014285714285714,0.9,3.142857142857143,2375,Belmullet
1959,3,8.585714285714285,,,6.028571428571429,-0.21428571428571427,1.0285714285714287,2375,Belmullet
1959,4,9.87142857142857,,,7.071428571428571,2.0,1.7285714285714284,2375,Belmullet
1959,5,10.942857142857141,,,8.1,2.957142857142857,1.5,2375,Belmullet
1959,6,9.457142857142857,,,7.114285714285714,0.1285714285714285,0.0,2375,Belmullet
1959,7,15.6,,,9.942857142857141,4.271428571428571,1.3571428571428572,2375,Belmullet
1959,8,15.185714285714285,,,10.514285714285714,7.042857142857143,0.3428571428571429,2375,Belmullet
1959,9,21.685714285714283,,,11.428571428571429,7.957142857142857,2.642857142857143,2375,Belmullet
1959,10,11.542857142857143,,,9.857142857142858,3.4285714285714284,2.2142857142857144,2375,Belmullet
1959,11,14.028571428571428,,,10.87142857142857,5.328571428571428,4.6571428571428575,2375,Belmullet
1959,12,9.314285714285713,,,10.085714285714285,2.5285714285714285,0.2285714285714286,2375,Belmullet
1959,13,17.3,,,12.0,6.3,4.871428571428572,2375,Belmullet
1959,14,13.414285714285715,,,11.428571428571429,6.314285714285715,1.5,2375,Belmullet
1959,15,15.657142857142857,,,10.557142857142859,4.871428571428572,5.042857142857143,2375,Belmullet
1959,16,12.428571428571429,,,12.942857142857141,6.557142857142858,0.7571428571428571,2375,Belmullet
1959,17,10.485714285714286,,,13.014285714285716,6.685714285714285,4.085714285714286,2375,Belmullet
1959,18,12.828571428571427,,,11.114285714285714,4.228571428571429,2.2714285714285714,2375,Belmullet
1959,19,9.885714285714286,,,12.12857142857143,4.457142857142857,3.8000000000000003,2375,Belmullet
1959,20,7.242857142857143,,,18.5,9.5,0.0,2375,Belmullet
1959,21,9.285714285714286,,,16.685714285714287,8.985714285714286,0.8428571428571427,2375,Belmullet
1959,22,8.785714285714286,,,17.657142857142855,9.299999999999999,0.21428571428571427,2375,Belmullet
1959,23,17.085714285714285,,,15.0,8.514285714285714,4.457142857142857,2375,Belmullet
1959,24,11.385714285714286,,,16.728571428571428,9.842857142857143,0.8142857142857143,2375,Belmullet
1959,25,10.357142857142858,,,16.928571428571427,9.857142857142858,0.4714285714285714,2375,Belmullet
1959,26,7.6571428571428575,,,18.75714285714286,11.771428571428572,4.4714285714285715,2375,Belmullet
1959,27,15.62857142857143,,,17.571428571428573,13.057142857142859,3.1285714285714286,2375,Belmullet
1959,28,14.0,,,16.4,11.042857142857143,2.5714285714285716,2375,Belmullet
1959,29,12.0,,,16.54285714285714,12.014285714285714,3.042857142857143,2375,Belmullet
1959,30,7.3999999999999995,,,18.428571428571427,11.757142857142856,0.8714285714285713,2375,Belmullet
1959,31,9.928571428571429,,,16.557142857142857,11.957142857142857,1.7714285714285711,2375,Belmullet
1959,32,7.3999999999999995,,,17.87142857142857,11.357142857142858,0.6857142857142857,2375,Belmullet
1959,33,14.671428571428573,,,17.785714285714285,10.457142857142857,2.814285714285714,2375,Belmullet
1959,34,13.0,,,18.414285714285715,12.914285714285715,2.542857142857143,2375,Belmullet
1959,35,10.799999999999999,,,16.614285714285714,12.814285714285715,0.34285714285714286,2375,Belmullet
1959,36,6.357142857142857,,,19.62857142857143,9.271428571428572,0.6571428571428571,2375,Belmullet
1959,37,6.785714285714286,,,19.599999999999998,10.685714285714285,0.21428571428571427,2375,Belmullet
1959,38,8.571428571428571,,,17.785714285714285,10.4,0.8428571428571429,2375,Belmullet
1959,39,14.171428571428573,,,16.585714285714285,11.642857142857142,3.771428571428572,2375,Belmullet
1959,40,14.528571428571428,,,18.285714285714285,12.914285714285715,1.8571428571428572,2375,Belmullet
1959,41,14.028571428571427,,,17.114285714285714,12.357142857142858,7.214285714285714,2375,Belmullet
1959,42,11.042857142857143,,,14.528571428571428,9.142857142857142,4.171428571428571,2375,Belmullet
1959,43,19.442857142857143,,,13.671428571428573,9.114285714285714,4.757142857142857,2375,Belmullet
1959,44,17.342857142857145,,,12.828571428571427,7.214285714285714,2.6142857142857143,2375,Belmullet
1959,45,14.757142857142856,,,12.12857142857143,6.957142857142857,2.2285714285714286,2375,Belmullet
1959,46,19.542857142857144,,,9.114285714285714,3.6571428571428575,8.371428571428572,2375,Belmullet
1959,47,13.542857142857144,,,10.757142857142856,5.528571428571429,5.757142857142857,2375,Belmullet
1959,48,15.285714285714286,,,10.942857142857141,7.085714285714286,6.585714285714286,2375,Belmullet
1959,49,12.528571428571427,,,8.671428571428573,1.8285714285714287,6.028571428571429,2375,Belmullet
1959,50,11.885714285714286,,,9.114285714285714,3.814285714285714,6.628571428571429,2375,Belmullet
1959,51,17.071428571428573,,,9.071428571428571,4.385714285714285,7.242857142857143,2375,Belmullet
1959,52,16.67142857142857,,,9.114285714285714,5.542857142857143,6.357142857142857,2375,Belmullet
1959,53,17.985714285714288,,,10.985714285714286,5.8999999999999995,3.6142857142857143,2375,Belmullet
1960,1,7.6571428571428575,,,6.542857142857143,1.4285714285714286,0.042857142857142864,2375,Belmullet
1960,2,8.828571428571427,,,7.828571428571428,1.4142857142857144,1.8142857142857143,2375,Belmullet
1960,3,17.34285714285714,,,9.214285714285714,4.242857142857143,5.928571428571429,2375,Belmullet
1960,4,9.299999999999999,,,8.514285714285714,3.3714285714285714,6.442857142857143,2375,Belmullet
1960,5,12.457142857142857,,,9.771428571428572,4.071428571428571,3.485714285714286,2375,Belmullet
1960,6,10.685714285714285,,,6.485714285714286,-0.34285714285714286,1.7571428571428573,2375,Belmullet
1960,7,13.842857142857143,,,5.957142857142857,0.15714285714285717,5.1571428571428575,2375,Belmullet
1960,8,14.257142857142856,,,8.857142857142858,3.585714285714286,2.2142857142857144,2375,Belmullet
1960,9,15.985714285714284,,,11.700000000000001,6.442857142857143,2.042857142857143,2375,Belmullet
1960,10,13.928571428571429,,,8.928571428571429,3.5285714285714285,0.6571428571428571,2375,Belmullet
1960,11,11.085714285714285,,,10.942857142857141,6.042857142857143,4.128571428571428,2375,Belmullet
1960,12,13.014285714285714,,,11.37142857142857,4.6571428571428575,3.4857142857142853,2375,Belmullet
1960,13,11.971428571428572,,,10.228571428571428,2.9,0.6571428571428571,2375,Belmullet
1960,14,18.1,,,11.514285714285714,6.642857142857143,4.8428571428571425,2375,Belmullet
1960,15,17.32857142857143,,,11.385714285714286,4.8999999999999995,3.8857142857142857,2375,Belmullet
1960,16,7.5,,,13.328571428571427,6.071428571428571,0.17142857142857143,2375,Belmullet
1960,17,6.0,,,14.828571428571427,4.714285714285714,0.0,2375,Belmullet
1960,18,14.2,,,14.214285714285714,8.971428571428572,1.9857142857142858,2375,Belmullet
1960,19,12.700000000000001,,,16.2,8.928571428571429,2.0142857142857147,2375,Belmullet
1960,20,9.414285714285715,,,16.45714285714286,8.014285714285714,1.957142857142857,2375,Belmullet
1960,21,13.214285714285714,,,15.200000000000001,8.457142857142857,1.8714285714285717,2375,Belmullet
1960,22,10.885714285714286,,,16.557142857142857,9.357142857142858,2.4,2375,Belmullet
1960,23,14.142857142857142,,,15.228571428571428,9.057142857142857,8.928571428571429,2375,Belmullet
1960,24,12.585714285714285,,,16.285714285714285,10.514285714285714,1.0571428571428572,2375,Belmullet
1960,25,7.785714285714286,,,19.114285714285717,11.642857142857142,0.5857142857142856,2375,Belmullet
1960,26,11.157142857142857,,,17.085714285714285,10.728571428571428,0.4,2375,Belmullet
1960,27,12.742857142857144,,,17.02857142857143,11.857142857142858,2.8714285714285714,2375,Belmullet
1960,28,12.957142857142857,,,16.728571428571428,10.842857142857143,5.828571428571429,2375,Belmullet
1960,29,13.4,,,16.928571428571427,11.12857142857143,4.014285714285714,2375,Belmullet
1960,30,12.4,,,17.042857142857144,11.657142857142857,3.0142857142857147,2375,Belmullet
1960,31,10.028571428571428,,,17.014285714285712,10.828571428571427,0.1571428571428571,2375,Belmullet
1960,32,8.214285714285714,,,17.02857142857143,8.757142857142856,1.6428571428571428,2375,Belmullet
1960,33,9.757142857142856,,,16.757142857142856,9.742857142857144,5.257142857142857,2375,Belmullet
1960,34,12.757142857142856,,,18.0,12.185714285714285,3.628571428571429,2375,Belmullet
1960,35,9.185714285714285,,,17.02857142857143,12.12857142857143,2.142857142857143,2375,Belmullet
1960,36,13.014285714285716,,,16.97142857142857,11.514285714285714,4.314285714285714,2375,Belmullet
1960,37,12.3,,,15.328571428571427,9.914285714285715,8.67142857142857,2375,Belmullet
1960,38,10.385714285714286,,,15.442857142857141,9.485714285714286,0.8142857142857143,2375,Belmullet
1960,39,16.757142857142856,,,14.657142857142857,10.2,2.742857142857143,2375,Belmullet
1960,40,9.271428571428572,,,14.885714285714286,8.314285714285715,1.0999999999999999,2375,Belmullet
1960,41,6.914285714285714,,,12.557142857142859,6.242857142857143,1.0571428571428572,2375,Belmullet
1960,42,11.142857142857142,,,13.285714285714286,7.271428571428571,3.2285714285714286,2375,Belmullet
1960,43,6.700000000000001,,,12.0,5.7,1.4857142857142858,2375,Belmullet
1960,44,14.228571428571428,,,11.714285714285714,5.442857142857143,4.928571428571429,2375,Belmullet
1960,45,16.04285714285714,,,10.385714285714286,5.542857142857144,5.585714285714286,2375,Belmullet
1960,46,15.5,,,9.671428571428573,5.185714285714285,6.542857142857143,2375,Belmullet
1960,47,11.885714285714286,,,10.014285714285714,5.742857142857143,3.257142857142857,2375,Belmullet
1960,48,18.8,,,10.5,6.928571428571429,5.714285714285714,2375,Belmullet
1960,49,8.942857142857143,,,6.542857142857143,0.9857142857142858,3.5142857142857147,2375,Belmullet
1960,50,10.37142857142857,,,8.185714285714285,3.742857142857143,4.328571428571428,2375,Belmullet
1960,51,13.928571428571429,,,8.585714285714285,4.142857142857143,4.514285714285714,2375,Belmullet
1960,52,19.2,,,8.371428571428572,3.371428571428571,6.585714285714286,2375,Belmullet
1961,1,12.457142857142856,,,8.72857142857143,2.557142857142857,7.428571428571429,2375,Belmullet
1961,2,11.071428571428571,,,8.0,1.0857142857142856,2.5285714285714285,2375,Belmullet
1961,3,9.62857142857143,,,7.457142857142857,3.2714285714285714,6.442857142857143,2375,Belmullet
1961,4,20.914285714285715,,,8.328571428571427,3.8000000000000003,5.128571428571428,2375,Belmullet
1961,5,13.900000000000002,,,8.842857142857143,3.5714285714285716,5.3,2375,Belmullet
1961,6,21.685714285714287,,,10.285714285714286,6.528571428571429,3.4,2375,Belmullet
1961,7,20.942857142857143,,,10.785714285714286,7.6,1.0,2375,Belmullet
1961,8,16.242857142857144,,,9.857142857142858,4.685714285714285,2.557142857142857,2375,Belmullet
1961,9,17.871428571428574,,,11.057142857142859,6.628571428571429,2.0142857142857142,2375,Belmullet
1961,10,16.571428571428573,,,12.471428571428572,8.471428571428572,0.7,2375,Belmullet
1961,11,19.314285714285713,,,10.928571428571429,6.957142857142857,1.0,2375,Belmullet
1961,12,14.185714285714285,,,10.700000000000001,6.757142857142857,1.1,2375,Belmullet
1961,13,13.428571428571429,,,11.385714285714286,6.757142857142857,2.3285714285714287,2375,Belmullet
1961,14,11.785714285714286,,,10.514285714285714,3.3285714285714287,3.7428571428571433,2375,Belmullet
1961,15,9.342857142857143,,,12.828571428571427,7.557142857142857,1.6714285714285713,2375,Belmullet
1961,16,13.571428571428571,,,13.071428571428571,7.357142857142857,2.5285714285714285,2375,Belmullet
1961,17,9.714285714285714,,,13.342857142857143,6.299999999999999,4.4714285714285715,2375,Belmullet
1961,18,17.642857142857142,,,13.142857142857142,7.585714285714286,5.5,2375,Belmullet
1961,19,10.514285714285714,,,15.885714285714284,8.257142857142856,0.42857142857142855,2375,Belmullet
1961,20,9.828571428571427,,,15.471428571428572,6.785714285714286,0.0,2375,Belmullet
1961,21,10.585714285714285,,,13.057142857142859,6.285714285714286,1.2,2375,Belmullet
1961,22,12.485714285714286,,,13.928571428571429,7.314285714285715,1.2714285714285716,2375,Belmullet
1961,23,10.12857142857143,,,14.571428571428571,8.571428571428571,2.5,2375,Belmullet
1961,24,15.4,,,14.957142857142857,10.142857142857142,3.2714285714285714,2375,Belmullet
1961,25,14.285714285714286,,,15.157142857142857,10.257142857142856,2.2714285714285714,2375,Belmullet
1961,26,14.542857142857143,,,16.32857142857143,10.185714285714285,0.9,2375,Belmullet
1961,27,12.028571428571428,,,15.014285714285716,11.414285714285715,1.7714285714285716,2375,Belmullet
1961,28,13.6,,,14.471428571428572,10.428571428571429,12.7,2375,Belmullet
1961,29,7.457142857142857,,,15.5,9.414285714285713,0.2285714285714286,2375,Belmullet
1961,30,13.0,,,15.785714285714286,10.714285714285714,2.0142857142857142,2375,Belmullet
1961,31,11.657142857142857,,,16.214285714285715,10.185714285714285,5.128571428571428,2375,Belmullet
1961,32,10.971428571428572,,,16.17142857142857,8.842857142857143,2.9285714285714284,2375,Belmullet
1961,33,14.885714285714284,,,16.0,12.214285714285714,1.9285714285714286,2375,Belmullet
1961,34,16.4,,,16.385714285714286,11.142857142857142,3.6571428571428575,2375,Belmullet
1961,35,13.542857142857143,,,18.22857142857143,12.485714285714286,0.07142857142857142,2375,Belmullet
1961,36,10.671428571428573,,,15.828571428571427,11.0,2.0142857142857147,2375,Belmullet
1961,37,19.842857142857145,,,17.057142857142857,10.4,7.371428571428572,2375,Belmullet
1961,38,11.12857142857143,,,16.242857142857144,9.214285714285714,3.2142857142857144,2375,Belmullet
1961,39,16.071428571428573,,,14.171428571428573,8.971428571428572,7.1571428571428575,2375,Belmullet
1961,40,8.928571428571429,,,14.299999999999999,8.114285714285714,5.114285714285714,2375,Belmullet
1961,41,14.528571428571428,,,14.557142857142859,9.185714285714285,4.714285714285714,2375,Belmullet
1961,42,17.228571428571428,,,11.1,7.471428571428571,10.271428571428572,2375,Belmullet
1961,43,15.485714285714286,,,11.614285714285714,6.014285714285714,5.942857142857143,2375,Belmullet
1961,44,16.142857142857142,,,11.87142857142857,7.671428571428572,3.9,2375,Belmullet
1961,45,9.257142857142856,,,10.214285714285714,3.757142857142857,4.542857142857143,2375,Belmullet
1961,46,5.8428571428571425,,,9.814285714285715,5.614285714285714,0.0,2375,Belmullet
1961,47,11.971428571428572,,,8.842857142857143,4.114285714285715,4.142857142857143,2375,Belmullet
1961,48,11.385714285714286,,,8.028571428571428,2.8428571428571425,6.471428571428571,2375,Belmullet
1961,49,16.2,,,8.27142857142857,2.8714285714285714,9.428571428571429,2375,Belmullet
1961,50,15.285714285714286,,,11.200000000000001,6.8428571428571425,1.5571428571428572,2375,Belmullet
1961,51,10.014285714285714,,,5.8428571428571425,-0.5285714285714286,0.0,2375,Belmullet
1961,52,9.657142857142857,,,3.9,-2.457142857142857,2.3714285714285714,2375,Belmullet
1962,1,9.828571428571427,,,7.414285714285714,0.6714285714285714,2.7285714285714286,2375,Belmullet
1962,2,19.32857142857143,,,7.885714285714286,2.857142857142857,8.1,2375,Belmullet
1962,3,21.0,,,8.442857142857141,3.4142857142857146,7.728571428571429,2375,Belmullet
1962,4,13.37142857142857,,,9.085714285714285,4.3428571428571425,1.9,2375,Belmullet
1962,5,18.842857142857145,,,9.914285714285715,5.242857142857143,3.4857142857142853,2375,Belmullet
1962,6,20.571428571428573,,,10.228571428571428,6.028571428571429,1.9285714285714286,2375,Belmullet
1962,7,18.12857142857143,,,9.728571428571428,4.971428571428571,2.7142857142857144,2375,Belmullet
1962,8,11.428571428571429,,,8.7,2.8000000000000003,0.14285714285714285,2375,Belmullet
1962,9,11.171428571428573,,,5.8,-0.8428571428571427,1.2714285714285716,2375,Belmullet
1962,10,9.285714285714286,,,7.642857142857143,1.7428571428571427,4.8428571428571425,2375,Belmullet
1962,11,8.8,,,8.085714285714285,1.2571428571428573,2.3999999999999995,2375,Belmullet
1962,12,9.771428571428572,,,9.814285714285715,3.2142857142857144,1.5285714285714285,2375,Belmullet
1962,13,14.171428571428569,,,9.085714285714285,3.1142857142857143,4.457142857142857,2375,Belmullet
1962,14,19.214285714285715,,,9.799999999999999,3.685714285714286,7.542857142857143,2375,Belmullet
1962,15,9.485714285714286,,,11.714285714285714,4.042857142857143,1.2857142857142858,2375,Belmullet
1962,16,10.057142857142859,,,10.914285714285715,3.6999999999999997,0.24285714285714288,2375,Belmullet
1962,17,10.242857142857144,,,14.657142857142857,7.257142857142857,0.5,2375,Belmullet
1962,18,8.571428571428571,,,16.242857142857144,7.114285714285714,0.24285714285714288,2375,Belmullet
1962,19,12.12857142857143,,,14.285714285714286,8.77142857142857,1.8285714285714287,2375,Belmullet
1962,20,15.028571428571428,,,12.271428571428572,6.957142857142857,4.042857142857143,2375,Belmullet
1962,21,13.842857142857143,,,12.814285714285715,6.428571428571429,0.35714285714285715,2375,Belmullet
1962,22,7.700000000000001,,,14.071428571428571,3.9285714285714284,0.7142857142857143,2375,Belmullet
1962,23,10.328571428571427,,,17.04285714285714,8.72857142857143,1.5,2375,Belmullet
1962,24,15.828571428571427,,,15.0,9.357142857142858,2.8285714285714287,2375,Belmullet
1962,25,21.928571428571427,,,14.700000000000001,10.428571428571429,3.357142857142857,2375,Belmullet
1962,26,10.328571428571427,,,14.6,9.557142857142855,0.34285714285714286,2375,Belmullet
1962,27,10.12857142857143,,,15.657142857142857,10.87142857142857,0.1571428571428571,2375,Belmullet
1962,28,9.114285714285714,,,17.97142857142857,10.971428571428572,1.6285714285714286,2375,Belmullet
1962,29,14.700000000000001,,,17.342857142857145,10.814285714285715,2.6,2375,Belmullet
1962,30,8.257142857142856,,,16.47142857142857,10.885714285714286,1.5142857142857145,2375,Belmullet
1962,31,11.942857142857141,,,16.6,11.142857142857142,3.0285714285714285,2375,Belmullet
1962,32,14.528571428571428,,,15.742857142857144,9.642857142857142,5.671428571428572,2375,Belmullet
1962,33,11.328571428571427,,,16.842857142857145,9.742857142857144,2.042857142857143,2375,Belmullet
1962,34,18.542857142857144,,,15.914285714285715,11.728571428571428,4.242857142857143,2375,Belmullet
1962,35,9.842857142857143,,,17.071428571428573,11.200000000000001,1.5857142857142856,2375,Belmullet
1962,36,11.357142857142858,,,15.900000000000002,9.771428571428572,7.214285714285714,2375,Belmullet
1962,37,12.342857142857143,,,13.799999999999999,8.428571428571429,6.814285714285714,2375,Belmullet
1962,38,8.871428571428572,,,14.714285714285714,7.814285714285715,0.14285714285714285,2375,Belmullet
1962,39,12.928571428571429,,,13.957142857142857,7.885714285714286,3.1571428571428575,2375,Belmullet
1962,40,18.571428571428573,,,14.971428571428572,10.485714285714286,3.457142857142857,2375,Belmullet
1962,41,4.814285714285715,,,15.328571428571427,9.142857142857142,0.0,2375,Belmullet
1962,42,9.771428571428572,,,14.37142857142857,10.185714285714285,0.09999999999999999,2375,Belmullet
1962,43,16.771428571428572,,,12.342857142857143,8.1,1.7428571428571427,2375,Belmullet
1962,44,14.485714285714286,,,10.957142857142857,5.085714285714286,10.700000000000001,2375,Belmullet
1962,45,8.485714285714286,,,10.857142857142858,6.671428571428571,2.9714285714285715,2375,Belmullet
1962,46,14.714285714285714,,,9.128571428571428,4.228571428571429,4.3999999999999995,2375,Belmullet
1962,47,9.6,,,9.714285714285714,4.928571428571429,5.857142857142857,2375,Belmullet
1962,48,7.957142857142857,,,8.871428571428572,5.014285714285714,0.0,2375,Belmullet
1962,49,18.0,,,10.4,6.871428571428571,5.585714285714286,2375,Belmullet
1962,50,20.771428571428572,,,9.714285714285714,4.757142857142857,3.1285714285714286,2375,Belmullet
1962,51,15.5,,,9.928571428571429,4.8,2.814285714285714,2375,Belmullet
1962,52,9.9,,,4.985714285714286,0.11428571428571424,2.457142857142857,2375,Belmullet
1963,1,16.357142857142858,,,3.2142857142857144,1.1285714285714286,0.8142857142857143,2375,Belmullet
1963,2,11.642857142857142,,,3.1142857142857143,-2.6714285714285717,0.0,2375,Belmullet
1963,3,14.114285714285716,,,4.214285714285714,-2.8000000000000003,1.0857142857142856,2375,Belmullet
1963,4,7.328571428571428,,,4.1,-2.457142857142857,0.19999999999999998,2375,Belmullet
1963,5,10.314285714285715,,,5.6000000000000005,-0.6714285714285715,1.3,2375,Belmullet
1963,6,13.814285714285715,,,4.6571428571428575,1.0285714285714287,1.8857142857142857,2375,Belmullet
1963,7,13.200000000000001,,,5.728571428571429,0.8428571428571427,1.1714285714285713,2375,Belmullet
1963,8,10.714285714285714,,,6.1571428571428575,-1.7285714285714284,0.6571428571428573,2375,Belmullet
1963,9,20.014285714285712,,,8.114285714285714,2.4,0.35714285714285715,2375,Belmullet
1963,10,18.54285714285714,,,10.814285714285715,6.314285714285715,6.028571428571429,2375,Belmullet
1963,11,11.828571428571427,,,10.27142857142857,5.042857142857143,7.385714285714286,2375,Belmullet
1963,12,11.828571428571427,,,10.457142857142857,3.1714285714285713,2.5285714285714285,2375,Belmullet
1963,13,13.357142857142858,,,9.442857142857141,2.871428571428571,4.214285714285714,2375,Belmullet
1963,14,13.685714285714285,,,10.514285714285714,3.757142857142857,1.3571428571428572,2375,Belmullet
1963,15,14.671428571428573,,,8.742857142857144,2.9857142857142853,5.785714285714286,2375,Belmullet
1963,16,15.228571428571428,,,11.914285714285713,6.514285714285714,2.0285714285714285,2375,Belmullet
1963,17,12.9,,,12.485714285714286,8.342857142857143,0.5142857142857143,2375,Belmullet
1963,18,15.799999999999999,,,11.328571428571427,5.914285714285714,2.957142857142857,2375,Belmullet
1963,19,20.74285714285714,,,11.9,6.457142857142857,8.414285714285715,2375,Belmullet
1963,20,16.742857142857144,,,11.657142857142858,7.271428571428571,2.9285714285714284,2375,Belmullet
1963,21,11.828571428571427,,,13.314285714285715,6.3,1.6428571428571428,2375,Belmullet
1963,22,8.514285714285714,,,17.885714285714286,7.714285714285714,0.0,2375,Belmullet
1963,23,9.071428571428571,,,20.042857142857144,10.014285714285714,0.7571428571428571,2375,Belmullet
1963,24,8.614285714285714,,,18.314285714285713,9.985714285714286,0.5142857142857143,2375,Belmullet
1963,25,15.62857142857143,,,15.014285714285714,10.085714285714285,5.2,2375,Belmullet
1963,26,15.9,,,14.385714285714286,10.200000000000001,0.8428571428571429,2375,Belmullet
1963,27,8.72857142857143,,,16.942857142857143,11.285714285714286,3.1285714285714286,2375,Belmullet
1963,28,10.971428571428572,,,15.528571428571428,9.685714285714285,2.9571428571428577,2375,Belmullet
1963,29,12.957142857142857,,,16.614285714285717,9.87142857142857,2.3857142857142857,2375,Belmullet
1963,30,11.9,,,16.54285714285714,10.771428571428572,4.257142857142857,2375,Belmullet
1963,31,11.742857142857144,,,16.514285714285712,12.014285714285714,1.6142857142857143,2375,Belmullet
1963,32,12.700000000000001,,,15.814285714285715,11.142857142857142,3.3285714285714287,2375,Belmullet
1963,33,11.6,,,15.12857142857143,9.042857142857143,1.4142857142857144,2375,Belmullet
1963,34,14.485714285714286,,,16.142857142857142,10.642857142857142,3.9,2375,Belmullet
1963,35,17.54285714285714,,,14.985714285714286,10.585714285714285,5.128571428571428,2375,Belmullet
1963,36,12.414285714285715,,,14.257142857142856,9.085714285714285,5.357142857142857,2375,Belmullet
1963,37,12.828571428571427,,,14.6,8.671428571428573,0.42857142857142855,2375,Belmullet
1963,38,11.142857142857142,,,15.342857142857143,9.842857142857143,1.5714285714285714,2375,Belmullet
1963,39,19.657142857142855,,,14.6,9.414285714285715,5.142857142857143,2375,Belmullet
1963,40,14.757142857142858,,,12.671428571428573,8.685714285714285,5.071428571428571,2375,Belmullet
1963,41,18.314285714285713,,,14.028571428571428,9.585714285714285,2.414285714285714,2375,Belmullet
1963,42,20.62857142857143,,,13.914285714285715,9.028571428571428,4.428571428571429,2375,Belmullet
1963,43,15.671428571428573,,,14.185714285714285,9.485714285714286,1.8142857142857145,2375,Belmullet
1963,44,10.37142857142857,,,13.228571428571428,8.428571428571429,3.8714285714285714,2375,Belmullet
1963,45,12.042857142857144,,,11.971428571428572,5.528571428571429,5.428571428571429,2375,Belmullet
1963,46,17.757142857142856,,,9.6,4.757142857142857,5.514285714285714,2375,Belmullet
1963,47,17.7,,,11.085714285714285,6.057142857142857,10.028571428571428,2375,Belmullet
1963,48,16.714285714285715,,,9.114285714285714,4.8,3.242857142857143,2375,Belmullet
1963,49,11.685714285714285,,,7.3999999999999995,4.3,0.0,2375,Belmullet
1963,50,11.942857142857141,,,6.885714285714286,1.2714285714285716,1.3857142857142857,2375,Belmullet
1963,51,7.7,,,5.571428571428571,-0.5999999999999999,0.7285714285714285,2375,Belmullet
1963,52,24.714285714285715,,,10.028571428571428,5.785714285714286,3.942857142857143,2375,Belmullet
1964,1,19.728571428571428,,,10.828571428571427,5.514285714285714,7.514285714285714,2375,Belmullet
1964,2,13.757142857142856,,,7.942857142857143,4.185714285714286,0.05714285714285715,2375,Belmullet
1964,3,16.1,,,7.671428571428572,3.742857142857143,0.2571428571428571,2375,Belmullet
1964,4,9.128571428571428,,,8.857142857142858,3.542857142857143,0.8285714285714285,2375,Belmullet
1964,5,21.0,,,10.700000000000001,6.671428571428572,5.185714285714285,2375,Belmullet
1964,6,10.62857142857143,,,7.785714285714286,2.2714285714285714,1.0714285714285714,2375,Belmullet
1964,7,13.585714285714285,,,8.642857142857142,4.3428571428571425,0.3,2375,Belmullet
1964,8,15.485714285714286,,,6.514285714285713,2.2714285714285714,0.6142857142857142,2375,Belmullet
1964,9,18.400000000000002,,,10.585714285714285,5.771428571428571,1.8142857142857143,2375,Belmullet
1964,10,6.042857142857143,,,8.842857142857143,0.1857142857142857,0.05714285714285715,2375,Belmullet
1964,11,16.214285714285715,,,9.942857142857141,4.042857142857143,1.1142857142857143,2375,Belmullet
1964,12,13.614285714285714,,,11.171428571428573,3.642857142857143,1.9857142857142858,2375,Belmullet
1964,13,12.828571428571427,,,10.657142857142857,5.757142857142857,3.2,2375,Belmullet
1964,14,11.542857142857143,,,9.971428571428572,2.2857142857142856,0.8,2375,Belmullet
1964,15,15.214285714285714,,,11.714285714285714,6.1000000000000005,1.7857142857142858,2375,Belmullet
1964,16,15.028571428571428,,,12.085714285714285,5.571428571428571,2.7285714285714286,2375,Belmullet
1964,17,10.585714285714285,,,12.9,6.114285714285714,1.842857142857143,2375,Belmullet
1964,18,18.7,,,12.614285714285714,7.700000000000001,2.4714285714285715,2375,Belmullet
1964,19,21.857142857142858,,,12.657142857142857,7.428571428571429,5.214285714285714,2375,Belmullet
1964,20,15.12857142857143,,,14.542857142857143,8.942857142857143,2.4,2375,Belmullet
1964,21,14.828571428571431,,,14.385714285714286,8.6,2.4,2375,Belmullet
1964,22,11.328571428571427,,,18.114285714285714,10.328571428571427,0.9142857142857144,2375,Belmullet
1964,23,14.257142857142856,,,14.785714285714286,7.8428571428571425,1.5999999999999999,2375,Belmullet
1964,24,16.685714285714287,,,15.028571428571428,10.657142857142857,6.1000000000000005,2375,Belmullet
1964,25,12.028571428571428,,,14.700000000000001,8.828571428571427,0.9142857142857144,2375,Belmullet
1964,26,10.299999999999999,,,16.32857142857143,10.928571428571429,1.4857142857142858,2375,Belmullet
1964,27,11.485714285714286,,,15.928571428571429,10.671428571428573,0.7000000000000001,2375,Belmullet
1964,28,15.442857142857145,,,15.528571428571428,10.171428571428573,4.5285714285714285,2375,Belmullet
1964,29,14.5,,,17.0,12.62857142857143,3.6,2375,Belmullet
1964,30,10.471428571428572,,,16.5,11.257142857142856,1.542857142857143,2375,Belmullet
1964,31,14.757142857142856,,,16.257142857142856,12.885714285714286,0.6571428571428571,2375,Belmullet
1964,32,11.142857142857142,,,16.614285714285714,11.757142857142856,2.085714285714286,2375,Belmullet
1964,33,7.457142857142857,,,18.82857142857143,12.857142857142858,2.2857142857142856,2375,Belmullet
1964,34,15.114285714285714,,,15.842857142857143,9.828571428571427,2.042857142857143,2375,Belmullet
1964,35,11.0,,,15.985714285714286,8.72857142857143,5.6571428571428575,2375,Belmullet
1964,36,9.957142857142857,,,18.3,11.685714285714285,2.185714285714286,2375,Belmullet
1964,37,15.200000000000001,,,16.914285714285715,11.857142857142858,3.9857142857142853,2375,Belmullet
1964,38,15.299999999999999,,,15.085714285714285,8.72857142857143,5.028571428571429,2375,Belmullet
1964,39,15.914285714285715,,,16.342857142857145,11.1,9.314285714285715,2375,Belmullet
1964,40,9.242857142857144,,,16.442857142857143,7.885714285714286,2.0714285714285716,2375,Belmullet
1964,41,13.285714285714286,,,12.200000000000001,6.3999999999999995,7.785714285714286,2375,Belmullet
1964,42,13.028571428571428,,,12.385714285714286,7.071428571428571,2.7714285714285714,2375,Belmullet
1964,43,15.471428571428572,,,12.314285714285715,7.7,2.9428571428571426,2375,Belmullet
1964,44,10.5,,,13.228571428571428,9.657142857142857,1.742857142857143,2375,Belmullet
1964,45,5.6000000000000005,,,10.585714285714285,3.1857142857142855,0.0,2375,Belmullet
1964,46,18.857142857142858,,,11.857142857142858,6.471428571428572,4.857142857142857,2375,Belmullet
1964,47,15.985714285714286,,,12.62857142857143,8.871428571428572,4.928571428571429,2375,Belmullet
1964,48,19.17142857142857,,,10.6,5.671428571428572,3.1999999999999997,2375,Belmullet
1964,49,16.557142857142857,,,10.314285714285715,6.228571428571429,3.0,2375,Belmullet
1964,50,17.942857142857143,,,9.928571428571429,4.714285714285714,9.971428571428572,2375,Belmullet
1964,51,13.757142857142856,,,8.214285714285714,3.6999999999999997,3.5142857142857147,2375,Belmullet
1964,52,10.985714285714286,,,6.628571428571428,1.8,2.971428571428571,2375,Belmullet
1964,53,16.885714285714286,,,7.8428571428571425,1.9714285714285713,4.057142857142857,2375,Belmullet
1965,1,18.785714285714285,,,9.671428571428573,5.914285714285714,8.299999999999999,2375,Belmullet
1965,2,26.7,,,8.485714285714286,3.142857142857143,9.528571428571428,2375,Belmullet
1965,3,13.814285714285715,,,6.828571428571428,1.4000000000000001,4.6000000000000005,2375,Belmullet
1965,4,8.857142857142858,,,4.685714285714285,-2.0571428571428574,0.0,2375,Belmullet
1965,5,6.3428571428571425,,,7.257142857142857,-0.5142857142857142,0.0,2375,Belmullet
1965,6,10.442857142857141,,,8.614285714285714,2.742857142857143,1.2428571428571427,2375,Belmullet
1965,7,7.3428571428571425,,,8.214285714285714,3.257142857142857,0.04285714285714286,2375,Belmullet
1965,8,7.385714285714286,,,7.814285714285715,0.42857142857142866,1.2714285714285711,2375,Belmullet
1965,9,13.414285714285715,,,6.585714285714286,0.4428571428571428,2.757142857142857,2375,Belmullet
1965,10,14.114285714285714,,,9.585714285714285,5.028571428571429,2.6571428571428575,2375,Belmullet
1965,11,14.928571428571429,,,9.057142857142857,3.742857142857143,2.4285714285714284,2375,Belmullet
1965,12,17.32857142857143,,,9.971428571428572,5.385714285714286,4.257142857142857,2375,Belmullet
1965,13,15.171428571428573,,,14.485714285714286,6.442857142857143,0.6428571428571429,2375,Belmullet
1965,14,13.700000000000001,,,11.37142857142857,3.9428571428571426,3.557142857142857,2375,Belmullet
1965,15,17.271428571428572,,,11.242857142857144,6.1571428571428575,3.4857142857142853,2375,Belmullet
1965,16,11.685714285714285,,,11.014285714285714,5.042857142857143,3.3000000000000003,2375,Belmullet
1965,17,13.428571428571429,,,11.757142857142856,6.5,1.757142857142857,2375,Belmullet
1965,18,14.885714285714286,,,12.957142857142857,7.528571428571429,3.9714285714285715,2375,Belmullet
1965,19,11.1,,,16.071428571428573,10.0,0.5714285714285714,2375,Belmullet
1965,20,14.957142857142857,,,12.37142857142857,6.742857142857143,2.7714285714285714,2375,Belmullet
1965,21,11.071428571428571,,,13.885714285714286,8.142857142857142,0.5857142857142856,2375,Belmullet
1965,22,10.457142857142857,,,14.214285714285714,7.414285714285714,1.4000000000000001,2375,Belmullet
1965,23,9.842857142857143,,,16.214285714285715,9.671428571428573,1.5714285714285714,2375,Belmullet
1965,24,15.614285714285714,,,15.742857142857144,11.214285714285714,5.8,2375,Belmullet
1965,25,16.257142857142856,,,15.028571428571428,9.814285714285715,6.928571428571429,2375,Belmullet
1965,26,9.142857142857142,,,15.428571428571429,9.0,0.014285714285714287,2375,Belmullet
1965,27,10.357142857142858,,,15.814285714285715,9.685714285714285,1.0142857142857142,2375,Belmullet
1965,28,10.428571428571429,,,17.5,10.142857142857142,1.1142857142857143,2375,Belmullet
1965,29,8.842857142857143,,,17.17142857142857,9.728571428571428,0.8428571428571427,2375,Belmullet
1965,30,12.914285714285715,,,15.4,10.585714285714285,2.2285714285714286,2375,Belmullet
1965,31,12.728571428571428,,,16.214285714285715,9.771428571428572,5.8428571428571425,2375,Belmullet
1965,32,9.857142857142858,,,18.414285714285715,12.414285714285715,1.8714285714285714,2375,Belmullet
1965,33,17.12857142857143,,,16.342857142857145,11.728571428571428,3.8857142857142857,2375,Belmullet
1965,34,14.385714285714286,,,15.571428571428571,9.757142857142856,2.9714285714285715,2375,Belmullet
1965,35,12.12857142857143,,,14.62857142857143,9.571428571428571,1.657142857142857,2375,Belmullet
1965,36,11.5,,,13.142857142857142,7.571428571428571,2.942857142857143,2375,Belmullet
1965,37,13.771428571428572,,,14.671428571428573,10.285714285714286,4.4,2375,Belmullet
1965,38,14.114285714285714,,,13.814285714285715,9.057142857142857,4.7,2375,Belmullet
1965,39,11.485714285714286,,,13.657142857142857,9.1,0.7428571428571429,2375,Belmullet
1965,40,7.171428571428572,,,15.585714285714285,9.171428571428573,1.0142857142857142,2375,Belmullet
1965,41,10.385714285714286,,,13.885714285714286,7.128571428571428,1.842857142857143,2375,Belmullet
1965,42,11.742857142857144,,,14.071428571428571,7.8999999999999995,0.7857142857142857,2375,Belmullet
1965,43,21.814285714285717,,,13.571428571428571,8.9,9.257142857142856,2375,Belmullet
1965,44,15.114285714285716,,,10.971428571428572,6.371428571428572,2.3285714285714287,2375,Belmullet
1965,45,10.799999999999999,,,10.028571428571428,4.242857142857143,1.5285714285714287,2375,Belmullet
1965,46,15.828571428571427,,,6.514285714285714,2.0714285714285716,3.9571428571428577,2375,Belmullet
1965,47,11.942857142857141,,,6.942857142857143,1.3000000000000003,9.271428571428572,2375,Belmullet
1965,48,18.7,,,8.3,3.142857142857143,5.457142857142857,2375,Belmullet
1965,49,16.842857142857145,,,9.114285714285714,5.085714285714286,6.8,2375,Belmullet
1965,50,16.914285714285715,,,10.071428571428571,5.642857142857143,3.4857142857142853,2375,Belmullet
1965,51,8.757142857142856,,,8.1,2.457142857142857,1.4285714285714286,2375,Belmullet
1965,52,17.0,,,8.342857142857143,3.357142857142857,5.014285714285713,2375,Belmullet
1966,1,18.242857142857144,,,10.385714285714286,6.642857142857143,3.271428571428572,2375,Belmullet
1966,2,12.042857142857143,,,4.585714285714286,-0.11428571428571425,0.6,2375,Belmullet
1966,3,9.057142857142859,,,3.1999999999999997,-2.3428571428571425,0.0,2375,Belmullet
1966,4,16.385714285714286,,,9.114285714285714,4.728571428571429,5.471428571428571,2375,Belmullet
1966,5,17.614285714285714,,,11.12857142857143,6.614285714285714,3.814285714285714,2375,Belmullet
1966,6,12.971428571428572,,,7.428571428571429,3.442857142857143,2.557142857142857,2375,Belmullet
1966,7,18.442857142857143,,,6.671428571428572,2.914285714285714,3.0285714285714285,2375,Belmullet
1966,8,20.12857142857143,,,9.814285714285715,4.942857142857143,6.914285714285714,2375,Belmullet
1966,9,19.342857142857145,,,10.685714285714285,7.371428571428572,4.385714285714286,2375,Belmullet
1966,10,16.057142857142857,,,10.37142857142857,5.471428571428571,2.5285714285714285,2375,Belmullet
1966,11,12.885714285714286,,,11.142857142857142,5.785714285714286,0.4142857142857143,2375,Belmullet
1966,12,20.714285714285715,,,9.171428571428573,3.857142857142857,4.414285714285714,2375,Belmullet
1966,13,13.228571428571428,,,9.842857142857143,3.5142857142857147,1.9714285714285715,2375,Belmullet
1966,14,13.9,,,11.042857142857143,6.685714285714285,3.1999999999999997,2375,Belmullet
1966,15,20.7,,,6.971428571428571,3.185714285714286,1.3714285714285714,2375,Belmullet
1966,16,15.299999999999999,,,10.328571428571427,4.671428571428572,4.271428571428571,2375,Belmullet
1966,17,19.24285714285714,,,12.428571428571429,8.285714285714286,3.585714285714286,2375,Belmullet
1966,18,13.928571428571429,,,11.971428571428572,5.385714285714286,4.257142857142857,2375,Belmullet
1966,19,16.4,,,12.528571428571428,6.8428571428571425,2.6,2375,Belmullet
1966,20,18.714285714285715,,,12.442857142857141,8.185714285714285,4.8999999999999995,2375,Belmullet
1966,21,12.9,,,15.342857142857143,9.185714285714285,1.6285714285714286,2375,Belmullet
1966,22,10.685714285714285,,,16.271428571428572,9.571428571428571,2.3285714285714287,2375,Belmullet
1966,23,10.642857142857142,,,16.314285714285713,10.957142857142857,2.8714285714285714,2375,Belmullet
1966,24,11.200000000000001,,,16.985714285714284,12.1,2.9285714285714284,2375,Belmullet
1966,25,10.6,,,16.571428571428573,10.9,4.428571428571429,2375,Belmullet
1966,26,11.385714285714286,,,16.657142857142855,10.457142857142857,0.9571428571428571,2375,Belmullet
1966,27,11.328571428571427,,,16.685714285714287,11.77142857142857,2.742857142857143,2375,Belmullet
1966,28,14.228571428571428,,,16.414285714285715,11.142857142857142,1.5714285714285714,2375,Belmullet
1966,29,11.485714285714286,,,16.52857142857143,11.814285714285715,1.7571428571428573,2375,Belmullet
1966,30,12.87142857142857,,,15.5,10.457142857142857,3.914285714285714,2375,Belmullet
1966,31,8.314285714285715,,,16.457142857142856,8.557142857142857,2.8428571428571425,2375,Belmullet
1966,32,12.057142857142859,,,16.785714285714285,10.742857142857144,4.357142857142857,2375,Belmullet
1966,33,12.285714285714286,,,16.95714285714286,12.042857142857143,2.7285714285714286,2375,Belmullet
1966,34,10.62857142857143,,,18.057142857142857,10.328571428571427,0.09999999999999999,2375,Belmullet
1966,35,14.114285714285714,,,17.414285714285715,12.242857142857144,7.4,2375,Belmullet
1966,36,15.842857142857143,,,16.52857142857143,11.342857142857143,4.371428571428572,2375,Belmullet
1966,37,15.200000000000001,,,15.942857142857141,10.328571428571427,1.9,2375,Belmullet
1966,38,6.614285714285714,,,17.057142857142857,8.985714285714286,0.0,2375,Belmullet
1966,39,6.714285714285714,,,16.45714285714286,9.471428571428572,1.457142857142857,2375,Belmullet
1966,40,13.442857142857141,,,13.12857142857143,6.8428571428571425,2.1857142857142855,2375,Belmullet
1966,41,11.371428571428572,,,13.514285714285714,6.814285714285715,3.3857142857142857,2375,Belmullet
1966,42,10.585714285714285,,,12.514285714285714,6.371428571428572,3.314285714285714,2375,Belmullet
1966,43,11.457142857142856,,,11.571428571428571,6.142857142857143,1.3142857142857143,2375,Belmullet
1966,44,17.45714285714286,,,9.385714285714286,5.128571428571428,6.685714285714286,2375,Belmullet
1966,45,12.157142857142857,,,10.585714285714285,5.628571428571428,5.728571428571429,2375,Belmullet
1966,46,17.0,,,9.085714285714285,3.442857142857143,1.9571428571428573,2375,Belmullet
1966,47,13.685714285714285,,,9.5,5.442857142857143,2.457142857142857,2375,Belmullet
1966,48,23.342857142857145,,,7.885714285714286,3.3428571428571425,7.942857142857142,2375,Belmullet
1966,49,20.285714285714285,,,10.671428571428573,5.742857142857143,6.1571428571428575,2375,Belmullet
1966,50,19.87142857142857,,,10.428571428571429,6.028571428571429,7.942857142857143,2375,Belmullet
1966,51,16.47142857142857,,,9.657142857142857,6.185714285714285,3.2142857142857144,2375,Belmullet
1966,52,14.357142857142858,,,8.8,4.7,5.3428571428571425,2375,Belmullet
1967,1,6.814285714285715,,,6.671428571428572,1.2571428571428573,2.257142857142857,2375,Belmullet
1967,2,12.0,,,8.871428571428572,5.614285714285714,0.4714285714285715,2375,Belmullet
1967,3,14.457142857142857,,,8.585714285714285,4.3428571428571425,2.2142857142857144,2375,Belmullet
1967,4,18.928571428571427,,,9.87142857142857,5.5,7.9,2375,Belmullet
1967,5,19.357142857142858,,,10.585714285714285,7.8,1.8,2375,Belmullet
1967,6,11.457142857142857,,,8.571428571428571,3.6142857142857143,1.457142857142857,2375,Belmullet
1967,7,18.1,,,7.385714285714286,1.9571428571428573,5.542857142857143,2375,Belmullet
1967,8,18.728571428571428,,,8.314285714285715,4.1,4.014285714285714,2375,Belmullet
1967,9,25.37142857142857,,,10.1,5.6571428571428575,5.514285714285714,2375,Belmullet
1967,10,20.62857142857143,,,8.971428571428572,4.042857142857143,4.8,2375,Belmullet
1967,11,21.285714285714285,,,10.085714285714285,6.128571428571428,1.042857142857143,2375,Belmullet
1967,12,19.957142857142856,,,10.428571428571429,5.371428571428572,2.814285714285714,2375,Belmullet
1967,13,14.799999999999999,,,8.857142857142858,2.157142857142857,3.3857142857142857,2375,Belmullet
1967,14,17.557142857142857,,,10.742857142857144,5.828571428571429,0.2714285714285714,2375,Belmullet
1967,15,9.2,,,11.671428571428573,4.5285714285714285,0.18571428571428572,2375,Belmullet
1967,16,14.37142857142857,,,11.799999999999999,5.3,2.8285714285714287,2375,Belmullet
1967,17,11.314285714285715,,,12.657142857142857,5.728571428571429,2.057142857142857,2375,Belmullet
1967,18,15.085714285714285,,,10.671428571428573,3.814285714285714,4.871428571428572,2375,Belmullet
1967,19,11.157142857142857,,,13.157142857142857,5.8,0.0,2375,Belmullet
1967,20,18.02857142857143,,,11.985714285714286,6.128571428571428,4.671428571428572,2375,Belmullet
1967,21,13.085714285714287,,,13.042857142857143,7.085714285714286,1.4,2375,Belmullet
1967,22,11.428571428571429,,,15.114285714285714,8.942857142857143,2.3857142857142857,2375,Belmullet
1967,23,10.585714285714285,,,14.5,8.357142857142858,0.7000000000000001,2375,Belmullet
1967,24,7.142857142857143,,,17.685714285714287,9.771428571428572,0.04285714285714286,2375,Belmullet
1967,25,13.328571428571427,,,15.885714285714286,9.585714285714285,5.142857142857143,2375,Belmullet
1967,26,15.057142857142859,,,15.342857142857143,10.042857142857143,0.5999999999999999,2375,Belmullet
1967,27,15.485714285714286,,,15.571428571428571,10.6,1.7428571428571427,2375,Belmullet
1967,28,10.62857142857143,,,17.9,13.271428571428572,6.457142857142857,2375,Belmullet
1967,29,11.214285714285714,,,16.614285714285714,10.042857142857143,1.0,2375,Belmullet
1967,30,15.728571428571428,,,16.142857142857142,10.728571428571428,1.6428571428571428,2375,Belmullet
1967,31,14.528571428571428,,,15.828571428571431,8.785714285714286,2.9285714285714284,2375,Belmullet
1967,32,11.728571428571428,,,17.057142857142857,11.614285714285714,2.442857142857143,2375,Belmullet
1967,33,10.157142857142857,,,16.642857142857142,9.257142857142856,7.785714285714286,2375,Belmullet
1967,34,8.62857142857143,,,18.571428571428573,12.142857142857142,1.442857142857143,2375,Belmullet
1967,35,15.87142857142857,,,16.071428571428573,10.928571428571429,4.614285714285714,2375,Belmullet
1967,36,14.142857142857142,,,14.9,9.785714285714286,3.957142857142857,2375,Belmullet
1967,37,9.171428571428573,,,15.12857142857143,10.228571428571428,2.185714285714286,2375,Belmullet
1967,38,13.642857142857142,,,15.385714285714286,9.071428571428571,2.0142857142857142,2375,Belmullet
1967,39,20.185714285714287,,,14.471428571428572,10.671428571428573,6.728571428571429,2375,Belmullet
1967,40,20.02857142857143,,,14.0,9.571428571428571,5.285714285714286,2375,Belmullet
1967,41,19.714285714285715,,,12.942857142857141,7.1571428571428575,7.785714285714286,2375,Belmullet
1967,42,17.65714285714286,,,11.671428571428573,5.7,4.214285714285714,2375,Belmullet
1967,43,20.842857142857145,,,11.742857142857144,6.3428571428571425,4.614285714285714,2375,Belmullet
1967,44,15.700000000000001,,,9.471428571428572,3.585714285714286,6.028571428571429,2375,Belmullet
1967,45,16.4,,,10.6,4.728571428571429,2.1,2375,Belmullet
1967,46,13.828571428571427,,,9.557142857142859,3.5714285714285716,2.9857142857142853,2375,Belmullet
1967,47,9.828571428571427,,,9.385714285714286,5.628571428571428,1.6714285714285713,2375,Belmullet
1967,48,14.6,,,10.942857142857141,7.642857142857143,3.757142857142857,2375,Belmullet
1967,49,18.457142857142856,,,7.742857142857143,3.0,2.542857142857143,2375,Belmullet
1967,50,11.142857142857142,,,8.757142857142858,4.728571428571429,1.0,2375,Belmullet
1967,51,17.314285714285713,,,10.314285714285715,6.242857142857143,4.3999999999999995,2375,Belmullet
1967,52,17.7,,,9.37142857142857,4.5285714285714285,3.5714285714285716,2375,Belmullet
1968,1,12.700000000000001,,,8.357142857142858,2.5142857142857147,2.914285714285714,2375,Belmullet
1968,2,12.900000000000002,,,9.257142857142856,2.142857142857143,5.142857142857143,2375,Belmullet
1968,3,16.071428571428573,,,10.071428571428571,6.885714285714286,4.142857142857143,2375,Belmullet
1968,4,13.428571428571429,,,8.957142857142857,5.8,1.1428571428571428,2375,Belmullet
1968,5,18.52857142857143,,,8.6,2.7857142857142856,9.700000000000001,2375,Belmullet
1968,6,9.885714285714286,,,5.714285714285714,-0.07142857142857142,2.5142857142857147,2375,Belmullet
1968,7,7.142857142857143,,,7.942857142857143,1.7714285714285716,0.2857142857142857,2375,Belmullet
1968,8,7.385714285714286,,,7.614285714285714,-1.5714285714285714,0.4428571428571429,2375,Belmullet
1968,9,9.571428571428571,,,8.62857142857143,0.7428571428571428,1.5142857142857142,2375,Belmullet
1968,10,12.12857142857143,,,10.471428571428572,5.928571428571429,0.32857142857142857,2375,Belmullet
1968,11,19.514285714285712,,,9.742857142857144,3.8285714285714287,3.814285714285714,2375,Belmullet
1968,12,17.442857142857143,,,8.642857142857142,2.257142857142857,5.628571428571428,2375,Belmullet
1968,13,20.885714285714283,,,10.828571428571427,6.3999999999999995,4.671428571428572,2375,Belmullet
1968,14,14.171428571428573,,,8.628571428571428,0.1571428571428571,4.128571428571428,2375,Belmullet
1968,15,10.642857142857142,,,12.242857142857144,2.442857142857143,0.014285714285714287,2375,Belmullet
1968,16,14.071428571428571,,,13.028571428571428,6.3,1.2714285714285716,2375,Belmullet
1968,17,12.457142857142857,,,12.799999999999999,6.6571428571428575,1.7857142857142858,2375,Belmullet
1968,18,13.685714285714285,,,11.385714285714286,5.128571428571428,3.5714285714285716,2375,Belmullet
1968,19,16.52857142857143,,,10.200000000000001,3.5,2.7,2375,Belmullet
1968,20,10.614285714285714,,,12.471428571428572,5.142857142857143,0.7285714285714285,2375,Belmullet
1968,21,9.185714285714285,,,13.685714285714285,5.928571428571429,0.42857142857142855,2375,Belmullet
1968,22,11.514285714285714,,,15.700000000000001,8.257142857142856,0.8571428571428571,2375,Belmullet
1968,23,13.114285714285714,,,14.6,8.442857142857143,2.242857142857143,2375,Belmullet
1968,24,7.8,,,19.228571428571428,9.857142857142858,0.0,2375,Belmullet
1968,25,13.814285714285715,,,15.185714285714287,9.9,2.7857142857142856,2375,Belmullet
1968,26,14.714285714285714,,,16.142857142857142,9.228571428571428,3.3000000000000003,2375,Belmullet
1968,27,11.657142857142857,,,15.542857142857143,8.957142857142857,0.4714285714285714,2375,Belmullet
1968,28,11.228571428571428,,,15.700000000000001,7.857142857142857,0.8571428571428571,2375,Belmullet
1968,29,8.9,,,16.857142857142858,10.342857142857143,3.885714285714286,2375,Belmullet
1968,30,7.142857142857143,,,18.75714285714286,9.414285714285715,0.04285714285714286,2375,Belmullet
1968,31,6.8999999999999995,,,19.32857142857143,10.142857142857142,0.2857142857142857,2375,Belmullet
1968,32,9.157142857142857,,,19.414285714285715,10.114285714285714,0.028571428571428574,2375,Belmullet
1968,33,10.714285714285714,,,17.6,10.9,3.3000000000000003,2375,Belmullet
1968,34,14.114285714285714,,,18.857142857142858,12.028571428571428,5.371428571428572,2375,Belmullet
1968,35,11.157142857142857,,,16.785714285714285,10.228571428571428,1.657142857142857,2375,Belmullet
1968,36,11.342857142857143,,,17.871428571428574,9.928571428571429,1.5142857142857142,2375,Belmullet
1968,37,12.185714285714285,,,17.82857142857143,10.557142857142859,3.8,2375,Belmullet
1968,38,10.957142857142857,,,16.457142857142856,9.685714285714285,5.514285714285713,2375,Belmullet
1968,39,17.67142857142857,,,14.857142857142858,9.757142857142856,3.9714285714285715,2375,Belmullet
1968,40,12.528571428571428,,,15.771428571428572,11.614285714285714,4.614285714285714,2375,Belmullet
1968,41,19.900000000000002,,,15.114285714285714,10.1,6.014285714285714,2375,Belmullet
1968,42,18.2,,,13.914285714285715,9.5,5.014285714285714,2375,Belmullet
1968,43,9.071428571428571,,,15.614285714285714,10.285714285714286,1.4,2375,Belmullet
1968,44,18.75714285714286,,,11.271428571428572,6.242857142857143,13.585714285714285,2375,Belmullet
1968,45,15.957142857142857,,,9.457142857142857,5.1571428571428575,2.5,2375,Belmullet
1968,46,14.942857142857141,,,10.185714285714285,5.928571428571429,1.1142857142857143,2375,Belmullet
1968,47,15.028571428571428,,,11.171428571428573,5.885714285714286,1.6714285714285713,2375,Belmullet
1968,48,14.571428571428571,,,10.214285714285714,4.814285714285714,2.4,2375,Belmullet
1968,49,10.514285714285714,,,9.8,4.128571428571428,0.4428571428571429,2375,Belmullet
1968,50,11.328571428571427,,,8.2,2.6,5.771428571428572,2375,Belmullet
1968,51,16.142857142857142,,,8.014285714285714,1.3428571428571427,4.0,2375,Belmullet
1968,52,12.357142857142858,,,7.585714285714286,2.3428571428571425,4.214285714285714,2375,Belmullet
1969,1,10.471428571428572,,,8.5,2.8428571428571425,1.8,2375,Belmullet
1969,2,12.271428571428572,,,6.3999999999999995,1.8571428571428572,5.314285714285715,2375,Belmullet
1969,3,13.842857142857143,,,6.742857142857143,2.3428571428571425,4.685714285714285,2375,Belmullet
1969,4,15.414285714285715,,,10.728571428571428,5.942857142857143,3.2714285714285714,2375,Belmullet
1969,5,15.6,,,7.8999999999999995,2.4142857142857146,5.671428571428572,2375,Belmullet
1969,6,17.185714285714287,,,6.714285714285714,1.3714285714285714,4.328571428571428,2375,Belmullet
1969,7,12.642857142857142,,,5.957142857142857,-1.2571428571428573,4.514285714285714,2375,Belmullet
1969,8,16.714285714285715,,,4.757142857142857,-0.11428571428571425,1.1142857142857143,2375,Belmullet
1969,9,6.314285714285714,,,7.571428571428571,0.3999999999999999,0.0,2375,Belmullet
1969,10,7.771428571428571,,,9.62857142857143,0.24285714285714274,0.014285714285714287,2375,Belmullet
1969,11,13.928571428571429,,,7.528571428571429,2.957142857142857,0.7285714285714285,2375,Belmullet
1969,12,13.057142857142859,,,8.957142857142857,2.4,1.3571428571428572,2375,Belmullet
1969,13,8.414285714285715,,,10.114285714285714,2.6714285714285713,2.814285714285714,2375,Belmullet
1969,14,9.528571428571428,,,12.314285714285715,2.414285714285714,1.2142857142857142,2375,Belmullet
1969,15,14.657142857142857,,,12.057142857142859,5.1571428571428575,3.2857142857142856,2375,Belmullet
1969,16,10.285714285714286,,,11.571428571428571,5.885714285714286,2.357142857142857,2375,Belmullet
1969,17,14.728571428571428,,,10.685714285714285,4.928571428571429,1.3285714285714287,2375,Belmullet
1969,18,6.928571428571429,,,11.428571428571429,4.057142857142858,0.6714285714285714,2375,Belmullet
1969,19,10.071428571428571,,,13.428571428571429,7.271428571428571,2.8000000000000003,2375,Belmullet
1969,20,11.257142857142856,,,13.37142857142857,6.757142857142857,0.3857142857142857,2375,Belmullet
1969,21,8.342857142857143,,,15.214285714285714,8.114285714285714,0.8714285714285716,2375,Belmullet
1969,22,9.257142857142856,,,14.357142857142858,6.485714285714286,1.3857142857142857,2375,Belmullet
1969,23,10.328571428571427,,,15.87142857142857,8.114285714285714,1.5142857142857145,2375,Belmullet
1969,24,7.285714285714286,,,19.714285714285715,9.414285714285715,1.2142857142857142,2375,Belmullet
1969,25,12.642857142857142,,,15.128571428571428,8.557142857142857,5.371428571428572,2375,Belmullet
1969,26,13.928571428571429,,,15.6,9.742857142857144,2.157142857142857,2375,Belmullet
1969,27,15.014285714285714,,,15.228571428571428,10.62857142857143,2.1571428571428575,2375,Belmullet
1969,28,12.971428571428572,,,16.2,11.071428571428571,0.2857142857142857,2375,Belmullet
1969,29,14.700000000000001,,,17.842857142857145,12.114285714285714,1.3142857142857145,2375,Belmullet
1969,30,14.4,,,17.4,11.200000000000001,1.8000000000000003,2375,Belmullet
1969,31,11.9,,,17.571428571428573,10.414285714285715,0.7571428571428571,2375,Belmullet
1969,32,14.799999999999999,,,18.214285714285715,13.057142857142859,3.4857142857142853,2375,Belmullet
1969,33,9.271428571428572,,,17.3,11.142857142857142,0.2857142857142857,2375,Belmullet
1969,34,14.62857142857143,,,16.242857142857144,11.514285714285714,3.8000000000000003,2375,Belmullet
1969,35,10.257142857142856,,,16.17142857142857,12.4,0.5428571428571428,2375,Belmullet
1969,36,6.857142857142857,,,16.314285714285713,10.057142857142859,0.15714285714285717,2375,Belmullet
1969,37,9.457142857142857,,,16.17142857142857,8.814285714285715,2.6999999999999997,2375,Belmullet
1969,38,10.414285714285715,,,17.45714285714286,11.342857142857143,2.6142857142857143,2375,Belmullet
1969,39,19.142857142857142,,,15.442857142857141,10.057142857142859,2.6999999999999997,2375,Belmullet
1969,40,15.528571428571428,,,14.842857142857143,8.571428571428571,2.057142857142857,2375,Belmullet
1969,41,14.385714285714286,,,17.442857142857143,10.457142857142857,3.9,2375,Belmullet
1969,42,18.2,,,15.757142857142856,12.428571428571429,6.1000000000000005,2375,Belmullet
1969,43,13.757142857142856,,,14.771428571428572,9.485714285714284,4.1571428571428575,2375,Belmullet
1969,44,16.342857142857145,,,13.471428571428572,9.657142857142857,2.242857142857143,2375,Belmullet
1969,45,15.314285714285715,,,9.971428571428572,4.0285714285714285,6.214285714285714,2375,Belmullet
1969,46,11.900000000000002,,,7.799999999999999,2.085714285714286,4.114285714285715,2375,Belmullet
1969,47,16.842857142857145,,,8.9,3.742857142857143,9.228571428571428,2375,Belmullet
1969,48,13.700000000000001,,,8.628571428571428,3.814285714285714,2.4714285714285715,2375,Belmullet
1969,49,14.214285714285714,,,10.357142857142858,6.385714285714286,4.714285714285714,2375,Belmullet
1969,50,14.0,,,9.571428571428571,4.8,4.771428571428571,2375,Belmullet
1969,51,14.271428571428572,,,8.871428571428572,4.057142857142857,6.028571428571429,2375,Belmullet
1969,52,12.357142857142858,,,8.642857142857142,4.214285714285714,3.057142857142857,2375,Belmullet
1970,1,10.700000000000001,,,5.514285714285714,1.2,1.3571428571428572,2375,Belmullet
1970,2,9.5,,,6.214285714285714,1.157142857142857,1.5857142857142856,2375,Belmullet
1970,3,11.485714285714286,,,9.342857142857143,2.2285714285714286,1.9999999999999998,2375,Belmullet
1970,4,17.67142857142857,,,10.12857142857143,5.8,3.8999999999999995,2375,Belmullet
1970,5,13.757142857142856,,,9.1,4.214285714285714,5.185714285714285,2375,Belmullet
1970,6,15.928571428571429,,,7.257142857142857,1.3857142857142857,4.914285714285714,2375,Belmullet
1970,7,11.442857142857141,,,6.2,0.29999999999999993,3.742857142857143,2375,Belmullet
1970,8,17.67142857142857,,,9.157142857142857,3.3857142857142857,9.4,2375,Belmullet
1970,9,13.071428571428571,,,8.22857142857143,1.6142857142857143,2.1,2375,Belmullet
1970,10,15.657142857142857,,,7.3428571428571425,1.7714285714285716,3.257142857142857,2375,Belmullet
1970,11,13.571428571428571,,,8.842857142857143,1.8571428571428572,2.8428571428571425,2375,Belmullet
1970,12,16.585714285714285,,,10.285714285714286,5.057142857142857,1.8857142857142857,2375,Belmullet
1970,13,13.085714285714285,,,9.971428571428572,3.1714285714285713,0.9571428571428572,2375,Belmullet
1970,14,14.328571428571427,,,9.057142857142859,3.3285714285714287,3.8857142857142857,2375,Belmullet
1970,15,11.471428571428572,,,8.828571428571427,1.1857142857142857,1.6714285714285713,2375,Belmullet
1970,16,15.171428571428573,,,11.085714285714285,5.914285714285714,3.0142857142857147,2375,Belmullet
1970,17,15.271428571428572,,,11.057142857142859,5.685714285714285,3.7142857142857144,2375,Belmullet
1970,18,16.22857142857143,,,11.828571428571427,7.8999999999999995,1.5714285714285714,2375,Belmullet
1970,19,10.214285714285714,,,13.785714285714286,7.385714285714285,1.457142857142857,2375,Belmullet
1970,20,9.771428571428572,,,14.285714285714286,7.028571428571429,0.19999999999999998,2375,Belmullet
1970,21,17.04285714285714,,,13.514285714285714,8.77142857142857,1.5142857142857142,2375,Belmullet
1970,22,14.757142857142856,,,14.242857142857144,8.842857142857143,0.21428571428571427,2375,Belmullet
1970,23,9.857142857142858,,,20.37142857142857,9.985714285714286,0.08571428571428572,2375,Belmullet
1970,24,6.371428571428572,,,20.0,12.799999999999999,0.042857142857142864,2375,Belmullet
1970,25,11.342857142857143,,,17.185714285714287,10.12857142857143,3.7142857142857144,2375,Belmullet
1970,26,14.299999999999999,,,15.557142857142855,10.885714285714286,6.1571428571428575,2375,Belmullet
1970,27,16.3,,,15.414285714285715,10.12857142857143,1.7428571428571427,2375,Belmullet
1970,28,16.814285714285713,,,15.314285714285715,10.614285714285714,3.7285714285714286,2375,Belmullet
1970,29,13.171428571428573,,,15.342857142857142,10.671428571428573,1.1857142857142857,2375,Belmullet
1970,30,10.5,,,15.314285714285715,8.971428571428572,2.0714285714285716,2375,Belmullet
1970,31,12.871428571428572,,,17.0,12.37142857142857,2.0714285714285716,2375,Belmullet
1970,32,9.357142857142858,,,18.2,11.971428571428572,1.0285714285714285,2375,Belmullet
1970,33,13.071428571428571,,,15.9,9.542857142857143,6.257142857142857,2375,Belmullet
1970,34,9.485714285714286,,,15.200000000000001,9.357142857142858,0.5142857142857142,2375,Belmullet
1970,35,6.785714285714286,,,18.74285714285714,10.814285714285715,0.41428571428571426,2375,Belmullet
1970,36,15.157142857142857,,,16.357142857142858,11.457142857142857,6.771428571428572,2375,Belmullet
1970,37,14.857142857142858,,,14.028571428571428,9.685714285714285,10.457142857142857,2375,Belmullet
1970,38,12.171428571428573,,,15.37142857142857,9.200000000000001,7.485714285714286,2375,Belmullet
1970,39,13.057142857142859,,,17.271428571428572,12.6,1.0285714285714287,2375,Belmullet
1970,40,20.02857142857143,,,14.757142857142856,10.142857142857142,4.1,2375,Belmullet
1970,41,14.314285714285715,,,13.200000000000001,8.328571428571427,2.357142857142857,2375,Belmullet
1970,42,12.0,,,15.171428571428573,11.228571428571428,2.3428571428571425,2375,Belmullet
1970,43,16.02857142857143,,,11.228571428571428,7.742857142857143,6.885714285714286,2375,Belmullet
1970,44,16.557142857142857,,,13.342857142857143,8.642857142857142,7.6000000000000005,2375,Belmullet
1970,45,17.557142857142857,,,11.857142857142858,7.371428571428572,5.642857142857143,2375,Belmullet
1970,46,14.814285714285715,,,9.657142857142857,4.714285714285714,6.014285714285713,2375,Belmullet
1970,47,10.985714285714286,,,8.628571428571428,4.1571428571428575,2.814285714285714,2375,Belmullet
1970,48,9.799999999999999,,,10.857142857142858,7.128571428571428,4.385714285714285,2375,Belmullet
1970,49,16.97142857142857,,,10.357142857142858,6.571428571428571,3.2714285714285714,2375,Belmullet
1970,50,7.328571428571428,,,8.714285714285714,3.0714285714285716,1.6714285714285713,2375,Belmullet
1970,51,13.528571428571428,,,10.757142857142856,6.3999999999999995,5.8428571428571425,2375,Belmullet
1970,52,7.042857142857143,,,7.428571428571429,0.6000000000000002,0.6142857142857142,2375,Belmullet
1970,53,6.028571428571429,,,6.242857142857142,0.9571428571428572,0.6571428571428571,2375,Belmullet
1971,1,24.557142857142857,,,10.971428571428572,7.542857142857143,6.085714285714286,2375,Belmullet
1971,2,11.385714285714286,,,9.085714285714285,4.071428571428571,0.6571428571428573,2375,Belmullet
1971,3,16.057142857142857,,,8.8,4.114285714285715,6.799999999999999,2375,Belmullet
1971,4,9.985714285714286,,,8.385714285714284,2.6285714285714286,3.1142857142857143,2375,Belmullet
1971,5,6.742857142857143,,,8.3,3.642857142857143,0.3285714285714286,2375,Belmullet
1971,6,19.5,,,8.942857142857143,2.6571428571428575,4.871428571428572,2375,Belmullet
1971,7,14.328571428571431,,,9.142857142857142,4.242857142857143,5.485714285714286,2375,Belmullet
1971,8,10.728571428571428,,,10.114285714285714,5.8,1.0142857142857142,2375,Belmullet
1971,9,8.585714285714285,,,9.671428571428573,4.4,0.8571428571428571,2375,Belmullet
1971,10,9.62857142857143,,,10.385714285714286,5.185714285714285,0.8571428571428571,2375,Belmullet
1971,11,15.314285714285715,,,8.371428571428572,2.2285714285714286,2.3857142857142857,2375,Belmullet
1971,12,14.614285714285714,,,10.085714285714285,5.8,2.6142857142857143,2375,Belmullet
1971,13,9.971428571428572,,,9.942857142857141,4.985714285714286,0.2,2375,Belmullet
1971,14,5.285714285714286,,,12.328571428571427,2.4857142857142853,0.4857142857142857,2375,Belmullet
1971,15,10.814285714285715,,,13.771428571428572,5.457142857142857,0.5999999999999999,2375,Belmullet
1971,16,8.971428571428572,,,11.571428571428571,5.3,1.842857142857143,2375,Belmullet
1971,17,8.77142857142857,,,12.442857142857141,4.228571428571429,0.9857142857142857,2375,Belmullet
1971,18,14.385714285714286,,,15.528571428571428,8.557142857142857,1.1285714285714286,2375,Belmullet
1971,19,13.528571428571428,,,14.914285714285715,7.1000000000000005,1.442857142857143,2375,Belmullet
1971,20,9.914285714285715,,,13.028571428571428,5.3,1.7285714285714284,2375,Belmullet
1971,21,11.428571428571429,,,12.857142857142858,7.085714285714286,1.8571428571428572,2375,Belmullet
1971,22,8.9,,,17.071428571428573,9.014285714285714,0.0,2375,Belmullet
1971,23,12.257142857142856,,,14.114285714285714,7.357142857142857,2.6857142857142855,2375,Belmullet
1971,24,11.171428571428573,,,13.842857142857143,8.485714285714286,5.928571428571429,2375,Belmullet
1971,25,12.228571428571428,,,14.700000000000001,9.37142857142857,4.157142857142857,2375,Belmullet
1971,26,10.257142857142856,,,16.514285714285712,11.642857142857142,2.1857142857142855,2375,Belmullet
1971,27,7.671428571428572,,,18.071428571428573,9.37142857142857,0.042857142857142864,2375,Belmullet
1971,28,6.828571428571428,,,16.214285714285715,7.9,0.014285714285714287,2375,Belmullet
1971,29,7.314285714285715,,,18.714285714285715,12.785714285714286,3.3714285714285714,2375,Belmullet
1971,30,10.242857142857144,,,17.685714285714287,11.914285714285715,2.8285714285714287,2375,Belmullet
1971,31,9.257142857142856,,,17.614285714285714,11.985714285714286,8.314285714285715,2375,Belmullet
1971,32,10.457142857142857,,,16.87142857142857,11.3,0.4714285714285714,2375,Belmullet
1971,33,7.642857142857143,,,17.942857142857143,10.885714285714286,0.7999999999999999,2375,Belmullet
1971,34,11.242857142857144,,,17.157142857142855,10.057142857142859,3.414285714285714,2375,Belmullet
1971,35,12.728571428571428,,,17.32857142857143,11.571428571428571,3.1,2375,Belmullet
1971,36,8.114285714285716,,,20.057142857142853,13.142857142857142,0.18571428571428572,2375,Belmullet
1971,37,9.157142857142857,,,18.257142857142856,11.071428571428571,0.39999999999999997,2375,Belmullet
1971,38,8.971428571428572,,,15.557142857142859,9.200000000000001,4.428571428571429,2375,Belmullet
1971,39,8.985714285714286,,,17.842857142857145,9.885714285714286,2.514285714285714,2375,Belmullet
1971,40,14.542857142857143,,,16.52857142857143,12.87142857142857,2.4285714285714284,2375,Belmullet
1971,41,14.6,,,13.299999999999999,6.714285714285714,4.185714285714286,2375,Belmullet
1971,42,20.457142857142856,,,14.442857142857141,8.27142857142857,5.6571428571428575,2375,Belmullet
1971,43,16.485714285714288,,,13.6,8.828571428571427,1.3000000000000003,2375,Belmullet
1971,44,17.157142857142855,,,13.4,8.299999999999999,6.442857142857143,2375,Belmullet
1971,45,12.9,,,10.642857142857142,6.457142857142857,1.2571428571428573,2375,Belmullet
1971,46,16.17142857142857,,,11.028571428571428,4.685714285714285,8.328571428571427,2375,Belmullet
1971,47,13.6,,,10.314285714285715,4.8999999999999995,3.7857142857142856,2375,Belmullet
1971,48,14.142857142857142,,,10.428571428571429,5.742857142857143,2.3285714285714287,2375,Belmullet
1971,49,13.757142857142856,,,11.314285714285715,7.185714285714285,0.42857142857142855,2375,Belmullet
1971,50,24.82857142857143,,,12.042857142857143,8.714285714285714,3.6285714285714286,2375,Belmullet
1971,51,19.785714285714285,,,11.271428571428572,6.971428571428571,1.8285714285714285,2375,Belmullet
1971,52,9.028571428571428,,,6.5,1.0857142857142856,0.08571428571428573,2375,Belmullet
1972,1,7.5,,,7.028571428571429,-0.028571428571428564,0.7714285714285715,2375,Belmullet
1972,2,14.057142857142859,,,8.457142857142857,2.8000000000000003,1.7142857142857142,2375,Belmullet
1972,3,15.171428571428573,,,8.985714285714286,3.414285714285714,4.642857142857143,2375,Belmullet
1972,4,13.285714285714286,,,7.385714285714285,0.9571428571428572,2.3714285714285714,2375,Belmullet
1972,5,14.514285714285714,,,7.1000000000000005,1.0,1.957142857142857,2375,Belmullet
1972,6,13.914285714285715,,,8.22857142857143,2.8428571428571425,4.871428571428572,2375,Belmullet
1972,7,14.357142857142858,,,8.514285714285714,2.057142857142857,1.9428571428571428,2375,Belmullet
1972,8,9.257142857142856,,,8.214285714285714,2.7142857142857144,0.9714285714285714,2375,Belmullet
1972,9,15.771428571428572,,,8.385714285714286,2.442857142857143,5.457142857142857,2375,Belmullet
1972,10,11.228571428571428,,,9.042857142857143,2.2285714285714286,1.2428571428571427,2375,Belmullet
1972,11,8.085714285714285,,,10.342857142857143,2.957142857142857,0.6571428571428571,2375,Belmullet
1972,12,10.271428571428572,,,11.242857142857144,4.1000000000000005,1.0285714285714287,2375,Belmullet
1972,13,16.771428571428572,,,9.985714285714286,5.271428571428571,6.6571428571428575,2375,Belmullet
1972,14,17.414285714285715,,,10.342857142857143,4.957142857142856,6.642857142857143,2375,Belmullet
1972,15,13.314285714285715,,,11.085714285714285,5.428571428571429,1.8,2375,Belmullet
1972,16,7.528571428571429,,,13.0,4.671428571428572,0.028571428571428574,2375,Belmullet
1972,17,12.014285714285714,,,11.685714285714285,5.571428571428571,3.914285714285714,2375,Belmullet
1972,18,9.985714285714286,,,12.4,6.528571428571429,3.1999999999999997,2375,Belmullet
1972,19,15.971428571428572,,,11.957142857142857,6.1571428571428575,2.685714285714286,2375,Belmullet
1972,20,10.114285714285714,,,13.242857142857144,7.885714285714286,0.8428571428571429,2375,Belmullet
1972,21,23.042857142857144,,,12.985714285714286,7.971428571428571,5.357142857142857,2375,Belmullet
1972,22,17.87142857142857,,,12.6,7.5,4.085714285714286,2375,Belmullet
1972,23,11.357142857142858,,,13.657142857142857,6.428571428571429,1.2142857142857142,2375,Belmullet
1972,24,12.87142857142857,,,14.042857142857143,8.514285714285714,1.3714285714285714,2375,Belmullet
1972,25,18.242857142857144,,,13.299999999999999,8.9,2.0142857142857142,2375,Belmullet
1972,26,13.942857142857141,,,13.9,7.942857142857142,1.9285714285714286,2375,Belmullet
1972,27,11.985714285714286,,,13.985714285714286,9.014285714285714,1.9285714285714288,2375,Belmullet
1972,28,10.585714285714285,,,17.485714285714288,9.171428571428573,0.9285714285714286,2375,Belmullet
1972,29,8.942857142857143,,,17.9,12.457142857142857,2.6142857142857143,2375,Belmullet
1972,30,9.700000000000001,,,17.257142857142856,11.5,0.8571428571428571,2375,Belmullet
1972,31,14.9,,,15.200000000000001,10.785714285714286,3.9285714285714284,2375,Belmullet
1972,32,11.471428571428572,,,15.014285714285714,9.014285714285714,3.3714285714285714,2375,Belmullet
1972,33,10.685714285714285,,,15.571428571428571,10.757142857142856,0.5,2375,Belmullet
1972,34,5.114285714285714,,,17.47142857142857,8.72857142857143,0.08571428571428572,2375,Belmullet
1972,35,5.557142857142858,,,18.814285714285713,9.214285714285714,0.014285714285714287,2375,Belmullet
1972,36,10.0,,,14.414285714285715,6.128571428571429,1.7285714285714284,2375,Belmullet
1972,37,8.014285714285714,,,14.328571428571427,7.8,0.41428571428571426,2375,Belmullet
1972,38,7.814285714285715,,,16.657142857142855,9.5,0.18571428571428572,2375,Belmullet
1972,39,13.185714285714285,,,15.428571428571429,8.557142857142857,4.585714285714286,2375,Belmullet
1972,40,8.957142857142857,,,16.885714285714286,10.214285714285714,2.242857142857143,2375,Belmullet
1972,41,10.471428571428572,,,14.814285714285715,7.8428571428571425,1.7857142857142858,2375,Belmullet
1972,42,9.971428571428573,,,13.071428571428571,8.414285714285715,0.08571428571428573,2375,Belmullet
1972,43,17.742857142857144,,,13.842857142857143,8.799999999999999,3.6571428571428575,2375,Belmullet
1972,44,12.114285714285714,,,12.842857142857143,6.214285714285714,1.2,2375,Belmullet
1972,45,18.12857142857143,,,10.428571428571429,5.1000000000000005,7.8999999999999995,2375,Belmullet
1972,46,9.071428571428571,,,8.442857142857143,1.2428571428571427,2.2857142857142856,2375,Belmullet
1972,47,11.542857142857143,,,9.242857142857144,5.0,1.0,2375,Belmullet
1972,48,18.37142857142857,,,9.799999999999999,4.557142857142857,5.971428571428571,2375,Belmullet
1972,49,15.357142857142858,,,8.128571428571428,1.9000000000000001,10.428571428571429,2375,Belmullet
1972,50,22.599999999999998,,,11.657142857142857,6.685714285714285,3.3857142857142857,2375,Belmullet
1972,51,15.657142857142857,,,10.12857142857143,5.4,1.2428571428571427,2375,Belmullet
1972,52,17.928571428571427,,,9.857142857142858,5.814285714285715,5.142857142857143,2375,Belmullet
1973,1,6.957142857142857,,,9.428571428571429,4.014285714285714,3.2714285714285714,2375,Belmullet
1973,2,10.514285714285714,,,7.828571428571428,4.5,0.6571428571428573,2375,Belmullet
1973,3,13.928571428571429,,,7.328571428571428,1.5285714285714285,7.385714285714286,2375,Belmullet
1973,4,15.585714285714285,,,10.6,7.128571428571428,4.414285714285714,2375,Belmullet
1973,5,13.742857142857144,,,9.814285714285715,6.671428571428572,2.914285714285714,2375,Belmullet
1973,6,17.857142857142858,,,9.299999999999999,4.928571428571429,5.128571428571428,2375,Belmullet
1973,7,17.95714285714286,,,7.242857142857143,0.7571428571428571,4.685714285714285,2375,Belmullet
1973,8,14.414285714285715,,,9.057142857142859,4.828571428571428,2.685714285714286,2375,Belmullet
1973,9,12.257142857142856,,,9.614285714285714,3.4714285714285715,2.942857142857143,2375,Belmullet
1973,10,9.785714285714286,,,10.828571428571427,3.242857142857143,0.8571428571428571,2375,Belmullet
1973,11,3.6999999999999997,,,9.928571428571429,2.4857142857142853,0.05714285714285715,2375,Belmullet
1973,12,16.557142857142857,,,11.114285714285714,4.8999999999999995,1.9857142857142858,2375,Belmullet
1973,13,17.599999999999998,,,9.842857142857143,4.371428571428571,5.085714285714286,2375,Belmullet
1973,14,18.8,,,9.685714285714285,3.042857142857143,3.0285714285714285,2375,Belmullet
1973,15,10.085714285714285,,,11.228571428571428,6.314285714285714,0.19999999999999998,2375,Belmullet
1973,16,11.885714285714286,,,12.142857142857142,7.185714285714285,0.4571428571428572,2375,Belmullet
1973,17,10.785714285714286,,,10.62857142857143,2.6285714285714286,0.4571428571428572,2375,Belmullet
1973,18,12.514285714285714,,,11.357142857142858,4.5,4.142857142857143,2375,Belmullet
1973,19,16.042857142857144,,,11.585714285714285,6.214285714285714,2.6142857142857143,2375,Belmullet
1973,20,11.985714285714286,,,15.342857142857143,6.514285714285714,2.1714285714285717,2375,Belmullet
1973,21,8.157142857142857,,,16.1,9.128571428571428,3.414285714285714,2375,Belmullet
1973,22,11.214285714285714,,,13.728571428571428,8.042857142857143,2.757142857142857,2375,Belmullet
1973,23,9.985714285714286,,,15.385714285714286,10.642857142857142,0.41428571428571426,2375,Belmullet
1973,24,17.385714285714286,,,15.785714285714286,9.471428571428572,2.257142857142857,2375,Belmullet
1973,25,12.457142857142857,,,15.571428571428571,9.842857142857143,0.5714285714285714,2375,Belmullet
1973,26,11.9,,,15.7,8.485714285714286,3.6142857142857148,2375,Belmullet
1973,27,12.914285714285715,,,16.4,10.171428571428573,1.0571428571428572,2375,Belmullet
1973,28,11.157142857142857,,,15.557142857142859,12.142857142857142,2.8857142857142857,2375,Belmullet
1973,29,14.642857142857142,,,15.585714285714285,10.928571428571429,2.314285714285714,2375,Belmullet
1973,30,6.057142857142857,,,17.285714285714285,9.842857142857143,0.05714285714285715,2375,Belmullet
1973,31,12.428571428571429,,,16.214285714285715,11.814285714285715,4.8428571428571425,2375,Belmullet
1973,32,11.885714285714286,,,16.8,8.657142857142857,4.228571428571429,2375,Belmullet
1973,33,6.814285714285715,,,19.928571428571427,12.157142857142857,3.3714285714285714,2375,Belmullet
1973,34,8.128571428571428,,,18.214285714285715,11.828571428571427,3.0000000000000004,2375,Belmullet
1973,35,15.4,,,17.02857142857143,11.042857142857143,2.5571428571428574,2375,Belmullet
1973,36,12.285714285714286,,,18.285714285714285,13.257142857142856,2.514285714285714,2375,Belmullet
1973,37,10.1,,,19.385714285714283,10.87142857142857,1.6714285714285715,2375,Belmullet
1973,38,10.514285714285714,,,15.285714285714286,9.114285714285714,1.7142857142857142,2375,Belmullet
1973,39,15.342857142857143,,,13.985714285714286,6.971428571428571,7.8,2375,Belmullet
1973,40,6.971428571428571,,,15.342857142857143,9.414285714285715,0.7571428571428571,2375,Belmullet
1973,41,12.528571428571428,,,11.614285714285714,6.528571428571429,4.228571428571429,2375,Belmullet
1973,42,13.285714285714286,,,11.885714285714286,6.6,3.0,2375,Belmullet
1973,43,12.228571428571428,,,13.1,8.942857142857143,1.7857142857142858,2375,Belmullet
1973,44,7.742857142857143,,,12.87142857142857,6.628571428571428,2.1142857142857143,2375,Belmullet
1973,45,14.514285714285714,,,11.214285714285714,6.171428571428572,4.457142857142857,2375,Belmullet
1973,46,15.585714285714285,,,10.757142857142856,6.014285714285714,1.9714285714285715,2375,Belmullet
1973,47,8.542857142857143,,,10.228571428571428,4.2,0.5571428571428572,2375,Belmullet
1973,48,9.771428571428572,,,9.171428571428573,2.685714285714286,13.528571428571427,2375,Belmullet
1973,49,13.428571428571429,,,10.485714285714286,6.585714285714286,3.3571428571428577,2375,Belmullet
1973,50,17.271428571428572,,,10.200000000000001,5.357142857142857,3.4285714285714284,2375,Belmullet
1973,51,10.142857142857142,,,7.7,3.985714285714286,8.428571428571429,2375,Belmullet
1973,52,13.6,,,10.457142857142857,5.271428571428571,1.8285714285714287,2375,Belmullet
1974,1,17.04285714285714,,,9.142857142857142,5.814285714285714,7.1000000000000005,2375,Belmullet
1974,2,23.085714285714285,,,8.814285714285715,4.0,9.157142857142857,2375,Belmullet
1974,3,21.87142857142857,,,9.814285714285715,5.714285714285714,3.585714285714286,2375,Belmullet
1974,4,16.785714285714285,,,9.571428571428571,4.857142857142857,6.371428571428572,2375,Belmullet
1974,5,17.385714285714286,,,8.7,3.3857142857142857,5.371428571428572,2375,Belmullet
1974,6,16.485714285714288,,,8.742857142857144,3.6285714285714286,6.514285714285714,2375,Belmullet
1974,7,11.5,,,8.828571428571427,3.5285714285714285,2.1,2375,Belmullet
1974,8,10.514285714285714,,,9.528571428571428,5.242857142857143,2.4,2375,Belmullet
1974,9,7.557142857142857,,,8.442857142857141,3.3714285714285714,3.914285714285714,2375,Belmullet
1974,10,11.1,,,8.971428571428572,2.7857142857142856,0.5857142857142857,2375,Belmullet
1974,11,13.62857142857143,,,8.942857142857143,2.357142857142857,2.885714285714286,2375,Belmullet
1974,12,13.357142857142858,,,10.442857142857141,4.285714285714286,3.2142857142857144,2375,Belmullet
1974,13,8.728571428571428,,,11.585714285714285,4.828571428571428,0.6428571428571429,2375,Belmullet
1974,14,8.828571428571427,,,15.757142857142856,5.642857142857143,0.48571428571428577,2375,Belmullet
1974,15,10.242857142857144,,,12.785714285714286,5.271428571428571,1.2571428571428573,2375,Belmullet
1974,16,5.785714285714286,,,14.299999999999999,4.3999999999999995,0.0,2375,Belmullet
1974,17,6.671428571428572,,,13.328571428571427,3.185714285714286,0.4857142857142857,2375,Belmullet
1974,18,10.242857142857144,,,11.471428571428572,3.0142857142857147,0.9142857142857144,2375,Belmullet
1974,19,12.742857142857144,,,12.671428571428573,6.414285714285714,3.8000000000000003,2375,Belmullet
1974,20,16.614285714285714,,,14.9,9.314285714285715,1.7,2375,Belmullet
1974,21,16.04285714285714,,,13.657142857142857,9.171428571428573,1.457142857142857,2375,Belmullet
1974,22,12.957142857142856,,,13.971428571428572,8.428571428571429,1.6285714285714283,2375,Belmullet
1974,23,14.742857142857144,,,13.271428571428572,8.085714285714285,2.8428571428571425,2375,Belmullet
1974,24,9.771428571428572,,,14.842857142857143,8.157142857142857,0.5857142857142856,2375,Belmullet
1974,25,12.37142857142857,,,19.014285714285712,11.214285714285714,1.4714285714285715,2375,Belmullet
1974,26,8.928571428571429,,,18.17142857142857,9.242857142857144,4.285714285714286,2375,Belmullet
1974,27,11.714285714285714,,,15.714285714285714,10.442857142857141,4.114285714285715,2375,Belmullet
1974,28,15.185714285714285,,,16.17142857142857,11.342857142857142,3.971428571428571,2375,Belmullet
1974,29,14.671428571428573,,,16.442857142857143,11.457142857142857,1.1285714285714286,2375,Belmullet
1974,30,13.357142857142858,,,16.0,11.314285714285715,1.2285714285714284,2375,Belmullet
1974,31,8.042857142857143,,,16.428571428571427,8.971428571428572,1.8,2375,Belmullet
1974,32,12.342857142857143,,,16.97142857142857,12.257142857142856,4.728571428571429,2375,Belmullet
1974,33,12.1,,,17.057142857142857,10.142857142857142,4.7,2375,Belmullet
1974,34,15.557142857142859,,,17.214285714285715,11.585714285714285,3.5285714285714285,2375,Belmullet
1974,35,11.314285714285715,,,16.442857142857143,10.585714285714285,3.5714285714285716,2375,Belmullet
1974,36,10.142857142857142,,,14.928571428571429,9.314285714285715,7.971428571428572,2375,Belmullet
1974,37,10.914285714285715,,,15.828571428571427,9.685714285714285,3.157142857142857,2375,Belmullet
1974,38,15.157142857142857,,,13.814285714285715,8.9,6.214285714285714,2375,Belmullet
1974,39,14.114285714285714,,,11.957142857142857,6.385714285714286,6.414285714285714,2375,Belmullet
1974,40,13.700000000000001,,,11.985714285714284,5.728571428571429,3.314285714285714,2375,Belmullet
1974,41,12.328571428571427,,,12.171428571428573,8.014285714285714,2.8000000000000003,2375,Belmullet
1974,42,12.814285714285715,,,11.542857142857143,5.671428571428572,4.3,2375,Belmullet
1974,43,14.714285714285714,,,11.214285714285714,7.528571428571429,1.0571428571428572,2375,Belmullet
1974,44,12.528571428571428,,,10.271428571428572,6.014285714285714,4.7,2375,Belmullet
1974,45,14.614285714285716,,,11.014285714285714,4.885714285714286,6.814285714285715,2375,Belmullet
1974,46,11.37142857142857,,,9.314285714285715,4.5,4.057142857142857,2375,Belmullet
1974,47,6.8428571428571425,,,7.728571428571429,0.7571428571428571,0.7428571428571429,2375,Belmullet
1974,48,16.314285714285713,,,10.071428571428571,6.142857142857143,2.4428571428571426,2375,Belmullet
1974,49,17.714285714285715,,,10.62857142857143,6.885714285714286,2.2,2375,Belmullet
1974,50,17.285714285714285,,,9.342857142857143,5.471428571428571,4.871428571428572,2375,Belmullet
1974,51,22.52857142857143,,,10.4,6.8999999999999995,3.6,2375,Belmullet
1974,52,17.142857142857142,,,10.685714285714285,5.771428571428571,6.028571428571429,2375,Belmullet
1975,1,16.2,,,10.37142857142857,7.685714285714285,0.7571428571428572,2375,Belmullet
1975,2,20.057142857142857,,,10.571428571428571,7.085714285714286,6.742857142857143,2375,Belmullet
1975,3,17.285714285714285,,,8.628571428571428,3.3000000000000003,8.628571428571428,2375,Belmullet
1975,4,23.285714285714285,,,8.628571428571428,3.042857142857143,8.957142857142857,2375,Belmullet
1975,5,19.757142857142856,,,10.171428571428573,4.771428571428571,5.185714285714285,2375,Belmullet
1975,6,11.814285714285715,,,8.542857142857143,3.5285714285714285,0.0,2375,Belmullet
1975,7,10.885714285714286,,,8.971428571428572,3.3999999999999995,1.5857142857142856,2375,Belmullet
1975,8,13.685714285714287,,,9.299999999999999,3.4714285714285715,2.5,2375,Belmullet
1975,9,12.185714285714285,,,10.957142857142857,5.128571428571428,0.19999999999999998,2375,Belmullet
1975,10,12.614285714285714,,,10.157142857142857,4.014285714285714,2.3285714285714287,2375,Belmullet
1975,11,8.685714285714285,,,9.1,1.1571428571428573,0.4428571428571429,2375,Belmullet
1975,12,10.357142857142858,,,9.014285714285714,1.7428571428571427,0.5857142857142857,2375,Belmullet
1975,13,14.014285714285714,,,8.514285714285714,3.7857142857142856,2.3714285714285714,2375,Belmullet
1975,14,12.9,,,9.614285714285714,3.5142857142857147,1.6857142857142855,2375,Belmullet
1975,15,15.485714285714286,,,9.771428571428572,4.757142857142857,1.7571428571428573,2375,Belmullet
1975,16,14.200000000000001,,,12.142857142857142,7.771428571428571,2.3285714285714287,2375,Belmullet
1975,17,6.871428571428572,,,13.428571428571429,7.757142857142858,1.042857142857143,2375,Belmullet
1975,18,12.4,,,10.814285714285715,5.428571428571429,2.9285714285714284,2375,Belmullet
1975,19,12.0,,,12.814285714285715,6.5,0.5142857142857142,2375,Belmullet
1975,20,9.728571428571428,,,13.157142857142857,5.728571428571429,0.7000000000000001,2375,Belmullet
1975,21,12.585714285714285,,,13.657142857142857,5.442857142857143,0.0,2375,Belmullet
1975,22,12.685714285714285,,,14.557142857142859,5.828571428571428,0.3857142857142857,2375,Belmullet
1975,23,13.985714285714286,,,15.928571428571429,8.557142857142857,1.757142857142857,2375,Belmullet
1975,24,9.299999999999999,,,15.771428571428572,9.357142857142858,0.9571428571428571,2375,Belmullet
1975,25,11.557142857142859,,,16.985714285714288,10.285714285714286,1.157142857142857,2375,Belmullet
1975,26,8.17142857142857,,,17.04285714285714,9.071428571428571,0.0,2375,Belmullet
1975,27,7.971428571428571,,,18.485714285714288,9.757142857142856,0.14285714285714285,2375,Belmullet
1975,28,8.528571428571428,,,19.185714285714287,13.471428571428572,4.5,2375,Belmullet
1975,29,11.642857142857142,,,19.014285714285712,13.1,0.7571428571428571,2375,Belmullet
1975,30,15.885714285714286,,,16.257142857142856,12.171428571428573,6.3,2375,Belmullet
1975,31,7.742857142857143,,,17.857142857142858,10.857142857142858,0.8571428571428571,2375,Belmullet
1975,32,11.571428571428571,,,20.4,13.157142857142857,0.9285714285714286,2375,Belmullet
1975,33,8.142857142857142,,,18.74285714285714,11.328571428571427,2.185714285714286,2375,Belmullet
1975,34,11.914285714285715,,,17.4,12.071428571428571,2.557142857142857,2375,Belmullet
1975,35,9.528571428571428,,,17.785714285714285,12.757142857142856,4.371428571428572,2375,Belmullet
1975,36,11.285714285714286,,,16.857142857142858,12.328571428571427,1.9000000000000001,2375,Belmullet
1975,37,13.87142857142857,,,15.042857142857143,8.985714285714286,6.914285714285714,2375,Belmullet
1975,38,14.1,,,15.12857142857143,9.785714285714286,2.1,2375,Belmullet
1975,39,17.414285714285715,,,13.657142857142857,7.6571428571428575,5.414285714285714,2375,Belmullet
1975,40,15.942857142857141,,,13.571428571428571,8.985714285714286,7.528571428571428,2375,Belmullet
1975,41,8.0,,,14.471428571428572,8.185714285714285,0.7428571428571429,2375,Belmullet
1975,42,11.828571428571427,,,12.557142857142859,5.171428571428572,2.3428571428571425,2375,Belmullet
1975,43,22.842857142857145,,,14.328571428571427,11.728571428571428,5.228571428571428,2375,Belmullet
1975,44,14.900000000000002,,,13.771428571428572,9.685714285714285,3.9285714285714284,2375,Belmullet
1975,45,11.085714285714285,,,11.985714285714286,6.528571428571428,0.8142857142857143,2375,Belmullet
1975,46,8.957142857142857,,,9.799999999999999,4.1571428571428575,2.685714285714286,2375,Belmullet
1975,47,12.457142857142857,,,11.12857142857143,8.014285714285714,3.8428571428571425,2375,Belmullet
1975,48,13.157142857142857,,,9.957142857142857,4.042857142857143,5.185714285714285,2375,Belmullet
1975,49,12.985714285714286,,,10.542857142857143,6.528571428571429,2.7714285714285714,2375,Belmullet
1975,50,8.514285714285714,,,8.414285714285715,3.6285714285714286,1.457142857142857,2375,Belmullet
1975,51,9.0,,,9.285714285714286,3.6999999999999997,0.5857142857142856,2375,Belmullet
1975,52,16.599999999999998,,,10.142857142857142,6.371428571428572,3.2142857142857144,2375,Belmullet
1976,1,15.828571428571427,,,9.885714285714286,4.185714285714286,6.814285714285715,2375,Belmullet
1976,2,15.771428571428572,,,10.671428571428573,7.971428571428571,3.242857142857143,2375,Belmullet
1976,3,14.271428571428572,,,10.12857142857143,7.385714285714286,1.3142857142857143,2375,Belmullet
1976,4,22.685714285714287,,,8.857142857142858,3.9714285714285715,3.914285714285714,2375,Belmullet
1976,5,12.37142857142857,,,6.042857142857143,1.0857142857142856,4.571428571428571,2375,Belmullet
1976,6,11.314285714285715,,,6.485714285714286,2.5285714285714285,0.8142857142857143,2375,Belmullet
1976,7,16.442857142857143,,,9.642857142857142,3.7857142857142856,4.314285714285715,2375,Belmullet
1976,8,14.514285714285714,,,9.071428571428571,2.957142857142857,1.342857142857143,2375,Belmullet
1976,9,15.414285714285715,,,10.5,6.042857142857144,0.9285714285714286,2375,Belmullet
1976,10,14.157142857142857,,,9.700000000000001,4.357142857142857,3.5714285714285716,2375,Belmullet
1976,11,14.87142857142857,,,7.871428571428572,2.8857142857142857,6.6,2375,Belmullet
1976,12,11.742857142857144,,,10.1,3.6285714285714286,2.6571428571428575,2375,Belmullet
1976,13,18.242857142857144,,,10.4,5.257142857142857,2.8285714285714287,2375,Belmullet
1976,14,17.242857142857144,,,9.514285714285714,4.371428571428572,2.085714285714286,2375,Belmullet
1976,15,14.714285714285714,,,11.1,6.257142857142857,1.657142857142857,2375,Belmullet
1976,16,13.742857142857144,,,11.671428571428573,6.7,1.0714285714285714,2375,Belmullet
1976,17,9.857142857142858,,,16.17142857142857,6.242857142857142,0.0,2375,Belmullet
1976,18,11.799999999999999,,,12.928571428571429,5.814285714285715,1.3714285714285714,2375,Belmullet
1976,19,13.685714285714285,,,13.0,6.528571428571429,0.6142857142857142,2375,Belmullet
1976,20,18.74285714285714,,,12.428571428571429,6.671428571428572,5.6000000000000005,2375,Belmullet
1976,21,13.585714285714285,,,13.857142857142858,8.142857142857142,3.457142857142857,2375,Belmullet
1976,22,14.657142857142857,,,13.771428571428572,9.542857142857143,4.671428571428572,2375,Belmullet
1976,23,12.1,,,14.642857142857142,9.142857142857142,1.7,2375,Belmullet
1976,24,17.657142857142855,,,16.085714285714285,11.6,0.9571428571428572,2375,Belmullet
1976,25,13.014285714285714,,,14.6,9.514285714285714,1.6428571428571428,2375,Belmullet
1976,26,14.542857142857144,,,16.599999999999998,11.4,5.185714285714285,2375,Belmullet
1976,27,7.314285714285715,,,23.7,13.642857142857142,0.34285714285714286,2375,Belmullet
1976,28,10.614285714285714,,,19.057142857142857,13.428571428571429,5.057142857142857,2375,Belmullet
1976,29,13.37142857142857,,,17.3,12.442857142857141,2.5714285714285716,2375,Belmullet
1976,30,9.12857142857143,,,16.17142857142857,11.5,0.3285714285714286,2375,Belmullet
1976,31,10.914285714285715,,,16.52857142857143,11.742857142857144,0.38571428571428573,2375,Belmullet
1976,32,7.885714285714286,,,17.95714285714286,10.685714285714285,0.37142857142857144,2375,Belmullet
1976,33,6.314285714285714,,,19.75714285714286,8.9,0.7142857142857143,2375,Belmullet
1976,34,5.8999999999999995,,,25.057142857142857,12.014285714285714,0.0,2375,Belmullet
1976,35,6.871428571428572,,,21.571428571428573,12.285714285714286,0.04285714285714286,2375,Belmullet
1976,36,9.185714285714285,,,17.585714285714285,11.885714285714286,0.5142857142857143,2375,Belmullet
1976,37,14.857142857142858,,,15.385714285714286,9.328571428571427,3.5,2375,Belmullet
1976,38,11.185714285714285,,,15.085714285714285,9.171428571428573,1.4714285714285715,2375,Belmullet
1976,39,11.614285714285714,,,16.842857142857145,9.428571428571429,3.3857142857142857,2375,Belmullet
1976,40,9.742857142857144,,,16.12857142857143,10.942857142857141,2.4,2375,Belmullet
1976,41,17.657142857142855,,,13.985714285714286,8.128571428571428,3.685714285714286,2375,Belmullet
1976,42,10.971428571428572,,,12.228571428571428,5.828571428571428,3.6999999999999997,2375,Belmullet
1976,43,10.9,,,12.514285714285714,4.157142857142857,4.214285714285714,2375,Belmullet
1976,44,9.185714285714285,,,11.5,4.4,1.3142857142857143,2375,Belmullet
1976,45,16.628571428571426,,,10.37142857142857,5.471428571428571,8.185714285714285,2375,Belmullet
1976,46,8.057142857142857,,,10.742857142857144,3.4285714285714284,2.3714285714285714,2375,Belmullet
1976,47,9.014285714285714,,,10.942857142857141,6.414285714285714,2.985714285714286,2375,Belmullet
1976,48,17.3,,,11.085714285714285,6.571428571428571,5.128571428571428,2375,Belmullet
1976,49,9.957142857142857,,,6.7,1.4142857142857144,4.1571428571428575,2375,Belmullet
1976,50,9.214285714285714,,,7.442857142857143,1.885714285714286,2.957142857142857,2375,Belmullet
1976,51,6.457142857142857,,,6.242857142857143,3.1571428571428575,3.4714285714285715,2375,Belmullet
1976,52,6.328571428571428,,,6.371428571428572,0.04285714285714291,2.2,2375,Belmullet
1976,53,10.514285714285714,,,5.785714285714286,0.7571428571428571,4.971428571428571,2375,Belmullet
1977,1,15.385714285714286,,,9.314285714285715,5.385714285714286,1.9714285714285715,2375,Belmullet
1977,2,12.942857142857141,,,5.0,-0.4428571428571429,4.728571428571429,2375,Belmullet
1977,3,12.700000000000001,,,8.285714285714286,4.8999999999999995,6.8,2375,Belmullet
1977,4,9.328571428571427,,,7.6571428571428575,0.9714285714285713,1.3000000000000003,2375,Belmullet
1977,5,10.971428571428572,,,8.328571428571427,1.842857142857143,5.614285714285714,2375,Belmullet
1977,6,8.5,,,9.585714285714285,4.3428571428571425,2.685714285714286,2375,Belmullet
1977,7,11.471428571428572,,,8.542857142857143,3.1,3.142857142857143,2375,Belmullet
1977,8,13.700000000000001,,,6.871428571428572,2.857142857142857,0.09999999999999999,2375,Belmullet
1977,9,15.457142857142856,,,10.314285714285715,6.485714285714286,2.8857142857142857,2375,Belmullet
1977,10,17.057142857142857,,,10.471428571428572,5.514285714285714,6.8428571428571425,2375,Belmullet
1977,11,18.385714285714283,,,9.985714285714286,5.985714285714286,3.4428571428571426,2375,Belmullet
1977,12,10.742857142857144,,,9.6,3.7714285714285714,2.871428571428571,2375,Belmullet
1977,13,19.357142857142858,,,8.885714285714286,3.3714285714285714,5.128571428571428,2375,Belmullet
1977,14,13.157142857142857,,,9.771428571428572,3.7857142857142856,1.5,2375,Belmullet
1977,15,13.171428571428573,,,10.342857142857143,5.642857142857143,0.9285714285714286,2375,Belmullet
1977,16,16.157142857142855,,,11.299999999999999,6.485714285714286,3.7142857142857144,2375,Belmullet
1977,17,19.02857142857143,,,10.62857142857143,4.742857142857143,3.1000000000000005,2375,Belmullet
1977,18,11.328571428571427,,,11.757142857142856,4.785714285714286,0.3428571428571429,2375,Belmullet
1977,19,11.785714285714286,,,12.514285714285714,5.628571428571428,1.4285714285714286,2375,Belmullet
1977,20,8.871428571428572,,,15.0,6.057142857142857,0.5428571428571428,2375,Belmullet
1977,21,9.185714285714285,,,18.071428571428573,9.62857142857143,0.0,2375,Belmullet
1977,22,8.485714285714286,,,17.37142857142857,8.385714285714286,0.6,2375,Belmullet
1977,23,15.142857142857142,,,13.142857142857142,6.3428571428571425,1.7285714285714284,2375,Belmullet
1977,24,12.4,,,15.014285714285714,9.457142857142857,0.3,2375,Belmullet
1977,25,8.185714285714287,,,16.585714285714285,8.285714285714286,0.7999999999999999,2375,Belmullet
1977,26,14.9,,,16.0,11.4,6.642857142857143,2375,Belmullet
1977,27,11.357142857142858,,,18.157142857142855,12.171428571428573,0.19999999999999998,2375,Belmullet
1977,28,11.700000000000001,,,17.87142857142857,11.785714285714286,1.6,2375,Belmullet
1977,29,15.642857142857142,,,16.442857142857143,11.085714285714285,2.8714285714285714,2375,Belmullet
1977,30,10.028571428571428,,,16.485714285714288,10.728571428571428,0.6714285714285715,2375,Belmullet
1977,31,9.299999999999999,,,17.642857142857142,9.114285714285714,2.857142857142857,2375,Belmullet
1977,32,9.0,,,20.17142857142857,12.528571428571428,1.9285714285714286,2375,Belmullet
1977,33,8.071428571428571,,,18.314285714285717,10.514285714285714,0.5428571428571428,2375,Belmullet
1977,34,11.785714285714286,,,17.04285714285714,11.028571428571428,14.042857142857143,2375,Belmullet
1977,35,17.5,,,16.17142857142857,10.985714285714286,3.1142857142857143,2375,Belmullet
1977,36,14.957142857142857,,,15.057142857142859,9.614285714285714,1.7285714285714284,2375,Belmullet
1977,37,8.7,,,16.057142857142857,8.185714285714285,0.014285714285714287,2375,Belmullet
1977,38,11.214285714285714,,,15.857142857142858,9.37142857142857,1.6999999999999997,2375,Belmullet
1977,39,18.428571428571427,,,14.585714285714285,9.1,3.485714285714286,2375,Belmullet
1977,40,15.342857142857142,,,12.757142857142856,8.457142857142857,8.6,2375,Belmullet
1977,41,17.742857142857144,,,14.799999999999999,10.442857142857141,6.828571428571428,2375,Belmullet
1977,42,13.914285714285715,,,14.985714285714286,10.971428571428572,4.414285714285714,2375,Belmullet
1977,43,24.114285714285717,,,13.571428571428571,10.657142857142857,5.214285714285714,2375,Belmullet
1977,44,17.17142857142857,,,10.714285714285714,6.171428571428572,5.714285714285714,2375,Belmullet
1977,45,23.014285714285712,,,11.557142857142859,6.357142857142857,6.3,2375,Belmullet
1977,46,20.599999999999998,,,8.271428571428572,3.014285714285714,5.028571428571429,2375,Belmullet
1977,47,13.614285714285714,,,7.7,2.4714285714285715,1.3142857142857143,2375,Belmullet
1977,48,11.828571428571427,,,7.571428571428571,2.3857142857142857,0.21428571428571427,2375,Belmullet
1977,49,13.62857142857143,,,8.87142857142857,5.0,1.3142857142857143,2375,Belmullet
1977,50,10.0,,,9.9,6.857142857142857,1.5142857142857142,2375,Belmullet
1977,51,12.285714285714286,,,9.87142857142857,6.457142857142857,4.5857142857142845,2375,Belmullet
1977,52,16.17142857142857,,,9.257142857142856,6.042857142857143,2.8285714285714283,2375,Belmullet
1978,1,18.585714285714285,,,9.914285714285715,6.8,4.385714285714286,2375,Belmullet
1978,2,13.242857142857144,,,7.985714285714286,2.3714285714285714,2.0285714285714285,2375,Belmullet
1978,3,14.142857142857142,,,7.171428571428572,1.5857142857142859,4.457142857142857,2375,Belmullet
1978,4,16.885714285714286,,,6.457142857142857,1.9714285714285715,3.914285714285714,2375,Belmullet
1978,5,14.385714285714286,,,8.914285714285715,4.128571428571428,5.2,2375,Belmullet
1978,6,6.6000000000000005,,,5.771428571428571,0.04285714285714296,2.7857142857142856,2375,Belmullet
1978,7,11.614285714285714,,,4.6571428571428575,-0.7714285714285715,0.24285714285714285,2375,Belmullet
1978,8,9.228571428571428,,,8.82857142857143,3.742857142857143,1.9857142857142858,2375,Belmullet
1978,9,6.128571428571428,,,10.042857142857143,3.4714285714285715,3.742857142857143,2375,Belmullet
1978,10,14.285714285714286,,,10.571428571428571,6.857142857142857,3.8428571428571425,2375,Belmullet
1978,11,14.828571428571427,,,9.085714285714285,2.414285714285714,7.271428571428571,2375,Belmullet
1978,12,18.271428571428572,,,8.714285714285714,2.8000000000000003,4.485714285714286,2375,Belmullet
1978,13,14.057142857142859,,,10.042857142857143,5.2,3.485714285714286,2375,Belmullet
1978,14,8.671428571428573,,,11.142857142857142,2.685714285714286,0.14285714285714285,2375,Belmullet
1978,15,12.142857142857142,,,9.814285714285715,3.242857142857143,1.7285714285714284,2375,Belmullet
1978,16,12.442857142857141,,,11.914285714285715,7.257142857142857,1.3285714285714287,2375,Belmullet
1978,17,12.157142857142857,,,11.028571428571428,3.0285714285714285,0.38571428571428573,2375,Belmullet
1978,18,9.671428571428573,,,11.799999999999999,4.942857142857143,3.242857142857143,2375,Belmullet
1978,19,11.842857142857143,,,14.114285714285714,7.414285714285714,1.3571428571428572,2375,Belmullet
1978,20,5.5,,,14.942857142857141,6.042857142857143,0.09999999999999999,2375,Belmullet
1978,21,9.757142857142856,,,14.585714285714285,8.757142857142856,0.7714285714285714,2375,Belmullet
1978,22,8.714285714285714,,,19.32857142857143,10.6,1.1999999999999997,2375,Belmullet
1978,23,11.357142857142858,,,13.799999999999999,10.1,1.7714285714285716,2375,Belmullet
1978,24,11.342857142857143,,,14.957142857142857,8.042857142857143,0.9000000000000001,2375,Belmullet
1978,25,13.042857142857143,,,13.257142857142856,8.628571428571428,3.2285714285714286,2375,Belmullet
1978,26,12.428571428571429,,,13.971428571428572,10.257142857142856,3.971428571428571,2375,Belmullet
1978,27,14.685714285714285,,,14.171428571428573,10.428571428571429,2.6999999999999997,2375,Belmullet
1978,28,7.3,,,17.242857142857144,10.9,0.07142857142857142,2375,Belmullet
1978,29,13.942857142857141,,,16.114285714285714,11.457142857142857,1.7285714285714289,2375,Belmullet
1978,30,15.185714285714285,,,16.6,12.0,2.7285714285714286,2375,Belmullet
1978,31,9.157142857142857,,,15.414285714285715,10.314285714285715,1.2,2375,Belmullet
1978,32,10.685714285714285,,,16.385714285714283,10.342857142857143,2.9,2375,Belmullet
1978,33,15.057142857142855,,,17.271428571428572,12.200000000000001,4.314285714285714,2375,Belmullet
1978,34,8.357142857142858,,,16.47142857142857,11.12857142857143,2.9285714285714284,2375,Belmullet
1978,35,8.185714285714287,,,16.54285714285714,11.671428571428573,0.3,2375,Belmullet
1978,36,14.514285714285714,,,17.485714285714288,13.042857142857143,5.971428571428571,2375,Belmullet
1978,37,18.357142857142858,,,15.885714285714286,11.157142857142857,1.7,2375,Belmullet
1978,38,13.485714285714286,,,16.67142857142857,12.9,0.9428571428571428,2375,Belmullet
1978,39,19.3,,,13.799999999999999,8.914285714285715,9.528571428571428,2375,Belmullet
1978,40,16.585714285714285,,,15.271428571428572,11.342857142857143,2.2142857142857144,2375,Belmullet
1978,41,12.242857142857144,,,14.142857142857142,8.871428571428572,3.4857142857142853,2375,Belmullet
1978,42,12.728571428571428,,,12.928571428571429,9.528571428571428,1.2285714285714284,2375,Belmullet
1978,43,14.585714285714285,,,13.957142857142857,11.785714285714286,0.38571428571428573,2375,Belmullet
1978,44,17.842857142857145,,,14.228571428571428,9.771428571428572,3.757142857142857,2375,Belmullet
1978,45,19.37142857142857,,,13.328571428571427,8.785714285714286,5.442857142857143,2375,Belmullet
1978,46,20.485714285714288,,,12.514285714285714,6.6571428571428575,11.842857142857142,2375,Belmullet
1978,47,15.271428571428572,,,9.771428571428572,5.5,3.1999999999999997,2375,Belmullet
1978,48,11.542857142857144,,,8.17142857142857,2.5714285714285716,3.242857142857143,2375,Belmullet
1978,49,18.557142857142857,,,10.471428571428572,7.085714285714286,6.6571428571428575,2375,Belmullet
1978,50,11.228571428571428,,,9.485714285714286,4.5,6.3999999999999995,2375,Belmullet
1978,51,11.785714285714286,,,6.1571428571428575,2.2857142857142856,2.6714285714285713,2375,Belmullet
1978,52,12.857142857142858,,,5.857142857142857,1.2142857142857142,2.9857142857142853,2375,Belmullet
1979,1,11.799999999999999,,,6.642857142857143,0.4428571428571428,4.4714285714285715,2375,Belmullet
1979,2,12.042857142857143,,,6.114285714285714,0.04285714285714283,5.271428571428571,2375,Belmullet
1979,3,10.814285714285715,,,6.442857142857143,2.042857142857143,1.6857142857142857,2375,Belmullet
1979,4,10.657142857142857,,,5.714285714285714,0.39999999999999997,4.928571428571429,2375,Belmullet
1979,5,11.771428571428572,,,6.985714285714286,1.9285714285714286,1.042857142857143,2375,Belmullet
1979,6,13.485714285714286,,,5.114285714285714,0.9142857142857144,0.9428571428571428,2375,Belmullet
1979,7,12.557142857142859,,,4.3999999999999995,-0.2857142857142857,1.6428571428571428,2375,Belmullet
1979,8,11.171428571428573,,,8.671428571428573,3.7714285714285714,2.042857142857143,2375,Belmullet
1979,9,17.885714285714286,,,9.342857142857143,4.171428571428572,3.271428571428572,2375,Belmullet
1979,10,17.728571428571428,,,9.142857142857142,3.142857142857143,4.571428571428571,2375,Belmullet
1979,11,15.12857142857143,,,6.714285714285714,1.9000000000000001,0.9142857142857144,2375,Belmullet
1979,12,7.628571428571428,,,6.942857142857143,-0.11428571428571425,6.142857142857143,2375,Belmullet
1979,13,15.328571428571427,,,8.17142857142857,2.457142857142857,4.371428571428571,2375,Belmullet
1979,14,11.642857142857142,,,7.942857142857143,1.4714285714285715,3.5142857142857147,2375,Belmullet
1979,15,9.971428571428572,,,9.842857142857143,3.2,0.8285714285714285,2375,Belmullet
1979,16,12.985714285714286,,,11.657142857142857,7.1000000000000005,2.5,2375,Belmullet
1979,17,14.0,,,11.200000000000001,5.971428571428571,1.3285714285714287,2375,Belmullet
1979,18,10.242857142857144,,,8.342857142857143,2.3142857142857145,3.885714285714286,2375,Belmullet
1979,19,12.6,,,11.828571428571427,6.557142857142857,2.1,2375,Belmullet
1979,20,13.614285714285714,,,10.799999999999999,4.857142857142857,7.771428571428572,2375,Belmullet
1979,21,7.814285714285715,,,12.485714285714286,4.814285714285715,0.9571428571428572,2375,Belmullet
1979,22,10.028571428571428,,,15.985714285714286,8.242857142857144,3.2714285714285714,2375,Belmullet
1979,23,9.842857142857143,,,14.37142857142857,8.871428571428572,2.0428571428571427,2375,Belmullet
1979,24,10.414285714285715,,,15.12857142857143,9.414285714285715,0.7714285714285714,2375,Belmullet
1979,25,13.671428571428573,,,15.37142857142857,10.471428571428572,3.0714285714285716,2375,Belmullet
1979,26,12.585714285714285,,,14.37142857142857,9.671428571428573,1.1142857142857143,2375,Belmullet
1979,27,12.9,,,15.799999999999999,11.914285714285715,1.5428571428571427,2375,Belmullet
1979,28,11.242857142857144,,,16.285714285714285,9.614285714285714,0.6428571428571429,2375,Belmullet
1979,29,13.557142857142855,,,15.1,11.257142857142856,0.7571428571428571,2375,Belmullet
1979,30,11.700000000000001,,,17.442857142857143,13.742857142857144,2.6,2375,Belmullet
1979,31,13.62857142857143,,,16.02857142857143,11.457142857142857,4.1571428571428575,2375,Belmullet
1979,32,11.571428571428571,,,15.557142857142859,11.62857142857143,5.0,2375,Belmullet
1979,33,11.971428571428572,,,15.742857142857144,10.700000000000001,3.9714285714285715,2375,Belmullet
1979,34,12.942857142857141,,,15.285714285714286,10.442857142857141,3.5,2375,Belmullet
1979,35,10.885714285714286,,,17.014285714285712,9.957142857142857,4.142857142857143,2375,Belmullet
1979,36,13.857142857142858,,,15.928571428571429,11.414285714285715,2.457142857142857,2375,Belmullet
1979,37,15.514285714285714,,,15.12857142857143,10.757142857142856,1.457142857142857,2375,Belmullet
1979,38,15.414285714285715,,,14.214285714285714,8.714285714285714,3.8285714285714287,2375,Belmullet
1979,39,14.357142857142858,,,15.12857142857143,8.7,2.4857142857142853,2375,Belmullet
1979,40,13.342857142857143,,,15.457142857142857,8.942857142857143,1.5571428571428572,2375,Belmullet
1979,41,15.028571428571428,,,15.6,11.299999999999999,5.299999999999999,2375,Belmullet
1979,42,12.9,,,13.700000000000001,8.22857142857143,2.685714285714286,2375,Belmullet
1979,43,9.828571428571427,,,12.171428571428573,4.185714285714285,7.314285714285715,2375,Belmullet
1979,44,19.457142857142856,,,13.0,7.685714285714285,7.814285714285715,2375,Belmullet
1979,45,13.442857142857141,,,10.271428571428572,5.271428571428571,4.857142857142857,2375,Belmullet
1979,46,13.457142857142857,,,8.871428571428572,3.742857142857143,3.3857142857142857,2375,Belmullet
1979,47,14.785714285714286,,,11.228571428571428,5.328571428571428,7.7,2375,Belmullet
1979,48,19.400000000000002,,,13.0,8.742857142857144,3.857142857142857,2375,Belmullet
1979,49,14.37142857142857,,,11.357142857142858,6.542857142857143,5.885714285714286,2375,Belmullet
1979,50,18.014285714285712,,,8.957142857142857,3.9285714285714284,2.985714285714286,2375,Belmullet
1979,51,14.985714285714286,,,7.428571428571429,3.3857142857142857,3.4285714285714284,2375,Belmullet
1979,52,14.171428571428573,,,7.485714285714286,3.4857142857142853,5.357142857142857,2375,Belmullet
1980,1,12.042857142857143,,,8.071428571428571,2.3,2.842857142857143,2375,Belmullet
1980,2,10.200000000000001,,,7.742857142857143,2.0,2.485714285714286,2375,Belmullet
1980,3,10.785714285714286,,,5.685714285714285,0.29999999999999993,2.0142857142857142,2375,Belmullet
1980,4,12.014285714285714,,,7.3999999999999995,1.6857142857142857,4.185714285714285,2375,Belmullet
1980,5,10.942857142857141,,,9.014285714285714,2.7714285714285714,3.9,2375,Belmullet
1980,6,11.857142857142858,,,9.085714285714285,3.8428571428571425,3.9285714285714284,2375,Belmullet
1980,7,14.557142857142859,,,9.9,4.8999999999999995,4.128571428571428,2375,Belmullet
1980,8,8.228571428571428,,,8.742857142857144,2.3714285714285714,2.0714285714285716,2375,Belmullet
1980,9,4.7,,,10.299999999999999,4.928571428571429,0.18571428571428572,2375,Belmullet
1980,10,13.428571428571429,,,10.171428571428573,4.471428571428571,4.5285714285714285,2375,Belmullet
1980,11,13.6,,,9.285714285714286,3.5428571428571423,3.8857142857142857,2375,Belmullet
1980,12,16.37142857142857,,,5.8,0.32857142857142857,2.5714285714285716,2375,Belmullet
1980,13,12.771428571428572,,,8.942857142857143,2.9,1.657142857142857,2375,Belmullet
1980,14,10.928571428571429,,,11.914285714285715,4.228571428571429,0.4,2375,Belmullet
1980,15,11.114285714285714,,,11.485714285714286,5.771428571428571,0.9857142857142858,2375,Belmullet
1980,16,11.885714285714286,,,11.785714285714286,5.714285714285714,0.07142857142857142,2375,Belmullet
1980,17,8.428571428571429,,,12.62857142857143,6.685714285714285,0.5714285714285714,2375,Belmullet
1980,18,11.014285714285714,,,14.12857142857143,5.285714285714286,0.0,2375,Belmullet
1980,19,13.557142857142859,,,14.557142857142859,6.014285714285713,0.3142857142857142,2375,Belmullet
1980,20,6.428571428571429,,,17.771428571428572,7.957142857142857,0.32857142857142857,2375,Belmullet
1980,21,11.700000000000001,,,13.685714285714285,8.971428571428572,0.5285714285714286,2375,Belmullet
1980,22,10.028571428571428,,,13.328571428571427,6.242857142857143,2.9,2375,Belmullet
1980,23,12.114285714285714,,,15.642857142857142,10.742857142857144,2.7857142857142856,2375,Belmullet
1980,24,9.885714285714286,,,15.742857142857144,10.428571428571429,2.585714285714286,2375,Belmullet
1980,25,16.414285714285715,,,14.371428571428572,9.542857142857143,3.3857142857142857,2375,Belmullet
1980,26,9.571428571428571,,,15.157142857142857,8.928571428571429,2.1428571428571432,2375,Belmullet
1980,27,11.428571428571429,,,14.814285714285715,9.757142857142856,1.0857142857142856,2375,Belmullet
1980,28,11.442857142857141,,,15.228571428571428,9.942857142857141,0.5142857142857143,2375,Belmullet
1980,29,13.12857142857143,,,15.442857142857141,9.799999999999999,5.3999999999999995,2375,Belmullet
1980,30,14.757142857142856,,,16.242857142857144,11.014285714285714,3.585714285714286,2375,Belmullet
1980,31,11.414285714285715,,,19.24285714285714,13.028571428571428,5.057142857142857,2375,Belmullet
1980,32,9.385714285714286,,,17.37142857142857,11.657142857142857,0.9,2375,Belmullet
1980,33,14.028571428571427,,,17.071428571428573,12.200000000000001,2.3428571428571425,2375,Belmullet
1980,34,11.342857142857143,,,15.842857142857143,9.299999999999999,0.5714285714285714,2375,Belmullet
1980,35,8.828571428571427,,,18.271428571428572,11.799999999999999,1.2428571428571427,2375,Belmullet
1980,36,17.857142857142858,,,16.4,12.957142857142857,7.957142857142857,2375,Belmullet
1980,37,18.571428571428573,,,15.4,11.742857142857144,5.828571428571428,2375,Belmullet
1980,38,14.6,,,16.67142857142857,11.585714285714285,4.857142857142857,2375,Belmullet
1980,39,13.642857142857142,,,15.22857142857143,10.142857142857142,2.9714285714285715,2375,Belmullet
1980,40,16.585714285714285,,,14.614285714285714,9.442857142857141,5.428571428571429,2375,Belmullet
1980,41,17.04285714285714,,,11.614285714285714,5.485714285714286,5.271428571428571,2375,Belmullet
1980,42,13.6,,,11.042857142857143,4.942857142857143,2.757142857142857,2375,Belmullet
1980,43,12.799999999999999,,,12.200000000000001,9.214285714285714,6.942857142857143,2375,Belmullet
1980,44,14.985714285714286,,,12.5,8.957142857142857,10.657142857142857,2375,Belmullet
1980,45,11.87142857142857,,,9.0,3.814285714285714,0.18571428571428572,2375,Belmullet
1980,46,12.799999999999999,,,10.914285714285715,6.714285714285714,6.1571428571428575,2375,Belmullet
1980,47,20.114285714285717,,,12.299999999999999,8.128571428571428,5.442857142857143,2375,Belmullet
1980,48,14.357142857142858,,,8.928571428571429,3.0,1.3571428571428572,2375,Belmullet
1980,49,12.271428571428572,,,9.185714285714285,4.185714285714286,3.085714285714286,2375,Belmullet
1980,50,18.957142857142856,,,11.1,7.314285714285715,8.985714285714286,2375,Belmullet
1980,51,16.242857142857144,,,9.728571428571428,4.485714285714286,6.442857142857143,2375,Belmullet
1980,52,13.642857142857142,,,9.957142857142857,4.942857142857143,4.228571428571429,2375,Belmullet
1981,1,19.0,,,9.799999999999999,5.7,1.6714285714285713,2375,Belmullet
1981,2,14.028571428571428,,,9.128571428571428,4.814285714285715,1.1,2375,Belmullet
1981,3,21.385714285714283,,,9.228571428571428,3.1142857142857143,4.428571428571429,2375,Belmullet
1981,4,14.114285714285714,,,9.957142857142857,6.671428571428572,5.0,2375,Belmullet
1981,5,15.142857142857142,,,10.657142857142857,7.5,0.07142857142857142,2375,Belmullet
1981,6,16.557142857142857,,,10.12857142857143,6.042857142857143,5.214285714285714,2375,Belmullet
1981,7,10.62857142857143,,,8.371428571428572,2.3857142857142857,1.8857142857142857,2375,Belmullet
1981,8,12.185714285714285,,,7.457142857142856,1.9714285714285715,1.957142857142857,2375,Belmullet
1981,9,15.942857142857141,,,8.014285714285714,2.5285714285714285,1.4857142857142858,2375,Belmullet
1981,10,11.985714285714286,,,9.4,4.7,5.214285714285714,2375,Belmullet
1981,11,10.871428571428572,,,11.828571428571427,6.214285714285714,3.942857142857143,2375,Belmullet
1981,12,11.200000000000001,,,8.985714285714286,3.4285714285714284,7.371428571428572,2375,Belmullet
1981,13,14.671428571428573,,,11.342857142857143,5.642857142857143,6.228571428571429,2375,Belmullet
1981,14,8.114285714285714,,,13.714285714285714,5.528571428571429,0.0,2375,Belmullet
1981,15,11.485714285714286,,,12.771428571428572,6.928571428571429,1.5999999999999999,2375,Belmullet
1981,16,10.314285714285715,,,14.457142857142857,5.671428571428572,1.457142857142857,2375,Belmullet
1981,17,13.528571428571428,,,9.857142857142858,3.514285714285714,2.5285714285714285,2375,Belmullet
1981,18,13.87142857142857,,,11.5,6.214285714285714,2.5142857142857147,2375,Belmullet
1981,19,14.6,,,10.971428571428572,6.0,5.371428571428572,2375,Belmullet
1981,20,10.528571428571428,,,14.200000000000001,7.457142857142857,2.0714285714285716,2375,Belmullet
1981,21,13.571428571428571,,,15.114285714285714,8.1,2.542857142857143,2375,Belmullet
1981,22,10.685714285714285,,,14.857142857142858,8.342857142857143,4.3428571428571425,2375,Belmullet
1981,23,17.242857142857144,,,14.5,10.142857142857142,6.271428571428571,2375,Belmullet
1981,24,15.285714285714286,,,14.471428571428572,9.071428571428571,2.8714285714285714,2375,Belmullet
1981,25,12.057142857142859,,,14.5,10.171428571428573,0.39999999999999997,2375,Belmullet
1981,26,10.257142857142856,,,14.257142857142856,9.585714285714285,0.3285714285714286,2375,Belmullet
1981,27,15.4,,,15.37142857142857,9.685714285714285,1.6714285714285713,2375,Belmullet
1981,28,14.071428571428571,,,16.071428571428573,11.028571428571428,1.7714285714285716,2375,Belmullet
1981,29,11.971428571428572,,,15.385714285714286,11.228571428571428,3.9142857142857146,2375,Belmullet
1981,30,13.171428571428569,,,15.114285714285714,11.028571428571428,2.6285714285714286,2375,Belmullet
1981,31,10.157142857142857,,,16.542857142857144,10.87142857142857,1.3857142857142857,2375,Belmullet
1981,32,10.0,,,17.071428571428573,10.742857142857144,1.8,2375,Belmullet
1981,33,11.285714285714286,,,16.8,11.085714285714285,2.957142857142857,2375,Belmullet
1981,34,11.814285714285715,,,16.25714285714286,13.414285714285715,1.8714285714285714,2375,Belmullet
1981,35,8.071428571428571,,,20.514285714285712,13.557142857142859,0.27142857142857146,2375,Belmullet
1981,36,10.042857142857143,,,20.657142857142855,12.12857142857143,0.6142857142857142,2375,Belmullet
1981,37,12.857142857142858,,,17.285714285714285,10.528571428571428,8.957142857142857,2375,Belmullet
1981,38,13.6,,,16.057142857142857,11.314285714285715,3.8857142857142857,2375,Belmullet
1981,39,13.271428571428572,,,14.585714285714285,9.542857142857143,9.328571428571427,2375,Belmullet
1981,40,17.728571428571428,,,13.042857142857143,8.071428571428571,7.185714285714286,2375,Belmullet
1981,41,14.442857142857141,,,11.542857142857143,5.7,8.357142857142856,2375,Belmullet
1981,42,10.299999999999999,,,11.042857142857143,4.1,2.1714285714285713,2375,Belmullet
1981,43,12.299999999999999,,,10.842857142857143,6.128571428571428,3.914285714285714,2375,Belmullet
1981,44,16.857142857142858,,,11.185714285714285,6.371428571428572,7.528571428571429,2375,Belmullet
1981,45,12.242857142857144,,,11.471428571428572,6.171428571428572,1.7285714285714284,2375,Belmullet
1981,46,15.214285714285714,,,11.085714285714285,7.642857142857143,2.414285714285714,2375,Belmullet
1981,47,16.914285714285715,,,11.114285714285714,6.285714285714286,3.9,2375,Belmullet
1981,48,15.242857142857144,,,10.157142857142857,5.171428571428572,4.157142857142857,2375,Belmullet
1981,49,10.1,,,10.214285714285714,7.128571428571428,1.3285714285714287,2375,Belmullet
1981,50,8.185714285714285,,,4.285714285714286,-1.7142857142857142,3.7142857142857144,2375,Belmullet
1981,51,11.871428571428572,,,6.042857142857143,-0.12857142857142856,4.2,2375,Belmullet
1981,52,8.814285714285715,,,6.114285714285715,-0.04285714285714289,1.6428571428571428,2375,Belmullet
1981,53,12.328571428571427,,,7.642857142857143,4.042857142857143,6.3,2375,Belmullet
1982,1,13.928571428571429,,,3.985714285714286,-0.42857142857142855,0.7571428571428572,2375,Belmullet
1982,2,13.742857142857144,,,6.757142857142857,-0.15714285714285717,0.19999999999999998,2375,Belmullet
1982,3,12.657142857142857,,,9.014285714285714,4.371428571428572,4.171428571428572,2375,Belmullet
1982,4,15.328571428571427,,,10.414285714285715,6.942857142857143,2.042857142857143,2375,Belmullet
1982,5,17.0,,,9.957142857142857,4.671428571428572,2.9285714285714284,2375,Belmullet
1982,6,18.67142857142857,,,9.314285714285715,3.3857142857142857,5.814285714285714,2375,Belmullet
1982,7,13.285714285714286,,,8.071428571428571,2.314285714285714,3.7428571428571424,2375,Belmullet
1982,8,13.571428571428571,,,10.442857142857141,3.142857142857143,3.3714285714285714,2375,Belmullet
1982,9,18.8,,,9.785714285714286,3.5714285714285716,5.1000000000000005,2375,Belmullet
1982,10,19.62857142857143,,,8.299999999999999,2.0,9.671428571428573,2375,Belmullet
1982,11,14.714285714285714,,,9.457142857142857,2.7857142857142856,4.571428571428571,2375,Belmullet
1982,12,13.585714285714285,,,11.414285714285715,4.914285714285714,0.0,2375,Belmullet
1982,13,10.157142857142857,,,11.385714285714286,4.414285714285714,1.5428571428571427,2375,Belmullet
1982,14,10.4,,,12.028571428571428,5.271428571428571,1.7857142857142858,2375,Belmullet
1982,15,8.585714285714285,,,13.414285714285715,5.314285714285714,0.07142857142857142,2375,Belmullet
1982,16,10.785714285714286,,,12.814285714285715,6.271428571428571,0.2571428571428572,2375,Belmullet
1982,17,14.12857142857143,,,12.428571428571429,6.014285714285714,1.7,2375,Belmullet
1982,18,12.814285714285715,,,10.657142857142857,3.557142857142857,3.4714285714285715,2375,Belmullet
1982,19,12.671428571428573,,,16.428571428571427,8.414285714285715,0.7000000000000001,2375,Belmullet
1982,20,11.071428571428571,,,14.37142857142857,7.485714285714286,3.6571428571428575,2375,Belmullet
1982,21,18.75714285714286,,,15.114285714285714,9.671428571428573,1.2857142857142858,2375,Belmullet
1982,22,9.757142857142856,,,19.62857142857143,11.799999999999999,0.7000000000000001,2375,Belmullet
1982,23,9.842857142857143,,,17.72857142857143,9.37142857142857,3.185714285714286,2375,Belmullet
1982,24,10.571428571428571,,,17.0,9.285714285714286,4.3999999999999995,2375,Belmullet
1982,25,11.885714285714286,,,16.228571428571428,10.37142857142857,1.5285714285714285,2375,Belmullet
1982,26,15.442857142857141,,,16.34285714285714,11.085714285714285,0.8714285714285716,2375,Belmullet
1982,27,8.742857142857144,,,16.928571428571427,10.028571428571428,2.5,2375,Belmullet
1982,28,8.142857142857142,,,17.842857142857145,10.4,0.5571428571428572,2375,Belmullet
1982,29,10.328571428571427,,,18.5,11.985714285714286,0.0,2375,Belmullet
1982,30,6.042857142857143,,,21.442857142857143,10.885714285714286,0.0,2375,Belmullet
1982,31,9.285714285714286,,,18.942857142857143,12.242857142857144,1.157142857142857,2375,Belmullet
1982,32,13.214285714285714,,,17.84285714285714,10.428571428571429,2.242857142857143,2375,Belmullet
1982,33,17.157142857142855,,,15.785714285714286,10.914285714285715,5.257142857142857,2375,Belmullet
1982,34,15.642857142857142,,,15.671428571428573,9.185714285714285,5.0,2375,Belmullet
1982,35,14.442857142857141,,,15.857142857142858,11.028571428571428,1.4428571428571428,2375,Belmullet
1982,36,16.3,,,16.17142857142857,11.0,3.8000000000000003,2375,Belmullet
1982,37,12.957142857142857,,,16.314285714285713,11.471428571428572,0.9428571428571428,2375,Belmullet
1982,38,13.285714285714286,,,13.957142857142857,6.714285714285714,2.5,2375,Belmullet
1982,39,17.47142857142857,,,13.785714285714286,8.685714285714285,7.457142857142856,2375,Belmullet
1982,40,12.214285714285714,,,13.228571428571428,7.942857142857142,1.8714285714285717,2375,Belmullet
1982,41,14.242857142857144,,,13.071428571428571,7.1571428571428575,8.671428571428573,2375,Belmullet
1982,42,13.942857142857145,,,11.642857142857142,6.971428571428571,4.128571428571428,2375,Belmullet
1982,43,20.17142857142857,,,13.157142857142857,7.885714285714286,6.114285714285714,2375,Belmullet
1982,44,8.071428571428571,,,11.842857142857143,5.057142857142857,1.157142857142857,2375,Belmullet
1982,45,18.8,,,10.585714285714285,5.771428571428571,7.414285714285714,2375,Belmullet
1982,46,21.02857142857143,,,10.671428571428573,4.871428571428572,5.271428571428571,2375,Belmullet
1982,47,10.885714285714286,,,7.557142857142857,2.4857142857142853,5.885714285714286,2375,Belmullet
1982,48,14.985714285714286,,,9.4,4.414285714285714,1.657142857142857,2375,Belmullet
1982,49,11.271428571428572,,,7.771428571428572,2.0,5.314285714285715,2375,Belmullet
1982,50,20.342857142857145,,,8.957142857142857,2.0571428571428574,7.8999999999999995,2375,Belmullet
1982,51,16.642857142857142,,,9.014285714285714,5.1000000000000005,4.614285714285714,2375,Belmullet
1982,52,18.414285714285715,,,10.242857142857144,4.771428571428571,5.071428571428571,2375,Belmullet
1983,1,22.057142857142857,,,9.757142857142856,4.757142857142857,3.5,2375,Belmullet
1983,2,18.714285714285715,,,10.0,6.385714285714286,4.8428571428571425,2375,Belmullet
1983,3,15.585714285714285,,,8.785714285714286,4.628571428571428,3.0285714285714285,2375,Belmullet
1983,4,19.214285714285715,,,9.6,5.171428571428572,4.814285714285715,2375,Belmullet
1983,5,18.228571428571428,,,8.357142857142858,2.0,5.128571428571428,2375,Belmullet
1983,6,11.428571428571429,,,6.928571428571429,1.542857142857143,0.9714285714285714,2375,Belmullet
1983,7,8.8,,,6.485714285714286,0.3000000000000001,0.27142857142857146,2375,Belmullet
1983,8,13.742857142857144,,,8.285714285714286,3.542857142857143,1.2857142857142858,2375,Belmullet
1983,9,12.957142857142857,,,10.4,6.057142857142857,0.9142857142857144,2375,Belmullet
1983,10,13.814285714285715,,,10.328571428571427,7.557142857142857,1.0,2375,Belmullet
1983,11,14.071428571428571,,,10.414285714285715,5.371428571428571,4.7,2375,Belmullet
1983,12,18.114285714285714,,,9.557142857142859,3.585714285714286,4.485714285714286,2375,Belmullet
1983,13,14.085714285714285,,,9.571428571428571,3.357142857142857,2.6,2375,Belmullet
1983,14,8.185714285714285,,,9.271428571428572,1.657142857142857,1.4000000000000001,2375,Belmullet
1983,15,12.928571428571429,,,10.085714285714285,4.514285714285714,2.1,2375,Belmullet
1983,16,10.114285714285714,,,10.242857142857144,1.3571428571428572,2.042857142857143,2375,Belmullet
1983,17,9.87142857142857,,,11.971428571428572,3.9857142857142853,1.942857142857143,2375,Belmullet
1983,18,9.485714285714286,,,13.742857142857144,5.928571428571429,2.2142857142857144,2375,Belmullet
1983,19,13.414285714285715,,,12.014285714285714,5.785714285714286,5.771428571428571,2375,Belmullet
1983,20,13.985714285714286,,,12.814285714285715,7.1571428571428575,3.257142857142857,2375,Belmullet
1983,21,9.614285714285714,,,13.185714285714285,7.142857142857143,0.4571428571428572,2375,Belmullet
1983,22,11.4,,,14.87142857142857,8.957142857142857,1.2571428571428573,2375,Belmullet
1983,23,13.771428571428572,,,15.657142857142857,9.828571428571427,1.5142857142857142,2375,Belmullet
1983,24,13.271428571428572,,,15.985714285714286,8.82857142857143,1.5714285714285714,2375,Belmullet
1983,25,9.514285714285714,,,16.8,8.714285714285714,0.19999999999999998,2375,Belmullet
1983,26,12.828571428571427,,,15.328571428571427,10.142857142857142,2.1571428571428575,2375,Belmullet
1983,27,9.928571428571429,,,22.17142857142857,13.485714285714286,2.6999999999999997,2375,Belmullet
1983,28,7.028571428571429,,,20.814285714285713,13.471428571428572,0.19999999999999998,2375,Belmullet
1983,29,6.485714285714286,,,18.17142857142857,11.1,0.014285714285714287,2375,Belmullet
1983,30,8.985714285714286,,,18.02857142857143,12.928571428571429,0.7571428571428572,2375,Belmullet
1983,31,8.9,,,18.357142857142858,11.442857142857141,1.3571428571428572,2375,Belmullet
1983,32,7.785714285714286,,,19.7,11.62857142857143,0.028571428571428574,2375,Belmullet
1983,33,8.285714285714286,,,20.97142857142857,14.485714285714286,3.0285714285714285,2375,Belmullet
1983,34,7.071428571428571,,,18.557142857142857,12.071428571428571,1.7,2375,Belmullet
1983,35,18.014285714285712,,,17.428571428571427,12.071428571428571,4.642857142857143,2375,Belmullet
1983,36,12.6,,,15.671428571428573,9.657142857142857,3.4857142857142853,2375,Belmullet
1983,37,14.37142857142857,,,14.87142857142857,9.857142857142858,4.642857142857143,2375,Belmullet
1983,38,11.942857142857141,,,15.414285714285715,7.771428571428571,2.7142857142857144,2375,Belmullet
1983,39,13.985714285714286,,,17.114285714285714,13.428571428571429,0.7000000000000001,2375,Belmullet
1983,40,18.400000000000002,,,14.6,10.142857142857142,6.828571428571428,2375,Belmullet
1983,41,23.485714285714288,,,12.62857142857143,7.228571428571429,11.314285714285715,2375,Belmullet
1983,42,14.842857142857142,,,12.485714285714286,6.871428571428572,2.4285714285714284,2375,Belmullet
1983,43,16.1,,,11.62857142857143,5.8,1.042857142857143,2375,Belmullet
1983,44,13.9,,,12.299999999999999,7.257142857142857,1.7142857142857142,2375,Belmullet
1983,45,12.671428571428573,,,13.1,8.557142857142857,1.0714285714285714,2375,Belmullet
1983,46,7.614285714285714,,,10.014285714285714,3.742857142857143,0.5142857142857143,2375,Belmullet
1983,47,9.471428571428572,,,10.257142857142856,4.542857142857143,2.9857142857142853,2375,Belmullet
1983,48,16.071428571428573,,,11.714285714285714,8.528571428571428,1.6142857142857143,2375,Belmullet
1983,49,12.071428571428571,,,9.514285714285714,4.0,5.742857142857143,2375,Belmullet
1983,50,14.214285714285714,,,8.985714285714286,4.042857142857143,6.557142857142858,2375,Belmullet
1983,51,11.442857142857141,,,9.285714285714286,4.428571428571429,5.357142857142857,2375,Belmullet
1983,52,20.099999999999998,,,11.242857142857144,7.214285714285714,2.7857142857142856,2375,Belmullet
1984,1,18.38571428571429,,,8.885714285714286,3.242857142857143,5.642857142857143,2375,Belmullet
1984,2,22.82857142857143,,,9.414285714285713,2.457142857142857,6.814285714285715,2375,Belmullet
1984,3,15.585714285714285,,,6.6571428571428575,0.8142857142857143,5.357142857142857,2375,Belmullet
1984,4,13.614285714285714,,,6.357142857142857,1.457142857142857,7.685714285714285,2375,Belmullet
1984,5,16.47142857142857,,,9.614285714285714,3.3714285714285714,9.042857142857143,2375,Belmullet
1984,6,13.428571428571429,,,9.614285714285714,5.3,1.5714285714285714,2375,Belmullet
1984,7,11.87142857142857,,,9.714285714285714,3.1714285714285713,1.4428571428571428,2375,Belmullet
1984,8,9.557142857142859,,,8.014285714285714,3.0714285714285716,2.6142857142857143,2375,Belmullet
1984,9,11.214285714285714,,,9.828571428571427,4.128571428571428,1.3000000000000003,2375,Belmullet
1984,10,5.014285714285714,,,10.528571428571428,5.871428571428572,1.0714285714285714,2375,Belmullet
1984,11,9.714285714285714,,,8.27142857142857,0.3,1.957142857142857,2375,Belmullet
1984,12,10.728571428571428,,,9.0,1.042857142857143,2.2142857142857144,2375,Belmullet
1984,13,7.8428571428571425,,,9.87142857142857,0.7999999999999999,0.34285714285714286,2375,Belmullet
1984,14,11.77142857142857,,,9.9,3.4285714285714284,1.1,2375,Belmullet
1984,15,13.157142857142857,,,10.728571428571428,5.057142857142857,1.0,2375,Belmullet
1984,16,14.271428571428572,,,12.171428571428573,5.571428571428571,2.257142857142857,2375,Belmullet
1984,17,6.471428571428572,,,21.042857142857144,6.828571428571429,0.0,2375,Belmullet
1984,18,9.728571428571428,,,15.457142857142857,6.971428571428571,1.1,2375,Belmullet
1984,19,7.357142857142857,,,14.4,3.242857142857143,0.0,2375,Belmullet
1984,20,8.257142857142858,,,12.657142857142857,4.728571428571429,1.885714285714286,2375,Belmullet
1984,21,11.4,,,13.242857142857144,6.971428571428571,1.7,2375,Belmullet
1984,22,10.585714285714285,,,14.485714285714286,6.3,5.757142857142857,2375,Belmullet
1984,23,7.728571428571428,,,15.700000000000001,9.171428571428573,0.7714285714285715,2375,Belmullet
1984,24,11.314285714285715,,,15.485714285714286,11.428571428571429,3.942857142857143,2375,Belmullet
1984,25,12.028571428571428,,,15.457142857142857,10.085714285714285,0.7714285714285715,2375,Belmullet
1984,26,9.828571428571427,,,15.071428571428571,10.442857142857141,0.042857142857142864,2375,Belmullet
1984,27,10.385714285714286,,,18.542857142857144,11.042857142857143,0.37142857142857144,2375,Belmullet
1984,28,10.457142857142857,,,17.428571428571427,12.585714285714285,3.3000000000000003,2375,Belmullet
1984,29,9.299999999999999,,,17.614285714285717,12.642857142857142,0.05714285714285715,2375,Belmullet
1984,30,11.614285714285714,,,18.185714285714287,12.828571428571427,3.2857142857142856,2375,Belmullet
1984,31,9.942857142857141,,,17.814285714285713,10.200000000000001,3.3999999999999995,2375,Belmullet
1984,32,7.271428571428571,,,17.4,10.9,0.9571428571428571,2375,Belmullet
1984,33,7.328571428571428,,,19.857142857142858,10.985714285714286,1.2142857142857142,2375,Belmullet
1984,34,7.114285714285714,,,23.057142857142857,15.4,0.4857142857142857,2375,Belmullet
1984,35,13.771428571428572,,,18.585714285714285,14.485714285714286,1.6857142857142857,2375,Belmullet
1984,36,11.657142857142857,,,16.757142857142856,10.700000000000001,1.2857142857142858,2375,Belmullet
1984,37,12.028571428571428,,,16.714285714285715,10.385714285714286,3.3857142857142857,2375,Belmullet
1984,38,16.071428571428573,,,14.785714285714286,9.314285714285715,4.371428571428572,2375,Belmullet
1984,39,9.557142857142859,,,14.042857142857144,5.514285714285714,3.9285714285714284,2375,Belmullet
1984,40,9.014285714285714,,,13.642857142857142,4.814285714285715,3.0142857142857147,2375,Belmullet
1984,41,15.200000000000001,,,14.442857142857141,10.200000000000001,3.085714285714286,2375,Belmullet
1984,42,14.799999999999999,,,13.514285714285714,7.357142857142857,11.62857142857143,2375,Belmullet
1984,43,12.942857142857141,,,12.1,6.814285714285715,7.542857142857144,2375,Belmullet
1984,44,12.742857142857144,,,11.957142857142857,5.7,4.942857142857143,2375,Belmullet
1984,45,7.971428571428571,,,10.257142857142856,4.5285714285714285,5.485714285714286,2375,Belmullet
1984,46,5.914285714285714,,,9.214285714285714,1.2714285714285716,4.085714285714285,2375,Belmullet
1984,47,13.328571428571427,,,10.271428571428572,4.071428571428571,11.342857142857143,2375,Belmullet
1984,48,16.04285714285714,,,9.114285714285714,4.114285714285715,12.942857142857141,2375,Belmullet
1984,49,12.12857142857143,,,10.414285714285715,4.142857142857143,5.8428571428571425,2375,Belmullet
1984,50,11.457142857142857,,,9.4,5.442857142857143,2.871428571428571,2375,Belmullet
1984,51,14.799999999999999,,,10.014285714285714,5.142857142857143,5.228571428571429,2375,Belmullet
1984,52,10.085714285714285,,,8.985714285714286,1.657142857142857,4.114285714285715,2375,Belmullet
1985,1,5.428571428571429,,,5.614285714285715,-1.8285714285714287,0.0,2375,Belmullet
1985,2,5.357142857142857,,,6.542857142857143,-1.0,0.6857142857142857,2375,Belmullet
1985,3,9.257142857142856,,,2.6142857142857143,-3.5,1.5999999999999999,2375,Belmullet
1985,4,12.200000000000001,,,6.742857142857143,-0.21428571428571427,7.8,2375,Belmullet
1985,5,14.785714285714286,,,10.514285714285714,6.314285714285715,2.0428571428571427,2375,Belmullet
1985,6,13.700000000000001,,,7.742857142857142,3.6,1.7142857142857142,2375,Belmullet
1985,7,12.314285714285715,,,3.3285714285714287,-2.685714285714286,0.5571428571428572,2375,Belmullet
1985,8,14.12857142857143,,,9.571428571428571,2.1285714285714286,1.7285714285714284,2375,Belmullet
1985,9,11.200000000000001,,,10.314285714285715,4.185714285714286,3.3000000000000003,2375,Belmullet
1985,10,16.742857142857144,,,10.028571428571428,4.414285714285715,1.7571428571428573,2375,Belmullet
1985,11,12.5,,,9.071428571428571,2.1285714285714286,1.6285714285714286,2375,Belmullet
1985,12,12.87142857142857,,,6.485714285714286,1.8571428571428572,4.2,2375,Belmullet
1985,13,13.785714285714286,,,10.299999999999999,4.428571428571429,4.114285714285714,2375,Belmullet
1985,14,15.885714285714286,,,11.985714285714286,7.0857142857142845,3.557142857142857,2375,Belmullet
1985,15,14.485714285714286,,,11.0,4.414285714285714,6.6571428571428575,2375,Belmullet
1985,16,14.042857142857143,,,12.485714285714286,6.428571428571429,0.35714285714285715,2375,Belmullet
1985,17,11.042857142857143,,,11.571428571428571,3.6142857142857143,1.0714285714285714,2375,Belmullet
1985,18,9.6,,,10.957142857142857,5.142857142857143,2.1714285714285713,2375,Belmullet
1985,19,9.814285714285715,,,12.942857142857145,3.1,1.457142857142857,2375,Belmullet
1985,20,11.771428571428572,,,14.242857142857144,8.6,2.1857142857142855,2375,Belmullet
1985,21,9.857142857142858,,,13.314285714285715,6.8428571428571425,9.62857142857143,2375,Belmullet
1985,22,8.685714285714285,,,16.857142857142858,6.242857142857143,1.5999999999999999,2375,Belmullet
1985,23,13.985714285714286,,,14.0,7.971428571428571,1.6857142857142857,2375,Belmullet
1985,24,11.771428571428572,,,13.657142857142857,7.714285714285714,2.1714285714285713,2375,Belmullet
1985,25,11.457142857142857,,,15.442857142857141,9.571428571428571,3.957142857142857,2375,Belmullet
1985,26,11.428571428571429,,,15.442857142857141,10.214285714285714,0.24285714285714285,2375,Belmullet
1985,27,12.214285714285714,,,16.642857142857142,12.028571428571428,1.5,2375,Belmullet
1985,28,10.771428571428572,,,15.62857142857143,10.685714285714285,2.7142857142857144,2375,Belmullet
1985,29,15.7,,,15.742857142857144,10.557142857142859,3.7142857142857144,2375,Belmullet
1985,30,10.571428571428571,,,16.571428571428573,11.414285714285715,2.9857142857142853,2375,Belmullet
1985,31,12.842857142857143,,,15.714285714285714,11.214285714285714,4.428571428571429,2375,Belmullet
1985,32,14.185714285714285,,,15.071428571428571,10.085714285714285,5.357142857142857,2375,Belmullet
1985,33,10.4,,,16.65714285714286,9.557142857142859,6.585714285714286,2375,Belmullet
1985,34,14.228571428571428,,,15.1,10.87142857142857,8.842857142857143,2375,Belmullet
1985,35,13.4,,,15.37142857142857,9.4,7.471428571428571,2375,Belmullet
1985,36,11.357142857142858,,,14.914285714285715,9.485714285714286,3.4142857142857146,2375,Belmullet
1985,37,16.114285714285714,,,15.7,10.799999999999999,4.1571428571428575,2375,Belmullet
1985,38,12.842857142857143,,,14.957142857142857,10.9,14.599999999999998,2375,Belmullet
1985,39,9.314285714285715,,,17.614285714285717,11.971428571428572,2.5142857142857147,2375,Belmullet
1985,40,20.17142857142857,,,15.342857142857143,11.5,11.042857142857143,2375,Belmullet
1985,41,13.37142857142857,,,13.942857142857141,9.542857142857143,2.4285714285714284,2375,Belmullet
1985,42,4.371428571428572,,,14.671428571428573,8.414285714285715,0.05714285714285714,2375,Belmullet
1985,43,7.057142857142857,,,13.642857142857142,5.614285714285714,0.2285714285714286,2375,Belmullet
1985,44,7.357142857142857,,,11.37142857142857,2.0142857142857142,2.3000000000000003,2375,Belmullet
1985,45,15.87142857142857,,,10.700000000000001,5.057142857142857,4.8,2375,Belmullet
1985,46,11.014285714285714,,,10.242857142857144,2.742857142857143,3.642857142857143,2375,Belmullet
1985,47,5.028571428571429,,,8.142857142857142,0.28571428571428575,0.2285714285714286,2375,Belmullet
1985,48,8.057142857142859,,,8.328571428571427,1.7571428571428573,3.442857142857143,2375,Belmullet
1985,49,13.685714285714285,,,10.214285714285714,6.1571428571428575,5.585714285714286,2375,Belmullet
1985,50,13.814285714285713,,,10.857142857142858,6.0,3.057142857142857,2375,Belmullet
1985,51,17.557142857142857,,,10.799999999999999,6.514285714285714,6.171428571428572,2375,Belmullet
1985,52,8.2,,,5.728571428571429,1.0857142857142856,2.314285714285714,2375,Belmullet
1986,1,11.342857142857142,,,7.242857142857142,1.1,7.271428571428571,2375,Belmullet
1986,2,15.62857142857143,,,8.571428571428571,2.914285714285714,2.7857142857142856,2375,Belmullet
1986,3,16.9,,,9.271428571428572,3.1999999999999997,5.385714285714286,2375,Belmullet
1986,4,17.885714285714286,,,7.8999999999999995,2.557142857142857,3.085714285714286,2375,Belmullet
1986,5,13.742857142857144,,,5.3999999999999995,1.9000000000000001,2.942857142857143,2375,Belmullet
1986,6,9.042857142857143,,,4.571428571428571,-0.5714285714285714,0.5142857142857143,2375,Belmullet
1986,7,16.928571428571427,,,4.985714285714286,0.7857142857142857,0.05714285714285715,2375,Belmullet
1986,8,8.057142857142857,,,5.057142857142857,-2.4857142857142853,0.028571428571428574,2375,Belmullet
1986,9,9.057142857142857,,,4.885714285714286,-4.114285714285715,0.0,2375,Belmullet
1986,10,16.8,,,9.442857142857141,3.814285714285714,5.042857142857143,2375,Belmullet
1986,11,17.12857142857143,,,10.028571428571428,5.314285714285715,5.057142857142857,2375,Belmullet
1986,12,20.357142857142858,,,9.37142857142857,3.157142857142857,5.542857142857143,2375,Belmullet
1986,13,14.12857142857143,,,8.3,1.8142857142857143,6.6000000000000005,2375,Belmullet
1986,14,10.62857142857143,,,8.942857142857143,0.6714285714285715,1.5714285714285714,2375,Belmullet
1986,15,11.714285714285714,,,8.814285714285715,2.0,0.8428571428571429,2375,Belmullet
1986,16,17.099999999999998,,,8.9,3.5142857142857147,5.642857142857143,2375,Belmullet
1986,17,9.700000000000001,,,10.428571428571429,2.3428571428571425,3.5571428571428574,2375,Belmullet
1986,18,18.585714285714285,,,10.328571428571427,5.442857142857143,6.371428571428572,2375,Belmullet
1986,19,13.414285714285715,,,13.114285714285714,7.028571428571429,6.242857142857143,2375,Belmullet
1986,20,15.342857142857143,,,12.571428571428571,6.171428571428572,2.742857142857143,2375,Belmullet
1986,21,19.87142857142857,,,13.157142857142857,7.442857142857143,4.557142857142857,2375,Belmullet
1986,22,13.942857142857141,,,11.971428571428572,7.8,4.857142857142857,2375,Belmullet
1986,23,9.842857142857143,,,12.5,8.3,2.1285714285714286,2375,Belmullet
1986,24,9.785714285714286,,,16.428571428571427,7.514285714285714,2.1142857142857143,2375,Belmullet
1986,25,9.271428571428572,,,17.728571428571428,9.342857142857143,0.7428571428571429,2375,Belmullet
1986,26,7.057142857142857,,,18.585714285714285,12.214285714285714,3.585714285714286,2375,Belmullet
1986,27,10.271428571428572,,,15.785714285714286,11.485714285714286,6.714285714285714,2375,Belmullet
1986,28,9.185714285714285,,,15.857142857142858,11.12857142857143,4.3999999999999995,2375,Belmullet
1986,29,14.200000000000001,,,15.942857142857145,11.928571428571429,2.2,2375,Belmullet
1986,30,12.014285714285714,,,15.428571428571429,10.585714285714285,1.4142857142857144,2375,Belmullet
1986,31,9.257142857142856,,,15.057142857142855,8.842857142857143,6.5,2375,Belmullet
1986,32,8.485714285714286,,,16.5,7.971428571428571,5.742857142857143,2375,Belmullet
1986,33,10.714285714285714,,,16.157142857142855,10.142857142857142,3.7142857142857144,2375,Belmullet
1986,34,8.671428571428573,,,15.071428571428571,7.971428571428572,1.1285714285714286,2375,Belmullet
1986,35,13.257142857142856,,,14.12857142857143,7.528571428571428,2.957142857142857,2375,Belmullet
1986,36,10.342857142857143,,,14.685714285714285,7.628571428571428,0.7,2375,Belmullet
1986,37,8.957142857142857,,,13.928571428571429,4.257142857142857,0.09999999999999999,2375,Belmullet
1986,38,11.014285714285714,,,13.885714285714286,6.942857142857143,0.7714285714285715,2375,Belmullet
1986,39,11.814285714285715,,,15.4,10.157142857142857,1.9714285714285713,2375,Belmullet
1986,40,13.457142857142857,,,15.757142857142856,11.12857142857143,1.0142857142857145,2375,Belmullet
1986,41,17.52857142857143,,,15.342857142857143,11.342857142857143,2.1714285714285717,2375,Belmullet
1986,42,15.442857142857141,,,13.442857142857141,7.614285714285714,6.457142857142857,2375,Belmullet
1986,43,20.12857142857143,,,11.071428571428571,6.485714285714286,8.1,2375,Belmullet
1986,44,17.228571428571428,,,11.214285714285714,5.528571428571429,7.8,2375,Belmullet
1986,45,19.357142857142858,,,12.114285714285714,6.542857142857143,6.142857142857143,2375,Belmullet
1986,46,17.085714285714285,,,10.785714285714286,5.228571428571429,8.1,2375,Belmullet
1986,47,16.95714285714286,,,8.757142857142856,3.042857142857143,6.7,2375,Belmullet
1986,48,19.042857142857144,,,11.62857142857143,7.457142857142857,3.457142857142857,2375,Belmullet
1986,49,18.87142857142857,,,10.814285714285715,4.957142857142857,14.799999999999999,2375,Belmullet
1986,50,15.9,,,8.357142857142858,2.642857142857143,6.228571428571429,2375,Belmullet
1986,51,18.814285714285713,,,8.528571428571428,1.9142857142857144,7.957142857142856,2375,Belmullet
1986,52,14.485714285714286,,,9.285714285714286,4.614285714285714,1.4285714285714286,2375,Belmullet
1987,1,15.87142857142857,,,10.042857142857143,5.2,4.4714285714285715,2375,Belmullet
1987,2,12.157142857142857,,,6.728571428571429,0.9571428571428571,1.7714285714285716,2375,Belmullet
1987,3,12.6,,,3.6999999999999997,-0.9428571428571431,2.857142857142857,2375,Belmullet
1987,4,7.885714285714286,,,9.271428571428572,4.628571428571428,0.9571428571428572,2375,Belmullet
1987,5,6.3,,,6.985714285714286,-0.8142857142857143,0.48571428571428577,2375,Belmullet
1987,6,13.414285714285715,,,10.342857142857143,4.142857142857142,2.914285714285714,2375,Belmullet
1987,7,6.814285714285715,,,7.285714285714286,0.4428571428571428,3.728571428571428,2375,Belmullet
1987,8,5.485714285714286,,,7.828571428571428,-1.342857142857143,0.6571428571428571,2375,Belmullet
1987,9,14.1,,,9.200000000000001,4.2,4.442857142857143,2375,Belmullet
1987,10,13.457142857142857,,,10.671428571428573,3.9285714285714284,1.8285714285714285,2375,Belmullet
1987,11,9.771428571428572,,,9.157142857142857,1.4857142857142858,0.7000000000000001,2375,Belmullet
1987,12,13.6,,,7.6571428571428575,0.8714285714285716,5.385714285714286,2375,Belmullet
1987,13,14.985714285714286,,,8.814285714285715,2.6571428571428575,6.257142857142857,2375,Belmullet
1987,14,14.299999999999999,,,8.914285714285715,3.7142857142857144,2.2285714285714286,2375,Belmullet
1987,15,9.971428571428572,,,10.928571428571429,3.3714285714285714,2.5,2375,Belmullet
1987,16,13.642857142857142,,,13.714285714285714,8.028571428571428,0.7000000000000001,2375,Belmullet
1987,17,9.842857142857143,,,15.571428571428571,7.414285714285714,0.41428571428571426,2375,Belmullet
1987,18,12.142857142857142,,,13.214285714285714,6.271428571428571,2.871428571428571,2375,Belmullet
1987,19,9.200000000000001,,,12.628571428571428,7.614285714285714,0.014285714285714287,2375,Belmullet
1987,20,13.757142857142856,,,11.442857142857141,6.685714285714285,1.8,2375,Belmullet
1987,21,11.842857142857143,,,13.157142857142857,7.028571428571429,0.07142857142857142,2375,Belmullet
1987,22,12.12857142857143,,,15.700000000000001,9.642857142857142,3.1142857142857143,2375,Belmullet
1987,23,11.200000000000001,,,13.685714285714285,9.62857142857143,4.728571428571429,2375,Belmullet
1987,24,12.414285714285715,,,12.685714285714285,6.1000000000000005,2.5714285714285716,2375,Belmullet
1987,25,9.471428571428572,,,14.714285714285714,8.128571428571428,1.9000000000000001,2375,Belmullet
1987,26,9.485714285714286,,,16.571428571428573,11.328571428571427,2.2857142857142856,2375,Belmullet
1987,27,17.185714285714287,,,16.3,11.9,1.1428571428571428,2375,Belmullet
1987,28,11.057142857142859,,,16.928571428571427,11.585714285714285,7.171428571428571,2375,Belmullet
1987,29,12.37142857142857,,,17.67142857142857,11.942857142857141,4.885714285714286,2375,Belmullet
1987,30,10.528571428571428,,,16.0,11.828571428571427,0.2285714285714286,2375,Belmullet
1987,31,11.857142857142858,,,16.571428571428573,12.671428571428573,2.5142857142857147,2375,Belmullet
1987,32,8.242857142857142,,,16.228571428571428,8.957142857142857,0.5714285714285714,2375,Belmullet
1987,33,13.771428571428572,,,17.885714285714286,13.314285714285715,6.742857142857143,2375,Belmullet
1987,34,8.642857142857142,,,18.071428571428573,11.857142857142858,4.8428571428571425,2375,Belmullet
1987,35,9.299999999999999,,,17.357142857142858,11.87142857142857,0.4428571428571429,2375,Belmullet
1987,36,15.228571428571428,,,17.185714285714287,10.714285714285714,2.814285714285714,2375,Belmullet
1987,37,16.0,,,16.1,11.285714285714286,5.757142857142858,2375,Belmullet
1987,38,12.228571428571428,,,15.985714285714286,10.471428571428572,5.585714285714286,2375,Belmullet
1987,39,11.528571428571428,,,14.485714285714286,8.6,3.7285714285714286,2375,Belmullet
1987,40,9.914285714285715,,,15.085714285714285,8.285714285714286,0.3428571428571429,2375,Belmullet
1987,41,13.971428571428572,,,11.5,5.3,7.214285714285714,2375,Belmullet
1987,42,13.828571428571427,,,12.071428571428571,5.985714285714286,2.7714285714285714,2375,Belmullet
1987,43,10.514285714285714,,,11.12857142857143,4.628571428571428,8.857142857142858,2375,Belmullet
1987,44,8.257142857142856,,,12.014285714285714,6.285714285714286,1.0857142857142856,2375,Belmullet
1987,45,6.214285714285714,,,11.642857142857142,4.528571428571429,3.3285714285714287,2375,Belmullet
1987,46,17.97142857142857,,,10.428571428571429,6.257142857142857,6.642857142857143,2375,Belmullet
1987,47,17.357142857142858,,,11.299999999999999,7.6571428571428575,1.542857142857143,2375,Belmullet
1987,48,12.085714285714285,,,8.957142857142857,4.542857142857143,1.542857142857143,2375,Belmullet
1987,49,8.357142857142858,,,7.1571428571428575,2.5,0.08571428571428572,2375,Belmullet
1987,50,8.471428571428572,,,5.814285714285715,0.2857142857142857,0.14285714285714285,2375,Belmullet
1987,51,13.571428571428571,,,9.700000000000001,6.471428571428571,5.942857142857142,2375,Belmullet
1987,52,16.7,,,10.828571428571427,7.828571428571428,5.428571428571429,2375,Belmullet
1987,53,19.014285714285712,,,10.757142857142856,6.985714285714286,6.142857142857143,2375,Belmullet
1988,1,13.785714285714286,,,7.9,2.3714285714285714,3.9285714285714284,2375,Belmullet
1988,2,14.871428571428572,,,8.9,3.185714285714286,8.985714285714286,2375,Belmullet
1988,3,12.528571428571428,,,7.357142857142857,1.9857142857142858,8.8,2375,Belmullet
1988,4,13.799999999999999,,,7.814285714285715,3.3714285714285714,4.8,2375,Belmullet
1988,5,18.599999999999998,,,7.5857142857142845,2.8000000000000003,6.799999999999999,2375,Belmullet
1988,6,21.585714285714285,,,8.085714285714285,1.5999999999999999,9.157142857142858,2375,Belmullet
1988,7,8.685714285714285,,,9.471428571428572,5.185714285714285,1.2857142857142858,2375,Belmullet
1988,8,11.657142857142857,,,9.685714285714285,5.285714285714286,0.7714285714285715,2375,Belmullet
1988,9,14.671428571428573,,,8.7,3.1,1.9142857142857144,2375,Belmullet
1988,10,11.828571428571427,,,10.785714285714286,6.714285714285714,3.6142857142857143,2375,Belmullet
1988,11,13.557142857142855,,,10.5,5.571428571428571,5.371428571428572,2375,Belmullet
1988,12,18.614285714285717,,,10.5,5.357142857142857,3.7285714285714286,2375,Belmullet
1988,13,13.128571428571428,,,10.285714285714286,4.357142857142857,3.3285714285714287,2375,Belmullet
1988,14,9.614285714285714,,,11.4,3.957142857142857,0.11428571428571428,2375,Belmullet
1988,15,11.742857142857144,,,12.799999999999999,6.785714285714286,1.4714285714285715,2375,Belmullet
1988,16,11.257142857142856,,,15.014285714285714,8.185714285714285,3.314285714285714,2375,Belmullet
1988,17,9.585714285714285,,,13.471428571428572,5.642857142857143,0.9714285714285714,2375,Belmullet
1988,18,12.085714285714285,,,13.457142857142857,6.557142857142857,0.17142857142857143,2375,Belmullet
1988,19,9.642857142857142,,,16.057142857142857,8.185714285714285,1.542857142857143,2375,Belmullet
1988,20,11.299999999999999,,,14.742857142857144,5.7,0.4,2375,Belmullet
1988,21,13.385714285714286,,,13.142857142857142,6.514285714285714,5.671428571428572,2375,Belmullet
1988,22,12.12857142857143,,,14.028571428571428,9.157142857142857,2.357142857142857,2375,Belmullet
1988,23,11.971428571428572,,,16.12857142857143,9.942857142857141,0.7857142857142857,2375,Belmullet
1988,24,7.114285714285714,,,16.285714285714285,10.557142857142859,0.014285714285714287,2375,Belmullet
1988,25,9.514285714285714,,,16.585714285714285,11.014285714285714,0.7000000000000001,2375,Belmullet
1988,26,10.471428571428572,,,16.785714285714285,11.257142857142856,5.528571428571429,2375,Belmullet
1988,27,12.799999999999999,,,14.928571428571429,11.042857142857143,6.457142857142857,2375,Belmullet
1988,28,11.828571428571427,,,15.514285714285714,9.985714285714286,2.2857142857142856,2375,Belmullet
1988,29,11.6,,,16.228571428571428,11.557142857142859,4.1571428571428575,2375,Belmullet
1988,30,15.6,,,15.385714285714286,10.071428571428571,3.6714285714285713,2375,Belmullet
1988,31,11.842857142857143,,,16.814285714285713,11.37142857142857,3.085714285714286,2375,Belmullet
1988,32,15.299999999999999,,,16.1,11.728571428571428,9.214285714285714,2375,Belmullet
1988,33,11.6,,,17.014285714285712,11.714285714285714,2.8428571428571425,2375,Belmullet
1988,34,13.557142857142859,,,15.4,9.700000000000001,3.0,2375,Belmullet
1988,35,18.67142857142857,,,15.0,10.642857142857142,7.171428571428572,2375,Belmullet
1988,36,12.042857142857143,,,16.1,11.642857142857142,5.1000000000000005,2375,Belmullet
1988,37,8.142857142857142,,,13.928571428571429,9.957142857142857,0.3,2375,Belmullet
1988,38,14.614285714285714,,,15.171428571428573,9.62857142857143,4.8428571428571425,2375,Belmullet
1988,39,16.4,,,14.057142857142859,8.528571428571428,3.8857142857142857,2375,Belmullet
1988,40,17.757142857142856,,,13.114285714285714,8.242857142857142,5.2,2375,Belmullet
1988,41,7.4,,,13.671428571428573,4.685714285714285,1.8,2375,Belmullet
1988,42,11.185714285714285,,,14.314285714285715,9.685714285714285,5.871428571428572,2375,Belmullet
1988,43,11.785714285714286,,,12.114285714285714,6.0,3.7857142857142856,2375,Belmullet
1988,44,8.628571428571428,,,10.785714285714286,2.1285714285714286,2.5,2375,Belmullet
1988,45,15.442857142857141,,,11.742857142857144,6.942857142857143,3.742857142857143,2375,Belmullet
1988,46,10.985714285714286,,,11.242857142857144,6.885714285714286,1.9857142857142858,2375,Belmullet
1988,47,7.471428571428571,,,8.2,0.42857142857142855,1.385714285714286,2375,Belmullet
1988,48,13.885714285714286,,,10.042857142857143,5.857142857142857,3.771428571428572,2375,Belmullet
1988,49,15.271428571428572,,,10.928571428571429,8.8,0.7714285714285715,2375,Belmullet
1988,50,11.657142857142857,,,10.785714285714286,7.571428571428571,0.8285714285714285,2375,Belmullet
1988,51,16.5,,,11.214285714285714,7.142857142857143,4.928571428571429,2375,Belmullet
1988,52,22.17142857142857,,,12.12857142857143,9.471428571428572,0.17142857142857146,2375,Belmullet
1989,1,17.014285714285712,,,10.685714285714285,7.6000000000000005,4.142857142857143,2375,Belmullet
1989,2,22.17142857142857,,,10.142857142857142,5.185714285714285,6.442857142857143,2375,Belmullet
1989,3,18.62857142857143,,,10.542857142857143,5.2,4.242857142857143,2375,Belmullet
1989,4,21.557142857142857,,,11.071428571428571,6.771428571428571,5.542857142857143,2375,Belmullet
1989,5,19.314285714285713,,,10.971428571428572,7.214285714285714,3.542857142857143,2375,Belmullet
1989,6,18.942857142857143,,,10.414285714285715,4.228571428571429,4.142857142857143,2375,Belmullet
1989,7,22.17142857142857,,,10.228571428571428,4.6571428571428575,5.571428571428571,2375,Belmullet
1989,8,18.8,,,7.142857142857143,1.5857142857142856,7.671428571428572,2375,Belmullet
1989,9,16.214285714285715,,,10.028571428571428,4.457142857142857,2.4714285714285715,2375,Belmullet
1989,10,19.771428571428572,,,10.042857142857143,4.328571428571428,7.271428571428571,2375,Belmullet
1989,11,15.757142857142858,,,9.771428571428572,3.185714285714286,3.7857142857142856,2375,Belmullet
1989,12,18.557142857142857,,,9.385714285714286,2.685714285714286,5.357142857142857,2375,Belmullet
1989,13,11.271428571428572,,,11.114285714285714,6.071428571428571,2.0285714285714285,2375,Belmullet
1989,14,9.828571428571427,,,9.37142857142857,2.085714285714286,2.414285714285714,2375,Belmullet
1989,15,8.742857142857144,,,9.985714285714284,2.8714285714285714,2.157142857142857,2375,Belmullet
1989,16,8.828571428571427,,,12.185714285714285,3.257142857142857,0.2714285714285714,2375,Belmullet
1989,17,14.385714285714284,,,10.0,3.9285714285714284,3.142857142857143,2375,Belmullet
1989,18,12.457142857142857,,,14.657142857142857,6.357142857142857,0.14285714285714285,2375,Belmullet
1989,19,13.485714285714286,,,12.114285714285714,5.728571428571429,0.9714285714285714,2375,Belmullet
1989,20,13.842857142857143,,,16.9,9.471428571428572,3.4,2375,Belmullet
1989,21,10.614285714285714,,,16.45714285714286,8.8,0.05714285714285715,2375,Belmullet
1989,22,10.828571428571427,,,13.057142857142859,6.7,0.6714285714285714,2375,Belmullet
1989,23,12.928571428571429,,,14.87142857142857,8.371428571428572,6.957142857142857,2375,Belmullet
1989,24,11.285714285714286,,,18.071428571428573,10.585714285714285,1.0571428571428572,2375,Belmullet
1989,25,10.771428571428572,,,16.585714285714285,11.200000000000001,1.5142857142857145,2375,Belmullet
1989,26,10.142857142857142,,,15.857142857142858,8.785714285714286,2.242857142857143,2375,Belmullet
1989,27,8.985714285714286,,,18.614285714285717,11.685714285714285,0.0,2375,Belmullet
1989,28,8.9,,,17.2,12.5,0.5714285714285714,2375,Belmullet
1989,29,7.928571428571429,,,21.728571428571428,13.171428571428573,0.6428571428571429,2375,Belmullet
1989,30,13.614285714285714,,,18.857142857142858,13.771428571428572,2.185714285714286,2375,Belmullet
1989,31,9.742857142857144,,,17.9,11.657142857142857,1.842857142857143,2375,Belmullet
1989,32,14.285714285714286,,,17.657142857142855,12.771428571428572,7.0,2375,Belmullet
1989,33,19.857142857142858,,,16.742857142857144,12.171428571428573,9.071428571428571,2375,Belmullet
1989,34,15.442857142857141,,,16.25714285714286,12.257142857142856,4.771428571428571,2375,Belmullet
1989,35,12.314285714285715,,,16.271428571428572,10.585714285714287,1.9000000000000001,2375,Belmullet
1989,36,9.971428571428572,,,15.457142857142857,9.37142857142857,0.8285714285714285,2375,Belmullet
1989,37,11.885714285714286,,,16.257142857142856,8.914285714285715,1.657142857142857,2375,Belmullet
1989,38,18.314285714285713,,,16.37142857142857,11.057142857142859,5.114285714285714,2375,Belmullet
1989,39,9.557142857142859,,,14.414285714285715,10.057142857142859,0.6142857142857142,2375,Belmullet
1989,40,13.642857142857142,,,13.985714285714286,10.457142857142857,4.071428571428571,2375,Belmullet
1989,41,13.900000000000002,,,13.842857142857143,10.442857142857141,2.8714285714285714,2375,Belmullet
1989,42,16.414285714285715,,,13.742857142857144,9.700000000000001,5.057142857142858,2375,Belmullet
1989,43,19.614285714285717,,,12.200000000000001,7.514285714285713,21.8,2375,Belmullet
1989,44,19.12857142857143,,,11.414285714285715,7.271428571428571,8.685714285714285,2375,Belmullet
1989,45,11.642857142857142,,,10.1,5.585714285714286,5.1,2375,Belmullet
1989,46,11.857142857142858,,,12.285714285714286,6.442857142857143,1.042857142857143,2375,Belmullet
1989,47,8.814285714285715,,,8.9,2.8857142857142857,0.9571428571428572,2375,Belmullet
1989,48,6.085714285714286,,,7.2,-0.3714285714285714,0.0,2375,Belmullet
1989,49,7.185714285714285,,,7.328571428571428,2.1,0.0,2375,Belmullet
1989,50,15.757142857142858,,,7.5857142857142845,2.0714285714285716,5.185714285714285,2375,Belmullet
1989,51,16.071428571428573,,,9.142857142857142,3.742857142857143,5.628571428571428,2375,Belmullet
1989,52,12.671428571428573,,,8.585714285714285,4.1571428571428575,2.2142857142857144,2375,Belmullet
1990,1,13.200000000000001,,,9.042857142857143,4.042857142857143,3.6571428571428575,2375,Belmullet
1990,2,20.67142857142857,,,10.914285714285715,6.085714285714286,3.8000000000000003,2375,Belmullet
1990,3,23.02857142857143,,,10.314285714285715,5.771428571428571,5.071428571428571,2375,Belmullet
1990,4,20.414285714285715,,,7.8,2.1142857142857143,11.87142857142857,2375,Belmullet
1990,5,25.228571428571428,,,9.514285714285714,4.814285714285715,12.357142857142858,2375,Belmullet
1990,6,20.657142857142855,,,9.671428571428573,4.414285714285714,6.485714285714286,2375,Belmullet
1990,7,18.24285714285714,,,8.5,2.0142857142857147,6.8428571428571425,2375,Belmullet
1990,8,24.285714285714285,,,11.071428571428571,5.485714285714286,10.742857142857144,2375,Belmullet
1990,9,23.7,,,8.285714285714286,2.6571428571428575,5.6571428571428575,2375,Belmullet
1990,10,20.657142857142855,,,10.742857142857144,7.114285714285714,3.8857142857142857,2375,Belmullet
1990,11,22.7,,,11.557142857142859,7.8428571428571425,5.0,2375,Belmullet
1990,12,22.785714285714285,,,10.385714285714286,5.5,1.9857142857142858,2375,Belmullet
1990,13,11.299999999999999,,,11.614285714285714,6.957142857142857,2.1285714285714286,2375,Belmullet
1990,14,12.985714285714286,,,10.357142857142858,2.5,2.0285714285714285,2375,Belmullet
1990,15,18.014285714285712,,,10.685714285714285,5.471428571428571,4.742857142857143,2375,Belmullet
1990,16,15.542857142857143,,,11.171428571428573,4.485714285714286,3.2857142857142856,2375,Belmullet
1990,17,11.428571428571429,,,12.585714285714285,7.171428571428572,1.3,2375,Belmullet
1990,18,7.257142857142857,,,18.82857142857143,9.971428571428572,0.0,2375,Belmullet
1990,19,8.342857142857143,,,14.771428571428572,7.042857142857143,0.6857142857142858,2375,Belmullet
1990,20,8.214285714285714,,,16.7,9.842857142857143,0.6428571428571429,2375,Belmullet
1990,21,9.528571428571428,,,17.071428571428573,8.642857142857142,0.0,2375,Belmullet
1990,22,13.614285714285714,,,15.200000000000001,10.842857142857143,2.0,2375,Belmullet
1990,23,14.742857142857144,,,14.442857142857141,9.585714285714285,5.299999999999999,2375,Belmullet
1990,24,11.385714285714286,,,15.142857142857142,8.942857142857143,2.6285714285714286,2375,Belmullet
1990,25,11.9,,,15.685714285714285,8.657142857142857,2.2285714285714286,2375,Belmullet
1990,26,12.242857142857142,,,15.285714285714286,10.0,5.6,2375,Belmullet
1990,27,15.985714285714286,,,14.957142857142857,10.814285714285715,4.171428571428572,2375,Belmullet
1990,28,11.671428571428573,,,19.442857142857143,11.342857142857143,1.0714285714285714,2375,Belmullet
1990,29,9.785714285714286,,,19.5,11.657142857142857,1.2571428571428573,2375,Belmullet
1990,30,10.557142857142859,,,21.457142857142856,13.785714285714286,3.442857142857143,2375,Belmullet
1990,31,16.47142857142857,,,18.62857142857143,13.771428571428572,2.0285714285714285,2375,Belmullet
1990,32,13.585714285714285,,,17.185714285714287,12.757142857142856,1.742857142857143,2375,Belmullet
1990,33,12.542857142857143,,,16.271428571428572,11.1,3.842857142857143,2375,Belmullet
1990,34,11.214285714285714,,,18.2,14.585714285714285,1.4000000000000001,2375,Belmullet
1990,35,15.914285714285715,,,17.45714285714286,12.657142857142857,4.728571428571428,2375,Belmullet
1990,36,12.885714285714286,,,16.3,9.057142857142857,1.7142857142857142,2375,Belmullet
1990,37,6.242857142857143,,,16.728571428571428,7.042857142857143,0.34285714285714286,2375,Belmullet
1990,38,15.685714285714285,,,14.228571428571428,9.157142857142857,3.242857142857143,2375,Belmullet
1990,39,10.657142857142857,,,14.87142857142857,8.114285714285714,0.942857142857143,2375,Belmullet
1990,40,16.714285714285715,,,14.642857142857142,9.485714285714286,11.742857142857144,2375,Belmullet
1990,41,18.5,,,15.085714285714285,10.485714285714286,7.957142857142857,2375,Belmullet
1990,42,10.12857142857143,,,13.042857142857143,9.0,3.585714285714286,2375,Belmullet
1990,43,12.757142857142856,,,13.271428571428572,7.328571428571428,6.271428571428571,2375,Belmullet
1990,44,16.82857142857143,,,10.685714285714285,6.5,3.9714285714285715,2375,Belmullet
1990,45,10.385714285714286,,,11.485714285714286,5.428571428571429,1.4142857142857144,2375,Belmullet
1990,46,15.757142857142856,,,12.814285714285715,8.9,5.314285714285715,2375,Belmullet
1990,47,14.471428571428573,,,9.142857142857142,4.114285714285715,5.6571428571428575,2375,Belmullet
1990,48,6.942857142857142,,,9.442857142857141,3.857142857142857,0.1285714285714286,2375,Belmullet
1990,49,14.342857142857143,,,8.385714285714286,3.585714285714286,3.757142857142857,2375,Belmullet
1990,50,7.442857142857142,,,9.171428571428573,2.2142857142857144,0.2285714285714286,2375,Belmullet
1990,51,13.799999999999999,,,9.685714285714285,5.057142857142857,7.314285714285715,2375,Belmullet
1990,52,25.842857142857145,,,8.642857142857142,2.357142857142857,9.357142857142858,2375,Belmullet
1991,1,25.542857142857144,,,8.471428571428572,3.3428571428571425,9.414285714285715,2375,Belmullet
1991,2,16.942857142857143,,,6.614285714285714,1.5142857142857142,5.242857142857143,2375,Belmullet
1991,3,18.085714285714285,,,8.414285714285715,3.5,2.357142857142857,2375,Belmullet
1991,4,8.885714285714286,,,8.928571428571429,3.8714285714285714,0.2285714285714286,2375,Belmullet
1991,5,10.971428571428572,,,6.942857142857143,1.0142857142857142,2.414285714285714,2375,Belmullet
1991,6,8.542857142857143,,,5.542857142857143,-1.6714285714285713,0.09999999999999999,2375,Belmullet
1991,7,9.757142857142856,,,8.728571428571428,2.585714285714286,5.1571428571428575,2375,Belmullet
1991,8,13.685714285714285,,,9.157142857142857,3.1999999999999997,3.542857142857143,2375,Belmullet
1991,9,11.214285714285714,,,8.7,2.457142857142857,3.814285714285714,2375,Belmullet
1991,10,10.185714285714285,,,10.685714285714285,5.171428571428572,2.0285714285714285,2375,Belmullet
1991,11,9.071428571428571,,,11.285714285714286,6.857142857142857,2.1,2375,Belmullet
1991,12,12.985714285714286,,,11.014285714285714,6.257142857142857,5.357142857142857,2375,Belmullet
1991,13,9.585714285714285,,,12.514285714285714,5.728571428571429,0.0,2375,Belmullet
1991,14,22.042857142857144,,,10.614285714285714,5.614285714285714,8.614285714285714,2375,Belmullet
1991,15,14.971428571428572,,,11.828571428571427,6.1000000000000005,6.471428571428571,2375,Belmullet
1991,16,14.042857142857143,,,11.271428571428572,4.957142857142857,0.7285714285714285,2375,Belmullet
1991,17,12.485714285714286,,,11.485714285714286,5.1571428571428575,2.0714285714285716,2375,Belmullet
1991,18,13.585714285714285,,,12.714285714285714,7.614285714285714,3.5142857142857147,2375,Belmullet
1991,19,11.814285714285715,,,12.87142857142857,5.642857142857143,1.5714285714285714,2375,Belmullet
1991,20,10.828571428571427,,,13.142857142857142,7.1571428571428575,0.9714285714285714,2375,Belmullet
1991,21,8.571428571428571,,,14.571428571428571,9.828571428571427,0.028571428571428574,2375,Belmullet
1991,22,10.614285714285714,,,16.942857142857143,9.27142857142857,0.08571428571428572,2375,Belmullet
1991,23,13.785714285714286,,,14.057142857142859,6.742857142857143,4.185714285714286,2375,Belmullet
1991,24,15.085714285714285,,,14.914285714285715,9.1,4.3428571428571425,2375,Belmullet
1991,25,12.385714285714286,,,15.814285714285715,8.857142857142858,1.7285714285714284,2375,Belmullet
1991,26,11.12857142857143,,,16.257142857142856,10.728571428571428,1.2857142857142858,2375,Belmullet
1991,27,10.814285714285715,,,21.614285714285717,13.528571428571428,1.4000000000000001,2375,Belmullet
1991,28,15.12857142857143,,,17.385714285714286,12.37142857142857,4.628571428571428,2375,Belmullet
1991,29,11.414285714285715,,,17.285714285714285,12.485714285714286,0.9142857142857144,2375,Belmullet
1991,30,11.299999999999999,,,16.95714285714286,12.942857142857141,5.257142857142857,2375,Belmullet
1991,31,10.342857142857143,,,19.885714285714283,13.457142857142857,1.1428571428571428,2375,Belmullet
1991,32,11.685714285714285,,,17.342857142857145,12.328571428571427,1.4285714285714286,2375,Belmullet
1991,33,13.4,,,17.1,11.385714285714286,1.4000000000000001,2375,Belmullet
1991,34,11.642857142857142,,,18.271428571428572,12.228571428571428,2.314285714285714,2375,Belmullet
1991,35,6.185714285714285,,,21.728571428571428,12.714285714285714,0.2285714285714286,2375,Belmullet
1991,36,9.557142857142859,,,20.2,13.142857142857142,0.0,2375,Belmullet
1991,37,13.171428571428573,,,19.514285714285712,11.971428571428572,4.057142857142857,2375,Belmullet
1991,38,20.47142857142857,,,16.685714285714287,11.742857142857144,5.042857142857143,2375,Belmullet
1991,39,14.442857142857141,,,14.714285714285714,7.228571428571429,2.9285714285714284,2375,Belmullet
1991,40,20.057142857142857,,,13.757142857142856,8.714285714285714,6.257142857142857,2375,Belmullet
1991,41,13.457142857142857,,,14.142857142857142,8.4,2.6714285714285717,2375,Belmullet
1991,42,16.5,,,11.799999999999999,6.828571428571428,2.1714285714285717,2375,Belmullet
1991,43,4.857142857142857,,,12.257142857142856,7.728571428571429,1.4142857142857141,2375,Belmullet
1991,44,16.45714285714286,,,11.514285714285714,6.585714285714286,8.77142857142857,2375,Belmullet
1991,45,17.485714285714288,,,10.857142857142858,6.285714285714286,5.857142857142857,2375,Belmullet
1991,46,13.271428571428572,,,9.385714285714286,2.9,6.314285714285715,2375,Belmullet
1991,47,17.142857142857142,,,11.085714285714285,6.928571428571429,6.1000000000000005,2375,Belmullet
1991,48,15.37142857142857,,,10.842857142857143,5.142857142857143,4.857142857142857,2375,Belmullet
1991,49,8.27142857142857,,,8.285714285714286,5.142857142857143,0.014285714285714287,2375,Belmullet
1991,50,12.4,,,9.585714285714285,5.1,0.05714285714285715,2375,Belmullet
1991,51,24.385714285714283,,,11.671428571428573,5.471428571428571,8.142857142857142,2375,Belmullet
1991,52,13.342857142857143,,,10.4,6.6571428571428575,3.7857142857142856,2375,Belmullet
1992,1,21.457142857142856,,,10.942857142857141,7.271428571428571,4.228571428571429,2375,Belmullet
1992,2,14.62857142857143,,,9.385714285714286,4.614285714285714,5.8428571428571425,2375,Belmullet
1992,3,6.985714285714286,,,8.571428571428571,3.8428571428571425,0.014285714285714287,2375,Belmullet
1992,4,16.557142857142857,,,9.285714285714286,4.814285714285715,2.1285714285714286,2375,Belmullet
1992,5,11.014285714285714,,,8.714285714285714,2.6571428571428575,1.0714285714285714,2375,Belmullet
1992,6,19.071428571428573,,,10.4,7.814285714285715,2.728571428571428,2375,Belmullet
1992,7,15.857142857142858,,,9.057142857142857,4.1,3.614285714285714,2375,Belmullet
1992,8,16.87142857142857,,,9.928571428571429,3.542857142857143,5.171428571428572,2375,Belmullet
1992,9,18.485714285714288,,,10.542857142857143,4.214285714285714,6.614285714285714,2375,Belmullet
1992,10,18.014285714285712,,,11.057142857142859,5.642857142857143,4.442857142857143,2375,Belmullet
1992,11,19.900000000000002,,,10.242857142857144,6.142857142857143,5.3428571428571425,2375,Belmullet
1992,12,19.728571428571428,,,11.585714285714285,6.885714285714286,5.2,2375,Belmullet
1992,13,16.385714285714286,,,9.757142857142856,4.971428571428571,1.842857142857143,2375,Belmullet
1992,14,13.557142857142859,,,9.214285714285714,3.7142857142857144,3.0714285714285716,2375,Belmullet
1992,15,14.728571428571428,,,11.685714285714285,6.685714285714285,3.1571428571428575,2375,Belmullet
1992,16,14.271428571428572,,,11.528571428571428,5.928571428571429,1.5428571428571427,2375,Belmullet
1992,17,17.442857142857143,,,11.642857142857142,6.185714285714285,5.057142857142857,2375,Belmullet
1992,18,16.185714285714287,,,11.37142857142857,6.771428571428571,2.4714285714285715,2375,Belmullet
1992,19,13.642857142857142,,,11.342857142857143,6.085714285714286,3.6999999999999997,2375,Belmullet
1992,20,16.557142857142857,,,16.657142857142855,7.428571428571429,1.2714285714285716,2375,Belmullet
1992,21,9.685714285714285,,,19.12857142857143,9.714285714285714,0.18571428571428572,2375,Belmullet
1992,22,12.214285714285714,,,20.7,12.328571428571427,0.5,2375,Belmullet
1992,23,9.37142857142857,,,16.557142857142857,9.414285714285715,0.24285714285714285,2375,Belmullet
1992,24,8.471428571428572,,,18.214285714285715,11.485714285714286,1.5571428571428572,2375,Belmullet
1992,25,10.028571428571428,,,15.542857142857143,10.185714285714285,0.014285714285714287,2375,Belmullet
1992,26,9.257142857142856,,,16.814285714285713,11.671428571428573,0.6714285714285715,2375,Belmullet
1992,27,8.942857142857143,,,18.557142857142857,12.228571428571428,5.5,2375,Belmullet
1992,28,8.5,,,17.7,11.042857142857143,1.7857142857142858,2375,Belmullet
1992,29,13.928571428571429,,,18.571428571428573,12.371428571428572,4.7,2375,Belmullet
1992,30,15.385714285714286,,,17.514285714285712,12.157142857142857,6.085714285714286,2375,Belmullet
1992,31,11.957142857142857,,,17.185714285714287,12.299999999999999,2.2285714285714286,2375,Belmullet
1992,32,11.385714285714286,,,17.02857142857143,10.314285714285715,3.3857142857142852,2375,Belmullet
1992,33,13.057142857142855,,,17.0,10.314285714285715,7.057142857142857,2375,Belmullet
1992,34,12.814285714285715,,,16.771428571428572,10.071428571428571,9.228571428571428,2375,Belmullet
1992,35,13.799999999999999,,,15.671428571428573,10.014285714285714,12.728571428571428,2375,Belmullet
1992,36,14.014285714285714,,,14.957142857142857,7.685714285714285,4.414285714285714,2375,Belmullet
1992,37,18.400000000000002,,,14.200000000000001,9.585714285714285,11.671428571428573,2375,Belmullet
1992,38,11.314285714285715,,,15.185714285714285,8.157142857142857,1.3,2375,Belmullet
1992,39,6.071428571428571,,,14.471428571428572,6.357142857142857,3.585714285714286,2375,Belmullet
1992,40,11.885714285714286,,,15.385714285714286,9.028571428571428,1.3571428571428572,2375,Belmullet
1992,41,7.871428571428572,,,13.642857142857142,7.014285714285714,0.2857142857142857,2375,Belmullet
1992,42,10.928571428571429,,,11.114285714285714,6.614285714285714,3.057142857142857,2375,Belmullet
1992,43,14.557142857142859,,,10.642857142857142,5.942857142857143,8.685714285714287,2375,Belmullet
1992,44,11.528571428571428,,,10.299999999999999,4.242857142857143,8.87142857142857,2375,Belmullet
1992,45,16.414285714285715,,,12.285714285714286,9.071428571428571,5.285714285714286,2375,Belmullet
1992,46,12.857142857142858,,,9.914285714285715,4.514285714285714,4.2,2375,Belmullet
1992,47,16.957142857142856,,,10.542857142857143,4.242857142857143,5.071428571428571,2375,Belmullet
1992,48,20.014285714285712,,,10.700000000000001,5.171428571428572,7.442857142857143,2375,Belmullet
1992,49,13.185714285714285,,,8.685714285714285,4.1,6.057142857142857,2375,Belmullet
1992,50,12.342857142857143,,,9.957142857142857,6.471428571428571,2.457142857142857,2375,Belmullet
1992,51,16.54285714285714,,,8.328571428571427,2.9,7.457142857142857,2375,Belmullet
1992,52,11.914285714285715,,,8.27142857142857,3.1571428571428575,1.4142857142857144,2375,Belmullet
1992,53,19.67142857142857,,,8.557142857142857,4.228571428571429,3.085714285714286,2375,Belmullet
1993,1,23.014285714285712,,,10.62857142857143,4.257142857142857,7.428571428571429,2375,Belmullet
1993,2,28.114285714285717,,,8.7,2.442857142857143,9.771428571428572,2375,Belmullet
1993,3,24.657142857142855,,,10.314285714285715,4.685714285714285,8.742857142857142,2375,Belmullet
1993,4,11.685714285714285,,,9.257142857142856,4.871428571428571,3.9285714285714284,2375,Belmullet
1993,5,13.914285714285715,,,10.1,6.8,0.6571428571428571,2375,Belmullet
1993,6,10.971428571428572,,,10.085714285714285,6.057142857142857,1.457142857142857,2375,Belmullet
1993,7,11.142857142857142,,,10.0,6.214285714285714,0.5714285714285714,2375,Belmullet
1993,8,12.6,,,9.414285714285715,5.242857142857143,1.8142857142857143,2375,Belmullet
1993,9,8.171428571428573,,,9.4,2.4,0.32857142857142857,2375,Belmullet
1993,10,11.914285714285715,,,11.228571428571428,6.957142857142857,1.1714285714285713,2375,Belmullet
1993,11,17.3,,,10.328571428571427,6.171428571428572,3.857142857142857,2375,Belmullet
1993,12,13.799999999999999,,,10.428571428571429,2.9857142857142853,2.5285714285714285,2375,Belmullet
1993,13,14.799999999999999,,,10.657142857142857,4.914285714285714,6.685714285714285,2375,Belmullet
1993,14,11.700000000000001,,,12.028571428571428,5.1571428571428575,4.128571428571428,2375,Belmullet
1993,15,8.785714285714286,,,11.928571428571429,6.685714285714285,4.171428571428572,2375,Belmullet
1993,16,14.771428571428572,,,12.428571428571429,8.1,2.8714285714285714,2375,Belmullet
1993,17,9.87142857142857,,,12.614285714285714,6.971428571428571,0.08571428571428573,2375,Belmullet
1993,18,8.77142857142857,,,15.428571428571429,6.171428571428572,0.0,2375,Belmullet
1993,19,14.0,,,14.12857142857143,6.228571428571429,2.2142857142857144,2375,Belmullet
1993,20,11.799999999999999,,,14.957142857142857,6.871428571428572,6.042857142857143,2375,Belmullet
1993,21,9.842857142857143,,,15.214285714285714,9.542857142857143,5.814285714285715,2375,Belmullet
1993,22,11.342857142857143,,,15.6,8.985714285714286,1.6285714285714283,2375,Belmullet
1993,23,11.742857142857144,,,15.0,10.885714285714286,3.857142857142857,2375,Belmullet
1993,24,11.0,,,15.799999999999999,11.257142857142856,2.942857142857143,2375,Belmullet
1993,25,9.728571428571428,,,16.1,10.171428571428573,1.2714285714285716,2375,Belmullet
1993,26,11.742857142857144,,,16.785714285714285,11.642857142857142,1.2857142857142858,2375,Belmullet
1993,27,13.200000000000001,,,15.357142857142858,9.742857142857144,2.2857142857142856,2375,Belmullet
1993,28,10.87142857142857,,,17.257142857142856,11.757142857142856,2.5714285714285716,2375,Belmullet
1993,29,13.328571428571427,,,16.32857142857143,11.585714285714285,1.6428571428571428,2375,Belmullet
1993,30,14.742857142857144,,,16.657142857142855,11.985714285714286,3.4,2375,Belmullet
1993,31,11.914285714285715,,,16.32857142857143,11.771428571428572,1.7571428571428573,2375,Belmullet
1993,32,11.728571428571428,,,16.142857142857142,9.6,3.8428571428571425,2375,Belmullet
1993,33,9.428571428571429,,,17.071428571428573,9.757142857142856,0.6714285714285715,2375,Belmullet
1993,34,10.928571428571429,,,16.414285714285715,10.685714285714285,0.4857142857142857,2375,Belmullet
1993,35,7.071428571428571,,,19.614285714285717,10.714285714285714,0.0,2375,Belmullet
1993,36,14.242857142857144,,,16.17142857142857,10.385714285714286,1.4428571428571428,2375,Belmullet
1993,37,14.4,,,15.914285714285715,8.985714285714286,3.357142857142857,2375,Belmullet
1993,38,11.200000000000001,,,15.542857142857143,8.428571428571429,3.257142857142857,2375,Belmullet
1993,39,9.185714285714285,,,14.242857142857144,7.771428571428571,4.871428571428572,2375,Belmullet
1993,40,15.028571428571428,,,14.200000000000001,7.928571428571429,3.685714285714286,2375,Belmullet
1993,41,9.685714285714285,,,11.742857142857144,3.8714285714285714,1.1857142857142857,2375,Belmullet
1993,42,8.342857142857143,,,12.700000000000001,4.457142857142857,0.4857142857142857,2375,Belmullet
1993,43,6.3428571428571425,,,10.771428571428572,6.3428571428571425,0.0,2375,Belmullet
1993,44,10.157142857142857,,,11.157142857142857,7.685714285714285,0.8857142857142858,2375,Belmullet
1993,45,11.757142857142856,,,10.4,3.685714285714286,4.728571428571429,2375,Belmullet
1993,46,16.785714285714285,,,10.4,5.685714285714285,3.0285714285714285,2375,Belmullet
1993,47,13.457142857142857,,,7.328571428571428,2.5714285714285716,1.7428571428571427,2375,Belmullet
1993,48,18.614285714285717,,,11.057142857142859,6.571428571428571,9.114285714285716,2375,Belmullet
1993,49,21.87142857142857,,,9.542857142857143,3.957142857142857,7.771428571428571,2375,Belmullet
1993,50,23.12857142857143,,,9.6,4.7,6.871428571428572,2375,Belmullet
1993,51,16.157142857142855,,,6.871428571428572,2.2142857142857144,5.857142857142857,2375,Belmullet
1993,52,17.771428571428572,,,8.928571428571429,3.542857142857143,7.528571428571429,2375,Belmullet
1994,1,14.6,,,7.7,2.3714285714285714,7.328571428571428,2375,Belmullet
1994,2,18.814285714285713,,,8.514285714285714,3.5714285714285716,6.057142857142857,2375,Belmullet
1994,3,21.442857142857143,,,9.928571428571429,4.6000000000000005,3.314285714285714,2375,Belmullet
1994,4,25.585714285714285,,,9.942857142857141,4.528571428571429,4.914285714285714,2375,Belmullet
1994,5,23.957142857142856,,,8.828571428571427,4.042857142857143,9.314285714285715,2375,Belmullet
1994,6,15.714285714285714,,,9.342857142857143,4.085714285714286,2.8142857142857145,2375,Belmullet
1994,7,14.042857142857143,,,6.957142857142857,1.5142857142857142,2.0714285714285716,2375,Belmullet
1994,8,16.599999999999998,,,6.785714285714286,2.6999999999999997,4.185714285714286,2375,Belmullet
1994,9,21.357142857142858,,,9.614285714285714,4.5285714285714285,5.185714285714285,2375,Belmullet
1994,10,23.12857142857143,,,9.799999999999999,5.1,5.242857142857143,2375,Belmullet
1994,11,16.057142857142857,,,8.714285714285714,4.0,3.757142857142857,2375,Belmullet
1994,12,19.37142857142857,,,10.957142857142856,5.457142857142856,4.285714285714286,2375,Belmullet
1994,13,24.67142857142857,,,10.1,3.742857142857143,6.8,2375,Belmullet
1994,14,20.885714285714283,,,9.700000000000001,3.8285714285714287,5.085714285714286,2375,Belmullet
1994,15,11.728571428571428,,,11.257142857142856,3.8285714285714287,0.6285714285714287,2375,Belmullet
1994,16,14.1,,,10.928571428571429,4.985714285714286,3.314285714285714,2375,Belmullet
1994,17,18.557142857142857,,,12.814285714285715,7.714285714285714,4.985714285714286,2375,Belmullet
1994,18,17.37142857142857,,,12.12857142857143,6.414285714285714,6.571428571428571,2375,Belmullet
1994,19,15.114285714285714,,,15.742857142857144,7.371428571428571,1.3857142857142857,2375,Belmullet
1994,20,12.642857142857142,,,13.214285714285714,5.942857142857142,0.028571428571428574,2375,Belmullet
1994,21,8.785714285714286,,,15.585714285714285,6.7,0.38571428571428573,2375,Belmullet
1994,22,12.614285714285714,,,13.685714285714285,8.042857142857143,1.8285714285714287,2375,Belmullet
1994,23,13.1,,,14.5,9.242857142857144,0.8285714285714285,2375,Belmullet
1994,24,13.442857142857145,,,14.471428571428572,9.5,1.1285714285714286,2375,Belmullet
1994,25,14.200000000000001,,,15.471428571428572,10.357142857142858,4.814285714285715,2375,Belmullet
1994,26,13.414285714285715,,,17.7,11.642857142857142,2.542857142857143,2375,Belmullet
1994,27,12.285714285714286,,,17.785714285714285,11.014285714285714,2.4428571428571426,2375,Belmullet
1994,28,10.0,,,17.357142857142858,10.257142857142856,0.4571428571428572,2375,Belmullet
1994,29,9.557142857142859,,,18.014285714285712,11.62857142857143,0.4857142857142857,2375,Belmullet
1994,30,14.671428571428573,,,17.457142857142856,13.228571428571428,5.328571428571428,2375,Belmullet
1994,31,8.828571428571427,,,17.0,12.514285714285714,0.4428571428571429,2375,Belmullet
1994,32,11.5,,,17.32857142857143,11.828571428571427,0.014285714285714287,2375,Belmullet
1994,33,11.914285714285715,,,17.085714285714285,10.9,7.285714285714286,2375,Belmullet
1994,34,14.299999999999999,,,15.985714285714286,11.5,6.9,2375,Belmullet
1994,35,8.185714285714285,,,17.67142857142857,9.228571428571428,0.5428571428571428,2375,Belmullet
1994,36,13.842857142857143,,,15.900000000000002,9.642857142857142,5.3999999999999995,2375,Belmullet
1994,37,10.814285714285715,,,14.914285714285715,7.685714285714285,3.8000000000000003,2375,Belmullet
1994,38,11.114285714285714,,,15.342857142857143,9.6,0.7714285714285715,2375,Belmullet
1994,39,11.828571428571427,,,14.62857142857143,11.057142857142859,3.8142857142857136,2375,Belmullet
1994,40,14.200000000000001,,,14.214285714285714,8.242857142857144,1.4285714285714286,2375,Belmullet
1994,41,7.200000000000001,,,16.385714285714286,8.971428571428572,0.5285714285714286,2375,Belmullet
1994,42,14.114285714285714,,,14.171428571428573,9.4,0.7857142857142857,2375,Belmullet
1994,43,13.685714285714285,,,11.985714285714286,7.6571428571428575,5.057142857142857,2375,Belmullet
1994,44,13.971428571428572,,,12.385714285714286,7.914285714285714,4.285714285714286,2375,Belmullet
1994,45,10.37142857142857,,,12.742857142857144,6.428571428571429,3.7857142857142856,2375,Belmullet
1994,46,17.371428571428574,,,12.657142857142857,9.028571428571428,5.128571428571428,2375,Belmullet
1994,47,14.928571428571429,,,12.985714285714284,8.485714285714286,1.3142857142857143,2375,Belmullet
1994,48,14.12857142857143,,,11.6,7.042857142857143,3.4,2375,Belmullet
1994,49,25.185714285714287,,,10.62857142857143,6.128571428571429,10.842857142857142,2375,Belmullet
1994,50,16.785714285714285,,,10.457142857142857,3.5,4.942857142857143,2375,Belmullet
1994,51,15.185714285714287,,,9.571428571428571,4.728571428571429,3.2142857142857144,2375,Belmullet
1994,52,19.042857142857144,,,9.385714285714286,4.285714285714286,6.371428571428572,2375,Belmullet
1995,1,16.342857142857145,,,9.799999999999999,4.828571428571429,2.957142857142857,2375,Belmullet
1995,2,18.842857142857145,,,11.014285714285714,5.8428571428571425,4.985714285714286,2375,Belmullet
1995,3,18.857142857142858,,,6.928571428571429,1.957142857142857,10.214285714285714,2375,Belmullet
1995,4,13.428571428571429,,,8.242857142857144,3.0857142857142854,6.714285714285714,2375,Belmullet
1995,5,18.642857142857142,,,11.142857142857142,5.114285714285714,3.685714285714286,2375,Belmullet
1995,6,15.642857142857142,,,9.185714285714285,5.6000000000000005,6.528571428571428,2375,Belmullet
1995,7,21.071428571428573,,,9.299999999999999,4.242857142857143,7.271428571428571,2375,Belmullet
1995,8,15.799999999999999,,,8.314285714285715,3.3999999999999995,3.7571428571428567,2375,Belmullet
1995,9,16.9,,,7.928571428571429,1.9714285714285715,8.22857142857143,2375,Belmullet
1995,10,16.857142857142858,,,8.342857142857143,3.757142857142857,5.414285714285714,2375,Belmullet
1995,11,18.957142857142856,,,8.971428571428572,3.0142857142857147,4.128571428571428,2375,Belmullet
1995,12,16.599999999999998,,,10.271428571428572,5.957142857142857,1.5857142857142856,2375,Belmullet
1995,13,15.557142857142859,,,11.042857142857143,6.671428571428572,1.8142857142857143,2375,Belmullet
1995,14,11.757142857142856,,,11.728571428571428,7.042857142857143,1.5142857142857142,2375,Belmullet
1995,15,9.328571428571427,,,12.6,5.828571428571428,0.38571428571428573,2375,Belmullet
1995,16,15.200000000000001,,,10.200000000000001,3.2285714285714286,3.585714285714286,2375,Belmullet
1995,17,13.542857142857144,,,14.385714285714286,6.828571428571428,1.4428571428571428,2375,Belmullet
1995,18,12.642857142857142,,,15.799999999999999,8.985714285714286,1.042857142857143,2375,Belmullet
1995,19,10.571428571428571,,,11.485714285714286,4.828571428571428,1.0714285714285714,2375,Belmullet
1995,20,12.828571428571427,,,12.257142857142856,5.942857142857143,1.6857142857142855,2375,Belmullet
1995,21,14.142857142857142,,,14.742857142857144,10.157142857142857,3.742857142857143,2375,Belmullet
1995,22,9.757142857142856,,,13.771428571428572,9.342857142857143,1.3,2375,Belmullet
1995,23,13.571428571428571,,,14.157142857142857,9.942857142857141,0.7571428571428571,2375,Belmullet
1995,24,12.12857142857143,,,14.928571428571429,9.314285714285715,1.1857142857142855,2375,Belmullet
1995,25,7.628571428571428,,,19.542857142857144,9.914285714285715,1.0285714285714287,2375,Belmullet
1995,26,10.571428571428571,,,22.457142857142856,13.342857142857143,0.08571428571428572,2375,Belmullet
1995,27,11.12857142857143,,,18.071428571428573,10.785714285714286,1.042857142857143,2375,Belmullet
1995,28,10.685714285714285,,,21.285714285714285,12.714285714285714,5.885714285714286,2375,Belmullet
1995,29,14.62857142857143,,,17.857142857142858,13.542857142857143,4.228571428571429,2375,Belmullet
1995,30,10.385714285714286,,,22.285714285714285,15.271428571428572,2.0714285714285716,2375,Belmullet
1995,31,12.514285714285714,,,21.785714285714285,15.514285714285716,0.014285714285714287,2375,Belmullet
1995,32,12.157142857142857,,,21.271428571428572,13.571428571428571,0.6,2375,Belmullet
1995,33,8.7,,,22.585714285714285,14.414285714285715,0.028571428571428574,2375,Belmullet
1995,34,14.742857142857144,,,18.928571428571427,13.9,1.842857142857143,2375,Belmullet
1995,35,10.142857142857142,,,18.142857142857142,11.485714285714286,1.3142857142857143,2375,Belmullet
1995,36,10.485714285714286,,,17.885714285714286,10.857142857142858,1.8714285714285714,2375,Belmullet
1995,37,7.914285714285714,,,17.785714285714285,9.0,1.0857142857142856,2375,Belmullet
1995,38,12.042857142857143,,,16.942857142857143,9.299999999999999,3.2142857142857144,2375,Belmullet
1995,39,16.414285714285715,,,15.657142857142857,9.642857142857142,5.485714285714286,2375,Belmullet
1995,40,18.599999999999998,,,16.12857142857143,10.457142857142857,6.771428571428571,2375,Belmullet
1995,41,15.428571428571429,,,15.27142857142857,10.642857142857142,7.757142857142857,2375,Belmullet
1995,42,15.442857142857145,,,14.957142857142857,9.857142857142858,4.0285714285714285,2375,Belmullet
1995,43,14.728571428571428,,,12.742857142857144,7.885714285714286,14.385714285714286,2375,Belmullet
1995,44,9.942857142857141,,,14.271428571428572,8.014285714285714,0.8571428571428571,2375,Belmullet
1995,45,12.457142857142857,,,12.557142857142859,6.757142857142857,4.242857142857143,2375,Belmullet
1995,46,11.071428571428571,,,10.885714285714286,4.528571428571429,1.9142857142857144,2375,Belmullet
1995,47,19.071428571428573,,,11.657142857142857,6.3428571428571425,6.6000000000000005,2375,Belmullet
1995,48,15.200000000000001,,,11.571428571428571,6.914285714285714,3.4857142857142853,2375,Belmullet
1995,49,7.557142857142857,,,8.27142857142857,1.157142857142857,0.014285714285714287,2375,Belmullet
1995,50,8.757142857142856,,,8.557142857142857,2.2142857142857144,0.6857142857142857,2375,Belmullet
1995,51,11.385714285714286,,,7.585714285714286,2.4142857142857146,4.3428571428571425,2375,Belmullet
1995,52,13.285714285714286,,,4.0,-0.6,1.7,2375,Belmullet
1996,1,15.285714285714286,,,10.085714285714285,5.742857142857143,7.542857142857143,2375,Belmullet
1996,2,15.22857142857143,,,10.242857142857144,6.257142857142857,4.671428571428572,2375,Belmullet
1996,3,12.985714285714286,,,9.028571428571428,5.585714285714286,2.542857142857143,2375,Belmullet
1996,4,13.414285714285715,,,5.385714285714286,0.19999999999999998,0.07142857142857142,2375,Belmullet
1996,5,9.471428571428572,,,5.928571428571429,-0.21428571428571427,1.157142857142857,2375,Belmullet
1996,6,16.685714285714287,,,8.0,3.385714285714286,8.185714285714285,2375,Belmullet
1996,7,17.4,,,9.700000000000001,3.742857142857143,3.957142857142857,2375,Belmullet
1996,8,11.557142857142859,,,7.757142857142857,1.1857142857142857,3.857142857142857,2375,Belmullet
1996,9,7.728571428571429,,,9.942857142857141,3.2285714285714286,0.37142857142857144,2375,Belmullet
1996,10,10.157142857142857,,,9.585714285714285,3.6,0.39999999999999997,2375,Belmullet
1996,11,13.285714285714286,,,8.128571428571428,2.5142857142857147,4.557142857142857,2375,Belmullet
1996,12,10.785714285714286,,,9.5,3.5285714285714285,1.7285714285714289,2375,Belmullet
1996,13,9.771428571428572,,,9.485714285714286,2.5714285714285716,1.4285714285714286,2375,Belmullet
1996,14,9.914285714285715,,,11.957142857142857,2.857142857142857,0.17142857142857146,2375,Belmullet
1996,15,14.028571428571428,,,12.957142857142857,5.371428571428572,3.8000000000000003,2375,Belmullet
1996,16,16.557142857142857,,,12.1,7.171428571428572,4.6000000000000005,2375,Belmullet
1996,17,14.414285714285715,,,12.185714285714285,7.885714285714286,2.4285714285714284,2375,Belmullet
1996,18,12.985714285714286,,,11.342857142857143,3.9714285714285715,0.8714285714285713,2375,Belmullet
1996,19,7.871428571428572,,,13.042857142857143,3.2714285714285714,0.2714285714285714,2375,Belmullet
1996,20,10.571428571428571,,,13.428571428571429,4.885714285714286,0.7142857142857143,2375,Belmullet
1996,21,14.185714285714285,,,13.857142857142858,8.385714285714286,3.7571428571428567,2375,Belmullet
1996,22,15.485714285714286,,,14.314285714285715,9.514285714285714,5.414285714285714,2375,Belmullet
1996,23,21.62857142857143,,,15.328571428571427,10.171428571428573,3.2857142857142856,2375,Belmullet
1996,24,9.257142857142856,,,17.928571428571427,8.585714285714285,0.5714285714285714,2375,Belmullet
1996,25,11.37142857142857,,,16.1,10.571428571428571,0.014285714285714287,2375,Belmullet
1996,26,13.842857142857143,,,15.9,11.285714285714286,2.6999999999999997,2375,Belmullet
1996,27,13.37142857142857,,,15.0,9.799999999999999,3.042857142857143,2375,Belmullet
1996,28,11.057142857142859,,,15.928571428571429,11.5,1.7285714285714289,2375,Belmullet
1996,29,9.0,,,19.97142857142857,11.214285714285714,0.7285714285714285,2375,Belmullet
1996,30,10.671428571428573,,,18.32857142857143,13.285714285714286,3.9571428571428577,2375,Belmullet
1996,31,15.057142857142859,,,17.742857142857144,12.642857142857142,1.2571428571428573,2375,Belmullet
1996,32,12.828571428571427,,,18.242857142857144,12.314285714285715,5.942857142857143,2375,Belmullet
1996,33,10.342857142857143,,,18.857142857142858,13.257142857142856,2.557142857142857,2375,Belmullet
1996,34,11.885714285714286,,,17.428571428571427,11.942857142857141,4.728571428571428,2375,Belmullet
1996,35,10.728571428571428,,,16.742857142857144,9.528571428571428,0.8285714285714286,2375,Belmullet
1996,36,6.814285714285715,,,21.02857142857143,12.685714285714285,0.19999999999999998,2375,Belmullet
1996,37,11.142857142857142,,,17.87142857142857,10.814285714285715,0.37142857142857144,2375,Belmullet
1996,38,12.742857142857144,,,17.842857142857145,8.642857142857142,0.028571428571428574,2375,Belmullet
1996,39,17.414285714285715,,,16.057142857142857,11.328571428571427,6.442857142857143,2375,Belmullet
1996,40,16.985714285714288,,,14.728571428571428,9.985714285714286,4.642857142857143,2375,Belmullet
1996,41,15.242857142857144,,,14.685714285714285,10.042857142857143,4.457142857142857,2375,Belmullet
1996,42,17.45714285714286,,,13.37142857142857,9.157142857142857,5.057142857142857,2375,Belmullet
1996,43,17.242857142857144,,,14.814285714285715,10.200000000000001,5.942857142857143,2375,Belmullet
1996,44,21.17142857142857,,,13.742857142857144,9.799999999999999,9.428571428571429,2375,Belmullet
1996,45,17.857142857142858,,,11.271428571428572,5.271428571428571,7.757142857142857,2375,Belmullet
1996,46,12.557142857142859,,,10.557142857142859,6.185714285714285,0.7857142857142857,2375,Belmullet
1996,47,13.714285714285714,,,7.828571428571428,1.5,7.157142857142857,2375,Belmullet
1996,48,15.785714285714286,,,10.557142857142859,4.757142857142857,4.7,2375,Belmullet
1996,49,15.485714285714286,,,8.971428571428572,5.385714285714286,8.514285714285714,2375,Belmullet
1996,50,10.428571428571429,,,9.042857142857143,5.1571428571428575,0.6714285714285715,2375,Belmullet
1996,51,12.285714285714286,,,8.471428571428572,3.542857142857143,0.14285714285714285,2375,Belmullet
1996,52,8.6,,,5.828571428571428,-0.5857142857142856,2.1,2375,Belmullet
1997,1,6.571428571428571,,,4.885714285714286,-0.42857142857142855,0.5857142857142856,2375,Belmullet
1997,2,13.971428571428573,,,6.0,1.4857142857142855,1.7428571428571427,2375,Belmullet
1997,3,14.157142857142857,,,10.37142857142857,5.871428571428571,2.0571428571428574,2375,Belmullet
1997,4,10.914285714285715,,,9.157142857142857,3.1,1.1428571428571428,2375,Belmullet
1997,5,9.700000000000001,,,8.585714285714285,1.6142857142857143,1.5857142857142856,2375,Belmullet
1997,6,19.642857142857142,,,10.314285714285715,4.5285714285714285,5.871428571428572,2375,Belmullet
1997,7,18.685714285714287,,,9.657142857142857,3.2857142857142856,5.328571428571428,2375,Belmullet
1997,8,28.914285714285715,,,10.700000000000001,5.3428571428571425,8.542857142857143,2375,Belmullet
1997,9,25.04285714285714,,,10.085714285714285,4.828571428571428,7.785714285714286,2375,Belmullet
1997,10,14.37142857142857,,,10.642857142857142,2.557142857142857,3.9,2375,Belmullet
1997,11,14.771428571428572,,,12.685714285714285,7.671428571428572,1.1142857142857143,2375,Belmullet
1997,12,15.657142857142857,,,11.157142857142857,7.1000000000000005,0.9857142857142858,2375,Belmullet
1997,13,16.357142857142858,,,11.557142857142859,7.128571428571428,1.657142857142857,2375,Belmullet
1997,14,13.971428571428572,,,12.299999999999999,7.8999999999999995,0.35714285714285715,2375,Belmullet
1997,15,7.957142857142857,,,12.971428571428572,4.885714285714286,0.014285714285714287,2375,Belmullet
1997,16,7.857142857142857,,,14.214285714285714,6.442857142857142,0.24285714285714285,2375,Belmullet
1997,17,11.657142857142857,,,14.0,7.885714285714286,3.2714285714285714,2375,Belmullet
1997,18,14.171428571428573,,,16.857142857142858,10.042857142857143,2.4857142857142853,2375,Belmullet
1997,19,15.985714285714286,,,11.057142857142859,4.914285714285714,7.8,2375,Belmullet
1997,20,10.799999999999999,,,16.400000000000002,9.071428571428571,2.4857142857142853,2375,Belmullet
1997,21,8.314285714285715,,,16.242857142857144,8.157142857142857,0.9,2375,Belmullet
1997,22,8.414285714285715,,,20.657142857142855,10.357142857142858,0.014285714285714287,2375,Belmullet
1997,23,12.799999999999999,,,18.271428571428572,10.557142857142859,3.442857142857143,2375,Belmullet
1997,24,12.185714285714285,,,15.200000000000001,8.785714285714286,3.2285714285714286,2375,Belmullet
1997,25,12.328571428571431,,,16.614285714285714,9.457142857142857,1.5571428571428572,2375,Belmullet
1997,26,15.971428571428572,,,15.114285714285716,10.585714285714285,5.557142857142857,2375,Belmullet
1997,27,14.9,,,15.542857142857143,10.799999999999999,1.2285714285714284,2375,Belmullet
1997,28,9.885714285714286,,,18.585714285714285,12.200000000000001,6.128571428571428,2375,Belmullet
1997,29,10.257142857142856,,,18.214285714285715,11.5,1.6285714285714286,2375,Belmullet
1997,30,9.528571428571428,,,18.957142857142856,13.1,4.014285714285714,2375,Belmullet
1997,31,15.271428571428572,,,17.6,13.242857142857144,2.6142857142857143,2375,Belmullet
1997,32,11.085714285714285,,,20.514285714285712,14.485714285714286,2.4857142857142853,2375,Belmullet
1997,33,11.457142857142857,,,21.385714285714283,14.12857142857143,1.3,2375,Belmullet
1997,34,11.057142857142859,,,20.32857142857143,13.157142857142857,1.5999999999999999,2375,Belmullet
1997,35,14.700000000000001,,,17.37142857142857,11.957142857142857,8.157142857142857,2375,Belmullet
1997,36,16.814285714285713,,,16.857142857142858,12.557142857142859,5.571428571428571,2375,Belmullet
1997,37,12.714285714285714,,,16.0,9.114285714285716,2.2285714285714286,2375,Belmullet
1997,38,13.828571428571427,,,17.157142857142855,10.971428571428572,6.2,2375,Belmullet
1997,39,9.657142857142857,,,18.928571428571427,11.514285714285714,0.5285714285714286,2375,Belmullet
1997,40,11.785714285714286,,,16.52857142857143,11.028571428571428,3.5285714285714285,2375,Belmullet
1997,41,13.657142857142857,,,13.87142857142857,9.114285714285714,9.228571428571428,2375,Belmullet
1997,42,11.62857142857143,,,15.5,9.657142857142857,4.714285714285714,2375,Belmullet
1997,43,9.814285714285715,,,13.228571428571428,4.714285714285714,0.0,2375,Belmullet
1997,44,11.37142857142857,,,13.685714285714285,8.114285714285714,0.4714285714285714,2375,Belmullet
1997,45,9.700000000000001,,,11.385714285714286,5.442857142857143,4.085714285714286,2375,Belmullet
1997,46,14.728571428571428,,,12.657142857142857,7.6000000000000005,7.257142857142857,2375,Belmullet
1997,47,15.885714285714286,,,12.12857142857143,6.757142857142857,5.8,2375,Belmullet
1997,48,7.885714285714286,,,10.742857142857144,6.257142857142857,0.9857142857142857,2375,Belmullet
1997,49,16.085714285714285,,,10.1,4.457142857142857,7.828571428571428,2375,Belmullet
1997,50,17.385714285714286,,,11.5,7.071428571428571,6.228571428571429,2375,Belmullet
1997,51,14.114285714285714,,,9.271428571428572,4.257142857142857,0.2571428571428572,2375,Belmullet
1997,52,16.114285714285714,,,10.4,6.514285714285714,8.314285714285715,2375,Belmullet
1998,1,21.599999999999998,,,10.528571428571428,4.442857142857143,11.028571428571428,2375,Belmullet
1998,2,19.685714285714287,,,10.814285714285715,5.414285714285714,8.257142857142856,2375,Belmullet
1998,3,15.685714285714285,,,9.742857142857144,5.8428571428571425,5.714285714285714,2375,Belmullet
1998,4,14.042857142857143,,,9.37142857142857,4.228571428571429,3.9,2375,Belmullet
1998,5,4.828571428571428,,,6.871428571428572,-0.4,0.34285714285714286,2375,Belmullet
1998,6,17.742857142857144,,,10.357142857142858,4.757142857142857,3.2857142857142856,2375,Belmullet
1998,7,23.385714285714283,,,12.242857142857144,9.742857142857144,6.757142857142857,2375,Belmullet
1998,8,16.771428571428572,,,11.271428571428572,7.414285714285714,3.371428571428571,2375,Belmullet
1998,9,20.414285714285715,,,10.442857142857141,5.814285714285715,2.4,2375,Belmullet
1998,10,12.428571428571429,,,10.057142857142859,4.714285714285714,4.6571428571428575,2375,Belmullet
1998,11,13.471428571428572,,,11.5,6.585714285714286,3.1714285714285713,2375,Belmullet
1998,12,8.057142857142857,,,12.228571428571428,6.414285714285714,0.2,2375,Belmullet
1998,13,14.714285714285714,,,11.700000000000001,7.942857142857143,3.8142857142857145,2375,Belmullet
1998,14,12.171428571428573,,,12.828571428571427,6.671428571428572,1.8,2375,Belmullet
1998,15,17.9,,,9.242857142857144,3.2142857142857144,4.485714285714286,2375,Belmullet
1998,16,11.114285714285714,,,11.014285714285714,2.6000000000000005,1.7285714285714284,2375,Belmullet
1998,17,13.828571428571427,,,13.185714285714285,6.357142857142857,3.1285714285714286,2375,Belmullet
1998,18,11.442857142857141,,,13.657142857142857,7.785714285714286,0.7000000000000001,2375,Belmullet
1998,19,13.757142857142856,,,13.071428571428571,7.614285714285714,4.257142857142857,2375,Belmullet
1998,20,7.328571428571428,,,16.485714285714288,9.042857142857143,0.15714285714285717,2375,Belmullet
1998,21,6.828571428571428,,,17.628571428571426,9.471428571428572,0.05714285714285715,2375,Belmullet
1998,22,15.028571428571428,,,15.342857142857143,9.228571428571428,0.8142857142857143,2375,Belmullet
1998,23,9.057142857142857,,,17.442857142857143,9.028571428571428,2.085714285714286,2375,Belmullet
1998,24,13.271428571428572,,,14.799999999999999,9.1,7.371428571428571,2375,Belmullet
1998,25,12.014285714285714,,,17.214285714285715,10.442857142857141,2.185714285714286,2375,Belmullet
1998,26,13.814285714285715,,,16.3,11.114285714285714,4.1,2375,Belmullet
1998,27,11.5,,,15.514285714285714,12.242857142857144,0.27142857142857146,2375,Belmullet
1998,28,11.557142857142859,,,16.414285714285715,11.257142857142856,3.5,2375,Belmullet
1998,29,13.414285714285715,,,16.814285714285713,11.242857142857144,5.257142857142858,2375,Belmullet
1998,30,13.657142857142857,,,16.45714285714286,11.785714285714286,2.957142857142857,2375,Belmullet
1998,31,13.014285714285714,,,16.771428571428572,12.814285714285715,6.028571428571429,2375,Belmullet
1998,32,14.985714285714286,,,17.557142857142857,14.142857142857142,4.185714285714286,2375,Belmullet
1998,33,15.671428571428573,,,17.82857142857143,13.257142857142856,4.0285714285714285,2375,Belmullet
1998,34,13.5,,,17.04285714285714,11.557142857142859,2.585714285714286,2375,Belmullet
1998,35,9.857142857142858,,,18.014285714285712,9.928571428571429,0.9142857142857144,2375,Belmullet
1998,36,12.0,,,19.74285714285714,11.957142857142857,3.114285714285714,2375,Belmullet
1998,37,16.514285714285716,,,16.285714285714285,11.214285714285714,3.0714285714285716,2375,Belmullet
1998,38,12.814285714285715,,,17.714285714285715,11.1,0.6571428571428571,2375,Belmullet
1998,39,8.014285714285714,,,18.757142857142856,11.442857142857141,1.0285714285714287,2375,Belmullet
1998,40,10.671428571428573,,,16.842857142857145,9.714285714285714,2.557142857142857,2375,Belmullet
1998,41,11.37142857142857,,,15.885714285714286,7.557142857142858,2.1857142857142855,2375,Belmullet
1998,42,13.771428571428572,,,14.071428571428571,8.72857142857143,4.414285714285714,2375,Belmullet
1998,43,18.242857142857144,,,13.771428571428572,8.757142857142856,11.257142857142856,2375,Belmullet
1998,44,17.185714285714287,,,11.828571428571427,7.0,4.242857142857143,2375,Belmullet
1998,45,20.02857142857143,,,11.557142857142859,7.528571428571429,8.742857142857144,2375,Belmullet
1998,46,16.585714285714285,,,10.657142857142857,5.028571428571429,6.371428571428572,2375,Belmullet
1998,47,11.985714285714286,,,10.642857142857142,6.085714285714286,4.1,2375,Belmullet
1998,48,16.071428571428573,,,11.414285714285715,7.085714285714286,3.357142857142857,2375,Belmullet
1998,49,6.214285714285714,,,10.1,5.571428571428571,1.0,2375,Belmullet
1998,50,20.328571428571426,,,12.87142857142857,7.628571428571428,6.971428571428571,2375,Belmullet
1998,51,18.3,,,11.028571428571428,6.485714285714286,4.071428571428571,2375,Belmullet
1998,52,19.785714285714285,,,9.799999999999999,3.6142857142857143,6.314285714285715,2375,Belmullet
1998,53,19.900000000000002,,,9.085714285714285,4.185714285714285,5.8999999999999995,2375,Belmullet
1999,1,11.700000000000001,,,8.2,2.1714285714285713,2.9,2375,Belmullet
1999,2,21.957142857142856,,,9.242857142857144,2.6714285714285713,6.7,2375,Belmullet
1999,3,17.585714285714285,,,9.442857142857141,5.0,7.257142857142857,2375,Belmullet
1999,4,12.471428571428572,,,10.014285714285714,6.557142857142857,2.7428571428571433,2375,Belmullet
1999,5,19.842857142857145,,,10.257142857142856,7.414285714285714,1.3142857142857143,2375,Belmullet
1999,6,11.285714285714286,,,9.014285714285714,3.3428571428571425,3.1000000000000005,2375,Belmullet
1999,7,19.014285714285712,,,10.385714285714286,6.614285714285714,2.1285714285714286,2375,Belmullet
1999,8,17.4,,,10.12857142857143,4.914285714285714,5.971428571428571,2375,Belmullet
1999,9,16.057142857142857,,,9.485714285714286,3.9285714285714284,6.185714285714285,2375,Belmullet
1999,10,12.642857142857142,,,9.428571428571429,3.1714285714285713,2.8285714285714287,2375,Belmullet
1999,11,16.942857142857143,,,11.37142857142857,7.557142857142857,1.2714285714285716,2375,Belmullet
1999,12,13.885714285714286,,,11.5,4.971428571428571,2.0571428571428574,2375,Belmullet
1999,13,14.799999999999999,,,14.171428571428573,7.871428571428571,3.2857142857142856,2375,Belmullet
1999,14,17.285714285714285,,,12.142857142857142,8.77142857142857,4.6000000000000005,2375,Belmullet
1999,15,15.542857142857143,,,9.842857142857143,2.0714285714285716,3.528571428571429,2375,Belmullet
1999,16,15.157142857142857,,,13.228571428571428,7.357142857142857,3.6285714285714286,2375,Belmullet
1999,17,9.442857142857141,,,14.942857142857141,8.299999999999999,0.2285714285714286,2375,Belmullet
1999,18,10.685714285714285,,,16.985714285714288,8.914285714285715,1.4428571428571428,2375,Belmullet
1999,19,12.242857142857144,,,14.6,9.471428571428572,2.742857142857143,2375,Belmullet
1999,20,14.085714285714285,,,14.842857142857142,8.085714285714285,0.9571428571428571,2375,Belmullet
1999,21,14.728571428571428,,,14.085714285714285,9.157142857142857,1.9714285714285715,2375,Belmullet
1999,22,11.271428571428572,,,15.585714285714285,8.085714285714285,2.5714285714285716,2375,Belmullet
1999,23,7.957142857142857,,,14.37142857142857,9.042857142857143,0.6571428571428571,2375,Belmullet
1999,24,13.6,,,15.342857142857143,10.342857142857143,4.371428571428572,2375,Belmullet
1999,25,9.071428571428571,,,15.928571428571429,9.299999999999999,2.9285714285714284,2375,Belmullet
1999,26,10.585714285714285,,,18.728571428571428,11.799999999999999,1.657142857142857,2375,Belmullet
1999,27,11.028571428571428,,,19.02857142857143,13.671428571428573,0.4428571428571429,2375,Belmullet
1999,28,13.442857142857141,,,16.95714285714286,12.157142857142857,4.4714285714285715,2375,Belmullet
1999,29,15.142857142857142,,,16.228571428571428,11.842857142857143,2.3000000000000003,2375,Belmullet
1999,30,7.642857142857143,,,22.24285714285714,11.742857142857144,0.18571428571428572,2375,Belmullet
1999,31,9.971428571428572,,,20.857142857142858,13.814285714285715,5.814285714285715,2375,Belmullet
1999,32,10.214285714285714,,,17.985714285714288,11.742857142857144,2.0571428571428574,2375,Belmullet
1999,33,12.471428571428572,,,18.285714285714285,11.257142857142856,1.0714285714285714,2375,Belmullet
1999,34,13.200000000000001,,,18.114285714285714,13.071428571428571,8.671428571428573,2375,Belmullet
1999,35,15.271428571428572,,,17.814285714285713,14.771428571428572,2.7714285714285714,2375,Belmullet
1999,36,15.742857142857144,,,16.757142857142856,8.971428571428572,8.1,2375,Belmullet
1999,37,15.442857142857145,,,16.9,10.1,3.857142857142857,2375,Belmullet
1999,38,8.471428571428572,,,17.114285714285714,11.142857142857142,1.9142857142857144,2375,Belmullet
1999,39,15.214285714285714,,,15.157142857142857,8.5,3.9714285714285715,2375,Belmullet
1999,40,14.571428571428571,,,14.314285714285715,8.714285714285714,3.228571428571428,2375,Belmullet
1999,41,10.771428571428572,,,15.657142857142857,10.057142857142859,0.6285714285714287,2375,Belmullet
1999,42,13.142857142857142,,,13.200000000000001,7.642857142857143,0.39999999999999997,2375,Belmullet
1999,43,21.02857142857143,,,14.014285714285714,9.471428571428572,4.071428571428571,2375,Belmullet
1999,44,18.914285714285715,,,12.442857142857141,8.214285714285714,8.914285714285715,2375,Belmullet
1999,45,3.7142857142857144,,,11.528571428571428,5.985714285714286,0.09999999999999999,2375,Belmullet
1999,46,11.071428571428571,,,10.299999999999999,5.757142857142857,2.642857142857143,2375,Belmullet
1999,47,20.02857142857143,,,11.814285714285715,7.457142857142857,11.914285714285715,2375,Belmullet
1999,48,21.0,,,10.928571428571429,5.385714285714286,5.585714285714286,2375,Belmullet
1999,49,22.714285714285715,,,10.028571428571428,5.414285714285714,8.257142857142856,2375,Belmullet
1999,50,12.071428571428571,,,7.942857142857143,3.0285714285714285,3.414285714285714,2375,Belmullet
1999,51,19.74285714285714,,,8.785714285714286,4.357142857142857,15.12857142857143,2375,Belmullet
1999,52,15.5,125.0,0.0,9.342857142857143,4.314285714285714,4.957142857142857,2375,Belmullet
2000,1,24.442857142857143,195.71428571428572,1.457142857142857,9.757142857142856,4.485714285714286,6.471428571428571,2375,Belmullet
2000,2,13.614285714285714,188.57142857142858,0.9428571428571428,8.142857142857142,4.071428571428571,3.6285714285714286,2375,Belmullet
2000,3,9.1,230.0,1.1857142857142857,8.8,5.314285714285715,0.35714285714285715,2375,Belmullet
2000,4,13.0,262.85714285714283,1.2142857142857142,10.028571428571428,5.257142857142857,2.0571428571428574,2375,Belmullet
2000,5,21.7,210.0,0.4,11.057142857142859,7.414285714285714,4.714285714285714,2375,Belmullet
2000,6,24.642857142857142,411.42857142857144,1.4857142857142858,9.914285714285715,3.9857142857142853,6.071428571428571,2375,Belmullet
2000,7,17.4,440.0,2.157142857142857,9.72857142857143,3.8000000000000003,6.214285714285714,2375,Belmullet
2000,8,19.285714285714285,565.7142857142857,2.3857142857142857,10.414285714285715,4.671428571428572,4.585714285714286,2375,Belmullet
2000,9,16.357142857142858,634.2857142857143,3.0285714285714285,9.62857142857143,4.2,5.0,2375,Belmullet
2000,10,16.642857142857142,347.14285714285717,0.1142857142857143,11.200000000000001,8.928571428571429,1.542857142857143,2375,Belmullet
2000,11,10.971428571428572,748.5714285714286,1.657142857142857,11.757142857142856,7.671428571428572,0.8571428571428571,2375,Belmullet
2000,12,13.114285714285714,885.7142857142857,3.042857142857143,10.428571428571429,5.171428571428572,1.2285714285714284,2375,Belmullet
2000,13,10.714285714285714,1084.2857142857142,3.6,10.6,3.4,1.2714285714285716,2375,Belmullet
2000,14,13.928571428571429,1584.2857142857142,7.885714285714286,11.185714285714285,2.8714285714285714,0.857142857142857,2375,Belmullet
2000,15,15.700000000000001,1380.0,5.085714285714286,10.014285714285714,3.128571428571429,5.3,2375,Belmullet
2000,16,12.885714285714286,1572.857142857143,6.142857142857143,13.62857142857143,6.014285714285714,2.3285714285714287,2375,Belmullet
2000,17,14.471428571428572,960.0,1.7857142857142858,12.185714285714285,6.071428571428571,2.2714285714285714,2375,Belmullet
2000,18,10.671428571428573,1725.7142857142858,6.485714285714286,15.314285714285715,8.585714285714285,0.35714285714285715,2375,Belmullet
2000,19,14.228571428571428,1970.0,7.6000000000000005,18.214285714285715,10.414285714285715,0.17142857142857146,2375,Belmullet
2000,20,15.257142857142856,1917.142857142857,5.757142857142857,13.257142857142856,8.057142857142857,3.2142857142857144,2375,Belmullet
2000,21,12.357142857142858,2242.8571428571427,9.185714285714285,12.885714285714286,6.214285714285714,2.0714285714285716,2375,Belmullet
2000,22,12.828571428571427,1690.0,4.828571428571429,14.142857142857142,7.714285714285714,2.557142857142857,2375,Belmullet
2000,23,16.7,1807.142857142857,4.314285714285714,14.185714285714285,9.37142857142857,2.7714285714285714,2375,Belmullet
2000,24,11.514285714285714,1884.2857142857142,4.957142857142857,17.257142857142856,10.328571428571427,0.2857142857142857,2375,Belmullet
2000,25,12.671428571428573,1734.2857142857142,3.6571428571428575,15.87142857142857,10.742857142857144,2.257142857142857,2375,Belmullet
2000,26,6.528571428571429,1904.2857142857142,5.314285714285715,20.428571428571427,11.842857142857143,0.5285714285714286,2375,Belmullet
2000,27,12.200000000000001,1591.4285714285713,3.042857142857143,17.157142857142855,12.185714285714285,1.042857142857143,2375,Belmullet
2000,28,11.428571428571429,1441.4285714285713,1.7,16.014285714285712,11.9,1.5,2375,Belmullet
2000,29,7.8999999999999995,2300.0,8.971428571428572,21.342857142857145,13.342857142857143,0.014285714285714287,2375,Belmullet
2000,30,8.657142857142857,1755.7142857142858,5.085714285714286,20.8,12.87142857142857,1.3000000000000003,2375,Belmullet
2000,31,13.242857142857144,1337.142857142857,2.9428571428571426,18.914285714285715,13.6,1.8,2375,Belmullet
2000,32,14.299999999999999,994.2857142857143,1.2571428571428573,18.228571428571428,14.357142857142858,7.557142857142857,2375,Belmullet
2000,33,7.685714285714285,1632.857142857143,7.514285714285714,17.914285714285715,10.0,3.9142857142857146,2375,Belmullet
2000,34,7.8999999999999995,1714.2857142857142,9.571428571428571,20.3,10.714285714285714,2.8428571428571425,2375,Belmullet
2000,35,10.5,1612.857142857143,8.242857142857144,19.37142857142857,11.1,4.128571428571428,2375,Belmullet
2000,36,14.685714285714285,1048.5714285714287,3.3000000000000003,17.157142857142855,12.585714285714285,2.9142857142857146,2375,Belmullet
2000,37,10.485714285714286,744.2857142857143,1.7285714285714284,16.357142857142858,11.785714285714286,1.957142857142857,2375,Belmullet
2000,38,11.857142857142858,1054.2857142857142,5.214285714285714,15.828571428571427,9.742857142857144,6.314285714285715,2375,Belmullet
2000,39,11.585714285714285,807.1428571428571,4.0,15.642857142857142,9.771428571428572,8.785714285714286,2375,Belmullet
2000,40,16.485714285714284,751.4285714285714,4.3,14.471428571428572,8.885714285714286,6.8,2375,Belmullet
2000,41,16.54285714285714,635.7142857142857,4.271428571428571,13.185714285714285,8.971428571428572,6.171428571428572,2375,Belmullet
2000,42,16.614285714285717,527.1428571428571,3.7142857142857144,12.457142857142857,7.685714285714285,7.457142857142857,2375,Belmullet
2000,43,18.357142857142858,331.42857142857144,1.5,12.142857142857142,8.471428571428572,12.171428571428573,2375,Belmullet
2000,44,14.028571428571428,387.14285714285717,2.2,10.071428571428571,4.6571428571428575,5.114285714285714,2375,Belmullet
2000,45,19.157142857142855,321.42857142857144,1.7857142857142858,10.0,5.671428571428572,4.685714285714285,2375,Belmullet
2000,46,14.857142857142858,238.57142857142858,1.2142857142857142,9.87142857142857,5.957142857142857,5.757142857142857,2375,Belmullet
2000,47,10.299999999999999,260.0,2.085714285714286,9.085714285714285,4.0,4.5,2375,Belmullet
2000,48,17.87142857142857,118.57142857142857,0.2571428571428572,11.342857142857143,7.328571428571429,7.414285714285714,2375,Belmullet
2000,49,14.671428571428573,145.71428571428572,1.0285714285714287,10.385714285714286,7.371428571428572,6.014285714285714,2375,Belmullet
2000,50,11.657142857142857,151.42857142857142,1.6285714285714286,8.857142857142858,3.5142857142857147,6.485714285714286,2375,Belmullet
2000,51,11.242857142857144,170.0,1.8285714285714287,8.614285714285714,4.728571428571429,0.6142857142857142,2375,Belmullet
2000,52,8.085714285714285,192.85714285714286,2.585714285714286,4.871428571428572,-2.0,4.871428571428572,2375,Belmullet
2001,1,12.757142857142856,188.57142857142858,1.7428571428571427,8.5,4.042857142857143,2.2,2375,Belmullet
2001,2,8.77142857142857,290.0,4.085714285714286,6.528571428571429,1.257142857142857,0.08571428571428572,2375,Belmullet
2001,3,7.128571428571428,297.14285714285717,3.685714285714286,6.142857142857143,-0.47142857142857125,0.31428571428571433,2375,Belmullet
2001,4,14.928571428571429,281.42857142857144,2.314285714285714,8.557142857142857,2.857142857142857,5.514285714285714,2375,Belmullet
2001,5,9.514285714285714,282.85714285714283,1.9285714285714286,8.942857142857143,3.814285714285714,3.6142857142857143,2375,Belmullet
2001,6,12.457142857142856,387.14285714285717,2.3000000000000003,8.1,2.8714285714285714,2.7285714285714286,2375,Belmullet
2001,7,11.200000000000001,547.1428571428571,3.685714285714286,9.857142857142858,3.557142857142857,0.15714285714285717,2375,Belmullet
2001,8,8.542857142857143,568.5714285714286,2.814285714285714,9.971428571428572,2.7857142857142856,1.2428571428571427,2375,Belmullet
2001,9,14.914285714285715,842.8571428571429,5.085714285714286,6.728571428571429,-0.22857142857142865,3.585714285714286,2375,Belmullet
2001,10,15.257142857142856,647.1428571428571,3.1,10.6,5.914285714285714,2.257142857142857,2375,Belmullet
2001,11,10.928571428571429,902.8571428571429,3.7857142857142856,9.071428571428571,1.5714285714285714,3.0,2375,Belmullet
2001,12,10.314285714285715,828.5714285714286,2.5142857142857147,9.385714285714286,3.4714285714285715,0.38571428571428573,2375,Belmullet
2001,13,11.442857142857141,904.2857142857143,2.7285714285714286,10.271428571428572,5.014285714285714,3.8714285714285714,2375,Belmullet
2001,14,14.157142857142857,1191.4285714285713,4.1,11.214285714285714,4.928571428571429,3.6142857142857143,2375,Belmullet
2001,15,9.785714285714286,1168.5714285714287,2.414285714285714,12.414285714285715,6.728571428571429,2.042857142857143,2375,Belmullet
2001,16,9.042857142857143,1334.2857142857142,4.014285714285714,10.942857142857141,4.142857142857143,1.3285714285714285,2375,Belmullet
2001,17,9.342857142857143,1591.4285714285713,6.2,12.157142857142857,4.385714285714285,3.042857142857143,2375,Belmullet
2001,18,7.742857142857143,1795.7142857142858,6.285714285714286,13.485714285714286,5.257142857142857,0.3285714285714286,2375,Belmullet
2001,19,6.371428571428572,2285.714285714286,10.728571428571428,18.25714285714286,7.971428571428571,0.014285714285714287,2375,Belmullet
2001,20,8.985714285714286,1892.857142857143,6.5857142857142845,14.114285714285714,7.114285714285714,1.2285714285714284,2375,Belmullet
2001,21,8.4,2137.1428571428573,8.514285714285714,17.97142857142857,9.87142857142857,0.35714285714285715,2375,Belmullet
2001,22,12.62857142857143,1664.2857142857142,4.371428571428572,14.614285714285714,9.285714285714286,2.2285714285714286,2375,Belmullet
2001,23,8.714285714285714,1940.0,5.728571428571429,13.957142857142857,7.6571428571428575,2.442857142857143,2375,Belmullet
2001,24,9.514285714285714,1578.5714285714287,3.5142857142857147,15.928571428571429,9.671428571428573,1.1714285714285713,2375,Belmullet
2001,25,11.485714285714286,1600.0,4.571428571428571,16.757142857142856,10.442857142857141,3.357142857142857,2375,Belmullet
2001,26,11.814285714285715,1655.7142857142858,4.685714285714285,17.6,12.357142857142858,2.414285714285714,2375,Belmullet
2001,27,10.700000000000001,1475.7142857142858,3.6285714285714286,17.17142857142857,12.585714285714285,1.1714285714285713,2375,Belmullet
2001,28,10.528571428571428,2025.7142857142858,7.371428571428572,15.857142857142858,9.671428571428573,7.285714285714286,2375,Belmullet
2001,29,10.171428571428573,1594.2857142857142,4.314285714285715,17.385714285714286,10.971428571428572,1.157142857142857,2375,Belmullet
2001,30,8.928571428571429,1468.5714285714287,3.9857142857142853,17.5,12.657142857142857,5.885714285714285,2375,Belmullet
2001,31,8.128571428571428,1808.5714285714287,7.057142857142857,17.757142857142856,12.085714285714285,2.3857142857142857,2375,Belmullet
2001,32,9.485714285714286,1132.857142857143,3.3428571428571425,17.085714285714285,11.485714285714286,4.942857142857143,2375,Belmullet
2001,33,7.471428571428571,1275.7142857142858,4.457142857142857,18.085714285714285,12.257142857142856,3.8285714285714287,2375,Belmullet
2001,34,12.914285714285715,1597.142857142857,7.485714285714286,18.17142857142857,12.457142857142857,4.542857142857144,2375,Belmullet
2001,35,9.385714285714286,1170.0,4.1571428571428575,17.285714285714285,11.742857142857144,3.242857142857143,2375,Belmullet
2001,36,9.671428571428573,1160.0,4.7,16.62857142857143,11.557142857142859,0.9142857142857144,2375,Belmullet
2001,37,12.242857142857144,1095.7142857142858,4.3428571428571425,16.485714285714288,10.87142857142857,1.5428571428571427,2375,Belmullet
2001,38,3.4714285714285715,911.4285714285714,4.1571428571428575,16.485714285714288,9.042857142857143,0.0,2375,Belmullet
2001,39,10.514285714285714,737.1428571428571,3.642857142857143,17.02857142857143,11.014285714285714,6.285714285714286,2375,Belmullet
2001,40,15.9,678.5714285714286,3.0142857142857147,15.585714285714285,11.528571428571428,6.685714285714285,2375,Belmullet
2001,41,10.857142857142858,580.0,2.757142857142857,15.342857142857143,10.557142857142859,1.0714285714285714,2375,Belmullet
2001,42,11.614285714285714,597.1428571428571,4.185714285714286,15.957142857142857,9.614285714285714,5.457142857142857,2375,Belmullet
2001,43,9.557142857142859,557.1428571428571,4.328571428571429,14.114285714285714,8.0,3.742857142857143,2375,Belmullet
2001,44,14.057142857142859,411.42857142857144,2.742857142857143,13.557142857142859,9.371428571428572,1.9000000000000001,2375,Belmullet
2001,45,12.985714285714286,244.28571428571428,1.1285714285714286,12.271428571428572,8.328571428571427,3.9714285714285715,2375,Belmullet
2001,46,6.885714285714286,250.0,1.6285714285714286,11.457142857142857,7.414285714285714,0.48571428571428577,2375,Belmullet
2001,47,14.057142857142859,201.42857142857142,1.5285714285714285,12.62857142857143,7.6000000000000005,2.9285714285714284,2375,Belmullet
2001,48,16.342857142857145,177.14285714285714,1.4000000000000001,10.957142857142857,6.028571428571429,9.0,2375,Belmullet
2001,49,16.985714285714288,171.42857142857142,1.5285714285714285,11.614285714285714,6.671428571428572,6.299999999999999,2375,Belmullet
2001,50,9.414285714285715,207.14285714285714,4.185714285714286,8.814285714285715,2.5714285714285716,0.0,2375,Belmullet
2001,51,8.742857142857144,160.0,1.3,8.571428571428571,0.9,1.8285714285714287,2375,Belmullet
2001,52,16.385714285714286,181.42857142857142,1.4714285714285715,8.471428571428572,3.8285714285714287,2.414285714285714,2375,Belmullet
2002,1,13.785714285714286,161.42857142857142,2.142857142857143,8.585714285714285,3.2142857142857144,0.45714285714285713,2375,Belmullet
2002,2,15.814285714285715,141.42857142857142,0.8714285714285713,10.614285714285714,7.371428571428572,2.185714285714286,2375,Belmullet
2002,3,20.8,240.0,2.0428571428571427,11.142857142857142,6.285714285714286,3.914285714285714,2375,Belmullet
2002,4,19.157142857142855,260.0,1.5999999999999999,10.814285714285715,5.6000000000000005,6.457142857142857,2375,Belmullet
2002,5,22.085714285714285,304.2857142857143,1.8,10.357142857142858,5.942857142857143,6.585714285714286,2375,Belmullet
2002,6,19.285714285714285,298.57142857142856,1.6714285714285715,10.614285714285714,5.814285714285715,8.0,2375,Belmullet
2002,7,16.0,460.0,2.8000000000000003,10.842857142857143,5.057142857142857,1.8428571428571427,2375,Belmullet
2002,8,21.97142857142857,400.0,2.085714285714286,10.171428571428573,4.385714285714285,6.9142857142857155,2375,Belmullet
2002,9,18.7,527.5,2.825,9.62857142857143,3.9714285714285715,5.414285714285714,2375,Belmullet
2002,10,20.228571428571428,,,10.414285714285715,5.442857142857143,5.485714285714286,2375,Belmullet
2002,11,14.542857142857143,,,9.62857142857143,3.257142857142857,2.3285714285714287,2375,Belmullet
2002,12,10.685714285714285,,,13.042857142857143,6.714285714285714,1.342857142857143,2375,Belmullet
2002,13,15.328571428571427,,,12.071428571428571,5.071428571428571,1.2142857142857142,2375,Belmullet
2002,14,14.428571428571429,,,13.542857142857143,5.071428571428571,0.4857142857142857,2375,Belmullet
2002,15,8.2,,,12.328571428571427,3.8428571428571425,1.2142857142857142,2375,Belmullet
2002,16,15.0,,,13.428571428571429,7.2,3.3000000000000003,2375,Belmullet
2002,17,19.857142857142858,,,12.471428571428572,8.1,2.6571428571428575,2375,Belmullet
2002,18,11.342857142857143,,,12.785714285714286,5.285714285714286,2.642857142857143,2375,Belmullet
2002,19,8.157142857142857,,,14.528571428571428,6.528571428571429,3.0714285714285716,2375,Belmullet
2002,20,13.314285714285715,,,14.842857142857143,9.814285714285715,5.7,2375,Belmullet
2002,21,15.342857142857143,,,13.9,8.485714285714286,7.357142857142857,2375,Belmullet
2002,22,13.87142857142857,1115.0,1.75,13.714285714285714,9.285714285714286,2.2857142857142856,2375,Belmullet
2002,23,10.842857142857143,1745.7142857142858,6.914285714285714,14.185714285714285,8.057142857142859,4.542857142857143,2375,Belmullet
2002,24,15.428571428571429,1587.142857142857,3.8285714285714287,14.657142857142857,10.799999999999999,9.614285714285714,2375,Belmullet
2002,25,17.185714285714287,2015.7142857142858,6.442857142857143,15.171428571428573,10.9,2.7857142857142856,2375,Belmullet
2002,26,12.257142857142856,1562.857142857143,3.2142857142857144,14.957142857142857,10.614285714285714,2.8000000000000003,2375,Belmullet
2002,27,10.757142857142856,1545.7142857142858,3.857142857142857,14.828571428571427,10.885714285714286,4.1571428571428575,2375,Belmullet
2002,28,9.671428571428573,2185.714285714286,7.785714285714286,16.157142857142855,9.485714285714286,0.9857142857142857,2375,Belmullet
2002,29,6.6571428571428575,1507.142857142857,3.3000000000000003,16.62857142857143,10.87142857142857,2.142857142857143,2375,Belmullet
2002,30,11.485714285714286,1107.142857142857,2.1,16.557142857142857,13.12857142857143,3.728571428571428,2375,Belmullet
2002,31,8.971428571428572,1388.5714285714287,4.1,18.771428571428572,13.057142857142859,0.38571428571428573,2375,Belmullet
2002,32,8.028571428571428,1472.857142857143,3.842857142857143,16.814285714285713,11.37142857142857,4.485714285714286,2375,Belmullet
2002,33,12.014285714285714,1385.7142857142858,4.6571428571428575,17.571428571428573,11.171428571428573,2.242857142857143,2375,Belmullet
2002,34,5.542857142857143,1311.4285714285713,4.142857142857143,17.67142857142857,10.685714285714285,0.32857142857142857,2375,Belmullet
2002,35,9.742857142857144,1220.0,3.8000000000000003,17.271428571428572,11.442857142857141,3.7285714285714286,2375,Belmullet
2002,36,13.671428571428573,1471.4285714285713,6.228571428571429,17.02857142857143,10.728571428571428,2.5142857142857147,2375,Belmullet
2002,37,10.557142857142859,1321.4285714285713,7.057142857142857,20.042857142857144,10.971428571428572,1.8571428571428572,2375,Belmullet
2002,38,7.085714285714286,1052.857142857143,4.442857142857143,17.757142857142856,10.428571428571429,0.08571428571428572,2375,Belmullet
2002,39,7.457142857142857,1062.857142857143,5.714285714285714,17.857142857142858,9.571428571428571,0.3142857142857142,2375,Belmullet
2002,40,11.2,937.1428571428571,5.714285714285714,17.82857142857143,11.357142857142858,2.028571428571429,2375,Belmullet
2002,41,9.014285714285714,618.5714285714286,3.6714285714285713,15.357142857142858,8.857142857142858,5.885714285714286,2375,Belmullet
2002,42,8.114285714285716,610.0,3.9714285714285715,12.428571428571429,3.9714285714285715,7.214285714285714,2375,Belmullet
2002,43,17.8,397.14285714285717,2.357142857142857,11.357142857142858,5.614285714285714,8.542857142857143,2375,Belmullet
2002,44,13.214285714285714,375.7142857142857,1.8000000000000003,12.914285714285715,6.514285714285714,4.142857142857143,2375,Belmullet
2002,45,15.785714285714286,234.28571428571428,1.2857142857142858,12.928571428571429,8.814285714285715,6.8999999999999995,2375,Belmullet
2002,46,17.185714285714287,290.0,2.185714285714286,9.842857142857143,4.171428571428572,5.1571428571428575,2375,Belmullet
2002,47,12.514285714285714,222.85714285714286,1.1142857142857143,10.5,5.771428571428571,2.6000000000000005,2375,Belmullet
2002,48,16.62857142857143,190.0,1.4714285714285713,11.114285714285714,7.242857142857143,7.928571428571429,2375,Belmullet
2002,49,11.485714285714286,168.57142857142858,0.7285714285714285,9.157142857142857,5.228571428571429,1.5428571428571427,2375,Belmullet
2002,50,8.314285714285715,147.14285714285714,1.6285714285714283,6.457142857142857,2.2,0.0,2375,Belmullet
2002,51,7.014285714285713,165.71428571428572,1.842857142857143,7.757142857142857,2.8000000000000003,1.3857142857142857,2375,Belmullet
2002,52,9.257142857142856,125.71428571428571,0.6714285714285715,10.62857142857143,6.7,6.1571428571428575,2375,Belmullet
2003,1,8.042857142857143,205.71428571428572,2.557142857142857,8.171428571428573,3.1714285714285713,2.257142857142857,2375,Belmullet
2003,2,11.942857142857141,234.28571428571428,2.757142857142857,6.485714285714286,0.5571428571428572,0.14285714285714285,2375,Belmullet
2003,3,20.157142857142855,188.57142857142858,1.4000000000000001,10.200000000000001,6.871428571428572,5.1571428571428575,2375,Belmullet
2003,4,15.071428571428571,242.85714285714286,1.8571428571428572,10.442857142857141,4.957142857142857,3.728571428571428,2375,Belmullet
2003,5,20.714285714285715,281.42857142857144,1.7142857142857142,9.071428571428571,4.114285714285715,3.8857142857142857,2375,Belmullet
2003,6,14.328571428571427,350.0,1.8714285714285714,9.028571428571428,4.214285714285714,2.7714285714285714,2375,Belmullet
2003,7,12.957142857142857,532.8571428571429,4.557142857142857,9.214285714285714,3.1714285714285713,1.1857142857142857,2375,Belmullet
2003,8,16.2,621.4285714285714,3.3714285714285714,8.742857142857144,2.8285714285714287,0.17142857142857143,2375,Belmullet
2003,9,13.0,605.7142857142857,3.6000000000000005,10.700000000000001,6.1000000000000005,3.1571428571428575,2375,Belmullet
2003,10,17.9,491.42857142857144,1.4714285714285715,10.457142857142857,5.742857142857143,10.2,2375,Belmullet
2003,11,12.799999999999999,1062.857142857143,5.8,10.9,3.314285714285714,1.3714285714285714,2375,Belmullet
2003,12,9.142857142857142,1228.5714285714287,6.557142857142857,13.585714285714285,3.7857142857142856,0.0,2375,Belmullet
2003,13,5.485714285714286,1030.0,4.128571428571428,13.885714285714286,4.857142857142857,0.028571428571428574,2375,Belmullet
2003,14,9.671428571428573,1151.4285714285713,4.0285714285714285,12.4,6.142857142857143,1.7571428571428573,2375,Belmullet
2003,15,8.685714285714285,1292.857142857143,5.985714285714286,12.799999999999999,5.014285714285714,1.5285714285714285,2375,Belmullet
2003,16,9.542857142857143,1640.0,8.9,18.37142857142857,8.27142857142857,0.028571428571428574,2375,Belmullet
2003,17,11.27142857142857,1578.5714285714287,7.0,14.1,6.771428571428571,2.2,2375,Belmullet
2003,18,7.3,1632.857142857143,6.471428571428571,13.1,5.314285714285715,2.9285714285714284,2375,Belmullet
2003,19,15.328571428571427,1672.857142857143,6.314285714285715,11.799999999999999,6.7,3.3428571428571425,2375,Belmullet
2003,20,11.742857142857142,1858.5714285714287,5.614285714285714,13.37142857142857,7.471428571428571,4.485714285714286,2375,Belmullet
2003,21,14.0,1587.142857142857,3.942857142857143,13.571428571428571,8.957142857142857,7.114285714285714,2375,Belmullet
2003,22,12.514285714285714,1671.4285714285713,4.814285714285715,17.414285714285715,11.214285714285714,1.657142857142857,2375,Belmullet
2003,23,17.3,2012.857142857143,8.77142857142857,15.671428571428573,10.485714285714286,4.814285714285715,2375,Belmullet
2003,24,15.5,1821.4285714285713,4.985714285714286,16.4,11.37142857142857,2.5571428571428574,2375,Belmullet
2003,25,12.62857142857143,1901.4285714285713,4.5285714285714285,17.12857142857143,11.185714285714285,0.7999999999999999,2375,Belmullet
2003,26,12.157142857142857,1960.0,6.142857142857143,18.599999999999998,10.642857142857142,0.8714285714285713,2375,Belmullet
2003,27,10.714285714285714,1430.0,2.4,17.1,12.371428571428572,0.27142857142857146,2375,Belmullet
2003,28,15.0,1472.857142857143,3.1285714285714286,17.814285714285713,13.357142857142858,3.585714285714286,2375,Belmullet
2003,29,9.457142857142857,1228.5714285714287,3.314285714285714,18.414285714285715,13.114285714285714,4.442857142857143,2375,Belmullet
2003,30,12.9,1524.2857142857142,3.6857142857142855,17.114285714285714,12.142857142857142,3.2285714285714286,2375,Belmullet
2003,31,14.400000000000002,1301.4285714285713,2.1857142857142855,17.62857142857143,12.9,5.457142857142856,2375,Belmullet
2003,32,5.7,1815.7142857142858,6.985714285714286,22.3,13.728571428571428,0.19999999999999998,2375,Belmullet
2003,33,7.371428571428572,1842.857142857143,7.971428571428571,19.442857142857143,10.528571428571428,1.1428571428571428,2375,Belmullet
2003,34,12.557142857142855,985.7142857142857,1.4000000000000001,19.271428571428572,13.742857142857144,1.6857142857142857,2375,Belmullet
2003,35,10.542857142857143,1740.0,8.914285714285715,19.25714285714286,11.842857142857143,0.5142857142857142,2375,Belmullet
2003,36,8.428571428571429,1147.142857142857,3.957142857142857,17.785714285714285,11.814285714285715,5.585714285714286,2375,Belmullet
2003,37,13.342857142857143,888.5714285714286,3.0,17.185714285714287,11.928571428571429,3.8285714285714287,2375,Belmullet
2003,38,10.242857142857144,848.5714285714286,3.0714285714285716,17.871428571428574,11.62857142857143,2.1714285714285713,2375,Belmullet
2003,39,11.157142857142858,958.5714285714286,4.4714285714285715,15.585714285714285,9.542857142857143,1.7714285714285716,2375,Belmullet
2003,40,9.785714285714286,728.5714285714286,3.3857142857142857,15.214285714285714,7.971428571428571,1.0714285714285714,2375,Belmullet
2003,41,12.62857142857143,462.85714285714283,0.9428571428571428,15.12857142857143,10.957142857142857,1.8428571428571427,2375,Belmullet
2003,42,8.485714285714286,877.1428571428571,7.5,15.842857142857143,7.8428571428571425,0.0,2375,Belmullet
2003,43,7.885714285714286,571.4285714285714,4.071428571428571,11.87142857142857,3.6571428571428575,3.3000000000000003,2375,Belmullet
2003,44,13.057142857142859,305.7142857142857,1.4142857142857144,11.428571428571429,6.514285714285714,7.214285714285714,2375,Belmullet
2003,45,18.185714285714287,335.7142857142857,2.5857142857142854,13.785714285714286,8.985714285714286,4.8428571428571425,2375,Belmullet
2003,46,11.928571428571429,240.0,1.7714285714285716,11.728571428571428,7.8,7.428571428571429,2375,Belmullet
2003,47,11.928571428571429,248.57142857142858,2.185714285714286,12.0,7.614285714285714,2.157142857142857,2375,Belmullet
2003,48,13.87142857142857,204.28571428571428,1.1142857142857143,9.742857142857144,4.5,6.371428571428572,2375,Belmullet
2003,49,8.657142857142857,260.0,3.6571428571428575,10.771428571428572,3.057142857142857,0.24285714285714285,2375,Belmullet
2003,50,14.471428571428572,137.14285714285714,0.6142857142857142,10.314285714285715,4.942857142857143,3.7142857142857144,2375,Belmullet
2003,51,13.714285714285714,130.0,0.48571428571428577,9.6,5.228571428571429,5.514285714285714,2375,Belmullet
2003,52,14.0,107.14285714285714,0.2857142857142857,9.700000000000001,5.271428571428571,5.957142857142856,2375,Belmullet
2004,1,12.514285714285714,140.0,1.5428571428571427,10.071428571428571,3.442857142857143,4.914285714285714,2375,Belmullet
2004,2,20.557142857142857,185.71428571428572,1.4714285714285713,10.985714285714286,6.471428571428571,5.242857142857143,2375,Belmullet
2004,3,15.057142857142859,247.14285714285714,2.371428571428571,9.342857142857143,2.9,4.928571428571429,2375,Belmullet
2004,4,13.0,221.42857142857142,1.3142857142857143,10.142857142857142,6.742857142857143,2.3428571428571425,2375,Belmullet
2004,5,11.285714285714286,255.71428571428572,1.5571428571428572,8.657142857142857,2.9857142857142853,7.371428571428572,2375,Belmullet
2004,6,21.657142857142855,297.14285714285717,1.7142857142857142,11.428571428571429,7.4,3.442857142857143,2375,Belmullet
2004,7,9.242857142857144,444.2857142857143,3.0285714285714285,11.37142857142857,4.142857142857143,0.21428571428571427,2375,Belmullet
2004,8,9.700000000000001,664.2857142857143,5.328571428571428,9.928571428571429,1.542857142857143,0.08571428571428572,2375,Belmullet
2004,9,12.114285714285714,677.1428571428571,3.9857142857142853,7.914285714285714,1.3714285714285714,4.914285714285714,2375,Belmullet
2004,10,11.328571428571427,912.8571428571429,6.5,11.057142857142859,3.0,1.4000000000000001,2375,Belmullet
2004,11,17.62857142857143,920.0,5.414285714285714,9.342857142857143,3.3428571428571425,2.2714285714285714,2375,Belmullet
2004,12,20.785714285714285,830.0,3.642857142857143,11.457142857142857,6.428571428571429,9.342857142857142,2375,Belmullet
2004,13,11.657142857142857,1190.0,5.585714285714286,11.228571428571428,5.814285714285715,0.9714285714285714,2375,Belmullet
2004,14,12.342857142857143,1357.142857142857,6.0,13.414285714285715,6.085714285714286,1.6285714285714286,2375,Belmullet
2004,15,11.185714285714285,1258.5714285714287,4.014285714285714,12.171428571428573,6.285714285714286,1.5428571428571427,2375,Belmullet
2004,16,11.828571428571427,1171.4285714285713,4.942857142857143,11.585714285714285,5.2,5.642857142857143,2375,Belmullet
2004,17,17.214285714285715,1300.0,4.671428571428572,13.0,8.071428571428571,3.314285714285714,2375,Belmullet
2004,18,14.757142857142856,1701.4285714285713,6.228571428571429,13.085714285714285,7.985714285714286,0.4428571428571429,2375,Belmullet
2004,19,14.085714285714285,1778.5714285714287,7.071428571428571,12.842857142857143,6.0,3.3857142857142857,2375,Belmullet
2004,20,10.085714285714285,1290.0,1.9000000000000001,13.957142857142857,10.37142857142857,0.07142857142857142,2375,Belmullet
2004,21,9.942857142857141,2455.714285714286,10.942857142857141,14.971428571428572,7.0,0.5,2375,Belmullet
2004,22,11.071428571428571,2432.8571428571427,10.085714285714285,17.385714285714283,8.542857142857143,1.157142857142857,2375,Belmullet
2004,23,10.142857142857142,1518.5714285714287,3.3000000000000003,16.285714285714285,10.785714285714286,0.9571428571428572,2375,Belmullet
2004,24,13.385714285714286,1764.2857142857142,4.214285714285714,17.871428571428574,12.514285714285714,1.8142857142857145,2375,Belmullet
2004,25,11.87142857142857,1594.2857142857142,4.057142857142857,15.299999999999999,10.642857142857142,1.2285714285714284,2375,Belmullet
2004,26,12.657142857142857,2085.714285714286,8.685714285714285,16.728571428571428,9.128571428571428,6.714285714285714,2375,Belmullet
2004,27,14.214285714285714,1978.5714285714287,6.057142857142858,16.071428571428573,11.142857142857142,3.642857142857143,2375,Belmullet
2004,28,8.128571428571428,2055.714285714286,6.6000000000000005,16.87142857142857,9.842857142857143,2.4714285714285715,2375,Belmullet
2004,29,9.771428571428572,1697.142857142857,4.742857142857143,16.5,11.442857142857141,1.542857142857143,2375,Belmullet
2004,30,13.7,1431.4285714285713,3.9285714285714284,16.714285714285715,12.571428571428571,3.1142857142857143,2375,Belmullet
2004,31,7.842857142857143,1548.5714285714287,4.857142857142857,18.557142857142857,11.9,2.1142857142857143,2375,Belmullet
2004,32,11.614285714285714,1488.5714285714287,4.457142857142857,19.928571428571427,12.328571428571427,0.7285714285714286,2375,Belmullet
2004,33,6.8999999999999995,1447.142857142857,5.5,20.928571428571427,13.385714285714286,1.542857142857143,2375,Belmullet
2004,34,9.299999999999999,1348.5714285714287,5.771428571428571,18.285714285714285,11.014285714285714,3.1142857142857143,2375,Belmullet
2004,35,12.057142857142859,1268.5714285714287,5.142857142857143,17.785714285714285,13.214285714285714,2.4,2375,Belmullet
2004,36,11.842857142857143,944.2857142857143,3.5714285714285716,17.428571428571427,11.442857142857141,2.4285714285714284,2375,Belmullet
2004,37,11.957142857142857,1287.142857142857,6.428571428571429,20.642857142857142,12.585714285714285,3.2714285714285714,2375,Belmullet
2004,38,20.37142857142857,870.0,3.914285714285714,15.457142857142857,10.828571428571427,8.457142857142857,2375,Belmullet
2004,39,15.1,708.5714285714286,1.9714285714285715,15.071428571428571,11.142857142857142,2.4285714285714284,2375,Belmullet
2004,40,13.814285714285715,720.0,2.7285714285714286,15.042857142857143,10.87142857142857,4.957142857142856,2375,Belmullet
2004,41,12.585714285714285,820.0,5.871428571428572,13.514285714285714,7.5,4.228571428571429,2375,Belmullet
2004,42,9.842857142857143,552.8571428571429,2.5285714285714285,13.228571428571428,7.442857142857143,2.257142857142857,2375,Belmullet
2004,43,7.542857142857143,424.2857142857143,1.8571428571428572,11.12857142857143,5.057142857142858,5.871428571428571,2375,Belmullet
2004,44,11.971428571428572,295.7142857142857,0.9000000000000001,12.342857142857143,7.542857142857143,4.542857142857143,2375,Belmullet
2004,45,10.042857142857143,270.0,0.6714285714285715,12.342857142857142,8.985714285714286,1.2571428571428573,2375,Belmullet
2004,46,11.385714285714286,240.0,1.1142857142857143,12.042857142857143,8.885714285714286,0.6,2375,Belmullet
2004,47,12.271428571428572,144.28571428571428,0.1285714285714286,10.842857142857142,6.9142857142857155,5.742857142857143,2375,Belmullet
2004,48,11.914285714285715,181.42857142857142,0.5714285714285714,11.87142857142857,8.414285714285715,0.9142857142857143,2375,Belmullet
2004,49,10.857142857142858,178.57142857142858,1.1714285714285715,10.9,5.371428571428572,1.6714285714285715,2375,Belmullet
2004,50,13.542857142857144,141.42857142857142,1.3857142857142857,11.428571428571429,6.542857142857144,3.4,2375,Belmullet
2004,51,16.84285714285714,125.71428571428571,1.2857142857142858,10.0,5.371428571428572,7.985714285714287,2375,Belmullet
2004,52,17.3,128.57142857142858,0.5857142857142856,10.428571428571429,5.6000000000000005,4.885714285714286,2375,Belmullet
2004,53,17.242857142857144,124.28571428571429,0.7571428571428571,11.042857142857143,4.585714285714286,6.057142857142857,2375,Belmullet
2005,1,22.599999999999998,132.85714285714286,1.0,11.87142857142857,6.528571428571429,11.200000000000001,2375,Belmullet
2005,2,15.228571428571428,188.57142857142858,1.3142857142857145,10.042857142857143,5.6000000000000005,8.9,2375,Belmullet
2005,3,13.614285714285714,150.0,0.5285714285714286,8.77142857142857,3.1,5.585714285714286,2375,Belmullet
2005,4,10.557142857142859,260.0,1.3142857142857145,9.614285714285714,6.2,0.9000000000000001,2375,Belmullet
2005,5,8.8,301.42857142857144,1.2428571428571427,9.985714285714286,5.1,2.2142857142857144,2375,Belmullet
2005,6,14.314285714285715,341.42857142857144,1.7857142857142858,9.62857142857143,5.471428571428572,3.457142857142857,2375,Belmullet
2005,7,7.228571428571428,385.7142857142857,1.1714285714285713,9.285714285714286,6.257142857142857,1.7714285714285711,2375,Belmullet
2005,8,6.257142857142857,761.4285714285714,5.128571428571428,8.471428571428572,0.7142857142857143,0.5571428571428572,2375,Belmullet
2005,9,9.87142857142857,831.4285714285714,5.385714285714286,9.457142857142857,3.2285714285714286,1.8714285714285714,2375,Belmullet
2005,10,7.685714285714285,834.2857142857143,3.385714285714286,10.057142857142859,3.185714285714286,0.34285714285714286,2375,Belmullet
2005,11,18.542857142857144,651.4285714285714,2.028571428571429,14.385714285714286,8.3,2.3428571428571425,2375,Belmullet
2005,12,11.985714285714286,1132.857142857143,5.885714285714285,15.328571428571427,8.742857142857144,0.7428571428571429,2375,Belmullet
2005,13,8.628571428571428,1047.142857142857,3.7857142857142856,13.085714285714285,6.857142857142857,1.4285714285714286,2375,Belmullet
2005,14,16.97142857142857,1367.142857142857,5.414285714285714,10.4,5.3,4.642857142857143,2375,Belmullet
2005,15,13.985714285714286,1262.857142857143,4.428571428571429,11.014285714285714,5.514285714285714,4.385714285714285,2375,Belmullet
2005,16,7.6000000000000005,1465.7142857142858,7.5,14.200000000000001,5.8,0.5999999999999999,2375,Belmullet
2005,17,11.714285714285714,1510.0,5.871428571428572,14.942857142857141,8.757142857142856,4.828571428571428,2375,Belmullet
2005,18,12.014285714285714,1470.0,5.085714285714286,12.785714285714286,8.328571428571427,1.6857142857142857,2375,Belmullet
2005,19,10.014285714285714,2117.1428571428573,8.685714285714285,14.757142857142856,6.228571428571429,0.0,2375,Belmullet
2005,20,13.242857142857144,1934.2857142857142,5.8999999999999995,13.299999999999999,7.471428571428571,2.6714285714285713,2375,Belmullet
2005,21,12.700000000000001,1792.857142857143,6.042857142857143,13.857142857142858,8.457142857142857,7.885714285714285,2375,Belmullet
2005,22,12.357142857142858,1595.7142857142858,3.8714285714285714,15.5,10.314285714285715,5.571428571428571,2375,Belmullet
2005,23,9.957142857142857,1904.2857142857142,6.285714285714286,17.12857142857143,10.414285714285715,0.08571428571428572,2375,Belmullet
2005,24,11.257142857142858,1420.0,2.914285714285714,16.5,10.87142857142857,2.542857142857143,2375,Belmullet
2005,25,13.957142857142857,1681.4285714285713,3.7857142857142856,16.885714285714286,12.271428571428572,2.1,2375,Belmullet
2005,26,10.042857142857143,1632.857142857143,4.885714285714286,18.12857142857143,11.728571428571428,2.2285714285714286,2375,Belmullet
2005,27,8.914285714285715,1762.857142857143,4.442857142857143,16.9,12.285714285714286,1.9142857142857144,2375,Belmullet
2005,28,6.414285714285714,1434.2857142857142,2.6571428571428575,18.157142857142855,13.299999999999999,0.9857142857142858,2375,Belmullet
2005,29,9.914285714285715,1515.7142857142858,2.8285714285714287,17.5,13.4,0.6714285714285715,2375,Belmullet
2005,30,9.257142857142856,1504.2857142857142,3.242857142857143,16.985714285714288,11.685714285714285,0.32857142857142857,2375,Belmullet
2005,31,8.3,1675.7142857142858,4.4714285714285715,17.87142857142857,12.328571428571427,1.6285714285714283,2375,Belmullet
2005,32,7.085714285714286,1475.7142857142858,3.0285714285714285,18.771428571428572,13.085714285714285,0.7285714285714285,2375,Belmullet
2005,33,11.6,1334.2857142857142,4.042857142857143,18.928571428571427,13.314285714285715,4.942857142857143,2375,Belmullet
2005,34,14.200000000000001,1350.0,5.0,17.085714285714285,12.042857142857143,4.642857142857143,2375,Belmullet
2005,35,9.0,1465.7142857142858,6.614285714285714,19.928571428571427,12.057142857142859,0.7714285714285715,2375,Belmullet
2005,36,8.27142857142857,1022.8571428571429,4.014285714285714,17.95714285714286,11.700000000000001,0.9428571428571428,2375,Belmullet
2005,37,13.157142857142857,810.0,2.0142857142857142,16.4,10.814285714285715,3.685714285714286,2375,Belmullet
2005,38,14.471428571428572,735.7142857142857,2.7142857142857144,16.071428571428573,11.071428571428571,8.1,2375,Belmullet
2005,39,18.728571428571428,718.5714285714286,3.1285714285714286,14.985714285714286,10.357142857142858,7.785714285714286,2375,Belmullet
2005,40,16.1,505.7142857142857,1.9857142857142855,15.028571428571428,11.014285714285714,5.285714285714286,2375,Belmullet
2005,41,7.714285714285714,712.8571428571429,5.3999999999999995,14.928571428571429,7.871428571428572,4.1000000000000005,2375,Belmullet
2005,42,7.1571428571428575,457.14285714285717,1.9000000000000001,14.257142857142856,8.385714285714286,3.642857142857143,2375,Belmullet
2005,43,17.52857142857143,341.42857142857144,2.1857142857142855,15.171428571428573,10.828571428571427,6.185714285714285,2375,Belmullet
2005,44,13.62857142857143,382.85714285714283,2.757142857142857,12.914285714285715,8.171428571428573,5.528571428571429,2375,Belmullet
2005,45,15.814285714285715,304.2857142857143,1.9142857142857141,12.442857142857141,6.771428571428571,5.442857142857143,2375,Belmullet
2005,46,6.042857142857143,301.42857142857144,3.357142857142857,11.242857142857144,5.714285714285714,0.32857142857142857,2375,Belmullet
2005,47,12.385714285714286,238.57142857142858,2.457142857142857,9.542857142857143,2.957142857142857,3.2285714285714286,2375,Belmullet
2005,48,9.771428571428572,178.57142857142858,1.3571428571428572,9.142857142857142,5.442857142857143,8.828571428571427,2375,Belmullet
2005,49,10.728571428571428,128.57142857142858,0.8428571428571429,10.528571428571428,6.3,3.685714285714286,2375,Belmullet
2005,50,6.857142857142857,157.14285714285714,1.0285714285714287,10.585714285714285,6.128571428571428,1.2857142857142858,2375,Belmullet
2005,51,9.485714285714286,165.71428571428572,1.4000000000000001,10.885714285714286,6.914285714285714,1.0142857142857145,2375,Belmullet
2005,52,15.471428571428572,178.57142857142858,1.9714285714285715,8.214285714285714,3.6999999999999997,5.585714285714286,2375,Belmullet
2006,1,11.057142857142859,128.57142857142858,0.21428571428571427,8.671428571428573,3.7714285714285714,4.214285714285714,2375,Belmullet
2006,2,19.442857142857143,137.14285714285714,0.8571428571428571,10.457142857142857,5.457142857142857,7.985714285714286,2375,Belmullet
2006,3,15.985714285714286,185.71428571428572,0.5857142857142856,10.585714285714285,6.7,3.628571428571429,2375,Belmullet
2006,4,8.314285714285713,348.57142857142856,3.8857142857142857,8.614285714285716,1.7285714285714289,0.0,2375,Belmullet
2006,5,7.457142857142857,287.14285714285717,1.9285714285714286,9.285714285714286,4.242857142857143,0.028571428571428574,2375,Belmullet
2006,6,13.571428571428571,338.57142857142856,1.6,10.214285714285714,5.457142857142857,3.4714285714285715,2375,Belmullet
2006,7,13.914285714285713,510.0,3.6285714285714286,10.185714285714285,4.414285714285715,7.871428571428572,2375,Belmullet
2006,8,10.585714285714285,725.7142857142857,5.742857142857142,9.37142857142857,2.085714285714286,0.05714285714285715,2375,Belmullet
2006,9,9.242857142857144,760.0,4.2,7.771428571428572,0.04285714285714296,3.1,2375,Belmullet
2006,10,11.928571428571429,,,10.585714285714285,5.042857142857143,5.6000000000000005,2375,Belmullet
2006,11,12.385714285714286,,,9.885714285714286,4.857142857142857,1.4857142857142855,2375,Belmullet
2006,12,10.157142857142857,,,9.200000000000001,3.9857142857142853,3.3000000000000003,2375,Belmullet
2006,13,12.271428571428572,,,11.285714285714286,6.042857142857143,3.7142857142857144,2375,Belmullet
2006,14,11.271428571428572,,,10.62857142857143,2.8857142857142857,1.9142857142857144,2375,Belmullet
2006,15,11.557142857142859,,,12.085714285714285,6.214285714285714,2.5,2375,Belmullet
2006,16,7.628571428571428,,,12.442857142857141,6.5,2.257142857142857,2375,Belmullet
2006,17,10.471428571428572,,,12.271428571428572,7.3999999999999995,2.1714285714285713,2375,Belmullet
2006,18,14.72857142857143,,,14.757142857142856,7.585714285714286,6.942857142857143,2375,Belmullet
2006,19,6.085714285714286,,,16.514285714285712,8.5,2.8285714285714287,2375,Belmullet
2006,20,14.242857142857144,,,13.700000000000001,9.285714285714286,5.6000000000000005,2375,Belmullet
2006,21,12.428571428571429,,,13.357142857142858,7.1000000000000005,2.2714285714285714,2375,Belmullet
2006,22,7.928571428571429,,,16.014285714285712,7.414285714285714,0.05714285714285715,2375,Belmullet
2006,23,10.299999999999999,,,21.142857142857142,12.071428571428571,0.09999999999999999,2375,Belmullet
2006,24,11.471428571428572,,,15.9,11.799999999999999,3.1285714285714286,2375,Belmullet
2006,25,11.085714285714285,,,15.700000000000001,11.042857142857143,1.1857142857142857,2375,Belmullet
2006,26,9.528571428571428,,,17.514285714285712,11.114285714285714,0.8142857142857143,2375,Belmullet
2006,27,11.971428571428572,,,17.285714285714285,11.842857142857143,4.685714285714286,2375,Belmullet
2006,28,9.5,,,19.414285714285715,10.771428571428572,0.38571428571428573,2375,Belmullet
2006,29,7.171428571428572,,,23.485714285714288,13.200000000000001,0.38571428571428573,2375,Belmullet
2006,30,10.614285714285716,,,20.157142857142855,14.928571428571429,3.457142857142857,2375,Belmullet
2006,31,11.571428571428571,,,18.842857142857145,14.142857142857142,1.6857142857142855,2375,Belmullet
2006,32,10.771428571428572,,,17.257142857142856,12.114285714285714,0.5142857142857143,2375,Belmullet
2006,33,8.785714285714286,,,17.45714285714286,12.185714285714285,1.2428571428571427,2375,Belmullet
2006,34,9.328571428571427,,,17.642857142857142,12.485714285714286,0.7999999999999999,2375,Belmullet
2006,35,11.442857142857141,,,17.385714285714286,12.357142857142858,3.728571428571428,2375,Belmullet
2006,36,8.471428571428572,,,19.385714285714283,12.1,4.014285714285714,2375,Belmullet
2006,37,10.700000000000001,,,18.985714285714288,12.771428571428572,1.2285714285714284,2375,Belmullet
2006,38,12.87142857142857,,,17.785714285714285,11.685714285714285,15.114285714285714,2375,Belmullet
2006,39,10.357142857142858,,,17.428571428571427,11.814285714285715,6.3428571428571425,2375,Belmullet
2006,40,12.957142857142857,,,15.742857142857144,9.228571428571428,5.3428571428571425,2375,Belmullet
2006,41,12.771428571428572,,,16.857142857142858,11.171428571428573,3.585714285714286,2375,Belmullet
2006,42,5.3999999999999995,,,14.985714285714286,10.471428571428572,3.2857142857142856,2375,Belmullet
2006,43,9.528571428571428,,,13.985714285714284,8.814285714285715,5.257142857142857,2375,Belmullet
2006,44,9.37142857142857,,,13.37142857142857,6.942857142857143,0.9285714285714286,2375,Belmullet
2006,45,11.357142857142858,,,13.299999999999999,8.657142857142857,4.371428571428572,2375,Belmullet
2006,46,12.0,,,10.171428571428573,5.071428571428571,8.3,2375,Belmullet
2006,47,16.485714285714288,,,10.185714285714287,5.728571428571429,7.857142857142857,2375,Belmullet
2006,48,23.714285714285715,,,11.485714285714286,7.357142857142857,13.385714285714284,2375,Belmullet
2006,49,17.685714285714287,,,10.514285714285714,6.5,9.385714285714286,2375,Belmullet
2006,50,17.742857142857144,,,10.471428571428572,7.014285714285714,6.485714285714286,2375,Belmullet
2006,51,10.785714285714286,,,8.871428571428572,3.857142857142857,0.31428571428571433,2375,Belmullet
2006,52,14.828571428571427,,,9.671428571428573,5.8,11.242857142857144,2375,Belmullet
2007,1,18.75714285714286,137.14285714285714,1.0142857142857145,10.857142857142858,7.1000000000000005,6.3428571428571425,2375,Belmullet
2007,2,22.900000000000002,197.14285714285714,1.385714285714286,11.528571428571428,6.6000000000000005,6.857142857142857,2375,Belmullet
2007,3,19.5,178.57142857142858,0.8714285714285713,9.771428571428572,3.057142857142857,6.857142857142857,2375,Belmullet
2007,4,10.5,282.85714285714283,1.6999999999999997,8.971428571428572,4.514285714285714,1.4142857142857144,2375,Belmullet
2007,5,8.157142857142857,364.2857142857143,2.9,10.828571428571427,4.685714285714285,0.19999999999999998,2375,Belmullet
2007,6,10.985714285714286,410.0,2.4285714285714284,7.157142857142857,1.2142857142857142,2.057142857142857,2375,Belmullet
2007,7,13.557142857142859,427.14285714285717,3.1,10.37142857142857,3.1571428571428575,3.585714285714286,2375,Belmullet
2007,8,11.557142857142859,497.14285714285717,2.2142857142857144,11.4,6.414285714285714,2.7142857142857144,2375,Belmullet
2007,9,16.185714285714287,662.8571428571429,3.628571428571429,10.828571428571427,4.928571428571429,4.685714285714285,2375,Belmullet
2007,10,18.342857142857145,491.42857142857144,1.7857142857142858,11.114285714285714,6.285714285714286,6.242857142857143,2375,Belmullet
2007,11,18.057142857142857,782.8571428571429,3.6571428571428575,10.757142857142856,6.328571428571428,3.957142857142857,2375,Belmullet
2007,12,9.37142857142857,1065.7142857142858,4.614285714285714,11.714285714285714,3.857142857142857,1.0,2375,Belmullet
2007,13,7.442857142857143,1522.857142857143,9.385714285714286,13.057142857142859,4.814285714285715,0.9,2375,Belmullet
2007,14,4.942857142857143,1701.4285714285713,9.185714285714285,13.957142857142857,4.3,0.0,2375,Belmullet
2007,15,10.057142857142859,1457.142857142857,5.857142857142857,15.014285714285714,8.514285714285714,0.11428571428571428,2375,Belmullet
2007,16,9.814285714285715,1138.5714285714287,3.6999999999999997,13.528571428571428,6.885714285714286,2.9142857142857146,2375,Belmullet
2007,17,9.6,1660.0,7.328571428571429,16.485714285714284,8.114285714285714,4.742857142857143,2375,Belmullet
2007,18,9.342857142857143,1980.0,9.799999999999999,18.67142857142857,8.814285714285715,0.6285714285714284,2375,Belmullet
2007,19,11.457142857142857,1761.4285714285713,6.871428571428572,13.9,8.171428571428573,3.457142857142857,2375,Belmullet
2007,20,12.614285714285714,1647.142857142857,5.114285714285714,13.528571428571428,8.285714285714286,4.442857142857143,2375,Belmullet
2007,21,11.842857142857143,1974.2857142857142,7.328571428571428,13.757142857142856,8.0,1.9000000000000001,2375,Belmullet
2007,22,9.042857142857143,2241.4285714285716,8.957142857142857,16.342857142857145,7.285714285714286,2.9142857142857146,2375,Belmullet
2007,23,5.1571428571428575,2655.714285714286,13.299999999999999,22.014285714285712,11.057142857142859,0.0,2375,Belmullet
2007,24,7.528571428571428,1605.7142857142858,4.6571428571428575,17.842857142857145,10.828571428571427,1.7857142857142858,2375,Belmullet
2007,25,10.957142857142857,1591.4285714285713,4.171428571428572,17.614285714285717,10.885714285714286,3.9857142857142853,2375,Belmullet
2007,26,11.014285714285716,1944.2857142857142,5.085714285714286,16.714285714285715,11.342857142857143,1.7285714285714284,2375,Belmullet
2007,27,11.671428571428573,2012.857142857143,6.742857142857143,16.67142857142857,12.299999999999999,2.142857142857143,2375,Belmullet
2007,28,7.3999999999999995,1481.4285714285713,4.271428571428571,17.2,12.271428571428572,5.671428571428572,2375,Belmullet
2007,29,8.042857142857143,1622.857142857143,4.9,18.057142857142857,12.37142857142857,3.685714285714286,2375,Belmullet
2007,30,9.085714285714285,1944.2857142857142,7.714285714285714,17.557142857142857,10.914285714285715,2.2714285714285714,2375,Belmullet
2007,31,10.428571428571429,1590.0,5.585714285714286,17.885714285714286,12.37142857142857,4.428571428571429,2375,Belmullet
2007,32,7.828571428571428,1538.5714285714287,5.857142857142857,17.842857142857145,12.5,4.442857142857143,2375,Belmullet
2007,33,10.071428571428571,1265.7142857142858,3.6999999999999997,16.128571428571426,11.200000000000001,3.8000000000000003,2375,Belmullet
2007,34,7.685714285714285,1187.142857142857,3.1571428571428575,17.2,12.799999999999999,0.4857142857142857,2375,Belmullet
2007,35,6.6571428571428575,1192.857142857143,3.7285714285714286,17.757142857142856,12.757142857142856,0.6857142857142857,2375,Belmullet
2007,36,4.128571428571428,1322.857142857143,5.7,18.62857142857143,12.428571428571429,0.3857142857142857,2375,Belmullet
2007,37,8.128571428571428,780.0,2.1714285714285713,17.385714285714283,12.757142857142856,3.9428571428571426,2375,Belmullet
2007,38,11.928571428571429,970.0,3.8857142857142857,15.985714285714286,9.528571428571428,2.685714285714286,2375,Belmullet
2007,39,6.885714285714286,1032.857142857143,5.271428571428571,15.514285714285714,7.714285714285714,1.2,2375,Belmullet
2007,40,5.942857142857143,801.4285714285714,4.285714285714286,17.414285714285715,11.014285714285714,2.142857142857143,2375,Belmullet
2007,41,10.442857142857141,547.1428571428571,2.6,16.514285714285712,12.571428571428571,3.3857142857142857,2375,Belmullet
2007,42,10.1,584.2857142857143,3.585714285714286,14.571428571428571,10.357142857142858,1.2857142857142858,2375,Belmullet
2007,43,9.1,467.14285714285717,3.0285714285714285,14.928571428571429,7.957142857142857,7.771428571428571,2375,Belmullet
2007,44,10.542857142857143,281.42857142857144,0.37142857142857144,14.12857142857143,11.457142857142857,1.0285714285714287,2375,Belmullet
2007,45,10.271428571428572,304.2857142857143,1.3857142857142857,13.157142857142857,8.871428571428572,0.9285714285714286,2375,Belmullet
2007,46,11.942857142857141,164.28571428571428,0.34285714285714286,12.214285714285714,7.914285714285714,7.042857142857143,2375,Belmullet
2007,47,13.471428571428572,215.71428571428572,1.2428571428571427,10.528571428571428,5.857142857142857,3.1999999999999997,2375,Belmullet
2007,48,14.585714285714285,140.0,0.8428571428571429,12.014285714285714,7.457142857142857,6.885714285714286,2375,Belmullet
2007,49,20.385714285714283,145.71428571428572,0.7142857142857143,11.585714285714285,6.528571428571429,9.657142857142857,2375,Belmullet
2007,50,18.385714285714283,120.0,0.6,10.414285714285715,7.342857142857143,1.1142857142857143,2375,Belmullet
2007,51,12.314285714285715,218.57142857142858,3.4714285714285715,7.685714285714285,2.1857142857142855,2.0285714285714285,2375,Belmullet
2007,52,17.057142857142857,147.14285714285714,1.042857142857143,10.785714285714286,5.514285714285714,3.8428571428571425,2375,Belmullet
2008,1,14.428571428571429,178.57142857142858,1.542857142857143,8.714285714285714,3.042857142857143,3.8285714285714287,2375,Belmullet
2008,2,14.314285714285715,182.85714285714286,1.5285714285714285,8.385714285714286,3.3285714285714287,6.271428571428572,2375,Belmullet
2008,3,10.0,192.85714285714286,1.0142857142857142,9.385714285714286,4.628571428571428,5.228571428571429,2375,Belmullet
2008,4,18.97142857142857,175.71428571428572,0.7142857142857143,11.385714285714286,6.914285714285714,6.528571428571429,2375,Belmullet
2008,5,17.62857142857143,221.42857142857142,1.0142857142857145,8.942857142857143,3.6,9.914285714285715,2375,Belmullet
2008,6,14.857142857142858,328.57142857142856,2.4857142857142853,10.942857142857141,5.442857142857143,4.014285714285714,2375,Belmullet
2008,7,4.828571428571428,645.7142857142857,6.514285714285714,10.214285714285714,1.2714285714285716,0.0,2375,Belmullet
2008,8,14.828571428571427,522.8571428571429,2.8857142857142857,10.385714285714286,4.957142857142857,2.414285714285714,2375,Belmullet
2008,9,17.214285714285715,470.0,1.3571428571428572,10.814285714285715,5.785714285714286,5.685714285714285,2375,Belmullet
2008,10,17.2,668.5714285714286,2.814285714285714,9.728571428571428,4.757142857142857,5.628571428571428,2375,Belmullet
2008,11,14.057142857142855,678.5714285714286,2.9285714285714284,9.614285714285714,4.414285714285714,7.3999999999999995,2375,Belmullet
2008,12,11.614285714285714,1050.0,5.585714285714286,11.071428571428571,3.7714285714285714,1.8857142857142857,2375,Belmullet
2008,13,10.37142857142857,991.4285714285714,3.7714285714285714,10.471428571428572,3.8428571428571425,6.014285714285714,2375,Belmullet
2008,14,13.185714285714287,1017.1428571428571,3.2714285714285714,11.357142857142858,5.385714285714286,1.7428571428571427,2375,Belmullet
2008,15,7.857142857142857,1392.857142857143,6.142857142857143,10.357142857142858,2.8857142857142857,5.371428571428572,2375,Belmullet
2008,16,9.085714285714285,1585.7142857142858,9.114285714285714,12.185714285714285,4.457142857142857,0.24285714285714288,2375,Belmullet
2008,17,11.114285714285714,1460.0,5.328571428571428,13.814285714285715,7.514285714285714,1.9571428571428573,2375,Belmullet
2008,18,10.642857142857142,1892.857142857143,8.157142857142857,14.157142857142857,6.5857142857142845,1.0857142857142856,2375,Belmullet
2008,19,5.8999999999999995,1830.0,7.114285714285714,18.97142857142857,10.12857142857143,0.3,2375,Belmullet
2008,20,5.628571428571428,2180.0,10.62857142857143,20.099999999999998,10.12857142857143,3.357142857142857,2375,Belmullet
2008,21,11.37142857142857,1870.0,7.257142857142857,16.9,9.257142857142856,1.6857142857142857,2375,Belmullet
2008,22,7.242857142857142,2260.0,9.385714285714286,19.185714285714287,9.614285714285714,0.09999999999999999,2375,Belmullet
2008,23,9.957142857142857,2132.8571428571427,7.2,16.685714285714287,9.814285714285715,2.628571428571429,2375,Belmullet
2008,24,8.8,1721.4285714285713,5.014285714285714,15.4,10.1,0.7857142857142857,2375,Belmullet
2008,25,11.62857142857143,2034.2857142857142,7.071428571428571,15.328571428571427,9.171428571428573,7.1571428571428575,2375,Belmullet
2008,26,13.87142857142857,1758.5714285714287,5.485714285714286,16.114285714285714,11.4,2.642857142857143,2375,Belmullet
2008,27,12.728571428571428,1720.0,6.314285714285714,17.085714285714285,11.37142857142857,5.957142857142857,2375,Belmullet
2008,28,10.571428571428571,1368.5714285714287,2.757142857142857,16.342857142857145,10.642857142857142,1.0142857142857142,2375,Belmullet
2008,29,11.071428571428571,1621.4285714285713,4.685714285714285,16.757142857142856,12.814285714285715,0.8428571428571427,2375,Belmullet
2008,30,9.071428571428571,1517.142857142857,4.142857142857143,20.271428571428572,13.228571428571428,1.042857142857143,2375,Belmullet
2008,31,8.6,1470.0,4.542857142857143,19.514285714285712,13.114285714285714,4.114285714285715,2375,Belmullet
2008,32,10.485714285714286,1357.142857142857,3.7142857142857144,18.085714285714285,12.057142857142859,2.857142857142857,2375,Belmullet
2008,33,8.928571428571429,1087.142857142857,2.7857142857142856,16.97142857142857,11.571428571428571,16.414285714285715,2375,Belmullet
2008,34,10.257142857142856,1260.0,4.4,17.45714285714286,12.542857142857143,2.585714285714286,2375,Belmullet
2008,35,11.285714285714286,945.7142857142857,2.5,17.614285714285714,12.828571428571427,3.914285714285714,2375,Belmullet
2008,36,10.285714285714286,1464.2857142857142,7.114285714285714,16.157142857142855,10.0,4.357142857142857,2375,Belmullet
2008,37,12.714285714285714,751.4285714285714,2.0714285714285716,16.0,11.257142857142856,6.228571428571429,2375,Belmullet
2008,38,12.5,1014.2857142857143,4.928571428571429,16.12857142857143,10.114285714285714,1.7714285714285716,2375,Belmullet
2008,39,7.257142857142857,934.2857142857143,4.271428571428571,16.314285714285713,7.071428571428571,0.42857142857142855,2375,Belmullet
2008,40,15.257142857142856,620.0,2.7142857142857144,13.37142857142857,8.014285714285714,8.257142857142856,2375,Belmullet
2008,41,14.885714285714284,668.5714285714286,3.857142857142857,14.914285714285715,9.62857142857143,6.771428571428571,2375,Belmullet
2008,42,12.814285714285715,630.0,3.142857142857143,13.971428571428572,8.885714285714286,2.7857142857142856,2375,Belmullet
2008,43,22.12857142857143,441.42857142857144,2.742857142857143,12.771428571428572,7.585714285714286,7.771428571428571,2375,Belmullet
2008,44,11.457142857142857,464.2857142857143,3.4285714285714284,10.085714285714285,5.142857142857143,3.357142857142857,2375,Belmullet
2008,45,10.257142857142856,267.14285714285717,1.4142857142857144,10.442857142857141,5.871428571428572,7.457142857142857,2375,Belmullet
2008,46,14.12857142857143,251.42857142857142,0.8857142857142858,11.642857142857142,7.942857142857143,4.828571428571428,2375,Belmullet
2008,47,15.257142857142856,172.85714285714286,0.6142857142857142,11.585714285714285,8.757142857142856,2.7142857142857144,2375,Belmullet
2008,48,14.842857142857143,210.0,1.9142857142857141,8.928571428571429,4.785714285714286,3.8285714285714287,2375,Belmullet
2008,49,10.428571428571429,201.42857142857142,1.6714285714285713,9.014285714285714,1.7571428571428573,4.785714285714286,2375,Belmullet
2008,50,10.142857142857142,145.71428571428572,0.5428571428571428,8.614285714285714,4.642857142857143,5.085714285714286,2375,Belmullet
2008,51,18.599999999999998,94.28571428571429,0.21428571428571427,11.6,6.142857142857143,4.014285714285714,2375,Belmullet
2008,52,10.4,165.71428571428572,2.357142857142857,8.542857142857143,5.228571428571429,0.014285714285714287,2375,Belmullet
2009,1,8.957142857142857,197.14285714285714,2.242857142857143,5.814285714285715,1.6714285714285713,0.04285714285714286,2375,Belmullet
2009,2,16.7,180.0,2.1142857142857143,8.414285714285715,3.7285714285714286,4.271428571428571,2375,Belmullet
2009,3,17.814285714285713,262.85714285714283,1.7142857142857142,9.385714285714286,4.042857142857143,7.714285714285714,2375,Belmullet
2009,4,14.9,240.0,1.4285714285714286,8.271428571428572,2.757142857142857,6.728571428571428,2375,Belmullet
2009,5,12.028571428571428,264.2857142857143,1.1428571428571428,9.257142857142856,4.2,1.6142857142857143,2375,Belmullet
2009,6,11.6,452.85714285714283,4.228571428571429,6.614285714285714,0.5714285714285715,3.3285714285714283,2375,Belmullet
2009,7,7.1000000000000005,447.14285714285717,2.242857142857143,9.685714285714285,4.214285714285714,1.7857142857142858,2375,Belmullet
2009,8,9.9,408.57142857142856,1.1,10.328571428571427,6.557142857142857,0.6285714285714287,2375,Belmullet
2009,9,11.585714285714285,520.0,2.2142857142857144,10.557142857142859,6.942857142857143,0.8428571428571429,2375,Belmullet
2009,10,14.185714285714285,578.5714285714286,2.557142857142857,9.014285714285714,2.8285714285714287,6.428571428571429,2375,Belmullet
2009,11,14.928571428571429,590.0,1.8,11.342857142857143,6.828571428571428,2.8714285714285714,2375,Belmullet
2009,12,8.085714285714285,1277.142857142857,7.557142857142857,14.585714285714285,6.714285714285714,1.457142857142857,2375,Belmullet
2009,13,15.799999999999999,992.8571428571429,3.5142857142857147,10.6,5.071428571428571,2.157142857142857,2375,Belmullet
2009,14,13.5,1207.142857142857,4.7,13.185714285714285,7.6000000000000005,1.1,2375,Belmullet
2009,15,11.200000000000001,1290.0,4.814285714285715,11.485714285714286,5.271428571428571,8.014285714285714,2375,Belmullet
2009,16,8.257142857142856,1474.2857142857142,7.314285714285715,15.228571428571428,7.142857142857143,0.2714285714285714,2375,Belmullet
2009,17,11.799999999999999,1325.7142857142858,4.757142857142857,12.857142857142858,6.814285714285715,4.3428571428571425,2375,Belmullet
2009,18,12.614285714285714,1927.142857142857,8.1,13.37142857142857,5.928571428571429,3.057142857142857,2375,Belmullet
2009,19,17.057142857142857,1444.2857142857142,5.8999999999999995,12.185714285714285,6.557142857142857,5.757142857142858,2375,Belmullet
2009,20,9.557142857142859,1538.5714285714287,6.057142857142857,15.114285714285714,6.5,2.7142857142857144,2375,Belmullet
2009,21,9.742857142857144,1991.4285714285713,7.128571428571428,13.985714285714286,8.557142857142857,1.4428571428571428,2375,Belmullet
2009,22,11.871428571428572,1824.2857142857142,6.2,16.742857142857144,10.542857142857143,1.3142857142857145,2375,Belmullet
2009,23,10.9,2902.8571428571427,14.114285714285714,17.157142857142855,10.228571428571428,0.6428571428571429,2375,Belmullet
2009,24,9.299999999999999,2341.4285714285716,9.657142857142857,16.52857142857143,8.614285714285714,2.4,2375,Belmullet
2009,25,11.314285714285715,1945.7142857142858,5.7,15.942857142857141,10.542857142857143,2.9857142857142853,2375,Belmullet
2009,26,5.514285714285714,1818.5714285714287,5.942857142857143,22.24285714285714,13.22857142857143,0.39999999999999997,2375,Belmullet
2009,27,7.928571428571429,1707.142857142857,5.885714285714285,19.728571428571428,13.442857142857141,4.914285714285714,2375,Belmullet
2009,28,11.4,1647.142857142857,4.585714285714286,18.128571428571426,12.685714285714285,2.5714285714285716,2375,Belmullet
2009,29,7.371428571428572,1894.2857142857142,6.414285714285714,17.514285714285712,10.914285714285715,1.3714285714285714,2375,Belmullet
2009,30,11.971428571428572,1632.857142857143,5.171428571428572,17.728571428571428,12.085714285714285,5.557142857142857,2375,Belmullet
2009,31,17.271428571428572,1764.2857142857142,7.228571428571429,17.12857142857143,12.5,3.3714285714285714,2375,Belmullet
2009,32,15.357142857142858,1262.857142857143,2.8142857142857145,17.357142857142858,12.799999999999999,4.685714285714285,2375,Belmullet
2009,33,11.542857142857143,1111.4285714285713,2.4,16.82857142857143,13.414285714285715,4.6571428571428575,2375,Belmullet
2009,34,14.842857142857143,1288.5714285714287,4.614285714285715,17.1,12.414285714285715,6.742857142857143,2375,Belmullet
2009,35,14.214285714285714,1317.142857142857,5.928571428571429,16.214285714285715,11.7,7.5,2375,Belmullet
2009,36,12.057142857142859,1140.0,4.214285714285714,15.842857142857143,11.557142857142859,5.042857142857143,2375,Belmullet
2009,37,7.442857142857143,1434.2857142857142,8.485714285714286,18.12857142857143,9.700000000000001,0.9857142857142858,2375,Belmullet
2009,38,9.4,1030.0,4.357142857142857,16.557142857142857,9.771428571428572,0.5857142857142856,2375,Belmullet
2009,39,15.742857142857144,680.0,1.657142857142857,15.385714285714286,12.814285714285715,2.957142857142857,2375,Belmullet
2009,40,10.742857142857144,534.2857142857143,1.5285714285714285,14.299999999999999,10.87142857142857,0.7571428571428571,2375,Belmullet
2009,41,8.971428571428572,665.7142857142857,2.6714285714285713,14.485714285714286,8.585714285714285,1.5714285714285714,2375,Belmullet
2009,42,6.3999999999999995,610.0,3.2285714285714286,15.571428571428571,8.6,0.5285714285714286,2375,Belmullet
2009,43,11.942857142857141,482.85714285714283,3.042857142857143,14.971428571428572,9.042857142857143,4.814285714285715,2375,Belmullet
2009,44,13.87142857142857,344.2857142857143,2.2285714285714286,14.928571428571429,11.585714285714285,8.87142857142857,2375,Belmullet
2009,45,15.542857142857143,321.42857142857144,1.4714285714285715,11.714285714285714,7.357142857142857,5.971428571428571,2375,Belmullet
2009,46,10.014285714285714,275.7142857142857,2.5,10.700000000000001,5.3999999999999995,8.085714285714285,2375,Belmullet
2009,47,16.54285714285714,180.0,1.385714285714286,11.828571428571427,7.128571428571428,10.614285714285714,2375,Belmullet
2009,48,13.985714285714286,221.42857142857142,1.9857142857142855,9.885714285714286,4.242857142857143,4.585714285714286,2375,Belmullet
2009,49,13.685714285714287,195.71428571428572,1.957142857142857,9.657142857142857,3.7285714285714286,5.328571428571428,2375,Belmullet
2009,50,11.514285714285714,237.14285714285714,3.2142857142857144,9.857142857142858,4.442857142857143,3.2142857142857144,2375,Belmullet
2009,51,8.871428571428572,165.71428571428572,1.3285714285714287,7.871428571428571,1.5571428571428572,2.8000000000000003,2375,Belmullet
2009,52,6.5,182.85714285714286,2.1,5.328571428571428,-0.042857142857142816,5.385714285714286,2375,Belmullet
2009,53,11.171428571428573,215.71428571428572,2.3285714285714287,5.071428571428571,-0.10000000000000002,2.2285714285714286,2375,Belmullet
2010,1,8.714285714285714,240.0,2.9,4.8,-2.542857142857143,3.242857142857143,2375,Belmullet
2010,2,16.657142857142855,208.57142857142858,1.8142857142857143,7.228571428571429,2.8714285714285714,5.785714285714286,2375,Belmullet
2010,3,8.6,281.42857142857144,2.9285714285714284,8.985714285714286,2.4714285714285715,3.642857142857143,2375,Belmullet
2010,4,10.799999999999999,302.85714285714283,2.042857142857143,8.27142857142857,3.9714285714285715,2.3000000000000003,2375,Belmullet
2010,5,8.414285714285715,370.0,2.085714285714286,9.371428571428572,2.8428571428571425,1.9142857142857144,2375,Belmullet
2010,6,2.9857142857142853,507.14285714285717,4.042857142857143,7.557142857142857,-1.5571428571428572,0.4571428571428572,2375,Belmullet
2010,7,7.257142857142857,568.5714285714286,4.057142857142857,6.585714285714286,0.1142857142857143,4.642857142857143,2375,Belmullet
2010,8,10.542857142857143,682.8571428571429,4.1571428571428575,6.8428571428571425,0.9857142857142858,4.571428571428571,2375,Belmullet
2010,9,5.214285714285714,931.4285714285714,6.057142857142857,9.328571428571427,0.6571428571428571,0.09999999999999999,2375,Belmullet
2010,10,5.042857142857143,1130.0,7.028571428571429,10.385714285714286,0.6714285714285714,0.08571428571428572,2375,Belmullet
2010,11,14.342857142857143,961.4285714285714,3.8285714285714287,11.814285714285715,6.2,1.7571428571428573,2375,Belmullet
2010,12,9.5,1020.0,4.914285714285714,10.971428571428572,4.057142857142857,3.8285714285714287,2375,Belmullet
2010,13,14.657142857142857,890.0,3.6571428571428575,8.27142857142857,2.6142857142857143,5.828571428571428,2375,Belmullet
2010,14,12.442857142857141,1492.857142857143,6.8999999999999995,13.700000000000001,6.642857142857143,1.342857142857143,2375,Belmullet
2010,15,7.0,1717.142857142857,8.857142857142858,13.257142857142856,5.1571428571428575,0.028571428571428574,2375,Belmullet
2010,16,7.628571428571428,1565.7142857142858,6.4,13.171428571428573,5.142857142857143,0.6714285714285715,2375,Belmullet
2010,17,13.785714285714286,1508.5714285714287,5.6000000000000005,13.842857142857143,8.928571428571429,2.8428571428571425,2375,Belmullet
2010,18,10.542857142857143,1720.0,6.414285714285714,12.757142857142856,6.314285714285715,0.2285714285714286,2375,Belmullet
2010,19,9.214285714285714,1881.4285714285713,6.585714285714286,12.157142857142857,5.6571428571428575,1.2142857142857142,2375,Belmullet
2010,20,7.742857142857143,1498.5714285714287,4.442857142857143,16.414285714285715,10.942857142857141,1.614285714285714,2375,Belmullet
2010,21,8.8,2221.4285714285716,8.542857142857143,14.214285714285714,7.371428571428572,0.09999999999999999,2375,Belmullet
2010,22,8.314285714285715,2038.5714285714287,6.985714285714287,17.614285714285714,10.557142857142859,2.5571428571428574,2375,Belmullet
2010,23,9.671428571428573,1820.0,5.042857142857143,16.228571428571428,10.671428571428573,0.7999999999999999,2375,Belmullet
2010,24,5.885714285714286,2241.4285714285716,7.842857142857143,17.1,10.328571428571427,0.15714285714285717,2375,Belmullet
2010,25,11.814285714285715,2028.5714285714287,6.042857142857144,19.042857142857144,12.62857142857143,1.0571428571428572,2375,Belmullet
2010,26,13.9,1765.7142857142858,5.3428571428571425,17.9,12.314285714285715,7.285714285714286,2375,Belmullet
2010,27,12.885714285714286,1698.5714285714287,5.1571428571428575,16.614285714285714,11.885714285714286,6.371428571428571,2375,Belmullet
2010,28,9.914285714285715,1325.7142857142858,2.085714285714286,17.585714285714285,12.285714285714286,3.9,2375,Belmullet
2010,29,11.071428571428571,1191.4285714285713,2.0,17.242857142857144,12.700000000000001,1.7,2375,Belmullet
2010,30,10.142857142857142,1505.7142857142858,3.3000000000000003,17.271428571428572,13.028571428571428,3.4,2375,Belmullet
2010,31,10.414285714285715,1178.5714285714287,2.457142857142857,16.714285714285715,11.714285714285714,2.1999999999999997,2375,Belmullet
2010,32,9.200000000000001,1685.7142857142858,6.242857142857143,17.32857142857143,12.214285714285714,1.1285714285714286,2375,Belmullet
2010,33,11.757142857142856,1495.7142857142858,6.442857142857143,17.54285714285714,12.842857142857143,5.171428571428572,2375,Belmullet
2010,34,9.528571428571428,1772.857142857143,9.842857142857143,16.728571428571428,9.0,1.7142857142857142,2375,Belmullet
2010,35,8.585714285714285,1330.0,5.685714285714285,20.042857142857144,11.171428571428573,1.1857142857142855,2375,Belmullet
2010,36,11.028571428571428,1017.1428571428571,4.142857142857143,17.071428571428573,12.514285714285714,10.828571428571427,2375,Belmullet
2010,37,12.685714285714285,888.5714285714286,3.5285714285714285,15.8,11.457142857142857,3.042857142857143,2375,Belmullet
2010,38,11.285714285714286,694.2857142857143,1.5571428571428572,15.214285714285714,11.471428571428572,5.157142857142857,2375,Belmullet
2010,39,12.857142857142858,1004.2857142857143,5.885714285714286,15.814285714285715,10.200000000000001,2.314285714285714,2375,Belmullet
2010,40,16.814285714285713,707.1428571428571,3.8428571428571425,16.228571428571428,11.700000000000001,1.4714285714285715,2375,Belmullet
2010,41,5.3,772.8571428571429,4.928571428571429,15.928571428571429,7.271428571428571,0.6857142857142857,2375,Belmullet
2010,42,9.257142857142856,564.2857142857143,3.8000000000000003,12.700000000000001,5.742857142857143,3.1285714285714286,2375,Belmullet
2010,43,14.085714285714285,311.42857142857144,1.8285714285714287,13.571428571428571,7.471428571428571,4.957142857142857,2375,Belmullet
2010,44,13.885714285714286,180.0,0.5714285714285714,12.528571428571428,7.414285714285714,10.842857142857143,2375,Belmullet
2010,45,12.557142857142859,362.85714285714283,2.7714285714285714,10.942857142857141,4.828571428571428,7.528571428571428,2375,Belmullet
2010,46,11.4,302.85714285714283,3.0714285714285716,10.214285714285714,5.228571428571429,3.9857142857142853,2375,Belmullet
2010,47,7.457142857142857,280.0,2.814285714285714,7.357142857142857,1.2285714285714284,6.642857142857143,2375,Belmullet
2010,48,5.314285714285715,335.7142857142857,4.642857142857143,5.028571428571429,-2.2857142857142856,3.985714285714286,2375,Belmullet
2010,49,6.685714285714285,214.28571428571428,2.0285714285714285,7.557142857142857,2.6714285714285713,1.9000000000000001,2375,Belmullet
2010,50,9.171428571428573,197.14285714285714,2.2142857142857144,5.814285714285715,-0.17142857142857146,2.1,2375,Belmullet
2010,51,5.785714285714286,265.7142857142857,4.214285714285714,3.1571428571428575,-5.028571428571429,1.6714285714285713,2375,Belmullet
2010,52,6.457142857142857,125.71428571428571,0.8571428571428571,8.914285714285715,4.0285714285714285,2.8857142857142857,2375,Belmullet
2011,1,9.914285714285715,231.42857142857142,2.542857142857143,7.1000000000000005,0.48571428571428577,3.1142857142857143,2375,Belmullet
2011,2,15.642857142857142,160.0,1.1428571428571428,10.057142857142855,5.814285714285715,5.3,2375,Belmullet
2011,3,4.785714285714286,415.7142857142857,6.0,8.885714285714284,0.6142857142857142,0.14285714285714285,2375,Belmullet
2011,4,6.871428571428572,307.14285714285717,2.557142857142857,7.857142857142857,1.2428571428571427,0.5428571428571428,2375,Belmullet
2011,5,16.257142857142856,215.71428571428572,0.9714285714285714,10.157142857142857,5.3999999999999995,7.214285714285714,2375,Belmullet
2011,6,10.142857142857142,435.7142857142857,2.7857142857142856,8.971428571428572,2.7285714285714286,8.285714285714286,2375,Belmullet
2011,7,8.514285714285714,515.7142857142857,4.171428571428572,9.171428571428573,2.685714285714286,3.1571428571428575,2375,Belmullet
2011,8,13.542857142857143,660.0,4.442857142857143,11.528571428571428,6.6571428571428575,3.3428571428571425,2375,Belmullet
2011,9,8.157142857142857,645.7142857142857,2.1857142857142855,11.328571428571427,5.642857142857143,0.38571428571428573,2375,Belmullet
2011,10,14.571428571428571,581.4285714285714,1.2428571428571427,8.77142857142857,4.114285714285715,5.357142857142857,2375,Belmullet
2011,11,10.557142857142859,1030.0,5.285714285714286,10.285714285714286,3.257142857142857,2.157142857142857,2375,Belmullet
2011,12,7.528571428571429,1408.5714285714287,8.328571428571427,13.414285714285713,4.728571428571429,0.0,2375,Belmullet
2011,13,13.400000000000002,1145.7142857142858,5.014285714285713,12.542857142857143,6.814285714285715,4.0,2375,Belmullet
2011,14,13.700000000000001,1001.4285714285714,3.6142857142857143,15.014285714285714,8.4,4.3999999999999995,2375,Belmullet
2011,15,11.014285714285714,1432.857142857143,5.1000000000000005,13.114285714285714,7.5,2.414285714285714,2375,Belmullet
2011,16,7.528571428571429,1478.5714285714287,6.657142857142857,15.771428571428572,7.828571428571428,1.0857142857142856,2375,Belmullet
2011,17,7.628571428571429,1704.2857142857142,7.871428571428572,17.371428571428574,7.942857142857143,0.19999999999999998,2375,Belmullet
2011,18,14.0,1620.0,6.928571428571429,17.17142857142857,9.614285714285714,5.471428571428571,2375,Belmullet
2011,19,16.414285714285715,1684.2857142857142,6.171428571428572,13.514285714285714,9.142857142857142,3.7857142857142856,2375,Belmullet
2011,20,16.82857142857143,1508.5714285714287,4.585714285714286,13.12857142857143,8.557142857142857,5.985714285714286,2375,Belmullet
2011,21,18.52857142857143,1648.5714285714287,5.242857142857143,12.742857142857144,8.5,3.457142857142857,2375,Belmullet
2011,22,11.957142857142857,2048.5714285714284,7.385714285714286,14.257142857142856,8.942857142857143,0.8142857142857143,2375,Belmullet
2011,23,10.228571428571428,1941.4285714285713,6.1000000000000005,13.528571428571428,6.357142857142857,1.7571428571428573,2375,Belmullet
2011,24,11.357142857142858,2170.0,7.642857142857143,15.342857142857143,8.72857142857143,1.657142857142857,2375,Belmullet
2011,25,11.228571428571428,1375.7142857142858,3.271428571428572,14.828571428571427,9.842857142857143,7.3,2375,Belmullet
2011,26,9.799999999999999,2348.5714285714284,8.142857142857142,16.17142857142857,10.785714285714286,0.4714285714285714,2375,Belmullet
2011,27,8.757142857142858,1755.7142857142858,6.014285714285714,17.157142857142855,10.914285714285715,2.4714285714285715,2375,Belmullet
2011,28,9.700000000000001,1545.7142857142858,4.985714285714286,16.785714285714285,11.285714285714286,2.142857142857143,2375,Belmullet
2011,29,7.328571428571428,1530.0,3.528571428571429,16.3,10.914285714285715,0.48571428571428577,2375,Belmullet
2011,30,8.3,1267.142857142857,2.2142857142857144,17.057142857142857,12.200000000000001,0.8285714285714285,2375,Belmullet
2011,31,6.271428571428571,1502.857142857143,3.385714285714286,17.314285714285713,10.385714285714286,1.2,2375,Belmullet
2011,32,12.328571428571427,1274.2857142857142,2.8142857142857145,16.442857142857143,12.957142857142857,4.928571428571429,2375,Belmullet
2011,33,9.857142857142858,1637.142857142857,7.8999999999999995,16.942857142857143,11.0,2.5285714285714285,2375,Belmullet
2011,34,8.6,1495.7142857142858,6.928571428571429,16.84285714285714,10.200000000000001,1.9428571428571428,2375,Belmullet
2011,35,7.7,880.0,1.5571428571428572,15.842857142857143,10.0,4.228571428571429,2375,Belmullet
2011,36,17.085714285714285,715.7142857142857,1.5142857142857142,15.814285714285715,11.685714285714285,10.457142857142857,2375,Belmullet
2011,37,14.757142857142856,1014.2857142857143,3.7142857142857144,15.385714285714286,11.37142857142857,3.0714285714285716,2375,Belmullet
2011,38,17.414285714285715,918.5714285714286,3.742857142857143,15.114285714285714,11.1,7.528571428571429,2375,Belmullet
2011,39,11.585714285714285,777.1428571428571,2.557142857142857,17.32857142857143,11.314285714285715,1.5571428571428572,2375,Belmullet
2011,40,16.985714285714288,581.4285714285714,2.742857142857143,14.171428571428573,10.457142857142857,3.085714285714286,2375,Belmullet
2011,41,12.042857142857144,514.2857142857143,2.314285714285714,14.814285714285715,11.685714285714285,5.185714285714285,2375,Belmullet
2011,42,14.842857142857143,394.2857142857143,1.8,12.614285714285714,7.928571428571429,11.62857142857143,2375,Belmullet
2011,43,13.5,281.42857142857144,0.9714285714285714,12.785714285714286,8.9,6.542857142857143,2375,Belmullet
2011,44,13.142857142857142,410.0,3.5142857142857147,13.357142857142858,8.257142857142856,3.385714285714286,2375,Belmullet
2011,45,13.0,357.14285714285717,3.257142857142857,13.671428571428573,9.1,0.5857142857142856,2375,Belmullet
2011,46,9.485714285714286,217.14285714285714,1.4285714285714286,13.228571428571428,8.042857142857143,4.3,2375,Belmullet
2011,47,17.4,177.14285714285714,1.3285714285714287,11.9,7.0,6.957142857142857,2375,Belmullet
2011,48,16.428571428571427,142.85714285714286,0.8857142857142858,10.414285714285715,5.1000000000000005,8.385714285714284,2375,Belmullet
2011,49,17.142857142857142,160.0,1.2428571428571427,8.757142857142856,3.8285714285714287,4.371428571428571,2375,Belmullet
2011,50,15.685714285714285,134.28571428571428,1.0142857142857142,7.857142857142857,3.3285714285714287,5.814285714285714,2375,Belmullet
2011,51,17.614285714285714,108.57142857142857,0.4857142857142857,11.257142857142856,7.985714285714286,5.1571428571428575,2375,Belmullet
2011,52,19.771428571428572,100.0,0.11666666666666665,10.671428571428573,6.557142857142857,6.871428571428572,2375,Belmullet
2012,1,18.442857142857143,,,10.842857142857142,6.771428571428571,4.057142857142858,2375,Belmullet
2012,2,10.700000000000001,,,10.1,6.028571428571428,1.2,2375,Belmullet
2012,3,16.142857142857142,,,10.285714285714286,6.385714285714286,1.0571428571428572,2375,Belmullet
2012,4,12.328571428571427,,,9.985714285714286,4.628571428571428,10.142857142857142,2375,Belmullet
2012,5,10.657142857142858,,,7.585714285714286,2.8285714285714287,1.7,2375,Belmullet
2012,6,9.685714285714285,,,10.342857142857143,7.214285714285714,3.3857142857142857,2375,Belmullet
2012,7,12.657142857142857,,,9.914285714285715,6.3999999999999995,1.7857142857142858,2375,Belmullet
2012,8,15.685714285714285,,,10.971428571428572,8.542857142857143,3.0714285714285716,2375,Belmullet
2012,9,14.942857142857141,,,10.942857142857141,5.942857142857143,1.2857142857142858,2375,Belmullet
2012,10,14.971428571428572,,,11.128571428571428,7.042857142857143,1.9285714285714286,2375,Belmullet
2012,11,10.457142857142857,,,10.785714285714286,6.528571428571429,2.5571428571428574,2375,Belmullet
2012,12,14.171428571428573,,,14.242857142857144,8.114285714285714,0.24285714285714288,2375,Belmullet
2012,13,5.242857142857143,,,15.328571428571427,6.057142857142857,0.2857142857142857,2375,Belmullet
2012,14,10.257142857142856,,,10.971428571428572,5.471428571428571,1.557142857142857,2375,Belmullet
2012,15,8.114285714285714,,,11.314285714285715,3.6571428571428575,2.2142857142857144,2375,Belmullet
2012,16,11.4,,,11.4,5.971428571428571,6.114285714285714,2375,Belmullet
2012,17,12.914285714285715,,,11.471428571428572,3.9285714285714284,1.3142857142857145,2375,Belmullet
2012,18,10.971428571428572,,,12.914285714285715,5.928571428571429,0.1142857142857143,2375,Belmullet
2012,19,12.428571428571429,,,11.885714285714286,5.442857142857143,3.1714285714285717,2375,Belmullet
2012,20,9.885714285714286,,,12.228571428571428,6.171428571428572,3.1142857142857143,2375,Belmullet
2012,21,9.885714285714286,,,22.214285714285715,12.671428571428573,0.15714285714285717,2375,Belmullet
2012,22,8.1,,,18.071428571428573,11.642857142857142,2.414285714285714,2375,Belmullet
2012,23,8.857142857142858,,,14.87142857142857,8.5,4.3999999999999995,2375,Belmullet
2012,24,11.471428571428572,,,14.885714285714286,9.028571428571428,0.7428571428571429,2375,Belmullet
2012,25,7.8,,,15.942857142857141,9.9,3.242857142857143,2375,Belmullet
2012,26,10.385714285714286,,,16.214285714285715,12.014285714285714,6.3,2375,Belmullet
2012,27,10.12857142857143,,,17.2,12.385714285714286,0.7571428571428571,2375,Belmullet
2012,28,10.742857142857144,,,15.87142857142857,9.685714285714285,1.0142857142857142,2375,Belmullet
2012,29,11.12857142857143,,,16.757142857142856,11.842857142857143,3.3,2375,Belmullet
2012,30,8.371428571428572,,,16.47142857142857,10.799999999999999,4.314285714285714,2375,Belmullet
2012,31,10.799999999999999,1588.0,5.5600000000000005,16.97142857142857,11.428571428571429,6.3428571428571425,2375,Belmullet
2012,32,6.014285714285714,1599.3333333333333,6.116666666666667,21.485714285714288,13.214285714285714,0.24285714285714285,2375,Belmullet
2012,33,13.571428571428571,1453.5714285714287,6.228571428571429,19.400000000000002,13.985714285714286,5.071428571428571,2375,Belmullet
2012,34,12.085714285714285,1369.7142857142858,4.828571428571428,17.771428571428572,11.9,4.471428571428571,2375,Belmullet
2012,35,14.785714285714286,1214.5714285714287,4.071428571428571,17.142857142857142,12.142857142857142,2.7714285714285714,2375,Belmullet
2012,36,12.200000000000001,941.1428571428571,3.242857142857143,16.67142857142857,12.671428571428573,2.2285714285714286,2375,Belmullet
2012,37,13.114285714285714,1035.857142857143,4.585714285714286,15.471428571428572,11.299999999999999,1.6857142857142857,2375,Belmullet
2012,38,10.299999999999999,1050.2857142857142,5.128571428571428,15.028571428571428,8.128571428571428,3.4142857142857146,2375,Belmullet
2012,39,15.971428571428572,671.1428571428571,2.642857142857143,13.571428571428571,9.799999999999999,5.4,2375,Belmullet
2012,40,8.785714285714286,810.5714285714286,4.771428571428571,13.1,6.985714285714286,4.271428571428571,2375,Belmullet
2012,41,7.385714285714286,823.7142857142857,5.8999999999999995,13.514285714285716,5.514285714285714,0.7999999999999999,2375,Belmullet
2012,42,11.214285714285714,574.7142857142857,3.3714285714285714,12.485714285714286,7.271428571428572,3.5714285714285716,2375,Belmullet
2012,43,10.014285714285714,402.7142857142857,2.371428571428571,12.142857142857142,7.014285714285714,1.7857142857142858,2375,Belmullet
2012,44,12.314285714285715,336.0,1.2714285714285716,9.385714285714286,4.5285714285714285,6.042857142857143,2375,Belmullet
2012,45,12.185714285714285,325.57142857142856,1.9428571428571428,10.514285714285714,6.814285714285715,4.214285714285714,2375,Belmullet
2012,46,10.542857142857143,210.71428571428572,0.8999999999999998,10.542857142857143,5.614285714285714,5.5,2375,Belmullet
2012,47,13.62857142857143,208.42857142857142,0.9285714285714286,9.385714285714286,4.985714285714286,4.957142857142857,2375,Belmullet
2012,48,9.085714285714285,201.71428571428572,1.957142857142857,8.957142857142857,3.3857142857142857,4.357142857142857,2375,Belmullet
2012,49,11.614285714285714,156.85714285714286,1.2428571428571427,8.828571428571427,3.6999999999999997,3.657142857142857,2375,Belmullet
2012,50,10.385714285714286,153.0,0.8285714285714285,7.285714285714286,3.728571428571428,2.2142857142857144,2375,Belmullet
2012,51,11.299999999999999,161.28571428571428,0.9285714285714286,9.571428571428571,4.971428571428571,3.6571428571428575,2375,Belmullet
2012,52,17.414285714285715,127.14285714285714,0.6714285714285715,9.657142857142857,5.028571428571429,5.914285714285714,2375,Belmullet
2013,1,16.4,105.0,0.5428571428571428,10.785714285714286,6.8999999999999995,5.328571428571428,2375,Belmullet
2013,2,10.285714285714286,212.85714285714286,2.6714285714285713,9.4,3.857142857142857,3.2857142857142856,2375,Belmullet
2013,3,9.485714285714286,193.42857142857142,0.8714285714285713,7.457142857142856,2.485714285714286,4.357142857142857,2375,Belmullet
2013,4,11.87142857142857,157.71428571428572,0.5999999999999999,6.385714285714286,1.8571428571428572,5.314285714285715,2375,Belmullet
2013,5,18.271428571428572,313.57142857142856,2.2285714285714286,9.985714285714286,5.3428571428571425,5.328571428571428,2375,Belmullet
2013,6,14.085714285714285,405.14285714285717,3.0142857142857147,9.314285714285715,3.7857142857142856,4.642857142857143,2375,Belmullet
2013,7,12.37142857142857,376.0,1.9285714285714286,9.657142857142857,5.2,2.7285714285714286,2375,Belmullet
2013,8,10.085714285714285,802.0,7.3428571428571425,8.014285714285714,0.7999999999999999,0.0,2375,Belmullet
2013,9,5.171428571428572,729.4285714285714,4.485714285714286,9.857142857142858,1.5,0.042857142857142864,2375,Belmullet
2013,10,10.685714285714285,442.57142857142856,0.6571428571428571,9.271428571428572,4.757142857142857,1.0,2375,Belmullet
2013,11,9.642857142857142,904.7142857142857,5.028571428571429,7.714285714285714,0.5857142857142857,4.214285714285714,2375,Belmullet
2013,12,12.414285714285715,732.4285714285714,2.9285714285714284,7.171428571428571,2.085714285714286,1.0714285714285714,2375,Belmullet
2013,13,10.614285714285714,1050.142857142857,4.142857142857143,6.457142857142857,-0.37142857142857144,0.04285714285714286,2375,Belmullet
2013,14,9.314285714285715,1592.0,8.442857142857143,9.557142857142859,-0.0285714285714286,0.0,2375,Belmullet
2013,15,12.528571428571428,1189.2857142857142,5.0,11.571428571428571,3.757142857142857,2.6571428571428575,2375,Belmullet
2013,16,16.62857142857143,1465.7142857142858,5.242857142857143,11.714285714285714,6.128571428571428,5.628571428571428,2375,Belmullet
2013,17,12.385714285714286,1559.5714285714287,4.642857142857143,11.314285714285715,6.257142857142857,3.1142857142857143,2375,Belmullet
2013,18,13.928571428571429,1488.2857142857142,4.428571428571429,11.785714285714286,5.414285714285714,1.8571428571428572,2375,Belmullet
2013,19,13.485714285714286,1303.2857142857142,3.271428571428572,12.171428571428573,7.871428571428572,3.542857142857143,2375,Belmullet
2013,20,12.357142857142858,1678.7142857142858,6.171428571428572,11.571428571428571,6.714285714285714,7.371428571428572,2375,Belmullet
2013,21,11.285714285714286,1574.2857142857142,4.871428571428572,12.528571428571428,8.057142857142857,2.0142857142857142,2375,Belmullet
2013,22,9.642857142857142,2056.8571428571427,6.328571428571429,13.728571428571428,8.685714285714285,1.5285714285714285,2375,Belmullet
2013,23,6.571428571428571,2513.714285714286,11.914285714285715,20.8,10.842857142857143,0.15714285714285717,2375,Belmullet
2013,24,10.857142857142858,1738.0,5.185714285714285,15.657142857142857,9.771428571428572,2.642857142857143,2375,Belmullet
2013,25,12.528571428571428,1817.7142857142858,5.7,15.685714285714285,10.585714285714285,2.414285714285714,2375,Belmullet
2013,26,10.12857142857143,1762.5714285714287,4.428571428571429,15.485714285714286,10.5,0.8428571428571429,2375,Belmullet
2013,27,13.757142857142856,1317.142857142857,1.9285714285714286,15.685714285714287,12.171428571428573,2.3714285714285714,2375,Belmullet
2013,28,6.242857142857143,2404.4285714285716,10.314285714285715,21.900000000000002,11.62857142857143,0.04285714285714286,2375,Belmullet
2013,29,7.742857142857143,1980.857142857143,6.628571428571428,22.985714285714288,15.585714285714287,0.042857142857142864,2375,Belmullet
2013,30,5.828571428571428,1661.2857142857142,6.042857142857143,21.400000000000002,13.985714285714286,5.314285714285715,2375,Belmullet
2013,31,11.414285714285715,1638.4285714285713,5.614285714285714,18.485714285714288,12.685714285714285,6.642857142857143,2375,Belmullet
2013,32,9.12857142857143,1466.857142857143,3.5285714285714285,17.657142857142855,12.6,2.1714285714285713,2375,Belmullet
2013,33,11.942857142857141,1338.142857142857,3.7857142857142856,17.485714285714288,13.428571428571429,1.7857142857142854,2375,Belmullet
2013,34,10.87142857142857,1189.5714285714287,3.185714285714286,17.385714285714286,13.257142857142856,2.4,2375,Belmullet
2013,35,11.514285714285714,1064.4285714285713,1.5714285714285714,16.571428571428573,12.857142857142858,0.5,2375,Belmullet
2013,36,12.471428571428572,990.1428571428571,3.3857142857142857,15.457142857142857,10.385714285714286,3.857142857142857,2375,Belmullet
2013,37,9.585714285714285,965.2857142857143,3.357142857142857,15.414285714285713,10.171428571428573,2.7285714285714286,2375,Belmullet
2013,38,13.457142857142857,895.0,2.5714285714285716,15.799999999999999,11.085714285714285,3.028571428571429,2375,Belmullet
2013,39,6.5,764.2857142857143,3.0714285714285716,19.657142857142855,12.985714285714286,0.42857142857142855,2375,Belmullet
2013,40,11.742857142857144,649.1428571428571,2.442857142857143,18.185714285714287,13.757142857142856,1.1142857142857143,2375,Belmullet
2013,41,9.214285714285714,605.0,2.4285714285714284,13.828571428571427,7.8428571428571425,1.0571428571428572,2375,Belmullet
2013,42,8.185714285714285,603.2857142857143,3.685714285714286,14.985714285714286,8.4,3.0,2375,Belmullet
2013,43,12.942857142857141,504.42857142857144,3.9285714285714284,14.257142857142856,8.799999999999999,6.628571428571429,2375,Belmullet
2013,44,14.1,488.14285714285717,4.485714285714286,11.642857142857142,6.428571428571429,3.585714285714286,2375,Belmullet
2013,45,11.4,286.85714285714283,1.3142857142857143,10.414285714285715,4.571428571428571,3.542857142857143,2375,Belmullet
2013,46,13.171428571428573,226.28571428571428,1.457142857142857,11.514285714285714,7.885714285714286,1.2714285714285716,2375,Belmullet
2013,47,10.314285714285715,243.28571428571428,1.7571428571428573,9.385714285714286,4.1571428571428575,2.3000000000000003,2375,Belmullet
2013,48,7.142857142857143,195.71428571428572,0.9571428571428572,10.485714285714284,6.857142857142857,0.6714285714285715,2375,Belmullet
2013,49,15.214285714285714,132.71428571428572,0.6142857142857142,10.87142857142857,7.271428571428571,1.5857142857142856,2375,Belmullet
2013,50,23.728571428571428,101.42857142857143,0.42857142857142866,12.742857142857144,8.885714285714286,6.742857142857143,2375,Belmullet
2013,51,22.614285714285717,102.71428571428571,0.5285714285714286,9.357142857142858,4.142857142857143,8.157142857142857,2375,Belmullet
2013,52,17.17142857142857,131.0,1.0714285714285714,8.971428571428572,4.142857142857143,7.185714285714285,2375,Belmullet
2014,1,15.87142857142857,141.85714285714286,1.2714285714285716,8.7,4.5,7.614285714285715,2375,Belmullet
2014,2,12.700000000000001,193.0,2.442857142857143,9.228571428571428,3.8999999999999995,6.228571428571429,2375,Belmullet
2014,3,9.114285714285714,200.85714285714286,1.3714285714285714,8.471428571428572,3.414285714285714,5.8,2375,Belmullet
2014,4,17.371428571428574,222.42857142857142,1.8571428571428572,9.700000000000001,5.571428571428571,7.428571428571429,2375,Belmullet
2014,5,17.285714285714285,279.7142857142857,1.9285714285714286,8.442857142857143,3.557142857142857,6.585714285714286,2375,Belmullet
2014,6,13.114285714285714,377.14285714285717,2.585714285714286,7.985714285714286,3.6285714285714286,5.471428571428571,2375,Belmullet
2014,7,16.242857142857144,336.2857142857143,2.2142857142857144,7.357142857142857,2.1,9.128571428571428,2375,Belmullet
2014,8,14.171428571428573,453.7142857142857,2.9285714285714284,9.614285714285714,5.071428571428571,8.642857142857142,2375,Belmullet
2014,9,14.814285714285715,574.1428571428571,3.0714285714285716,8.7,4.271428571428571,5.114285714285714,2375,Belmullet
2014,10,13.514285714285714,509.57142857142856,2.5285714285714285,9.171428571428573,4.614285714285714,3.7714285714285714,2375,Belmullet
2014,11,8.842857142857143,782.1428571428571,4.242857142857143,10.642857142857142,5.028571428571429,0.2285714285714286,2375,Belmullet
2014,12,17.571428571428573,883.1428571428571,3.914285714285714,10.285714285714286,5.628571428571428,4.3,2375,Belmullet
2014,13,10.585714285714285,1092.2857142857142,5.314285714285715,11.185714285714285,3.8285714285714287,2.2142857142857144,2375,Belmullet
2014,14,11.142857142857142,1115.2857142857142,5.0,14.200000000000001,7.4,2.9285714285714284,2375,Belmullet
2014,15,12.928571428571429,1263.5714285714287,4.828571428571428,11.214285714285714,7.142857142857143,2.042857142857143,2375,Belmullet
2014,16,8.342857142857143,1271.7142857142858,5.485714285714286,13.328571428571427,6.242857142857143,0.39999999999999997,2375,Belmullet
2014,17,10.299999999999999,1684.2857142857142,7.857142857142857,15.642857142857142,8.328571428571427,2.3000000000000003,2375,Belmullet
2014,18,9.457142857142857,1310.4285714285713,4.314285714285714,15.414285714285715,9.328571428571427,1.3571428571428572,2375,Belmullet
2014,19,14.9,1409.2857142857142,3.7857142857142856,12.914285714285715,8.642857142857142,5.299999999999999,2375,Belmullet
2014,20,11.585714285714287,1615.142857142857,5.814285714285715,13.728571428571428,8.9,4.228571428571429,2375,Belmullet
2014,21,14.228571428571428,1574.2857142857142,4.542857142857143,13.285714285714286,7.714285714285714,3.757142857142857,2375,Belmullet
2014,22,8.114285714285714,2084.1428571428573,8.985714285714286,17.1,9.0,0.942857142857143,2375,Belmullet
2014,23,8.842857142857143,1651.5714285714287,5.942857142857143,15.742857142857144,8.357142857142858,1.5,2375,Belmullet
2014,24,8.357142857142858,1726.0,5.871428571428572,17.385714285714286,10.785714285714286,2.914285714285714,2375,Belmullet
2014,25,7.514285714285714,2354.1428571428573,9.614285714285714,18.957142857142856,11.4,0.014285714285714287,2375,Belmullet
2014,26,6.942857142857143,1967.5714285714287,7.357142857142857,18.785714285714285,11.285714285714286,1.5142857142857142,2375,Belmullet
2014,27,10.028571428571428,1926.5714285714287,6.514285714285714,18.02857142857143,10.9,2.557142857142857,2375,Belmullet
2014,28,8.585714285714285,1522.142857142857,3.528571428571429,17.142857142857142,12.328571428571427,1.3285714285714287,2375,Belmullet
2014,29,9.771428571428572,1468.5714285714287,3.242857142857143,18.52857142857143,13.528571428571428,3.257142857142857,2375,Belmullet
2014,30,7.971428571428571,1508.857142857143,4.328571428571428,20.3,15.5,1.1428571428571428,2375,Belmullet
2014,31,8.957142857142857,1433.4285714285713,3.357142857142857,17.914285714285715,12.485714285714286,1.1,2375,Belmullet
2014,32,9.285714285714286,1885.7142857142858,8.37142857142857,18.285714285714285,11.357142857142858,4.328571428571428,2375,Belmullet
2014,33,11.014285714285714,1595.0,6.257142857142857,16.985714285714288,12.271428571428572,3.114285714285714,2375,Belmullet
2014,34,8.514285714285714,1602.0,6.8,16.45714285714286,9.2,1.5,2375,Belmullet
2014,35,12.700000000000001,742.8571428571429,1.4714285714285715,16.742857142857144,12.328571428571427,3.3,2375,Belmullet
2014,36,6.542857142857143,938.5714285714286,2.6285714285714286,16.657142857142855,10.757142857142856,0.1285714285714286,2375,Belmullet
2014,37,4.342857142857143,1343.7142857142858,7.042857142857144,20.17142857142857,9.142857142857142,0.014285714285714287,2375,Belmullet
2014,38,6.8999999999999995,1037.857142857143,4.785714285714286,18.8,10.885714285714286,0.0,2375,Belmullet
2014,39,11.085714285714285,840.5714285714286,3.457142857142857,16.814285714285713,11.114285714285714,1.5,2375,Belmullet
2014,40,15.285714285714286,766.1428571428571,3.585714285714286,15.72857142857143,10.728571428571428,6.257142857142857,2375,Belmullet
2014,41,6.785714285714286,759.4285714285714,4.4,13.985714285714286,6.2,2.5571428571428574,2375,Belmullet
2014,42,13.857142857142858,509.14285714285717,2.242857142857143,14.671428571428573,9.042857142857143,6.257142857142857,2375,Belmullet
2014,43,20.5,349.0,1.3142857142857145,13.228571428571428,10.171428571428573,3.957142857142857,2375,Belmullet
2014,44,14.228571428571428,246.14285714285714,0.7428571428571428,13.228571428571428,8.171428571428573,8.985714285714286,2375,Belmullet
2014,45,12.228571428571428,339.0,2.2714285714285714,11.6,6.814285714285715,5.785714285714286,2375,Belmullet
2014,46,8.185714285714285,276.7142857142857,2.242857142857143,10.785714285714286,4.885714285714286,3.3,2375,Belmullet
2014,47,8.657142857142857,246.14285714285714,2.4857142857142853,11.200000000000001,5.628571428571428,1.5714285714285714,2375,Belmullet
2014,48,7.714285714285714,259.2857142857143,3.0714285714285716,10.799999999999999,4.1,0.38571428571428573,2375,Belmullet
2014,49,11.914285714285713,149.0,1.1857142857142857,9.814285714285715,5.728571428571429,3.6714285714285717,2375,Belmullet
2014,50,17.485714285714288,116.71428571428571,0.4428571428571429,8.7,3.857142857142857,6.614285714285715,2375,Belmullet
2014,51,15.700000000000001,105.71428571428571,0.41428571428571426,10.357142857142858,7.371428571428572,4.1571428571428575,2375,Belmullet
2014,52,10.414285714285715,147.85714285714286,0.9857142857142857,8.428571428571429,4.4714285714285715,4.871428571428572,2375,Belmullet
2015,1,18.414285714285715,148.57142857142858,1.3,10.157142857142857,5.1000000000000005,2.914285714285714,2375,Belmullet
2015,2,22.02857142857143,119.14285714285714,0.8857142857142858,11.171428571428573,5.171428571428572,8.828571428571427,2375,Belmullet
2015,3,18.914285714285715,180.71428571428572,1.542857142857143,7.685714285714285,1.6857142857142857,8.114285714285716,2375,Belmullet
2015,4,12.528571428571428,185.14285714285714,0.9571428571428572,7.871428571428572,3.242857142857143,2.6999999999999997,2375,Belmullet
2015,5,17.04285714285714,265.2857142857143,1.7571428571428573,7.957142857142857,3.314285714285714,3.6714285714285713,2375,Belmullet
2015,6,6.5,364.14285714285717,1.9857142857142858,7.714285714285714,1.7857142857142858,0.9285714285714286,2375,Belmullet
2015,7,10.328571428571427,339.57142857142856,2.1,8.657142857142857,4.3428571428571425,1.7857142857142858,2375,Belmullet
2015,8,16.771428571428572,425.42857142857144,2.257142857142857,8.799999999999999,4.5,4.228571428571429,2375,Belmullet
2015,9,18.857142857142858,430.57142857142856,1.7714285714285711,9.314285714285715,4.114285714285715,3.8142857142857145,2375,Belmullet
2015,10,21.785714285714285,511.7142857142857,2.257142857142857,9.428571428571429,5.214285714285714,4.314285714285714,2375,Belmullet
2015,11,14.114285714285714,974.7142857142857,5.742857142857143,10.6,2.6,3.0428571428571423,2375,Belmullet
2015,12,7.185714285714285,831.5714285714286,2.742857142857143,10.914285714285715,2.7857142857142856,0.14285714285714285,2375,Belmullet
2015,13,13.585714285714285,932.2857142857143,3.2714285714285714,10.057142857142859,4.728571428571429,5.671428571428572,2375,Belmullet
2015,14,12.828571428571427,895.5714285714286,2.6571428571428575,11.528571428571428,6.314285714285715,3.4571428571428577,2375,Belmullet
2015,15,9.571428571428571,1744.857142857143,9.728571428571428,12.485714285714286,4.142857142857143,2.5142857142857147,2375,Belmullet
2015,16,11.485714285714286,1684.4285714285713,8.071428571428571,13.6,5.128571428571428,0.7714285714285715,2375,Belmullet
2015,17,7.514285714285714,1977.857142857143,10.271428571428572,13.828571428571427,4.057142857142857,1.4285714285714286,2375,Belmullet
2015,18,12.685714285714285,1513.857142857143,6.028571428571429,11.428571428571429,4.3,3.2285714285714286,2375,Belmullet
2015,19,11.87142857142857,1274.142857142857,3.7857142857142856,12.157142857142857,5.942857142857143,5.7,2375,Belmullet
2015,20,15.285714285714286,1730.5714285714287,6.042857142857143,13.828571428571427,7.014285714285714,1.5285714285714285,2375,Belmullet
2015,21,12.142857142857142,1562.2857142857142,3.6714285714285713,12.442857142857141,8.028571428571428,2.5285714285714285,2375,Belmullet
2015,22,11.742857142857144,1663.2857142857142,4.085714285714286,12.057142857142859,7.242857142857143,3.9714285714285715,2375,Belmullet
2015,23,13.714285714285714,1837.142857142857,6.3428571428571425,12.728571428571428,8.0,5.457142857142856,2375,Belmullet
2015,24,8.585714285714285,2257.1428571428573,8.371428571428572,14.414285714285715,6.8999999999999995,0.0,2375,Belmullet
2015,25,11.37142857142857,1466.142857142857,2.185714285714286,14.457142857142857,10.385714285714286,1.2142857142857142,2375,Belmullet
2015,26,13.457142857142857,1576.7142857142858,4.3428571428571425,16.3,11.528571428571428,1.5857142857142859,2375,Belmullet
2015,27,13.299999999999999,1793.2857142857142,5.614285714285714,18.542857142857144,12.785714285714286,1.4,2375,Belmullet
2015,28,13.671428571428573,1037.142857142857,1.1571428571428573,16.214285714285715,11.271428571428572,7.071428571428571,2375,Belmullet
2015,29,9.442857142857141,1627.4285714285713,4.3,16.157142857142855,9.771428571428572,4.757142857142858,2375,Belmullet
2015,30,10.1,1783.142857142857,4.771428571428571,16.314285714285713,10.271428571428572,3.5857142857142854,2375,Belmullet
2015,31,11.957142857142857,1581.0,4.771428571428571,15.428571428571429,10.842857142857143,4.042857142857143,2375,Belmullet
2015,32,15.257142857142858,1298.0,3.3714285714285714,15.671428571428573,11.471428571428572,3.6285714285714286,2375,Belmullet
2015,33,8.714285714285714,1510.0,3.6285714285714286,15.771428571428572,11.042857142857143,0.8142857142857143,2375,Belmullet
2015,34,11.357142857142858,1285.142857142857,3.885714285714286,17.285714285714285,12.0,3.2142857142857144,2375,Belmullet
2015,35,13.242857142857144,1299.857142857143,3.585714285714286,15.657142857142858,11.1,4.085714285714286,2375,Belmullet
2015,36,8.814285714285715,1248.857142857143,3.6571428571428575,15.471428571428572,10.071428571428571,0.6142857142857142,2375,Belmullet
2015,37,10.314285714285715,979.8571428571429,3.7142857142857144,16.52857142857143,10.071428571428571,11.971428571428573,2375,Belmullet
2015,38,8.9,865.8571428571429,1.9857142857142855,15.385714285714286,9.657142857142857,1.3285714285714285,2375,Belmullet
2015,39,11.285714285714286,827.0,2.7714285714285714,14.914285714285715,10.671428571428573,3.1571428571428575,2375,Belmullet
2015,40,5.685714285714285,973.4285714285714,6.628571428571428,16.757142857142856,7.528571428571429,0.028571428571428574,2375,Belmullet
2015,41,8.171428571428573,588.1428571428571,2.1571428571428575,15.171428571428573,9.214285714285714,2.5714285714285716,2375,Belmullet
2015,42,5.757142857142857,787.7142857142857,6.042857142857143,14.542857142857143,5.385714285714286,0.014285714285714287,2375,Belmullet
2015,43,14.257142857142856,349.2857142857143,1.457142857142857,13.157142857142857,9.614285714285714,4.957142857142856,2375,Belmullet
2015,44,13.642857142857142,478.42857142857144,4.171428571428572,14.200000000000001,9.442857142857141,3.3428571428571425,2375,Belmullet
2015,45,9.700000000000001,307.2857142857143,1.7285714285714284,13.385714285714286,8.542857142857143,3.085714285714286,2375,Belmullet
2015,46,21.342857142857145,176.57142857142858,1.0857142857142856,13.328571428571427,7.7,11.62857142857143,2375,Belmullet
2015,47,14.814285714285715,232.28571428571428,1.657142857142857,10.071428571428571,5.585714285714286,5.014285714285714,2375,Belmullet
2015,48,17.357142857142858,145.14285714285714,0.9285714285714286,11.37142857142857,7.457142857142856,5.957142857142857,2375,Belmullet
2015,49,16.857142857142858,120.57142857142857,0.6714285714285715,11.157142857142857,5.742857142857142,13.6,2375,Belmullet
2015,50,17.242857142857144,101.14285714285714,0.4857142857142857,10.028571428571428,4.128571428571428,8.4,2375,Belmullet
2015,51,19.2,96.42857142857143,0.6142857142857142,12.471428571428572,9.471428571428572,3.914285714285714,2375,Belmullet
2015,52,16.928571428571427,124.28571428571429,0.8142857142857143,9.914285714285715,4.457142857142857,5.514285714285714,2375,Belmullet
2015,53,15.014285714285714,89.14285714285714,0.2571428571428572,9.914285714285715,4.285714285714286,9.357142857142858,2375,Belmullet
2016,1,9.242857142857144,205.0,2.2142857142857144,7.628571428571429,2.6714285714285713,4.585714285714286,2375,Belmullet
2016,2,11.87142857142857,170.57142857142858,1.1,7.171428571428572,2.6571428571428575,4.514285714285714,2375,Belmullet
2016,3,14.257142857142856,146.57142857142858,0.6714285714285715,9.957142857142857,6.942857142857143,4.328571428571428,2375,Belmullet
2016,4,20.0,215.71428571428572,1.2857142857142858,10.142857142857142,4.585714285714286,11.042857142857144,2375,Belmullet
2016,5,21.157142857142855,223.28571428571428,0.7142857142857143,9.742857142857144,5.471428571428572,5.371428571428571,2375,Belmullet
2016,6,9.785714285714286,449.57142857142856,3.5142857142857147,7.585714285714286,1.9285714285714286,6.885714285714286,2375,Belmullet
2016,7,14.357142857142858,416.2857142857143,2.3428571428571425,8.971428571428572,3.8285714285714287,5.571428571428571,2375,Belmullet
2016,8,7.042857142857143,677.8571428571429,4.5285714285714285,8.471428571428572,0.8714285714285713,3.8285714285714287,2375,Belmullet
2016,9,16.057142857142857,582.7142857142857,2.8285714285714287,8.8,2.6571428571428575,6.628571428571428,2375,Belmullet
2016,10,13.714285714285714,570.0,1.5,10.328571428571427,6.514285714285714,4.157142857142857,2375,Belmullet
2016,11,6.542857142857143,1203.7142857142858,7.614285714285715,12.614285714285714,4.042857142857143,0.0,2375,Belmullet
2016,12,13.528571428571428,749.7142857142857,2.4285714285714284,10.285714285714286,6.071428571428571,5.014285714285713,2375,Belmullet
2016,13,10.214285714285714,1169.4285714285713,5.628571428571428,10.442857142857141,4.8,3.628571428571429,2375,Belmullet
2016,14,12.257142857142856,1192.857142857143,4.2,10.042857142857143,3.6142857142857143,2.1999999999999997,2375,Belmullet
2016,15,10.028571428571428,1202.0,4.914285714285714,10.714285714285714,4.114285714285714,1.7857142857142858,2375,Belmullet
2016,16,9.614285714285714,1820.142857142857,8.242857142857144,12.471428571428572,5.971428571428571,0.3428571428571429,2375,Belmullet
2016,17,14.4,1653.142857142857,5.6571428571428575,10.557142857142859,4.871428571428571,2.8142857142857145,2375,Belmullet
2016,18,14.757142857142856,1826.5714285714287,7.457142857142857,13.214285714285714,7.285714285714286,2.157142857142857,2375,Belmullet
2016,19,9.585714285714285,1979.2857142857142,9.314285714285715,17.857142857142858,9.700000000000001,0.014285714285714287,2375,Belmullet
2016,20,9.928571428571429,1785.142857142857,5.8999999999999995,14.114285714285714,7.742857142857143,3.3,2375,Belmullet
2016,21,6.557142857142857,1954.2857142857142,7.328571428571428,16.857142857142858,7.6000000000000005,0.17142857142857143,2375,Belmullet
2016,22,8.885714285714286,2614.5714285714284,11.571428571428571,18.557142857142857,10.985714285714286,0.0,2375,Belmullet
2016,23,5.5,1731.7142857142858,4.614285714285715,19.74285714285714,13.528571428571428,1.9857142857142855,2375,Belmullet
2016,24,11.671428571428573,1315.2857142857142,2.357142857142857,16.12857142857143,11.314285714285715,6.071428571428571,2375,Belmullet
2016,25,12.285714285714286,1570.5714285714287,2.7142857142857144,15.971428571428572,11.814285714285715,2.7142857142857144,2375,Belmullet
2016,26,10.5,1878.2857142857142,4.857142857142857,15.157142857142857,11.114285714285714,4.5,2375,Belmullet
2016,27,12.799999999999999,1293.857142857143,1.9000000000000001,16.585714285714285,12.285714285714286,5.6000000000000005,2375,Belmullet
2016,28,11.885714285714286,1490.4285714285713,2.414285714285714,16.285714285714285,11.857142857142858,1.5571428571428572,2375,Belmullet
2016,29,9.385714285714286,1672.7142857142858,4.628571428571428,18.657142857142855,12.471428571428572,2.514285714285714,2375,Belmullet
2016,30,7.371428571428572,1411.4285714285713,2.6,16.7,11.928571428571429,3.528571428571429,2375,Belmullet
2016,31,13.314285714285715,1192.5714285714287,1.4857142857142858,17.557142857142857,12.785714285714286,1.4285714285714286,2375,Belmullet
2016,32,12.742857142857144,1233.142857142857,2.3285714285714287,16.5,13.0,1.6714285714285715,2375,Belmullet
2016,33,10.442857142857141,1112.857142857143,3.7285714285714286,19.314285714285713,13.842857142857143,3.571428571428572,2375,Belmullet
2016,34,10.514285714285714,1562.857142857143,6.228571428571429,18.0,11.914285714285715,0.48571428571428577,2375,Belmullet
2016,35,14.2,850.5714285714286,1.7571428571428573,17.714285714285715,12.542857142857143,6.185714285714285,2375,Belmullet
2016,36,16.557142857142857,739.7142857142857,1.457142857142857,17.414285714285715,13.228571428571428,4.685714285714285,2375,Belmullet
2016,37,9.514285714285714,1079.0,4.885714285714286,16.571428571428573,10.700000000000001,2.7142857142857144,2375,Belmullet
2016,38,16.985714285714288,759.2857142857143,2.8714285714285714,15.299999999999999,11.171428571428573,6.428571428571429,2375,Belmullet
2016,39,12.914285714285715,879.0,4.8428571428571425,15.457142857142857,9.142857142857142,2.0142857142857142,2375,Belmullet
2016,40,9.957142857142857,562.7142857142857,2.8857142857142857,15.585714285714285,10.1,3.585714285714286,2375,Belmullet
2016,41,7.757142857142857,598.2857142857143,3.0714285714285716,13.757142857142856,7.1000000000000005,0.5428571428571429,2375,Belmullet
2016,42,9.157142857142857,466.85714285714283,2.2,13.042857142857143,7.671428571428571,0.9857142857142858,2375,Belmullet
2016,43,10.042857142857143,379.7142857142857,2.142857142857143,13.328571428571427,8.085714285714285,1.1285714285714286,2375,Belmullet
2016,44,11.971428571428572,360.57142857142856,2.142857142857143,11.685714285714285,7.671428571428572,2.4714285714285715,2375,Belmullet
2016,45,11.914285714285715,286.42857142857144,1.8,11.685714285714285,7.071428571428571,3.857142857142857,2375,Belmullet
2016,46,12.357142857142858,239.28571428571428,1.7142857142857142,9.514285714285714,5.1571428571428575,4.428571428571429,2375,Belmullet
2016,47,7.014285714285714,258.85714285714283,3.2857142857142856,8.757142857142856,1.457142857142857,1.8857142857142857,2375,Belmullet
2016,48,4.514285714285714,182.0,1.657142857142857,8.114285714285714,2.9285714285714284,0.37142857142857144,2375,Belmullet
2016,49,15.77142857142857,161.0,1.2714285714285716,11.785714285714286,8.114285714285716,1.8142857142857143,2375,Belmullet
2016,50,13.157142857142857,147.42857142857142,1.2,10.757142857142856,6.814285714285715,2.1285714285714286,2375,Belmullet
2016,51,19.714285714285715,126.85714285714286,1.0285714285714287,10.714285714285714,5.271428571428571,6.614285714285714,2375,Belmullet
2016,52,18.842857142857145,138.85714285714286,0.8857142857142858,10.285714285714286,7.228571428571429,2.0,2375,Belmullet
2017,1,9.242857142857144,173.57142857142858,1.2142857142857142,9.714285714285714,6.1571428571428575,0.9714285714285714,2375,Belmullet
2017,2,15.12857142857143,189.42857142857142,1.5285714285714285,9.428571428571429,5.357142857142857,3.185714285714286,2375,Belmullet
2017,3,8.885714285714286,261.85714285714283,2.8714285714285714,8.9,4.285714285714286,0.1142857142857143,2375,Belmullet
2017,4,16.842857142857145,223.57142857142858,1.385714285714286,9.428571428571429,4.442857142857143,2.4857142857142853,2375,Belmullet
2017,5,12.742857142857144,336.85714285714283,2.7142857142857144,9.285714285714286,4.8428571428571425,3.6571428571428575,2375,Belmullet
2017,6,12.157142857142857,416.2857142857143,2.085714285714286,8.014285714285714,1.9714285714285715,2.6,2375,Belmullet
2017,7,12.028571428571428,259.2857142857143,0.5285714285714286,10.442857142857141,7.1000000000000005,1.6428571428571428,2375,Belmullet
2017,8,16.157142857142855,386.2857142857143,1.4857142857142855,10.557142857142859,5.942857142857143,7.857142857142857,2375,Belmullet
2017,9,11.485714285714284,498.57142857142856,1.9142857142857144,8.142857142857142,2.9,7.557142857142857,2375,Belmullet
2017,10,12.471428571428572,796.1428571428571,4.5,11.37142857142857,7.0,2.942857142857143,2375,Belmullet
2017,11,15.914285714285715,618.0,1.8857142857142857,11.485714285714286,8.114285714285714,3.585714285714286,2375,Belmullet
2017,12,10.442857142857141,1228.4285714285713,7.3428571428571425,11.614285714285714,1.3857142857142857,1.2714285714285716,2375,Belmullet
2017,13,11.200000000000001,1260.5714285714287,6.228571428571429,14.142857142857142,6.685714285714285,1.6714285714285713,2375,Belmullet
2017,14,10.714285714285714,800.2857142857143,1.4000000000000001,11.62857142857143,7.685714285714285,0.6,2375,Belmullet
2017,15,10.085714285714285,1141.857142857143,2.185714285714286,11.614285714285714,7.328571428571428,0.9428571428571428,2375,Belmullet
2017,16,6.628571428571428,1222.5714285714287,2.6714285714285713,13.171428571428573,8.371428571428572,0.18571428571428572,2375,Belmullet
2017,17,13.442857142857145,1516.142857142857,3.8285714285714287,12.185714285714285,5.957142857142857,1.6428571428571428,2375,Belmullet
2017,18,8.814285714285715,2453.285714285714,13.071428571428571,16.942857142857143,6.314285714285715,0.0,2375,Belmullet
2017,19,7.328571428571428,2276.4285714285716,10.642857142857142,16.52857142857143,6.628571428571428,0.8714285714285713,2375,Belmullet
2017,20,15.200000000000001,2017.5714285714287,6.785714285714286,14.442857142857141,9.1,3.742857142857143,2375,Belmullet
2017,21,9.814285714285715,1579.0,4.285714285714286,17.385714285714283,10.742857142857144,1.9000000000000001,2375,Belmullet
2017,22,12.87142857142857,2079.0,7.414285714285714,15.87142857142857,9.542857142857143,4.2,2375,Belmullet
2017,23,13.585714285714285,1618.4285714285713,3.9857142857142853,15.142857142857142,10.014285714285714,4.485714285714286,2375,Belmullet
2017,24,16.742857142857144,1075.142857142857,0.9571428571428572,15.657142857142858,12.37142857142857,2.314285714285714,2375,Belmullet
2017,25,10.357142857142858,1494.5714285714287,2.5714285714285716,16.25714285714286,10.742857142857144,1.7,2375,Belmullet
2017,26,9.799999999999999,1389.7142857142858,2.685714285714286,16.142857142857142,10.642857142857142,1.9142857142857141,2375,Belmullet
2017,27,8.585714285714285,1424.5714285714287,2.4,16.15714285714286,10.414285714285715,3.757142857142857,2375,Belmullet
2017,28,9.700000000000001,1739.2857142857142,6.057142857142857,16.6,11.042857142857143,1.1285714285714286,2375,Belmullet
2017,29,8.528571428571428,1935.857142857143,8.414285714285715,19.085714285714285,10.942857142857141,3.8142857142857145,2375,Belmullet
2017,30,13.285714285714286,1747.2857142857142,4.271428571428571,17.157142857142855,12.185714285714285,5.028571428571429,2375,Belmullet
2017,31,10.357142857142858,1878.7142857142858,6.114285714285714,16.95714285714286,12.028571428571428,2.957142857142857,2375,Belmullet
2017,32,9.9,1721.4285714285713,5.071428571428571,17.142857142857142,11.057142857142859,3.6285714285714286,2375,Belmullet
2017,33,12.157142857142857,1417.7142857142858,4.257142857142857,16.814285714285713,11.828571428571427,4.428571428571429,2375,Belmullet
2017,34,11.057142857142859,1005.2857142857143,1.757142857142857,17.214285714285715,13.37142857142857,7.042857142857143,2375,Belmullet
2017,35,9.428571428571429,1323.142857142857,4.885714285714286,16.685714285714287,10.714285714285714,2.585714285714286,2375,Belmullet
2017,36,14.357142857142858,951.1428571428571,2.1142857142857143,15.799999999999999,12.357142857142858,3.8428571428571425,2375,Belmullet
2017,37,10.328571428571427,1134.5714285714287,5.271428571428571,14.9,8.985714285714286,3.1285714285714286,2375,Belmullet
2017,38,11.385714285714286,849.1428571428571,3.914285714285714,15.657142857142858,8.142857142857142,7.285714285714286,2375,Belmullet
2017,39,15.342857142857143,718.7142857142857,2.8428571428571425,15.4,9.4,5.228571428571429,2375,Belmullet
2017,40,12.728571428571428,547.4285714285714,2.028571428571429,13.914285714285715,9.785714285714286,3.3571428571428577,2375,Belmullet
2017,41,16.657142857142855,389.42857142857144,0.9,15.085714285714285,10.957142857142857,5.757142857142858,2375,Belmullet
2017,42,13.657142857142858,352.85714285714283,1.157142857142857,12.971428571428572,7.457142857142857,7.842857142857143,2375,Belmullet
2017,43,11.028571428571428,490.14285714285717,3.557142857142857,14.0,8.685714285714285,0.5714285714285714,2375,Belmullet
2017,44,11.642857142857142,286.2857142857143,1.2142857142857142,12.128571428571428,8.3,2.2285714285714286,2375,Belmullet
2017,45,12.057142857142859,253.57142857142858,1.8571428571428572,11.785714285714286,6.471428571428572,6.414285714285714,2375,Belmullet
2017,46,9.328571428571427,187.42857142857142,0.5714285714285714,11.299999999999999,5.585714285714286,4.757142857142857,2375,Belmullet
2017,47,13.357142857142858,189.57142857142858,0.9571428571428571,9.442857142857141,5.585714285714286,6.057142857142857,2375,Belmullet
2017,48,10.742857142857144,214.0,1.6142857142857143,8.942857142857143,5.357142857142857,2.085714285714286,2375,Belmullet
2017,49,14.842857142857143,142.57142857142858,0.9714285714285714,8.585714285714285,4.385714285714285,3.857142857142857,2375,Belmullet
2017,50,13.328571428571427,138.57142857142858,0.6,8.942857142857143,3.6285714285714286,6.757142857142857,2375,Belmullet
2017,51,12.671428571428573,89.71428571428571,0.08571428571428572,11.171428571428573,8.157142857142857,2.857142857142857,2375,Belmullet
2017,52,12.299999999999999,181.28571428571428,1.3142857142857143,7.8,2.2285714285714286,6.542857142857143,2375,Belmullet
2018,1,13.357142857142858,204.57142857142858,2.4285714285714284,8.071428571428571,2.857142857142857,7.428571428571429,2375,Belmullet
2018,2,12.057142857142859,157.85714285714286,1.4142857142857144,7.657142857142857,2.9,6.585714285714286,2375,Belmullet
2018,3,14.985714285714286,180.14285714285714,1.0142857142857142,7.885714285714286,2.414285714285714,8.985714285714286,2375,Belmullet
2018,4,17.67142857142857,239.71428571428572,1.3142857142857145,10.242857142857144,6.457142857142857,7.385714285714286,2375,Belmullet
2018,5,13.585714285714285,361.14285714285717,3.2285714285714286,8.571428571428571,3.9285714285714284,3.5,2375,Belmullet
2018,6,13.657142857142857,317.14285714285717,1.8571428571428572,7.442857142857143,1.5571428571428572,8.042857142857143,2375,Belmullet
2018,7,15.742857142857142,420.57142857142856,2.3000000000000003,7.785714285714286,2.3285714285714287,8.142857142857142,2375,Belmullet
2018,8,11.314285714285715,664.4285714285714,4.6000000000000005,9.114285714285714,2.757142857142857,0.18571428571428572,2375,Belmullet
2018,9,13.014285714285714,697.2857142857143,4.271428571428571,4.0285714285714285,-1.2857142857142858,1.1285714285714286,2375,Belmullet
2018,10,7.971428571428571,812.7142857142857,4.371428571428572,9.200000000000001,2.6999999999999997,4.0,2375,Belmullet
2018,11,11.742857142857144,817.7142857142857,3.414285714285714,10.085714285714285,3.3857142857142857,1.6285714285714286,2375,Belmullet
2018,12,9.1,1159.0,5.757142857142857,9.728571428571428,2.4285714285714284,3.442857142857143,2375,Belmullet
2018,13,10.1,1178.4285714285713,4.414285714285715,9.228571428571428,2.2714285714285714,2.3000000000000003,2375,Belmullet
2018,14,11.714285714285714,997.0,3.4285714285714284,9.542857142857143,3.185714285714286,3.914285714285714,2375,Belmullet
2018,15,9.385714285714286,1114.142857142857,2.7857142857142856,13.071428571428571,7.228571428571429,1.0285714285714287,2375,Belmullet
2018,16,19.24285714285714,1292.142857142857,4.214285714285714,12.742857142857144,8.985714285714286,5.557142857142857,2375,Belmullet
2018,17,9.942857142857141,1838.5714285714287,7.8999999999999995,12.042857142857143,4.857142857142857,1.1285714285714286,2375,Belmullet
2018,18,15.028571428571428,1475.7142857142858,3.6285714285714286,12.742857142857144,7.942857142857143,2.9285714285714284,2375,Belmullet
2018,19,17.12857142857143,2047.4285714285713,6.714285714285714,12.542857142857143,7.757142857142857,4.014285714285714,2375,Belmullet
2018,20,13.142857142857142,1553.4285714285713,4.042857142857143,13.657142857142857,8.957142857142857,1.5142857142857142,2375,Belmullet
2018,21,9.085714285714285,2454.285714285714,10.057142857142859,17.057142857142857,9.128571428571428,1.1714285714285713,2375,Belmullet
2018,22,7.228571428571429,1840.142857142857,5.8428571428571425,19.085714285714285,12.742857142857144,0.0,2375,Belmullet
2018,23,7.242857142857143,2010.142857142857,5.257142857142858,18.385714285714283,11.557142857142859,0.0,2375,Belmullet
2018,24,14.157142857142858,1617.0,3.0571428571428574,15.857142857142858,10.4,3.2285714285714286,2375,Belmullet
2018,25,7.828571428571428,2264.4285714285716,9.485714285714286,15.642857142857142,8.17142857142857,2.5,2375,Belmullet
2018,26,7.571428571428571,2656.0,12.042857142857143,23.042857142857144,12.642857142857142,0.1142857142857143,2375,Belmullet
2018,27,8.585714285714285,2182.8571428571427,6.957142857142857,19.414285714285715,12.471428571428572,0.07142857142857142,2375,Belmullet
2018,28,9.4,1486.0,2.4857142857142853,17.928571428571427,12.742857142857144,1.7285714285714284,2375,Belmullet
2018,29,8.171428571428573,1524.2857142857142,2.3857142857142857,17.271428571428572,11.814285714285715,0.7857142857142857,2375,Belmullet
2018,30,11.342857142857143,1644.5714285714287,3.857142857142857,18.0,11.914285714285715,4.928571428571429,2375,Belmullet
2018,31,11.642857142857142,1200.142857142857,2.0428571428571427,16.97142857142857,13.142857142857142,3.3285714285714287,2375,Belmullet
2018,32,9.114285714285714,1732.0,5.942857142857143,17.257142857142856,9.957142857142857,1.7285714285714289,2375,Belmullet
2018,33,12.228571428571428,790.2857142857143,1.4000000000000001,16.514285714285712,13.385714285714286,7.942857142857143,2375,Belmullet
2018,34,11.071428571428571,1316.7142857142858,3.742857142857143,16.114285714285714,11.971428571428572,7.171428571428572,2375,Belmullet
2018,35,10.614285714285714,1059.5714285714287,3.4857142857142853,16.657142857142855,10.914285714285715,0.8714285714285716,2375,Belmullet
2018,36,7.928571428571429,1004.8571428571429,2.857142857142857,15.62857142857143,9.942857142857141,1.457142857142857,2375,Belmullet
2018,37,15.014285714285714,763.0,1.8857142857142857,15.12857142857143,11.342857142857143,3.3000000000000003,2375,Belmullet
2018,38,13.285714285714286,952.2857142857143,4.342857142857143,14.414285714285713,8.514285714285714,7.4,2375,Belmullet
2018,39,13.485714285714284,619.1428571428571,1.2571428571428573,13.942857142857141,8.457142857142857,1.1285714285714286,2375,Belmullet
2018,40,12.171428571428573,591.4285714285714,2.385714285714286,13.6,8.642857142857142,3.457142857142857,2375,Belmullet
2018,41,18.957142857142856,513.0,3.257142857142857,14.885714285714286,10.857142857142858,9.028571428571428,2375,Belmullet
2018,42,12.985714285714286,641.8571428571429,4.171428571428572,14.171428571428573,9.057142857142857,2.042857142857143,2375,Belmullet
2018,43,11.557142857142859,456.7142857142857,2.542857142857143,11.357142857142858,6.957142857142856,2.2285714285714286,2375,Belmullet
2018,44,14.614285714285714,429.14285714285717,3.357142857142857,11.0,4.957142857142857,5.3428571428571425,2375,Belmullet
2018,45,13.114285714285714,290.42857142857144,2.314285714285714,10.799999999999999,5.8,7.828571428571428,2375,Belmullet
2018,46,15.142857142857142,260.85714285714283,2.757142857142857,12.6,8.67142857142857,5.685714285714285,2375,Belmullet
2018,47,8.442857142857141,313.7142857142857,4.085714285714286,8.7,3.7857142857142856,0.17142857142857143,2375,Belmullet
2018,48,13.9,165.85714285714286,1.0857142857142856,9.957142857142857,6.114285714285714,6.314285714285715,2375,Belmullet
2018,49,13.700000000000001,169.57142857142858,0.7142857142857143,10.157142857142857,5.414285714285714,4.142857142857143,2375,Belmullet
2018,50,13.985714285714286,81.71428571428571,0.1285714285714286,9.342857142857143,5.785714285714286,6.171428571428572,2375,Belmullet
2018,51,12.714285714285714,132.0,0.5428571428571429,9.87142857142857,6.585714285714286,8.0,2375,Belmullet
2018,52,13.414285714285715,101.28571428571429,0.08571428571428573,11.185714285714285,8.271428571428572,1.7142857142857142,2375,Belmullet
2019,1,10.328571428571427,100.85714285714286,0.17142857142857143,10.014285714285714,7.014285714285713,1.2857142857142858,2375,Belmullet
2019,2,9.342857142857143,155.28571428571428,0.39999999999999997,10.814285714285715,8.228571428571428,1.0285714285714287,2375,Belmullet
2019,3,11.671428571428573,220.28571428571428,1.0857142857142856,9.042857142857143,4.8428571428571425,3.6714285714285713,2375,Belmullet
2019,4,13.185714285714285,172.71428571428572,0.42857142857142855,8.614285714285716,4.742857142857142,4.6571428571428575,2375,Belmullet
2019,5,9.9,332.85714285714283,3.185714285714286,6.971428571428571,1.5999999999999999,5.314285714285715,2375,Belmullet
2019,6,14.957142857142857,350.42857142857144,2.5285714285714285,9.571428571428571,3.3428571428571425,7.942857142857142,2375,Belmullet
2019,7,20.5,310.7142857142857,1.2428571428571427,11.228571428571428,7.5857142857142845,3.6285714285714286,2375,Belmullet
2019,8,19.428571428571427,341.57142857142856,1.2,12.314285714285715,8.085714285714285,2.457142857142857,2375,Belmullet
2019,9,11.571428571428571,543.5714285714286,2.1285714285714286,12.514285714285714,6.757142857142857,2.2714285714285714,2375,Belmullet
2019,10,13.742857142857144,749.2857142857143,3.557142857142857,9.771428571428572,4.214285714285714,8.857142857142858,2375,Belmullet
2019,11,18.400000000000002,684.5714285714286,1.8142857142857143,10.285714285714286,4.3428571428571425,8.314285714285713,2375,Belmullet
2019,12,14.471428571428572,829.1428571428571,2.4,10.971428571428572,7.2,2.5142857142857147,2375,Belmullet
2019,13,10.471428571428572,1046.0,3.0142857142857147,11.257142857142856,6.8428571428571425,0.08571428571428572,2375,Belmullet
2019,14,11.685714285714285,1247.5714285714287,5.6000000000000005,10.9,3.3857142857142857,3.257142857142857,2375,Belmullet
2019,15,11.957142857142857,1290.0,4.385714285714285,13.257142857142856,6.028571428571429,2.142857142857143,2375,Belmullet
2019,16,11.528571428571427,1403.142857142857,5.0,15.271428571428572,8.185714285714285,0.32857142857142857,2375,Belmullet
2019,17,11.985714285714286,1325.142857142857,4.814285714285715,14.828571428571427,8.714285714285714,5.442857142857143,2375,Belmullet
2019,18,9.985714285714286,1907.0,7.757142857142857,12.614285714285714,6.314285714285715,1.1428571428571428,2375,Belmullet
2019,19,8.157142857142857,2072.4285714285716,7.8428571428571425,13.457142857142857,4.057142857142857,0.05714285714285715,2375,Belmullet
2019,20,9.057142857142857,1857.4285714285713,5.828571428571428,17.17142857142857,9.4,0.5285714285714286,2375,Belmullet
2019,21,7.314285714285715,1747.142857142857,4.371428571428572,15.271428571428572,9.257142857142856,1.1857142857142855,2375,Belmullet
2019,22,13.785714285714286,1255.2857142857142,2.0714285714285716,14.357142857142858,10.200000000000001,7.885714285714285,2375,Belmullet
2019,23,10.314285714285715,1931.0,5.385714285714286,13.87142857142857,7.6000000000000005,5.1000000000000005,2375,Belmullet
2019,24,11.357142857142858,1893.0,5.314285714285715,14.385714285714286,8.27142857142857,1.2428571428571427,2375,Belmullet
2019,25,9.714285714285714,1855.2857142857142,5.671428571428572,15.671428571428573,10.342857142857143,3.7571428571428567,2375,Belmullet
2019,26,12.700000000000001,1854.5714285714287,5.671428571428572,18.528571428571432,12.442857142857141,0.6142857142857142,2375,Belmullet
2019,27,7.671428571428571,2055.0,5.0,17.185714285714287,10.328571428571427,0.48571428571428577,2375,Belmullet
2019,28,9.157142857142857,1548.4285714285713,3.7285714285714286,18.12857142857143,12.799999999999999,1.6142857142857143,2375,Belmullet
2019,29,11.585714285714285,1425.857142857143,2.642857142857143,18.12857142857143,13.457142857142857,8.871428571428572,2375,Belmullet
2019,30,14.014285714285716,1336.0,2.814285714285714,19.485714285714288,15.142857142857142,2.9857142857142853,2375,Belmullet
2019,31,7.457142857142857,1626.0,5.685714285714285,19.62857142857143,11.985714285714286,1.0571428571428572,2375,Belmullet
2019,32,9.5,1409.7142857142858,3.357142857142857,18.47142857142857,12.728571428571428,3.2857142857142856,2375,Belmullet
2019,33,13.185714285714285,1620.7142857142858,5.071428571428571,17.585714285714285,11.885714285714286,3.257142857142857,2375,Belmullet
2019,34,13.957142857142857,1122.7142857142858,2.542857142857143,17.485714285714284,13.428571428571429,3.0714285714285716,2375,Belmullet
2019,35,13.042857142857143,1004.1428571428571,3.1857142857142855,16.342857142857145,11.685714285714285,12.799999999999999,2375,Belmullet
2019,36,13.571428571428571,953.1428571428571,2.142857142857143,16.0,12.057142857142859,3.5,2375,Belmullet
2019,37,12.028571428571428,991.1428571428571,3.6142857142857143,15.799999999999999,11.257142857142856,4.0285714285714285,2375,Belmullet
2019,38,7.1000000000000005,1243.7142857142858,7.642857142857143,18.157142857142855,8.9,0.6142857142857142,2375,Belmullet
2019,39,10.185714285714285,764.1428571428571,2.742857142857143,16.242857142857144,11.014285714285714,5.028571428571429,2375,Belmullet
2019,40,12.6,587.0,1.5857142857142859,14.700000000000001,9.657142857142857,6.242857142857143,2375,Belmullet
2019,41,15.5,752.7142857142857,4.114285714285715,14.085714285714285,9.242857142857144,3.557142857142857,2375,Belmullet
2019,42,12.285714285714286,558.7142857142857,2.6999999999999997,12.728571428571428,8.142857142857142,4.857142857142857,2375,Belmullet
2019,43,10.728571428571428,434.85714285714283,2.3285714285714287,11.214285714285714,5.914285714285714,3.2714285714285714,2375,Belmullet
2019,44,8.32857142857143,374.2857142857143,2.7857142857142856,10.928571428571429,7.042857142857143,6.785714285714286,2375,Belmullet
2019,45,9.857142857142858,345.14285714285717,2.6142857142857143,10.428571428571429,4.371428571428571,6.257142857142857,2375,Belmullet
2019,46,12.785714285714286,333.0,2.914285714285714,8.771428571428572,3.7,3.5285714285714285,2375,Belmullet
2019,47,8.557142857142857,242.42857142857142,1.6285714285714286,9.214285714285714,3.442857142857143,1.5142857142857142,2375,Belmullet
2019,48,6.885714285714286,200.57142857142858,1.5857142857142854,9.457142857142857,5.071428571428571,2.457142857142857,2375,Belmullet
2019,49,18.7,148.14285714285714,0.9142857142857143,10.642857142857142,7.114285714285714,6.785714285714286,2375,Belmullet
2019,50,15.342857142857143,147.71428571428572,0.9571428571428572,8.642857142857142,3.8428571428571425,7.857142857142857,2375,Belmullet
2019,51,9.157142857142857,194.42857142857142,1.9428571428571428,8.914285714285715,3.042857142857143,3.8428571428571425,2375,Belmullet
2019,52,16.4,116.0,0.5857142857142856,10.62857142857143,6.257142857142857,2.7142857142857144,2375,Belmullet
2020,1,16.47142857142857,142.14285714285714,0.5714285714285714,10.242857142857144,6.057142857142858,1.3857142857142857,2375,Belmullet
2020,2,18.057142857142857,183.57142857142858,1.6142857142857143,10.37142857142857,5.3,4.642857142857143,2375,Belmullet
2020,3,18.88571428571429,211.28571428571428,1.8714285714285714,8.6,3.242857142857143,4.942857142857143,2375,Belmullet
2020,4,12.757142857142856,199.42857142857142,0.8857142857142856,9.642857142857142,7.057142857142857,2.5857142857142854,2375,Belmullet
2020,5,17.557142857142857,261.85714285714283,1.4857142857142855,9.4,4.914285714285714,4.485714285714286,2375,Belmullet
2020,6,16.385714285714283,277.7142857142857,1.5857142857142856,9.471428571428572,4.757142857142857,7.714285714285714,2375,Belmullet
2020,7,21.785714285714285,335.85714285714283,1.8142857142857143,8.12857142857143,3.3285714285714287,8.128571428571428,2375,Belmullet
2020,8,17.900000000000002,412.0,2.0142857142857142,8.714285714285714,4.171428571428572,10.12857142857143,2375,Belmullet
2020,9,15.957142857142857,592.0,2.9285714285714284,8.185714285714285,2.414285714285714,8.371428571428572,2375,Belmullet
2020,10,13.257142857142856,761.1428571428571,4.271428571428571,8.928571428571429,3.5714285714285716,4.985714285714286,2375,Belmullet
2020,11,16.9,754.8571428571429,3.5,10.185714285714285,4.485714285714286,4.442857142857143,2375,Belmullet
2020,12,10.799999999999999,835.2857142857143,3.9428571428571426,9.285714285714286,3.914285714285714,3.1571428571428575,2375,Belmullet
2020,13,16.72857142857143,886.8571428571429,4.257142857142857,9.457142857142857,5.885714285714286,2.685714285714286,2375,Belmullet
2020,14,12.414285714285715,987.8571428571429,2.3714285714285714,11.357142857142858,6.242857142857143,1.2142857142857142,2375,Belmullet
2020,15,11.571428571428571,1220.7142857142858,3.857142857142857,12.385714285714286,7.257142857142857,1.0142857142857142,2375,Belmullet
2020,16,8.514285714285714,1801.142857142857,8.27142857142857,14.4,5.814285714285715,0.014285714285714287,2375,Belmullet
2020,17,8.214285714285714,1977.7142857142858,8.942857142857143,15.814285714285715,6.8,0.0,2375,Belmullet
2020,18,7.871428571428571,1877.0,8.514285714285714,13.228571428571428,4.085714285714286,2.1,2375,Belmullet
2020,19,11.314285714285715,2078.714285714286,8.299999999999999,16.3,7.814285714285715,0.6428571428571429,2375,Belmullet
2020,20,10.214285714285714,1827.7142857142858,5.371428571428572,12.528571428571428,5.557142857142857,0.8285714285714285,2375,Belmullet
2020,21,18.714285714285715,1444.142857142857,3.414285714285714,14.942857142857141,10.357142857142858,2.542857142857143,2375,Belmullet
2020,22,8.371428571428572,2272.285714285714,10.12857142857143,20.785714285714285,10.485714285714286,0.24285714285714288,2375,Belmullet
2020,23,11.442857142857145,1525.142857142857,4.642857142857143,14.614285714285714,9.542857142857143,1.0714285714285714,2375,Belmullet
2020,24,10.971428571428572,1797.2857142857142,4.414285714285714,15.9,9.885714285714286,0.5857142857142857,2375,Belmullet
2020,25,11.1,1524.142857142857,2.585714285714286,16.1,11.414285714285715,1.4142857142857144,2375,Belmullet
2020,26,12.014285714285714,1397.857142857143,4.071428571428571,15.671428571428573,11.214285714285714,8.1,2375,Belmullet
2020,27,11.085714285714285,1056.7142857142858,1.2571428571428573,14.414285714285715,10.62857142857143,4.5,2375,Belmullet
2020,28,10.1,1630.142857142857,3.942857142857143,15.542857142857143,10.042857142857143,2.7714285714285714,2375,Belmullet
2020,29,9.571428571428571,1625.857142857143,3.2714285714285714,15.957142857142857,11.314285714285715,1.5999999999999999,2375,Belmullet
2020,30,10.057142857142859,1437.7142857142858,2.914285714285714,16.557142857142857,11.842857142857143,5.271428571428571,2375,Belmullet
2020,31,10.742857142857144,1408.4285714285713,3.4285714285714284,16.8,12.1,6.185714285714286,2375,Belmullet
2020,32,11.5,1637.5714285714287,5.771428571428571,18.0,12.085714285714285,2.6714285714285713,2375,Belmullet
2020,33,7.814285714285715,1515.2857142857142,4.214285714285714,20.900000000000002,13.971428571428572,0.18571428571428572,2375,Belmullet
2020,34,10.771428571428572,1283.2857142857142,3.8,18.714285714285715,13.9,4.771428571428571,2375,Belmullet
2020,35,10.6,1055.7142857142858,1.9142857142857144,16.400000000000002,12.042857142857143,8.714285714285714,2375,Belmullet
2020,36,13.957142857142857,1081.857142857143,3.5857142857142854,16.614285714285714,12.385714285714286,4.6571428571428575,2375,Belmullet
2020,37,16.02857142857143,688.4285714285714,0.8285714285714286,16.114285714285714,12.728571428571428,5.185714285714285,2375,Belmullet
2020,38,6.314285714285715,1091.7142857142858,5.628571428571428,19.085714285714285,11.357142857142858,0.8428571428571427,2375,Belmullet
2020,39,10.542857142857143,882.8571428571429,4.528571428571429,14.299999999999999,5.557142857142857,4.2,2375,Belmullet
2020,40,10.771428571428572,779.8571428571429,3.4857142857142853,13.285714285714286,7.028571428571429,5.371428571428572,2375,Belmullet
2020,41,10.514285714285714,757.8571428571429,3.7857142857142856,13.242857142857144,8.914285714285715,3.9,2375,Belmullet
2020,42,8.542857142857143,754.5714285714286,5.614285714285714,14.242857142857144,6.642857142857143,0.5857142857142856,2375,Belmullet
2020,43,16.514285714285712,397.42857142857144,2.028571428571429,12.257142857142856,8.2,13.385714285714286,2375,Belmullet
2020,44,18.928571428571427,420.14285714285717,2.914285714285714,12.171428571428573,8.071428571428571,7.471428571428571,2375,Belmullet
2020,45,8.057142857142857,341.7142857142857,2.6142857142857143,11.528571428571428,6.485714285714286,2.8285714285714287,2375,Belmullet
2020,46,14.0,210.0,1.457142857142857,12.114285714285714,8.285714285714286,7.785714285714286,2375,Belmullet
2020,47,17.385714285714286,205.85714285714286,1.1714285714285713,11.785714285714286,7.6000000000000005,6.585714285714286,2375,Belmullet
2020,48,9.62857142857143,163.0,1.0714285714285714,9.799999999999999,5.242857142857143,4.242857142857143,2375,Belmullet
2020,49,12.414285714285715,161.85714285714286,0.6428571428571429,9.057142857142857,4.885714285714286,3.8857142857142857,2375,Belmullet
2020,50,10.257142857142858,174.14285714285714,1.3857142857142857,9.271428571428572,4.614285714285714,6.5,2375,Belmullet
2020,51,15.942857142857141,143.0,0.9571428571428571,9.685714285714285,6.728571428571429,8.32857142857143,2375,Belmullet
2020,52,13.114285714285714,140.57142857142858,0.8428571428571427,8.257142857142856,3.8857142857142857,4.385714285714285,2375,Belmullet
2020,53,12.071428571428571,199.14285714285714,1.385714285714286,7.1571428571428575,1.9857142857142858,2.8714285714285714,2375,Belmullet
2021,1,7.428571428571429,239.28571428571428,1.9000000000000001,6.8,1.457142857142857,2.6,2375,Belmullet
2021,2,12.614285714285714,137.71428571428572,0.8857142857142858,9.9,5.857142857142857,7.542857142857143,2375,Belmullet
2021,3,6.471428571428571,213.85714285714286,1.4285714285714286,6.485714285714286,1.6285714285714286,7.0,2375,Belmullet
2021,4,11.12857142857143,245.14285714285714,1.0571428571428572,8.671428571428573,4.085714285714286,4.528571428571429,2375,Belmullet
2021,5,8.528571428571428,228.71428571428572,0.31428571428571433,7.714285714285714,4.442857142857143,2.6999999999999997,2375,Belmullet
2021,6,17.285714285714285,445.0,2.842857142857143,5.671428571428572,1.2857142857142858,3.2857142857142856,2375,Belmullet
2021,7,19.62857142857143,564.4285714285714,4.057142857142857,9.885714285714286,5.985714285714286,5.8999999999999995,2375,Belmullet
2021,8,16.0,750.7142857142857,4.6000000000000005,11.014285714285714,6.414285714285714,3.642857142857143,2375,Belmullet
2021,9,7.785714285714286,710.1428571428571,3.7714285714285714,9.742857142857144,3.442857142857143,0.3,2375,Belmullet
2021,10,17.614285714285714,479.85714285714283,1.4142857142857144,9.728571428571428,5.114285714285714,8.285714285714286,2375,Belmullet
2021,11,6.628571428571428,903.0,2.942857142857143,11.071428571428571,5.371428571428572,0.6142857142857142,2375,Belmullet
2021,12,19.37142857142857,849.8571428571429,2.814285714285714,10.771428571428572,5.685714285714285,4.285714285714286,2375,Belmullet
2021,13,12.671428571428569,1167.0,5.571428571428571,12.171428571428573,5.685714285714285,2.542857142857143,2375,Belmullet
2021,14,10.299999999999999,1356.857142857143,4.871428571428572,9.042857142857143,2.2285714285714286,2.414285714285714,2375,Belmullet
2021,15,11.471428571428572,1262.4285714285713,5.571428571428571,11.857142857142858,5.314285714285715,1.5714285714285714,2375,Belmullet
2021,16,8.314285714285715,1774.5714285714287,8.428571428571429,16.22857142857143,6.2,1.1285714285714286,2375,Belmullet
2021,17,9.057142857142857,2030.142857142857,8.628571428571428,12.385714285714286,3.642857142857143,1.7428571428571427,2375,Belmullet
2021,18,13.528571428571428,2004.5714285714287,7.642857142857143,11.928571428571429,4.442857142857143,5.257142857142857,2375,Belmullet
2021,19,8.8,1850.2857142857142,5.8428571428571425,14.257142857142856,6.814285714285715,1.3,2375,Belmullet
2021,20,11.685714285714285,1894.2857142857142,6.457142857142857,12.285714285714286,6.985714285714286,4.742857142857143,2375,Belmullet
2021,21,7.571428571428571,2212.285714285714,8.942857142857143,15.271428571428572,5.885714285714286,1.3714285714285714,2375,Belmullet
2021,22,10.200000000000001,1198.0,1.6428571428571428,14.885714285714286,9.685714285714285,1.1428571428571428,2375,Belmullet
2021,23,16.085714285714285,1143.5714285714287,1.3571428571428572,15.685714285714285,11.985714285714286,2.1714285714285713,2375,Belmullet
2021,24,10.414285714285715,1929.857142857143,4.814285714285715,15.114285714285714,9.014285714285714,1.957142857142857,2375,Belmullet
2021,25,10.771428571428572,1728.142857142857,4.971428571428571,14.557142857142859,9.299999999999999,2.585714285714286,2375,Belmullet
2021,26,6.271428571428571,1366.142857142857,2.1285714285714286,16.728571428571428,11.685714285714285,1.157142857142857,2375,Belmullet
2021,27,6.242857142857143,1226.0,1.0,17.042857142857144,12.5,4.128571428571428,2375,Belmullet
2021,28,6.799999999999999,2021.2857142857142,6.3,18.857142857142858,13.114285714285714,0.24285714285714285,2375,Belmullet
2021,29,5.8999999999999995,2474.714285714286,11.0,25.514285714285712,15.242857142857144,0.0,2375,Belmullet
2021,30,7.328571428571428,1266.2857142857142,1.657142857142857,17.014285714285712,12.914285714285713,2.7285714285714286,2375,Belmullet
2021,31,9.957142857142857,1295.857142857143,2.185714285714286,17.885714285714286,13.071428571428571,7.442857142857143,2375,Belmullet
2021,32,12.471428571428572,1610.2857142857142,5.557142857142857,17.3,12.799999999999999,5.042857142857144,2375,Belmullet
2021,33,7.014285714285714,1175.5714285714287,2.542857142857143,17.928571428571427,12.585714285714285,3.0142857142857147,2375,Belmullet
2021,34,6.3428571428571425,1642.857142857143,7.942857142857143,21.0,13.085714285714285,0.014285714285714287,2375,Belmullet
2021,35,5.828571428571428,951.0,2.3428571428571425,18.228571428571428,12.12857142857143,1.2142857142857142,2375,Belmullet
2021,36,6.928571428571429,786.5714285714286,2.414285714285714,18.25714285714286,13.157142857142858,3.314285714285714,2375,Belmullet
2021,37,8.814285714285713,874.0,2.7857142857142856,16.914285714285715,11.314285714285715,3.7142857142857144,2375,Belmullet
2021,38,13.671428571428573,759.5714285714286,2.257142857142857,17.04285714285714,13.571428571428571,2.1285714285714286,2375,Belmullet
2021,39,14.285714285714286,940.2857142857143,4.828571428571428,14.142857142857142,9.128571428571428,7.771428571428571,2375,Belmullet
2021,40,9.785714285714286,622.1428571428571,3.414285714285714,15.5,10.685714285714285,9.87142857142857,2375,Belmullet
2021,41,8.142857142857142,456.0,1.5857142857142859,14.5,10.328571428571427,0.9285714285714286,2375,Belmullet
2021,42,15.971428571428573,466.85714285714283,2.3,14.071428571428571,9.771428571428572,10.5,2375,Belmullet
2021,43,13.685714285714285,404.85714285714283,2.5,13.414285714285715,9.071428571428571,6.528571428571429,2375,Belmullet
2021,44,11.37142857142857,401.14285714285717,2.5714285714285716,12.042857142857143,8.057142857142857,1.9571428571428573,2375,Belmullet
2021,45,13.1,210.28571428571428,0.7428571428571429,13.285714285714286,9.685714285714285,4.614285714285714,2375,Belmullet
2021,46,13.571428571428571,234.42857142857142,1.342857142857143,12.314285714285715,9.142857142857142,1.2714285714285716,2375,Belmullet
2021,47,12.299999999999999,224.57142857142858,1.2714285714285716,10.114285714285714,5.214285714285714,3.0,2375,Belmullet
2021,48,13.157142857142857,171.85714285714286,1.042857142857143,10.1,6.128571428571429,6.5,2375,Belmullet
2021,49,16.67142857142857,131.14285714285714,0.5285714285714286,9.928571428571429,4.828571428571428,5.214285714285714,2375,Belmullet
2021,50,10.77142857142857,160.71428571428572,1.5428571428571427,9.4,5.428571428571429,0.6714285714285715,2375,Belmullet
2021,51,9.285714285714286,147.85714285714286,1.0857142857142856,9.414285714285715,5.814285714285715,2.242857142857143,2375,Belmullet
2021,52,16.0,153.85714285714286,0.5714285714285714,11.171428571428573,7.657142857142857,4.257142857142857,2375,Belmullet
2022,1,15.6,173.85714285714286,0.8714285714285713,9.328571428571427,3.2714285714285714,5.757142857142857,2375,Belmullet
2022,2,9.9,176.28571428571428,0.8714285714285716,9.842857142857143,6.042857142857143,0.37142857142857144,2375,Belmullet
2022,3,10.971428571428572,240.0,1.7571428571428573,10.0,5.2,0.8,2375,Belmullet
2022,4,12.799999999999999,210.42857142857142,0.5428571428571428,10.6,5.571428571428571,0.6571428571428571,2375,Belmullet
2022,5,16.0,275.2857142857143,1.0,10.114285714285714,6.457142857142857,2.2285714285714286,2375,Belmullet
2022,6,15.357142857142858,376.14285714285717,1.8000000000000003,9.542857142857143,5.257142857142857,4.671428571428572,2375,Belmullet
2022,7,18.142857142857142,387.42857142857144,1.957142857142857,10.057142857142859,3.7285714285714286,9.314285714285715,2375,Belmullet
2022,8,21.357142857142858,497.42857142857144,1.5571428571428572,10.171428571428573,4.557142857142857,5.185714285714285,2375,Belmullet
2022,9,7.3,872.5714285714286,6.085714285714286,9.785714285714286,1.5,0.7571428571428571,2375,Belmullet
2022,10,14.6,725.4285714285714,3.442857142857143,9.528571428571428,3.4285714285714284,4.257142857142857,2375,Belmullet
2022,11,14.200000000000001,1126.857142857143,6.485714285714286,12.0,5.457142857142857,2.614285714285714,2375,Belmullet
2022,12,7.714285714285714,1372.5714285714287,8.2,15.9,7.642857142857143,0.028571428571428574,2375,Belmullet
2022,13,7.285714285714286,1362.2857142857142,7.114285714285715,11.957142857142857,1.8714285714285714,0.8714285714285713,2375,Belmullet
2022,14,13.628571428571428,1070.4285714285713,4.057142857142858,10.828571428571427,4.971428571428571,2.9285714285714284,2375,Belmullet
2022,15,10.885714285714286,874.4285714285714,1.6714285714285713,13.671428571428573,9.257142857142856,3.9,2375,Belmullet
2022,16,10.042857142857143,1889.7142857142858,9.285714285714286,14.428571428571429,6.071428571428571,0.6428571428571429,2375,Belmullet
2022,17,7.528571428571429,1559.0,5.628571428571428,15.185714285714285,6.242857142857143,1.4857142857142858,2375,Belmullet
2022,18,10.457142857142856,1330.4285714285713,1.3,14.714285714285714,9.214285714285714,2.1,2375,Belmullet
2022,19,14.385714285714286,1884.0,6.385714285714286,15.12857142857143,9.071428571428571,2.742857142857143,2375,Belmullet
2022,20,18.442857142857143,1703.2857142857142,4.771428571428571,15.428571428571429,10.814285714285715,5.057142857142857,2375,Belmullet
2022,21,10.971428571428572,2295.5714285714284,6.785714285714286,14.5,8.72857142857143,1.1,2375,Belmullet
2022,22,7.871428571428572,2255.285714285714,7.814285714285715,16.842857142857145,8.728571428571428,0.4857142857142857,2375,Belmullet
2022,23,16.04285714285714,1603.5714285714287,2.8714285714285714,16.45714285714286,11.485714285714286,2.8285714285714287,2375,Belmullet
2022,24,14.285714285714286,1546.5714285714287,2.742857142857143,15.328571428571431,11.442857142857141,3.357142857142857,2375,Belmullet
2022,25,8.642857142857142,1654.0,2.742857142857143,15.9,11.37142857142857,4.828571428571428,2375,Belmullet
2022,26,11.885714285714286,1600.857142857143,3.1571428571428575,15.057142857142859,10.814285714285715,3.6,2375,Belmullet
2022,27,8.4,1555.4285714285713,2.2714285714285714,16.514285714285712,12.342857142857143,0.2,2375,Belmullet
2022,28,8.557142857142857,1585.857142857143,2.685714285714286,18.514285714285712,13.1,0.5285714285714286,2375,Belmullet
2022,29,8.657142857142857,1292.857142857143,2.314285714285714,18.157142857142855,12.957142857142857,3.414285714285714,2375,Belmullet
2022,30,7.142857142857143,1717.7142857142858,4.5285714285714285,18.185714285714287,11.4,1.1285714285714286,2375,Belmullet
2022,31,12.442857142857141,1663.857142857143,5.728571428571429,17.271428571428572,12.971428571428572,2.314285714285714,2375,Belmullet
2022,32,8.742857142857144,2012.857142857143,8.914285714285715,20.885714285714283,13.814285714285715,0.014285714285714287,2375,Belmullet
2022,33,12.071428571428571,1632.0,5.471428571428572,17.185714285714287,11.671428571428573,2.2285714285714286,2375,Belmullet
2022,34,9.385714285714286,1248.7142857142858,3.2714285714285714,17.914285714285715,12.571428571428571,2.628571428571429,2375,Belmullet
2022,35,5.757142857142857,1598.2857142857142,8.057142857142857,20.357142857142858,10.842857142857143,4.1000000000000005,2375,Belmullet
2022,36,7.942857142857143,1102.2857142857142,4.014285714285714,19.614285714285717,13.385714285714286,1.5285714285714285,2375,Belmullet
2022,37,6.514285714285714,1124.0,3.8428571428571425,16.985714285714288,10.542857142857143,0.05714285714285715,2375,Belmullet
2022,38,10.9,824.0,3.1285714285714286,16.7,12.200000000000001,3.2714285714285714,2375,Belmullet
2022,39,12.185714285714285,806.8571428571429,3.085714285714286,15.242857142857144,10.514285714285714,6.385714285714286,2375,Belmullet
2022,40,16.485714285714288,575.8571428571429,2.557142857142857,14.914285714285715,10.671428571428573,8.242857142857144,2375,Belmullet
2022,41,12.042857142857143,602.8571428571429,3.1571428571428575,13.542857142857143,8.5,4.828571428571428,2375,Belmullet
2022,42,9.442857142857141,445.0,2.0571428571428574,14.828571428571427,9.928571428571429,4.671428571428572,2375,Belmullet
2022,43,15.014285714285714,471.42857142857144,2.8,14.9,11.328571428571427,6.314285714285715,2375,Belmullet
2022,44,14.842857142857142,364.0,1.9857142857142858,12.414285714285715,8.214285714285714,6.828571428571428,2375,Belmullet
2022,45,19.37142857142857,177.42857142857142,1.0285714285714285,13.885714285714286,10.285714285714286,7.3,2375,Belmullet
2022,46,11.642857142857142,291.85714285714283,2.857142857142857,10.757142857142856,5.428571428571429,3.942857142857143,2375,Belmullet
2022,47,18.485714285714288,189.71428571428572,1.2285714285714284,10.842857142857143,6.557142857142857,9.257142857142856,2375,Belmullet
2022,48,10.1,189.42857142857142,0.9714285714285714,10.014285714285714,5.957142857142857,0.9428571428571428,2375,Belmullet
2022,49,5.3428571428571425,225.57142857142858,1.9285714285714286,7.042857142857143,1.4714285714285715,3.0142857142857147,2375,Belmullet
2022,50,9.528571428571428,171.85714285714286,1.7,6.942857142857143,0.8428571428571429,7.5,2375,Belmullet
2022,51,15.5,139.42857142857142,0.7999999999999999,9.957142857142857,5.285714285714286,11.142857142857142,2375,Belmullet
2022,52,10.357142857142858,140.71428571428572,0.7999999999999999,7.728571428571429,2.7285714285714286,5.385714285714286,2375,Belmullet
2023,1,17.885714285714286,129.85714285714286,0.4714285714285714,9.828571428571427,6.057142857142857,5.685714285714285,2375,Belmullet
2023,2,17.642857142857142,138.0,0.38571428571428573,9.414285714285715,4.985714285714286,8.685714285714285,2375,Belmullet
2023,3,9.799999999999999,250.85714285714286,1.6857142857142855,7.671428571428572,2.3000000000000003,2.8857142857142857,2375,Belmullet
2023,4,9.614285714285714,247.85714285714286,1.4000000000000001,9.957142857142857,6.3999999999999995,1.1714285714285713,2375,Belmullet
2023,5,16.242857142857144,301.85714285714283,1.5285714285714285,10.485714285714286,6.014285714285714,1.1714285714285713,2375,Belmullet
2023,6,14.771428571428572,298.0,1.242857142857143,10.071428571428571,7.1571428571428575,1.5857142857142856,2375,Belmullet
2023,7,15.742857142857144,364.42857142857144,1.7571428571428573,11.4,7.085714285714286,4.4714285714285715,2375,Belmullet
2023,8,11.957142857142857,580.7142857142857,3.0714285714285716,10.5,4.8428571428571425,2.728571428571428,2375,Belmullet
2023,9,4.928571428571429,595.8571428571429,2.414285714285714,8.971428571428572,3.7142857142857144,0.42857142857142855,2375,Belmullet
2023,10,10.771428571428572,709.7142857142857,3.7857142857142856,7.928571428571429,1.7,3.7285714285714286,2375,Belmullet
2023,11,11.271428571428572,818.2857142857143,3.114285714285714,11.142857142857142,4.957142857142857,5.585714285714286,2375,Belmullet
2023,12,14.471428571428572,1024.4285714285713,5.028571428571429,11.557142857142859,6.3,5.8999999999999995,2375,Belmullet
2023,13,12.157142857142857,1107.0,4.114285714285714,12.528571428571428,6.5,2.9714285714285715,2375,Belmullet
2023,14,13.742857142857144,987.5714285714286,3.8714285714285714,12.314285714285715,6.742857142857143,2.7857142857142856,2375,Belmullet
2023,15,13.271428571428572,1337.2857142857142,5.685714285714285,11.385714285714286,5.028571428571429,4.142857142857143,2375,Belmullet
2023,16,9.985714285714286,1693.142857142857,8.071428571428571,15.37142857142857,7.385714285714285,0.1142857142857143,2375,Belmullet
2023,17,8.242857142857144,1491.0,3.6999999999999997,13.714285714285714,7.314285714285715,1.4714285714285715,2375,Belmullet
2023,18,9.799999999999999,1341.857142857143,2.6999999999999997,16.571428571428573,10.271428571428572,3.614285714285714,2375,Belmullet
2023,19,11.485714285714286,1848.4285714285713,5.785714285714286,14.614285714285714,9.114285714285714,1.9142857142857141,2375,Belmullet
2023,20,8.5,1906.5714285714287,6.771428571428571,14.585714285714285,8.671428571428573,0.35714285714285715,2375,Belmullet
2023,21,6.742857142857143,1961.5714285714287,5.085714285714286,16.114285714285714,8.928571428571429,0.0,2375,Belmullet
2023,22,10.057142857142859,2898.5714285714284,14.200000000000001,18.67142857142857,10.4,0.0,2375,Belmullet
2023,23,7.3999999999999995,2070.1428571428573,8.514285714285714,22.071428571428573,12.6,0.4571428571428572,2375,Belmullet
2023,24,5.228571428571429,1581.4285714285713,5.214285714285714,21.185714285714287,14.62857142857143,2.2857142857142856,2375,Belmullet
2023,25,12.357142857142858,2141.8571428571427,7.942857142857143,19.928571428571427,13.585714285714285,3.357142857142857,2375,Belmullet
2023,26,13.128571428571428,1713.857142857143,4.0,17.185714285714287,12.771428571428572,2.2142857142857144,2375,Belmullet
2023,27,11.9,1629.4285714285713,4.8,17.514285714285712,12.085714285714285,5.928571428571429,2375,Belmullet
2023,28,9.857142857142858,1486.142857142857,2.5571428571428574,17.314285714285713,11.87142857142857,6.1571428571428575,2375,Belmullet
2023,29,8.17142857142857,1780.2857142857142,5.414285714285714,17.62857142857143,12.342857142857143,5.1571428571428575,2375,Belmullet
2023,30,12.557142857142859,1549.7142857142858,3.8,17.54285714285714,13.200000000000001,3.1999999999999997,2375,Belmullet
2023,31,10.37142857142857,1549.5714285714287,4.0,17.3,12.485714285714286,5.914285714285714,2375,Belmullet
2023,32,11.857142857142858,1325.2857142857142,2.728571428571428,19.071428571428573,13.62857142857143,3.8000000000000003,2375,Belmullet
2023,33,11.385714285714286,1370.2857142857142,3.1999999999999997,19.814285714285713,13.971428571428572,4.442857142857143,2375,Belmullet
2023,34,12.342857142857143,1325.0,3.242857142857143,17.67142857142857,13.028571428571428,1.7857142857142858,2375,Belmullet
2023,35,8.685714285714285,1207.142857142857,3.8285714285714283,17.942857142857143,12.071428571428571,1.3428571428571427,2375,Belmullet
2023,36,7.128571428571428,1241.7142857142858,5.142857142857143,22.328571428571426,15.757142857142856,0.2857142857142857,2375,Belmullet
2023,37,7.714285714285714,959.8571428571429,3.8142857142857145,16.728571428571428,9.542857142857143,1.2142857142857142,2375,Belmullet
2023,38,13.428571428571429,832.8571428571429,3.1999999999999997,15.728571428571428,10.385714285714286,5.457142857142857,2375,Belmullet
2023,39,16.385714285714283,755.4285714285714,4.1,16.085714285714285,11.771428571428572,4.1,2375,Belmullet
2023,40,16.585714285714285,518.8571428571429,1.4142857142857144,16.54285714285714,13.62857142857143,2.5714285714285716,2375,Belmullet
2023,41,9.37142857142857,598.0,3.3428571428571425,13.857142857142858,8.314285714285713,0.9285714285714286,2375,Belmullet
2023,42,7.228571428571429,437.57142857142856,2.4285714285714284,13.857142857142858,6.628571428571428,6.642857142857143,2375,Belmullet
2023,43,7.414285714285714,484.42857142857144,3.257142857142857,13.271428571428572,8.085714285714285,3.585714285714286,2375,Belmullet
2023,44,10.214285714285714,360.0,2.2714285714285714,11.799999999999999,6.957142857142857,4.771428571428571,2375,Belmullet
2023,45,12.785714285714286,361.42857142857144,3.5142857142857147,11.299999999999999,6.3999999999999995,5.585714285714286,2375,Belmullet
2023,46,13.7,264.85714285714283,1.9428571428571428,12.214285714285714,8.085714285714285,7.8,2375,Belmullet
2023,47,10.957142857142857,162.0,0.2857142857142857,11.342857142857143,8.0,1.657142857142857,2375,Belmullet
2023,48,4.914285714285714,247.71428571428572,2.157142857142857,7.642857142857143,1.8714285714285714,2.1,2375,Belmullet
2023,49,13.771428571428572,131.42857142857142,0.8571428571428571,9.385714285714286,4.957142857142856,7.3428571428571425,2375,Belmullet
2023,50,15.428571428571429,111.0,0.14285714285714285,10.885714285714286,7.628571428571428,5.7,2375,Belmullet
2023,51,16.557142857142857,122.85714285714286,0.5571428571428572,11.457142857142857,8.9,2.757142857142857,2375,Belmullet
2023,52,15.771428571428572,125.85714285714286,0.5428571428571429,9.1,5.257142857142857,9.342857142857143,2375,Belmullet
2024,1,7.671428571428572,166.28571428571428,1.3571428571428572,9.385714285714286,4.357142857142857,3.971428571428571,2375,Belmullet
2024,2,5.557142857142857,205.42857142857142,1.6571428571428573,6.242857142857143,1.7142857142857142,0.2285714285714286,2375,Belmullet
2024,3,14.928571428571429,206.71428571428572,1.3142857142857145,8.557142857142857,2.5285714285714285,5.742857142857143,2375,Belmullet
2024,4,21.400000000000002,250.14285714285714,1.842857142857143,11.528571428571428,6.185714285714285,4.785714285714286,2375,Belmullet
2024,5,15.342857142857143,254.42857142857142,1.3142857142857143,10.62857142857143,6.3999999999999995,2.4714285714285715,2375,Belmullet
2024,6,11.114285714285716,333.0,1.5714285714285714,8.214285714285714,4.314285714285714,5.742857142857143,2375,Belmullet
2024,7,10.442857142857141,424.0,2.357142857142857,10.957142857142857,7.128571428571428,2.8714285714285714,2375,Belmullet
2024,8,13.071428571428571,602.4285714285714,3.9,10.114285714285714,5.628571428571428,4.928571428571429,2375,Belmullet
2024,9,14.442857142857141,653.0,3.314285714285714,9.6,4.442857142857143,4.3428571428571425,2375,Belmullet
2024,10,12.914285714285715,769.1428571428571,3.5142857142857147,10.885714285714286,5.3428571428571425,0.042857142857142864,2375,Belmullet
2024,11,10.485714285714286,707.2857142857143,3.1714285714285717,11.457142857142857,5.571428571428571,4.1,2375,Belmullet
2024,12,14.257142857142856,811.1428571428571,3.1571428571428575,10.785714285714286,6.1571428571428575,5.042857142857143,2375,Belmullet
2024,13,9.928571428571429,849.2857142857143,3.1142857142857143,10.642857142857142,4.542857142857143,2.0571428571428574,2375,Belmullet
2024,14,14.885714285714284,1000.1428571428571,3.0142857142857147,11.928571428571429,7.142857142857143,3.8428571428571425,2375,Belmullet
2024,15,16.52857142857143,1191.142857142857,3.8428571428571425,12.1,8.3,4.471428571428571,2375,Belmullet
2024,16,10.228571428571428,1697.5714285714287,7.171428571428572,13.614285714285716,5.7,0.8285714285714285,2375,Belmullet
2024,17,7.314285714285715,1724.857142857143,6.714285714285714,12.742857142857144,5.585714285714286,1.3142857142857143,2375,Belmullet
2024,18,6.971428571428571,1464.4285714285713,4.228571428571429,14.299999999999999,7.985714285714286,4.728571428571428,2375,Belmullet
2024,19,8.7,1609.7142857142858,4.5857142857142845,15.842857142857143,10.028571428571428,0.35714285714285715,2375,Belmullet
2024,20,9.457142857142857,1719.857142857143,6.171428571428572,16.47142857142857,9.514285714285714,2.8714285714285714,2375,Belmullet
2024,21,8.657142857142857,1965.4285714285713,5.7,16.02857142857143,9.128571428571428,0.1142857142857143,2375,Belmullet
2024,22,9.414285714285715,1708.7142857142858,3.085714285714286,15.014285714285714,9.37142857142857,1.7142857142857142,2375,Belmullet
2024,23,11.214285714285714,1936.2857142857142,4.7,14.257142857142856,9.257142857142856,1.7571428571428573,2375,Belmullet
2024,24,9.571428571428571,1999.5714285714287,5.8428571428571425,15.742857142857144,8.142857142857142,2.5142857142857147,2375,Belmullet
2024,25,12.1,1687.7142857142858,3.4857142857142853,15.685714285714285,10.442857142857141,2.1714285714285713,2375,Belmullet
2024,26,12.257142857142856,1311.2857142857142,2.3000000000000003,15.742857142857144,10.185714285714285,1.5,2375,Belmullet
2024,27,9.985714285714286,1866.142857142857,4.542857142857143,15.528571428571428,10.114285714285714,1.3714285714285717,2375,Belmullet
2024,28,8.071428571428571,1585.2857142857142,3.6999999999999997,17.314285714285713,11.214285714285714,0.21428571428571427,2375,Belmullet
2024,29,10.985714285714286,1553.5714285714287,4.542857142857143,17.185714285714287,11.942857142857141,6.328571428571428,2375,Belmullet
2024,30,9.6,1627.857142857143,4.371428571428572,17.685714285714287,12.114285714285714,3.1571428571428575,2375,Belmullet
2024,31,13.242857142857144,1221.7142857142858,3.4,17.685714285714287,12.142857142857142,6.557142857142857,2375,Belmullet
2024,32,13.985714285714286,1743.0,5.8999999999999995,17.857142857142858,13.157142857142857,4.757142857142858,2375,Belmullet
2024,33,15.085714285714285,1501.0,4.785714285714286,16.885714285714286,13.028571428571428,4.728571428571429,2375,Belmullet
2024,34,15.214285714285714,977.2857142857143,2.957142857142857,15.742857142857144,11.314285714285715,9.042857142857143,2375,Belmullet
2024,35,10.171428571428573,1438.7142857142858,6.228571428571429,17.742857142857144,11.4,5.642857142857143,2375,Belmullet
2024,36,11.014285714285714,1240.142857142857,3.9857142857142853,16.62857142857143,11.928571428571429,0.17142857142857143,2375,Belmullet
2024,37,12.87142857142857,1049.142857142857,4.528571428571429,15.314285714285715,9.314285714285715,1.4285714285714286,2375,Belmullet
2024,38,6.6571428571428575,1177.857142857143,7.171428571428572,20.02857142857143,10.971428571428572,0.014285714285714287,2375,Belmullet
2024,39,10.842857142857143,755.2857142857143,2.6999999999999997,13.299999999999999,8.528571428571428,4.042857142857143,2375,Belmullet
2024,40,11.257142857142856,758.5714285714286,4.014285714285714,16.114285714285717,9.514285714285714,1.2857142857142858,2375,Belmullet
2024,41,10.714285714285714,688.0,3.7571428571428567,13.314285714285715,6.942857142857143,1.342857142857143,2375,Belmullet
2024,42,15.6,593.8571428571429,4.2,14.799999999999999,9.728571428571428,5.185714285714285,2375,Belmullet
2024,43,16.228571428571428,270.7142857142857,1.042857142857143,13.657142857142857,9.242857142857144,10.928571428571429,2375,Belmullet
2024,44,8.428571428571429,272.85714285714283,0.2857142857142857,13.228571428571428,11.200000000000001,0.5285714285714286,2375,Belmullet
2024,45,10.200000000000001,297.57142857142856,1.5571428571428572,14.857142857142858,10.385714285714286,0.09999999999999999,2375,Belmullet
2024,46,6.171428571428572,229.0,1.2571428571428573,12.385714285714286,8.1,0.9000000000000001,2375,Belmullet
2024,47,13.257142857142856,184.0,0.7857142857142857,8.071428571428571,2.542857142857143,6.557142857142857,2375,Belmullet
2024,48,12.099999999999998,171.42857142857142,1.3142857142857143,11.114285714285714,4.871428571428572,3.9571428571428577,2375,Belmullet
2024,49,14.557142857142859,130.42857142857142,0.6428571428571429,10.714285714285714,5.214285714285714,6.971428571428571,2375,Belmullet
2024,50,6.814285714285715,146.57142857142858,1.1142857142857143,7.671428571428572,2.657142857142857,0.7,2375,Belmullet
2024,51,17.6,147.14285714285714,0.8142857142857143,11.328571428571427,6.428571428571429,4.3999999999999995,2375,Belmullet
2024,52,14.799999999999999,117.0,0.2857142857142857,11.528571428571428,9.042857142857143,2.5142857142857147,2375,Belmullet
2025,1,12.900000000000002,148.42857142857142,0.5714285714285714,8.357142857142858,4.042857142857143,6.228571428571429,2375,Belmullet
2025,2,9.557142857142859,184.85714285714286,1.3857142857142857,7.357142857142857,1.4428571428571428,4.8,2375,Belmullet
2025,3,19.400000000000002,140.28571428571428,0.4142857142857143,11.514285714285714,9.471428571428572,0.6,2375,Belmullet
2025,4,12.214285714285714,238.42857142857142,1.6142857142857143,8.7,2.9285714285714284,5.514285714285714,2375,Belmullet
2025,5,13.485714285714286,301.7142857142857,2.585714285714286,9.728571428571428,4.271428571428571,10.071428571428571,2375,Belmullet
2025,6,12.1,491.57142857142856,5.042857142857143,9.114285714285714,3.0571428571428574,2.3000000000000003,2375,Belmullet
2025,7,11.142857142857142,343.2857142857143,2.057142857142857,7.971428571428571,3.814285714285714,1.1714285714285713,2375,Belmullet
2025,8,20.685714285714287,456.2857142857143,2.642857142857143,11.4,7.8999999999999995,5.557142857142858,2375,Belmullet
2025,9,12.757142857142858,731.2857142857143,4.4,10.371428571428572,4.271428571428571,3.057142857142857,2375,Belmullet
2025,10,15.057142857142859,523.5714285714286,1.9571428571428573,12.171428571428573,7.3428571428571425,1.4285714285714286,2375,Belmullet
2025,11,9.0,1020.2857142857143,5.628571428571428,10.728571428571428,3.3714285714285714,0.4714285714285715,2375,Belmullet
2025,12,9.200000000000001,1123.2857142857142,5.885714285714286,13.314285714285715,4.771428571428571,1.8714285714285714,2375,Belmullet
2025,13,12.942857142857141,740.0,1.8285714285714285,11.642857142857142,6.442857142857143,1.8285714285714287,2375,Belmullet
2025,14,9.442857142857141,1653.4285714285713,9.6,17.642857142857142,7.9,0.0,2375,Belmullet
2025,15,6.228571428571429,1712.2857142857142,9.628571428571428,16.04285714285714,5.1000000000000005,0.8285714285714285,2375,Belmullet
2025,16,10.257142857142856,1311.5714285714287,4.8428571428571425,11.757142857142856,5.128571428571428,3.1571428571428575,2375,Belmullet
2025,17,12.6,1233.4285714285713,3.6142857142857143,14.171428571428573,9.385714285714286,7.128571428571428,2375,Belmullet
2025,18,8.357142857142858,2036.4285714285713,8.271428571428572,16.757142857142856,8.628571428571428,0.014285714285714287,2375,Belmullet
2025,19,6.171428571428572,2448.1428571428573,12.37142857142857,16.1,5.757142857142857,0.5857142857142856,2375,Belmullet
2025,20,7.442857142857143,2753.1428571428573,13.9,22.24285714285714,9.671428571428573,0.35714285714285715,2375,Belmullet
2025,21,9.514285714285714,2118.5714285714284,9.428571428571429,17.65714285714286,8.542857142857143,1.542857142857143,2375,Belmullet
2025,22,13.657142857142857,1700.5714285714287,4.057142857142858,15.428571428571429,10.814285714285715,4.928571428571429,2375,Belmullet
2025,23,11.185714285714285,1804.857142857143,5.371428571428572,13.942857142857141,9.114285714285714,4.185714285714286,2375,Belmullet
2025,24,9.87142857142857,1624.7142857142858,4.985714285714286,17.114285714285717,12.257142857142856,3.4,2375,Belmullet
2025,25,11.700000000000001,1862.857142857143,5.357142857142857,18.900000000000002,13.62857142857143,1.8,2375,Belmullet
2025,26,14.571428571428571,1353.7142857142858,2.0142857142857142,16.785714285714285,12.728571428571428,2.414285714285714,2375,Belmullet
2025,27,11.299999999999999,1473.2857142857142,3.942857142857143,16.385714285714286,11.028571428571428,5.385714285714286,2375,Belmullet
2025,28,9.514285714285714,1800.4285714285713,5.228571428571429,20.24285714285714,13.928571428571429,4.8428571428571425,2375,Belmullet
2025,29,9.471428571428572,1539.2857142857142,3.442857142857143,19.2,13.214285714285714,4.485714285714286,2375,Belmullet
2025,30,9.028571428571428,1456.857142857143,2.4,18.04285714285714,12.685714285714285,0.4571428571428572,2375,Belmullet
2025,31,8.6,1204.0,0.7428571428571429,17.842857142857145,13.942857142857141,2.2857142857142856,2375,Belmullet
2025,32,15.1,1565.142857142857,3.9428571428571426,17.685714285714287,12.5,3.2285714285714286,2375,Belmullet
2025,33,5.285714285714286,1821.2857142857142,8.028571428571428,22.114285714285717,14.414285714285715,0.15714285714285717,2375,Belmullet
2025,34,6.628571428571428,1334.857142857143,3.3999999999999995,21.571428571428573,13.62857142857143,0.21428571428571427,2375,Belmullet
2025,35,17.071428571428573,1079.4285714285713,2.7857142857142856,17.25714285714286,13.457142857142857,7.814285714285715,2375,Belmullet
2025,36,11.942857142857141,1153.2857142857142,3.0428571428571423,16.814285714285713,12.428571428571429,2.585714285714286,2375,Belmullet
2025,37,13.828571428571427,1166.5714285714287,5.042857142857143,16.0,10.842857142857143,6.042857142857143,2375,Belmullet
2025,38,14.971428571428572,964.1428571428571,3.8000000000000003,15.37142857142857,10.442857142857141,3.3714285714285714,2375,Belmullet
2025,39,9.242857142857144,1064.857142857143,5.8999999999999995,15.828571428571427,8.4,1.5857142857142856,2375,Belmullet
2025,40,18.314285714285713,439.2857142857143,0.9,15.557142857142855,11.885714285714286,11.771428571428572,2375,Belmullet
2025,41,10.214285714285714,423.0,0.5142857142857143,13.528571428571428,10.771428571428572,0.5,2375,Belmullet
2025,42,6.571428571428571,440.7142857142857,1.5714285714285714,14.028571428571427,9.857142857142858,0.6428571428571429,2375,Belmullet
2025,43,12.657142857142857,462.7142857142857,2.0,12.742857142857144,8.371428571428572,4.5285714285714285,2375,Belmullet
2025,44,17.085714285714285,399.57142857142856,2.642857142857143,12.671428571428573,7.585714285714286,5.728571428571429,2375,Belmullet
2025,45,11.214285714285714,244.14285714285714,1.3714285714285714,13.4,9.6,4.257142857142857,2375,Belmullet
2025,46,12.614285714285714,200.85714285714286,0.7714285714285715,10.542857142857143,7.614285714285714,4.3,2375,Belmullet
2025,47,11.771428571428572,282.14285714285717,2.2,9.585714285714285,4.3428571428571425,5.171428571428572,2375,Belmullet
2025,48,15.6,228.0,1.8,11.228571428571428,5.185714285714285,4.457142857142857,2375,Belmullet
2025,49,11.642857142857142,136.0,0.5,10.442857142857141,6.585714285714286,6.6000000000000005,2375,Belmullet
2025,50,19.942857142857143,118.14285714285714,0.5142857142857143,12.171428571428573,8.414285714285715,9.485714285714286,2375,Belmullet
2025,51,14.5,170.57142857142858,1.1857142857142857,9.928571428571429,5.957142857142857,4.3,2375,Belmullet
2025,52,5.328571428571428,189.42857142857142,1.9428571428571428,7.714285714285714,2.4285714285714284,0.042857142857142864,2375,Belmullet
2026,1,8.157142857142857,166.85714285714286,0.9,6.871428571428571,2.8857142857142857,1.0857142857142856,2375,Belmullet
2026,2,11.1,165.14285714285714,0.9000000000000001,8.557142857142857,3.6571428571428575,5.8,2375,Belmullet
2026,3,9.171428571428569,212.71428571428572,1.4571428571428573,8.1,3.6,2.857142857142857,2375,Belmullet
2026,4,7.728571428571429,213.28571428571428,1.4857142857142858,8.085714285714285,2.971428571428571,3.242857142857143,2375,Belmullet
2026,5,10.585714285714285,359.42857142857144,3.3714285714285714,9.471428571428572,3.757142857142857,4.2,2375,Belmullet
2026,6,9.357142857142858,242.14285714285714,0.4428571428571429,8.685714285714285,4.357142857142857,0.5428571428571429,2375,Belmullet
2026,7,10.071428571428571,366.14285714285717,1.7,9.385714285714286,4.2,4.057142857142857,2375,Belmullet
2026,8,13.87142857142857,454.2857142857143,2.2714285714285714,9.5,4.814285714285715,2.6714285714285713,2375,Belmullet
2026,9,15.057142857142859,400.57142857142856,1.6999999999999997,10.828571428571427,6.528571428571429,5.485714285714286,2375,Belmullet
2026,10,14.014285714285714,713.4285714285714,3.5857142857142854,10.714285714285714,3.9428571428571426,3.6142857142857143,2375,Belmullet
2026,11,17.7,774.0,3.142857142857143,10.12857142857143,4.728571428571429,4.1571428571428575,2375,Belmullet
2026,12,11.885714285714286,1086.0,5.171428571428571,13.328571428571427,5.828571428571428,1.9142857142857144,2375,Belmullet
2026,13,16.585714285714285,996.8571428571429,4.014285714285714,10.757142857142856,4.7,4.414285714285714,2375,Belmullet
2026,14,12.914285714285715,918.5714285714286,2.8714285714285714,10.771428571428572,4.357142857142857,8.171428571428573,2375,Belmullet
2026,15,15.5,982.8571428571429,3.642857142857143,10.714285714285714,4.542857142857143,4.671428571428572,2375,Belmullet
2026,16,13.514285714285714,1404.4285714285713,5.685714285714285,12.342857142857143,6.371428571428571,4.257142857142857,2375,Belmullet
2026,17,8.9,1659.4285714285713,6.428571428571429,16.1,7.8428571428571425,0.14285714285714285,2375,Belmullet
2026,18,7.871428571428571,1602.2857142857142,6.085714285714286,15.857142857142858,8.214285714285714,0.41428571428571426,2375,Belmullet
2026,19,9.057142857142857,2003.4285714285713,7.0,13.200000000000001,6.442857142857143,0.39999999999999997,2375,Belmullet
2026,20,11.5,1794.7142857142858,4.614285714285714,12.9,7.514285714285714,2.9,2375,Belmullet
2026,21,14.757142857142856,1329.857142857143,2.3714285714285714,14.571428571428571,10.185714285714285,3.314285714285714,2375,Belmullet
2026,22,13.200000000000001,1963.2857142857142,6.542857142857144,19.25714285714286,12.142857142857142,0.8142857142857142,2375,Belmullet
2026,23,13.785714285714286,1580.4285714285713,2.6714285714285713,14.971428571428572,10.428571428571429,5.557142857142857,2375,Belmullet
2026,24,12.571428571428571,1948.857142857143,4.585714285714286,15.228571428571428,10.057142857142859,2.9714285714285715,2375,Belmullet
2026,25,10.042857142857143,2080.714285714286,6.528571428571429,17.757142857142856,11.042857142857143,2.8714285714285714,2375,Belmullet
2026,26,11.442857142857141,1511.4285714285713,3.4428571428571426,19.185714285714287,13.299999999999999,4.457142857142857,2375,Belmullet
2026,27,13.957142857142856,1017.4285714285714,0.2571428571428572,15.942857142857141,13.085714285714285,3.8428571428571425,2375,Belmullet
2026,28,11.842857142857143,1757.4285714285713,3.9,18.814285714285713,13.685714285714285,0.042857142857142864,2375,Belmullet
2026,29,9.571428571428571,2308.714285714286,9.685714285714285,23.04285714285714,13.799999999999999,0.0,2375,Belmullet
2026,30,9.6,1477.7142857142858,3.414285714285714,18.3,13.757142857142856,0.7571428571428571,2375,Belmullet
2026,31,9.9,1588.4,4.640000000000001,17.5,12.559999999999999,7.9,2375,Belmullet
