aoi,year,week,n,iso_year,iso_week,week_start,n_samples,latitude_mean,longitude_mean,cpr_mean_large_copepods,cpr_mean_small_copepods,cpr_mean_diatoms,cpr_mean_dinoflagellates,cpr_pci,cpr_dino_diatom_ratio,lat_min,lat_max,lon_min,lon_max
celtic,1982,1,7,1982,1,1982-01-04,7,50.6481,-8.715228571428572,0.38311688311688225,0.43290043290043284,0.0,0.0,0.0,,49.5,52.0,-10.5,-5.5
celtic,1982,6,11,1982,6,1982-02-08,11,50.48257272727273,-7.931363636363637,0.2913223140495869,3.1680440771349847,0.0,0.0,0.09090909090909091,,49.5,52.0,-10.5,-5.5
celtic,1982,7,9,1982,7,1982-02-15,9,51.755744444444446,-6.574066666666667,0.2525252525252526,10.10101010101011,27.322404371584668,0.0,0.5555555555555556,0.0,49.5,52.0,-10.5,-5.5
celtic,1982,9,11,1982,9,1982-03-01,11,50.77393636363637,-8.15030909090909,0.028925619834710748,0.0,22.354694485842,0.0,0.0,0.0,49.5,52.0,-10.5,-5.5
celtic,1982,11,9,1982,11,1982-03-15,9,51.704077777777776,-6.822577777777777,0.007575757575757579,0.6734006734006733,0.0,0.0,0.0,,49.5,52.0,-10.5,-5.5
celtic,1982,12,3,1982,12,1982-03-22,3,50.08833333333333,-9.720566666666668,0.022727272727272735,11.61616161616161,0.0,0.0,0.0,,49.5,52.0,-10.5,-5.5
celtic,1982,16,9,1982,16,1982-04-19,9,51.67944444444444,-6.822411111111111,0.8106060606060608,35.35353535353537,4872.495446265943,340.909090909091,2.0,0.5011850592522616,49.5,52.0,-10.5,-5.5
celtic,1982,17,7,1982,17,1982-04-26,7,50.94927142857143,-8.704528571428572,0.6428571428571421,42.64069264069264,433.25526932084284,340.9090909090906,0.7142857142857143,0.628484848484848,49.5,52.0,-10.5,-5.5
celtic,1982,20,5,1982,20,1982-05-17,5,51.70636,-7.302020000000001,1.3090909090909078,23.03030303030304,196.7213114754098,772.7272727272724,1.0,2.1565656565656535,49.5,52.0,-10.5,-5.5
celtic,1982,21,9,1982,21,1982-05-24,9,50.66905555555556,-8.642233333333333,0.477272727272727,49.83164983164985,4289.617486338799,656.5656565656564,0.7777777777777778,0.4494673485832689,49.5,52.0,-10.5,-5.5
celtic,1982,23,9,1982,23,1982-06-07,9,51.687977777777775,-6.812211111111111,0.1515151515151513,43.09764309764312,1329.6903460837882,1931.8181818181813,1.4444444444444444,4.168135601069044,49.5,52.0,-10.5,-5.5
celtic,1982,24,7,1982,24,1982-06-14,7,49.942142857142855,-8.812614285714286,0.37337662337662303,26.4069264069264,0.0,259.74025974026,0.14285714285714285,,49.5,52.0,-10.5,-5.5
celtic,1982,27,4,1982,27,1982-07-05,4,51.71835,-7.57415,0.4659090909090905,78.78787878787878,1270.4918032786875,4375.0,1.25,3.6941687219031003,49.5,52.0,-10.5,-5.5
celtic,1982,29,9,1982,29,1982-07-19,9,50.5037,-8.511299999999999,2.1060606060606073,109.25925925925912,27.322404371584668,0.0,0.3333333333333333,0.0,49.5,52.0,-10.5,-5.5
celtic,1982,32,22,1982,32,1982-08-09,22,51.09522727272727,-7.931436363636364,0.2365702479338844,45.592286501377416,883.0104321907601,1043.3884297520656,0.8409090909090909,2.6396729301367325,49.5,52.0,-10.5,-5.5
celtic,1982,33,11,1982,33,1982-08-16,11,50.655145454545455,-7.921663636363636,1.4380165289256193,73.82920110192832,298.0625931445602,123.96694214876037,0.6363636363636364,0.0,49.5,52.0,-10.5,-5.5
celtic,1982,36,18,1982,36,1982-09-06,18,50.79879444444444,-7.369633333333334,0.5479797979797973,70.45454545454544,441.7122040072859,776.5151515151523,0.9166666666666666,3.8253367003367074,49.5,52.0,-10.5,-5.5
celtic,1982,37,7,1982,37,1982-09-13,7,50.07904285714285,-7.099528571428571,0.14285714285714274,3.679653679653686,0.0,0.0,0.0,,49.5,52.0,-10.5,-5.5
celtic,1982,38,10,1982,38,1982-09-20,10,50.8125,-8.50934,0.14545454545454528,7.730303030303027,24.5901639344262,34.0909090909091,0.3,0.0,49.5,52.0,-10.5,-5.5
celtic,1982,40,5,1982,40,1982-10-04,5,49.81,-7.78334,0.00454545454545454,2.424242424242424,49.1803278688524,0.0,0.2,0.0,49.5,52.0,-10.5,-5.5
celtic,1982,41,10,1982,41,1982-10-11,10,51.674,-6.71066,1.2318181818181801,39.6969696969697,532.7868852459012,136.3636363636364,0.4,0.14014328063241116,49.5,52.0,-10.5,-5.5
celtic,1982,44,4,1982,44,1982-11-01,4,49.99085,-9.265425,0.20454545454545425,28.424242424242426,3770.4918032786964,454.5454545454545,1.5,0.4281090100479861,49.5,52.0,-10.5,-5.5
celtic,1982,46,18,1982,46,1982-11-15,18,51.121583333333334,-7.559261111111111,0.3661616161616158,3.5353535353535372,54.64480874316944,18.939393939393945,0.3333333333333333,0.3465909090909089,49.5,52.0,-10.5,-5.5
celtic,1982,48,9,1982,48,1982-11-29,9,51.687955555555554,-6.821111111111112,0.0404040404040404,1.01010101010101,109.28961748633878,0.0,0.0,0.0,49.5,52.0,-10.5,-5.5
celtic,1982,52,5,1982,52,1982-12-27,5,49.98366,-9.075999999999999,0.08181818181818168,0.0,196.7213114754098,0.0,0.6,0.0,49.5,52.0,-10.5,-5.5
celtic,1983,1,8,1983,1,1983-01-03,8,50.125412499999996,-7.2500124999999995,0.09090909090909094,0.37878787878787873,0.0,0.0,0.0,,49.5,52.0,-10.5,-5.5
celtic,1983,2,9,1983,2,1983-01-10,9,51.6513,-6.825555555555556,0.0025252525252525224,0.0,0.0,0.0,0.0,,49.5,52.0,-10.5,-5.5
celtic,1983,4,9,1983,4,1983-01-24,9,49.87872222222222,-8.057777777777778,0.11868686868686873,3.0303030303030356,27.322404371584668,0.0,0.0,0.0,49.5,52.0,-10.5,-5.5
celtic,1983,5,9,1983,5,1983-01-31,9,50.80351111111111,-8.6676,0.0025252525252525224,0.0,0.0,0.0,0.0,,49.5,52.0,-10.5,-5.5
celtic,1983,8,8,1983,8,1983-02-21,8,49.886275,-8.5191625,0.37215909090909083,0.37878787878787873,0.0,0.0,0.0,,49.5,52.0,-10.5,-5.5
celtic,1983,9,1,1983,9,1983-02-28,1,51.435,-10.4167,0.0,0.0,0.0,0.0,0.0,,49.5,52.0,-10.5,-5.5
celtic,1983,10,17,1983,10,1983-03-07,17,50.37558823529412,-7.7938294117647064,0.13502673796791442,3.2976827094474173,0.0,0.0,0.0,,49.5,52.0,-10.5,-5.5
celtic,1983,13,1,1983,13,1983-03-28,1,51.885,-5.5867,0.0681818181818182,3.03030303030303,0.0,0.0,0.0,,49.5,52.0,-10.5,-5.5
celtic,1983,14,1,1983,14,1983-04-04,1,49.5317,-8.8283,0.136363636363636,48.4848484848485,0.0,0.0,0.0,,49.5,52.0,-10.5,-5.5
celtic,1983,16,8,1983,16,1983-04-18,8,49.9022875,-8.4168875,6.994318181818177,237.49999999999991,0.0,0.0,0.0,,49.5,52.0,-10.5,-5.5
celtic,1983,17,10,1983,17,1983-04-25,10,50.6075,-8.45768,4.743181818181813,202.12121212121207,655.7377049180329,136.3636363636364,0.0,0.14101492869875196,49.5,52.0,-10.5,-5.5
celtic,1983,19,2,1983,19,1983-05-09,2,51.9358,-5.7242,0.36363636363636354,54.5454545454545,6229.50819672131,0.0,2.0,0.0,49.5,52.0,-10.5,-5.5
celtic,1983,20,5,1983,20,1983-05-16,5,49.976659999999995,-9.155339999999999,0.3681818181818176,146.06060606060618,49.1803278688524,0.0,0.0,0.0,49.5,52.0,-10.5,-5.5
celtic,1983,21,9,1983,21,1983-05-23,9,50.8915,-8.4676,0.7297979797979801,84.6801346801347,0.0,0.0,0.0,,49.5,52.0,-10.5,-5.5
celtic,1983,23,2,1983,23,1983-06-06,2,51.9317,-5.7325,0.784090909090909,148.4848484848485,2295.0819672131147,795.454545454545,1.0,0.42457386363636257,49.5,52.0,-10.5,-5.5
celtic,1983,24,5,1983,24,1983-06-13,5,49.96266,-9.10734,5.0999999999999925,60.00000000000007,590.1639344262296,204.5454545454546,0.6,0.06301652892561986,49.5,52.0,-10.5,-5.5
celtic,1983,28,2,1983,28,1983-07-11,2,51.8775,-5.64415,0.045454545454545456,29.545454545454533,2418.032786885245,3579.545454545455,1.0,1.4803543913713413,49.5,52.0,-10.5,-5.5
celtic,1983,29,7,1983,29,1983-07-18,7,50.9893,-8.791185714285714,0.3863636363636361,93.07359307359307,2189.695550351288,146.10389610389615,0.5714285714285714,0.16967719780219795,49.5,52.0,-10.5,-5.5
celtic,1983,31,2,1983,31,1983-08-01,2,51.9358,-5.73335,0.0,10.60606060606063,3565.5737704918,1818.1818181818198,1.0,0.517135642135643,49.5,52.0,-10.5,-5.5
celtic,1983,32,4,1983,32,1983-08-08,4,49.974575,-9.512925,0.028409090909090898,1.515151515151515,122.950819672131,85.22727272727275,0.0,0.6931818181818191,49.5,52.0,-10.5,-5.5
celtic,1983,33,8,1983,33,1983-08-15,8,50.2446,-7.2964625,0.04829545454545446,43.750000000000014,0.0,2301.1363636363626,0.5,,49.5,52.0,-10.5,-5.5
celtic,1983,36,6,1983,36,1983-09-05,6,49.99361666666667,-8.9111,0.14393939393939384,45.20202020202016,0.0,170.4545454545455,0.0,,49.5,52.0,-10.5,-5.5
celtic,1983,37,8,1983,37,1983-09-12,8,50.2391625,-7.3077125,0.05113636363636355,32.575757575757564,256.1475409836071,170.45454545454513,0.875,0.25994318181818027,49.5,52.0,-10.5,-5.5
celtic,1983,40,9,1983,40,1983-10-03,9,49.86611111111111,-7.9890888888888885,0.8737373737373745,233.67003367003366,163.93442622950812,151.51515151515156,0.3333333333333333,1.1090909090909107,49.5,52.0,-10.5,-5.5
celtic,1983,42,9,1983,42,1983-10-17,9,50.60093333333333,-8.685177777777778,0.22727272727272732,62.4579124579125,173.04189435336977,113.63636363636367,0.6666666666666666,0.0,49.5,52.0,-10.5,-5.5
celtic,1983,45,18,1983,45,1983-11-07,18,50.83165555555556,-7.624438888888889,0.10479797979797982,61.70033670033672,400.7285974499091,208.33333333333323,0.8888888888888888,0.6618235930735938,49.5,52.0,-10.5,-5.5
celtic,1983,48,6,1983,48,1983-11-28,6,49.965833333333336,-8.860533333333334,0.20833333333333318,35.85858585858585,0.0,0.0,0.0,,49.5,52.0,-10.5,-5.5
celtic,1983,49,17,1983,49,1983-12-05,17,50.3515705882353,-7.913523529411765,0.1697860962566845,8.82352941176471,43.39440694310506,40.10695187165776,0.0,0.46212121212121277,49.5,52.0,-10.5,-5.5
celtic,1983,50,1,1983,50,1983-12-12,1,49.6683,-5.9467,0.113636363636364,9.09090909090909,0.0,0.0,0.0,,49.5,52.0,-10.5,-5.5
celtic,1983,51,2,1983,51,1983-12-19,2,51.90915,-5.6875,0.0,0.0,0.0,0.0,0.0,,49.5,52.0,-10.5,-5.5
celtic,1984,1,18,1984,1,1984-01-02,18,50.37232222222222,-8.317222222222222,0.03787878787878789,0.5892255892255894,0.0,0.0,0.0,,49.5,52.0,-10.5,-5.5
celtic,1984,4,2,1984,4,1984-01-23,2,51.933350000000004,-5.73585,0.0340909090909091,0.0,0.0,0.0,0.0,,49.5,52.0,-10.5,-5.5
celtic,1984,5,8,1984,5,1984-01-30,8,50.1592,-7.3579125,0.10795454545454539,0.37878787878787873,30.73770491803275,0.0,0.0,0.0,49.5,52.0,-10.5,-5.5
celtic,1984,6,11,1984,6,1984-02-06,11,50.32879090909091,-8.180154545454545,0.1797520661157025,0.8264462809917354,0.0,0.0,0.0,,49.5,52.0,-10.5,-5.5
celtic,1984,9,9,1984,9,1984-02-27,9,50.67055555555556,-8.2989,0.1868686868686868,3.7037037037037046,437.15846994535497,37.87878787878789,0.3333333333333333,0.060276679841897385,49.5,52.0,-10.5,-5.5
celtic,1984,13,11,1984,13,1984-03-26,11,50.539981818181815,-7.118336363636363,0.049586776859504085,5.371900826446288,22.354694485842,30.99173553719009,0.0,0.0,49.5,52.0,-10.5,-5.5
celtic,1984,14,1,1984,14,1984-04-02,1,51.9017,-5.68,0.386363636363636,18.1818181818182,245.901639344262,0.0,0.0,0.0,49.5,52.0,-10.5,-5.5
celtic,1984,21,18,1984,21,1984-05-21,18,50.37453333333333,-7.947866666666666,1.5896464646464648,164.2255892255893,1930.7832422586523,1104.79797979798,0.6666666666666666,0.542376339221673,49.5,52.0,-10.5,-5.5
celtic,1984,23,2,1984,23,1984-06-04,2,51.941649999999996,-5.725,0.0909090909090911,33.333333333333314,2377.0491803278696,1761.363636363636,1.0,0.7233201581027667,49.5,52.0,-10.5,-5.5
celtic,1984,25,15,1984,25,1984-06-18,15,50.32311333333334,-8.179233333333334,0.5742424242424244,71.51515151515156,1939.8907103825154,1712.1212121212125,0.6,2.9003681036408304,49.5,52.0,-10.5,-5.5
celtic,1984,26,3,1984,26,1984-06-25,3,49.97666666666667,-9.861133333333333,0.030303030303030304,28.282828282828266,3169.398907103827,681.818181818182,0.6666666666666666,0.23389754050131398,49.5,52.0,-10.5,-5.5
celtic,1984,28,2,1984,28,1984-07-09,2,51.9375,-5.72915,0.02272727272727275,21.969696969696965,1270.4918032786875,1420.454545454546,1.0,1.2200000000000006,49.5,52.0,-10.5,-5.5
celtic,1984,29,11,1984,29,1984-07-16,11,50.5047,-8.116672727272727,0.11776859504132214,16.666666666666664,2891.2071535022387,650.826446280992,0.7272727272727273,0.16799969092946024,49.5,52.0,-10.5,-5.5
celtic,1984,30,5,1984,30,1984-07-23,5,50.023340000000005,-7.3273399999999995,0.16818181818181804,17.27878787878789,229.5081967213116,863.6363636363628,0.0,1.188311688311688,49.5,52.0,-10.5,-5.5
celtic,1984,32,2,1984,32,1984-08-06,2,51.918350000000004,-5.70585,0.0454545454545455,12.87878787878789,245.901639344262,340.909090909091,1.0,1.3863636363636382,49.5,52.0,-10.5,-5.5
celtic,1984,33,10,1984,33,1984-08-13,10,50.78666,-8.097159999999999,0.07499999999999987,8.636363636363644,0.0,738.6363636363635,0.1,,49.5,52.0,-10.5,-5.5
celtic,1984,34,17,1984,34,1984-08-20,17,50.32910588235294,-8.504100000000001,0.38770053475935784,28.163992869875226,385.7280617164899,247.3262032085561,0.11764705882352941,1.0505306097411362,49.5,52.0,-10.5,-5.5
celtic,1984,36,1,1984,36,1984-09-03,1,51.91,-5.6717,0.409090909090909,86.3636363636364,737.704918032787,681.818181818182,1.0,0.9242424242424244,49.5,52.0,-10.5,-5.5
celtic,1984,40,2,1984,40,1984-10-01,2,51.9075,-5.6875,0.0340909090909091,12.121212121212139,0.0,0.0,0.0,,49.5,52.0,-10.5,-5.5
celtic,1984,41,7,1984,41,1984-10-08,7,50.18832857142858,-6.974985714285714,1.698051948051948,141.99134199134193,901.6393442622959,698.0519480519479,0.8571428571428571,0.7001534743991643,49.5,52.0,-10.5,-5.5
celtic,1984,42,4,1984,42,1984-10-15,4,50.099199999999996,-7.221674999999999,0.2670454545454545,109.4696969696969,409.8360655737697,340.909090909091,1.0,0.617007992007993,49.5,52.0,-10.5,-5.5
celtic,1984,43,5,1984,43,1984-10-22,5,50.886700000000005,-9.22432,1.195454545454547,64.84848484848486,344.2622950819672,295.454545454546,0.8,0.0,49.5,52.0,-10.5,-5.5
celtic,1984,44,2,1984,44,1984-10-29,2,51.9242,-5.7142,0.21590909090909077,6.06060606060606,0.0,0.0,0.0,,49.5,52.0,-10.5,-5.5
celtic,1984,45,6,1984,45,1984-11-05,6,50.13556666666667,-6.43555,0.5530303030303031,35.85858585858583,81.967213114754,56.818181818181834,0.0,0.6931818181818191,49.5,52.0,-10.5,-5.5
celtic,1984,49,8,1984,49,1984-12-03,8,50.5210125,-7.1402,0.1363636363636363,4.356060606060611,30.73770491803275,0.0,0.0,0.0,49.5,52.0,-10.5,-5.5
celtic,1984,50,8,1984,50,1984-12-10,8,50.7097875,-8.67355,0.7784090909090914,10.984848484848495,30.73770491803275,0.0,0.0,0.0,49.5,52.0,-10.5,-5.5
celtic,1985,1,6,1985,1,1984-12-31,6,50.00888333333333,-6.978883333333333,0.1780303030303029,3.03030303030303,0.0,0.0,0.0,,49.5,52.0,-10.5,-5.5
celtic,1985,2,9,1985,2,1985-01-07,9,50.011655555555556,-8.3476,0.4444444444444441,3.1986531986532043,0.0,0.0,0.0,,49.5,52.0,-10.5,-5.5
celtic,1985,3,12,1985,3,1985-01-14,12,50.421533333333336,-8.08625,0.31250000000000006,0.505050505050505,61.4754098360655,0.0,0.0,0.0,49.5,52.0,-10.5,-5.5
celtic,1985,4,8,1985,4,1985-01-21,8,50.235625,-7.0400125000000005,0.21022727272727249,1.515151515151515,30.73770491803275,0.0,0.0,0.0,49.5,52.0,-10.5,-5.5
celtic,1985,6,9,1985,6,1985-02-04,9,50.28833333333333,-8.163888888888888,0.45454545454545386,1.6835016835016832,27.322404371584668,0.0,0.0,0.0,49.5,52.0,-10.5,-5.5
celtic,1985,12,10,1985,12,1985-03-18,10,50.20133,-7.79584,0.03181818181818183,6.515151515151514,49.1803278688525,0.0,0.4,0.0,49.5,52.0,-10.5,-5.5
celtic,1985,15,2,1985,15,1985-04-08,2,51.934200000000004,-5.775,0.375,5.3030303030303045,0.0,0.0,0.5,,49.5,52.0,-10.5,-5.5
celtic,1985,16,10,1985,16,1985-04-15,10,50.292829999999995,-7.960680000000001,2.159090909090909,120.00000000000004,442.6229508196723,34.0909090909091,0.6,0.27727272727272767,49.5,52.0,-10.5,-5.5
celtic,1985,18,11,1985,18,1985-04-29,11,50.396963636363644,-8.086509090909091,7.359504132231404,353.71900826446335,3159.463487332339,30.99173553719009,1.0909090909090908,0.009627525252525247,49.5,52.0,-10.5,-5.5
celtic,1985,19,2,1985,19,1985-05-06,2,51.92915,-5.738300000000001,0.11363636363636374,2.272727272727275,0.0,0.0,0.0,,49.5,52.0,-10.5,-5.5
celtic,1985,20,10,1985,20,1985-05-13,10,50.29633,-8.099160000000001,0.5386363636363634,211.6666666666668,1196.7213114754097,34.0909090909091,0.4,0.09902597402597398,49.5,52.0,-10.5,-5.5
celtic,1985,22,10,1985,22,1985-05-27,10,50.52333,-8.54767,1.1113636363636363,213.4848484848485,1049.1803278688533,34.0909090909091,0.6,0.017329545454545445,49.5,52.0,-10.5,-5.5
celtic,1985,23,2,1985,23,1985-06-03,2,51.85835,-5.61,0.6931818181818185,50.0,696.72131147541,795.454545454545,1.0,1.1417112299465233,49.5,52.0,-10.5,-5.5
celtic,1985,24,3,1985,24,1985-06-10,3,50.152233333333335,-9.6622,0.3939393939393943,86.36363636363653,81.967213114754,113.63636363636367,0.0,0.0,49.5,52.0,-10.5,-5.5
celtic,1985,28,10,1985,28,1985-07-08,10,50.53317,-8.041830000000001,0.6477272727272728,75.75757575757568,24.5901639344262,397.7272727272735,0.1,0.0,49.5,52.0,-10.5,-5.5
celtic,1985,32,11,1985,32,1985-08-05,11,50.439854545454544,-8.048336363636365,0.12603305785123947,28.92561983471074,648.2861400894185,464.8760330578516,0.5454545454545454,0.948330726291254,49.5,52.0,-10.5,-5.5
celtic,1985,34,5,1985,34,1985-08-19,5,49.992020000000004,-8.966,0.18181818181818166,29.6969696969697,1098.3606557377045,204.5454545454546,0.0,0.16042207792207794,49.5,52.0,-10.5,-5.5
celtic,1985,36,11,1985,36,1985-09-02,11,50.74150909090909,-7.65680909090909,0.1880165289256196,34.15977961432508,89.41877794336808,30.99173553719009,0.18181818181818182,0.0,49.5,52.0,-10.5,-5.5
celtic,1985,38,6,1985,38,1985-09-16,6,49.9086,-8.782516666666666,0.7310606060606061,81.060606060606,40.983606557377,0.0,0.0,0.0,49.5,52.0,-10.5,-5.5
celtic,1985,40,10,1985,40,1985-09-30,10,50.5515,-7.83031,0.27499999999999947,15.303030303030317,163.934426229508,261.3636363636362,0.2,0.4159090909090915,49.5,52.0,-10.5,-5.5
celtic,1985,41,2,1985,41,1985-10-07,2,51.933350000000004,-5.71835,1.1136363636363629,32.57575757575755,0.0,0.0,0.0,,49.5,52.0,-10.5,-5.5
celtic,1985,44,11,1985,44,1985-10-28,11,50.24317272727273,-8.155472727272727,0.6074380165289258,21.487603305785118,439.64232488822637,61.98347107438018,0.36363636363636365,0.2772727272727271,49.5,52.0,-10.5,-5.5
celtic,1985,46,13,1985,46,1985-11-11,13,50.40833846153846,-8.90756923076923,0.5979020979020975,15.268065268065273,245.9016393442623,131.11888111888115,0.07692307692307693,0.8857323232323241,49.5,52.0,-10.5,-5.5
celtic,1985,47,2,1985,47,1985-11-18,2,51.93085,-5.7233,0.01136363636363635,0.0,0.0,0.0,0.0,,49.5,52.0,-10.5,-5.5
celtic,1985,48,5,1985,48,1985-11-25,5,50.727999999999994,-6.526680000000001,0.3727272727272727,1.818181818181818,98.360655737705,0.0,0.2,0.0,49.5,52.0,-10.5,-5.5
celtic,1985,50,3,1985,50,1985-12-09,3,49.615,-7.138866666666666,0.21212121212121215,7.575757575757593,0.0,0.0,0.0,,49.5,52.0,-10.5,-5.5
celtic,1986,6,2,1986,6,1986-02-03,2,49.62335,-7.1025,0.1136363636363636,5.3030303030303045,122.950819672131,0.0,0.5,0.0,49.5,52.0,-10.5,-5.5
celtic,1986,7,9,1986,7,1986-02-10,9,50.390744444444444,-8.149433333333333,0.19191919191919207,1.851851851851852,0.0,0.0,0.0,,49.5,52.0,-10.5,-5.5
celtic,1986,8,8,1986,8,1986-02-17,8,50.787287500000005,-6.2827,0.20454545454545442,9.280303030303028,0.0,0.0,0.0,,49.5,52.0,-10.5,-5.5
celtic,1986,10,5,1986,10,1986-03-03,5,49.671,-6.58734,0.07272727272727257,3.03030303030303,49.1803278688524,0.0,0.0,0.0,49.5,52.0,-10.5,-5.5
celtic,1986,11,8,1986,11,1986-03-10,8,50.554375,-7.256475,0.01704545454545455,0.9469696969696975,30.73770491803275,0.0,0.0,0.0,49.5,52.0,-10.5,-5.5
celtic,1986,14,10,1986,14,1986-03-31,10,50.46166,-7.2558300000000004,0.09090909090909086,23.78787878787879,409.8360655737706,68.1818181818182,0.5,0.25746753246753273,49.5,52.0,-10.5,-5.5
celtic,1986,18,15,1986,18,1986-04-28,15,50.30146,-7.425666666666667,1.375757575757575,85.05050505050501,2562.8415300546453,356.06060606060606,2.033333333333333,0.06023374773374781,49.5,52.0,-10.5,-5.5
celtic,1986,19,8,1986,19,1986-05-05,8,50.25585,-7.237525,0.5056818181818182,128.03030303030295,1629.0983606557384,42.613636363636374,1.375,0.05776515151515155,49.5,52.0,-10.5,-5.5
celtic,1986,22,11,1986,22,1986-05-26,11,50.514872727272724,-6.7865090909090915,0.23553719008264465,129.20110192837458,3174.3666169895673,123.9669421487601,1.9545454545454546,0.02834076697713056,49.5,52.0,-10.5,-5.5
celtic,1986,23,11,1986,23,1986-06-02,11,50.23500000000001,-8.117863636363635,0.7210743801652882,130.71625344352626,163.9344262295078,237.60330578512384,0.2727272727272727,0.45323426573426673,49.5,52.0,-10.5,-5.5
celtic,1986,26,8,1986,26,1986-06-23,8,50.6541625,-6.3339375,0.772727272727272,84.65909090909099,584.0163934426226,1036.9318181818187,1.0,3.359896158380144,49.5,52.0,-10.5,-5.5
celtic,1986,27,10,1986,27,1986-06-30,10,50.42966,-8.18667,0.7772727272727261,95.45454545454538,213.11475409836058,1920.4545454545464,1.1,2.322159090909093,49.5,52.0,-10.5,-5.5
celtic,1986,30,16,1986,30,1986-07-21,16,50.35385,-7.446775,1.095170454545454,32.76515151515151,845.2868852459022,1178.9772727272718,0.375,2.9481943495101355,49.5,52.0,-10.5,-5.5
celtic,1986,34,5,1986,34,1986-08-18,5,50.345659999999995,-6.463679999999999,0.5045454545454542,26.06060606060608,1081.9672131147543,1272.7272727272725,1.0,1.9277806473829182,49.5,52.0,-10.5,-5.5
celtic,1986,35,10,1986,35,1986-08-25,10,50.374340000000004,-8.126009999999999,0.5272727272727279,25.151515151515152,1000.0000000000006,374.99999999999983,0.6,0.7242673630717115,49.5,52.0,-10.5,-5.5
celtic,1986,38,14,1986,38,1986-09-15,14,50.46809285714286,-7.279278571428572,0.13636363636363627,14.718614718614713,585.4800936768154,600.6493506493504,0.8571428571428571,0.5652097902097908,49.5,52.0,-10.5,-5.5
celtic,1986,40,10,1986,40,1986-09-29,10,50.56983,-7.87868,0.3931818181818176,72.72727272727272,98.36065573770489,318.18181818181847,0.5,1.1553030303030314,49.5,52.0,-10.5,-5.5
celtic,1986,44,8,1986,44,1986-10-27,8,50.787675,-6.2425125,0.2045454545454544,12.121212121212128,993.8524590163948,355.1136363636364,1.0,0.22899126022534308,49.5,52.0,-10.5,-5.5
celtic,1986,48,16,1986,48,1986-11-24,16,50.5233375,-6.8033375,0.5454545454545455,7.1969696969697,46.106557377049185,21.306818181818187,0.0625,0.0,49.5,52.0,-10.5,-5.5
celtic,1986,51,2,1986,51,1986-12-15,2,49.79665,-9.782499999999999,0.01136363636363635,0.0,0.0,170.4545454545455,0.0,,49.5,52.0,-10.5,-5.5
celtic,1986,52,7,1986,52,1986-12-22,7,50.778557142857146,-6.257857142857143,0.0941558441558441,1.2987012987012985,0.0,0.0,0.0,,49.5,52.0,-10.5,-5.5
celtic,1987,4,10,1987,4,1987-01-19,10,50.61834,-8.00234,0.059090909090909007,0.606060606060606,0.0,0.0,0.0,,49.5,52.0,-10.5,-5.5
celtic,1987,7,8,1987,7,1987-02-09,8,50.721050000000005,-6.4223,0.06534090909090896,1.5151515151515162,30.73770491803275,42.613636363636374,0.125,0.0,49.5,52.0,-10.5,-5.5
celtic,1987,12,18,1987,12,1987-03-16,18,50.45101666666667,-7.190461111111111,0.09595959595959608,2.861952861952861,200.3642987249544,0.0,0.16666666666666666,0.0,49.5,52.0,-10.5,-5.5
celtic,1987,16,14,1987,16,1987-04-13,14,50.391421428571434,-7.51215,0.5681818181818181,113.31168831168836,4396.955503512877,1323.0519480519486,3.8214285714285716,0.2537705478662242,49.5,52.0,-10.5,-5.5
celtic,1987,20,5,1987,20,1987-05-11,5,50.23234,-9.17234,2.000000000000001,240.00000000000009,49.1803278688524,136.3636363636364,0.8,1.3863636363636382,49.5,52.0,-10.5,-5.5
celtic,1987,22,8,1987,22,1987-05-25,8,50.8762625,-6.1954,0.5596590909090915,27.27272727272726,1700.819672131147,4389.204545454541,3.0625,5.7221168831168745,49.5,52.0,-10.5,-5.5
celtic,1987,24,10,1987,24,1987-06-08,10,50.50434,-7.99551,0.21136363636363636,23.484848484848484,122.95081967213109,34.0909090909091,0.6,0.17329545454545445,49.5,52.0,-10.5,-5.5
celtic,1987,26,7,1987,26,1987-06-22,7,50.74975714285714,-6.261414285714286,0.8344155844155844,70.56277056277052,632.3185011709608,844.1558441558442,1.0,1.760438596491229,49.5,52.0,-10.5,-5.5
celtic,1987,28,8,1987,28,1987-07-06,8,50.218312499999996,-7.4374875,0.1647727272727271,54.16666666666667,327.8688524590165,269.88636363636397,0.0,0.07170846394984325,49.5,52.0,-10.5,-5.5
celtic,1987,30,7,1987,30,1987-07-20,7,50.73782857142857,-6.301914285714285,0.22077922077922082,52.16450216450219,714.2857142857146,292.20779220779184,2.5714285714285716,0.40681196793636926,49.5,52.0,-10.5,-5.5
celtic,1987,32,11,1987,32,1987-08-03,11,50.58923636363636,-8.41439090909091,0.5392561983471068,55.647382920110175,1125.1862891207154,278.9256198347108,0.5909090909090909,0.9641278860028871,49.5,52.0,-10.5,-5.5
celtic,1987,36,10,1987,36,1987-08-31,10,50.421170000000004,-7.98616,0.14999999999999986,24.242424242424246,81.9672131147541,272.7272727272723,0.6,2.079545454545449,49.5,52.0,-10.5,-5.5
celtic,1987,38,8,1987,38,1987-09-14,8,50.830625,-6.2010375,0.14488636363636356,52.0833333333333,758.1967213114765,213.06818181818187,0.125,0.09471613912403375,49.5,52.0,-10.5,-5.5
celtic,1987,40,10,1987,40,1987-09-28,10,50.551339999999996,-7.92384,1.0886363636363634,72.42424242424242,344.2622950819672,363.6363636363633,0.5,1.7951631701631714,49.5,52.0,-10.5,-5.5
celtic,1987,44,8,1987,44,1987-10-26,8,50.6645875,-6.32895,0.5454545454545455,59.84848484848486,286.885245901639,127.84090909090912,0.375,0.5198863636363633,49.5,52.0,-10.5,-5.5
celtic,1987,48,14,1987,48,1987-11-23,14,50.322628571428574,-7.621092857142857,0.25811688311688324,5.303030303030307,17.56440281030443,0.0,0.21428571428571427,0.0,49.5,52.0,-10.5,-5.5
celtic,1987,52,8,1987,52,1987-12-21,8,50.2202,-7.1862625,0.014204545454545449,0.0,0.0,0.0,0.0,,49.5,52.0,-10.5,-5.5
celtic,1988,8,11,1988,8,1988-02-22,11,50.313181818181825,-8.016054545454546,0.051652892561983424,0.5509641873278236,0.0,0.0,0.09090909090909091,,49.5,52.0,-10.5,-5.5
celtic,1988,11,7,1988,11,1988-03-14,7,50.06355714285714,-7.267142857142857,0.04545454545454545,2.8138528138528143,0.0,0.0,0.0,,49.5,52.0,-10.5,-5.5
celtic,1988,12,7,1988,12,1988-03-21,7,50.55145714285714,-6.754271428571428,0.03571428571428566,5.627705627705623,35.12880562060886,0.0,0.0,0.0,49.5,52.0,-10.5,-5.5
celtic,1988,15,10,1988,15,1988-04-11,10,50.214999999999996,-7.633329999999999,2.1431818181818185,101.3636363636364,221.3114754098363,34.0909090909091,0.1,0.148538961038961,49.5,52.0,-10.5,-5.5
celtic,1988,16,7,1988,16,1988-04-18,7,50.54357142857143,-6.523571428571429,0.40259740259740245,76.40692640692642,187.3536299765803,97.40259740259742,0.42857142857142855,0.1599650349650355,49.5,52.0,-10.5,-5.5
celtic,1988,19,10,1988,19,1988-05-09,10,50.28667,-7.90051,1.0613636363636365,205.15151515151518,721.3114754098356,318.1818181818182,1.8,2.2181818181818205,49.5,52.0,-10.5,-5.5
celtic,1988,22,6,1988,22,1988-05-30,6,50.61638333333334,-6.660550000000001,0.06060606060606064,87.6262626262626,2336.0655737704897,871.2121212121218,2.0833333333333335,0.5391749011857723,49.5,52.0,-10.5,-5.5
celtic,1988,23,11,1988,23,1988-06-06,11,50.35742727272727,-7.999245454545454,0.14876033057851215,10.330578512396697,1154.9925484351713,392.5619834710738,1.2727272727272727,1.0302870813397125,49.5,52.0,-10.5,-5.5
celtic,1988,24,7,1988,24,1988-06-13,7,50.71405714285714,-6.466185714285714,0.2499999999999998,92.85714285714288,3735.3629976580733,243.50649350649357,0.8571428571428571,0.3515816080471258,49.5,52.0,-10.5,-5.5
celtic,1988,30,7,1988,30,1988-07-25,7,50.77404285714285,-6.548814285714286,0.16233766233766214,17.532467532467525,3477.7517564402806,3279.22077922078,3.642857142857143,1.605392503386718,49.5,52.0,-10.5,-5.5
celtic,1988,31,2,1988,31,1988-08-01,2,50.0792,-9.80335,0.1022727272727271,1.515151515151515,122.950819672131,340.909090909091,0.0,1.3863636363636382,49.5,52.0,-10.5,-5.5
celtic,1988,34,8,1988,34,1988-08-22,8,50.7329125,-6.53375,0.2812499999999999,38.257575757575765,1045.0819672131145,1392.045454545454,1.0,1.411085505403687,49.5,52.0,-10.5,-5.5
celtic,1988,35,10,1988,35,1988-08-29,10,50.560829999999996,-7.9086799999999995,0.3613636363636363,27.121212121212135,147.5409836065572,0.0,0.4,0.0,49.5,52.0,-10.5,-5.5
celtic,1988,38,8,1988,38,1988-09-19,8,50.6991625,-6.6074875,0.11931818181818171,76.51515151515152,122.95081967213112,227.27272727272762,0.875,2.2335858585858643,49.5,52.0,-10.5,-5.5
celtic,1988,42,8,1988,42,1988-10-17,8,50.779375,-6.5629125,0.18181818181818177,40.53030303030315,286.8852459016392,42.613636363636374,0.875,0.34659090909090956,49.5,52.0,-10.5,-5.5
celtic,1988,43,10,1988,43,1988-10-24,10,50.64167,-8.132670000000001,0.36136363636363666,31.212121212121218,131.1475409836062,113.6363636363636,0.5,1.0664335664335685,49.5,52.0,-10.5,-5.5
celtic,1988,46,8,1988,46,1988-11-14,8,50.7775,-6.5531375,0.6903409090909095,27.840909090909086,245.90163934426224,127.84090909090912,0.5,0.3851010101010102,49.5,52.0,-10.5,-5.5
celtic,1988,47,8,1988,47,1988-11-21,8,50.1925,-7.3258375000000004,0.0028409090909090875,3.2196969696969697,522.5409836065577,0.0,0.375,0.0,49.5,52.0,-10.5,-5.5
celtic,1988,51,2,1988,51,1988-12-19,2,49.7475,-8.205,0.2727272727272725,0.0,0.0,0.0,0.0,,49.5,52.0,-10.5,-5.5
celtic,1988,52,11,1988,52,1988-12-26,11,50.829536363636365,-6.5115181818181815,0.33471074380165333,4.95867768595042,0.0,0.0,0.0,,49.5,52.0,-10.5,-5.5
celtic,1989,3,10,1989,3,1989-01-16,10,50.44417,-8.095659999999999,0.025000000000000012,0.303030303030303,0.0,0.0,0.0,,49.5,52.0,-10.5,-5.5
celtic,1989,4,8,1989,4,1989-01-23,8,50.865649999999995,-6.2056125,0.0340909090909091,1.1363636363636362,153.68852459016398,0.0,0.125,0.0,49.5,52.0,-10.5,-5.5
celtic,1989,7,10,1989,7,1989-02-13,10,50.239670000000004,-7.711499999999999,0.05454545454545458,2.878787878787881,0.0,0.0,0.0,,49.5,52.0,-10.5,-5.5
celtic,1989,11,10,1989,11,1989-03-13,10,50.269,-7.9103200000000005,0.15681818181818175,8.181818181818185,24.5901639344262,68.1818181818182,0.2,1.3863636363636382,49.5,52.0,-10.5,-5.5
celtic,1989,12,7,1989,12,1989-03-20,7,50.706914285714284,-6.3669,0.10714285714285729,2.164502164502166,140.51522248243558,0.0,0.7142857142857143,0.0,49.5,52.0,-10.5,-5.5
celtic,1989,15,10,1989,15,1989-04-10,10,50.2245,-8.04533,0.27727272727272745,20.151515151515163,81.9672131147541,0.0,0.4,0.0,49.5,52.0,-10.5,-5.5
celtic,1989,16,8,1989,16,1989-04-17,8,50.8498125,-6.2254,0.01704545454545455,1.893939393939395,153.68852459016387,0.0,0.625,0.0,49.5,52.0,-10.5,-5.5
celtic,1989,19,11,1989,19,1989-05-08,11,50.378336363636365,-8.003327272727272,0.03305785123966936,136.08815426997256,3144.5603576751064,402.8925619834708,4.590909090909091,0.7874086610788728,49.5,52.0,-10.5,-5.5
celtic,1989,20,8,1989,20,1989-05-15,8,50.716675,-6.2875,0.06249999999999986,201.8939393939395,6721.311475409838,440.3409090909088,5.375,0.5432751059985658,49.5,52.0,-10.5,-5.5
celtic,1989,23,10,1989,23,1989-06-05,10,50.4525,-8.149840000000001,0.38181818181818117,91.5151515151515,3393.442622950817,181.8181818181821,0.8,0.0452653940169946,49.5,52.0,-10.5,-5.5
celtic,1989,24,8,1989,24,1989-06-12,8,50.7137375,-6.413975,0.036931818181818135,9.659090909090905,450.8196721311481,312.50000000000034,1.25,0.8375946969696975,49.5,52.0,-10.5,-5.5
celtic,1989,27,10,1989,27,1989-07-03,10,50.37898,-8.05451,0.00227272727272727,11.06060606060606,254.09836065573774,68.1818181818182,1.2,0.3003787878787882,49.5,52.0,-10.5,-5.5
celtic,1989,28,8,1989,28,1989-07-10,8,50.743525,-6.2596,0.2187499999999999,64.96212121212119,2694.6721311475426,3593.7500000000014,2.5625,2.837510258175898,49.5,52.0,-10.5,-5.5
celtic,1989,31,11,1989,31,1989-07-31,11,50.37105454545454,-8.094390909090908,0.20247933884297503,35.95041322314052,22.354694485842,754.1322314049593,0.7272727272727273,8.780303030303044,49.5,52.0,-10.5,-5.5
celtic,1989,33,8,1989,33,1989-08-14,8,50.741875,-6.58,0.0028409090909090875,3.219696969696971,1106.5573770491799,795.4545454545456,0.875,0.6499793099057806,49.5,52.0,-10.5,-5.5
celtic,1989,35,11,1989,35,1989-08-28,11,50.49333636363636,-8.021063636363637,0.2913223140495867,52.75482093663911,335.32041728763085,950.4132231404958,1.1818181818181819,0.25206611570247867,49.5,52.0,-10.5,-5.5
celtic,1989,36,7,1989,36,1989-09-04,7,50.745,-6.416657142857143,0.29220779220779214,50.21645021645021,644.0281030444959,714.2857142857134,1.8571428571428572,0.6531905594405604,49.5,52.0,-10.5,-5.5
celtic,1989,39,10,1989,39,1989-09-25,10,50.404340000000005,-8.0965,1.1568181818181802,28.18181818181821,24.5901639344262,215.90909090909116,1.1,1.3863636363636382,49.5,52.0,-10.5,-5.5
celtic,1989,40,7,1989,40,1989-10-02,7,50.7783,-6.379528571428572,0.21428571428571422,41.77489177489177,0.0,0.0,0.8571428571428571,,49.5,52.0,-10.5,-5.5
celtic,1989,47,9,1989,47,1989-11-20,9,50.302233333333334,-7.424077777777778,0.17171717171717144,2.02020202020202,0.0,0.0,0.0,,49.5,52.0,-10.5,-5.5
celtic,1989,48,8,1989,48,1989-11-27,8,50.6595875,-6.6079125,0.3124999999999998,11.363636363636365,0.0,0.0,1.0,,49.5,52.0,-10.5,-5.5
celtic,1989,51,9,1989,51,1989-12-18,9,50.2463,-7.766855555555556,0.10101010101010094,0.33670033670033667,0.0,0.0,0.0,,49.5,52.0,-10.5,-5.5
celtic,1990,1,7,1990,1,1990-01-01,7,50.612142857142864,-6.637857142857143,0.14285714285714285,3.8961038961039027,0.0,0.0,0.0,,49.5,52.0,-10.5,-5.5
celtic,1990,3,7,1990,3,1990-01-15,7,50.037142857142854,-7.3,0.08441558441558442,1.082251082251083,0.0,0.0,0.0,,49.5,52.0,-10.5,-5.5
celtic,1990,7,6,1990,7,1990-02-12,6,50.06555,-7.026666666666666,0.011363636363636348,0.0,0.0,0.0,0.0,,49.5,52.0,-10.5,-5.5
celtic,1990,9,2,1990,9,1990-02-26,2,49.84085,-6.68,0.02272727272727275,0.0,0.0,0.0,0.0,,49.5,52.0,-10.5,-5.5
celtic,1990,11,11,1990,11,1990-03-12,11,50.32272727272727,-7.902881818181819,0.04752066115702483,0.4132231404958682,163.9344262295079,0.0,0.2727272727272727,0.0,49.5,52.0,-10.5,-5.5
celtic,1990,15,8,1990,15,1990-04-09,8,50.648125,-6.4133375,0.43181818181818193,19.12878787878788,4938.524590163941,127.84090909090912,2.75,0.009386594573548712,49.5,52.0,-10.5,-5.5
celtic,1990,19,7,1990,19,1990-05-07,7,50.07761428571428,-7.047385714285714,0.6525974025974028,36.36363636363634,409.8360655737709,48.70129870129871,1.1428571428571428,0.05472488038277506,49.5,52.0,-10.5,-5.5
celtic,1990,21,6,1990,21,1990-05-21,6,50.60693333333333,-6.3739,0.003787878787878783,11.1111111111111,3019.125683060109,340.9090909090905,1.1666666666666667,0.5801757066462931,49.5,52.0,-10.5,-5.5
celtic,1990,23,11,1990,23,1990-06-04,11,50.226218181818176,-7.967572727272727,0.35743801652892543,57.57575757575758,491.8032786885247,330.57851239669435,1.0,1.7934704184704198,49.5,52.0,-10.5,-5.5
celtic,1990,25,8,1990,25,1990-06-18,8,50.6672875,-6.314375,0.5994318181818177,116.85606060606061,3247.9508196721313,525.5681818181818,2.875,0.11352321021316077,49.5,52.0,-10.5,-5.5
celtic,1990,27,5,1990,27,1990-07-02,5,49.95434,-7.96332,0.3954545454545454,148.18181818181816,1081.9672131147543,318.181818181818,2.0,0.24261363636363545,49.5,52.0,-10.5,-5.5
celtic,1990,31,10,1990,31,1990-07-30,10,50.4625,-8.161010000000001,0.293181818181818,17.575757575757585,573.7704918032789,68.1818181818182,0.1,0.1065767045454544,49.5,52.0,-10.5,-5.5
celtic,1990,35,17,1990,35,1990-08-27,17,50.50245294117647,-6.98764705882353,0.1136363636363635,14.17112299465241,149.46962391513995,60.16042780748665,0.5882352941176471,0.2280203349282295,49.5,52.0,-10.5,-5.5
celtic,1990,39,4,1990,39,1990-09-24,4,50.11375,-6.812075,0.8409090909090897,13.636363636363642,0.0,0.0,0.0,,49.5,52.0,-10.5,-5.5
celtic,1990,43,10,1990,43,1990-10-22,10,50.2625,-8.02467,0.3022727272727271,18.181818181818194,0.0,34.0909090909091,0.9,,49.5,52.0,-10.5,-5.5
celtic,1990,44,8,1990,44,1990-10-29,8,50.63145,-6.4883375,0.8465909090909094,21.022727272727288,122.95081967213112,0.0,0.75,0.0,49.5,52.0,-10.5,-5.5
celtic,1990,46,8,1990,46,1990-11-12,8,50.706875,-6.4527,0.15909090909090898,4.92424242424243,184.42622950819663,0.0,0.375,0.0,49.5,52.0,-10.5,-5.5
celtic,1990,47,10,1990,47,1990-11-19,10,50.346,-8.03134,0.16136363636363635,6.969696969696978,163.9344262295082,0.0,0.2,0.0,49.5,52.0,-10.5,-5.5
celtic,1990,50,8,1990,50,1990-12-10,8,50.643125,-6.5018875,0.09943181818181823,2.840909090909091,0.0,0.0,0.75,,49.5,52.0,-10.5,-5.5
celtic,1990,51,9,1990,51,1990-12-17,9,50.14481111111111,-7.607044444444445,0.21212121212121207,1.3468013468013478,54.644808743169335,0.0,0.2222222222222222,0.0,49.5,52.0,-10.5,-5.5
celtic,1991,3,14,1991,3,1991-01-14,14,50.490121428571435,-6.533571428571428,0.1720779220779221,1.082251082251082,17.56440281030443,0.0,0.07142857142857142,0.0,49.5,52.0,-10.5,-5.5
celtic,1991,7,7,1991,7,1991-02-11,7,50.13,-7.048814285714286,0.10714285714285689,0.43290043290043284,35.12880562060886,0.0,0.2857142857142857,0.0,49.5,52.0,-10.5,-5.5
celtic,1991,9,8,1991,9,1991-02-25,8,50.7181,-6.2818625,0.13352272727272732,2.272727272727274,30.73770491803275,0.0,0.0,0.0,49.5,52.0,-10.5,-5.5
celtic,1991,11,8,1991,11,1991-03-11,8,50.1856375,-7.2127125,0.2727272727272729,2.4621212121212124,0.0,0.0,0.0,,49.5,52.0,-10.5,-5.5
celtic,1991,13,7,1991,13,1991-03-25,7,50.76332857142857,-6.3043,0.3506493506493507,17.099567099567107,0.0,0.0,0.0,,49.5,52.0,-10.5,-5.5
celtic,1991,15,10,1991,15,1991-04-08,10,50.206830000000004,-8.068340000000001,0.3795454545454546,74.39393939393945,24.5901639344262,0.0,0.0,0.0,49.5,52.0,-10.5,-5.5
celtic,1991,17,7,1991,17,1991-04-22,7,50.75214285714286,-6.281428571428571,0.4025974025974026,16.017316017316023,0.0,0.0,0.14285714285714285,,49.5,52.0,-10.5,-5.5
celtic,1991,19,10,1991,19,1991-05-06,10,50.24534,-7.90317,1.6386363636363637,523.6363636363642,188.52459016393473,0.0,0.9,0.0,49.5,52.0,-10.5,-5.5
celtic,1991,21,8,1991,21,1991-05-20,8,50.71625,-6.4456375,0.07386363636363626,42.049242424242486,122.95081967213113,0.0,1.0,0.0,49.5,52.0,-10.5,-5.5
celtic,1991,23,10,1991,23,1991-06-03,10,50.22983,-7.94233,0.18181818181818177,37.424242424242436,2762.2950819672133,79.5454545454545,1.4,0.0318181818181818,49.5,52.0,-10.5,-5.5
celtic,1991,25,8,1991,25,1991-06-17,8,50.6841625,-6.310625,1.1875000000000009,25.757575757575754,409.8360655737707,42.613636363636374,0.375,0.27727272727272767,49.5,52.0,-10.5,-5.5
celtic,1991,27,18,1991,27,1991-07-01,18,50.450183333333335,-7.395377777777778,0.11363636363636356,9.343434343434346,3428.9617486338807,1111.111111111111,1.3888888888888888,1.0204964614504084,49.5,52.0,-10.5,-5.5
celtic,1991,31,18,1991,31,1991-07-29,18,50.40313888888889,-7.283794444444443,0.09595959595959587,4.966329966329969,168.4881602914387,656.565656565657,1.0555555555555556,2.6860795454545503,49.5,52.0,-10.5,-5.5
celtic,1991,35,10,1991,35,1991-08-26,10,50.4205,-7.94768,0.05454545454545458,58.484848484848456,0.0,693.1818181818182,0.7,,49.5,52.0,-10.5,-5.5
celtic,1991,39,8,1991,39,1991-09-23,8,50.676649999999995,-6.7,0.23011363636363602,79.16666666666679,286.8852459016396,1065.3409090909095,1.0,2.756512493354603,49.5,52.0,-10.5,-5.5
celtic,1991,43,12,1991,43,1991-10-21,12,50.300016666666664,-7.840141666666667,0.5606060606060598,35.73232323232323,566.9398907103824,85.22727272727275,0.75,0.4208603896103901,49.5,52.0,-10.5,-5.5
celtic,1991,47,15,1991,47,1991-11-18,15,50.5269,-6.69566,0.20606060606060603,1.9191919191919213,32.786885245901665,0.0,0.13333333333333333,0.0,49.5,52.0,-10.5,-5.5
celtic,1991,52,7,1991,52,1991-12-23,7,50.6062,-6.508571428571429,0.0,0.0,105.3864168618267,0.0,0.0,0.0,49.5,52.0,-10.5,-5.5
celtic,1992,2,7,1992,2,1992-01-06,7,50.70024285714286,-6.4493,0.06168831168831167,0.8658008658008657,35.12880562060886,0.0,0.0,0.0,49.5,52.0,-10.5,-5.5
celtic,1992,6,8,1992,6,1992-02-03,8,50.6777,-6.4883375,0.2045454545454546,3.4090909090909127,0.0,0.0,0.125,,49.5,52.0,-10.5,-5.5
celtic,1992,11,10,1992,11,1992-03-09,10,50.14767,-7.78683,0.17727272727272725,1.515151515151516,24.5901639344262,0.0,0.1,0.0,49.5,52.0,-10.5,-5.5
celtic,1992,18,8,1992,18,1992-04-27,8,50.8258375,-5.9604125,0.6619318181818175,35.79545454545453,1547.1311475409834,0.0,1.9375,0.0,49.5,52.0,-10.5,-5.5
celtic,1992,19,11,1992,19,1992-05-04,11,50.275454545454544,-7.840763636363636,0.22520661157024796,70.93663911845738,5007.451564828613,258.26446280991763,2.772727272727273,0.10167640578599486,49.5,52.0,-10.5,-5.5
celtic,1992,24,1,1992,24,1992-06-08,1,50.86,-5.8683,0.0227272727272727,6.06060606060606,0.0,0.0,1.0,,49.5,52.0,-10.5,-5.5
celtic,1992,31,10,1992,31,1992-07-27,10,50.586,-8.087,0.8409090909090905,12.121212121212121,98.36065573770489,147.7272727272731,0.3,0.3465909090909093,49.5,52.0,-10.5,-5.5
celtic,1992,35,8,1992,35,1992-08-24,8,50.7602125,-5.8495875,0.1363636363636362,19.128787878787886,1321.7213114754104,866.4772727272727,1.5,3.021245791245797,49.5,52.0,-10.5,-5.5
celtic,1992,37,8,1992,37,1992-09-07,8,50.6247875,-6.4954125000000005,0.5340909090909086,42.04545454545453,61.4754098360655,0.0,0.5,0.0,49.5,52.0,-10.5,-5.5
celtic,1992,39,4,1992,39,1992-09-21,4,49.864575,-7.949999999999999,0.5852272727272729,42.42424242424242,122.95081967213125,0.0,0.5,0.0,49.5,52.0,-10.5,-5.5
celtic,1992,41,8,1992,41,1992-10-05,8,50.74125,-6.4293875,0.28977272727272724,18.75,92.21311475409837,0.0,0.5,0.0,49.5,52.0,-10.5,-5.5
celtic,1992,43,11,1992,43,1992-10-19,11,50.281363636363636,-8.116209090909091,0.3533057851239669,7.713498622589538,89.418777943368,30.99173553719009,1.0909090909090908,0.34659090909090956,49.5,52.0,-10.5,-5.5
celtic,1992,47,10,1992,47,1992-11-16,10,50.509660000000004,-7.93202,0.511363636363636,47.12121212121216,24.5901639344262,0.0,0.0,0.0,49.5,52.0,-10.5,-5.5
celtic,1992,49,8,1992,49,1992-11-30,8,50.867712499999996,-6.4923,0.1676136363636363,1.8939393939393936,0.0,0.0,0.125,,49.5,52.0,-10.5,-5.5
celtic,1992,51,11,1992,51,1992-12-14,11,50.27213636363637,-8.116827272727273,0.014462809917355336,0.0,0.0,0.0,0.0,,49.5,52.0,-10.5,-5.5
celtic,1993,1,6,1993,1,1993-01-04,6,51.017783333333334,-6.646933333333333,0.12878787878787887,3.5353535353535435,0.0,0.0,0.0,,49.5,52.0,-10.5,-5.5
celtic,1993,2,11,1993,2,1993-01-11,11,50.261663636363636,-8.062272727272727,0.0909090909090909,1.6528925619834716,0.0,0.0,0.0,,49.5,52.0,-10.5,-5.5
celtic,1993,6,19,1993,6,1993-02-08,19,50.45429473684211,-7.210515789473684,0.22368421052631585,1.9138755980861264,64.71095772217426,0.0,0.15789473684210525,0.0,49.5,52.0,-10.5,-5.5
celtic,1993,10,7,1993,10,1993-03-08,7,50.69761428571429,-5.8633428571428565,0.055194805194805255,3.0303030303030303,327.86885245901647,0.0,0.8571428571428571,0.0,49.5,52.0,-10.5,-5.5
celtic,1993,13,6,1993,13,1993-03-29,6,50.32833333333334,-6.508616666666666,0.46969696969696934,103.030303030303,628.4153005464476,0.0,1.5,0.0,49.5,52.0,-10.5,-5.5
celtic,1993,14,5,1993,14,1993-04-05,5,50.46968,-6.10966,0.5227272727272718,31.212121212121218,1065.5737704918042,68.1818181818182,1.2,0.34659090909090956,49.5,52.0,-10.5,-5.5
celtic,1993,18,4,1993,18,1993-05-03,4,49.640025,-6.2658249999999995,0.03977272727272725,23.106060606060595,10430.327868852444,0.0,1.75,0.0,49.5,52.0,-10.5,-5.5
celtic,1993,22,4,1993,22,1993-05-31,4,49.634575,-6.2779,0.21022727272727268,33.7121212121212,2356.5573770491806,170.4545454545455,1.25,0.3669786096256689,49.5,52.0,-10.5,-5.5
celtic,1993,25,8,1993,25,1993-06-21,8,50.716875,-6.4431,0.05681818181818184,21.780303030303024,276.63934426229514,227.27272727272725,0.5,0.3911525974025972,49.5,52.0,-10.5,-5.5
celtic,1993,26,3,1993,26,1993-06-28,3,49.62833333333333,-6.1017,0.795454545454545,20.20202020202021,355.19125683060105,3030.3030303030305,1.6666666666666667,9.770562770562778,49.5,52.0,-10.5,-5.5
celtic,1993,29,6,1993,29,1993-07-19,6,50.57886666666667,-6.385833333333333,0.21212121212121202,23.989898989898986,3702.185792349724,1193.1818181818187,1.6666666666666667,0.391790034584152,49.5,52.0,-10.5,-5.5
celtic,1993,30,3,1993,30,1993-07-26,3,49.615033333333336,-6.311666666666667,0.06818181818181807,45.45454545454547,409.8360655737706,5189.393939393941,1.6666666666666667,12.32323232323232,49.5,52.0,-10.5,-5.5
celtic,1993,34,3,1993,34,1993-08-23,3,49.6372,-6.213333333333334,0.06818181818181816,26.767676767676765,327.86885245901664,1325.7575757575771,1.6666666666666667,4.043560606060606,49.5,52.0,-10.5,-5.5
celtic,1993,37,8,1993,37,1993-09-13,8,50.729575,-6.461675,0.8181818181818175,92.99242424242439,174.1803278688525,85.22727272727275,1.125,0.4893048128342246,49.5,52.0,-10.5,-5.5
celtic,1993,38,3,1993,38,1993-09-20,3,49.64276666666667,-6.166133333333334,0.08333333333333323,42.4242424242424,1038.251366120218,833.3333333333336,1.0,1.12962962962963,49.5,52.0,-10.5,-5.5
celtic,1993,40,8,1993,40,1993-10-04,8,50.8850125,-6.1922875,0.20454545454545453,19.6969696969697,522.5409836065569,42.613636363636374,0.875,0.1980519480519483,49.5,52.0,-10.5,-5.5
celtic,1993,42,3,1993,42,1993-10-18,3,49.637233333333334,-6.1816666666666675,0.18939393939393914,77.77777777777783,81.967213114754,0.0,1.0,0.0,49.5,52.0,-10.5,-5.5
celtic,1993,48,11,1993,48,1993-11-29,11,50.37408181818182,-6.510754545454546,0.5495867768595044,7.162534435261708,67.06408345752601,0.0,0.45454545454545453,0.0,49.5,52.0,-10.5,-5.5
celtic,1993,51,4,1993,51,1993-12-20,4,50.015825,-6.9216750000000005,0.5170454545454543,14.015151515151501,122.95081967213125,0.0,0.75,0.0,49.5,52.0,-10.5,-5.5
celtic,1993,52,4,1993,52,1993-12-27,4,51.302075,-6.366275,0.5397727272727273,4.166666666666667,0.0,0.0,0.0,,49.5,52.0,-10.5,-5.5
celtic,1994,3,2,1994,3,1994-01-17,2,49.660849999999996,-7.04165,0.056818181818182,0.0,0.0,0.0,0.5,,49.5,52.0,-10.5,-5.5
celtic,1994,4,9,1994,4,1994-01-24,9,50.504266666666666,-6.4224,0.09343434343434334,1.6835016835016832,0.0,0.0,0.2222222222222222,,49.5,52.0,-10.5,-5.5
celtic,1994,8,8,1994,8,1994-02-21,8,50.7272875,-6.628125,0.0340909090909091,1.1363636363636362,92.21311475409837,0.0,0.0,0.0,49.5,52.0,-10.5,-5.5
celtic,1994,11,8,1994,11,1994-03-14,8,50.6610375,-6.6550125,0.05965909090909083,2.84090909090909,348.36065573770486,0.0,0.125,0.0,49.5,52.0,-10.5,-5.5
celtic,1994,13,12,1994,13,1994-03-28,12,50.42389166666666,-8.1868,0.11553030303030294,11.363636363636367,990.4371584699452,28.409090909090917,1.375,0.006498579545454545,49.5,52.0,-10.5,-5.5
celtic,1994,15,8,1994,15,1994-04-11,8,50.6558375,-6.65355,0.3238636363636364,10.606060606060602,1434.4262295081978,0.0,1.125,0.0,49.5,52.0,-10.5,-5.5
celtic,1994,16,1,1994,16,1994-04-18,1,49.5883,-5.7483,0.522727272727273,53.030303030303,491.803278688525,0.0,1.0,0.0,49.5,52.0,-10.5,-5.5
celtic,1994,19,8,1994,19,1994-05-09,8,50.8371,-6.59625,1.0454545454545445,122.53787878787875,2469.2622950819677,625.0000000000005,2.4375,0.09541610409181928,49.5,52.0,-10.5,-5.5
celtic,1994,23,8,1994,23,1994-06-06,8,50.79415,-6.2487625,0.1363636363636362,68.3712121212122,215.1639344262295,1093.7499999999995,1.5,1.3285984848484835,49.5,52.0,-10.5,-5.5
celtic,1994,26,4,1994,26,1994-06-27,4,51.320825,-9.54125,0.1874999999999998,4.545454545454548,122.950819672131,170.4545454545455,1.0,1.3863636363636382,49.5,52.0,-10.5,-5.5
celtic,1994,27,8,1994,27,1994-07-04,8,50.761250000000004,-6.573325,0.6761363636363628,50.37878787878789,2049.1803278688512,1718.7500000000005,0.875,1.3469543225481857,49.5,52.0,-10.5,-5.5
celtic,1994,28,3,1994,28,1994-07-11,3,49.6167,-6.403333333333333,0.27272727272727254,32.323232323232325,819.67213114754,3030.30303030303,1.0,3.033062525709591,49.5,52.0,-10.5,-5.5
celtic,1994,31,8,1994,31,1994-08-01,8,50.686875,-6.7147875,0.3551136363636362,28.787878787878782,30.73770491803275,127.84090909090912,0.75,0.0,49.5,52.0,-10.5,-5.5
celtic,1994,32,3,1994,32,1994-08-08,3,49.622233333333334,-6.361666666666667,0.09090909090909066,69.19191919191927,163.93442622950832,340.909090909091,1.6666666666666667,1.3863636363636356,49.5,52.0,-10.5,-5.5
celtic,1994,35,8,1994,35,1994-08-29,8,50.623125,-6.684575000000001,0.34943181818181784,62.31060606060614,225.4098360655734,255.68181818181787,1.0,0.550990675990676,49.5,52.0,-10.5,-5.5
celtic,1994,36,3,1994,36,1994-09-05,3,49.61386666666667,-6.4389,0.0606060606060605,5.050505050505049,601.0928961748633,227.27272727272734,1.3333333333333333,0.0,49.5,52.0,-10.5,-5.5
celtic,1994,40,3,1994,40,1994-10-03,3,49.619466666666675,-6.207233333333334,0.39393939393939403,166.66666666666663,2103.825136612024,0.0,1.3333333333333333,0.0,49.5,52.0,-10.5,-5.5
celtic,1994,43,7,1994,43,1994-10-24,7,50.73428571428571,-6.7,0.8571428571428567,94.15584415584416,0.0,0.0,1.0,,49.5,52.0,-10.5,-5.5
celtic,1994,46,8,1994,46,1994-11-14,8,50.824575,-6.6020875,0.9545454545454531,41.47727272727276,71.72131147540988,0.0,0.0,0.0,49.5,52.0,-10.5,-5.5
celtic,1994,47,7,1994,47,1994-11-21,7,50.85402857142857,-9.414042857142858,0.6006493506493505,30.086580086580103,140.51522248243572,97.40259740259742,0.0,0.0,49.5,52.0,-10.5,-5.5
celtic,1994,48,6,1994,48,1994-11-28,6,50.56168333333333,-6.530266666666667,0.5568181818181815,26.262626262626267,81.96721311475416,56.818181818181834,0.3333333333333333,0.6931818181818178,49.5,52.0,-10.5,-5.5
celtic,1994,50,8,1994,50,1994-12-12,8,50.7091625,-6.3031125,0.4261363636363631,9.659090909090903,0.0,0.0,0.0,,49.5,52.0,-10.5,-5.5
celtic,1994,52,12,1994,52,1994-12-26,12,50.24861666666666,-8.382233333333334,0.373106060606061,2.6515151515151536,20.4918032786885,0.0,0.16666666666666666,0.0,49.5,52.0,-10.5,-5.5
celtic,1995,2,3,1995,2,1995-01-09,3,49.89333333333334,-5.846133333333333,0.4015151515151513,10.606060606060597,163.93442622950832,0.0,0.0,0.0,49.5,52.0,-10.5,-5.5
celtic,1995,5,12,1995,5,1995-01-30,12,50.7511,-8.468883333333332,0.7026515151515151,5.555555555555561,0.0,0.0,0.0,,49.5,52.0,-10.5,-5.5
celtic,1995,6,8,1995,6,1995-02-06,8,50.7817,-6.6127,0.07386363636363641,2.4621212121212124,0.0,0.0,0.0,,49.5,52.0,-10.5,-5.5
celtic,1995,10,19,1995,10,1995-03-06,19,50.78631578947369,-7.487984210526316,0.19976076555023928,6.618819776714517,77.65314926660915,0.0,0.3684210526315789,0.0,49.5,52.0,-10.5,-5.5
celtic,1995,14,8,1995,14,1995-04-03,8,50.6808375,-6.3149999999999995,1.065340909090909,135.22727272727283,194.67213114754088,0.0,1.125,0.0,49.5,52.0,-10.5,-5.5
celtic,1995,15,11,1995,15,1995-04-10,11,50.833181818181814,-8.388945454545455,0.7314049586776856,41.18457300275478,2585.69299552906,785.1239669421483,2.772727272727273,0.4378300662370207,49.5,52.0,-10.5,-5.5
celtic,1995,18,8,1995,18,1995-05-01,8,50.6548,-6.658125,2.4460227272727284,231.81818181818176,92.21311475409837,99.43181818181813,1.0625,0.8087121212121201,49.5,52.0,-10.5,-5.5
celtic,1995,20,12,1995,20,1995-05-15,12,50.652224999999994,-8.493616666666666,2.2765151515151505,162.8787878787879,218.57923497267768,0.0,2.0,0.0,49.5,52.0,-10.5,-5.5
celtic,1995,23,7,1995,23,1995-06-05,7,50.73642857142857,-6.616414285714286,2.256493506493506,167.965367965368,35.12880562060886,48.70129870129871,0.0,1.3863636363636382,49.5,52.0,-10.5,-5.5
celtic,1995,25,11,1995,25,1995-06-19,11,50.785154545454546,-8.37240909090909,2.192148760330578,42.69972451790633,163.93442622950855,588.8429752066112,1.0,0.173295454545454,49.5,52.0,-10.5,-5.5
celtic,1995,26,8,1995,26,1995-06-26,8,50.8441625,-6.574575,0.35795454545454536,42.04545454545453,604.5081967213118,681.8181818181824,1.0,1.3693877551020421,49.5,52.0,-10.5,-5.5
celtic,1995,30,20,1995,30,1995-07-24,20,50.42575,-7.706835,0.6545454545454541,31.136363636363626,1090.1639344262294,732.9545454545454,0.65,1.7004769701424927,49.5,52.0,-10.5,-5.5
celtic,1995,31,9,1995,31,1995-07-31,9,51.36555555555556,-8.0839,0.6262626262626257,38.38383838383839,1411.6575591985431,871.2121212121217,2.7777777777777777,1.9295811129211633,49.5,52.0,-10.5,-5.5
celtic,1995,34,7,1995,34,1995-08-21,7,50.7412,-6.308342857142857,0.15909090909090887,23.376623376623392,152.22482435597186,649.3506493506486,2.357142857142857,2.772727272727269,49.5,52.0,-10.5,-5.5
celtic,1995,36,12,1995,36,1995-09-04,12,50.25040833333333,-8.292924999999999,0.13825757575757566,13.005050505050507,20.4918032786885,56.818181818181834,0.25,1.3863636363636382,49.5,52.0,-10.5,-5.5
celtic,1995,38,7,1995,38,1995-09-18,7,50.78404285714286,-6.645242857142857,0.6103896103896096,25.757575757575758,304.4496487119438,162.3376623376623,3.5,0.42134581105169316,49.5,52.0,-10.5,-5.5
celtic,1995,40,12,1995,40,1995-10-02,12,50.592908333333334,-8.4414,0.2462121212121212,19.696969696969692,0.0,142.04545454545433,1.1666666666666667,,49.5,52.0,-10.5,-5.5
celtic,1995,42,8,1995,42,1995-10-16,8,50.65105,-6.3545750000000005,1.173295454545454,57.57575757575751,61.4754098360655,184.65909090909136,0.625,0.6931818181818191,49.5,52.0,-10.5,-5.5
celtic,1995,45,5,1995,45,1995-11-06,5,49.936,-9.906659999999999,0.1590909090909092,40.9090909090909,49.1803278688524,68.1818181818182,0.0,0.0,49.5,52.0,-10.5,-5.5
celtic,1995,46,15,1995,46,1995-11-13,15,50.647666666666666,-6.78644,0.5666666666666668,15.454545454545455,65.57377049180326,22.727272727272734,0.06666666666666667,0.0,49.5,52.0,-10.5,-5.5
celtic,1995,50,8,1995,50,1995-12-11,8,50.7643875,-6.26605,1.1249999999999996,15.340909090909104,30.73770491803275,0.0,0.25,0.0,49.5,52.0,-10.5,-5.5
celtic,1996,3,12,1996,3,1996-01-15,12,50.34694166666667,-8.347908333333333,0.134469696969697,0.3787878787878792,0.0,0.0,0.25,,49.5,52.0,-10.5,-5.5
celtic,1996,8,11,1996,8,1996-02-19,11,50.954390909090904,-8.411200000000001,0.004132231404958681,0.0,0.0,0.0,0.0,,49.5,52.0,-10.5,-5.5
celtic,1996,18,9,1996,18,1996-04-29,9,50.71851111111111,-9.179811111111112,2.838383838383836,385.1851851851851,27.322404371584668,0.0,1.0,0.0,49.5,52.0,-10.5,-5.5
celtic,1996,19,3,1996,19,1996-05-06,3,51.05723333333333,-6.3627666666666665,2.4393939393939363,179.79797979797976,81.967213114754,0.0,1.0,0.0,49.5,52.0,-10.5,-5.5
celtic,1996,20,8,1996,20,1996-05-13,8,50.7875,-6.2629125000000005,0.44886363636363624,86.55303030303038,2694.6721311475435,0.0,3.6875,0.0,49.5,52.0,-10.5,-5.5
celtic,1996,23,9,1996,23,1996-06-03,9,51.013511111111114,-7.975933333333334,1.31060606060606,44.78114478114477,118.39708561020035,0.0,0.1111111111111111,0.0,49.5,52.0,-10.5,-5.5
celtic,1996,24,1,1996,24,1996-06-10,1,49.5733,-6.13,0.931818181818182,24.2424242424242,737.704918032787,340.909090909091,6.5,0.4621212121212122,49.5,52.0,-10.5,-5.5
celtic,1996,28,9,1996,28,1996-07-08,9,51.01277777777778,-7.985388888888888,0.42171717171717116,33.501683501683495,2213.1147540983607,820.7070707070712,1.4444444444444444,0.5227510120094879,49.5,52.0,-10.5,-5.5
celtic,1996,32,8,1996,32,1996-08-05,8,50.8304125,-6.24,0.46875000000000033,15.909090909090908,1075.8196721311479,1363.6363636363635,4.125,1.4446677730653399,49.5,52.0,-10.5,-5.5
celtic,1996,33,9,1996,33,1996-08-12,9,51.013333333333335,-7.9787,0.6540404040404029,25.420875420875422,27.322404371584668,757.5757575757572,0.1111111111111111,10.166666666666679,49.5,52.0,-10.5,-5.5
celtic,1996,36,8,1996,36,1996-09-02,8,50.6952125,-6.7589625,0.10795454545454526,13.636363636363646,61.4754098360655,1093.7500000000011,0.875,2.3106060606060703,49.5,52.0,-10.5,-5.5
celtic,1996,38,10,1996,38,1996-09-16,10,50.52034,-8.006,0.28636363636363577,37.4242424242425,49.1803278688524,34.0909090909091,0.7,0.6931818181818191,49.5,52.0,-10.5,-5.5
celtic,1996,40,2,1996,40,1996-09-30,2,49.7875,-6.8975,0.2727272727272725,161.36363636363598,0.0,0.0,1.0,,49.5,52.0,-10.5,-5.5
celtic,1996,43,8,1996,43,1996-10-21,8,50.719175,-6.654375,0.3835227272727276,54.16666666666673,0.0,42.613636363636374,0.5,,49.5,52.0,-10.5,-5.5
celtic,1996,47,8,1996,47,1996-11-18,8,50.847474999999996,-6.229175,0.1193181818181817,5.681818181818186,61.4754098360655,0.0,0.5,0.0,49.5,52.0,-10.5,-5.5
celtic,1996,48,10,1996,48,1996-11-25,10,50.48614,-8.02234,0.26136363636363635,2.5757575757575752,0.0,0.0,0.9,,49.5,52.0,-10.5,-5.5
celtic,1996,51,8,1996,51,1996-12-16,8,50.805,-6.24835,0.4659090909090911,5.681818181818186,61.47540983606562,0.0,0.375,0.0,49.5,52.0,-10.5,-5.5
celtic,1997,3,3,1997,3,1997-01-13,3,50.725,-8.772233333333332,0.3409090909090909,21.212121212121232,0.0,0.0,0.3333333333333333,,49.5,52.0,-10.5,-5.5
celtic,1997,6,9,1997,6,1997-02-03,9,50.22943333333333,-7.608700000000001,0.32070707070707066,3.1986531986531976,81.9672131147541,0.0,0.4444444444444444,0.0,49.5,52.0,-10.5,-5.5
celtic,1997,11,11,1997,11,1997-03-10,11,50.537881818181816,-8.026363636363637,0.20041322314049578,4.8209366391184565,0.0,0.0,0.5454545454545454,,49.5,52.0,-10.5,-5.5
celtic,1997,12,2,1997,12,1997-03-17,2,51.265,-10.0458,0.01136363636363635,3.03030303030303,8647.540983606541,170.4545454545455,4.25,0.013503541912632859,49.5,52.0,-10.5,-5.5
celtic,1997,13,7,1997,13,1997-03-24,7,50.699285714285715,-6.429042857142858,0.06168831168831152,21.64502164502165,714.2857142857144,0.0,3.0,0.0,49.5,52.0,-10.5,-5.5
celtic,1997,14,10,1997,14,1997-03-31,10,50.44633,-8.10349,1.036363636363636,142.72727272727272,6729.508196721316,409.0909090909089,3.5,0.09175464136571602,49.5,52.0,-10.5,-5.5
celtic,1997,16,5,1997,16,1997-04-14,5,50.55668,-8.01666,0.9409090909090905,85.1575757575757,2114.7540983606555,68.1818181818182,2.5,0.27727272727272767,49.5,52.0,-10.5,-5.5
celtic,1997,17,18,1997,17,1997-04-21,18,50.89147777777778,-6.026022222222222,0.12499999999999985,64.3097643097643,3989.071038251366,195.70707070707087,3.5277777777777777,0.153934392587867,49.5,52.0,-10.5,-5.5
celtic,1997,18,7,1997,18,1997-04-28,7,50.13071428571429,-7.193814285714287,0.6103896103896097,174.24242424242425,550.3512880562063,308.4415584415587,0.7142857142857143,0.18033998521803407,49.5,52.0,-10.5,-5.5
celtic,1997,20,7,1997,20,1997-05-12,7,50.75,-6.3100000000000005,0.9935064935064941,96.32034632034629,1007.0257611241233,373.37662337662357,1.7142857142857142,0.24328015734265687,49.5,52.0,-10.5,-5.5
celtic,1997,22,9,1997,22,1997-05-26,9,50.237411111111115,-7.5768555555555555,0.41161616161616094,14.478114478114483,1147.540983606557,555.5555555555552,1.0,0.2074544142725959,49.5,52.0,-10.5,-5.5
celtic,1997,23,8,1997,23,1997-06-02,8,50.814375,-6.3941625,0.13636363636363621,7.954545454545457,1526.6393442622948,383.5227272727276,2.75,0.5829297636452245,49.5,52.0,-10.5,-5.5
celtic,1997,26,9,1997,26,1997-06-23,9,50.248511111111114,-7.589077777777778,0.28282828282828265,27.10437710437712,1238.6156648451736,1439.393939393938,1.0,3.8346474953617777,49.5,52.0,-10.5,-5.5
celtic,1997,27,9,1997,27,1997-06-30,9,50.857033333333334,-7.235733333333333,0.2904040404040397,15.48821548821549,3023.6794171220395,1250.0000000000005,3.7777777777777777,1.2487196512498797,49.5,52.0,-10.5,-5.5
celtic,1997,30,14,1997,30,1997-07-21,14,50.65880714285714,-7.537735714285715,0.5340909090909085,20.021645021645035,433.25526932084364,462.66233766233825,0.9285714285714286,1.2726983829662406,49.5,52.0,-10.5,-5.5
celtic,1997,31,5,1997,31,1997-07-28,5,51.38268000000001,-7.809340000000001,0.00909090909090908,12.424242424242433,1114.7540983606564,590.9090909090912,1.7,0.8151959647495363,49.5,52.0,-10.5,-5.5
celtic,1997,35,6,1997,35,1997-08-25,6,49.681099999999994,-7.16945,0.8484848484848485,43.43434343434344,0.0,227.27272727272734,0.16666666666666666,,49.5,52.0,-10.5,-5.5
celtic,1997,36,2,1997,36,1997-09-01,2,49.870850000000004,-6.69665,1.056818181818183,37.121212121212096,0.0,0.0,1.0,,49.5,52.0,-10.5,-5.5
celtic,1997,37,5,1997,37,1997-09-08,5,50.99368,-6.20068,0.6954545454545452,22.72727272727273,196.72131147540978,136.3636363636364,0.2,0.0,49.5,52.0,-10.5,-5.5
celtic,1997,40,5,1997,40,1997-09-29,5,50.31132,-6.56332,0.8318181818181818,33.63636363636362,49.1803278688524,0.0,0.6,0.0,49.5,52.0,-10.5,-5.5
celtic,1997,41,3,1997,41,1997-10-06,3,51.61723333333333,-6.140566666666667,0.7045454545454529,14.646464646464635,81.967213114754,0.0,1.3333333333333333,0.0,49.5,52.0,-10.5,-5.5
celtic,1997,43,9,1997,43,1997-10-20,9,50.259055555555555,-7.592222222222222,0.09848484848484847,18.181818181818215,163.934426229508,909.0909090909091,1.1111111111111112,5.545454545454551,49.5,52.0,-10.5,-5.5
celtic,1997,44,3,1997,44,1997-10-27,3,49.960566666666665,-6.6927666666666665,0.8030303030303019,37.37373737373736,81.967213114754,0.0,0.6666666666666666,0.0,49.5,52.0,-10.5,-5.5
celtic,1997,45,5,1997,45,1997-11-03,5,51.23634,-6.08466,0.10454545454545454,9.696969696969706,147.5409836065574,68.1818181818182,0.2,0.6931818181818191,49.5,52.0,-10.5,-5.5
celtic,1997,49,1,1997,49,1997-12-01,1,51.335,-10.0667,0.136363636363636,6.06060606060606,0.0,0.0,0.0,,49.5,52.0,-10.5,-5.5
celtic,1997,50,6,1997,50,1997-12-08,6,50.333333333333336,-6.524450000000001,0.1477272727272727,1.2626262626262632,81.96721311475416,0.0,0.16666666666666666,0.0,49.5,52.0,-10.5,-5.5
celtic,1997,51,6,1997,51,1997-12-15,6,50.11666666666667,-6.537766666666666,0.18181818181818196,3.0303030303030316,40.983606557377,0.0,0.16666666666666666,0.0,49.5,52.0,-10.5,-5.5
celtic,1998,3,9,1998,3,1998-01-12,9,50.242222222222225,-7.534622222222222,0.0,0.0,0.0,0.0,0.1111111111111111,,49.5,52.0,-10.5,-5.5
celtic,1998,6,7,1998,6,1998-02-02,7,50.7281,-6.537628571428572,0.029220779220779227,0.0,0.0,0.0,0.2857142857142857,,49.5,52.0,-10.5,-5.5
celtic,1998,7,10,1998,7,1998-02-09,10,50.359159999999996,-7.92533,0.41818181818181815,0.909090909090909,98.3606557377049,0.0,0.2,0.0,49.5,52.0,-10.5,-5.5
celtic,1998,10,8,1998,10,1998-03-02,8,50.67875,-6.4685375,0.0,1.1363636363636362,153.68852459016398,0.0,0.25,0.0,49.5,52.0,-10.5,-5.5
celtic,1998,14,11,1998,14,1998-03-30,11,50.549854545454544,-7.0904454545454545,0.21074380165289244,5.371900826446278,253.35320417287627,0.0,0.36363636363636365,0.0,49.5,52.0,-10.5,-5.5
celtic,1998,15,6,1998,15,1998-04-06,6,50.44166666666666,-6.857783333333334,0.43181818181818205,38.13131313131321,0.0,0.0,0.16666666666666666,,49.5,52.0,-10.5,-5.5
celtic,1998,18,9,1998,18,1998-04-27,9,51.04,-7.966655555555556,0.19191919191919182,41.919191919191945,1211.2932604735886,113.63636363636367,1.6666666666666667,0.07002065440280546,49.5,52.0,-10.5,-5.5
celtic,1998,22,16,1998,22,1998-05-25,16,50.774375,-7.27968125,0.1761363636363635,60.511363636363626,2044.057377049181,340.909090909091,2.78125,0.3254936994809359,49.5,52.0,-10.5,-5.5
celtic,1998,26,4,1998,26,1998-06-22,4,51.387075,-5.97,0.068181818181818,37.50000000000004,1209.0163934426234,568.1818181818174,0.75,0.2254249815225421,49.5,52.0,-10.5,-5.5
celtic,1998,30,8,1998,30,1998-07-20,8,50.723125,-6.9325125,0.062499999999999875,6.249999999999993,1086.0655737704913,468.7499999999998,0.25,0.5759058649683648,49.5,52.0,-10.5,-5.5
celtic,1998,31,9,1998,31,1998-07-27,9,50.79296666666667,-7.9102,0.2954545454545454,20.2020202020202,1502.7322404371585,2840.909090909089,1.1111111111111112,3.2207009559950746,49.5,52.0,-10.5,-5.5
celtic,1998,34,9,1998,34,1998-08-17,9,51.005744444444446,-8.0163,0.19949494949494953,12.461279461279458,1366.1202185792356,1098.4848484848492,1.2777777777777777,1.2346365313978958,49.5,52.0,-10.5,-5.5
celtic,1998,36,1,1998,36,1998-08-31,1,51.98,-5.8167,0.0454545454545455,6.06060606060606,0.0,0.0,0.0,,49.5,52.0,-10.5,-5.5
celtic,1998,37,7,1998,37,1998-09-07,7,50.66452857142857,-6.005471428571428,0.03571428571428566,21.861471861471866,70.25761124121772,146.10389610389615,1.2857142857142858,0.6931818181818191,49.5,52.0,-10.5,-5.5
celtic,1998,38,11,1998,38,1998-09-14,11,50.466699999999996,-8.041372727272728,0.3801652892561986,49.03581267217633,111.77347242921009,650.8264462809913,0.5454545454545454,3.696969696969696,49.5,52.0,-10.5,-5.5
celtic,1998,41,2,1998,41,1998-10-05,2,51.338350000000005,-10.17165,0.3181818181818185,4.545454545454545,1188.524590163936,170.4545454545455,1.5,0.6931818181818191,49.5,52.0,-10.5,-5.5
celtic,1998,42,8,1998,42,1998-10-12,8,50.6591625,-6.4877,0.1761363636363635,9.090909090909088,122.95081967213113,85.22727272727275,0.75,0.9242424242424255,49.5,52.0,-10.5,-5.5
celtic,1998,46,7,1998,46,1998-11-09,7,50.72118571428571,-5.994757142857144,0.12662337662337655,1.5151515151515156,35.12880562060886,0.0,0.0,0.0,49.5,52.0,-10.5,-5.5
celtic,1998,50,8,1998,50,1998-12-07,8,50.8627125,-6.3849875,0.08806818181818167,0.37878787878787873,0.0,0.0,0.0,,49.5,52.0,-10.5,-5.5
celtic,1999,3,18,1999,3,1999-01-18,18,50.52518333333333,-7.286844444444444,0.049242424242424254,0.6734006734006733,0.0,0.0,0.16666666666666666,,49.5,52.0,-10.5,-5.5
celtic,1999,4,7,1999,4,1999-01-25,7,50.753571428571426,-5.7538,0.012987012987012972,0.8658008658008657,257.6112412177993,0.0,1.0,0.0,49.5,52.0,-10.5,-5.5
celtic,1999,6,8,1999,6,1999-02-08,8,50.7425,-6.4393625,0.048295454545454516,3.409090909090906,92.21311475409837,0.0,1.0,0.0,49.5,52.0,-10.5,-5.5
celtic,1999,7,9,1999,7,1999-02-15,9,50.23223333333333,-7.594444444444444,0.0075757575757575656,2.02020202020202,446.2659380692168,0.0,0.4444444444444444,0.0,49.5,52.0,-10.5,-5.5
celtic,1999,10,8,1999,10,1999-03-08,8,50.820425,-6.40355,0.022727272727272728,0.7575757575757575,194.6721311475415,0.0,1.0,0.0,49.5,52.0,-10.5,-5.5
celtic,1999,11,8,1999,11,1999-03-15,8,50.1779,-7.415425,0.9318181818181815,39.3939393939394,1526.6393442622962,42.613636363636374,1.0,0.0,49.5,52.0,-10.5,-5.5
celtic,1999,15,10,1999,15,1999-04-12,10,50.78968,-8.060179999999999,0.16363636363636364,35.15454545454543,10950.81967213115,102.2727272727273,5.6,0.01516912878787879,49.5,52.0,-10.5,-5.5
celtic,1999,16,8,1999,16,1999-04-19,8,50.7977125,-5.976875,0.8068181818181799,30.49242424242426,1557.3770491803275,0.0,1.25,0.0,49.5,52.0,-10.5,-5.5
celtic,1999,19,5,1999,19,1999-05-10,5,49.95,-6.702,7.263636363636368,127.87878787878799,196.7213114754096,0.0,0.2,0.0,49.5,52.0,-10.5,-5.5
celtic,1999,20,9,1999,20,1999-05-17,9,50.84963333333334,-7.276488888888888,0.3181818181818187,25.084175084175044,5692.167577413482,113.63636363636367,4.277777777777778,0.03983040758013652,49.5,52.0,-10.5,-5.5
celtic,1999,23,10,1999,23,1999-06-07,10,50.692840000000004,-8.06499,0.3613636363636361,14.696969696969697,975.4098360655738,602.2727272727275,1.2,0.4082905291303124,49.5,52.0,-10.5,-5.5
celtic,1999,24,10,1999,24,1999-06-14,10,50.78499,-7.232169999999999,0.05909090909090894,6.666666666666677,1622.950819672132,465.9090909090911,0.8,0.5263047138047141,49.5,52.0,-10.5,-5.5
celtic,1999,27,10,1999,27,1999-07-05,10,50.2615,-7.63349,0.7318181818181807,38.333333333333314,6409.836065573772,965.9090909090912,1.8,0.26905226594078285,49.5,52.0,-10.5,-5.5
celtic,1999,28,9,1999,28,1999-07-12,9,50.878511111111116,-7.204244444444445,0.24747474747474796,9.090909090909097,737.7049180327867,972.2222222222218,1.7222222222222223,1.2449208686050774,49.5,52.0,-10.5,-5.5
celtic,1999,31,9,1999,31,1999-08-02,9,51.12628888888889,-8.120744444444446,2.5328282828282824,58.27272727272729,819.6721311475416,189.39393939393943,1.0,0.40435606060606044,49.5,52.0,-10.5,-5.5
celtic,1999,32,8,1999,32,1999-08-09,8,50.6808375,-6.4697875,0.042613636363636326,17.99999999999999,553.2786885245914,1335.2272727272716,1.125,2.893071338383836,49.5,52.0,-10.5,-5.5
celtic,1999,36,7,1999,36,1999-09-06,7,50.737857142857145,-5.999285714285714,0.08766233766233751,21.212121212121218,70.25761124121772,211.03896103896142,0.42857142857142855,3.0037878787878878,49.5,52.0,-10.5,-5.5
celtic,1999,39,9,1999,39,1999-09-27,9,50.27276666666667,-7.614444444444445,1.282828282828283,66.67340067340068,27.322404371584668,126.26262626262623,1.0,1.3863636363636382,49.5,52.0,-10.5,-5.5
celtic,1999,40,8,1999,40,1999-10-04,8,50.844375,-6.415,0.1392045454545454,27.08333333333334,61.47540983606562,0.0,0.375,0.0,49.5,52.0,-10.5,-5.5
celtic,1999,43,8,1999,43,1999-10-25,8,50.269375,-7.2564625,0.8892045454545446,44.696969696969695,61.4754098360655,355.1136363636365,0.125,4.390151515151522,49.5,52.0,-10.5,-5.5
celtic,1999,44,8,1999,44,1999-11-01,8,50.8568625,-6.3810375,0.09943181818181822,7.007575757575755,286.8852459016389,85.22727272727275,0.375,0.3412587412587419,49.5,52.0,-10.5,-5.5
celtic,1999,47,10,1999,47,1999-11-22,10,50.70566,-8.16232,1.877272727272727,26.669696969696968,131.1475409836065,136.3636363636364,1.0,0.297077922077922,49.5,52.0,-10.5,-5.5
celtic,1999,50,8,1999,50,1999-12-13,8,50.796875,-6.4166875,0.14772727272727285,0.7575757575757575,61.4754098360655,0.0,0.0,0.0,49.5,52.0,-10.5,-5.5
celtic,2000,1,7,2000,1,2000-01-03,7,50.762614285714285,-6.435957142857142,0.07792207792207795,0.8658008658008657,35.12880562060886,0.0,1.0,0.0,49.5,52.0,-10.5,-5.5
celtic,2000,5,8,2000,5,2000-01-31,8,50.73625,-6.44375,0.19886363636363624,0.0,61.4754098360655,0.0,0.125,0.0,49.5,52.0,-10.5,-5.5
celtic,2000,7,4,2000,7,2000-02-14,4,49.655,-6.4933250000000005,0.11931818181818177,0.7575757575757575,0.0,0.0,0.0,,49.5,52.0,-10.5,-5.5
celtic,2000,8,2,2000,8,2000-02-21,2,51.29415,-9.955850000000002,0.02272727272727275,0.0,0.0,0.0,0.0,,49.5,52.0,-10.5,-5.5
celtic,2000,11,7,2000,11,2000-03-13,7,50.743100000000005,-6.460942857142856,0.1948051948051948,9.523809523809529,140.51522248243558,48.70129870129871,0.8571428571428571,0.23106060606060594,49.5,52.0,-10.5,-5.5
celtic,2000,12,4,2000,12,2000-03-20,4,49.61915,-6.4279,0.11931818181818196,12.878787878787872,184.42622950819674,0.0,0.5,0.0,49.5,52.0,-10.5,-5.5
celtic,2000,16,3,2000,16,2000-04-17,3,49.63666666666666,-6.193899999999999,0.2651515151515154,9.595959595959606,1038.2513661202183,113.63636363636367,1.0,0.3465909090909089,49.5,52.0,-10.5,-5.5
celtic,2000,19,7,2000,19,2000-05-08,7,50.77475714285714,-5.8168999999999995,0.47727272727272657,43.5108225108225,11697.89227166276,146.10389610389615,4.428571428571429,0.011783360582758442,49.5,52.0,-10.5,-5.5
celtic,2000,23,4,2000,23,2000-06-05,4,49.570825,-7.371675,1.698863636363637,80.30303030303033,1659.8360655737697,539.7727272727266,2.375,0.31486451048951075,49.5,52.0,-10.5,-5.5
celtic,2000,24,5,2000,24,2000-06-12,5,49.76032,-5.96034,1.2636363636363641,17.272727272727288,393.4426229508198,5545.454545454551,2.3,6.436688311688322,49.5,52.0,-10.5,-5.5
celtic,2000,27,13,2000,27,2000-07-03,13,50.24936153846154,-6.6011461538461536,0.44405594405594384,25.174825174825173,1242.1185372005043,1328.6713286713284,1.2307692307692308,1.3972334746482467,49.5,52.0,-10.5,-5.5
celtic,2000,28,1,2000,28,2000-07-10,1,49.8067,-5.8683,0.159090909090909,1.51515151515152,1311.47540983607,1931.81818181818,2.0,1.4730113636363573,49.5,52.0,-10.5,-5.5
celtic,2000,31,4,2000,31,2000-07-31,4,49.59835,-6.876250000000001,0.505681818181818,62.1212121212121,327.8688524590175,1022.7272727272725,1.25,2.33948863636363,49.5,52.0,-10.5,-5.5
celtic,2000,32,1,2000,32,2000-08-07,1,49.8067,-5.8833,1.77272727272727,48.4848484848485,0.0,0.0,2.0,,49.5,52.0,-10.5,-5.5
celtic,2000,35,5,2000,35,2000-08-28,5,49.63068,-6.521000000000001,2.5590909090909073,163.03030303030283,0.0,272.7272727272728,0.8,,49.5,52.0,-10.5,-5.5
celtic,2000,37,10,2000,37,2000-09-11,10,50.48134,-6.495489999999999,0.49999999999999944,43.181818181818166,0.0,102.2727272727273,0.6,,49.5,52.0,-10.5,-5.5
celtic,2000,40,4,2000,40,2000-10-02,4,49.642925000000005,-6.265425,3.892045454545455,34.469696969696976,0.0,0.0,0.75,,49.5,52.0,-10.5,-5.5
celtic,2000,41,7,2000,41,2000-10-09,7,50.76642857142857,-6.600957142857142,0.3474025974025971,3.463203463203466,0.0,0.0,0.0,,49.5,52.0,-10.5,-5.5
celtic,2000,42,1,2000,42,2000-10-16,1,49.7767,-5.8667,0.795454545454545,34.8484848484849,0.0,0.0,1.0,,49.5,52.0,-10.5,-5.5
celtic,2000,45,8,2000,45,2000-11-06,8,50.6468625,-5.9247875,1.332386363636364,21.78030303030304,0.0,0.0,0.0,,49.5,52.0,-10.5,-5.5
celtic,2000,48,2,2000,48,2000-11-27,2,49.75665,-5.8667,0.34090909090909105,0.0,0.0,0.0,0.5,,49.5,52.0,-10.5,-5.5
celtic,2000,52,9,2000,52,2000-12-25,9,50.5576,-6.422577777777778,0.5202020202020202,6.060606060606063,63.752276867031,0.0,0.3333333333333333,0.0,49.5,52.0,-10.5,-5.5
celtic,2001,4,7,2001,4,2001-01-22,7,50.78048571428571,-6.569528571428571,0.6363636363636366,2.5974025974026027,222.48243559718958,0.0,1.0,0.0,49.5,52.0,-10.5,-5.5
celtic,2001,5,1,2001,5,2001-01-29,1,49.7067,-5.8833,0.0681818181818182,3.03030303030303,245.901639344262,0.0,1.0,0.0,49.5,52.0,-10.5,-5.5
celtic,2001,7,7,2001,7,2001-02-12,7,51.45595714285714,-8.712642857142857,1.0129870129870127,6.060606060606065,292.740046838408,0.0,0.7142857142857143,0.0,49.5,52.0,-10.5,-5.5
celtic,2001,10,9,2001,10,2001-03-05,9,51.08482222222222,-8.1013,0.04797979797979794,3.5353535353535346,1065.5737704918029,0.0,0.3333333333333333,0.0,49.5,52.0,-10.5,-5.5
celtic,2001,14,9,2001,14,2001-04-02,9,50.57944444444445,-6.786300000000001,0.45454545454545475,25.757575757575754,227.68670309653913,0.0,1.0,0.0,49.5,52.0,-10.5,-5.5
celtic,2001,16,15,2001,16,2001-04-16,15,51.07689333333334,-7.6883333333333335,1.5257575757575756,55.151515151515156,1573.770491803279,45.45454545454547,1.2666666666666666,0.011426073926073952,49.5,52.0,-10.5,-5.5
celtic,2001,19,7,2001,19,2001-05-07,7,51.48477142857143,-8.713328571428573,4.808441558441555,48.05194805194801,105.3864168618267,0.0,1.1428571428571428,0.0,49.5,52.0,-10.5,-5.5
celtic,2001,20,9,2001,20,2001-05-14,9,50.527588888888886,-6.442233333333333,0.9747474747474743,90.57239057239059,8269.581056466308,75.75757575757578,1.7777777777777777,0.03999125874125869,49.5,52.0,-10.5,-5.5
celtic,2001,24,12,2001,24,2001-06-11,12,50.36499166666667,-6.363466666666667,0.21969696969696964,22.09595959595961,1769.1256830601108,151.5151515151515,1.0833333333333333,0.07253577218779471,49.5,52.0,-10.5,-5.5
celtic,2001,28,10,2001,28,2001-07-09,10,50.42916,-6.56782,0.059090909090909104,43.48484848484852,1975.4098360655723,1238.6363636363644,1.3,1.3076443840397354,49.5,52.0,-10.5,-5.5
celtic,2001,31,3,2001,31,2001-07-30,3,49.651666666666664,-6.009433333333334,0.007575757575757566,19.191919191919187,491.80327868852464,871.212121212121,1.0,1.5018939393939388,49.5,52.0,-10.5,-5.5
celtic,2001,34,7,2001,34,2001-08-20,7,50.7667,-6.424057142857143,0.14935064935064912,42.20779220779218,0.0,308.4415584415586,1.0,,49.5,52.0,-10.5,-5.5
celtic,2001,35,3,2001,35,2001-08-27,3,49.59113333333334,-6.511133333333333,0.08333333333333323,9.090909090909086,0.0,454.5454545454547,1.3333333333333333,,49.5,52.0,-10.5,-5.5
celtic,2001,36,2,2001,36,2001-09-03,2,49.71,-5.710850000000001,0.11363636363636385,30.33333333333335,122.950819672131,1647.727272727275,2.0,6.0075757575757756,49.5,52.0,-10.5,-5.5
celtic,2001,38,7,2001,38,2001-09-17,7,50.811899999999994,-5.864757142857143,0.422077922077922,64.28571428571433,3220.140515222481,2581.1688311688313,3.0,0.9158213855777725,49.5,52.0,-10.5,-5.5
celtic,2001,41,1,2001,41,2001-10-08,1,49.66,-5.9,1.84090909090909,28.7878787878788,1557.37704918033,1022.72727272727,1.0,0.6566985645932988,49.5,52.0,-10.5,-5.5
celtic,2001,42,7,2001,42,2001-10-15,7,50.76904285714286,-6.6049999999999995,0.05519480519480513,9.307359307359315,444.96487119437916,0.0,1.7142857142857142,0.0,49.5,52.0,-10.5,-5.5
celtic,2001,46,8,2001,46,2001-11-12,8,50.6283375,-6.5093625,0.3380681818181818,12.50378787878789,61.4754098360655,0.0,0.875,0.0,49.5,52.0,-10.5,-5.5
celtic,2001,50,9,2001,50,2001-12-10,9,50.56444444444444,-6.559611111111112,0.6212121212121208,4.713804713804716,27.322404371584668,0.0,0.1111111111111111,0.0,49.5,52.0,-10.5,-5.5
celtic,2002,2,8,2002,2,2002-01-07,8,50.6850625,-6.462225,0.08522727272727262,0.7575757575757575,30.73770491803275,0.0,0.125,0.0,49.5,52.0,-10.5,-5.5
celtic,2002,5,4,2002,5,2002-01-28,4,50.088225,-5.888,0.18749999999999986,5.68181818181818,0.0,0.0,1.0,,49.5,52.0,-10.5,-5.5
celtic,2002,7,15,2002,7,2002-02-11,15,51.017466666666664,-7.53864,0.1348484848484848,2.8282828282828283,0.0,0.0,0.06666666666666667,,49.5,52.0,-10.5,-5.5
celtic,2002,11,7,2002,11,2002-03-11,7,50.9783,-6.341500000000001,0.006493506493506486,0.8658008658008657,152.22482435597183,0.0,0.14285714285714285,0.0,49.5,52.0,-10.5,-5.5
celtic,2002,12,2,2002,12,2002-03-18,2,49.7603,-6.41225,0.0,1.515151515151515,245.9016393442625,0.0,0.0,0.0,49.5,52.0,-10.5,-5.5
celtic,2002,13,7,2002,13,2002-03-25,7,51.496500000000005,-8.692457142857142,0.0422077922077921,7.142857142857145,6112.412177985957,97.40259740259742,2.0,0.008737585943468266,49.5,52.0,-10.5,-5.5
celtic,2002,15,10,2002,15,2002-04-08,10,50.518029999999996,-6.19782,1.5249999999999992,102.5757575757575,434.4262295081965,0.0,1.2,0.0,49.5,52.0,-10.5,-5.5
celtic,2002,16,7,2002,16,2002-04-15,7,51.46348571428571,-8.722457142857142,1.4902597402597404,39.39393939393941,1533.9578454332545,0.0,0.2857142857142857,0.0,49.5,52.0,-10.5,-5.5
celtic,2002,19,7,2002,19,2002-05-06,7,51.659800000000004,-8.8478,2.542207792207791,48.05194805194798,362.99765807962547,48.70129870129871,1.0,0.043779904306220044,49.5,52.0,-10.5,-5.5
celtic,2002,20,3,2002,20,2002-05-13,3,49.9393,-5.8882,1.151515151515153,45.959595959595966,2076.5027322404367,113.63636363636367,1.3333333333333333,0.04621212121212128,49.5,52.0,-10.5,-5.5
celtic,2002,21,7,2002,21,2002-05-20,7,50.74064285714286,-6.590942857142857,0.4545454545454543,74.05194805194819,1510.538641686182,97.40259740259742,2.7142857142857144,0.09242424242424244,49.5,52.0,-10.5,-5.5
celtic,2002,22,5,2002,22,2002-05-27,5,49.62648,-6.717320000000001,0.1818181818181816,51.81818181818177,3442.6229508196725,136.3636363636364,5.6,0.025206611570247943,49.5,52.0,-10.5,-5.5
celtic,2002,24,2,2002,24,2002-06-10,2,49.77105,-7.0456,0.4659090909090905,9.09090909090911,7459.0163934426255,738.636363636365,6.5,0.08664772727272739,49.5,52.0,-10.5,-5.5
celtic,2002,25,4,2002,25,2002-06-17,4,51.246625,-6.39445,0.6761363636363622,31.43939393939395,2274.5901639344274,0.0,4.25,0.0,49.5,52.0,-10.5,-5.5
celtic,2002,27,12,2002,27,2002-07-01,12,50.2814,-6.6372333333333335,0.15530303030303022,23.35858585858587,3743.169398907103,615.5303030303032,2.0416666666666665,0.15072754557042634,49.5,52.0,-10.5,-5.5
celtic,2002,28,2,2002,28,2002-07-08,2,49.93675,-5.88945,0.215909090909091,7.5757575757576,901.6393442622975,568.18181818182,2.0,0.43323863636363624,49.5,52.0,-10.5,-5.5
celtic,2002,32,2,2002,32,2002-08-05,2,49.676950000000005,-5.8833,0.2727272727272725,12.878787878787875,655.7377049180329,1477.2727272727275,2.0,2.125757575757575,49.5,52.0,-10.5,-5.5
celtic,2002,33,7,2002,33,2002-08-12,7,50.7738,-6.429857142857143,0.05844155844155834,2.8138528138528156,362.9976580796253,1022.7272727272718,0.8571428571428571,4.502180899908171,49.5,52.0,-10.5,-5.5
celtic,2002,37,7,2002,37,2002-09-09,7,50.75781428571429,-6.428285714285715,0.038961038961038856,9.112554112554106,187.35362997658083,340.9090909090906,1.2857142857142858,0.9902597402597382,49.5,52.0,-10.5,-5.5
celtic,2002,38,1,2002,38,2002-09-16,1,49.7366,-5.9,0.795454545454545,106.060606060606,819.672131147541,0.0,1.0,0.0,49.5,52.0,-10.5,-5.5
celtic,2002,41,3,2002,41,2002-10-07,3,51.407900000000005,-6.134033333333334,0.2045454545454545,13.131313131313135,163.934426229508,454.54545454545337,1.3333333333333333,2.772727272727269,49.5,52.0,-10.5,-5.5
celtic,2002,42,3,2002,42,2002-10-14,3,49.890566666666665,-5.887866666666667,0.6363636363636364,18.18181818181817,1065.5737704918038,0.0,0.6666666666666666,0.0,49.5,52.0,-10.5,-5.5
celtic,2002,43,8,2002,43,2002-10-21,8,51.447325,-8.662125,1.2784090909090908,39.204545454545446,30.73770491803275,0.0,1.0,0.0,49.5,52.0,-10.5,-5.5
celtic,2002,45,7,2002,45,2002-11-04,7,50.759971428571426,-6.436428571428571,0.4805194805194802,31.411255411255404,175.6440281030444,259.74025974026,1.0,0.9242424242424254,49.5,52.0,-10.5,-5.5
celtic,2002,46,10,2002,46,2002-11-11,10,51.15562,-7.95335,0.24772727272727274,4.242424242424245,98.3606557377049,0.0,0.3,0.0,49.5,52.0,-10.5,-5.5
celtic,2002,51,10,2002,51,2002-12-16,10,50.50572,-6.340999999999999,0.6522727272727267,8.636363636363637,81.9672131147541,0.0,0.3,0.0,49.5,52.0,-10.5,-5.5
celtic,2002,52,7,2002,52,2002-12-23,7,51.432985714285714,-8.702471428571428,0.40259740259740256,25.32467532467533,140.51522248243558,0.0,0.7142857142857143,0.0,49.5,52.0,-10.5,-5.5
celtic,2003,4,2,2003,4,2003-01-20,2,49.97955,-5.9030000000000005,0.1704545454545455,6.8181818181818095,0.0,0.0,1.0,,49.5,52.0,-10.5,-5.5
celtic,2003,6,8,2003,6,2003-02-03,8,50.621725,-6.4916125000000005,1.1818181818181812,5.492424242424242,194.67213114754088,0.0,1.0,0.0,49.5,52.0,-10.5,-5.5
celtic,2003,7,8,2003,7,2003-02-10,8,51.227225,-8.3795125,0.20738636363636362,4.166666666666671,215.1639344262294,0.0,1.0,0.0,49.5,52.0,-10.5,-5.5
celtic,2003,11,2,2003,11,2003-03-10,2,49.70925,-5.7514,0.6477272727272725,15.909090909090896,778.6885245901624,0.0,1.0,0.0,49.5,52.0,-10.5,-5.5
celtic,2003,12,7,2003,12,2003-03-17,7,50.76585714285714,-6.598985714285715,0.1428571428571427,6.4935064935064934,292.7400468384076,0.0,0.7142857142857143,0.0,49.5,52.0,-10.5,-5.5
celtic,2003,13,1,2003,13,2003-03-24,1,51.1839,-10.2295,0.136363636363636,0.0,0.0,0.0,1.0,,49.5,52.0,-10.5,-5.5
celtic,2003,14,6,2003,14,2003-03-31,6,51.510083333333334,-8.443283333333333,0.1893939393939393,5.050505050505051,163.93442622950818,0.0,1.0,0.0,49.5,52.0,-10.5,-5.5
celtic,2003,15,2,2003,15,2003-04-07,2,49.80485,-5.92015,0.07954545454545435,3.03030303030303,2704.9180327868853,681.818181818182,2.0,0.28357438016528935,49.5,52.0,-10.5,-5.5
celtic,2003,16,9,2003,16,2003-04-14,9,50.421477777777774,-6.571977777777779,0.20454545454545447,32.154882154882166,1102.0036429872498,75.75757575757578,1.3333333333333333,0.10134237107921312,49.5,52.0,-10.5,-5.5
celtic,2003,17,7,2003,17,2003-04-21,7,49.598528571428574,-8.778614285714285,0.2305194805194802,9.956709956709958,1241.217798594848,0.0,1.2857142857142858,0.0,49.5,52.0,-10.5,-5.5
celtic,2003,20,7,2003,20,2003-05-12,7,50.769214285714284,-6.603228571428572,0.3441558441558438,33.76623376623376,1393.4426229508204,357.1428571428577,2.642857142857143,0.3602721291866026,49.5,52.0,-10.5,-5.5
celtic,2003,21,3,2003,21,2003-05-19,3,49.56856666666667,-8.728566666666666,0.13636363636363663,46.46464646464643,163.93442622950832,340.909090909091,1.3333333333333333,1.3863636363636356,49.5,52.0,-10.5,-5.5
celtic,2003,24,9,2003,24,2003-06-09,9,50.532088888888886,-6.457433333333333,1.8838383838383832,52.18855218855223,491.8032786885254,530.3030303030312,1.2222222222222223,0.6411931818181809,49.5,52.0,-10.5,-5.5
celtic,2003,28,6,2003,28,2003-07-07,6,49.68786666666667,-6.247483333333332,0.9469696969696946,112.88888888888874,614.7540983606553,1098.4848484848485,1.3333333333333333,1.5040390643838961,49.5,52.0,-10.5,-5.5
celtic,2003,29,7,2003,29,2003-07-14,7,51.481899999999996,-8.619414285714285,1.3084415584415574,29.87012987012987,70.25761124121772,1623.376623376625,2.0,2.3106060606060703,49.5,52.0,-10.5,-5.5
celtic,2003,30,6,2003,30,2003-07-21,6,50.99816666666666,-6.489683333333333,1.0265151515151498,23.742424242424235,122.95081967213116,113.63636363636367,1.1666666666666667,0.4621212121212122,49.5,52.0,-10.5,-5.5
celtic,2003,32,4,2003,32,2003-08-04,4,49.671775,-6.3721,0.43181818181818177,51.13636363636362,204.91803278688525,511.36363636363524,1.25,2.079545454545449,49.5,52.0,-10.5,-5.5
celtic,2003,36,7,2003,36,2003-09-01,7,50.735885714285715,-6.414000000000001,0.3928571428571426,23.809523809523828,35.12880562060886,146.10389610389615,1.4285714285714286,0.0,49.5,52.0,-10.5,-5.5
celtic,2003,39,7,2003,39,2003-09-22,7,49.88695714285715,-8.566171428571428,0.4707792207792196,30.086580086580152,0.0,243.50649350649357,0.8571428571428571,,49.5,52.0,-10.5,-5.5
celtic,2003,40,2,2003,40,2003-09-29,2,49.76225,-6.265,1.85227272727273,84.09090909090905,0.0,170.4545454545455,1.0,,49.5,52.0,-10.5,-5.5
celtic,2003,43,12,2003,43,2003-10-20,12,50.279091666666666,-6.684133333333333,0.8768939393939398,50.128787878787904,122.95081967213116,56.818181818181834,1.1666666666666667,0.0,49.5,52.0,-10.5,-5.5
celtic,2003,47,10,2003,47,2003-11-17,10,49.65088,-8.18287,0.12045454545454551,3.181818181818188,245.90163934426218,34.0909090909091,0.9,0.27727272727272767,49.5,52.0,-10.5,-5.5
celtic,2003,48,7,2003,48,2003-11-24,7,50.7707,-6.584228571428571,0.2857142857142857,8.008658008658012,655.7377049180325,0.0,1.2857142857142858,0.0,49.5,52.0,-10.5,-5.5
celtic,2003,50,7,2003,50,2003-12-08,7,50.764542857142864,-6.5911,0.422077922077922,10.82251082251082,573.7704918032788,48.70129870129871,1.8571428571428572,0.09902597402597398,49.5,52.0,-10.5,-5.5
celtic,2004,2,7,2004,2,2004-01-05,7,50.77214285714286,-6.591742857142857,0.30194805194805213,1.7316017316017314,105.38641686182658,0.0,0.42857142857142855,0.0,49.5,52.0,-10.5,-5.5
celtic,2004,3,3,2004,3,2004-01-12,3,49.62446666666667,-6.409433333333333,0.16666666666666666,2.02020202020202,355.19125683059997,0.0,1.3333333333333333,0.0,49.5,52.0,-10.5,-5.5
celtic,2004,19,4,2004,19,2004-05-03,4,49.566125,-6.359475,0.4659090909090905,21.21212121212123,3442.6229508196698,85.22727272727275,2.875,0.014441287878787894,49.5,52.0,-10.5,-5.5
celtic,2004,23,14,2004,23,2004-05-31,14,51.11495,-7.541528571428572,0.644480519480519,50.43290043290052,234.19203747072615,211.038961038961,1.1428571428571428,0.5545454545454553,49.5,52.0,-10.5,-5.5
celtic,2004,26,7,2004,26,2004-06-21,7,51.479800000000004,-8.709114285714286,0.0681818181818182,51.31168831168827,1112.4121779859495,2305.1948051948043,4.428571428571429,3.304251304251301,49.5,52.0,-10.5,-5.5
celtic,2004,27,9,2004,27,2004-06-28,9,50.496566666666666,-6.246322222222222,3.0227272727272663,31.48148148148148,601.0928961748637,845.9595959595969,3.0555555555555554,2.0747122030016816,49.5,52.0,-10.5,-5.5
celtic,2004,31,10,2004,31,2004-07-26,10,50.39786,-6.41619,0.3386363636363632,12.427272727272733,204.9180327868853,261.3636363636366,0.9,0.7393939393939399,49.5,52.0,-10.5,-5.5
celtic,2004,35,10,2004,35,2004-08-23,10,50.39572,-6.412909999999999,0.8477272727272716,24.696969696969706,106.5573770491803,670.4545454545456,1.85,1.525,49.5,52.0,-10.5,-5.5
celtic,2004,39,7,2004,39,2004-09-20,7,50.75487142857143,-6.3845857142857145,0.1753246753246752,40.90909090909086,35.12880562060886,97.40259740259742,1.0,1.3863636363636382,49.5,52.0,-10.5,-5.5
celtic,2004,40,3,2004,40,2004-09-27,3,49.569266666666664,-6.4736,0.196969696969697,29.797979797979796,437.1584699453553,340.909090909091,0.3333333333333333,0.7625,49.5,52.0,-10.5,-5.5
celtic,2004,41,7,2004,41,2004-10-04,7,51.49467142857143,-8.648385714285714,1.3538961038961033,50.43290043290043,1358.313817330212,324.6753246753246,1.2857142857142858,0.8343855218855221,49.5,52.0,-10.5,-5.5
celtic,2004,43,7,2004,43,2004-10-18,7,50.749042857142854,-6.387042857142857,0.34740259740259727,66.88311688311695,140.51522248243558,194.80519480519484,1.0,0.0,49.5,52.0,-10.5,-5.5
celtic,2004,47,14,2004,47,2004-11-15,14,51.12432142857143,-7.540757142857143,0.0681818181818182,3.679653679653679,158.07962529274008,0.0,0.35714285714285715,0.0,49.5,52.0,-10.5,-5.5
celtic,2004,50,6,2004,50,2004-12-06,6,51.429916666666664,-8.95055,0.7727272727272728,13.383838383838397,245.90163934426232,0.0,0.0,0.0,49.5,52.0,-10.5,-5.5
celtic,2004,51,7,2004,51,2004-12-13,7,50.74594285714285,-6.389785714285714,0.08766233766233764,5.411255411255416,152.22482435597183,48.70129870129871,1.1428571428571428,0.6931818181818191,49.5,52.0,-10.5,-5.5
celtic,2005,4,14,2005,4,2005-01-24,14,51.12299630285714,-7.5493905569285715,0.3522727272727274,2.9220779220779227,17.56440281030443,0.0,0.07142857142857142,0.0,49.5,52.0,-10.5,-5.5
celtic,2005,7,7,2005,7,2005-02-14,7,51.49257056857142,-8.709181504,0.025974025974025972,0.43290043290043284,0.0,0.0,0.42857142857142855,,49.5,52.0,-10.5,-5.5
celtic,2005,9,8,2005,9,2005-02-28,8,50.7019373575,-6.406263224375,0.14204545454545453,2.4621212121212124,92.21311475409826,0.0,0.25,0.0,49.5,52.0,-10.5,-5.5
celtic,2005,10,7,2005,10,2005-03-07,7,51.49726388285715,-8.714517721285715,0.3344155844155842,16.450216450216438,35.12880562060886,0.0,0.0,0.0,49.5,52.0,-10.5,-5.5
celtic,2005,13,7,2005,13,2005-03-28,7,50.73453485428571,-6.391907682857143,0.3279220779220779,200.6493506493507,2540.9836065573763,97.40259740259742,1.2857142857142858,0.016901906847559028,49.5,52.0,-10.5,-5.5
celtic,2005,14,3,2005,14,2005-04-04,3,49.54699028666666,-6.464578925333334,0.9848484848484861,58.08080808080803,819.6721311475403,0.0,1.0,0.0,49.5,52.0,-10.5,-5.5
celtic,2005,16,8,2005,16,2005-04-18,8,51.54725443625,-8.3373026535,1.8437500000000007,144.128787878788,1465.1639344262303,85.22727272727275,2.875,0.13203463203463206,49.5,52.0,-10.5,-5.5
celtic,2005,18,3,2005,18,2005-05-02,3,49.54947238666667,-6.44821167,1.2424242424242427,16.666666666666675,1448.0874316939899,113.63636363636367,1.3333333333333333,0.0,49.5,52.0,-10.5,-5.5
celtic,2005,19,7,2005,19,2005-05-09,7,51.48588518142857,-8.710946002,0.6038961038961036,57.79220779220775,222.4824355971903,584.415584415583,1.2857142857142858,0.1299715909090905,49.5,52.0,-10.5,-5.5
celtic,2005,20,8,2005,20,2005-05-16,8,50.8750005075,-6.468912124625,0.05397727272727275,29.7348484848485,1752.049180327868,596.5909090909088,3.6875,0.43175261310288043,49.5,52.0,-10.5,-5.5
celtic,2005,22,9,2005,22,2005-05-30,9,49.64746636222222,-8.048312264666666,0.6212121212121207,15.151515151515149,3096.5391621129315,290.40404040404076,1.6666666666666667,0.11598665973665989,49.5,52.0,-10.5,-5.5
celtic,2005,24,8,2005,24,2005-06-13,8,50.8765614825,-6.46657536825,0.10227272727272708,5.681818181818185,92.21311475409837,85.22727272727275,1.0,0.0,49.5,52.0,-10.5,-5.5
celtic,2005,26,3,2005,26,2005-06-27,3,49.56095920333333,-6.4598676893333336,0.0606060606060605,8.08080808080807,846.9945355191267,1212.1212121212131,3.5,1.4708269671504954,49.5,52.0,-10.5,-5.5
celtic,2005,28,8,2005,28,2005-07-11,8,50.78998209375,-6.509722646125,0.1306818181818182,12.121212121212123,850.409836065573,937.4999999999997,1.0,0.896453213072206,49.5,52.0,-10.5,-5.5
celtic,2005,30,3,2005,30,2005-07-25,3,49.549571396666664,-6.44650472,0.12121212121212123,2.5252525252525264,1174.863387978142,454.5454545454547,1.6666666666666667,0.7747326203208561,49.5,52.0,-10.5,-5.5
celtic,2005,35,10,2005,35,2005-08-29,10,50.499503988,-6.3509351095,0.23863636363636345,26.818181818181863,204.91803278688522,295.4545454545458,1.1,1.0082644628099193,49.5,52.0,-10.5,-5.5
celtic,2005,42,8,2005,42,2005-10-17,8,50.82876993625,-6.23973407725,0.01988636363636364,0.7575757575757575,30.73770491803275,0.0,0.125,0.0,49.5,52.0,-10.5,-5.5
celtic,2005,46,1,2005,46,2005-11-14,1,49.50853271,-5.920134481,0.159090909090909,10.6060606060606,0.0,0.0,1.0,,49.5,52.0,-10.5,-5.5
celtic,2005,49,7,2005,49,2005-12-05,7,51.46510939857143,-8.707629539857143,0.435064935064935,18.83116883116883,105.38641686182658,0.0,0.7142857142857143,0.0,49.5,52.0,-10.5,-5.5
celtic,2005,50,2,2005,50,2005-12-12,2,49.50273234,-7.977954608999999,0.1363636363636365,14.3939393939394,368.8524590163935,0.0,0.0,0.0,49.5,52.0,-10.5,-5.5
celtic,2005,52,8,2005,52,2005-12-26,8,50.77510416625,-6.6124791666250005,1.4318181818181834,17.803030303030297,30.73770491803275,0.0,1.0,0.0,49.5,52.0,-10.5,-5.5
celtic,2006,2,1,2006,2,2006-01-09,1,49.53666667,-5.6915,0.659090909090909,6.06060606060606,0.0,0.0,1.0,,49.5,52.0,-10.5,-5.5
celtic,2006,3,7,2006,3,2006-01-16,7,51.46130952428572,-8.733119048,0.8603896103896105,9.307359307359308,70.25761124121772,0.0,0.0,0.0,49.5,52.0,-10.5,-5.5
celtic,2006,6,7,2006,6,2006-02-06,7,51.475261904285716,-8.681809523857142,0.2727272727272727,1.731601731601733,0.0,0.0,0.0,,49.5,52.0,-10.5,-5.5
celtic,2006,8,8,2006,8,2006-02-20,8,50.76277083375,-6.617125,0.07386363636363634,0.0,122.95081967213113,0.0,1.125,0.0,49.5,52.0,-10.5,-5.5
celtic,2006,12,3,2006,12,2006-03-20,3,49.912,-5.847611111,0.8712121212121228,15.151515151515175,1065.5737704918038,0.0,1.3333333333333333,0.0,49.5,52.0,-10.5,-5.5
celtic,2006,13,7,2006,13,2006-03-27,7,51.45416666714285,-8.692047618571427,0.23051948051948074,8.44155844155844,2728.3372365339555,0.0,1.4285714285714286,0.0,49.5,52.0,-10.5,-5.5
celtic,2006,14,8,2006,14,2006-04-03,8,49.6766666675,-8.70168749975,0.10227272727272718,3.9772727272727275,481.5573770491799,227.27272727272762,1.125,0.30202922077922106,49.5,52.0,-10.5,-5.5
celtic,2006,15,7,2006,15,2006-04-10,7,51.467357142857146,-8.699119048142858,0.4155844155844147,9.523809523809524,14906.323185011704,48.70129870129871,6.5,0.005882731130255887,49.5,52.0,-10.5,-5.5
celtic,2006,16,4,2006,16,2006-04-17,4,50.392041665,-5.7681666665,0.2670454545454546,54.9242424242425,5614.754098360652,0.0,1.25,0.0,49.5,52.0,-10.5,-5.5
celtic,2006,18,1,2006,18,2006-05-01,1,49.586,-5.503,0.0681818181818182,21.2121212121212,4508.19672131148,0.0,2.0,0.0,49.5,52.0,-10.5,-5.5
celtic,2006,19,4,2006,19,2006-05-08,4,50.1213333325,-6.90191666675,1.0909090909090895,76.5151515151515,1086.0655737704917,85.22727272727275,1.5,0.07998251748251775,49.5,52.0,-10.5,-5.5
celtic,2006,20,4,2006,20,2006-05-15,4,51.405083335,-6.3335833335,0.5170454545454537,49.24242424242433,3811.4754098360636,1079.5454545454554,2.0,0.3177083333333334,49.5,52.0,-10.5,-5.5
celtic,2006,23,3,2006,23,2006-06-05,3,50.03561111333334,-5.801222222,0.0606060606060605,24.74747474747473,2786.885245901638,757.5757575757583,4.666666666666667,0.19693008516537966,49.5,52.0,-10.5,-5.5
celtic,2006,27,8,2006,27,2006-07-03,8,50.770250000000004,-6.617083333375,0.5142045454545453,31.43939393939395,256.1475409836061,227.27272727272725,0.5,0.9686771561771572,49.5,52.0,-10.5,-5.5
celtic,2006,31,7,2006,31,2006-07-31,7,50.738261904285714,-6.285595238142856,0.07142857142857137,29.87012987012986,199.06323185011712,779.22077922078,1.5714285714285714,4.049062049062055,49.5,52.0,-10.5,-5.5
celtic,2006,38,3,2006,38,2006-09-18,3,50.03288889,-5.802222222,0.08333333333333323,33.838383838383834,983.6065573770469,1628.7878787878788,3.5,1.603205128205132,49.5,52.0,-10.5,-5.5
celtic,2006,42,8,2006,42,2006-10-16,8,50.76275,-6.620375,0.13352272727272724,10.606060606060604,61.4754098360655,85.22727272727275,0.125,0.6931818181818191,49.5,52.0,-10.5,-5.5
celtic,2006,43,1,2006,43,2006-10-23,1,49.6355,-5.988166667,0.431818181818182,15.1515151515152,0.0,0.0,1.0,,49.5,52.0,-10.5,-5.5
celtic,2006,45,3,2006,45,2006-11-06,3,50.03144444666666,-5.802777777666667,0.4848484848484835,24.242424242424246,0.0,0.0,0.0,,49.5,52.0,-10.5,-5.5
celtic,2006,46,7,2006,46,2006-11-13,7,51.46811904857143,-8.705785714142857,1.0162337662337655,22.07792207792209,35.12880562060886,97.40259740259742,1.0,2.7727272727272765,49.5,52.0,-10.5,-5.5
celtic,2006,47,1,2006,47,2006-11-20,1,49.58,-5.501833333,0.795454545454545,7.57575757575758,0.0,0.0,0.0,,49.5,52.0,-10.5,-5.5
celtic,2006,49,8,2006,49,2006-12-04,8,50.8045,-6.9004375,0.35227272727272657,3.5984848484848486,0.0,42.613636363636374,1.0,,49.5,52.0,-10.5,-5.5
celtic,2007,1,3,2007,1,2007-01-01,3,50.02127685666667,-5.789611307666667,0.363636363636364,5.050505050505049,0.0,0.0,0.0,,49.5,52.0,-10.5,-5.5
celtic,2007,5,8,2007,5,2007-01-29,8,50.76289418625,-6.620354143875,0.2755681818181819,1.3257575757575761,30.73770491803275,0.0,1.0,0.0,49.5,52.0,-10.5,-5.5
celtic,2007,15,8,2007,15,2007-04-09,8,50.8270207725,-6.240749994875,0.9403409090909097,100.75757575757572,2274.5901639344265,170.45454545454513,2.75,0.07481071560018902,49.5,52.0,-10.5,-5.5
celtic,2007,19,8,2007,19,2007-05-07,8,50.85831248,-6.43445841475,0.12784090909090898,7.954545454545456,256.147540983607,0.0,1.0,0.0,49.5,52.0,-10.5,-5.5
celtic,2007,23,6,2007,23,2007-06-04,6,49.696861434999995,-6.8221666973333335,0.48106060606060524,18.939393939393945,3210.382513661209,113.63636363636367,1.0,0.026157804459691247,49.5,52.0,-10.5,-5.5
celtic,2007,27,3,2007,27,2007-07-02,3,50.08166639666666,-5.911611091,0.1893939393939392,9.5959595959596,1830.6010928961766,265.151515151515,3.5,0.20217803030302953,49.5,52.0,-10.5,-5.5
celtic,2007,33,3,2007,33,2007-08-13,3,50.040220809999994,-5.799444410333334,0.0378787878787879,24.24242424242426,792.3497267759573,1818.1818181818198,1.0,1.013111888111887,49.5,52.0,-10.5,-5.5
celtic,2007,37,8,2007,37,2007-09-10,8,50.792270915,-6.7574999492500005,0.2556818181818181,64.39393939393948,163.93442622950775,142.045454545455,1.125,0.5332167832167866,49.5,52.0,-10.5,-5.5
celtic,2007,40,7,2007,40,2007-10-01,7,50.686619351428575,-6.310380917714285,0.6298701298701295,76.40692640692647,35.12880562060886,48.70129870129871,0.0,0.0,49.5,52.0,-10.5,-5.5
celtic,2008,4,6,2008,4,2008-01-21,6,51.284075,-8.9423911105,0.21590909090909083,8.080808080808076,0.0,0.0,0.0,,49.5,52.0,-10.5,-5.5
celtic,2008,13,6,2008,13,2008-03-24,6,51.389,-9.034166666666666,0.3106060606060606,23.484848484848495,396.17486338797863,0.0,1.0,0.0,49.5,52.0,-10.5,-5.5
celtic,2008,16,6,2008,16,2008-04-14,6,51.4175,-9.085333333333333,0.6477272727272719,21.464646464646467,7499.999999999996,454.5454545454542,4.25,0.09520960295367902,49.5,52.0,-10.5,-5.5
celtic,2008,21,8,2008,21,2008-05-19,8,50.70725,-5.9087499999999995,0.8806818181818183,45.64393939393936,788.9344262295095,142.0454545454545,1.125,0.27727272727272767,49.5,52.0,-10.5,-5.5
celtic,2008,23,3,2008,23,2008-06-02,3,49.574333333333335,-6.176666666666667,1.340909090909092,47.47474747474747,601.0928961748623,454.54545454545365,1.0,0.7998251748251728,49.5,52.0,-10.5,-5.5
celtic,2008,27,12,2008,27,2008-06-30,12,50.33316666666667,-6.065666666666666,0.1306818181818181,12.247474747474746,1543.7158469945352,738.636363636364,1.0,0.8256376809445151,49.5,52.0,-10.5,-5.5
celtic,2008,31,5,2008,31,2008-07-28,5,49.9884,-6.3682,0.19999999999999984,22.727272727272723,163.9344262295082,68.1818181818182,0.8,0.0,49.5,52.0,-10.5,-5.5
celtic,2008,35,13,2008,35,2008-08-25,13,50.32576923076923,-6.612461538461539,0.9073426573426566,97.31934731934736,453.97225725094546,664.3356643356639,0.46153846153846156,3.4116805813234423,49.5,52.0,-10.5,-5.5
celtic,2008,39,3,2008,39,2008-09-22,3,49.572333333333326,-6.181333333333334,1.4696969696969706,68.68686868686873,0.0,113.63636363636367,1.0,,49.5,52.0,-10.5,-5.5
celtic,2008,43,10,2008,43,2008-10-20,10,51.1379,-8.1183,0.7545454545454541,43.030303030303074,98.3606557377048,102.2727272727273,0.8,0.6931818181818191,49.5,52.0,-10.5,-5.5
celtic,2008,46,7,2008,46,2008-11-10,7,51.48357142857143,-8.827285714285713,0.5194805194805195,17.53246753246754,35.12880562060886,48.70129870129871,1.0,0.0,49.5,52.0,-10.5,-5.5
celtic,2008,47,11,2008,47,2008-11-17,11,50.45009090909091,-6.329272727272727,0.27685950413223126,59.641873278236886,0.0,30.99173553719009,0.7272727272727273,,49.5,52.0,-10.5,-5.5
celtic,2008,51,9,2008,51,2008-12-15,9,50.593777777777774,-6.345777777777778,0.12626262626262616,0.5050505050505056,54.644808743169335,0.0,0.8888888888888888,0.0,49.5,52.0,-10.5,-5.5
celtic,2009,4,5,2009,4,2009-01-19,5,51.3682,-9.481399999999999,0.1454545454545456,1.515151515151516,0.0,0.0,0.0,,49.5,52.0,-10.5,-5.5
celtic,2009,7,12,2009,7,2009-02-09,12,50.87158333333333,-7.481333333333333,0.0700757575757576,1.515151515151515,40.983606557377,0.0,0.25,0.0,49.5,52.0,-10.5,-5.5
celtic,2009,11,9,2009,11,2009-03-09,9,50.70344444444444,-6.2829999999999995,0.0025252525252525224,5.050505050505051,1074.681238615665,75.75757575757578,1.2222222222222223,0.05007505394502295,49.5,52.0,-10.5,-5.5
celtic,2009,17,8,2009,17,2009-04-20,8,50.85525,-6.349125,1.752840909090908,51.51515151515147,327.868852459016,0.0,1.25,0.0,49.5,52.0,-10.5,-5.5
celtic,2009,19,2,2009,19,2009-05-04,2,49.569,-6.974500000000001,1.0681818181818175,43.1818181818182,2254.09836065574,0.0,4.25,0.0,49.5,52.0,-10.5,-5.5
celtic,2009,23,4,2009,23,2009-06-01,4,49.64825,-6.4295,1.960227272727273,52.651515151515156,799.180327868853,85.22727272727275,1.5,0.08155080213903744,49.5,52.0,-10.5,-5.5
celtic,2009,27,4,2009,27,2009-06-29,4,49.609750000000005,-6.454750000000001,1.3750000000000009,42.42424242424242,1004.0983606557377,284.09090909091,1.25,0.11849261849261887,49.5,52.0,-10.5,-5.5
celtic,2009,31,4,2009,31,2009-07-27,4,49.648250000000004,-6.4485,0.318181818181818,35.22727272727272,327.8688524590175,1193.1818181818178,1.5,3.379261363636351,49.5,52.0,-10.5,-5.5
celtic,2009,35,13,2009,35,2009-08-24,13,50.34676923076923,-6.484461538461539,1.2954545454545456,37.06293706293708,56.746532156368225,26.22377622377623,0.0,0.0,49.5,52.0,-10.5,-5.5
celtic,2009,39,13,2009,39,2009-09-21,13,50.34323076923077,-6.475615384615385,0.5594405594405594,43.58974358974361,277.4274905422447,428.32167832167784,0.7692307692307693,0.7887931034482757,49.5,52.0,-10.5,-5.5
celtic,2009,43,8,2009,43,2009-10-19,8,50.230125,-7.809,0.2613636363636364,6.25,92.21311475409837,42.613636363636374,1.0,0.3465909090909089,49.5,52.0,-10.5,-5.5
celtic,2009,51,7,2009,51,2009-12-14,7,49.63685714285714,-7.0851428571428565,0.5649350649350648,5.19480519480519,0.0,0.0,0.0,,49.5,52.0,-10.5,-5.5
celtic,2009,52,8,2009,52,2009-12-21,8,50.832125,-6.6295,0.005681818181818175,0.0,30.73770491803275,0.0,0.25,0.0,49.5,52.0,-10.5,-5.5
celtic,2010,2,3,2010,2,2010-01-11,3,49.60433333333333,-6.284,0.04545454545454556,0.5050505050505066,0.0,0.0,0.0,,49.5,52.0,-10.5,-5.5
celtic,2010,5,4,2010,5,2010-02-01,4,51.373999999999995,-9.322,0.6079545454545452,9.84848484848485,0.0,0.0,0.0,,49.5,52.0,-10.5,-5.5
celtic,2010,6,1,2010,6,2010-02-08,1,49.6,-5.752,0.0,3.03030303030303,245.901639344262,0.0,0.0,0.0,49.5,52.0,-10.5,-5.5
celtic,2010,7,7,2010,7,2010-02-15,7,50.73314285714286,-6.686285714285715,0.006493506493506486,2.597402597402597,3032.786885245899,0.0,0.2857142857142857,0.0,49.5,52.0,-10.5,-5.5
celtic,2010,10,7,2010,10,2010-03-08,7,50.06785714285714,-7.613571428571428,0.04220779220779214,1.9480519480519427,702.5761124121775,0.0,1.0,0.0,49.5,52.0,-10.5,-5.5
celtic,2010,11,8,2010,11,2010-03-15,8,50.73375,-6.7105,0.02840909090909095,3.0303030303030325,553.2786885245894,0.0,0.25,0.0,49.5,52.0,-10.5,-5.5
celtic,2010,14,3,2010,14,2010-04-05,3,50.726,-8.381,1.71212121212121,20.2020202020202,1202.1857923497253,227.27272727272734,1.3333333333333333,0.27727272727272734,49.5,52.0,-10.5,-5.5
celtic,2010,17,7,2010,17,2010-04-26,7,50.71928571428572,-6.691000000000001,0.38961038961038874,28.13852813852813,4238.875878220135,860.389610389611,1.2857142857142858,0.3578664376647053,49.5,52.0,-10.5,-5.5
celtic,2010,21,8,2010,21,2010-05-24,8,50.878125,-6.62475,1.9630681818181832,24.621212121212118,92.21311475409837,426.13636363636385,1.125,1.6174242424242435,49.5,52.0,-10.5,-5.5
celtic,2010,22,2,2010,22,2010-05-31,2,49.588,-5.8405000000000005,0.1022727272727271,22.727272727272748,245.9016393442625,909.09090909091,1.0,3.6969696969696977,49.5,52.0,-10.5,-5.5
celtic,2010,24,4,2010,24,2010-06-14,4,51.3165,-9.5875,2.443181818181819,34.0909090909091,0.0,0.0,1.0,,49.5,52.0,-10.5,-5.5
celtic,2010,25,7,2010,25,2010-06-21,7,50.750142857142855,-6.686714285714286,0.4318181818181808,34.84848484848485,573.7704918032784,259.7402597402603,0.0,0.6249139118457315,49.5,52.0,-10.5,-5.5
celtic,2010,29,9,2010,29,2010-07-19,9,50.845777777777776,-7.406666666666666,0.4292929292929294,40.740740740740776,555.5555555555555,555.555555555556,0.6666666666666666,1.2947646103896093,49.5,52.0,-10.5,-5.5
celtic,2010,30,1,2010,30,2010-07-26,1,49.505,-5.795,1.70454545454545,27.2727272727273,0.0,0.0,1.0,,49.5,52.0,-10.5,-5.5
celtic,2010,34,2,2010,34,2010-08-23,2,49.6125,-5.7585,1.70454545454545,48.4848484848485,0.0,0.0,1.0,,49.5,52.0,-10.5,-5.5
celtic,2010,35,7,2010,35,2010-08-30,7,50.735285714285716,-6.663285714285714,1.4318181818181823,68.18181818181822,0.0,48.70129870129871,0.0,,49.5,52.0,-10.5,-5.5
celtic,2010,39,8,2010,39,2010-09-27,8,50.878,-6.5665,0.7585227272727268,53.030303030303074,30.73770491803275,0.0,0.125,0.0,49.5,52.0,-10.5,-5.5
celtic,2010,42,7,2010,42,2010-10-18,7,49.83528571428571,-7.421571428571428,0.1785714285714283,20.77922077922079,70.25761124121772,146.10389610389615,1.2857142857142858,0.6931818181818191,49.5,52.0,-10.5,-5.5
celtic,2010,43,7,2010,43,2010-10-25,7,50.780142857142856,-6.674714285714286,0.172077922077922,15.584415584415598,35.12880562060886,259.7402597402603,1.1428571428571428,1.3863636363636382,49.5,52.0,-10.5,-5.5
celtic,2010,46,2,2010,46,2010-11-15,2,49.645,-6.1585,0.27272727272727276,19.696969696969703,122.950819672131,0.0,0.0,0.0,49.5,52.0,-10.5,-5.5
celtic,2010,47,8,2010,47,2010-11-22,8,50.846375,-6.657375,0.619318181818182,56.62878787878791,276.63934426229514,0.0,1.0,0.0,49.5,52.0,-10.5,-5.5
celtic,2010,50,5,2010,50,2010-12-13,5,49.604200000000006,-6.676399999999999,0.48636363636363633,7.878787878787888,98.3606557377048,0.0,0.0,0.0,49.5,52.0,-10.5,-5.5
celtic,2010,51,8,2010,51,2010-12-20,8,50.685375,-6.7195,0.25568181818181757,1.5151515151515162,61.47540983606562,0.0,0.0,0.0,49.5,52.0,-10.5,-5.5
celtic,2011,3,8,2011,3,2011-01-17,8,50.873875,-6.61875,0.5852272727272723,6.4393939393939315,61.47540983606562,0.0,0.5,0.0,49.5,52.0,-10.5,-5.5
celtic,2011,4,2,2011,4,2011-01-24,2,51.263999999999996,-9.8775,0.01136363636363635,6.06060606060605,0.0,0.0,1.0,,49.5,52.0,-10.5,-5.5
celtic,2011,6,3,2011,6,2011-02-07,3,49.68066666666667,-5.995666666666668,0.0681818181818183,1.01010101010101,81.967213114754,0.0,1.0,0.0,49.5,52.0,-10.5,-5.5
celtic,2011,10,6,2011,10,2011-03-07,6,50.199999999999996,-7.7011666666666665,0.03030303030303033,0.2525252525252533,0.0,0.0,0.0,,49.5,52.0,-10.5,-5.5
celtic,2011,13,8,2011,13,2011-03-28,8,50.821,-6.25225,0.06818181818181811,7.575757575757578,1823.7704918032775,42.613636363636374,1.0,0.0330086580086581,49.5,52.0,-10.5,-5.5
celtic,2011,14,6,2011,14,2011-04-04,6,49.62366666666667,-6.890833333333333,0.2537878787878788,71.71717171717174,4945.3551912568355,0.0,2.25,0.0,49.5,52.0,-10.5,-5.5
celtic,2011,18,3,2011,18,2011-05-02,3,49.614000000000004,-6.436666666666667,1.3636363636363635,183.33333333333368,163.934426229508,113.63636363636367,1.0,0.6931818181818191,49.5,52.0,-10.5,-5.5
celtic,2011,22,3,2011,22,2011-05-30,3,49.61166666666667,-6.450333333333333,0.742424242424241,34.848484848484865,2240.437158469947,340.90909090909,1.0,0.11553030303030264,49.5,52.0,-10.5,-5.5
celtic,2011,25,8,2011,25,2011-06-20,8,50.792500000000004,-6.264125,0.34090909090909016,26.136363636363633,409.8360655737707,1221.5909090909097,2.625,1.6012094630515705,49.5,52.0,-10.5,-5.5
celtic,2011,26,6,2011,26,2011-06-27,6,49.64483333333334,-6.943333333333334,0.4280303030303028,23.4848484848485,1174.8633879781428,1590.9090909090908,0.3333333333333333,1.833314202632384,49.5,52.0,-10.5,-5.5
celtic,2011,29,13,2011,29,2011-07-18,13,51.00092307692307,-7.492230769230769,0.43881118881118897,18.414918414918414,2244.6406052963403,1040.2097902097896,3.1153846153846154,0.60338467815828,49.5,52.0,-10.5,-5.5
celtic,2011,30,10,2011,30,2011-07-25,10,49.632400000000004,-8.1874,0.05454545454545444,14.545454545454552,959.0163934426225,977.2727272727273,0.3,2.847683654065235,49.5,52.0,-10.5,-5.5
celtic,2011,33,8,2011,33,2011-08-15,8,50.806125,-6.2585,0.1420454545454546,56.628787878787875,379.09836065573774,411.9318181818191,1.5,1.6775000000000049,49.5,52.0,-10.5,-5.5
celtic,2011,34,7,2011,34,2011-08-22,7,49.61,-7.186428571428571,0.12012987012987,11.471861471861462,0.0,97.40259740259742,1.0,,49.5,52.0,-10.5,-5.5
celtic,2011,37,8,2011,37,2011-09-12,8,50.791625,-6.26725,0.32102272727272707,76.13636363636378,61.4754098360655,0.0,1.125,0.0,49.5,52.0,-10.5,-5.5
celtic,2011,38,3,2011,38,2011-09-19,3,49.61266666666666,-6.072666666666667,2.5075757575757565,362.1212121212123,0.0,0.0,1.0,,49.5,52.0,-10.5,-5.5
celtic,2011,42,11,2011,42,2011-10-17,11,50.50245454545455,-6.271545454545454,0.6095041322314056,80.71625344352614,44.709388971684,61.98347107438018,0.7272727272727273,0.6931818181818191,49.5,52.0,-10.5,-5.5
celtic,2011,50,8,2011,50,2011-12-12,8,50.837625,-6.655375,0.7301136363636364,22.537878787878796,92.21311475409826,0.0,0.875,0.0,49.5,52.0,-10.5,-5.5
celtic,2012,2,15,2012,2,2012-01-09,15,50.2898,-6.857866666666666,0.38787878787878777,6.565656565656569,0.0,0.0,0.8,,49.5,52.0,-10.5,-5.5
celtic,2012,6,6,2012,6,2012-02-06,6,49.69233333333333,-6.938,0.3712121212121211,1.01010101010101,40.983606557377,0.0,0.0,0.0,49.5,52.0,-10.5,-5.5
celtic,2012,7,5,2012,7,2012-02-13,5,51.423199999999994,-9.0108,0.24545454545454565,9.393939393939412,0.0,0.0,1.0,,49.5,52.0,-10.5,-5.5
celtic,2012,10,11,2012,10,2012-03-05,11,50.49790909090909,-6.469363636363636,0.5640495867768586,16.804407713498623,134.12816691505216,0.0,0.8181818181818182,0.0,49.5,52.0,-10.5,-5.5
celtic,2012,12,4,2012,12,2012-03-19,4,51.3025,-9.69,0.38068181818181823,20.454545454545464,860.6557377049193,85.22727272727275,1.0,0.10397727272727275,49.5,52.0,-10.5,-5.5
celtic,2012,14,6,2012,14,2012-04-02,6,49.69083333333333,-6.938666666666666,0.287878787878788,29.2929292929293,915.3005464480872,0.0,1.1666666666666667,0.0,49.5,52.0,-10.5,-5.5
celtic,2012,20,1,2012,20,2012-05-14,1,49.787,-5.95,0.295454545454545,24.2424242424242,9508.19672131147,0.0,6.5,0.0,49.5,52.0,-10.5,-5.5
celtic,2012,22,8,2012,22,2012-05-28,8,50.863875,-6.621625,0.2386363636363635,108.14393939393943,4344.262295081969,539.7727272727282,3.6875,0.2592357604755349,49.5,52.0,-10.5,-5.5
celtic,2012,27,8,2012,27,2012-07-02,8,50.848,-6.61375,0.06818181818181811,9.090909090909092,409.83606557377084,227.27272727272774,1.0,0.529007177033493,49.5,52.0,-10.5,-5.5
celtic,2012,29,9,2012,29,2012-07-16,9,50.733666666666664,-6.547666666666667,0.09595959595959583,6.734006734006731,336.9763205828776,1590.909090909091,1.1111111111111112,4.617361111111111,49.5,52.0,-10.5,-5.5
celtic,2012,33,1,2012,33,2012-08-13,1,49.803,-5.915,0.136363636363636,3.03030303030303,0.0,0.0,1.0,,49.5,52.0,-10.5,-5.5
celtic,2012,36,7,2012,36,2012-09-03,7,50.736428571428576,-6.684714285714286,0.12987012987012977,31.81818181818182,35.12880562060886,0.0,1.1428571428571428,0.0,49.5,52.0,-10.5,-5.5
celtic,2012,38,4,2012,38,2012-09-17,4,49.619749999999996,-6.3815,1.6136363636363658,40.90909090909092,0.0,0.0,1.0,,49.5,52.0,-10.5,-5.5
celtic,2012,41,1,2012,41,2012-10-08,1,49.788,-5.952,0.159090909090909,27.2727272727273,2049.18032786885,681.818181818182,6.5,0.3327272727272732,49.5,52.0,-10.5,-5.5
celtic,2012,42,4,2012,42,2012-10-15,4,51.33575,-9.392,0.17045454545454525,21.96969696969698,204.91803278688525,85.22727272727275,1.0,0.0,49.5,52.0,-10.5,-5.5
celtic,2012,46,7,2012,46,2012-11-12,7,50.34985714285715,-7.618571428571428,2.035714285714287,52.81385281385278,140.51522248243543,0.0,0.8571428571428571,0.0,49.5,52.0,-10.5,-5.5
celtic,2012,50,11,2012,50,2012-12-10,11,50.476636363636366,-6.203636363636363,0.20867768595041297,2.3415977961432506,89.41877794336808,0.0,0.6363636363636364,0.0,49.5,52.0,-10.5,-5.5
celtic,2013,5,8,2013,5,2013-01-28,8,50.7635,-6.300125,0.014204545454545438,0.0,0.0,0.0,1.0,,49.5,52.0,-10.5,-5.5
celtic,2013,7,8,2013,7,2013-02-11,8,50.799125000000004,-6.302125,0.1448863636363635,3.4090909090909114,61.4754098360655,0.0,0.25,0.0,49.5,52.0,-10.5,-5.5
celtic,2013,8,1,2013,8,2013-02-18,1,49.787,-5.952,0.136363636363636,0.0,0.0,0.0,0.0,,49.5,52.0,-10.5,-5.5
celtic,2013,10,8,2013,10,2013-03-04,8,50.802125000000004,-6.269875,0.08522727272727285,3.03030303030303,358.6065573770494,99.43181818181813,1.25,0.16731974921630077,49.5,52.0,-10.5,-5.5
celtic,2013,11,1,2013,11,2013-03-11,1,49.802,-5.913,0.0909090909090909,7.57575757575758,0.0,0.0,1.0,,49.5,52.0,-10.5,-5.5
celtic,2013,16,1,2013,16,2013-04-15,1,49.82,-5.927,0.136363636363636,18.1818181818182,245.901639344262,0.0,1.0,0.0,49.5,52.0,-10.5,-5.5
celtic,2013,19,4,2013,19,2013-05-06,4,51.3425,-9.3245,1.34090909090909,45.454545454545446,5799.18032786885,85.22727272727275,1.5,0.01856737012987013,49.5,52.0,-10.5,-5.5
celtic,2013,20,1,2013,20,2013-05-13,1,49.802,-5.915,0.136363636363636,6.06060606060606,3278.68852459016,0.0,1.0,0.0,49.5,52.0,-10.5,-5.5
celtic,2013,21,12,2013,21,2013-05-20,12,50.40883333333333,-6.322333333333333,0.23295454545454566,23.358585858585858,4945.355191256827,85.22727272727275,3.3333333333333335,0.12121212121212115,49.5,52.0,-10.5,-5.5
celtic,2013,24,8,2013,24,2013-06-10,8,50.810874999999996,-6.275125,0.6420454545454553,36.55303030303034,1362.7049180327867,553.9772727272731,1.375,0.5758000679875692,49.5,52.0,-10.5,-5.5
celtic,2013,28,8,2013,28,2013-07-08,8,50.761875,-6.24125,0.20454545454545436,19.128787878787886,655.7377049180323,227.27272727272725,1.125,0.5776515151515158,49.5,52.0,-10.5,-5.5
celtic,2013,29,5,2013,29,2013-07-15,5,49.6596,-6.1748,0.09090909090909098,41.515151515151516,3426.229508196722,136.3636363636364,2.0,0.013245512449334102,49.5,52.0,-10.5,-5.5
celtic,2013,33,8,2013,33,2013-08-12,8,49.75575,-6.670625,0.11647727272727276,17.23484848484849,379.09836065573734,184.65909090909088,1.0,0.44594696969696923,49.5,52.0,-10.5,-5.5
celtic,2013,34,8,2013,34,2013-08-19,8,50.80875,-6.266625,0.25,66.09848484848487,368.85245901639325,1747.159090909092,1.9375,3.8895202020202078,49.5,52.0,-10.5,-5.5
celtic,2013,37,14,2013,37,2013-09-09,14,50.322428571428574,-6.544428571428571,0.5941558441558443,22.294372294372305,2148.711943793912,836.038961038961,3.5,0.5759722858247421,49.5,52.0,-10.5,-5.5
celtic,2013,40,1,2013,40,2013-09-30,1,49.787,-5.963,0.0681818181818182,6.06060606060606,0.0,340.909090909091,1.0,,49.5,52.0,-10.5,-5.5
celtic,2013,41,6,2013,41,2013-10-07,6,49.67183333333333,-6.902166666666666,0.9356060606060618,31.31313131313132,1325.1366120218572,189.39393939393997,1.9166666666666667,0.052513774104683365,49.5,52.0,-10.5,-5.5
celtic,2013,42,2,2013,42,2013-10-14,2,49.9375,-5.943,0.34090909090909083,23.484848484848477,8032.7868852459,568.181818181818,2.0,0.06782425548589342,49.5,52.0,-10.5,-5.5
celtic,2013,43,8,2013,43,2013-10-21,8,50.8,-6.651625,0.08238636363636365,3.977272727272726,1260.2459016393443,468.75000000000125,1.25,0.33848351940457283,49.5,52.0,-10.5,-5.5
celtic,2013,45,5,2013,45,2013-11-04,5,51.0146,-8.595600000000001,0.7863636363636363,10.000000000000016,2245.9016393442625,68.1818181818182,1.2,0.27727272727272767,49.5,52.0,-10.5,-5.5
celtic,2013,46,2,2013,46,2013-11-11,2,49.937,-5.899,0.2727272727272726,10.60606060606063,122.950819672131,0.0,1.0,0.0,49.5,52.0,-10.5,-5.5
celtic,2013,49,14,2013,49,2013-12-02,14,50.32185714285714,-6.768714285714286,0.19155844155844146,3.1385281385281414,222.48243559718986,48.70129870129871,1.1428571428571428,0.0,49.5,52.0,-10.5,-5.5
celtic,2013,50,6,2013,50,2013-12-09,6,50.85433333333333,-8.342333333333334,0.2651515151515152,5.303030303030312,997.2677595628421,113.63636363636367,1.0,0.1345588235294118,49.5,52.0,-10.5,-5.5
celtic,2013,52,8,2013,52,2013-12-23,8,50.764,-6.30875,0.18749999999999994,0.37878787878787873,30.73770491803275,0.0,1.0,0.0,49.5,52.0,-10.5,-5.5
celtic,2014,1,1,2014,1,2013-12-30,1,49.558,-5.93,0.272727272727273,0.0,0.0,0.0,1.0,,49.5,52.0,-10.5,-5.5
celtic,2014,6,8,2014,6,2014-02-03,8,50.818625,-6.2655,0.05681818181818182,0.0,0.0,0.0,1.0,,49.5,52.0,-10.5,-5.5
celtic,2014,8,4,2014,8,2014-02-17,4,50.041,-6.0295000000000005,0.04545454545454548,0.7575757575757575,61.4754098360655,0.0,1.25,0.0,49.5,52.0,-10.5,-5.5
celtic,2014,9,10,2014,9,2014-02-24,10,49.6441,-7.8956,0.1977272727272727,0.909090909090909,0.0,0.0,0.5,,49.5,52.0,-10.5,-5.5
celtic,2014,13,11,2014,13,2014-03-24,11,49.84527272727273,-8.095727272727272,1.117768595041323,23.5537190082645,0.0,0.0,1.0,,49.5,52.0,-10.5,-5.5
celtic,2014,14,1,2014,14,2014-03-31,1,49.753,-5.928,0.0227272727272727,4.54545454545455,0.0,0.0,1.0,,49.5,52.0,-10.5,-5.5
celtic,2014,17,4,2014,17,2014-04-21,4,50.29775,-9.546,0.0,1.5151515151515176,8586.065573770487,426.1363636363628,2.0,0.08215128139742435,49.5,52.0,-10.5,-5.5
celtic,2014,20,1,2014,20,2014-05-12,1,49.537,-5.962,2.09090909090909,110.606060606061,5901.63934426229,0.0,2.0,0.0,49.5,52.0,-10.5,-5.5
celtic,2014,21,10,2014,21,2014-05-19,10,49.6596,-7.8816999999999995,1.3613636363636372,55.303030303030255,1270.4918032786893,0.0,2.75,0.0,49.5,52.0,-10.5,-5.5
celtic,2014,22,8,2014,22,2014-05-26,8,50.766999999999996,-6.254625,1.4573863636363642,97.91666666666679,1270.4918032786884,525.5681818181819,1.5,0.6737657722712084,49.5,52.0,-10.5,-5.5
celtic,2014,25,9,2014,25,2014-06-16,9,49.65133333333333,-6.8965555555555556,1.4166666666666667,38.38383838383837,145.7194899817851,353.53535353535335,1.0,1.6174242424242424,49.5,52.0,-10.5,-5.5
celtic,2014,28,10,2014,28,2014-07-07,10,50.899,-7.1167,0.19545454545454527,31.06060606060604,2754.0983606557375,795.4545454545462,1.4,1.70362422067566,49.5,52.0,-10.5,-5.5
celtic,2014,29,6,2014,29,2014-07-14,6,49.666333333333334,-7.0616666666666665,0.46590909090909083,14.64646464646465,423.49726775956265,1325.7575757575758,1.0,4.274621212121217,49.5,52.0,-10.5,-5.5
celtic,2014,33,4,2014,33,2014-08-11,4,49.61125,-6.4334999999999996,0.19886363636363624,48.1060606060606,184.42622950819674,994.318181818183,1.0,7.047348484848502,49.5,52.0,-10.5,-5.5
celtic,2014,34,8,2014,34,2014-08-18,8,50.73625,-6.27925,0.5113636363636356,74.81060606060613,215.1639344262295,809.6590909090905,1.625,1.7560606060606059,49.5,52.0,-10.5,-5.5
celtic,2014,35,2,2014,35,2014-08-25,2,49.67,-5.954,0.0681818181818182,59.848484848485015,0.0,0.0,1.0,,49.5,52.0,-10.5,-5.5
celtic,2014,37,6,2014,37,2014-09-08,6,49.615,-6.198333333333333,0.17045454545454528,95.70707070707067,0.0,0.0,1.0,,49.5,52.0,-10.5,-5.5
celtic,2014,38,8,2014,38,2014-09-15,8,50.7885,-6.29775,0.3693181818181818,167.6136363636364,61.4754098360655,411.931818181819,1.25,0.0,49.5,52.0,-10.5,-5.5
celtic,2014,41,11,2014,41,2014-10-06,11,50.4609090909091,-6.286727272727273,0.888429752066116,54.13223140495871,447.0938897168406,454.545454545455,1.4545454545454546,0.8220727685013408,49.5,52.0,-10.5,-5.5
celtic,2014,42,1,2014,42,2014-10-13,1,49.802,-5.898,0.204545454545455,89.3939393939394,0.0,0.0,1.0,,49.5,52.0,-10.5,-5.5
celtic,2014,46,8,2014,46,2014-11-10,8,50.6145,-6.37175,0.5454545454545457,8.333333333333341,1762.2950819672117,85.22727272727275,1.125,0.05528203414232839,49.5,52.0,-10.5,-5.5
celtic,2014,47,2,2014,47,2014-11-17,2,50.0275,-8.024000000000001,0.22727272727272724,4.54545454545455,409.8360655737705,511.363636363635,1.5,1.2477272727272695,49.5,52.0,-10.5,-5.5
celtic,2014,52,2,2014,52,2014-12-22,2,49.685,-5.924,0.375,3.78787878787879,122.950819672131,0.0,1.0,0.0,49.5,52.0,-10.5,-5.5
celtic,2015,1,2,2015,1,2014-12-29,2,49.683,-5.869999999999999,0.4204545454545455,0.75757575757576,0.0,0.0,1.0,,49.5,52.0,-10.5,-5.5
celtic,2015,5,6,2015,5,2015-01-26,6,49.66983333333334,-6.898666666666666,0.37500000000000017,2.020202020202021,122.95081967213116,0.0,0.5,0.0,49.5,52.0,-10.5,-5.5
celtic,2015,7,8,2015,7,2015-02-09,8,50.742375,-6.3035,0.27556818181818193,1.893939393939395,286.8852459016395,42.613636363636374,1.125,0.34659090909090956,49.5,52.0,-10.5,-5.5
celtic,2015,10,1,2015,10,2015-03-02,1,49.578,-5.642,0.0454545454545455,0.0,245.901639344262,0.0,1.0,0.0,49.5,52.0,-10.5,-5.5
celtic,2015,11,2,2015,11,2015-03-09,2,49.669,-5.922499999999999,0.0454545454545455,0.75757575757576,368.8524590163935,0.0,1.0,0.0,49.5,52.0,-10.5,-5.5
celtic,2015,14,4,2015,14,2015-03-30,4,50.680499999999995,-6.3557500000000005,1.914772727272727,126.89393939393938,2110.655737704917,255.68181818181824,1.75,0.08678548200607028,49.5,52.0,-10.5,-5.5
celtic,2015,15,1,2015,15,2015-04-06,1,49.818,-5.925,0.0454545454545455,12.1212121212121,1229.50819672131,340.909090909091,1.0,0.27727272727272767,49.5,52.0,-10.5,-5.5
celtic,2015,20,8,2015,20,2015-05-11,8,50.805,-6.29125,1.3124999999999993,123.10606060606052,2182.3770491803266,0.0,2.875,0.0,49.5,52.0,-10.5,-5.5
celtic,2015,21,6,2015,21,2015-05-18,6,49.68483333333333,-6.908833333333334,2.606060606060606,228.78787878787884,1243.1693989071034,303.0303030303035,1.9166666666666667,0.6211452762923363,49.5,52.0,-10.5,-5.5
celtic,2015,22,3,2015,22,2015-05-25,3,51.35766666666667,-9.88,0.8712121212121228,75.75757575757568,5327.868852459023,340.909090909091,6.5,0.16351019951425663,49.5,52.0,-10.5,-5.5
celtic,2015,25,7,2015,25,2015-06-15,7,49.65271428571429,-7.266714285714286,0.9448051948051948,71.64502164502163,1358.313817330211,762.9870129870133,1.9285714285714286,1.1487012987012992,49.5,52.0,-10.5,-5.5
celtic,2015,28,4,2015,28,2015-07-06,4,51.286500000000004,-9.619,0.19318181818181826,77.65151515151514,2725.4098360655735,2585.227272727275,1.5,1.9978950057762375,49.5,52.0,-10.5,-5.5
celtic,2015,29,10,2015,29,2015-07-13,10,49.667,-7.944100000000001,1.2431818181818173,63.48484848484852,450.8196721311474,136.3636363636364,2.65,0.6254272043745736,49.5,52.0,-10.5,-5.5
celtic,2015,30,8,2015,30,2015-07-20,8,50.80025,-6.24925,0.1335227272727273,14.962121212121223,645.4918032786877,2059.6590909090914,1.75,2.887759906759913,49.5,52.0,-10.5,-5.5
celtic,2015,33,6,2015,33,2015-08-10,6,49.68616666666667,-6.895,0.10984848484848486,103.28282828282823,81.96721311475416,435.60606060606096,1.1666666666666667,0.6931818181818178,49.5,52.0,-10.5,-5.5
celtic,2015,34,2,2015,34,2015-08-17,2,49.6685,-5.9235,0.0340909090909091,12.12121212121211,122.950819672131,0.0,1.0,0.0,49.5,52.0,-10.5,-5.5
celtic,2015,36,8,2015,36,2015-08-31,8,50.721625,-6.452875,0.09943181818181805,107.76515151515156,338.1147540983605,312.49999999999966,1.25,1.4325757575757563,49.5,52.0,-10.5,-5.5
celtic,2015,37,9,2015,37,2015-09-07,9,49.66855555555556,-6.904,0.5656565656565654,50.67340067340072,27.322404371584668,555.5555555555557,1.2222222222222223,0.0,49.5,52.0,-10.5,-5.5
celtic,2015,39,8,2015,39,2015-09-21,8,50.816,-6.6415,0.04829545454545445,29.166666666666664,2366.803278688525,2627.8409090909054,2.875,4.61885435992578,49.5,52.0,-10.5,-5.5
celtic,2015,42,8,2015,42,2015-10-12,8,50.848,-6.63075,0.6704545454545442,80.11363636363626,430.3278688524588,1818.1818181818176,1.0,5.298989898989901,49.5,52.0,-10.5,-5.5
celtic,2015,45,10,2015,45,2015-11-02,10,50.5488,-6.213,2.4795454545454545,56.515151515151445,49.1803278688524,0.0,1.0,0.0,49.5,52.0,-10.5,-5.5
celtic,2015,49,1,2015,49,2015-11-30,1,49.622,-5.687,1.18181818181818,3.03030303030303,0.0,0.0,1.0,,49.5,52.0,-10.5,-5.5
celtic,2016,2,2,2016,2,2016-01-11,2,50.5075,-8.0595,0.5113636363636365,13.63636363636363,0.0,0.0,0.5,,49.5,52.0,-10.5,-5.5
celtic,2016,6,8,2016,6,2016-02-08,8,50.816875,-6.2275,0.07954545454545452,0.7575757575757575,0.0,0.0,1.0,,49.5,52.0,-10.5,-5.5
celtic,2016,7,2,2016,7,2016-02-15,2,51.265,-9.835999999999999,0.0,0.0,0.0,0.0,0.0,,49.5,52.0,-10.5,-5.5
celtic,2016,8,2,2016,8,2016-02-22,2,49.669,-5.9399999999999995,0.1363636363636366,0.0,0.0,0.0,0.0,,49.5,52.0,-10.5,-5.5
celtic,2016,10,1,2016,10,2016-03-07,1,49.653,-5.965,0.159090909090909,0.0,0.0,0.0,1.0,,49.5,52.0,-10.5,-5.5
celtic,2016,12,1,2016,12,2016-03-21,1,49.542,-5.553,0.0681818181818182,3.03030303030303,737.704918032787,0.0,0.0,0.0,49.5,52.0,-10.5,-5.5
celtic,2016,15,1,2016,15,2016-04-11,1,49.802,-5.913,0.272727272727273,18.1818181818182,1229.50819672131,0.0,1.0,0.0,49.5,52.0,-10.5,-5.5
celtic,2016,16,6,2016,16,2016-04-18,6,49.61983333333333,-6.9315,1.7651515151515154,72.72727272727285,2008.196721311475,378.78787878787915,2.4166666666666665,0.15119851576994456,49.5,52.0,-10.5,-5.5
celtic,2016,17,8,2016,17,2016-04-25,8,50.614375,-6.388,2.1875,52.84090909090912,4989.7540983606505,0.0,5.9375,0.0,49.5,52.0,-10.5,-5.5
celtic,2016,18,2,2016,18,2016-05-02,2,49.7025,-5.941,0.409090909090909,41.6666666666667,9918.032786885255,340.909090909091,4.25,0.027183600713012436,49.5,52.0,-10.5,-5.5
celtic,2016,19,7,2016,19,2016-05-09,7,50.742714285714285,-6.313285714285714,3.0064935064935048,108.44155844155851,1615.9250585480092,0.0,3.2857142857142856,0.0,49.5,52.0,-10.5,-5.5
celtic,2016,20,10,2016,20,2016-05-16,10,49.6377,-7.9139,0.6500000000000006,197.72727272727263,1532.7868852459014,215.90909090909116,1.3,0.08356716812599164,49.5,52.0,-10.5,-5.5
celtic,2016,24,10,2016,24,2016-06-13,10,49.6206,-7.892799999999999,0.4704545454545454,34.0909090909091,1688.524590163935,34.0909090909091,1.0,0.0,49.5,52.0,-10.5,-5.5
celtic,2016,28,10,2016,28,2016-07-11,10,49.6693,-7.0709,0.059090909090908986,14.696969696969708,122.95081967213109,68.1818181818182,1.1,0.46212121212121277,49.5,52.0,-10.5,-5.5
celtic,2016,32,7,2016,32,2016-08-08,7,49.694,-7.160142857142858,0.425324675324675,67.74891774891776,444.96487119438,811.6883116883113,1.0,1.9839578823953818,49.5,52.0,-10.5,-5.5
celtic,2016,35,8,2016,35,2016-08-29,8,50.823625,-6.29625,0.05397727272727273,33.522727272727266,235.655737704918,1306.8181818181815,2.625,4.218506493506491,49.5,52.0,-10.5,-5.5
celtic,2016,37,10,2016,37,2016-09-12,10,49.6907,-7.8875,0.2090909090909086,55.15151515151511,81.9672131147541,250.00000000000037,1.0,0.9902597402597427,49.5,52.0,-10.5,-5.5
celtic,2016,38,8,2016,38,2016-09-19,8,50.765875,-6.28475,1.0482954545454548,71.21212121212127,30.73770491803275,411.9318181818176,1.0,12.01515151515151,49.5,52.0,-10.5,-5.5
celtic,2016,40,11,2016,40,2016-10-03,11,50.26654545454546,-8.018454545454546,1.3450413223140492,38.56749311294771,588.6736214605066,692.1487603305784,1.2727272727272727,0.3928030303030305,49.5,52.0,-10.5,-5.5
celtic,2016,41,8,2016,41,2016-10-10,8,50.735,-6.290375,0.36931818181818216,20.45454545454546,1116.8032786885249,525.5681818181816,5.375,0.8361376711040506,49.5,52.0,-10.5,-5.5
celtic,2016,44,7,2016,44,2016-10-31,7,49.64185714285714,-7.079571428571429,0.02922077922077924,9.090909090909095,140.51522248243558,97.40259740259742,0.8571428571428571,0.9242424242424252,49.5,52.0,-10.5,-5.5
celtic,2016,48,2,2016,48,2016-11-28,2,49.6365,-5.909,0.2159090909090905,0.0,0.0,0.0,0.0,,49.5,52.0,-10.5,-5.5
celtic,2016,51,9,2016,51,2016-12-19,9,50.659333333333336,-6.2363333333333335,0.6414141414141415,7.070707070707076,0.0,0.0,0.6666666666666666,,49.5,52.0,-10.5,-5.5
celtic,2017,3,8,2017,3,2017-01-16,8,50.810375,-6.2495,0.1988636363636363,3.977272727272731,61.47540983606562,0.0,0.0,0.0,49.5,52.0,-10.5,-5.5
celtic,2017,4,2,2017,4,2017-01-23,2,49.581500000000005,-6.086,0.01136363636363635,0.0,0.0,0.0,1.0,,49.5,52.0,-10.5,-5.5
celtic,2017,9,8,2017,9,2017-02-27,8,50.831875000000004,-6.289875,0.3124999999999999,7.00757575757576,0.0,0.0,1.0,,49.5,52.0,-10.5,-5.5
celtic,2017,11,8,2017,11,2017-03-13,8,50.823375,-6.258,0.12499999999999997,7.9545454545454515,92.21311475409837,0.0,0.0,0.0,49.5,52.0,-10.5,-5.5
celtic,2017,16,6,2017,16,2017-04-17,6,49.69050000000001,-6.931,0.7916666666666664,39.898989898989896,1939.890710382514,56.818181818181834,1.3333333333333333,0.27727272727272767,49.5,52.0,-10.5,-5.5
celtic,2017,20,6,2017,20,2017-05-15,6,49.684666666666665,-6.8735,1.0643939393939394,67.67676767676767,3169.3989071038254,227.27272727272668,1.1666666666666667,0.08664772727272708,49.5,52.0,-10.5,-5.5
celtic,2017,24,3,2017,24,2017-06-12,3,49.648666666666664,-6.235666666666667,0.06818181818181807,31.313131313131333,874.3169398907104,984.8484848484853,1.3333333333333333,2.1975764134855056,49.5,52.0,-10.5,-5.5
celtic,2017,28,6,2017,28,2017-07-10,6,49.6215,-6.9191666666666665,0.05681818181818175,3.7878787878787885,163.93442622950818,1571.969696969697,1.0,10.320707070707078,49.5,52.0,-10.5,-5.5
celtic,2017,31,6,2017,31,2017-07-31,6,50.440666666666665,-6.497166666666666,0.0909090909090909,26.51515151515154,874.3169398907099,1155.3030303030307,1.1666666666666667,1.7745454545454542,49.5,52.0,-10.5,-5.5
celtic,2017,32,4,2017,32,2017-08-07,4,49.57325,-6.4465,0.3068181818181819,19.6969696969697,184.42622950819674,170.4545454545455,1.0,0.6931818181818191,49.5,52.0,-10.5,-5.5
celtic,2017,34,8,2017,34,2017-08-21,8,50.811,-6.296625,0.053977272727272735,24.810606060606066,184.42622950819674,1392.045454545455,1.8125,6.058922558922565,49.5,52.0,-10.5,-5.5
celtic,2017,36,6,2017,36,2017-09-04,6,49.6215,-6.9334999999999996,0.6704545454545459,47.72727272727273,273.224043715847,852.272727272726,1.3333333333333333,2.772727272727269,49.5,52.0,-10.5,-5.5
celtic,2017,37,7,2017,37,2017-09-11,7,50.74428571428571,-6.291714285714286,0.025974025974025927,13.852813852813867,1393.4426229508206,633.1168831168831,3.0,0.509422239637757,49.5,52.0,-10.5,-5.5
celtic,2017,40,11,2017,40,2017-10-02,11,50.50054545454545,-6.293363636363637,0.10537190082644622,35.26170798898069,186.28912071534998,299.5867768595042,1.7727272727272727,0.550990675990676,49.5,52.0,-10.5,-5.5
celtic,2017,44,10,2017,44,2017-10-30,10,49.6417,-7.8997,0.08409090909090913,2.272727272727273,647.540983606557,68.1818181818182,1.4,0.07871295371295396,49.5,52.0,-10.5,-5.5
celtic,2017,48,10,2017,48,2017-11-27,10,49.7007,-7.8959,0.38409090909090887,7.727272727272727,844.2622950819677,102.2727272727273,0.9,0.1081189251000572,49.5,52.0,-10.5,-5.5
celtic,2018,5,8,2018,5,2018-01-29,8,50.724125,-6.425375,0.059659090909090946,0.7575757575757575,92.21311475409837,0.0,0.0,0.0,49.5,52.0,-10.5,-5.5
celtic,2018,10,8,2018,10,2018-03-05,8,50.68625,-6.480875,0.06818181818181815,1.704545454545455,0.0,0.0,1.0,,49.5,52.0,-10.5,-5.5
celtic,2018,19,7,2018,19,2018-05-07,7,50.73171428571429,-5.936142857142857,0.3409090909090908,54.112554112554044,1241.217798594848,422.0779220779217,3.5,0.19805194805194798,49.5,52.0,-10.5,-5.5
celtic,2018,22,6,2018,22,2018-05-28,6,50.476333333333336,-5.906166666666667,0.07954545454545457,23.23232323232322,2841.5300546448075,113.63636363636367,1.3333333333333333,0.23912085976039496,49.5,52.0,-10.5,-5.5
celtic,2018,28,6,2018,28,2018-07-09,6,50.432500000000005,-5.826833333333333,0.0,11.868686868686886,1256.830601092896,2121.21212121212,1.5,3.088278267626091,49.5,52.0,-10.5,-5.5
celtic,2018,31,8,2018,31,2018-07-30,8,50.704625,-6.889625,0.11647727272727282,54.54545454545464,30.73770491803275,2088.0681818181824,1.25,5.545454545454538,49.5,52.0,-10.5,-5.5
celtic,2018,43,7,2018,43,2018-10-22,7,50.75485714285714,-5.889285714285714,1.7272727272727264,26.406926406926427,608.8992974238872,357.1428571428574,1.0,0.33097870597870643,49.5,52.0,-10.5,-5.5
celtic,2018,47,7,2018,47,2018-11-19,7,50.76642857142857,-5.865428571428572,0.1525974025974024,3.2467532467532467,140.51522248243543,0.0,1.1428571428571428,0.0,49.5,52.0,-10.5,-5.5
celtic,2018,52,6,2018,52,2018-12-24,6,50.32833333333334,-5.822833333333333,1.2424242424242422,6.060606060606061,0.0,0.0,0.0,,49.5,52.0,-10.5,-5.5
celtic,2019,6,6,2019,6,2019-02-04,6,50.427166666666665,-5.797499999999999,0.272727272727273,2.5252525252525246,81.967213114754,0.0,1.0,0.0,49.5,52.0,-10.5,-5.5
celtic,2019,12,8,2019,12,2019-03-18,8,50.697250000000004,-5.974749999999999,0.33522727272727254,15.340909090909092,153.68852459016387,0.0,1.0,0.0,49.5,52.0,-10.5,-5.5
celtic,2019,16,8,2019,16,2019-04-15,8,50.832875,-5.84675,0.9602272727272733,23.295454545454536,3032.7868852459032,42.613636363636374,1.125,0.010397727272727263,49.5,52.0,-10.5,-5.5
celtic,2019,19,8,2019,19,2019-05-06,8,50.782125,-5.854875,0.028409090909090925,16.477272727272737,4692.622950819671,752.8409090909089,2.875,0.4310933725845398,49.5,52.0,-10.5,-5.5
celtic,2019,25,7,2019,25,2019-06-17,7,50.78857142857142,-5.829,0.02597402597402591,1.7316017316017314,152.22482435597186,503.24675324675366,1.4285714285714286,1.1222943722943735,49.5,52.0,-10.5,-5.5
celtic,2019,28,8,2019,28,2019-07-08,8,50.6685,-5.862875,0.017045454545454586,7.386363636363633,153.68852459016387,639.2045454545469,1.25,3.11931818181819,49.5,52.0,-10.5,-5.5
celtic,2019,31,1,2019,31,2019-07-29,1,49.505,-5.63,0.0,12.1212121212121,5163.93442622951,7954.54545454545,2.0,1.540404040404039,49.5,52.0,-10.5,-5.5
celtic,2019,34,6,2019,34,2019-08-19,6,50.553333333333335,-5.7835,0.09090909090909084,39.3939393939394,2281.4207650273215,1628.7878787878783,3.0,1.9858008658008692,49.5,52.0,-10.5,-5.5
celtic,2019,37,8,2019,37,2019-09-09,8,50.844375,-5.944,0.06818181818181816,24.242424242424256,2581.9672131147536,2528.40909090909,4.6875,1.4696089789097653,49.5,52.0,-10.5,-5.5
celtic,2019,41,6,2019,41,2019-10-07,6,50.56716666666667,-5.878666666666667,0.3295454545454547,17.676767676767685,1926.2295081967193,1496.2121212121222,4.25,1.1762749562568413,49.5,52.0,-10.5,-5.5
celtic,2019,47,6,2019,47,2019-11-18,6,50.42166666666666,-5.804333333333333,0.9848484848484844,16.66666666666665,40.983606557377,56.818181818181834,1.0,0.0,49.5,52.0,-10.5,-5.5
celtic,2020,4,8,2020,4,2020-01-20,8,50.6635,-6.30375,0.025568181818181827,0.9469696969696975,30.73770491803275,0.0,1.0,0.0,49.5,52.0,-10.5,-5.5
celtic,2020,11,8,2020,11,2020-03-09,8,50.85025,-6.221,0.0028409090909090875,0.7575757575757575,0.0,0.0,1.0,,49.5,52.0,-10.5,-5.5
celtic,2020,15,8,2020,15,2020-04-06,8,50.755375,-6.609375,0.19318181818181807,22.727272727272727,1198.770491803278,85.22727272727275,1.25,0.07998251748251775,49.5,52.0,-10.5,-5.5
celtic,2020,20,5,2020,20,2020-05-11,5,51.143,-6.2296,0.1772727272727272,88.48484848484853,672.1311475409843,0.0,1.4,0.0,49.5,52.0,-10.5,-5.5
celtic,2020,21,3,2020,21,2020-05-18,3,49.864666666666665,-6.822333333333333,0.8333333333333344,25.757575757575747,2377.04918032787,0.0,1.6666666666666667,0.0,49.5,52.0,-10.5,-5.5
celtic,2020,29,5,2020,29,2020-07-13,5,49.595,-6.8122,0.013636363636363641,15.15151515151516,2229.5081967213114,6704.545454545453,1.4,1.8954110488309848,49.5,52.0,-10.5,-5.5
celtic,2020,34,1,2020,34,2020-08-17,1,49.648,-5.872,0.0,6.06060606060606,0.0,0.0,1.0,,49.5,52.0,-10.5,-5.5
celtic,2020,39,2,2020,39,2020-09-21,2,49.659,-5.772,0.068181818181818,12.1212121212121,0.0,0.0,1.0,,49.5,52.0,-10.5,-5.5
celtic,2020,46,8,2020,46,2020-11-09,8,50.719,-5.8725000000000005,0.30965909090909083,10.037878787878789,61.4754098360655,0.0,1.0,0.0,49.5,52.0,-10.5,-5.5
celtic,2021,6,9,2021,6,2021-02-08,9,50.70766666666667,-6.814666666666667,0.6590909090909093,1.01010101010101,54.644808743169335,0.0,1.0,0.0,49.5,52.0,-10.5,-5.5
celtic,2021,8,7,2021,8,2021-02-22,7,50.685428571428574,-5.895714285714285,0.019480519480519428,1.5151515151515156,35.12880562060886,0.0,1.0,0.0,49.5,52.0,-10.5,-5.5
celtic,2021,9,8,2021,9,2021-03-01,8,50.809375,-6.3975,0.6392045454545456,6.25,0.0,0.0,1.0,,49.5,52.0,-10.5,-5.5
celtic,2021,12,7,2021,12,2021-03-22,7,50.712857142857146,-6.005000000000001,0.27922077922077926,2.380952380952381,362.99765807962524,113.63636363636358,0.8571428571428571,0.21565656565656552,49.5,52.0,-10.5,-5.5
celtic,2021,14,7,2021,14,2021-04-05,7,50.74014285714286,-6.399571428571428,0.019480519480519487,4.112554112554116,5163.934426229506,48.70129870129871,1.5714285714285714,0.00374692874692875,49.5,52.0,-10.5,-5.5
celtic,2021,15,12,2021,15,2021-04-12,12,51.04366666666667,-7.6107499999999995,0.36363636363636354,24.494949494949505,1454.9180327868844,208.33333333333357,1.25,0.14718381835765798,49.5,52.0,-10.5,-5.5
celtic,2021,20,8,2021,20,2021-05-17,8,50.779125,-6.0015,0.07386363636363638,19.31818181818185,1608.6065573770488,170.4545454545455,1.6875,0.12225502362221127,49.5,52.0,-10.5,-5.5
celtic,2021,22,7,2021,22,2021-05-31,7,50.74728571428572,-5.997571428571428,0.03246753246753243,5.627705627705625,550.3512880562064,97.40259740259742,1.2857142857142858,0.14210227272727252,49.5,52.0,-10.5,-5.5
celtic,2021,27,8,2021,27,2021-07-05,8,51.577,-8.678,0.0142045454545455,3.4090909090909136,1875.000000000001,582.3863636363644,2.0625,0.47483595490270253,49.5,52.0,-10.5,-5.5
celtic,2021,28,7,2021,28,2021-07-12,7,50.697428571428574,-6.011428571428572,0.05519480519480524,22.51082251082251,632.3185011709596,2694.8051948051957,1.0,7.143796859705961,49.5,52.0,-10.5,-5.5
celtic,2021,33,8,2021,33,2021-08-16,8,50.79625,-5.9785,0.036931818181818135,4.356060606060605,614.7540983606553,269.8863636363633,1.25,0.7939005439005431,49.5,52.0,-10.5,-5.5
celtic,2021,37,1,2021,37,2021-09-13,1,51.9,-5.895,0.0909090909090909,25.7575757575758,0.0,5795.45454545455,6.5,,49.5,52.0,-10.5,-5.5
celtic,2021,38,15,2021,38,2021-09-20,15,51.12186666666666,-7.5984,0.5590909090909092,23.737373737373737,360.6557377049182,3500.0,4.066666666666666,5.887589285714283,49.5,52.0,-10.5,-5.5
celtic,2021,41,8,2021,41,2021-10-11,8,50.744125,-6.434,0.26988636363636365,17.80303030303031,184.42622950819674,269.8863636363636,1.125,1.5018939393939394,49.5,52.0,-10.5,-5.5
celtic,2021,48,8,2021,48,2021-11-29,8,50.863875,-6.438125,0.3068181818181819,8.712121212121215,30.73770491803275,0.0,1.125,0.0,49.5,52.0,-10.5,-5.5
celtic,2021,50,8,2021,50,2021-12-13,8,50.7955,-6.412375,0.014204545454545463,4.924242424242429,92.21311475409837,99.43181818181813,1.0,0.8087121212121201,49.5,52.0,-10.5,-5.5
celtic,2022,3,17,2022,3,2022-01-17,17,50.20911764705882,-7.094117647058823,0.2994652406417112,2.584670231729053,28.92960462873671,0.0,0.5882352941176471,0.0,49.5,52.0,-10.5,-5.5
celtic,2022,7,8,2022,7,2022-02-14,8,51.502875,-8.66325,0.3380681818181812,5.871212121212124,184.42622950819685,0.0,1.0,0.0,49.5,52.0,-10.5,-5.5
celtic,2022,8,6,2022,8,2022-02-21,6,50.54983333333333,-6.514333333333333,0.007575757575757566,0.0,40.983606557377,0.0,1.0,0.0,49.5,52.0,-10.5,-5.5
celtic,2022,12,13,2022,12,2022-03-21,13,51.06469230769231,-7.002076923076923,0.8758741258741259,52.33100233100234,3291.2988650693537,131.11888111888115,3.1153846153846154,0.1204991419623322,49.5,52.0,-10.5,-5.5
celtic,2022,13,12,2022,13,2022-03-28,12,50.058083333333336,-8.44125,0.08333333333333337,24.494949494949484,10525.956284153004,331.4393939393944,4.166666666666667,0.03554387954279497,49.5,52.0,-10.5,-5.5
celtic,2022,16,8,2022,16,2022-04-18,8,50.697625,-6.444125,0.05681818181818167,22.916666666666668,3135.24590163935,326.70454545454623,3.1875,0.04021103024726218,49.5,52.0,-10.5,-5.5
celtic,2022,18,16,2022,18,2022-05-02,16,50.5890625,-8.091125,1.6548295454545456,67.3295454545455,1818.6475409836064,177.55681818181836,1.5,0.21254682141451642,49.5,52.0,-10.5,-5.5
celtic,2022,19,8,2022,19,2022-05-09,8,50.791,-5.993,0.4772727272727265,64.96212121212123,1608.60655737705,1789.772727272728,1.875,2.2191259682667694,49.5,52.0,-10.5,-5.5
celtic,2022,27,8,2022,27,2022-07-04,8,50.835499999999996,-6.5455,0.48579545454545414,26.893939393939405,1106.5573770491808,738.6363636363631,1.375,0.8013097331735719,49.5,52.0,-10.5,-5.5
celtic,2022,28,6,2022,28,2022-07-11,6,49.605,-6.966833333333334,0.08712121212121215,17.67676767676769,122.95081967213116,776.5151515151501,1.3333333333333333,1.3863636363636316,49.5,52.0,-10.5,-5.5
celtic,2022,29,8,2022,29,2022-07-18,8,51.575625,-8.64025,0.0,7.954545454545455,327.86885245901647,1065.340909090909,3.0,2.596681096681096,49.5,52.0,-10.5,-5.5
celtic,2022,31,1,2022,31,2022-08-01,1,49.553,-5.889,0.0454545454545455,59.0909090909091,245.901639344262,681.818181818182,6.5,2.7727272727272765,49.5,52.0,-10.5,-5.5
celtic,2022,32,8,2022,32,2022-08-08,8,50.71725,-6.41725,0.03124999999999999,4.166666666666672,0.0,312.5000000000002,1.375,,49.5,52.0,-10.5,-5.5
celtic,2022,34,8,2022,34,2022-08-22,8,51.60025,-8.61475,0.03977272727272733,17.803030303030308,676.2295081967223,838.0681818181818,2.5625,1.4513494318181803,49.5,52.0,-10.5,-5.5
celtic,2022,48,8,2022,48,2022-11-28,8,50.630250000000004,-6.4571250000000004,0.039772727272727314,4.924242424242424,61.4754098360655,0.0,1.0,0.0,49.5,52.0,-10.5,-5.5
irish_sea,1982,6,9,1982,6,1982-02-08,9,53.50333333333333,-4.671477777777778,0.0075757575757575656,0.0,0.0,0.0,0.0,,52.5,54.5,-6.2,-3.2
irish_sea,1982,11,9,1982,11,1982-03-15,9,53.57703333333333,-4.672599999999999,0.0025252525252525224,0.5050505050505056,0.0,0.0,0.0,,52.5,54.5,-6.2,-3.2
irish_sea,1982,15,9,1982,15,1982-04-12,9,53.49684444444444,-4.686299999999999,0.027777777777777776,44.4444444444444,947.1766848816031,37.87878787878789,0.6666666666666666,0.012378246753246754,52.5,54.5,-6.2,-3.2
irish_sea,1982,19,9,1982,19,1982-05-10,9,53.514066666666665,-4.667977777777778,0.10353535353535352,85.69023569023568,0.0,0.0,0.0,,52.5,54.5,-6.2,-3.2
irish_sea,1982,23,9,1982,23,1982-06-07,9,53.46777777777778,-4.657588888888889,0.4217171717171715,71.04377104377109,1092.8961748633888,37.87878787878789,0.7777777777777778,0.01434169278996865,52.5,54.5,-6.2,-3.2
irish_sea,1982,28,8,1982,28,1982-07-12,8,53.437287500000004,-4.5177125,0.01704545454545455,52.6515151515152,1875.0000000000002,85.22727272727275,1.3125,0.024611053059328925,52.5,54.5,-6.2,-3.2
irish_sea,1982,36,9,1982,36,1982-09-06,9,53.516666666666666,-4.576466666666667,0.08080808080808081,19.865319865319865,91.07468123861567,37.87878787878789,0.3333333333333333,0.6931818181818191,52.5,54.5,-6.2,-3.2
irish_sea,1982,41,8,1982,41,1982-10-11,8,53.51605,-4.5556125,0.08238636363636369,12.500000000000005,204.91803278688485,42.613636363636374,1.5625,0.0,52.5,54.5,-6.2,-3.2
irish_sea,1982,45,8,1982,45,1982-11-08,8,53.516875,-4.5345625,0.01420454545454545,0.37878787878787873,0.0,0.0,0.0,,52.5,54.5,-6.2,-3.2
irish_sea,1983,3,9,1983,3,1983-01-17,9,53.4885,-4.663711111111111,0.0,0.5050505050505056,0.0,0.0,0.0,,52.5,54.5,-6.2,-3.2
irish_sea,1983,7,9,1983,7,1983-02-14,9,53.50536666666667,-4.7020333333333335,0.015151515151515145,0.33670033670033667,0.0,0.0,0.0,,52.5,54.5,-6.2,-3.2
irish_sea,1983,12,8,1983,12,1983-03-21,8,53.47,-4.5543625,0.0,0.0,286.885245901639,0.0,0.5,0.0,52.5,54.5,-6.2,-3.2
irish_sea,1983,14,9,1983,14,1983-04-04,9,53.46758888888889,-4.687388888888889,0.05555555555555548,9.259259259259252,2149.362477231327,277.77777777777806,0.9444444444444444,0.0931256764069265,52.5,54.5,-6.2,-3.2
irish_sea,1983,19,5,1983,19,1983-05-09,5,53.55134,-4.11864,0.06818181818181827,10.909090909090922,0.0,68.1818181818182,0.2,,52.5,54.5,-6.2,-3.2
irish_sea,1983,24,8,1983,24,1983-06-13,8,53.542500000000004,-4.5631375,0.0028409090909090875,7.386363636363651,1424.1803278688515,170.4545454545455,1.25,0.19914772727272725,52.5,54.5,-6.2,-3.2
irish_sea,1983,28,8,1983,28,1983-07-11,8,53.54,-4.52855,0.1051136363636363,101.13636363636368,604.5081967213109,582.3863636363635,0.125,0.6325284090909091,52.5,54.5,-6.2,-3.2
irish_sea,1983,33,8,1983,33,1983-08-15,8,53.5329125,-4.5552,0.1562499999999999,82.19696969696976,348.360655737705,1747.1590909090914,2.0,2.547443181818181,52.5,54.5,-6.2,-3.2
irish_sea,1983,37,9,1983,37,1983-09-12,9,53.468711111111105,-4.714255555555556,0.2146464646464645,20.538720538720543,182.14936247723134,37.87878787878789,0.0,0.0,52.5,54.5,-6.2,-3.2
irish_sea,1983,43,1,1983,43,1983-10-24,1,53.5383,-3.56,0.0681818181818182,0.0,0.0,0.0,0.0,,52.5,54.5,-6.2,-3.2
irish_sea,1983,48,8,1983,48,1983-11-28,8,53.5252,-4.4948,0.014204545454545463,1.5151515151515162,0.0,0.0,0.0,,52.5,54.5,-6.2,-3.2
irish_sea,1983,50,8,1983,50,1983-12-12,8,53.5473,-4.5987375,0.014204545454545463,0.7575757575757575,0.0,0.0,0.0,,52.5,54.5,-6.2,-3.2
irish_sea,1984,4,8,1984,4,1984-01-23,8,53.54875,-4.6,0.0028409090909090875,0.37878787878787873,0.0,0.0,0.0,,52.5,54.5,-6.2,-3.2
irish_sea,1984,8,8,1984,8,1984-02-20,8,53.519175,-4.5745875,0.0028409090909090875,0.0,61.47540983606562,0.0,0.0,0.0,52.5,54.5,-6.2,-3.2
irish_sea,1984,10,9,1984,10,1984-03-05,9,53.53834444444445,-4.7257444444444445,0.0,0.0,0.0,0.0,0.0,,52.5,54.5,-6.2,-3.2
irish_sea,1984,16,9,1984,16,1984-04-16,9,53.49241111111111,-4.658711111111111,0.0101010101010101,1.01010101010101,300.54644808743154,366.1616161616167,0.0,0.9165404040404055,52.5,54.5,-6.2,-3.2
irish_sea,1984,23,9,1984,23,1984-06-04,9,53.51611111111111,-4.609644444444445,0.005050505050505055,4.713804713804714,2331.5118397085616,1792.9292929292928,2.2777777777777777,0.5386876101886243,52.5,54.5,-6.2,-3.2
irish_sea,1984,29,8,1984,29,1984-07-16,8,53.5208375,-4.54,0.04829545454545449,39.772727272727316,317.62295081967227,3565.3409090909086,1.375,8.067316017316013,52.5,54.5,-6.2,-3.2
irish_sea,1984,33,7,1984,33,1984-08-13,7,53.504999999999995,-4.869057142857143,0.003246753246753243,3.679653679653684,725.995316159251,730.5194805194816,0.5714285714285714,0.8019559631401743,52.5,54.5,-6.2,-3.2
irish_sea,1984,36,8,1984,36,1984-09-03,8,53.51395,-4.615825,0.21306818181818155,25.378787878787886,420.0819672131144,724.4318181818179,0.375,1.1784090909090912,52.5,54.5,-6.2,-3.2
irish_sea,1984,43,8,1984,43,1984-10-22,8,53.518975,-4.6072875,0.014204545454545449,3.030303030303036,30.73770491803275,42.613636363636374,0.0,0.0,52.5,54.5,-6.2,-3.2
irish_sea,1984,46,9,1984,46,1984-11-12,9,53.587222222222216,-4.670188888888889,0.04545454545454533,0.6734006734006733,27.322404371584668,0.0,0.0,0.0,52.5,54.5,-6.2,-3.2
irish_sea,1984,49,8,1984,49,1984-12-03,8,53.476875,-4.5321,0.005681818181818175,0.0,0.0,0.0,0.0,,52.5,54.5,-6.2,-3.2
irish_sea,1985,3,9,1985,3,1985-01-14,9,53.5387,-4.651655555555555,0.020202020202020207,1.3468013468013467,27.322404371584668,37.87878787878789,0.0,0.0,52.5,54.5,-6.2,-3.2
irish_sea,1985,7,9,1985,7,1985-02-11,9,53.50555555555556,-4.651122222222223,0.0025252525252525224,0.33670033670033667,0.0,0.0,0.0,,52.5,54.5,-6.2,-3.2
irish_sea,1985,16,8,1985,16,1985-04-15,8,53.5354375,-4.5277125,0.0,4.7348484848484915,1321.7213114754104,539.7727272727279,0.625,0.22771368166717015,52.5,54.5,-6.2,-3.2
irish_sea,1985,19,9,1985,19,1985-05-06,9,53.509255555555555,-4.6542666666666666,0.005050505050505055,10.437710437710434,1493.624772313301,151.51515151515156,0.8888888888888888,0.24241558441558472,52.5,54.5,-6.2,-3.2
irish_sea,1985,24,8,1985,24,1985-06-10,8,53.5022875,-4.4745875,0.0,30.87499999999997,1393.4426229508208,3110.795454545456,0.625,5.370714962121214,52.5,54.5,-6.2,-3.2
irish_sea,1985,37,8,1985,37,1985-09-09,8,53.53105,-4.5325,0.5511363636363629,44.69696969696972,266.3934426229511,497.15909090909037,0.0,1.5101461038961022,52.5,54.5,-6.2,-3.2
irish_sea,1985,41,8,1985,41,1985-10-07,8,53.5154125,-4.555,0.03409090909090903,2.083333333333334,245.90163934426224,227.27272727272762,0.5,0.6546717171717182,52.5,54.5,-6.2,-3.2
irish_sea,1985,47,8,1985,47,1985-11-18,8,53.50125,-4.528975,0.09374999999999993,5.871212121212118,0.0,0.0,0.125,,52.5,54.5,-6.2,-3.2
irish_sea,1986,3,8,1986,3,1986-01-13,8,53.533125,-4.5527125,0.0,0.7575757575757575,0.0,0.0,0.0,,52.5,54.5,-6.2,-3.2
irish_sea,1986,6,8,1986,6,1986-02-03,8,53.5227125,-4.56605,0.008522727272727276,0.0,0.0,0.0,0.0,,52.5,54.5,-6.2,-3.2
irish_sea,1986,8,4,1986,8,1986-02-17,4,52.98335,-5.025025,0.06818181818181818,4.166666666666667,0.0,0.0,0.25,,52.5,54.5,-6.2,-3.2
irish_sea,1986,12,9,1986,12,1986-03-17,9,53.497033333333334,-4.668333333333333,0.0,1.1784511784511789,54.644808743169335,37.87878787878789,0.0,0.0,52.5,54.5,-6.2,-3.2
irish_sea,1986,14,2,1986,14,1986-03-31,2,52.805800000000005,-5.16,0.0,0.0,0.0,0.0,0.0,,52.5,54.5,-6.2,-3.2
irish_sea,1986,15,8,1986,15,1986-04-07,8,53.5191625,-4.5348,0.008522727272727276,5.3030303030303045,215.16393442622962,42.613636363636374,0.375,0.17329545454545445,52.5,54.5,-6.2,-3.2
irish_sea,1986,18,3,1986,18,1986-04-28,3,52.91833333333333,-4.947766666666666,0.14393939393939417,10.101010101010111,163.934426229508,0.0,0.3333333333333333,0.0,52.5,54.5,-6.2,-3.2
irish_sea,1986,22,4,1986,22,1986-05-26,4,53.0375,-4.9171,0.0,15.530303030303024,61.4754098360655,0.0,0.5,0.0,52.5,54.5,-6.2,-3.2
irish_sea,1986,25,8,1986,25,1986-06-16,8,53.4947875,-4.5368625,0.0,28.97727272727272,3084.0163934426237,951.704545454546,4.125,0.5800711275852868,52.5,54.5,-6.2,-3.2
irish_sea,1986,26,3,1986,26,1986-06-23,3,53.0272,-5.08,0.03030303030303033,3.5353535353535364,1202.1857923497255,113.63636363636367,6.5,0.13863636363636367,52.5,54.5,-6.2,-3.2
irish_sea,1986,28,8,1986,28,1986-07-07,8,53.523137500000004,-4.5445875000000004,0.005681818181818187,55.30303030303028,348.3606557377055,1079.545454545455,1.6875,3.3840751262626294,52.5,54.5,-6.2,-3.2
irish_sea,1986,30,4,1986,30,1986-07-21,4,52.979150000000004,-5.051275,0.15909090909090917,9.469696969696962,61.4754098360655,0.0,0.5,0.0,52.5,54.5,-6.2,-3.2
irish_sea,1986,32,8,1986,32,1986-08-04,8,53.516675,-4.5508125,0.0028409090909090875,2.4621212121212124,870.9016393442627,724.4318181818192,0.5,0.7417045454545462,52.5,54.5,-6.2,-3.2
irish_sea,1986,37,2,1986,37,1986-09-08,2,53.555,-3.7333,0.0,15.90909090909093,532.7868852459015,738.6363636363654,1.0,1.3863636363636394,52.5,54.5,-6.2,-3.2
irish_sea,1986,38,2,1986,38,1986-09-15,2,52.7275,-5.029999999999999,0.068181818181818,1.515151515151515,0.0,0.0,1.0,,52.5,54.5,-6.2,-3.2
irish_sea,1986,44,12,1986,44,1986-10-27,12,53.35028333333333,-4.746383333333333,0.007575757575757566,0.505050505050505,0.0,28.409090909090917,0.0,,52.5,54.5,-6.2,-3.2
irish_sea,1986,48,4,1986,48,1986-11-24,4,53.0546,-4.960825,0.01136363636363635,1.515151515151515,0.0,0.0,0.0,,52.5,54.5,-6.2,-3.2
irish_sea,1986,50,8,1986,50,1986-12-08,8,53.5175,-4.5472875,0.011363636363636364,0.0,0.0,0.0,0.0,,52.5,54.5,-6.2,-3.2
irish_sea,1987,7,2,1987,7,1987-02-09,2,52.995,-5.6242,0.0,1.515151515151515,0.0,0.0,0.0,,52.5,54.5,-6.2,-3.2
irish_sea,1987,12,4,1987,12,1987-03-16,4,53.139575,-4.84,0.0,2.2727272727272725,0.0,0.0,0.0,,52.5,54.5,-6.2,-3.2
irish_sea,1987,16,8,1987,16,1987-04-13,8,53.533125,-4.500825,0.011363636363636374,3.97727272727273,30.73770491803275,0.0,0.25,0.0,52.5,54.5,-6.2,-3.2
irish_sea,1987,20,8,1987,20,1987-05-11,8,53.5210375,-4.528325,0.005681818181818187,1.8939393939393936,840.1639344262289,269.8863636363641,1.8125,0.17477661227661254,52.5,54.5,-6.2,-3.2
irish_sea,1987,22,4,1987,22,1987-05-25,4,53.075,-4.975825,0.0,18.939393939393938,1290.9836065573788,255.68181818181824,1.5,0.2752827316224444,52.5,54.5,-6.2,-3.2
irish_sea,1987,26,4,1987,26,1987-06-22,4,53.094175,-4.924575,0.01704545454545455,68.93939393939391,122.950819672131,0.0,1.0,0.0,52.5,54.5,-6.2,-3.2
irish_sea,1987,28,8,1987,28,1987-07-06,8,53.521875,-4.5404125,0.0,14.015151515151523,2704.918032786886,3764.2045454545496,1.625,5.107360849778756,52.5,54.5,-6.2,-3.2
irish_sea,1987,30,4,1987,30,1987-07-20,4,53.077075,-4.942475,0.017045454545454523,17.424242424242443,942.6229508196725,426.136363636363,1.25,0.46789772727272616,52.5,54.5,-6.2,-3.2
irish_sea,1987,32,2,1987,32,1987-08-03,2,53.3517,-4.68,0.0,4.545454545454545,983.60655737705,511.3636363636365,3.75,0.3465909090909089,52.5,54.5,-6.2,-3.2
irish_sea,1987,33,6,1987,33,1987-08-10,6,53.48833333333334,-5.12415,0.07196969696969692,14.646464646464631,81.967213114754,303.030303030303,0.5,0.6931818181818191,52.5,54.5,-6.2,-3.2
irish_sea,1987,36,1,1987,36,1987-08-31,1,53.5367,-3.5717,0.0,66.6666666666667,2868.85245901639,2159.09090909091,6.5,0.7525974025974037,52.5,54.5,-6.2,-3.2
irish_sea,1987,37,7,1987,37,1987-09-07,7,53.50642857142857,-4.684542857142858,0.016233766233766243,16.883116883116887,210.7728337236534,1185.0649350649348,1.0,4.216856060606058,52.5,54.5,-6.2,-3.2
irish_sea,1987,38,4,1987,38,1987-09-14,4,53.034575000000004,-4.98375,0.06249999999999998,16.2878787878788,0.0,0.0,0.5,,52.5,54.5,-6.2,-3.2
irish_sea,1987,44,4,1987,44,1987-10-26,4,53.073325,-4.977075,0.10795454545454547,5.6818181818181825,0.0,0.0,0.0,,52.5,54.5,-6.2,-3.2
irish_sea,1987,45,9,1987,45,1987-11-02,9,53.51036666666667,-4.683322222222222,0.0025252525252525224,5.05050505050505,81.967213114754,37.87878787878789,0.3333333333333333,0.46212121212121277,52.5,54.5,-6.2,-3.2
irish_sea,1987,50,8,1987,50,1987-12-07,8,53.5277,-4.4947875,0.03409090909090909,5.303030303030306,61.4754098360655,0.0,0.125,0.0,52.5,54.5,-6.2,-3.2
irish_sea,1988,30,1,1988,30,1988-07-25,1,52.7183,-5.8267,0.0227272727272727,15.1515151515152,0.0,0.0,1.0,,52.5,54.5,-6.2,-3.2
irish_sea,1988,34,1,1988,34,1988-08-22,1,52.5167,-5.865,0.0,9.09090909090909,0.0,0.0,0.0,,52.5,54.5,-6.2,-3.2
irish_sea,1988,38,1,1988,38,1988-09-19,1,52.805,-5.8017,0.0454545454545455,6.06060606060606,0.0,0.0,0.0,,52.5,54.5,-6.2,-3.2
irish_sea,1988,42,2,1988,42,1988-10-17,2,52.728300000000004,-5.88835,0.0340909090909091,25.0,0.0,0.0,1.5,,52.5,54.5,-6.2,-3.2
irish_sea,1988,46,2,1988,46,1988-11-14,2,52.7142,-5.75335,0.40909090909090906,10.60606060606063,0.0,0.0,0.0,,52.5,54.5,-6.2,-3.2
irish_sea,1988,52,1,1988,52,1988-12-26,1,52.5833,-5.8833,0.0454545454545455,15.1515151515152,0.0,340.909090909091,0.0,,52.5,54.5,-6.2,-3.2
irish_sea,1989,4,4,1989,4,1989-01-23,4,53.058324999999996,-4.95335,0.062499999999999924,4.166666666666675,0.0,0.0,0.0,,52.5,54.5,-6.2,-3.2
irish_sea,1989,12,2,1989,12,1989-03-20,2,52.7367,-5.3774999999999995,0.04545454545454545,0.0,0.0,0.0,0.0,,52.5,54.5,-6.2,-3.2
irish_sea,1989,16,4,1989,16,1989-04-17,4,53.051249999999996,-4.99625,0.0,0.0,122.95081967213125,0.0,1.0,0.0,52.5,54.5,-6.2,-3.2
irish_sea,1989,20,5,1989,20,1989-05-15,5,53.36734,-4.99966,0.06363636363636356,9.696969696969694,98.360655737705,68.1818181818182,1.0,0.0,52.5,54.5,-6.2,-3.2
irish_sea,1989,24,3,1989,24,1989-06-12,3,53.07776666666666,-5.11,0.0,0.0,163.93442622950832,0.0,1.3333333333333333,0.0,52.5,54.5,-6.2,-3.2
irish_sea,1989,28,2,1989,28,1989-07-10,2,52.958349999999996,-5.08,0.0,32.5757575757576,245.9016393442625,170.4545454545455,1.0,0.0,52.5,54.5,-6.2,-3.2
irish_sea,1989,36,2,1989,36,1989-09-04,2,52.79915,-5.317500000000001,0.068181818181818,3.03030303030303,0.0,0.0,0.0,,52.5,54.5,-6.2,-3.2
irish_sea,1989,38,9,1989,38,1989-09-18,9,53.54037777777778,-4.655555555555555,0.10353535353535338,16.32996632996633,118.39708561020045,113.63636363636367,0.7777777777777778,0.3465909090909089,52.5,54.5,-6.2,-3.2
irish_sea,1989,40,2,1989,40,1989-10-02,2,52.8283,-5.2575,0.09090909090909075,1.515151515151515,245.9016393442625,0.0,0.0,0.0,52.5,54.5,-6.2,-3.2
irish_sea,1989,42,8,1989,42,1989-10-16,8,53.47895,-4.5423125,0.0,0.18939393939394,61.4754098360655,85.22727272727275,0.5,1.3863636363636382,52.5,54.5,-6.2,-3.2
irish_sea,1989,46,9,1989,46,1989-11-13,9,53.531666666666666,-4.653155555555555,0.035353535353535276,12.626262626262637,81.967213114754,0.0,0.3333333333333333,0.0,52.5,54.5,-6.2,-3.2
irish_sea,1989,49,7,1989,49,1989-12-04,7,53.48834285714286,-4.500228571428571,0.0,0.64935064935065,35.12880562060886,48.70129870129871,0.42857142857142855,1.3863636363636382,52.5,54.5,-6.2,-3.2
irish_sea,1990,2,9,1990,2,1990-01-08,9,53.46221111111111,-4.655011111111111,0.04292929292929285,2.693602693602694,27.322404371584668,0.0,0.0,0.0,52.5,54.5,-6.2,-3.2
irish_sea,1990,14,8,1990,14,1990-04-02,8,53.465,-4.6810375,0.0028409090909090875,6.060606060606058,61.4754098360655,42.613636363636374,0.875,0.6931818181818191,52.5,54.5,-6.2,-3.2
irish_sea,1990,15,5,1990,15,1990-04-09,5,53.234680000000004,-4.8136399999999995,0.01818181818181818,0.0,49.1803278688524,0.0,0.2,0.0,52.5,54.5,-6.2,-3.2
irish_sea,1990,21,9,1990,21,1990-05-21,9,53.53406666666667,-4.6637,0.0,0.33670033670033667,1675.774134790528,37.87878787878789,2.5555555555555554,0.010046113306982879,52.5,54.5,-6.2,-3.2
irish_sea,1990,24,9,1990,24,1990-06-11,9,53.53518888888888,-4.665,0.015151515151515157,15.151515151515152,755.9198542805107,467.1717171717172,1.5555555555555556,0.42823972902097784,52.5,54.5,-6.2,-3.2
irish_sea,1990,25,3,1990,25,1990-06-18,3,53.02443333333334,-4.9833,0.015151515151515166,1.5151515151515167,409.8360655737706,0.0,1.6666666666666667,0.0,52.5,54.5,-6.2,-3.2
irish_sea,1990,27,2,1990,27,1990-07-02,2,53.35915,-4.896649999999999,0.0,6.06060606060606,0.0,0.0,0.5,,52.5,54.5,-6.2,-3.2
irish_sea,1990,28,8,1990,28,1990-07-09,8,53.510850000000005,-4.529575,0.0,22.159090909090914,471.3114754098356,1278.4090909090903,3.1875,2.1103535353535388,52.5,54.5,-6.2,-3.2
irish_sea,1990,35,9,1990,35,1990-08-27,9,53.422377777777776,-4.6992666666666665,0.020202020202020155,17.34006734006734,428.05100182149357,505.0505050505047,1.3333333333333333,0.6725514069264061,52.5,54.5,-6.2,-3.2
irish_sea,1990,37,8,1990,37,1990-09-10,8,53.4672875,-4.5420875,0.0028409090909090875,7.765151515151515,286.8852459016396,553.9772727272725,0.625,1.6336390217969157,52.5,54.5,-6.2,-3.2
irish_sea,1990,41,9,1990,41,1990-10-08,9,53.50352222222222,-4.669822222222222,0.01767676767676768,5.555555555555554,555.5555555555558,479.79797979798036,2.1666666666666665,0.5441294306184019,52.5,54.5,-6.2,-3.2
irish_sea,1990,44,3,1990,44,1990-10-29,3,52.99,-5.154466666666667,0.0,1.01010101010101,0.0,0.0,0.0,,52.5,54.5,-6.2,-3.2
irish_sea,1990,46,3,1990,46,1990-11-12,3,53.06276666666667,-5.1117,0.015151515151515133,1.01010101010101,0.0,0.0,0.0,,52.5,54.5,-6.2,-3.2
irish_sea,1990,49,9,1990,49,1990-12-03,9,53.460366666666665,-4.7163,0.0025252525252525224,2.02020202020202,0.0,0.0,0.0,,52.5,54.5,-6.2,-3.2
irish_sea,1990,50,5,1990,50,1990-12-10,5,53.40234,-5.51466,0.00909090909090908,1.212121212121212,0.0,0.0,0.0,,52.5,54.5,-6.2,-3.2
irish_sea,1991,2,9,1991,2,1991-01-07,9,53.45852222222223,-4.6763,0.0,0.33670033670033667,0.0,0.0,0.0,,52.5,54.5,-6.2,-3.2
irish_sea,1991,7,9,1991,7,1991-02-11,9,53.545199999999994,-4.654633333333333,0.0,0.0,0.0,0.0,0.4444444444444444,,52.5,54.5,-6.2,-3.2
irish_sea,1991,9,2,1991,9,1991-02-25,2,52.93085,-5.09335,0.02272727272727275,0.0,245.9016393442625,0.0,0.0,0.0,52.5,54.5,-6.2,-3.2
irish_sea,1991,10,5,1991,10,1991-03-04,5,53.59066,-4.119339999999999,0.0,0.0,0.0,0.0,0.0,,52.5,54.5,-6.2,-3.2
irish_sea,1991,15,9,1991,15,1991-04-08,9,53.545199999999994,-4.657944444444444,0.0025252525252525224,14.814814814814818,2686.7030965391623,328.2828282828281,1.2777777777777777,0.18250098957646116,52.5,54.5,-6.2,-3.2
irish_sea,1991,17,2,1991,17,1991-04-22,2,52.80335,-5.1625,0.36363636363636354,12.12121212121213,122.950819672131,0.0,0.5,0.0,52.5,54.5,-6.2,-3.2
irish_sea,1991,21,5,1991,21,1991-05-20,5,53.268319999999996,-4.75232,0.1363636363636362,10.303030303030296,770.4918032786879,68.1818181818182,1.2,0.08849129593810454,52.5,54.5,-6.2,-3.2
irish_sea,1991,23,5,1991,23,1991-06-03,5,53.48868,-4.11532,0.0090909090909091,16.66666666666666,2540.983606557378,1750.0000000000007,2.5,0.46341804617684595,52.5,54.5,-6.2,-3.2
irish_sea,1991,25,1,1991,25,1991-06-17,1,52.7333,-5.1883,0.0,4.54545454545455,0.0,0.0,0.0,,52.5,54.5,-6.2,-3.2
irish_sea,1991,27,12,1991,27,1991-07-01,12,53.38207499999999,-4.7261,0.0018939393939393916,5.176767676767679,566.9398907103824,1354.166666666666,1.7916666666666667,1.2643411851306585,52.5,54.5,-6.2,-3.2
irish_sea,1991,32,8,1991,32,1991-08-05,8,53.5389625,-4.7916625,0.0028409090909090875,2.083333333333334,92.21311475409837,454.54545454545473,1.375,2.3106060606060614,52.5,54.5,-6.2,-3.2
irish_sea,1991,36,9,1991,36,1991-09-02,9,53.51407777777777,-4.5812888888888885,0.0025252525252525224,10.94276094276095,282.3315118397087,681.8181818181814,1.3333333333333333,1.5316017316017283,52.5,54.5,-6.2,-3.2
irish_sea,1991,39,1,1991,39,1991-09-23,1,52.76,-5.8883,0.0,0.0,0.0,0.0,1.0,,52.5,54.5,-6.2,-3.2
irish_sea,1991,40,9,1991,40,1991-09-30,9,53.46611111111111,-4.727211111111111,0.0025252525252525224,10.606060606060616,91.07468123861567,37.87878787878789,0.2222222222222222,0.6931818181818191,52.5,54.5,-6.2,-3.2
irish_sea,1991,46,9,1991,46,1991-11-11,9,53.469633333333334,-4.687944444444444,0.0,0.6734006734006733,63.752276867031,0.0,0.3333333333333333,0.0,52.5,54.5,-6.2,-3.2
irish_sea,1991,47,4,1991,47,1991-11-18,4,53.127925,-4.9620750000000005,0.005681818181818175,0.0,61.4754098360655,0.0,0.0,0.0,52.5,54.5,-6.2,-3.2
irish_sea,1991,49,9,1991,49,1991-12-02,9,53.47072222222222,-4.663877777777778,0.0,1.01010101010101,27.322404371584668,37.87878787878789,0.4444444444444444,1.3863636363636382,52.5,54.5,-6.2,-3.2
irish_sea,1992,1,9,1992,1,1991-12-30,9,53.5324,-4.664811111111111,0.0,0.0,27.322404371584668,0.0,0.0,0.0,52.5,54.5,-6.2,-3.2
irish_sea,1992,6,10,1992,6,1992-02-03,10,53.40201,-5.26499,0.00227272727272727,0.303030303030303,0.0,0.0,0.7,,52.5,54.5,-6.2,-3.2
irish_sea,1992,12,8,1992,12,1992-03-16,8,53.524575,-4.5374875,0.0,1.1363636363636362,61.4754098360655,0.0,0.125,0.0,52.5,54.5,-6.2,-3.2
irish_sea,1992,14,9,1992,14,1992-03-30,9,53.514611111111115,-4.693322222222222,0.0,6.90235690235691,54.64480874316944,37.87878787878789,1.3333333333333333,0.0,52.5,54.5,-6.2,-3.2
irish_sea,1992,18,2,1992,18,1992-04-27,2,52.754149999999996,-5.3100000000000005,0.0,0.75757575757576,0.0,0.0,0.0,,52.5,54.5,-6.2,-3.2
irish_sea,1992,23,9,1992,23,1992-06-01,9,53.53388888888889,-4.689444444444444,0.005050505050505045,10.437710437710432,765.0273224043708,189.39393939393943,2.388888888888889,0.24453914141414168,52.5,54.5,-6.2,-3.2
irish_sea,1992,24,3,1992,24,1992-06-08,3,52.85999999999999,-5.826666666666667,0.0,0.0,0.0,0.0,0.0,,52.5,54.5,-6.2,-3.2
irish_sea,1992,28,2,1992,28,1992-07-06,2,53.3575,-5.5825,0.0,44.6969696969697,1065.573770491801,5625.0,2.0,11.824275362318856,52.5,54.5,-6.2,-3.2
irish_sea,1992,34,9,1992,34,1992-08-17,9,53.50741111111111,-4.6527666666666665,0.005050505050505045,10.444444444444448,236.7941712204,656.565656565657,1.3888888888888888,2.132867132867142,52.5,54.5,-6.2,-3.2
irish_sea,1992,35,3,1992,35,1992-08-24,3,52.85166666666667,-5.1372333333333335,0.21969696969696936,45.959595959595966,0.0,0.0,1.0,,52.5,54.5,-6.2,-3.2
irish_sea,1992,37,10,1992,37,1992-09-07,10,53.38184,-4.71081,0.00227272727272727,3.787878787878791,967.2131147540983,215.90909090909116,1.7,0.44479166666666725,52.5,54.5,-6.2,-3.2
irish_sea,1992,41,10,1992,41,1992-10-05,10,53.364160000000005,-4.68817,0.02499999999999997,5.151515151515155,24.5901639344262,215.90909090909116,1.05,6.0075757575757756,52.5,54.5,-6.2,-3.2
irish_sea,1992,45,8,1992,45,1992-11-02,8,53.5258375,-4.5354125,0.0,3.977272727272731,143.44262295081975,227.27272727272762,1.6875,1.584415584415586,52.5,54.5,-6.2,-3.2
irish_sea,1992,49,2,1992,49,1992-11-30,2,52.80415,-5.6941500000000005,0.0,0.0,0.0,0.0,0.0,,52.5,54.5,-6.2,-3.2
irish_sea,1992,50,8,1992,50,1992-12-07,8,53.5247875,-4.5514375,0.01136363636363635,3.5984848484848486,30.73770491803275,0.0,2.0,0.0,52.5,54.5,-6.2,-3.2
irish_sea,1993,1,12,1993,1,1993-01-04,12,53.41278333333333,-4.999583333333333,0.0,0.0,40.983606557377,0.0,0.08333333333333333,0.0,52.5,54.5,-6.2,-3.2
irish_sea,1993,5,8,1993,5,1993-02-01,8,53.964375,-4.5658375,0.0,1.1363636363636362,30.73770491803275,42.613636363636374,0.375,0.0,52.5,54.5,-6.2,-3.2
irish_sea,1993,6,2,1993,6,1993-02-08,2,52.9933,-5.64415,0.0,0.0,0.0,0.0,0.0,,52.5,54.5,-6.2,-3.2
irish_sea,1993,9,9,1993,9,1993-03-01,9,53.512033333333335,-4.605544444444444,0.0,1.01010101010101,27.322404371584668,75.75757575757578,0.4444444444444444,1.3863636363636382,52.5,54.5,-6.2,-3.2
irish_sea,1993,10,1,1993,10,1993-03-08,1,52.6883,-5.84,0.0,3.03030303030303,0.0,0.0,0.0,,52.5,54.5,-6.2,-3.2
irish_sea,1993,13,8,1993,13,1993-03-29,8,53.521275,-4.5579125,0.0,1.893939393939395,133.1967213114755,85.22727272727275,1.0,0.6931818181818178,52.5,54.5,-6.2,-3.2
irish_sea,1993,14,1,1993,14,1993-04-05,1,52.7767,-5.7217,0.0681818181818182,0.0,0.0,0.0,1.0,,52.5,54.5,-6.2,-3.2
irish_sea,1993,18,8,1993,18,1993-05-03,8,53.4635375,-4.6199875,0.0,3.7878787878787903,553.27868852459,42.613636363636374,1.0,0.09242424242424244,52.5,54.5,-6.2,-3.2
irish_sea,1993,22,9,1993,22,1993-05-31,9,53.4587,-4.675000000000001,0.0,7.744107744107743,3069.2167577413516,202.020202020202,2.0,0.06661161640650322,52.5,54.5,-6.2,-3.2
irish_sea,1993,25,3,1993,25,1993-06-21,3,53.072766666666666,-5.099433333333333,0.0,1.01010101010101,1038.25136612022,0.0,1.3333333333333333,0.0,52.5,54.5,-6.2,-3.2
irish_sea,1993,27,9,1993,27,1993-07-05,9,53.507211111111104,-4.687955555555556,0.0025252525252525224,7.912457912457916,2513.6612021857914,2209.5959595959594,2.0,2.595969164374482,52.5,54.5,-6.2,-3.2
irish_sea,1993,35,8,1993,35,1993-08-30,8,53.5083375,-4.546225,0.0,5.303030303030315,368.85245901639286,2485.7954545454545,1.375,5.757260101010109,52.5,54.5,-6.2,-3.2
irish_sea,1993,40,12,1993,40,1993-10-04,12,53.37318333333334,-4.654166666666667,0.02272727272727274,11.489898989898995,505.46448087431753,208.33333333333363,0.3333333333333333,0.42435168997668976,52.5,54.5,-6.2,-3.2
irish_sea,1993,44,8,1993,44,1993-11-01,8,53.4472875,-4.5348,0.0028409090909090875,3.4090909090909083,0.0,85.22727272727275,1.0,,52.5,54.5,-6.2,-3.2
irish_sea,1993,48,10,1993,48,1993-11-29,10,53.49134,-4.7975200000000005,0.0136363636363636,0.909090909090909,24.5901639344262,0.0,0.0,0.0,52.5,54.5,-6.2,-3.2
irish_sea,1993,52,1,1993,52,1993-12-27,1,52.7683,-5.89,0.0,0.0,0.0,0.0,0.0,,52.5,54.5,-6.2,-3.2
irish_sea,1994,1,9,1994,1,1994-01-03,9,53.45203333333333,-4.719444444444445,0.005050505050505055,0.8417508417508421,0.0,0.0,0.0,,52.5,54.5,-6.2,-3.2
irish_sea,1994,4,1,1994,4,1994-01-24,1,52.7383,-5.9033,0.0227272727272727,0.0,0.0,0.0,0.0,,52.5,54.5,-6.2,-3.2
irish_sea,1994,5,5,1994,5,1994-01-31,5,53.52702000000001,-4.07864,0.0,0.0,98.360655737705,0.0,0.0,0.0,52.5,54.5,-6.2,-3.2
irish_sea,1994,8,3,1994,8,1994-02-21,3,52.837766666666674,-5.93,0.030303030303030304,1.01010101010101,81.967213114754,0.0,0.0,0.0,52.5,54.5,-6.2,-3.2
irish_sea,1994,9,9,1994,9,1994-02-28,9,53.45741111111111,-4.682955555555555,0.005050505050505045,1.01010101010101,27.322404371584668,0.0,0.1111111111111111,0.0,52.5,54.5,-6.2,-3.2
irish_sea,1994,11,1,1994,11,1994-03-14,1,52.7767,-5.9083,0.0,0.0,0.0,0.0,0.0,,52.5,54.5,-6.2,-3.2
irish_sea,1994,14,9,1994,14,1994-04-04,9,53.454633333333334,-4.685011111111112,0.0075757575757575656,22.053872053872066,601.092896174863,0.0,1.0,0.0,52.5,54.5,-6.2,-3.2
irish_sea,1994,15,1,1994,15,1994-04-11,1,52.765,-5.8917,0.0,0.0,0.0,0.0,0.0,,52.5,54.5,-6.2,-3.2
irish_sea,1994,18,9,1994,18,1994-05-02,9,53.50701111111111,-4.623144444444445,0.0,45.95959595959599,446.2659380692171,0.0,0.6666666666666666,0.0,52.5,54.5,-6.2,-3.2
irish_sea,1994,19,1,1994,19,1994-05-09,1,52.6217,-5.93,0.0,0.0,491.803278688525,0.0,2.0,0.0,52.5,54.5,-6.2,-3.2
irish_sea,1994,23,2,1994,23,1994-06-06,2,52.6892,-5.2267,0.0,0.0,0.0,0.0,1.0,,52.5,54.5,-6.2,-3.2
irish_sea,1994,26,7,1994,26,1994-06-27,7,53.5481,-4.465242857142857,0.0,2.8138528138528143,257.6112412177986,146.10389610389615,1.1428571428571428,1.062878787878789,52.5,54.5,-6.2,-3.2
irish_sea,1994,27,2,1994,27,1994-07-04,2,52.72,-5.9558,0.0,0.0,0.0,0.0,0.0,,52.5,54.5,-6.2,-3.2
irish_sea,1994,29,8,1994,29,1994-07-18,8,53.574375,-4.6802,0.0028409090909090875,9.84848484848485,256.1475409836065,42.613636363636374,2.1875,0.0,52.5,54.5,-6.2,-3.2
irish_sea,1994,30,8,1994,30,1994-07-25,8,53.9641625,-4.6879124999999995,0.09090909090909077,104.35606060606058,840.1639344262292,2911.9318181818176,1.625,4.865106757191216,52.5,54.5,-6.2,-3.2
irish_sea,1994,31,9,1994,31,1994-08-01,9,53.45982222222222,-4.629444444444444,0.0,12.794612794612792,473.58834244080145,277.77777777777806,1.0,0.9024955436720152,52.5,54.5,-6.2,-3.2
irish_sea,1994,33,8,1994,33,1994-08-15,8,53.9641625,-4.7233374999999995,0.19602272727272724,275.94696969696975,1659.8360655737722,6477.272727272729,4.25,8.525907377592958,52.5,54.5,-6.2,-3.2
irish_sea,1994,35,1,1994,35,1994-08-29,1,52.7267,-5.89,0.0227272727272727,48.4848484848485,0.0,0.0,1.0,,52.5,54.5,-6.2,-3.2
irish_sea,1994,36,9,1994,36,1994-09-05,9,53.498133333333335,-4.6348,0.020202020202020155,16.498316498316502,227.68670309653933,164.14141414141412,1.2222222222222223,0.5350877192982462,52.5,54.5,-6.2,-3.2
irish_sea,1994,37,8,1994,37,1994-09-12,8,53.9629125,-4.6945875,0.9687499999999997,136.74242424242428,819.6721311475405,1051.136363636364,0.75,1.5275673400673395,52.5,54.5,-6.2,-3.2
irish_sea,1994,41,8,1994,41,1994-10-10,8,53.9639625,-4.71875,1.1874999999999984,27.65151515151515,71.72131147540988,0.0,0.75,0.0,52.5,54.5,-6.2,-3.2
irish_sea,1994,43,8,1994,43,1994-10-24,8,53.46205,-4.47605,0.01704545454545455,6.628787878787888,61.4754098360655,142.045454545455,0.375,2.3106060606060703,52.5,54.5,-6.2,-3.2
irish_sea,1994,44,8,1994,44,1994-10-31,8,53.96585,-4.72645,0.12215909090909077,7.575757575757573,61.4754098360655,42.613636363636374,0.5,0.6931818181818191,52.5,54.5,-6.2,-3.2
irish_sea,1994,45,9,1994,45,1994-11-07,9,53.43407777777778,-4.7076,0.0,2.188552188552192,0.0,0.0,1.0,,52.5,54.5,-6.2,-3.2
irish_sea,1994,46,1,1994,46,1994-11-14,1,52.6033,-5.9233,0.386363636363636,0.0,0.0,0.0,0.0,,52.5,54.5,-6.2,-3.2
irish_sea,1994,49,8,1994,49,1994-12-05,8,53.963325,-4.68625,0.065340909090909,2.083333333333334,30.73770491803275,0.0,1.0,0.0,52.5,54.5,-6.2,-3.2
irish_sea,1994,50,8,1994,50,1994-12-12,8,53.4504375,-4.574375,0.0,0.9469696969696975,0.0,0.0,0.0,,52.5,54.5,-6.2,-3.2
irish_sea,1995,1,8,1995,1,1995-01-02,8,53.9610375,-4.5948,0.008522727272727276,0.7575757575757575,0.0,0.0,0.0,,52.5,54.5,-6.2,-3.2
irish_sea,1995,2,7,1995,2,1995-01-09,7,53.44690000000001,-4.678571428571429,0.003246753246753243,0.43290043290043284,0.0,0.0,0.14285714285714285,,52.5,54.5,-6.2,-3.2
irish_sea,1995,6,9,1995,6,1995-02-06,9,53.80537777777778,-4.7810999999999995,0.005050505050505055,1.3468013468013467,0.0,0.0,0.0,,52.5,54.5,-6.2,-3.2
irish_sea,1995,9,8,1995,9,1995-02-27,8,53.959575,-4.5498,0.0028409090909090875,0.7575757575757575,30.73770491803275,0.0,0.375,0.0,52.5,54.5,-6.2,-3.2
irish_sea,1995,10,10,1995,10,1995-03-06,10,53.35016,-4.76584,0.02727272727272732,3.1818181818181843,49.1803278688524,0.0,0.1,0.0,52.5,54.5,-6.2,-3.2
irish_sea,1995,14,2,1995,14,1995-04-03,2,52.88915,-5.105,0.0340909090909091,7.575757575757565,0.0,0.0,1.0,,52.5,54.5,-6.2,-3.2
irish_sea,1995,15,8,1995,15,1995-04-10,8,53.955,-4.7327125,0.05681818181818176,77.84090909090914,3903.688524590164,213.06818181818187,1.0,0.46949548678272146,52.5,54.5,-6.2,-3.2
irish_sea,1995,16,7,1995,16,1995-04-17,7,53.94571428571429,-4.638800000000001,0.07467532467532471,93.72294372294365,3067.915690866506,97.40259740259742,1.4285714285714286,0.29661733615222025,52.5,54.5,-6.2,-3.2
irish_sea,1995,17,8,1995,17,1995-04-24,8,53.5297875,-4.634575,0.028409090909090863,23.863636363636427,1239.7540983606557,852.2727272727278,1.8125,0.7351586891060587,52.5,54.5,-6.2,-3.2
irish_sea,1995,18,1,1995,18,1995-05-01,1,52.7617,-5.8883,0.136363636363636,3.03030303030303,0.0,0.0,1.0,,52.5,54.5,-6.2,-3.2
irish_sea,1995,19,16,1995,19,1995-05-08,16,53.7484375,-4.69635,0.0014204545454545438,70.26515151515152,4989.754098360658,1242.8977272727275,4.4375,0.6495704660592656,52.5,54.5,-6.2,-3.2
irish_sea,1995,20,8,1995,20,1995-05-15,8,53.9670875,-4.7170875,0.008522727272727276,180.11363636363643,3032.7868852458996,2230.113636363638,6.5,2.100181709806075,52.5,54.5,-6.2,-3.2
irish_sea,1995,23,18,1995,23,1995-06-05,18,53.64676111111111,-4.841838888888889,0.059343434343434316,255.1346801346803,1010.9289617486334,1148.9898989898988,2.7222222222222223,0.9882295746665951,52.5,54.5,-6.2,-3.2
irish_sea,1995,24,8,1995,24,1995-06-12,8,53.965,-4.67105,0.1278409090909091,400.37878787878753,1547.131147540983,894.886363636364,2.0,0.36291918148620794,52.5,54.5,-6.2,-3.2
irish_sea,1995,26,1,1995,26,1995-06-26,1,52.625,-5.92,0.0681818181818182,4.54545454545455,0.0,0.0,1.0,,52.5,54.5,-6.2,-3.2
irish_sea,1995,27,8,1995,27,1995-07-03,8,53.499587500000004,-4.7295625,0.005681818181818175,13.068181818181817,184.42622950819674,3778.409090909093,2.625,3.408143939393942,52.5,54.5,-6.2,-3.2
irish_sea,1995,28,8,1995,28,1995-07-10,8,53.9591625,-4.6939375,0.06249999999999985,197.15909090909102,706.9672131147538,6306.818181818186,5.375,6.369570707070712,52.5,54.5,-6.2,-3.2
irish_sea,1995,30,1,1995,30,1995-07-24,1,52.7783,-5.8883,0.0,0.0,0.0,0.0,2.0,,52.5,54.5,-6.2,-3.2
irish_sea,1995,32,16,1995,32,1995-08-07,16,53.74436875,-4.6789625,0.06107954545454539,107.85984848484854,773.5655737704915,1157.670454545454,1.375,1.7056615997348756,52.5,54.5,-6.2,-3.2
irish_sea,1995,34,4,1995,34,1995-08-21,4,53.06415,-4.877925,0.005681818181818175,10.606060606060606,368.852459016393,454.545454545455,1.5,0.739393939393941,52.5,54.5,-6.2,-3.2
irish_sea,1995,36,16,1995,36,1995-09-04,16,53.74364375,-4.6641625,0.019886363636363612,17.520833333333336,107.58196721311481,149.1477272727273,1.1875,0.34659090909090956,52.5,54.5,-6.2,-3.2
irish_sea,1995,38,1,1995,38,1995-09-18,1,52.725,-5.905,0.136363636363636,0.0,0.0,0.0,1.0,,52.5,54.5,-6.2,-3.2
irish_sea,1995,40,9,1995,40,1995-10-02,9,53.509255555555555,-4.803133333333333,0.0,4.882154882154882,54.644808743169335,0.0,0.4444444444444444,0.0,52.5,54.5,-6.2,-3.2
irish_sea,1995,42,2,1995,42,1995-10-16,2,52.855850000000004,-5.130850000000001,0.136363636363636,18.939393939393952,0.0,0.0,0.0,,52.5,54.5,-6.2,-3.2
irish_sea,1995,44,8,1995,44,1995-10-30,8,53.4416625,-4.6885375,0.014204545454545463,3.0303030303030325,61.4754098360655,0.0,0.125,0.0,52.5,54.5,-6.2,-3.2
irish_sea,1995,49,7,1995,49,1995-12-04,7,53.5274,-4.381914285714286,0.0,1.2987012987012985,0.0,48.70129870129871,0.14285714285714285,,52.5,54.5,-6.2,-3.2
irish_sea,1995,50,2,1995,50,1995-12-11,2,52.65835,-5.234999999999999,1.261363636363636,5.3030303030303045,0.0,0.0,0.0,,52.5,54.5,-6.2,-3.2
irish_sea,1996,2,8,1996,2,1996-01-08,8,53.45915,-4.713125,0.0,0.0,30.73770491803275,0.0,0.0,0.0,52.5,54.5,-6.2,-3.2
irish_sea,1996,5,8,1996,5,1996-01-29,8,53.5133375,-4.73,0.0170454545454545,0.0,61.47540983606562,0.0,0.0,0.0,52.5,54.5,-6.2,-3.2
irish_sea,1996,10,8,1996,10,1996-03-04,8,53.4714625,-4.584375,0.005681818181818187,0.7575757575757575,30.73770491803275,0.0,0.0,0.0,52.5,54.5,-6.2,-3.2
irish_sea,1996,14,8,1996,14,1996-04-01,8,53.492925,-4.658325,0.0028409090909090875,2.272727272727275,30.73770491803275,0.0,0.375,0.0,52.5,54.5,-6.2,-3.2
irish_sea,1996,18,8,1996,18,1996-04-29,8,53.5297875,-4.6050125,0.0,7.386363636363641,122.95081967213112,0.0,1.9375,0.0,52.5,54.5,-6.2,-3.2
irish_sea,1996,20,2,1996,20,1996-05-13,2,52.69,-5.2725,0.10227272727272725,6.81818181818182,614.7540983606555,0.0,1.0,0.0,52.5,54.5,-6.2,-3.2
irish_sea,1996,24,11,1996,24,1996-06-10,11,53.35181818181818,-4.740909090909091,0.0,4.132231404958678,536.5126676602081,103.30578512396691,2.3636363636363638,0.1052609427609428,52.5,54.5,-6.2,-3.2
irish_sea,1996,27,8,1996,27,1996-07-01,8,53.5179125,-4.6829374999999995,0.005681818181818187,1.515151515151515,153.68852459016375,497.1590909090916,0.0,3.234848484848493,52.5,54.5,-6.2,-3.2
irish_sea,1996,32,9,1996,32,1996-08-05,9,53.281844444444445,-4.833333333333333,0.09343434343434337,9.932659932659938,54.644808743169335,37.87878787878789,0.4444444444444444,0.6931818181818191,52.5,54.5,-6.2,-3.2
irish_sea,1996,36,8,1996,36,1996-09-02,8,53.42895,-4.6237625,0.005681818181818175,3.030303030303036,215.16393442622962,1249.9999999999995,2.0625,5.314393939393935,52.5,54.5,-6.2,-3.2
irish_sea,1996,41,8,1996,41,1996-10-07,8,53.4651875,-4.7833375,0.0028409090909090875,2.272727272727275,0.0,0.0,0.5,,52.5,54.5,-6.2,-3.2
irish_sea,1996,46,6,1996,46,1996-11-11,6,53.44028333333333,-4.5200000000000005,0.0,0.505050505050505,0.0,0.0,0.0,,52.5,54.5,-6.2,-3.2
irish_sea,1996,50,5,1996,50,1996-12-09,5,53.54299999999999,-4.256,0.0,0.0,0.0,0.0,1.0,,52.5,54.5,-6.2,-3.2
irish_sea,1996,51,1,1996,51,1996-12-16,1,52.545,-5.3267,0.0681818181818182,0.0,0.0,0.0,1.0,,52.5,54.5,-6.2,-3.2
irish_sea,1997,1,7,1997,1,1996-12-30,7,53.52167142857143,-4.576657142857143,0.0,0.0,0.0,0.0,1.0,,52.5,54.5,-6.2,-3.2
irish_sea,1997,3,3,1997,3,1997-01-13,3,52.91,-5.026666666666666,0.015151515151515166,1.01010101010101,0.0,0.0,1.0,,52.5,54.5,-6.2,-3.2
irish_sea,1997,6,7,1997,6,1997-02-03,7,53.5338,-4.472614285714285,0.0,0.0,0.0,0.0,0.0,,52.5,54.5,-6.2,-3.2
irish_sea,1997,11,7,1997,11,1997-03-10,7,53.514785714285715,-4.655728571428571,0.0,1.2987012987012985,70.25761124121786,0.0,0.0,0.0,52.5,54.5,-6.2,-3.2
irish_sea,1997,13,1,1997,13,1997-03-24,1,52.665,-5.8583,0.0,0.0,0.0,0.0,1.0,,52.5,54.5,-6.2,-3.2
irish_sea,1997,14,6,1997,14,1997-03-31,6,53.54195000000001,-4.25085,0.0,5.555555555555553,163.93442622950815,56.818181818181834,0.3333333333333333,0.0,52.5,54.5,-6.2,-3.2
irish_sea,1997,17,5,1997,17,1997-04-21,5,52.74534,-5.714,0.0,2.121212121212122,999.9999999999997,0.0,1.2,0.0,52.5,54.5,-6.2,-3.2
irish_sea,1997,19,8,1997,19,1997-05-05,8,53.548125,-4.475825,0.0,4.545454545454548,952.8688524590158,85.22727272727275,1.6875,0.27727272727272767,52.5,54.5,-6.2,-3.2
irish_sea,1997,21,3,1997,21,1997-05-19,3,52.92776666666666,-5.3811,0.17424242424242417,18.18181818181817,1147.5409836065567,643.9393939393937,3.1666666666666665,0.49460453339763705,52.5,54.5,-6.2,-3.2
irish_sea,1997,23,7,1997,23,1997-06-02,7,53.34332857142857,-4.7188,0.0,5.844155844155845,421.5456674473063,2240.259740259741,0.8571428571428571,3.5044191919191965,52.5,54.5,-6.2,-3.2
irish_sea,1997,27,7,1997,27,1997-06-30,7,53.44,-4.534285714285715,0.0,16.23376623376624,292.74004683840747,1558.4415584415585,1.9285714285714286,7.8329545454545535,52.5,54.5,-6.2,-3.2
irish_sea,1997,32,7,1997,32,1997-08-04,7,53.51287142857143,-4.591671428571429,0.003246753246753243,12.770562770562773,480.09367681498867,146.10389610389615,1.1428571428571428,0.7331730769230778,52.5,54.5,-6.2,-3.2
irish_sea,1997,41,2,1997,41,1997-10-06,2,52.76665,-5.8833,0.01136363636363635,2.272727272727275,0.0,0.0,1.0,,52.5,54.5,-6.2,-3.2
irish_sea,1997,42,8,1997,42,1997-10-13,8,53.4706125,-4.5033375,0.0028409090909090875,0.0,133.196721311475,42.613636363636374,1.0,0.319930069930071,52.5,54.5,-6.2,-3.2
irish_sea,1997,45,1,1997,45,1997-11-03,1,52.5417,-5.825,0.0,0.0,0.0,0.0,1.0,,52.5,54.5,-6.2,-3.2
irish_sea,1997,46,8,1997,46,1997-11-10,8,53.522925,-4.5581125,0.0,1.1363636363636362,102.45901639344262,0.0,0.375,0.0,52.5,54.5,-6.2,-3.2
irish_sea,1997,50,8,1997,50,1997-12-08,8,53.5062625,-4.576675,0.0,0.0,30.73770491803275,0.0,0.0,0.0,52.5,54.5,-6.2,-3.2
irish_sea,1998,4,9,1998,4,1998-01-19,9,53.51092222222222,-4.64018888888889,0.0,0.0,27.322404371584668,0.0,0.1111111111111111,0.0,52.5,54.5,-6.2,-3.2
irish_sea,1998,6,1,1998,6,1998-02-02,1,52.68,-5.8433,0.0,0.0,0.0,0.0,0.0,,52.5,54.5,-6.2,-3.2
irish_sea,1998,7,9,1998,7,1998-02-09,9,53.45777777777778,-4.628144444444445,0.0025252525252525224,0.1683501683501689,81.967213114754,75.75757575757578,0.0,0.46212121212121277,52.5,54.5,-6.2,-3.2
irish_sea,1998,10,1,1998,10,1998-03-02,1,52.8083,-5.8367,0.0,0.0,0.0,0.0,1.0,,52.5,54.5,-6.2,-3.2
irish_sea,1998,11,8,1998,11,1998-03-09,8,53.50605,-4.7252125,0.0,1.8977272727272738,30.73770491803275,0.0,0.25,0.0,52.5,54.5,-6.2,-3.2
irish_sea,1998,15,8,1998,15,1998-04-06,8,53.431675,-4.4933375,0.0028409090909090875,4.545454545454553,1004.0983606557388,0.0,1.4375,0.0,52.5,54.5,-6.2,-3.2
irish_sea,1998,20,8,1998,20,1998-05-11,8,53.506037500000005,-4.5943625,0.0,7.575757575757576,2387.2950819672124,42.613636363636374,3.3125,0.005658627087198518,52.5,54.5,-6.2,-3.2
irish_sea,1998,22,4,1998,22,1998-05-25,4,53.298725,-5.5287749999999996,0.01136363636363635,1.893939393939395,512.2950819672137,85.22727272727275,1.5,0.10944976076555012,52.5,54.5,-6.2,-3.2
irish_sea,1998,24,8,1998,24,1998-06-08,8,53.43355,-4.4795875,0.0028409090909090875,8.333333333333336,286.8852459016389,426.13636363636436,1.8125,0.6161616161616177,52.5,54.5,-6.2,-3.2
irish_sea,1998,26,4,1998,26,1998-06-22,4,53.031275,-5.5912500000000005,0.0,2.65909090909091,2274.5901639344256,85.22727272727275,1.0,0.07998251748251775,52.5,54.5,-6.2,-3.2
irish_sea,1998,28,8,1998,28,1998-07-06,8,53.4251875,-4.559375,0.0,9.090909090909097,747.9508196721304,582.3863636363637,1.25,1.8107826516917453,52.5,54.5,-6.2,-3.2
irish_sea,1998,30,3,1998,30,1998-07-20,3,52.965,-5.174433333333333,0.007575757575757566,5.050505050505049,0.0,0.0,1.0,,52.5,54.5,-6.2,-3.2
irish_sea,1998,32,8,1998,32,1998-08-03,8,53.4952125,-4.6431249999999995,0.0,24.24621212121216,758.1967213114755,3693.1818181818235,2.0625,4.02483112765371,52.5,54.5,-6.2,-3.2
irish_sea,1998,36,4,1998,36,1998-08-31,4,53.0621,-5.103325,0.0,0.7575757575757575,0.0,0.0,1.25,,52.5,54.5,-6.2,-3.2
irish_sea,1998,39,8,1998,39,1998-09-21,8,53.50605,-4.5143875,0.0,5.6818181818181825,61.47540983606562,127.84090909090912,0.25,0.6931818181818178,52.5,54.5,-6.2,-3.2
irish_sea,1998,42,2,1998,42,1998-10-12,2,52.925,-5.63915,0.0,0.0,0.0,0.0,1.0,,52.5,54.5,-6.2,-3.2
irish_sea,1998,45,7,1998,45,1998-11-02,7,53.548114285714284,-4.861428571428571,0.0,0.0,35.12880562060886,0.0,1.1428571428571428,0.0,52.5,54.5,-6.2,-3.2
irish_sea,1998,46,3,1998,46,1998-11-09,3,53.02943333333334,-5.585,0.0,0.0,0.0,113.63636363636367,1.0,,52.5,54.5,-6.2,-3.2
irish_sea,1999,1,9,1999,1,1999-01-04,9,53.505,-4.445,0.0,0.0,27.322404371584668,0.0,0.0,0.0,52.5,54.5,-6.2,-3.2
irish_sea,1999,3,3,1999,3,1999-01-18,3,52.88613333333333,-5.668333333333334,0.015151515151515133,0.0,0.0,0.0,0.6666666666666666,,52.5,54.5,-6.2,-3.2
irish_sea,1999,4,6,1999,4,1999-01-25,6,53.52276666666666,-5.18695,0.0,0.505050505050505,0.0,0.0,1.0,,52.5,54.5,-6.2,-3.2
irish_sea,1999,6,12,1999,6,1999-02-08,12,53.33526666666666,-4.808608333333333,0.0018939393939393916,0.0,61.47540983606558,0.0,0.4166666666666667,0.0,52.5,54.5,-6.2,-3.2
irish_sea,1999,10,11,1999,10,1999-03-08,11,53.375454545454545,-4.90090909090909,0.0,1.1019283746556472,44.709388971684,0.0,0.2727272727272727,0.0,52.5,54.5,-6.2,-3.2
irish_sea,1999,15,8,1999,15,1999-04-12,8,53.5725125,-4.510425,0.01136363636363635,8.52272727272728,1813.524590163934,85.22727272727275,1.9375,0.09429311497326198,52.5,54.5,-6.2,-3.2
irish_sea,1999,16,2,1999,16,1999-04-19,2,52.78085,-5.665,0.0,0.0,7295.081967213125,0.0,2.0,0.0,52.5,54.5,-6.2,-3.2
irish_sea,1999,20,13,1999,20,1999-05-17,13,53.425384615384615,-4.939353846153846,0.017482517482517477,11.191142191142195,1235.8133669609085,78.6713286713287,1.1923076923076923,0.10082644628099172,52.5,54.5,-6.2,-3.2
irish_sea,1999,23,9,1999,23,1999-06-07,9,53.527211111111114,-4.6768777777777775,0.0025252525252525224,13.2996632996633,1693.9890710382524,3320.707070707065,2.3333333333333335,2.949103535353525,52.5,54.5,-6.2,-3.2
irish_sea,1999,24,2,1999,24,1999-06-14,2,52.9283,-5.63915,0.01136363636363635,3.03030303030303,0.0,0.0,1.0,,52.5,54.5,-6.2,-3.2
irish_sea,1999,28,4,1999,28,1999-07-12,4,53.1817,-5.55625,0.039772727272727175,6.060606060606058,696.7213114754095,852.2727272727277,1.5,1.1090909090909093,52.5,54.5,-6.2,-3.2
irish_sea,1999,31,8,1999,31,1999-08-02,8,53.54,-4.572275,0.0,8.147727272727273,245.90163934426238,1690.340909090909,1.25,4.205303030303028,52.5,54.5,-6.2,-3.2
irish_sea,1999,32,3,1999,32,1999-08-09,3,53.10999999999999,-5.580000000000001,0.007575757575757566,3.03030303030303,81.967213114754,113.63636363636367,0.6666666666666666,0.0,52.5,54.5,-6.2,-3.2
irish_sea,1999,36,4,1999,36,1999-09-06,4,53.214574999999996,-5.559175,0.15909090909090892,8.71212121212122,61.4754098360655,0.0,0.5,0.0,52.5,54.5,-6.2,-3.2
irish_sea,1999,37,9,1999,37,1999-09-13,9,53.54685555555555,-4.489622222222222,0.0025252525252525224,11.95286195286196,346.0837887067392,151.51515151515156,0.5555555555555556,0.33272727272727287,52.5,54.5,-6.2,-3.2
irish_sea,1999,40,12,1999,40,1999-10-04,12,53.38721666666667,-4.920275,0.0018939393939393916,2.2727272727272725,40.983606557377,56.818181818181834,0.25,0.6931818181818191,52.5,54.5,-6.2,-3.2
irish_sea,1999,44,2,1999,44,1999-11-01,2,52.745850000000004,-5.3292,0.01136363636363635,0.0,122.950819672131,0.0,0.0,0.0,52.5,54.5,-6.2,-3.2
irish_sea,1999,45,8,1999,45,1999-11-08,8,53.5420875,-4.5920749999999995,0.008522727272727276,2.651515151515154,184.42622950819663,0.0,0.25,0.0,52.5,54.5,-6.2,-3.2
irish_sea,1999,49,8,1999,49,1999-12-06,8,53.50375,-4.6423,0.005681818181818175,0.18939393939394,61.4754098360655,0.0,1.0,0.0,52.5,54.5,-6.2,-3.2
irish_sea,1999,50,3,1999,50,1999-12-13,3,52.90056666666666,-5.690566666666666,0.0,0.0,0.0,0.0,0.0,,52.5,54.5,-6.2,-3.2
irish_sea,2000,1,3,2000,1,2000-01-03,3,53.02946666666667,-5.6878,0.0,0.0,81.967213114754,0.0,1.0,0.0,52.5,54.5,-6.2,-3.2
irish_sea,2000,3,8,2000,3,2000-01-17,8,53.545425,-4.53125,0.0,0.0,0.0,0.0,1.0,,52.5,54.5,-6.2,-3.2
irish_sea,2000,5,2,2000,5,2000-01-31,2,52.675,-5.699999999999999,0.0,0.0,0.0,0.0,0.0,,52.5,54.5,-6.2,-3.2
irish_sea,2000,6,9,2000,6,2000-02-07,9,53.53018888888889,-4.6694555555555555,0.0,1.3468013468013467,0.0,0.0,0.1111111111111111,,52.5,54.5,-6.2,-3.2
irish_sea,2000,10,8,2000,10,2000-03-06,8,53.5302125,-4.7273,0.0,2.4621212121212124,61.47540983606562,0.0,1.125,0.0,52.5,54.5,-6.2,-3.2
irish_sea,2000,11,1,2000,11,2000-03-13,1,52.735,-5.59,0.0227272727272727,1.51515151515152,0.0,0.0,1.0,,52.5,54.5,-6.2,-3.2
irish_sea,2000,15,9,2000,15,2000-04-10,9,53.53203333333333,-4.662222222222223,0.04797979797979794,60.26936026936024,646.6302367941718,151.51515151515156,0.6666666666666666,0.18371083500540197,52.5,54.5,-6.2,-3.2
irish_sea,2000,18,9,2000,18,2000-05-01,9,53.535,-4.667033333333333,0.0,10.774410774410788,701.2750455373407,227.27272727272734,1.4444444444444444,0.6265297202797206,52.5,54.5,-6.2,-3.2
irish_sea,2000,19,2,2000,19,2000-05-08,2,52.871700000000004,-5.128299999999999,0.068181818181818,0.75757575757576,122.950819672131,0.0,0.5,0.0,52.5,54.5,-6.2,-3.2
irish_sea,2000,25,7,2000,25,2000-06-19,7,53.55832857142857,-4.4469,0.003246753246753243,3.679653679653684,1135.8313817330215,1266.2337662337666,1.8571428571428572,1.9945023148148147,52.5,54.5,-6.2,-3.2
irish_sea,2000,27,2,2000,27,2000-07-03,2,52.90415,-5.914149999999999,0.02272727272727275,14.3939393939394,0.0,568.18181818182,1.0,,52.5,54.5,-6.2,-3.2
irish_sea,2000,29,9,2000,29,2000-07-17,9,53.53277777777778,-4.6807333333333325,0.0,13.636363636363638,965.3916211293272,3914.141414141415,1.7777777777777777,6.620595760233922,52.5,54.5,-6.2,-3.2
irish_sea,2000,37,2,2000,37,2000-09-11,2,52.92915,-5.91585,0.01136363636363635,3.78787878787879,245.9016393442625,0.0,1.0,0.0,52.5,54.5,-6.2,-3.2
irish_sea,2000,38,7,2000,38,2000-09-18,7,53.545942857142855,-4.694057142857143,0.0,11.03896103896104,0.0,48.70129870129871,1.0,,52.5,54.5,-6.2,-3.2
irish_sea,2000,41,10,2000,41,2000-10-09,10,53.404669999999996,-4.9200099999999996,0.02954545454545447,2.272727272727273,73.7704918032787,68.1818181818182,1.0,0.6931818181818178,52.5,54.5,-6.2,-3.2
irish_sea,2000,45,2,2000,45,2000-11-06,2,52.894149999999996,-5.13415,0.8068181818181814,3.03030303030303,122.950819672131,0.0,0.0,0.0,52.5,54.5,-6.2,-3.2
irish_sea,2000,46,8,2000,46,2000-11-13,8,53.486275,-4.704375,0.0,0.7575757575757575,153.68852459016387,85.22727272727275,1.0,0.3080808080808081,52.5,54.5,-6.2,-3.2
irish_sea,2000,50,7,2000,50,2000-12-11,7,53.52665714285714,-4.3712,0.019480519480519487,0.43290043290043284,70.25761124121772,0.0,1.0,0.0,52.5,54.5,-6.2,-3.2
irish_sea,2000,52,2,2000,52,2000-12-25,2,52.87,-5.913349999999999,1.170454545454545,3.03030303030303,0.0,0.0,0.0,,52.5,54.5,-6.2,-3.2
irish_sea,2001,4,2,2001,4,2001-01-22,2,52.8883,-5.91,0.306818181818182,2.272727272727275,286.8852459016395,0.0,1.0,0.0,52.5,54.5,-6.2,-3.2
irish_sea,2001,5,8,2001,5,2001-01-29,8,53.521875,-4.7072875,0.0170454545454545,0.0,30.73770491803275,0.0,0.875,0.0,52.5,54.5,-6.2,-3.2
irish_sea,2001,9,8,2001,9,2001-02-26,8,53.521875,-4.6918750000000005,0.0,0.37878787878787873,122.95081967213113,0.0,0.0,0.0,52.5,54.5,-6.2,-3.2
irish_sea,2001,14,2,2001,14,2001-04-02,2,52.9233,-5.915,0.590909090909091,9.0909090909091,0.0,0.0,1.0,,52.5,54.5,-6.2,-3.2
irish_sea,2001,16,2,2001,16,2001-04-16,2,52.95585,-5.915,0.1363636363636365,2.272727272727275,0.0,0.0,1.0,,52.5,54.5,-6.2,-3.2
irish_sea,2001,17,9,2001,17,2001-04-23,9,53.528333333333336,-4.783511111111111,0.0,3.367003367003372,828.7795992714028,0.0,1.2222222222222223,0.0,52.5,54.5,-6.2,-3.2
irish_sea,2001,20,10,2001,20,2001-05-14,10,53.424339999999994,-4.9919899999999995,0.0136363636363636,12.272727272727275,2040.9836065573759,147.7272727272731,2.0,0.03361992945326288,52.5,54.5,-6.2,-3.2
irish_sea,2001,24,8,2001,24,2001-06-11,8,53.384775,-4.94395,0.011363636363636362,7.386363636363635,840.1639344262293,1619.318181818183,2.375,0.26283143939393927,52.5,54.5,-6.2,-3.2
irish_sea,2001,28,9,2001,28,2001-07-09,9,53.40037777777778,-4.998155555555556,0.030303030303030356,6.902356902356902,1766.8488160291445,946.9696969696973,1.8888888888888888,0.42136975115459374,52.5,54.5,-6.2,-3.2
irish_sea,2001,32,7,2001,32,2001-08-06,7,53.50667142857143,-4.8954571428571425,0.0,0.0,70.25761124121786,275.9740259740257,1.0,0.0,52.5,54.5,-6.2,-3.2
irish_sea,2001,34,2,2001,34,2001-08-20,2,52.878299999999996,-5.68335,0.0,4.545454545454545,0.0,0.0,1.0,,52.5,54.5,-6.2,-3.2
irish_sea,2001,37,8,2001,37,2001-09-10,8,53.54145,-4.7552125,0.005681818181818175,11.174242424242422,0.0,127.84090909090912,1.0,,52.5,54.5,-6.2,-3.2
irish_sea,2001,38,2,2001,38,2001-09-17,2,52.8975,-5.1192,0.01136363636363635,0.0,0.0,0.0,1.5,,52.5,54.5,-6.2,-3.2
irish_sea,2001,41,7,2001,41,2001-10-08,7,53.48642857142857,-4.8462000000000005,0.003246753246753243,1.2987012987012985,35.12880562060886,0.0,1.0,0.0,52.5,54.5,-6.2,-3.2
irish_sea,2001,42,2,2001,42,2001-10-15,2,52.8775,-5.916650000000001,0.0,6.06060606060606,0.0,0.0,1.0,,52.5,54.5,-6.2,-3.2
irish_sea,2001,46,9,2001,46,2001-11-12,9,53.405011111111115,-4.970011111111111,0.12373737373737376,0.8417508417508421,0.0,0.0,1.1111111111111112,,52.5,54.5,-6.2,-3.2
irish_sea,2001,50,5,2001,50,2001-12-10,5,53.215999999999994,-5.592319999999999,0.08181818181818178,0.606060606060606,49.1803278688524,0.0,0.4,0.0,52.5,54.5,-6.2,-3.2
irish_sea,2002,2,2,2002,2,2002-01-07,2,52.888099999999994,-5.2377,0.0,0.0,0.0,170.4545454545455,1.0,,52.5,54.5,-6.2,-3.2
irish_sea,2002,3,7,2002,3,2002-01-14,7,53.512299999999996,-4.932657142857143,0.029220779220779286,0.0,70.25761124121786,0.0,0.14285714285714285,0.0,52.5,54.5,-6.2,-3.2
irish_sea,2002,7,10,2002,7,2002-02-11,10,53.39064,-4.975099999999999,0.00454545454545454,0.757575757575758,49.1803278688524,0.0,1.0,0.0,52.5,54.5,-6.2,-3.2
irish_sea,2002,10,7,2002,10,2002-03-04,7,53.46857142857142,-4.863071428571429,0.0,1.2987012987012985,0.0,0.0,1.0,,52.5,54.5,-6.2,-3.2
irish_sea,2002,11,2,2002,11,2002-03-11,2,52.76505,-5.70945,0.0,0.75757575757576,368.8524590163935,0.0,1.0,0.0,52.5,54.5,-6.2,-3.2
irish_sea,2002,15,8,2002,15,2002-04-08,8,53.3816875,-4.877525,0.0,0.5681818181818188,61.4754098360655,0.0,1.0,0.0,52.5,54.5,-6.2,-3.2
irish_sea,2002,19,7,2002,19,2002-05-06,7,53.46055714285715,-4.917028571428572,0.009740259740259744,16.23376623376624,175.6440281030444,97.40259740259742,1.0,0.519886363636364,52.5,54.5,-6.2,-3.2
irish_sea,2002,21,2,2002,21,2002-05-20,2,52.8473,-5.91775,0.12500000000000025,13.636363636363615,3155.73770491803,0.0,6.5,0.0,52.5,54.5,-6.2,-3.2
irish_sea,2002,24,8,2002,24,2002-06-10,8,53.5065625,-4.9632875,0.0028409090909090875,2.6515151515151523,737.7049180327874,0.0,1.125,0.0,52.5,54.5,-6.2,-3.2
irish_sea,2002,25,2,2002,25,2002-06-17,2,52.87235,-5.9155999999999995,0.01136363636363635,38.63636363636365,1434.4262295081953,0.0,6.5,0.0,52.5,54.5,-6.2,-3.2
irish_sea,2002,27,2,2002,27,2002-07-01,2,52.878550000000004,-5.6876,0.01136363636363635,6.06060606060606,2500.0,170.4545454545455,2.0,0.10944976076555012,52.5,54.5,-6.2,-3.2
irish_sea,2002,28,4,2002,28,2002-07-08,4,53.465675,-5.396025,0.005681818181818175,3.40909090909091,389.344262295082,170.4545454545455,1.5,0.415909090909091,52.5,54.5,-6.2,-3.2
irish_sea,2002,33,2,2002,33,2002-08-12,2,52.884,-5.6856,0.0,9.090909090909115,0.0,511.3636363636365,1.0,,52.5,54.5,-6.2,-3.2
irish_sea,2002,37,8,2002,37,2002-09-09,8,53.324725,-4.89025,0.008522727272727276,5.871212121212124,30.73770491803275,0.0,0.875,0.0,52.5,54.5,-6.2,-3.2
irish_sea,2002,41,8,2002,41,2002-10-07,8,53.2750625,-4.939462499999999,0.005681818181818187,0.37878787878787873,102.45901639344262,0.0,0.25,0.0,52.5,54.5,-6.2,-3.2
irish_sea,2002,45,2,2002,45,2002-11-04,2,52.86945,-5.686,0.068181818181818,7.5757575757576,0.0,0.0,1.0,,52.5,54.5,-6.2,-3.2
irish_sea,2002,46,7,2002,46,2002-11-11,7,53.448414285714286,-4.679914285714285,0.0,0.0,0.0,0.0,1.0,,52.5,54.5,-6.2,-3.2
irish_sea,2002,50,2,2002,50,2002-12-09,2,53.4102,-5.547750000000001,0.01136363636363635,1.515151515151515,0.0,0.0,1.0,,52.5,54.5,-6.2,-3.2
irish_sea,2002,51,3,2002,51,2002-12-16,3,52.8162,-4.5822666666666665,0.015151515151515166,2.02020202020202,0.0,0.0,1.0,,52.5,54.5,-6.2,-3.2
irish_sea,2003,6,8,2003,6,2003-02-03,8,53.30555,-4.964875,0.005681818181818187,0.37878787878787873,0.0,0.0,1.0,,52.5,54.5,-6.2,-3.2
irish_sea,2003,10,7,2003,10,2003-03-03,7,53.46454285714286,-4.756142857142857,0.003246753246753243,0.0,0.0,0.0,0.7142857142857143,,52.5,54.5,-6.2,-3.2
irish_sea,2003,12,2,2003,12,2003-03-17,2,52.87335,-5.9042,0.068181818181818,0.0,0.0,0.0,1.0,,52.5,54.5,-6.2,-3.2
irish_sea,2003,14,7,2003,14,2003-03-31,7,53.43595714285714,-4.8246142857142855,0.019480519480519487,15.584415584415597,667.4473067915694,0.0,1.1428571428571428,0.0,52.5,54.5,-6.2,-3.2
irish_sea,2003,16,2,2003,16,2003-04-14,2,52.854299999999995,-5.9018999999999995,0.136363636363636,15.151515151515165,10819.672131147525,511.3636363636365,6.5,0.05026226910864369,52.5,54.5,-6.2,-3.2
irish_sea,2003,19,7,2003,19,2003-05-05,7,53.46498571428572,-4.865285714285714,0.003246753246753243,0.43290043290043284,152.22482435597186,48.70129870129871,1.0,0.2079545454545455,52.5,54.5,-6.2,-3.2
irish_sea,2003,20,2,2003,20,2003-05-12,2,52.8758,-5.90455,0.01136363636363635,11.363636363636346,3565.5737704918047,0.0,6.5,0.0,52.5,54.5,-6.2,-3.2
irish_sea,2003,23,6,2003,23,2003-06-02,6,53.469833333333334,-4.5194833333333335,0.0,3.7878787878787885,655.7377049180333,587.1212121212124,1.3333333333333333,0.8995959595959597,52.5,54.5,-6.2,-3.2
irish_sea,2003,24,2,2003,24,2003-06-09,2,52.87425,-5.90435,0.09090909090909075,13.636363636363615,942.62295081967,681.8181818181805,3.75,0.18083003952569215,52.5,54.5,-6.2,-3.2
irish_sea,2003,30,2,2003,30,2003-07-21,2,52.9497,-5.9205,0.0340909090909091,12.12121212121213,0.0,340.909090909091,6.5,,52.5,54.5,-6.2,-3.2
irish_sea,2003,32,8,2003,32,2003-08-04,8,53.516675,-4.698525,0.019886363636363587,13.068181818181824,0.0,0.0,1.0,,52.5,54.5,-6.2,-3.2
irish_sea,2003,36,2,2003,36,2003-09-01,2,52.8707,-5.90365,0.20454545454545436,30.30303030303029,0.0,0.0,2.0,,52.5,54.5,-6.2,-3.2
irish_sea,2003,37,7,2003,37,2003-09-08,7,53.45774285714286,-4.989571428571429,0.006493506493506486,1.7316017316017314,35.12880562060886,0.0,0.14285714285714285,0.0,52.5,54.5,-6.2,-3.2
irish_sea,2003,43,9,2003,43,2003-10-20,9,53.340888888888884,-5.094244444444445,0.0025252525252525224,3.03030303030303,245.90163934426224,0.0,1.0,0.0,52.5,54.5,-6.2,-3.2
irish_sea,2003,46,7,2003,46,2003-11-10,7,53.5233,-4.776371428571428,0.03246753246753247,0.43290043290043284,35.12880562060886,0.0,0.0,0.0,52.5,54.5,-6.2,-3.2
irish_sea,2003,48,2,2003,48,2003-11-24,2,52.8792,-5.9127,0.0,7.5757575757576,0.0,0.0,1.0,,52.5,54.5,-6.2,-3.2
irish_sea,2003,50,2,2003,50,2003-12-08,2,52.872150000000005,-5.911849999999999,0.05681818181818185,6.06060606060606,0.0,0.0,1.5,,52.5,54.5,-6.2,-3.2
irish_sea,2004,2,2,2004,2,2004-01-05,2,52.8793,-5.91275,0.11363636363636385,0.0,245.9016393442625,0.0,0.0,0.0,52.5,54.5,-6.2,-3.2
irish_sea,2004,3,7,2004,3,2004-01-12,7,53.463328571428576,-4.851971428571429,0.003246753246753243,0.0,0.0,0.0,1.0,,52.5,54.5,-6.2,-3.2
irish_sea,2004,6,7,2004,6,2004-02-02,7,53.52021428571429,-4.760671428571428,0.0,0.0,0.0,0.0,1.1428571428571428,,52.5,54.5,-6.2,-3.2
irish_sea,2004,10,7,2004,10,2004-03-01,7,53.4635,-4.7226,0.0,1.731601731601733,35.12880562060886,0.0,0.14285714285714285,0.0,52.5,54.5,-6.2,-3.2
irish_sea,2004,14,8,2004,14,2004-03-29,8,53.53575,-4.7485375,0.0,2.651515151515151,317.6229508196717,170.4545454545455,1.0,0.28882575757575746,52.5,54.5,-6.2,-3.2
irish_sea,2004,23,9,2004,23,2004-05-31,9,53.39342222222222,-4.808877777777777,0.058080808080808004,17.508417508417512,2495.44626593807,315.65656565656604,2.888888888888889,0.2126407948776378,52.5,54.5,-6.2,-3.2
irish_sea,2004,27,9,2004,27,2004-06-28,9,53.39543333333333,-4.816233333333333,0.007575757575757579,10.609427609427614,737.7049180327864,189.39393939393943,1.3333333333333333,0.3004048816795856,52.5,54.5,-6.2,-3.2
irish_sea,2004,31,2,2004,31,2004-07-26,2,52.88225,-5.8746,0.0,0.0,0.0,340.909090909091,1.0,,52.5,54.5,-6.2,-3.2
irish_sea,2004,33,5,2004,33,2004-08-09,5,53.5164,-4.84336,0.0,0.0,49.1803278688524,136.3636363636364,1.0,1.3863636363636382,52.5,54.5,-6.2,-3.2
irish_sea,2004,35,2,2004,35,2004-08-23,2,52.8849,-5.88885,0.02272727272727275,7.5757575757576,0.0,0.0,1.0,,52.5,54.5,-6.2,-3.2
irish_sea,2004,38,7,2004,38,2004-09-13,7,53.562042857142856,-4.545414285714286,0.05194805194805184,4.329004329004328,70.25761124121786,0.0,1.2857142857142858,0.0,52.5,54.5,-6.2,-3.2
irish_sea,2004,39,2,2004,39,2004-09-20,2,52.88315,-5.88845,0.193181818181818,8.33333333333333,0.0,170.4545454545455,1.5,,52.5,54.5,-6.2,-3.2
irish_sea,2004,42,5,2004,42,2004-10-11,5,53.52458,-4.74696,0.0,1.212121212121212,0.0,0.0,1.0,,52.5,54.5,-6.2,-3.2
irish_sea,2004,43,2,2004,43,2004-10-18,2,52.875699999999995,-5.8828,0.09090909090909075,3.78787878787879,245.901639344262,0.0,1.0,0.0,52.5,54.5,-6.2,-3.2
irish_sea,2004,46,7,2004,46,2004-11-08,7,53.55678571428571,-4.718285714285714,0.0,2.164502164502166,35.12880562060886,0.0,0.14285714285714285,0.0,52.5,54.5,-6.2,-3.2
irish_sea,2004,47,2,2004,47,2004-11-15,2,52.88095,-5.888,0.0,1.515151515151515,0.0,0.0,1.0,,52.5,54.5,-6.2,-3.2
irish_sea,2004,50,8,2004,50,2004-12-06,8,53.540975,-4.7566500000000005,0.0,1.704545454545455,92.21311475409826,0.0,0.0,0.0,52.5,54.5,-6.2,-3.2
irish_sea,2004,51,2,2004,51,2004-12-13,2,52.87415,-5.8863,0.0,7.5757575757576,286.8852459016395,0.0,1.0,0.0,52.5,54.5,-6.2,-3.2
irish_sea,2005,2,6,2005,2,2005-01-10,6,53.55711263,-4.645970747166667,0.0,0.0,40.983606557377,0.0,0.0,0.0,52.5,54.5,-6.2,-3.2
irish_sea,2005,4,2,2005,4,2005-01-24,2,52.880804444999995,-5.887964376,0.12499999999999994,0.0,0.0,0.0,1.0,,52.5,54.5,-6.2,-3.2
irish_sea,2005,6,9,2005,6,2005-02-07,9,53.54029089111111,-4.704273704222222,0.0,0.0,0.0,0.0,0.2222222222222222,,52.5,54.5,-6.2,-3.2
irish_sea,2005,9,2,2005,9,2005-02-28,2,52.905110675,-5.301487732,0.0227272727272727,0.0,122.950819672131,0.0,0.0,0.0,52.5,54.5,-6.2,-3.2
irish_sea,2005,10,7,2005,10,2005-03-07,7,53.54657098714286,-4.7662591480000005,0.0,0.8658008658008657,0.0,0.0,1.0,,52.5,54.5,-6.2,-3.2
irish_sea,2005,13,2,2005,13,2005-03-28,2,52.86283366,-5.8814387005,0.0,2.272727272727275,0.0,0.0,1.0,,52.5,54.5,-6.2,-3.2
irish_sea,2005,15,7,2005,15,2005-04-11,7,53.54546537857143,-4.743418448428572,0.0,3.246753246753247,1170.96018735363,48.70129870129871,1.7857142857142858,0.041590909090909095,52.5,54.5,-6.2,-3.2
irish_sea,2005,16,3,2005,16,2005-04-18,3,52.91163465666667,-5.241681247,0.17424242424242417,21.212121212121225,1639.344262295084,8674.242424242417,3.5,9.331605528973949,52.5,54.5,-6.2,-3.2
irish_sea,2005,19,8,2005,19,2005-05-09,8,53.52030181875,-4.608771228875,0.0028409090909090875,12.499999999999995,727.4590163934421,0.0,1.125,0.0,52.5,54.5,-6.2,-3.2
irish_sea,2005,20,3,2005,20,2005-05-16,3,52.90420464666666,-5.246510484333333,0.0,1.5151515151515167,163.93442622950832,113.63636363636367,1.0,0.6931818181818178,52.5,54.5,-6.2,-3.2
irish_sea,2005,24,3,2005,24,2005-06-13,3,52.90870225333333,-5.256655036000001,0.0,0.0,1038.2513661202186,0.0,1.0,0.0,52.5,54.5,-6.2,-3.2
irish_sea,2005,28,9,2005,28,2005-07-11,9,53.30536747666667,-4.862479768111111,0.012626262626262633,29.629629629629683,664.8451730418944,1275.252525252526,2.3333333333333335,1.6215503246753253,52.5,54.5,-6.2,-3.2
irish_sea,2005,33,7,2005,33,2005-08-15,7,53.53852132142857,-4.689527784142856,0.012987012987012986,29.65367965367965,105.38641686182658,162.3376623376623,1.1428571428571428,1.078282828282829,52.5,54.5,-6.2,-3.2
irish_sea,2005,35,5,2005,35,2005-08-29,5,52.943977862,-5.141713257,0.4818181818181807,19.69696969696971,0.0,0.0,0.0,,52.5,54.5,-6.2,-3.2
irish_sea,2005,37,7,2005,37,2005-09-12,7,53.53098784,-4.786704653857143,0.0324675324675324,6.709956709956713,35.12880562060886,48.70129870129871,1.0,0.0,52.5,54.5,-6.2,-3.2
irish_sea,2005,42,8,2005,42,2005-10-17,8,53.32201487375,-4.7019413629999995,0.0028409090909090875,2.0833333333333375,30.73770491803275,85.22727272727275,0.125,0.0,52.5,54.5,-6.2,-3.2
irish_sea,2005,45,6,2005,45,2005-11-07,6,53.54776747,-4.745776875833333,0.0,0.0,0.0,0.0,0.0,,52.5,54.5,-6.2,-3.2
irish_sea,2006,1,2,2006,1,2006-01-02,2,52.71791667,-5.9041666665,0.727272727272727,3.03030303030303,122.950819672131,0.0,1.0,0.0,52.5,54.5,-6.2,-3.2
irish_sea,2006,3,6,2006,3,2006-01-16,6,53.51419444333334,-4.749861111,0.0,0.505050505050505,0.0,0.0,0.0,,52.5,54.5,-6.2,-3.2
irish_sea,2006,8,9,2006,8,2006-02-20,9,53.36901851777778,-4.8904444445555555,0.0,0.6734006734006733,27.322404371584668,0.0,1.0,0.0,52.5,54.5,-6.2,-3.2
irish_sea,2006,10,7,2006,10,2006-03-06,7,53.52171428571428,-4.650380952428571,0.0064935064935065,2.597402597402597,35.12880562060886,0.0,1.0,0.0,52.5,54.5,-6.2,-3.2
irish_sea,2006,12,2,2006,12,2006-03-20,2,52.716750000000005,-5.142,0.07954545454545435,0.0,0.0,0.0,1.0,,52.5,54.5,-6.2,-3.2
irish_sea,2006,15,7,2006,15,2006-04-10,7,53.53392857285714,-4.5289047618571425,0.0,1.7316017316017314,269.32084309133427,0.0,0.0,0.0,52.5,54.5,-6.2,-3.2
irish_sea,2006,16,2,2006,16,2006-04-17,2,52.716583334999996,-5.817833333499999,0.27272727272727293,14.393939393939391,245.901639344262,0.0,1.0,0.0,52.5,54.5,-6.2,-3.2
irish_sea,2006,19,8,2006,19,2006-05-08,8,53.52485416625,-4.53689583325,0.025568181818181764,14.01515151515152,625.000000000001,497.15909090909184,1.25,0.7918269230769237,52.5,54.5,-6.2,-3.2
irish_sea,2006,20,2,2006,20,2006-05-15,2,52.705583329999996,-5.9055,0.0,15.151515151515142,1557.3770491803293,170.4545454545455,2.0,0.07998251748251738,52.5,54.5,-6.2,-3.2
irish_sea,2006,23,6,2006,23,2006-06-05,6,53.53469444500001,-4.901916666666667,0.003787878787878783,1.7676767676767682,1366.1202185792347,397.7272727272728,1.0,0.22292097107438008,52.5,54.5,-6.2,-3.2
irish_sea,2006,24,2,2006,24,2006-06-12,2,52.716583334999996,-5.12975,0.0,10.6060606060606,3237.70491803279,0.0,2.0,0.0,52.5,54.5,-6.2,-3.2
irish_sea,2006,27,8,2006,27,2006-07-03,8,53.338541667499996,-4.94233333325,0.045454545454545414,16.09848484848485,758.1967213114754,1576.7045454545464,2.375,2.679879842379845,52.5,54.5,-6.2,-3.2
irish_sea,2006,31,8,2006,31,2006-07-31,8,53.35504166625,-4.66116666675,0.10227272727272722,88.82575757575765,727.4590163934425,383.5227272727269,1.375,1.1407403870639157,52.5,54.5,-6.2,-3.2
irish_sea,2006,36,6,2006,36,2006-09-04,6,53.527805556666664,-4.738916666833333,0.21969696969696936,27.02020202020204,0.0,0.0,1.0,,52.5,54.5,-6.2,-3.2
irish_sea,2006,38,2,2006,38,2006-09-18,2,52.713083335,-5.1436666665,0.0454545454545455,18.1818181818182,368.8524590163935,0.0,1.0,0.0,52.5,54.5,-6.2,-3.2
irish_sea,2006,41,7,2006,41,2006-10-09,7,53.53523809571429,-4.722595238285714,0.02922077922077917,5.194805194805194,35.12880562060886,0.0,0.0,0.0,52.5,54.5,-6.2,-3.2
irish_sea,2006,42,2,2006,42,2006-10-16,2,52.704666665000005,-5.9056666665,0.0,0.0,245.9016393442625,0.0,0.0,0.0,52.5,54.5,-6.2,-3.2
irish_sea,2006,46,7,2006,46,2006-11-13,7,53.304333334285715,-4.798714285571428,0.003246753246753243,0.0,0.0,48.70129870129871,0.0,,52.5,54.5,-6.2,-3.2
irish_sea,2006,49,2,2006,49,2006-12-04,2,52.71816667,-5.965916667,0.14772727272727249,2.272727272727275,0.0,0.0,1.0,,52.5,54.5,-6.2,-3.2
irish_sea,2006,50,6,2006,50,2006-12-11,6,53.53325,-4.629361111,0.003787878787878783,1.01010101010101,0.0,0.0,1.0,,52.5,54.5,-6.2,-3.2
irish_sea,2007,1,2,2007,1,2007-01-01,2,52.711916099999996,-5.1423332215,0.01136363636363635,0.0,0.0,0.0,0.0,,52.5,54.5,-6.2,-3.2
irish_sea,2007,3,6,2007,3,2007-01-15,6,53.52294514833333,-4.7973611620000005,0.003787878787878783,0.0,0.0,0.0,0.0,,52.5,54.5,-6.2,-3.2
irish_sea,2007,5,2,2007,5,2007-01-29,2,52.704833985,-5.9056666055,0.931818181818182,13.636363636363615,0.0,0.0,1.0,,52.5,54.5,-6.2,-3.2
irish_sea,2007,6,8,2007,6,2007-02-05,8,53.5296875,-4.771520805375,0.0,0.5681818181818188,0.0,0.0,0.375,,52.5,54.5,-6.2,-3.2
irish_sea,2007,10,6,2007,10,2007-03-05,6,53.56088867,-4.533111190833334,0.0,0.0,0.0,0.0,1.0,,52.5,54.5,-6.2,-3.2
irish_sea,2007,15,9,2007,15,2007-04-09,9,53.34938874555556,-5.009499980888888,0.02272727272727272,8.754208754208756,1821.4936247723153,37.87878787878789,1.6111111111111112,0.006795900178253109,52.5,54.5,-6.2,-3.2
irish_sea,2007,19,10,2007,19,2007-05-07,10,53.383133138999995,-4.8669333647999995,0.2659090909090907,51.212121212121154,327.8688524590163,0.0,1.2,0.0,52.5,54.5,-6.2,-3.2
irish_sea,2007,24,7,2007,24,2007-06-11,7,53.55647670142857,-4.734976196285714,0.0422077922077922,17.965367965367978,1182.669789227167,357.1428571428577,1.0,0.9565784361837025,52.5,54.5,-6.2,-3.2
irish_sea,2007,26,2,2007,26,2007-06-25,2,52.710166425,-5.1816665650000004,0.0,0.0,368.8524590163935,397.7272727272725,2.0,0.8087121212121201,52.5,54.5,-6.2,-3.2
irish_sea,2007,28,5,2007,28,2007-07-09,5,53.546900226000005,-4.2555666606,0.0,17.878787878787882,688.5245901639348,613.636363636363,1.4,0.5545454545454527,52.5,54.5,-6.2,-3.2
irish_sea,2007,31,9,2007,31,2007-07-30,9,53.51774043333333,-4.632981505111111,0.020202020202020166,20.033670033670024,346.0837887067398,454.54545454545513,1.2222222222222223,1.1908508158508173,52.5,54.5,-6.2,-3.2
irish_sea,2007,34,2,2007,34,2007-08-20,2,52.721582035,-5.127499898,0.261363636363636,12.878787878787895,0.0,0.0,1.0,,52.5,54.5,-6.2,-3.2
irish_sea,2007,37,2,2007,37,2007-09-10,2,52.70716553,-5.9053334555,0.0795454545454545,14.393939393939394,0.0,0.0,1.0,,52.5,54.5,-6.2,-3.2
irish_sea,2007,38,7,2007,38,2007-09-17,7,53.54876302142857,-4.677142806428571,0.5844155844155834,35.93073593073596,433.25526932084347,97.40259740259742,1.1428571428571428,0.10944976076555012,52.5,54.5,-6.2,-3.2
irish_sea,2007,40,2,2007,40,2007-10-01,2,52.742498780000005,-5.2141667685,0.02272727272727275,0.0,0.0,0.0,0.0,,52.5,54.5,-6.2,-3.2
irish_sea,2007,41,7,2007,41,2007-10-08,7,53.51089681,-4.902001916857143,0.05844155844155828,6.493506493506494,70.25761124121772,0.0,0.42857142857142855,0.0,52.5,54.5,-6.2,-3.2
irish_sea,2007,47,8,2007,47,2007-11-19,8,53.530974326249996,-4.54919455825,0.008522727272727262,0.0,61.47540983606562,0.0,1.25,0.0,52.5,54.5,-6.2,-3.2
irish_sea,2008,3,7,2008,3,2008-01-14,7,53.551192854285716,-4.614022143,0.019480519480519428,0.8658008658008657,0.0,0.0,1.0,,52.5,54.5,-6.2,-3.2
irish_sea,2008,7,7,2008,7,2008-02-11,7,53.527857142857144,-4.626285714285714,0.0,0.0,0.0,0.0,0.0,,52.5,54.5,-6.2,-3.2
irish_sea,2008,11,6,2008,11,2008-03-10,6,53.54783333333333,-4.691,0.0,1.01010101010101,122.950819672131,0.0,0.8333333333333334,0.0,52.5,54.5,-6.2,-3.2
irish_sea,2008,15,7,2008,15,2008-04-07,7,53.52957142857143,-4.664714285714285,0.04220779220779217,14.285714285714302,35.12880562060886,0.0,1.0,0.0,52.5,54.5,-6.2,-3.2
irish_sea,2008,19,5,2008,19,2008-05-05,5,53.517399999999995,-5.13,0.00454545454545454,12.727272727272723,852.4590163934417,227.2727272727272,1.4,0.30018130018130085,52.5,54.5,-6.2,-3.2
irish_sea,2008,20,3,2008,20,2008-05-12,3,53.565,-4.044,0.015151515151515166,6.565656565656567,437.158469945354,0.0,1.3333333333333333,0.0,52.5,54.5,-6.2,-3.2
irish_sea,2008,21,2,2008,21,2008-05-19,2,52.701499999999996,-5.8,0.068181818181818,4.545454545454545,778.688524590166,0.0,1.5,0.0,52.5,54.5,-6.2,-3.2
irish_sea,2008,23,4,2008,23,2008-06-02,4,53.515,-5.2245,0.01704545454545455,4.924242424242422,184.42622950819674,85.22727272727275,1.25,0.0,52.5,54.5,-6.2,-3.2
irish_sea,2008,24,3,2008,24,2008-06-09,3,53.6,-4.277,0.0,8.58585858585858,245.90163934426232,0.0,1.3333333333333333,0.0,52.5,54.5,-6.2,-3.2
irish_sea,2008,27,1,2008,27,2008-06-30,1,52.553,-5.767,0.0,0.0,819.672131147541,681.818181818182,1.0,0.831818181818182,52.5,54.5,-6.2,-3.2
irish_sea,2008,28,7,2008,28,2008-07-07,7,53.52571428571429,-4.6698571428571425,0.0064935064935065,34.63203463203465,281.03044496487126,194.80519480519484,1.0,0.9242424242424252,52.5,54.5,-6.2,-3.2
irish_sea,2008,31,1,2008,31,2008-07-28,1,52.685,-5.817,0.0,0.0,0.0,0.0,2.0,,52.5,54.5,-6.2,-3.2
irish_sea,2008,33,7,2008,33,2008-08-11,7,53.53157142857143,-4.684857142857142,0.0,3.0303030303030374,210.7728337236533,827.9220779220776,0.14285714285714285,1.617424242424242,52.5,54.5,-6.2,-3.2
irish_sea,2008,35,2,2008,35,2008-08-25,2,52.701499999999996,-5.817,0.0340909090909091,25.75757575757575,122.950819672131,170.4545454545455,1.0,1.3863636363636382,52.5,54.5,-6.2,-3.2
irish_sea,2008,36,8,2008,36,2008-09-01,8,53.523125,-4.674125,0.01704545454545455,1.515151515151515,92.21311475409837,42.613636363636374,0.625,0.4621212121212122,52.5,54.5,-6.2,-3.2
irish_sea,2008,41,8,2008,41,2008-10-06,8,53.525125,-4.61775,0.06249999999999996,6.250000000000002,286.8852459016396,227.2727272727275,1.125,0.38915470494417853,52.5,54.5,-6.2,-3.2
irish_sea,2008,47,8,2008,47,2008-11-17,8,53.412875,-4.908375,0.0028409090909090875,0.5681818181818188,0.0,0.0,0.0,,52.5,54.5,-6.2,-3.2
irish_sea,2008,49,8,2008,49,2008-12-01,8,53.548875,-4.675,0.008522727272727276,1.8939393939393936,30.73770491803275,0.0,0.0,0.0,52.5,54.5,-6.2,-3.2
irish_sea,2008,51,2,2008,51,2008-12-15,2,52.685,-5.833,0.0340909090909091,2.272727272727275,0.0,0.0,1.0,,52.5,54.5,-6.2,-3.2
irish_sea,2009,4,7,2009,4,2009-01-19,7,53.525571428571425,-4.534,0.003246753246753243,0.0,35.12880562060886,0.0,0.0,0.0,52.5,54.5,-6.2,-3.2
irish_sea,2009,7,9,2009,7,2009-02-09,9,53.394,-4.900222222222222,0.007575757575757579,0.33670033670033667,0.0,0.0,1.0,,52.5,54.5,-6.2,-3.2
irish_sea,2009,11,9,2009,11,2009-03-09,9,53.36355555555556,-4.983555555555555,0.0,0.0,163.9344262295082,0.0,1.0,0.0,52.5,54.5,-6.2,-3.2
irish_sea,2009,15,7,2009,15,2009-04-06,7,53.53528571428571,-4.456857142857143,0.025974025974025917,38.311688311688286,667.4473067915696,48.70129870129871,1.0,0.0,52.5,54.5,-6.2,-3.2
irish_sea,2009,17,1,2009,17,2009-04-20,1,52.652,-5.817,0.568181818181818,9.09090909090909,1311.47540983607,0.0,1.0,0.0,52.5,54.5,-6.2,-3.2
irish_sea,2009,20,8,2009,20,2009-05-11,8,53.5345,-4.704625,0.025568181818181775,23.674242424242426,1608.6065573770493,213.06818181818187,4.8125,0.17580952490491958,52.5,54.5,-6.2,-3.2
irish_sea,2009,28,8,2009,28,2009-07-06,8,53.52525,-4.745625,0.01988636363636364,22.348484848484865,573.7704918032782,553.9772727272716,1.25,1.1928821178821163,52.5,54.5,-6.2,-3.2
irish_sea,2009,33,8,2009,33,2009-08-10,8,53.532875000000004,-4.66525,0.15909090909090887,26.893939393939398,153.68852459016387,0.0,0.375,0.0,52.5,54.5,-6.2,-3.2
irish_sea,2009,35,1,2009,35,2009-08-24,1,52.585,-5.817,0.0227272727272727,3.03030303030303,0.0,0.0,1.0,,52.5,54.5,-6.2,-3.2
irish_sea,2009,37,8,2009,37,2009-09-07,8,53.532,-4.721125,0.03977272727272725,14.583333333333332,215.16393442622962,0.0,0.75,0.0,52.5,54.5,-6.2,-3.2
irish_sea,2009,39,1,2009,39,2009-09-21,1,52.585,-5.817,0.159090909090909,6.06060606060606,0.0,0.0,1.0,,52.5,54.5,-6.2,-3.2
irish_sea,2009,43,8,2009,43,2009-10-19,8,53.525375000000004,-4.72775,0.0,1.704545454545455,30.73770491803275,0.0,0.5,0.0,52.5,54.5,-6.2,-3.2
irish_sea,2009,46,8,2009,46,2009-11-09,8,53.533125,-4.69025,0.0,0.0,30.73770491803275,0.0,0.0,0.0,52.5,54.5,-6.2,-3.2
irish_sea,2009,49,8,2009,49,2009-11-30,8,53.519625,-4.6907499999999995,0.0,0.18939393939394,30.73770491803275,0.0,0.0,0.0,52.5,54.5,-6.2,-3.2
irish_sea,2009,52,1,2009,52,2009-12-21,1,52.588,-5.79,0.0,0.0,491.803278688525,0.0,0.0,0.0,52.5,54.5,-6.2,-3.2
irish_sea,2010,2,7,2010,2,2010-01-11,7,53.54257142857143,-4.730714285714286,0.0,0.8658008658008657,0.0,0.0,0.14285714285714285,,52.5,54.5,-6.2,-3.2
irish_sea,2010,6,7,2010,6,2010-02-08,7,53.53828571428572,-4.8265714285714285,0.003246753246753243,0.43290043290043284,35.12880562060886,0.0,0.0,0.0,52.5,54.5,-6.2,-3.2
irish_sea,2010,7,1,2010,7,2010-02-15,1,52.657,-5.8,0.0,0.0,0.0,0.0,0.0,,52.5,54.5,-6.2,-3.2
irish_sea,2010,9,7,2010,9,2010-03-01,7,53.529857142857146,-4.712000000000001,0.0,1.082251082251083,0.0,48.70129870129871,0.0,,52.5,54.5,-6.2,-3.2
irish_sea,2010,11,1,2010,11,2010-03-15,1,52.817,-5.747,0.0227272727272727,10.6060606060606,0.0,0.0,0.0,,52.5,54.5,-6.2,-3.2
irish_sea,2010,14,7,2010,14,2010-04-05,7,53.52014285714286,-4.636285714285714,0.0,9.740259740259749,222.4824355971893,162.33766233766283,1.1428571428571428,0.0,52.5,54.5,-6.2,-3.2
irish_sea,2010,17,1,2010,17,2010-04-26,1,52.64,-5.793,0.0,9.09090909090909,0.0,0.0,1.0,,52.5,54.5,-6.2,-3.2
irish_sea,2010,19,7,2010,19,2010-05-10,7,53.53442857142857,-4.726428571428571,0.0,1.731601731601733,2330.2107728337223,470.7792207792214,1.4285714285714286,0.1109673414820476,52.5,54.5,-6.2,-3.2
irish_sea,2010,21,1,2010,21,2010-05-24,1,52.64,-5.81,0.0,6.06060606060606,245.901639344262,0.0,1.0,0.0,52.5,54.5,-6.2,-3.2
irish_sea,2010,22,7,2010,22,2010-05-31,7,53.52342857142857,-4.851857142857143,0.006493506493506486,1.7316017316017314,608.8992974238865,243.50649350649357,1.1428571428571428,0.4384226884226891,52.5,54.5,-6.2,-3.2
irish_sea,2010,25,1,2010,25,2010-06-21,1,52.672,-5.793,0.0,0.0,0.0,0.0,0.0,,52.5,54.5,-6.2,-3.2
irish_sea,2010,27,7,2010,27,2010-07-05,7,53.530142857142856,-4.751857142857142,0.01623376623376623,74.45887445887452,690.8665105386419,4642.8571428571395,1.1428571428571428,15.335473638827283,52.5,54.5,-6.2,-3.2
irish_sea,2010,29,1,2010,29,2010-07-19,1,52.655,-5.817,0.0,21.2121212121212,0.0,0.0,0.0,,52.5,54.5,-6.2,-3.2
irish_sea,2010,31,7,2010,31,2010-08-02,7,53.54342857142858,-4.756285714285714,0.40259740259740173,34.415584415584405,175.64402810304458,97.40259740259742,1.0,0.4621212121212119,52.5,54.5,-6.2,-3.2
irish_sea,2010,35,1,2010,35,2010-08-30,1,52.668,-5.902,0.0909090909090909,57.5757575757576,0.0,0.0,0.0,,52.5,54.5,-6.2,-3.2
irish_sea,2010,36,7,2010,36,2010-09-06,7,53.51485714285714,-4.831285714285714,0.022727272727272672,23.593073593073598,70.25761124121772,0.0,1.1428571428571428,0.0,52.5,54.5,-6.2,-3.2
irish_sea,2010,39,1,2010,39,2010-09-27,1,52.652,-5.898,0.0,3.03030303030303,245.901639344262,0.0,0.0,0.0,52.5,54.5,-6.2,-3.2
irish_sea,2010,40,6,2010,40,2010-10-04,6,53.501,-4.9110000000000005,0.16287878787878776,14.898989898989898,0.0,0.0,0.0,,52.5,54.5,-6.2,-3.2
irish_sea,2010,43,1,2010,43,2010-10-25,1,52.705,-5.793,0.0681818181818182,0.0,0.0,0.0,0.0,,52.5,54.5,-6.2,-3.2
irish_sea,2010,44,7,2010,44,2010-11-01,7,53.54742857142857,-4.7948571428571425,0.055194805194805206,2.380952380952381,0.0,0.0,1.1428571428571428,,52.5,54.5,-6.2,-3.2
irish_sea,2010,47,2,2010,47,2010-11-22,2,52.768,-5.7645,0.5681818181818185,20.45454545454545,0.0,0.0,1.0,,52.5,54.5,-6.2,-3.2
irish_sea,2010,48,6,2010,48,2010-11-29,6,53.51566666666667,-4.855166666666666,0.007575757575757583,0.505050505050505,0.0,0.0,1.0,,52.5,54.5,-6.2,-3.2
irish_sea,2010,51,1,2010,51,2010-12-20,1,52.768,-5.762,0.386363636363636,18.1818181818182,0.0,0.0,0.0,,52.5,54.5,-6.2,-3.2
irish_sea,2011,2,7,2011,2,2011-01-10,7,53.524,-4.665571428571428,0.0,0.0,70.25761124121772,0.0,1.0,0.0,52.5,54.5,-6.2,-3.2
irish_sea,2011,3,1,2011,3,2011-01-17,1,52.638,-5.823,0.204545454545455,3.03030303030303,0.0,0.0,1.0,,52.5,54.5,-6.2,-3.2
irish_sea,2011,6,7,2011,6,2011-02-07,7,53.52357142857142,-4.636857142857143,0.003246753246753243,2.8138528138528143,35.12880562060886,0.0,0.0,0.0,52.5,54.5,-6.2,-3.2
irish_sea,2011,10,7,2011,10,2011-03-07,7,53.53785714285714,-4.783857142857143,0.0,0.8658008658008657,105.38641686182658,0.0,1.0,0.0,52.5,54.5,-6.2,-3.2
irish_sea,2011,13,1,2011,13,2011-03-28,1,52.603,-5.767,0.0681818181818182,0.0,0.0,0.0,1.0,,52.5,54.5,-6.2,-3.2
irish_sea,2011,14,6,2011,14,2011-04-04,6,53.52466666666667,-4.6705,0.0,2.2727272727272734,1448.087431693989,0.0,1.1666666666666667,0.0,52.5,54.5,-6.2,-3.2
irish_sea,2011,21,2,2011,21,2011-05-23,2,52.7365,-5.767,0.0,10.60606060606063,245.9016393442625,568.18181818182,3.25,2.310606060606066,52.5,54.5,-6.2,-3.2
irish_sea,2011,24,7,2011,24,2011-06-13,7,53.53471428571429,-4.776571428571429,0.003246753246753243,6.926406926406931,105.38641686182658,762.9870129870127,1.2857142857142858,2.002525252525255,52.5,54.5,-6.2,-3.2
irish_sea,2011,25,1,2011,25,2011-06-20,1,52.587,-5.767,0.136363636363636,1.51515151515152,245.901639344262,681.818181818182,2.0,2.7727272727272765,52.5,54.5,-6.2,-3.2
irish_sea,2011,28,7,2011,28,2011-07-11,7,53.529428571428575,-4.578714285714286,0.03571428571428566,32.900432900432904,714.2857142857122,551.9480519480511,2.357142857142857,1.1273726273726274,52.5,54.5,-6.2,-3.2
irish_sea,2011,29,2,2011,29,2011-07-18,2,52.72,-5.783,0.07954545454545435,13.636363636363615,491.803278688525,170.4545454545455,2.0,0.3465909090909089,52.5,54.5,-6.2,-3.2
irish_sea,2011,31,7,2011,31,2011-08-01,7,53.51571428571429,-4.731428571428571,0.003246753246753243,14.935064935064938,175.6440281030444,584.4155844155841,1.0,1.9062499999999993,52.5,54.5,-6.2,-3.2
irish_sea,2011,33,2,2011,33,2011-08-15,2,52.7525,-5.825,0.01136363636363635,12.878787878787866,0.0,170.4545454545455,1.0,,52.5,54.5,-6.2,-3.2
irish_sea,2011,36,7,2011,36,2011-09-05,7,53.528999999999996,-4.778,0.0,4.978354978354981,35.12880562060886,48.70129870129871,1.1428571428571428,1.3863636363636382,52.5,54.5,-6.2,-3.2
irish_sea,2011,37,2,2011,37,2011-09-12,2,52.7525,-5.833,0.0340909090909091,8.33333333333335,0.0,0.0,1.0,,52.5,54.5,-6.2,-3.2
irish_sea,2011,41,7,2011,41,2011-10-10,7,53.53814285714286,-4.541285714285714,0.009740259740259744,7.575757575757578,140.51522248243558,0.0,1.2857142857142858,0.0,52.5,54.5,-6.2,-3.2
irish_sea,2011,42,2,2011,42,2011-10-17,2,52.7435,-5.391500000000001,0.306818181818182,16.66666666666668,0.0,0.0,1.0,,52.5,54.5,-6.2,-3.2
irish_sea,2011,45,8,2011,45,2011-11-07,8,53.548375,-4.738875,0.0170454545454545,5.4924242424242475,0.0,0.0,1.0,,52.5,54.5,-6.2,-3.2
irish_sea,2011,49,8,2011,49,2011-12-05,8,53.520125,-4.69125,0.0028409090909090875,0.37878787878787873,61.4754098360655,85.22727272727275,1.0,1.3863636363636382,52.5,54.5,-6.2,-3.2
irish_sea,2011,50,2,2011,50,2011-12-12,2,52.769000000000005,-5.8885000000000005,0.0340909090909091,4.545454545454545,0.0,0.0,1.0,,52.5,54.5,-6.2,-3.2
irish_sea,2012,2,8,2012,2,2012-01-09,8,53.417500000000004,-4.993,0.0,0.9469696969696975,61.4754098360655,0.0,0.375,0.0,52.5,54.5,-6.2,-3.2
irish_sea,2012,7,7,2012,7,2012-02-13,7,53.53142857142858,-4.819142857142857,0.003246753246753243,0.0,0.0,0.0,1.0,,52.5,54.5,-6.2,-3.2
irish_sea,2012,10,9,2012,10,2012-03-05,9,53.35633333333333,-5.015777777777778,0.0025252525252525224,1.5151515151515156,63.752276867031,0.0,1.0,0.0,52.5,54.5,-6.2,-3.2
irish_sea,2012,14,6,2012,14,2012-04-02,6,53.53133333333333,-4.596333333333334,0.026515151515151502,28.7878787878788,1010.9289617486332,56.818181818181834,2.75,0.27727272727272767,52.5,54.5,-6.2,-3.2
irish_sea,2012,18,7,2012,18,2012-04-30,7,53.542142857142856,-4.523285714285715,0.0,21.428571428571423,772.8337236533959,4659.090909090916,2.7142857142857144,5.63862028671812,52.5,54.5,-6.2,-3.2
irish_sea,2012,22,1,2012,22,2012-05-28,1,52.637,-5.912,0.0,3.03030303030303,1311.47540983607,681.818181818182,2.0,0.519886363636362,52.5,54.5,-6.2,-3.2
irish_sea,2012,25,7,2012,25,2012-06-18,7,53.537571428571425,-4.778428571428571,0.019480519480519487,47.402597402597486,105.38641686182658,698.0519480519481,1.1428571428571428,4.3131313131313185,52.5,54.5,-6.2,-3.2
irish_sea,2012,27,1,2012,27,2012-07-02,1,52.618,-5.907,0.0227272727272727,16.6666666666667,0.0,681.818181818182,2.0,,52.5,54.5,-6.2,-3.2
irish_sea,2012,29,1,2012,29,2012-07-16,1,52.62,-5.913,0.0,15.1515151515152,573.770491803279,3409.09090909091,1.0,5.941558441558439,52.5,54.5,-6.2,-3.2
irish_sea,2012,30,7,2012,30,2012-07-23,7,53.522,-4.606999999999999,0.003246753246753243,10.606060606060595,480.09367681498844,1038.96103896104,1.1428571428571428,1.480204342273309,52.5,54.5,-6.2,-3.2
irish_sea,2012,33,5,2012,33,2012-08-13,5,53.54260000000001,-4.3856,0.00454545454545454,56.36363636363642,98.3606557377048,727.2727272727267,2.7,4.6212121212121255,52.5,54.5,-6.2,-3.2
irish_sea,2012,36,1,2012,36,2012-09-03,1,52.668,-5.905,0.136363636363636,9.09090909090909,245.901639344262,340.909090909091,2.0,1.3863636363636382,52.5,54.5,-6.2,-3.2
irish_sea,2012,38,7,2012,38,2012-09-17,7,53.525571428571425,-4.662428571428571,0.09740259740259737,11.038961038961052,398.1264637002346,503.2467532467534,1.2857142857142858,0.7702020202020198,52.5,54.5,-6.2,-3.2
irish_sea,2012,42,6,2012,42,2012-10-15,6,53.52433333333334,-4.806666666666667,0.05681818181818169,9.848484848484846,40.983606557377,0.0,1.0,0.0,52.5,54.5,-6.2,-3.2
irish_sea,2012,47,7,2012,47,2012-11-19,7,53.529857142857146,-4.771285714285715,0.006493506493506486,1.7316017316017314,0.0,0.0,1.0,,52.5,54.5,-6.2,-3.2
irish_sea,2012,50,10,2012,50,2012-12-10,10,53.36280000000001,-4.7915,0.00909090909090908,0.606060606060606,49.1803278688524,68.1818181818182,0.8,0.0,52.5,54.5,-6.2,-3.2
irish_sea,2013,2,7,2013,2,2013-01-07,7,53.53142857142858,-4.745,0.0,0.0,0.0,0.0,1.1428571428571428,,52.5,54.5,-6.2,-3.2
irish_sea,2013,5,2,2013,5,2013-01-28,2,52.6565,-5.2635000000000005,0.02272727272727275,1.515151515151515,0.0,0.0,1.0,,52.5,54.5,-6.2,-3.2
irish_sea,2013,6,7,2013,6,2013-02-04,7,53.52885714285714,-4.561142857142857,0.0,0.0,105.3864168618267,0.0,0.0,0.0,52.5,54.5,-6.2,-3.2
irish_sea,2013,7,2,2013,7,2013-02-11,2,52.676,-5.2395,0.02272727272727275,3.03030303030303,0.0,0.0,0.5,,52.5,54.5,-6.2,-3.2
irish_sea,2013,10,2,2013,10,2013-03-04,2,52.691,-5.2135,0.01136363636363635,1.515151515151515,0.0,0.0,1.0,,52.5,54.5,-6.2,-3.2
irish_sea,2013,12,7,2013,12,2013-03-18,7,53.529999999999994,-4.829142857142857,0.0,0.0,105.3864168618267,0.0,1.0,0.0,52.5,54.5,-6.2,-3.2
irish_sea,2013,15,7,2013,15,2013-04-08,7,53.515142857142855,-4.801571428571428,0.003246753246753243,3.463203463203464,35.12880562060886,48.70129870129871,1.0,1.3863636363636382,52.5,54.5,-6.2,-3.2
irish_sea,2013,21,2,2013,21,2013-05-20,2,52.689,-5.226,0.40909090909090895,29.545454545454565,778.6885245901624,0.0,1.0,0.0,52.5,54.5,-6.2,-3.2
irish_sea,2013,24,1,2013,24,2013-06-10,1,52.585,-5.733,0.0,10.6060606060606,8770.49180327869,0.0,6.5,0.0,52.5,54.5,-6.2,-3.2
irish_sea,2013,25,8,2013,25,2013-06-17,8,53.509875,-4.8004999999999995,0.005681818181818175,0.37878787878787873,440.57377049180366,127.84090909090912,1.0,0.18241626794258362,52.5,54.5,-6.2,-3.2
irish_sea,2013,28,9,2013,28,2013-07-08,9,53.34022222222222,-4.917,0.0101010101010101,2.861952861952861,591.9854280510017,151.51515151515156,1.5555555555555556,0.2680115936694887,52.5,54.5,-6.2,-3.2
irish_sea,2013,33,7,2013,33,2013-08-12,7,53.53785714285714,-4.802714285714286,0.003246753246753243,15.367965367965372,70.25761124121772,146.10389610389615,1.0,1.3863636363636382,52.5,54.5,-6.2,-3.2
irish_sea,2013,34,2,2013,34,2013-08-19,2,52.689,-5.216,0.0454545454545455,38.6363636363636,0.0,0.0,1.5,,52.5,54.5,-6.2,-3.2
irish_sea,2013,36,7,2013,36,2013-09-02,7,53.52428571428572,-4.7942857142857145,0.0,3.8961038961038956,70.25761124121786,0.0,1.0,0.0,52.5,54.5,-6.2,-3.2
irish_sea,2013,37,2,2013,37,2013-09-09,2,52.689,-5.223,0.0,4.545454545454545,0.0,0.0,1.0,,52.5,54.5,-6.2,-3.2
irish_sea,2013,40,7,2013,40,2013-09-30,7,53.53742857142857,-4.804,0.003246753246753243,1.7316017316017314,35.12880562060886,48.70129870129871,1.0,0.0,52.5,54.5,-6.2,-3.2
irish_sea,2013,43,2,2013,43,2013-10-21,2,52.735,-5.8945,0.0340909090909091,5.3030303030303045,0.0,0.0,1.0,,52.5,54.5,-6.2,-3.2
irish_sea,2013,45,6,2013,45,2013-11-04,6,53.5265,-4.909833333333333,0.007575757575757583,0.0,0.0,0.0,1.0,,52.5,54.5,-6.2,-3.2
irish_sea,2013,49,1,2013,49,2013-12-02,1,52.587,-5.92,0.0,0.0,245.901639344262,0.0,1.0,0.0,52.5,54.5,-6.2,-3.2
irish_sea,2013,50,7,2013,50,2013-12-09,7,53.519999999999996,-4.667142857142857,0.0064935064935065,0.64935064935065,0.0,97.40259740259742,1.0,,52.5,54.5,-6.2,-3.2
irish_sea,2013,52,1,2013,52,2013-12-23,1,52.798,-5.15,0.0454545454545455,0.0,245.901639344262,0.0,1.0,0.0,52.5,54.5,-6.2,-3.2
irish_sea,2014,3,8,2014,3,2014-01-13,8,53.509125,-4.80475,0.025568181818181827,0.0,0.0,0.0,1.0,,52.5,54.5,-6.2,-3.2
irish_sea,2014,6,2,2014,6,2014-02-03,2,52.706,-5.216,0.11363636363636345,1.515151515151515,0.0,0.0,1.0,,52.5,54.5,-6.2,-3.2
irish_sea,2014,11,7,2014,11,2014-03-10,7,53.52928571428571,-4.795285714285714,0.0,0.8658008658008657,0.0,0.0,1.0,,52.5,54.5,-6.2,-3.2
irish_sea,2014,15,7,2014,15,2014-04-07,7,53.53214285714286,-4.859714285714285,0.012987012987012986,5.4112554112554045,105.3864168618267,0.0,1.0,0.0,52.5,54.5,-6.2,-3.2
irish_sea,2014,22,2,2014,22,2014-05-26,2,52.6605,-5.218999999999999,1.511363636363635,20.45454545454545,122.950819672131,0.0,2.0,0.0,52.5,54.5,-6.2,-3.2
irish_sea,2014,23,7,2014,23,2014-06-02,7,53.53042857142857,-4.773142857142857,0.006493506493506486,7.575757575757573,2845.433255269321,194.80519480519484,3.642857142857143,0.058291885419545,52.5,54.5,-6.2,-3.2
irish_sea,2014,28,8,2014,28,2014-07-07,8,53.414249999999996,-4.6815,0.019886363636363587,4.924242424242423,1280.7377049180332,724.4318181818194,3.0,0.973330135233919,52.5,54.5,-6.2,-3.2
irish_sea,2014,32,6,2014,32,2014-08-04,6,53.523833333333336,-4.627833333333333,0.003787878787878783,1.2626262626262632,464.48087431694063,1155.3030303030296,1.1666666666666667,2.1373106060606024,52.5,54.5,-6.2,-3.2
irish_sea,2014,34,1,2014,34,2014-08-18,1,52.788,-5.157,0.0681818181818182,25.7575757575758,737.704918032787,1022.72727272727,2.0,1.3863636363636325,52.5,54.5,-6.2,-3.2
irish_sea,2014,36,7,2014,36,2014-09-01,7,53.51942857142857,-4.629428571428571,0.0,13.636363636363654,761.1241217798605,1883.1168831168834,2.5714285714285716,1.459035923753663,52.5,54.5,-6.2,-3.2
irish_sea,2014,38,2,2014,38,2014-09-15,2,52.675,-5.2565,0.1931818181818185,14.39393939393938,0.0,0.0,1.0,,52.5,54.5,-6.2,-3.2
irish_sea,2014,41,10,2014,41,2014-10-06,10,53.3549,-4.7577,0.0318181818181818,5.757575757575763,245.90163934426218,102.2727272727273,1.2,0.4621212121212127,52.5,54.5,-6.2,-3.2
irish_sea,2014,46,1,2014,46,2014-11-10,1,52.66,-5.255,0.181818181818182,7.57575757575758,245.901639344262,0.0,1.0,0.0,52.5,54.5,-6.2,-3.2
irish_sea,2014,47,7,2014,47,2014-11-17,7,53.537,-4.809714285714286,0.0,0.8658008658008657,0.0,0.0,1.0,,52.5,54.5,-6.2,-3.2
irish_sea,2015,2,6,2015,2,2015-01-05,6,53.54033333333333,-4.333166666666666,0.0,1.2626262626262632,163.934426229508,0.0,1.0,0.0,52.5,54.5,-6.2,-3.2
irish_sea,2015,6,7,2015,6,2015-02-02,7,53.526999999999994,-4.529142857142857,0.0,0.0,0.0,0.0,1.0,,52.5,54.5,-6.2,-3.2
irish_sea,2015,7,2,2015,7,2015-02-09,2,52.769000000000005,-5.5135000000000005,0.02272727272727275,1.515151515151515,0.0,0.0,1.0,,52.5,54.5,-6.2,-3.2
irish_sea,2015,10,7,2015,10,2015-03-02,7,53.513714285714286,-4.819285714285714,0.0,0.64935064935065,0.0,0.0,1.0,,52.5,54.5,-6.2,-3.2
irish_sea,2015,14,1,2015,14,2015-03-30,1,52.798,-5.18,0.295454545454545,18.1818181818182,0.0,0.0,1.0,,52.5,54.5,-6.2,-3.2
irish_sea,2015,20,2,2015,20,2015-05-11,2,52.692499999999995,-5.2425,0.0,2.272727272727275,0.0,0.0,1.0,,52.5,54.5,-6.2,-3.2
irish_sea,2015,21,7,2015,21,2015-05-18,7,53.542142857142856,-4.470428571428571,0.003246753246753243,9.740259740259743,386.41686182669747,48.70129870129871,1.2857142857142858,0.06931818181818192,52.5,54.5,-6.2,-3.2
irish_sea,2015,23,7,2015,23,2015-06-01,7,53.528,-4.492428571428571,0.006493506493506486,23.593073593073594,1252.9274004683846,194.80519480519484,3.9285714285714284,0.24527972027972067,52.5,54.5,-6.2,-3.2
irish_sea,2015,27,7,2015,27,2015-06-29,7,53.528571428571425,-4.452857142857143,0.016233766233766243,4.761904761904765,316.15925058548015,3035.714285714282,2.0,7.586489898989888,52.5,54.5,-6.2,-3.2
irish_sea,2015,30,2,2015,30,2015-07-20,2,52.6945,-5.211,0.0,3.78787878787879,122.950819672131,0.0,1.0,0.0,52.5,54.5,-6.2,-3.2
irish_sea,2015,32,6,2015,32,2015-08-03,6,53.538833333333336,-4.458333333333333,0.04924242424242418,37.37373737373737,204.91803278688516,1231.0606060606053,1.6666666666666667,5.699494949494951,52.5,54.5,-6.2,-3.2
irish_sea,2015,36,8,2015,36,2015-08-31,8,53.4185,-4.75375,0.008522727272727276,10.795454545454543,747.9508196721316,781.2500000000001,1.25,0.4143336776859502,52.5,54.5,-6.2,-3.2
irish_sea,2015,39,1,2015,39,2015-09-21,1,52.585,-5.92,0.0,0.0,0.0,340.909090909091,1.0,,52.5,54.5,-6.2,-3.2
irish_sea,2015,41,5,2015,41,2015-10-05,5,53.5304,-4.5572,0.03181818181818174,19.999999999999996,49.1803278688524,0.0,1.0,0.0,52.5,54.5,-6.2,-3.2
irish_sea,2015,42,1,2015,42,2015-10-12,1,52.62,-5.918,0.0454545454545455,1.51515151515152,0.0,0.0,1.0,,52.5,54.5,-6.2,-3.2
irish_sea,2015,45,9,2015,45,2015-11-02,9,53.33811111111111,-4.882000000000001,0.11111111111111104,4.882154882154879,27.322404371584668,0.0,1.0,0.0,52.5,54.5,-6.2,-3.2
irish_sea,2015,49,7,2015,49,2015-11-30,7,53.530857142857144,-4.731,0.019480519480519428,2.164502164502164,70.25761124121772,0.0,0.2857142857142857,0.0,52.5,54.5,-6.2,-3.2
irish_sea,2016,1,7,2016,1,2016-01-04,7,53.51971428571428,-4.797,0.0,0.0,35.12880562060886,0.0,1.0,0.0,52.5,54.5,-6.2,-3.2
irish_sea,2016,6,9,2016,6,2016-02-08,9,53.355333333333334,-4.681444444444445,0.09343434343434344,0.1683501683501689,54.644808743169335,0.0,1.0,0.0,52.5,54.5,-6.2,-3.2
irish_sea,2016,10,7,2016,10,2016-03-07,7,53.52342857142857,-4.904857142857144,0.003246753246753243,0.43290043290043284,152.22482435597186,0.0,1.0,0.0,52.5,54.5,-6.2,-3.2
irish_sea,2016,14,7,2016,14,2016-04-04,7,53.521,-4.785714285714286,0.0,5.411255411255415,70.25761124121772,0.0,1.0,0.0,52.5,54.5,-6.2,-3.2
irish_sea,2016,17,1,2016,17,2016-04-25,1,52.66,-5.273,0.181818181818182,9.09090909090909,7131.14754098361,0.0,2.0,0.0,52.5,54.5,-6.2,-3.2
irish_sea,2016,19,8,2016,19,2016-05-09,8,53.428875,-4.91,0.11363636363636367,16.856060606060613,584.0163934426224,0.0,1.25,0.0,52.5,54.5,-6.2,-3.2
irish_sea,2016,23,7,2016,23,2016-06-06,7,53.51985714285714,-4.795857142857143,0.003246753246753243,4.761904761904767,1358.3138173302116,194.80519480519484,3.0,0.11260211562630891,52.5,54.5,-6.2,-3.2
irish_sea,2016,27,7,2016,27,2016-07-04,7,53.525285714285715,-4.859999999999999,0.006493506493506486,2.164502164502164,714.2857142857137,194.80519480519484,1.8571428571428572,0.4112996977447111,52.5,54.5,-6.2,-3.2
irish_sea,2016,31,8,2016,31,2016-08-01,8,53.529624999999996,-4.716625,0.0028409090909090875,35.60606060606061,481.5573770491801,1647.7272727272727,2.0625,5.478061868686875,52.5,54.5,-6.2,-3.2
irish_sea,2016,35,2,2016,35,2016-08-29,2,52.7265,-5.3015,0.0227272727272727,68.93939393939415,245.901639344262,170.4545454545455,1.0,0.6931818181818191,52.5,54.5,-6.2,-3.2
irish_sea,2016,36,8,2016,36,2016-09-05,8,53.519375,-4.68775,0.0170454545454545,21.780303030303045,266.3934426229512,497.15909090909037,1.8125,1.386363636363632,52.5,54.5,-6.2,-3.2
irish_sea,2016,38,2,2016,38,2016-09-19,2,52.661500000000004,-5.260999999999999,0.09090909090909075,15.151515151515145,0.0,0.0,1.0,,52.5,54.5,-6.2,-3.2
irish_sea,2016,40,7,2016,40,2016-10-03,7,53.52514285714285,-4.845285714285715,0.012987012987012988,0.8658008658008657,35.12880562060886,0.0,1.0,0.0,52.5,54.5,-6.2,-3.2
irish_sea,2016,41,1,2016,41,2016-10-10,1,52.788,-5.172,0.795454545454545,22.7272727272727,0.0,0.0,2.0,,52.5,54.5,-6.2,-3.2
irish_sea,2016,44,6,2016,44,2016-10-31,6,53.52983333333333,-4.905333333333334,0.0,1.01010101010101,0.0,0.0,1.0,,52.5,54.5,-6.2,-3.2
irish_sea,2016,49,7,2016,49,2016-12-05,7,53.558571428571426,-4.450571428571428,0.003246753246753243,1.9480519480519487,0.0,48.70129870129871,1.0,,52.5,54.5,-6.2,-3.2
irish_sea,2016,51,2,2016,51,2016-12-19,2,52.692499999999995,-5.242,0.6590909090909095,6.818181818181815,0.0,0.0,1.0,,52.5,54.5,-6.2,-3.2
irish_sea,2017,1,7,2017,1,2017-01-02,7,53.52357142857143,-4.8028571428571425,0.003246753246753243,0.21645021645021714,70.25761124121772,0.0,1.0,0.0,52.5,54.5,-6.2,-3.2
irish_sea,2017,3,2,2017,3,2017-01-16,2,52.7085,-5.2325,0.02272727272727275,0.0,122.950819672131,0.0,0.0,0.0,52.5,54.5,-6.2,-3.2
irish_sea,2017,5,7,2017,5,2017-01-30,7,53.55928571428571,-4.474571428571429,0.006493506493506486,0.0,0.0,0.0,0.14285714285714285,,52.5,54.5,-6.2,-3.2
irish_sea,2017,9,1,2017,9,2017-02-27,1,52.618,-5.85,0.204545454545455,0.0,0.0,0.0,1.0,,52.5,54.5,-6.2,-3.2
irish_sea,2017,10,7,2017,10,2017-03-06,7,53.565999999999995,-4.485857142857143,0.012987012987012986,2.1645021645021716,0.0,0.0,1.0,,52.5,54.5,-6.2,-3.2
irish_sea,2017,11,2,2017,11,2017-03-13,2,52.7235,-5.2545,0.01136363636363635,2.272727272727275,0.0,0.0,1.0,,52.5,54.5,-6.2,-3.2
irish_sea,2017,14,8,2017,14,2017-04-03,8,53.556625,-4.66125,0.05113636363636364,15.909090909090917,297.13114754098376,85.22727272727275,1.125,0.1434169278996865,52.5,54.5,-6.2,-3.2
irish_sea,2017,18,7,2017,18,2017-05-01,7,53.52628571428572,-4.770428571428572,0.055194805194805276,27.272727272727348,843.0913348946132,146.10389610389615,1.1428571428571428,0.08534238488783952,52.5,54.5,-6.2,-3.2
irish_sea,2017,24,7,2017,24,2017-06-12,7,53.53585714285714,-4.759428571428572,0.006493506493506486,2.380952380952382,679.1569086651054,779.2207792207804,1.5714285714285714,1.0462744326380704,52.5,54.5,-6.2,-3.2
irish_sea,2017,27,7,2017,27,2017-07-03,7,53.52357142857143,-4.839285714285714,0.0,0.43290043290043284,550.3512880562068,616.8831168831167,1.1428571428571428,0.9884914192949897,52.5,54.5,-6.2,-3.2
irish_sea,2017,31,7,2017,31,2017-07-31,7,53.53185714285714,-4.779428571428572,0.003246753246753243,0.0,796.2529274004688,1590.9090909090914,1.0,1.7395638305249272,52.5,54.5,-6.2,-3.2
irish_sea,2017,34,2,2017,34,2017-08-21,2,52.701,-5.244,0.0,1.515151515151515,122.950819672131,170.4545454545455,1.0,1.3863636363636382,52.5,54.5,-6.2,-3.2
irish_sea,2017,37,7,2017,37,2017-09-11,7,53.53785714285714,-4.783,0.05844155844155834,17.316017316017316,140.51522248243572,48.70129870129871,1.0,0.0,52.5,54.5,-6.2,-3.2
irish_sea,2017,43,7,2017,43,2017-10-23,7,53.540571428571425,-4.808714285714286,0.01623376623376623,2.597402597402597,35.12880562060886,0.0,1.0,0.0,52.5,54.5,-6.2,-3.2
irish_sea,2017,45,7,2017,45,2017-11-06,7,53.528000000000006,-4.908571428571428,0.009740259740259744,4.761904761904761,0.0,0.0,1.0,,52.5,54.5,-6.2,-3.2
irish_sea,2017,49,7,2017,49,2017-12-04,7,53.53414285714286,-4.824571428571429,0.003246753246753243,0.43290043290043284,35.12880562060886,0.0,1.0,0.0,52.5,54.5,-6.2,-3.2
irish_sea,2018,5,2,2018,5,2018-01-29,2,52.9375,-5.2855,0.0,0.0,0.0,0.0,1.0,,52.5,54.5,-6.2,-3.2
irish_sea,2018,6,6,2018,6,2018-02-05,6,53.538333333333334,-4.952166666666667,0.022727272727272717,1.01010101010101,0.0,56.818181818181834,1.0,,52.5,54.5,-6.2,-3.2
irish_sea,2018,9,8,2018,9,2018-02-26,8,53.543875,-4.570375,0.0,0.0,0.0,0.0,1.0,,52.5,54.5,-6.2,-3.2
irish_sea,2018,10,1,2018,10,2018-03-05,1,52.798,-5.9,0.0,3.03030303030303,0.0,0.0,1.0,,52.5,54.5,-6.2,-3.2
irish_sea,2018,16,7,2018,16,2018-04-16,7,53.53071428571428,-4.842571428571428,0.03896103896103891,10.389610389610395,70.25761124121772,0.0,1.0,0.0,52.5,54.5,-6.2,-3.2
irish_sea,2018,18,5,2018,18,2018-04-30,5,53.58,-4.441599999999999,0.0,10.303030303030303,754.0983606557381,0.0,1.0,0.0,52.5,54.5,-6.2,-3.2
irish_sea,2018,19,1,2018,19,2018-05-07,1,52.728,-5.9,0.0,0.0,0.0,0.0,1.0,,52.5,54.5,-6.2,-3.2
irish_sea,2018,22,6,2018,22,2018-05-28,6,53.227833333333336,-4.634,0.003787878787878783,14.898989898989909,1816.9398907103823,0.0,3.5,0.0,52.5,54.5,-6.2,-3.2
irish_sea,2018,27,7,2018,27,2018-07-02,7,53.53328571428572,-4.827857142857143,0.003246753246753243,0.43290043290043284,140.51522248243558,97.40259740259742,1.0,0.0,52.5,54.5,-6.2,-3.2
irish_sea,2018,28,8,2018,28,2018-07-09,8,53.320375,-4.73975,0.0,6.250000000000007,1834.0163934426234,1846.590909090909,1.8125,0.7496855226731691,52.5,54.5,-6.2,-3.2
irish_sea,2018,31,1,2018,31,2018-07-30,1,52.792,-5.975,0.0,0.0,245.901639344262,1022.72727272727,2.0,4.159090909090903,52.5,54.5,-6.2,-3.2
irish_sea,2018,33,6,2018,33,2018-08-13,6,53.524499999999996,-4.949,0.015151515151515152,43.93939393939391,368.85245901639354,416.66666666666697,1.0,0.9704545454545455,52.5,54.5,-6.2,-3.2
irish_sea,2018,37,7,2018,37,2018-09-10,7,53.55057142857142,-4.479,0.01623376623376623,11.904761904761909,351.288056206089,0.0,1.1428571428571428,0.0,52.5,54.5,-6.2,-3.2
irish_sea,2018,40,7,2018,40,2018-10-01,7,53.52814285714286,-4.824142857142857,0.14610389610389612,9.523809523809533,35.12880562060886,0.0,1.0,0.0,52.5,54.5,-6.2,-3.2
irish_sea,2018,46,7,2018,46,2018-11-12,7,53.53157142857143,-4.849857142857142,0.012987012987012986,0.43290043290043284,0.0,0.0,0.0,,52.5,54.5,-6.2,-3.2
irish_sea,2018,49,7,2018,49,2018-12-03,7,53.54742857142857,-4.433428571428571,0.0,0.43290043290043284,0.0,0.0,1.0,,52.5,54.5,-6.2,-3.2
irish_sea,2019,3,7,2019,3,2019-01-14,7,53.54857142857143,-4.4592857142857145,0.003246753246753243,0.0,0.0,0.0,1.0,,52.5,54.5,-6.2,-3.2
irish_sea,2019,6,7,2019,6,2019-02-04,7,53.52742857142857,-4.836142857142858,0.0,0.0,35.12880562060886,0.0,1.0,0.0,52.5,54.5,-6.2,-3.2
irish_sea,2019,12,4,2019,12,2019-03-18,4,53.21325,-4.91575,0.0,0.0,61.4754098360655,0.0,1.0,0.0,52.5,54.5,-6.2,-3.2
irish_sea,2019,13,7,2019,13,2019-03-25,7,53.54,-4.5045714285714284,0.003246753246753243,4.545454545454548,292.740046838408,0.0,1.0,0.0,52.5,54.5,-6.2,-3.2
irish_sea,2019,16,10,2019,16,2019-04-15,10,53.376400000000004,-4.699,0.07045454545454546,12.424242424242417,1639.3442622950802,34.0909090909091,1.1,0.23106060606060638,52.5,54.5,-6.2,-3.2
irish_sea,2019,18,7,2019,18,2019-04-29,7,53.51342857142857,-4.836714285714286,0.012987012987012986,9.090909090909095,1557.3770491803275,259.7402597402603,1.0,0.07755350516830124,52.5,54.5,-6.2,-3.2
irish_sea,2019,19,1,2019,19,2019-05-06,1,52.515,-5.183,0.0,6.06060606060606,737.704918032787,0.0,1.0,0.0,52.5,54.5,-6.2,-3.2
irish_sea,2019,24,5,2019,24,2019-06-10,5,53.5388,-4.6668,0.0,3.03030303030304,508.1967213114758,545.4545454545448,1.4,1.0694805194805173,52.5,54.5,-6.2,-3.2
irish_sea,2019,27,7,2019,27,2019-07-01,7,53.535000000000004,-4.465285714285714,0.0,6.493506493506502,351.288056206089,746.7532467532471,2.7142857142857144,1.9640151515151523,52.5,54.5,-6.2,-3.2
irish_sea,2019,28,1,2019,28,2019-07-08,1,52.763,-5.184,0.0227272727272727,7.57575757575758,245.901639344262,1363.63636363636,2.0,5.545454545454538,52.5,54.5,-6.2,-3.2
irish_sea,2019,33,6,2019,33,2019-08-12,6,53.5345,-4.935666666666667,0.030303030303030318,23.737373737373744,204.9180327868853,984.8484848484851,1.1666666666666667,7.779040404040415,52.5,54.5,-6.2,-3.2
irish_sea,2019,34,2,2019,34,2019-08-19,2,52.824,-5.0015,0.09090909090909075,59.8484848484851,122.950819672131,0.0,1.5,0.0,52.5,54.5,-6.2,-3.2
irish_sea,2019,37,3,2019,37,2019-09-09,3,52.92933333333334,-5.201,0.06818181818181807,20.202020202020186,81.967213114754,0.0,1.0,0.0,52.5,54.5,-6.2,-3.2
irish_sea,2019,38,7,2019,38,2019-09-16,7,53.527142857142856,-4.856,0.006493506493506486,21.42857142857145,70.25761124121786,48.70129870129871,1.0,0.0,52.5,54.5,-6.2,-3.2
irish_sea,2019,41,10,2019,41,2019-10-07,10,53.3737,-4.8967,0.00454545454545454,1.8181818181818188,73.7704918032787,0.0,1.1,0.0,52.5,54.5,-6.2,-3.2
irish_sea,2019,45,7,2019,45,2019-11-04,7,53.526,-4.859,0.0,0.43290043290043284,70.25761124121772,0.0,1.0,0.0,52.5,54.5,-6.2,-3.2
irish_sea,2019,46,7,2019,46,2019-11-11,7,53.53228571428571,-4.773428571428572,0.003246753246753243,0.0,70.25761124121772,0.0,0.14285714285714285,0.0,52.5,54.5,-6.2,-3.2
irish_sea,2019,47,3,2019,47,2019-11-18,3,52.85466666666667,-4.989999999999999,0.15151515151515135,2.02020202020202,0.0,0.0,1.0,,52.5,54.5,-6.2,-3.2
irish_sea,2020,2,7,2020,2,2020-01-06,7,53.542142857142856,-4.456285714285714,0.01948051948051947,2.164502164502164,0.0,0.0,0.0,,52.5,54.5,-6.2,-3.2
irish_sea,2020,11,1,2020,11,2020-03-09,1,52.587,-5.293,0.0681818181818182,3.03030303030303,0.0,0.0,1.0,,52.5,54.5,-6.2,-3.2
irish_sea,2020,12,8,2020,12,2020-03-16,8,53.524375,-4.5715,0.005681818181818175,0.7575757575757575,30.73770491803275,0.0,1.0,0.0,52.5,54.5,-6.2,-3.2
irish_sea,2020,14,5,2020,14,2020-03-30,5,53.50599999999999,-5.0656,0.00454545454545454,0.9090909090909101,49.1803278688524,0.0,0.2,0.0,52.5,54.5,-6.2,-3.2
irish_sea,2020,15,1,2020,15,2020-04-06,1,52.748,-5.465,0.0,0.0,491.803278688525,0.0,2.0,0.0,52.5,54.5,-6.2,-3.2
irish_sea,2020,18,8,2020,18,2020-04-27,8,53.538125,-4.76275,0.014204545454545449,39.204545454545446,635.2459016393443,213.06818181818187,1.8125,0.6312905844155852,52.5,54.5,-6.2,-3.2
irish_sea,2020,20,2,2020,20,2020-05-11,2,52.876999999999995,-5.2625,0.01136363636363635,9.09090909090908,7459.01639344262,170.4545454545455,6.5,0.020189761694616074,52.5,54.5,-6.2,-3.2
irish_sea,2020,35,7,2020,35,2020-08-24,7,53.54528571428572,-4.543571428571428,0.03571428571428567,74.89177489177499,245.90163934426172,259.7402597402603,1.1428571428571428,0.3851010101010123,52.5,54.5,-6.2,-3.2
irish_sea,2020,36,8,2020,36,2020-08-31,8,53.536625,-4.559375,0.05965909090909087,36.55303030303034,655.7377049180332,312.5000000000001,1.125,0.22707680250783696,52.5,54.5,-6.2,-3.2
irish_sea,2020,41,7,2020,41,2020-10-05,7,53.53457142857143,-4.554142857142858,0.0,0.8658008658008657,140.51522248243558,48.70129870129871,1.0,0.3465909090909093,52.5,54.5,-6.2,-3.2
irish_sea,2020,46,8,2020,46,2020-11-09,8,53.41575,-4.6405,0.0028409090909090875,2.4621212121212137,153.68852459016387,42.613636363636374,1.0,0.17329545454545464,52.5,54.5,-6.2,-3.2
irish_sea,2020,50,7,2020,50,2020-12-07,7,53.53771428571429,-4.450285714285714,0.022727272727272672,0.43290043290043284,35.12880562060886,0.0,1.0,0.0,52.5,54.5,-6.2,-3.2
irish_sea,2020,51,3,2020,51,2020-12-14,3,53.10233333333334,-5.075,0.10606060606060601,1.01010101010101,0.0,0.0,1.0,,52.5,54.5,-6.2,-3.2
irish_sea,2021,1,7,2021,1,2021-01-04,7,53.542857142857144,-4.501571428571428,0.0,0.0,70.25761124121772,0.0,1.0,0.0,52.5,54.5,-6.2,-3.2
irish_sea,2021,5,7,2021,5,2021-02-01,7,53.549,-4.464857142857143,0.022727272727272672,0.0,0.0,0.0,1.0,,52.5,54.5,-6.2,-3.2
irish_sea,2021,6,6,2021,6,2021-02-08,6,53.172666666666665,-4.827166666666667,0.17045454545454541,0.505050505050505,0.0,0.0,1.0,,52.5,54.5,-6.2,-3.2
irish_sea,2021,9,4,2021,9,2021-03-01,4,52.81125,-5.40675,0.25000000000000017,2.6515151515151523,0.0,0.0,1.0,,52.5,54.5,-6.2,-3.2
irish_sea,2021,11,2,2021,11,2021-03-15,2,52.862,-5.6075,0.01136363636363635,1.515151515151515,0.0,0.0,0.5,,52.5,54.5,-6.2,-3.2
irish_sea,2021,12,8,2021,12,2021-03-22,8,53.5285,-4.727375,0.01704545454545455,15.151515151515152,584.016393442623,0.0,1.0,0.0,52.5,54.5,-6.2,-3.2
irish_sea,2021,14,2,2021,14,2021-04-05,2,52.7965,-5.2955,0.068181818181818,0.0,0.0,0.0,1.0,,52.5,54.5,-6.2,-3.2
irish_sea,2021,15,7,2021,15,2021-04-12,7,53.537142857142854,-4.451142857142857,0.06493506493506492,86.14718614718629,2014.0515222482434,97.40259740259742,2.5714285714285716,0.029762457946878332,52.5,54.5,-6.2,-3.2
irish_sea,2021,18,8,2021,18,2021-05-03,8,53.529875,-4.6267499999999995,0.08522727272727264,27.462121212121218,1793.032786885245,482.9545454545455,1.9375,0.1882676435138108,52.5,54.5,-6.2,-3.2
irish_sea,2021,20,3,2021,20,2021-05-17,3,52.91466666666667,-5.585,0.0,8.585858585858603,2404.3715846994533,113.63636363636367,3.1666666666666665,0.05134680134680137,52.5,54.5,-6.2,-3.2
irish_sea,2021,22,10,2021,22,2021-05-31,10,53.395,-4.8264,0.0,7.424242424242425,475.40983606557313,795.4545454545461,2.3,1.7347319347319399,52.5,54.5,-6.2,-3.2
irish_sea,2021,26,7,2021,26,2021-06-28,7,53.54828571428572,-4.527857142857143,0.006493506493506486,24.891774891774883,1978.9227166276355,2792.2077922077888,2.5714285714285716,1.0793831168831154,52.5,54.5,-6.2,-3.2
irish_sea,2021,28,3,2021,28,2021-07-12,3,53.01666666666667,-5.608333333333333,0.007575757575757566,1.5151515151515167,1557.3770491803289,1553.0303030303037,1.0,1.769860058922558,52.5,54.5,-6.2,-3.2
irish_sea,2021,31,8,2021,31,2021-08-02,8,53.525999999999996,-4.599125,0.0,12.121212121212121,1536.8852459016398,2698.863636363638,2.625,2.102572202850313,52.5,54.5,-6.2,-3.2
irish_sea,2021,33,3,2021,33,2021-08-16,3,52.939,-5.5906666666666665,0.0,23.737373737373748,245.90163934426232,0.0,1.0,0.0,52.5,54.5,-6.2,-3.2
irish_sea,2021,36,7,2021,36,2021-09-06,7,53.54442857142857,-4.473714285714285,0.025974025974026,25.108225108225174,257.6112412177993,162.33766233766283,1.4285714285714286,1.155303030303033,52.5,54.5,-6.2,-3.2
irish_sea,2021,37,6,2021,37,2021-09-13,6,53.17916666666667,-4.826333333333333,0.0606060606060606,15.404040404040417,368.85245901639354,227.27272727272734,1.5,0.5198863636363635,52.5,54.5,-6.2,-3.2
irish_sea,2021,41,10,2021,41,2021-10-11,10,53.4073,-4.68,0.049999999999999975,12.72727272727273,229.50819672131138,102.2727272727273,0.7,0.45287878787878827,52.5,54.5,-6.2,-3.2
irish_sea,2021,45,7,2021,45,2021-11-08,7,53.54185714285715,-4.4435714285714285,0.0,1.2987012987012985,0.0,0.0,0.0,,52.5,54.5,-6.2,-3.2
irish_sea,2021,48,9,2021,48,2021-11-29,9,53.35422222222222,-5.076,0.02020202020202021,3.7037037037037086,0.0,0.0,0.2222222222222222,,52.5,54.5,-6.2,-3.2
irish_sea,2021,50,1,2021,50,2021-12-13,1,52.528,-5.465,0.0,0.0,245.901639344262,0.0,1.0,0.0,52.5,54.5,-6.2,-3.2
irish_sea,2022,2,7,2022,2,2022-01-10,7,53.54685714285714,-4.468285714285714,0.0,0.64935064935065,0.0,0.0,1.0,,52.5,54.5,-6.2,-3.2
irish_sea,2022,3,6,2022,3,2022-01-17,6,53.22966666666667,-4.721666666666667,0.0,0.0,81.967213114754,0.0,0.0,0.0,52.5,54.5,-6.2,-3.2
irish_sea,2022,11,7,2022,11,2022-03-14,7,53.53814285714286,-4.461428571428572,0.0,0.8658008658008657,0.0,0.0,1.0,,52.5,54.5,-6.2,-3.2
irish_sea,2022,12,5,2022,12,2022-03-21,5,53.2384,-4.827,0.0,1.212121212121212,147.5409836065572,0.0,1.0,0.0,52.5,54.5,-6.2,-3.2
irish_sea,2022,15,3,2022,15,2022-04-11,3,53.50033333333334,-4.483666666666667,0.015151515151515133,25.252525252525242,2049.18032786885,227.27272727272734,1.3333333333333333,0.06708211143695021,52.5,54.5,-6.2,-3.2
irish_sea,2022,16,9,2022,16,2022-04-18,9,53.39888888888889,-4.672444444444444,0.03787878787878783,76.4309764309765,373.4061930783244,37.87878787878789,1.0,0.0831818181818182,52.5,54.5,-6.2,-3.2
irish_sea,2022,19,10,2022,19,2022-05-09,10,53.384299999999996,-4.7181,0.01818181818181818,48.1818181818182,1811.4754098360668,170.4545454545455,1.2,0.1320346320346321,52.5,54.5,-6.2,-3.2
irish_sea,2022,23,8,2022,23,2022-06-06,8,53.528125,-4.599125,0.014204545454545463,16.666666666666675,706.9672131147552,980.1136363636367,3.1875,1.3982261228354966,52.5,54.5,-6.2,-3.2
irish_sea,2022,27,9,2022,27,2022-07-04,9,53.44411111111111,-4.579666666666666,0.08333333333333326,65.15151515151518,1056.4663023679418,3750.000000000005,2.0555555555555554,4.139725829725826,52.5,54.5,-6.2,-3.2
irish_sea,2022,31,3,2022,31,2022-08-01,3,53.077666666666666,-5.109666666666667,0.10606060606060601,80.3030303030303,81.967213114754,0.0,1.0,0.0,52.5,54.5,-6.2,-3.2
irish_sea,2022,36,6,2022,36,2022-09-05,6,53.553,-4.3245,0.02651515151515145,14.646464646464656,177.59562841529998,0.0,1.1666666666666667,0.0,52.5,54.5,-6.2,-3.2
irish_sea,2022,42,7,2022,42,2022-10-17,7,53.537571428571425,-4.591857142857143,0.0,0.21645021645021714,772.8337236533959,340.90909090909,0.7142857142857143,0.4554456494111654,52.5,54.5,-6.2,-3.2
irish_sea,2022,46,7,2022,46,2022-11-14,7,53.531285714285715,-4.880714285714285,0.006493506493506486,0.64935064935065,0.0,0.0,0.0,,52.5,54.5,-6.2,-3.2
irish_sea,2022,48,3,2022,48,2022-11-28,3,52.99133333333333,-5.157333333333334,0.04545454545454547,11.111111111111109,0.0,0.0,1.0,,52.5,54.5,-6.2,-3.2
irish_sea,2022,49,7,2022,49,2022-12-05,7,53.526714285714284,-4.754714285714286,0.0,0.43290043290043284,0.0,0.0,1.0,,52.5,54.5,-6.2,-3.2
malin,1982,2,2,1982,2,1982-01-11,2,55.59,-7.69835,0.0,0.0,0.0,0.0,0.0,,54.5,55.8,-8.0,-4.5
malin,1982,13,1,1982,13,1982-03-29,1,55.5117,-7.475,0.0454545454545455,51.5151515151515,1311.47540983607,0.0,2.0,0.0,54.5,55.8,-8.0,-4.5
malin,1982,21,1,1982,21,1982-05-24,1,55.53,-7.515,2.09090909090909,103.030303030303,0.0,340.909090909091,1.0,,54.5,55.8,-8.0,-4.5
malin,1982,26,1,1982,26,1982-06-28,1,55.5117,-7.49,0.386363636363636,22.7272727272727,491.803278688525,340.909090909091,0.0,0.6931818181818178,54.5,55.8,-8.0,-4.5
malin,1982,29,1,1982,29,1982-07-19,1,55.5133,-7.4817,0.0454545454545455,46.969696969697,0.0,1136.36363636364,1.0,,54.5,55.8,-8.0,-4.5
malin,1982,34,1,1982,34,1982-08-23,1,55.5117,-7.4917,0.522727272727273,122.727272727273,0.0,340.909090909091,1.0,,54.5,55.8,-8.0,-4.5
malin,1982,37,1,1982,37,1982-09-13,1,55.5133,-7.485,0.0227272727272727,87.8787878787879,0.0,0.0,0.0,,54.5,55.8,-8.0,-4.5
malin,1982,45,1,1982,45,1982-11-08,1,55.5417,-7.4767,0.0227272727272727,0.0,0.0,0.0,0.0,,54.5,55.8,-8.0,-4.5
malin,1982,49,1,1982,49,1982-12-06,1,55.56,-7.4417,0.204545454545455,6.06060606060606,0.0,0.0,0.0,,54.5,55.8,-8.0,-4.5
malin,1983,1,1,1983,1,1983-01-03,1,55.5133,-7.5017,0.0,7.57575757575758,0.0,0.0,0.0,,54.5,55.8,-8.0,-4.5
malin,1983,6,1,1983,6,1983-02-07,1,55.5267,-7.5067,0.0681818181818182,0.0,0.0,0.0,0.0,,54.5,55.8,-8.0,-4.5
malin,1983,9,1,1983,9,1983-02-28,1,55.545,-7.4833,0.0,0.0,0.0,0.0,0.0,,54.5,55.8,-8.0,-4.5
malin,1983,14,1,1983,14,1983-04-04,1,55.5517,-7.475,3.29545454545455,65.1515151515152,0.0,0.0,0.0,,54.5,55.8,-8.0,-4.5
malin,1983,17,1,1983,17,1983-04-25,1,55.515,-7.475,0.409090909090909,43.9393939393939,819.672131147541,340.909090909091,1.0,0.415909090909091,54.5,55.8,-8.0,-4.5
malin,1983,22,1,1983,22,1983-05-30,1,55.515,-7.5083,0.795454545454545,62.1212121212121,0.0,0.0,0.0,,54.5,55.8,-8.0,-4.5
malin,1983,25,1,1983,25,1983-06-20,1,55.4967,-7.4867,1.88636363636364,234.848484848485,0.0,0.0,0.0,,54.5,55.8,-8.0,-4.5
malin,1983,30,1,1983,30,1983-07-25,1,55.495,-7.49,0.204545454545455,21.2121212121212,0.0,0.0,0.0,,54.5,55.8,-8.0,-4.5
malin,1983,33,2,1983,33,1983-08-15,2,55.510000000000005,-7.645,0.10227272727272725,22.727272727272748,2745.901639344265,738.6363636363654,1.0,0.4081563995215317,54.5,55.8,-8.0,-4.5
malin,1983,38,2,1983,38,1983-09-19,2,55.58,-7.699999999999999,0.534090909090909,70.4545454545454,122.950819672131,0.0,1.0,0.0,54.5,55.8,-8.0,-4.5
malin,1983,41,1,1983,41,1983-10-10,1,55.5117,-7.4267,0.136363636363636,6.06060606060606,491.803278688525,1022.72727272727,1.0,2.0795454545454475,54.5,55.8,-8.0,-4.5
malin,1983,46,1,1983,46,1983-11-14,1,55.5117,-7.5017,0.818181818181818,1.51515151515152,0.0,0.0,0.0,,54.5,55.8,-8.0,-4.5
malin,1983,49,1,1983,49,1983-12-05,1,55.5133,-7.4483,0.0,0.0,0.0,0.0,0.0,,54.5,55.8,-8.0,-4.5
malin,1984,5,1,1984,5,1984-01-30,1,55.5117,-7.48,0.0,0.0,245.901639344262,0.0,0.0,0.0,54.5,55.8,-8.0,-4.5
malin,1984,13,1,1984,13,1984-03-26,1,55.5117,-7.47,0.136363636363636,21.2121212121212,14344.262295082,1136.36363636364,6.5,0.07922077922077929,54.5,55.8,-8.0,-4.5
malin,1984,18,1,1984,18,1984-04-30,1,55.5117,-7.4933,0.931818181818182,763.636363636364,573.770491803279,0.0,0.0,0.0,54.5,55.8,-8.0,-4.5
malin,1984,21,1,1984,21,1984-05-21,1,55.5117,-7.4767,0.840909090909091,100.0,4918.03278688525,0.0,1.0,0.0,54.5,55.8,-8.0,-4.5
malin,1984,26,1,1984,26,1984-06-25,1,55.5117,-7.4933,0.181818181818182,104.545454545455,0.0,0.0,1.0,,54.5,55.8,-8.0,-4.5
malin,1984,29,1,1984,29,1984-07-16,1,55.5117,-7.7233,0.0227272727272727,22.7272727272727,245.901639344262,0.0,0.0,0.0,54.5,55.8,-8.0,-4.5
malin,1984,34,1,1984,34,1984-08-20,1,55.5117,-7.5,0.136363636363636,25.7575757575758,737.704918032787,2613.63636363636,1.0,3.5429292929292875,54.5,55.8,-8.0,-4.5
malin,1984,38,1,1984,38,1984-09-17,1,55.5117,-7.74,0.181818181818182,142.424242424242,0.0,1022.72727272727,0.0,,54.5,55.8,-8.0,-4.5
malin,1984,43,1,1984,43,1984-10-22,1,55.51,-7.905,0.0227272727272727,19.6969696969697,3524.59016393443,5113.63636363636,1.0,1.4508456659619424,54.5,55.8,-8.0,-4.5
malin,1984,48,1,1984,48,1984-11-26,1,55.5417,-7.4717,0.0,6.06060606060606,0.0,0.0,0.0,,54.5,55.8,-8.0,-4.5
malin,1984,51,1,1984,51,1984-12-17,1,55.5117,-7.4983,0.522727272727273,7.57575757575758,0.0,0.0,0.0,,54.5,55.8,-8.0,-4.5
malin,1985,2,1,1985,2,1985-01-07,1,55.52,-7.4717,0.0,0.0,0.0,0.0,0.0,,54.5,55.8,-8.0,-4.5
malin,1985,10,1,1985,10,1985-03-04,1,55.5583,-7.74,0.113636363636364,18.1818181818182,737.704918032787,0.0,0.0,0.0,54.5,55.8,-8.0,-4.5
malin,1985,15,1,1985,15,1985-04-08,1,55.5667,-7.4617,0.136363636363636,9.09090909090909,1967.2131147541,0.0,1.0,0.0,54.5,55.8,-8.0,-4.5
malin,1985,18,1,1985,18,1985-04-29,1,55.545,-7.4933,0.0,21.2121212121212,5655.73770491803,0.0,1.0,0.0,54.5,55.8,-8.0,-4.5
malin,1985,23,1,1985,23,1985-06-03,1,55.5283,-7.4833,0.204545454545455,78.7878787878788,0.0,1022.72727272727,1.0,,54.5,55.8,-8.0,-4.5
malin,1985,26,1,1985,26,1985-06-24,1,55.5117,-7.475,0.136363636363636,30.3030303030303,0.0,1818.18181818182,0.0,,54.5,55.8,-8.0,-4.5
malin,1985,31,1,1985,31,1985-07-29,1,55.5517,-7.47,0.272727272727273,130.30303030303,1229.50819672131,11704.5454545455,0.0,9.519696969697018,54.5,55.8,-8.0,-4.5
malin,1985,34,1,1985,34,1985-08-19,1,55.5533,-7.4883,1.20454545454545,325.757575757576,1311.47540983607,0.0,2.0,0.0,54.5,55.8,-8.0,-4.5
malin,1985,39,1,1985,39,1985-09-23,1,55.5517,-7.4783,0.136363636363636,233.333333333333,245.901639344262,340.909090909091,0.0,1.3863636363636382,54.5,55.8,-8.0,-4.5
malin,1985,42,1,1985,42,1985-10-14,1,55.5483,-7.46,0.0,59.0909090909091,13852.4590163934,681.818181818182,2.0,0.04922001075847246,54.5,55.8,-8.0,-4.5
malin,1985,47,2,1985,47,1985-11-18,2,55.51585,-7.7025,0.5454545454545455,19.6969696969697,245.901639344262,170.4545454545455,0.0,0.6931818181818191,54.5,55.8,-8.0,-4.5
malin,1985,49,1,1985,49,1985-12-02,1,55.55,-7.4683,0.136363636363636,7.57575757575758,0.0,0.0,0.0,,54.5,55.8,-8.0,-4.5
malin,1986,7,1,1986,7,1986-02-10,1,55.5083,-7.4467,0.0227272727272727,0.0,0.0,0.0,0.0,,54.5,55.8,-8.0,-4.5
malin,1986,12,2,1986,12,1986-03-17,2,55.65415,-7.71585,0.056818181818182,6.06060606060605,901.639344262296,0.0,1.0,0.0,54.5,55.8,-8.0,-4.5
malin,1986,17,1,1986,17,1986-04-21,1,55.5433,-7.4483,0.159090909090909,3.03030303030303,573.770491803279,0.0,2.0,0.0,54.5,55.8,-8.0,-4.5
malin,1986,22,1,1986,22,1986-05-26,1,55.545,-7.4917,0.931818181818182,34.8484848484849,0.0,0.0,1.0,,54.5,55.8,-8.0,-4.5
malin,1986,26,1,1986,26,1986-06-23,1,55.5583,-7.4633,0.113636363636364,77.2727272727273,0.0,681.818181818182,0.0,,54.5,55.8,-8.0,-4.5
malin,1986,27,2,1986,27,1986-06-30,2,55.56085,-7.19835,0.988636363636365,65.15151515151501,778.688524590165,0.0,1.0,0.0,54.5,55.8,-8.0,-4.5
malin,1986,33,2,1986,33,1986-08-11,2,55.5925,-7.568350000000001,0.056818181818182,32.57575757575755,1967.2131147540986,1306.8181818181804,1.0,0.5865384615384611,54.5,55.8,-8.0,-4.5
malin,1986,38,2,1986,38,1986-09-15,2,55.57665,-7.5108,0.704545454545454,509.090909090909,122.950819672131,170.4545454545455,0.5,0.0,54.5,55.8,-8.0,-4.5
malin,1986,43,2,1986,43,1986-10-20,2,55.56085,-7.307499999999999,0.14772727272727249,19.696969696969703,122.950819672131,340.909090909091,1.0,2.7727272727272765,54.5,55.8,-8.0,-4.5
malin,1986,48,3,1986,48,1986-11-24,3,55.54670000000001,-7.18,0.015151515151515166,9.090909090909097,81.967213114754,113.63636363636367,1.0,0.0,54.5,55.8,-8.0,-4.5
malin,1986,52,2,1986,52,1986-12-22,2,55.54835,-7.51,0.02272727272727275,1.515151515151515,0.0,0.0,1.0,,54.5,55.8,-8.0,-4.5
malin,1987,1,4,1987,1,1986-12-29,4,55.42165,-6.936249999999999,0.028409090909090898,1.893939393939395,0.0,0.0,1.5,,54.5,55.8,-8.0,-4.5
malin,1987,6,2,1987,6,1987-02-02,2,55.5775,-7.68415,0.068181818181818,1.515151515151515,0.0,0.0,0.0,,54.5,55.8,-8.0,-4.5
malin,1987,11,1,1987,11,1987-03-09,1,55.61,-7.6067,0.0454545454545455,27.2727272727273,2459.01639344262,0.0,2.0,0.0,54.5,55.8,-8.0,-4.5
malin,1987,16,1,1987,16,1987-04-13,1,55.5933,-7.73,1.63636363636364,28.7878787878788,245.901639344262,0.0,6.5,0.0,54.5,55.8,-8.0,-4.5
malin,1987,21,2,1987,21,1987-05-18,2,55.599149999999995,-7.62835,0.465909090909091,41.6666666666667,6270.49180327869,511.363636363635,6.5,0.1641746411483247,54.5,55.8,-8.0,-4.5
malin,1987,26,3,1987,26,1987-06-22,3,55.596666666666664,-7.6933333333333325,0.3484848484848487,79.79797979797995,573.7704918032783,3522.7272727272734,2.0,5.591666666666662,54.5,55.8,-8.0,-4.5
malin,1987,37,3,1987,37,1987-09-07,3,55.57553333333334,-7.57,0.27272727272727265,129.79797979798,792.349726775957,1780.30303030303,3.5,3.329820764031293,54.5,55.8,-8.0,-4.5
malin,1987,42,2,1987,42,1987-10-12,2,55.60915,-7.654999999999999,0.09090909090909075,78.03030303030326,122.950819672131,340.909090909091,1.5,1.3863636363636382,54.5,55.8,-8.0,-4.5
malin,1987,47,1,1987,47,1987-11-16,1,55.5933,-7.8033,0.0227272727272727,18.1818181818182,0.0,0.0,0.0,,54.5,55.8,-8.0,-4.5
malin,1987,51,2,1987,51,1987-12-14,2,55.582499999999996,-7.6892,0.01136363636363635,9.848484848484865,0.0,170.4545454545455,1.0,,54.5,55.8,-8.0,-4.5
malin,1988,4,2,1988,4,1988-01-25,2,55.605850000000004,-7.6975,0.3295454545454545,9.848484848484865,0.0,0.0,0.0,,54.5,55.8,-8.0,-4.5
malin,1988,9,4,1988,9,1988-02-29,4,55.582075,-7.573775,0.0,3.03030303030303,61.4754098360655,0.0,1.25,0.0,54.5,55.8,-8.0,-4.5
malin,1988,14,2,1988,14,1988-04-04,2,55.663349999999994,-7.62415,0.09090909090909075,0.0,368.8524590163935,340.909090909091,6.5,1.039772727272728,54.5,55.8,-8.0,-4.5
malin,1988,19,2,1988,19,1988-05-09,2,55.61085,-7.68335,0.0795454545454545,34.84848484848485,532.786885245902,1477.27272727273,1.5,2.8387445887445915,54.5,55.8,-8.0,-4.5
malin,1988,24,1,1988,24,1988-06-13,1,55.5567,-7.5983,0.772727272727273,124.242424242424,0.0,0.0,0.0,,54.5,55.8,-8.0,-4.5
malin,1988,35,3,1988,35,1988-08-29,3,55.59889999999999,-7.734999999999999,0.0681818181818183,12.62626262626265,81.967213114754,0.0,1.3333333333333333,0.0,54.5,55.8,-8.0,-4.5
malin,1988,45,1,1988,45,1988-11-07,1,55.56,-7.4433,0.636363636363636,19.6969696969697,0.0,0.0,1.0,,54.5,55.8,-8.0,-4.5
malin,1988,50,1,1988,50,1988-12-12,1,55.515,-7.4683,0.159090909090909,9.09090909090909,0.0,0.0,0.0,,54.5,55.8,-8.0,-4.5
malin,1989,3,1,1989,3,1989-01-16,1,55.6083,-7.6217,0.0,0.0,0.0,0.0,0.0,,54.5,55.8,-8.0,-4.5
malin,1989,8,1,1989,8,1989-02-20,1,55.5283,-7.4833,0.0227272727272727,4.54545454545455,0.0,0.0,1.0,,54.5,55.8,-8.0,-4.5
malin,1989,13,1,1989,13,1989-03-27,1,55.6267,-7.8767,0.0,0.0,20327.868852459,0.0,6.5,0.0,54.5,55.8,-8.0,-4.5
malin,1989,18,2,1989,18,1989-05-01,2,55.566649999999996,-7.68665,0.36363636363636387,59.84848484848503,1311.4754098360675,511.363636363635,2.0,1.0397727272727237,54.5,55.8,-8.0,-4.5
malin,1989,23,1,1989,23,1989-06-05,1,55.6083,-7.7333,0.409090909090909,21.2121212121212,19672.131147541,340.909090909091,6.5,0.017329545454545445,54.5,55.8,-8.0,-4.5
malin,1989,34,1,1989,34,1989-08-21,1,55.5783,-7.5817,0.0909090909090909,6.06060606060606,245.901639344262,0.0,2.0,0.0,54.5,55.8,-8.0,-4.5
malin,1989,39,1,1989,39,1989-09-25,1,55.5267,-7.615,0.0227272727272727,3.03030303030303,491.803278688525,340.909090909091,2.0,0.6931818181818178,54.5,55.8,-8.0,-4.5
malin,1989,44,3,1989,44,1989-10-30,3,55.544966666666674,-7.622800000000001,0.06818181818181833,6.565656565656577,874.3169398907099,227.27272727272734,1.3333333333333333,0.259943181818182,54.5,55.8,-8.0,-4.5
malin,1990,2,2,1990,2,1990-01-08,2,55.557500000000005,-7.32165,0.01136363636363635,0.0,0.0,0.0,0.0,,54.5,55.8,-8.0,-4.5
malin,1990,12,2,1990,12,1990-03-19,2,55.56415,-7.5975,0.01136363636363635,2.272727272727275,245.901639344262,0.0,2.0,0.0,54.5,55.8,-8.0,-4.5
malin,1990,17,1,1990,17,1990-04-23,1,55.6133,-7.8467,0.0909090909090909,34.8484848484849,3770.49180327869,340.909090909091,6.5,0.09041501976284584,54.5,55.8,-8.0,-4.5
malin,1990,22,3,1990,22,1990-05-28,3,55.532199999999996,-7.490566666666666,0.13636363636363633,94.94949494949486,81.967213114754,0.0,0.3333333333333333,0.0,54.5,55.8,-8.0,-4.5
malin,1990,33,2,1990,33,1990-08-13,2,55.540800000000004,-7.630000000000001,0.2272727272727275,12.121212121212116,1516.3934426229525,681.8181818181805,2.0,1.106854838709674,54.5,55.8,-8.0,-4.5
malin,1990,38,2,1990,38,1990-09-17,2,55.5283,-7.6808499999999995,0.20454545454545447,4.545454545454545,0.0,0.0,1.5,,54.5,55.8,-8.0,-4.5
malin,1990,43,1,1990,43,1990-10-22,1,55.6083,-7.8,0.0227272727272727,3.03030303030303,819.672131147541,0.0,0.0,0.0,54.5,55.8,-8.0,-4.5
malin,1990,48,4,1990,48,1990-11-26,4,55.527100000000004,-7.289575,0.01704545454545455,1.1363636363636376,0.0,0.0,0.0,,54.5,55.8,-8.0,-4.5
malin,1991,1,3,1991,1,1990-12-31,3,55.504999999999995,-7.145566666666667,0.0,0.0,0.0,0.0,1.0,,54.5,55.8,-8.0,-4.5
malin,1991,6,1,1991,6,1991-02-04,1,55.5217,-7.7317,0.0454545454545455,0.0,0.0,0.0,0.0,,54.5,55.8,-8.0,-4.5
malin,1991,15,1,1991,15,1991-04-08,1,55.5667,-7.87,0.795454545454545,22.7272727272727,491.803278688525,340.909090909091,2.0,0.6931818181818178,54.5,55.8,-8.0,-4.5
malin,1991,16,2,1991,16,1991-04-15,2,55.5775,-7.521649999999999,0.17045454545454536,30.3030303030303,1598.3606557377047,0.0,1.0,0.0,54.5,55.8,-8.0,-4.5
malin,1991,21,2,1991,21,1991-05-20,2,55.63665,-7.58335,0.23863636363636398,143.93939393939405,3114.754098360655,0.0,2.0,0.0,54.5,55.8,-8.0,-4.5
malin,1991,31,1,1991,31,1991-07-29,1,55.5917,-7.8233,0.0909090909090909,9.09090909090909,819.672131147541,340.909090909091,2.0,0.415909090909091,54.5,55.8,-8.0,-4.5
malin,1991,36,1,1991,36,1991-09-02,1,55.61,-7.9433,0.0,113.636363636364,0.0,0.0,0.0,,54.5,55.8,-8.0,-4.5
malin,1991,41,1,1991,41,1991-10-07,1,55.625,-7.56,0.0,18.1818181818182,245.901639344262,0.0,2.0,0.0,54.5,55.8,-8.0,-4.5
malin,1991,46,3,1991,46,1991-11-11,3,55.59886666666667,-7.117233333333334,0.04545454545454547,7.0707070707070665,163.93442622950832,0.0,0.0,0.0,54.5,55.8,-8.0,-4.5
malin,1992,14,2,1992,14,1992-03-30,2,55.4725,-7.305,1.113636363636362,46.212121212121204,1475.4098360655748,0.0,2.0,0.0,54.5,55.8,-8.0,-4.5
malin,1992,19,1,1992,19,1992-05-04,1,55.6967,-7.61,0.954545454545455,146.969696969697,7459.01639344262,0.0,2.0,0.0,54.5,55.8,-8.0,-4.5
malin,1992,40,3,1992,40,1992-09-28,3,55.60556666666667,-7.340566666666667,0.24242424242424235,18.686868686868703,710.3825136612007,568.181818181817,2.8333333333333335,1.0548418972332023,54.5,55.8,-8.0,-4.5
malin,1992,45,2,1992,45,1992-11-02,2,55.589150000000004,-7.52915,0.04545454545454545,3.03030303030303,491.8032786885245,0.0,1.5,0.0,54.5,55.8,-8.0,-4.5
malin,1992,50,1,1992,50,1992-12-07,1,55.6417,-7.9917,0.0454545454545455,0.0,0.0,0.0,0.0,,54.5,55.8,-8.0,-4.5
malin,1993,5,2,1993,5,1993-02-01,2,54.61335,-5.35,0.0,0.0,0.0,0.0,0.0,,54.5,55.8,-8.0,-4.5
malin,1993,12,1,1993,12,1993-03-22,1,55.6433,-6.7133,0.159090909090909,4.54545454545455,0.0,0.0,1.0,,54.5,55.8,-8.0,-4.5
malin,1993,16,2,1993,16,1993-04-19,2,55.54665,-7.5625,0.5,20.45454545454545,3319.672131147545,0.0,1.5,0.0,54.5,55.8,-8.0,-4.5
malin,1993,17,2,1993,17,1993-04-26,2,55.53085,-7.1541999999999994,0.2613636363636365,16.666666666666643,6598.3606557377,170.4545454545455,2.0,0.014050982800982811,54.5,55.8,-8.0,-4.5
malin,1993,27,4,1993,27,1993-07-05,4,55.572925,-7.137475,0.261363636363636,40.909090909091,61.4754098360655,85.22727272727275,1.75,1.3863636363636382,54.5,55.8,-8.0,-4.5
malin,1993,32,2,1993,32,1993-08-09,2,55.488299999999995,-7.4075,0.1250000000000001,24.24242424242425,0.0,0.0,2.0,,54.5,55.8,-8.0,-4.5
malin,1993,48,3,1993,48,1993-11-29,3,55.632200000000005,-7.468866666666667,0.1287878787878789,1.01010101010101,0.0,0.0,0.3333333333333333,,54.5,55.8,-8.0,-4.5
malin,1994,11,3,1994,11,1994-03-14,3,55.51669999999999,-7.537233333333333,0.0681818181818183,0.0,81.967213114754,0.0,0.0,0.0,54.5,55.8,-8.0,-4.5
malin,1994,47,1,1994,47,1994-11-21,1,55.4333,-7.715,0.0227272727272727,6.06060606060606,245.901639344262,0.0,1.0,0.0,54.5,55.8,-8.0,-4.5
malin,1994,52,2,1994,52,1994-12-26,2,55.457499999999996,-7.5183,0.01136363636363635,7.5757575757576,0.0,0.0,0.5,,54.5,55.8,-8.0,-4.5
malin,1996,43,2,1996,43,1996-10-21,2,55.5475,-7.6117,0.068181818181818,4.545454545454545,122.950819672131,0.0,0.0,0.0,54.5,55.8,-8.0,-4.5
malin,1996,47,1,1996,47,1996-11-18,1,55.5933,-7.6617,0.272727272727273,6.06060606060606,0.0,0.0,1.0,,54.5,55.8,-8.0,-4.5
malin,1996,51,1,1996,51,1996-12-16,1,55.5483,-7.5667,0.0681818181818182,0.0,0.0,0.0,1.0,,54.5,55.8,-8.0,-4.5
malin,1997,19,1,1997,19,1997-05-05,1,55.4433,-7.7567,0.386363636363636,21.2121212121212,1803.27868852459,0.0,2.0,0.0,54.5,55.8,-8.0,-4.5
malin,1997,45,1,1997,45,1997-11-03,1,55.575,-7.555,0.0,3.03030303030303,0.0,0.0,1.0,,54.5,55.8,-8.0,-4.5
malin,1998,10,1,1998,10,1998-03-02,1,55.53,-7.3283,0.0,3.03030303030303,0.0,0.0,0.0,,54.5,55.8,-8.0,-4.5
malin,1998,17,2,1998,17,1998-04-20,2,55.64085,-7.5008,0.12500000000000025,3.03030303030303,17336.065573770502,0.0,6.5,0.0,54.5,55.8,-8.0,-4.5
malin,1998,25,1,1998,25,1998-06-15,1,55.605,-7.5383,0.0454545454545455,0.0,13852.4590163934,0.0,2.0,0.0,54.5,55.8,-8.0,-4.5
malin,1998,29,1,1998,29,1998-07-13,1,55.55,-7.5667,0.0227272727272727,4.54545454545455,4754.09836065574,1818.18181818182,2.0,0.38244514106583094,54.5,55.8,-8.0,-4.5
malin,1998,33,1,1998,33,1998-08-10,1,55.56,-7.55,0.386363636363636,10.6060606060606,491.803278688525,681.818181818182,2.0,1.3863636363636356,54.5,55.8,-8.0,-4.5
malin,1998,45,1,1998,45,1998-11-02,1,55.6133,-7.4867,0.0,7.57575757575758,245.901639344262,0.0,0.0,0.0,54.5,55.8,-8.0,-4.5
malin,1998,49,1,1998,49,1998-11-30,1,55.655,-7.8117,0.0,0.0,0.0,0.0,0.0,,54.5,55.8,-8.0,-4.5
malin,1999,16,1,1999,16,1999-04-19,1,55.5933,-7.6933,1.18181818181818,106.060606060606,1065.5737704918,0.0,2.0,0.0,54.5,55.8,-8.0,-4.5
malin,1999,35,1,1999,35,1999-08-30,1,55.5,-7.9967,3.31818181818182,19.6969696969697,0.0,0.0,0.0,,54.5,55.8,-8.0,-4.5
malin,1999,41,1,1999,41,1999-10-11,1,55.5167,-7.5567,2.29545454545455,53.030303030303,0.0,0.0,0.0,,54.5,55.8,-8.0,-4.5
malin,1999,47,1,1999,47,1999-11-22,1,55.5167,-7.57,0.613636363636364,3.03030303030303,0.0,0.0,0.0,,54.5,55.8,-8.0,-4.5
malin,1999,50,1,1999,50,1999-12-13,1,55.5333,-7.4583,2.22727272727273,39.3939393939394,0.0,0.0,0.0,,54.5,55.8,-8.0,-4.5
malin,2000,5,1,2000,5,2000-01-31,1,55.5567,-7.9583,0.590909090909091,6.06060606060606,0.0,0.0,0.0,,54.5,55.8,-8.0,-4.5
malin,2000,41,2,2000,41,2000-10-09,2,55.480000000000004,-7.65415,1.3977272727272743,15.9090909090909,0.0,909.0909090909105,1.0,,54.5,55.8,-8.0,-4.5
malin,2000,47,2,2000,47,2000-11-20,2,55.464150000000004,-7.51,0.29545454545454547,5.3030303030303045,286.8852459016395,0.0,1.0,0.0,54.5,55.8,-8.0,-4.5
malin,2000,50,2,2000,50,2000-12-11,2,55.465,-7.5225,0.4886363636363635,3.03030303030303,0.0,0.0,1.0,,54.5,55.8,-8.0,-4.5
malin,2001,25,2,2001,25,2001-06-18,2,55.535849999999996,-7.5116499999999995,0.943181818181818,19.696969696969703,532.786885245902,340.909090909091,1.5,0.6436688311688309,54.5,55.8,-8.0,-4.5
malin,2001,28,2,2001,28,2001-07-09,2,55.539199999999994,-7.5075,0.534090909090909,24.24242424242425,286.8852459016395,568.18181818182,1.5,0.0,54.5,55.8,-8.0,-4.5
malin,2001,34,2,2001,34,2001-08-20,2,55.49165,-7.57165,0.29545454545454547,35.60606060606065,0.0,2045.454545454545,1.0,,54.5,55.8,-8.0,-4.5
malin,2001,37,2,2001,37,2001-09-10,2,55.54415,-7.5175,0.261363636363636,9.84848484848485,0.0,738.6363636363654,1.0,,54.5,55.8,-8.0,-4.5
malin,2001,43,2,2001,43,2001-10-22,2,55.4825,-7.53085,0.659090909090909,15.151515151515149,532.7868852459,170.4545454545455,1.0,0.319930069930071,54.5,55.8,-8.0,-4.5
malin,2001,46,2,2001,46,2001-11-12,2,55.480000000000004,-7.50915,0.534090909090909,7.575757575757574,0.0,0.0,0.0,,54.5,55.8,-8.0,-4.5
malin,2001,49,2,2001,49,2001-12-03,2,55.456649999999996,-7.5108,0.0227272727272727,0.0,0.0,0.0,0.0,,54.5,55.8,-8.0,-4.5
malin,2002,28,2,2002,28,2002-07-08,2,55.4643,-7.4357500000000005,0.3977272727272725,32.57575757575755,2254.09836065574,1022.727272727271,2.0,0.44111570247933785,54.5,55.8,-8.0,-4.5
malin,2002,37,2,2002,37,2002-09-09,2,55.5428,-7.4801,1.0340909090909076,65.1515151515151,0.0,170.4545454545455,1.0,,54.5,55.8,-8.0,-4.5
malin,2003,35,1,2003,35,2003-08-25,1,55.4499,-7.7568,1.20454545454545,27.2727272727273,1557.37704918033,681.818181818182,2.0,0.43779904306220047,54.5,55.8,-8.0,-4.5
malin,2004,5,1,2004,5,2004-01-26,1,55.5771,-7.9228,0.0454545454545455,0.0,0.0,0.0,0.0,,54.5,55.8,-8.0,-4.5
malin,2004,32,1,2004,32,2004-08-02,1,55.4677,-7.4602,0.0,1.51515151515152,245.901639344262,1818.18181818182,1.0,7.3939393939394105,54.5,55.8,-8.0,-4.5
malin,2005,24,2,2005,24,2005-06-13,2,55.457554115,-7.4992253625,0.136363636363636,36.3636363636364,778.6885245901624,1647.7272727272698,2.0,2.1062062937062924,54.5,55.8,-8.0,-4.5
malin,2005,27,2,2005,27,2005-07-04,2,55.45542399,-7.496257273,0.0,2.272727272727275,409.8360655737705,2159.090909090911,1.5,4.555194805194809,54.5,55.8,-8.0,-4.5
malin,2005,30,2,2005,30,2005-07-25,2,55.459381105000006,-7.498446401,0.193181818181818,12.121212121212146,3975.4098360655703,5511.363636363635,6.5,1.9722673160173188,54.5,55.8,-8.0,-4.5
malin,2005,36,2,2005,36,2005-09-05,2,55.467266845,-7.485761007000001,0.01136363636363635,1.515151515151515,0.0,170.4545454545455,3.75,,54.5,55.8,-8.0,-4.5
malin,2005,42,2,2005,42,2005-10-17,2,55.446907554999996,-7.515837097,0.02272727272727275,0.0,122.950819672131,1079.545454545455,0.5,8.780303030303044,54.5,55.8,-8.0,-4.5
malin,2006,18,2,2006,18,2006-05-01,2,55.44716667,-7.498,0.07954545454545475,40.9090909090909,12704.918032786894,0.0,3.75,0.0,54.5,55.8,-8.0,-4.5
malin,2006,24,2,2006,24,2006-06-12,2,55.454416665,-7.5028333335,0.386363636363636,18.1818181818182,614.7540983606559,1647.727272727275,6.5,2.7342171717171744,54.5,55.8,-8.0,-4.5
malin,2006,27,2,2006,27,2006-07-03,2,55.468500000000006,-7.4920833335,0.284090909090909,9.848484848484844,614.7540983606555,1477.2727272727254,1.0,2.0217803030303023,54.5,55.8,-8.0,-4.5
malin,2006,33,2,2006,33,2006-08-14,2,55.46025,-7.48975,0.068181818181818,3.03030303030303,1844.2622950819696,1534.09090909091,2.0,1.8658578263841399,54.5,55.8,-8.0,-4.5
malin,2006,36,2,2006,36,2006-09-04,2,55.46875,-7.4990000000000006,0.1022727272727271,13.636363636363646,0.0,0.0,1.5,,54.5,55.8,-8.0,-4.5
malin,2006,52,2,2006,52,2006-12-25,2,55.4525,-7.490833332999999,0.01136363636363635,1.515151515151515,0.0,0.0,0.0,,54.5,55.8,-8.0,-4.5
malin,2007,4,2,2007,4,2007-01-22,2,55.459082030000005,-7.4900833129999995,0.0340909090909091,0.0,0.0,0.0,0.0,,54.5,55.8,-8.0,-4.5
malin,2007,7,2,2007,7,2007-02-12,2,55.39683431,-7.5236666365,0.6250000000000026,7.5757575757576,573.77049180328,0.0,1.0,0.0,54.5,55.8,-8.0,-4.5
malin,2007,10,2,2007,10,2007-03-05,2,55.375,-7.5099166870000005,0.090909090909091,6.06060606060605,0.0,0.0,0.0,,54.5,55.8,-8.0,-4.5
malin,2007,16,1,2007,16,2007-04-16,1,55.39949951,-7.817166646,0.0227272727272727,0.0,2950.81967213115,1818.18181818182,6.5,0.6161616161616162,54.5,55.8,-8.0,-4.5
malin,2007,17,1,2007,17,2007-04-23,1,55.37666829,-7.227666728,0.0,0.0,15655.737704918,0.0,6.5,0.0,54.5,55.8,-8.0,-4.5
malin,2007,19,2,2007,19,2007-05-07,2,55.386167400000005,-7.5061665855,0.3068181818181815,18.181818181818173,0.0,0.0,1.0,,54.5,55.8,-8.0,-4.5
malin,2007,25,1,2007,25,2007-06-18,1,55.41099854,-7.448333232,0.0,0.0,0.0,0.0,1.0,,54.5,55.8,-8.0,-4.5
malin,2007,28,1,2007,28,2007-07-09,1,55.41266683,-7.46166687,0.0681818181818182,6.06060606060606,0.0,340.909090909091,1.0,,54.5,55.8,-8.0,-4.5
malin,2007,34,1,2007,34,2007-08-20,1,55.57166748,-7.437666829,0.0681818181818182,21.2121212121212,0.0,681.818181818182,1.0,,54.5,55.8,-8.0,-4.5
malin,2007,37,1,2007,37,2007-09-10,1,55.57349854,-7.447833252,0.386363636363636,22.7272727272727,0.0,0.0,1.0,,54.5,55.8,-8.0,-4.5
malin,2007,43,1,2007,43,2007-10-22,1,55.58256429,-7.494603984,0.0227272727272727,28.7878787878788,0.0,0.0,1.0,,54.5,55.8,-8.0,-4.5
malin,2008,7,1,2008,7,2008-02-11,1,55.4,-7.96,0.136363636363636,0.0,0.0,0.0,0.0,,54.5,55.8,-8.0,-4.5
malin,2008,40,1,2008,40,2008-09-29,1,55.51,-7.51,0.159090909090909,40.9090909090909,0.0,681.818181818182,1.0,,54.5,55.8,-8.0,-4.5
malin,2008,52,1,2008,52,2008-12-22,1,55.517,-7.507,0.295454545454545,7.57575757575758,0.0,0.0,0.0,,54.5,55.8,-8.0,-4.5
malin,2009,38,1,2009,38,2009-09-14,1,55.508,-7.555,0.840909090909091,25.7575757575758,4344.26229508197,5681.81818181818,6.5,1.3078902229845615,54.5,55.8,-8.0,-4.5
malin,2009,48,1,2009,48,2009-11-23,1,55.483,-7.628,0.590909090909091,7.57575757575758,0.0,0.0,0.0,,54.5,55.8,-8.0,-4.5
malin,2009,53,1,2009,53,2009-12-28,1,55.45,-7.975,0.0227272727272727,3.03030303030303,0.0,0.0,0.0,,54.5,55.8,-8.0,-4.5
malin,2010,20,2,2010,20,2010-05-17,2,55.5045,-7.670999999999999,2.5681818181818183,138.6363636363639,491.803278688525,0.0,0.0,0.0,54.5,55.8,-8.0,-4.5
malin,2010,46,1,2010,46,2010-11-15,1,55.523,-7.983,0.0681818181818182,9.09090909090909,0.0,0.0,1.0,,54.5,55.8,-8.0,-4.5
malin,2010,47,1,2010,47,2010-11-22,1,55.517,-7.395,0.272727272727273,9.09090909090909,0.0,0.0,1.0,,54.5,55.8,-8.0,-4.5
malin,2011,35,1,2011,35,2011-08-29,1,55.507,-7.99,0.0454545454545455,3.03030303030303,819.672131147541,3863.63636363636,2.0,4.713636363636359,54.5,55.8,-8.0,-4.5
malin,2011,40,1,2011,40,2011-10-03,1,55.503,-7.65,0.454545454545455,203.030303030303,819.672131147541,1590.90909090909,2.0,1.9409090909090898,54.5,55.8,-8.0,-4.5
malin,2012,27,1,2012,27,2012-07-02,1,55.497,-7.637,0.431818181818182,9.09090909090909,0.0,0.0,1.0,,54.5,55.8,-8.0,-4.5
malin,2012,37,2,2012,37,2012-09-10,2,55.5015,-7.493,0.48863636363636354,31.06060606060605,122.950819672131,1818.18181818182,1.0,7.3939393939394105,54.5,55.8,-8.0,-4.5
malin,2013,41,1,2013,41,2013-10-07,1,55.5,-7.872,0.113636363636364,4.54545454545455,14016.393442623,2954.54545454545,6.5,0.21079213184476234,54.5,55.8,-8.0,-4.5
malin,2014,3,1,2014,3,2014-01-13,1,55.65,-7.627,0.0,0.0,0.0,0.0,1.0,,54.5,55.8,-8.0,-4.5
malin,2014,9,1,2014,9,2014-02-24,1,55.492,-7.647,0.0454545454545455,0.0,0.0,0.0,1.0,,54.5,55.8,-8.0,-4.5
malin,2015,38,1,2015,38,2015-09-14,1,55.507,-7.987,0.181818181818182,106.060606060606,0.0,340.909090909091,1.0,,54.5,55.8,-8.0,-4.5
malin,2016,13,1,2016,13,2016-03-28,1,55.498,-7.885,0.568181818181818,77.2727272727273,4344.26229508197,0.0,2.0,0.0,54.5,55.8,-8.0,-4.5
malin,2016,45,1,2016,45,2016-11-07,1,55.597,-7.683,0.136363636363636,0.0,245.901639344262,1477.27272727273,1.0,6.0075757575757756,54.5,55.8,-8.0,-4.5
malin,2021,25,7,2021,25,2021-06-21,7,55.169,-6.288285714285714,1.1168831168831177,6.277056277056279,140.51522248243543,308.4415584415586,1.0,0.0,54.5,55.8,-8.0,-4.5
malin,2021,43,1,2021,43,2021-10-25,1,55.538,-7.577,0.0227272727272727,12.1212121212121,245.901639344262,340.909090909091,1.0,1.3863636363636382,54.5,55.8,-8.0,-4.5
malin,2022,23,4,2022,23,2022-06-06,4,55.450500000000005,-7.123,0.011363636363636374,6.060606060606062,122.950819672131,0.0,1.5,0.0,54.5,55.8,-8.0,-4.5
malin,2022,50,4,2022,50,2022-12-12,4,55.5325,-7.0435,0.1818181818181817,3.4090909090909074,61.4754098360655,0.0,1.0,0.0,54.5,55.8,-8.0,-4.5
scotland,1981,53,9,1981,53,1981-12-28,9,59.957411111111114,-3.4905444444444442,0.0075757575757575656,0.0,0.0,0.0,0.0,,54.75,60.76,-7.5,-0.83
scotland,1982,2,7,1982,2,1982-01-11,7,59.055957142857146,-6.1831000000000005,0.01623376623376623,0.0,0.0,0.0,0.0,,54.75,60.76,-7.5,-0.83
scotland,1982,6,5,1982,6,1982-02-08,5,59.12166,-6.24998,0.05000000000000006,0.606060606060606,0.0,0.0,0.0,,54.75,60.76,-7.5,-0.83
scotland,1982,8,8,1982,8,1982-02-22,8,58.663125,-1.4281249999999999,0.039772727272727265,0.7575757575757575,0.0,0.0,0.0,,54.75,60.76,-7.5,-0.83
scotland,1982,10,6,1982,10,1982-03-08,6,59.615550000000006,-6.01195,0.0,0.0,0.0,0.0,0.0,,54.75,60.76,-7.5,-0.83
scotland,1982,11,13,1982,11,1982-03-15,13,57.733200000000004,-1.4733461538461539,0.005244755244755238,0.0,157.62925598991205,0.0,0.0,0.0,54.75,60.76,-7.5,-0.83
scotland,1982,13,1,1982,13,1982-03-29,1,55.5117,-7.475,0.0454545454545455,51.5151515151515,1311.47540983607,0.0,2.0,0.0,54.75,60.76,-7.5,-0.83
scotland,1982,15,18,1982,15,1982-04-12,18,58.509166666666665,-2.647961111111111,0.13636363636363633,2.525252525252526,7504.55373406193,75.75757575757578,4.583333333333333,0.022233541901011972,54.75,60.76,-7.5,-0.83
scotland,1982,16,8,1982,16,1982-04-19,8,59.0210375,-4.79875,0.16761363636363635,14.58333333333333,5491.803278688518,312.5000000000002,3.375,0.0504955976881111,54.75,60.76,-7.5,-0.83
scotland,1982,19,14,1982,19,1982-05-10,14,59.151785714285715,-1.9271428571428573,0.439935064935065,27.05627705627705,6920.374707259952,503.2467532467527,4.928571428571429,0.229566921362404,54.75,60.76,-7.5,-0.83
scotland,1982,20,5,1982,20,1982-05-17,5,59.473659999999995,-5.86436,0.0272727272727272,33.3333333333333,6065.573770491799,2272.727272727273,5.6,0.6256881726098046,54.75,60.76,-7.5,-0.83
scotland,1982,21,4,1982,21,1982-05-24,4,56.558724999999995,-1.6087500000000001,0.005681818181818175,19.325757575757574,266.393442622951,340.909090909091,0.75,0.6931818181818178,54.75,60.76,-7.5,-0.83
scotland,1982,23,10,1982,23,1982-06-07,10,59.62767,-2.27032,0.10454545454545452,70.60606060606058,745.9016393442622,3147.727272727273,1.1,7.319013491243607,54.75,60.76,-7.5,-0.83
scotland,1982,24,12,1982,24,1982-06-14,12,58.57389166666667,-3.70125,0.515151515151515,41.03535353535355,1816.9398907103823,2149.621212121215,1.25,4.624578608800429,54.75,60.76,-7.5,-0.83
scotland,1982,26,3,1982,26,1982-06-28,3,56.68723333333333,-3.5305666666666666,0.12878787878787867,64.64646464646479,1338.797814207649,7007.57575757575,1.3333333333333333,21.85448232323232,54.75,60.76,-7.5,-0.83
scotland,1982,27,15,1982,27,1982-07-05,15,58.75055333333333,-2.060213333333333,0.1954545454545453,85.85858585858585,366.12021857923474,4674.24242424243,2.8666666666666667,13.445326643053933,54.75,60.76,-7.5,-0.83
scotland,1982,29,1,1982,29,1982-07-19,1,55.5133,-7.4817,0.0454545454545455,46.969696969697,0.0,1136.36363636364,1.0,,54.75,60.76,-7.5,-0.83
scotland,1982,31,8,1982,31,1982-08-02,8,60.0854,-2.7093625,0.33806818181818166,61.174242424242415,737.704918032787,3934.65909090909,0.375,9.171729228881636,54.75,60.76,-7.5,-0.83
scotland,1982,32,8,1982,32,1982-08-09,8,58.649575,-1.599175,0.14488636363636362,65.71969696969705,1567.622950819672,11292.613636363638,6.5,11.53312928349562,54.75,60.76,-7.5,-0.83
scotland,1982,33,7,1982,33,1982-08-16,7,56.598328571428574,-1.6026285714285713,0.003246753246753243,19.696969696969713,2857.1428571428614,2889.6103896103896,5.214285714285714,0.910805813079952,54.75,60.76,-7.5,-0.83
scotland,1982,34,5,1982,34,1982-08-23,5,58.96168,-6.66634,0.2045454545454545,52.12121212121218,3655.7377049180345,1772.7272727272725,1.0,0.483264012675777,54.75,60.76,-7.5,-0.83
scotland,1982,35,5,1982,35,1982-08-30,5,59.141,-1.552,1.059090909090908,36.06060606060608,196.7213114754096,0.0,1.0,0.0,54.75,60.76,-7.5,-0.83
scotland,1982,36,13,1982,36,1982-09-06,13,59.06603846153847,-3.7525538461538464,0.15384615384615385,27.622377622377623,3619.167717528374,891.6083916083915,4.038461538461538,0.22523915107435866,54.75,60.76,-7.5,-0.83
scotland,1982,37,1,1982,37,1982-09-13,1,55.5133,-7.485,0.0227272727272727,87.8787878787879,0.0,0.0,0.0,,54.75,60.76,-7.5,-0.83
scotland,1982,39,11,1982,39,1982-09-27,11,59.9962,-4.062127272727273,0.48140495867768524,36.91460055096417,4292.10134128167,836.776859504131,3.3181818181818183,0.1632378054148488,54.75,60.76,-7.5,-0.83
scotland,1982,42,2,1982,42,1982-10-18,2,57.04585,-2.6366500000000004,0.8749999999999977,9.0909090909091,0.0,0.0,0.0,,54.75,60.76,-7.5,-0.83
scotland,1982,43,14,1982,43,1982-10-25,14,59.6844,-2.8902214285714285,0.11850649350649357,4.653679653679657,450.81967213114683,97.40259740259742,0.6428571428571429,0.17723110223110258,54.75,60.76,-7.5,-0.83
scotland,1982,45,9,1982,45,1982-11-08,9,58.30296666666667,-2.1033444444444442,0.0025252525252525224,0.33670033670033667,0.0,0.0,0.0,,54.75,60.76,-7.5,-0.83
scotland,1982,46,6,1982,46,1982-11-15,6,60.07416666666666,-4.991933333333333,0.011363636363636367,0.0,218.57923497267834,170.454545454545,0.0,0.7798295454545408,54.75,60.76,-7.5,-0.83
scotland,1982,47,8,1982,47,1982-11-22,8,59.2175,-2.631675,0.05681818181818174,0.37878787878787873,0.0,0.0,0.0,,54.75,60.76,-7.5,-0.83
scotland,1982,49,1,1982,49,1982-12-06,1,55.56,-7.4417,0.204545454545455,6.06060606060606,0.0,0.0,0.0,,54.75,60.76,-7.5,-0.83
scotland,1982,50,11,1982,50,1982-12-13,11,58.09728181818182,-1.404409090909091,0.03925619834710742,0.13774104683195637,0.0,0.0,0.5454545454545454,,54.75,60.76,-7.5,-0.83
scotland,1982,52,8,1982,52,1982-12-27,8,58.2337625,-2.8708375,0.011363636363636364,0.37878787878787873,0.0,0.0,0.0,,54.75,60.76,-7.5,-0.83
scotland,1983,2,9,1983,2,1983-01-10,9,59.51906666666667,-3.0283333333333333,0.03787878787878793,0.33670033670033667,0.0,0.0,0.0,,54.75,60.76,-7.5,-0.83
scotland,1983,3,7,1983,3,1983-01-17,7,57.245957142857144,-1.8807285714285715,0.03571428571428571,0.43290043290043284,35.12880562060886,0.0,0.14285714285714285,0.0,54.75,60.76,-7.5,-0.83
scotland,1983,4,2,1983,4,1983-01-24,2,57.2825,-1.5225,0.045454545454545456,0.0,0.0,0.0,0.0,,54.75,60.76,-7.5,-0.83
scotland,1983,6,16,1983,6,1983-02-07,16,58.55520625,-3.08520625,0.019886363636363612,0.0,35.86065573770494,0.0,0.0,0.0,54.75,60.76,-7.5,-0.83
scotland,1983,7,1,1983,7,1983-02-14,1,55.0433,-1.0083,0.0,0.0,0.0,0.0,0.0,,54.75,60.76,-7.5,-0.83
scotland,1983,8,4,1983,8,1983-02-21,4,56.4392,-1.43085,0.005681818181818175,0.0,0.0,0.0,0.0,,54.75,60.76,-7.5,-0.83
scotland,1983,9,3,1983,9,1983-02-28,3,56.7472,-3.5216666666666665,0.0,0.0,0.0,0.0,0.0,,54.75,60.76,-7.5,-0.83
scotland,1983,10,1,1983,10,1983-03-07,1,55.025,-1.0917,0.0454545454545455,0.0,0.0,0.0,0.0,,54.75,60.76,-7.5,-0.83
scotland,1983,11,7,1983,11,1983-03-14,7,59.9219,-3.2931,0.03246753246753246,3.463203463203464,4180.327868852466,194.80519480519484,0.5714285714285714,0.0365234967197925,54.75,60.76,-7.5,-0.83
scotland,1983,12,16,1983,12,1983-03-21,16,58.98219375,-3.3369875,0.08096590909090902,5.2083333333333375,778.6885245901636,0.0,0.25,0.0,54.75,60.76,-7.5,-0.83
scotland,1983,14,3,1983,14,1983-04-04,3,55.92666666666667,-3.4761,1.113636363636365,21.717171717171734,4562.841530054639,0.0,2.5,0.0,54.75,60.76,-7.5,-0.83
scotland,1983,15,8,1983,15,1983-04-11,8,58.6477125,-1.4045875,0.4829545454545455,17.992424242424246,3145.4918032786845,42.613636363636374,1.0625,0.011426073926073938,54.75,60.76,-7.5,-0.83
scotland,1983,16,8,1983,16,1983-04-18,8,58.909575000000004,-4.7202,0.05113636363636359,2.4621212121212124,8186.47540983607,42.613636363636374,3.0625,0.004368792971734133,54.75,60.76,-7.5,-0.83
scotland,1983,17,12,1983,17,1983-04-25,12,59.32819166666667,-4.371391666666667,0.462121212121212,11.237373737373732,4924.8633879781455,113.63636363636367,2.0833333333333335,0.0934806503492303,54.75,60.76,-7.5,-0.83
scotland,1983,18,3,1983,18,1983-05-02,3,56.5717,-1.3683666666666667,0.2954545454545456,127.77777777777777,601.0928961748623,340.909090909091,4.666666666666667,0.5509906759906771,54.75,60.76,-7.5,-0.83
scotland,1983,20,13,1983,20,1983-05-16,13,58.98217692307692,-3.2160307692307692,0.15209790209790197,48.48484848484851,2818.41109709962,1905.5944055944024,1.7307692307692308,1.6160795404545045,54.75,60.76,-7.5,-0.83
scotland,1983,22,10,1983,22,1983-05-30,10,58.748149999999995,-2.68733,0.17954545454545445,111.36363636363645,2049.180327868852,988.6363636363634,0.7,0.9521855415080748,54.75,60.76,-7.5,-0.83
scotland,1983,23,8,1983,23,1983-06-06,8,58.6491625,-1.4041625,0.11079545454545452,184.46969696969694,1536.88524590164,312.50000000000045,1.8125,0.5867534683058883,54.75,60.76,-7.5,-0.83
scotland,1983,24,6,1983,24,1983-06-13,6,58.76668333333333,-4.6288833333333335,0.9659090909090908,45.95959595959588,396.1748633879785,1666.6666666666658,0.5,4.423160173160171,54.75,60.76,-7.5,-0.83
scotland,1983,25,1,1983,25,1983-06-20,1,55.4967,-7.4867,1.88636363636364,234.848484848485,0.0,0.0,0.0,,54.75,60.76,-7.5,-0.83
scotland,1983,27,6,1983,27,1983-07-04,6,60.1389,-2.5188833333333336,0.11363636363636358,41.161616161616095,163.93442622950815,1950.757575757577,0.6666666666666666,3.234848484848492,54.75,60.76,-7.5,-0.83
scotland,1983,28,8,1983,28,1983-07-11,8,58.964574999999996,-5.0469,0.053977272727272686,30.87121212121214,3022.540983606558,1832.386363636364,2.375,1.1605007171601445,54.75,60.76,-7.5,-0.83
scotland,1983,29,8,1983,29,1983-07-18,8,58.655625,-1.5797875000000001,0.0511363636363636,317.0454545454545,522.5409836065577,2215.9090909090883,1.125,2.686079545454543,54.75,60.76,-7.5,-0.83
scotland,1983,30,1,1983,30,1983-07-25,1,55.495,-7.49,0.204545454545455,21.2121212121212,0.0,0.0,0.0,,54.75,60.76,-7.5,-0.83
scotland,1983,31,2,1983,31,1983-08-01,2,57.275,-1.5375,0.14772727272727249,567.4242424242425,819.6721311475426,2386.363636363635,4.25,3.3338744588744538,54.75,60.76,-7.5,-0.83
scotland,1983,32,8,1983,32,1983-08-08,8,58.6572875,-1.5793625,1.0454545454545447,210.41666666666669,819.672131147541,1775.568181818183,1.625,4.066387800417973,54.75,60.76,-7.5,-0.83
scotland,1983,33,3,1983,33,1983-08-15,3,55.35333333333333,-3.1622333333333335,0.015151515151515166,41.92929292929294,1666.6666666666667,2878.78787878788,1.0,1.4830091783216837,54.75,60.76,-7.5,-0.83
scotland,1983,34,15,1983,34,1983-08-22,15,59.461,-4.311459999999999,1.333333333333333,124.64646464646474,437.1584699453549,1522.7272727272725,0.13333333333333333,1.2470902635376329,54.75,60.76,-7.5,-0.83
scotland,1983,36,1,1983,36,1983-09-05,1,55.0267,-1.1433,0.0227272727272727,62.1212121212121,1393.44262295082,795.454545454545,2.0,0.5708556149732616,54.75,60.76,-7.5,-0.83
scotland,1983,37,17,1983,37,1983-09-12,17,58.62824117647059,-3.186182352941177,0.7192513368983956,119.25133689839566,144.64802314368364,160.42780748663085,0.29411764705882354,0.3465909090909079,54.75,60.76,-7.5,-0.83
scotland,1983,38,3,1983,38,1983-09-19,3,56.696666666666665,-3.473333333333333,0.46969696969696967,70.2020202020202,0.0,530.30303030303,1.0,,54.75,60.76,-7.5,-0.83
scotland,1983,39,6,1983,39,1983-09-26,6,59.70250000000001,-5.843066666666666,0.09090909090909106,14.646464646464642,2240.437158469946,170.4545454545455,1.1666666666666667,0.2794952703074303,54.75,60.76,-7.5,-0.83
scotland,1983,41,9,1983,41,1983-10-10,9,58.30518888888889,-2.0724111111111108,0.1616161616161616,9.595959595959592,54.64480874316944,151.51515151515122,0.2222222222222222,2.0795454545454475,54.75,60.76,-7.5,-0.83
scotland,1983,42,10,1983,42,1983-10-17,10,59.19500000000001,-4.190659999999999,0.2818181818181819,17.878787878787872,73.7704918032787,102.2727272727273,0.4,0.3465909090909089,54.75,60.76,-7.5,-0.83
scotland,1983,46,15,1983,46,1983-11-14,15,59.044446666666666,-3.42346,0.05000000000000002,0.6060606060606067,49.1803278688524,0.0,0.2,0.0,54.75,60.76,-7.5,-0.83
scotland,1983,47,9,1983,47,1983-11-21,9,58.45759999999999,-2.6114888888888887,0.2676767676767675,3.7037037037037077,0.0,0.0,0.0,,54.75,60.76,-7.5,-0.83
scotland,1983,48,2,1983,48,1983-11-28,2,55.275,-1.0350000000000001,0.0,0.0,0.0,0.0,0.0,,54.75,60.76,-7.5,-0.83
scotland,1983,49,1,1983,49,1983-12-05,1,55.5133,-7.4483,0.0,0.0,0.0,0.0,0.0,,54.75,60.76,-7.5,-0.83
scotland,1983,50,14,1983,50,1983-12-12,14,59.25035714285714,-2.8458357142857147,0.19155844155844148,2.9220779220779187,17.56440281030443,24.350649350649356,0.0,1.3863636363636382,54.75,60.76,-7.5,-0.83
scotland,1983,51,2,1983,51,1983-12-19,2,55.2725,-1.1042,0.07954545454545435,3.03030303030303,122.950819672131,0.0,0.0,0.0,54.75,60.76,-7.5,-0.83
scotland,1984,3,10,1984,3,1984-01-16,10,59.15367,-2.89466,0.031818181818181815,1.212121212121212,0.0,0.0,0.0,,54.75,60.76,-7.5,-0.83
scotland,1984,5,9,1984,5,1984-01-30,9,58.31185555555555,-2.0768444444444447,0.03535353535353531,2.525252525252524,54.644808743169335,0.0,0.0,0.0,54.75,60.76,-7.5,-0.83
scotland,1984,6,1,1984,6,1984-02-06,1,55.0267,-0.9517,0.136363636363636,0.0,0.0,0.0,0.0,,54.75,60.76,-7.5,-0.83
scotland,1984,7,10,1984,7,1984-02-13,10,59.405499999999996,-4.25767,0.19545454545454555,1.96969696969697,0.0,0.0,0.0,,54.75,60.76,-7.5,-0.83
scotland,1984,10,7,1984,10,1984-03-05,7,59.47808571428572,-5.640700000000001,0.038961038961038856,3.2467532467532467,70.25761124121786,0.0,0.0,0.0,54.75,60.76,-7.5,-0.83
scotland,1984,11,7,1984,11,1984-03-12,7,59.92998571428571,-2.971185714285714,0.08116883116883102,5.627705627705628,866.5105386416866,48.70129870129871,0.5714285714285714,0.03199300699300695,54.75,60.76,-7.5,-0.83
scotland,1984,13,4,1984,13,1984-03-26,4,55.473775,-2.6875,0.056818181818181726,9.090909090909083,3995.9016393442707,284.09090909091,1.625,0.02640692640692643,54.75,60.76,-7.5,-0.83
scotland,1984,14,12,1984,14,1984-04-02,12,59.450825,-4.25,0.11742424242424243,3.282828282828285,102.4590163934425,0.0,0.0,0.0,54.75,60.76,-7.5,-0.83
scotland,1984,16,4,1984,16,1984-04-16,4,59.315425000000005,-1.523775,0.039772727272727175,11.36363636363637,3135.245901639345,85.22727272727275,1.75,0.024756493506493525,54.75,60.76,-7.5,-0.83
scotland,1984,17,4,1984,17,1984-04-23,4,57.991675,-1.633725,0.2045454545454547,22.34848484848483,1864.754098360655,0.0,1.25,0.0,54.75,60.76,-7.5,-0.83
scotland,1984,18,1,1984,18,1984-04-30,1,55.5117,-7.4933,0.931818181818182,763.636363636364,573.770491803279,0.0,0.0,0.0,54.75,60.76,-7.5,-0.83
scotland,1984,19,8,1984,19,1984-05-07,8,58.645625,-1.4048,0.2159090909090909,42.23484848484855,8842.2131147541,255.68181818181824,5.9375,0.031068962574123126,54.75,60.76,-7.5,-0.83
scotland,1984,20,5,1984,20,1984-05-14,5,59.501340000000006,-5.87934,0.28636363636363643,60.30303030303038,6590.163934426242,5090.909090909094,3.8,4.4071660783206035,54.75,60.76,-7.5,-0.83
scotland,1984,21,2,1984,21,1984-05-21,2,55.1525,-4.2742,0.4204545454545455,63.63636363636365,2581.967213114756,1477.272727272725,1.0,6.007575757575755,54.75,60.76,-7.5,-0.83
scotland,1984,23,6,1984,23,1984-06-04,6,57.98333333333333,-1.3564,0.030303030303030287,194.19191919191906,40.983606557377,227.27272727272734,0.16666666666666666,0.0,54.75,60.76,-7.5,-0.83
scotland,1984,24,11,1984,24,1984-06-11,11,58.98999090909091,-4.194381818181818,1.9566115702479339,224.1046831955922,439.6423248882263,392.56198347107403,0.36363636363636365,1.5629176379176366,54.75,60.76,-7.5,-0.83
scotland,1984,25,8,1984,25,1984-06-18,8,58.9196,-2.6421,0.8522727272727265,188.44696969696963,256.1475409836065,3053.9772727272716,0.625,13.582512626262638,54.75,60.76,-7.5,-0.83
scotland,1984,26,1,1984,26,1984-06-25,1,55.5117,-7.4933,0.181818181818182,104.545454545455,0.0,0.0,1.0,,54.75,60.76,-7.5,-0.83
scotland,1984,28,14,1984,28,1984-07-09,14,58.96857142857143,-3.1789214285714285,0.06980519480519479,34.74025974025973,620.6088992974239,3238.6363636363635,1.4642857142857142,8.320807506887059,54.75,60.76,-7.5,-0.83
scotland,1984,30,7,1984,30,1984-07-23,7,56.56858571428571,-1.4371428571428573,0.012987012987012988,290.04329004329,562.0608899297424,3279.22077922078,0.5714285714285714,7.926140526140524,54.75,60.76,-7.5,-0.83
scotland,1984,32,2,1984,32,1984-08-06,2,57.2425,-1.5325,0.045454545454545456,134.84848484848476,942.6229508196705,7386.363636363625,1.5,7.571678321678327,54.75,60.76,-7.5,-0.83
scotland,1984,34,2,1984,34,1984-08-20,2,55.2692,-4.22165,0.068181818181818,14.393939393939416,655.7377049180329,3465.90909090909,0.5,5.534451659451656,54.75,60.76,-7.5,-0.83
scotland,1984,37,4,1984,37,1984-09-10,4,59.315825,-1.26415,0.710227272727273,38.636363636363626,1168.0327868852478,1676.1363636363637,0.75,1.3557556080283335,54.75,60.76,-7.5,-0.83
scotland,1984,38,10,1984,38,1984-09-17,10,58.899339999999995,-3.9396700000000004,0.2159090909090909,34.3939393939394,1377.0491803278696,1999.9999999999995,1.0,5.027568021434774,54.75,60.76,-7.5,-0.83
scotland,1984,39,8,1984,39,1984-09-24,8,56.4699875,-1.397275,0.9460227272727257,30.681818181818244,532.7868852459018,965.9090909090903,1.25,1.8361066017316006,54.75,60.76,-7.5,-0.83
scotland,1984,40,7,1984,40,1984-10-01,7,56.569042857142854,-1.4895285714285715,0.2889610389610387,5.194805194805194,175.6440281030444,990.2597402597403,0.14285714285714285,4.447916666666669,54.75,60.76,-7.5,-0.83
scotland,1984,41,5,1984,41,1984-10-08,5,59.938,-2.60066,0.2045454545454545,12.12121212121213,409.8360655737698,272.7272727272728,0.2,0.5065559440559451,54.75,60.76,-7.5,-0.83
scotland,1984,43,1,1984,43,1984-10-22,1,55.0417,-0.8633,1.84090909090909,18.1818181818182,0.0,0.0,1.0,,54.75,60.76,-7.5,-0.83
scotland,1984,45,6,1984,45,1984-11-05,6,58.72611666666666,-5.187216666666667,0.1022727272727273,1.2626262626262632,204.91803278688533,56.818181818181834,0.0,0.23106060606060594,54.75,60.76,-7.5,-0.83
scotland,1984,46,24,1984,46,1984-11-12,24,57.93207916666666,-1.9916666666666665,0.1600378787878788,7.638888888888888,0.0,0.0,0.0,,54.75,60.76,-7.5,-0.83
scotland,1984,48,1,1984,48,1984-11-26,1,55.5417,-7.4717,0.0,6.06060606060606,0.0,0.0,0.0,,54.75,60.76,-7.5,-0.83
scotland,1984,50,14,1984,50,1984-12-10,14,58.94869285714286,-2.0638214285714285,0.0892857142857143,3.463203463203467,17.56440281030443,0.0,0.0,0.0,54.75,60.76,-7.5,-0.83
scotland,1984,51,16,1984,51,1984-12-17,16,58.1348125,-3.89770625,0.09943181818181818,2.367424242424243,0.0,0.0,0.0,,54.75,60.76,-7.5,-0.83
scotland,1985,1,1,1985,1,1984-12-31,1,55.0417,-0.8583,0.136363636363636,0.0,0.0,0.0,0.0,,54.75,60.76,-7.5,-0.83
scotland,1985,2,9,1985,2,1985-01-07,9,56.37074444444445,-2.0831666666666666,0.16161616161616157,4.545454545454551,54.644808743169335,0.0,0.1111111111111111,0.0,54.75,60.76,-7.5,-0.83
scotland,1985,3,8,1985,3,1985-01-14,8,58.651675,-1.4035375,0.04545454545454546,0.0,30.73770491803275,0.0,0.0,0.0,54.75,60.76,-7.5,-0.83
scotland,1985,4,4,1985,4,1985-01-21,4,59.133325,-4.3725,0.03409090909090912,0.0,0.0,0.0,0.0,,54.75,60.76,-7.5,-0.83
scotland,1985,6,24,1985,6,1985-02-04,24,57.93639166666667,-2.6552083333333334,0.03125000000000002,1.5782828282828296,20.4918032786885,0.0,0.08333333333333333,0.0,54.75,60.76,-7.5,-0.83
scotland,1985,7,9,1985,7,1985-02-11,9,58.262033333333335,-1.354988888888889,0.03030303030303026,1.851851851851852,27.322404371584668,0.0,0.1111111111111111,0.0,54.75,60.76,-7.5,-0.83
scotland,1985,9,6,1985,9,1985-02-25,6,59.533883333333335,-5.706383333333334,0.06060606060606052,2.0202020202020217,204.91803278688516,0.0,0.3333333333333333,0.0,54.75,60.76,-7.5,-0.83
scotland,1985,10,19,1985,10,1985-03-04,19,58.876226315789474,-3.4089473684210523,0.011961722488038269,1.5948963317384373,207.0750647109575,0.0,0.5263157894736842,0.0,54.75,60.76,-7.5,-0.83
scotland,1985,11,8,1985,11,1985-03-11,8,58.661675,-1.4031125,0.02272727272727274,7.575757575757574,348.36065573770543,42.613636363636374,0.0,0.06601731601731588,54.75,60.76,-7.5,-0.83
scotland,1985,12,1,1985,12,1985-03-18,1,55.0417,-0.9267,0.0681818181818182,0.0,0.0,0.0,0.0,,54.75,60.76,-7.5,-0.83
scotland,1985,14,16,1985,14,1985-04-01,16,58.7198875,-3.519175,1.4985795454545456,59.94318181818186,2827.8688524590143,71.02272727272725,1.0,0.02579480038875597,54.75,60.76,-7.5,-0.83
scotland,1985,15,9,1985,15,1985-04-08,9,58.30574444444445,-2.069077777777778,0.595959595959596,37.878787878787854,1666.6666666666677,37.87878787878789,1.6111111111111112,0.039610389610389526,54.75,60.76,-7.5,-0.83
scotland,1985,16,5,1985,16,1985-04-15,5,56.266,-1.43966,0.2590909090909089,21.818181818181813,409.8360655737706,0.0,0.8,0.0,54.75,60.76,-7.5,-0.83
scotland,1985,17,17,1985,17,1985-04-22,17,59.930682352941176,-4.743135294117646,0.26203208556149704,12.12121212121212,3216.0077145612386,127.00534759358304,1.5588235294117647,0.04229591441756857,54.75,60.76,-7.5,-0.83
scotland,1985,18,1,1985,18,1985-04-29,1,55.545,-7.4933,0.0,21.2121212121212,5655.73770491803,0.0,1.0,0.0,54.75,60.76,-7.5,-0.83
scotland,1985,19,19,1985,19,1985-05-06,19,57.84001052631579,-1.9455263157894738,0.22607655502392324,73.60446570972888,2808.455565142364,245.21531100478484,2.6052631578947367,0.15026992721666307,54.75,60.76,-7.5,-0.83
scotland,1985,20,1,1985,20,1985-05-13,1,55.06,-1.0933,0.0454545454545455,43.9393939393939,245.901639344262,0.0,0.0,0.0,54.75,60.76,-7.5,-0.83
scotland,1985,21,7,1985,21,1985-05-20,7,59.946157142857146,-2.8521285714285716,0.9318181818181814,64.06926406926405,2740.0468384074934,1136.3636363636356,4.285714285714286,0.8529072587813201,54.75,60.76,-7.5,-0.83
scotland,1985,23,1,1985,23,1985-06-03,1,55.5283,-7.4833,0.204545454545455,78.7878787878788,0.0,1022.72727272727,1.0,,54.75,60.76,-7.5,-0.83
scotland,1985,24,13,1985,24,1985-06-10,13,57.232569230769236,-1.3905076923076922,0.02097902097902095,45.33799533799537,889.0290037831018,1888.1118881118878,1.0769230769230769,3.9286823259045494,54.75,60.76,-7.5,-0.83
scotland,1985,25,4,1985,25,1985-06-17,4,57.991675,-1.633725,0.005681818181818175,55.68181818181817,327.8688524590155,3096.59090909091,0.5,4.372377622377624,54.75,60.76,-7.5,-0.83
scotland,1985,26,1,1985,26,1985-06-24,1,55.5117,-7.475,0.136363636363636,30.3030303030303,0.0,1818.18181818182,0.0,,54.75,60.76,-7.5,-0.83
scotland,1985,28,16,1985,28,1985-07-08,16,57.5876,-1.5128125000000001,0.014204545454545437,46.96969696969699,753.0737704918029,5482.954545454548,1.125,5.118720993720994,54.75,60.76,-7.5,-0.83
scotland,1985,29,8,1985,29,1985-07-15,8,59.45335,-5.478325,0.022727272727272724,14.962121212121206,245.90163934426224,1491.477272727273,0.5,3.8047979797979856,54.75,60.76,-7.5,-0.83
scotland,1985,30,15,1985,30,1985-07-22,15,58.71655333333333,-3.22334,0.4939393939393941,147.1717171717173,153.00546448087434,12159.090909090914,1.2666666666666666,41.04076479076486,54.75,60.76,-7.5,-0.83
scotland,1985,31,2,1985,31,1985-07-29,2,55.31335,-4.19335,0.1363636363636365,78.78787878787865,737.704918032786,7500.000000000025,0.5,11.460606060606102,54.75,60.76,-7.5,-0.83
scotland,1985,32,13,1985,32,1985-08-05,13,57.575384615384614,-1.429876923076923,0.10489510489510494,165.50116550116547,1103.4047919293823,11416.08391608391,2.1538461538461537,14.005247866611498,54.75,60.76,-7.5,-0.83
scotland,1985,34,15,1985,34,1985-08-19,15,58.0859,-3.9453466666666666,0.39393939393939387,180.30303030303034,1464.4808743169403,3378.7878787878767,2.0,3.1858276334344238,54.75,60.76,-7.5,-0.83
scotland,1985,37,14,1985,37,1985-09-09,14,59.10035714285714,-3.380592857142857,0.6249999999999993,119.48051948051955,2476.5807962529293,1501.6233766233777,1.0714285714285714,1.8693046859391382,54.75,60.76,-7.5,-0.83
scotland,1985,38,8,1985,38,1985-09-16,8,57.693125,-1.4589625,0.6789772727272723,64.20454545454548,184.42622950819674,1235.795454545455,1.0,0.0,54.75,60.76,-7.5,-0.83
scotland,1985,39,10,1985,39,1985-09-23,10,59.75933,-4.02482,1.3204545454545455,127.57575757575759,254.09836065573768,1409.0909090909092,0.2,3.6507575757575763,54.75,60.76,-7.5,-0.83
scotland,1985,41,15,1985,41,1985-10-07,15,57.69210666666667,-1.42944,0.4227272727272726,43.232323232323246,278.68852459016426,598.4848484848482,0.6666666666666666,2.382399891774889,54.75,60.76,-7.5,-0.83
scotland,1985,42,3,1985,42,1985-10-14,3,57.72943333333333,-6.956666666666667,0.022727272727272735,26.26262626262628,4945.355191256817,1060.6060606060612,1.3333333333333333,1.7108511146972687,54.75,60.76,-7.5,-0.83
scotland,1985,43,12,1985,43,1985-10-21,12,59.027925,-3.792491666666667,0.40909090909090895,78.66161616161618,102.45901639344267,28.409090909090917,0.75,0.0,54.75,60.76,-7.5,-0.83
scotland,1985,45,2,1985,45,1985-11-04,2,57.2975,-1.5525,0.01136363636363635,3.03030303030303,0.0,0.0,0.0,,54.75,60.76,-7.5,-0.83
scotland,1985,46,6,1985,46,1985-11-11,6,60.12721666666667,-5.8203000000000005,0.08333333333333326,5.050505050505054,286.88524590163917,1212.1212121212136,1.0,4.621212121212131,54.75,60.76,-7.5,-0.83
scotland,1985,47,14,1985,47,1985-11-18,14,58.70332857142857,-2.096907142857143,0.2548701298701298,10.173160173160182,17.56440281030443,48.70129870129871,0.21428571428571427,1.3863636363636382,54.75,60.76,-7.5,-0.83
scotland,1985,49,9,1985,49,1985-12-02,9,56.36203333333333,-2.1212999999999997,0.5580808080808075,8.5858585858586,0.0,0.0,0.0,,54.75,60.76,-7.5,-0.83
scotland,1985,50,8,1985,50,1985-12-09,8,58.6514625,-1.4035375,0.08522727272727272,1.704545454545455,0.0,0.0,0.0,,54.75,60.76,-7.5,-0.83
scotland,1985,51,7,1985,51,1985-12-16,7,59.33142857142857,-5.295728571428571,0.02922077922077927,0.64935064935065,35.12880562060886,0.0,0.0,0.0,54.75,60.76,-7.5,-0.83
scotland,1986,3,16,1986,3,1986-01-13,16,57.7345875,-1.8017750000000001,0.09375000000000003,2.840909090909093,46.106557377049185,0.0,0.0,0.0,54.75,60.76,-7.5,-0.83
scotland,1986,7,2,1986,7,1986-02-10,2,55.2675,-4.1742,0.056818181818181795,0.0,0.0,0.0,0.0,,54.75,60.76,-7.5,-0.83
scotland,1986,10,17,1986,10,1986-03-03,17,57.68990588235294,-1.6026470588235295,0.009358288770053477,0.53475935828877,86.78881388621024,0.0,0.0,0.0,54.75,60.76,-7.5,-0.83
scotland,1986,12,10,1986,12,1986-03-17,10,57.98617,-1.9546700000000001,0.02500000000000005,1.9696969696969682,254.0983606557379,0.0,0.2,0.0,54.75,60.76,-7.5,-0.83
scotland,1986,13,7,1986,13,1986-03-24,7,59.4969,-5.399985714285714,0.04870129870129858,6.27705627705628,0.0,0.0,0.0,,54.75,60.76,-7.5,-0.83
scotland,1986,16,23,1986,16,1986-04-14,23,59.19035652173913,-3.009926086956522,0.1907114624505929,10.737812911725955,4579.472558802568,59.28853754940713,2.0869565217391304,0.03231459197368295,54.75,60.76,-7.5,-0.83
scotland,1986,17,2,1986,17,1986-04-21,2,55.285,-4.1708,0.0795454545454545,1.515151515151515,655.7377049180329,170.4545454545455,1.5,0.2310606060606061,54.75,60.76,-7.5,-0.83
scotland,1986,19,8,1986,19,1986-05-05,8,56.4752125,-1.4333375,0.08806818181818168,26.136363636363633,6465.163934426231,170.4545454545455,5.9375,0.027383600519161867,54.75,60.76,-7.5,-0.83
scotland,1986,20,8,1986,20,1986-05-12,8,58.6535375,-1.403125,0.4062500000000004,69.31818181818176,5194.672131147548,468.7499999999998,3.1875,0.338236802413929,54.75,60.76,-7.5,-0.83
scotland,1986,21,16,1986,21,1986-05-19,16,59.940525,-4.2401125,1.0085227272727275,182.10227272727278,7187.500000000004,426.13636363636385,2.15625,0.4378714790522681,54.75,60.76,-7.5,-0.83
scotland,1986,22,1,1986,22,1986-05-26,1,55.545,-7.4917,0.931818181818182,34.8484848484849,0.0,0.0,1.0,,54.75,60.76,-7.5,-0.83
scotland,1986,23,8,1986,23,1986-06-02,8,56.4573,-1.4127,0.09659090909090903,43.93939393939397,30.73770491803275,170.45454545454513,0.0,1.3863636363636382,54.75,60.76,-7.5,-0.83
scotland,1986,24,15,1986,24,1986-06-09,15,58.79311333333333,-3.1538933333333334,0.18181818181818163,90.50505050505052,852.4590163934424,4477.272727272727,2.966666666666667,10.845842101252744,54.75,60.76,-7.5,-0.83
scotland,1986,26,1,1986,26,1986-06-23,1,55.5583,-7.4633,0.113636363636364,77.2727272727273,0.0,681.818181818182,0.0,,54.75,60.76,-7.5,-0.83
scotland,1986,27,2,1986,27,1986-06-30,2,55.56085,-7.19835,0.988636363636365,65.15151515151501,778.688524590165,0.0,1.0,0.0,54.75,60.76,-7.5,-0.83
scotland,1986,28,13,1986,28,1986-07-07,13,59.00474615384615,-3.2269153846153844,0.3251748251748254,65.61771561771569,996.2168978562432,5769.230769230768,2.5,6.223762707104644,54.75,60.76,-7.5,-0.83
scotland,1986,29,7,1986,29,1986-07-14,7,56.63024285714285,-1.4678714285714285,0.022727272727272714,64.28571428571435,526.9320843091331,2889.6103896103914,0.42857142857142855,5.235003885003891,54.75,60.76,-7.5,-0.83
scotland,1986,33,15,1986,33,1986-08-11,15,57.26099333333333,-1.8991,0.06363636363636356,102.52525252525251,1207.6502732240438,8984.848484848486,2.7333333333333334,12.902834012164949,54.75,60.76,-7.5,-0.83
scotland,1986,34,6,1986,34,1986-08-18,6,59.39721666666666,-5.618883333333333,0.23484848484848478,105.80808080808082,669.3989071038244,113.63636363636367,0.3333333333333333,0.3003787878787882,54.75,60.76,-7.5,-0.83
scotland,1986,36,8,1986,36,1986-09-01,8,56.4673125,-1.409375,0.034090909090909075,41.85606060606061,1096.3114754098356,4176.136363636364,4.0,10.498923260381602,54.75,60.76,-7.5,-0.83
scotland,1986,37,9,1986,37,1986-09-08,9,58.228333333333325,-1.5431444444444444,0.8510101010101009,61.952861952861994,200.36429872495432,568.181818181818,0.2222222222222222,3.770909090909093,54.75,60.76,-7.5,-0.83
scotland,1986,38,14,1986,38,1986-09-15,14,59.5144,-4.643564285714286,0.6185064935064932,33.982683982684,585.4800936768145,227.27272727272728,0.5,0.4785363285363289,54.75,60.76,-7.5,-0.83
scotland,1986,41,9,1986,41,1986-10-06,9,58.25741111111111,-1.3766555555555555,1.0429292929292935,92.5925925925926,81.9672131147541,416.6666666666667,0.2222222222222222,3.812499999999997,54.75,60.76,-7.5,-0.83
scotland,1986,42,8,1986,42,1986-10-13,8,56.4804125,-1.4320875,0.04545454545454546,8.901515151515149,389.344262295083,4374.999999999998,2.25,17.82776988636364,54.75,60.76,-7.5,-0.83
scotland,1986,43,8,1986,43,1986-10-20,8,59.6633375,-3.8831125,0.07670454545454543,11.553030303030301,1219.2622950819684,298.2954545454543,0.75,0.8563376450676987,54.75,60.76,-7.5,-0.83
scotland,1986,45,8,1986,45,1986-11-03,8,56.503325000000004,-1.46125,0.022727272727272724,1.3257575757575761,153.68852459016387,184.65909090909136,0.5,1.2708333333333361,54.75,60.76,-7.5,-0.83
scotland,1986,47,8,1986,47,1986-11-17,8,58.653325,-1.403125,0.24147727272727276,7.575757575757572,0.0,0.0,0.0,,54.75,60.76,-7.5,-0.83
scotland,1986,48,2,1986,48,1986-11-24,2,55.511700000000005,-6.8925,0.02272727272727275,9.0909090909091,122.950819672131,0.0,1.0,0.0,54.75,60.76,-7.5,-0.83
scotland,1986,49,8,1986,49,1986-12-01,8,56.497075,-1.45,0.028409090909090925,2.6515151515151523,0.0,0.0,0.75,,54.75,60.76,-7.5,-0.83
scotland,1986,50,9,1986,50,1986-12-08,9,58.249633333333335,-1.3792555555555555,0.06818181818181819,4.882154882154879,0.0,0.0,0.1111111111111111,,54.75,60.76,-7.5,-0.83
scotland,1986,52,1,1986,52,1986-12-22,1,55.5217,-7.22,0.0454545454545455,0.0,0.0,0.0,1.0,,54.75,60.76,-7.5,-0.83
scotland,1987,1,3,1987,1,1986-12-29,3,55.380533333333325,-6.652233333333332,0.007575757575757566,1.01010101010101,0.0,0.0,1.6666666666666667,,54.75,60.76,-7.5,-0.83
scotland,1987,2,8,1987,2,1987-01-05,8,56.45355,-1.4281125000000001,0.04261363636363631,0.7575757575757575,92.21311475409837,42.613636363636374,0.0,0.6931818181818191,54.75,60.76,-7.5,-0.83
scotland,1987,4,14,1987,4,1987-01-19,14,58.699757142857145,-3.1346285714285713,0.05032467532467538,1.515151515151515,0.0,0.0,0.0,,54.75,60.76,-7.5,-0.83
scotland,1987,5,1,1987,5,1987-01-26,1,55.0267,-1.165,0.0,0.0,0.0,0.0,1.0,,54.75,60.76,-7.5,-0.83
scotland,1987,6,8,1987,6,1987-02-02,8,56.373125,-2.1733375,0.031250000000000035,0.0,0.0,0.0,0.0,,54.75,60.76,-7.5,-0.83
scotland,1987,7,9,1987,7,1987-02-09,9,58.25074444444445,-1.5294444444444446,0.06060606060606065,1.1784511784511789,0.0,0.0,0.0,,54.75,60.76,-7.5,-0.83
scotland,1987,8,6,1987,8,1987-02-16,6,58.90416666666667,-5.481933333333333,0.007575757575757583,0.0,40.983606557377,0.0,0.0,0.0,54.75,60.76,-7.5,-0.83
scotland,1987,10,9,1987,10,1987-03-02,9,56.24296666666666,-1.3579555555555556,0.005050505050505045,1.3468013468013467,109.28961748633878,75.75757575757578,0.5555555555555556,0.46212121212121277,54.75,60.76,-7.5,-0.83
scotland,1987,11,8,1987,11,1987-03-09,8,58.65375,-1.403125,0.011363636363636374,0.37878787878787873,0.0,0.0,0.0,,54.75,60.76,-7.5,-0.83
scotland,1987,12,6,1987,12,1987-03-16,6,59.48085,-5.5183333333333335,0.0946969696969696,2.2727272727272734,710.3825136612016,113.63636363636367,0.3333333333333333,0.34329004329004326,54.75,60.76,-7.5,-0.83
scotland,1987,15,7,1987,15,1987-04-06,7,56.57047142857142,-1.4592714285714286,0.009740259740259744,1.082251082251083,117.096018735363,0.0,0.0,0.0,54.75,60.76,-7.5,-0.83
scotland,1987,16,6,1987,16,1987-04-13,6,58.70556666666666,-5.012216666666666,0.2196969696969698,4.7979797979797985,1215.84699453552,0.0,1.4166666666666667,0.0,54.75,60.76,-7.5,-0.83
scotland,1987,17,8,1987,17,1987-04-20,8,58.651675,-1.4035375,0.5511363636363631,38.25757575757575,6823.770491803278,213.0681818181815,4.0,0.07936797999297994,54.75,60.76,-7.5,-0.83
scotland,1987,19,8,1987,19,1987-05-04,8,56.49625,-1.4477125,0.0,18.181818181818183,1393.4426229508197,42.613636363636374,1.625,0.014491605955020585,54.75,60.76,-7.5,-0.83
scotland,1987,20,7,1987,20,1987-05-11,7,58.97428571428571,-5.346185714285714,0.07142857142857142,51.082251082251126,5585.48009367682,1477.2727272727266,3.642857142857143,1.2836449367879668,54.75,60.76,-7.5,-0.83
scotland,1987,21,5,1987,21,1987-05-18,5,58.56834,-2.5083200000000003,0.00909090909090908,54.8484848484848,4868.852459016394,3477.272727272728,2.7,1.028580589242553,54.75,60.76,-7.5,-0.83
scotland,1987,22,4,1987,22,1987-05-25,4,57.99,-1.5425,0.0,86.3636363636364,922.1311475409827,426.136363636363,1.0,0.3862012987012985,54.75,60.76,-7.5,-0.83
scotland,1987,23,1,1987,23,1987-06-01,1,55.025,-1.1783,0.0,210.606060606061,0.0,0.0,0.0,,54.75,60.76,-7.5,-0.83
scotland,1987,24,14,1987,24,1987-06-08,14,57.82297142857143,-3.370485714285714,0.07305194805194806,171.21212121212116,140.51522248243563,4058.441558441557,1.4642857142857142,14.603030303030309,54.75,60.76,-7.5,-0.83
scotland,1987,25,8,1987,25,1987-06-15,8,58.6539625,-1.58,0.09943181818181805,86.55303030303031,860.6557377049179,9375.00000000001,3.0625,17.692865093605253,54.75,60.76,-7.5,-0.83
scotland,1987,26,1,1987,26,1987-06-22,1,55.56,-7.4067,0.0,6.06060606060606,1229.50819672131,1818.18181818182,2.0,1.478787878787882,54.75,60.76,-7.5,-0.83
scotland,1987,28,8,1987,28,1987-07-06,8,56.489375,-1.4629125,0.0028409090909090875,160.98484848484856,92.21311475409826,8451.704545454546,1.9375,56.99494949494962,54.75,60.76,-7.5,-0.83
scotland,1987,29,9,1987,29,1987-07-13,9,58.2489,-1.3768444444444445,0.020202020202020204,87.8787878787879,336.97632058287843,11969.696969696968,2.0,22.287720959595987,54.75,60.76,-7.5,-0.83
scotland,1987,32,7,1987,32,1987-08-03,7,59.4369,-5.7740285714285715,0.5844155844155849,44.8051948051948,772.8337236533947,633.1168831168828,0.5714285714285714,0.9744155844155843,54.75,60.76,-7.5,-0.83
scotland,1987,33,1,1987,33,1987-08-10,1,55.025,-1.1333,0.0,148.484848484848,245.901639344262,2159.09090909091,1.0,8.780303030303044,54.75,60.76,-7.5,-0.83
scotland,1987,34,7,1987,34,1987-08-17,7,56.60071428571428,-1.4573857142857143,0.10389610389610393,59.307359307359334,503.5128805620616,4350.649350649352,1.1428571428571428,12.502946127946137,54.75,60.76,-7.5,-0.83
scotland,1987,35,8,1987,35,1987-08-24,8,58.655625,-1.579575,0.05397727272727272,24.24621212121213,163.93442622950775,15227.272727272737,5.25,14.307983682983714,54.75,60.76,-7.5,-0.83
scotland,1987,37,8,1987,37,1987-09-07,8,56.4862375,-2.196675,0.09090909090909086,31.628787878787875,778.6885245901647,9119.31818181819,3.0,12.646320146397132,54.75,60.76,-7.5,-0.83
scotland,1987,38,15,1987,38,1987-09-14,15,58.8009,-3.210106666666667,0.5393939393939396,73.93939393939398,1163.9344262295083,4386.363636363632,2.6333333333333333,12.559900735034416,54.75,60.76,-7.5,-0.83
scotland,1987,41,8,1987,41,1987-10-05,8,56.4235375,-1.4079125000000001,0.3181818181818184,27.8409090909091,153.688524590164,2599.4318181818194,1.5625,8.395202020202033,54.75,60.76,-7.5,-0.83
scotland,1987,42,7,1987,42,1987-10-12,7,58.160000000000004,-5.515957142857142,0.12987012987012972,14.069264069264074,269.32084309133427,389.6103896103892,0.42857142857142855,0.7233201581027665,54.75,60.76,-7.5,-0.83
scotland,1987,43,8,1987,43,1987-10-19,8,58.6489625,-1.404375,0.247159090909091,22.727272727272727,30.73770491803275,85.22727272727275,0.0,0.0,54.75,60.76,-7.5,-0.83
scotland,1987,46,15,1987,46,1987-11-09,15,58.68989333333333,-3.239333333333333,0.13484848484848483,8.484848484848486,49.180327868852466,121.2121212121212,0.06666666666666667,0.3465909090909089,54.75,60.76,-7.5,-0.83
scotland,1987,48,6,1987,48,1987-11-23,6,56.1489,-1.3527666666666667,0.3181818181818182,2.5252525252525246,245.90163934426218,227.27272727272734,1.1666666666666667,0.5545454545454553,54.75,60.76,-7.5,-0.83
scotland,1987,50,14,1987,50,1987-12-07,14,57.788442857142854,-3.50215,0.19642857142857156,2.0562770562770556,87.82201405152215,243.50649350649363,0.14285714285714285,2.4954545454545496,54.75,60.76,-7.5,-0.83
scotland,1987,51,1,1987,51,1987-12-14,1,55.5467,-7.4017,0.0,3.03030303030303,0.0,0.0,1.0,,54.75,60.76,-7.5,-0.83
scotland,1987,52,4,1987,52,1987-12-21,4,59.314175,-1.264575,0.09659090909090892,0.7575757575757575,0.0,85.22727272727275,0.0,,54.75,60.76,-7.5,-0.83
scotland,1987,53,4,1987,53,1987-12-28,4,57.989175,-1.5425,0.07386363636363646,1.515151515151515,0.0,0.0,0.0,,54.75,60.76,-7.5,-0.83
scotland,1988,2,8,1988,2,1988-01-11,8,58.653125,-1.403125,0.056818181818181865,1.1363636363636362,0.0,0.0,0.0,,54.75,60.76,-7.5,-0.83
scotland,1988,3,13,1988,3,1988-01-18,13,57.401923076923076,-2.9275692307692305,0.04895104895104892,0.9324009324009322,75.66204287515754,166.08391608391636,0.3076923076923077,1.8484848484848544,54.75,60.76,-7.5,-0.83
scotland,1988,4,1,1988,4,1988-01-25,1,55.575,-7.4083,0.25,16.6666666666667,0.0,0.0,0.0,,54.75,60.76,-7.5,-0.83
scotland,1988,5,5,1988,5,1988-02-01,5,56.348,-1.44998,0.027272727272727282,0.303030303030304,49.1803278688524,136.3636363636364,0.0,2.7727272727272765,54.75,60.76,-7.5,-0.83
scotland,1988,7,15,1988,7,1988-02-15,15,58.76078666666667,-3.103,0.007575757575757573,0.404040404040404,16.3934426229508,0.0,0.0,0.0,54.75,60.76,-7.5,-0.83
scotland,1988,9,2,1988,9,1988-02-29,2,55.5458,-7.2867,0.0,3.03030303030303,0.0,0.0,0.5,,54.75,60.76,-7.5,-0.83
scotland,1988,11,6,1988,11,1988-03-14,6,59.58695,-5.83415,0.03030303030303025,0.7575757575757583,683.0601092896167,0.0,0.5,0.0,54.75,60.76,-7.5,-0.83
scotland,1988,12,8,1988,12,1988-03-21,8,56.4637375,-1.4083375,0.43181818181818166,4.924242424242421,348.3606557377055,0.0,0.25,0.0,54.75,60.76,-7.5,-0.83
scotland,1988,14,1,1988,14,1988-04-04,1,55.6367,-7.3333,0.0454545454545455,0.0,245.901639344262,340.909090909091,6.5,1.3863636363636382,54.75,60.76,-7.5,-0.83
scotland,1988,15,27,1988,15,1988-04-11,27,58.10166296296296,-2.5496222222222222,0.4494949494949496,15.207631874298537,5771.098967820282,50.50505050505052,3.7777777777777777,0.01858300580997951,54.75,60.76,-7.5,-0.83
scotland,1988,19,18,1988,19,1988-05-09,18,57.341761111111104,-1.777677777777778,0.07828282828282829,38.215488215488186,710.3825136612022,309.3434343434346,1.7222222222222223,0.9247033800456763,54.75,60.76,-7.5,-0.83
scotland,1988,20,4,1988,20,1988-05-16,4,57.990825,-1.5425,0.01704545454545455,63.25757575757579,184.42622950819674,369.3181818181825,0.5,0.0,54.75,60.76,-7.5,-0.83
scotland,1988,23,12,1988,23,1988-06-06,12,57.390966666666664,-1.4741666666666668,0.015151515151515152,61.23737373737373,129.78142076502726,5265.151515151517,0.8333333333333334,3.45435606060606,54.75,60.76,-7.5,-0.83
scotland,1988,24,3,1988,24,1988-06-13,3,57.253899999999994,-1.755,0.13636363636363624,91.41414141414134,0.0,2878.7878787878767,0.0,,54.75,60.76,-7.5,-0.83
scotland,1988,25,12,1988,25,1988-06-20,12,58.95568333333333,-3.974458333333333,0.06060606060606064,16.287878787878793,177.59562841530033,3683.712121212118,2.0,3.8061521811521826,54.75,60.76,-7.5,-0.83
scotland,1988,27,9,1988,27,1988-07-04,9,56.305566666666664,-1.3653777777777778,0.012626262626262633,48.4848484848485,500.9107468123863,5126.262626262622,1.1111111111111112,7.943048128342238,54.75,60.76,-7.5,-0.83
scotland,1988,29,18,1988,29,1988-07-18,18,58.9012,-3.0072166666666664,0.03282828282828283,27.609427609427602,232.24043715847014,7544.191919191915,1.1111111111111112,49.19031468531467,54.75,60.76,-7.5,-0.83
scotland,1988,31,8,1988,31,1988-08-01,8,56.495625,-1.437075,0.025568181818181872,62.31060606060609,522.5409836065572,8579.545454545456,2.3125,16.117958430458454,54.75,60.76,-7.5,-0.83
scotland,1988,32,8,1988,32,1988-08-08,8,58.6572875,-1.5793625,0.11079545454545459,86.17424242424241,1168.032786885245,17542.613636363614,5.9375,25.736659522295845,54.75,60.76,-7.5,-0.83
scotland,1988,33,11,1988,33,1988-08-15,11,59.00197272727273,-4.237254545454546,0.09917355371900824,6.8870523415978075,171.3859910581222,2179.7520661157014,1.3181818181818181,6.156114718614717,54.75,60.76,-7.5,-0.83
scotland,1988,34,1,1988,34,1988-08-22,1,55.0267,-1.1767,0.0,59.0909090909091,2131.14754098361,12272.7272727273,6.5,5.758741258741263,54.75,60.76,-7.5,-0.83
scotland,1988,35,1,1988,35,1988-08-29,1,55.5617,-7.37,0.0,16.6666666666667,0.0,0.0,2.0,,54.75,60.76,-7.5,-0.83
scotland,1988,36,16,1988,36,1988-09-05,16,57.581562500000004,-1.41739375,0.26420454545454575,50.6628787878788,1024.5901639344258,4886.3636363636315,1.46875,5.51331101396464,54.75,60.76,-7.5,-0.83
scotland,1988,37,10,1988,37,1988-09-12,10,59.01532999999999,-4.21733,0.11590909090909085,5.757575757575762,1278.6885245901633,920.4545454545453,0.8,0.8280264180264186,54.75,60.76,-7.5,-0.83
scotland,1988,41,23,1988,41,1988-10-10,23,58.26862173913044,-2.655217391304348,0.38833992094861636,26.877470355731226,659.3014967925874,321.1462450592887,0.717391304347826,0.47960945304695357,54.75,60.76,-7.5,-0.83
scotland,1988,43,2,1988,43,1988-10-24,2,57.2725,-1.5383,0.48863636363636354,6.06060606060606,0.0,0.0,0.5,,54.75,60.76,-7.5,-0.83
scotland,1988,45,20,1988,45,1988-11-07,20,57.621995000000005,-3.2009950000000003,0.08977272727272723,1.5151515151515154,98.36065573770485,96.59090909090905,0.1,1.2939393939393948,54.75,60.76,-7.5,-0.83
scotland,1988,46,9,1988,46,1988-11-14,9,58.25463333333333,-1.3666555555555557,0.04545454545454542,1.5151515151515156,0.0,0.0,0.0,,54.75,60.76,-7.5,-0.83
scotland,1988,49,8,1988,49,1988-12-05,8,56.49395,-1.4470875,0.23295454545454541,4.1666666666666625,30.73770491803275,85.22727272727275,0.0,0.0,54.75,60.76,-7.5,-0.83
scotland,1988,50,1,1988,50,1988-12-12,1,55.515,-7.4683,0.159090909090909,9.09090909090909,0.0,0.0,0.0,,54.75,60.76,-7.5,-0.83
scotland,1989,2,1,1989,2,1989-01-09,1,55.0267,-1.1717,0.0,0.0,0.0,0.0,0.0,,54.75,60.76,-7.5,-0.83
scotland,1989,3,16,1989,3,1989-01-16,16,57.5736375,-1.42489375,0.029829545454545456,0.6628787878787881,46.10655737704913,134.94318181818193,0.3125,2.926767676767683,54.75,60.76,-7.5,-0.83
scotland,1989,6,16,1989,6,1989-02-06,16,57.559375,-1.39615,0.05681818181818179,1.1382575757575761,46.10655737704913,0.0,0.125,0.0,54.75,60.76,-7.5,-0.83
scotland,1989,7,1,1989,7,1989-02-13,1,55.025,-1.1483,0.0,0.0,0.0,0.0,1.0,,54.75,60.76,-7.5,-0.83
scotland,1989,8,1,1989,8,1989-02-20,1,55.5283,-7.4833,0.0227272727272727,4.54545454545455,0.0,0.0,1.0,,54.75,60.76,-7.5,-0.83
scotland,1989,10,11,1989,10,1989-03-06,11,57.69985454545454,-3.384536363636364,0.13842975206611566,6.4738292011019345,223.54694485842026,0.0,0.5454545454545454,0.0,54.75,60.76,-7.5,-0.83
scotland,1989,11,1,1989,11,1989-03-13,1,55.0267,-1.1483,0.0681818181818182,3.03030303030303,0.0,0.0,0.0,,54.75,60.76,-7.5,-0.83
scotland,1989,12,8,1989,12,1989-03-20,8,58.6522875,-1.4035375,0.005681818181818175,2.083333333333334,194.67213114754063,0.0,0.25,0.0,54.75,60.76,-7.5,-0.83
scotland,1989,15,5,1989,15,1989-04-10,5,58.45799999999999,-1.2429999999999999,0.21818181818181812,67.57575757575754,1180.327868852459,136.3636363636364,0.8,0.3780991735537188,54.75,60.76,-7.5,-0.83
scotland,1989,16,18,1989,16,1989-04-17,18,58.032494444444445,-3.2224055555555555,0.12500000000000006,22.222222222222236,2272.3132969034627,202.0202020202024,1.75,0.1097289222996353,54.75,60.76,-7.5,-0.83
scotland,1989,19,11,1989,19,1989-05-08,11,57.23150909090909,-1.3981818181818182,0.05371900826446276,64.32506887052351,5417.287630402385,650.8264462809918,4.681818181818182,1.174078872225432,54.75,60.76,-7.5,-0.83
scotland,1989,20,4,1989,20,1989-05-15,4,57.995,-1.6333000000000002,0.04545454545454537,69.31818181818194,1229.5081967213114,738.6363636363652,2.625,1.3221801346801376,54.75,60.76,-7.5,-0.83
scotland,1989,23,12,1989,23,1989-06-05,12,57.392783333333334,-1.5243083333333332,0.007575757575757566,22.979797979797965,512.2950819672129,1155.3030303030314,2.7916666666666665,3.042297979797983,54.75,60.76,-7.5,-0.83
scotland,1989,24,10,1989,24,1989-06-12,10,58.853829999999995,-3.99516,0.0909090909090908,57.72727272727271,98.3606557377049,1829.5454545454534,1.85,8.934343434343434,54.75,60.76,-7.5,-0.83
scotland,1989,26,3,1989,26,1989-06-26,3,59.7517,-6.766133333333333,0.5227272727272724,72.72727272727276,1857.9234972677598,946.9696969696967,1.3333333333333333,0.9132395382395376,54.75,60.76,-7.5,-0.83
scotland,1989,27,1,1989,27,1989-07-03,1,55.025,-1.155,0.0,0.0,4262.29508196721,1477.27272727273,1.0,0.34659090909091,54.75,60.76,-7.5,-0.83
scotland,1989,28,8,1989,28,1989-07-10,8,58.650625,-1.40375,0.03409090909090912,16.09848484848486,952.868852459015,2684.65909090909,1.125,3.068151695325612,54.75,60.76,-7.5,-0.83
scotland,1989,29,8,1989,29,1989-07-17,8,56.495200000000004,-1.4233375,0.025568181818181775,30.492424242424228,327.86885245901635,4801.136363636364,2.4375,13.317159692159699,54.75,60.76,-7.5,-0.83
scotland,1989,32,16,1989,32,1989-08-07,16,57.909800000000004,-3.4484312499999996,0.0454545454545454,80.87310606060605,2213.114754098363,4218.750000000004,2.375,5.5363984774834485,54.75,60.76,-7.5,-0.83
scotland,1989,33,9,1989,33,1989-08-14,9,58.254266666666666,-1.3777666666666668,0.06060606060606068,152.1885521885521,2185.792349726776,6868.68686868687,5.0,4.276970825279996,54.75,60.76,-7.5,-0.83
scotland,1989,36,8,1989,36,1989-09-04,8,56.462075,-1.3927125,0.04829545454545455,39.96212121212123,1536.8852459016393,9176.13636363636,1.875,15.57749914719425,54.75,60.76,-7.5,-0.83
scotland,1989,37,9,1989,37,1989-09-11,9,58.25388888888889,-1.3779555555555556,0.6363636363636364,185.35353535353534,309.6539162112932,1010.1010101010098,1.2222222222222223,1.4808884297520675,54.75,60.76,-7.5,-0.83
scotland,1989,39,8,1989,39,1989-09-25,8,59.467075,-5.4143875,0.3409090909090909,8.522727272727273,747.9508196721313,127.84090909090912,1.25,0.08472222222222225,54.75,60.76,-7.5,-0.83
scotland,1989,41,22,1989,41,1989-10-09,22,58.207568181818175,-2.7364363636363636,0.19214876033057848,6.680440771349866,618.4798807749622,1317.14876033058,1.2727272727272727,1.596191173094585,54.75,60.76,-7.5,-0.83
scotland,1989,42,1,1989,42,1989-10-16,1,55.0267,-1.1033,0.0,1.51515151515152,1311.47540983607,2045.45454545455,2.0,1.5596590909090893,54.75,60.76,-7.5,-0.83
scotland,1989,44,1,1989,44,1989-10-30,1,55.4883,-7.315,0.0,3.03030303030303,0.0,0.0,1.0,,54.75,60.76,-7.5,-0.83
scotland,1989,45,22,1989,45,1989-11-06,22,58.26136363636363,-2.78735,0.1787190082644628,4.2011019283746585,78.2414307004471,30.99173553719009,0.18181818181818182,0.5545454545454553,54.75,60.76,-7.5,-0.83
scotland,1989,46,3,1989,46,1989-11-13,3,56.51776666666667,-1.412766666666667,0.037878787878787866,8.080808080808094,81.967213114754,0.0,1.0,0.0,54.75,60.76,-7.5,-0.83
scotland,1989,49,7,1989,49,1989-12-04,7,58.93881428571429,-5.2159571428571425,0.012987012987012988,0.0,0.0,0.0,0.2857142857142857,,54.75,60.76,-7.5,-0.83
scotland,1989,50,16,1989,50,1989-12-11,16,57.58020625,-1.40499375,0.32386363636363635,2.1780303030303063,220.28688524590163,106.53409090909093,1.0,0.39385330578512406,54.75,60.76,-7.5,-0.83
scotland,1990,2,23,1990,2,1990-01-08,23,58.02152173913043,-2.849847826086956,0.01581027667984189,0.8563899868247691,74.83962936564504,59.28853754940713,0.34782608695652173,0.5776515151515149,54.75,60.76,-7.5,-0.83
scotland,1990,5,1,1990,5,1990-01-29,1,55.0267,-1.1767,0.0227272727272727,0.0,0.0,0.0,1.0,,54.75,60.76,-7.5,-0.83
scotland,1990,6,21,1990,6,1990-02-05,21,58.22904761904762,-2.7158809523809526,0.04653679653679652,1.8037518037518052,11.709601873536286,0.0,0.2857142857142857,0.0,54.75,60.76,-7.5,-0.83
scotland,1990,7,1,1990,7,1990-02-12,1,55.0267,-1.1917,0.0681818181818182,0.0,0.0,0.0,0.0,,54.75,60.76,-7.5,-0.83
scotland,1990,10,12,1990,10,1990-03-05,12,57.947225,-3.7131833333333333,0.011363636363636359,0.505050505050505,163.93442622950826,0.0,0.16666666666666666,0.0,54.75,60.76,-7.5,-0.83
scotland,1990,11,1,1990,11,1990-03-12,1,55.025,-1.1733,0.0,0.0,245.901639344262,0.0,0.0,0.0,54.75,60.76,-7.5,-0.83
scotland,1990,12,9,1990,12,1990-03-19,9,58.30592222222222,-2.0594444444444444,0.0101010101010101,1.6835016835016843,382.5136612021858,0.0,0.8888888888888888,0.0,54.75,60.76,-7.5,-0.83
scotland,1990,14,3,1990,14,1990-04-02,3,59.16276666666666,-1.4816666666666667,0.43181818181818193,24.74747474747475,81.967213114754,0.0,0.0,0.0,54.75,60.76,-7.5,-0.83
scotland,1990,15,5,1990,15,1990-04-09,5,57.403,-1.51768,0.045454545454545484,20.909090909090917,360.6557377049184,0.0,1.2,0.0,54.75,60.76,-7.5,-0.83
scotland,1990,16,6,1990,16,1990-04-16,6,59.613616666666665,-5.895266666666667,0.05303030303030298,49.4949494949494,478.1420765027317,0.0,0.8333333333333334,0.0,54.75,60.76,-7.5,-0.83
scotland,1990,18,6,1990,18,1990-04-30,6,59.656666666666666,-6.032783333333334,0.13636363636363627,103.78787878787877,1953.5519125683056,284.0909090909092,2.25,0.4038376590122065,54.75,60.76,-7.5,-0.83
scotland,1990,19,12,1990,19,1990-05-07,12,57.374300000000005,-1.47055,0.20454545454545436,49.24242424242423,3237.7049180327904,378.7878787878788,3.5416666666666665,0.7357222613987321,54.75,60.76,-7.5,-0.83
scotland,1990,20,4,1990,20,1990-05-14,4,57.995,-1.6333000000000002,0.5113636363636362,256.81818181818176,450.8196721311485,255.6818181818175,1.75,0.25994318181818027,54.75,60.76,-7.5,-0.83
scotland,1990,22,1,1990,22,1990-05-28,1,55.46,-7.1317,0.136363636363636,9.09090909090909,0.0,0.0,0.0,,54.75,60.76,-7.5,-0.83
scotland,1990,23,4,1990,23,1990-06-04,4,59.31625,-1.526275,0.0965909090909092,126.13636363636382,1823.770491803278,0.0,3.125,0.0,54.75,60.76,-7.5,-0.83
scotland,1990,24,5,1990,24,1990-06-11,5,57.39868,-1.54398,0.050000000000000024,86.06060606060605,0.0,68.1818181818182,1.6,,54.75,60.76,-7.5,-0.83
scotland,1990,25,13,1990,25,1990-06-18,13,57.983469230769224,-3.483830769230769,0.047202797202797214,38.69463869463868,315.2585119798232,1302.447552447553,1.8461538461538463,3.7662516055373234,54.75,60.76,-7.5,-0.83
scotland,1990,28,16,1990,28,1990-07-09,16,58.92655625,-3.80624375,0.052556818181818184,25.00000000000001,2033.8114754098356,987.215909090908,2.8125,0.6324460273446743,54.75,60.76,-7.5,-0.83
scotland,1990,31,6,1990,31,1990-07-30,6,59.630566666666674,-5.964166666666666,0.7575757575757561,10.101010101010099,382.51366120218535,0.0,0.3333333333333333,0.0,54.75,60.76,-7.5,-0.83
scotland,1990,32,6,1990,32,1990-08-06,6,58.63055,-1.53085,0.07196969696969684,39.39393939393942,1284.1530054644809,8295.454545454531,2.0,9.488444656774945,54.75,60.76,-7.5,-0.83
scotland,1990,33,1,1990,33,1990-08-13,1,55.5083,-7.3417,0.0,3.03030303030303,2540.98360655738,340.909090909091,2.0,0.13416422287390017,54.75,60.76,-7.5,-0.83
scotland,1990,34,1,1990,34,1990-08-20,1,55.06,-1.07,2.09090909090909,15.1515151515152,0.0,3750.0,1.0,,54.75,60.76,-7.5,-0.83
scotland,1990,37,17,1990,37,1990-09-10,17,57.40618235294117,-1.3864764705882353,0.8703208556149739,35.29411764705884,708.77531340405,521.3903743315512,2.5294117647058822,1.089223111658459,54.75,60.76,-7.5,-0.83
scotland,1990,38,7,1990,38,1990-09-17,7,59.045228571428574,-6.222385714285714,0.03571428571428575,8.874458874458877,0.0,48.70129870129871,0.8571428571428571,,54.75,60.76,-7.5,-0.83
scotland,1990,41,9,1990,41,1990-10-08,9,56.31741111111111,-1.375,0.4292929292929293,3.3670033670033663,382.5136612021857,239.89898989899018,0.3333333333333333,0.6975142045454553,54.75,60.76,-7.5,-0.83
scotland,1990,42,4,1990,42,1990-10-15,4,59.420425,-1.242075,0.24431818181818196,3.0303030303030325,0.0,0.0,0.0,,54.75,60.76,-7.5,-0.83
scotland,1990,43,6,1990,43,1990-10-22,6,59.61085,-5.955000000000001,0.32954545454545464,14.141414141414133,81.96721311475416,56.818181818181834,0.16666666666666666,0.6931818181818178,54.75,60.76,-7.5,-0.83
scotland,1990,45,23,1990,45,1990-11-05,23,58.00594347826087,-2.5952869565217394,0.28063241106719355,3.2279314888010537,32.074126870990696,0.0,0.21739130434782608,0.0,54.75,60.76,-7.5,-0.83
scotland,1990,48,2,1990,48,1990-11-26,2,55.4875,-7.00415,0.0,0.0,0.0,0.0,0.0,,54.75,60.76,-7.5,-0.83
scotland,1990,49,1,1990,49,1990-12-03,1,55.025,-1.1733,0.0681818181818182,0.0,0.0,0.0,0.0,,54.75,60.76,-7.5,-0.83
scotland,1990,50,14,1990,50,1990-12-10,14,57.58380714285715,-1.3890428571428572,0.1347402597402598,1.082251082251083,0.0,0.0,0.2857142857142857,,54.75,60.76,-7.5,-0.83
scotland,1991,1,2,1991,1,1990-12-31,2,55.46085,-6.8625,0.0,0.0,0.0,0.0,1.0,,54.75,60.76,-7.5,-0.83
scotland,1991,2,11,1991,2,1991-01-07,11,59.45240909090909,-3.8398454545454546,0.03925619834710738,0.5509641873278236,0.0,0.0,0.0,,54.75,60.76,-7.5,-0.83
scotland,1991,3,9,1991,3,1991-01-14,9,56.349444444444444,-1.4222333333333335,0.1666666666666668,1.3468013468013478,0.0,0.0,0.5555555555555556,,54.75,60.76,-7.5,-0.83
scotland,1991,4,5,1991,4,1991-01-21,5,59.58668,-6.00934,0.07727272727272737,1.212121212121212,0.0,0.0,0.0,,54.75,60.76,-7.5,-0.83
scotland,1991,6,12,1991,6,1991-02-04,12,57.43472499999999,-1.3641666666666667,0.058712121212121215,0.8838383838383841,81.96721311475407,0.0,0.75,0.0,54.75,60.76,-7.5,-0.83
scotland,1991,7,5,1991,7,1991-02-11,5,57.399339999999995,-1.473,0.01818181818181818,0.0,0.0,0.0,0.6,,54.75,60.76,-7.5,-0.83
scotland,1991,10,7,1991,10,1991-03-04,7,58.94761428571429,-5.277142857142857,0.06493506493506496,1.731601731601733,1182.6697892271666,48.70129870129871,0.8571428571428571,0.01824162679425838,54.75,60.76,-7.5,-0.83
scotland,1991,12,8,1991,12,1991-03-18,8,58.6535375,-1.403125,0.05965909090909098,6.250000000000003,2387.2950819672137,0.0,1.0625,0.0,54.75,60.76,-7.5,-0.83
scotland,1991,14,10,1991,14,1991-04-01,10,59.5,-4.07883,0.14772727272727276,3.7878787878787876,696.7213114754095,0.0,0.5,0.0,54.75,60.76,-7.5,-0.83
scotland,1991,15,12,1991,15,1991-04-08,12,57.00165833333333,-1.482775,0.062499999999999944,14.393939393939403,2520.4918032786886,28.409090909090917,1.5,0.003616600790513835,54.75,60.76,-7.5,-0.83
scotland,1991,16,2,1991,16,1991-04-15,2,55.2775,-4.18,0.0227272727272727,0.0,1229.50819672131,0.0,1.5,0.0,54.75,60.76,-7.5,-0.83
scotland,1991,19,8,1991,19,1991-05-06,8,58.6704125,-1.5772875,0.525568181818182,73.86363636363635,2756.147540983605,0.0,1.9375,0.0,54.75,60.76,-7.5,-0.83
scotland,1991,20,7,1991,20,1991-05-13,7,58.97094285714286,-5.295,0.20454545454545453,83.11688311688313,6861.826697892277,194.80519480519484,1.9285714285714286,0.01824813375965548,54.75,60.76,-7.5,-0.83
scotland,1991,21,9,1991,21,1991-05-20,9,56.32628888888889,-2.0624111111111114,0.03282828282828288,8.249158249158247,673.9526411657556,164.14141414141454,1.8888888888888888,0.0,54.75,60.76,-7.5,-0.83
scotland,1991,23,9,1991,23,1991-06-03,9,58.25222222222222,-1.5344333333333333,0.5277777777777776,98.82154882154879,218.57923497267768,555.5555555555557,1.5555555555555556,1.6174242424242458,54.75,60.76,-7.5,-0.83
scotland,1991,24,6,1991,24,1991-06-10,6,59.63166666666667,-5.9877666666666665,0.8371212121212115,82.3232323232324,81.967213114754,56.818181818181834,1.1666666666666667,0.0,54.75,60.76,-7.5,-0.83
scotland,1991,25,8,1991,25,1991-06-17,8,56.4639625,-1.40645,0.0681818181818182,3.5984848484848513,256.14754098360606,170.4545454545455,1.25,0.5998688811188818,54.75,60.76,-7.5,-0.83
scotland,1991,27,9,1991,27,1991-07-01,9,56.33242222222222,-1.3842666666666665,0.18434343434343434,2.3569023569023564,63.752276867031,0.0,0.5555555555555556,0.0,54.75,60.76,-7.5,-0.83
scotland,1991,28,13,1991,28,1991-07-08,13,59.00783076923077,-3.1012692307692307,0.04720279720279719,20.629370629370626,605.2963430012605,2272.727272727273,1.4615384615384615,5.620212615667166,54.75,60.76,-7.5,-0.83
scotland,1991,32,9,1991,32,1991-08-05,9,58.25388888888889,-1.5344333333333333,0.053030303030303,30.639730639730633,1429.8724954462662,1338.383838383839,2.1666666666666665,2.127683080808083,54.75,60.76,-7.5,-0.83
scotland,1991,33,7,1991,33,1991-08-12,7,56.59834285714286,-1.4187999999999998,0.0,18.39826839826841,222.48243559718972,698.0519480519481,2.0,3.012040043290046,54.75,60.76,-7.5,-0.83
scotland,1991,36,21,1991,36,1991-09-02,21,58.01983809523809,-2.4662619047619048,0.196969696969697,117.46031746031747,1069.4769711163158,3203.4632034632036,2.0238095238095237,5.4346530863270415,54.75,60.76,-7.5,-0.83
scotland,1991,37,1,1991,37,1991-09-09,1,55.0,-1.11,0.0,22.7272727272727,0.0,0.0,0.0,,54.75,60.76,-7.5,-0.83
scotland,1991,40,1,1991,40,1991-09-30,1,55.0267,-1.1833,0.0227272727272727,0.0,245.901639344262,340.909090909091,1.0,1.3863636363636382,54.75,60.76,-7.5,-0.83
scotland,1991,41,8,1991,41,1991-10-07,8,58.6572875,-1.4024874999999999,0.7585227272727274,17.613636363636367,92.21311475409837,0.0,0.5,0.0,54.75,60.76,-7.5,-0.83
scotland,1991,43,7,1991,43,1991-10-21,7,56.631899999999995,-1.4449857142857143,0.06493506493506494,3.0303030303030356,35.12880562060886,0.0,1.0,0.0,54.75,60.76,-7.5,-0.83
scotland,1991,45,1,1991,45,1991-11-04,1,55.0267,-1.09,0.0,0.0,0.0,0.0,1.0,,54.75,60.76,-7.5,-0.83
scotland,1991,46,15,1991,46,1991-11-11,15,58.565553333333334,-3.6437733333333333,0.12727272727272718,3.232323232323236,16.3934426229508,0.0,0.26666666666666666,0.0,54.75,60.76,-7.5,-0.83
scotland,1991,49,11,1991,49,1991-12-02,11,58.07696363636364,-1.3783363636363637,0.10743801652892566,0.8264462809917354,0.0,0.0,0.18181818181818182,,54.75,60.76,-7.5,-0.83
scotland,1991,50,5,1991,50,1991-12-09,5,56.39668,-1.50998,0.38181818181818145,4.848484848484853,49.1803278688524,0.0,0.0,0.0,54.75,60.76,-7.5,-0.83
scotland,1992,2,2,1992,2,1992-01-06,2,57.269149999999996,-1.47165,0.0,1.515151515151515,0.0,0.0,0.0,,54.75,60.76,-7.5,-0.83
scotland,1992,3,14,1992,3,1992-01-13,14,59.09155,-3.401078571428571,0.025974025974025965,0.43290043290043284,0.0,0.0,0.07142857142857142,,54.75,60.76,-7.5,-0.83
scotland,1992,6,7,1992,6,1992-02-03,7,58.87307142857143,-4.965228571428571,0.022727272727272714,0.43290043290043284,0.0,0.0,0.0,,54.75,60.76,-7.5,-0.83
scotland,1992,7,15,1992,7,1992-02-10,15,57.685206666666666,-1.4162133333333335,0.04696969696969692,0.30303030303030337,0.0,0.0,0.26666666666666666,,54.75,60.76,-7.5,-0.83
scotland,1992,10,9,1992,10,1992-03-02,9,56.33056666666667,-1.3916666666666666,0.01010101010101011,1.8518518518518523,81.9672131147541,0.0,0.1111111111111111,0.0,54.75,60.76,-7.5,-0.83
scotland,1992,11,6,1992,11,1992-03-09,6,59.62416666666667,-5.951966666666667,0.003787878787878783,0.505050505050505,122.95081967213116,56.818181818181834,0.16666666666666666,0.3465909090909089,54.75,60.76,-7.5,-0.83
scotland,1992,14,10,1992,14,1992-03-30,10,57.94667,-1.94385,0.15909090909090873,4.2424242424242395,860.6557377049188,34.0909090909091,0.6,0.027007083825265652,54.75,60.76,-7.5,-0.83
scotland,1992,15,8,1992,15,1992-04-06,8,58.6402125,-1.40605,0.059659090909090884,10.79545454545454,6752.049180327864,127.84090909090912,3.3125,0.013325198988116195,54.75,60.76,-7.5,-0.83
scotland,1992,18,6,1992,18,1992-04-27,6,59.4142,-5.8116666666666665,0.10227272727272733,25.26262626262626,5833.333333333329,227.27272727272734,2.25,0.03785426396263839,54.75,60.76,-7.5,-0.83
scotland,1992,19,6,1992,19,1992-05-04,6,58.81473333333333,-5.051383333333333,0.03787878787878788,11.868686868686881,4904.371584699456,227.27272727272734,2.25,0.0641950314976631,54.75,60.76,-7.5,-0.83
scotland,1992,20,8,1992,20,1992-05-11,8,58.6422875,-1.4054375000000001,0.02840909090909091,32.76515151515148,4272.540983606555,255.68181818181824,5.8125,0.21858233307096966,54.75,60.76,-7.5,-0.83
scotland,1992,21,6,1992,21,1992-05-18,6,56.249433333333336,-1.375,0.06818181818181812,64.14141414141407,40.983606557377,56.818181818181834,2.25,1.3863636363636382,54.75,60.76,-7.5,-0.83
scotland,1992,23,16,1992,23,1992-06-01,16,57.5445875,-1.50760625,0.018465909090909068,162.21590909090907,455.9426229508194,788.3522727272727,2.875,3.0121307264164394,54.75,60.76,-7.5,-0.83
scotland,1992,27,6,1992,27,1992-06-29,6,59.64276666666667,-6.0097,0.32575757575757563,25.505050505050495,587.4316939890708,549.2424242424233,1.3333333333333333,2.479217854217849,54.75,60.76,-7.5,-0.83
scotland,1992,28,8,1992,28,1992-07-06,8,58.6485375,-1.404375,0.019886363636363626,90.9090909090909,61.4754098360655,9957.386363636362,0.875,56.378787878787854,54.75,60.76,-7.5,-0.83
scotland,1992,29,2,1992,29,1992-07-13,2,57.25,-1.4533,0.272727272727273,53.81818181818185,0.0,340.909090909091,0.5,,54.75,60.76,-7.5,-0.83
scotland,1992,30,6,1992,30,1992-07-20,6,56.256949999999996,-1.3872166666666665,0.03787878787878781,75.25252525252533,163.93442622950815,8143.939393939397,1.0,26.57196969696975,54.75,60.76,-7.5,-0.83
scotland,1992,32,8,1992,32,1992-08-03,8,56.45895,-1.4187375,0.025568181818181775,90.53030303030292,409.8360655737707,4275.568181818182,2.0,14.423046251993634,54.75,60.76,-7.5,-0.83
scotland,1992,33,12,1992,33,1992-08-10,12,59.261808333333335,-3.67555,0.4659090909090909,44.825757575757585,348.360655737705,757.5757575757569,1.25,0.14966425619834686,54.75,60.76,-7.5,-0.83
scotland,1992,37,10,1992,37,1992-09-07,10,59.48883000000001,-4.00549,0.5613636363636363,10.912121212121214,336.0655737704921,102.2727272727273,0.3,0.28274521531100455,54.75,60.76,-7.5,-0.83
scotland,1992,38,5,1992,38,1992-09-14,5,57.39366,-1.46934,0.20454545454545464,33.030303030303024,573.7704918032796,522.727272727272,2.1,0.49822443181817944,54.75,60.76,-7.5,-0.83
scotland,1992,40,8,1992,40,1992-09-28,8,56.328337499999996,-2.7723,0.4005681818181824,16.477272727272723,297.13114754098314,440.3409090909088,1.5625,2.5567358366271398,54.75,60.76,-7.5,-0.83
scotland,1992,41,15,1992,41,1992-10-05,15,57.70034,-1.4412133333333335,0.3121212121212121,5.25252525252525,185.79234972677574,159.09090909090935,0.5333333333333333,0.0,54.75,60.76,-7.5,-0.83
scotland,1992,43,7,1992,43,1992-10-19,7,58.986200000000004,-5.335242857142857,0.07792207792207809,9.090909090909102,468.3840749414513,194.80519480519484,1.1428571428571428,0.2648310023310027,54.75,60.76,-7.5,-0.83
scotland,1992,45,7,1992,45,1992-11-02,7,59.02904285714286,-6.087128571428572,0.15259740259740248,4.112554112554113,35.12880562060886,0.0,0.5714285714285714,0.0,54.75,60.76,-7.5,-0.83
scotland,1992,46,8,1992,46,1992-11-09,8,58.451875,-1.4660250000000001,0.20454545454545447,4.356060606060607,30.73770491803275,0.0,0.0,0.0,54.75,60.76,-7.5,-0.83
scotland,1992,48,9,1992,48,1992-11-23,9,56.32258888888889,-1.547588888888889,0.01515151515151511,1.3468013468013467,81.967213114754,0.0,1.0,0.0,54.75,60.76,-7.5,-0.83
scotland,1992,49,15,1992,49,1992-11-30,15,58.78610666666667,-3.196546666666667,0.14090909090909096,1.2121212121212135,0.0,0.0,0.5333333333333333,,54.75,60.76,-7.5,-0.83
scotland,1992,51,2,1992,51,1992-12-14,2,57.275,-1.50835,0.0,0.0,0.0,0.0,0.5,,54.75,60.76,-7.5,-0.83
scotland,1993,1,6,1993,1,1993-01-04,6,56.2636,-1.3858333333333333,0.04545454545454539,2.0202020202020217,0.0,0.0,0.8333333333333334,,54.75,60.76,-7.5,-0.83
scotland,1993,2,13,1993,2,1993-01-11,13,58.92641538461539,-3.215507692307692,0.07167832167832176,0.6993006993006993,0.0,0.0,0.07692307692307693,,54.75,60.76,-7.5,-0.83
scotland,1993,4,9,1993,4,1993-01-25,9,58.23703333333333,-1.3570333333333333,0.0025252525252525224,0.33670033670033667,27.322404371584668,0.0,0.0,0.0,54.75,60.76,-7.5,-0.83
scotland,1993,5,22,1993,5,1993-02-01,22,58.14666818181818,-2.653563636363636,0.038223140495867745,0.8953168044077136,0.0,0.0,0.0,,54.75,60.76,-7.5,-0.83
scotland,1993,7,1,1993,7,1993-02-15,1,55.0833,-1.1467,0.0,0.0,0.0,0.0,2.0,,54.75,60.76,-7.5,-0.83
scotland,1993,9,22,1993,9,1993-03-01,22,58.137122727272725,-2.64955,0.0309917355371901,1.5840220385674912,100.59612518628909,0.0,0.09090909090909091,0.0,54.75,60.76,-7.5,-0.83
scotland,1993,10,8,1993,10,1993-03-08,8,58.6441625,-1.405225,0.0028409090909090875,0.0,92.21311475409826,0.0,0.0,0.0,54.75,60.76,-7.5,-0.83
scotland,1993,12,2,1993,12,1993-03-22,2,55.7608,-6.92165,0.10227272727272725,6.060606060606065,245.9016393442625,0.0,1.0,0.0,54.75,60.76,-7.5,-0.83
scotland,1993,13,6,1993,13,1993-03-29,6,59.608599999999996,-5.938066666666667,0.0,0.2525252525252533,81.96721311475416,170.4545454545455,0.6666666666666666,0.6931818181818178,54.75,60.76,-7.5,-0.83
scotland,1993,14,8,1993,14,1993-04-05,8,58.641037499999996,-1.40605,0.03409090909090911,9.848484848484851,952.8688524590165,42.613636363636374,1.25,0.04951298701298704,54.75,60.76,-7.5,-0.83
scotland,1993,16,1,1993,16,1993-04-19,1,55.52,-7.2717,0.613636363636364,30.3030303030303,3934.4262295082,0.0,2.0,0.0,54.75,60.76,-7.5,-0.83
scotland,1993,17,9,1993,17,1993-04-26,9,56.40612222222222,-2.7344555555555554,0.10353535353535362,28.451178451178446,5783.2422586520925,227.272727272727,3.5,0.12134544745431847,54.75,60.76,-7.5,-0.83
scotland,1993,19,21,1993,19,1993-05-10,21,58.06968571428572,-2.4954809523809525,0.24025974025974037,73.52092352092352,3629.976580796255,438.3116883116886,3.5714285714285716,0.35836980282719144,54.75,60.76,-7.5,-0.83
scotland,1993,23,16,1993,23,1993-06-07,16,57.5666625,-1.41145625,0.005681818181818181,145.35984848484853,901.639344262295,788.3522727272727,1.75,0.7170043755690587,54.75,60.76,-7.5,-0.83
scotland,1993,25,6,1993,25,1993-06-21,6,59.6561,-6.04335,0.859848484848485,70.70707070707066,491.80327868852436,2291.666666666666,1.0,3.4842472342472353,54.75,60.76,-7.5,-0.83
scotland,1993,27,16,1993,27,1993-07-05,16,57.5519875,-4.1876125,0.2514204545454544,55.397727272727295,512.2950819672134,759.943181818182,1.5,0.8190316884489719,54.75,60.76,-7.5,-0.83
scotland,1993,28,9,1993,28,1993-07-12,9,58.23963333333333,-1.4875888888888888,0.12121212121212123,107.74410774410765,819.6721311475413,5656.565656565659,2.0,9.207665556426335,54.75,60.76,-7.5,-0.83
scotland,1993,31,5,1993,31,1993-08-02,5,59.593,-5.82134,0.1454545454545456,36.96969696969696,1114.754098360656,1477.2727272727261,1.0,1.394331243469173,54.75,60.76,-7.5,-0.83
scotland,1993,32,9,1993,32,1993-08-09,9,58.28554444444444,-2.0411,0.10858585858585859,52.861952861952815,2003.6429872495444,4053.030303030305,2.5,2.148015678177709,54.75,60.76,-7.5,-0.83
scotland,1993,33,9,1993,33,1993-08-16,9,56.606855555555555,-1.4633444444444443,0.4191919191919189,61.78451178451173,519.1256830601084,5492.424242424241,2.0,13.819330428026083,54.75,60.76,-7.5,-0.83
scotland,1993,34,1,1993,34,1993-08-23,1,55.0417,-1.05,0.136363636363636,3.03030303030303,0.0,3295.45454545455,1.0,,54.75,60.76,-7.5,-0.83
scotland,1993,35,4,1993,35,1993-08-30,4,59.307500000000005,-1.26585,0.6477272727272723,59.4696969696971,143.44262295081975,85.22727272727275,2.0,0.594155844155844,54.75,60.76,-7.5,-0.83
scotland,1993,36,17,1993,36,1993-09-06,17,57.999505882352935,-3.082741176470588,0.5975935828877,72.28163992869872,1094.5033751205403,1931.818181818182,1.588235294117647,3.1754774602910065,54.75,60.76,-7.5,-0.83
scotland,1993,37,1,1993,37,1993-09-13,1,55.0267,-1.0483,0.0454545454545455,16.6666666666667,0.0,0.0,1.0,,54.75,60.76,-7.5,-0.83
scotland,1993,40,14,1993,40,1993-10-04,14,59.07297142857143,-3.3088142857142855,0.3603896103896104,19.15584415584416,105.3864168618267,349.02597402597394,0.7857142857142857,1.4633838383838376,54.75,60.76,-7.5,-0.83
scotland,1993,41,8,1993,41,1993-10-11,8,56.513325,-1.432925,0.03409090909090903,6.06060606060607,307.3770491803276,582.3863636363639,1.0,1.2708333333333337,54.75,60.76,-7.5,-0.83
scotland,1993,44,6,1993,44,1993-11-01,6,59.642500000000005,-6.017500000000001,0.003787878787878783,4.7979797979798,81.96721311475416,549.242424242425,0.3333333333333333,6.70075757575758,54.75,60.76,-7.5,-0.83
scotland,1993,45,9,1993,45,1993-11-08,9,56.33612222222222,-1.3698,0.04040404040404044,2.356902356902357,191.2568306010929,113.63636363636367,0.5555555555555556,0.6931818181818189,54.75,60.76,-7.5,-0.83
scotland,1993,46,8,1993,46,1993-11-15,8,58.6379125,-1.40645,0.16477272727272727,0.37878787878787873,0.0,0.0,0.0,,54.75,60.76,-7.5,-0.83
scotland,1993,48,15,1993,48,1993-11-29,15,58.83766,-3.5930133333333334,0.10000000000000005,0.404040404040404,32.786885245901665,45.45454545454547,0.26666666666666666,0.0,54.75,60.76,-7.5,-0.83
scotland,1993,50,5,1993,50,1993-12-13,5,56.378,-1.46702,0.0,3.03030303030304,147.5409836065574,68.1818181818182,1.4,0.0,54.75,60.76,-7.5,-0.83
scotland,1994,1,6,1994,1,1994-01-03,6,59.65085,-5.9266499999999995,0.0,0.0,0.0,0.0,0.0,,54.75,60.76,-7.5,-0.83
scotland,1994,2,9,1994,2,1994-01-10,9,58.23760000000001,-1.3575888888888887,0.04797979797979793,0.33670033670033667,0.0,0.0,0.0,,54.75,60.76,-7.5,-0.83
scotland,1994,3,2,1994,3,1994-01-17,2,57.27585,-1.4725000000000001,0.01136363636363635,0.0,0.0,0.0,0.0,,54.75,60.76,-7.5,-0.83
scotland,1994,5,5,1994,5,1994-01-31,5,59.56734,-5.7816600000000005,0.0,0.0,0.0,0.0,0.2,,54.75,60.76,-7.5,-0.83
scotland,1994,6,10,1994,6,1994-02-07,10,58.08818,-1.96099,0.04545454545454543,0.303030303030303,0.0,0.0,0.0,,54.75,60.76,-7.5,-0.83
scotland,1994,9,8,1994,9,1994-02-28,8,56.5072875,-1.4224875,0.042613636363636374,3.40909090909091,61.4754098360655,0.0,0.125,0.0,54.75,60.76,-7.5,-0.83
scotland,1994,10,8,1994,10,1994-03-07,8,58.6377125,-1.40645,0.014204545454545449,1.1363636363636362,30.73770491803275,0.0,0.0,0.0,54.75,60.76,-7.5,-0.83
scotland,1994,11,10,1994,11,1994-03-14,10,56.29184,-2.60017,0.050000000000000044,0.757575757575758,49.1803278688525,68.1818181818182,0.5,0.0,54.75,60.76,-7.5,-0.83
scotland,1994,12,6,1994,12,1994-03-21,6,59.626650000000005,-6.040299999999999,0.011363636363636367,0.505050505050505,40.983606557377,0.0,0.16666666666666666,0.0,54.75,60.76,-7.5,-0.83
scotland,1994,14,5,1994,14,1994-04-04,5,58.44868,-1.22066,0.0818181818181816,20.90909090909091,196.7213114754096,0.0,0.2,0.0,54.75,60.76,-7.5,-0.83
scotland,1994,15,17,1994,15,1994-04-11,17,58.00930588235294,-3.0693176470588233,0.340909090909091,12.923351158645277,1509.161041465766,80.21390374331553,0.8235294117647058,0.025454753579753603,54.75,60.76,-7.5,-0.83
scotland,1994,19,17,1994,19,1994-05-09,17,57.419211764705885,-1.3845058823529413,0.38235294117647056,43.939393939393966,2444.551591128255,20.05347593582888,1.6176470588235294,0.09902597402597416,54.75,60.76,-7.5,-0.83
scotland,1994,21,6,1994,21,1994-05-23,6,59.62971666666667,-5.988333333333333,0.2840909090909089,210.10101010101005,314.20765027322403,719.6969696969703,2.0,3.157828282828289,54.75,60.76,-7.5,-0.83
scotland,1994,22,8,1994,22,1994-05-30,8,58.639175,-1.56395,0.23579545454545445,54.734848484848435,440.573770491803,255.68181818181824,1.25,0.24661276223776274,54.75,60.76,-7.5,-0.83
scotland,1994,23,7,1994,23,1994-06-06,7,58.987857142857145,-5.303328571428572,0.5064935064935066,147.40259740259737,222.48243559718915,146.10389610389615,1.7142857142857142,1.0308857808857825,54.75,60.76,-7.5,-0.83
scotland,1994,24,2,1994,24,1994-06-13,2,57.27585,-1.5375,0.01136363636363635,49.24242424242425,0.0,0.0,1.0,,54.75,60.76,-7.5,-0.83
scotland,1994,27,8,1994,27,1994-07-04,8,58.626875,-1.295225,0.02840909090909095,12.310606060606059,840.16393442623,2499.999999999999,3.125,2.135660173160178,54.75,60.76,-7.5,-0.83
scotland,1994,28,7,1994,28,1994-07-11,7,56.644971428571424,-1.4923714285714287,0.0064935064935065,8.658008658008654,152.224824355972,373.3766233766233,1.2857142857142858,1.9145021645021623,54.75,60.76,-7.5,-0.83
scotland,1994,29,6,1994,29,1994-07-18,6,59.6275,-5.966116666666667,0.6401515151515144,117.92929292929283,1297.814207650273,1420.454545454545,1.0,1.1500446229361898,54.75,60.76,-7.5,-0.83
scotland,1994,31,6,1994,31,1994-08-01,6,59.62916666666667,-6.041383333333333,0.2045454545454546,67.67676767676777,519.1256830601093,492.4242424242425,2.0,0.39910468319559245,54.75,60.76,-7.5,-0.83
scotland,1994,32,17,1994,32,1994-08-08,17,57.412935294117645,-1.4633294117647058,0.07620320855614973,82.88948306595363,1065.5737704918033,4144.385026737965,2.6176470588235294,4.802496961701507,54.75,60.76,-7.5,-0.83
scotland,1994,36,8,1994,36,1994-09-05,8,58.641675,-1.40585,0.34659090909090906,66.66666666666669,3237.7049180327826,2826.7045454545455,2.0,3.8354705411890224,54.75,60.76,-7.5,-0.83
scotland,1994,37,7,1994,37,1994-09-12,7,58.9431,-5.212142857142857,0.02922077922077917,16.233766233766243,2283.3723653395796,519.4805194805194,1.8571428571428572,0.8805166694777078,54.75,60.76,-7.5,-0.83
scotland,1994,38,8,1994,38,1994-09-19,8,56.484575,-1.4075,0.08522727272727271,21.212121212121218,901.6393442622939,3210.227272727274,1.75,6.486471757148459,54.75,60.76,-7.5,-0.83
scotland,1994,40,16,1994,40,1994-10-03,16,57.55520625,-1.4152125,0.23153409090909086,11.931818181818182,332.99180327868805,823.8636363636363,1.125,5.875541125541125,54.75,60.76,-7.5,-0.83
scotland,1994,41,7,1994,41,1994-10-10,7,58.97405714285714,-5.268571428571429,0.12337662337662336,7.142857142857141,866.5105386416864,308.4415584415584,1.0,1.043073593073594,54.75,60.76,-7.5,-0.83
scotland,1994,44,8,1994,44,1994-10-31,8,58.6429125,-1.405225,0.06534090909090905,4.734848484848485,61.47540983606562,0.0,0.0,0.0,54.75,60.76,-7.5,-0.83
scotland,1994,45,14,1994,45,1994-11-07,14,57.80226428571429,-3.3679785714285715,0.058441558441558406,2.3809523809523827,0.0,97.40259740259742,0.2857142857142857,,54.75,60.76,-7.5,-0.83
scotland,1994,49,15,1994,49,1994-12-05,15,57.64266,-3.1557733333333333,0.09242424242424245,1.4141414141414126,16.3934426229508,22.727272727272734,0.9333333333333333,0.0,54.75,60.76,-7.5,-0.83
scotland,1994,51,8,1994,51,1994-12-19,8,58.640625,-1.40605,0.25284090909090895,7.765151515151516,0.0,0.0,1.0,,54.75,60.76,-7.5,-0.83
scotland,1994,52,1,1994,52,1994-12-26,1,55.4933,-7.2333,0.0227272727272727,15.1515151515152,0.0,0.0,1.0,,54.75,60.76,-7.5,-0.83
scotland,1995,1,8,1995,1,1995-01-02,8,58.646875,-1.4045875,0.09659090909090905,1.8939393939393936,0.0,0.0,0.0,,54.75,60.76,-7.5,-0.83
scotland,1995,3,9,1995,3,1995-01-16,9,56.29815555555555,-1.3466666666666667,0.04292929292929293,3.198653198653201,0.0,37.87878787878789,1.3333333333333333,,54.75,60.76,-7.5,-0.83
scotland,1995,4,7,1995,4,1995-01-23,7,60.012614285714285,-5.7307,0.0,0.0,0.0,0.0,0.0,,54.75,60.76,-7.5,-0.83
scotland,1995,5,8,1995,5,1995-01-30,8,58.639375,-1.40625,0.0994318181818182,2.8409090909090975,0.0,0.0,0.0,,54.75,60.76,-7.5,-0.83
scotland,1995,6,14,1995,6,1995-02-06,14,57.982978571428575,-3.6056071428571426,0.06006493506493509,0.21645021645021642,0.0,0.0,0.2857142857142857,,54.75,60.76,-7.5,-0.83
scotland,1995,10,16,1995,10,1995-03-06,16,57.93155,-3.21448125,0.056818181818181816,0.37878787878787873,240.77868852459,21.306818181818187,0.5625,0.0,54.75,60.76,-7.5,-0.83
scotland,1995,14,14,1995,14,1995-04-03,14,59.069292857142855,-3.3760714285714286,0.08279220779220775,4.761904761904761,1645.1990632318495,0.0,0.7142857142857143,0.0,54.75,60.76,-7.5,-0.83
scotland,1995,15,8,1995,15,1995-04-10,8,56.4895875,-1.39125,0.13352272727272727,2.083333333333334,645.4918032786888,0.0,0.375,0.0,54.75,60.76,-7.5,-0.83
scotland,1995,16,6,1995,16,1995-04-17,6,58.97055,-1.3372166666666665,0.05303030303030309,13.131313131313144,10450.819672131127,113.63636363636367,6.5,0.008822314049586793,54.75,60.76,-7.5,-0.83
scotland,1995,18,6,1995,18,1995-05-01,6,59.63278333333333,-6.06305,0.03030303030303025,7.0707070707070825,3306.0109289617526,56.818181818181834,1.9166666666666667,0.0259943181818182,54.75,60.76,-7.5,-0.83
scotland,1995,19,5,1995,19,1995-05-08,5,59.10868000000001,-1.3079800000000001,0.00454545454545454,23.636363636363658,2803.2786885245887,931.8181818181818,2.5,0.9244150331841341,54.75,60.76,-7.5,-0.83
scotland,1995,23,15,1995,23,1995-06-05,15,57.70322,-1.4422199999999998,0.010606060606060608,62.626262626262616,1207.6502732240435,3310.606060606056,1.4,4.787041610379375,54.75,60.76,-7.5,-0.83
scotland,1995,24,6,1995,24,1995-06-12,6,59.618050000000004,-5.957516666666667,0.15909090909090906,132.58080808080808,355.19125683060065,359.84848484848544,1.1666666666666667,2.5339646464646544,54.75,60.76,-7.5,-0.83
scotland,1995,26,7,1995,26,1995-06-26,7,58.96999999999999,-5.270714285714285,2.155844155844155,95.0216450216451,175.64402810304455,454.54545454545416,1.4285714285714286,0.8087121212121211,54.75,60.76,-7.5,-0.83
scotland,1995,28,16,1995,28,1995-07-10,16,57.57469375,-1.50083125,0.024147727272727286,30.87121212121213,845.2868852459018,3657.6704545454563,3.125,6.627575266114698,54.75,60.76,-7.5,-0.83
scotland,1995,31,4,1995,31,1995-07-31,4,59.2975,-1.2679,0.20454545454545442,120.07575757575752,1434.4262295081978,14573.863636363643,6.5,11.324459574190172,54.75,60.76,-7.5,-0.83
scotland,1995,32,11,1995,32,1995-08-07,11,58.618781818181816,-3.930454545454545,0.1590909090909091,49.31129476584019,663.1892697466473,2376.0330578512385,1.8636363636363635,5.972018097643098,54.75,60.76,-7.5,-0.83
scotland,1995,33,7,1995,33,1995-08-14,7,56.62594285714285,-1.480242857142857,0.019480519480519487,27.92207792207793,374.70725995316167,4967.532467532468,3.0,5.902413558663558,54.75,60.76,-7.5,-0.83
scotland,1995,36,9,1995,36,1995-09-04,9,59.548700000000004,-4.3829666666666665,0.37121212121212127,42.08754208754206,856.1020036429875,1338.3838383838388,1.4444444444444444,2.753818876159301,54.75,60.76,-7.5,-0.83
scotland,1995,37,13,1995,37,1995-09-11,13,56.91513076923077,-1.4205230769230768,0.3111888111888109,15.268065268065262,195.46027742749018,1931.8181818181824,1.4615384615384615,3.994047619047631,54.75,60.76,-7.5,-0.83
scotland,1995,40,8,1995,40,1995-10-02,8,58.6337625,-1.3877125,0.6875000000000001,14.962121212121225,61.47540983606562,0.0,0.25,0.0,54.75,60.76,-7.5,-0.83
scotland,1995,41,9,1995,41,1995-10-09,9,56.33778888888889,-1.3789,0.09848484848484847,7.070707070707081,428.0510018214935,151.51515151515122,0.7777777777777778,0.2475649350649343,54.75,60.76,-7.5,-0.83
scotland,1995,42,6,1995,42,1995-10-16,6,59.6233,-5.976966666666667,0.28030303030303033,14.646464646464652,122.950819672131,473.4848484848491,0.6666666666666666,3.3888888888888977,54.75,60.76,-7.5,-0.83
scotland,1995,44,14,1995,44,1995-10-30,14,59.06905714285715,-3.402142857142857,0.2321428571428574,4.112554112554111,35.12880562060886,97.40259740259742,0.14285714285714285,1.3863636363636382,54.75,60.76,-7.5,-0.83
scotland,1995,45,8,1995,45,1995-11-06,8,56.4291875,-1.379175,0.39488636363636354,15.151515151515152,0.0,0.0,0.75,,54.75,60.76,-7.5,-0.83
scotland,1995,49,10,1995,49,1995-12-04,10,58.362829999999995,-1.39551,0.4181818181818186,1.6666666666666672,24.5901639344262,0.0,0.3,0.0,54.75,60.76,-7.5,-0.83
scotland,1995,50,7,1995,50,1995-12-11,7,56.07952857142857,-1.3857142857142857,0.133116883116883,2.164502164502166,0.0,0.0,0.14285714285714285,,54.75,60.76,-7.5,-0.83
scotland,1995,52,6,1995,52,1995-12-25,6,59.58806666666667,-5.9430499999999995,0.003787878787878783,0.0,0.0,0.0,0.0,,54.75,60.76,-7.5,-0.83
scotland,1996,3,23,1996,3,1996-01-15,23,57.99760869565217,-2.575717391304348,0.1867588932806323,1.0540184453227934,0.0,0.0,0.043478260869565216,,54.75,60.76,-7.5,-0.83
scotland,1996,6,9,1996,6,1996-02-05,9,56.316288888888884,-1.3357555555555556,0.17424242424242414,0.6734006734006733,0.0,0.0,0.7777777777777778,,54.75,60.76,-7.5,-0.83
scotland,1996,7,8,1996,7,1996-02-12,8,58.643125,-1.405225,0.19318181818181812,1.704545454545455,0.0,0.0,0.125,,54.75,60.76,-7.5,-0.83
scotland,1996,9,6,1996,9,1996-02-26,6,59.623333333333335,-5.9483500000000005,0.007575757575757583,1.01010101010101,0.0,0.0,0.0,,54.75,60.76,-7.5,-0.83
scotland,1996,11,7,1996,11,1996-03-11,7,58.97261428571428,-5.239985714285714,0.009740259740259728,1.2987012987013,140.51522248243558,0.0,0.42857142857142855,0.0,54.75,60.76,-7.5,-0.83
scotland,1996,12,7,1996,12,1996-03-18,7,56.67262857142857,-1.3880714285714286,0.14285714285714296,1.7316017316017314,257.61124121779886,97.40259740259742,1.1428571428571428,0.21889952153110023,54.75,60.76,-7.5,-0.83
scotland,1996,13,8,1996,13,1996-03-25,8,58.643325,-1.397925,0.02840909090909089,0.0,0.0,0.0,0.125,,54.75,60.76,-7.5,-0.83
scotland,1996,14,8,1996,14,1996-04-01,8,58.6404125,-1.40605,0.06534090909090907,7.00757575757576,153.68852459016387,42.613636363636374,0.375,0.15404040404040406,54.75,60.76,-7.5,-0.83
scotland,1996,15,6,1996,15,1996-04-08,6,59.660833333333336,-5.965833333333333,0.49242424242424315,6.313131313131321,587.4316939890708,0.0,0.16666666666666666,0.0,54.75,60.76,-7.5,-0.83
scotland,1996,16,8,1996,16,1996-04-15,8,56.4681375,-1.402925,0.042613636363636354,7.954545454545452,122.95081967213112,0.0,0.125,0.0,54.75,60.76,-7.5,-0.83
scotland,1996,19,23,1996,19,1996-05-06,23,58.05231739130434,-2.435795652173913,0.6650197628458497,25.296442687747025,1892.3734853884528,88.93280632411056,2.8043478260869565,0.035129973877705216,54.75,60.76,-7.5,-0.83
scotland,1996,21,1,1996,21,1996-05-20,1,55.0417,-0.92,3.63636363636364,9.09090909090909,0.0,0.0,0.0,,54.75,60.76,-7.5,-0.83
scotland,1996,24,8,1996,24,1996-06-10,8,58.6445875,-1.405225,0.15909090909090917,120.83333333333337,502.0491803278694,5170.454545454541,5.125,15.831438824333555,54.75,60.76,-7.5,-0.83
scotland,1996,25,1,1996,25,1996-06-17,1,55.0267,-1.0667,0.0,19.6969696969697,245.901639344262,340.909090909091,0.0,1.3863636363636382,54.75,60.76,-7.5,-0.83
scotland,1996,27,4,1996,27,1996-07-01,4,59.302499999999995,-1.267075,0.0,3.78787878787879,61.4754098360655,3125.0000000000005,1.75,2.7727272727272765,54.75,60.76,-7.5,-0.83
scotland,1996,28,13,1996,28,1996-07-08,13,56.848846153846154,-1.4466615384615384,0.024475524475524472,23.426573426573405,699.8738965952081,1826.923076923074,1.6923076923076923,6.927325638314521,54.75,60.76,-7.5,-0.83
scotland,1996,32,10,1996,32,1996-08-05,10,58.36134,-1.43149,0.12727272727272715,53.18181818181822,229.5081967213111,6261.36363636364,5.15,20.51995920745925,54.75,60.76,-7.5,-0.83
scotland,1996,33,5,1996,33,1996-08-12,5,56.214999999999996,-1.3850200000000001,0.022727272727272742,4.551515151515158,147.5409836065572,1136.3636363636367,2.7,6.315656565656575,54.75,60.76,-7.5,-0.83
scotland,1996,36,14,1996,36,1996-09-02,14,59.083571428571425,-3.3725,0.29707792207792166,48.48484848484852,1475.4098360655737,2735.3896103896104,3.1785714285714284,2.6641654641654653,54.75,60.76,-7.5,-0.83
scotland,1996,37,8,1996,37,1996-09-09,8,56.495425,-1.408125,0.05965909090909077,19.128787878787875,409.83606557377084,1974.4318181818176,5.9375,2.3288476874003146,54.75,60.76,-7.5,-0.83
scotland,1996,41,16,1996,41,1996-10-07,16,57.5576,-1.41280625,0.30823863636363624,19.507575757575754,107.58196721311468,191.7613636363635,1.1875,0.8318181818181818,54.75,60.76,-7.5,-0.83
scotland,1996,42,6,1996,42,1996-10-14,6,59.53028333333333,-5.75945,0.17424242424242412,18.434343434343432,40.983606557377,246.21212121212116,0.0,1.3863636363636382,54.75,60.76,-7.5,-0.83
scotland,1996,43,1,1996,43,1996-10-21,1,55.52,-7.3217,0.136363636363636,3.03030303030303,245.901639344262,0.0,0.0,0.0,54.75,60.76,-7.5,-0.83
scotland,1996,45,8,1996,45,1996-11-04,8,58.6425,-1.4054375000000001,0.46590909090909116,7.76515151515153,30.73770491803275,0.0,0.125,0.0,54.75,60.76,-7.5,-0.83
scotland,1996,46,15,1996,46,1996-11-11,15,58.18844,-3.49978,0.17272727272727267,9.696969696969697,196.7213114754098,204.54545454545442,1.3,0.742694805194806,54.75,60.76,-7.5,-0.83
scotland,1996,50,16,1996,50,1996-12-09,16,58.1685375,-3.43176875,0.09232954545454533,1.3257575757575761,46.10655737704913,21.306818181818187,0.5,0.0,54.75,60.76,-7.5,-0.83
scotland,1996,52,8,1996,52,1996-12-23,8,58.641037499999996,-1.40605,0.09943181818181833,1.704545454545455,0.0,0.0,0.125,,54.75,60.76,-7.5,-0.83
scotland,1997,2,14,1997,2,1997-01-06,14,57.863099999999996,-3.32095,0.1331168831168831,2.7056277056277045,0.0,0.0,0.5714285714285714,,54.75,60.76,-7.5,-0.83
scotland,1997,3,8,1997,3,1997-01-13,8,58.638325,-1.40645,0.08522727272727264,3.219696969696969,0.0,0.0,0.0,,54.75,60.76,-7.5,-0.83
scotland,1997,6,15,1997,6,1997-02-03,15,59.276446666666665,-3.3903266666666667,0.015151515151515154,0.7070707070707073,0.0,0.0,0.0,,54.75,60.76,-7.5,-0.83
scotland,1997,7,8,1997,7,1997-02-10,8,56.4658375,-1.40835,0.03693181818181818,0.37878787878787873,0.0,85.22727272727275,0.0,,54.75,60.76,-7.5,-0.83
scotland,1997,11,10,1997,11,1997-03-10,10,58.36784,-1.42285,0.054545454545454494,2.7272727272727293,49.1803278688524,0.0,0.2,0.0,54.75,60.76,-7.5,-0.83
scotland,1997,13,3,1997,13,1997-03-24,3,59.740566666666666,-6.4816666666666665,0.04545454545454547,0.0,163.93442622950832,0.0,0.6666666666666666,0.0,54.75,60.76,-7.5,-0.83
scotland,1997,14,7,1997,14,1997-03-31,7,59.49881428571428,-5.6290571428571425,0.04220779220779224,3.4632034632034627,1498.829039812645,48.70129870129871,0.7142857142857143,0.009763124199743923,54.75,60.76,-7.5,-0.83
scotland,1997,15,8,1997,15,1997-04-07,8,58.6435375,-1.405225,0.386363636363637,5.681818181818186,543.0327868852462,0.0,0.25,0.0,54.75,60.76,-7.5,-0.83
scotland,1997,17,8,1997,17,1997-04-21,8,56.490412500000005,-1.4477,0.11363636363636345,25.568181818181813,3995.901639344263,227.27272727272725,3.5625,0.08558425514349471,54.75,60.76,-7.5,-0.83
scotland,1997,18,6,1997,18,1997-04-28,6,59.49,-5.608333333333333,0.8143939393939389,60.8585858585858,3087.43169398907,56.818181818181834,1.9166666666666667,0.0,54.75,60.76,-7.5,-0.83
scotland,1997,19,16,1997,19,1997-05-05,16,57.56135625,-1.4178,0.07386363636363635,16.003787878787875,4026.639344262294,205.9659090909095,4.8125,0.11780637557641638,54.75,60.76,-7.5,-0.83
scotland,1997,23,8,1997,23,1997-06-02,8,58.651675,-1.4035375,0.011363636363636362,76.32575757575749,122.95081967213113,2812.499999999999,0.875,14.402777777777786,54.75,60.76,-7.5,-0.83
scotland,1997,24,6,1997,24,1997-06-09,6,59.5589,-5.695,0.3068181818181818,74.24242424242415,1748.6338797814212,2329.5454545454536,3.9166666666666665,1.5403978039504336,54.75,60.76,-7.5,-0.83
scotland,1997,26,8,1997,26,1997-06-23,8,56.4718625,-1.4462625,0.011363636363636362,24.053030303030354,983.6065573770486,3707.386363636363,3.3125,2.4743595782192944,54.75,60.76,-7.5,-0.83
scotland,1997,27,8,1997,27,1997-06-30,8,58.6514625,-1.4035375,0.16193181818181812,128.97727272727272,727.4590163934424,1974.431818181818,2.3125,3.0135042735042763,54.75,60.76,-7.5,-0.83
scotland,1997,28,8,1997,28,1997-07-07,8,56.484575,-1.4073,0.03977272727272724,27.083333333333286,286.8852459016394,482.9545454545464,1.0,2.118055555555561,54.75,60.76,-7.5,-0.83
scotland,1997,30,6,1997,30,1997-07-21,6,59.55083333333334,-5.775283333333333,0.4393939393939393,33.8383838383839,1762.2950819672142,3333.333333333339,1.8333333333333333,1.6731506238859204,54.75,60.76,-7.5,-0.83
scotland,1997,32,16,1997,32,1997-08-04,16,57.53635,-1.59301875,0.10085227272727278,92.52272727272722,322.74590163934386,7464.488636363628,1.75,11.740139820496962,54.75,60.76,-7.5,-0.83
scotland,1997,36,4,1997,36,1997-09-01,4,59.30375,-1.267075,0.21590909090909075,2.2727272727272725,1331.967213114755,340.90909090909,1.0,0.14341692789968608,54.75,60.76,-7.5,-0.83
scotland,1997,37,4,1997,37,1997-09-08,4,57.977925,-1.545025,0.19318181818181826,6.060606060606066,1803.2786885245876,426.136363636363,1.0,0.28222402597402585,54.75,60.76,-7.5,-0.83
scotland,1997,38,14,1997,38,1997-09-15,14,57.82357142857143,-3.3886857142857143,0.07792207792207782,69.4805194805195,2078.454332552693,974.0259740259735,1.0714285714285714,1.2121993113620808,54.75,60.76,-7.5,-0.83
scotland,1997,40,8,1997,40,1997-09-29,8,58.6397875,-1.40625,0.45454545454545464,7.196969696969699,317.62295081967176,653.4090909090912,1.125,2.125757575757575,54.75,60.76,-7.5,-0.83
scotland,1997,41,6,1997,41,1997-10-06,6,56.21638333333333,-1.3922166666666669,0.2954545454545453,16.66666666666667,286.88524590163934,2405.303030303031,1.3333333333333333,6.180871212121214,54.75,60.76,-7.5,-0.83
scotland,1997,42,5,1997,42,1997-10-13,5,59.72702,-6.1879800000000005,0.0,6.672727272727274,2999.999999999999,500.0,0.6,0.10184329895286305,54.75,60.76,-7.5,-0.83
scotland,1997,45,8,1997,45,1997-11-03,8,58.6397875,-1.40625,0.12784090909090906,2.6515151515151523,0.0,0.0,0.625,,54.75,60.76,-7.5,-0.83
scotland,1997,46,5,1997,46,1997-11-10,5,59.598,-5.824,0.04545454545454538,4.242424242424244,147.5409836065574,68.1818181818182,0.8,0.3465909090909089,54.75,60.76,-7.5,-0.83
scotland,1997,48,6,1997,48,1997-11-24,6,56.215,-1.3947333333333332,0.12121212121212133,9.595959595959593,122.950819672131,113.63636363636367,1.3333333333333333,0.9242424242424255,54.75,60.76,-7.5,-0.83
scotland,1997,50,22,1997,50,1997-12-08,22,57.87946818181819,-2.536131818181818,0.1022727272727272,1.584022038567496,67.06408345752605,0.0,0.0,0.0,54.75,60.76,-7.5,-0.83
scotland,1998,2,8,1998,2,1998-01-05,8,58.638325,-1.40645,0.045454545454545414,0.7575757575757575,30.73770491803275,0.0,0.0,0.0,54.75,60.76,-7.5,-0.83
scotland,1998,3,6,1998,3,1998-01-12,6,59.576950000000004,-5.795283333333334,0.003787878787878783,0.505050505050505,0.0,0.0,0.0,,54.75,60.76,-7.5,-0.83
scotland,1998,6,8,1998,6,1998-02-02,8,56.4752125,-1.41,0.01136363636363635,0.5681818181818188,0.0,0.0,0.0,,54.75,60.76,-7.5,-0.83
scotland,1998,7,13,1998,7,1998-02-09,13,58.87282307692308,-3.2875615384615386,0.019230769230769208,0.4662004662004661,37.83102143757877,0.0,0.0,0.0,54.75,60.76,-7.5,-0.83
scotland,1998,10,1,1998,10,1998-03-02,1,55.53,-7.3283,0.0,3.03030303030303,0.0,0.0,0.0,,54.75,60.76,-7.5,-0.83
scotland,1998,11,13,1998,11,1998-03-09,13,57.67563846153847,-3.177823076923077,0.022727272727272742,2.797202797202795,208.07061790668305,0.0,0.46153846153846156,0.0,54.75,60.76,-7.5,-0.83
scotland,1998,13,8,1998,13,1998-03-23,8,58.638325,-1.40645,0.048295454545454516,2.2727272727272787,153.68852459016387,0.0,0.0,0.0,54.75,60.76,-7.5,-0.83
scotland,1998,15,13,1998,15,1998-04-06,13,57.701284615384616,-3.1974384615384612,0.04895104895104892,4.312354312354308,592.6860025220682,0.0,0.38461538461538464,0.0,54.75,60.76,-7.5,-0.83
scotland,1998,16,8,1998,16,1998-04-13,8,58.6516625,-1.435425,0.21306818181818193,11.553030303030296,922.1311475409836,0.0,0.25,0.0,54.75,60.76,-7.5,-0.83
scotland,1998,17,1,1998,17,1998-04-20,1,55.5267,-7.2933,0.0454545454545455,3.03030303030303,19590.1639344262,0.0,6.5,0.0,54.75,60.76,-7.5,-0.83
scotland,1998,20,15,1998,20,1998-05-11,15,57.52165333333333,-1.3944466666666666,0.06363636363636366,52.12121212121206,7180.327868852454,681.8181818181823,3.7333333333333334,0.277188499716891,54.75,60.76,-7.5,-0.83
scotland,1998,21,6,1998,21,1998-05-18,6,59.568333333333335,-5.868883333333333,0.3749999999999997,75.75757575757582,122.95081967213116,227.27272727272734,0.8333333333333334,0.6931818181818191,54.75,60.76,-7.5,-0.83
scotland,1998,24,14,1998,24,1998-06-08,14,57.65226428571429,-1.4141714285714286,0.012987012987012991,84.74025974025972,1270.4918032786893,1972.4025974025974,1.5714285714285714,1.815225118874217,54.75,60.76,-7.5,-0.83
scotland,1998,25,5,1998,25,1998-06-15,5,59.57000000000001,-5.83802,2.0318181818181817,87.87878787878786,622.9508196721308,1363.6363636363644,1.4,0.5360231873389764,54.75,60.76,-7.5,-0.83
scotland,1998,28,8,1998,28,1998-07-06,8,56.5045875,-1.443125,0.045454545454545386,21.022727272727245,122.95081967213112,5795.45454545455,1.0,33.349747474747566,54.75,60.76,-7.5,-0.83
scotland,1998,29,14,1998,29,1998-07-13,14,59.07631428571428,-3.33595,0.48214285714285704,107.26406926406922,567.9156908665103,5089.285714285711,1.0714285714285714,10.284986590289616,54.75,60.76,-7.5,-0.83
scotland,1998,32,7,1998,32,1998-08-03,7,58.6193,-1.409042857142857,0.4610389610389611,45.03463203463201,4039.8126463700205,3360.3896103896113,4.285714285714286,1.7393876983561578,54.75,60.76,-7.5,-0.83
scotland,1998,33,5,1998,33,1998-08-10,5,59.807339999999996,-6.291320000000001,0.013636363636363641,5.1515151515151505,2409.8360655737706,1363.6363636363642,1.0,0.4860573433919023,54.75,60.76,-7.5,-0.83
scotland,1998,36,8,1998,36,1998-08-31,8,56.5047875,-1.4345875,0.04829545454545454,7.3863636363636385,1178.278688524589,6633.52272727273,3.5625,8.090654831279835,54.75,60.76,-7.5,-0.83
scotland,1998,37,11,1998,37,1998-09-07,11,59.750299999999996,-4.021227272727272,0.19628099173553715,23.55371900826447,1363.6363636363637,960.7438016528932,2.4545454545454546,0.6210279340905797,54.75,60.76,-7.5,-0.83
scotland,1998,38,4,1998,38,1998-09-14,4,57.980000000000004,-1.544175,1.0625000000000002,24.621212121212125,512.2950819672143,340.909090909091,1.25,1.0108901515151516,54.75,60.76,-7.5,-0.83
scotland,1998,41,22,1998,41,1998-10-05,22,58.202645454545454,-2.6296272727272725,0.2944214876033058,8.539944903581274,719.0760059612525,583.6776859504133,1.0,1.3108286315956759,54.75,60.76,-7.5,-0.83
scotland,1998,45,1,1998,45,1998-11-02,1,55.6133,-7.4867,0.0,7.57575757575758,245.901639344262,0.0,0.0,0.0,54.75,60.76,-7.5,-0.83
scotland,1998,46,16,1998,46,1998-11-09,16,57.56771875,-1.40708125,0.12926136363636362,3.7878787878787876,640.3688524590162,198.86363636363643,1.0625,0.3874791422345777,54.75,60.76,-7.5,-0.83
scotland,1998,49,5,1998,49,1998-11-30,5,59.46766,-5.83466,0.0090909090909091,0.606060606060606,426.2295081967218,68.1818181818182,1.0,0.07426948051948036,54.75,60.76,-7.5,-0.83
scotland,1998,50,16,1998,50,1998-12-07,16,57.56823125,-1.4166750000000001,0.1505681818181818,1.2310606060606062,92.21311475409837,0.0,0.4375,0.0,54.75,60.76,-7.5,-0.83
scotland,1999,3,7,1999,3,1999-01-18,7,56.10237142857142,-1.7652428571428571,0.02922077922077924,0.64935064935065,70.25761124121772,0.0,0.14285714285714285,0.0,54.75,60.76,-7.5,-0.83
scotland,1999,5,2,1999,5,1999-02-01,2,59.917500000000004,-6.57085,0.01136363636363635,1.515151515151515,0.0,0.0,0.0,,54.75,60.76,-7.5,-0.83
scotland,1999,6,8,1999,6,1999-02-08,8,58.748125,-1.41,0.008522727272727262,0.0,0.0,0.0,0.0,,54.75,60.76,-7.5,-0.83
scotland,1999,7,8,1999,7,1999-02-15,8,56.495425,-1.43125,0.011363636363636364,1.1363636363636362,348.36065573770514,0.0,0.25,0.0,54.75,60.76,-7.5,-0.83
scotland,1999,11,10,1999,11,1999-03-15,10,57.83099,-3.3775,0.03181818181818179,2.5757575757575752,647.5409836065576,0.0,0.2,0.0,54.75,60.76,-7.5,-0.83
scotland,1999,13,8,1999,13,1999-03-29,8,58.6347875,-1.4068625,0.3664772727272727,11.553030303030292,1198.7704918032784,0.0,1.125,0.0,54.75,60.76,-7.5,-0.83
scotland,1999,15,6,1999,15,1999-04-12,6,60.225,-5.227233333333333,0.08333333333333337,0.0,1407.1038251366108,0.0,0.6666666666666666,0.0,54.75,60.76,-7.5,-0.83
scotland,1999,16,16,1999,16,1999-04-19,16,57.55833125,-1.37375625,0.4005681818181816,11.36363636363637,6121.9262295081935,21.306818181818187,3.84375,0.005650938735177865,54.75,60.76,-7.5,-0.83
scotland,1999,19,10,1999,19,1999-05-10,10,58.36716,-1.42316,0.2522727272727273,30.909090909090946,6491.803278688523,34.0909090909091,3.2,0.0118831168831169,54.75,60.76,-7.5,-0.83
scotland,1999,20,6,1999,20,1999-05-17,6,56.2464,-1.40195,0.003787878787878783,1.7676767676767682,601.0928961748637,113.63636363636367,1.9166666666666667,0.5251377410468326,54.75,60.76,-7.5,-0.83
scotland,1999,22,4,1999,22,1999-05-31,4,59.284175000000005,-1.26375,0.21590909090909105,73.4848484848485,10184.426229508195,426.13636363636374,5.375,0.04405852233906532,54.75,60.76,-7.5,-0.83
scotland,1999,23,4,1999,23,1999-06-07,4,57.957925,-1.52835,0.09659090909090912,15.53030303030304,5225.4098360655735,255.68181818181824,3.75,0.16568790002606507,54.75,60.76,-7.5,-0.83
scotland,1999,26,8,1999,26,1999-06-28,8,56.49855,-1.42875,0.031249999999999962,14.20454545454545,215.1639344262295,696.0227272727286,1.0,1.655934343434347,54.75,60.76,-7.5,-0.83
scotland,1999,27,13,1999,27,1999-07-05,13,59.13589230769231,-3.1625615384615386,0.10664335664335668,52.56643356643356,1721.3114754098347,839.1608391608396,1.5384615384615385,0.4386022048091375,54.75,60.76,-7.5,-0.83
scotland,1999,28,7,1999,28,1999-07-12,7,56.49332857142857,-1.4254714285714285,0.02922077922077917,51.73160173160171,1030.444964871195,2240.25974025974,1.0,2.5049270442691465,54.75,60.76,-7.5,-0.83
scotland,1999,32,8,1999,32,1999-08-09,8,58.7458375,-1.4104125,0.2812500000000002,50.19318181818179,2704.91803278689,752.840909090909,1.25,0.2670663993766076,54.75,60.76,-7.5,-0.83
scotland,1999,33,13,1999,33,1999-08-16,13,57.67486923076923,-3.135776923076923,0.02972027972027972,8.391608391608388,1450.189155107188,2386.3636363636365,1.6153846153846154,2.1648728242726905,54.75,60.76,-7.5,-0.83
scotland,1999,37,14,1999,37,1999-09-13,14,59.02666428571428,-3.3095142857142856,0.28084415584415584,37.01298701298702,2751.7564402810303,519.4805194805189,3.25,0.11018617698834733,54.75,60.76,-7.5,-0.83
scotland,1999,38,8,1999,38,1999-09-20,8,56.5085375,-1.4445875,0.11363636363636351,19.318181818181817,2653.6885245901644,7073.863636363639,1.5,6.922564714573667,54.75,60.76,-7.5,-0.83
scotland,1999,40,8,1999,40,1999-10-04,8,58.646675,-1.4048,0.9914772727272732,16.098484848484844,0.0,0.0,1.0,,54.75,60.76,-7.5,-0.83
scotland,1999,41,8,1999,41,1999-10-11,8,56.490425,-1.42875,0.03124999999999995,7.575757575757578,563.5245901639345,1562.5000000000005,1.5,4.598279790385057,54.75,60.76,-7.5,-0.83
scotland,1999,45,10,1999,45,1999-11-08,10,58.43116,-1.58599,0.3090909090909092,3.181818181818182,73.7704918032786,0.0,0.9,0.0,54.75,60.76,-7.5,-0.83
scotland,1999,46,13,1999,46,1999-11-15,13,57.423330769230766,-1.9864076923076923,0.9388111888111871,10.839160839160842,18.915510718789385,0.0,1.0,0.0,54.75,60.76,-7.5,-0.83
scotland,1999,49,13,1999,49,1999-12-06,13,59.00602307692308,-3.151146153846154,0.12062937062937065,2.4475524475524475,56.74653215636816,0.0,0.6923076923076923,0.0,54.75,60.76,-7.5,-0.83
scotland,1999,50,16,1999,50,1999-12-13,16,57.3075125,-2.29593125,0.17187500000000014,2.651515151515152,0.0,0.0,0.5625,,54.75,60.76,-7.5,-0.83
scotland,2000,2,15,2000,2,2000-01-10,15,58.79877333333333,-2.8913333333333338,0.054545454545454564,1.4141414141414146,16.3934426229508,0.0,0.06666666666666667,0.0,54.75,60.76,-7.5,-0.83
scotland,2000,3,6,2000,3,2000-01-17,6,58.57333333333333,-2.9602833333333334,0.030303030303030318,5.808080808080807,0.0,0.0,0.0,,54.75,60.76,-7.5,-0.83
scotland,2000,4,7,2000,4,2000-01-24,7,56.635,-1.3273857142857144,0.11038961038961034,1.082251082251083,0.0,0.0,0.7142857142857143,,54.75,60.76,-7.5,-0.83
scotland,2000,5,8,2000,5,2000-01-31,8,58.6447875,-1.405225,0.019886363636363636,0.0,0.0,0.0,1.0,,54.75,60.76,-7.5,-0.83
scotland,2000,6,6,2000,6,2000-02-07,6,59.91528333333334,-5.459433333333333,0.007575757575757566,1.01010101010101,40.983606557377,0.0,0.5,0.0,54.75,60.76,-7.5,-0.83
scotland,2000,7,13,2000,7,2000-02-14,13,57.3954,-1.9818,0.0227272727272727,0.6993006993007,0.0,0.0,0.0,,54.75,60.76,-7.5,-0.83
scotland,2000,10,7,2000,10,2000-03-06,7,58.85548571428571,-4.569285714285714,0.025974025974025927,0.43290043290043284,1065.5737704918029,97.40259740259742,1.1428571428571428,0.05752244079449971,54.75,60.76,-7.5,-0.83
scotland,2000,11,8,2000,11,2000-03-13,8,58.661675,-1.40145,0.0,0.37878787878787873,553.2786885245893,0.0,1.0,0.0,54.75,60.76,-7.5,-0.83
scotland,2000,15,10,2000,15,2000-04-10,10,58.456669999999995,-1.41165,0.19318181818181812,6.515151515151513,8663.934426229509,0.0,3.7,0.0,54.75,60.76,-7.5,-0.83
scotland,2000,16,7,2000,16,2000-04-17,7,59.945,-5.5481,0.7175324675324658,14.285714285714283,421.54566744730624,0.0,1.2857142857142858,0.0,54.75,60.76,-7.5,-0.83
scotland,2000,19,6,2000,19,2000-05-08,6,58.63998333333333,-1.5110999999999999,0.2310606060606062,52.52525252525249,6106.557377049167,170.454545454545,2.75,0.8318181818181806,54.75,60.76,-7.5,-0.83
scotland,2000,20,10,2000,20,2000-05-15,10,58.907669999999996,-4.22667,0.3749999999999997,123.03030303030307,4950.819672131149,136.3636363636364,4.2,0.31079916815210973,54.75,60.76,-7.5,-0.83
scotland,2000,23,8,2000,23,2000-06-05,8,58.6083375,-1.4152125,0.06250000000000001,35.03787878787879,2100.409836065574,2102.272727272728,2.1875,2.3211240867871963,54.75,60.76,-7.5,-0.83
scotland,2000,24,2,2000,24,2000-06-12,2,57.26585,-1.5150000000000001,0.01136363636363635,3.03030303030303,1557.37704918033,1534.0909090909074,2.0,0.9242424242424221,54.75,60.76,-7.5,-0.83
scotland,2000,28,10,2000,28,2000-07-10,10,58.33867,-1.43882,0.045454545454545386,25.606060606060606,2262.2950819672137,4261.36363636364,3.4,6.372106057089678,54.75,60.76,-7.5,-0.83
scotland,2000,31,6,2000,31,2000-07-31,6,59.5711,-5.93,0.20075757575757555,49.49494949494946,259.56284153005464,492.42424242424266,2.0,0.6777777777777771,54.75,60.76,-7.5,-0.83
scotland,2000,32,20,2000,32,2000-08-07,20,57.892935,-1.7879049999999999,0.2261363636363638,61.440909090909074,2139.3442622950834,4920.454545454546,2.325,6.7717856071087486,54.75,60.76,-7.5,-0.83
scotland,2000,33,2,2000,33,2000-08-14,2,57.2883,-1.4675,0.988636363636363,50.0,532.7868852459015,5227.272727272726,1.5,7.3477272727272736,54.75,60.76,-7.5,-0.83
scotland,2000,36,6,2000,36,2000-09-04,6,58.6225,-1.3544333333333334,1.174242424242425,29.292929292929248,204.91803278688516,1609.8484848484852,1.1666666666666667,4.313131313131316,54.75,60.76,-7.5,-0.83
scotland,2000,37,4,2000,37,2000-09-11,4,57.97625,-1.545425,0.32386363636363624,11.36363636363636,983.6065573770497,6079.545454545455,2.0,10.177764405135086,54.75,60.76,-7.5,-0.83
scotland,2000,38,17,2000,38,2000-09-18,17,58.23019411764705,-3.232341176470588,0.3689839572192517,21.568627450980394,1123.432979749276,795.454545454545,1.3529411764705883,0.692049217521186,54.75,60.76,-7.5,-0.83
scotland,2000,40,8,2000,40,2000-10-02,8,58.6447875,-1.405225,0.7812499999999996,17.242424242424256,92.21311475409837,0.0,0.625,0.0,54.75,60.76,-7.5,-0.83
scotland,2000,41,1,2000,41,2000-10-09,1,55.5017,-7.3633,2.13636363636364,10.6060606060606,0.0,340.909090909091,1.0,,54.75,60.76,-7.5,-0.83
scotland,2000,42,2,2000,42,2000-10-16,2,57.2633,-1.52165,0.125,5.3030303030303045,122.950819672131,340.909090909091,1.0,0.0,54.75,60.76,-7.5,-0.83
scotland,2000,43,18,2000,43,2000-10-23,18,58.26611111111111,-3.426111111111111,0.07323232323232311,2.8619528619528625,209.4717668488159,37.87878787878789,0.9444444444444444,0.17329545454545478,54.75,60.76,-7.5,-0.83
scotland,2000,45,21,2000,45,2000-11-06,21,58.49294761904763,-2.9878571428571425,0.46212121212121215,4.256854256854255,109.2896174863388,232.68398268398266,0.8095238095238095,2.9839826839826866,54.75,60.76,-7.5,-0.83
scotland,2000,47,1,2000,47,2000-11-20,1,55.485,-7.2183,0.363636363636364,7.57575757575758,573.770491803279,0.0,1.0,0.0,54.75,60.76,-7.5,-0.83
scotland,2000,48,2,2000,48,2000-11-27,2,57.28415,-1.4300000000000002,0.4545454545454545,0.0,0.0,0.0,1.0,,54.75,60.76,-7.5,-0.83
scotland,2000,49,26,2000,49,2000-12-04,26,58.47070769230769,-2.7105153846153844,0.04108391608391614,0.6410256410256412,66.20428751576289,26.22377622377623,0.9615384615384616,0.27727272727272767,54.75,60.76,-7.5,-0.83
scotland,2000,50,1,2000,50,2000-12-11,1,55.485,-7.2317,0.659090909090909,0.0,0.0,0.0,1.0,,54.75,60.76,-7.5,-0.83
scotland,2000,51,2,2000,51,2000-12-18,2,57.2975,-1.5075,0.261363636363636,13.63636363636365,0.0,0.0,1.0,,54.75,60.76,-7.5,-0.83
scotland,2001,1,25,2001,1,2001-01-01,25,58.411592,-2.395932,0.3945454545454545,1.4545454545454553,0.0,0.0,0.96,,54.75,60.76,-7.5,-0.83
scotland,2001,2,2,2001,2,2001-01-08,2,57.2667,-1.5142,0.0,0.0,0.0,0.0,1.0,,54.75,60.76,-7.5,-0.83
scotland,2001,6,8,2001,6,2001-02-05,8,58.750625,-1.383125,0.13636363636363644,2.083333333333334,0.0,0.0,1.0,,54.75,60.76,-7.5,-0.83
scotland,2001,7,13,2001,7,2001-02-12,13,57.86910769230769,-2.511415384615385,0.0751748251748251,1.3986013986013985,94.57755359394706,26.22377622377623,0.0,0.23106060606060594,54.75,60.76,-7.5,-0.83
scotland,2001,11,17,2001,11,2001-03-12,17,58.20735882352942,-3.2206882352941175,0.04812834224598929,1.782531194295901,810.0289296046287,0.0,0.7647058823529411,0.0,54.75,60.76,-7.5,-0.83
scotland,2001,13,8,2001,13,2001-03-26,8,58.6360375,-1.4068625,0.031249999999999962,4.734848484848488,2336.0655737704915,42.613636363636374,1.125,0.013330419580419584,54.75,60.76,-7.5,-0.83
scotland,2001,15,27,2001,15,2001-04-09,27,58.473211111111105,-2.568451851851852,0.24747474747474754,11.896745230078565,4359.441408621738,50.50505050505052,2.2222222222222223,0.019668209222138033,54.75,60.76,-7.5,-0.83
scotland,2001,18,8,2001,18,2001-04-30,8,58.641675,-1.40585,0.7329545454545447,68.5606060606061,1188.5245901639346,170.4545454545455,1.375,0.25206611570247967,54.75,60.76,-7.5,-0.83
scotland,2001,20,2,2001,20,2001-05-14,2,57.3,-1.4191500000000001,0.045454545454545456,26.5151515151515,1065.5737704918056,0.0,2.0,0.0,54.75,60.76,-7.5,-0.83
scotland,2001,21,11,2001,21,2001-05-21,11,57.69862727272727,-2.1304727272727275,0.01652892561983467,6.338842975206608,223.54694485842026,30.99173553719009,1.0,0.09242424242424244,54.75,60.76,-7.5,-0.83
scotland,2001,23,22,2001,23,2001-06-04,22,58.50401818181819,-3.0248500000000003,0.4545454545454542,75.34710743801652,499.25484351713857,92.97520661157013,1.1363636363636365,0.12682942057942043,54.75,60.76,-7.5,-0.83
scotland,2001,24,6,2001,24,2001-06-11,6,57.81695,-1.5113833333333335,0.0416666666666666,155.05050505050505,81.967213114754,662.8787878787884,1.0,5.083333333333341,54.75,60.76,-7.5,-0.83
scotland,2001,25,1,2001,25,2001-06-18,1,55.515,-7.22,0.136363636363636,16.6666666666667,573.770491803279,340.909090909091,2.0,0.594155844155844,54.75,60.76,-7.5,-0.83
scotland,2001,27,25,2001,27,2001-07-02,25,58.47366,-2.76206,0.08363636363636368,65.63636363636357,619.6721311475411,2754.5454545454545,1.74,6.39750560950907,54.75,60.76,-7.5,-0.83
scotland,2001,28,3,2001,28,2001-07-09,3,56.68443333333334,-3.4194333333333335,0.04545454545454533,16.161616161616163,1557.3770491803268,1477.2727272727273,1.6666666666666667,0.7128162785490375,54.75,60.76,-7.5,-0.83
scotland,2001,32,2,2001,32,2001-08-06,2,57.245850000000004,-1.5175,0.01136363636363635,55.303030303030305,368.8524590163935,4147.72727272727,6.5,9.473484848484837,54.75,60.76,-7.5,-0.83
scotland,2001,33,17,2001,33,2001-08-13,17,58.20765294117647,-3.225394117647059,0.10294117647058817,18.27094474153299,983.606557377049,2800.8021390374333,4.647058823529412,5.79508695829261,54.75,60.76,-7.5,-0.83
scotland,2001,34,1,2001,34,2001-08-20,1,55.505,-7.2783,0.0909090909090909,45.4545454545455,0.0,0.0,0.0,,54.75,60.76,-7.5,-0.83
scotland,2001,35,8,2001,35,2001-08-27,8,58.7522875,-1.3824874999999999,0.20454545454545456,22.15909090909092,747.9508196721307,6022.727272727271,4.125,10.339468401968409,54.75,60.76,-7.5,-0.83
scotland,2001,37,30,2001,37,2001-09-10,30,58.35705666666667,-2.96995,0.39393939393939376,43.53535353535356,456.28415300546425,647.7272727272725,1.4333333333333333,1.7406290584415605,54.75,60.76,-7.5,-0.83
scotland,2001,40,2,2001,40,2001-10-01,2,57.26585,-1.5175,2.329545454545453,30.30303030303028,0.0,0.0,1.0,,54.75,60.76,-7.5,-0.83
scotland,2001,41,8,2001,41,2001-10-08,8,58.643125,-1.405225,1.9517045454545454,38.64015151515152,491.80327868852436,42.613636363636374,1.0,0.34659090909090956,54.75,60.76,-7.5,-0.83
scotland,2001,43,18,2001,43,2001-10-22,18,58.3659111111111,-3.573066666666667,0.30555555555555564,4.040404040404042,409.8360655737704,265.1515151515151,0.9444444444444444,0.5332998819362458,54.75,60.76,-7.5,-0.83
scotland,2001,44,2,2001,44,2001-10-29,2,57.291650000000004,-1.5558,0.2159090909090905,1.515151515151515,122.950819672131,170.4545454545455,0.0,1.3863636363636382,54.75,60.76,-7.5,-0.83
scotland,2001,45,27,2001,45,2001-11-05,27,58.53956296296296,-2.8992555555555555,0.18013468013468015,4.15263748597082,112.3254401942926,25.25252525252526,0.7407407407407407,0.057765151515151526,54.75,60.76,-7.5,-0.83
scotland,2001,46,1,2001,46,2001-11-12,1,55.5017,-7.2183,0.545454545454545,9.09090909090909,0.0,0.0,0.0,,54.75,60.76,-7.5,-0.83
scotland,2001,49,21,2001,49,2001-12-03,21,58.0635,-3.408247619047619,0.1038961038961039,2.3809523809523796,117.09601873536295,0.0,0.7619047619047619,0.0,54.75,60.76,-7.5,-0.83
scotland,2001,50,8,2001,50,2001-12-10,8,58.6402125,-1.40605,0.07102272727272722,0.5681818181818188,0.0,0.0,0.375,,54.75,60.76,-7.5,-0.83
scotland,2002,2,2,2002,2,2002-01-07,2,57.03705,-1.54375,0.0340909090909091,0.0,0.0,0.0,0.0,,54.75,60.76,-7.5,-0.83
scotland,2002,3,24,2002,3,2002-01-14,24,58.37984583333333,-2.8286583333333333,0.1496212121212122,1.2626262626262628,40.983606557377044,0.0,0.25,0.0,54.75,60.76,-7.5,-0.83
scotland,2002,6,8,2002,6,2002-02-04,8,58.6403625,-1.4060124999999999,0.005681818181818175,0.0,30.73770491803275,0.0,1.0,0.0,54.75,60.76,-7.5,-0.83
scotland,2002,7,19,2002,7,2002-02-11,19,57.9818105263158,-3.269063157894737,0.22368421052631585,1.355661881977674,38.82657463330453,17.94258373205742,0.5789473684210527,0.0,54.75,60.76,-7.5,-0.83
scotland,2002,10,10,2002,10,2002-03-04,10,58.366319999999995,-1.43361,0.03636363636363641,0.9090909090909101,278.6885245901636,0.0,0.2,0.0,54.75,60.76,-7.5,-0.83
scotland,2002,11,18,2002,11,2002-03-11,18,58.315394444444436,-3.457088888888889,0.04924242424242429,1.6835016835016867,418.9435336976319,18.939393939393945,0.5555555555555556,0.13863636363636384,54.75,60.76,-7.5,-0.83
scotland,2002,14,10,2002,14,2002-04-01,10,58.364380000000004,-1.43247,0.7500000000000003,38.63636363636364,2745.9016393442625,34.0909090909091,1.4,0.13863636363636384,54.75,60.76,-7.5,-0.83
scotland,2002,17,12,2002,17,2002-04-22,12,57.64420833333333,-2.12765,0.20075757575757566,16.666666666666664,3565.5737704918006,369.31818181818176,3.4166666666666665,0.221323051948052,54.75,60.76,-7.5,-0.83
scotland,2002,19,27,2002,19,2002-05-06,27,58.441381481481486,-2.606974074074074,1.4318181818181823,61.16722783389454,1105.039465695203,218.8552188552188,1.462962962962963,0.654891774891775,54.75,60.76,-7.5,-0.83
scotland,2002,23,20,2002,23,2002-06-03,20,58.011105,-3.13606,1.3943181818181816,102.80303030303034,737.7049180327868,119.31818181818184,0.9,0.23849332485696156,54.75,60.76,-7.5,-0.83
scotland,2002,24,8,2002,24,2002-06-10,8,58.64965,-1.40405,2.1221590909090886,161.17424242424255,1874.9999999999995,227.27272727272725,2.75,0.5135481465313402,54.75,60.76,-7.5,-0.83
scotland,2002,27,28,2002,27,2002-07-01,28,58.318475,-2.702417857142857,0.09415584415584415,81.06060606060608,485.94847775175623,543.8311688311688,1.3571428571428572,1.1120792765370346,54.75,60.76,-7.5,-0.83
scotland,2002,28,1,2002,28,2002-07-08,1,55.475,-7.143,0.409090909090909,21.2121212121212,1803.27868852459,681.818181818182,2.0,0.37809917355371914,54.75,60.76,-7.5,-0.83
scotland,2002,32,8,2002,32,2002-08-05,8,58.640950000000004,-1.5629875,0.6505681818181821,26.32575757575758,1772.5409836065562,1988.636363636364,2.3125,1.5945948796901817,54.75,60.76,-7.5,-0.83
scotland,2002,33,8,2002,33,2002-08-12,8,59.0535,-4.875375,1.312500000000001,59.280303030302925,1055.3278688524592,99.43181818181813,1.25,0.13478535353535345,54.75,60.76,-7.5,-0.83
scotland,2002,37,28,2002,37,2002-09-09,28,58.300075,-2.916417857142857,0.9042207792207793,72.2435064935065,761.1241217798591,85.22727272727275,1.6964285714285714,0.17792782901478563,54.75,60.76,-7.5,-0.83
scotland,2002,41,18,2002,41,2002-10-07,18,58.29548333333334,-3.3900333333333332,0.366161616161616,13.552188552188554,204.91803278688516,202.0202020202017,0.7222222222222222,1.0279457384720527,54.75,60.76,-7.5,-0.83
scotland,2002,42,2,2002,42,2002-10-14,2,57.26435,-1.53985,0.852272727272725,35.60606060606063,0.0,0.0,1.0,,54.75,60.76,-7.5,-0.83
scotland,2002,45,29,2002,45,2002-11-04,29,58.322620689655174,-2.6629758620689654,0.44670846394984315,9.508881922675032,274.1661955907292,105.79937304075212,1.0344827586206897,0.2099524379129639,54.75,60.76,-7.5,-0.83
scotland,2002,49,20,2002,49,2002-12-02,20,58.218740000000004,-3.234345,0.3454545454545454,5.3030303030303045,127.04918032786904,34.0909090909091,1.0,0.27727272727272767,54.75,60.76,-7.5,-0.83
scotland,2002,50,9,2002,50,2002-12-09,9,58.622122222222224,-1.4580666666666666,0.36616161616161613,5.723905723905727,54.64480874316944,0.0,1.0,0.0,54.75,60.76,-7.5,-0.83
scotland,2003,2,2,2003,2,2003-01-06,2,57.24995,-1.51725,0.01136363636363635,1.515151515151515,0.0,0.0,0.0,,54.75,60.76,-7.5,-0.83
scotland,2003,3,18,2003,3,2003-01-13,18,58.62502222222221,-3.5204722222222222,0.05303030303030298,1.0942760942760938,27.32240437158472,0.0,0.6111111111111112,0.0,54.75,60.76,-7.5,-0.83
scotland,2003,5,8,2003,5,2003-01-27,8,58.58345,-1.4291375,0.20738636363636348,4.356060606060606,61.4754098360655,0.0,0.375,0.0,54.75,60.76,-7.5,-0.83
scotland,2003,6,2,2003,6,2003-02-03,2,57.265299999999996,-1.5373,0.01136363636363635,0.0,0.0,0.0,0.0,,54.75,60.76,-7.5,-0.83
scotland,2003,8,9,2003,8,2003-02-17,9,58.598311111111116,-1.4344333333333334,0.0883838383838384,5.387205387205391,27.322404371584668,0.0,1.0,0.0,54.75,60.76,-7.5,-0.83
scotland,2003,10,2,2003,10,2003-03-03,2,57.2401,-1.5110999999999999,0.01136363636363635,2.272727272727275,0.0,0.0,0.0,,54.75,60.76,-7.5,-0.83
scotland,2003,11,16,2003,11,2003-03-10,16,59.20868125,-3.227125,0.07386363636363638,3.503787878787882,2715.16393442623,42.613636363636374,1.0,0.05690042088376577,54.75,60.76,-7.5,-0.83
scotland,2003,15,28,2003,15,2003-04-07,28,58.29510357142857,-2.5460357142857144,0.2743506493506493,12.662337662337663,2268.735362997658,36.52597402597404,1.8035714285714286,0.05894746162927989,54.75,60.76,-7.5,-0.83
scotland,2003,19,6,2003,19,2003-05-05,6,59.9674,-5.515149999999999,0.7727272727272728,33.83838383838385,3784.1530054644813,113.63636363636367,3.1666666666666665,0.01766713400236127,54.75,60.76,-7.5,-0.83
scotland,2003,20,11,2003,20,2003-05-12,11,58.412181818181814,-1.4190727272727273,0.12396694214876028,18.319559228650142,6102.831594634871,0.0,4.7727272727272725,0.0,54.75,60.76,-7.5,-0.83
scotland,2003,23,18,2003,23,2003-06-02,18,58.316050000000004,-3.44705,0.3207070707070709,80.05050505050507,683.0601092896178,296.7171717171719,1.3888888888888888,0.7124368686868694,54.75,60.76,-7.5,-0.83
scotland,2003,25,8,2003,25,2003-06-16,8,58.5715,-1.4405375,0.03409090909090905,7.386363636363639,2961.065573770492,1562.4999999999995,1.5,3.303065987546912,54.75,60.76,-7.5,-0.83
scotland,2003,26,2,2003,26,2003-06-23,2,57.26465,-1.54005,0.02272727272727275,0.0,245.901639344262,511.3636363636365,1.0,2.0795454545454573,54.75,60.76,-7.5,-0.83
scotland,2003,27,23,2003,27,2003-06-30,23,58.4711,-2.8006217391304347,0.6304347826086955,51.97628458498023,370.63435495367065,765.8102766798414,2.152173913043478,1.600517783651753,54.75,60.76,-7.5,-0.83
scotland,2003,28,2,2003,28,2003-07-07,2,57.281549999999996,-1.4874,0.0,14.3939393939394,778.688524590164,681.818181818182,1.0,0.8780303030303032,54.75,60.76,-7.5,-0.83
scotland,2003,33,29,2003,33,2003-08-11,29,58.35256551724138,-2.707524137931035,0.5979623824451414,16.24869383490073,398.53024307518376,411.44200626959275,1.5862068965517242,0.8957391146311608,54.75,60.76,-7.5,-0.83
scotland,2003,36,10,2003,36,2003-09-01,10,58.48044,-1.47478,1.536363636363637,58.48484848484854,540.9836065573763,556.8181818181818,1.2,1.2884485306360318,54.75,60.76,-7.5,-0.83
scotland,2003,37,18,2003,37,2003-09-08,18,58.45847222222223,-3.240955555555556,0.31313131313131315,14.225589225589228,541.8943533697632,839.6464646464651,1.2222222222222223,2.922452273603594,54.75,60.76,-7.5,-0.83
scotland,2003,40,2,2003,40,2003-09-29,2,57.2595,-1.5617,1.829545454545455,24.24242424242425,532.7868852459,0.0,1.0,0.0,54.75,60.76,-7.5,-0.83
scotland,2003,41,9,2003,41,2003-10-06,9,58.59632222222222,-1.4758666666666667,0.6893939393939396,4.882154882154887,81.9672131147541,0.0,0.8888888888888888,0.0,54.75,60.76,-7.5,-0.83
scotland,2003,45,9,2003,45,2003-11-03,9,58.61162222222222,-1.4654777777777777,0.21717171717171713,3.03030303030303,81.9672131147541,0.0,0.7777777777777778,0.0,54.75,60.76,-7.5,-0.83
scotland,2003,46,2,2003,46,2003-11-10,2,57.2939,-1.538,0.05681818181818185,0.0,0.0,0.0,0.0,,54.75,60.76,-7.5,-0.83
scotland,2003,49,20,2003,49,2003-12-01,20,58.1871,-3.202865,1.0090909090909097,11.136363636363658,49.18032786885245,34.0909090909091,0.25,0.4621212121212119,54.75,60.76,-7.5,-0.83
scotland,2003,50,9,2003,50,2003-12-08,9,58.56563333333333,-1.4806777777777778,0.37121212121212127,3.8720538720538675,0.0,37.87878787878789,1.0,,54.75,60.76,-7.5,-0.83
scotland,2004,2,2,2004,2,2004-01-05,2,56.97125,-1.24005,0.0340909090909091,0.0,0.0,0.0,1.0,,54.75,60.76,-7.5,-0.83
scotland,2004,3,26,2004,3,2004-01-12,26,58.427326923076926,-2.8123538461538464,0.1704545454545454,2.1561771561771557,37.83102143757877,0.0,0.19230769230769232,0.0,54.75,60.76,-7.5,-0.83
scotland,2004,6,9,2004,6,2004-02-02,9,58.53135555555556,-1.4964777777777778,0.027777777777777745,0.33670033670033667,0.0,0.0,1.1111111111111112,,54.75,60.76,-7.5,-0.83
scotland,2004,7,20,2004,7,2004-02-09,20,58.18832,-3.218475,0.04999999999999995,0.378787878787879,65.5737704918031,0.0,0.1,0.0,54.75,60.76,-7.5,-0.83
scotland,2004,10,2,2004,10,2004-03-01,2,57.2657,-1.50265,0.01136363636363635,0.0,286.8852459016395,0.0,0.5,0.0,54.75,60.76,-7.5,-0.83
scotland,2004,11,18,2004,11,2004-03-08,18,58.28544444444444,-3.4022888888888887,0.018939393939393954,1.0942760942760943,241.3479052823314,0.0,0.3333333333333333,0.0,54.75,60.76,-7.5,-0.83
scotland,2004,13,8,2004,13,2004-03-22,8,58.53195,-1.4925,0.42045454545454547,20.07575757575757,2438.5245901639328,85.22727272727275,1.25,0.11927723177723171,54.75,60.76,-7.5,-0.83
scotland,2004,15,19,2004,15,2004-04-05,19,58.307610526315784,-3.341578947368421,0.3205741626794258,13.317384370015956,1164.7972389991382,0.0,1.5789473684210527,0.0,54.75,60.76,-7.5,-0.83
scotland,2004,16,9,2004,16,2004-04-12,9,58.57616666666667,-1.4730666666666667,1.6843434343434336,45.454545454545446,3752.276867030966,0.0,1.4444444444444444,0.0,54.75,60.76,-7.5,-0.83
scotland,2004,19,29,2004,19,2004-05-03,29,58.34076551724138,-2.670696551724138,0.4780564263322884,107.36677115987459,2611.6449971735447,70.53291536050159,1.9482758620689655,0.017081742807886994,54.75,60.76,-7.5,-0.83
scotland,2004,23,20,2004,23,2004-05-31,20,58.497524999999996,-3.322095,1.239772727272727,125.83333333333337,979.5081967213121,198.86363636363615,1.2,0.30470272904483386,54.75,60.76,-7.5,-0.83
scotland,2004,24,8,2004,24,2004-06-07,8,58.608737500000004,-1.4630125,0.43750000000000006,224.24242424242422,1946.7213114754095,255.68181818181776,2.3125,0.2702439605848697,54.75,60.76,-7.5,-0.83
scotland,2004,28,2,2004,28,2004-07-05,2,57.28155,-1.48365,0.045454545454545456,95.45454545454561,737.704918032787,1477.27272727273,6.5,2.0795454545454586,54.75,60.76,-7.5,-0.83
scotland,2004,29,27,2004,29,2004-07-12,27,58.60562592592592,-2.821511111111111,0.4015151515151513,25.702581369248033,1384.3351548269577,1835.0168350168374,1.8333333333333333,1.7773342507775718,54.75,60.76,-7.5,-0.83
scotland,2004,32,3,2004,32,2004-08-02,3,56.6783,-3.490066666666667,0.04545454545454533,26.262626262626274,1939.890710382514,3522.7272727272734,3.1666666666666665,3.442414864828663,54.75,60.76,-7.5,-0.83
scotland,2004,33,26,2004,33,2004-08-09,26,58.38783076923077,-2.822423076923077,0.5148601398601401,34.79020979020977,964.6910466582599,1267.4825174825173,1.3076923076923077,1.0978404072532555,54.75,60.76,-7.5,-0.83
scotland,2004,37,29,2004,37,2004-09-06,29,58.53097241379311,-2.7221655172413795,0.8495297805642633,38.5057471264368,463.5387224420579,434.95297805642605,1.1379310344827587,1.0105145886105629,54.75,60.76,-7.5,-0.83
scotland,2004,41,18,2004,41,2004-10-04,18,58.30627777777777,-3.4266666666666667,0.22348484848484843,14.8989898989899,632.9690346083785,877.5252525252524,2.1666666666666665,1.244695708332073,54.75,60.76,-7.5,-0.83
scotland,2004,42,9,2004,42,2004-10-11,9,58.67055555555555,-1.4620555555555557,0.8585858585858585,22.222222222222232,109.28961748633878,151.51515151515156,1.3333333333333333,1.1553030303030314,54.75,60.76,-7.5,-0.83
scotland,2004,45,21,2004,45,2004-11-01,21,57.841676190476186,-3.1941904761904762,0.29004329004328994,4.617604617604615,191.2568306010929,151.51515151515162,0.09523809523809523,0.6773247177658948,54.75,60.76,-7.5,-0.83
scotland,2004,46,2,2004,46,2004-11-08,2,57.316050000000004,-1.5385499999999999,0.02272727272727275,0.0,0.0,0.0,0.0,,54.75,60.76,-7.5,-0.83
scotland,2004,47,6,2004,47,2004-11-15,6,58.21758333333333,-1.2259666666666666,0.7727272727272726,5.555555555555564,0.0,0.0,0.0,,54.75,60.76,-7.5,-0.83
scotland,2004,49,2,2004,49,2004-11-29,2,57.264849999999996,-1.55405,0.12500000000000025,3.03030303030303,0.0,0.0,0.0,,54.75,60.76,-7.5,-0.83
scotland,2004,50,9,2004,50,2004-12-06,9,58.66932222222223,-1.4113,0.33585858585858563,3.3670033670033646,0.0,0.0,0.3333333333333333,,54.75,60.76,-7.5,-0.83
scotland,2004,51,13,2004,51,2004-12-13,13,57.64476923076923,-3.5264384615384614,0.006993006993006992,0.0,0.0,0.0,1.0,,54.75,60.76,-7.5,-0.83
scotland,2005,2,29,2005,2,2005-01-10,29,58.31950010137931,-2.713057618931035,0.045454545454545414,0.7836990595611283,36.74392312040703,0.0,0.1724137931034483,0.0,54.75,60.76,-7.5,-0.83
scotland,2005,5,1,2005,5,2005-01-31,1,57.41575521,-0.870489566,0.0454545454545455,0.0,0.0,0.0,0.0,,54.75,60.76,-7.5,-0.83
scotland,2005,6,17,2005,6,2005-02-07,17,58.53864315235294,-3.3548695992941178,0.06550802139037426,0.17825311942959,0.0,0.0,0.17647058823529413,,54.75,60.76,-7.5,-0.83
scotland,2005,7,9,2005,7,2005-02-14,9,58.592791522222214,-1.4714579405555555,0.017676767676767676,1.01010101010101,27.322404371584668,0.0,0.0,0.0,54.75,60.76,-7.5,-0.83
scotland,2005,9,9,2005,9,2005-02-28,9,58.63116048444445,-1.4661172513333334,0.012626262626262624,1.1784511784511789,710.3825136612026,0.0,1.2222222222222223,0.0,54.75,60.76,-7.5,-0.83
scotland,2005,10,20,2005,10,2005-03-07,20,57.668764648499995,-3.1486858686000003,0.019318181818181825,2.575757575757575,795.0819672131147,0.0,1.55,0.0,54.75,60.76,-7.5,-0.83
scotland,2005,14,23,2005,14,2005-04-04,23,57.87416585347826,-2.9252713299999997,0.6936758893280629,12.450592885375492,2270.135424091233,14.822134387351783,3.260869565217391,0.06601731601731611,54.75,60.76,-7.5,-0.83
scotland,2005,15,8,2005,15,2005-04-11,8,58.61580301875,-1.465146064625,1.2159090909090904,38.63636363636364,1321.7213114754097,0.0,1.9375,0.0,54.75,60.76,-7.5,-0.83
scotland,2005,18,19,2005,18,2005-05-02,19,57.790480014736836,-3.1720008649473685,0.2320574162679423,19.776714513556623,2385.6773080241587,35.88516746411484,2.210526315789474,0.002572103221453871,54.75,60.76,-7.5,-0.83
scotland,2005,19,11,2005,19,2005-05-09,11,58.40962912727273,-1.470902252090909,3.258264462809919,28.236914600550996,3964.232488822647,0.0,2.3636363636363638,0.0,54.75,60.76,-7.5,-0.83
scotland,2005,21,6,2005,21,2005-05-23,6,57.703453233333335,-2.5273614673333333,0.0,0.505050505050505,81.96721311475416,56.818181818181834,1.6666666666666667,0.6931818181818178,54.75,60.76,-7.5,-0.83
scotland,2005,22,7,2005,22,2005-05-30,7,56.55493977857143,-2.459647096857143,0.0,0.0,105.3864168618267,0.0,2.642857142857143,0.0,54.75,60.76,-7.5,-0.83
scotland,2005,24,20,2005,24,2005-06-13,20,58.3527673345,-3.71664236075,3.009090909090909,146.89393939393943,713.1147540983605,68.18181818181804,1.575,0.19153708133971228,54.75,60.76,-7.5,-0.83
scotland,2005,25,9,2005,25,2005-06-20,9,58.63639142222222,-1.4533183061111112,2.121212121212121,84.68013468013464,3925.318761384334,0.0,2.0555555555555554,0.0,54.75,60.76,-7.5,-0.83
scotland,2005,27,2,2005,27,2005-07-04,2,56.29808146,-4.5135058085,0.02272727272727275,0.0,2500.000000000001,340.909090909091,1.5,1.3863636363636382,54.75,60.76,-7.5,-0.83
scotland,2005,28,16,2005,28,2005-07-11,16,58.974990081875,-3.175902223625,0.7812499999999998,22.727272727272723,1531.7622950819675,248.5795454545458,2.15625,0.7058704027454045,54.75,60.76,-7.5,-0.83
scotland,2005,30,1,2005,30,2005-07-25,1,55.40758464,-7.219827271,0.386363636363636,9.09090909090909,6885.24590163934,8068.18181818182,6.5,1.1718073593073601,54.75,60.76,-7.5,-0.83
scotland,2005,32,23,2005,32,2005-08-08,23,58.005935094782615,-1.7825817108695652,0.3003952569169959,28.78787878787878,1040.6272273699221,439.7233201581031,3.9565217391304346,0.6026519561337912,54.75,60.76,-7.5,-0.83
scotland,2005,36,21,2005,36,2005-09-05,21,58.08077663809524,-3.411833917571429,0.2023809523809523,37.80663780663779,706.47931303669,135.28138528138538,1.7380952380952381,0.8306020733652328,54.75,60.76,-7.5,-0.83
scotland,2005,37,9,2005,37,2005-09-12,9,58.66151756111112,-1.4557771187777777,0.5303030303030304,37.87878787878792,710.3825136612023,75.75757575757578,1.8888888888888888,0.20970206264323937,54.75,60.76,-7.5,-0.83
scotland,2005,40,13,2005,40,2005-10-03,13,57.67715094076924,-2.070833568076923,0.34965034965034947,16.550116550116563,472.88776796973536,131.11888111888086,1.0769230769230769,0.5198863636363626,54.75,60.76,-7.5,-0.83
scotland,2005,41,9,2005,41,2005-10-10,9,58.58409649888889,-1.478011209,0.8005050505050506,12.62626262626263,163.93442622950812,0.0,1.2222222222222223,0.0,54.75,60.76,-7.5,-0.83
scotland,2005,42,1,2005,42,2005-10-17,1,55.40158285,-7.233671061,0.0454545454545455,0.0,0.0,0.0,0.0,,54.75,60.76,-7.5,-0.83
scotland,2005,44,2,2005,44,2005-10-31,2,57.670070394999996,-1.1846090950000001,0.04545454545454545,3.03030303030303,0.0,0.0,0.0,,54.75,60.76,-7.5,-0.83
scotland,2005,45,8,2005,45,2005-11-07,8,58.721517435,-1.422140995625,0.05681818181818182,3.4090909090909136,215.16393442622936,42.613636363636374,0.375,0.34659090909090956,54.75,60.76,-7.5,-0.83
scotland,2005,46,18,2005,46,2005-11-14,18,58.30950814722222,-3.428818165777778,0.2815656565656565,7.912457912457921,54.644808743169335,37.87878787878789,0.0,0.0,54.75,60.76,-7.5,-0.83
scotland,2005,49,10,2005,49,2005-12-05,10,58.349231365,-1.4759182102000001,0.19318181818181807,3.33333333333333,131.1475409836065,34.0909090909091,0.8,0.46212121212121277,54.75,60.76,-7.5,-0.83
scotland,2005,50,20,2005,50,2005-12-12,20,57.67624694799999,-3.16522086455,0.22159090909090895,2.65151515151515,24.5901639344262,0.0,0.2,0.0,54.75,60.76,-7.5,-0.83
scotland,2006,2,18,2006,2,2006-01-09,18,58.32523148222222,-3.410898148166667,0.07196969696969695,2.020202020202023,27.322404371584668,0.0,0.05555555555555555,0.0,54.75,60.76,-7.5,-0.83
scotland,2006,3,11,2006,3,2006-01-16,11,58.41056060545454,-1.4200303030909092,0.018595041322314054,0.9641873278236918,0.0,0.0,0.0,,54.75,60.76,-7.5,-0.83
scotland,2006,6,31,2006,6,2006-02-06,31,58.15358064516129,-2.6879569891612904,0.026392961876832866,1.8572825024437933,134.84928609201475,10.997067448680355,0.0967741935483871,0.0,54.75,60.76,-7.5,-0.83
scotland,2006,10,27,2006,10,2006-03-06,27,58.46653086407408,-2.712364197518519,0.017676767676767652,1.5151515151515151,859.1378263509408,12.62626262626263,0.9259259259259259,0.09242424242424255,54.75,60.76,-7.5,-0.83
scotland,2006,12,2,2006,12,2006-03-20,2,57.22358333,-1.3028333335,0.05681818181818185,0.0,655.737704918035,0.0,1.0,0.0,54.75,60.76,-7.5,-0.83
scotland,2006,14,20,2006,14,2006-04-03,20,57.7496833325,-3.0370749999499997,0.06363636363636369,9.545454545454547,3856.5573770491815,68.18181818181804,2.05,0.023328839094208808,54.75,60.76,-7.5,-0.83
scotland,2006,15,10,2006,15,2006-04-10,10,58.296566666000004,-1.46855,0.15227272727272734,17.272727272727277,8967.213114754095,136.3636363636364,4.15,0.010128034473161985,54.75,60.76,-7.5,-0.83
scotland,2006,18,1,2006,18,2006-05-01,1,55.40466667,-7.2145,0.113636363636364,30.3030303030303,737.704918032787,0.0,1.0,0.0,54.75,60.76,-7.5,-0.83
scotland,2006,19,11,2006,19,2006-05-08,11,58.41227272727272,-1.4656363635454546,0.4669421487603303,107.98898071625341,2526.0804769001493,1219.00826446281,1.6363636363636365,1.173992122083213,54.75,60.76,-7.5,-0.83
scotland,2006,20,17,2006,20,2006-05-15,17,58.181617646470585,-3.1960686274117647,0.1189839572192513,31.46167557932266,689.4889103182253,100.26737967914441,1.3529411764705883,0.1942698909482126,54.75,60.76,-7.5,-0.83
scotland,2006,23,10,2006,23,2006-06-05,10,58.31345,-1.4452333335,2.0818181818181793,118.3333333333333,827.868852459017,579.5454545454552,1.1,1.8751456876456916,54.75,60.76,-7.5,-0.83
scotland,2006,24,19,2006,24,2006-06-12,19,58.1707894736842,-3.6302105263157896,2.1279904306220074,48.32535885167461,64.71095772217426,149.52153110047863,1.2894736842105263,1.4441287878787896,54.75,60.76,-7.5,-0.83
scotland,2006,27,11,2006,27,2006-07-03,11,58.09336363545455,-1.9931666667272727,0.12603305785123955,25.895316804407752,394.9329359165427,3233.471074380165,2.4545454545454546,6.712310606060614,54.75,60.76,-7.5,-0.83
scotland,2006,28,18,2006,28,2006-07-10,18,58.29704629611111,-3.4348518518333333,0.7083333333333333,54.377104377104416,300.54644808743154,277.77777777777806,1.0555555555555556,0.9836262695637709,54.75,60.76,-7.5,-0.83
scotland,2006,31,2,2006,31,2006-07-31,2,57.278916665,-1.54,1.1249999999999996,228.7878787878788,0.0,0.0,0.0,,54.75,60.76,-7.5,-0.83
scotland,2006,32,8,2006,32,2006-08-07,8,58.60029166625,-1.4680625,0.6477272727272727,16.09848484848485,2889.3442622950824,866.4772727272718,4.0,0.35530825373186087,54.75,60.76,-7.5,-0.83
scotland,2006,33,1,2006,33,2006-08-14,1,55.41733333,-7.204333333,0.0,6.06060606060606,3114.75409836066,1136.36363636364,2.0,0.3648325358851681,54.75,60.76,-7.5,-0.83
scotland,2006,34,5,2006,34,2006-08-21,5,59.5707,-5.7913666668,0.2500000000000001,6.969696969696966,426.22950819671996,727.2727272727263,2.5,1.3863636363636387,54.75,60.76,-7.5,-0.83
scotland,2006,36,17,2006,36,2006-09-04,17,58.14208823470589,-3.547784313705882,0.1590909090909091,3.38680926916221,617.1648987463839,360.96256684491914,1.411764705882353,0.5697016138395435,54.75,60.76,-7.5,-0.83
scotland,2006,37,1,2006,37,2006-09-11,1,57.3985,-0.972166667,0.795454545454545,59.0909090909091,0.0,340.909090909091,1.0,,54.75,60.76,-7.5,-0.83
scotland,2006,38,9,2006,38,2006-09-18,9,58.68759259222222,-1.5924814814444443,0.44949494949494956,25.925925925925927,282.331511839709,113.63636363636367,1.2222222222222223,0.4115767045454548,54.75,60.76,-7.5,-0.83
scotland,2006,40,11,2006,40,2006-10-02,11,57.872772727272725,-3.5161515150909093,0.0867768595041321,6.473829201101925,1058.1222056631896,805.7851239669424,1.6818181818181819,3.5273404517309364,54.75,60.76,-7.5,-0.83
scotland,2006,41,8,2006,41,2006-10-09,8,58.534395835,-1.48652083325,0.5,14.772727272727279,573.7704918032784,568.1818181818177,1.0,0.5811595203042569,54.75,60.76,-7.5,-0.83
scotland,2006,46,14,2006,46,2006-11-13,14,57.600380951428576,-2.006464285714286,0.3766233766233766,3.7878787878787916,35.12880562060886,0.0,0.14285714285714285,0.0,54.75,60.76,-7.5,-0.83
scotland,2006,47,8,2006,47,2006-11-20,8,58.5558333325,-1.487791666625,0.1846590909090909,5.3030303030303,0.0,0.0,1.0,,54.75,60.76,-7.5,-0.83
scotland,2006,49,11,2006,49,2006-12-04,11,58.19054545363636,-1.4764848485454545,0.16115702479338842,1.652892561983471,22.354694485842,0.0,0.36363636363636365,0.0,54.75,60.76,-7.5,-0.83
scotland,2006,50,18,2006,50,2006-12-11,18,58.319990741111106,-3.417259259222222,0.06818181818181808,1.01010101010101,27.322404371584668,0.0,0.1111111111111111,0.0,54.75,60.76,-7.5,-0.83
scotland,2006,52,1,2006,52,2006-12-25,1,55.4065,-7.206833333,0.0227272727272727,3.03030303030303,0.0,0.0,0.0,,54.75,60.76,-7.5,-0.83
scotland,2007,3,2,2007,3,2007-01-15,2,57.26525065,-1.5363333385,0.05681818181818185,1.515151515151515,0.0,0.0,0.0,,54.75,60.76,-7.5,-0.83
scotland,2007,4,28,2007,4,2007-01-22,28,58.32211899607143,-2.918541667607143,0.021915584415584406,0.6493506493506497,17.56440281030443,0.0,0.07142857142857142,0.0,54.75,60.76,-7.5,-0.83
scotland,2007,6,19,2007,6,2007-02-05,19,58.46700889157894,-3.49044736231579,0.03708133971291861,0.15948963317384368,25.884383088869686,0.0,0.0,0.0,54.75,60.76,-7.5,-0.83
scotland,2007,7,12,2007,7,2007-02-12,12,58.1298750125,-1.9574860997499999,0.09659090909090949,1.7676767676767717,0.0,0.0,0.16666666666666666,,54.75,60.76,-7.5,-0.83
scotland,2007,10,3,2007,10,2007-03-05,3,56.655221899999994,-3.3312222373333333,0.007575757575757566,1.01010101010101,0.0,0.0,0.3333333333333333,,54.75,60.76,-7.5,-0.83
scotland,2007,11,8,2007,11,2007-03-12,8,58.67327067125,-1.448520835125,0.03409090909090906,11.74242424242424,747.9508196721306,170.4545454545455,0.75,0.2155318365844685,54.75,60.76,-7.5,-0.83
scotland,2007,14,17,2007,14,2007-04-02,17,58.192999627058825,-3.2413627362941178,0.6336898395721924,22.638146167557938,4305.6894889103205,0.0,1.8235294117647058,0.0,54.75,60.76,-7.5,-0.83
scotland,2007,15,2,2007,15,2007-04-09,2,57.281917320000005,-1.4379999795,0.0,8.33333333333336,11311.47540983607,2102.272727272725,2.0,0.26997607655502365,54.75,60.76,-7.5,-0.83
scotland,2007,16,8,2007,16,2007-04-16,8,58.6582504275,-1.45572916675,0.48295454545454497,34.84848484848484,14467.213114754095,85.22727272727275,5.375,0.009584299628942486,54.75,60.76,-7.5,-0.83
scotland,2007,17,1,2007,17,2007-04-23,1,55.37666829,-7.227666728,0.0,0.0,15655.737704918,0.0,6.5,0.0,54.75,60.76,-7.5,-0.83
scotland,2007,18,17,2007,18,2007-04-30,17,58.334264417647056,-3.3517451044117648,0.27005347593582885,56.59536541889485,202.50723240115676,394.38502673796745,1.2941176470588236,0.5391414141414145,54.75,60.76,-7.5,-0.83
scotland,2007,19,10,2007,19,2007-05-07,10,58.31614990199999,-2.0292333221,0.1499999999999999,35.909090909090914,1844.2622950819655,715.909090909091,3.6,0.3666680543725503,54.75,60.76,-7.5,-0.83
scotland,2007,21,2,2007,21,2007-05-21,2,57.279665120000004,-1.539083354,0.25,35.6060606060606,0.0,0.0,0.0,,54.75,60.76,-7.5,-0.83
scotland,2007,24,29,2007,24,2007-06-11,29,58.37092537689655,-2.6489195703793103,0.9349529780564263,76.9070010449321,127.19050310910117,207.68025078369897,1.206896551724138,0.18904958677685937,54.75,60.76,-7.5,-0.83
scotland,2007,25,1,2007,25,2007-06-18,1,55.41099854,-7.448333232,0.0,0.0,0.0,0.0,1.0,,54.75,60.76,-7.5,-0.83
scotland,2007,28,27,2007,28,2007-07-09,27,58.2805679137037,-3.013462959148148,0.5547138047138046,66.7789001122335,701.2750455373405,101.01010101010104,1.8518518518518519,0.17833565176242536,54.75,60.76,-7.5,-0.83
scotland,2007,30,2,2007,30,2007-07-23,2,57.368499755,-1.552833366,0.0681818181818182,8.33333333333335,368.8524590163935,0.0,2.0,0.0,54.75,60.76,-7.5,-0.83
scotland,2007,32,9,2007,32,2007-08-06,9,58.663629828888894,-1.458537024,0.20959595959595936,20.70707070707069,992.7140255009112,340.9090909090907,4.5,0.3873663101604273,54.75,60.76,-7.5,-0.83
scotland,2007,33,2,2007,33,2007-08-13,2,57.267167154999996,-1.4945833204999999,0.261363636363636,18.93939393939395,0.0,0.0,1.0,,54.75,60.76,-7.5,-0.83
scotland,2007,34,19,2007,34,2007-08-20,19,58.185158178421055,-3.6560438422105266,0.1734449760765549,10.925039872408286,1557.3770491803275,131.57894736842118,2.4210526315789473,0.05706309571161297,54.75,60.76,-7.5,-0.83
scotland,2007,36,25,2007,36,2007-09-03,25,58.335173176,-2.6708600006400003,0.3936363636363631,16.18181818181819,547.5409836065578,100.00000000000004,1.94,0.04563504677141037,54.75,60.76,-7.5,-0.83
scotland,2007,37,3,2007,37,2007-09-10,3,56.703887263333336,-3.4931666480000003,0.409090909090909,10.606060606060597,355.19125683060093,0.0,1.0,0.0,54.75,60.76,-7.5,-0.83
scotland,2007,40,26,2007,40,2007-10-01,26,58.38073714846154,-2.820134612923077,0.22377622377622372,8.21678321678322,769.2307692307672,222.90209790209786,1.8846153846153846,0.6720138476265933,54.75,60.76,-7.5,-0.83
scotland,2007,41,2,2007,41,2007-10-08,2,57.289664715,-1.4644357045,0.12500000000000025,1.515151515151515,0.0,170.4545454545455,0.0,,54.75,60.76,-7.5,-0.83
scotland,2007,43,1,2007,43,2007-10-22,1,55.58256429,-7.494603984,0.0227272727272727,28.7878787878788,0.0,0.0,1.0,,54.75,60.76,-7.5,-0.83
scotland,2007,45,3,2007,45,2007-11-05,3,57.474201120000004,-1.4529222066666667,0.037878787878787866,0.0,0.0,0.0,1.3333333333333333,,54.75,60.76,-7.5,-0.83
scotland,2007,46,27,2007,46,2007-11-12,27,58.470606071851854,-2.6316725954814815,0.10185185185185185,1.2345679012345683,85.00303582270779,12.62626262626263,0.48148148148148145,0.0533216783216785,54.75,60.76,-7.5,-0.83
scotland,2007,49,11,2007,49,2007-12-03,11,58.39438883454545,-1.4765269538181818,0.06198347107438015,0.68870523415978,0.0,0.0,0.09090909090909091,,54.75,60.76,-7.5,-0.83
scotland,2007,50,17,2007,50,2007-12-10,17,58.42552227,-3.528328760882353,0.3810160427807486,3.565062388591803,0.0,0.0,0.058823529411764705,,54.75,60.76,-7.5,-0.83
scotland,2008,2,27,2008,2,2008-01-07,27,58.27859876629629,-2.471431685148148,0.03282828282828281,1.178451178451178,0.0,0.0,0.8888888888888888,,54.75,60.76,-7.5,-0.83
scotland,2008,6,20,2008,6,2008-02-04,20,58.030899999999995,-3.2067500000000004,0.05454545454545452,0.303030303030303,36.8852459016393,0.0,0.95,0.0,54.75,60.76,-7.5,-0.83
scotland,2008,7,10,2008,7,2008-02-11,10,58.508,-1.4327,0.02045454545454547,2.121212121212119,24.5901639344262,34.0909090909091,0.5,0.0,54.75,60.76,-7.5,-0.83
scotland,2008,11,8,2008,11,2008-03-10,8,58.9995,-1.441,0.0,1.1363636363636376,573.7704918032787,0.0,0.375,0.0,54.75,60.76,-7.5,-0.83
scotland,2008,12,21,2008,12,2008-03-17,21,57.84704761904762,-3.178904761904762,0.041125541125541135,4.112554112554115,530.8352849336453,0.0,1.1666666666666667,0.0,54.75,60.76,-7.5,-0.83
scotland,2008,14,2,2008,14,2008-03-31,2,57.3445,-1.285,0.17045454545454558,4.545454545454545,573.77049180328,0.0,1.0,0.0,54.75,60.76,-7.5,-0.83
scotland,2008,15,9,2008,15,2008-04-07,9,58.642222222222216,-1.4733333333333334,0.10858585858585855,8.24915824915825,5992.71402550091,37.87878787878789,1.6666666666666667,0.006697408871321919,54.75,60.76,-7.5,-0.83
scotland,2008,18,17,2008,18,2008-04-28,17,58.34664705882353,-3.4248823529411765,0.8716577540106949,33.86809269162211,4098.360655737703,127.00534759358273,1.8235294117647058,0.020023343640177594,54.75,60.76,-7.5,-0.83
scotland,2008,19,9,2008,19,2008-05-05,9,58.62722222222222,-1.4698888888888888,0.23989898989899,36.3636363636364,3387.978142076505,808.0808080808085,2.3333333333333335,0.9619666048237506,54.75,60.76,-7.5,-0.83
scotland,2008,24,26,2008,24,2008-06-09,26,58.55853846153846,-2.875076923076923,0.38723776223776224,30.244755244755286,397.22572509457757,340.9090909090909,1.0769230769230769,2.0439976689976707,54.75,60.76,-7.5,-0.83
scotland,2008,27,2,2008,27,2008-06-30,2,57.315,-1.4315,0.29545454545454564,241.66666666666652,819.672131147541,0.0,2.0,0.0,54.75,60.76,-7.5,-0.83
scotland,2008,28,28,2008,28,2008-07-07,28,58.105964285714286,-2.6266428571428575,1.5600649350649352,61.201298701298654,1920.3747072599538,36.52597402597404,2.75,0.026975921805467273,54.75,60.76,-7.5,-0.83
scotland,2008,32,15,2008,32,2008-08-04,15,58.165733333333336,-3.0274666666666668,0.6515151515151515,44.74747474747472,896.1748633879773,98.48484848484873,1.5666666666666667,0.07160339660339687,54.75,60.76,-7.5,-0.83
scotland,2008,33,8,2008,33,2008-08-11,8,58.682125,-1.3795,0.8920454545454548,73.86363636363643,92.21311475409837,184.65909090909088,1.0,0.0,54.75,60.76,-7.5,-0.83
scotland,2008,36,24,2008,36,2008-09-01,24,58.40375,-2.6814999999999998,0.4090909090909091,14.898989898989909,1478.8251366120212,123.10606060606074,2.2291666666666665,0.03914555070429861,54.75,60.76,-7.5,-0.83
scotland,2008,37,2,2008,37,2008-09-08,2,57.315,-1.3824999999999998,2.670454545454545,93.1818181818184,2459.016393442625,340.909090909091,1.0,0.13863636363636356,54.75,60.76,-7.5,-0.83
scotland,2008,40,8,2008,40,2008-09-29,8,58.789625,-1.430625,0.5369318181818183,14.015151515151505,2161.885245901641,85.22727272727275,1.125,0.03585423197492162,54.75,60.76,-7.5,-0.83
scotland,2008,41,2,2008,41,2008-10-06,2,57.3095,-1.4435,1.068181818181818,25.75757575757574,0.0,0.0,1.0,,54.75,60.76,-7.5,-0.83
scotland,2008,42,18,2008,42,2008-10-13,18,58.635111111111115,-3.7245,0.23863636363636356,2.7777777777777777,432.6047358834242,132.57575757575745,0.5,0.4317532467532469,54.75,60.76,-7.5,-0.83
scotland,2008,46,33,2008,46,2008-11-10,33,57.994484848484845,-2.5362727272727272,0.09710743801652891,0.7346189164370984,196.22454048683556,30.99173553719009,0.3939393939393939,0.07877066115702466,54.75,60.76,-7.5,-0.83
scotland,2008,50,18,2008,50,2008-12-08,18,58.22377777777778,-3.188222222222222,0.09722222222222221,8.164983164983177,13.661202185792334,0.0,0.7777777777777778,0.0,54.75,60.76,-7.5,-0.83
scotland,2008,51,1,2008,51,2008-12-15,1,57.387,-1.148,0.0,0.0,0.0,0.0,1.0,,54.75,60.76,-7.5,-0.83
scotland,2008,52,8,2008,52,2008-12-22,8,58.785875000000004,-1.37475,0.05397727272727275,1.3257575757575761,0.0,0.0,1.0,,54.75,60.76,-7.5,-0.83
scotland,2009,3,2,2009,3,2009-01-12,2,57.3095,-1.4255,0.0,1.515151515151515,0.0,0.0,1.0,,54.75,60.76,-7.5,-0.83
scotland,2009,4,24,2009,4,2009-01-19,24,58.42333333333334,-2.612458333333333,0.035037878787878785,0.6944444444444446,10.24590163934425,0.0,0.25,0.0,54.75,60.76,-7.5,-0.83
scotland,2009,6,9,2009,6,2009-02-02,9,58.63344444444445,-1.482888888888889,0.005050505050505045,0.6734006734006744,0.0,0.0,0.0,,54.75,60.76,-7.5,-0.83
scotland,2009,7,2,2009,7,2009-02-09,2,57.310500000000005,-1.4195,0.0,0.0,0.0,0.0,0.0,,54.75,60.76,-7.5,-0.83
scotland,2009,8,16,2009,8,2009-02-16,16,58.1788125,-3.2670624999999998,0.005681818181818181,0.5681818181818188,138.31967213114757,0.0,0.1875,0.0,54.75,60.76,-7.5,-0.83
scotland,2009,11,10,2009,11,2009-03-09,10,58.534400000000005,-1.4207,0.00227272727272727,0.606060606060606,1639.3442622950781,0.0,0.9,0.0,54.75,60.76,-7.5,-0.83
scotland,2009,12,17,2009,12,2009-03-16,17,58.327823529411766,-3.438470588235294,0.03877005347593586,2.495543672014259,3249.7589199614267,80.21390374331536,2.1470588235294117,0.018054877108185905,54.75,60.76,-7.5,-0.83
scotland,2009,15,10,2009,15,2009-04-06,10,58.4945,-1.4259,0.13863636363636367,3.939393939393937,11901.639344262294,68.1818181818182,3.8,0.002857672630399901,54.75,60.76,-7.5,-0.83
scotland,2009,16,16,2009,16,2009-04-13,16,58.1589375,-3.2573125,0.14630681818181818,5.397727272727273,8908.811475409844,106.53409090909093,3.65625,0.010958514438760848,54.75,60.76,-7.5,-0.83
scotland,2009,19,8,2009,19,2009-05-04,8,58.810625,-1.429625,0.5852272727272727,53.787878787878775,2100.4098360655735,127.84090909090912,3.0,0.11290461432506882,54.75,60.76,-7.5,-0.83
scotland,2009,20,19,2009,20,2009-05-11,19,58.307,-3.044578947368421,0.06937799043062202,9.40988835725678,129.42191544434863,0.0,0.9210526315789473,0.0,54.75,60.76,-7.5,-0.83
scotland,2009,24,26,2009,24,2009-06-08,26,58.486384615384615,-2.7320384615384614,0.9755244755244754,34.032634032634014,226.98612862547282,39.33566433566435,1.6346153846153846,0.13863636363636384,54.75,60.76,-7.5,-0.83
scotland,2009,27,2,2009,27,2009-06-29,2,57.310500000000005,-1.435,0.0,6.8181818181818095,1065.573770491805,170.4545454545455,1.0,0.0,54.75,60.76,-7.5,-0.83
scotland,2009,28,29,2009,28,2009-07-06,29,58.15689655172414,-2.705379310344828,0.7061128526645769,61.546499477534006,1373.6574335782925,94.04388714733544,2.5172413793103448,0.06354233276812983,54.75,60.76,-7.5,-0.83
scotland,2009,32,18,2009,32,2009-08-03,18,58.353611111111114,-3.3169444444444443,0.09217171717171715,22.474747474747485,728.5974499089257,252.52525252525254,1.7777777777777777,0.4345305269443201,54.75,60.76,-7.5,-0.83
scotland,2009,33,8,2009,33,2009-08-10,8,58.790125,-1.430875,1.3210227272727277,38.257575757575765,1147.5409836065573,269.8863636363636,2.0625,0.3168196386946389,54.75,60.76,-7.5,-0.83
scotland,2009,36,2,2009,36,2009-08-31,2,57.295500000000004,-1.46,0.21590909090909086,10.6060606060606,1024.590163934426,170.4545454545455,1.0,0.09452479338842978,54.75,60.76,-7.5,-0.83
scotland,2009,38,25,2009,38,2009-09-14,25,58.48088,-2.76328,0.378181818181818,15.575757575757581,668.8524590163934,131.8181818181817,1.26,0.34251336898395723,54.75,60.76,-7.5,-0.83
scotland,2009,40,2,2009,40,2009-09-28,2,57.373000000000005,-1.459,0.1704545454545455,15.151515151515149,368.8524590163935,0.0,1.5,0.0,54.75,60.76,-7.5,-0.83
scotland,2009,42,25,2009,42,2009-10-12,25,58.4884,-2.7732799999999997,0.49636363636363634,10.484848484848492,229.50819672131144,95.45454545454548,1.08,0.3080808080808082,54.75,60.76,-7.5,-0.83
scotland,2009,45,11,2009,45,2009-11-02,11,58.3890909090909,-1.462818181818182,0.0991735537190083,0.9641873278236918,89.41877794336808,0.0,1.0,0.0,54.75,60.76,-7.5,-0.83
scotland,2009,46,18,2009,46,2009-11-09,18,58.539888888888896,-3.412888888888889,0.08207070707070707,0.7575757575757578,68.30601092896171,18.939393939393945,0.6111111111111112,0.17329545454545445,54.75,60.76,-7.5,-0.83
scotland,2009,49,2,2009,49,2009-11-30,2,57.0135,-1.478,0.0,0.0,0.0,0.0,0.0,,54.75,60.76,-7.5,-0.83
scotland,2009,50,19,2009,50,2009-12-07,19,58.481157894736846,-3.179105263157895,0.062200956937798965,1.3556618819776716,38.82657463330453,0.0,0.631578947368421,0.0,54.75,60.76,-7.5,-0.83
scotland,2010,1,2,2010,1,2010-01-04,2,57.3,-1.4175,0.0,0.0,0.0,0.0,0.0,,54.75,60.76,-7.5,-0.83
scotland,2010,3,17,2010,3,2010-01-18,17,58.36605882352941,-3.4531176470588236,0.02406417112299465,0.0,0.0,0.0,0.0,,54.75,60.76,-7.5,-0.83
scotland,2010,4,8,2010,4,2010-01-25,8,58.797,-1.306,0.0,0.18939393939394,0.0,0.0,0.0,,54.75,60.76,-7.5,-0.83
scotland,2010,5,6,2010,5,2010-02-01,6,58.72516666666667,-1.297,0.0,0.0,0.0,0.0,0.16666666666666666,,54.75,60.76,-7.5,-0.83
scotland,2010,6,4,2010,6,2010-02-08,4,58.1095,-1.5190000000000001,0.005681818181818175,0.0,0.0,0.0,0.75,,54.75,60.76,-7.5,-0.83
scotland,2010,7,16,2010,7,2010-02-15,16,58.577875,-3.3449375,0.034090909090909095,2.1780303030303036,256.1475409836061,0.0,0.0625,0.0,54.75,60.76,-7.5,-0.83
scotland,2010,9,2,2010,9,2010-03-01,2,57.2945,-1.4655,0.0,4.545454545454545,0.0,0.0,0.0,,54.75,60.76,-7.5,-0.83
scotland,2010,10,8,2010,10,2010-03-08,8,58.69625,-1.36475,0.008522727272727276,2.4621212121212137,3688.5245901639328,0.0,0.5,0.0,54.75,60.76,-7.5,-0.83
scotland,2010,13,17,2010,13,2010-03-29,17,58.334,-3.3973529411764707,0.14839572192513367,5.52584670231729,5106.075216972036,60.16042780748665,1.0,0.014163009231389082,54.75,60.76,-7.5,-0.83
scotland,2010,15,19,2010,15,2010-04-12,19,58.31315789473685,-3.034736842105263,0.705741626794258,23.046251993620423,5698.87834339948,143.54066985645926,2.6578947368421053,0.02215038123850851,54.75,60.76,-7.5,-0.83
scotland,2010,16,4,2010,16,2010-04-19,4,59.485749999999996,-1.35225,0.13068181818181812,15.151515151515149,3422.131147540982,426.13636363636374,2.625,0.3073645532884665,54.75,60.76,-7.5,-0.83
scotland,2010,18,2,2010,18,2010-05-03,2,57.311,-1.4409999999999998,0.01136363636363635,26.51515151515155,1680.3278688524595,2215.90909090909,2.0,1.2369710031347947,54.75,60.76,-7.5,-0.83
scotland,2010,19,25,2010,19,2010-05-10,25,58.55164,-2.6260000000000003,0.6399999999999999,45.63636363636364,1059.016393442623,200.00000000000014,1.64,0.2739718614718615,54.75,60.76,-7.5,-0.83
scotland,2010,20,1,2010,20,2010-05-17,1,55.502,-7.377,0.477272727272727,75.7575757575758,491.803278688525,0.0,0.0,0.0,54.75,60.76,-7.5,-0.83
scotland,2010,22,2,2010,22,2010-05-31,2,57.3125,-1.3795000000000002,0.01136363636363635,27.272727272727288,122.950819672131,1250.000000000001,2.0,7.3939393939394105,54.75,60.76,-7.5,-0.83
scotland,2010,23,17,2010,23,2010-06-07,17,58.75752941176471,-3.099235294117647,0.10828877005347595,48.217468805704115,1388.6210221793633,1310.160427807487,3.088235294117647,1.4139333092573863,54.75,60.76,-7.5,-0.83
scotland,2010,27,8,2010,27,2010-07-05,8,59.131125,-4.8945,0.9090909090909096,25.189393939393952,1229.5081967213116,1136.3636363636356,2.875,1.0555733552162123,54.75,60.76,-7.5,-0.83
scotland,2010,28,8,2010,28,2010-07-12,8,58.707875,-1.461625,0.4204545454545453,71.02272727272721,317.6229508196721,3465.909090909091,1.5,11.192575757575764,54.75,60.76,-7.5,-0.83
scotland,2010,31,17,2010,31,2010-08-02,17,58.378764705882354,-3.449705882352941,0.9171122994652409,48.4848484848485,1195.756991321119,1223.2620320855615,1.911764705882353,1.0715165113582825,54.75,60.76,-7.5,-0.83
scotland,2010,32,9,2010,32,2010-08-09,9,58.56444444444445,-1.4016666666666666,0.2702020202020201,25.252525252525263,1593.806921675775,3005.050505050505,1.1111111111111112,3.8703602468807294,54.75,60.76,-7.5,-0.83
scotland,2010,36,5,2010,36,2010-09-06,5,59.271,-1.3312,0.19999999999999993,10.606060606060609,3786.8852459016343,4818.181818181818,1.4,1.8102265442890473,54.75,60.76,-7.5,-0.83
scotland,2010,38,2,2010,38,2010-09-20,2,57.292500000000004,-1.5055,0.9772727272727277,29.545454545454533,0.0,0.0,1.0,,54.75,60.76,-7.5,-0.83
scotland,2010,39,17,2010,39,2010-09-27,17,58.42123529411765,-3.228941176470588,0.4692513368983956,11.586452762923352,154.29122468659563,80.21390374331536,0.6470588235294118,1.0849802371541488,54.75,60.76,-7.5,-0.83
scotland,2010,41,25,2010,41,2010-10-11,25,58.47572,-2.7698,0.6236363636363635,17.15151515151516,488.5245901639345,54.54545454545444,0.6,0.07129870129870121,54.75,60.76,-7.5,-0.83
scotland,2010,42,2,2010,42,2010-10-18,2,57.3135,-1.4365,0.5340909090909095,0.0,0.0,0.0,0.0,,54.75,60.76,-7.5,-0.83
scotland,2010,45,8,2010,45,2010-11-08,8,59.12075,-4.797124999999999,0.36079545454545386,4.734848484848495,184.42622950819674,42.613636363636374,0.375,0.46212121212121277,54.75,60.76,-7.5,-0.83
scotland,2010,47,9,2010,47,2010-11-22,9,58.39655555555555,-2.1004444444444443,0.138888888888889,2.8619528619528634,0.0,37.87878787878789,1.0,,54.75,60.76,-7.5,-0.83
scotland,2010,49,19,2010,49,2010-12-06,19,57.878368421052635,-3.048368421052632,0.14593301435406683,2.7910685805422673,51.76876617773937,0.0,0.05263157894736842,0.0,54.75,60.76,-7.5,-0.83
scotland,2010,50,2,2010,50,2010-12-13,2,57.3085,-1.4885,0.068181818181818,0.0,0.0,0.0,0.0,,54.75,60.76,-7.5,-0.83
scotland,2010,52,8,2010,52,2010-12-27,8,58.756625,-1.438375,0.10227272727272727,2.083333333333334,0.0,0.0,1.0,,54.75,60.76,-7.5,-0.83
scotland,2011,2,2,2011,2,2011-01-10,2,57.314499999999995,-1.4545,0.0681818181818182,0.0,0.0,0.0,0.0,,54.75,60.76,-7.5,-0.83
scotland,2011,3,20,2011,3,2011-01-17,20,58.05335,-1.7678999999999998,0.034090909090909075,2.045454545454546,180.32786885245895,0.0,0.75,0.0,54.75,60.76,-7.5,-0.83
scotland,2011,6,3,2011,6,2011-02-07,3,57.306000000000004,-1.359,0.007575757575757566,0.0,245.90163934426232,0.0,0.3333333333333333,0.0,54.75,60.76,-7.5,-0.83
scotland,2011,7,16,2011,7,2011-02-14,16,58.1448125,-3.2315,0.0255681818181818,1.9886363636363635,30.73770491803275,21.306818181818187,0.3125,0.0,54.75,60.76,-7.5,-0.83
scotland,2011,8,9,2011,8,2011-02-21,9,58.65677777777777,-1.5138888888888888,0.0202020202020202,1.6835016835016843,0.0,0.0,1.0,,54.75,60.76,-7.5,-0.83
scotland,2011,9,2,2011,9,2011-02-28,2,57.292500000000004,-1.505,0.0,0.0,0.0,0.0,1.0,,54.75,60.76,-7.5,-0.83
scotland,2011,10,9,2011,10,2011-03-07,9,58.763333333333335,-1.5184444444444445,0.005050505050505045,0.33670033670033667,318.76138433515524,0.0,1.0,0.0,54.75,60.76,-7.5,-0.83
scotland,2011,11,16,2011,11,2011-03-14,16,58.1639375,-3.2659375,0.028409090909090905,2.5568181818181848,1260.2459016393445,21.306818181818187,0.3125,0.01066433566433565,54.75,60.76,-7.5,-0.83
scotland,2011,14,10,2011,14,2011-04-04,10,58.5375,-1.4929000000000001,0.125,8.636363636363644,8500.000000000011,0.0,2.45,0.0,54.75,60.76,-7.5,-0.83
scotland,2011,15,17,2011,15,2011-04-11,17,58.33788235294118,-3.396529411764706,0.17647058823529407,23.440285204991085,6759.884281581485,360.9625668449197,3.735294117647059,0.032037628927195055,54.75,60.76,-7.5,-0.83
scotland,2011,19,27,2011,19,2011-05-09,27,58.39025925925926,-2.680074074074074,0.14562289562289565,37.03703703703705,2246.5088038858535,1144.7811447811446,2.3518518518518516,0.5732251367429223,54.75,60.76,-7.5,-0.83
scotland,2011,23,26,2011,23,2011-06-06,26,58.27088461538462,-2.5543076923076926,1.3295454545454546,54.895104895104915,813.3669609079443,218.53146853146865,1.5192307692307692,0.12092317865562645,54.75,60.76,-7.5,-0.83
scotland,2011,27,26,2011,27,2011-07-04,26,58.277307692307694,-2.5544615384615383,0.036713286713286705,28.379953379953392,2887.7679697351823,3806.8181818181843,1.9423076923076923,2.506750015277583,54.75,60.76,-7.5,-0.83
scotland,2011,31,24,2011,31,2011-08-01,24,58.364916666666666,-2.638875,0.9242424242424251,41.28787878787878,1512.9781420765041,823.863636363636,1.7083333333333333,1.0432580404314769,54.75,60.76,-7.5,-0.83
scotland,2011,36,11,2011,36,2011-09-05,11,58.43572727272727,-1.5013636363636365,1.4545454545454535,100.82644628099183,335.32041728763056,351.23966942148746,1.1818181818181819,1.5624098124098156,54.75,60.76,-7.5,-0.83
scotland,2011,37,17,2011,37,2011-09-12,17,58.35658823529412,-3.446764705882353,0.04545454545454546,19.696969696969695,785.9209257473478,548.1283422459894,1.0588235294117647,1.6327379365502543,54.75,60.76,-7.5,-0.83
scotland,2011,40,11,2011,40,2011-10-03,11,58.40536363636363,-1.5130000000000001,0.1714876033057852,43.526170798898065,283.1594634873317,61.98347107438018,1.0,0.4159090909090912,54.75,60.76,-7.5,-0.83
scotland,2011,41,3,2011,41,2011-10-10,3,59.54933333333333,-5.0249999999999995,0.1969696969696971,10.606060606060613,601.0928961748623,568.1818181818173,2.0,0.7820512820512819,54.75,60.76,-7.5,-0.83
scotland,2011,42,3,2011,42,2011-10-17,3,60.342666666666666,-6.241666666666667,0.10606060606060597,1.01010101010101,245.90163934426232,113.63636363636367,1.0,0.6931818181818191,54.75,60.76,-7.5,-0.83
scotland,2011,44,6,2011,44,2011-10-31,6,58.771166666666666,-1.3644999999999998,0.011363636363636348,4.797979797979793,0.0,0.0,0.6666666666666666,,54.75,60.76,-7.5,-0.83
scotland,2011,45,5,2011,45,2011-11-07,5,58.0346,-1.6826,0.8227272727272723,29.69696969696969,0.0,204.5454545454546,1.0,,54.75,60.76,-7.5,-0.83
scotland,2011,47,17,2011,47,2011-11-21,17,58.43452941176471,-3.2175882352941176,0.20855614973262027,7.040998217468809,106.07521697203471,0.0,0.6470588235294118,0.0,54.75,60.76,-7.5,-0.83
scotland,2011,49,27,2011,49,2011-12-05,27,58.06777777777778,-2.82337037037037,0.04713804713804714,1.2906846240179575,27.322404371584703,0.0,1.037037037037037,0.0,54.75,60.76,-7.5,-0.83
scotland,2011,50,5,2011,50,2011-12-12,5,58.016200000000005,-1.6488,0.05909090909090914,3.030303030303032,0.0,0.0,1.0,,54.75,60.76,-7.5,-0.83
scotland,2012,1,23,2012,1,2012-01-02,23,57.80691304347826,-2.9832608695652176,0.0434782608695652,1.4492753623188406,42.765502494654264,0.0,0.782608695652174,0.0,54.75,60.76,-7.5,-0.83
scotland,2012,2,8,2012,2,2012-01-09,8,58.771125,-1.332875,0.0028409090909090875,0.0,30.73770491803275,0.0,0.875,0.0,54.75,60.76,-7.5,-0.83
scotland,2012,5,2,2012,5,2012-01-30,2,57.2975,-1.4685000000000001,0.0340909090909091,1.515151515151515,0.0,0.0,1.0,,54.75,60.76,-7.5,-0.83
scotland,2012,6,8,2012,6,2012-02-06,8,58.826125000000005,-1.650625,0.0,0.0,61.4754098360655,0.0,0.25,0.0,54.75,60.76,-7.5,-0.83
scotland,2012,7,15,2012,7,2012-02-13,15,58.28986666666666,-3.3823999999999996,0.0303030303030303,1.1111111111111114,185.79234972677565,22.727272727272734,1.0,0.0,54.75,60.76,-7.5,-0.83
scotland,2012,10,11,2012,10,2012-03-05,11,58.52181818181818,-1.4876363636363636,0.0,2.0661157024793435,1639.3442622950815,0.0,1.6818181818181819,0.0,54.75,60.76,-7.5,-0.83
scotland,2012,11,16,2012,11,2012-03-12,16,58.168375,-3.263125,0.10511363636363638,3.31439393939394,4728.4836065573745,21.306818181818187,1.0,0.0027820006080875657,54.75,60.76,-7.5,-0.83
scotland,2012,14,9,2012,14,2012-04-02,9,58.60222222222222,-1.4803333333333333,0.0378787878787878,11.27946127946128,3041.8943533697625,252.52525252525245,2.2777777777777777,0.08941358758192836,54.75,60.76,-7.5,-0.83
scotland,2012,15,18,2012,15,2012-04-09,18,58.31027777777778,-3.313,0.24999999999999994,15.319865319865322,6821.493624772317,75.75757575757578,2.4722222222222223,0.030799651455139267,54.75,60.76,-7.5,-0.83
scotland,2012,19,6,2012,19,2012-05-07,6,59.742333333333335,-5.988499999999999,0.4242424242424243,25.505050505050516,3251.3661202185795,492.42424242424335,2.5833333333333335,0.5840698653198659,54.75,60.76,-7.5,-0.83
scotland,2012,21,8,2012,21,2012-05-21,8,58.789875,-1.431125,0.2556818181818181,84.65909090909095,307.3770491803279,298.2954545454546,1.125,1.1170129870129881,54.75,60.76,-7.5,-0.83
scotland,2012,23,29,2012,23,2012-06-04,29,58.71506896551725,-3.548793103448276,1.0846394984326022,59.404388714733564,562.4646693046917,242.9467084639499,1.8275862068965518,0.7918715836205962,54.75,60.76,-7.5,-0.83
scotland,2012,24,8,2012,24,2012-06-11,8,58.789625,-1.42875,0.5909090909090903,90.15151515151524,348.36065573770446,5170.454545454541,2.1875,12.479494463869482,54.75,60.76,-7.5,-0.83
scotland,2012,27,16,2012,27,2012-07-02,16,58.476749999999996,-3.5685625,0.08096590909090909,8.617424242424246,978.4836065573767,958.806818181818,1.5625,1.3850151045127148,54.75,60.76,-7.5,-0.83
scotland,2012,28,9,2012,28,2012-07-09,9,58.65977777777778,-1.4500000000000002,0.005050505050505045,18.855218855218848,519.1256830601092,4494.949494949495,1.7777777777777777,9.617031464775835,54.75,60.76,-7.5,-0.83
scotland,2012,32,8,2012,32,2012-08-06,8,58.806125,-1.427125,1.0624999999999996,144.6969696969698,604.5081967213109,3650.568181818181,1.125,8.753806487630028,54.75,60.76,-7.5,-0.83
scotland,2012,33,17,2012,33,2012-08-13,17,58.44429411764706,-3.2549411764705884,1.2352941176470589,72.81639928698753,795.5641272902598,267.3796791443852,1.1176470588235294,0.26598554555492393,54.75,60.76,-7.5,-0.83
scotland,2012,36,2,2012,36,2012-09-03,2,57.310500000000005,-1.4195,0.8522727272727266,97.7272727272726,819.6721311475394,681.818181818182,1.5,0.914085914085915,54.75,60.76,-7.5,-0.83
scotland,2012,37,30,2012,37,2012-09-10,30,58.02236666666667,-2.8388,0.2590909090909089,23.484848484848488,1459.0163934426243,193.1818181818182,1.3666666666666667,0.1292056764507422,54.75,60.76,-7.5,-0.83
scotland,2012,41,17,2012,41,2012-10-08,17,58.33023529411765,-3.4154705882352943,0.22459893048128332,12.29946524064172,1104.146576663452,427.8074866310167,1.0588235294117647,0.260606361607614,54.75,60.76,-7.5,-0.83
scotland,2012,42,2,2012,42,2012-10-15,2,57.314499999999995,-1.405,4.386363636363635,44.6969696969697,122.950819672131,0.0,1.0,0.0,54.75,60.76,-7.5,-0.83
scotland,2012,45,26,2012,45,2012-11-05,26,58.52515384615385,-2.652269230769231,0.16520979020979018,2.972027972027975,223.83354350567464,52.44755244755246,0.3076923076923077,0.17329545454545472,54.75,60.76,-7.5,-0.83
scotland,2012,46,2,2012,46,2012-11-12,2,57.295500000000004,-1.4815,0.454545454545455,1.515151515151515,122.950819672131,0.0,1.0,0.0,54.75,60.76,-7.5,-0.83
scotland,2012,49,25,2012,49,2012-12-03,25,58.48612,-2.77356,0.07727272727272723,2.363636363636365,62.295081967213285,0.0,0.76,0.0,54.75,60.76,-7.5,-0.83
scotland,2013,2,2,2013,2,2013-01-07,2,57.287000000000006,-1.505,0.0,0.0,0.0,0.0,0.5,,54.75,60.76,-7.5,-0.83
scotland,2013,3,17,2013,3,2013-01-14,17,58.33682352941177,-3.3905882352941177,0.024064171122994638,0.53475935828877,28.92960462873671,0.0,0.11764705882352941,0.0,54.75,60.76,-7.5,-0.83
scotland,2013,5,9,2013,5,2013-01-28,9,58.62622222222222,-1.4483333333333333,0.03535353535353537,1.6835016835016832,0.0,0.0,0.0,,54.75,60.76,-7.5,-0.83
scotland,2013,6,2,2013,6,2013-02-04,2,57.310500000000005,-1.3985,0.01136363636363635,0.0,0.0,0.0,1.0,,54.75,60.76,-7.5,-0.83
scotland,2013,7,10,2013,7,2013-02-11,10,57.7356,-2.091,0.05681818181818175,2.1212121212121207,0.0,0.0,0.2,,54.75,60.76,-7.5,-0.83
scotland,2013,11,26,2013,11,2013-03-11,26,58.629999999999995,-2.845846153846154,0.03758741258741256,2.4475524475524475,583.2282471626736,0.0,0.9615384615384616,0.0,54.75,60.76,-7.5,-0.83
scotland,2013,13,2,2013,13,2013-03-25,2,57.2965,-1.4715,0.0,1.515151515151515,1270.4918032786875,0.0,1.0,0.0,54.75,60.76,-7.5,-0.83
scotland,2013,15,8,2013,15,2013-04-08,8,58.80525,-1.4304999999999999,0.10511363636363645,20.265151515151523,4098.360655737707,85.22727272727275,2.3125,0.0532883522727272,54.75,60.76,-7.5,-0.83
scotland,2013,17,1,2013,17,2013-04-22,1,57.32,-1.313,0.0681818181818182,15.1515151515152,819.672131147541,0.0,6.5,0.0,54.75,60.76,-7.5,-0.83
scotland,2013,19,27,2013,19,2013-05-06,27,58.47814814814815,-2.589814814814815,0.19107744107744104,57.18294051627384,5088.038858530661,189.39393939393935,4.037037037037037,0.07988102699631894,54.75,60.76,-7.5,-0.83
scotland,2013,25,26,2013,25,2013-06-17,26,58.547423076923074,-2.682346153846154,0.4484265734265734,23.543123543123553,296.3430012610342,1236.888111888112,2.0576923076923075,3.574033605283608,54.75,60.76,-7.5,-0.83
scotland,2013,27,2,2013,27,2013-07-01,2,57.3155,-1.415,4.375,38.6363636363636,368.8524590163935,738.6363636363654,1.5,1.540404040404045,54.75,60.76,-7.5,-0.83
scotland,2013,29,25,2013,29,2013-07-15,25,58.50167999999999,-2.80428,1.2836363636363641,27.03030303030303,262.29508196721315,2986.363636363638,1.74,14.983942495126717,54.75,60.76,-7.5,-0.83
scotland,2013,32,2,2013,32,2013-08-05,2,57.299,-1.339,0.0,36.36363636363635,1803.2786885245926,9545.454545454544,2.0,11.625996810207326,54.75,60.76,-7.5,-0.83
scotland,2013,33,25,2013,33,2013-08-12,25,58.570240000000005,-2.66436,0.8163636363636367,80.30303030303027,662.295081967213,1118.181818181818,4.34,2.3809616096622674,54.75,60.76,-7.5,-0.83
scotland,2013,37,19,2013,37,2013-09-09,19,58.26147368421053,-3.2205263157894737,0.06339712918660291,10.28708133971292,742.0189818809317,281.1004784688998,1.263157894736842,0.2627895805884941,54.75,60.76,-7.5,-0.83
scotland,2013,41,19,2013,41,2013-10-07,19,58.23178947368421,-3.220157894736842,0.13038277511961727,19.218500797448172,176.87661777394328,209.3301435406701,1.2105263157894737,1.588541666666669,54.75,60.76,-7.5,-0.83
scotland,2013,42,8,2013,42,2013-10-14,8,58.789875,-1.430875,0.5312499999999998,33.522727272727266,30.73770491803275,42.613636363636374,1.125,0.0,54.75,60.76,-7.5,-0.83
scotland,2013,45,19,2013,45,2013-11-04,19,58.25110526315789,-3.2136842105263157,0.12799043062200965,3.0303030303030347,258.84383088869714,71.77033492822969,1.2105263157894737,0.08257018716577541,54.75,60.76,-7.5,-0.83
scotland,2013,48,8,2013,48,2013-11-25,8,58.789625,-1.431125,0.26988636363636365,8.522727272727272,61.4754098360655,0.0,1.0,0.0,54.75,60.76,-7.5,-0.83
scotland,2013,49,19,2013,49,2013-12-02,19,58.30821052631579,-3.124736842105263,0.14114832535885177,2.1531100478468925,64.71095772217426,0.0,0.631578947368421,0.0,54.75,60.76,-7.5,-0.83
scotland,2013,50,8,2013,50,2013-12-09,8,58.820875,-1.439125,0.5767045454545464,7.196969696969693,30.73770491803275,0.0,1.0,0.0,54.75,60.76,-7.5,-0.83
scotland,2014,2,2,2014,2,2014-01-06,2,57.798500000000004,-1.617,0.0,0.0,0.0,0.0,0.0,,54.75,60.76,-7.5,-0.83
scotland,2014,3,17,2014,3,2014-01-13,17,58.357,-3.479764705882353,0.032085561497326234,0.6238859180035652,0.0,0.0,0.6470588235294118,,54.75,60.76,-7.5,-0.83
scotland,2014,7,24,2014,7,2014-02-10,24,58.40495833333333,-2.7678333333333334,0.01704545454545454,0.37878787878787873,20.4918032786885,0.0,1.0,0.0,54.75,60.76,-7.5,-0.83
scotland,2014,10,2,2014,10,2014-03-03,2,57.2885,-1.476,0.02272727272727275,0.0,122.950819672131,0.0,1.0,0.0,54.75,60.76,-7.5,-0.83
scotland,2014,11,9,2014,11,2014-03-10,9,58.65477777777778,-1.4521111111111111,0.02020202020202022,1.5151515151515156,1948.998178506376,0.0,1.1111111111111112,0.0,54.75,60.76,-7.5,-0.83
scotland,2014,15,11,2014,15,2014-04-07,11,57.58745454545454,-1.9967272727272727,0.165289256198347,6.749311294765847,447.0938897168413,92.97520661157027,1.1818181818181819,0.1299715909090905,54.75,60.76,-7.5,-0.83
scotland,2014,16,8,2014,16,2014-04-14,8,59.258625,-3.755875,0.5028409090909096,6.0606060606060606,3790.983606557377,0.0,1.8125,0.0,54.75,60.76,-7.5,-0.83
scotland,2014,17,9,2014,17,2014-04-21,9,58.640888888888895,-1.4482222222222223,1.7171717171717187,34.68013468013464,1857.9234972677586,37.87878787878789,1.7222222222222223,0.07702020202020197,54.75,60.76,-7.5,-0.83
scotland,2014,19,17,2014,19,2014-05-05,17,58.211,-3.3381176470588234,0.8168449197860961,74.24242424242425,2492.7675988428155,2165.775401069521,2.323529411764706,1.904780552071035,54.75,60.76,-7.5,-0.83
scotland,2014,21,11,2014,21,2014-05-19,11,58.404545454545456,-1.4487272727272726,1.2086776859504131,70.66115702479331,521.6095380029805,764.4628099173548,1.2727272727272727,2.2446827863494523,54.75,60.76,-7.5,-0.83
scotland,2014,23,18,2014,23,2014-06-02,18,58.06127777777778,-3.041888888888889,0.16792929292929284,24.49494949494948,1074.6812386156648,18.939393939393945,1.2222222222222223,0.003897929624265144,54.75,60.76,-7.5,-0.83
scotland,2014,25,9,2014,25,2014-06-16,9,58.625,-1.466888888888889,0.030303030303030346,6.902356902356907,2704.9180327868853,1704.545454545455,1.3333333333333333,0.8920048491514743,54.75,60.76,-7.5,-0.83
scotland,2014,27,2,2014,27,2014-06-30,2,57.35,-1.1915,0.0,1.515151515151515,1721.311475409835,0.0,1.0,0.0,54.75,60.76,-7.5,-0.83
scotland,2014,28,9,2014,28,2014-07-07,9,58.64433333333333,-1.4642222222222223,1.8459595959595951,103.36700336700333,1065.5737704918035,1578.282828282827,2.3333333333333335,1.3100964152474315,54.75,60.76,-7.5,-0.83
scotland,2014,29,16,2014,29,2014-07-14,16,58.169125,-3.2585625,0.7571022727272725,43.750000000000014,2464.1393442622957,944.602272727273,2.875,0.8296491051170268,54.75,60.76,-7.5,-0.83
scotland,2014,32,2,2014,32,2014-08-04,2,57.3125,-1.4125,0.01136363636363635,2.272727272727275,1188.524590163936,1931.81818181818,1.5,4.381264568764569,54.75,60.76,-7.5,-0.83
scotland,2014,34,9,2014,34,2014-08-18,9,58.62800000000001,-1.4701111111111111,0.40656565656565646,32.49158249158252,3469.9453551912625,2828.2828282828314,6.5,2.594989978618201,54.75,60.76,-7.5,-0.83
scotland,2014,35,17,2014,35,2014-08-25,17,58.36052941176471,-3.4588823529411767,0.39705882352941213,33.95721925133691,1007.7145612343304,100.26737967914441,1.4705882352941178,0.13824576800887295,54.75,60.76,-7.5,-0.83
scotland,2014,36,2,2014,36,2014-09-01,2,57.301,-1.4435,0.284090909090909,29.545454545454565,286.8852459016395,170.4545454545455,2.0,0.594155844155844,54.75,60.76,-7.5,-0.83
scotland,2014,37,8,2014,37,2014-09-08,8,58.7925,-1.4505,0.4090909090909087,41.856060606060616,1588.1147540983604,383.522727272727,1.5,0.5548841111042071,54.75,60.76,-7.5,-0.83
scotland,2014,39,17,2014,39,2014-09-22,17,58.307529411764705,-3.2968823529411764,0.41443850267379645,22.192513368983963,289.2960462873675,60.16042780748665,1.2941176470588236,0.3961038961038966,54.75,60.76,-7.5,-0.83
scotland,2014,40,2,2014,40,2014-09-29,2,57.310500000000005,-1.4515,2.69318181818182,29.54545454545455,122.950819672131,0.0,1.0,0.0,54.75,60.76,-7.5,-0.83
scotland,2014,41,9,2014,41,2014-10-06,9,58.62711111111111,-1.4715555555555555,1.6691919191919196,51.010101010101,591.9854280510015,113.63636363636367,1.1111111111111112,0.2150278293135435,54.75,60.76,-7.5,-0.83
scotland,2014,43,17,2014,43,2014-10-20,17,58.327176470588235,-3.338235294117647,0.20187165775401067,2.5846702317290577,57.859209257473466,153.74331550802157,1.0,1.309343434343435,54.75,60.76,-7.5,-0.83
scotland,2014,45,9,2014,45,2014-11-03,9,58.62611111111111,-1.4756666666666667,0.3055555555555556,8.080808080808094,91.07468123861567,0.0,1.0,0.0,54.75,60.76,-7.5,-0.83
scotland,2014,47,17,2014,47,2014-11-17,17,58.27158823529412,-3.3058823529411767,0.18716577540106955,3.0303030303030316,57.85920925747347,0.0,1.0,0.0,54.75,60.76,-7.5,-0.83
scotland,2014,49,9,2014,49,2014-12-01,9,58.718555555555554,-1.3513333333333333,0.01767676767676768,0.0,81.967213114754,0.0,1.0,0.0,54.75,60.76,-7.5,-0.83
scotland,2014,50,2,2014,50,2014-12-08,2,57.310500000000005,-1.4465,0.14772727272727249,2.272727272727275,0.0,0.0,1.0,,54.75,60.76,-7.5,-0.83
scotland,2014,51,21,2014,51,2014-12-15,21,57.82680952380953,-3.106952380952381,0.001082251082251081,0.21645021645021667,35.12880562060886,0.0,1.0,0.0,54.75,60.76,-7.5,-0.83
scotland,2015,3,21,2015,3,2015-01-12,21,57.85338095238095,-3.114095238095238,0.005411255411255409,0.1443001443001443,11.709601873536286,0.0,1.0,0.0,54.75,60.76,-7.5,-0.83
scotland,2015,6,9,2015,6,2015-02-02,9,58.62766666666667,-1.4701111111111111,0.027777777777777776,0.0,54.644808743169335,0.0,1.0,0.0,54.75,60.76,-7.5,-0.83
scotland,2015,7,19,2015,7,2015-02-09,19,58.09073684210526,-3.166526315789474,0.04425837320574163,0.7177033492822968,51.768766177739415,0.0,0.9473684210526315,0.0,54.75,60.76,-7.5,-0.83
scotland,2015,10,9,2015,10,2015-03-02,9,58.80166666666667,-1.839888888888889,0.0025252525252525224,1.5151515151515156,1083.7887067395268,189.39393939393943,1.5555555555555556,0.13861893971131511,54.75,60.76,-7.5,-0.83
scotland,2015,11,16,2015,11,2015-03-09,16,58.0936875,-3.147125,0.0014204545454545438,0.37878787878787873,491.80327868852504,21.306818181818187,0.375,0.012161084529505569,54.75,60.76,-7.5,-0.83
scotland,2015,12,2,2015,12,2015-03-16,2,57.3135,-1.384,0.0,0.0,901.6393442622975,0.0,0.5,0.0,54.75,60.76,-7.5,-0.83
scotland,2015,15,25,2015,15,2015-04-06,25,58.436800000000005,-2.69856,0.5263636363636361,23.818181818181834,1445.9016393442623,81.81818181818184,1.16,0.048801593521421015,54.75,60.76,-7.5,-0.83
scotland,2015,19,19,2015,19,2015-05-04,19,58.16715789473684,-3.112894736842105,0.10645933014354061,33.891547049441805,4361.518550474543,131.57894736842104,4.2105263157894735,0.045284765080245634,54.75,60.76,-7.5,-0.83
scotland,2015,22,8,2015,22,2015-05-25,8,58.80275,-1.388625,1.5482954545454541,86.93181818181827,5686.475409836072,568.1818181818186,5.9375,0.10276250339777299,54.75,60.76,-7.5,-0.83
scotland,2015,24,9,2015,24,2015-06-08,9,58.62722222222222,-1.4172222222222224,0.8005050505050502,65.31986531986539,2887.067395264116,391.41414141414145,3.888888888888889,0.5987235287235289,54.75,60.76,-7.5,-0.83
scotland,2015,25,17,2015,25,2015-06-15,17,58.27458823529412,-3.3047647058823526,0.2740641711229948,15.240641711229955,1282.545805207329,20.05347593582888,1.7647058823529411,0.04951298701298699,54.75,60.76,-7.5,-0.83
scotland,2015,28,2,2015,28,2015-07-06,2,57.309,-1.3985,0.0,28.787878787878764,2418.0327868852446,1136.363636363635,4.25,0.4077540106951866,54.75,60.76,-7.5,-0.83
scotland,2015,29,9,2015,29,2015-07-13,9,58.62800000000001,-1.47,0.23737373737373732,95.45454545454548,455.37340619307867,1565.6565656565645,3.5,4.1208703577124615,54.75,60.76,-7.5,-0.83
scotland,2015,32,10,2015,32,2015-08-03,10,58.4902,-1.4362,0.07954545454545456,47.12121212121211,1434.4262295081955,5215.9090909090955,4.95,4.913799796694545,54.75,60.76,-7.5,-0.83
scotland,2015,33,17,2015,33,2015-08-10,17,58.27758823529412,-3.3120000000000003,0.022727272727272752,3.4759358288770046,1065.5737704918033,381.01604278074905,2.735294117647059,0.4929294186252576,54.75,60.76,-7.5,-0.83
scotland,2015,36,8,2015,36,2015-08-31,8,58.80625,-1.427125,0.5738636363636362,57.007575757575815,3504.0983606557365,2230.1136363636356,5.375,0.5548480339105339,54.75,60.76,-7.5,-0.83
scotland,2015,37,19,2015,37,2015-09-07,19,58.177263157894735,-3.1003684210526314,0.15669856459330136,42.583732057416285,414.1501294219153,520.3349282296655,2.0789473684210527,2.0002465483234753,54.75,60.76,-7.5,-0.83
scotland,2015,41,27,2015,41,2015-10-05,27,58.26492592592593,-2.35537037037037,0.24579124579124556,22.61503928170596,434.12264723740157,0.0,1.2037037037037037,0.0,54.75,60.76,-7.5,-0.83
scotland,2015,45,19,2015,45,2015-11-02,19,58.166421052631584,-3.0803157894736843,0.12559808612440182,3.8277511961722506,332.18291630716084,35.88516746411484,1.0,0.023106060606060668,54.75,60.76,-7.5,-0.83
scotland,2015,48,8,2015,48,2015-11-23,8,58.800375,-1.376875,0.088068181818182,1.8939393939393911,92.21311475409826,0.0,1.0,0.0,54.75,60.76,-7.5,-0.83
scotland,2015,49,16,2015,49,2015-11-30,16,58.459125,-2.10575,0.20170454545454541,1.5151515151515156,46.10655737704913,0.0,0.0625,0.0,54.75,60.76,-7.5,-0.83
scotland,2015,50,9,2015,50,2015-12-07,9,58.68055555555556,-1.6364444444444444,0.06818181818181819,2.356902356902357,81.967213114754,0.0,1.0,0.0,54.75,60.76,-7.5,-0.83
scotland,2015,51,3,2015,51,2015-12-14,3,58.21099999999999,-3.404,0.0,0.0,0.0,0.0,0.6666666666666666,,54.75,60.76,-7.5,-0.83
scotland,2016,2,26,2016,2,2016-01-11,26,58.39361538461538,-2.608692307692308,0.08129370629370627,1.0489510489510492,9.457755359394692,0.0,0.6538461538461539,0.0,54.75,60.76,-7.5,-0.83
scotland,2016,6,18,2016,6,2016-02-08,18,58.299166666666665,-3.247333333333333,0.00505050505050505,0.16835016835016833,40.983606557377,0.0,1.0,0.0,54.75,60.76,-7.5,-0.83
scotland,2016,9,10,2016,9,2016-02-29,10,58.75320000000001,-1.9307000000000003,0.0,1.060606060606061,614.7540983606553,102.2727272727273,1.0,0.18827160493827183,54.75,60.76,-7.5,-0.83
scotland,2016,10,19,2016,10,2016-03-07,19,58.18294736842105,-3.1473684210526316,0.02631578947368421,0.877192982456141,1371.8723037100947,0.0,1.1578947368421053,0.0,54.75,60.76,-7.5,-0.83
scotland,2016,11,9,2016,11,2016-03-14,9,58.627,-1.4266666666666667,0.01767676767676768,4.882154882154884,4371.584699453553,0.0,3.2777777777777777,0.0,54.75,60.76,-7.5,-0.83
scotland,2016,14,2,2016,14,2016-04-04,2,57.2945,-1.4825,0.0454545454545455,18.93939393939395,3688.524590163935,0.0,2.0,0.0,54.75,60.76,-7.5,-0.83
scotland,2016,16,26,2016,16,2016-04-18,26,58.40088461538461,-2.6487307692307693,0.13723776223776235,13.34498834498835,5993.06431273644,323.4265734265733,3.173076923076923,0.03794332178310755,54.75,60.76,-7.5,-0.83
scotland,2016,19,2,2016,19,2016-05-09,2,57.2975,-1.4515,0.0,0.0,2581.967213114755,0.0,2.0,0.0,54.75,60.76,-7.5,-0.83
scotland,2016,20,25,2016,20,2016-05-16,25,58.47956,-2.77896,0.19818181818181807,57.33333333333336,1281.9672131147547,327.2727272727275,2.8,0.6545973438024567,54.75,60.76,-7.5,-0.83
scotland,2016,24,17,2016,24,2016-06-13,17,58.28870588235294,-3.335176470588235,0.0842245989304813,1.6934046345811042,1239.1513982642248,207.2192513368982,3.176470588235294,0.32647416535243545,54.75,60.76,-7.5,-0.83
scotland,2016,25,9,2016,25,2016-06-20,9,58.65855555555556,-1.4756666666666667,0.11616161616161613,37.54208754208754,136.61202185792342,5681.818181818182,2.7777777777777777,25.301136363636395,54.75,60.76,-7.5,-0.83
scotland,2016,27,2,2016,27,2016-07-04,2,57.286500000000004,-1.4415,0.0,0.0,122.950819672131,1818.1818181818198,1.0,4.621212121212141,54.75,60.76,-7.5,-0.83
scotland,2016,28,26,2016,28,2016-07-11,26,58.41280769230769,-2.688346153846154,0.07342657342657342,22.55244755244755,832.2824716267337,3933.566433566434,2.75,7.8105482503333405,54.75,60.76,-7.5,-0.83
scotland,2016,32,26,2016,32,2016-08-08,26,58.289692307692306,-2.4014615384615388,0.08741258741258741,26.74825174825173,1595.2080706179056,1743.8811188811192,3.4038461538461537,0.8576806355952761,54.75,60.76,-7.5,-0.83
scotland,2016,36,17,2016,36,2016-09-05,17,58.04570588235294,-3.057705882352941,0.042780748663101616,23.5294117647059,506.26808100289287,1864.9732620320883,3.2941176470588234,3.1187963647313293,54.75,60.76,-7.5,-0.83
scotland,2016,37,9,2016,37,2016-09-12,9,58.67466666666667,-1.466,0.6515151515151519,169.5286195286196,54.644808743169335,75.75757575757578,1.0,1.3863636363636382,54.75,60.76,-7.5,-0.83
scotland,2016,40,17,2016,40,2016-10-03,17,58.304529411764705,-3.3485294117647055,0.427807486631016,24.509803921568633,496.6248794599806,40.10695187165776,1.5,0.0237662337662338,54.75,60.76,-7.5,-0.83
scotland,2016,41,2,2016,41,2016-10-10,2,57.2945,-1.4655,0.10227272727272735,6.06060606060605,368.8524590163935,0.0,2.0,0.0,54.75,60.76,-7.5,-0.83
scotland,2016,42,8,2016,42,2016-10-17,8,58.807,-1.439375,0.5227272727272733,30.492424242424242,358.6065573770496,127.84090909090912,1.375,0.5611471861471867,54.75,60.76,-7.5,-0.83
scotland,2016,45,2,2016,45,2016-11-07,2,57.2975,-1.4745,0.09090909090909086,4.545454545454545,491.8032786885245,0.0,1.5,0.0,54.75,60.76,-7.5,-0.83
scotland,2016,46,26,2016,46,2016-11-14,26,58.435115384615386,-2.6864615384615385,0.10227272727272738,4.778554778554779,28.37326607818408,26.22377622377623,1.0,0.0,54.75,60.76,-7.5,-0.83
scotland,2016,48,17,2016,48,2016-11-28,17,58.295117647058824,-3.3267058823529414,0.06283422459893045,0.89126559714795,43.39440694310506,0.0,0.6470588235294118,0.0,54.75,60.76,-7.5,-0.83
scotland,2016,49,8,2016,49,2016-12-05,8,58.807,-1.43925,0.0,1.3257575757575761,0.0,0.0,1.0,,54.75,60.76,-7.5,-0.83
scotland,2017,2,23,2017,2,2017-01-09,23,58.12721739130434,-2.935304347826087,0.06225296442687747,1.4492753623188412,64.14825374198143,0.0,1.0434782608695652,0.0,54.75,60.76,-7.5,-0.83
scotland,2017,3,4,2017,3,2017-01-16,4,57.83775,-1.6475,0.34659090909090884,3.40909090909091,0.0,0.0,1.0,,54.75,60.76,-7.5,-0.83
scotland,2017,6,26,2017,6,2017-02-06,26,58.43042307692308,-2.6968846153846155,0.07080419580419578,1.1072261072261076,104.03530895334168,13.111888111888115,0.9615384615384616,0.0,54.75,60.76,-7.5,-0.83
scotland,2017,8,2,2017,8,2017-02-20,2,57.310500000000005,-1.3695,0.0,0.0,245.901639344262,0.0,1.0,0.0,54.75,60.76,-7.5,-0.83
scotland,2017,10,9,2017,10,2017-03-06,9,58.644111111111116,-1.4912222222222222,0.015151515151515145,5.050505050505049,683.0601092896169,0.0,1.0,0.0,54.75,60.76,-7.5,-0.83
scotland,2017,12,14,2017,12,2017-03-20,14,58.52428571428572,-3.535642857142857,0.1801948051948051,4.9783549783549805,497.6580796252933,24.350649350649356,1.1428571428571428,0.0,54.75,60.76,-7.5,-0.83
scotland,2017,13,2,2017,13,2017-03-27,2,57.278499999999994,-1.4685000000000001,0.5681818181818185,20.45454545454545,778.688524590165,0.0,1.0,0.0,54.75,60.76,-7.5,-0.83
scotland,2017,17,2,2017,17,2017-04-24,2,57.286,-1.465,0.3522727272727275,71.96969696969715,1680.3278688524595,170.4545454545455,1.0,0.07170846394984325,54.75,60.76,-7.5,-0.83
scotland,2017,18,14,2017,18,2017-05-01,14,58.5955,-3.5795,1.4529220779220775,89.93506493506493,2587.822014051521,24.350649350649356,2.0,0.0027201379392353935,54.75,60.76,-7.5,-0.83
scotland,2017,19,8,2017,19,2017-05-08,8,58.790625,-1.4425,0.5085227272727273,80.11363636363635,1536.8852459016382,653.4090909090908,2.0625,0.5094814605684166,54.75,60.76,-7.5,-0.83
scotland,2017,20,2,2017,20,2017-05-15,2,57.32,-1.4264999999999999,0.4659090909090905,11.363636363636365,122.950819672131,0.0,1.0,0.0,54.75,60.76,-7.5,-0.83
scotland,2017,24,23,2017,24,2017-06-12,23,58.596000000000004,-2.730739130434783,0.5760869565217395,78.19499341238472,1168.9237348538848,222.33201581027717,1.4130434782608696,0.3808889678030316,54.75,60.76,-7.5,-0.83
scotland,2017,28,23,2017,28,2017-07-10,23,58.523999999999994,-2.5567391304347824,0.06521739130434784,25.691699604743082,1268.7099073414117,2618.5770750988145,2.3043478260869565,3.8633996827011083,54.75,60.76,-7.5,-0.83
scotland,2017,32,24,2017,32,2017-08-07,24,58.58716666666667,-2.663875,0.10984848484848485,19.255050505050498,1902.3224043715863,2665.719696969694,1.7916666666666667,2.5864915925266683,54.75,60.76,-7.5,-0.83
scotland,2017,36,10,2017,36,2017-09-04,10,58.517999999999994,-1.4418,0.5977272727272726,77.42424242424248,483.60655737704883,1397.7272727272723,1.65,3.299723193473194,54.75,60.76,-7.5,-0.83
scotland,2017,38,5,2017,38,2017-09-18,5,60.141,-2.1078,0.5863636363636372,90.00000000000009,426.22950819672224,68.1818181818182,1.0,0.086647727272727,54.75,60.76,-7.5,-0.83
scotland,2017,40,17,2017,40,2017-10-02,17,58.47558823529412,-3.413705882352941,0.05213903743315507,4.010695187165779,221.79363548698188,140.37433155080197,1.8823529411764706,0.9314630681818172,54.75,60.76,-7.5,-0.83
scotland,2017,41,8,2017,41,2017-10-09,8,58.85025,-1.537125,0.5454545454545454,32.57575757575759,92.21311475409837,42.613636363636374,1.0,0.0,54.75,60.76,-7.5,-0.83
scotland,2017,46,21,2017,46,2017-11-13,21,58.78061904761905,-2.6767142857142856,0.18073593073593042,3.463203463203464,128.8056206088993,0.0,1.0,0.0,54.75,60.76,-7.5,-0.83
scotland,2017,47,3,2017,47,2017-11-20,3,57.981,-1.6073333333333333,0.18939393939393945,2.5252525252525264,81.967213114754,0.0,1.0,0.0,54.75,60.76,-7.5,-0.83
scotland,2017,50,28,2017,50,2017-12-11,28,58.36807142857143,-2.6687499999999997,0.030844155844155875,1.0281385281385282,35.12880562060886,0.0,0.75,0.0,54.75,60.76,-7.5,-0.83
scotland,2018,2,26,2018,2,2018-01-08,26,58.5555,-2.7433846153846155,0.07342657342657344,1.4568764568764567,0.0,0.0,0.07692307692307693,,54.75,60.76,-7.5,-0.83
scotland,2018,6,13,2018,6,2018-02-05,13,58.617538461538466,-3.2179230769230767,0.003496503496503492,0.582750582750583,0.0,0.0,1.0,,54.75,60.76,-7.5,-0.83
scotland,2018,7,2,2018,7,2018-02-12,2,57.2885,-1.5105,0.0,0.0,122.950819672131,0.0,1.0,0.0,54.75,60.76,-7.5,-0.83
scotland,2018,8,8,2018,8,2018-02-19,8,58.81325,-1.362625,0.005681818181818175,3.03030303030303,307.37704918032796,85.22727272727275,1.0,0.09242424242424244,54.75,60.76,-7.5,-0.83
scotland,2018,10,16,2018,10,2018-03-05,16,58.443125,-3.3576875,0.035511363636363584,1.8939393939393938,256.1475409836062,0.0,1.0,0.0,54.75,60.76,-7.5,-0.83
scotland,2018,12,16,2018,12,2018-03-19,16,59.2635,-1.948,0.05255681818181816,5.303030303030301,937.5,21.306818181818187,1.25,0.02166193181818175,54.75,60.76,-7.5,-0.83
scotland,2018,14,2,2018,14,2018-04-02,2,57.292500000000004,-1.4895,0.01136363636363635,12.87878787878789,1352.459016393445,0.0,1.0,0.0,54.75,60.76,-7.5,-0.83
scotland,2018,15,8,2018,15,2018-04-09,8,58.822625,-1.42325,0.5085227272727267,20.454545454545457,5174.180327868849,85.22727272727275,2.0625,0.025360310421286024,54.75,60.76,-7.5,-0.83
scotland,2018,16,14,2018,16,2018-04-16,14,58.621857142857145,-3.6511428571428572,0.11363636363636356,5.952380952380957,4238.875878220144,178.57142857142864,2.1785714285714284,0.03106387629896227,54.75,60.76,-7.5,-0.83
scotland,2018,19,10,2018,19,2018-05-07,10,58.5193,-1.4742000000000002,0.11590909090909088,50.90909090909092,3729.5081967213155,1204.5454545454545,2.85,1.2081726334127916,54.75,60.76,-7.5,-0.83
scotland,2018,20,16,2018,20,2018-05-14,16,58.4529375,-3.48225,0.5255681818181818,35.98484848484845,97.33606557377044,21.306818181818187,1.1875,0.0,54.75,60.76,-7.5,-0.83
scotland,2018,24,11,2018,24,2018-06-11,11,58.64454545454546,-1.9801818181818183,0.6260330578512396,44.903581267217646,178.83755588673617,754.1322314049593,1.0,5.699494949494956,54.75,60.76,-7.5,-0.83
scotland,2018,27,2,2018,27,2018-07-02,2,57.2935,-1.4835,0.01136363636363635,0.75757575757576,778.6885245901624,340.909090909091,1.0,0.5065559440559444,54.75,60.76,-7.5,-0.83
scotland,2018,28,23,2018,28,2018-07-09,23,58.64039130434783,-2.7698695652173915,0.10375494071146239,27.140974967061933,213.82751247327187,1131.4229249011862,1.5217391304347827,5.620870159932665,54.75,60.76,-7.5,-0.83
scotland,2018,32,24,2018,32,2018-08-06,24,58.56125,-2.659125,0.447916666666667,36.99494949494947,730.874316939891,2149.6212121212125,1.3541666666666667,4.168751556581592,54.75,60.76,-7.5,-0.83
scotland,2018,33,8,2018,33,2018-08-13,8,58.835,-1.394125,1.397727272727273,49.62121212121214,1075.8196721311474,170.4545454545455,1.5,0.1695444706808344,54.75,60.76,-7.5,-0.83
scotland,2018,36,16,2018,36,2018-09-03,16,58.445375,-3.3146875,0.5710227272727272,41.76136363636364,476.4344262295083,177.55681818181802,1.4375,0.3749071598336303,54.75,60.76,-7.5,-0.83
scotland,2018,38,14,2018,38,2018-09-17,14,59.34285714285714,-1.8430714285714287,0.8538961038961042,70.67099567099574,889.9297423887591,24.350649350649356,1.0,0.0,54.75,60.76,-7.5,-0.83
scotland,2018,41,15,2018,41,2018-10-08,15,59.3274,-1.9919333333333333,0.6257575757575756,26.767676767676768,797.8142076502724,68.1818181818182,1.0,0.027007083825265708,54.75,60.76,-7.5,-0.83
scotland,2018,42,15,2018,42,2018-10-15,15,58.3538,-3.082066666666667,0.37575757575757573,6.262626262626265,344.26229508196707,90.90909090909093,1.0,0.16975881261595543,54.75,60.76,-7.5,-0.83
scotland,2018,46,23,2018,46,2018-11-12,23,58.37295652173913,-2.5844347826086955,0.14130434782608697,2.4374176548089603,203.1361368496079,0.0,1.0,0.0,54.75,60.76,-7.5,-0.83
scotland,2018,50,23,2018,50,2018-12-10,23,58.518,-2.5431304347826087,0.0652173913043478,1.3833992094861665,53.45687811831787,0.0,1.0,0.0,54.75,60.76,-7.5,-0.83
scotland,2018,51,5,2018,51,2018-12-17,5,60.147400000000005,-2.1274,0.013636363636363641,0.0,0.0,0.0,0.0,,54.75,60.76,-7.5,-0.83
scotland,2019,1,2,2019,1,2018-12-31,2,57.2915,-1.5065,0.01136363636363635,5.3030303030303045,122.950819672131,0.0,1.0,0.0,54.75,60.76,-7.5,-0.83
scotland,2019,2,25,2019,2,2019-01-07,25,58.53828000000001,-2.54756,0.0981818181818182,1.333333333333333,59.01639344262292,0.0,1.0,0.0,54.75,60.76,-7.5,-0.83
scotland,2019,6,26,2019,6,2019-02-04,26,58.55073076923077,-2.4400769230769233,0.0026223776223776234,0.174825174825175,28.373266078184113,0.0,0.6923076923076923,0.0,54.75,60.76,-7.5,-0.83
scotland,2019,7,2,2019,7,2019-02-11,2,57.295500000000004,-1.4655,0.0,0.0,0.0,0.0,1.0,,54.75,60.76,-7.5,-0.83
scotland,2019,10,18,2019,10,2019-03-04,18,57.99827777777778,-2.1069444444444443,0.06691919191919192,2.3569023569023573,327.8688524590162,0.0,1.0,0.0,54.75,60.76,-7.5,-0.83
scotland,2019,11,10,2019,11,2019-03-11,10,58.5048,-1.4341000000000002,0.04545454545454549,5.60606060606061,811.4754098360659,0.0,1.2,0.0,54.75,60.76,-7.5,-0.83
scotland,2019,15,8,2019,15,2019-04-08,8,58.821875,-1.44425,0.4232954545454549,20.643939393939394,7581.96721311475,397.7272727272724,4.8125,0.05480968122818025,54.75,60.76,-7.5,-0.83
scotland,2019,16,19,2019,16,2019-04-15,19,57.979684210526315,-3.161736842105263,0.3456937799043061,4.4657097288676235,2950.8196721311497,53.827751196172265,2.5526315789473686,0.012394751082251087,54.75,60.76,-7.5,-0.83
scotland,2019,18,17,2019,18,2019-04-29,17,58.29258823529412,-3.314235294117647,0.025401069518716596,4.901960784313725,4908.389585342335,401.0695187165779,3.8529411764705883,0.16689841413126927,54.75,60.76,-7.5,-0.83
scotland,2019,19,10,2019,19,2019-05-06,10,58.5039,-1.4384000000000001,0.4340909090909088,60.606060606060524,1188.5245901639332,579.5454545454555,4.15,0.8175426425426447,54.75,60.76,-7.5,-0.83
scotland,2019,23,8,2019,23,2019-06-03,8,58.803,-1.384625,2.4971590909090913,65.53030303030293,30.73770491803275,42.613636363636374,1.0,0.0,54.75,60.76,-7.5,-0.83
scotland,2019,24,18,2019,24,2019-06-10,18,58.21344444444445,-3.1720555555555556,0.5845959595959598,8.922558922558917,100.18214936247728,75.75757575757578,1.0,0.5198863636363633,54.75,60.76,-7.5,-0.83
scotland,2019,27,10,2019,27,2019-07-01,10,58.5124,-1.4251,0.23409090909090882,47.57575757575759,1524.590163934426,2102.272727272727,3.5,1.249457331222947,54.75,60.76,-7.5,-0.83
scotland,2019,28,16,2019,28,2019-07-08,16,58.4013125,-3.4253125,0.22159090909090914,18.276515151515145,158.8114754098358,688.9204545454545,1.1875,0.6287514568764576,54.75,60.76,-7.5,-0.83
scotland,2019,32,23,2019,32,2019-08-05,23,58.64621739130435,-2.827434782608696,1.0177865612648218,61.725955204216056,1382.7512473271563,326.0869565217392,1.891304347826087,0.7597816399286987,54.75,60.76,-7.5,-0.83
scotland,2019,36,8,2019,36,2019-09-02,8,58.833,-1.45325,0.6590909090909092,70.64393939393943,696.7213114754105,85.22727272727275,1.375,0.23106060606060638,54.75,60.76,-7.5,-0.83
scotland,2019,37,2,2019,37,2019-09-09,2,57.296499999999995,-1.4855,1.2500000000000016,58.3333333333333,0.0,0.0,1.0,,54.75,60.76,-7.5,-0.83
scotland,2019,38,16,2019,38,2019-09-16,16,58.321625,-2.753375,0.02414772727272727,7.007575757575766,686.475409836066,21.306818181818187,1.4375,0.010502754820936622,54.75,60.76,-7.5,-0.83
scotland,2019,40,10,2019,40,2019-09-30,10,58.51369999999999,-1.4112,0.4590909090909087,12.424242424242413,196.72131147540978,68.1818181818182,1.3,0.27727272727272767,54.75,60.76,-7.5,-0.83
scotland,2019,42,15,2019,42,2019-10-14,15,58.05453333333333,-2.8315333333333332,1.4606060606060602,16.969696969696965,98.36065573770487,0.0,1.0,0.0,54.75,60.76,-7.5,-0.83
scotland,2019,45,2,2019,45,2019-11-04,2,57.295500000000004,-1.4649999999999999,0.2045454545454545,8.33333333333335,368.8524590163935,0.0,1.0,0.0,54.75,60.76,-7.5,-0.83
scotland,2019,46,16,2019,46,2019-11-11,16,58.32225,-3.30775,0.18465909090909097,1.515151515151515,61.4754098360655,0.0,0.9375,0.0,54.75,60.76,-7.5,-0.83
scotland,2019,47,7,2019,47,2019-11-18,7,58.98271428571429,-1.3988571428571428,0.006493506493506486,1.2987012987012985,0.0,0.0,1.0,,54.75,60.76,-7.5,-0.83
scotland,2019,49,9,2019,49,2019-12-02,9,58.642222222222216,-1.5354444444444444,0.0808080808080809,1.8518518518518523,0.0,0.0,0.3333333333333333,,54.75,60.76,-7.5,-0.83
scotland,2019,50,18,2019,50,2019-12-09,18,58.138888888888886,-3.1228333333333333,0.03156565656565657,0.0,13.661202185792334,0.0,0.1111111111111111,0.0,54.75,60.76,-7.5,-0.83
scotland,2020,2,16,2020,2,2020-01-06,16,58.250125,-3.3430625,0.07102272727272729,0.2840909090909094,0.0,0.0,1.0,,54.75,60.76,-7.5,-0.83
scotland,2020,3,10,2020,3,2020-01-13,10,58.58,-1.7797,0.006818181818181809,0.303030303030303,24.5901639344262,0.0,0.7,0.0,54.75,60.76,-7.5,-0.83
scotland,2020,6,17,2020,6,2020-02-03,17,58.43070588235294,-3.5521764705882353,0.0026737967914438527,0.0,0.0,0.0,0.9411764705882353,,54.75,60.76,-7.5,-0.83
scotland,2020,7,16,2020,7,2020-02-10,16,59.1595625,-1.9886875,0.022727272727272745,0.18939393939393936,15.368852459016376,0.0,0.5625,0.0,54.75,60.76,-7.5,-0.83
scotland,2020,9,2,2020,9,2020-02-24,2,57.305,-1.4220000000000002,0.0,0.0,122.950819672131,0.0,0.0,0.0,54.75,60.76,-7.5,-0.83
scotland,2020,10,17,2020,10,2020-03-02,17,58.29570588235294,-3.3395294117647056,0.018716577540106954,0.44563279857397525,216.9720347155253,0.0,0.9411764705882353,0.0,54.75,60.76,-7.5,-0.83
scotland,2020,11,2,2020,11,2020-03-09,2,57.3085,-1.455,0.0,0.0,122.950819672131,0.0,1.0,0.0,54.75,60.76,-7.5,-0.83
scotland,2020,12,8,2020,12,2020-03-16,8,58.820750000000004,-1.3803750000000001,0.011363636363636362,3.977272727272735,2254.098360655737,0.0,1.8125,0.0,54.75,60.76,-7.5,-0.83
scotland,2020,14,2,2020,14,2020-03-30,2,57.2915,-1.5074999999999998,0.0,1.515151515151515,3647.54098360656,0.0,2.0,0.0,54.75,60.76,-7.5,-0.83
scotland,2020,15,5,2020,15,2020-04-06,5,59.3024,-1.331,0.19090909090909108,4.545454545454546,13377.049180327856,0.0,2.7,0.0,54.75,60.76,-7.5,-0.83
scotland,2020,16,3,2020,16,2020-04-13,3,57.981,-1.6196666666666666,0.18939393939393914,12.626262626262628,16147.540983606561,0.0,3.5,0.0,54.75,60.76,-7.5,-0.83
scotland,2020,19,7,2020,19,2020-05-04,7,58.735285714285716,-1.357,0.2662337662337663,96.53679653679652,1288.0562060889927,681.8181818181822,1.7142857142857142,0.7329755892255904,54.75,60.76,-7.5,-0.83
scotland,2020,20,4,2020,20,2020-05-11,4,57.8305,-1.65875,0.7329545454545459,64.39393939393943,1086.0655737704924,909.0909090909076,2.0,0.6684253246753238,54.75,60.76,-7.5,-0.83
scotland,2020,21,5,2020,21,2020-05-18,5,60.150800000000004,-2.1426000000000003,1.5954545454545452,208.4848484848485,524.5901639344249,68.1818181818182,1.4,0.106643356643357,54.75,60.76,-7.5,-0.83
scotland,2020,23,5,2020,23,2020-06-01,5,59.299800000000005,-1.2856,0.7045454545454548,32.72727272727272,344.2622950819668,363.636363636364,1.4,0.49292929292929405,54.75,60.76,-7.5,-0.83
scotland,2020,24,4,2020,24,2020-06-08,4,57.818,-1.6305,0.25568181818181823,11.363636363636363,307.37704918032773,625.0000000000005,1.25,0.9242424242424254,54.75,60.76,-7.5,-0.83
scotland,2020,25,2,2020,25,2020-06-15,2,57.3035,-1.4405000000000001,0.01136363636363635,0.0,122.950819672131,0.0,1.0,0.0,54.75,60.76,-7.5,-0.83
scotland,2020,28,11,2020,28,2020-07-06,11,58.39636363636364,-1.475,0.18181818181818177,61.01928374655654,961.2518628912072,1580.5785123966941,3.1818181818181817,3.0443337898048917,54.75,60.76,-7.5,-0.83
scotland,2020,32,24,2020,32,2020-08-03,24,58.577374999999996,-2.4356666666666666,0.22537878787878796,49.87373737373738,4368.169398907103,2656.250000000001,3.8958333333333335,1.239161220510174,54.75,60.76,-7.5,-0.83
scotland,2020,33,2,2020,33,2020-08-10,2,57.326499999999996,-1.4125,0.2727272727272725,43.1818181818182,122.950819672131,2443.181818181815,2.0,15.712121212121215,54.75,60.76,-7.5,-0.83
scotland,2020,36,2,2020,36,2020-08-31,2,57.295500000000004,-1.46,2.4318181818181808,237.1212121212125,737.704918032785,170.4545454545455,1.0,0.2310606060606067,54.75,60.76,-7.5,-0.83
scotland,2020,37,9,2020,37,2020-09-07,9,58.64122222222222,-1.4388888888888889,1.906565656565656,78.28282828282833,227.68670309653913,0.0,1.0,0.0,54.75,60.76,-7.5,-0.83
scotland,2020,38,16,2020,38,2020-09-14,16,58.4111875,-2.873625,2.401988636363636,100.28409090909092,491.8032786885244,106.53409090909093,1.0625,0.22744608332843638,54.75,60.76,-7.5,-0.83
scotland,2020,40,2,2020,40,2020-09-28,2,57.2945,-1.4715,2.6704545454545454,20.454545454545453,0.0,0.0,1.0,,54.75,60.76,-7.5,-0.83
scotland,2020,41,9,2020,41,2020-10-05,9,58.64577777777778,-1.4817777777777779,0.14646464646464652,41.750841750841744,327.86885245901595,0.0,1.4444444444444444,0.0,54.75,60.76,-7.5,-0.83
scotland,2020,45,27,2020,45,2020-11-02,27,58.470333333333336,-2.3402962962962963,0.7626262626262624,12.008978675645345,528.2331511839708,147.30639730639743,1.0,0.18810768108896478,54.75,60.76,-7.5,-0.83
scotland,2020,47,5,2020,47,2020-11-16,5,60.1256,-2.1628,0.4363636363636364,22.727272727272737,409.83606557377095,68.1818181818182,1.0,0.10944976076555012,54.75,60.76,-7.5,-0.83
scotland,2020,50,22,2020,50,2020-12-07,22,57.83677272727273,-2.5115454545454545,0.169421487603306,3.168044077134986,55.886736214605044,0.0,1.0,0.0,54.75,60.76,-7.5,-0.83
scotland,2020,51,14,2020,51,2020-12-14,14,59.21442857142858,-1.8131428571428572,0.19318181818181804,1.5151515151515156,52.69320843091329,24.350649350649356,0.6428571428571429,0.0,54.75,60.76,-7.5,-0.83
scotland,2021,2,23,2021,2,2021-01-11,23,58.633782608695654,-2.599304347826087,0.04644268774703557,0.9222661396574443,53.45687811831787,0.0,0.8260869565217391,0.0,54.75,60.76,-7.5,-0.83
scotland,2021,6,2,2021,6,2021-02-08,2,57.295500000000004,-1.4765,0.02272727272727275,1.515151515151515,0.0,0.0,1.0,,54.75,60.76,-7.5,-0.83
scotland,2021,8,21,2021,8,2021-02-22,21,58.478047619047615,-2.2397619047619046,0.15800865800865804,2.8138528138528134,472.2872755659638,48.70129870129871,1.0,0.1303418803418804,54.75,60.76,-7.5,-0.83
scotland,2021,9,5,2021,9,2021-03-01,5,59.299800000000005,-1.2686,0.022727272727272717,7.575757575757578,1081.967213114755,0.0,1.0,0.0,54.75,60.76,-7.5,-0.83
scotland,2021,10,17,2021,10,2021-03-08,17,58.577823529411766,-1.9584117647058823,0.025401069518716582,2.1390374331550825,945.0337512054008,20.05347593582888,1.0,0.04951298701298699,54.75,60.76,-7.5,-0.83
scotland,2021,11,1,2021,11,2021-03-15,1,57.222,-1.777,0.113636363636364,7.57575757575758,245.901639344262,0.0,1.0,0.0,54.75,60.76,-7.5,-0.83
scotland,2021,12,1,2021,12,2021-03-22,1,57.367,-1.22,0.113636363636364,6.06060606060606,2622.95081967213,0.0,1.0,0.0,54.75,60.76,-7.5,-0.83
scotland,2021,13,8,2021,13,2021-03-29,8,58.789375,-1.431125,1.1335227272727275,39.96212121212122,6895.491803278682,0.0,3.125,0.0,54.75,60.76,-7.5,-0.83
scotland,2021,15,17,2021,15,2021-04-12,17,58.41694117647059,-2.821235294117647,2.577540106951872,29.411764705882327,279.6528447444551,20.05347593582888,1.0,0.03851010101010103,54.75,60.76,-7.5,-0.83
scotland,2021,19,29,2021,19,2021-05-10,29,58.40575862068966,-2.724896551724138,0.4239811912225702,57.5757575757576,1226.6817410966662,450.62695924764915,2.8275862068965516,0.6471552175290249,54.75,60.76,-7.5,-0.83
scotland,2021,20,5,2021,20,2021-05-17,5,57.18579999999999,-6.949800000000001,0.11818181818181814,1.2121212121212142,950.8196721311466,454.54545454545496,1.2,1.8484848484848526,54.75,60.76,-7.5,-0.83
scotland,2021,22,2,2021,22,2021-05-31,2,57.3125,-1.4845000000000002,0.0227272727272727,0.0,696.72131147541,0.0,1.0,0.0,54.75,60.76,-7.5,-0.83
scotland,2021,23,8,2021,23,2021-06-07,8,58.789625,-1.430875,0.1931818181818182,32.19696969696975,1803.27868852459,1150.5681818181827,1.375,1.8920180061484457,54.75,60.76,-7.5,-0.83
scotland,2021,25,22,2021,25,2021-06-21,22,57.595681818181816,-4.044272727272728,0.2582644628099176,7.36914600550964,301.78837555886753,278.92561983471063,2.227272727272727,0.7591991341991325,54.75,60.76,-7.5,-0.83
scotland,2021,26,10,2021,26,2021-06-28,10,58.50449999999999,-1.451,0.572727272727273,141.96969696969683,745.9016393442623,2397.7272727272743,2.7,6.918156265031274,54.75,60.76,-7.5,-0.83
scotland,2021,27,1,2021,27,2021-07-05,1,60.068,-7.418,0.0,128.787878787879,7295.08196721311,8750.0,2.0,1.1994382022471917,54.75,60.76,-7.5,-0.83
scotland,2021,28,2,2021,28,2021-07-12,2,59.676500000000004,-7.058,0.0227272727272727,56.8181818181818,532.7868852459015,2215.90909090909,2.0,2.7034090909090898,54.75,60.76,-7.5,-0.83
scotland,2021,31,19,2021,31,2021-08-02,19,58.15610526315789,-3.1129473684210525,0.3528708133971291,17.30462519936204,1384.8144952545297,1614.8325358851673,3.263157894736842,2.345008876313444,54.75,60.76,-7.5,-0.83
scotland,2021,36,10,2021,36,2021-09-06,10,58.475199999999994,-1.4409,0.4886363636363633,81.21212121212119,819.6721311475414,352.27272727272737,1.85,1.056856155540365,54.75,60.76,-7.5,-0.83
scotland,2021,39,16,2021,39,2021-09-27,16,58.3145625,-2.782,0.1278409090909091,14.583333333333341,491.80327868852464,177.5568181818183,1.125,1.1182344838761975,54.75,60.76,-7.5,-0.83
scotland,2021,41,28,2021,41,2021-10-11,28,58.407535714285714,-2.3427499999999997,0.6550324675324674,20.995670995670988,567.9156908665101,137.98701298701295,1.0535714285714286,0.6974136974136971,54.75,60.76,-7.5,-0.83
scotland,2021,45,26,2021,45,2021-11-08,26,58.349961538461535,-2.4571923076923077,0.3382867132867133,6.5850815850815865,18.915510718789385,26.22377622377623,0.5384615384615384,0.6931818181818191,54.75,60.76,-7.5,-0.83
scotland,2021,48,1,2021,48,2021-11-29,1,57.223,-1.757,0.340909090909091,16.6666666666667,0.0,0.0,1.0,,54.75,60.76,-7.5,-0.83
scotland,2021,49,16,2021,49,2021-12-06,16,58.363125,-2.761625,0.0994318181818182,1.5151515151515156,76.84426229508199,0.0,1.0,0.0,54.75,60.76,-7.5,-0.83
scotland,2021,50,9,2021,50,2021-12-13,9,58.653222222222226,-1.467888888888889,0.08585858585858581,5.387205387205388,0.0,0.0,1.0,,54.75,60.76,-7.5,-0.83
scotland,2022,2,9,2022,2,2022-01-10,9,58.65200000000001,-1.476,0.25505050505050514,4.377104377104378,0.0,0.0,1.0,,54.75,60.76,-7.5,-0.83
scotland,2022,5,15,2022,5,2022-01-31,15,58.6718,-3.2544,0.053030303030303,0.0,0.0,0.0,1.0,,54.75,60.76,-7.5,-0.83
scotland,2022,6,8,2022,6,2022-02-07,8,58.844125,-1.498,0.0,0.0,0.0,0.0,1.0,,54.75,60.76,-7.5,-0.83
scotland,2022,7,2,2022,7,2022-02-14,2,57.3705,-1.369,0.0,2.272727272727275,0.0,0.0,0.0,,54.75,60.76,-7.5,-0.83
scotland,2022,9,9,2022,9,2022-02-28,9,58.71433333333333,-1.5273333333333334,0.01767676767676768,4.2087542087542085,664.8451730418943,75.75757575757578,1.0,0.02038770053475936,54.75,60.76,-7.5,-0.83
scotland,2022,10,2,2022,10,2022-03-07,2,57.297,-1.483,0.0,0.0,491.8032786885245,0.0,1.0,0.0,54.75,60.76,-7.5,-0.83
scotland,2022,11,15,2022,11,2022-03-14,15,58.6768,-3.2301333333333333,0.030303030303030328,1.8181818181818188,732.2404371584701,0.0,0.9333333333333333,0.0,54.75,60.76,-7.5,-0.83
scotland,2022,15,17,2022,15,2022-04-11,17,59.42905882352941,-2.502,0.828877005347593,21.836007130124784,9975.891996142715,120.3208556149733,2.823529411764706,0.04673707785720781,54.75,60.76,-7.5,-0.83
scotland,2022,16,2,2022,16,2022-04-18,2,57.295,-1.4645000000000001,4.68181818181818,43.93939393939395,0.0,0.0,1.0,,54.75,60.76,-7.5,-0.83
scotland,2022,19,26,2022,19,2022-05-09,26,58.39715384615385,-2.7145,1.2692307692307696,85.2564102564103,3404.7919293820937,882.867132867133,3.769230769230769,0.8759893720229729,54.75,60.76,-7.5,-0.83
scotland,2022,20,2,2022,20,2022-05-16,2,57.295,-1.464,0.0,0.0,1598.3606557377047,0.0,1.0,0.0,54.75,60.76,-7.5,-0.83
scotland,2022,22,10,2022,22,2022-05-30,10,58.4985,-1.4313,2.027272727272728,136.81818181818173,1114.7540983606552,170.4545454545455,1.9,0.29993444055944063,54.75,60.76,-7.5,-0.83
scotland,2022,23,19,2022,23,2022-06-06,19,57.738789473684214,-3.7019999999999995,0.09090909090909093,13.795853269537487,172.5625539257981,759.5693779904308,1.4210526315789473,5.35473785473786,54.75,60.76,-7.5,-0.83
scotland,2022,27,19,2022,27,2022-07-04,19,58.15236842105263,-3.08321052631579,0.008373205741626796,15.311004784688985,750.6471095772221,305.023923444976,1.2105263157894737,0.8834752074368066,54.75,60.76,-7.5,-0.83
scotland,2022,28,9,2022,28,2022-07-11,9,58.68944444444445,-1.4007777777777777,0.3661616161616157,21.212121212121207,1056.4663023679418,3952.0202020202028,3.7777777777777777,6.279462861699703,54.75,60.76,-7.5,-0.83
scotland,2022,32,9,2022,32,2022-08-08,9,58.651888888888884,-1.4585555555555554,0.11868686868686854,27.94612794612794,2094.7176684881597,3573.2323232323233,5.0,1.9614267662368552,54.75,60.76,-7.5,-0.83
scotland,2022,33,17,2022,33,2022-08-15,17,58.243117647058824,-3.2922352941176474,0.006684491978609646,5.169340463458108,602.700096432015,394.385026737968,2.9705882352941178,0.6988948551448549,54.75,60.76,-7.5,-0.83
scotland,2022,38,11,2022,38,2022-09-19,11,58.39990909090909,-1.4584545454545454,0.6384297520661161,65.56473829201107,208.64381520119215,1435.9504132231411,1.2727272727272727,5.537752525252535,54.75,60.76,-7.5,-0.83
scotland,2022,40,9,2022,40,2022-10-03,9,58.69266666666667,-1.480222222222222,1.5252525252525266,25.42087542087544,200.36429872495398,164.14141414141454,1.0,0.2666083916083933,54.75,60.76,-7.5,-0.83
scotland,2022,41,14,2022,41,2022-10-10,14,58.53321428571429,-3.003357142857143,0.1607142857142855,8.658008658008654,415.69086651053806,381.49350649350646,1.0714285714285714,1.117390228818803,54.75,60.76,-7.5,-0.83
scotland,2022,44,10,2022,44,2022-10-31,10,58.5284,-1.4698,0.36590909090909096,18.333333333333343,98.36065573770489,204.5454545454543,1.0,0.6931818181818158,54.75,60.76,-7.5,-0.83
scotland,2022,45,16,2022,45,2022-11-07,16,58.247749999999996,-3.141625,0.28977272727272724,9.280303030303031,138.31967213114748,333.8068181818177,1.1875,1.3285984848484844,54.75,60.76,-7.5,-0.83
scotland,2022,48,11,2022,48,2022-11-28,11,58.40663636363636,-1.5002727272727272,0.9028925619834708,12.947658402203869,22.354694485842,30.99173553719009,1.0,0.0,54.75,60.76,-7.5,-0.83
scotland,2022,50,3,2022,50,2022-12-12,3,55.49633333333333,-6.757000000000001,0.11363636363636363,4.545454545454543,0.0,0.0,1.0,,54.75,60.76,-7.5,-0.83
scotland,2022,51,16,2022,51,2022-12-19,16,58.4485,-2.86,0.16335227272727257,1.4204545454545454,0.0,21.306818181818187,1.0,,54.75,60.76,-7.5,-0.83
shelf_break,1982,1,8,1982,1,1982-01-04,8,51.7197875,-13.412075,0.15340909090909088,1.3257575757575761,0.0,0.0,0.0,,51.0,55.0,-15.0,-11.5
shelf_break,1982,5,7,1982,5,1982-02-01,7,52.769771428571424,-13.583328571428572,0.009740259740259744,0.64935064935065,0.0,0.0,0.0,,51.0,55.0,-15.0,-11.5
shelf_break,1982,6,2,1982,6,1982-02-08,2,51.69585,-11.8742,0.0227272727272727,1.515151515151515,0.0,0.0,0.0,,51.0,55.0,-15.0,-11.5
shelf_break,1982,9,9,1982,9,1982-03-01,9,53.13852222222223,-13.292033333333332,0.0025252525252525224,0.33670033670033667,0.0,0.0,0.0,,51.0,55.0,-15.0,-11.5
shelf_break,1982,17,9,1982,17,1982-04-26,9,53.21092222222222,-13.280555555555557,0.4873737373737377,71.8855218855219,2176.684881602915,2992.424242424241,4.388888888888889,5.113328559530935,51.0,55.0,-15.0,-11.5
shelf_break,1982,21,9,1982,21,1982-05-24,9,53.39574444444444,-13.327955555555555,0.11868686868686876,13.29966329966331,5591.985428051001,972.2222222222216,6.5,0.517723163578572,51.0,55.0,-15.0,-11.5
shelf_break,1982,29,9,1982,29,1982-07-19,9,53.166666666666664,-13.26591111111111,0.19949494949494948,106.56565656565665,0.0,1755.0505050505062,0.5555555555555556,,51.0,55.0,-15.0,-11.5
shelf_break,1982,33,9,1982,33,1982-08-16,9,53.21332222222222,-13.409255555555555,0.5429292929292933,105.55555555555556,400.72859744990853,871.2121212121222,0.7777777777777778,2.217293123543129,51.0,55.0,-15.0,-11.5
shelf_break,1982,38,8,1982,38,1982-09-20,8,53.105199999999996,-13.1383375,0.008522727272727276,6.439393939393935,389.344262295082,411.9318181818186,0.125,0.4032234105763515,51.0,55.0,-15.0,-11.5
shelf_break,1982,45,9,1982,45,1982-11-08,9,53.17925555555556,-13.157222222222224,0.0303030303030303,1.8518518518518523,136.61202185792342,37.87878787878789,0.3333333333333333,0.34659090909090956,51.0,55.0,-15.0,-11.5
shelf_break,1983,5,9,1983,5,1983-01-31,9,53.16444444444445,-13.187222222222223,0.0,0.0,27.322404371584668,0.0,0.0,0.0,51.0,55.0,-15.0,-11.5
shelf_break,1983,9,9,1983,9,1983-02-28,9,53.11054444444445,-13.071111111111112,0.020202020202020166,0.0,0.0,0.0,0.0,,51.0,55.0,-15.0,-11.5
shelf_break,1983,17,9,1983,17,1983-04-25,9,53.06036666666667,-13.175911111111112,0.828282828282829,51.851851851851876,191.2568306010929,151.51515151515156,0.0,0.2310606060606062,51.0,55.0,-15.0,-11.5
shelf_break,1983,21,10,1983,21,1983-05-23,10,53.24335,-13.245840000000001,0.10000000000000009,115.00000000000007,1901.6393442622957,102.2727272727273,1.9,0.05611471861471865,51.0,55.0,-15.0,-11.5
shelf_break,1983,25,6,1983,25,1983-06-20,6,53.49583333333334,-13.884166666666667,0.03030303030303023,31.818181818181873,2308.743169398907,1685.6060606060603,1.0,0.65236111111111,51.0,55.0,-15.0,-11.5
shelf_break,1983,29,9,1983,29,1983-07-18,9,53.2826,-13.328144444444444,0.18434343434343406,31.986531986531993,1247.723132969035,732.3232323232328,0.5555555555555556,1.7221130497235204,51.0,55.0,-15.0,-11.5
shelf_break,1983,33,7,1983,33,1983-08-15,7,53.332614285714286,-13.460242857142857,0.03571428571428579,54.54545454545454,0.0,762.9870129870129,0.2857142857142857,,51.0,55.0,-15.0,-11.5
shelf_break,1983,42,10,1983,42,1983-10-17,10,53.17367,-13.232669999999999,0.14090909090909048,10.000000000000007,344.2622950819672,170.4545454545455,0.4,0.5941558441558445,51.0,55.0,-15.0,-11.5
shelf_break,1983,45,9,1983,45,1983-11-07,9,53.14812222222222,-13.145733333333332,0.15909090909090912,10.1010101010101,218.57923497267754,404.0404040404039,0.0,1.578914141414142,51.0,55.0,-15.0,-11.5
shelf_break,1983,49,10,1983,49,1983-12-05,10,53.0875,-13.23032,0.02727272727272731,1.818181818181818,49.1803278688524,68.1818181818182,0.0,0.0,51.0,55.0,-15.0,-11.5
shelf_break,1984,1,9,1984,1,1984-01-02,9,53.100944444444444,-13.274811111111111,0.03282828282828279,0.33670033670033667,0.0,0.0,0.0,,51.0,55.0,-15.0,-11.5
shelf_break,1984,5,6,1984,5,1984-01-30,6,53.91694999999999,-13.96945,0.003787878787878783,0.0,0.0,0.0,0.0,,51.0,55.0,-15.0,-11.5
shelf_break,1984,6,4,1984,6,1984-02-06,4,52.5875,-12.29165,0.005681818181818175,0.0,0.0,0.0,0.0,,51.0,55.0,-15.0,-11.5
shelf_break,1984,9,9,1984,9,1984-02-27,9,53.198877777777774,-13.235544444444445,0.28787878787878785,3.030303030303031,191.2568306010929,75.75757575757578,0.1111111111111111,0.4159090909090912,51.0,55.0,-15.0,-11.5
shelf_break,1984,13,6,1984,13,1984-03-26,6,53.35166666666667,-13.62055,0.026515151515151502,3.0303030303030316,286.88524590163934,113.63636363636367,0.0,0.6931818181818191,51.0,55.0,-15.0,-11.5
shelf_break,1984,21,9,1984,21,1984-05-21,9,53.1017,-13.180366666666666,2.621212121212116,309.5959595959596,200.36429872495466,0.0,0.0,0.0,51.0,55.0,-15.0,-11.5
shelf_break,1984,25,9,1984,25,1984-06-18,9,53.274255555555555,-13.3524,0.12626262626262622,183.6700336700337,163.9344262295082,189.39393939393943,0.6666666666666666,0.6931818181818185,51.0,55.0,-15.0,-11.5
shelf_break,1984,29,8,1984,29,1984-07-16,8,53.1242,-13.23645,0.08522727272727268,58.333333333333414,1536.8852459016398,142.0454545454545,0.75,0.17199248120300734,51.0,55.0,-15.0,-11.5
shelf_break,1984,34,9,1984,34,1984-08-20,9,53.260000000000005,-13.3139,0.04292929292929285,10.1010101010101,1402.550091074681,707.0707070707075,0.0,0.5981184371968273,51.0,55.0,-15.0,-11.5
shelf_break,1984,43,9,1984,43,1984-10-22,9,53.12981111111111,-13.168144444444444,0.16919191919191923,14.814814814814806,828.7795992714028,1780.3030303030296,0.8888888888888888,2.8590303729927595,51.0,55.0,-15.0,-11.5
shelf_break,1984,50,9,1984,50,1984-12-10,9,53.231700000000004,-13.312233333333333,0.1186868686868688,1.85185185185185,109.28961748633878,0.0,0.0,0.0,51.0,55.0,-15.0,-11.5
shelf_break,1985,2,9,1985,2,1985-01-07,9,53.133322222222226,-13.090744444444445,0.005050505050505045,0.1683501683501689,0.0,0.0,0.0,,51.0,55.0,-15.0,-11.5
shelf_break,1985,18,9,1985,18,1985-04-29,9,53.25407777777778,-13.270177777777779,1.106060606060606,140.74074074074076,14408.014571948992,37.87878787878789,1.5555555555555556,0.003277455405114988,51.0,55.0,-15.0,-11.5
shelf_break,1985,22,9,1985,22,1985-05-27,9,53.18185555555556,-13.240566666666666,3.126262626262625,392.2558922558926,646.6302367941713,2070.70707070707,0.3333333333333333,2.564692249507457,51.0,55.0,-15.0,-11.5
shelf_break,1985,46,9,1985,46,1985-11-11,9,53.11537777777778,-13.051833333333333,0.5555555555555559,10.942760942760948,173.04189435336988,340.9090909090907,0.0,0.8912337662337638,51.0,55.0,-15.0,-11.5
shelf_break,1987,32,18,1987,32,1987-08-03,18,53.080000000000005,-13.256483333333334,0.4924242424242423,130.8922558922559,514.5719489981791,2064.39393939394,0.6111111111111112,6.93663194444445,51.0,55.0,-15.0,-11.5
shelf_break,1988,30,8,1988,30,1988-07-25,8,53.145425,-13.257512499999999,0.2414772727272723,108.14393939393938,2930.32786885246,3238.6363636363703,3.4375,1.3473190749917714,51.0,55.0,-15.0,-11.5
shelf_break,1991,25,4,1991,25,1991-06-17,4,52.6808,-13.950025,0.27272727272727265,52.65151515151515,1741.8032786885228,880.6818181818185,1.0,0.7780189959294447,51.0,55.0,-15.0,-11.5
shelf_break,1991,27,7,1991,27,1991-07-01,7,52.637142857142855,-13.210714285714285,0.1590909090909091,53.03030303030301,2435.597189695549,0.0,1.1428571428571428,0.0,51.0,55.0,-15.0,-11.5
shelf_break,1992,23,8,1992,23,1992-06-01,8,53.1208375,-13.275625,0.7386363636363636,278.7878787878788,122.95081967213112,213.0681818181815,1.0,0.0,51.0,55.0,-15.0,-11.5
shelf_break,1993,23,8,1993,23,1993-06-07,8,52.89915,-13.418325,0.6590909090909092,35.6060606060606,61.4754098360655,397.7272727272731,1.375,4.390151515151526,51.0,55.0,-15.0,-11.5
shelf_break,1994,11,7,1994,11,1994-03-14,7,54.01022857142857,-13.081657142857143,0.02272727272727273,1.5151515151515156,0.0,0.0,0.0,,51.0,55.0,-15.0,-11.5
shelf_break,1994,17,6,1994,17,1994-04-25,6,54.14943333333333,-13.182783333333333,0.007575757575757583,1.515151515151515,7445.355191256828,0.0,1.8333333333333333,0.0,51.0,55.0,-15.0,-11.5
shelf_break,1994,20,7,1994,20,1994-05-16,7,54.144999999999996,-13.134042857142857,0.23051948051948043,38.09523809523808,11557.377049180335,97.40259740259742,6.5,0.005191696837468433,51.0,55.0,-15.0,-11.5
shelf_break,1994,25,6,1994,25,1994-06-20,6,51.43528333333333,-13.257766666666667,0.03030303030303025,17.171717171717177,0.0,606.0606060606053,1.0,,51.0,55.0,-15.0,-11.5
shelf_break,1994,32,7,1994,32,1994-08-08,7,54.185,-13.127842857142857,0.3344155844155843,47.835497835497904,632.3185011709598,308.4415584415586,1.7142857142857142,0.24389730639730653,51.0,55.0,-15.0,-11.5
shelf_break,1994,37,7,1994,37,1994-09-12,7,54.248328571428566,-13.216414285714285,0.0974025974025973,45.8874458874459,327.8688524590167,844.1558441558439,1.8571428571428572,1.9214513556618822,51.0,55.0,-15.0,-11.5
shelf_break,1994,46,7,1994,46,1994-11-14,7,54.525,-13.289299999999999,0.0064935064935065,2.597402597402597,35.12880562060886,0.0,0.2857142857142857,0.0,51.0,55.0,-15.0,-11.5
shelf_break,1994,52,8,1994,52,1994-12-26,8,54.085612499999996,-13.3706375,0.005681818181818187,0.0,0.0,0.0,0.0,,51.0,55.0,-15.0,-11.5
shelf_break,1995,4,7,1995,4,1995-01-23,7,53.95261428571428,-13.3412,0.025974025974025917,0.21645021645021714,0.0,0.0,0.0,,51.0,55.0,-15.0,-11.5
shelf_break,1995,14,6,1995,14,1995-04-03,6,54.30721666666667,-13.184166666666668,0.13257575757575746,3.03030303030303,4330.601092896181,0.0,3.0,0.0,51.0,55.0,-15.0,-11.5
shelf_break,1995,24,7,1995,24,1995-06-12,7,53.61402857142857,-13.3238,0.3538961038961033,8.441558441558444,1416.861826697892,1412.337662337662,1.7857142857142858,1.3865335338680929,51.0,55.0,-15.0,-11.5
shelf_break,1995,29,7,1995,29,1995-07-17,7,51.973099999999995,-13.287857142857144,0.019480519480519428,41.77489177489175,2353.6299765807967,1623.376623376623,2.7142857142857144,1.5047736504241815,51.0,55.0,-15.0,-11.5
shelf_break,1995,31,3,1995,31,1995-07-31,3,51.41943333333333,-12.296666666666667,0.007575757575757566,56.565656565656575,81.967213114754,1666.666666666664,1.6666666666666667,2.7727272727272765,51.0,55.0,-15.0,-11.5
shelf_break,1995,35,7,1995,35,1995-08-28,7,54.39095714285714,-13.177142857142856,0.08441558441558447,23.37662337662337,117.096018735363,1769.48051948052,1.7857142857142858,2.2775974025974017,51.0,55.0,-15.0,-11.5
shelf_break,1995,36,5,1995,36,1995-09-04,5,54.536339999999996,-13.75966,0.01818181818181816,19.393939393939405,213.11475409836058,545.4545454545462,0.4,5.060227272727286,51.0,55.0,-15.0,-11.5
shelf_break,1995,45,5,1995,45,1995-11-06,5,53.70101999999999,-13.93298,0.00454545454545454,3.3333333333333357,409.8360655737708,1090.9090909090905,2.5,1.9457735247208925,51.0,55.0,-15.0,-11.5
shelf_break,1996,3,2,1996,3,1996-01-15,2,54.894149999999996,-14.57915,0.01136363636363635,0.0,122.950819672131,0.0,0.0,0.0,51.0,55.0,-15.0,-11.5
shelf_break,1996,14,5,1996,14,1996-04-01,5,54.60702,-13.891,0.16363636363636364,2.727272727272728,508.1967213114758,477.27272727272685,1.0,1.6691088516746397,51.0,55.0,-15.0,-11.5
shelf_break,1996,22,4,1996,22,1996-05-27,4,54.563325,-13.88585,0.0,14.393939393939398,4549.180327868855,2329.5454545454527,1.25,0.6717253078917504,51.0,55.0,-15.0,-11.5
shelf_break,1997,3,2,1997,3,1997-01-13,2,51.0383,-12.19,0.09090909090909086,1.515151515151515,0.0,0.0,0.0,,51.0,55.0,-15.0,-11.5
shelf_break,1997,16,2,1997,16,1997-04-14,2,51.059200000000004,-12.18085,0.01136363636363635,2.272727272727275,3852.4590163934445,170.4545454545455,2.0,0.297077922077922,51.0,55.0,-15.0,-11.5
shelf_break,1997,19,7,1997,19,1997-05-05,7,54.43452857142857,-13.272142857142857,0.019480519480519487,0.0,1065.5737704918026,113.63636363636358,1.5714285714285714,0.19805194805194784,51.0,55.0,-15.0,-11.5
shelf_break,1997,27,6,1997,27,1997-06-30,6,51.918350000000004,-13.24555,0.5265151515151524,29.040404040404013,519.1256830601095,662.8787878787888,1.1666666666666667,1.751682615629988,51.0,55.0,-15.0,-11.5
shelf_break,1997,31,7,1997,31,1997-07-28,7,51.371657142857146,-13.154514285714285,0.012987012987012988,2.3809523809523827,398.12646370023486,600.6493506493501,0.7142857142857143,2.390033143939395,51.0,55.0,-15.0,-11.5
shelf_break,1997,49,7,1997,49,1997-12-01,7,51.35238571428572,-13.259285714285713,0.08766233766233775,3.4632034632034587,0.0,0.0,0.0,,51.0,55.0,-15.0,-11.5
shelf_break,1998,6,6,1998,6,1998-02-02,6,54.3142,-13.165266666666668,0.0,0.0,0.0,0.0,0.0,,51.0,55.0,-15.0,-11.5
shelf_break,1998,41,7,1998,41,1998-10-05,7,51.371428571428574,-13.097857142857142,0.012987012987013,2.5974025974025987,1112.412177985948,600.6493506493507,1.4285714285714286,0.5495827735482912,51.0,55.0,-15.0,-11.5
shelf_break,1999,4,5,1999,4,1999-01-25,5,51.20966,-12.79132,0.00454545454545454,0.0,0.0,0.0,0.0,,51.0,55.0,-15.0,-11.5
shelf_break,1999,24,7,1999,24,1999-06-14,7,51.30475714285715,-13.123099999999999,0.003246753246753243,8.874458874458885,1697.8922716627628,1006.4935064935074,1.0,0.5891071428571433,51.0,55.0,-15.0,-11.5
shelf_break,1999,28,7,1999,28,1999-07-12,7,51.37618571428572,-13.386899999999999,0.09740259740259748,42.42424242424246,3571.4285714285684,422.0779220779231,2.0,0.16683800385826042,51.0,55.0,-15.0,-11.5
shelf_break,1999,35,1,1999,35,1999-08-30,1,54.9717,-14.935,0.0,3.03030303030303,0.0,681.818181818182,1.0,,51.0,55.0,-15.0,-11.5
shelf_break,1999,41,1,1999,41,1999-10-11,1,55.0,-14.5017,0.0,3.03030303030303,0.0,0.0,1.0,,51.0,55.0,-15.0,-11.5
shelf_break,1999,47,1,1999,47,1999-11-22,1,54.9933,-14.5133,0.0909090909090909,6.06060606060606,491.803278688525,0.0,0.0,0.0,51.0,55.0,-15.0,-11.5
shelf_break,1999,50,1,1999,50,1999-12-13,1,54.9567,-14.975,0.0,0.0,0.0,0.0,0.0,,51.0,55.0,-15.0,-11.5
shelf_break,2000,8,7,2000,8,2000-02-21,7,51.49810000000001,-13.404285714285715,0.012987012987012986,0.0,0.0,0.0,0.0,,51.0,55.0,-15.0,-11.5
shelf_break,2000,17,1,2000,17,2000-04-24,1,51.0083,-11.5583,0.0,0.0,2950.81967213115,0.0,1.0,0.0,51.0,55.0,-15.0,-11.5
shelf_break,2000,26,1,2000,26,2000-06-26,1,54.9733,-14.5817,0.0,107.575757575758,819.672131147541,4545.45454545455,1.0,5.54545454545455,51.0,55.0,-15.0,-11.5
shelf_break,2000,29,1,2000,29,2000-07-17,1,54.9967,-14.455,0.0,18.1818181818182,0.0,0.0,1.0,,51.0,55.0,-15.0,-11.5
shelf_break,2000,38,2,2000,38,2000-09-18,2,54.9775,-14.7,0.0,6.06060606060606,122.950819672131,2500.0,1.0,10.166666666666679,51.0,55.0,-15.0,-11.5
shelf_break,2000,41,2,2000,41,2000-10-09,2,54.97,-14.5942,0.0,3.03030303030303,368.8524590163935,0.0,1.0,0.0,51.0,55.0,-15.0,-11.5
shelf_break,2000,47,2,2000,47,2000-11-20,2,54.97085,-14.4525,0.0,0.0,737.704918032787,0.0,1.0,0.0,51.0,55.0,-15.0,-11.5
shelf_break,2000,50,1,2000,50,2000-12-11,1,54.965,-14.7567,0.0227272727272727,4.54545454545455,0.0,0.0,1.0,,51.0,55.0,-15.0,-11.5
shelf_break,2001,10,6,2001,10,2001-03-05,6,51.42666666666667,-13.198333333333332,0.011363636363636367,1.76767676767677,341.5300546448087,0.0,0.0,0.0,51.0,55.0,-15.0,-11.5
shelf_break,2001,16,3,2001,16,2001-04-16,3,51.46,-12.392233333333332,0.030303030303030304,3.03030303030303,8770.49180327867,227.27272727272734,1.3333333333333333,0.028309377189974255,51.0,55.0,-15.0,-11.5
shelf_break,2001,19,6,2001,19,2001-05-07,6,51.43861666666667,-13.174733333333334,0.2007575757575756,11.616161616161625,1721.311475409837,1401.5151515151522,1.8333333333333333,1.3559625728833045,51.0,55.0,-15.0,-11.5
shelf_break,2001,43,1,2001,43,2001-10-22,1,54.9667,-14.8317,0.0,25.7575757575758,0.0,4659.09090909091,2.0,,51.0,55.0,-15.0,-11.5
shelf_break,2001,46,2,2001,46,2001-11-12,2,54.975849999999994,-14.450800000000001,0.06818181818181834,9.0909090909091,0.0,170.4545454545455,1.0,,51.0,55.0,-15.0,-11.5
shelf_break,2001,49,6,2001,49,2001-12-03,6,54.78138333333334,-13.204716666666668,0.007575757575757583,3.03030303030303,0.0,56.818181818181834,0.0,,51.0,55.0,-15.0,-11.5
shelf_break,2002,7,1,2002,7,2002-02-11,1,51.0336,-11.8239,0.0,3.03030303030303,0.0,0.0,0.0,,51.0,55.0,-15.0,-11.5
shelf_break,2002,13,6,2002,13,2002-03-25,6,51.43885,-13.147533333333334,0.06060606060606061,4.292929292929293,997.2677595628411,227.27272727272734,0.0,0.21439123376623356,51.0,55.0,-15.0,-11.5
shelf_break,2002,16,2,2002,16,2002-04-15,2,51.040099999999995,-11.79885,0.0,4.545454545454545,3852.45901639344,0.0,1.5,0.0,51.0,55.0,-15.0,-11.5
shelf_break,2002,19,7,2002,19,2002-05-06,7,51.366685714285715,-13.095685714285713,0.18831168831168835,8.225108225108231,3688.5245901639355,470.77922077922125,1.4285714285714286,0.23702845046661122,51.0,55.0,-15.0,-11.5
shelf_break,2002,37,1,2002,37,2002-09-09,1,54.9945,-14.713,0.113636363636364,22.7575757575758,1065.5737704918,2954.54545454545,1.0,2.7727272727272774,51.0,55.0,-15.0,-11.5
shelf_break,2003,7,1,2003,7,2003-02-10,1,51.0324,-11.833,0.0,0.0,0.0,0.0,0.0,,51.0,55.0,-15.0,-11.5
shelf_break,2003,29,4,2003,29,2003-07-14,4,51.06735,-12.5272,0.03977272727272728,28.787878787878824,0.0,1704.5454545454554,2.0,,51.0,55.0,-15.0,-11.5
shelf_break,2003,35,2,2003,35,2003-08-25,2,54.94755,-14.40085,0.0,21.2121212121212,901.6393442622975,1136.3636363636374,2.0,1.3719223484848464,51.0,55.0,-15.0,-11.5
shelf_break,2003,38,2,2003,38,2003-09-15,2,54.973699999999994,-14.2148,0.0,1.515151515151515,0.0,1647.727272727275,1.0,,51.0,55.0,-15.0,-11.5
shelf_break,2003,41,1,2003,41,2003-10-06,1,54.9612,-14.9924,0.0,0.0,1803.27868852459,0.0,2.0,0.0,51.0,55.0,-15.0,-11.5
shelf_break,2003,47,2,2003,47,2003-11-17,2,54.94375,-14.562149999999999,0.0340909090909091,4.54545454545455,245.9016393442625,340.909090909091,1.0,1.3863636363636356,51.0,55.0,-15.0,-11.5
shelf_break,2004,8,2,2004,8,2004-02-16,2,54.93905,-14.4509,0.0,0.0,0.0,0.0,0.0,,51.0,55.0,-15.0,-11.5
shelf_break,2004,23,5,2004,23,2004-05-31,5,51.07158,-12.870840000000001,0.32727272727272705,14.848484848484853,0.0,68.1818181818182,1.0,,51.0,55.0,-15.0,-11.5
shelf_break,2004,26,1,2004,26,2004-06-21,1,51.0345,-11.8042,0.181818181818182,24.2424242424242,0.0,0.0,1.0,,51.0,55.0,-15.0,-11.5
shelf_break,2004,32,3,2004,32,2004-08-02,3,54.94883333333333,-14.395833333333334,0.0,8.080808080808087,273.224043715847,4431.818181818183,1.6666666666666667,10.79383116883118,51.0,55.0,-15.0,-11.5
shelf_break,2004,41,7,2004,41,2004-10-04,7,51.769099999999995,-13.317828571428572,0.29545454545454536,27.9220779220779,491.80327868852424,146.10389610389615,0.8571428571428571,0.39610389610389596,51.0,55.0,-15.0,-11.5
shelf_break,2004,47,7,2004,47,2004-11-15,7,51.83992857142857,-13.328685714285713,0.019480519480519428,1.9480519480519427,81.96721311475414,0.0,0.14285714285714285,0.0,51.0,55.0,-15.0,-11.5
shelf_break,2004,50,4,2004,50,2004-12-06,4,51.057025,-12.600475,0.1022727272727274,1.893939393939395,61.4754098360655,0.0,0.0,0.0,51.0,55.0,-15.0,-11.5
shelf_break,2005,4,6,2005,4,2005-01-24,6,51.323561605,-13.186484611666666,0.0,0.505050505050505,0.0,0.0,0.0,,51.0,55.0,-15.0,-11.5
shelf_break,2005,7,6,2005,7,2005-02-14,6,51.284225125,-13.180654566666666,0.018939393939393933,0.0,0.0,0.0,0.0,,51.0,55.0,-15.0,-11.5
shelf_break,2005,10,6,2005,10,2005-03-07,6,51.42987671,-13.181543816666666,0.003787878787878783,0.7575757575757583,40.983606557377,0.0,0.0,0.0,51.0,55.0,-15.0,-11.5
shelf_break,2005,16,1,2005,16,2005-04-18,1,51.02542318,-11.77874247,0.909090909090909,24.2424242424242,2049.18032786885,0.0,1.0,0.0,51.0,55.0,-15.0,-11.5
shelf_break,2005,19,1,2005,19,2005-05-09,1,51.03723145,-11.80357056,0.0454545454545455,57.5757575757576,0.0,0.0,1.0,,51.0,55.0,-15.0,-11.5
shelf_break,2006,3,6,2006,3,2006-01-16,6,51.341388888333334,-13.169833333333335,0.007575757575757583,0.7575757575757583,0.0,0.0,0.0,,51.0,55.0,-15.0,-11.5
shelf_break,2006,6,7,2006,6,2006-02-06,7,51.34752380857143,-13.382404761428571,0.009740259740259744,0.43290043290043284,35.12880562060886,0.0,0.0,0.0,51.0,55.0,-15.0,-11.5
shelf_break,2007,7,7,2007,7,2007-02-12,7,54.41580985,-13.33026181142857,0.06168831168831168,0.0,0.0,0.0,0.0,,51.0,55.0,-15.0,-11.5
shelf_break,2007,25,5,2007,25,2007-06-18,5,54.859266764,-13.786833294000001,0.0,3.03030303030303,967.2131147540993,0.0,0.8,0.0,51.0,55.0,-15.0,-11.5
shelf_break,2007,28,5,2007,28,2007-07-09,5,54.823465983999995,-13.781733399999998,0.00909090909090908,11.212121212121223,3065.573770491802,0.0,1.0,0.0,51.0,55.0,-15.0,-11.5
shelf_break,2007,43,5,2007,43,2007-10-22,5,54.8201945,-13.780481975999999,0.10000000000000017,2.121212121212122,163.9344262295082,68.1818181818182,2.0,0.0,51.0,55.0,-15.0,-11.5
shelf_break,2008,4,7,2008,4,2008-01-21,7,51.333407141428566,-13.320731429999999,0.02922077922077917,0.21645021645021714,0.0,0.0,0.0,,51.0,55.0,-15.0,-11.5
shelf_break,2008,13,6,2008,13,2008-03-24,6,51.258833333333335,-13.216999999999999,0.24242424242424274,2.7777777777777786,0.0,0.0,0.0,,51.0,55.0,-15.0,-11.5
shelf_break,2008,16,6,2008,16,2008-04-14,6,51.12416666666667,-13.2635,0.6515151515151515,8.58585858585859,860.6557377049188,0.0,0.16666666666666666,0.0,51.0,55.0,-15.0,-11.5
shelf_break,2008,31,2,2008,31,2008-07-28,2,54.976,-14.6945,0.215909090909091,10.60606060606063,409.8360655737705,3693.18181818182,1.0,9.341450216450223,51.0,55.0,-15.0,-11.5
shelf_break,2008,34,1,2008,34,2008-08-18,1,54.997,-14.538,0.0,7.57575757575758,245.901639344262,0.0,1.0,0.0,51.0,55.0,-15.0,-11.5
shelf_break,2008,40,1,2008,40,2008-09-29,1,54.998,-14.443,0.0681818181818182,28.7878787878788,0.0,340.909090909091,1.0,,51.0,55.0,-15.0,-11.5
shelf_break,2008,43,7,2008,43,2008-10-20,7,51.324999999999996,-13.131,0.006493506493506486,1.2987012987013,105.38641686182658,48.70129870129871,0.5714285714285714,0.46212121212121277,51.0,55.0,-15.0,-11.5
shelf_break,2008,46,6,2008,46,2008-11-10,6,51.32033333333334,-13.279833333333334,0.011363636363636367,1.01010101010101,204.91803278688516,113.63636363636367,0.0,0.6931818181818191,51.0,55.0,-15.0,-11.5
shelf_break,2008,52,1,2008,52,2008-12-22,1,54.992,-14.432,0.0,0.0,0.0,0.0,0.0,,51.0,55.0,-15.0,-11.5
shelf_break,2009,4,2,2009,4,2009-01-19,2,51.052,-11.779,0.0,0.0,0.0,0.0,0.0,,51.0,55.0,-15.0,-11.5
shelf_break,2009,7,1,2009,7,2009-02-09,1,51.03,-11.943,0.0227272727272727,0.0,0.0,0.0,0.0,,51.0,55.0,-15.0,-11.5
shelf_break,2009,48,5,2009,48,2009-11-23,5,54.787800000000004,-13.331399999999999,0.00454545454545454,0.0,0.0,0.0,1.0,,51.0,55.0,-15.0,-11.5
shelf_break,2009,52,1,2009,52,2009-12-21,1,54.322,-14.602,0.0,0.0,0.0,0.0,0.0,,51.0,55.0,-15.0,-11.5
shelf_break,2009,53,5,2009,53,2009-12-28,5,54.6438,-12.9692,0.013636363636363641,0.0,0.0,0.0,0.0,,51.0,55.0,-15.0,-11.5
shelf_break,2010,4,1,2010,4,2010-01-25,1,51.583,-14.865,0.0,0.0,0.0,0.0,0.0,,51.0,55.0,-15.0,-11.5
shelf_break,2010,5,6,2010,5,2010-02-01,6,51.5015,-12.994833333333332,0.045454545454545414,0.0,40.983606557377,0.0,0.0,0.0,51.0,55.0,-15.0,-11.5
shelf_break,2010,10,2,2010,10,2010-03-08,2,51.061499999999995,-12.0155,0.01136363636363635,0.0,0.0,170.4545454545455,1.0,,51.0,55.0,-15.0,-11.5
shelf_break,2010,14,7,2010,14,2010-04-05,7,51.495285714285714,-13.244714285714284,0.2987012987012985,7.359307359307365,2974.2388758782213,681.8181818181826,4.285714285714286,0.23011177419072185,51.0,55.0,-15.0,-11.5
shelf_break,2010,29,2,2010,29,2010-07-19,2,51.064,-11.9755,0.02272727272727275,20.4545454545455,368.8524590163935,852.272727272725,1.0,2.3106060606060543,51.0,55.0,-15.0,-11.5
shelf_break,2010,42,1,2010,42,2010-10-18,1,51.01,-12.002,0.159090909090909,3.03030303030303,0.0,681.818181818182,1.0,,51.0,55.0,-15.0,-11.5
shelf_break,2011,4,3,2011,4,2011-01-24,3,51.052,-12.245666666666667,0.0,0.0,0.0,0.0,1.0,,51.0,55.0,-15.0,-11.5
shelf_break,2011,10,7,2011,10,2011-03-07,7,51.594,-13.407571428571428,0.0746753246753247,1.5151515151515171,386.4168618266978,0.0,0.0,0.0,51.0,55.0,-15.0,-11.5
shelf_break,2011,29,7,2011,29,2011-07-18,7,51.505,-13.102714285714285,0.27597402597402526,76.40692640692635,70.25761124121772,519.48051948052,1.1428571428571428,2.772727272727269,51.0,55.0,-15.0,-11.5
shelf_break,2012,7,7,2012,7,2012-02-13,7,51.316857142857145,-13.190714285714284,0.11038961038961048,0.21645021645021714,0.0,0.0,1.0,,51.0,55.0,-15.0,-11.5
shelf_break,2012,12,7,2012,12,2012-03-19,7,51.50042857142857,-13.126142857142856,0.09740259740259748,5.411255411255415,281.03044496487115,97.40259740259742,1.0,0.23106060606060602,51.0,55.0,-15.0,-11.5
shelf_break,2012,17,2,2012,17,2012-04-23,2,54.951499999999996,-14.681000000000001,0.3977272727272725,19.696969696969703,13647.54098360654,0.0,6.5,0.0,51.0,55.0,-15.0,-11.5
shelf_break,2012,42,2,2012,42,2012-10-15,2,51.066,-11.9905,0.0,1.515151515151515,0.0,0.0,1.0,,51.0,55.0,-15.0,-11.5
shelf_break,2013,19,3,2013,19,2013-05-06,3,51.05433333333334,-12.174333333333335,0.07575757575757573,16.6666666666667,4480.87431693989,113.63636363636367,1.0,0.016504329004329018,51.0,55.0,-15.0,-11.5
shelf_break,2013,45,3,2013,45,2013-11-04,3,51.062000000000005,-12.097,0.08333333333333323,2.02020202020202,0.0,0.0,1.0,,51.0,55.0,-15.0,-11.5
shelf_break,2013,50,3,2013,50,2013-12-09,3,51.06633333333334,-12.421333333333331,0.03030303030303033,1.01010101010101,0.0,0.0,1.0,,51.0,55.0,-15.0,-11.5
shelf_break,2014,23,6,2014,23,2014-06-02,6,54.14483333333334,-13.460500000000001,0.1136363636363635,6.818181818181813,1612.0218579234988,2859.8484848484854,1.1666666666666667,2.7002505870104536,51.0,55.0,-15.0,-11.5
shelf_break,2014,28,4,2014,28,2014-07-07,4,51.07575,-12.58075,0.0397727272727273,65.15151515151516,614.7540983606552,9062.499999999993,2.0,20.271717171717157,51.0,55.0,-15.0,-11.5
shelf_break,2015,22,5,2015,22,2015-05-25,5,51.109,-13.049199999999999,0.05909090909090914,11.818181818181822,3114.754098360656,3840.9090909090896,6.5,1.3504562870080108,51.0,55.0,-15.0,-11.5
shelf_break,2015,38,6,2015,38,2015-09-14,6,54.745000000000005,-13.4285,0.6742424242424234,48.98989898989897,122.950819672131,113.63636363636367,0.5,0.9242424242424255,51.0,55.0,-15.0,-11.5
shelf_break,2016,2,2,2016,2,2016-01-11,2,51.0675,-12.0435,0.0681818181818182,0.0,0.0,0.0,0.0,,51.0,55.0,-15.0,-11.5
shelf_break,2016,24,6,2016,24,2016-06-13,6,54.73266666666667,-13.0985,0.0,0.7575757575757583,81.96721311475416,492.42424242424335,1.0,3.003787878787882,51.0,55.0,-15.0,-11.5
shelf_break,2016,40,7,2016,40,2016-10-03,7,51.41171428571429,-13.111714285714285,0.009740259740259728,40.69264069264076,538.6416861826699,5568.181818181824,1.9285714285714286,5.690184815184819,51.0,55.0,-15.0,-11.5
shelf_break,2021,15,7,2021,15,2021-04-12,7,51.510285714285715,-13.361714285714285,0.019480519480519487,4.1125541125541085,12857.14285714287,194.80519480519484,2.5,0.01600931609568544,51.0,55.0,-15.0,-11.5
shelf_break,2021,27,7,2021,27,2021-07-05,7,51.56757142857143,-13.151,0.02922077922077917,20.99567099567099,983.6065573770492,1331.1688311688317,2.0,2.0517033690946738,51.0,55.0,-15.0,-11.5
shelf_break,2021,38,1,2021,38,2021-09-20,1,51.025,-11.942,0.0,18.1818181818182,0.0,0.0,1.0,,51.0,55.0,-15.0,-11.5
shelf_break,2022,13,6,2022,13,2022-03-28,6,51.24666666666667,-13.322833333333334,0.026515151515151533,0.7575757575757583,3155.7377049180354,113.63636363636367,1.0,0.04345967512111714,51.0,55.0,-15.0,-11.5
shelf_break,2022,18,3,2022,18,2022-05-02,3,51.09166666666667,-12.501666666666665,0.34848484848484823,10.606060606060614,81.967213114754,0.0,1.0,0.0,51.0,55.0,-15.0,-11.5
shelf_break,2022,29,6,2022,29,2022-07-18,6,51.57333333333333,-13.359833333333334,0.2196969696969693,22.727272727272716,4330.601092896182,397.7272727272728,2.0,0.31503861133925376,51.0,55.0,-15.0,-11.5
shelf_break,2022,34,6,2022,34,2022-08-22,6,51.57716666666667,-13.323500000000001,0.003787878787878783,5.050505050505051,341.53005464480884,473.4848484848491,1.0,1.0397727272727273,51.0,55.0,-15.0,-11.5
total_box,1981,53,9,1981,53,1981-12-28,9,59.957411111111114,-3.4905444444444442,0.0075757575757575656,0.0,0.0,0.0,0.0,,49.5,60.76,-15.0,-0.83
total_box,1982,1,19,1982,1,1982-01-04,19,51.69227894736842,-11.507010526315788,0.22846889952153077,0.7177033492822967,0.0,0.0,0.0,,49.5,60.76,-15.0,-0.83
total_box,1982,2,20,1982,2,1982-01-11,20,57.592330000000004,-8.763169999999999,0.00909090909090909,0.0,0.0,0.0,0.0,,49.5,60.76,-15.0,-0.83
total_box,1982,5,7,1982,5,1982-02-01,7,52.769771428571424,-13.583328571428572,0.009740259740259744,0.64935064935065,0.0,0.0,0.0,,49.5,60.76,-15.0,-0.83
total_box,1982,6,50,1982,6,1982-02-08,50,52.759764,-6.112268,0.09909090909090913,2.393939393939394,65.57377049180317,6.81818181818182,0.18,0.1980519480519483,49.5,60.76,-15.0,-0.83
total_box,1982,7,9,1982,7,1982-02-15,9,51.755744444444446,-6.574066666666667,0.2525252525252526,10.10101010101011,27.322404371584668,0.0,0.5555555555555556,0.0,49.5,60.76,-15.0,-0.83
total_box,1982,8,8,1982,8,1982-02-22,8,58.663125,-1.4281249999999999,0.039772727272727265,0.7575757575757575,0.0,0.0,0.0,,49.5,60.76,-15.0,-0.83
total_box,1982,9,22,1982,9,1982-03-01,22,51.84431818181818,-10.51810909090909,0.01756198347107438,0.1377410468319559,11.177347242921,0.0,0.0,0.0,49.5,60.76,-15.0,-0.83
total_box,1982,10,10,1982,10,1982-03-08,10,59.95333000000001,-7.16001,0.0068181818181818205,0.0,0.0,0.0,0.0,,49.5,60.76,-15.0,-0.83
total_box,1982,11,36,1982,11,1982-03-15,36,54.134858333333334,-4.017455555555555,0.034090909090909054,1.0942760942760943,143.44262295081998,0.0,0.0,0.0,49.5,60.76,-15.0,-0.83
total_box,1982,12,12,1982,12,1982-03-22,12,50.23833333333334,-12.04945,0.07007575757575754,3.2828282828282815,40.983606557377,0.0,0.08333333333333333,0.0,49.5,60.76,-15.0,-0.83
total_box,1982,13,13,1982,13,1982-03-29,13,55.43884615384616,-10.992953846153846,0.0594405594405594,7.109557109557108,920.5548549810851,52.44755244755246,0.8076923076923077,0.17941176470588258,49.5,60.76,-15.0,-0.83
total_box,1982,14,4,1982,14,1982-04-05,4,49.88165,-4.10085,0.11931818181818177,35.6060606060606,5430.327868852457,255.68181818181824,2.0,0.06678428189457608,49.5,60.76,-15.0,-0.83
total_box,1982,15,27,1982,15,1982-04-12,27,56.83839259259259,-3.3274074074074074,0.10016835016835014,16.498316498316484,5318.761384335155,63.13131313131315,3.2777777777777777,0.019662595340725394,49.5,60.76,-15.0,-0.83
total_box,1982,16,30,1982,16,1982-04-19,30,55.636833333333335,-7.22573,0.31515151515151524,16.717171717171723,3418.0327868852464,185.60606060606068,2.433333333333333,0.211737166716361,49.5,60.76,-15.0,-0.83
total_box,1982,17,19,1982,17,1982-04-26,19,52.153415789473684,-11.229473684210527,0.6160287081339709,63.63636363636365,1242.4503882657466,1824.162679425836,2.5,3.913784941063324,49.5,60.76,-15.0,-0.83
total_box,1982,19,23,1982,19,1982-05-10,23,56.945721739130434,-2.9996434782608694,0.30830039525691705,50.0,4212.401995723449,306.3241106719364,3.0,0.229566921362404,49.5,60.76,-15.0,-0.83
total_box,1982,20,17,1982,20,1982-05-17,17,57.5701,-7.892270588235294,0.641711229946523,36.27450980392154,3630.66538090646,1945.1871657754014,3.7058823529411766,0.8574835996241431,49.5,60.76,-15.0,-0.83
total_box,1982,21,42,1982,21,1982-05-24,42,53.3199119047619,-9.463452380952381,0.5476190476190476,41.52308802308802,3713.895394223263,1493.5064935064934,3.9404761904761907,0.8169104701686112,49.5,60.76,-15.0,-0.83
total_box,1982,23,38,1982,23,1982-06-07,38,53.74697894736842,-4.209423684210527,0.1770334928229664,56.69856459330145,1067.7308024158758,1569.976076555024,1.381578947368421,3.739118005062542,49.5,60.76,-15.0,-0.83
total_box,1982,24,31,1982,24,1982-06-14,31,54.70113225806451,-7.779351612903225,0.33870967741935465,35.38611925708701,957.165520888419,1733.8709677419372,0.8709677419354839,5.421130473443593,49.5,60.76,-15.0,-0.83
total_box,1982,25,5,1982,25,1982-06-21,5,55.4,-13.35366,0.00454545454545454,13.636363636363644,344.2622950819674,2840.90909090909,0.0,8.035774410774401,49.5,60.76,-15.0,-0.83
total_box,1982,26,10,1982,26,1982-06-28,10,55.83334,-7.944500000000001,0.3886363636363631,187.57575757575762,606.5573770491799,3909.090909090906,0.4,12.305811087061086,49.5,60.76,-15.0,-0.83
total_box,1982,27,27,1982,27,1982-07-05,27,55.059014814814816,-3.1958555555555557,0.17760942760942747,64.98316498316498,2355.7984213721875,4638.04713804714,2.1481481481481484,8.3481697930965,49.5,60.76,-15.0,-0.83
total_box,1982,28,8,1982,28,1982-07-12,8,53.437287500000004,-4.5177125,0.01704545454545455,52.6515151515152,1875.0000000000002,85.22727272727275,1.3125,0.024611053059328925,49.5,60.76,-15.0,-0.83
total_box,1982,29,34,1982,29,1982-07-19,34,53.213870588235295,-10.945435294117646,0.6390374331550804,81.01604278074865,188.04243008678887,1530.7486631016045,0.7058823529411765,5.805424176517927,49.5,60.76,-15.0,-0.83
total_box,1982,31,10,1982,31,1982-08-02,10,58.017160000000004,-2.53316,0.27954545454545443,52.72727272727273,688.5245901639345,3147.727272727272,0.5,8.025263075271432,49.5,60.76,-15.0,-0.83
total_box,1982,32,48,1982,32,1982-08-09,48,52.03899166666667,-8.653783333333333,0.26562499999999994,38.51010101010103,665.983606557377,2367.4242424242425,1.46875,6.02765630284488,49.5,60.76,-15.0,-0.83
total_box,1982,33,34,1982,33,1982-08-16,34,52.55509411764706,-7.903876470588236,0.6370320855614972,68.36007130124777,1275.3134040501454,1016.0427807486631,1.7205882352941178,0.8838408735824754,49.5,60.76,-15.0,-0.83
total_box,1982,34,19,1982,34,1982-08-23,19,56.89473684210526,-9.737015789473684,0.4377990430622004,94.33811802232856,2618.6367558239835,831.3397129186601,1.3157894736842106,0.47815487325676503,49.5,60.76,-15.0,-0.83
total_box,1982,35,5,1982,35,1982-08-30,5,59.141,-1.552,1.059090909090908,36.06060606060608,196.7213114754096,0.0,1.0,0.0,49.5,60.76,-15.0,-0.83
total_box,1982,36,51,1982,36,1982-09-06,51,53.25480784313725,-5.732086274509804,0.32085561497326176,50.05941770647653,1240.758598521376,534.7593582887703,1.5686274509803921,1.2520232165531004,49.5,60.76,-15.0,-0.83
total_box,1982,37,13,1982,37,1982-09-13,13,51.88179230769231,-7.181792307692307,0.21503496503496486,51.165501165501155,18.915510718789385,0.0,0.15384615384615385,0.0,49.5,60.76,-15.0,-0.83
total_box,1982,38,33,1982,38,1982-09-20,33,52.74055454545454,-10.233484848484848,0.112258953168044,30.07438016528922,1445.603576751118,437.32782369146,0.7878787878787878,0.21717771409832912,49.5,60.76,-15.0,-0.83
total_box,1982,39,11,1982,39,1982-09-27,11,59.9962,-4.062127272727273,0.48140495867768524,36.91460055096417,4292.10134128167,836.776859504131,3.3181818181818183,0.1632378054148488,49.5,60.76,-15.0,-0.83
total_box,1982,40,5,1982,40,1982-10-04,5,49.81,-7.78334,0.00454545454545454,2.424242424242424,49.1803278688524,0.0,0.2,0.0,49.5,60.76,-15.0,-0.83
total_box,1982,41,23,1982,41,1982-10-11,23,51.92145217391304,-5.3907173913043485,0.5869565217391297,23.583662714097503,1347.1133285816104,187.74703557312267,1.4565217391304348,0.11338354429387064,49.5,60.76,-15.0,-0.83
total_box,1982,42,2,1982,42,1982-10-18,2,57.04585,-2.6366500000000004,0.8749999999999977,9.0909090909091,0.0,0.0,0.0,,49.5,60.76,-15.0,-0.83
total_box,1982,43,14,1982,43,1982-10-25,14,59.6844,-2.8902214285714285,0.11850649350649357,4.653679653679657,450.81967213114683,97.40259740259742,0.6428571428571429,0.17723110223110258,49.5,60.76,-15.0,-0.83
total_box,1982,44,17,1982,44,1982-11-01,17,50.09264705882353,-9.82294117647059,0.08556149732620308,10.787878787878785,1031.8225650916122,147.05882352941177,0.8235294117647058,0.36809490906439707,49.5,60.76,-15.0,-0.83
total_box,1982,45,38,1982,45,1982-11-08,38,55.343076315789475,-8.122236842105263,0.03708133971291868,1.674641148325359,45.29767040552198,8.97129186602871,0.07894736842105263,0.23106060606060638,49.5,60.76,-15.0,-0.83
total_box,1982,46,27,1982,46,1982-11-15,27,53.18790740740741,-7.1651851851851855,0.27777777777777757,2.469135802469137,85.00303582270816,50.505050505050406,0.2962962962962963,0.4910037878787861,49.5,60.76,-15.0,-0.83
total_box,1982,47,8,1982,47,1982-11-22,8,59.2175,-2.631675,0.05681818181818174,0.37878787878787873,0.0,0.0,0.0,,49.5,60.76,-15.0,-0.83
total_box,1982,48,14,1982,48,1982-11-29,14,51.30273571428571,-8.723807142857144,0.035714285714285685,0.6493506493506492,70.25761124121779,0.0,0.0,0.0,49.5,60.76,-15.0,-0.83
total_box,1982,49,18,1982,49,1982-12-06,18,54.27055555555555,-9.025377777777777,0.04671717171717174,3.787878787878789,368.85245901639377,44.19191919191917,0.0,0.12441724941724974,49.5,60.76,-15.0,-0.83
total_box,1982,50,11,1982,50,1982-12-13,11,58.09728181818182,-1.404409090909091,0.03925619834710742,0.13774104683195637,0.0,0.0,0.5454545454545454,,49.5,60.76,-15.0,-0.83
total_box,1982,52,27,1982,52,1982-12-27,27,54.189448148148145,-9.185807407407408,0.024410774410774397,0.5611672278338944,36.42987249544626,0.0,0.1111111111111111,0.0,49.5,60.76,-15.0,-0.83
total_box,1983,1,25,1983,1,1983-01-03,25,53.065468,-8.7828,0.0381818181818182,0.6666666666666667,0.0,0.0,0.0,,49.5,60.76,-15.0,-0.83
total_box,1983,2,23,1983,2,1983-01-10,23,54.42724347826088,-4.810430434782608,0.017786561264822153,0.5928853754940713,32.07412687099074,0.0,0.13043478260869565,0.0,49.5,60.76,-15.0,-0.83
total_box,1983,3,16,1983,3,1983-01-17,16,55.1323875,-3.44615625,0.015625,0.47348484848484873,15.368852459016376,0.0,0.0625,0.0,49.5,60.76,-15.0,-0.83
total_box,1983,4,20,1983,4,1983-01-24,20,50.78051,-9.49075,0.08750000000000006,1.5151515151515174,12.2950819672131,0.0,0.0,0.0,49.5,60.76,-15.0,-0.83
total_box,1983,5,20,1983,5,1983-01-31,20,51.97733000000001,-10.93342,0.018181818181818184,0.0,12.2950819672131,0.0,0.0,0.0,49.5,60.76,-15.0,-0.83
total_box,1983,6,33,1983,6,1983-02-07,33,57.54959696969697,-6.912924242424242,0.024104683195592266,0.09182736455463726,17.386984600099364,0.0,0.0,0.0,49.5,60.76,-15.0,-0.83
total_box,1983,7,10,1983,7,1983-02-14,10,53.65916,-4.33266,0.01363636363636363,0.303030303030303,0.0,0.0,0.0,,49.5,60.76,-15.0,-0.83
total_box,1983,8,21,1983,8,1983-02-21,21,51.26802857142857,-9.049204761904761,0.33982683982683975,1.082251082251083,0.0,0.0,0.0,,49.5,60.76,-15.0,-0.83
total_box,1983,9,31,1983,9,1983-02-28,31,53.815425806451614,-10.082690322580644,0.012463343108504388,1.6129032258064515,171.86673717609725,0.0,0.0967741935483871,0.0,49.5,60.76,-15.0,-0.83
total_box,1983,10,22,1983,10,1983-03-07,22,50.744618181818176,-6.8964454545454545,0.10640495867768597,2.8236914600550977,0.0,0.0,0.0,,49.5,60.76,-15.0,-0.83
total_box,1983,11,13,1983,11,1983-03-14,13,56.110638461538464,-4.233076923076923,0.05419580419580418,6.7599067599067615,2994.9558638083263,157.3426573426574,0.6153846153846154,0.09138640260656716,49.5,60.76,-15.0,-0.83
total_box,1983,12,28,1983,12,1983-03-21,28,57.60875357142857,-4.4488071428571425,0.046266233766233726,2.9761904761904785,526.9320843091332,0.0,0.2857142857142857,0.0,49.5,60.76,-15.0,-0.83
total_box,1983,13,10,1983,13,1983-03-28,10,54.670500000000004,-10.37334,0.1272727272727272,2.727272727272728,639.3442622950812,0.0,0.2,0.0,49.5,60.76,-15.0,-0.83
total_box,1983,14,20,1983,14,1983-04-04,20,54.49425,-6.48607,0.2931818181818183,12.121212121212121,2143.4426229508176,198.8636363636367,0.95,0.1570133653239126,49.5,60.76,-15.0,-0.83
total_box,1983,15,8,1983,15,1983-04-11,8,58.6477125,-1.4045875,0.4829545454545455,17.992424242424246,3145.4918032786845,42.613636363636374,1.0625,0.011426073926073938,49.5,60.76,-15.0,-0.83
total_box,1983,16,34,1983,16,1983-04-18,34,53.39235294117647,-8.122985294117647,1.7406417112299455,62.47771836007128,3015.9112825458055,20.05347593582888,1.4852941176470589,0.003352858808322979,49.5,60.76,-15.0,-0.83
total_box,1983,17,50,1983,17,1983-04-25,50,55.329362,-9.423166,1.287272727272726,72.42424242424242,2206.557377049182,136.36363636363635,0.82,0.10334606811517151,49.5,60.76,-15.0,-0.83
total_box,1983,18,3,1983,18,1983-05-02,3,56.5717,-1.3683666666666667,0.2954545454545456,127.77777777777777,601.0928961748623,340.909090909091,4.666666666666667,0.5509906759906771,49.5,60.76,-15.0,-0.83
total_box,1983,19,13,1983,19,1983-05-09,13,51.92076153846154,-4.6114,0.12237762237762237,31.701631701631694,3524.590163934426,52.44755244755246,1.0769230769230769,0.0069318181818181805,49.5,60.76,-15.0,-0.83
total_box,1983,20,33,1983,20,1983-05-16,33,55.47080303030303,-7.783336363636364,0.21212121212121196,73.00275482093667,3941.8777943368086,826.4462809917344,1.6363636363636365,0.5905319255975305,49.5,60.76,-15.0,-0.83
total_box,1983,21,25,1983,21,1983-05-23,25,52.637012,-11.409072000000002,0.32636363636363647,92.66666666666673,1321.3114754098362,722.7272727272725,1.08,0.5538348806581885,49.5,60.76,-15.0,-0.83
total_box,1983,22,19,1983,22,1983-05-30,19,57.207184210526314,-6.081752631578948,0.33373205741626777,114.67304625199361,1786.0224331320105,1973.684210526315,0.8947368421052632,1.5814193042364517,49.5,60.76,-15.0,-0.83
total_box,1983,23,17,1983,23,1983-06-06,17,54.42422352941177,-2.8247999999999998,0.1911764705882352,118.09269162210339,1547.7338476374161,949.197860962567,1.5588235294117647,0.7731977253978729,49.5,60.76,-15.0,-0.83
total_box,1983,24,32,1983,24,1983-06-13,32,52.5789625,-7.3695875,1.3536931818181805,35.32196969696971,945.1844262295076,614.3465909090909,1.40625,1.3775504178592837,49.5,60.76,-15.0,-0.83
total_box,1983,25,19,1983,25,1983-06-20,19,54.83184210526316,-11.916147368421052,0.1806220095693781,44.81658692185012,1177.7394305435719,855.2631578947367,0.631578947368421,0.673937045097759,49.5,60.76,-15.0,-0.83
total_box,1983,27,11,1983,27,1983-07-04,11,55.45485454545455,-3.2375727272727275,0.07438016528925613,41.184573002754796,372.5782414307001,4741.735537190084,1.0,8.15256145369783,49.5,60.76,-15.0,-0.83
total_box,1983,28,23,1983,28,1983-07-11,23,56.417899999999996,-5.599286956521739,0.18577075098814202,58.62977602108039,1817.533856022808,1645.256916996048,1.2173913043478262,1.1359280286181763,49.5,60.76,-15.0,-0.83
total_box,1983,29,42,1983,29,1983-07-18,42,54.295364285714285,-8.667061904761905,0.24729437229437226,99.67532467532467,1576.8930523028885,2088.744588744589,0.6190476190476191,2.026784871863743,49.5,60.76,-15.0,-0.83
total_box,1983,30,8,1983,30,1983-07-25,8,55.4566625,-9.5425,0.5227272727272725,72.91666666666674,461.0655737704921,213.06818181818187,0.0,0.32897470950102525,49.5,60.76,-15.0,-0.83
total_box,1983,31,6,1983,31,1983-08-01,6,53.71555,-4.334716666666666,0.05303030303030295,194.19191919191925,2267.7595628415293,1704.545454545455,1.9166666666666667,1.6155966444102021,49.5,60.76,-15.0,-0.83
total_box,1983,32,25,1983,32,1983-08-08,25,52.824,-7.316736,0.41909090909090885,96.42424242424244,534.4262295081968,800.0000000000003,0.68,2.3967519321065565,49.5,60.76,-15.0,-0.83
total_box,1983,33,43,1983,33,1983-08-15,43,52.979227906976746,-7.762402325581395,0.07029598308668071,55.28611698379141,426.99199390011455,1329.2811839323467,0.9767441860465116,1.34434978258718,49.5,60.76,-15.0,-0.83
total_box,1983,34,18,1983,34,1983-08-22,18,59.634072222222215,-5.001027777777778,1.1641414141414141,128.0303030303031,733.1511839708559,2493.686868686866,0.3333333333333333,2.3927983003408695,49.5,60.76,-15.0,-0.83
total_box,1983,35,5,1983,35,1983-08-29,5,59.581999999999994,-13.690999999999999,0.3181818181818178,38.787878787878796,1934.426229508196,1068.1818181818185,1.0,0.7542912679425814,49.5,60.76,-15.0,-0.83
total_box,1983,36,16,1983,36,1983-09-05,16,50.4719875,-10.60290625,0.17329545454545453,26.988636363636353,87.09016393442624,177.5568181818182,0.125,0.5708556149732616,49.5,60.76,-15.0,-0.83
total_box,1983,37,53,1983,37,1983-09-12,53,54.02415471698114,-4.830441509433962,0.327615780445969,59.46255002858775,266.0068048252398,173.67066895368774,0.41509433962264153,0.5060319944093336,49.5,60.76,-15.0,-0.83
total_box,1983,38,14,1983,38,1983-09-19,14,56.20677142857143,-9.264171428571428,0.22077922077922082,40.25974025974026,1282.2014051522237,1785.714285714286,1.2857142857142858,1.7125202782831945,49.5,60.76,-15.0,-0.83
total_box,1983,39,9,1983,39,1983-09-26,9,59.97703333333334,-6.679455555555555,0.1237373737373738,12.962962962962962,2377.049180327869,858.5858585858582,1.2222222222222223,0.39178970503067556,49.5,60.76,-15.0,-0.83
total_box,1983,40,18,1983,40,1983-10-03,18,50.023988888888894,-10.30862222222222,0.493686868686869,141.66666666666663,200.3642987249542,359.8484848484847,0.5,1.9867262367262373,49.5,60.76,-15.0,-0.83
total_box,1983,41,25,1983,41,1983-10-10,25,55.586004,-6.798996,0.07636363636363636,12.181818181818178,1131.1475409836066,627.2727272727273,0.88,0.5918895543777182,49.5,60.76,-15.0,-0.83
total_box,1983,42,48,1983,42,1983-10-17,48,54.85146041666667,-8.52708125,0.15719696969696964,19.570707070707076,235.65573770491798,120.73863636363639,0.3541666666666667,0.33283730158730174,49.5,60.76,-15.0,-0.83
total_box,1983,43,1,1983,43,1983-10-24,1,53.5383,-3.56,0.0681818181818182,0.0,0.0,0.0,0.0,,49.5,60.76,-15.0,-0.83
total_box,1983,45,41,1983,45,1983-11-07,41,51.4769,-8.33690487804878,0.09534368070953438,31.15299334811531,259.8960415833667,196.7849223946784,0.43902439024390244,0.7032494588744596,49.5,60.76,-15.0,-0.83
total_box,1983,46,30,1983,46,1983-11-14,30,57.727833333333336,-6.871393333333333,0.12348484848484854,5.151515151515155,368.8524590163935,185.60606060606054,0.5,0.6021929522497695,49.5,60.76,-15.0,-0.83
total_box,1983,47,11,1983,47,1983-11-21,11,58.74743636363637,-4.7238,0.22107438016528916,3.030303030303034,0.0,0.0,0.0,,49.5,60.76,-15.0,-0.83
total_box,1983,48,25,1983,48,1983-11-28,25,51.631328,-8.230196,0.08818181818181813,9.878787878787877,0.0,0.0,0.0,,49.5,60.76,-15.0,-0.83
total_box,1983,49,48,1983,49,1983-12-05,48,52.357472916666666,-9.406385416666668,0.08806818181818182,5.839646464646467,227.1174863387977,125.4734848484848,0.08333333333333333,0.6701468969249145,49.5,60.76,-15.0,-0.83
total_box,1983,50,30,1983,50,1983-12-12,30,55.212003333333335,-3.7872766666666666,0.103030303030303,4.090909090909092,16.3934426229508,22.727272727272734,0.0,1.3863636363636382,49.5,60.76,-15.0,-0.83
total_box,1983,51,6,1983,51,1983-12-19,6,53.03028333333333,-4.16,0.03030303030303023,1.01010101010101,40.983606557377,0.0,0.0,0.0,49.5,60.76,-15.0,-0.83
total_box,1983,52,8,1983,52,1983-12-26,8,49.594375,-12.926662499999999,0.011363636363636374,4.924242424242422,0.0,0.0,0.0,,49.5,60.76,-15.0,-0.83
total_box,1984,1,31,1984,1,1984-01-02,31,51.26318064516129,-10.086612903225806,0.05865102639296187,0.4398826979472142,7.932310946589097,0.0,0.0,0.0,49.5,60.76,-15.0,-0.83
total_box,1984,2,7,1984,2,1984-01-09,7,50.07141428571429,-2.504985714285714,0.012987012987012986,6.060606060606068,0.0,0.0,0.0,,49.5,60.76,-15.0,-0.83
total_box,1984,3,10,1984,3,1984-01-16,10,59.15367,-2.89466,0.031818181818181815,1.212121212121212,0.0,0.0,0.0,,49.5,60.76,-15.0,-0.83
total_box,1984,4,12,1984,4,1984-01-23,12,53.010275,-4.97875,0.022727272727272697,1.01010101010101,0.0,0.0,0.0,,49.5,60.76,-15.0,-0.83
total_box,1984,5,39,1984,5,1984-01-30,39,54.34676153846154,-8.0935,0.034382284382284356,0.7770007770007769,31.52585119798233,0.0,0.0,0.0,49.5,60.76,-15.0,-0.83
total_box,1984,6,30,1984,6,1984-02-06,30,51.41639333333333,-7.661723333333333,0.13257575757575749,0.7575757575757576,60.109289617486226,11.363636363636367,0.0,0.0,49.5,60.76,-15.0,-0.83
total_box,1984,7,19,1984,7,1984-02-13,19,59.40289473684211,-7.205352631578948,0.12918660287081338,1.0366826156299842,0.0,0.0,0.0,,49.5,60.76,-15.0,-0.83
total_box,1984,8,8,1984,8,1984-02-20,8,53.519175,-4.5745875,0.0028409090909090875,0.0,61.47540983606562,0.0,0.0,0.0,49.5,60.76,-15.0,-0.83
total_box,1984,9,21,1984,9,1984-02-27,21,51.91428571428572,-10.786266666666668,0.20454545454545447,4.04040404040404,456.67447306791536,48.70129870129871,0.3333333333333333,0.20548868127919528,49.5,60.76,-15.0,-0.83
total_box,1984,10,27,1984,10,1984-03-05,27,55.594203703703705,-5.262037037037037,0.027777777777777745,1.6835016835016834,227.6867030965391,37.87878787878789,0.18518518518518517,0.13312241735537195,49.5,60.76,-15.0,-0.83
total_box,1984,11,7,1984,11,1984-03-12,7,59.92998571428571,-2.971185714285714,0.08116883116883102,5.627705627705628,866.5105386416866,48.70129870129871,0.5714285714285714,0.03199300699300695,49.5,60.76,-15.0,-0.83
total_box,1984,13,39,1984,13,1984-03-26,39,53.12221538461539,-8.594151282051282,0.09090909090909091,7.18725718725719,1406.0529634300135,134.03263403263415,0.4358974358974359,0.38115299144498893,49.5,60.76,-15.0,-0.83
total_box,1984,14,26,1984,14,1984-04-02,26,57.64300769230769,-6.261088461538462,0.11276223776223769,7.459207459207462,75.66204287515758,0.0,0.0,0.0,49.5,60.76,-15.0,-0.83
total_box,1984,16,13,1984,16,1984-04-16,13,55.28410769230769,-3.6941153846153845,0.019230769230769197,4.195804195804198,1172.7616645649434,279.7202797202801,0.5384615384615384,0.4706484487734495,49.5,60.76,-15.0,-0.83
total_box,1984,17,9,1984,17,1984-04-23,9,56.55241111111111,-8.1472,0.10606060606060609,19.528619528619526,2131.1475409836053,404.04040404040376,3.1666666666666665,0.24763868827299804,49.5,60.76,-15.0,-0.83
total_box,1984,18,8,1984,18,1984-04-30,8,55.4733375,-9.5466625,0.7073863636363635,142.6136363636364,1577.8688524590161,383.5227272727265,1.25,0.21293496101892867,49.5,60.76,-15.0,-0.83
total_box,1984,19,8,1984,19,1984-05-07,8,58.645625,-1.4048,0.2159090909090909,42.23484848484855,8842.2131147541,255.68181818181824,5.9375,0.031068962574123126,49.5,60.76,-15.0,-0.83
total_box,1984,20,10,1984,20,1984-05-14,10,59.9215,-7.3131699999999995,0.368181818181818,80.90909090909095,5918.032786885253,2613.636363636365,2.3,2.2115020512627503,49.5,60.76,-15.0,-0.83
total_box,1984,21,47,1984,21,1984-05-21,47,52.60791489361702,-9.56542340425532,2.0145067698259167,172.34042553191495,1426.5783048482726,754.3520309477755,0.40425531914893614,1.5241674836639223,49.5,60.76,-15.0,-0.83
total_box,1984,22,3,1984,22,1984-05-28,3,49.73556666666667,-1.6233333333333333,0.06060606060606046,32.828282828282866,245.90163934426232,113.63636363636367,1.0,0.0,49.5,60.76,-15.0,-0.83
total_box,1984,23,19,1984,23,1984-06-04,19,54.595263157894735,-3.8172052631578945,0.04066985645933013,69.05901116427428,1716.9974115616913,1184.2105263157896,1.3421052631578947,0.49012687831734186,49.5,60.76,-15.0,-0.83
total_box,1984,24,14,1984,24,1984-06-11,14,59.30535714285714,-5.107492857142858,1.956168831168831,209.9567099567099,380.56206088992946,722.4025974025974,0.2857142857142857,2.269726107226108,49.5,60.76,-15.0,-0.83
total_box,1984,25,40,1984,25,1984-06-18,40,54.0965025,-9.09309,0.47272727272727255,112.38636363636365,913.934426229509,1821.0227272727273,0.65,4.143715224764139,49.5,60.76,-15.0,-0.83
total_box,1984,26,24,1984,26,1984-06-25,24,52.99437916666667,-11.432079166666668,0.17613636363636354,100.37878787878793,1209.0163934426234,293.5606060606064,0.375,0.3086708136338102,49.5,60.76,-15.0,-0.83
total_box,1984,27,4,1984,27,1984-07-02,4,49.86835,-4.109999999999999,0.028409090909090925,17.803030303030308,655.7377049180315,1250.0000000000014,1.25,4.781949934123858,49.5,60.76,-15.0,-0.83
total_box,1984,28,23,1984,28,1984-07-09,23,58.03789999999999,-4.8226826086956525,0.11363636363636365,48.8801054018445,980.0427655024943,2124.505928853755,1.2391304347826086,5.232046506734012,49.5,60.76,-15.0,-0.83
total_box,1984,29,47,1984,29,1984-07-16,47,52.956074468085106,-9.154293617021276,0.08752417794970972,48.130238555770504,1761.4230903383332,1162.9593810444874,0.851063829787234,1.5045839857309495,49.5,60.76,-15.0,-0.83
total_box,1984,30,12,1984,30,1984-07-23,12,53.8414,-3.891391666666667,0.0776515151515151,176.39141414141412,423.4972677595629,2272.7272727272725,0.3333333333333333,6.001046572475142,49.5,60.76,-15.0,-0.83
total_box,1984,32,8,1984,32,1984-08-06,8,52.6916625,-4.1158375,0.042613636363636326,40.71969696969695,1024.5901639344247,3352.272727272725,1.375,2.998100233100237,49.5,60.76,-15.0,-0.83
total_box,1984,33,30,1984,33,1984-08-13,30,51.23327,-6.948163333333333,0.0454545454545454,7.979797979797983,855.1912568306013,1545.4545454545457,0.43333333333333335,1.5733162006891601,49.5,60.76,-15.0,-0.83
total_box,1984,34,51,1984,34,1984-08-20,51,52.3445725490196,-10.647872549019608,0.1862745098039214,25.87641117052882,675.0241080038574,1107.3975044563283,0.23529411764705882,2.6020434306709035,49.5,60.76,-15.0,-0.83
total_box,1984,36,17,1984,36,1984-09-03,17,52.076658823529414,-4.736370588235294,0.36363636363636376,47.77183600713013,867.888138862102,1624.3315508021387,0.6470588235294118,4.401380628717081,49.5,60.76,-15.0,-0.83
total_box,1984,37,4,1984,37,1984-09-10,4,59.315825,-1.26415,0.710227272727273,38.636363636363626,1168.0327868852478,1676.1363636363637,0.75,1.3557556080283335,49.5,60.76,-15.0,-0.83
total_box,1984,38,29,1984,38,1984-09-17,29,55.525751724137926,-6.913855172413793,0.1802507836990596,65.62173458725181,1071.226681741097,1265.673981191222,0.8620689655172413,2.9115588136355353,49.5,60.76,-15.0,-0.83
total_box,1984,39,12,1984,39,1984-09-24,12,57.772349999999996,-3.720541666666667,0.6363636363636352,26.641414141414188,1386.6120218579235,937.5000000000003,1.1666666666666667,1.4389654034732635,49.5,60.76,-15.0,-0.83
total_box,1984,40,11,1984,40,1984-10-01,11,54.87378181818181,-3.016063636363636,0.19834710743801634,7.7134986225895315,111.77347242921009,630.1652892561983,0.09090909090909091,4.447916666666669,49.5,60.76,-15.0,-0.83
total_box,1984,41,14,1984,41,1984-10-08,14,53.781307142857145,-5.125464285714286,0.939935064935065,80.6277056277056,954.3325526932086,519.4805194805192,0.6428571428571429,0.5414037067458409,49.5,60.76,-15.0,-0.83
total_box,1984,42,12,1984,42,1984-10-15,12,50.13765833333333,-11.031658333333333,0.08901515151515149,52.14646464646463,403.0054644808744,975.3787878787874,0.8333333333333334,3.1049811795347537,49.5,60.76,-15.0,-0.83
total_box,1984,43,43,1984,43,1984-10-22,43,53.29155581395349,-9.30836511627907,0.2505285412262158,22.586328400281896,863.5150590926422,948.7315010570824,0.7441860465116279,1.2160749318437587,49.5,60.76,-15.0,-0.83
total_box,1984,44,4,1984,44,1984-10-29,4,51.924175,-5.714175,0.24431818181818163,3.03030303030303,0.0,0.0,0.0,,49.5,60.76,-15.0,-0.83
total_box,1984,45,25,1984,45,1984-11-05,25,54.764672,-6.223,0.1763636363636364,10.727272727272723,200.0,131.8181818181818,0.0,0.5468434343434345,49.5,60.76,-15.0,-0.83
total_box,1984,46,48,1984,46,1984-11-12,48,55.48277708333333,-5.281841666666667,0.09375,6.849747474747477,95.62841530054651,73.3901515151516,0.14583333333333334,0.39610389610389657,49.5,60.76,-15.0,-0.83
total_box,1984,48,13,1984,48,1984-11-26,13,55.92973846153846,-10.9568,0.005244755244755247,0.8158508158508161,271.1223203026482,375.874125874126,0.0,1.251028138528138,49.5,60.76,-15.0,-0.83
total_box,1984,49,23,1984,49,1984-12-03,23,51.52230869565218,-5.4477521739130434,0.06027667984189719,1.9104084321475643,21.382751247327132,0.0,0.0,0.0,49.5,60.76,-15.0,-0.83
total_box,1984,50,46,1984,50,1984-12-10,46,54.48149130434783,-7.310734782608696,0.29397233201581047,4.64426877470356,32.07412687099072,0.0,0.06521739130434782,0.0,49.5,60.76,-15.0,-0.83
total_box,1984,51,27,1984,51,1984-12-17,27,57.039211111111115,-6.798266666666667,0.10774410774410777,3.535353535353539,27.322404371584703,0.0,0.0,0.0,49.5,60.76,-15.0,-0.83
total_box,1985,1,7,1985,1,1984-12-31,7,50.72785714285714,-6.104514285714286,0.1720779220779219,2.597402597402597,0.0,0.0,0.0,,49.5,60.76,-15.0,-0.83
total_box,1985,2,51,1985,2,1985-01-07,51,53.09564901960784,-9.376545098039216,0.1377005347593582,1.9607843137254923,24.10800385728059,6.6844919786096275,0.0392156862745098,0.27727272727272767,49.5,60.76,-15.0,-0.83
total_box,1985,3,37,1985,3,1985-01-14,37,52.90738648648649,-4.898013513513514,0.13697788697788701,0.9828009828009829,33.22995126273811,9.213759213759216,0.0,0.0,49.5,60.76,-15.0,-0.83
total_box,1985,4,18,1985,4,1985-01-21,18,52.21982222222222,-5.569361111111111,0.11363636363636354,0.8417508417508416,40.983606557377,0.0,0.1111111111111111,0.0,49.5,60.76,-15.0,-0.83
total_box,1985,6,50,1985,6,1985-02-04,50,54.119768,-5.697868,0.1127272727272726,1.363636363636364,34.42622950819668,0.0,0.14,0.0,49.5,60.76,-15.0,-0.83
total_box,1985,7,25,1985,7,1985-02-11,25,54.251599999999996,-2.8815399999999998,0.014545454545454528,2.060606060606061,39.34426229508196,0.0,0.04,0.0,49.5,60.76,-15.0,-0.83
total_box,1985,9,10,1985,9,1985-02-25,10,59.87899,-6.84333,0.06363636363636357,1.515151515151516,122.95081967213109,0.0,0.2,0.0,49.5,60.76,-15.0,-0.83
total_box,1985,10,39,1985,10,1985-03-04,39,56.858330769230776,-6.473807692307692,0.03379953379953382,6.371406371406374,374.1067675493904,29.13752913752913,0.5897435897435898,0.02733945427052785,49.5,60.76,-15.0,-0.83
total_box,1985,11,8,1985,11,1985-03-11,8,58.661675,-1.4031125,0.02272727272727274,7.575757575757574,348.36065573770543,42.613636363636374,0.0,0.06601731601731588,49.5,60.76,-15.0,-0.83
total_box,1985,12,13,1985,12,1985-03-18,13,50.70346153846154,-6.829623076923077,0.03321678321678322,7.4592074592074615,132.4085750315259,26.22377622377623,0.5384615384615384,0.15404040404040406,49.5,60.76,-15.0,-0.83
total_box,1985,14,23,1985,14,1985-04-01,23,58.23274782608696,-6.172973913043478,1.056324110671937,41.89723320158106,2252.3164647184594,49.407114624505915,0.782608695652174,0.01875985482818616,49.5,60.76,-15.0,-0.83
total_box,1985,15,21,1985,15,1985-04-08,21,56.201033333333335,-5.807776190476191,0.48701298701298706,22.727272727272716,2217.0179547228727,64.93506493506482,1.2142857142857142,0.02455311678612644,49.5,60.76,-15.0,-0.83
total_box,1985,16,28,1985,16,1985-04-15,28,52.39583928571428,-5.431017857142857,0.8904220779220777,53.35497835497837,872.3653395784546,231.3311688311689,0.7142857142857143,0.18709850067246903,49.5,60.76,-15.0,-0.83
total_box,1985,17,19,1985,17,1985-04-22,19,60.010436842105264,-5.1284210526315785,0.2751196172248801,10.84529505582137,2916.307161345992,113.63636363636378,1.4473684210526316,0.0384508312886987,49.5,60.76,-15.0,-0.83
total_box,1985,18,44,1985,18,1985-04-29,44,52.65189545454545,-9.666929545454545,2.2670454545454537,154.40771349862274,8338.301043219075,198.8636363636363,2.5454545454545454,0.05709693516791993,49.5,60.76,-15.0,-0.83
total_box,1985,19,32,1985,19,1985-05-06,32,55.88313125,-3.18145625,0.14417613636363621,46.78030303030303,2102.971311475411,188.21022727272737,1.796875,0.17005991414369462,49.5,60.76,-15.0,-0.83
total_box,1985,20,21,1985,20,1985-05-13,21,50.56055714285714,-6.293409523809523,0.41017316017315997,153.0303030303031,1381.7330210772832,330.0865800865805,0.5714285714285714,0.44070071359883733,49.5,60.76,-15.0,-0.83
total_box,1985,21,7,1985,21,1985-05-20,7,59.946157142857146,-2.8521285714285716,0.9318181818181814,64.06926406926405,2740.0468384074934,1136.3636363636356,4.285714285714286,0.8529072587813201,49.5,60.76,-15.0,-0.83
total_box,1985,22,35,1985,22,1985-05-27,35,51.78895142857143,-11.625768571428571,1.2519480519480515,221.60173160173167,1222.48243559719,4431.818181818181,0.8571428571428571,12.319907531926567,49.5,60.76,-15.0,-0.83
total_box,1985,23,18,1985,23,1985-06-03,18,53.1325,-7.357777777777778,0.29797979797979796,150.67340067340064,1375.2276867030969,2525.2525252525256,1.1111111111111112,3.4932123790190373,49.5,60.76,-15.0,-0.83
total_box,1985,24,27,1985,24,1985-06-10,27,54.509877777777774,-4.300551851851852,0.0942760942760943,50.39393939393941,889.4960534304797,1973.905723905724,0.7777777777777778,4.0271021224146235,49.5,60.76,-15.0,-0.83
total_box,1985,25,6,1985,25,1985-06-17,6,55.25416666666666,-2.197766666666667,0.07196969696969695,125.50505050505042,2786.885245901631,3882.5757575757584,0.8333333333333334,2.8717532467532463,49.5,60.76,-15.0,-0.83
total_box,1985,26,17,1985,26,1985-06-24,17,54.2884294117647,-11.69510588235294,0.37967914438502615,312.8342245989304,573.7704918032786,3195.1871657754014,0.7647058823529411,6.206733819486861,49.5,60.76,-15.0,-0.83
total_box,1985,27,4,1985,27,1985-07-01,4,49.9092,-4.173325,0.01136363636363635,11.36363636363637,594.2622950819682,11988.636363636373,1.25,42.72310606060615,49.5,60.76,-15.0,-0.83
total_box,1985,28,30,1985,28,1985-07-08,30,54.39177333333334,-4.093776666666667,0.3931818181818182,53.989898989898975,469.94535519125657,3291.6666666666683,0.7333333333333333,5.4564649877149884,49.5,60.76,-15.0,-0.83
total_box,1985,29,16,1985,29,1985-07-15,16,56.0559375,-4.67624375,0.017045454545454544,18.37121212121211,1311.4754098360654,1953.125,0.625,2.2203222893602432,49.5,60.76,-15.0,-0.83
total_box,1985,30,23,1985,30,1985-07-22,23,58.2992,-6.44964347826087,0.6650197628458502,199.27536231884045,1304.347826086955,8591.897233201584,1.0869565217391304,20.955315504538028,49.5,60.76,-15.0,-0.83
total_box,1985,31,9,1985,31,1985-07-29,9,55.773888888888884,-8.515566666666667,0.27272727272727243,339.7306397306397,2085.6102003642977,5138.888888888894,0.6666666666666666,6.776838892115291,49.5,60.76,-15.0,-0.83
total_box,1985,32,32,1985,32,1985-08-05,32,53.39115,-4.537609375,0.0994318181818181,93.84469696969693,1101.4344262295083,5213.068181818179,1.21875,6.382975222600677,49.5,60.76,-15.0,-0.83
total_box,1985,33,6,1985,33,1985-08-12,6,50.09195,-2.436666666666667,0.0530303030303029,124.2424242424244,655.7377049180326,359.84848484848544,1.1666666666666667,0.68861138861139,49.5,60.76,-15.0,-0.83
total_box,1985,34,44,1985,34,1985-08-19,44,55.02466590909091,-8.713486363636363,0.43130165289256195,152.20385674931129,1842.3994038748135,2396.6942148760318,1.2954545454545454,1.9074621783034609,49.5,60.76,-15.0,-0.83
total_box,1985,36,22,1985,36,1985-09-02,22,50.455904545454544,-7.323409090909092,0.1446280991735536,27.54820936639119,1233.2339791356183,356.4049586776863,0.45454545454545453,0.428173201129177,49.5,60.76,-15.0,-0.83
total_box,1985,37,31,1985,37,1985-09-09,31,56.045164516129034,-4.017909677419355,0.45307917888563,105.81622678396876,2051.8244315177167,1367.3020527859242,1.1290322580645162,1.3760536693637047,49.5,60.76,-15.0,-0.83
total_box,1985,38,24,1985,38,1985-09-16,24,52.880270833333334,-8.050216666666666,0.6799242424242422,100.69444444444446,505.4644808743167,932.7651515151516,0.75,2.0653114042819944,49.5,60.76,-15.0,-0.83
total_box,1985,39,22,1985,39,1985-09-23,22,57.77613636363637,-7.939245454545454,1.0041322314049586,131.61157024793386,1132.6378539493287,1714.876033057851,0.6363636363636364,2.221222429352337,49.5,60.76,-15.0,-0.83
total_box,1985,40,15,1985,40,1985-09-30,15,50.29266666666667,-9.06254,0.19999999999999968,16.06060606060608,196.72131147540966,522.7272727272725,0.4666666666666667,2.969128787878792,49.5,60.76,-15.0,-0.83
total_box,1985,41,36,1985,41,1985-10-07,36,54.182402777777774,-3.0909694444444447,0.3276515151515151,26.936026936026938,744.5355191256823,328.28282828282823,0.5555555555555556,1.1462758887725457,49.5,60.76,-15.0,-0.83
total_box,1985,42,22,1985,42,1985-10-14,22,57.18522272727273,-10.240527272727272,0.1766528925619833,71.69421487603307,2108.792846497762,5883.264462809915,1.3636363636363635,5.259670243600102,49.5,60.76,-15.0,-0.83
total_box,1985,43,18,1985,43,1985-10-21,18,59.263799999999996,-6.852311111111111,0.33838383838383834,63.55218855218857,587.4316939890712,2051.7676767676753,0.6666666666666666,3.0915947729806414,49.5,60.76,-15.0,-0.83
total_box,1985,44,15,1985,44,1985-10-28,15,50.50866,-7.19902,0.5045454545454546,16.96969696969696,524.5901639344262,45.45454545454547,0.3333333333333333,0.19805194805194795,49.5,60.76,-15.0,-0.83
total_box,1985,45,7,1985,45,1985-11-04,7,52.217371428571425,-2.0111857142857144,0.009740259740259744,7.575757575757583,2049.18032786885,97.40259740259742,0.7142857142857143,0.15404040404040406,49.5,60.76,-15.0,-0.83
total_box,1985,46,43,1985,46,1985-11-11,43,52.2324023255814,-9.512558139534883,0.32505285412262147,11.59267089499648,287.8383530308807,446.61733615222005,0.3488372093023256,1.8098100721742052,49.5,60.76,-15.0,-0.83
total_box,1985,47,38,1985,47,1985-11-18,38,55.88679736842105,-5.87351052631579,0.15071770334928228,6.419457735247214,58.23986194995681,17.94258373205742,0.10526315789473684,0.1980519480519483,49.5,60.76,-15.0,-0.83
total_box,1985,48,8,1985,48,1985-11-25,8,50.89125,-5.778975,0.3607954545454546,1.515151515151515,61.47540983606562,0.0,0.25,0.0,49.5,60.76,-15.0,-0.83
total_box,1985,49,12,1985,49,1985-12-02,12,54.71764166666667,-2.3476416666666666,0.4223484848484845,8.83838383838385,122.95081967213116,0.0,0.16666666666666666,0.0,49.5,60.76,-15.0,-0.83
total_box,1985,50,29,1985,50,1985-12-09,29,55.08948275862069,-6.980220689655172,0.05015673981191222,3.291536050156742,59.35556811758055,11.75548589341693,0.0,0.0,49.5,60.76,-15.0,-0.83
total_box,1985,51,10,1985,51,1985-12-16,10,59.57517,-6.15934,0.02045454545454549,0.9090909090909101,24.5901639344262,0.0,0.0,0.0,49.5,60.76,-15.0,-0.83
total_box,1986,2,4,1986,2,1986-01-06,4,49.912075,-4.10335,0.011363636363636374,3.03030303030303,122.950819672131,0.0,0.0,0.0,49.5,60.76,-15.0,-0.83
total_box,1986,3,38,1986,3,1986-01-13,38,55.75240789473684,-4.204255263157894,0.043660287081339726,2.392344497607656,45.297670405522,0.0,0.02631578947368421,0.0,49.5,60.76,-15.0,-0.83
total_box,1986,4,4,1986,4,1986-01-20,4,57.7483,-13.70665,0.0,0.0,0.0,0.0,0.0,,49.5,60.76,-15.0,-0.83
total_box,1986,6,21,1986,6,1986-02-03,21,55.308171428571434,-8.316909523809525,0.035714285714285705,1.0101010101010104,11.709601873536286,0.0,0.047619047619047616,0.0,49.5,60.76,-15.0,-0.83
total_box,1986,7,25,1986,7,1986-02-10,25,51.669867999999994,-7.0670720000000005,0.10636363636363644,2.9696969696969693,39.344262295082,0.0,0.0,0.0,49.5,60.76,-15.0,-0.83
total_box,1986,8,18,1986,8,1986-02-17,18,51.09685555555556,-5.357966666666666,0.12121212121212113,7.154882154882155,27.322404371584668,0.0,0.05555555555555555,0.0,49.5,60.76,-15.0,-0.83
total_box,1986,10,22,1986,10,1986-03-03,22,55.86742727272727,-2.7355318181818182,0.023760330578512366,1.1019283746556472,78.2414307004471,0.0,0.0,0.0,49.5,60.76,-15.0,-0.83
total_box,1986,11,20,1986,11,1986-03-10,20,50.277665,-4.89917,0.007954545454545455,2.0454545454545454,139.34426229508205,0.0,0.1,0.0,49.5,60.76,-15.0,-0.83
total_box,1986,12,32,1986,12,1986-03-17,32,56.01061875,-6.568753125,0.009232954545454558,1.1363636363636358,102.45901639344265,10.653409090909093,0.09375,0.0,49.5,60.76,-15.0,-0.83
total_box,1986,13,10,1986,13,1986-03-24,10,59.777499999999996,-6.22382,0.10454545454545441,4.696969696969699,0.0,0.0,0.0,,49.5,60.76,-15.0,-0.83
total_box,1986,14,23,1986,14,1986-03-31,23,50.51615217391304,-9.016660869565216,0.05632411067193672,11.198945981554676,188.8809693513899,29.644268774703566,0.21739130434782608,0.22528409090909116,49.5,60.76,-15.0,-0.83
total_box,1986,15,19,1986,15,1986-04-07,19,51.46421052631579,-3.7878157894736844,0.02392344497607654,12.041467304625197,690.2502157031928,71.77033492822969,0.8947368421052632,0.11600185528756955,49.5,60.76,-15.0,-0.83
total_box,1986,16,27,1986,16,1986-04-14,27,59.38018518518519,-3.8713555555555557,0.1691919191919192,9.427609427609427,3919.2471159684287,50.50505050505052,1.7777777777777777,0.029083132776314656,49.5,60.76,-15.0,-0.83
total_box,1986,17,14,1986,17,1986-04-21,14,55.878571428571426,-10.21155,0.7110389610389612,12.12121212121213,4221.311475409837,170.4545454545455,1.5714285714285714,0.05466180576232663,49.5,60.76,-15.0,-0.83
total_box,1986,18,29,1986,18,1986-04-28,29,50.695982758620694,-8.707872413793103,0.9012539184952975,48.69383490073143,1676.088185415489,219.435736677116,1.4310344827586208,0.0759105092438426,49.5,60.76,-15.0,-0.83
total_box,1986,19,31,1986,19,1986-05-05,31,51.88500322580645,-3.9671612903225806,0.20307917888563043,66.95992179863147,4510.84082496034,146.6275659824048,3.4516129032258065,0.0385012860932353,49.5,60.76,-15.0,-0.83
total_box,1986,20,8,1986,20,1986-05-12,8,58.6535375,-1.403125,0.4062500000000004,69.31818181818176,5194.672131147548,468.7499999999998,3.1875,0.338236802413929,49.5,60.76,-15.0,-0.83
total_box,1986,21,19,1986,21,1986-05-19,19,60.02947368421052,-4.864831578947368,1.0777511961722486,162.75917065390755,6928.386540120795,358.8516746411485,1.868421052631579,0.3687338770966468,49.5,60.76,-15.0,-0.83
total_box,1986,22,29,1986,22,1986-05-26,29,53.37730689655172,-8.352986206896553,0.359717868338558,67.39811912225701,3812.8886376483892,434.9529780564267,1.8793103448275863,0.08137078695278573,49.5,60.76,-15.0,-0.83
total_box,1986,23,29,1986,23,1986-06-02,29,52.062648275862074,-4.594648275862069,0.3636363636363632,85.16196447230934,2314.8671565856407,239.02821316614398,1.3793103448275863,0.48502412281041946,49.5,60.76,-15.0,-0.83
total_box,1986,24,24,1986,24,1986-06-09,24,57.210212500000004,-4.277845833333333,0.16856060606060586,65.90909090909092,1666.6666666666667,3252.8409090909095,2.3125,7.554467239623784,49.5,60.76,-15.0,-0.83
total_box,1986,25,8,1986,25,1986-06-16,8,53.4947875,-4.5368625,0.0,28.97727272727272,3084.0163934426237,951.704545454546,4.125,0.5800711275852868,49.5,60.76,-15.0,-0.83
total_box,1986,26,26,1986,26,1986-06-23,26,53.677749999999996,-8.442307692307692,0.43968531468531435,51.51515151515155,510.71878940731375,1599.6503496503503,2.769230769230769,4.390035947081145,49.5,60.76,-15.0,-0.83
total_box,1986,27,37,1986,27,1986-06-30,37,52.47185135135135,-8.128694594594595,0.4938574938574934,75.26617526617527,773.1501993797073,2807.1253071253063,1.2702702702702702,5.761785980052799,49.5,60.76,-15.0,-0.83
total_box,1986,28,31,1986,28,1986-07-07,31,56.33962580645161,-4.600209677419355,0.27346041055718484,56.10948191593356,1385.5103120042315,3984.604105571848,1.8387096774193548,3.9633296167804986,49.5,60.76,-15.0,-0.83
total_box,1986,29,7,1986,29,1986-07-14,7,56.63024285714285,-1.4678714285714285,0.022727272727272714,64.28571428571435,526.9320843091331,2889.6103896103914,0.42857142857142855,5.235003885003891,49.5,60.76,-15.0,-0.83
total_box,1986,30,29,1986,30,1986-07-21,29,50.73695517241379,-8.508106896551723,0.6896551724137927,28.213166144200624,715.0932730356137,1116.7711598746077,0.41379310344827586,1.9692499629448883,49.5,60.76,-15.0,-0.83
total_box,1986,32,8,1986,32,1986-08-04,8,53.516675,-4.5508125,0.0028409090909090875,2.4621212121212124,870.9016393442627,724.4318181818192,0.5,0.7417045454545462,49.5,60.76,-15.0,-0.83
total_box,1986,33,32,1986,33,1986-08-11,32,55.8422375,-6.011821875,0.10724431818181811,144.12878787878788,1334.52868852459,5216.619318181819,3.28125,7.379956929490043,49.5,60.76,-15.0,-0.83
total_box,1986,34,16,1986,34,1986-08-18,16,56.85561875,-6.868125,0.5255681818181815,156.91287878787875,753.0737704918031,603.6931818181815,0.625,0.813504554714447,49.5,60.76,-15.0,-0.83
total_box,1986,35,16,1986,35,1986-08-25,16,50.50114375,-7.2440625,0.4673295454545458,38.54166666666667,778.6885245901642,482.95454545454515,0.6875,0.6163003482025224,49.5,60.76,-15.0,-0.83
total_box,1986,36,8,1986,36,1986-09-01,8,56.4673125,-1.409375,0.034090909090909075,41.85606060606061,1096.3114754098356,4176.136363636364,4.0,10.498923260381602,49.5,60.76,-15.0,-0.83
total_box,1986,37,15,1986,37,1986-09-08,15,55.37788666666667,-2.523213333333333,0.5106060606060605,51.01010101010104,551.9125683060108,3022.727272727267,0.7333333333333333,4.878035367039374,49.5,60.76,-15.0,-0.83
total_box,1986,38,55,1986,38,1986-09-15,55,54.66790909090909,-8.16796181818182,0.29834710743801646,74.32506887052342,552.9061102831595,1272.7272727272727,1.1818181818181819,3.677610978300823,49.5,60.76,-15.0,-0.83
total_box,1986,39,7,1986,39,1986-09-22,7,50.06165714285714,-2.5397428571428575,0.04545454545454545,65.5844155844156,1370.0234192037472,405.844155844156,0.42857142857142855,0.28770772238514175,49.5,60.76,-15.0,-0.83
total_box,1986,40,17,1986,40,1986-09-29,17,50.50313529411765,-8.111676470588236,0.25668449197860926,142.2459893048128,188.04243008678876,2299.4652406417126,0.8235294117647058,9.771938131313144,49.5,60.76,-15.0,-0.83
total_box,1986,41,20,1986,41,1986-10-06,20,53.696675000000006,-2.410835,0.47500000000000026,48.10606060606061,1659.8360655737706,744.3181818181822,1.35,0.9527808310744976,49.5,60.76,-15.0,-0.83
total_box,1986,42,8,1986,42,1986-10-13,8,56.4804125,-1.4320875,0.04545454545454546,8.901515151515149,389.344262295083,4374.999999999998,2.25,17.82776988636364,49.5,60.76,-15.0,-0.83
total_box,1986,43,22,1986,43,1986-10-20,22,56.306518181818184,-8.558481818181818,0.06921487603305784,22.107438016528935,778.6885245901644,1875.0000000000002,1.1363636363636365,4.181411817880186,49.5,60.76,-15.0,-0.83
total_box,1986,44,21,1986,44,1986-10-27,21,52.32007142857143,-5.353176190476191,0.08225108225108219,4.906204906204909,378.61046057767425,151.51515151515153,0.38095238095238093,0.22899126022534308,49.5,60.76,-15.0,-0.83
total_box,1986,45,14,1986,45,1986-11-03,14,53.71714285714285,-1.9842857142857144,0.01948051948051948,1.8398268398268385,462.52927400468445,129.87012987013014,0.8571428571428571,0.4669349747474756,49.5,60.76,-15.0,-0.83
total_box,1986,46,4,1986,46,1986-11-10,4,49.797925,-4.094575,0.01136363636363635,8.33333333333333,1147.5409836065562,625.0000000000009,1.0,0.805961399711401,49.5,60.76,-15.0,-0.83
total_box,1986,47,8,1986,47,1986-11-17,8,58.653325,-1.403125,0.24147727272727276,7.575757575757572,0.0,0.0,0.0,,49.5,60.76,-15.0,-0.83
total_box,1986,48,40,1986,48,1986-11-24,40,52.7833,-7.8209175,0.24090909090909096,6.704545454545455,67.62295081967213,159.09090909090907,0.125,2.1950757575757587,49.5,60.76,-15.0,-0.83
total_box,1986,49,13,1986,49,1986-12-01,13,54.0291076923077,-1.8456384615384613,0.15559440559440527,6.64335664335664,113.49306431273645,104.8951048951047,0.7692307692307693,0.8664772727272714,49.5,60.76,-15.0,-0.83
total_box,1986,50,18,1986,50,1986-12-08,18,55.6638,-2.920738888888889,0.03914141414141415,2.9461279461279446,0.0,0.0,0.05555555555555555,,49.5,60.76,-15.0,-0.83
total_box,1986,51,7,1986,51,1986-12-15,7,49.72998571428571,-11.053814285714285,0.006493506493506486,0.43290043290043284,35.12880562060886,48.70129870129871,0.0,0.0,49.5,60.76,-15.0,-0.83
total_box,1986,52,22,1986,52,1986-12-22,22,53.906209090909094,-8.828713636363636,0.047520661157024795,1.6528925619834711,11.177347242921,15.495867768595046,0.09090909090909091,0.0,49.5,60.76,-15.0,-0.83
total_box,1987,1,16,1987,1,1986-12-29,16,55.88050625,-10.3903125,0.18750000000000028,6.25,15.368852459016376,21.306818181818187,0.375,1.3863636363636382,49.5,60.76,-15.0,-0.83
total_box,1987,2,8,1987,2,1987-01-05,8,56.45355,-1.4281125000000001,0.04261363636363631,0.7575757575757575,92.21311475409837,42.613636363636374,0.0,0.6931818181818191,49.5,60.76,-15.0,-0.83
total_box,1987,3,6,1987,3,1987-01-12,6,50.03501666666667,-2.5797166666666667,0.003787878787878783,3.2828282828282833,81.967213114754,56.818181818181834,0.5,0.6931818181818191,49.5,60.76,-15.0,-0.83
total_box,1987,4,45,1987,4,1987-01-19,45,55.10751777777777,-6.494657777777778,0.03383838383838384,1.4478114478114488,21.857923497267755,7.575757575757578,0.1111111111111111,0.0,49.5,60.76,-15.0,-0.83
total_box,1987,5,8,1987,5,1987-01-26,8,56.0133375,-11.715,0.0,0.37878787878787873,0.0,0.0,0.125,,49.5,60.76,-15.0,-0.83
total_box,1987,6,14,1987,6,1987-02-02,14,56.10868571428572,-5.281428571428571,0.035714285714285705,0.21645021645021642,0.0,0.0,0.0,,49.5,60.76,-15.0,-0.83
total_box,1987,7,30,1987,7,1987-02-09,30,53.03827666666667,-3.87595,0.03636363636363634,1.4646464646464652,79.23497267759564,22.727272727272734,0.16666666666666666,0.0,49.5,60.76,-15.0,-0.83
total_box,1987,8,8,1987,8,1987-02-16,8,56.6289625,-4.93375,0.005681818181818187,0.0,61.4754098360655,0.0,0.25,0.0,49.5,60.76,-15.0,-0.83
total_box,1987,10,9,1987,10,1987-03-02,9,56.24296666666666,-1.3579555555555556,0.005050505050505045,1.3468013468013467,109.28961748633878,75.75757575757578,0.5555555555555556,0.46212121212121277,49.5,60.76,-15.0,-0.83
total_box,1987,11,27,1987,11,1987-03-09,27,55.472588888888886,-6.276918518518518,0.017676767676767652,2.974186307519642,531.2689738919247,25.25252525252526,0.5925925925925926,0.07305592691622105,49.5,60.76,-15.0,-0.83
total_box,1987,12,35,1987,12,1987-03-16,35,52.77200285714286,-6.242999999999999,0.08116883116883122,3.073593073593072,231.85011709601858,19.480519480519487,0.2,0.09808286951144093,49.5,60.76,-15.0,-0.83
total_box,1987,13,4,1987,13,1987-03-23,4,60.4754,-8.978325,0.039772727272727175,0.0,0.0,0.0,0.0,,49.5,60.76,-15.0,-0.83
total_box,1987,14,5,1987,14,1987-03-30,5,49.847660000000005,-4.10666,0.045454545454545456,15.757575757575768,2868.852459016394,636.3636363636364,2.7,0.30318452380952404,49.5,60.76,-15.0,-0.83
total_box,1987,15,21,1987,15,1987-04-06,21,54.577461904761904,-5.9900761904761906,0.09307359307359298,19.841269841269842,897.7361436377829,16.23376623376624,1.6428571428571428,0.0060276679841897276,49.5,60.76,-15.0,-0.83
total_box,1987,16,44,1987,16,1987-04-13,44,53.836738636363634,-6.9570431818181815,0.5211776859504132,43.69834710743803,2993.6661698956773,586.2603305785125,2.1818181818181817,0.3056619261235856,49.5,60.76,-15.0,-0.83
total_box,1987,17,8,1987,17,1987-04-20,8,58.651675,-1.4035375,0.5511363636363631,38.25757575757575,6823.770491803278,213.0681818181815,4.0,0.07936797999297994,49.5,60.76,-15.0,-0.83
total_box,1987,19,13,1987,19,1987-05-04,13,53.952046153846155,-2.4710153846153844,0.047202797202797186,99.30069930069928,895.3341740226987,437.06293706293707,1.7692307692307692,2.4245709123757933,49.5,60.76,-15.0,-0.83
total_box,1987,20,28,1987,20,1987-05-11,28,54.745957142857144,-7.165357142857142,0.6047077922077922,88.04112554112555,1791.5690866510545,482.95454545454544,1.5714285714285714,0.5962878194559479,49.5,60.76,-15.0,-0.83
total_box,1987,21,30,1987,21,1987-05-18,30,56.46572333333334,-9.796050000000001,1.1113636363636359,83.0808080808081,3956.284153005467,1602.2727272727275,4.6,0.4588768238233236,49.5,60.76,-15.0,-0.83
total_box,1987,22,19,1987,22,1987-05-25,19,52.78614736842105,-4.604026315789474,0.2547846889952156,88.35725677830939,1194.9956859361519,1991.626794258371,2.3157894736842106,2.540343161623062,49.5,60.76,-15.0,-0.83
total_box,1987,23,10,1987,23,1987-06-01,10,50.529489999999996,-2.92332,0.07727272727272716,97.27272727272725,49.1803278688525,102.2727272727273,1.7,0.0,49.5,60.76,-15.0,-0.83
total_box,1987,24,36,1987,24,1987-06-08,36,54.44777500000001,-6.284408333333333,0.0991161616161616,78.11447811447809,138.88888888888894,1739.2676767676764,1.1527777777777777,6.720657532260405,49.5,60.76,-15.0,-0.83
total_box,1987,25,8,1987,25,1987-06-15,8,58.6539625,-1.58,0.09943181818181805,86.55303030303031,860.6557377049179,9375.00000000001,3.0625,17.692865093605253,49.5,60.76,-15.0,-0.83
total_box,1987,26,26,1987,26,1987-06-22,26,53.83762692307692,-8.4632,0.4991258741258744,79.7785547785548,1415.5107187894087,2792.8321678321654,1.3076923076923077,2.664480996451492,49.5,60.76,-15.0,-0.83
total_box,1987,27,3,1987,27,1987-06-29,3,49.816633333333336,-3.2289,0.037878787878788,119.69696969696973,3087.4316939890723,113.63636363636367,6.5,0.032241014799154304,49.5,60.76,-15.0,-0.83
total_box,1987,28,28,1987,28,1987-07-06,28,53.09189642857143,-4.512317857142857,0.11769480519480514,78.89610389610391,1007.0257611241223,3644.480519480521,1.1607142857142858,14.265978497566923,49.5,60.76,-15.0,-0.83
total_box,1987,29,14,1987,29,1987-07-13,14,55.25953571428572,-2.3482142857142856,0.017857142857142853,61.038961038961055,1469.5550351288061,8474.025974025973,1.3571428571428572,12.471553500597633,49.5,60.76,-15.0,-0.83
total_box,1987,30,13,1987,30,1987-07-20,13,51.67677692307692,-5.769230769230769,0.1258741258741259,43.706293706293714,1475.4098360655762,734.2657342657342,2.3461538461538463,0.4408229998242246,49.5,60.76,-15.0,-0.83
total_box,1987,32,62,1987,32,1987-08-03,62,53.21534677419355,-9.066877419354839,0.37683284457477995,67.91300097751713,1427.8159703860388,1129.0322580645163,1.0161290322580645,2.6410141631643236,49.5,60.76,-15.0,-0.83
total_box,1987,33,11,1987,33,1987-08-10,11,52.284245454545456,-4.391809090909091,0.03925619834710741,29.752066115702426,514.1579731743665,1611.570247933885,1.0909090909090908,2.7885968198468234,49.5,60.76,-15.0,-0.83
total_box,1987,34,7,1987,34,1987-08-17,7,56.60071428571428,-1.4573857142857143,0.10389610389610393,59.307359307359334,503.5128805620616,4350.649350649352,1.1428571428571428,12.502946127946137,49.5,60.76,-15.0,-0.83
total_box,1987,35,8,1987,35,1987-08-24,8,58.655625,-1.579575,0.05397727272727272,24.24621212121213,163.93442622950775,15227.272727272737,5.25,14.307983682983714,49.5,60.76,-15.0,-0.83
total_box,1987,36,34,1987,36,1987-08-31,34,53.23073529411765,-9.925882352941176,0.05748663101604273,18.360071301247775,366.4416586306656,521.3903743315508,0.6911764705882353,1.6695779220779237,49.5,60.76,-15.0,-0.83
total_box,1987,37,30,1987,37,1987-09-07,30,54.42771666666667,-5.318169999999999,0.19924242424242433,143.0808080808082,1060.109289617487,4196.969696969699,2.9166666666666665,7.0510937036818335,49.5,60.76,-15.0,-0.83
total_box,1987,38,32,1987,38,1987-09-14,32,56.091721875,-4.9534875,0.392755681818182,52.367424242424256,758.1967213114757,2109.374999999998,1.328125,8.14928074363969,49.5,60.76,-15.0,-0.83
total_box,1987,40,15,1987,40,1987-09-28,15,50.495446666666666,-8.1639,0.7560606060606058,55.45454545454546,229.50819672131146,378.7878787878783,0.4666666666666667,1.7951631701631714,49.5,60.76,-15.0,-0.83
total_box,1987,41,13,1987,41,1987-10-05,13,53.89435384615385,-2.4410153846153846,0.2132867132867134,31.006993006993014,472.88776796973565,2360.1398601398614,1.6538461538461537,5.591590659888365,49.5,60.76,-15.0,-0.83
total_box,1987,42,26,1987,42,1987-10-12,26,57.586342307692306,-9.31565,0.10227272727272721,25.349650349650364,923.7074401008824,747.3776223776226,0.8846153846153846,1.0849702491664572,49.5,60.76,-15.0,-0.83
total_box,1987,43,8,1987,43,1987-10-19,8,58.6489625,-1.404375,0.247159090909091,22.727272727272727,30.73770491803275,85.22727272727275,0.0,0.0,49.5,60.76,-15.0,-0.83
total_box,1987,44,15,1987,44,1987-10-26,15,51.63277333333334,-5.798213333333334,0.3606060606060606,37.17171717171718,153.00546448087414,68.1818181818182,0.2,0.5198863636363633,49.5,60.76,-15.0,-0.83
total_box,1987,45,9,1987,45,1987-11-02,9,53.51036666666667,-4.683322222222222,0.0025252525252525224,5.05050505050505,81.967213114754,37.87878787878789,0.3333333333333333,0.46212121212121277,49.5,60.76,-15.0,-0.83
total_box,1987,46,36,1987,46,1987-11-09,36,56.25180833333334,-5.935555555555556,0.0606060606060606,10.563973063973066,282.3315118397084,154.6717171717172,0.16666666666666666,0.5199408762046388,49.5,60.76,-15.0,-0.83
total_box,1987,47,6,1987,47,1987-11-16,6,55.76333333333333,-9.248616666666667,0.022727272727272735,4.5454545454545485,122.95081967213116,340.9090909090905,0.0,2.42613636363636,49.5,60.76,-15.0,-0.83
total_box,1987,48,27,1987,48,1987-11-23,27,51.67494444444445,-6.175933333333334,0.2087542087542088,3.759820426487096,63.75227686703093,50.50505050505052,0.37037037037037035,0.46212121212121277,49.5,60.76,-15.0,-0.83
total_box,1987,50,37,1987,50,1987-12-07,37,54.81751621621622,-4.2323,0.09582309582309585,3.849303849303851,86.39787328311911,92.13759213759218,0.08108108108108109,1.039772727272729,49.5,60.76,-15.0,-0.83
total_box,1987,51,14,1987,51,1987-12-14,14,56.02106428571428,-11.162507142857143,0.05844155844155844,2.9220779220779227,52.69320843091329,24.350649350649356,0.14285714285714285,0.0,49.5,60.76,-15.0,-0.83
total_box,1987,52,16,1987,52,1987-12-21,16,52.74718125,-5.0374,0.031249999999999955,0.18939393939393936,0.0,21.306818181818187,0.0,,49.5,60.76,-15.0,-0.83
total_box,1987,53,4,1987,53,1987-12-28,4,57.989175,-1.5425,0.07386363636363646,1.515151515151515,0.0,0.0,0.0,,49.5,60.76,-15.0,-0.83
total_box,1988,2,8,1988,2,1988-01-11,8,58.653125,-1.403125,0.056818181818181865,1.1363636363636362,0.0,0.0,0.0,,49.5,60.76,-15.0,-0.83
total_box,1988,3,16,1988,3,1988-01-18,16,57.9896875,-3.9239625,0.04687499999999997,0.7575757575757575,61.4754098360655,134.94318181818204,0.25,1.8484848484848544,49.5,60.76,-15.0,-0.83
total_box,1988,4,13,1988,4,1988-01-25,13,55.941023076923074,-10.901792307692308,0.09090909090909084,1.7482517482517506,0.0,0.0,0.0,,49.5,60.76,-15.0,-0.83
total_box,1988,5,5,1988,5,1988-02-01,5,56.348,-1.44998,0.027272727272727282,0.303030303030304,49.1803278688524,136.3636363636364,0.0,2.7727272727272765,49.5,60.76,-15.0,-0.83
total_box,1988,7,23,1988,7,1988-02-15,23,57.50116521739131,-4.228260869565218,0.0059288537549407085,0.5270092226613965,32.074126870990696,0.0,0.2608695652173913,0.0,49.5,60.76,-15.0,-0.83
total_box,1988,8,29,1988,8,1988-02-22,29,51.75683793103448,-8.094872413793103,0.03605015673981189,1.6196447230929985,36.743923120407,0.0,0.034482758620689655,0.0,49.5,60.76,-15.0,-0.83
total_box,1988,9,24,1988,9,1988-02-29,24,55.21825833333333,-9.325212500000001,0.012310606060606041,0.6313131313131316,191.25683060109304,0.0,0.4166666666666667,0.0,49.5,60.76,-15.0,-0.83
total_box,1988,10,8,1988,10,1988-03-07,8,49.8229125,-3.82875,0.014204545454545463,12.5,993.8524590163929,42.613636363636374,1.375,0.026660839160839125,49.5,60.76,-15.0,-0.83
total_box,1988,11,20,1988,11,1988-03-14,20,55.122580000000006,-6.787085,0.037499999999999964,1.2121212121212124,274.59016393442596,0.0,0.2,0.0,49.5,60.76,-15.0,-0.83
total_box,1988,12,15,1988,12,1988-03-21,15,53.70467333333333,-3.9031066666666665,0.2469696969696969,5.252525252525248,202.18579234972705,0.0,0.13333333333333333,0.0,49.5,60.76,-15.0,-0.83
total_box,1988,14,14,1988,14,1988-04-04,14,56.006078571428574,-11.1319,0.04707792207792204,0.0,1229.5081967213112,73.05194805194807,1.8571428571428572,0.21813413858868425,49.5,60.76,-15.0,-0.83
total_box,1988,15,50,1988,15,1988-04-11,50,55.513836,-4.46956,0.7436363636363638,31.51515151515152,3293.442622950821,61.36363636363638,2.2,0.0644032897249809,49.5,60.76,-15.0,-0.83
total_box,1988,16,7,1988,16,1988-04-18,7,50.54357142857143,-6.523571428571429,0.40259740259740245,76.40692640692642,187.3536299765803,97.40259740259742,0.42857142857142855,0.1599650349650355,49.5,60.76,-15.0,-0.83
total_box,1988,19,50,1988,19,1988-05-09,50,54.357299999999995,-5.97597,0.28454545454545455,74.48484848484848,1401.639344262295,534.0909090909095,1.73,1.0829415923963421,49.5,60.76,-15.0,-0.83
total_box,1988,20,4,1988,20,1988-05-16,4,57.990825,-1.5425,0.01704545454545455,63.25757575757579,184.42622950819674,369.3181818181825,0.5,0.0,49.5,60.76,-15.0,-0.83
total_box,1988,22,6,1988,22,1988-05-30,6,50.61638333333334,-6.660550000000001,0.06060606060606064,87.6262626262626,2336.0655737704897,871.2121212121218,2.0833333333333335,0.5391749011857723,49.5,60.76,-15.0,-0.83
total_box,1988,23,38,1988,23,1988-06-06,38,53.71131578947368,-6.382326315789474,0.07236842105263147,44.73684210526314,409.8360655737704,2628.5885167464116,0.8421052631578947,5.378075555049243,49.5,60.76,-15.0,-0.83
total_box,1988,24,15,1988,24,1988-06-13,15,53.67489333333333,-6.288106666666667,0.4242424242424239,135.8585858585858,1759.5628415300516,712.1212121212118,0.4,0.29298467337260486,49.5,60.76,-15.0,-0.83
total_box,1988,25,17,1988,25,1988-06-20,17,59.37764117647059,-5.359817647058824,0.5200534759358287,21.212121212121215,655.7377049180329,2961.2299465240612,1.6470588235294117,2.467514136110196,49.5,60.76,-15.0,-0.83
total_box,1988,27,9,1988,27,1988-07-04,9,56.305566666666664,-1.3653777777777778,0.012626262626262633,48.4848484848485,500.9107468123863,5126.262626262622,1.1111111111111112,7.943048128342238,49.5,60.76,-15.0,-0.83
total_box,1988,28,5,1988,28,1988-07-11,5,49.873000000000005,-4.09602,0.07272727272727264,17.57575757575757,2081.967213114756,954.5454545454555,0.8,0.3867622522882785,49.5,60.76,-15.0,-0.83
total_box,1988,29,21,1988,29,1988-07-18,21,59.13785238095238,-3.7713476190476194,0.07142857142857142,25.324675324675315,199.06323185011726,6531.385281385277,0.9523809523809523,49.19031468531467,49.5,60.76,-15.0,-0.83
total_box,1988,30,21,1988,30,1988-07-25,21,52.06285714285714,-9.664290476190477,0.23051948051948004,64.71861471861473,2775.1756440281033,2922.077922077925,3.261904761904762,1.6626842567231854,49.5,60.76,-15.0,-0.83
total_box,1988,31,14,1988,31,1988-08-01,14,53.64761428571428,-5.437857142857142,0.0340909090909091,36.14718614718617,316.15925058548,4951.298701298701,1.3214285714285714,14.01344488844491,49.5,60.76,-15.0,-0.83
total_box,1988,32,13,1988,32,1988-08-08,13,55.273330769230775,-2.5558923076923077,0.09790209790209786,96.03729603729604,901.6393442622943,11118.881118881105,4.038461538461538,14.0723840402022,49.5,60.76,-15.0,-0.83
total_box,1988,33,15,1988,33,1988-08-15,15,59.37344666666667,-5.453993333333333,0.08030303030303029,6.060606060606068,349.72677595628375,1598.4848484848476,1.1,3.5177798392084094,49.5,60.76,-15.0,-0.83
total_box,1988,34,21,1988,34,1988-08-22,21,53.62515714285715,-8.94707619047619,0.22402597402597396,50.793650793650826,835.2849336455895,2862.5541125541126,1.9285714285714286,3.9972583480838817,49.5,60.76,-15.0,-0.83
total_box,1988,35,35,1988,35,1988-08-29,35,53.11309428571428,-9.498002857142856,0.1545454545454545,22.034632034632036,241.2177985948476,285.7142857142858,1.457142857142857,1.2327972027972045,49.5,60.76,-15.0,-0.83
total_box,1988,36,16,1988,36,1988-09-05,16,57.581562500000004,-1.41739375,0.26420454545454575,50.6628787878788,1024.5901639344258,4886.3636363636315,1.46875,5.51331101396464,49.5,60.76,-15.0,-0.83
total_box,1988,37,19,1988,37,1988-09-12,19,56.91754210526315,-5.149215789473684,0.11004784688995213,7.894736842105269,754.9611734253664,538.2775119617223,0.42105263157894735,0.9221358888025565,49.5,60.76,-15.0,-0.83
total_box,1988,38,11,1988,38,1988-09-19,11,51.18363636363636,-6.41210909090909,0.10330578512396685,59.09090909090909,89.41877794336808,196.28099173553744,0.6363636363636364,2.2335858585858643,49.5,60.76,-15.0,-0.83
total_box,1988,41,32,1988,41,1988-10-10,32,57.223853125,-3.6470875,0.30539772727272707,33.47537878787878,537.9098360655739,273.4375000000001,0.609375,0.5453240269346045,49.5,60.76,-15.0,-0.83
total_box,1988,42,11,1988,42,1988-10-17,11,51.265899999999995,-6.386972727272727,0.17561983471074377,38.56749311294775,208.64381520119215,30.99173553719009,0.9090909090909091,0.34659090909090956,49.5,60.76,-15.0,-0.83
total_box,1988,43,23,1988,43,1988-10-24,23,51.08144782608696,-8.23188695652174,0.21936758893280645,17.457180500658765,121.16892373485365,123.51778656126483,0.30434782608695654,0.43990384615384687,49.5,60.76,-15.0,-0.83
total_box,1988,45,45,1988,45,1988-11-07,45,56.757331111111114,-6.583773333333332,0.10151515151515146,5.555555555555557,189.4353369763206,252.52525252525245,0.2,1.5601445123503943,49.5,60.76,-15.0,-0.83
total_box,1988,46,20,1988,46,1988-11-14,20,54.408255,-4.108,0.36477272727272736,13.40909090909091,98.36065573770489,51.13636363636365,0.2,0.3851010101010102,49.5,60.76,-15.0,-0.83
total_box,1988,47,11,1988,47,1988-11-21,11,50.458181818181814,-6.663027272727273,0.004132231404958673,2.6170798898071626,380.0298062593147,0.0,0.2727272727272727,0.0,49.5,60.76,-15.0,-0.83
total_box,1988,49,25,1988,49,1988-12-05,25,54.98806,-6.937799999999999,0.10454545454545451,3.2121212121212093,59.016393442622956,95.45454545454548,0.0,0.3465909090909089,49.5,60.76,-15.0,-0.83
total_box,1988,50,2,1988,50,1988-12-12,2,55.55585,-7.754149999999999,0.5113636363636365,9.848484848484844,0.0,0.0,0.0,,49.5,60.76,-15.0,-0.83
total_box,1988,51,2,1988,51,1988-12-19,2,49.7475,-8.205,0.2727272727272725,0.0,0.0,0.0,0.0,,49.5,60.76,-15.0,-0.83
total_box,1988,52,16,1988,52,1988-12-26,16,51.10363125,-6.10885625,0.23579545454545484,5.303030303030313,0.0,21.306818181818187,0.0,,49.5,60.76,-15.0,-0.83
total_box,1989,2,1,1989,2,1989-01-09,1,55.0267,-1.1717,0.0,0.0,0.0,0.0,0.0,,49.5,60.76,-15.0,-0.83
total_box,1989,3,46,1989,3,1989-01-16,46,54.51322173913044,-6.5322826086956525,0.01729249011857708,0.29644268774703564,16.037063435495348,46.93675889328067,0.10869565217391304,2.926767676767683,49.5,60.76,-15.0,-0.83
total_box,1989,4,13,1989,4,1989-01-23,13,51.650015384615386,-5.763584615384616,0.05419580419580419,2.564102564102567,94.57755359394706,0.0,0.07692307692307693,0.0,49.5,60.76,-15.0,-0.83
total_box,1989,6,16,1989,6,1989-02-06,16,57.559375,-1.39615,0.05681818181818179,1.1382575757575761,46.10655737704913,0.0,0.125,0.0,49.5,60.76,-15.0,-0.83
total_box,1989,7,20,1989,7,1989-02-13,20,52.895335,-9.12917,0.02727272727272729,1.4393939393939406,0.0,0.0,0.05,,49.5,60.76,-15.0,-0.83
total_box,1989,8,5,1989,8,1989-02-20,5,55.67932,-8.631,0.04545454545454554,2.424242424242426,49.1803278688524,0.0,0.4,0.0,49.5,60.76,-15.0,-0.83
total_box,1989,9,4,1989,9,1989-02-27,4,49.879175000000004,-4.1125,0.01704545454545455,6.43939393939394,184.42622950819674,0.0,0.0,0.0,49.5,60.76,-15.0,-0.83
total_box,1989,10,16,1989,10,1989-03-06,16,58.52104375,-5.03395,0.09659090909090906,4.45075757575758,153.68852459016392,0.0,0.375,0.0,49.5,60.76,-15.0,-0.83
total_box,1989,11,13,1989,11,1989-03-13,13,50.769615384615385,-6.9555,0.15034965034965025,7.342657342657346,18.915510718789385,52.44755244755246,0.23076923076923078,1.3863636363636382,49.5,60.76,-15.0,-0.83
total_box,1989,12,19,1989,12,1989-03-20,19,54.42009473684211,-4.1283315789473685,0.06339712918660295,1.8341307814992032,133.73597929249334,0.0,0.47368421052631576,0.0,49.5,60.76,-15.0,-0.83
total_box,1989,13,13,1989,13,1989-03-27,13,56.03038461538461,-11.36346923076923,0.3583916083916082,2.0979020979021032,4287.515762925598,0.0,1.2307692307692308,0.0,49.5,60.76,-15.0,-0.83
total_box,1989,15,24,1989,15,1989-04-10,24,52.030137499999995,-5.254645833333334,0.22159090909090914,82.89141414141419,935.7923497267757,165.71969696969697,1.3333333333333333,0.37839720044265523,49.5,60.76,-15.0,-0.83
total_box,1989,16,35,1989,16,1989-04-17,35,55.932860000000005,-4.823517142857143,0.0707792207792208,11.861471861471868,1276.3466042154578,103.89610389610408,1.1857142857142857,0.07481517429520589,49.5,60.76,-15.0,-0.83
total_box,1989,17,6,1989,17,1989-04-24,6,56.17416666666667,-13.22665,0.03787878787878782,16.161616161616156,8483.606557377048,113.63636363636367,3.3333333333333335,0.014154889228418633,49.5,60.76,-15.0,-0.83
total_box,1989,18,20,1989,18,1989-05-01,20,55.904395,-10.553090000000001,0.5874999999999998,76.06060606060608,12196.721311475412,624.9999999999998,3.875,0.22984860278176883,49.5,60.76,-15.0,-0.83
total_box,1989,19,31,1989,19,1989-05-08,31,52.73516129032258,-4.7543,0.09750733137829902,100.19550342130995,3926.4939185616045,560.8504398826982,4.854838709677419,0.8732157888569887,49.5,60.76,-15.0,-0.83
total_box,1989,20,19,1989,20,1989-05-15,19,53.11562105263158,-4.8946421052631575,0.053827751196172155,102.39393939393945,3196.7213114754104,358.8516746411485,3.236842105263158,0.5372738342791863,49.5,60.76,-15.0,-0.83
total_box,1989,23,42,1989,23,1989-06-05,42,54.17543809523809,-7.102654761904763,0.633116883116883,140.15151515151516,1777.9078844652608,2729.9783549783556,2.0595238095238093,7.074975288046806,49.5,60.76,-15.0,-0.83
total_box,1989,24,33,1989,24,1989-06-12,33,54.82398484848485,-5.5248,0.4373278236914595,29.981634527089067,362.6428216592154,1036.5013774104686,1.2878787878787878,2.4492424242424238,49.5,60.76,-15.0,-0.83
total_box,1989,26,8,1989,26,1989-06-26,8,60.14355,-8.237512500000001,2.1704545454545445,88.06818181818178,3329.9180327868926,440.340909090909,1.125,0.3774571782384279,49.5,60.76,-15.0,-0.83
total_box,1989,27,21,1989,27,1989-07-03,21,50.64427142857143,-6.251833333333333,0.010822510822510805,11.03896103896104,468.3840749414516,135.2813852813854,1.2857142857142858,0.20885478158205462,49.5,60.76,-15.0,-0.83
total_box,1989,28,26,1989,28,1989-07-10,26,53.26101923076923,-4.078084615384616,0.08916083916083915,30.769230769230766,1339.8486759142497,2307.6923076923076,2.019230769230769,2.4466152378911374,49.5,60.76,-15.0,-0.83
total_box,1989,29,8,1989,29,1989-07-17,8,56.495200000000004,-1.4233375,0.025568181818181775,30.492424242424228,327.86885245901635,4801.136363636364,2.4375,13.317159692159699,49.5,60.76,-15.0,-0.83
total_box,1989,31,15,1989,31,1989-07-31,15,50.49388666666667,-7.60522,0.1545454545454544,29.59595959595962,16.3934426229508,818.1818181818187,1.0,8.780303030303044,49.5,60.76,-15.0,-0.83
total_box,1989,32,25,1989,32,1989-08-07,25,56.696404,-4.457,0.06909090909090906,55.94060606060606,4029.5081967213155,4309.090909090913,2.6,5.119072100824481,49.5,60.76,-15.0,-0.83
total_box,1989,33,17,1989,33,1989-08-14,17,54.719023529411764,-3.8258764705882355,0.033422459893048165,82.08556149732618,1677.9170684667308,4010.695187165776,3.0588235294117645,3.1609734359340838,49.5,60.76,-15.0,-0.83
total_box,1989,34,13,1989,34,1989-08-21,13,55.999346153846155,-11.0586,0.07692307692307687,118.06526806526807,2156.3682219419916,1118.8811188811192,2.269230769230769,0.5378027226498605,49.5,60.76,-15.0,-0.83
total_box,1989,35,16,1989,35,1989-08-28,16,50.43375,-8.2585375,0.22585227272727262,43.27651515151515,245.90163934426255,717.3295454545454,1.1875,0.8822314049586781,49.5,60.76,-15.0,-0.83
total_box,1989,36,19,1989,36,1989-09-04,19,53.51955789473684,-4.112889473684211,0.1495215311004784,37.32057416267944,884.3830888697149,4126.794258373204,1.4736842105263157,8.944473108192609,49.5,60.76,-15.0,-0.83
total_box,1989,37,9,1989,37,1989-09-11,9,58.25388888888889,-1.3779555555555556,0.6363636363636364,185.35353535353534,309.6539162112932,1010.1010101010098,1.2222222222222223,1.4808884297520675,49.5,60.76,-15.0,-0.83
total_box,1989,38,16,1989,38,1989-09-18,16,54.68875625,-8.23104375,0.06676136363636352,17.140151515151516,778.6885245901641,2826.7045454545446,1.25,3.3638562206737475,49.5,60.76,-15.0,-0.83
total_box,1989,39,35,1989,39,1989-09-25,35,54.56066285714286,-7.604385714285715,0.4545454545454541,28.96103896103896,676.8149882903981,639.6103896103897,1.1428571428571428,1.3847055103884374,49.5,60.76,-15.0,-0.83
total_box,1989,40,11,1989,40,1989-10-02,11,51.41073636363637,-6.043027272727272,0.177685950413223,27.961432506887046,44.70938897168409,0.0,0.5454545454545454,0.0,49.5,60.76,-15.0,-0.83
total_box,1989,41,31,1989,41,1989-10-09,31,57.1408,-3.7046225806451614,0.13782991202346037,6.842619745845554,1179.2702273929126,1026.3929618768339,1.2258064516129032,1.1205403966101781,49.5,60.76,-15.0,-0.83
total_box,1989,42,9,1989,42,1989-10-16,9,53.65092222222222,-4.1602,0.0,0.3367003367003378,200.3642987249549,303.03030303030357,0.6666666666666666,1.4441287878787887,49.5,60.76,-15.0,-0.83
total_box,1989,43,11,1989,43,1989-10-23,11,56.00757272727273,-11.957881818181818,0.0661157024793388,13.498622589531687,1341.2816691505222,2871.9008264462823,1.7272727272727273,3.0195558304335246,49.5,60.76,-15.0,-0.83
total_box,1989,44,16,1989,44,1989-10-30,16,55.9204125,-10.5336375,0.03125000000000002,3.598484848484852,927.2540983606558,383.5227272727274,1.25,0.5301393745004404,49.5,60.76,-15.0,-0.83
total_box,1989,45,31,1989,45,1989-11-06,31,57.18494516129032,-3.756722580645161,0.13049853372434017,6.598240469208211,105.76414595452148,32.991202346041064,0.12903225806451613,0.49860446570972944,49.5,60.76,-15.0,-0.83
total_box,1989,46,12,1989,46,1989-11-13,12,54.278191666666665,-3.8430583333333335,0.035984848484848425,11.489898989899002,81.967213114754,0.0,0.5,0.0,49.5,60.76,-15.0,-0.83
total_box,1989,47,12,1989,47,1989-11-20,12,50.53695,-6.732641666666667,0.1458333333333331,2.7777777777777772,81.96721311475416,0.0,0.25,0.0,49.5,60.76,-15.0,-0.83
total_box,1989,48,10,1989,48,1989-11-27,10,50.980830000000005,-6.46617,0.318181818181818,10.90909090909091,0.0,0.0,1.0,,49.5,60.76,-15.0,-0.83
total_box,1989,49,18,1989,49,1989-12-04,18,57.15518888888889,-5.720922222222222,0.005050505050505051,0.2525252525252528,13.661202185792334,18.939393939393945,0.2777777777777778,1.3863636363636382,49.5,60.76,-15.0,-0.83
total_box,1989,50,16,1989,50,1989-12-11,16,57.58020625,-1.40499375,0.32386363636363635,2.1780303030303063,220.28688524590163,106.53409090909093,1.0,0.39385330578512406,49.5,60.76,-15.0,-0.83
total_box,1989,51,12,1989,51,1989-12-18,12,50.476400000000005,-7.070283333333333,0.09469696969696967,0.7575757575757575,20.4918032786885,0.0,0.0,0.0,49.5,60.76,-15.0,-0.83
total_box,1990,1,7,1990,1,1990-01-01,7,50.612142857142864,-6.637857142857143,0.14285714285714285,3.8961038961039027,0.0,0.0,0.0,,49.5,60.76,-15.0,-0.83
total_box,1990,2,43,1990,2,1990-01-08,43,56.93011395348837,-4.840155813953488,0.03435517970401689,1.4799154334038052,45.74914220358367,31.7124735729387,0.18604651162790697,0.46212121212121193,49.5,60.76,-15.0,-0.83
total_box,1990,3,15,1990,3,1990-01-15,15,50.13878666666667,-5.79566,0.06818181818181818,2.8282828282828283,16.3934426229508,0.0,0.0,0.0,49.5,60.76,-15.0,-0.83
total_box,1990,5,1,1990,5,1990-01-29,1,55.0267,-1.1767,0.0227272727272727,0.0,0.0,0.0,1.0,,49.5,60.76,-15.0,-0.83
total_box,1990,6,23,1990,6,1990-02-05,23,58.41383913043478,-3.1991347826086955,0.0434782608695652,1.6469038208168656,10.691375623663566,0.0,0.2608695652173913,0.0,49.5,60.76,-15.0,-0.83
total_box,1990,7,17,1990,7,1990-02-12,17,51.192647058823525,-5.21294705882353,0.018716577540106947,0.71301247771836,0.0,0.0,0.11764705882352941,,49.5,60.76,-15.0,-0.83
total_box,1990,9,2,1990,9,1990-02-26,2,49.84085,-6.68,0.02272727272727275,0.0,0.0,0.0,0.0,,49.5,60.76,-15.0,-0.83
total_box,1990,10,15,1990,10,1990-03-05,15,58.443666666666665,-4.691766666666667,0.009090909090909087,0.404040404040404,131.1475409836066,0.0,0.13333333333333333,0.0,49.5,60.76,-15.0,-0.83
total_box,1990,11,20,1990,11,1990-03-12,20,50.551085,-6.44308,0.03295454545454547,0.8333333333333339,204.91803278688502,0.0,0.5,0.0,49.5,60.76,-15.0,-0.83
total_box,1990,12,20,1990,12,1990-03-19,20,57.027665,-7.0450800000000005,0.00795454545454545,1.2878787878787885,184.4262295081967,0.0,0.55,0.0,49.5,60.76,-15.0,-0.83
total_box,1990,14,11,1990,14,1990-04-02,11,55.018936363636364,-3.808481818181818,0.11983471074380171,11.157024793388429,67.06408345752601,30.99173553719009,0.6363636363636364,0.46212121212121277,49.5,60.76,-15.0,-0.83
total_box,1990,15,20,1990,15,1990-04-09,20,53.142585,-4.711665,0.18863636363636369,12.87878787878788,2077.868852459019,51.13636363636365,1.55,0.006257729715699141,49.5,60.76,-15.0,-0.83
total_box,1990,16,15,1990,16,1990-04-16,15,56.60123333333333,-6.1024400000000005,0.1833333333333332,22.92929292929289,398.907103825137,0.0,0.8,0.0,49.5,60.76,-15.0,-0.83
total_box,1990,17,13,1990,17,1990-04-23,13,56.00691538461539,-11.335507692307694,0.041958041958041994,10.48951048951049,863.8083228247166,78.6713286713287,0.9615384615384616,0.17692321768408747,49.5,60.76,-15.0,-0.83
total_box,1990,18,9,1990,18,1990-04-30,9,59.91296666666666,-6.89018888888889,0.2297979797979796,72.7272727272727,1302.3679417122037,189.39393939393943,1.5,0.4038376590122065,49.5,60.76,-15.0,-0.83
total_box,1990,19,27,1990,19,1990-05-07,27,53.427707407407404,-3.7766037037037035,0.32239057239057234,60.942760942760906,2194.8998178506386,193.60269360269362,2.5185185185185186,0.3868043585241728,49.5,60.76,-15.0,-0.83
total_box,1990,20,4,1990,20,1990-05-14,4,57.995,-1.6333000000000002,0.5113636363636362,256.81818181818176,450.8196721311485,255.6818181818175,1.75,0.25994318181818027,49.5,60.76,-15.0,-0.83
total_box,1990,21,22,1990,21,1990-05-21,22,53.56786363636363,-7.758490909090909,0.026859504132231402,15.633608815427008,3107.3025335320417,2851.2396694214867,3.227272727272727,1.1488450377773958,49.5,60.76,-15.0,-0.83
total_box,1990,22,20,1990,22,1990-05-28,20,55.889075000000005,-10.328915,0.7181818181818179,90.45606060606056,1540.9836065573775,2636.363636363635,3.25,3.400000994907473,49.5,60.76,-15.0,-0.83
total_box,1990,23,17,1990,23,1990-06-04,17,52.47304117647059,-6.089317647058824,0.2687165775401069,67.64705882352946,819.6721311475408,233.957219251337,1.8235294117647058,0.5619331065759641,49.5,60.76,-15.0,-0.83
total_box,1990,24,19,1990,24,1990-06-11,19,53.589742105263156,-3.695257894736842,0.29186602870813344,67.54385964912282,526.3157894736846,239.23444976076559,1.263157894736842,0.2854931526806519,49.5,60.76,-15.0,-0.83
total_box,1990,25,38,1990,25,1990-06-18,38,54.352410526315786,-4.757184210526316,0.27033492822966493,51.71451355661882,1488.3520276100082,1031.6985645933019,1.9210526315789473,1.6635944767292317,49.5,60.76,-15.0,-0.83
total_box,1990,27,7,1990,27,1990-07-02,7,50.92714285714286,-7.087128571428571,0.2824675324675324,107.57575757575755,772.833723653396,227.27272727272717,1.5714285714285714,0.24261363636363545,49.5,60.76,-15.0,-0.83
total_box,1990,28,41,1990,28,1990-07-09,41,56.57768536585366,-5.239351219512195,0.03381374722838137,23.57723577235774,1543.382646941223,1019.955654101995,2.597560975609756,0.9093383185909657,49.5,60.76,-15.0,-0.83
total_box,1990,29,9,1990,29,1990-07-16,9,54.25871111111111,-9.353711111111112,0.037878787878787845,6.9023569023569,3096.5391621129334,3762.6262626262624,2.0,1.3234652828069204,49.5,60.76,-15.0,-0.83
total_box,1990,31,29,1990,31,1990-07-30,29,53.675865517241384,-7.2794275862068964,0.3949843260188082,20.480668756530843,505.93555681175815,293.88714733542326,0.4482758620689655,1.6782555420493577,49.5,60.76,-15.0,-0.83
total_box,1990,32,12,1990,32,1990-08-06,12,57.4318,-7.483758333333333,0.20643939393939392,61.11111111111115,1639.3442622950831,4886.36363636363,2.375,5.137694909310337,49.5,60.76,-15.0,-0.83
total_box,1990,33,13,1990,33,1990-08-13,13,53.47947692307692,-7.340130769230769,0.17482517482517498,65.38461538461542,1519.5460277427487,1783.216783216781,1.6923076923076923,1.2766229160689182,49.5,60.76,-15.0,-0.83
total_box,1990,34,1,1990,34,1990-08-20,1,55.06,-1.07,2.09090909090909,15.1515151515152,0.0,3750.0,1.0,,49.5,60.76,-15.0,-0.83
total_box,1990,35,28,1990,35,1990-08-27,28,51.52535,-6.148692857142857,0.08928571428571418,15.259740259740264,228.33723653395788,211.03896103896093,0.8928571428571429,0.4185336514988766,49.5,60.76,-15.0,-0.83
total_box,1990,37,36,1990,37,1990-09-10,36,55.49051111111111,-4.674869444444444,0.41982323232323254,51.64141414141417,749.0892531876144,1164.7727272727277,1.8194444444444444,3.108355153382688,49.5,60.76,-15.0,-0.83
total_box,1990,38,23,1990,38,1990-09-17,23,56.083039130434784,-6.521886956521739,0.04743083003952566,30.368906455862945,89.09479686386314,464.42687747035615,1.1521739130434783,0.0,49.5,60.76,-15.0,-0.83
total_box,1990,39,4,1990,39,1990-09-24,4,50.11375,-6.812075,0.8409090909090897,13.636363636363642,0.0,0.0,0.0,,49.5,60.76,-15.0,-0.83
total_box,1990,41,24,1990,41,1990-10-08,24,53.670004166666665,-2.9220166666666665,0.19886363636363633,7.323232323232328,556.6939890710381,284.0909090909094,1.1875,0.3967705195405389,49.5,60.76,-15.0,-0.83
total_box,1990,42,9,1990,42,1990-10-15,9,54.10166666666667,-2.835366666666667,0.39393939393939337,31.313131313131368,300.5464480874318,151.51515151515156,0.7777777777777778,0.7922077922077929,49.5,60.76,-15.0,-0.83
total_box,1990,43,36,1990,43,1990-10-22,36,55.10713333333334,-8.687594444444445,0.1837121212121212,9.175084175084177,421.2204007285975,170.45454545454535,0.5694444444444444,0.29919047619047595,49.5,60.76,-15.0,-0.83
total_box,1990,44,13,1990,44,1990-10-29,13,51.41884615384616,-6.050776923076923,0.5506993006993008,15.501165501165511,75.66204287515761,0.0,0.46153846153846156,0.0,49.5,60.76,-15.0,-0.83
total_box,1990,45,27,1990,45,1990-11-05,27,58.37462962962963,-3.5155555555555558,0.24663299663299657,2.918069584736251,27.322404371584668,0.0,0.18518518518518517,0.0,49.5,60.76,-15.0,-0.83
total_box,1990,46,24,1990,46,1990-11-12,24,50.768541666666664,-4.7764541666666664,0.08901515151515144,4.419191919191923,122.95081967213109,0.0,0.20833333333333334,0.0,49.5,60.76,-15.0,-0.83
total_box,1990,47,21,1990,47,1990-11-19,21,52.211509523809525,-8.94642380952381,0.09415584415584416,4.040404040404043,78.06401249024199,0.0,0.09523809523809523,0.0,49.5,60.76,-15.0,-0.83
total_box,1990,48,22,1990,48,1990-11-26,22,55.8875,-10.112563636363637,0.013429752066115703,1.9972451790633612,22.354694485842,0.0,0.0,0.0,49.5,60.76,-15.0,-0.83
total_box,1990,49,21,1990,49,1990-12-03,21,51.68245714285714,-3.816742857142857,0.018398268398268382,3.174603174603174,50.74160811865729,0.0,0.3333333333333333,0.0,49.5,60.76,-15.0,-0.83
total_box,1990,50,29,1990,50,1990-12-10,29,54.58040344827586,-3.8167241379310344,0.09404388714733546,1.5151515151515156,0.0,0.0,0.3448275862068966,,49.5,60.76,-15.0,-0.83
total_box,1990,51,11,1990,51,1990-12-17,11,50.29211818181818,-7.138490909090908,0.18801652892561982,1.37741046831956,44.709388971684,0.0,0.18181818181818182,0.0,49.5,60.76,-15.0,-0.83
total_box,1991,1,15,1991,1,1990-12-31,15,56.03322,-10.579,0.0015151515151515134,0.0,0.0,0.0,0.2,,49.5,60.76,-15.0,-0.83
total_box,1991,2,24,1991,2,1991-01-07,24,57.37513333333334,-4.986529166666666,0.017992424242424216,0.37878787878787873,0.0,0.0,0.0,,49.5,60.76,-15.0,-0.83
total_box,1991,3,30,1991,3,1991-01-14,30,52.27811666666666,-4.4979466666666665,0.1363636363636364,1.1111111111111112,8.1967213114754,0.0,0.23333333333333334,0.0,49.5,60.76,-15.0,-0.83
total_box,1991,4,10,1991,4,1991-01-21,10,59.979510000000005,-7.476000000000001,0.0545454545454546,0.606060606060606,0.0,0.0,0.0,,49.5,60.76,-15.0,-0.83
total_box,1991,5,11,1991,5,1991-01-28,11,52.73606363636364,-7.602127272727273,0.0061983471074380184,0.0,0.0,0.0,0.0,,49.5,60.76,-15.0,-0.83
total_box,1991,6,20,1991,6,1991-02-04,20,56.744835,-4.72567,0.03977272727272728,0.5303030303030305,49.180327868852444,0.0,0.45,0.0,49.5,60.76,-15.0,-0.83
total_box,1991,7,24,1991,7,1991-02-11,24,53.037508333333335,-4.7142375,0.043560606060605994,0.12626262626262624,10.24590163934425,0.0,0.375,0.0,49.5,60.76,-15.0,-0.83
total_box,1991,8,6,1991,8,1991-02-18,6,49.968050000000005,-2.685283333333333,0.026515151515151502,0.505050505050505,40.983606557377,0.0,0.3333333333333333,0.0,49.5,60.76,-15.0,-0.83
total_box,1991,9,12,1991,9,1991-02-25,12,51.35151666666667,-5.9493,0.1022727272727273,1.5151515151515158,61.47540983606558,0.0,0.0,0.0,49.5,60.76,-15.0,-0.83
total_box,1991,10,16,1991,10,1991-03-04,16,57.64833125,-5.805425,0.03125000000000001,0.7575757575757581,517.4180327868854,21.306818181818187,0.375,0.01824162679425838,49.5,60.76,-15.0,-0.83
total_box,1991,11,9,1991,11,1991-03-11,9,50.27926666666667,-6.996488888888889,0.2449494949494951,2.1885521885521886,0.0,0.0,0.0,,49.5,60.76,-15.0,-0.83
total_box,1991,12,33,1991,12,1991-03-18,33,55.18161515151515,-6.7626757575757575,0.13911845730027533,8.539944903581269,779.9304520615998,51.65289256198333,0.4393939393939394,0.09283685064935009,49.5,60.76,-15.0,-0.83
total_box,1991,13,9,1991,13,1991-03-25,9,51.08018888888889,-6.137966666666667,0.3080808080808082,13.80471380471381,0.0,0.0,0.0,,49.5,60.76,-15.0,-0.83
total_box,1991,14,14,1991,14,1991-04-01,14,59.779521428571435,-5.4315500000000005,0.15422077922077929,2.7056277056277054,497.6580796252925,0.0,0.35714285714285715,0.0,49.5,60.76,-15.0,-0.83
total_box,1991,15,52,1991,15,1991-04-08,52,53.80490384615385,-6.096890384615384,0.21110139860139845,30.769230769230788,2146.9104665825985,115.82167832167823,1.1346153846153846,0.06541457929785167,49.5,60.76,-15.0,-0.83
total_box,1991,16,15,1991,16,1991-04-15,15,55.917440000000006,-10.347226666666666,0.14090909090909096,17.375757575757582,4491.803278688524,113.63636363636367,1.8666666666666667,0.016956946116176392,49.5,60.76,-15.0,-0.83
total_box,1991,17,11,1991,17,1991-04-22,11,51.3844,-5.943636363636363,0.36157024793388426,13.085399449035817,22.354694485842,0.0,0.18181818181818182,0.0,49.5,60.76,-15.0,-0.83
total_box,1991,19,25,1991,19,1991-05-06,25,52.931736,-4.893004,0.8881818181818183,251.75757575757598,1557.3770491803275,27.27272727272728,1.38,0.04459064327485377,49.5,60.76,-15.0,-0.83
total_box,1991,20,23,1991,20,1991-05-13,23,56.31050869565218,-7.288621739130434,0.08498023715415015,43.74308300395256,3674.2694226657186,286.5612648221346,1.5869565217391304,0.13292714817830095,49.5,60.76,-15.0,-0.83
total_box,1991,21,31,1991,21,1991-05-20,31,54.05967096774194,-5.54295806451613,0.09017595307917887,29.961876832844617,695.399259650978,212.60997067448722,1.4838709677419355,0.4417207243954971,49.5,60.76,-15.0,-0.83
total_box,1991,23,31,1991,23,1991-06-03,31,53.13575161290323,-4.6753709677419355,0.39662756598240434,61.77908113391984,1530.9360126916977,516.8621700879767,1.6935483870967742,0.6896669570898631,49.5,60.76,-15.0,-0.83
total_box,1991,24,10,1991,24,1991-06-10,10,59.979,-7.125319999999999,1.4795454545454543,94.2424242424243,73.7704918032786,34.0909090909091,0.8,0.0,49.5,60.76,-15.0,-0.83
total_box,1991,25,23,1991,25,1991-06-17,23,53.2684,-5.812173913043479,0.4841897233201584,19.631093544137023,555.9515324305057,227.27272727272734,0.782608695652174,0.47076124220211535,49.5,60.76,-15.0,-0.83
total_box,1991,27,53,1991,27,1991-07-01,53,52.5183641509434,-6.473933962264151,0.11192109777015433,13.950829045168666,2032.1682647695638,771.869639794168,1.3113207547169812,0.8258304464718937,49.5,60.76,-15.0,-0.83
total_box,1991,28,28,1991,28,1991-07-08,28,56.013221428571434,-4.086178571428571,0.3952922077922075,38.52813852813856,1279.2740046838405,1323.0519480519476,1.3035714285714286,2.8209591281371806,49.5,60.76,-15.0,-0.83
total_box,1991,31,36,1991,31,1991-07-29,36,52.51421388888889,-8.407036111111111,0.14835858585858588,19.360269360269392,967.6684881602911,1136.363636363637,1.3888888888888888,1.5341387314330313,49.5,60.76,-15.0,-0.83
total_box,1991,32,21,1991,32,1991-08-05,21,54.85571904761905,-3.2637238095238095,0.04437229437229434,15.367965367965363,683.0601092896176,811.688311688312,1.6428571428571428,2.093549127640038,49.5,60.76,-15.0,-0.83
total_box,1991,33,13,1991,33,1991-08-12,13,53.565000000000005,-1.8890923076923076,0.006993006993006992,24.708624708624708,283.73266078184093,402.09790209790214,1.7692307692307692,1.7211657390228834,49.5,60.76,-15.0,-0.83
total_box,1991,35,15,1991,35,1991-08-26,15,50.48022666666667,-7.697673333333333,0.05757575757575761,65.55555555555551,32.7868852459016,1863.6363636363624,1.0,41.35984848484849,49.5,60.76,-15.0,-0.83
total_box,1991,36,47,1991,36,1991-09-02,47,56.76560212765957,-5.863363829787234,0.30222437137330765,122.63056092843331,575.5144750610395,2038.201160541586,1.5638297872340425,4.09607232193312,49.5,60.76,-15.0,-0.83
total_box,1991,37,4,1991,37,1991-09-09,4,51.075,-3.3645750000000003,0.10795454545454536,64.01515151515147,184.42622950819674,170.4545454545455,0.5,0.9242424242424244,49.5,60.76,-15.0,-0.83
total_box,1991,38,5,1991,38,1991-09-16,5,49.88,-2.4526600000000003,0.10909090909090904,164.5454545454545,0.0,0.0,0.6,,49.5,60.76,-15.0,-0.83
total_box,1991,39,11,1991,39,1991-09-23,11,51.15498181818182,-6.49620909090909,0.1673553719008262,58.12672176308548,208.64381520119244,774.7933884297523,1.0,2.756512493354603,49.5,60.76,-15.0,-0.83
total_box,1991,40,14,1991,40,1991-09-30,14,54.58345714285714,-6.8957,0.23376623376623404,11.471861471861482,93.67681498829036,154.2207792207794,0.21428571428571427,0.6931818181818191,49.5,60.76,-15.0,-0.83
total_box,1991,41,16,1991,41,1991-10-07,16,57.38051875,-5.42988125,0.4673295454545455,21.022727272727277,107.5819672131147,511.36363636363654,0.875,3.3888888888888933,49.5,60.76,-15.0,-0.83
total_box,1991,42,3,1991,42,1991-10-14,3,49.762233333333334,-2.9805333333333333,0.007575757575757566,1.01010101010101,0.0,0.0,0.0,,49.5,60.76,-15.0,-0.83
total_box,1991,43,25,1991,43,1991-10-21,25,52.080875999999996,-5.217004,0.3272727272727268,20.242424242424246,291.80327868852453,40.90909090909092,0.76,0.33668831168831204,49.5,60.76,-15.0,-0.83
total_box,1991,45,11,1991,45,1991-11-04,11,56.78939090909091,-11.245454545454546,0.026859504132231392,8.264462809917365,424.7391952309985,950.4132231404964,0.7272727272727273,2.3043851981352,49.5,60.76,-15.0,-0.83
total_box,1991,46,32,1991,46,1991-11-11,32,57.0359375,-5.14696875,0.06960227272727268,2.7935606060606073,48.66803278688525,21.306818181818187,0.28125,0.0,49.5,60.76,-15.0,-0.83
total_box,1991,47,25,1991,47,1991-11-18,25,51.00854,-5.82706,0.1336363636363636,2.666666666666667,29.508196721311478,0.0,0.16,0.0,49.5,60.76,-15.0,-0.83
total_box,1991,49,25,1991,49,1991-12-02,25,54.777456,-3.105996,0.0481818181818182,0.7272727272727272,9.83606557377048,13.63636363636364,0.24,1.3863636363636382,49.5,60.76,-15.0,-0.83
total_box,1991,50,16,1991,50,1991-12-09,16,54.92105,-6.8079125000000005,0.12357954545454533,1.5151515151515165,30.73770491803275,0.0,0.0,0.0,49.5,60.76,-15.0,-0.83
total_box,1991,51,8,1991,51,1991-12-16,8,54.28375,-7.7102,0.0284090909090909,0.0,61.4754098360655,0.0,0.25,0.0,49.5,60.76,-15.0,-0.83
total_box,1991,52,7,1991,52,1991-12-23,7,50.6062,-6.508571428571429,0.0,0.0,105.3864168618267,0.0,0.0,0.0,49.5,60.76,-15.0,-0.83
total_box,1992,1,13,1992,1,1991-12-30,13,52.378453846153846,-4.491923076923078,0.0,0.0,18.915510718789385,0.0,0.0,0.0,49.5,60.76,-15.0,-0.83
total_box,1992,2,9,1992,2,1992-01-06,9,52.16,-5.343155555555556,0.04797979797979796,1.01010101010101,27.322404371584668,0.0,0.0,0.0,49.5,60.76,-15.0,-0.83
total_box,1992,3,26,1992,3,1992-01-13,26,56.07692307692308,-4.01365,0.020104895104895104,0.23310023310023306,9.457755359394692,0.0,0.038461538461538464,0.0,49.5,60.76,-15.0,-0.83
total_box,1992,6,32,1992,6,1992-02-03,32,54.9446375,-6.08681875,0.05823863636363638,1.0416666666666676,0.0,0.0,0.25,,49.5,60.76,-15.0,-0.83
total_box,1992,7,25,1992,7,1992-02-10,25,54.584056000000004,-2.200396,0.03818181818181815,2.0000000000000004,318.0327868852461,40.90909090909092,0.68,0.3628373579545459,49.5,60.76,-15.0,-0.83
total_box,1992,8,7,1992,8,1992-02-17,7,56.28452857142857,-13.024042857142858,0.0357142857142857,0.43290043290043284,0.0,48.70129870129871,0.0,,49.5,60.76,-15.0,-0.83
total_box,1992,9,5,1992,9,1992-02-24,5,55.817660000000004,-9.548,0.0772727272727273,3.33333333333334,98.3606557377048,0.0,0.2,0.0,49.5,60.76,-15.0,-0.83
total_box,1992,10,20,1992,10,1992-03-02,20,52.820835,-2.384995,0.03749999999999994,5.9848484848484835,819.6721311475414,295.45454545454555,1.5,0.24382267441860453,49.5,60.76,-15.0,-0.83
total_box,1992,11,22,1992,11,1992-03-09,22,54.689622727272734,-7.214245454545455,0.10330578512396693,2.272727272727272,81.96721311475409,15.495867768595046,0.18181818181818182,0.17329545454545445,49.5,60.76,-15.0,-0.83
total_box,1992,12,8,1992,12,1992-03-16,8,53.524575,-4.5374875,0.0,1.1363636363636362,61.4754098360655,0.0,0.125,0.0,49.5,60.76,-15.0,-0.83
total_box,1992,13,6,1992,13,1992-03-23,6,55.67333333333334,-13.178066666666666,0.03409090909090903,0.0,81.96721311475416,0.0,0.0,0.0,49.5,60.76,-15.0,-0.83
total_box,1992,14,43,1992,14,1992-03-30,43,56.687981395348835,-7.3484930232558145,0.08350951374207181,5.496828752642708,367.8993518871522,23.784355179704022,0.7209302325581395,0.05189596499756926,49.5,60.76,-15.0,-0.83
total_box,1992,15,14,1992,15,1992-04-06,14,54.95274285714286,-1.8354857142857142,0.056818181818181754,25.757575757575783,4443.793911007023,340.9090909090913,3.0,0.20657083962010303,49.5,60.76,-15.0,-0.83
total_box,1992,16,5,1992,16,1992-04-13,5,49.862,-4.104,0.11363636363636362,37.87878787878788,4672.131147540984,2363.6363636363626,3.8,0.9041934731934733,49.5,60.76,-15.0,-0.83
total_box,1992,18,28,1992,18,1992-04-27,28,55.98221071428571,-7.910532142857143,0.24999999999999978,17.588744588744586,2728.3372365339587,60.87662337662339,1.875,0.01418992884510127,49.5,60.76,-15.0,-0.83
total_box,1992,19,36,1992,19,1992-05-04,36,54.11616111111111,-7.12995,0.15530303030303033,36.994949494949516,5997.267759562845,1107.9545454545457,2.625,2.8766963586731764,49.5,60.76,-15.0,-0.83
total_box,1992,20,14,1992,20,1992-05-11,14,54.952850000000005,-1.8391785714285713,0.37337662337662264,42.85714285714284,3278.688524590162,251.62337662337663,4.678571428571429,0.22183059310035608,49.5,60.76,-15.0,-0.83
total_box,1992,21,6,1992,21,1992-05-18,6,56.249433333333336,-1.375,0.06818181818181812,64.14141414141407,40.983606557377,56.818181818181834,2.25,1.3863636363636382,49.5,60.76,-15.0,-0.83
total_box,1992,23,40,1992,23,1992-06-01,40,54.5177925,-5.387585,0.3460227272727272,148.48560606060605,393.4426229508194,1002.8409090909101,2.225,1.3553663656604826,49.5,60.76,-15.0,-0.83
total_box,1992,24,4,1992,24,1992-06-08,4,52.36,-5.8370750000000005,0.005681818181818175,1.515151515151515,0.0,0.0,0.25,,49.5,60.76,-15.0,-0.83
total_box,1992,25,6,1992,25,1992-06-15,6,49.95388333333333,-2.6958333333333333,0.27272727272727243,77.02020202020206,519.1256830601087,0.0,2.0,0.0,49.5,60.76,-15.0,-0.83
total_box,1992,27,15,1992,27,1992-06-29,15,56.60955333333333,-6.133653333333333,0.5636363636363634,113.43434343434352,371.5846994535519,742.4242424242417,0.9333333333333333,3.2186712686712644,49.5,60.76,-15.0,-0.83
total_box,1992,28,15,1992,28,1992-07-06,15,55.04488,-2.2852200000000003,0.02424242424242424,79.4949494949495,256.83060109289585,6060.60606060606,1.2666666666666666,19.486589497459057,49.5,60.76,-15.0,-0.83
total_box,1992,29,10,1992,29,1992-07-13,10,56.91749,-10.49516,0.05909090909090915,17.58181818181819,245.90163934426218,625.0000000000006,0.5,1.9551282051282073,49.5,60.76,-15.0,-0.83
total_box,1992,30,10,1992,30,1992-07-20,10,56.201679999999996,-4.5840000000000005,0.20227272727272722,63.333333333333385,196.7213114754098,5159.090909090911,1.1,12.384848484848508,49.5,60.76,-15.0,-0.83
total_box,1992,31,17,1992,31,1992-07-27,17,50.596858823529416,-7.816370588235294,0.564171122994652,9.894830659536542,86.78881388621018,127.0053475935831,0.4117647058823529,1.0397727272727286,49.5,60.76,-15.0,-0.83
total_box,1992,32,8,1992,32,1992-08-03,8,56.45895,-1.4187375,0.025568181818181775,90.53030303030292,409.8360655737707,4275.568181818182,2.0,14.423046251993634,49.5,60.76,-15.0,-0.83
total_box,1992,33,21,1992,33,1992-08-10,21,56.76936666666667,-4.070390476190476,0.48484848484848486,33.69552669552671,768.930523028884,817.0995670995669,1.5,0.32151620877815984,49.5,60.76,-15.0,-0.83
total_box,1992,34,9,1992,34,1992-08-17,9,53.50741111111111,-4.6527666666666665,0.005050505050505045,10.444444444444448,236.7941712204,656.565656565657,1.3888888888888888,2.132867132867142,49.5,60.76,-15.0,-0.83
total_box,1992,35,17,1992,35,1992-08-24,17,50.956464705882354,-5.185694117647059,0.2633689839572192,34.22638146167558,1451.3018322082933,621.6577540106948,1.5294117647058822,1.7086748436748458,49.5,60.76,-15.0,-0.83
total_box,1992,37,38,1992,37,1992-09-07,38,54.72548157894737,-5.312884210526316,0.29246411483253576,15.391547049441787,388.2657463330458,122.6076555023925,0.868421052631579,0.5379542606516305,49.5,60.76,-15.0,-0.83
total_box,1992,38,5,1992,38,1992-09-14,5,57.39366,-1.46934,0.20454545454545464,33.030303030303024,573.7704918032796,522.727272727272,2.1,0.49822443181817944,49.5,60.76,-15.0,-0.83
total_box,1992,39,11,1992,39,1992-09-21,11,54.395754545454544,-11.206363636363635,0.27892561983471076,23.41873278236915,245.90163934426235,599.1735537190083,1.0,1.2015151515151516,49.5,60.76,-15.0,-0.83
total_box,1992,40,33,1992,40,1992-09-28,33,54.96671818181818,-7.182969696969697,0.22589531680440786,37.373737373737356,571.2866368604073,1198.3471074380168,1.8333333333333333,2.950622819026971,49.5,60.76,-15.0,-0.83
total_box,1992,41,40,1992,41,1992-10-05,40,53.9762925,-3.7911275000000004,0.21704545454545446,9.772727272727273,106.55737704918022,113.63636363636381,0.7625,0.6675084175084195,49.5,60.76,-15.0,-0.83
total_box,1992,43,30,1992,43,1992-10-19,30,53.30556,-6.642106666666667,0.17045454545454544,8.585858585858594,166.66666666666646,56.818181818181834,0.9333333333333333,0.24456876456876492,49.5,60.76,-15.0,-0.83
total_box,1992,44,1,1992,44,1992-10-26,1,50.2383,-1.555,0.0227272727272727,6.06060606060606,0.0,0.0,1.0,,49.5,60.76,-15.0,-0.83
total_box,1992,45,32,1992,45,1992-11-02,32,56.585684375,-8.150103125,0.056818181818181816,4.309659090909092,192.11065573770495,166.9034090909092,1.078125,0.7454455266955274,49.5,60.76,-15.0,-0.83
total_box,1992,46,12,1992,46,1992-11-09,12,55.60583333333333,-2.34985,0.19696969696969682,4.671717171717177,40.983606557377,0.0,0.25,0.0,49.5,60.76,-15.0,-0.83
total_box,1992,47,21,1992,47,1992-11-16,21,50.320009523809524,-7.1363619047619045,0.2608225108225107,23.448773448773466,11.709601873536286,16.23376623376624,0.047619047619047616,0.0,49.5,60.76,-15.0,-0.83
total_box,1992,48,11,1992,48,1992-11-23,11,55.2246909090909,-1.5304545454545455,0.012396694214875999,1.377410468319559,67.06408345752601,0.0,0.8181818181818182,0.0,49.5,60.76,-15.0,-0.83
total_box,1992,49,30,1992,49,1992-11-30,30,56.28633333333333,-5.07644,0.11969696969696969,1.1111111111111116,0.0,0.0,0.3,,49.5,60.76,-15.0,-0.83
total_box,1992,50,20,1992,50,1992-12-07,20,54.949915,-8.544485,0.009090909090909085,2.272727272727273,36.88524590163935,0.0,0.9,0.0,49.5,60.76,-15.0,-0.83
total_box,1992,51,14,1992,51,1992-12-14,14,51.33262857142857,-6.9691785714285714,0.014610389610389586,0.0,0.0,0.0,0.07142857142857142,,49.5,60.76,-15.0,-0.83
total_box,1992,52,5,1992,52,1992-12-21,5,50.027660000000004,-2.2763199999999997,0.01818181818181818,3.636363636363636,0.0,0.0,0.0,,49.5,60.76,-15.0,-0.83
total_box,1993,1,26,1993,1,1993-01-04,26,53.43282307692308,-4.630830769230769,0.04195804195804195,1.6317016317016337,18.915510718789385,0.0,0.2692307692307692,0.0,49.5,60.76,-15.0,-0.83
total_box,1993,2,39,1993,2,1993-01-11,39,55.22765128205128,-6.037520512820513,0.0646853146853147,1.748251748251749,0.0,0.0,0.05128205128205128,,49.5,60.76,-15.0,-0.83
total_box,1993,3,1,1993,3,1993-01-18,1,50.4067,-1.425,0.0,0.0,0.0,0.0,1.0,,49.5,60.76,-15.0,-0.83
total_box,1993,4,14,1993,4,1993-01-25,14,55.237857142857145,-2.3485785714285714,0.04707792207792209,2.597402597402597,70.25761124121779,0.0,0.21428571428571427,0.0,49.5,60.76,-15.0,-0.83
total_box,1993,5,35,1993,5,1993-02-01,35,57.18595428571428,-3.754622857142857,0.02402597402597401,0.8225108225108225,7.025761124121772,9.740259740259743,0.08571428571428572,0.0,49.5,60.76,-15.0,-0.83
total_box,1993,6,37,1993,6,1993-02-08,37,51.7153972972973,-7.3684162162162155,0.28869778869778884,10.360360360360373,53.16792202038103,0.0,0.21621621621621623,0.0,49.5,60.76,-15.0,-0.83
total_box,1993,7,12,1993,7,1993-02-15,12,52.999991666666666,-5.542224999999999,0.01704545454545454,0.6313131313131316,20.4918032786885,0.0,0.25,0.0,49.5,60.76,-15.0,-0.83
total_box,1993,9,39,1993,9,1993-03-01,39,56.466751282051284,-3.8814128205128204,0.02331002331002331,1.554001554001553,94.57755359394702,26.22377622377623,0.2564102564102564,0.1980519480519483,49.5,60.76,-15.0,-0.83
total_box,1993,10,23,1993,10,1993-03-08,23,53.53325652173913,-3.524569565217391,0.020750988142292506,1.5810276679841886,156.80684248039913,0.0,0.30434782608695654,0.0,49.5,60.76,-15.0,-0.83
total_box,1993,11,7,1993,11,1993-03-15,7,56.85335714285714,-12.997871428571429,0.016233766233766243,0.8658008658008672,35.12880562060886,0.0,0.0,0.0,49.5,60.76,-15.0,-0.83
total_box,1993,12,23,1993,12,1993-03-22,23,57.50094347826087,-10.479860869565217,0.06620553359683791,3.8866930171278007,53.4568781183179,29.644268774703566,0.2608695652173913,0.0,49.5,60.76,-15.0,-0.83
total_box,1993,13,24,1993,13,1993-03-29,24,55.401675000000004,-6.097225000000001,0.1268939393939393,26.641414141414135,221.99453551912563,71.0227272727273,0.875,0.25994318181818166,49.5,60.76,-15.0,-0.83
total_box,1993,14,34,1993,14,1993-04-05,34,52.336720588235295,-3.469514705882353,0.15307486631016026,24.86631016042781,667.7917068466737,30.080213903743324,1.2058823529411764,0.09977617079889817,49.5,60.76,-15.0,-0.83
total_box,1993,16,14,1993,16,1993-04-19,14,55.87631428571429,-11.066192857142857,0.112012987012987,21.21212121212121,13466.042154566749,73.05194805194807,3.857142857142857,0.0049381826782489025,49.5,60.76,-15.0,-0.83
total_box,1993,17,21,1993,17,1993-04-26,21,56.192147619047624,-7.574766666666666,0.09090909090909094,46.24819624819624,8536.299765807964,297.61904761904754,4.357142857142857,0.08284045277630414,49.5,60.76,-15.0,-0.83
total_box,1993,18,24,1993,18,1993-05-03,24,51.09014583333334,-4.4675625,0.040719696969696934,16.3510101010101,2957.65027322404,265.1515151515152,1.25,0.722089400498492,49.5,60.76,-15.0,-0.83
total_box,1993,19,25,1993,19,1993-05-10,25,58.445600000000006,-3.4649400000000004,0.20818181818181827,64.36363636363636,3088.524590163936,368.18181818181847,3.04,0.3257907298429013,49.5,60.76,-15.0,-0.83
total_box,1993,20,4,1993,20,1993-05-17,4,49.887075,-2.462925,0.21022727272727257,134.84848484848473,3688.524590163938,369.3181818181825,4.25,0.15536833855799392,49.5,60.76,-15.0,-0.83
total_box,1993,21,1,1993,21,1993-05-24,1,50.2767,-1.375,0.0227272727272727,7.57575757575758,245.901639344262,0.0,2.0,0.0,49.5,60.76,-15.0,-0.83
total_box,1993,22,21,1993,22,1993-05-31,21,51.3646,-4.426661904761905,0.15584415584415554,47.691197691197715,1900.8587041373942,1093.073593073593,2.0714285714285716,1.0576837411946298,49.5,60.76,-15.0,-0.83
total_box,1993,23,26,1993,23,1993-06-07,26,55.697426923076925,-5.857942307692308,0.3103146853146853,101.45687645687647,583.2282471626734,659.9650349650351,1.6538461538461537,1.487603005046686,49.5,60.76,-15.0,-0.83
total_box,1993,25,27,1993,25,1993-06-21,27,54.00394814814815,-5.950796296296296,0.3973063973063971,29.517396184062836,953.2483302975107,942.7609427609428,0.9629629629629629,0.9633760221260222,49.5,60.76,-15.0,-0.83
total_box,1993,26,11,1993,26,1993-06-28,11,49.98167272727273,-4.111372727272727,0.34297520661157,51.79063360881536,730.253353204173,1663.223140495868,1.8181818181818181,5.391414141414147,49.5,60.76,-15.0,-0.83
total_box,1993,27,46,1993,27,1993-07-05,46,56.05742608695652,-6.69224347826087,0.2371541501976284,38.24110671936761,1336.4219529579473,1605.7312252964427,1.608695652173913,3.168637662381952,49.5,60.76,-15.0,-0.83
total_box,1993,28,9,1993,28,1993-07-12,9,58.23963333333333,-1.4875888888888888,0.12121212121212123,107.74410774410765,819.6721311475413,5656.565656565659,2.0,9.207665556426335,49.5,60.76,-15.0,-0.83
total_box,1993,29,6,1993,29,1993-07-19,6,50.57886666666667,-6.385833333333333,0.21212121212121202,23.989898989898986,3702.185792349724,1193.1818181818187,1.6666666666666667,0.391790034584152,49.5,60.76,-15.0,-0.83
total_box,1993,30,5,1993,30,1993-07-26,5,49.6887,-5.812,0.08181818181818168,33.03030303030304,524.5901639344263,4340.909090909093,1.6,8.64221681096681,49.5,60.76,-15.0,-0.83
total_box,1993,31,14,1993,31,1993-08-02,14,56.38,-5.376914285714285,0.14285714285714296,23.484848484848477,1879.3911007025756,762.9870129870129,1.3571428571428572,1.005519325177101,49.5,60.76,-15.0,-0.83
total_box,1993,32,27,1993,32,1993-08-09,27,55.51178518518518,-6.8391370370370375,0.24831649831649807,83.27721661055001,1964.1772920461449,3670.0336700336698,2.0925925925925926,4.349073744141776,49.5,60.76,-15.0,-0.83
total_box,1993,33,9,1993,33,1993-08-16,9,56.606855555555555,-1.4633444444444443,0.4191919191919189,61.78451178451173,519.1256830601084,5492.424242424241,2.0,13.819330428026083,49.5,60.76,-15.0,-0.83
total_box,1993,34,9,1993,34,1993-08-23,9,50.420566666666666,-4.532411111111111,0.09595959595959583,23.232323232323225,2194.899817850635,1351.0101010101023,1.4444444444444444,2.174272223988136,49.5,60.76,-15.0,-0.83
total_box,1993,35,12,1993,35,1993-08-30,12,55.44139166666667,-3.4527666666666668,0.21590909090909075,23.35858585858591,293.7158469945352,1685.6060606060603,1.5833333333333333,4.724639249639257,49.5,60.76,-15.0,-0.83
total_box,1993,36,29,1993,36,1993-09-06,29,56.07172068965517,-4.045110344827586,0.3753918495297803,55.694879832810855,2300.7348784624082,1328.3699059561134,1.3103448275862069,1.606148550314801,49.5,60.76,-15.0,-0.83
total_box,1993,37,13,1993,37,1993-09-13,13,51.21204615384616,-5.210130769230769,0.5192307692307688,60.95571095571105,126.10340479192938,52.44755244755246,1.2307692307692308,0.2446524064171123,49.5,60.76,-15.0,-0.83
total_box,1993,38,7,1993,38,1993-09-20,7,49.81071428571429,-5.171442857142857,0.055194805194805165,25.32467532467532,1440.2810304449652,698.0519480519479,1.1428571428571428,1.3094139656639647,49.5,60.76,-15.0,-0.83
total_box,1993,40,39,1993,40,1993-10-04,39,55.33512820512821,-4.75025641025641,0.18473193473193475,15.540015540015544,319.46195880622116,206.87645687645696,0.6153846153846154,0.5623955905205906,49.5,60.76,-15.0,-0.83
total_box,1993,41,17,1993,41,1993-10-11,17,53.03754117647059,-2.385305882352941,0.07754010695187154,12.746880570409994,882.3529411764707,294.11764705882365,0.8823529411764706,0.7478588955593674,49.5,60.76,-15.0,-0.83
total_box,1993,42,11,1993,42,1993-10-18,11,52.57605454545455,-9.000154545454546,0.24173553719008256,31.542699724517924,394.9329359165426,154.95867768595045,1.1818181818181819,0.20552232854864436,49.5,60.76,-15.0,-0.83
total_box,1993,43,5,1993,43,1993-10-25,5,55.72432,-10.33864,0.3954545454545456,33.33333333333335,1901.6393442622943,863.6363636363643,1.4,1.2155438311688314,49.5,60.76,-15.0,-0.83
total_box,1993,44,27,1993,44,1993-11-01,27,54.67413333333334,-5.133148148148148,0.005892255892255893,3.5914702581369267,45.53734061930785,147.30639730639749,0.48148148148148145,2.23358585858586,49.5,60.76,-15.0,-0.83
total_box,1993,45,10,1993,45,1993-11-08,10,55.73701,-1.37949,0.0363636363636364,3.03030303030303,172.1311475409836,102.2727272727273,0.5,0.6931818181818189,49.5,60.76,-15.0,-0.83
total_box,1993,46,8,1993,46,1993-11-15,8,58.6379125,-1.40645,0.16477272727272727,0.37878787878787873,0.0,0.0,0.0,,49.5,60.76,-15.0,-0.83
total_box,1993,47,7,1993,47,1993-11-22,7,55.95784285714286,-12.857842857142858,0.009740259740259744,0.8658008658008657,35.12880562060886,0.0,0.0,0.0,49.5,60.76,-15.0,-0.83
total_box,1993,48,66,1993,48,1993-11-29,66,54.85668787878788,-6.58174696969697,0.15220385674931133,2.0895316804407713,37.257824143070025,22.382920110192835,0.19696969696969696,0.0,49.5,60.76,-15.0,-0.83
total_box,1993,49,10,1993,49,1993-12-06,10,49.912169999999996,-3.2523400000000002,0.0068181818181818205,0.606060606060606,0.0,0.0,0.0,,49.5,60.76,-15.0,-0.83
total_box,1993,50,5,1993,50,1993-12-13,5,56.378,-1.46702,0.0,3.03030303030304,147.5409836065574,68.1818181818182,1.4,0.0,49.5,60.76,-15.0,-0.83
total_box,1993,51,4,1993,51,1993-12-20,4,50.015825,-6.9216750000000005,0.5170454545454543,14.015151515151501,122.95081967213125,0.0,0.75,0.0,49.5,60.76,-15.0,-0.83
total_box,1993,52,7,1993,52,1993-12-27,7,51.78832857142857,-6.1878714285714285,0.40909090909090906,2.8138528138528143,0.0,0.0,0.0,,49.5,60.76,-15.0,-0.83
total_box,1994,1,18,1994,1,1994-01-03,18,56.68601666666667,-5.743977777777777,0.0025252525252525276,0.42087542087542107,0.0,0.0,0.0,,49.5,60.76,-15.0,-0.83
total_box,1994,2,14,1994,2,1994-01-10,14,55.24107857142857,-2.326307142857143,0.030844155844155813,0.21645021645021642,0.0,0.0,0.0,,49.5,60.76,-15.0,-0.83
total_box,1994,3,9,1994,3,1994-01-17,9,51.5413,-3.1955555555555555,0.06060606060606065,0.6734006734006733,27.322404371584668,0.0,0.2222222222222222,0.0,49.5,60.76,-15.0,-0.83
total_box,1994,4,14,1994,4,1994-01-24,14,50.81702857142857,-6.112971428571428,0.09253246753246744,3.3549783549783547,17.56440281030443,0.0,0.14285714285714285,0.0,49.5,60.76,-15.0,-0.83
total_box,1994,5,14,1994,5,1994-01-31,14,57.644535714285716,-5.9494,0.0016233766233766215,0.0,35.12880562060893,0.0,0.07142857142857142,0.0,49.5,60.76,-15.0,-0.83
total_box,1994,6,30,1994,6,1994-02-07,30,57.00111666666667,-7.166946666666666,0.020454545454545447,0.404040404040404,8.1967213114754,0.0,0.03333333333333333,0.0,49.5,60.76,-15.0,-0.83
total_box,1994,8,17,1994,8,1994-02-21,17,50.99861764705882,-5.295688235294118,0.026737967914438505,0.9803921568627454,72.32401157184182,0.0,0.058823529411764705,0.0,49.5,60.76,-15.0,-0.83
total_box,1994,9,17,1994,9,1994-02-28,17,54.89264705882353,-3.1486176470588236,0.02272727272727273,2.1390374331550803,43.39440694310506,0.0,0.11764705882352941,0.0,49.5,60.76,-15.0,-0.83
total_box,1994,10,19,1994,10,1994-03-07,19,56.19851052631579,-6.226489473684211,0.007177033492822963,0.7177033492822967,81.96721311475406,0.0,0.0,0.0,49.5,60.76,-15.0,-0.83
total_box,1994,11,41,1994,11,1994-03-14,41,54.283131707317075,-7.592275609756097,0.07095343680709537,2.5868440502586836,117.95281887245102,24.944567627494465,0.14634146341463414,0.0742694805194805,49.5,60.76,-15.0,-0.83
total_box,1994,12,17,1994,12,1994-03-21,17,55.87647647058823,-5.560005882352941,0.030748663101604238,3.208556149732621,366.4416586306651,0.0,0.5882352941176471,0.0,49.5,60.76,-15.0,-0.83
total_box,1994,13,15,1994,13,1994-03-28,15,50.40388666666667,-8.342220000000001,0.3530303030303031,11.212121212121213,857.9234972677594,22.727272727272734,1.1666666666666667,0.005198863636363636,49.5,60.76,-15.0,-0.83
total_box,1994,14,15,1994,14,1994-04-04,15,54.86245333333333,-3.95634,0.057575757575757475,20.202020202020208,426.22950819672104,0.0,0.6666666666666666,0.0,49.5,60.76,-15.0,-0.83
total_box,1994,15,32,1994,15,1994-04-11,32,55.959578125,-4.950734375,0.2919034090909091,10.037878787878787,1175.717213114754,42.613636363636374,0.78125,0.016076686471423327,49.5,60.76,-15.0,-0.83
total_box,1994,16,10,1994,16,1994-04-18,10,49.840999999999994,-3.5648299999999997,0.26363636363636367,36.21212121212122,975.4098360655746,102.2727272727273,1.0,0.06721763085399449,49.5,60.76,-15.0,-0.83
total_box,1994,17,13,1994,17,1994-04-25,13,54.59140000000001,-11.324353846153846,0.013986013986013984,5.944055944055947,10315.258511979819,113.63636363636361,4.346153846153846,0.007120814791269331,49.5,60.76,-15.0,-0.83
total_box,1994,18,11,1994,18,1994-05-02,11,52.821490909090905,-4.330154545454546,0.01652892561983468,48.898071625344365,1944.8584202682548,0.0,0.8181818181818182,0.0,49.5,60.76,-15.0,-0.83
total_box,1994,19,34,1994,19,1994-05-09,34,54.05319117647059,-3.2472529411764706,0.44518716577540085,59.13547237076649,2560.2700096432022,233.9572192513371,2.1176470588235294,0.0943503075792296,49.5,60.76,-15.0,-0.83
total_box,1994,20,13,1994,20,1994-05-16,13,54.535000000000004,-11.549484615384616,0.809440559440559,124.24242424242426,7540.9836065573845,157.3426573426574,4.115384615384615,0.08673447326742324,49.5,60.76,-15.0,-0.83
total_box,1994,21,10,1994,21,1994-05-23,10,59.9735,-7.13017,0.39545454545454484,183.6363636363636,188.52459016393442,431.81818181818215,1.7,3.157828282828289,49.5,60.76,-15.0,-0.83
total_box,1994,22,8,1994,22,1994-05-30,8,58.639175,-1.56395,0.23579545454545445,54.734848484848435,440.573770491803,255.68181818181824,1.25,0.24661276223776274,49.5,60.76,-15.0,-0.83
total_box,1994,23,21,1994,23,1994-06-06,21,55.14999523809523,-6.131833333333333,0.2846320346320345,93.79509379509379,206.8696330991411,465.36796536796516,1.5714285714285714,0.934116809116809,49.5,60.76,-15.0,-0.83
total_box,1994,24,9,1994,24,1994-06-13,9,51.460766666666665,-3.3140666666666667,0.06313131313131308,21.38047138047139,856.1020036429871,2815.656565656565,3.2777777777777777,2.22155553840613,49.5,60.76,-15.0,-0.83
total_box,1994,25,10,1994,25,1994-06-20,10,51.051,-9.63483,0.1295454545454544,23.030303030303035,49.1803278688524,465.9090909090902,1.2,0.0,49.5,60.76,-15.0,-0.83
total_box,1994,26,12,1994,26,1994-06-27,12,52.62139166666666,-6.690558333333333,0.13257575757575754,4.924242424242425,191.25683060109282,170.4545454545455,1.0833333333333333,1.1922727272727287,49.5,60.76,-15.0,-0.83
total_box,1994,27,19,1994,27,1994-07-04,19,54.356405263157896,-4.260173684210526,0.29784688995215275,26.55502392344498,1415.0129421915442,1812.2009569377988,1.736842105263158,1.5277451515868654,49.5,60.76,-15.0,-0.83
total_box,1994,28,17,1994,28,1994-07-11,17,52.6644,-3.091176470588235,0.0601604278074866,32.442067736185365,318.22565091610386,1450.5347593582885,1.2941176470588236,2.2754423447700765,49.5,60.76,-15.0,-0.83
total_box,1994,29,14,1994,29,1994-07-18,14,56.16857142857143,-5.231307142857142,0.27597402597402565,56.168831168831126,702.576112412178,633.1168831168828,1.6785714285714286,0.43126673360107115,49.5,60.76,-15.0,-0.83
total_box,1994,30,8,1994,30,1994-07-25,8,53.9641625,-4.6879124999999995,0.09090909090909077,104.35606060606058,840.1639344262292,2911.9318181818176,1.625,4.865106757191216,49.5,60.76,-15.0,-0.83
total_box,1994,31,29,1994,31,1994-08-01,29,54.85701379310345,-6.189937931034482,0.1794670846394984,29.623824451410677,288.29847371396266,246.8652037617556,1.1379310344827587,0.5709791767946854,49.5,60.76,-15.0,-0.83
total_box,1994,32,41,1994,32,1994-08-08,41,54.4887756097561,-5.36959268292683,0.2161862527716184,59.535107169253514,895.641743302679,1987.250554323724,2.1341463414634148,2.3733166456319865,49.5,60.76,-15.0,-0.83
total_box,1994,33,8,1994,33,1994-08-15,8,53.9641625,-4.7233374999999995,0.19602272727272724,275.94696969696975,1659.8360655737722,6477.272727272729,4.25,8.525907377592958,49.5,60.76,-15.0,-0.83
total_box,1994,35,11,1994,35,1994-08-29,11,51.10651818181818,-6.486363636363635,0.3409090909090906,62.12121212121219,163.93442622950792,216.94214876033038,1.0,0.550990675990676,49.5,60.76,-15.0,-0.83
total_box,1994,36,22,1994,36,1994-09-05,22,54.50916363636364,-3.762577272727273,0.14462809917355368,32.23140495867769,1363.6363636363621,1126.0330578512396,1.5909090909090908,2.078261586383985,49.5,60.76,-15.0,-0.83
total_box,1994,37,32,1994,37,1994-09-12,32,56.13176875,-8.134115625,0.3018465909090908,61.41098484848489,1239.7540983606561,717.3295454545455,1.625,1.065060534030682,49.5,60.76,-15.0,-0.83
total_box,1994,38,11,1994,38,1994-09-19,11,54.674845454545455,-1.7616636363636362,0.06404958677685949,18.870523415977967,655.7377049180319,2334.7107438016537,1.7272727272727273,6.486471757148459,49.5,60.76,-15.0,-0.83
total_box,1994,39,2,1994,39,1994-09-26,2,50.315,-1.65335,0.01136363636363635,12.12121212121213,122.950819672131,0.0,1.0,0.0,49.5,60.76,-15.0,-0.83
total_box,1994,40,22,1994,40,1994-10-03,22,55.43235,-2.5226545454545457,0.2530991735537189,36.15702479338842,540.2384500745155,599.1735537190082,1.0909090909090908,3.264189514189514,49.5,60.76,-15.0,-0.83
total_box,1994,41,19,1994,41,1994-10-10,19,57.18412631578947,-5.786663157894737,0.5598086124401908,16.028708133971293,500.43140638481447,227.27272727272725,0.8421052631578947,0.8044209956709962,49.5,60.76,-15.0,-0.83
total_box,1994,42,16,1994,42,1994-10-17,16,58.26573125,-11.44155625,0.31676136363636365,25.378787878787875,850.4098360655738,362.2159090909088,1.0,0.6661321196286226,49.5,60.76,-15.0,-0.83
total_box,1994,43,16,1994,43,1994-10-24,16,52.17769375,-5.5483375,0.41477272727272707,44.6969696969697,30.73770491803275,71.0227272727275,0.6875,2.3106060606060703,49.5,60.76,-15.0,-0.83
total_box,1994,44,16,1994,44,1994-10-31,16,56.30438125,-3.0658374999999998,0.09374999999999992,6.1553030303030285,61.475409836065566,21.306818181818187,0.25,0.46212121212121277,49.5,60.76,-15.0,-0.83
total_box,1994,45,27,1994,45,1994-11-07,27,56.743151851851856,-4.622411111111111,0.046296296296296266,2.076318742985412,27.322404371584703,63.13131313131315,0.48148148148148145,0.4621212121212122,49.5,60.76,-15.0,-0.83
total_box,1994,46,25,1994,46,1994-11-14,25,52.303796000000006,-8.086736,0.37818181818181773,16.727272727272737,42.62295081967211,27.27272727272728,0.2,0.0,49.5,60.76,-15.0,-0.83
total_box,1994,47,21,1994,47,1994-11-21,21,51.5954761904762,-9.890880952380954,0.24350649350649345,17.96536796536797,132.70882123341138,129.87012987012992,0.2857142857142857,0.5941558441558449,49.5,60.76,-15.0,-0.83
total_box,1994,48,14,1994,48,1994-11-28,14,50.495014285714284,-5.4288,0.26785714285714274,13.961038961038962,52.69320843091335,24.350649350649356,0.2857142857142857,0.3465909090909089,49.5,60.76,-15.0,-0.83
total_box,1994,49,27,1994,49,1994-12-05,27,56.967896296296296,-4.4270962962962965,0.07239057239057237,1.851851851851851,18.214936247723113,25.25252525252526,0.9259259259259259,0.0,49.5,60.76,-15.0,-0.83
total_box,1994,50,23,1994,50,1994-12-12,23,51.6574,-4.723691304347826,0.16600790513833977,4.347826086956521,0.0,0.0,0.08695652173913043,,49.5,60.76,-15.0,-0.83
total_box,1994,51,8,1994,51,1994-12-19,8,58.640625,-1.40605,0.25284090909090895,7.765151515151516,0.0,0.0,1.0,,49.5,60.76,-15.0,-0.83
total_box,1994,52,34,1994,52,1994-12-26,34,52.37450882352941,-9.43755294117647,0.22459893048128338,1.8270944741532997,14.464802314368354,0.0,0.08823529411764706,0.0,49.5,60.76,-15.0,-0.83
total_box,1995,1,16,1995,1,1995-01-02,16,56.30395625,-2.99969375,0.05255681818181816,1.3257575757575757,0.0,0.0,0.0,,49.5,60.76,-15.0,-0.83
total_box,1995,2,15,1995,2,1995-01-09,15,51.59222,-4.1109,0.08181818181818178,2.3232323232323213,65.57377049180327,0.0,0.13333333333333333,0.0,49.5,60.76,-15.0,-0.83
total_box,1995,3,9,1995,3,1995-01-16,9,56.29815555555555,-1.3466666666666667,0.04292929292929293,3.198653198653201,0.0,37.87878787878789,1.3333333333333333,,49.5,60.76,-15.0,-0.83
total_box,1995,4,14,1995,4,1995-01-23,14,56.98261428571429,-9.53595,0.012987012987012958,0.10822510822510857,0.0,0.0,0.0,,49.5,60.76,-15.0,-0.83
total_box,1995,5,49,1995,5,1995-01-30,49,54.33700408163265,-8.462720408163264,0.21428571428571425,2.504638218923936,0.0,0.0,0.0,,49.5,60.76,-15.0,-0.83
total_box,1995,6,37,1995,6,1995-02-06,37,54.16641081081082,-4.455181081081081,0.041769041769041795,1.0647010647010648,0.0,0.0,0.10810810810810811,,49.5,60.76,-15.0,-0.83
total_box,1995,9,8,1995,9,1995-02-27,8,53.959575,-4.5498,0.0028409090909090875,0.7575757575757575,30.73770491803275,0.0,0.375,0.0,49.5,60.76,-15.0,-0.83
total_box,1995,10,61,1995,10,1995-03-06,61,53.09723442622951,-6.383855737704918,0.09687034277198216,3.800298062593147,95.40446116635307,5.588673621460508,0.2786885245901639,0.0,49.5,60.76,-15.0,-0.83
total_box,1995,11,5,1995,11,1995-03-13,5,50.029,-2.22898,0.013636363636363641,6.3636363636363695,0.0,0.0,0.0,,49.5,60.76,-15.0,-0.83
total_box,1995,14,41,1995,14,1995-04-03,41,55.606787804878046,-6.914385365853659,0.36807095343680707,33.73983739837401,1769.2922830867662,33.25942350332595,1.6219512195121952,0.05528526858802086,49.5,60.76,-15.0,-0.83
total_box,1995,15,46,1995,15,1995-04-10,46,52.222569565217384,-6.3009065217391305,0.45998023715415,30.566534914361,3390.947968638631,308.794466403162,2.4130434782608696,0.22110717986482695,49.5,60.76,-15.0,-0.83
total_box,1995,16,13,1995,16,1995-04-17,13,56.264869230769236,-3.1149923076923076,0.06468531468531473,56.526806526806496,6475.409836065563,104.89510489510492,3.769230769230769,0.13963823318714744,49.5,60.76,-15.0,-0.83
total_box,1995,17,8,1995,17,1995-04-24,8,53.5297875,-4.634575,0.028409090909090863,23.863636363636427,1239.7540983606557,852.2727272727278,1.8125,0.7351586891060587,49.5,60.76,-15.0,-0.83
total_box,1995,18,24,1995,18,1995-05-01,24,54.64951666666667,-6.323191666666666,0.8560606060606064,90.71969696969694,1079.2349726775967,132.57575757575748,1.3125,0.27501116709548296,49.5,60.76,-15.0,-0.83
total_box,1995,19,23,1995,19,1995-05-08,23,54.59145217391304,-3.6970913043478264,0.00988142292490117,59.28853754940712,4194.5830363506775,1254.940711462451,4.195652173913044,0.7496326412844839,49.5,60.76,-15.0,-0.83
total_box,1995,20,33,1995,20,1995-05-15,33,51.377021212121214,-8.038030303030302,1.7382920110192834,143.15886134067955,844.5106805762539,575.0688705234163,2.8181818181818183,1.5412540125613143,49.5,60.76,-15.0,-0.83
total_box,1995,23,47,1995,23,1995-06-05,47,54.059431914893615,-3.797614893617021,0.4134429400386847,153.96518375241786,842.3439134984301,1619.9226305609268,1.8191489361702127,2.1697358908478015,49.5,60.76,-15.0,-0.83
total_box,1995,24,27,1995,24,1995-06-12,27,55.911351851851855,-8.30111851851852,0.3400673400673395,159.14814814814804,1636.3084395871279,803.8720538720542,1.6111111111111112,0.9756569630745412,49.5,60.76,-15.0,-0.83
total_box,1995,25,25,1995,25,1995-06-19,25,50.646744,-9.160792,1.4,110.30303030303031,222.95081967213133,2181.8181818181815,1.0,4.441915092483274,49.5,60.76,-15.0,-0.83
total_box,1995,26,21,1995,26,1995-06-26,21,55.54451904761905,-6.506185714285714,1.6796536796536794,67.60461760461763,359.0944574551134,459.9567099567101,1.1428571428571428,1.087635281385282,49.5,60.76,-15.0,-0.83
total_box,1995,27,13,1995,27,1995-07-03,13,52.149230769230776,-3.8907692307692305,0.0227272727272727,29.370629370629363,321.5636822194202,2543.706293706295,3.769230769230769,2.3711219336219354,49.5,60.76,-15.0,-0.83
total_box,1995,28,24,1995,28,1995-07-10,24,56.36951666666667,-2.5652,0.03693181818181814,86.3005050505051,799.1803278688525,4540.719696969699,3.875,6.536514833510938,49.5,60.76,-15.0,-0.83
total_box,1995,29,7,1995,29,1995-07-17,7,51.973099999999995,-13.287857142857144,0.019480519480519428,41.77489177489175,2353.6299765807967,1623.376623376623,2.7142857142857144,1.5047736504241815,49.5,60.76,-15.0,-0.83
total_box,1995,30,30,1995,30,1995-07-24,30,50.6485,-7.44411,0.5121212121212116,25.9090909090909,857.9234972677594,905.30303030303,1.05,1.7332995924173018,49.5,60.76,-15.0,-0.83
total_box,1995,31,22,1995,31,1995-07-31,22,52.61757272727273,-7.044922727272728,0.3192148760330576,50.137741046831955,991.0581222056636,3641.5289256198357,3.7045454545454546,4.127620835674594,49.5,60.76,-15.0,-0.83
total_box,1995,32,30,1995,32,1995-08-07,30,56.199106666666665,-4.795003333333333,0.09242424242424238,83.93939393939395,860.6557377049184,1655.3030303030296,1.6166666666666667,2.983562671811431,49.5,60.76,-15.0,-0.83
total_box,1995,33,7,1995,33,1995-08-14,7,56.62594285714285,-1.480242857142857,0.019480519480519487,27.92207792207793,374.70725995316167,4967.532467532468,3.0,5.902413558663558,49.5,60.76,-15.0,-0.83
total_box,1995,34,18,1995,34,1995-08-21,18,51.204722222222216,-4.852605555555556,0.07449494949494939,32.32323232323236,482.6958105646631,1111.111111111111,2.1666666666666665,1.598888611388613,49.5,60.76,-15.0,-0.83
total_box,1995,35,8,1995,35,1995-08-28,8,54.441675000000004,-12.9039625,0.09090909090909091,20.45454545454545,133.1967213114754,1676.1363636363635,1.8125,2.904761904761902,49.5,60.76,-15.0,-0.83
total_box,1995,36,61,1995,36,1995-09-04,61,54.35977868852459,-7.365136065573771,0.10506706408345749,25.683556880278196,395.0550927170117,972.4292101341282,1.1885245901639345,3.9427994371205375,49.5,60.76,-15.0,-0.83
total_box,1995,37,13,1995,37,1995-09-11,13,56.91513076923077,-1.4205230769230768,0.3111888111888109,15.268065268065262,195.46027742749018,1931.8181818181824,1.4615384615384615,3.994047619047631,49.5,60.76,-15.0,-0.83
total_box,1995,38,14,1995,38,1995-09-18,14,50.89725714285714,-5.3294,0.3977272727272722,25.432900432900436,263.4660421545665,105.5194805194805,2.7857142857142856,0.4417335115864529,49.5,60.76,-15.0,-0.83
total_box,1995,40,43,1995,40,1995-10-02,43,52.61632093023256,-6.803144186046511,0.20031712473572938,19.837914023960543,74.34235608082345,475.6871035940804,1.0348837209302326,4.883080808080815,49.5,60.76,-15.0,-0.83
total_box,1995,41,9,1995,41,1995-10-09,9,56.33778888888889,-1.3789,0.09848484848484847,7.070707070707081,428.0510018214935,151.51515151515122,0.7777777777777778,0.2475649350649343,49.5,60.76,-15.0,-0.83
total_box,1995,42,22,1995,42,1995-10-16,22,55.22870454545455,-6.517054545454545,0.6188016528925618,29.269972451790615,55.886736214605,196.28099173553753,0.5454545454545454,2.3106060606060668,49.5,60.76,-15.0,-0.83
total_box,1995,44,25,1995,44,1995-10-30,25,57.430536000000004,-4.440596,0.14363636363636376,3.8787878787878793,49.1803278688524,54.54545454545456,0.12,0.5545454545454553,49.5,60.76,-15.0,-0.83
total_box,1995,45,22,1995,45,1995-11-06,22,53.09993636363636,-7.925,0.20144628099173548,19.146005509641874,104.32190760059619,278.92561983471063,0.8409090909090909,1.4593301435406694,49.5,60.76,-15.0,-0.83
total_box,1995,46,20,1995,46,1995-11-13,20,50.837329999999994,-6.28583,0.4454545454545455,12.87878787878788,61.475409836065545,17.04545454545455,0.1,0.0,49.5,60.76,-15.0,-0.83
total_box,1995,48,5,1995,48,1995-11-27,5,50.01598,-2.26636,0.06818181818181822,8.181818181818192,49.1803278688524,0.0,0.0,0.0,49.5,60.76,-15.0,-0.83
total_box,1995,49,17,1995,49,1995-12-04,17,56.37177058823529,-2.625205882352941,0.2459893048128345,1.5151515151515151,14.464802314368354,20.05347593582888,0.23529411764705882,0.0,49.5,60.76,-15.0,-0.83
total_box,1995,50,18,1995,50,1995-12-11,18,53.12093333333333,-4.212133333333333,0.7361111111111107,8.417508417508424,13.661202185792334,0.0,0.16666666666666666,0.0,49.5,60.76,-15.0,-0.83
total_box,1995,52,15,1995,52,1995-12-25,15,56.56212,-5.550553333333332,0.039393939393939315,3.030303030303034,0.0,0.0,0.0,,49.5,60.76,-15.0,-0.83
total_box,1996,2,8,1996,2,1996-01-08,8,53.45915,-4.713125,0.0,0.0,30.73770491803275,0.0,0.0,0.0,49.5,60.76,-15.0,-0.83
total_box,1996,3,51,1996,3,1996-01-15,51,54.86493333333334,-6.105550980392157,0.1296791443850267,0.8318478906714203,4.821600771456118,6.6844919786096275,0.09803921568627451,0.0,49.5,60.76,-15.0,-0.83
total_box,1996,5,8,1996,5,1996-01-29,8,53.5133375,-4.73,0.0170454545454545,0.0,61.47540983606562,0.0,0.0,0.0,49.5,60.76,-15.0,-0.83
total_box,1996,6,14,1996,6,1996-02-05,14,53.99630714285714,-1.7422642857142858,0.13961038961038955,0.7575757575757578,0.0,0.0,0.5,,49.5,60.76,-15.0,-0.83
total_box,1996,7,8,1996,7,1996-02-12,8,58.643125,-1.405225,0.19318181818181812,1.704545454545455,0.0,0.0,0.125,,49.5,60.76,-15.0,-0.83
total_box,1996,8,24,1996,8,1996-02-19,24,50.869375,-9.453820833333333,0.0018939393939393957,0.0,23.907103825136627,0.0,0.041666666666666664,0.0,49.5,60.76,-15.0,-0.83
total_box,1996,9,26,1996,9,1996-02-26,26,58.69250384615385,-9.734819230769231,0.04807692307692308,0.4662004662004661,0.0,0.0,0.038461538461538464,,49.5,60.76,-15.0,-0.83
total_box,1996,10,8,1996,10,1996-03-04,8,53.4714625,-4.584375,0.005681818181818187,0.7575757575757575,30.73770491803275,0.0,0.0,0.0,49.5,60.76,-15.0,-0.83
total_box,1996,11,13,1996,11,1996-03-11,13,57.20396923076923,-5.404084615384615,0.08391608391608397,7.9254079254079235,75.66204287515761,26.22377622377623,0.23076923076923078,0.0,49.5,60.76,-15.0,-0.83
total_box,1996,12,9,1996,12,1996-03-18,9,55.257044444444446,-1.4336777777777778,0.14393939393939395,3.1986531986531976,200.36429872495466,75.75757575757578,1.1111111111111112,0.21889952153110023,49.5,60.76,-15.0,-0.83
total_box,1996,13,8,1996,13,1996-03-25,8,58.643325,-1.397925,0.02840909090909089,0.0,0.0,0.0,0.125,,49.5,60.76,-15.0,-0.83
total_box,1996,14,31,1996,14,1996-04-01,31,55.794145161290324,-7.129296774193548,0.09237536656891493,5.180840664711636,446.85351665785316,109.97067448680346,0.7419354838709677,0.4415149300017719,49.5,60.76,-15.0,-0.83
total_box,1996,15,9,1996,15,1996-04-08,9,59.91833333333333,-6.821488888888889,0.6944444444444443,6.397306397306403,391.62112932604725,0.0,0.1111111111111111,0.0,49.5,60.76,-15.0,-0.83
total_box,1996,16,8,1996,16,1996-04-15,8,56.4681375,-1.402925,0.042613636363636354,7.954545454545452,122.95081967213112,0.0,0.125,0.0,49.5,60.76,-15.0,-0.83
total_box,1996,18,31,1996,18,1996-04-29,31,51.22107096774194,-7.746883870967742,1.5513196480938403,152.54154447702834,230.0370174510841,0.0,1.1451612903225807,0.0,49.5,60.76,-15.0,-0.83
total_box,1996,19,47,1996,19,1996-05-06,47,56.801480851063836,-5.951665957446808,0.8786266924564791,62.92714377820758,2776.4213463550736,556.0928433268858,3.1382978723404253,0.3487516771125941,49.5,60.76,-15.0,-0.83
total_box,1996,20,11,1996,20,1996-05-13,11,51.26333636363636,-6.016963636363636,0.3574380165289255,64.18732782369152,2071.535022354696,0.0,2.9545454545454546,0.0,49.5,60.76,-15.0,-0.83
total_box,1996,21,1,1996,21,1996-05-20,1,55.0417,-0.92,3.63636363636364,9.09090909090909,0.0,0.0,0.0,,49.5,60.76,-15.0,-0.83
total_box,1996,22,18,1996,22,1996-05-27,18,54.29889444444444,-9.497599999999998,0.1489898989898989,17.676767676767685,2181.2386156648454,1502.5252525252524,1.4722222222222223,1.9761317678282282,49.5,60.76,-15.0,-0.83
total_box,1996,23,20,1996,23,1996-06-03,20,50.927665000000005,-8.749755,0.8704545454545449,26.666666666666657,81.9672131147541,34.0909090909091,0.2,0.396103896103896,49.5,60.76,-15.0,-0.83
total_box,1996,24,21,1996,24,1996-06-10,21,55.13770000000001,-3.5629428571428567,0.10606060606060609,49.49494949494951,593.2864949258391,2040.0432900432886,3.8095238095238093,5.035416488664842,49.5,60.76,-15.0,-0.83
total_box,1996,25,1,1996,25,1996-06-17,1,55.0267,-1.0667,0.0,19.6969696969697,245.901639344262,340.909090909091,0.0,1.3863636363636382,49.5,60.76,-15.0,-0.83
total_box,1996,27,12,1996,27,1996-07-01,12,55.446108333333335,-3.5443166666666666,0.0037878787878787915,2.2727272727272734,122.950819672131,1373.1060606060612,0.5833333333333334,3.1578282828282904,49.5,60.76,-15.0,-0.83
total_box,1996,28,33,1996,28,1996-07-08,33,53.25969696969697,-5.8783393939393935,0.16528925619834692,20.752984389348015,953.8002980625931,1050.2754820936627,1.2424242424242424,3.1604377229493226,49.5,60.76,-15.0,-0.83
total_box,1996,32,28,1996,32,1996-08-05,28,54.35904642857143,-4.044578571428572,0.21185064935064937,26.731601731601746,406.9086651053863,2637.987012987014,3.1964285714285716,7.198374990589079,49.5,60.76,-15.0,-0.83
total_box,1996,33,25,1996,33,1996-08-12,25,51.984932,-7.278868,0.28636363636363593,20.425454545454542,160.6557377049181,649.9999999999998,0.7,3.8996544391281276,49.5,60.76,-15.0,-0.83
total_box,1996,36,35,1996,36,1996-09-02,35,55.60890285714286,-5.019240000000001,0.15129870129870107,30.043290043290057,1009.367681498829,2279.2207792207796,2.4857142857142858,2.9420449901649097,49.5,60.76,-15.0,-0.83
total_box,1996,37,8,1996,37,1996-09-09,8,56.495425,-1.408125,0.05965909090909077,19.128787878787875,409.83606557377084,1974.4318181818176,5.9375,2.3288476874003146,49.5,60.76,-15.0,-0.83
total_box,1996,38,23,1996,38,1996-09-16,23,50.377752173913045,-6.727539130434782,0.1472332015810274,29.31488801054022,85.5310049893086,49.407114624505915,1.2173913043478262,0.6007575757575757,49.5,60.76,-15.0,-0.83
total_box,1996,40,2,1996,40,1996-09-30,2,49.7875,-6.8975,0.2727272727272725,161.36363636363598,0.0,0.0,1.0,,49.5,60.76,-15.0,-0.83
total_box,1996,41,24,1996,41,1996-10-07,24,56.1934625,-2.5363166666666666,0.20643939393939384,13.762626262626261,71.72131147540979,127.84090909090901,0.9583333333333334,0.8318181818181818,49.5,60.76,-15.0,-0.83
total_box,1996,42,10,1996,42,1996-10-14,10,59.861839999999994,-6.91151,0.15681818181818177,17.272727272727273,204.9180327868853,443.1818181818189,0.0,1.573412698412701,49.5,60.76,-15.0,-0.83
total_box,1996,43,27,1996,43,1996-10-21,27,53.22957037037037,-8.191366666666667,0.1927609427609428,22.05387205387207,85.00303582270791,601.8518518518517,0.4074074074074074,6.2001262626262665,49.5,60.76,-15.0,-0.83
total_box,1996,45,8,1996,45,1996-11-04,8,58.6425,-1.4054375000000001,0.46590909090909116,7.76515151515153,30.73770491803275,0.0,0.125,0.0,49.5,60.76,-15.0,-0.83
total_box,1996,46,21,1996,46,1996-11-11,21,56.83182380952381,-3.791271428571428,0.12337662337662333,7.070707070707071,140.51522248243558,146.103896103896,0.9285714285714286,0.742694805194806,49.5,60.76,-15.0,-0.83
total_box,1996,47,23,1996,47,1996-11-18,23,54.24585217391304,-9.283917391304348,0.10177865612648221,4.743083003952569,74.83962936564501,44.46640316205535,0.43478260869565216,0.0,49.5,60.76,-15.0,-0.83
total_box,1996,48,24,1996,48,1996-11-25,24,50.32020416666666,-6.627154166666667,0.14962121212121213,1.3888888888888886,0.0,0.0,0.6666666666666666,,49.5,60.76,-15.0,-0.83
total_box,1996,50,21,1996,50,1996-12-09,21,57.06721904761904,-3.6280142857142854,0.07034632034632025,1.0101010101010104,35.12880562060886,16.23376623376624,0.6190476190476191,0.0,49.5,60.76,-15.0,-0.83
total_box,1996,51,23,1996,51,1996-12-16,23,53.76855652173913,-8.908634782608695,0.23913043478260881,3.623188405797106,21.382751247327175,0.0,0.6521739130434783,0.0,49.5,60.76,-15.0,-0.83
total_box,1996,52,8,1996,52,1996-12-23,8,58.641037499999996,-1.40605,0.09943181818181833,1.704545454545455,0.0,0.0,0.125,,49.5,60.76,-15.0,-0.83
total_box,1997,1,7,1997,1,1996-12-30,7,53.52167142857143,-4.576657142857143,0.0,0.0,0.0,0.0,1.0,,49.5,60.76,-15.0,-0.83
total_box,1997,2,26,1997,2,1997-01-06,26,55.381284615384615,-3.8803230769230765,0.11538461538461534,2.156177156177155,18.915510718789385,0.0,0.5,0.0,49.5,60.76,-15.0,-0.83
total_box,1997,3,23,1997,3,1997-01-13,23,53.91724347826087,-6.940360869565217,0.09980237154150191,4.216073781291175,10.691375623663566,0.0,0.21739130434782608,0.0,49.5,60.76,-15.0,-0.83
total_box,1997,6,33,1997,6,1997-02-03,33,55.097775757575754,-4.874390909090909,0.09848484848484845,1.1937557392102847,22.35469448584203,0.0,0.12121212121212122,0.0,49.5,60.76,-15.0,-0.83
total_box,1997,7,17,1997,7,1997-02-10,17,53.09793529411765,-3.172164705882353,0.04144385026737965,0.7130124777183606,0.0,40.10695187165776,0.4117647058823529,,49.5,60.76,-15.0,-0.83
total_box,1997,8,4,1997,8,1997-02-17,4,49.8275,-13.26875,0.05113636363636365,0.0,61.4754098360655,0.0,0.0,0.0,49.5,60.76,-15.0,-0.83
total_box,1997,11,34,1997,11,1997-03-10,34,53.39740882352941,-5.632308823529412,0.08288770053475931,2.7629233511586455,36.16200578592091,0.0,0.29411764705882354,0.0,49.5,60.76,-15.0,-0.83
total_box,1997,12,11,1997,12,1997-03-17,11,50.905618181818184,-12.353772727272728,0.028925619834710706,1.5151515151515142,1907.600596125183,61.98347107438018,0.8636363636363636,0.03150826446280995,49.5,60.76,-15.0,-0.83
total_box,1997,13,23,1997,13,1997-03-24,23,54.030869565217394,-5.961956521739131,0.09486166007905128,8.62977602108037,295.7947255880255,0.0,1.3478260869565217,0.0,49.5,60.76,-15.0,-0.83
total_box,1997,14,36,1997,14,1997-03-31,36,53.81157777777778,-7.456530555555555,0.6237373737373736,52.23063973063972,3494.9908925318778,142.0454545454545,1.7222222222222223,0.03740364553329919,49.5,60.76,-15.0,-0.83
total_box,1997,15,8,1997,15,1997-04-07,8,58.6435375,-1.405225,0.386363636363637,5.681818181818186,543.0327868852462,0.0,0.25,0.0,49.5,60.76,-15.0,-0.83
total_box,1997,16,13,1997,16,1997-04-14,13,50.83166923076923,-10.898723076923078,0.4877622377622376,36.599067599067574,4262.29508196721,131.11888111888092,2.1153846153846154,0.4722777222777219,49.5,60.76,-15.0,-0.83
total_box,1997,17,41,1997,17,1997-04-21,41,52.24455365853658,-4.93239756097561,0.08148558758314846,46.93274205469328,3936.4254298280666,155.21064301552113,3.4634146341463414,0.08962518189901367,49.5,60.76,-15.0,-0.83
total_box,1997,18,26,1997,18,1997-04-28,26,53.95441923076923,-5.670638461538461,0.4545454545454542,64.97668997668997,1368.2219419924336,96.15384615384622,1.3076923076923077,0.03381374722838139,49.5,60.76,-15.0,-0.83
total_box,1997,19,38,1997,19,1997-05-05,38,55.694518421052635,-5.720126315789474,0.04665071770334927,8.771929824561402,2236.842105263157,125.59808612440209,3.0526315789473686,0.14114028127121017,49.5,60.76,-15.0,-0.83
total_box,1997,20,7,1997,20,1997-05-12,7,50.75,-6.3100000000000005,0.9935064935064941,96.32034632034629,1007.0257611241233,373.37662337662357,1.7142857142857142,0.24328015734265687,49.5,60.76,-15.0,-0.83
total_box,1997,21,10,1997,21,1997-05-19,10,51.26366,-3.822,0.8159090909090907,96.2121212121213,344.262295081967,193.1818181818181,1.25,0.49460453339763705,49.5,60.76,-15.0,-0.83
total_box,1997,22,12,1997,22,1997-05-26,12,50.47723333333334,-6.890133333333334,0.3219696969696964,46.59090909090907,2329.234972677598,691.2878787878786,1.1666666666666667,0.2059695199317281,49.5,60.76,-15.0,-0.83
total_box,1997,23,25,1997,23,1997-06-02,25,54.109668,-4.206728,0.049999999999999954,31.393939393939373,645.9016393442621,1650.0,1.56,4.671045283298576,49.5,60.76,-15.0,-0.83
total_box,1997,24,16,1997,24,1997-06-09,16,56.14334375,-5.19593125,0.3664772727272723,91.95075757575755,917.0081967213117,1214.4886363636363,1.90625,1.205712851741559,49.5,60.76,-15.0,-0.83
total_box,1997,26,20,1997,26,1997-06-23,20,52.880494999999996,-4.718755,0.15909090909090903,23.48484848484851,963.1147540983608,2147.7272727272716,1.925,3.0767895409437034,49.5,60.76,-15.0,-0.83
total_box,1997,27,34,1997,27,1997-06-30,34,53.52941470588235,-6.521711764705882,0.21390374331550796,43.27094474153298,1253.6162005785923,1273.3957219251338,2.3823529411764706,2.700642997193757,49.5,60.76,-15.0,-0.83
total_box,1997,28,12,1997,28,1997-07-07,12,54.443466666666666,-1.6111166666666668,0.07196969696969689,33.45959595959592,314.20765027322403,350.37878787878844,1.25,1.4094696969697005,49.5,60.76,-15.0,-0.83
total_box,1997,30,35,1997,30,1997-07-21,35,53.149094285714284,-8.53852,0.3720779220779218,17.619047619047635,580.7962529274009,970.7792207792221,1.0285714285714285,1.664955680940466,49.5,60.76,-15.0,-0.83
total_box,1997,31,15,1997,31,1997-07-28,15,51.48844666666666,-10.270333333333333,0.009090909090909087,5.252525252525256,590.16393442623,522.7272727272726,1.0333333333333334,1.3339689411117988,49.5,60.76,-15.0,-0.83
total_box,1997,32,23,1997,32,1997-08-04,23,56.31181304347827,-2.5056521739130435,0.07114624505928857,68.25032938076413,370.63435495367054,5237.154150197623,1.565217391304348,7.737606459197369,49.5,60.76,-15.0,-0.83
total_box,1997,33,5,1997,33,1997-08-11,5,49.93632,-2.65566,0.12727272727272726,45.15151515151514,2573.770491803278,795.4545454545442,1.2,0.5628859365272393,49.5,60.76,-15.0,-0.83
total_box,1997,35,10,1997,35,1997-08-25,10,49.79583,-6.15334,0.8090909090909089,70.75757575757582,0.0,136.3636363636364,0.3,,49.5,60.76,-15.0,-0.83
total_box,1997,36,6,1997,36,1997-09-01,6,56.15945,-3.0769333333333333,0.4962121212121215,13.88888888888888,887.9781420765033,227.27272727272668,1.0,0.14341692789968608,49.5,60.76,-15.0,-0.83
total_box,1997,37,14,1997,37,1997-09-08,14,52.61119285714285,-3.608107142857143,0.4074675324675322,41.55844155844157,2031.6159250585465,316.5584415584412,1.25,0.14348238331647936,49.5,60.76,-15.0,-0.83
total_box,1997,38,18,1997,38,1997-09-15,18,58.40565,-4.613333333333333,0.1679292929292927,71.2121212121212,3082.8779599271375,864.8989898989894,1.1111111111111112,0.9602795990728643,49.5,60.76,-15.0,-0.83
total_box,1997,39,2,1997,39,1997-09-22,2,49.59335,-4.0249999999999995,0.11363636363636345,62.121212121212146,4180.32786885246,0.0,2.0,0.0,49.5,60.76,-15.0,-0.83
total_box,1997,40,13,1997,40,1997-09-29,13,55.43653076923077,-3.3897384615384616,0.5996503496503497,17.36596736596736,214.37578814627966,402.0979020979023,0.9230769230769231,1.771464646464646,49.5,60.76,-15.0,-0.83
total_box,1997,41,12,1997,41,1997-10-06,12,54.16291666666667,-3.7066583333333334,0.32575757575757525,13.762626262626265,163.93442622950815,1202.6515151515155,1.25,4.120580808080809,49.5,60.76,-15.0,-0.83
total_box,1997,42,23,1997,42,1997-10-13,23,55.11485652173913,-5.082317391304348,0.06521739130434778,8.499341238471676,2590.8766928011387,182.80632411067197,0.6086956521739131,0.0794696732000061,49.5,60.76,-15.0,-0.83
total_box,1997,43,14,1997,43,1997-10-20,14,50.486535714285715,-6.455114285714286,0.14448051948051943,22.402597402597404,105.38641686182658,584.4155844155845,1.0,5.545454545454551,49.5,60.76,-15.0,-0.83
total_box,1997,44,15,1997,44,1997-10-27,15,54.645340000000004,-10.415773333333334,0.4681818181818179,16.969696969696965,311.47540983606524,204.54545454545442,0.7333333333333333,0.39438170525127075,49.5,60.76,-15.0,-0.83
total_box,1997,45,29,1997,45,1997-11-03,29,55.79718965517242,-7.2506896551724145,0.0752351097178683,6.478578892371996,130.01695873374794,117.5548589341693,0.6206896551724138,0.45111832611832614,49.5,60.76,-15.0,-0.83
total_box,1997,46,23,1997,46,1997-11-10,23,55.13696086956522,-5.088552173913043,0.04644268774703552,4.4137022397892,220.9550962223806,88.93280632411056,0.6956521739130435,0.14703856749311292,49.5,60.76,-15.0,-0.83
total_box,1997,48,6,1997,48,1997-11-24,6,56.215,-1.3947333333333332,0.12121212121212133,9.595959595959593,122.950819672131,113.63636363636367,1.3333333333333333,0.9242424242424255,49.5,60.76,-15.0,-0.83
total_box,1997,49,10,1997,49,1997-12-01,10,51.34784,-12.46117,0.09318181818181821,4.242424242424239,49.1803278688525,34.0909090909091,0.0,0.6931818181818178,49.5,60.76,-15.0,-0.83
total_box,1997,50,46,1997,50,1997-12-08,46,55.53333478260869,-4.0847108695652175,0.07312252964426874,1.1857707509881437,64.14825374198145,7.411067193675891,0.043478260869565216,0.0,49.5,60.76,-15.0,-0.83
total_box,1997,51,10,1997,51,1997-12-15,10,50.51583,-5.70683,0.12272727272727277,2.2727272727272743,24.5901639344262,0.0,0.1,0.0,49.5,60.76,-15.0,-0.83
total_box,1998,2,8,1998,2,1998-01-05,8,58.638325,-1.40645,0.045454545454545414,0.7575757575757575,30.73770491803275,0.0,0.0,0.0,49.5,60.76,-15.0,-0.83
total_box,1998,3,28,1998,3,1998-01-12,28,53.79541428571429,-5.967671428571428,0.0073051948051948,0.3246753246753246,0.0,0.0,0.17857142857142858,,49.5,60.76,-15.0,-0.83
total_box,1998,4,9,1998,4,1998-01-19,9,53.51092222222222,-4.64018888888889,0.0,0.0,27.322404371584668,0.0,0.1111111111111111,0.0,49.5,60.76,-15.0,-0.83
total_box,1998,6,30,1998,6,1998-02-02,30,53.99579333333334,-7.115889999999999,0.012878787878787877,0.15151515151515169,0.0,0.0,0.1,,49.5,60.76,-15.0,-0.83
total_box,1998,7,49,1998,7,1998-02-09,49,54.21085306122449,-5.271904081632654,0.10250463821892393,0.463821892393321,80.29441284710602,20.87198515769945,0.12244897959183673,0.1575413223140498,49.5,60.76,-15.0,-0.83
total_box,1998,10,28,1998,10,1998-03-02,28,54.87225,-8.850057142857143,0.01136363636363638,0.7575757575757575,43.91100702576114,0.0,0.17857142857142858,0.0,49.5,60.76,-15.0,-0.83
total_box,1998,11,31,1998,11,1998-03-09,31,55.76419677419355,-4.375325806451612,0.02932551319648094,4.693059628543501,111.05235325224733,0.0,0.41935483870967744,0.0,49.5,60.76,-15.0,-0.83
total_box,1998,13,20,1998,13,1998-03-23,20,56.889329999999994,-7.433,0.024999999999999988,1.2878787878787903,348.3606557377051,17.04545454545455,0.25,0.03648325358851671,49.5,60.76,-15.0,-0.83
total_box,1998,14,12,1998,14,1998-03-30,12,50.69639166666667,-6.993883333333334,0.1931818181818181,4.924242424242421,232.24043715846992,0.0,0.4166666666666667,0.0,49.5,60.76,-15.0,-0.83
total_box,1998,15,35,1998,15,1998-04-06,35,55.035808571428575,-4.883665714285715,0.10454545454545455,9.696969696969711,456.6744730679159,0.0,0.5857142857142857,0.0,49.5,60.76,-15.0,-0.83
total_box,1998,16,8,1998,16,1998-04-13,8,58.6516625,-1.435425,0.21306818181818193,11.553030303030296,922.1311475409836,0.0,0.25,0.0,49.5,60.76,-15.0,-0.83
total_box,1998,17,23,1998,17,1998-04-20,23,56.36899130434782,-9.550726086956521,0.05533596837944662,6.455862977602107,2708.4818246614386,0.0,1.1521739130434783,0.0,49.5,60.76,-15.0,-0.83
total_box,1998,18,21,1998,18,1998-04-27,21,50.95087142857143,-9.078966666666666,0.20346320346320346,23.522366522366532,2501.9516003122562,113.63636363636367,1.4523809523809523,0.041336696185401284,49.5,60.76,-15.0,-0.83
total_box,1998,20,23,1998,20,1998-05-11,23,56.12491739130435,-2.507460869565217,0.041501976284585,36.62714097496703,5513.186029935849,459.4861660079055,3.5869565217391304,0.190792631152898,49.5,60.76,-15.0,-0.83
total_box,1998,21,10,1998,21,1998-05-18,10,59.90583,-7.01549,0.6204545454545443,135.90909090909082,508.1967213114759,136.3636363636364,0.6,0.34659090909090956,49.5,60.76,-15.0,-0.83
total_box,1998,22,35,1998,22,1998-05-25,35,51.086237142857144,-8.027431428571429,0.4253246753246753,54.415584415584405,1281.030444964872,532.4675324675325,1.7857142857142858,1.4087930844660597,49.5,60.76,-15.0,-0.83
total_box,1998,24,27,1998,24,1998-06-08,27,54.96808888888889,-2.5376592592592595,0.1582491582491579,75.53310886644222,922.8901032179725,1161.616161616162,2.2222222222222223,1.2354734551629143,49.5,60.76,-15.0,-0.83
total_box,1998,25,25,1998,25,1998-06-15,25,58.135464,-9.53986,0.8827272727272724,59.21212121212118,1714.754098360654,1168.181818181818,1.98,1.1387589764990986,49.5,60.76,-15.0,-0.83
total_box,1998,26,9,1998,26,1998-06-22,9,52.2089,-5.782588888888889,0.03030303030303022,18.016835016835035,1684.8816029143895,290.4040404040401,0.8888888888888888,0.12452562681221216,49.5,60.76,-15.0,-0.83
total_box,1998,27,4,1998,27,1998-06-29,4,49.8733,-14.012925,0.0,0.0,0.0,0.0,1.75,,49.5,60.76,-15.0,-0.83
total_box,1998,28,16,1998,28,1998-07-06,16,54.9648875,-3.00125,0.022727272727272693,15.056818181818173,435.45081967213076,3188.920454545457,1.125,12.323770926043686,49.5,60.76,-15.0,-0.83
total_box,1998,29,35,1998,29,1998-07-13,35,56.670002857142855,-6.5286228571428575,0.3422077922077919,65.93593073593074,1531.6159250585483,2873.376623376622,1.3142857142857143,3.6909339612130614,49.5,60.76,-15.0,-0.83
total_box,1998,30,22,1998,30,1998-07-20,22,50.87409090909091,-9.043786363636364,0.026859504132231357,9.090909090909086,577.4962742175858,1043.388429752067,0.6818181818181818,1.6580291236541251,49.5,60.76,-15.0,-0.83
total_box,1998,31,13,1998,31,1998-07-27,13,50.9341076923077,-6.878346153846153,0.2902097902097901,15.850815850815852,1116.015132408575,2080.4195804195792,1.2307692307692308,2.8031630411309565,49.5,60.76,-15.0,-0.83
total_box,1998,32,15,1998,32,1998-08-03,15,55.88645333333333,-3.1338866666666667,0.21515151515151518,33.947474747474764,2289.6174863387964,3537.878787878791,3.1,2.8821094130049336,49.5,60.76,-15.0,-0.83
total_box,1998,33,27,1998,33,1998-08-10,27,56.123703703703704,-8.409262962962963,0.13468013468013462,24.63636363636365,2097.753491196114,1447.8114478114483,2.7962962962962963,0.6191154310252105,49.5,60.76,-15.0,-0.83
total_box,1998,34,21,1998,34,1998-08-17,21,50.90294285714286,-9.114761904761904,0.14393939393939398,10.1024531024531,1073.3801717408282,811.688311688312,1.2380952380952381,1.0394812237330755,49.5,60.76,-15.0,-0.83
total_box,1998,36,14,1998,36,1998-08-31,14,54.89690714285714,-3.094764285714286,0.040584415584415556,6.4935064935064934,673.3021077283365,3790.584415584417,2.4642857142857144,8.090654831279835,49.5,60.76,-15.0,-0.83
total_box,1998,37,18,1998,37,1998-09-07,18,56.216944444444444,-4.792877777777778,0.13383838383838378,22.895622895622903,860.655737704918,643.9393939393944,2.0,0.6321285316430779,49.5,60.76,-15.0,-0.83
total_box,1998,38,23,1998,38,1998-09-14,23,51.591395652173915,-6.30645652173913,0.40612648221343883,35.70619235836627,431.2188168210978,602.7667984189721,0.8695652173913043,1.492098978919631,49.5,60.76,-15.0,-0.83
total_box,1998,39,8,1998,39,1998-09-21,8,53.50605,-4.5143875,0.0,5.6818181818181825,61.47540983606562,127.84090909090912,0.25,0.6931818181818178,49.5,60.76,-15.0,-0.83
total_box,1998,41,34,1998,41,1998-10-05,34,56.33685882352941,-5.789658823529412,0.2232620320855615,6.506238859180041,932.9797492767602,671.7914438502673,1.1764705882352942,1.0019138860140753,49.5,60.76,-15.0,-0.83
total_box,1998,42,12,1998,42,1998-10-12,12,51.30444166666666,-6.231658333333333,0.11742424242424233,6.313131313131311,102.45901639344258,56.818181818181834,0.75,0.6931818181818191,49.5,60.76,-15.0,-0.83
total_box,1998,43,5,1998,43,1998-10-19,5,50.0347,-2.28266,0.0,0.606060606060606,49.1803278688524,0.0,0.4,0.0,49.5,60.76,-15.0,-0.83
total_box,1998,45,17,1998,45,1998-11-02,17,55.5104,-7.487652941176471,0.004010695187165771,2.0499108734402887,588.2352941176474,86.89839572192534,1.2352941176470589,0.07509469696969703,49.5,60.76,-15.0,-0.83
total_box,1998,46,28,1998,46,1998-11-09,28,54.98691071428571,-3.315175,0.10633116883116879,2.5432900432900434,383.4894613583137,125.81168831168836,0.7142857142857143,0.30998331378766214,49.5,60.76,-15.0,-0.83
total_box,1998,49,24,1998,49,1998-11-30,24,57.950695833333334,-9.645908333333333,0.002840909090909092,0.2525252525252525,362.0218579234973,42.613636363636374,0.4166666666666667,0.05798845423351349,49.5,60.76,-15.0,-0.83
total_box,1998,50,25,1998,50,1998-12-07,25,55.212136,-3.1810680000000002,0.12636363636363632,0.9090909090909091,68.85245901639344,0.0,0.28,0.0,49.5,60.76,-15.0,-0.83
total_box,1998,51,6,1998,51,1998-12-14,6,49.974466666666665,-2.4114,0.18181818181818185,4.545454545454545,0.0,0.0,0.0,,49.5,60.76,-15.0,-0.83
total_box,1999,1,9,1999,1,1999-01-04,9,53.505,-4.445,0.0,0.0,27.322404371584668,0.0,0.0,0.0,49.5,60.76,-15.0,-0.83
total_box,1999,2,6,1999,2,1999-01-11,6,49.97475,-2.410266666666667,0.0984848484848484,2.02020202020202,0.0,0.0,0.0,,49.5,60.76,-15.0,-0.83
total_box,1999,3,34,1999,3,1999-01-18,34,51.986517647058825,-5.745929411764706,0.03609625668449199,0.4901960784313727,21.69720347155253,0.0,0.20588235294117646,0.0,49.5,60.76,-15.0,-0.83
total_box,1999,4,25,1999,4,1999-01-25,25,51.654863999999996,-8.105864,0.0090909090909091,0.3636363636363636,72.1311475409838,0.0,0.72,0.0,49.5,60.76,-15.0,-0.83
total_box,1999,5,10,1999,5,1999-02-01,10,60.21117,-9.15016,0.00909090909090909,0.45454545454545503,24.5901639344262,0.0,0.0,0.0,49.5,60.76,-15.0,-0.83
total_box,1999,6,34,1999,6,1999-02-08,34,53.46774411764706,-4.098279411764706,0.02139037433155079,1.648841354723707,57.859209257473466,0.0,0.4117647058823529,0.0,49.5,60.76,-15.0,-0.83
total_box,1999,7,21,1999,7,1999-02-15,21,52.80714761904762,-4.674447619047619,0.007575757575757572,1.2987012987012985,335.67525370804066,0.0,0.2857142857142857,0.0,49.5,60.76,-15.0,-0.83
total_box,1999,10,20,1999,10,1999-03-08,20,52.298005,-5.546335,0.00909090909090909,0.909090909090909,114.75409836065589,0.0,0.6,0.0,49.5,60.76,-15.0,-0.83
total_box,1999,11,21,1999,11,1999-03-15,21,53.961261904761905,-5.144685714285714,1.1341991341991338,28.860028860028862,889.9297423887593,16.23376623376624,0.6190476190476191,0.0,49.5,60.76,-15.0,-0.83
total_box,1999,12,17,1999,12,1999-03-22,17,57.882841176470585,-11.30295882352941,0.2299465240641712,3.6541889483065972,226.61523625843787,0.0,0.17647058823529413,0.0,49.5,60.76,-15.0,-0.83
total_box,1999,13,8,1999,13,1999-03-29,8,58.6347875,-1.4068625,0.3664772727272727,11.553030303030292,1198.7704918032784,0.0,1.125,0.0,49.5,60.76,-15.0,-0.83
total_box,1999,15,36,1999,15,1999-04-12,36,52.82440277777778,-7.7369055555555555,0.08207070707070707,13.047979797979792,5088.797814207651,75.75757575757578,2.861111111111111,0.062355271843218006,49.5,60.76,-15.0,-0.83
total_box,1999,16,40,1999,16,1999-04-19,40,55.4225825,-5.76375,0.3840909090909086,15.68181818181819,4719.262295081967,8.522727272727275,2.3125,0.0023793426253380483,49.5,60.76,-15.0,-0.83
total_box,1999,19,19,1999,19,1999-05-10,19,54.575873684210535,-3.535957894736842,2.2200956937799052,62.12121212121215,5552.200172562549,101.67464114832532,2.6315789473684212,0.01252636252636255,49.5,60.76,-15.0,-0.83
total_box,1999,20,39,1999,20,1999-05-17,39,52.490812820512815,-6.789361538461539,0.2686480186480186,16.550893550893544,2469.525010508618,122.3776223776224,2.1666666666666665,0.1158417336158405,49.5,60.76,-15.0,-0.83
total_box,1999,22,9,1999,22,1999-05-31,9,54.02222222222222,-8.089633333333333,0.2878787878787879,54.545454545454554,4781.420765027321,1186.8686868686868,3.1666666666666665,0.9561897294928988,49.5,60.76,-15.0,-0.83
total_box,1999,23,29,1999,23,1999-06-07,29,52.57454137931035,-6.108741379310345,0.2327586206896549,13.636363636363644,1888.072357263991,1414.5768025078355,2.1206896551724137,1.2931535466317774,49.5,60.76,-15.0,-0.83
total_box,1999,24,27,1999,24,1999-06-14,27,51.05777037037037,-7.7592592592592595,0.11531986531986521,17.396184062850775,1709.168184578021,538.720538720539,1.0740740740740742,0.4617654220779224,49.5,60.76,-15.0,-0.83
total_box,1999,26,8,1999,26,1999-06-28,8,56.49855,-1.42875,0.031249999999999962,14.20454545454545,215.1639344262295,696.0227272727286,1.0,1.655934343434347,49.5,60.76,-15.0,-0.83
total_box,1999,27,30,1999,27,1999-07-05,30,55.55183,-5.5358833333333335,0.36590909090909035,39.697979797979784,3344.262295081967,1617.424242424243,2.15,0.7295678259847013,49.5,60.76,-15.0,-0.83
total_box,1999,28,31,1999,28,1999-07-12,31,52.671129032258065,-7.236819354838709,0.16495601173020547,26.588465298142722,1520.359598096245,1019.0615835777127,1.564516129032258,1.145365080173304,49.5,60.76,-15.0,-0.83
total_box,1999,31,29,1999,31,1999-08-02,29,51.7104,-7.990286206896552,0.8628526645768024,26.96760710553815,517.2413793103451,670.062695924765,0.9655172413793104,1.6879162615459395,49.5,60.76,-15.0,-0.83
total_box,1999,32,21,1999,32,1999-08-09,21,54.25318095238096,-4.3497619047619045,0.12445887445887453,27.13275613275612,1276.346604215459,827.9220779220774,1.0952380952380953,1.4342945473964066,49.5,60.76,-15.0,-0.83
total_box,1999,33,23,1999,33,1999-08-16,23,56.58550869565217,-4.246091304347826,0.044466403162055336,17.588932806324113,1753.3856022808268,1808.3003952569172,1.9782608695652173,1.4930012753541044,49.5,60.76,-15.0,-0.83
total_box,1999,35,13,1999,35,1999-08-30,13,55.236415384615384,-11.47256153846154,0.924825174825175,15.734265734265733,403.5308953341734,1625.8741258741256,1.2307692307692308,2.8630355755355765,49.5,60.76,-15.0,-0.83
total_box,1999,36,13,1999,36,1999-09-06,13,51.728846153846156,-5.834746153846154,0.10664335664335647,15.85081585081586,75.66204287515754,113.63636363636384,0.5384615384615384,1.5018939393939439,49.5,60.76,-15.0,-0.83
total_box,1999,37,32,1999,37,1999-09-13,32,56.235103125,-4.209209375,0.13068181818181818,29.971590909090924,1649.5901639344256,532.670454545454,2.046875,0.7121206361629357,49.5,60.76,-15.0,-0.83
total_box,1999,38,8,1999,38,1999-09-20,8,56.5085375,-1.4445875,0.11363636363636351,19.318181818181817,2653.6885245901644,7073.863636363639,1.5,6.922564714573667,49.5,60.76,-15.0,-0.83
total_box,1999,39,13,1999,39,1999-09-27,13,50.567815384615386,-6.681153846153846,0.9615384615384618,52.10489510489511,18.915510718789385,87.41258741258738,1.0,1.3863636363636382,49.5,60.76,-15.0,-0.83
total_box,1999,40,29,1999,40,1999-10-04,29,54.09879310344827,-4.393048275862069,0.3173981191222571,12.852664576802509,33.91746749576031,23.51097178683386,0.4827586206896552,0.46212121212121277,49.5,60.76,-15.0,-0.83
total_box,1999,41,26,1999,41,1999-10-11,26,54.61718076923077,-6.45905,0.15821678321678337,34.73310023310024,387.7679697351831,1035.8391608391607,1.0769230769230769,3.4265644056665727,49.5,60.76,-15.0,-0.83
total_box,1999,43,12,1999,43,1999-10-25,12,50.589724999999994,-6.347783333333333,0.6003787878787873,33.838383838383834,61.4754098360655,236.74242424242433,0.08333333333333333,2.9267676767676813,49.5,60.76,-15.0,-0.83
total_box,1999,44,11,1999,44,1999-11-01,11,51.32984545454545,-6.121972727272728,0.07438016528925623,5.096418732782367,230.99850968703387,61.98347107438018,0.2727272727272727,0.2843822843822849,49.5,60.76,-15.0,-0.83
total_box,1999,45,23,1999,45,1999-11-08,23,54.8863,-2.8538304347826084,0.15415019762845852,3.8208168642951255,106.91375623663569,0.0,0.6521739130434783,0.0,49.5,60.76,-15.0,-0.83
total_box,1999,46,13,1999,46,1999-11-15,13,57.423330769230766,-1.9864076923076923,0.9388111888111871,10.839160839160842,18.915510718789385,0.0,1.0,0.0,49.5,60.76,-15.0,-0.83
total_box,1999,47,33,1999,47,1999-11-22,33,52.43464848484848,-9.594942424242424,0.7045454545454546,12.994490358126724,176.35370094386482,154.95867768595025,0.8181818181818182,0.5690692640692635,49.5,60.76,-15.0,-0.83
total_box,1999,49,26,1999,49,1999-12-06,26,57.58307307692308,-4.7018576923076925,0.06206293706293708,1.3403263403263408,56.74653215636816,0.0,0.6538461538461539,0.0,49.5,60.76,-15.0,-0.83
total_box,1999,50,45,1999,50,1999-12-13,45,54.47508,-6.035895555555555,0.09141414141414149,1.4141414141414141,32.7868852459016,0.0,0.26666666666666666,0.0,49.5,60.76,-15.0,-0.83
total_box,2000,1,12,2000,1,2000-01-03,12,51.56986666666666,-6.144175,0.04545454545454547,0.505050505050505,61.4754098360655,0.0,1.0,0.0,49.5,60.76,-15.0,-0.83
total_box,2000,2,20,2000,2,2000-01-10,20,59.199415,-4.3554200000000005,0.04204545454545456,1.060606060606061,24.5901639344262,0.0,0.05,0.0,49.5,60.76,-15.0,-0.83
total_box,2000,3,19,2000,3,2000-01-17,19,54.18763157894737,-3.526494736842105,0.021531100478468908,2.2328548644338118,0.0,0.0,0.6842105263157895,,49.5,60.76,-15.0,-0.83
total_box,2000,4,7,2000,4,2000-01-24,7,56.635,-1.3273857142857144,0.11038961038961034,1.082251082251083,0.0,0.0,0.7142857142857143,,49.5,60.76,-15.0,-0.83
total_box,2000,5,32,2000,5,2000-01-31,32,54.7746875,-7.1583875,0.07528409090909088,0.4734848484848484,23.053278688524564,0.0,0.28125,0.0,49.5,60.76,-15.0,-0.83
total_box,2000,6,15,2000,6,2000-02-07,15,56.08422666666667,-4.985446666666666,0.003030303030303027,1.212121212121212,16.3934426229508,0.0,0.26666666666666666,0.0,49.5,60.76,-15.0,-0.83
total_box,2000,7,19,2000,7,2000-02-14,19,54.977552631578945,-3.2492105263157893,0.043062200956937774,0.9569377990430626,0.0,0.0,0.10526315789473684,,49.5,60.76,-15.0,-0.83
total_box,2000,8,15,2000,8,2000-02-21,15,51.09489333333333,-9.983773333333334,0.0196969696969697,2.7272727272727297,81.96721311475412,22.727272727272734,0.26666666666666666,0.46212121212121277,49.5,60.76,-15.0,-0.83
total_box,2000,10,21,2000,10,2000-03-06,21,57.25016190476191,-5.902228571428571,0.015151515151515133,1.0822510822510825,378.61046057767356,32.46753246753248,0.8095238095238095,0.04601795263559977,49.5,60.76,-15.0,-0.83
total_box,2000,11,30,2000,11,2000-03-13,30,54.88444666666667,-7.1742799999999995,0.07348484848484849,2.82828282828283,256.8306010928958,22.727272727272734,0.5,0.04951298701298699,49.5,60.76,-15.0,-0.83
total_box,2000,12,7,2000,12,2000-03-20,7,49.74712857142857,-5.684985714285714,0.2759740259740261,15.800865800865806,362.9976580796248,97.40259740259742,0.7142857142857143,0.6931818181818191,49.5,60.76,-15.0,-0.83
total_box,2000,15,23,2000,15,2000-04-10,23,55.03267826086957,-2.7957913043478264,0.1472332015810276,28.459815546772056,4401.28296507484,59.28853754940713,2.130434782608696,0.05103078750150055,49.5,60.76,-15.0,-0.83
total_box,2000,16,13,2000,16,2000-04-17,13,55.24692307692308,-5.502053846153847,0.5034965034965027,13.519813519813521,1437.5788146279945,26.22377622377623,1.2307692307692308,0.07702020202020197,49.5,60.76,-15.0,-0.83
total_box,2000,17,9,2000,17,2000-04-24,9,50.873333333333335,-12.589088888888888,0.3030303030303027,8.08080808080809,1839.7085610200375,0.0,0.7777777777777778,0.0,49.5,60.76,-15.0,-0.83
total_box,2000,18,9,2000,18,2000-05-01,9,53.535,-4.667033333333333,0.0,10.774410774410788,701.2750455373407,227.27272727272734,1.4444444444444444,0.6265297202797206,49.5,60.76,-15.0,-0.83
total_box,2000,19,22,2000,19,2000-05-08,22,53.055904545454545,-3.8250727272727274,0.46900826446280947,77.20523415977961,7153.502235469444,123.96694214876024,3.3181818181818183,0.24420458997623937,49.5,60.76,-15.0,-0.83
total_box,2000,20,14,2000,20,2000-05-15,14,59.32035714285714,-5.538578571428571,0.3133116883116881,123.59307359307364,4537.470725995317,97.40259740259742,4.857142857142857,0.2151686548745375,49.5,60.76,-15.0,-0.83
total_box,2000,23,12,2000,23,2000-06-05,12,55.59583333333333,-3.4007,0.6079545454545457,50.12626262626264,1953.5519125683059,1581.439393939394,2.25,1.6523708946879678,49.5,60.76,-15.0,-0.83
total_box,2000,24,15,2000,24,2000-06-12,15,50.981,-3.93712,0.9863636363636362,16.96969696969698,721.3114754098364,3477.272727272729,2.1,3.4664733414733426,49.5,60.76,-15.0,-0.83
total_box,2000,25,7,2000,25,2000-06-19,7,53.55832857142857,-4.4469,0.003246753246753243,3.679653679653684,1135.8313817330215,1266.2337662337666,1.8571428571428572,1.9945023148148147,49.5,60.76,-15.0,-0.83
total_box,2000,26,12,2000,26,2000-06-26,12,55.20333333333334,-11.407224999999999,0.14204545454545456,228.15656565656573,512.2950819672132,2604.166666666668,1.0833333333333333,5.970282321844829,49.5,60.76,-15.0,-0.83
total_box,2000,27,23,2000,27,2000-07-03,23,50.60977826086956,-5.747891304347826,0.2687747035573121,18.57707509881423,1945.8303635067707,2213.4387351778646,1.391304347826087,1.320542140629613,49.5,60.76,-15.0,-0.83
total_box,2000,28,13,2000,28,2000-07-10,13,56.46910769230769,-1.8308846153846154,0.06118881118881111,23.776223776223773,1841.1097099621697,3426.573426573429,2.923076923076923,5.882196587744347,49.5,60.76,-15.0,-0.83
total_box,2000,29,21,2000,29,2000-07-17,21,54.50833333333333,-8.45222380952381,0.33225108225108196,50.64935064935062,1139.734582357533,2018.3982683982686,1.6666666666666667,3.211653602997829,49.5,60.76,-15.0,-0.83
total_box,2000,31,14,2000,31,2000-07-31,14,56.97083571428571,-7.010114285714286,0.27435064935064923,65.25974025974027,474.23887587822,600.6493506493506,1.7857142857142858,0.6732417322261063,49.5,60.76,-15.0,-0.83
total_box,2000,32,33,2000,32,2000-08-07,33,56.68470909090909,-5.376351515151515,0.23415977961432508,41.41505968778696,1485.3452558370598,4390.4958677685945,1.7727272727272727,6.730372699951949,49.5,60.76,-15.0,-0.83
total_box,2000,33,2,2000,33,2000-08-14,2,57.2883,-1.4675,0.988636363636363,50.0,532.7868852459015,5227.272727272726,1.5,7.3477272727272736,49.5,60.76,-15.0,-0.83
total_box,2000,35,6,2000,35,2000-08-28,6,49.66695000000001,-6.2713833333333335,2.7954545454545445,156.56565656565638,0.0,284.0909090909092,0.8333333333333334,,49.5,60.76,-15.0,-0.83
total_box,2000,36,13,2000,36,2000-09-04,13,54.09717692307692,-2.258323076923077,0.9073426573426572,38.694638694638655,113.49306431273638,769.2307692307694,1.0,3.234848484848487,49.5,60.76,-15.0,-0.83
total_box,2000,37,18,2000,37,2000-09-11,18,52.61731666666666,-5.272222222222222,0.3510101010101007,27.777777777777768,273.22404371584713,1426.767676767677,0.8888888888888888,6.013917322414855,49.5,60.76,-15.0,-0.83
total_box,2000,38,42,2000,38,2000-09-18,42,56.77567380952381,-6.693488095238096,0.21103896103896116,19.336219336219337,878.2201405152222,2178.030303030303,1.1904761904761905,5.627700710237346,49.5,60.76,-15.0,-0.83
total_box,2000,40,20,2000,40,2000-10-02,20,53.455,-3.12926,1.2568181818181816,25.457575757575768,49.180327868852444,17.04545454545455,0.8,0.46212121212121277,49.5,60.76,-15.0,-0.83
total_box,2000,41,33,2000,41,2000-10-09,33,53.54510303030303,-7.975715151515152,0.18388429752066116,5.371900826446282,335.32041728763056,320.2479338842975,0.7878787878787878,1.1110436003624846,49.5,60.76,-15.0,-0.83
total_box,2000,42,3,2000,42,2000-10-16,3,54.76776666666667,-2.97,0.34848484848484834,15.15151515151517,81.967213114754,227.27272727272734,1.0,0.0,49.5,60.76,-15.0,-0.83
total_box,2000,43,22,2000,43,2000-10-23,22,58.66765,-4.4053,0.10330578512396683,2.7548209366391188,394.93293591654236,175.61983471074393,1.0454545454545454,0.45594312105007345,49.5,60.76,-15.0,-0.83
total_box,2000,45,36,2000,45,2000-11-06,36,56.25518888888889,-4.360877777777778,0.63510101010101,8.038720538720538,97.90528233151184,145.2020202020202,0.5555555555555556,1.8118085618085635,49.5,60.76,-15.0,-0.83
total_box,2000,46,8,2000,46,2000-11-13,8,53.486275,-4.704375,0.0,0.7575757575757575,153.68852459016387,85.22727272727275,1.0,0.3080808080808081,49.5,60.76,-15.0,-0.83
total_box,2000,47,14,2000,47,2000-11-20,14,55.217264285714286,-10.987371428571427,0.04707792207792209,1.5151515151515156,269.32084309133495,0.0,1.0,0.0,49.5,60.76,-15.0,-0.83
total_box,2000,48,12,2000,48,2000-11-27,12,51.2261,-3.3794416666666667,0.33333333333333326,4.545454545454551,40.983606557377,0.0,0.75,0.0,49.5,60.76,-15.0,-0.83
total_box,2000,49,26,2000,49,2000-12-04,26,58.47070769230769,-2.7105153846153844,0.04108391608391614,0.6410256410256412,66.20428751576289,26.22377622377623,0.9615384615384616,0.27727272727272767,49.5,60.76,-15.0,-0.83
total_box,2000,50,21,2000,50,2000-12-11,21,54.65888571428572,-8.791280952380951,0.09632034632034635,1.1544011544011548,23.419203747072572,0.0,1.0,0.0,49.5,60.76,-15.0,-0.83
total_box,2000,51,2,2000,51,2000-12-18,2,57.2975,-1.5075,0.261363636363636,13.63636363636365,0.0,0.0,1.0,,49.5,60.76,-15.0,-0.83
total_box,2000,52,21,2000,52,2000-12-25,21,50.75492857142857,-5.111666666666666,0.5454545454545453,4.112554112554114,39.032006245120996,0.0,0.5238095238095238,0.0,49.5,60.76,-15.0,-0.83
total_box,2001,1,25,2001,1,2001-01-01,25,58.411592,-2.395932,0.3945454545454545,1.4545454545454553,0.0,0.0,0.96,,49.5,60.76,-15.0,-0.83
total_box,2001,2,2,2001,2,2001-01-08,2,57.2667,-1.5142,0.0,0.0,0.0,0.0,1.0,,49.5,60.76,-15.0,-0.83
total_box,2001,4,19,2001,4,2001-01-22,19,50.86421578947369,-5.023326315789474,0.2978468899521532,1.5151515151515174,138.05004314063842,0.0,1.0,0.0,49.5,60.76,-15.0,-0.83
total_box,2001,5,9,2001,5,2001-01-29,9,53.09796666666667,-4.837955555555556,0.02272727272727269,0.33670033670033667,54.644808743169335,0.0,0.8888888888888888,0.0,49.5,60.76,-15.0,-0.83
total_box,2001,6,8,2001,6,2001-02-05,8,58.750625,-1.383125,0.13636363636363644,2.083333333333334,0.0,0.0,1.0,,49.5,60.76,-15.0,-0.83
total_box,2001,7,29,2001,7,2001-02-12,29,54.144662068965516,-7.2121896551724145,0.299373040752351,2.1943573667711616,121.53759185980793,11.75548589341693,0.1724137931034483,0.08664772727272722,49.5,60.76,-15.0,-0.83
total_box,2001,9,8,2001,9,2001-02-26,8,53.521875,-4.6918750000000005,0.0,0.37878787878787873,122.95081967213113,0.0,0.0,0.0,49.5,60.76,-15.0,-0.83
total_box,2001,10,17,2001,10,2001-03-05,17,51.23461176470588,-10.249805882352941,0.04278074866310158,3.8324420677361872,776.2777242044356,0.0,0.17647058823529413,0.0,49.5,60.76,-15.0,-0.83
total_box,2001,11,22,2001,11,2001-03-12,22,58.70181818181818,-4.4624999999999995,0.07644628099173555,1.5840220385674941,625.9314456035768,0.0,0.5909090909090909,0.0,49.5,60.76,-15.0,-0.83
total_box,2001,12,5,2001,12,2001-03-19,5,49.91798,-3.99334,0.04545454545454538,3.93939393939394,1377.0491803278696,0.0,1.0,0.0,49.5,60.76,-15.0,-0.83
total_box,2001,13,8,2001,13,2001-03-26,8,58.6360375,-1.4068625,0.031249999999999962,4.734848484848488,2336.0655737704915,42.613636363636374,1.125,0.013330419580419584,49.5,60.76,-15.0,-0.83
total_box,2001,14,13,2001,14,2001-04-02,13,51.19883846153846,-6.5271846153846145,0.43706293706293714,19.23076923076923,195.46027742749052,0.0,1.0,0.0,49.5,60.76,-15.0,-0.83
total_box,2001,15,27,2001,15,2001-04-09,27,58.473211111111105,-2.568451851851852,0.24747474747474754,11.896745230078565,4359.441408621738,50.50505050505052,2.2222222222222223,0.019668209222138033,49.5,60.76,-15.0,-0.83
total_box,2001,16,32,2001,16,2001-04-16,32,51.07755625,-7.006928125,0.8153409090909091,31.534090909090914,2758.7090163934417,110.08522727272728,1.765625,0.05653843238735761,49.5,60.76,-15.0,-0.83
total_box,2001,17,9,2001,17,2001-04-23,9,53.528333333333336,-4.783511111111111,0.0,3.367003367003372,828.7795992714028,0.0,1.2222222222222223,0.0,49.5,60.76,-15.0,-0.83
total_box,2001,18,8,2001,18,2001-04-30,8,58.641675,-1.40585,0.7329545454545447,68.5606060606061,1188.5245901639346,170.4545454545455,1.375,0.25206611570247967,49.5,60.76,-15.0,-0.83
total_box,2001,19,15,2001,19,2001-05-07,15,51.44644666666667,-10.809446666666668,2.4378787878787866,31.6161616161616,1103.8251366120223,583.3333333333336,1.4666666666666666,0.8203957255481645,49.5,60.76,-15.0,-0.83
total_box,2001,20,31,2001,20,2001-05-14,31,51.89241935483871,-4.793496774193549,0.38343108504398815,38.71163245356794,4106.292966684296,153.958944281525,1.8387096774193548,0.06532064165992732,49.5,60.76,-15.0,-0.83
total_box,2001,21,11,2001,21,2001-05-21,11,57.69862727272727,-2.1304727272727275,0.01652892561983467,6.338842975206608,223.54694485842026,30.99173553719009,1.0,0.09242424242424244,49.5,60.76,-15.0,-0.83
total_box,2001,23,26,2001,23,2001-06-04,26,58.80512692307692,-3.9262192307692305,0.40209790209790186,68.12587412587412,835.4350567465318,249.12587412587405,1.1923076923076923,0.24070458862125538,49.5,60.76,-15.0,-0.83
total_box,2001,24,37,2001,24,2001-06-11,37,52.25562432432432,-4.552154054054054,0.25,47.25634725634729,1614.9756313690755,921.3759213759217,1.554054054054054,0.645083924656784,49.5,60.76,-15.0,-0.83
total_box,2001,25,14,2001,25,2001-06-18,14,55.78131428571429,-11.02715,0.2759740259740259,55.73593073593071,403.98126463700265,2175.324675324676,1.0714285714285714,6.761389268626114,49.5,60.76,-15.0,-0.83
total_box,2001,27,29,2001,27,2001-07-02,29,58.73798275862069,-3.570510344827586,0.08620689655172416,70.06269592476482,551.1588468061053,2445.141065830721,1.6379310344827587,6.08430923618748,49.5,60.76,-15.0,-0.83
total_box,2001,28,46,2001,28,2001-07-09,46,52.92010869565217,-6.774854347826087,0.1516798418972331,30.434782608695667,1329.2943692088381,2104.7430830039525,1.7391304347826086,3.4877824389301804,49.5,60.76,-15.0,-0.83
total_box,2001,31,8,2001,31,2001-07-30,8,49.854375000000005,-4.7604125,0.1022727272727272,24.056818181818173,614.754098360656,2357.954545454546,1.125,6.0913494551425575,49.5,60.76,-15.0,-0.83
total_box,2001,32,12,2001,32,2001-08-06,12,53.34584166666667,-3.6161,0.024621212121212058,23.737373737373744,300.546448087432,909.0909090909086,1.9166666666666667,3.8533799533799487,49.5,60.76,-15.0,-0.83
total_box,2001,33,22,2001,33,2001-08-13,22,58.71167272727273,-4.4835590909090905,0.10433884297520653,17.012396694214885,1158.718330849478,2582.6446280991736,4.045454545454546,4.544216769102626,49.5,60.76,-15.0,-0.83
total_box,2001,34,25,2001,34,2001-08-20,25,53.609536,-8.921532,0.1636363636363636,25.45454545454546,839.344262295083,1868.1818181818185,2.02,2.423422535984978,49.5,60.76,-15.0,-0.83
total_box,2001,35,11,2001,35,2001-08-27,11,56.25379090909091,-2.781209090909091,0.17148760330578508,18.59504132231406,543.9642324888223,4504.132231404958,3.3636363636363638,10.339468401968409,49.5,60.76,-15.0,-0.83
total_box,2001,36,10,2001,36,2001-09-03,10,50.07866,-3.76417,0.0909090909090909,13.4909090909091,1024.5901639344252,4431.818181818182,3.15,5.452688598496059,49.5,60.76,-15.0,-0.83
total_box,2001,37,51,2001,37,2001-09-10,51,56.936764705882354,-5.382125490196079,0.29411764705882343,35.14557338086752,490.1960784313723,1004.9019607843131,1.3333333333333333,1.8457106888837669,49.5,60.76,-15.0,-0.83
total_box,2001,38,11,2001,38,2001-09-17,11,51.45696363636364,-5.663945454545455,0.2871900826446281,41.735537190082674,2071.535022354694,1704.5454545454545,2.4545454545454546,0.9746391669260057,49.5,60.76,-15.0,-0.83
total_box,2001,40,10,2001,40,2001-10-01,10,51.516999999999996,-2.88566,0.48636363636363605,11.518181818181816,122.95081967213109,1920.454545454546,1.1,14.383522727272739,49.5,60.76,-15.0,-0.83
total_box,2001,41,16,2001,41,2001-10-08,16,55.825625,-3.1915750000000003,1.0923295454545454,21.687500000000007,358.60655737704917,85.22727272727256,1.0,0.3405103668261562,49.5,60.76,-15.0,-0.83
total_box,2001,42,11,2001,42,2001-10-15,11,51.41545454545455,-6.367118181818182,0.07438016528925613,8.126721763085403,283.1594634873322,0.0,1.4545454545454546,0.0,49.5,60.76,-15.0,-0.83
total_box,2001,43,30,2001,43,2001-10-22,30,57.11432333333333,-6.59223,0.20227272727272733,7.777777777777782,357.92349726775944,1397.7272727272727,1.2666666666666666,3.1225969264321556,49.5,60.76,-15.0,-0.83
total_box,2001,44,2,2001,44,2001-10-29,2,57.291650000000004,-1.5558,0.2159090909090905,1.515151515151515,122.950819672131,170.4545454545455,0.0,1.3863636363636382,49.5,60.76,-15.0,-0.83
total_box,2001,45,27,2001,45,2001-11-05,27,58.53956296296296,-2.8992555555555555,0.18013468013468015,4.15263748597082,112.3254401942926,25.25252525252526,0.7407407407407407,0.057765151515151526,49.5,60.76,-15.0,-0.83
total_box,2001,46,33,2001,46,2001-11-12,33,53.43323636363637,-7.956460606060606,0.19077134986225894,5.41873278236915,37.25782414307,41.32231404958679,0.8484848484848485,0.27727272727272767,49.5,60.76,-15.0,-0.83
total_box,2001,49,38,2001,49,2001-12-03,38,57.27284736842105,-6.652057894736842,0.05921052631578947,2.0733652312599675,97.06643658326136,26.913875598086133,0.5263157894736842,0.23106060606060638,49.5,60.76,-15.0,-0.83
total_box,2001,50,31,2001,50,2001-12-10,31,53.02134193548387,-4.221932258064516,0.2155425219941348,1.8572825024437938,15.864621893178194,10.997067448680355,0.22580645161290322,0.0,49.5,60.76,-15.0,-0.83
total_box,2002,2,21,2002,2,2002-01-07,21,51.46455238095238,-4.638557142857143,0.060606060606060566,1.5873015873015877,11.709601873536286,16.23376623376624,0.23809523809523808,0.0,49.5,60.76,-15.0,-0.83
total_box,2002,3,31,2002,3,2002-01-14,31,57.28072258064516,-3.3037548387096773,0.122434017595308,0.9775171065493647,47.593865679534645,0.0,0.22580645161290322,0.0,49.5,60.76,-15.0,-0.83
total_box,2002,5,4,2002,5,2002-01-28,4,50.088225,-5.888,0.18749999999999986,5.68181818181818,0.0,0.0,1.0,,49.5,60.76,-15.0,-0.83
total_box,2002,6,8,2002,6,2002-02-04,8,58.6403625,-1.4060124999999999,0.005681818181818175,0.0,30.73770491803275,0.0,1.0,0.0,49.5,60.76,-15.0,-0.83
total_box,2002,7,64,2002,7,2002-02-11,64,54.430471875,-6.6923609375,0.10866477272727271,1.6098484848484855,32.0184426229508,10.653409090909093,0.375,0.0,49.5,60.76,-15.0,-0.83
total_box,2002,8,6,2002,8,2002-02-18,6,50.21601666666667,-2.7616,0.015151515151515152,0.505050505050505,81.96721311475416,0.0,1.0,0.0,49.5,60.76,-15.0,-0.83
total_box,2002,10,17,2002,10,2002-03-04,17,56.3496,-2.845741176470588,0.02139037433155083,1.0695187165775404,163.93442622950798,0.0,0.5294117647058824,0.0,49.5,60.76,-15.0,-0.83
total_box,2002,11,31,2002,11,2002-03-11,31,56.31082903225806,-4.829541935483871,0.03299120234604108,1.2218963831867078,301.42781597038595,10.997067448680355,0.45161290322580644,0.09242424242424255,49.5,60.76,-15.0,-0.83
total_box,2002,12,2,2002,12,2002-03-18,2,49.7603,-6.41225,0.0,1.515151515151515,245.9016393442625,0.0,0.0,0.0,49.5,60.76,-15.0,-0.83
total_box,2002,13,23,2002,13,2002-03-25,23,50.97435652173913,-8.155273913043478,0.1541501976284584,6.587615283267459,2430.5060584461894,133.39920948616603,1.0,0.15124252167607624,49.5,60.76,-15.0,-0.83
total_box,2002,14,10,2002,14,2002-04-01,10,58.364380000000004,-1.43247,0.7500000000000003,38.63636363636364,2745.9016393442625,34.0909090909091,1.4,0.13863636363636384,49.5,60.76,-15.0,-0.83
total_box,2002,15,20,2002,15,2002-04-08,20,51.833164999999994,-5.63452,0.7715909090909088,54.31818181818179,254.09836065573754,0.0,1.1,0.0,49.5,60.76,-15.0,-0.83
total_box,2002,16,15,2002,16,2002-04-15,15,51.186886666666666,-10.904213333333333,0.7439393939393941,20.909090909090917,3185.7923497267757,0.0,0.8,0.0,49.5,60.76,-15.0,-0.83
total_box,2002,17,15,2002,17,2002-04-22,15,56.07684666666667,-2.5695866666666665,0.23181818181818178,15.858585858585856,3289.6174863387955,537.8787878787881,3.066666666666667,0.4526089779785435,49.5,60.76,-15.0,-0.83
total_box,2002,19,49,2002,19,2002-05-06,49,55.60897551020408,-5.49771224489796,1.3353432282003712,46.9078540507112,1212.780194044831,208.71985157699444,1.316326530612245,0.45146641007509486,49.5,60.76,-15.0,-0.83
total_box,2002,20,3,2002,20,2002-05-13,3,49.9393,-5.8882,1.151515151515153,45.959595959595966,2076.5027322404367,113.63636363636367,1.3333333333333333,0.04621212121212128,49.5,60.76,-15.0,-0.83
total_box,2002,21,11,2002,21,2002-05-20,11,51.386345454545456,-6.353863636363636,0.4194214876033056,65.99449035812675,1721.3114754098353,61.98347107438018,3.6818181818181817,0.051346801346801356,49.5,60.76,-15.0,-0.83
total_box,2002,22,13,2002,22,2002-05-27,13,49.93703076923077,-4.713553846153847,0.1853146853146851,31.002331002330983,1979.8234552332908,454.54545454545445,3.576923076923077,0.3351252584992914,49.5,60.76,-15.0,-0.83
total_box,2002,23,25,2002,23,2002-06-03,25,58.087584,-3.922968,1.2109090909090905,88.06060606060609,996.7213114754096,295.45454545454555,1.26,0.30492678960440867,49.5,60.76,-15.0,-0.83
total_box,2002,24,18,2002,24,2002-06-10,18,55.37732222222222,-3.612772222222222,0.9962121212121203,73.82154882154887,1989.9817850637528,183.0808080808082,2.4444444444444446,0.25120883201765576,49.5,60.76,-15.0,-0.83
total_box,2002,25,8,2002,25,2002-06-17,8,51.8942125,-6.1713249999999995,0.35795454545454475,26.8939393939394,2264.3442622950824,42.613636363636374,4.8125,0.01130187747035573,49.5,60.76,-15.0,-0.83
total_box,2002,27,55,2002,27,2002-07-01,55,54.87849272727273,-4.105121818181818,0.1045454545454545,50.30303030303031,1456.035767511177,566.1157024793389,1.6727272727272726,0.7057994136048147,49.5,60.76,-15.0,-0.83
total_box,2002,28,20,2002,28,2002-07-08,20,54.42162499999999,-9.32643,0.16477272727272735,48.409090909090914,745.9016393442632,1210.2272727272725,1.75,2.261377378934197,49.5,60.76,-15.0,-0.83
total_box,2002,32,19,2002,32,2002-08-05,19,53.59707368421053,-2.942615789473684,0.5861244019138757,31.821371610845297,1182.0534943917166,1602.8708133971297,1.9736842105263157,1.7674590204626583,49.5,60.76,-15.0,-0.83
total_box,2002,33,23,2002,33,2002-08-12,23,55.64868260869565,-6.203139130434783,0.4743083003952573,35.1857707509881,1062.0099786172482,513.8339920948615,1.1304347826086956,0.9742439708925859,49.5,60.76,-15.0,-0.83
total_box,2002,36,9,2002,36,2002-09-02,9,50.02911111111111,-3.3457,0.0202020202020202,24.5791245791246,255.00910746812386,946.9696969696969,1.5555555555555556,2.1001758658008653,49.5,60.76,-15.0,-0.83
total_box,2002,37,62,2002,37,2002-09-09,62,56.1112870967742,-5.793808064516129,0.45344574780058644,44.57966764418378,699.3654151242729,458.2111436950145,1.6612903225806452,0.7188592764756999,49.5,60.76,-15.0,-0.83
total_box,2002,38,1,2002,38,2002-09-16,1,49.7366,-5.9,0.795454545454545,106.060606060606,819.672131147541,0.0,1.0,0.0,49.5,60.76,-15.0,-0.83
total_box,2002,40,9,2002,40,2002-09-30,9,50.036944444444444,-3.3370444444444445,0.17424242424242412,21.548821548821607,1930.7832422586534,113.63636363636334,1.3333333333333333,0.1371128871128872,49.5,60.76,-15.0,-0.83
total_box,2002,41,35,2002,41,2002-10-07,35,56.45681999999999,-4.74268,0.21363636363636354,9.134199134199136,269.3208430913349,253.24675324675295,0.7428571428571429,1.1829088830968515,49.5,60.76,-15.0,-0.83
total_box,2002,42,5,2002,42,2002-10-14,5,52.84008,-4.14866,0.7227272727272718,25.151515151515152,639.3442622950822,0.0,0.8,0.0,49.5,60.76,-15.0,-0.83
total_box,2002,43,17,2002,43,2002-10-21,17,51.00797647058823,-10.921082352941177,0.6310160427807486,28.258467023172898,14.464802314368354,0.0,1.0,0.0,49.5,60.76,-15.0,-0.83
total_box,2002,44,8,2002,44,2002-10-28,8,50.0528,-3.0380499999999997,0.4573863636363644,22.537878787878785,307.3770491803279,85.22727272727275,0.75,0.20201298701298703,49.5,60.76,-15.0,-0.83
total_box,2002,45,43,2002,45,2002-11-04,43,56.69881860465116,-3.9781767441860465,0.383720930232558,12.05496828752643,278.30728173846734,121.5644820295982,1.0465116279069768,0.29752672400698715,49.5,60.76,-15.0,-0.83
total_box,2002,46,26,2002,46,2002-11-11,26,51.638819230769236,-8.749765384615385,0.09615384615384616,1.7482517482517492,37.83102143757881,0.0,0.38461538461538464,0.0,49.5,60.76,-15.0,-0.83
total_box,2002,48,8,2002,48,2002-11-25,8,50.061775,-3.2102875,0.03124999999999999,4.924242424242422,430.327868852459,85.22727272727275,0.625,0.4505681818181823,49.5,60.76,-15.0,-0.83
total_box,2002,49,23,2002,49,2002-12-02,23,58.505917391304344,-3.927782608695652,0.30039525691699603,4.6113306982872215,121.16892373485405,29.644268774703566,1.0,0.23106060606060638,49.5,60.76,-15.0,-0.83
total_box,2002,50,11,2002,50,2002-12-09,11,57.674499999999995,-2.2016454545454547,0.3016528925619834,4.958677685950416,44.70938897168409,0.0,1.0,0.0,49.5,60.76,-15.0,-0.83
total_box,2002,51,15,2002,51,2002-12-16,15,51.191646666666664,-5.873553333333334,0.4818181818181814,6.363636363636364,54.6448087431694,0.0,0.5333333333333333,0.0,49.5,60.76,-15.0,-0.83
total_box,2002,52,19,2002,52,2002-12-23,19,50.89978421052632,-10.004652631578947,0.17942583732057407,11.403508771929822,64.71095772217426,17.94258373205742,0.2631578947368421,0.0,49.5,60.76,-15.0,-0.83
total_box,2003,2,2,2003,2,2003-01-06,2,57.24995,-1.51725,0.01136363636363635,1.515151515151515,0.0,0.0,0.0,,49.5,60.76,-15.0,-0.83
total_box,2003,3,18,2003,3,2003-01-13,18,58.62502222222221,-3.5204722222222222,0.05303030303030298,1.0942760942760938,27.32240437158472,0.0,0.6111111111111112,0.0,49.5,60.76,-15.0,-0.83
total_box,2003,4,2,2003,4,2003-01-20,2,49.97955,-5.9030000000000005,0.1704545454545455,6.8181818181818095,0.0,0.0,1.0,,49.5,60.76,-15.0,-0.83
total_box,2003,5,8,2003,5,2003-01-27,8,58.58345,-1.4291375,0.20738636363636348,4.356060606060606,61.4754098360655,0.0,0.375,0.0,49.5,60.76,-15.0,-0.83
total_box,2003,6,20,2003,6,2003-02-03,20,52.520754999999994,-5.319725,0.49090909090909063,2.5,77.86885245901635,0.0,0.9,0.0,49.5,60.76,-15.0,-0.83
total_box,2003,7,17,2003,7,2003-02-10,17,51.06644705882353,-10.758311764705882,0.10026737967914437,1.9607843137254923,101.25361620057853,0.0,0.5294117647058824,0.0,49.5,60.76,-15.0,-0.83
total_box,2003,8,9,2003,8,2003-02-17,9,58.598311111111116,-1.4344333333333334,0.0883838383838384,5.387205387205391,27.322404371584668,0.0,1.0,0.0,49.5,60.76,-15.0,-0.83
total_box,2003,9,9,2003,9,2003-02-24,9,50.016755555555555,-3.407677777777778,0.17424242424242412,4.882154882154882,482.6958105646633,37.87878787878789,0.5555555555555556,0.09902597402597398,49.5,60.76,-15.0,-0.83
total_box,2003,10,9,2003,10,2003-03-03,9,54.30355555555556,-4.0350222222222225,0.005050505050505045,0.5050505050505056,0.0,0.0,0.5555555555555556,,49.5,60.76,-15.0,-0.83
total_box,2003,11,18,2003,11,2003-03-10,18,58.153188888888884,-3.5076,0.13762626262626262,4.882154882154883,2500.0,37.87878787878789,1.0,0.048146509978571034,49.5,60.76,-15.0,-0.83
total_box,2003,12,16,2003,12,2003-03-17,16,50.94783125,-5.781175,0.1917613636363635,7.1022727272727275,210.04098360655738,0.0,0.75,0.0,49.5,60.76,-15.0,-0.83
total_box,2003,13,14,2003,13,2003-03-24,14,50.734500000000004,-9.620742857142858,0.10551948051948046,5.194805194805198,2201.405152224824,24.350649350649356,0.9285714285714286,0.004296581517655899,49.5,60.76,-15.0,-0.83
total_box,2003,14,13,2003,14,2003-03-31,13,52.54709230769231,-6.494769230769231,0.09790209790209785,10.72261072261073,435.0567465321565,0.0,1.0769230769230769,0.0,49.5,60.76,-15.0,-0.83
total_box,2003,15,35,2003,15,2003-04-07,35,58.11224285714286,-3.6175514285714288,0.32272727272727264,11.212121212121213,1976.580796252927,68.1818181818182,1.5571428571428572,0.07288697503794915,49.5,60.76,-15.0,-0.83
total_box,2003,16,18,2003,16,2003-04-14,18,50.72517777777777,-5.845383333333333,0.28156565656565635,42.003367003367025,2659.380692167575,94.69696969696972,2.3055555555555554,0.05625588210723363,49.5,60.76,-15.0,-0.83
total_box,2003,17,17,2003,17,2003-04-21,17,49.74365294117647,-8.417888235294116,0.30481283422459854,16.66666666666666,1176.4705882352948,0.0,1.3529411764705883,0.0,49.5,60.76,-15.0,-0.83
total_box,2003,19,13,2003,19,2003-05-05,13,56.4661,-5.165223076923076,0.35839160839160844,15.850815850815856,1828.4993694829764,78.6713286713287,2.0,0.06523898686540733,49.5,60.76,-15.0,-0.83
total_box,2003,20,29,2003,20,2003-05-12,29,53.71916896551724,-3.911593103448276,0.17006269592476483,19.435736677115987,3739.400791407574,438.87147335423225,4.448275862068965,0.30454034480296055,49.5,60.76,-15.0,-0.83
total_box,2003,21,5,2003,21,2003-05-19,5,49.919920000000005,-5.95218,0.10909090909090917,33.63636363636361,262.29508196721315,272.7272727272728,3.4,0.9011363636363633,49.5,60.76,-15.0,-0.83
total_box,2003,23,28,2003,23,2003-06-02,28,57.58491071428572,-4.463082142857143,0.21185064935064948,55.25000000000001,866.5105386416865,377.4350649350651,1.3214285714285714,0.7911167497301957,49.5,60.76,-15.0,-0.83
total_box,2003,24,18,2003,24,2003-06-09,18,50.76555,-5.481472222222222,1.016414141414141,36.95286195286197,787.7959927140263,1553.0303030303037,3.0,1.5410206998229874,49.5,60.76,-15.0,-0.83
total_box,2003,25,8,2003,25,2003-06-16,8,58.5715,-1.4405375,0.03409090909090905,7.386363636363639,2961.065573770492,1562.4999999999995,1.5,3.303065987546912,49.5,60.76,-15.0,-0.83
total_box,2003,26,2,2003,26,2003-06-23,2,57.26465,-1.54005,0.02272727272727275,0.0,245.901639344262,511.3636363636365,1.0,2.0795454545454573,49.5,60.76,-15.0,-0.83
total_box,2003,27,27,2003,27,2003-06-30,27,58.7558962962963,-3.6352962962962967,0.6026936026936026,85.85858585858585,364.2987249544628,652.356902356902,2.1296296296296298,1.4671413016807735,49.5,60.76,-15.0,-0.83
total_box,2003,28,16,2003,28,2003-07-07,16,50.744875,-4.19489375,0.46164772727272624,63.07575757575754,522.540983606557,731.5340909090908,1.5625,1.3421907768302763,49.5,60.76,-15.0,-0.83
total_box,2003,29,16,2003,29,2003-07-14,16,51.238725,-10.96484375,0.7372159090909083,27.17803030303032,30.73770491803275,1200.284090909092,1.75,2.3106060606060703,49.5,60.76,-15.0,-0.83
total_box,2003,30,10,2003,30,2003-07-21,10,51.6463,-6.2698599999999995,0.6409090909090899,21.215151515151508,147.5409836065574,204.5454545454546,2.75,0.6931818181818183,49.5,60.76,-15.0,-0.83
total_box,2003,32,20,2003,32,2003-08-04,20,51.317505000000004,-4.478045,0.1568181818181818,41.287878787878824,418.0327868852456,1107.9545454545455,1.45,1.118062493062493,49.5,60.76,-15.0,-0.83
total_box,2003,33,32,2003,33,2003-08-11,32,58.555759375,-3.262309375,0.5419034090909094,19.081439393939405,537.9098360655737,507.81250000000034,1.625,0.8745704501184716,49.5,60.76,-15.0,-0.83
total_box,2003,35,13,2003,35,2003-08-25,13,55.187776923076925,-11.229361538461538,0.5821678321678312,35.31468531468532,983.6065573770495,3583.916083916085,2.0,4.281579818706022,49.5,60.76,-15.0,-0.83
total_box,2003,36,21,2003,36,2003-09-01,21,54.76734285714286,-3.970614285714286,0.9025974025974028,39.61038961038964,269.32084309133455,330.08658008658006,1.4285714285714286,1.145287582787584,49.5,60.76,-15.0,-0.83
total_box,2003,37,25,2003,37,2003-09-08,25,57.058268,-3.730568,0.2272727272727273,10.72727272727273,400.0,604.5454545454548,0.92,2.5571457394031447,49.5,60.76,-15.0,-0.83
total_box,2003,38,11,2003,38,2003-09-15,11,55.16708181818182,-11.619572727272727,0.0599173553719009,10.881542699724518,67.06408345752601,2665.289256198348,1.1818181818181819,8.780303030303044,49.5,60.76,-15.0,-0.83
total_box,2003,39,16,2003,39,2003-09-22,16,50.101375000000004,-10.922775,0.22159090909090856,18.941287878787914,35.86065573770494,191.76136363636368,0.9375,1.188311688311688,49.5,60.76,-15.0,-0.83
total_box,2003,40,13,2003,40,2003-09-29,13,51.17005384615384,-3.621107692307692,0.9335664335664338,46.27039627039623,1040.3530895334172,253.49650349650375,1.6538461538461537,0.470440649703558,49.5,60.76,-15.0,-0.83
total_box,2003,41,20,2003,41,2003-10-06,20,56.730805,-7.327185,0.32500000000000007,5.07575757575758,381.1475409836065,625.0000000000001,1.45,1.3708291973842224,49.5,60.76,-15.0,-0.83
total_box,2003,43,25,2003,43,2003-10-20,25,51.50036,-5.939127999999999,0.44454545454545474,26.487272727272742,196.72131147540983,27.27272727272728,1.08,0.0,49.5,60.76,-15.0,-0.83
total_box,2003,44,7,2003,44,2003-10-27,7,50.10877142857142,-2.9859714285714283,0.2532467532467532,12.554112554112564,245.9016393442623,48.70129870129871,1.0,0.0,49.5,60.76,-15.0,-0.83
total_box,2003,45,12,2003,45,2003-11-03,12,56.461216666666665,-2.133775,0.18181818181818177,3.535353535353535,81.96721311475407,0.0,0.5833333333333334,0.0,49.5,60.76,-15.0,-0.83
total_box,2003,46,9,2003,46,2003-11-10,9,54.36121111111111,-4.056733333333333,0.03787878787878789,0.33670033670033667,27.322404371584668,0.0,0.0,0.0,49.5,60.76,-15.0,-0.83
total_box,2003,47,28,2003,47,2003-11-17,28,51.79597142857143,-10.472728571428572,0.07061688311688315,2.110389610389613,140.51522248243558,109.57792207792211,0.6428571428571429,0.6161616161616167,49.5,60.76,-15.0,-0.83
total_box,2003,48,19,2003,48,2003-11-24,19,50.901057894736844,-4.993242105263158,0.1124401913875598,4.306220095693783,306.2985332182914,35.88516746411484,1.263157894736842,0.12603305785123983,49.5,60.76,-15.0,-0.83
total_box,2003,49,24,2003,49,2003-12-01,24,58.5647375,-4.1447,0.8532196969696976,9.34343434343436,40.983606557377044,42.613636363636374,0.20833333333333334,0.4621212121212119,49.5,60.76,-15.0,-0.83
total_box,2003,50,24,2003,50,2003-12-08,24,53.8355875,-4.1527125,0.2992424242424242,6.944444444444443,187.84153005464483,28.409090909090917,1.3333333333333333,0.07702020202020197,49.5,60.76,-15.0,-0.83
total_box,2003,51,4,2003,51,2003-12-15,4,49.84435,-3.643725,0.0625000000000001,0.0,61.4754098360655,0.0,1.0,0.0,49.5,60.76,-15.0,-0.83
total_box,2003,52,1,2003,52,2003-12-22,1,50.2363,-2.5049,0.0,0.0,0.0,0.0,1.0,,49.5,60.76,-15.0,-0.83
total_box,2004,1,4,2004,1,2003-12-29,4,49.876375,-4.113425,0.22727272727272702,1.515151515151515,307.37704918032773,0.0,0.0,0.0,49.5,60.76,-15.0,-0.83
total_box,2004,2,13,2004,2,2004-01-05,13,52.27241538461539,-5.567523076923077,0.20804195804195816,1.1655011655011653,94.57755359394699,0.0,0.38461538461538464,0.0,49.5,60.76,-15.0,-0.83
total_box,2004,3,45,2004,3,2004-01-12,45,55.412837777777774,-3.49038,0.22474747474747478,2.7609427609427613,61.93078324225855,0.0,0.5555555555555556,0.0,49.5,60.76,-15.0,-0.83
total_box,2004,5,13,2004,5,2004-01-26,13,55.741830769230766,-11.451515384615384,0.11188811188811175,0.582750582750583,0.0,0.0,0.0,,49.5,60.76,-15.0,-0.83
total_box,2004,6,16,2004,6,2004-02-02,16,56.33898125,-2.9245625,0.015624999999999981,0.18939393939393936,0.0,0.0,1.125,,49.5,60.76,-15.0,-0.83
total_box,2004,7,29,2004,7,2004-02-09,29,57.07105517241379,-4.149296551724138,0.5062695924764891,5.851619644723096,124.36404748445423,0.0,0.2413793103448276,0.0,49.5,60.76,-15.0,-0.83
total_box,2004,8,19,2004,8,2004-02-16,19,52.994852631578944,-8.216052631578947,0.06339712918660283,1.1164274322169059,271.78602243313196,0.0,0.42105263157894735,0.0,49.5,60.76,-15.0,-0.83
total_box,2004,10,9,2004,10,2004-03-01,9,54.30843333333333,-4.007055555555556,0.0025252525252525224,1.3468013468013478,91.07468123861567,0.0,0.2222222222222222,0.0,49.5,60.76,-15.0,-0.83
total_box,2004,11,30,2004,11,2004-03-08,30,56.08363,-5.47283,0.23939393939393955,6.313131313131316,530.0546448087429,22.727272727272734,0.5333333333333333,0.009002361275088551,49.5,60.76,-15.0,-0.83
total_box,2004,12,8,2004,12,2004-03-15,8,50.0652125,-3.155525,0.034090909090909075,2.083333333333335,870.9016393442625,0.0,0.5,0.0,49.5,60.76,-15.0,-0.83
total_box,2004,13,8,2004,13,2004-03-22,8,58.53195,-1.4925,0.42045454545454547,20.07575757575757,2438.5245901639328,85.22727272727275,1.25,0.11927723177723171,49.5,60.76,-15.0,-0.83
total_box,2004,14,8,2004,14,2004-03-29,8,53.53575,-4.7485375,0.0,2.651515151515151,317.6229508196717,170.4545454545455,1.0,0.28882575757575746,49.5,60.76,-15.0,-0.83
total_box,2004,15,29,2004,15,2004-04-05,29,56.85562413793104,-4.2825,0.5274294670846394,31.92267502612328,1579.9886941775023,23.51097178683386,1.5172413793103448,0.014403778040141651,49.5,60.76,-15.0,-0.83
total_box,2004,16,12,2004,16,2004-04-12,12,56.526225000000004,-1.6008083333333334,1.615530303030302,48.106060606060645,3019.12568306011,28.409090909090917,1.5,0.029084551811824635,49.5,60.76,-15.0,-0.83
total_box,2004,17,5,2004,17,2004-04-19,5,49.859359999999995,-4.1021,0.2818181818181816,4.545454545454546,1967.2131147540981,295.4545454545454,1.2,0.15736636926292125,49.5,60.76,-15.0,-0.83
total_box,2004,19,44,2004,19,2004-05-03,44,56.40700454545454,-3.726604545454545,0.39824380165289247,76.89393939393939,2945.2309985096867,136.8801652892562,1.9545454545454546,0.07538475040008968,49.5,60.76,-15.0,-0.83
total_box,2004,20,2,2004,20,2004-05-10,2,50.5185,-1.4255,0.0,2.272727272727275,0.0,0.0,2.0,,49.5,60.76,-15.0,-0.83
total_box,2004,21,5,2004,21,2004-05-17,5,49.845420000000004,-4.117780000000001,0.6818181818181805,16.06060606060605,213.1147540983606,68.1818181818182,1.0,0.46212121212121277,49.5,60.76,-15.0,-0.83
total_box,2004,23,56,2004,23,2004-05-31,56,54.058323214285714,-5.932112500000001,0.6724837662337659,65.0162337662338,900.1756440281034,326.70454545454544,1.5,0.7152496144409519,49.5,60.76,-15.0,-0.83
total_box,2004,24,13,2004,24,2004-06-07,13,55.3943,-1.854976923076923,0.5944055944055947,170.16317016317018,1197.9823455233288,157.34265734265708,1.8846153846153846,0.2702439605848697,49.5,60.76,-15.0,-0.83
total_box,2004,25,8,2004,25,2004-06-14,8,49.803399999999996,-3.7242375,0.07954545454545445,20.075757575757585,717.2131147540982,5269.886363636361,2.5625,8.286471071459106,49.5,60.76,-15.0,-0.83
total_box,2004,26,16,2004,26,2004-06-21,16,51.16738125,-11.03484375,0.36647727272727304,42.61931818181819,517.4180327868856,1029.829545454545,2.5,2.4781884781884758,49.5,60.76,-15.0,-0.83
total_box,2004,27,27,2004,27,2004-06-28,27,51.4527962962963,-5.033144444444445,1.1161616161616141,26.71268237934905,555.5555555555555,955.3872053872063,2.7962962962962963,1.3921436106257066,49.5,60.76,-15.0,-0.83
total_box,2004,28,3,2004,28,2004-07-05,3,54.9566,-1.4900666666666667,0.0681818181818183,69.1919191919193,491.80327868852464,984.8484848484867,5.0,2.0795454545454586,49.5,60.76,-15.0,-0.83
total_box,2004,29,32,2004,29,2004-07-12,32,57.241584375,-3.025071875,0.33877840909090895,22.208333333333332,1874.9999999999995,2531.9602272727298,2.140625,1.740261507671026,49.5,60.76,-15.0,-0.83
total_box,2004,30,4,2004,30,2004-07-19,4,49.9198,-2.430175,0.022727272727272724,8.340909090909095,1762.2950819672137,3323.8636363636365,2.0,2.498604465709726,49.5,60.76,-15.0,-0.83
total_box,2004,31,20,2004,31,2004-07-26,20,50.66292,-5.65169,0.1795454545454543,10.607575757575763,1127.0491803278715,1477.2727272727284,2.275,2.3816319271836606,49.5,60.76,-15.0,-0.83
total_box,2004,32,19,2004,32,2004-08-02,19,54.642363157894735,-8.748247368421053,0.014354066985645893,13.795853269537487,586.7126833477134,2452.1531100478473,2.526315789473684,5.268612510915469,49.5,60.76,-15.0,-0.83
total_box,2004,33,35,2004,33,2004-08-09,35,57.92923142857143,-3.8064457142857147,0.3837662337662339,38.00865800865798,737.704918032787,980.5194805194805,1.3142857142857143,1.0778098707520056,49.5,60.76,-15.0,-0.83
total_box,2004,34,5,2004,34,2004-08-16,5,49.84156,-4.09982,0.09090909090909075,31.51515151515149,1081.9672131147524,2045.4545454545464,2.9,2.9653962703962753,49.5,60.76,-15.0,-0.83
total_box,2004,35,21,2004,35,2004-08-23,21,50.64949047619048,-5.498228571428571,0.42640692640692585,19.77200577200578,433.2552693208429,1174.2424242424242,1.6428571428571428,2.1254653115981235,49.5,60.76,-15.0,-0.83
total_box,2004,36,2,2004,36,2004-08-30,2,50.41395,-1.7633999999999999,0.02272727272727275,3.03030303030303,245.901639344262,0.0,2.0,0.0,49.5,60.76,-15.0,-0.83
total_box,2004,37,29,2004,37,2004-09-06,29,58.53097241379311,-2.7221655172413795,0.8495297805642633,38.5057471264368,463.5387224420579,434.95297805642605,1.1379310344827587,1.0105145886105629,49.5,60.76,-15.0,-0.83
total_box,2004,38,15,2004,38,2004-09-13,15,51.57378666666667,-4.048026666666667,0.09999999999999994,16.36565656565656,2234.972677595628,439.3939393939388,3.466666666666667,0.25152663793280117,49.5,60.76,-15.0,-0.83
total_box,2004,39,11,2004,39,2004-09-20,11,51.40860909090909,-6.204218181818181,0.18181818181818168,29.889807162534396,22.354694485842,92.97520661157027,1.0909090909090908,1.3863636363636382,49.5,60.76,-15.0,-0.83
total_box,2004,40,12,2004,40,2004-09-27,12,49.91314166666667,-4.224383333333333,0.07765151515151517,17.171717171717173,1769.1256830601094,568.1818181818177,2.0833333333333335,1.3023819930069938,49.5,60.76,-15.0,-0.83
total_box,2004,41,38,2004,41,2004-10-04,38,55.715497368421055,-7.1843736842105255,0.4114832535885166,25.318979266347682,923.2096635030198,699.7607655502391,1.6842105263157894,0.8805371613378155,49.5,60.76,-15.0,-0.83
total_box,2004,42,20,2004,42,2004-10-11,20,56.318904999999994,-5.7494,0.3897727272727272,39.84848484848485,696.7213114754102,880.6818181818182,2.8,1.6411545190466763,49.5,60.76,-15.0,-0.83
total_box,2004,43,21,2004,43,2004-10-18,21,50.71879523809524,-4.895338095238095,0.34632034632034625,29.148629148629176,93.67681498829033,97.40259740259742,0.9523809523809523,0.0,49.5,60.76,-15.0,-0.83
total_box,2004,45,25,2004,45,2004-11-01,25,58.265223999999996,-4.101076,0.24363636363636357,4.848484848484847,393.4426229508198,231.81818181818184,0.24,1.3856557300950687,49.5,60.76,-15.0,-0.83
total_box,2004,46,9,2004,46,2004-11-08,9,54.39217777777778,-4.011677777777778,0.005050505050505055,1.6835016835016843,27.322404371584668,0.0,0.1111111111111111,0.0,49.5,60.76,-15.0,-0.83
total_box,2004,47,39,2004,47,2004-11-15,39,52.301330769230766,-7.01914358974359,0.20104895104895104,4.156954156954158,84.06893652795293,0.0,0.2564102564102564,0.0,49.5,60.76,-15.0,-0.83
total_box,2004,49,6,2004,49,2004-11-29,6,52.30471666666667,-3.223716666666667,0.1931818181818181,6.818181818181832,0.0,0.0,0.0,,49.5,60.76,-15.0,-0.83
total_box,2004,50,32,2004,50,2004-12-06,32,53.883715625,-6.88179375,0.2613636363636363,4.450757575757578,110.14344262295077,0.0,0.09375,0.0,49.5,60.76,-15.0,-0.83
total_box,2004,51,27,2004,51,2004-12-13,27,55.421240740740735,-5.172611111111111,0.027777777777777766,2.1885521885521917,60.71645415907711,12.62626262626263,1.037037037037037,0.46212121212121277,49.5,60.76,-15.0,-0.83
total_box,2005,1,5,2005,1,2005-01-03,5,49.86160726,-4.1278774516,0.03636363636363636,4.242424242424244,0.0,0.0,0.0,,49.5,60.76,-15.0,-0.83
total_box,2005,2,39,2005,2,2005-01-10,39,57.808999294871796,-3.6488292645641027,0.03787878787878784,0.5827505827505826,33.627574611181174,0.0,0.1282051282051282,0.0,49.5,60.76,-15.0,-0.83
total_box,2005,4,26,2005,4,2005-01-24,26,51.40170475884615,-8.86494365573077,0.208916083916084,1.8065268065268067,9.457755359394692,0.0,0.15384615384615385,0.0,49.5,60.76,-15.0,-0.83
total_box,2005,5,6,2005,5,2005-01-31,6,51.11912977666666,-3.5751619656666667,0.03409090909090903,2.2727272727272734,81.967213114754,0.0,0.0,0.0,49.5,60.76,-15.0,-0.83
total_box,2005,6,35,2005,6,2005-02-07,35,55.065004999428574,-3.7313866369142854,0.05324675324675322,0.5627705627705628,7.025761124121772,0.0,0.2571428571428571,0.0,49.5,60.76,-15.0,-0.83
total_box,2005,7,27,2005,7,2005-02-14,27,53.600098861851855,-6.817084611333333,0.0202020202020202,0.7856341189674522,9.107468123861556,0.0,0.2222222222222222,0.0,49.5,60.76,-15.0,-0.83
total_box,2005,9,21,2005,9,2005-02-28,21,54.46451319238095,-4.128095190904762,0.06385281385281384,1.4430014430014433,351.2880562060891,0.0,0.6190476190476191,0.0,49.5,60.76,-15.0,-0.83
total_box,2005,10,66,2005,10,2005-03-07,66,54.76816868666666,-6.410172681212122,0.08884297520661152,4.224058769513314,496.7709885742673,15.495867768595046,0.8333333333333334,0.04654608414771015,49.5,60.76,-15.0,-0.83
total_box,2005,11,2,2005,11,2005-03-14,2,49.75825195,-2.9811353045,0.045454545454545456,0.0,778.688524590165,170.4545454545455,1.0,0.21889952153110023,49.5,60.76,-15.0,-0.83
total_box,2005,13,11,2005,13,2005-03-28,11,51.38825646636364,-6.208790912,0.25206611570247933,130.16528925619838,1661.6989567809235,61.98347107438018,1.1818181818181819,0.01267643013566927,49.5,60.76,-15.0,-0.83
total_box,2005,14,36,2005,14,2005-04-04,36,55.123947595833336,-3.3001876901944445,0.6464646464646465,16.07744107744107,1659.8360655737706,9.469696969696972,2.5277777777777777,0.046212121212121274,49.5,60.76,-15.0,-0.83
total_box,2005,15,17,2005,15,2005-04-11,17,55.477652037058824,-3.009014249294118,0.6804812834224594,23.44028520499109,1166.8273866923817,40.10695187165776,1.7647058823529411,0.036152097902098015,49.5,60.76,-15.0,-0.83
total_box,2005,16,27,2005,16,2005-04-18,27,51.13747860037037,-8.452599871851852,1.1085858585858588,82.54769921436589,2030.9653916211294,1094.2760942760935,2.1481481481481484,1.334383790674724,49.5,60.76,-15.0,-0.83
total_box,2005,18,42,2005,18,2005-05-02,42,56.11364271357142,-5.525455856142857,0.6152597402597402,18.36219336219337,4117.876658860264,186.68831168831156,2.892857142857143,0.028301736336142188,49.5,60.76,-15.0,-0.83
total_box,2005,19,35,2005,19,2005-05-09,35,53.98356049971429,-6.560507420514286,1.2032467532467535,30.692640692640694,1505.8548009367664,191.55844155844125,1.5142857142857142,0.14835141184572997,49.5,60.76,-15.0,-0.83
total_box,2005,20,17,2005,20,2005-05-16,17,51.01168165058824,-5.51821354882353,0.08422459893048125,36.00713012477718,1485.0530376084855,721.9251336898394,2.5,0.38627450464746027,49.5,60.76,-15.0,-0.83
total_box,2005,21,6,2005,21,2005-05-23,6,57.703453233333335,-2.5273614673333333,0.0,0.505050505050505,81.96721311475416,56.818181818181834,1.6666666666666667,0.6931818181818178,49.5,60.76,-15.0,-0.83
total_box,2005,22,32,2005,22,2005-05-30,32,51.2551602678125,-6.44956749646875,0.3394886363636361,16.05113636363637,1249.9999999999998,333.8068181818182,1.828125,0.35793387955072725,49.5,60.76,-15.0,-0.83
total_box,2005,24,45,2005,24,2005-06-13,45,55.80851264066666,-6.5345915757111115,1.4550505050505045,84.07407407407409,841.5300546448084,770.20202020202,1.5,1.0258455601981744,49.5,60.76,-15.0,-0.83
total_box,2005,25,12,2005,25,2005-06-20,12,56.406431410833335,-1.8123474967500002,1.6249999999999998,70.07575757575755,3005.464480874316,151.51515151515167,1.7916666666666667,0.6721763085399464,49.5,60.76,-15.0,-0.83
total_box,2005,26,12,2005,26,2005-06-27,12,49.89995897166667,-4.216926776,0.11742424242424232,10.858585858585863,997.2677595628414,1761.3636363636367,4.166666666666667,1.7625313078187426,49.5,60.76,-15.0,-0.83
total_box,2005,27,15,2005,27,2005-07-04,15,55.933533528666665,-10.3640147242,0.02878787878787876,18.58585858585859,2202.1857923497273,3007.575757575757,1.8666666666666667,2.1308767829074133,49.5,60.76,-15.0,-0.83
total_box,2005,28,44,2005,28,2005-07-11,44,54.815571084999995,-4.649600300727273,0.3471074380165288,18.422865013774114,1250.0,836.7768595041324,1.6931818181818181,0.9686424254931426,49.5,60.76,-15.0,-0.83
total_box,2005,30,26,2005,30,2005-07-25,26,53.09776830461538,-7.8558704905,0.05419580419580414,32.63403263403266,1724.4640605296347,1634.615384615385,2.826923076923077,1.2548096512335596,49.5,60.76,-15.0,-0.83
total_box,2005,32,23,2005,32,2005-08-08,23,58.005935094782615,-1.7825817108695652,0.3003952569169959,28.78787878787878,1040.6272273699221,439.7233201581031,3.9565217391304346,0.6026519561337912,49.5,60.76,-15.0,-0.83
total_box,2005,33,7,2005,33,2005-08-15,7,53.53852132142857,-4.689527784142856,0.012987012987012986,29.65367965367965,105.38641686182658,162.3376623376623,1.1428571428571428,1.078282828282829,49.5,60.76,-15.0,-0.83
total_box,2005,34,16,2005,34,2005-08-22,16,49.950126648125,-3.52134323125,0.5980113636363635,15.34090909090909,286.8852459016397,596.5909090909088,1.3125,2.1992018398268365,49.5,60.76,-15.0,-0.83
total_box,2005,35,27,2005,35,2005-08-29,27,51.41493974740741,-5.5685058877037035,0.23316498316498283,19.921436588103276,245.90163934426224,382.99663299663297,1.2222222222222223,1.1539026629935714,49.5,60.76,-15.0,-0.83
total_box,2005,36,37,2005,36,2005-09-05,37,57.49628389378378,-6.585560511675676,0.12100737100737097,36.97788697788696,440.85068675232594,282.5552825552826,2.081081081081081,1.4433687200956964,49.5,60.76,-15.0,-0.83
total_box,2005,37,16,2005,37,2005-09-12,16,56.416910808125,-2.913057915375,0.3125,24.242424242424267,414.95901639344265,63.92045454545456,1.5,0.18348930481283446,49.5,60.76,-15.0,-0.83
total_box,2005,38,14,2005,38,2005-09-19,14,49.969780331428574,-3.706415748571428,0.12337662337662325,27.59740259740257,1141.6861826697884,300.32467532467547,1.1428571428571428,0.2478338574397693,49.5,60.76,-15.0,-0.83
total_box,2005,40,13,2005,40,2005-10-03,13,57.67715094076924,-2.070833568076923,0.34965034965034947,16.550116550116563,472.88776796973536,131.11888111888086,1.0769230769230769,0.5198863636363626,49.5,60.76,-15.0,-0.83
total_box,2005,41,15,2005,41,2005-10-10,15,55.06909016866667,-2.426268310533333,0.6727272727272731,22.82828282828283,480.8743169398911,409.0909090909093,2.0,0.6419578560726885,49.5,60.76,-15.0,-0.83
total_box,2005,42,31,2005,42,2005-10-17,31,53.779714933225804,-7.967146448903226,0.024193548387096763,4.545454545454548,171.86673717609713,597.5073313782991,0.1935483870967742,3.020487525295219,49.5,60.76,-15.0,-0.83
total_box,2005,44,2,2005,44,2005-10-31,2,57.670070394999996,-1.1846090950000001,0.04545454545454545,3.03030303030303,0.0,0.0,0.0,,49.5,60.76,-15.0,-0.83
total_box,2005,45,18,2005,45,2005-11-07,18,55.030612068888885,-3.1254496750555556,0.040404040404040414,4.4612794612794655,191.25683060109262,18.939393939393945,0.16666666666666666,0.23106060606060638,49.5,60.76,-15.0,-0.83
total_box,2005,46,26,2005,46,2005-11-14,26,57.31031885346154,-4.545829298576923,0.215034965034965,7.400932400932406,56.74653215636816,96.15384615384626,0.19230769230769232,1.0012626262626292,49.5,60.76,-15.0,-0.83
total_box,2005,47,6,2005,47,2005-11-21,6,50.20800781333333,-2.7463050206666666,0.03409090909090903,3.282828282828292,0.0,0.0,1.0,,49.5,60.76,-15.0,-0.83
total_box,2005,49,26,2005,49,2005-12-05,26,53.90183966269231,-7.348902907346154,0.19667832167832164,7.4009324009323985,126.10340479192935,26.22377622377623,0.5,0.15404040404040426,49.5,60.76,-15.0,-0.83
total_box,2005,50,49,2005,50,2005-12-12,49,55.18462802551021,-6.216154832632652,0.14703153988868267,4.1434755720470005,55.2024088323854,20.87198515769939,0.14285714285714285,0.25994318181818094,49.5,60.76,-15.0,-0.83
total_box,2005,52,12,2005,52,2005-12-26,12,50.696071085,-5.936243874416667,1.0549242424242435,17.55050505050505,225.40983606557373,28.409090909090917,1.0,0.08664772727272732,49.5,60.76,-15.0,-0.83
total_box,2006,1,2,2006,1,2006-01-02,2,52.71791667,-5.9041666665,0.727272727272727,3.03030303030303,122.950819672131,0.0,1.0,0.0,49.5,60.76,-15.0,-0.83
total_box,2006,2,26,2006,2,2006-01-09,26,56.92385897538462,-4.255698717961538,0.14860139860139865,3.263403263403267,18.915510718789385,0.0,0.23076923076923078,0.0,49.5,60.76,-15.0,-0.83
total_box,2006,3,32,2006,3,2006-01-16,32,54.19741666625,-6.449192708625,0.19815340909090912,2.604166666666667,15.368852459016376,0.0,0.0,0.0,49.5,60.76,-15.0,-0.83
total_box,2006,6,60,2006,6,2006-02-06,60,55.28574444433333,-5.44649444435,0.06931818181818182,2.424242424242424,109.28961748633877,5.681818181818183,0.06666666666666667,0.0,49.5,60.76,-15.0,-0.83
total_box,2006,8,18,2006,8,2006-02-20,18,52.146129629444445,-5.717888888944445,0.03282828282828282,0.33670033670033667,81.96721311475406,0.0,1.0555555555555556,0.0,49.5,60.76,-15.0,-0.83
total_box,2006,10,37,2006,10,2006-03-06,37,57.11096846837838,-3.3443918918918922,0.01412776412776411,1.8018018018018018,633.5844040762071,9.213759213759216,0.918918918918919,0.08664772727272739,49.5,60.76,-15.0,-0.83
total_box,2006,12,16,2006,12,2006-03-20,16,51.980895833125004,-4.7030625000625,0.30113636363636387,5.39772727272728,558.4016393442628,0.0,1.125,0.0,49.5,60.76,-15.0,-0.83
total_box,2006,13,16,2006,13,2006-03-27,16,50.916125,-10.909260415,0.23011363636363644,5.0189393939393945,1895.4918032786877,42.613636363636374,1.0,0.03090346186321417,49.5,60.76,-15.0,-0.83
total_box,2006,14,51,2006,14,2006-04-03,51,54.1911797382353,-6.274624182921568,0.0962566844919786,7.070707070707071,2507.2324011571845,62.38859180035651,1.5294117647058822,0.04234268784376543,49.5,60.76,-15.0,-0.83
total_box,2006,15,35,2006,15,2006-04-10,35,53.574209524,-6.545709523799999,0.15194805194805178,8.961038961038964,7327.868852459015,48.70129870129871,3.1142857142857143,0.005276276394200409,49.5,60.76,-15.0,-0.83
total_box,2006,16,16,2006,16,2006-04-17,16,51.236052083749996,-5.12728125,0.20312500000000003,33.90151515151517,2013.3196721311472,21.306818181818187,0.8125,0.02166193181818175,49.5,60.76,-15.0,-0.83
total_box,2006,17,5,2006,17,2006-04-24,5,49.860966668,-4.1132666667999995,0.3863636363636362,55.75757575757574,12442.622950819676,363.63636363636436,2.9,0.04352086883997541,49.5,60.76,-15.0,-0.83
total_box,2006,18,22,2006,18,2006-05-01,22,53.701348484545456,-8.368681817318182,0.07231404958677683,22.451790633608816,7365.871833084949,46.487603305785136,2.2045454545454546,0.02078777240783091,49.5,60.76,-15.0,-0.83
total_box,2006,19,27,2006,19,2006-05-08,27,54.49324691333333,-3.3108518518148147,0.38215488215488175,74.85970819304151,1432.90831815422,694.4444444444448,1.8888888888888888,0.8275495416519054,49.5,60.76,-15.0,-0.83
total_box,2006,20,32,2006,20,2006-05-15,32,57.2936562496875,-5.50922395846875,0.14204545454545442,31.15530303030305,1926.2295081967206,245.02840909090932,1.59375,0.15824016803216293,49.5,60.76,-15.0,-0.83
total_box,2006,21,6,2006,21,2006-05-22,6,51.65902777833333,-5.5368055555,0.15909090909090878,16.91919191919191,2103.8251366120235,3030.30303030303,1.6666666666666667,2.782969665138779,49.5,60.76,-15.0,-0.83
total_box,2006,22,9,2006,22,2006-05-29,9,50.03561111111111,-3.479944444555555,0.12373737373737363,12.121212121212132,464.48087431693966,845.9595959595964,1.2222222222222223,2.737485933606627,49.5,60.76,-15.0,-0.83
total_box,2006,23,27,2006,23,2006-06-05,27,54.2465802474074,-3.708456790148148,0.8602693602693594,51.010101010101,1599.878567091682,471.3804713804718,1.7037037037037037,0.6527255644800167,49.5,60.76,-15.0,-0.83
total_box,2006,24,42,2006,24,2006-06-12,42,56.67763095238096,-6.566424602952382,2.1017316017316,68.90331890331893,345.43325526932085,175.86580086580094,1.4642857142857142,0.8752295684113874,49.5,60.76,-15.0,-0.83
total_box,2006,25,4,2006,25,2006-06-19,4,49.886041665,-4.1370833332500005,0.261363636363636,18.18181818181819,2254.0983606557375,10426.13636363637,2.0,10.212476243268936,49.5,60.76,-15.0,-0.83
total_box,2006,27,41,2006,27,2006-07-03,41,54.88841463414634,-6.510247967243902,0.6568736141906872,26.977087952697723,339.8640543782487,1263.858093126386,1.2926829268292683,3.44621674621675,49.5,60.76,-15.0,-0.83
total_box,2006,28,29,2006,28,2006-07-10,29,56.534931034137934,-4.242270114931034,0.9427899686520373,48.38035527690704,963.8213680045221,528.9968652037624,1.5,1.1137650679341553,49.5,60.76,-15.0,-0.83
total_box,2006,31,19,2006,31,2006-07-31,19,52.678868420526314,-5.02521929831579,0.18779904306220085,72.56778309409891,418.46419327006043,466.50717703349295,1.3157894736842106,1.872226369886799,49.5,60.76,-15.0,-0.83
total_box,2006,32,8,2006,32,2006-08-07,8,58.60029166625,-1.4680625,0.6477272727272727,16.09848484848485,2889.3442622950824,866.4772727272718,4.0,0.35530825373186087,49.5,60.76,-15.0,-0.83
total_box,2006,33,16,2006,33,2006-08-14,16,55.068187499375,-10.0131041675,0.0838068181818181,30.77651515151516,2131.1475409836066,1015.625000000001,1.1875,0.757529128583629,49.5,60.76,-15.0,-0.83
total_box,2006,34,14,2006,34,2006-08-21,14,57.08042857214286,-6.343678571571429,0.15422077922077926,13.636363636363646,398.1264637002337,1810.0649350649367,1.75,10.455492424242449,49.5,60.76,-15.0,-0.83
total_box,2006,35,9,2006,35,2006-08-28,9,50.036500000000004,-3.476074073888889,0.25505050505050486,14.309764309764315,1484.5173041894361,1565.6565656565663,4.166666666666667,3.5813808085930288,49.5,60.76,-15.0,-0.83
total_box,2006,36,41,2006,36,2006-09-04,41,57.024727641707315,-6.801439024560976,0.1280487804878048,16.51884700665189,453.81847261095567,751.1086474501105,1.451219512195122,1.595967169347711,49.5,60.76,-15.0,-0.83
total_box,2006,37,1,2006,37,2006-09-11,1,57.3985,-0.972166667,0.795454545454545,59.0909090909091,0.0,340.909090909091,1.0,,49.5,60.76,-15.0,-0.83
total_box,2006,38,24,2006,38,2006-09-18,24,53.9881875,-3.7339027776666662,0.20738636363636365,19.6969696969697,635.245901639344,383.5227272727271,2.0208333333333335,0.584913816652099,49.5,60.76,-15.0,-0.83
total_box,2006,39,8,2006,39,2006-09-25,8,49.845125,-4.009875,0.07386363636363624,38.63636363636367,614.7540983606563,1292.6136363636351,3.125,5.846658549783551,49.5,60.76,-15.0,-0.83
total_box,2006,40,11,2006,40,2006-10-02,11,57.872772727272725,-3.5161515150909093,0.0867768595041321,6.473829201101925,1058.1222056631896,805.7851239669424,1.6818181818181819,3.5273404517309364,49.5,60.76,-15.0,-0.83
total_box,2006,41,15,2006,41,2006-10-09,15,56.201455556666666,-2.9966888889333334,0.2803030303030303,10.303030303030306,322.40437158469933,303.0303030303028,0.5333333333333333,0.498136731689363,49.5,60.76,-15.0,-0.83
total_box,2006,42,17,2006,42,2006-10-16,17,50.71708823529412,-5.467039215705882,0.21657754010695177,22.459893048128343,202.50723240115718,207.21925133689837,0.29411764705882354,1.054214015151515,49.5,60.76,-15.0,-0.83
total_box,2006,43,10,2006,43,2006-10-23,10,50.058766667,-3.7586500000000003,0.1545454545454545,10.000000000000016,663.9344262295084,136.3636363636364,1.3,0.7648902821316623,49.5,60.76,-15.0,-0.83
total_box,2006,45,11,2006,45,2006-11-06,11,50.31142424272728,-4.809,0.16735537190082603,8.953168044077136,89.41877794336818,61.98347107438018,0.18181818181818182,0.6931818181818178,49.5,60.76,-15.0,-0.83
total_box,2006,46,43,2006,46,2006-11-13,43,53.627666666976744,-6.201329457534883,0.3076109936575051,5.355884425651871,28.59321387723977,23.784355179704022,0.3023255813953488,0.5545454545454553,49.5,60.76,-15.0,-0.83
total_box,2006,47,16,2006,47,2006-11-20,16,54.2604375,-2.64311458325,0.5440340909090907,11.363636363636365,0.0,0.0,0.5,,49.5,60.76,-15.0,-0.83
total_box,2006,49,27,2006,49,2006-12-04,27,53.82712345703704,-4.0157098765925925,0.20707070707070685,3.3670033670033663,36.429872495446254,12.62626262626263,0.7407407407407407,0.0,49.5,60.76,-15.0,-0.83
total_box,2006,50,28,2006,50,2006-12-11,28,57.60498809535714,-4.457017857107142,0.04464285714285708,0.8658008658008657,17.56440281030443,0.0,0.2857142857142857,0.0,49.5,60.76,-15.0,-0.83
total_box,2006,52,14,2006,52,2006-12-25,14,55.837166665714285,-10.973630951642857,0.006493506493506486,0.21645021645021642,17.56440281030443,0.0,0.0,0.0,49.5,60.76,-15.0,-0.83
total_box,2007,1,14,2007,1,2007-01-01,14,51.27883300857143,-5.130357179142857,0.15422077922077923,3.4632034632034663,17.56440281030443,0.0,0.14285714285714285,0.0,49.5,60.76,-15.0,-0.83
total_box,2007,3,8,2007,3,2007-01-15,8,54.45852152375,-3.9821042061250003,0.01704545454545455,0.37878787878787873,0.0,0.0,0.0,,49.5,60.76,-15.0,-0.83
total_box,2007,4,50,2007,4,2007-01-22,50,57.0084733076,-5.64661999274,0.01999999999999999,0.484848484848485,14.754098360655721,0.0,0.14,0.0,49.5,60.76,-15.0,-0.83
total_box,2007,5,11,2007,5,2007-01-29,11,51.247226045454546,-6.431393895090909,0.44628099173553726,3.7190082644628064,22.354694485842,0.0,1.0,0.0,49.5,60.76,-15.0,-0.83
total_box,2007,6,27,2007,6,2007-02-05,27,57.004098849629635,-3.870024678777778,0.02609427609427606,0.2805836139169474,18.214936247723113,0.0,0.1111111111111111,0.0,49.5,60.76,-15.0,-0.83
total_box,2007,7,36,2007,7,2007-02-12,36,54.554847435,-5.891268504277778,0.12500000000000017,1.2626262626262643,179.87249544626604,18.939393939393945,0.19444444444444445,0.09392707563439273,49.5,60.76,-15.0,-0.83
total_box,2007,8,3,2007,8,2007-02-19,3,49.82527805,-4.127444458333334,0.007575757575757566,1.01010101010101,0.0,0.0,1.0,,49.5,60.76,-15.0,-0.83
total_box,2007,10,22,2007,10,2007-03-05,22,55.04150760545454,-8.380689442227272,0.0103305785123967,0.6887052341597786,0.0,0.0,0.3181818181818182,,49.5,60.76,-15.0,-0.83
total_box,2007,11,11,2007,11,2007-03-12,11,56.247150952727274,-2.154878778090909,0.037190082644628045,12.258953168044075,543.9642324888223,123.96694214876037,0.9090909090909091,0.2155318365844685,49.5,60.76,-15.0,-0.83
total_box,2007,14,26,2007,14,2007-04-02,26,57.71092278961539,-4.570358983076923,0.47115384615384603,17.42424242424243,3136.8221941992456,26.22377622377623,1.3076923076923077,0.0748321280991736,49.5,60.76,-15.0,-0.83
total_box,2007,15,25,2007,15,2007-04-09,25,52.1136134452,-4.96253331508,0.34636363636363654,41.212121212121204,2308.1967213114767,236.36363636363612,1.86,0.07239917937107729,49.5,60.76,-15.0,-0.83
total_box,2007,16,21,2007,16,2007-04-16,21,56.61187337238095,-7.570618983333334,0.21428571428571408,17.53246753246753,7665.886026541763,395.0216450216455,3.9285714285714284,0.7082103451654428,49.5,60.76,-15.0,-0.83
total_box,2007,17,1,2007,17,2007-04-23,1,55.37666829,-7.227666728,0.0,0.0,15655.737704918,0.0,6.5,0.0,49.5,60.76,-15.0,-0.83
total_box,2007,18,21,2007,18,2007-04-30,21,58.72823001857143,-4.345515884047619,0.6450216450216449,88.16738816738817,202.96643247462885,395.0216450216446,1.2380952380952381,0.4043560606060609,49.5,60.76,-15.0,-0.83
total_box,2007,19,43,2007,19,2007-05-07,43,54.54239530348837,-6.478976759651164,0.38636363636363596,27.237491190979554,558.5207777354171,190.27484143763215,1.558139534883721,0.15438654920949485,49.5,60.76,-15.0,-0.83
total_box,2007,20,4,2007,20,2007-05-14,4,49.882832844999996,-4.0909999845,0.18181818181818155,268.9393939393939,881.1475409836057,0.0,1.5,0.0,49.5,60.76,-15.0,-0.83
total_box,2007,21,2,2007,21,2007-05-21,2,57.279665120000004,-1.539083354,0.25,35.6060606060606,0.0,0.0,0.0,,49.5,60.76,-15.0,-0.83
total_box,2007,23,16,2007,23,2007-06-04,16,49.962229155625,-4.6051666816875,0.37642045454545386,44.88636363636364,2187.500000000002,113.63636363636387,1.53125,0.18981176056647794,49.5,60.76,-15.0,-0.83
total_box,2007,24,44,2007,24,2007-06-11,44,57.02814035090909,-3.670291667977273,0.9220041322314049,97.45179063360884,430.327868852459,201.44628099173553,1.2045454545454546,0.3968923620239419,49.5,60.76,-15.0,-0.83
total_box,2007,25,14,2007,25,2007-06-18,14,55.08717825857143,-11.200130898928572,0.0,1.9480519480519494,608.8992974238881,146.10389610389592,0.6428571428571429,0.25994318181818094,49.5,60.76,-15.0,-0.83
total_box,2007,26,5,2007,26,2007-06-25,5,52.231433106,-5.2973999026000005,0.0,0.0,983.6065573770491,159.090909090909,2.0,0.32348484848484804,49.5,60.76,-15.0,-0.83
total_box,2007,27,18,2007,27,2007-07-02,18,50.39914776777778,-4.2802407935555555,0.0946969696969696,15.740740740740724,1457.1948998178514,176.76767676767662,1.8611111111111112,0.21632239450580518,49.5,60.76,-15.0,-0.83
total_box,2007,28,51,2007,28,2007-07-09,51,56.82883332705882,-5.766261459862745,0.30882352941176466,40.3446226975639,1607.2002571520406,211.67557932263813,1.7549019607843137,0.21763887828230755,49.5,60.76,-15.0,-0.83
total_box,2007,29,4,2007,29,2007-07-16,4,49.8839172375,-4.08891658775,1.9659090909090913,53.4090909090909,450.8196721311475,340.90909090909025,0.0,1.5844155844155823,49.5,60.76,-15.0,-0.83
total_box,2007,30,2,2007,30,2007-07-23,2,57.368499755,-1.552833366,0.0681818181818182,8.33333333333335,368.8524590163935,0.0,2.0,0.0,49.5,60.76,-15.0,-0.83
total_box,2007,31,18,2007,31,2007-07-30,18,51.76012934888889,-4.042888895611111,0.14393939393939387,34.84848484848487,400.7285974499096,429.2929292929298,1.2222222222222223,0.6443036130536126,49.5,60.76,-15.0,-0.83
total_box,2007,32,9,2007,32,2007-08-06,9,58.663629828888894,-1.458537024,0.20959595959595936,20.70707070707069,992.7140255009112,340.9090909090907,4.5,0.3873663101604273,49.5,60.76,-15.0,-0.83
total_box,2007,33,14,2007,33,2007-08-13,14,51.23326154357142,-4.211059506642857,0.20779220779220747,51.83982683982676,925.0585480093675,1558.4415584415585,2.392857142857143,1.6655248397435873,49.5,60.76,-15.0,-0.83
total_box,2007,34,41,2007,34,2007-08-20,41,56.625719619512196,-6.478808939439024,0.09645232815964516,7.021433850702141,1177.528988404638,102.54988913525507,1.7317073170731707,0.06548860993248577,49.5,60.76,-15.0,-0.83
total_box,2007,35,7,2007,35,2007-08-27,7,49.962047760000004,-3.2620952788571427,0.07467532467532464,22.077922077922086,175.6440281030444,308.4415584415588,1.4285714285714286,2.021780303030308,49.5,60.76,-15.0,-0.83
total_box,2007,36,30,2007,36,2007-09-03,30,58.675377739000005,-3.676011110966667,0.33409090909090866,14.292929292929301,1647.5409836065592,94.69696969696973,2.4,0.03739995361839939,49.5,60.76,-15.0,-0.83
total_box,2007,37,31,2007,37,2007-09-10,31,53.35431708903226,-7.67259145316129,0.11730205278592372,21.16324535679377,428.3447911158113,1180.3519061583588,1.2258064516129032,2.2237864677116725,49.5,60.76,-15.0,-0.83
total_box,2007,38,9,2007,38,2007-09-17,9,52.684000652222224,-4.344481461222222,0.45454545454545375,27.94612794612797,364.29872495446284,75.75757575757578,1.1111111111111112,0.08755980861244009,49.5,60.76,-15.0,-0.83
total_box,2007,39,9,2007,39,2007-09-24,9,50.03475929555556,-3.45927781,0.0075757575757575656,3.3670033670033654,54.644808743169335,0.0,1.0,0.0,49.5,60.76,-15.0,-0.83
total_box,2007,40,39,2007,40,2007-10-01,39,56.924551261794875,-4.193269214564102,0.2668997668997668,19.813519813519825,1231.609920134509,224.3589743589743,1.4615384615384615,0.5405920113727645,49.5,60.76,-15.0,-0.83
total_box,2007,41,14,2007,41,2007-10-08,14,52.74925769714286,-4.1208608355714285,0.07305194805194795,5.303030303030305,485.9484777517561,73.05194805194807,0.7142857142857143,0.06947052947052966,49.5,60.76,-15.0,-0.83
total_box,2007,43,23,2007,43,2007-10-22,23,53.13799182,-8.193475624130434,0.07015810276679847,4.8089591567852485,156.80684248039898,74.1106719367589,1.391304347826087,0.106643356643357,49.5,60.76,-15.0,-0.83
total_box,2007,45,7,2007,45,2007-11-05,7,53.11698986428571,-2.9661793574285715,0.12337662337662327,3.6796536796536787,0.0,0.0,1.1428571428571428,,49.5,60.76,-15.0,-0.83
total_box,2007,46,30,2007,46,2007-11-12,30,57.59781521266667,-2.6600326813666664,0.10454545454545452,1.262626262626263,76.502732240437,11.363636363636367,0.5333333333333333,0.0533216783216785,49.5,60.76,-15.0,-0.83
total_box,2007,47,8,2007,47,2007-11-19,8,53.530974326249996,-4.54919455825,0.008522727272727262,0.0,61.47540983606562,0.0,1.25,0.0,49.5,60.76,-15.0,-0.83
total_box,2007,49,11,2007,49,2007-12-03,11,58.39438883454545,-1.4765269538181818,0.06198347107438015,0.68870523415978,0.0,0.0,0.09090909090909091,,49.5,60.76,-15.0,-0.83
total_box,2007,50,26,2007,50,2007-12-10,26,56.67569783576923,-4.15366410223077,0.24999999999999994,2.6223776223776243,0.0,0.0,0.07692307692307693,,49.5,60.76,-15.0,-0.83
total_box,2008,2,36,2008,2,2008-01-07,36,57.06143101916666,-3.174842791638889,0.02967171717171717,1.0521885521885517,0.0,0.0,0.8333333333333334,,49.5,60.76,-15.0,-0.83
total_box,2008,3,7,2008,3,2008-01-14,7,53.551192854285716,-4.614022143,0.019480519480519428,0.8658008658008657,0.0,0.0,1.0,,49.5,60.76,-15.0,-0.83
total_box,2008,4,15,2008,4,2008-01-21,15,51.282278888,-11.254755111533333,0.09999999999999994,3.3333333333333313,0.0,0.0,0.0,,49.5,60.76,-15.0,-0.83
total_box,2008,6,27,2008,6,2008-02-04,27,57.093370370370366,-3.924740740740741,0.04292929292929291,0.22446689113355778,36.429872495446226,0.0,0.7777777777777778,0.0,49.5,60.76,-15.0,-0.83
total_box,2008,7,31,2008,7,2008-02-11,31,55.77329032258064,-6.42641935483871,0.06744868035190614,1.0752688172043008,7.932310946589097,69.64809384164231,0.1935483870967742,0.0,49.5,60.76,-15.0,-0.83
total_box,2008,8,6,2008,8,2008-02-18,6,49.77533333333333,-3.0286666666666666,0.34469696969696967,4.797979797979802,300.54644808743114,56.818181818181834,0.3333333333333333,0.2310606060606061,49.5,60.76,-15.0,-0.83
total_box,2008,10,4,2008,10,2008-03-03,4,49.8455,-3.9435,0.0340909090909091,6.06060606060606,266.3934426229508,0.0,0.25,0.0,49.5,60.76,-15.0,-0.83
total_box,2008,11,19,2008,11,2008-03-10,19,54.86794736842105,-2.744842105263158,0.022727272727272742,2.5518341307815016,280.4141501294219,0.0,0.42105263157894735,0.0,49.5,60.76,-15.0,-0.83
total_box,2008,12,26,2008,12,2008-03-17,26,57.52915384615385,-3.7749615384615387,0.045454545454545456,4.545454545454546,438.20933165195436,0.0,1.0192307692307692,0.0,49.5,60.76,-15.0,-0.83
total_box,2008,13,14,2008,13,2008-03-24,14,51.30192857142857,-11.120928571428573,0.24025974025974037,11.255411255411259,169.78922716627656,24.350649350649356,0.42857142857142855,0.0,49.5,60.76,-15.0,-0.83
total_box,2008,14,2,2008,14,2008-03-31,2,57.3445,-1.285,0.17045454545454558,4.545454545454545,573.77049180328,0.0,1.0,0.0,49.5,60.76,-15.0,-0.83
total_box,2008,15,22,2008,15,2008-04-07,22,54.60763636363636,-2.8892272727272728,0.2169421487603306,12.809917355371907,2462.7421758569294,15.495867768595046,1.0,0.0060276679841897276,49.5,60.76,-15.0,-0.83
total_box,2008,16,22,2008,16,2008-04-14,22,50.75372727272727,-8.335818181818182,0.5485537190082641,17.424242424242422,3036.5126676602085,185.95041322314026,2.1818181818181817,0.049313083321233755,49.5,60.76,-15.0,-0.83
total_box,2008,18,20,2008,18,2008-04-28,20,58.67635,-4.188750000000001,0.7431818181818179,31.969696969696976,3680.327868852458,107.95454545454531,1.55,0.016861763065412712,49.5,60.76,-15.0,-0.83
total_box,2008,19,14,2008,19,2008-05-05,14,56.80228571428571,-2.7770714285714284,0.15584415584415592,27.922077922077943,2482.435597189696,600.6493506493508,2.0,0.7634310134310157,49.5,60.76,-15.0,-0.83
total_box,2008,20,7,2008,20,2008-05-12,7,51.433,-4.066142857142857,0.14610389610389599,85.49783549783555,1744.7306791569088,48.70129870129871,3.0,0.03648325358851671,49.5,60.76,-15.0,-0.83
total_box,2008,21,11,2008,21,2008-05-19,11,51.20572727272727,-5.879090909090909,0.6549586776859505,34.02203856749309,737.7049180327882,134.297520661157,1.1818181818181819,0.34659090909090956,49.5,60.76,-15.0,-0.83
total_box,2008,23,15,2008,23,2008-06-02,15,50.8898,-4.4672,0.37878787878787895,33.93939393939392,1885.2459016393411,159.09090909090895,1.2666666666666666,0.26900280203388943,49.5,60.76,-15.0,-0.83
total_box,2008,24,37,2008,24,2008-06-09,37,57.13681081081081,-3.59454054054054,0.3101965601965601,38.902538902538936,562.693841382366,377.764127764128,1.337837837837838,1.5132776580459784,49.5,60.76,-15.0,-0.83
total_box,2008,27,22,2008,27,2008-06-30,22,51.05622727272728,-5.040772727272728,0.12190082644628095,31.61157024793387,1277.9433681073021,578.5123966942149,1.1363636363636365,0.6426061140063324,49.5,60.76,-15.0,-0.83
total_box,2008,28,43,2008,28,2008-07-07,43,57.51069767441861,-4.1128372093023255,1.0438689217758985,47.00493305144466,1366.7556233320627,71.35306553911207,2.116279069767442,0.14216053975868043,49.5,60.76,-15.0,-0.83
total_box,2008,29,4,2008,29,2008-07-14,4,49.8655,-4.16475,0.11363636363636342,36.74242424242425,2172.1311475409825,3693.18181818182,4.25,7.237922200210345,49.5,60.76,-15.0,-0.83
total_box,2008,31,30,2008,31,2008-07-28,30,52.525933333333334,-7.592233333333334,0.2477272727272726,29.494949494949505,284.15300546448094,678.0303030303031,1.0,1.986472323972325,49.5,60.76,-15.0,-0.83
total_box,2008,32,15,2008,32,2008-08-04,15,58.165733333333336,-3.0274666666666668,0.6515151515151515,44.74747474747472,896.1748633879773,98.48484848484873,1.5666666666666667,0.07160339660339687,49.5,60.76,-15.0,-0.83
total_box,2008,33,20,2008,33,2008-08-11,20,54.65755,-3.1843,0.4170454545454546,35.53030303030306,122.95081967213109,414.7727272727272,0.8,0.808712121212121,49.5,60.76,-15.0,-0.83
total_box,2008,34,10,2008,34,2008-08-18,10,55.184799999999996,-11.9442,0.08181818181818183,4.545454545454542,295.0819672131148,204.5454545454546,1.6,0.6546717171717172,49.5,60.76,-15.0,-0.83
total_box,2008,35,24,2008,35,2008-08-25,24,50.516041666666666,-5.45775,0.586174242424242,68.49747474747477,310.79234972677574,374.0530303030301,0.375,1.6703428846286008,49.5,60.76,-15.0,-0.83
total_box,2008,36,39,2008,36,2008-09-01,39,57.73089743589744,-4.334435897435897,0.25524475524475526,10.839160839160847,1155.9478772593527,110.72261072261074,2.4358974358974357,0.07231649184506161,49.5,60.76,-15.0,-0.83
total_box,2008,37,2,2008,37,2008-09-08,2,57.315,-1.3824999999999998,2.670454545454545,93.1818181818184,2459.016393442625,340.909090909091,1.0,0.13863636363636356,49.5,60.76,-15.0,-0.83
total_box,2008,38,4,2008,38,2008-09-15,4,49.7545,-3.8449999999999998,0.3124999999999998,95.83333333333326,0.0,0.0,0.75,,49.5,60.76,-15.0,-0.83
total_box,2008,39,11,2008,39,2008-09-22,11,49.93327272727272,-4.205363636363637,0.6053719008264463,36.088154269972456,156.4828614008942,196.28099173553744,0.45454545454545453,0.1155303030303031,49.5,60.76,-15.0,-0.83
total_box,2008,40,21,2008,40,2008-09-29,21,56.60133333333333,-7.340285714285714,0.2792207792207792,20.27417027417027,1014.8321623731466,357.142857142857,1.4047619047619047,0.8862152085114474,49.5,60.76,-15.0,-0.83
total_box,2008,41,14,2008,41,2008-10-06,14,53.00664285714286,-4.017214285714286,0.198051948051948,16.017316017316013,339.57845433255295,129.87012987013,1.2857142857142858,0.16678058783321936,49.5,60.76,-15.0,-0.83
total_box,2008,42,20,2008,42,2008-10-13,20,57.73785,-3.6590499999999997,0.2386363636363636,3.257575757575757,426.22950819672116,119.31818181818171,0.55,0.3597943722943724,49.5,60.76,-15.0,-0.83
total_box,2008,43,26,2008,43,2008-10-20,26,50.871538461538464,-8.116346153846154,0.3146853146853145,18.298368298368317,66.20428751576284,65.55944055944057,0.5,0.5941558441558449,49.5,60.76,-15.0,-0.83
total_box,2008,46,58,2008,46,2008-11-10,58,55.60977586206897,-5.269620689655172,0.13518808777429467,5.982236154649947,189.3725268513284,47.02194357366772,0.46551724137931033,0.18979978354978366,49.5,60.76,-15.0,-0.83
total_box,2008,47,28,2008,47,2008-11-17,28,51.25160714285715,-5.087821428571429,0.1509740259740259,26.406926406926395,17.56440281030443,24.350649350649356,0.42857142857142855,0.6931818181818191,49.5,60.76,-15.0,-0.83
total_box,2008,49,12,2008,49,2008-12-01,12,52.3105,-4.486,0.04356060606060607,2.6515151515151483,40.983606557377,0.0,0.16666666666666666,0.0,49.5,60.76,-15.0,-0.83
total_box,2008,50,23,2008,50,2008-12-08,23,58.70282608695652,-4.392,0.07707509881422923,6.389986824769443,10.691375623663566,0.0,0.6086956521739131,0.0,49.5,60.76,-15.0,-0.83
total_box,2008,51,24,2008,51,2008-12-15,24,50.81825,-4.720791666666667,0.07102272727272722,0.6313131313131316,40.983606557377044,0.0,0.5,0.0,49.5,60.76,-15.0,-0.83
total_box,2008,52,21,2008,52,2008-12-22,21,56.602666666666664,-7.316761904761904,0.0422077922077922,1.2987012987012991,0.0,0.0,0.38095238095238093,,49.5,60.76,-15.0,-0.83
total_box,2009,1,4,2009,1,2008-12-29,4,49.833,-4.11225,0.005681818181818175,0.0,122.95081967213125,0.0,1.0,0.0,49.5,60.76,-15.0,-0.83
total_box,2009,3,11,2009,3,2009-01-12,11,51.378181818181815,-3.1026363636363636,0.035123966942148734,0.68870523415978,0.0,0.0,0.7272727272727273,,49.5,60.76,-15.0,-0.83
total_box,2009,4,49,2009,4,2009-01-19,49,55.98471428571429,-5.881795918367346,0.03246753246753248,0.49474335188620916,10.036801605888245,6.9573283858998165,0.12244897959183673,0.0,49.5,60.76,-15.0,-0.83
total_box,2009,6,9,2009,6,2009-02-02,9,58.63344444444445,-1.482888888888889,0.005050505050505045,0.6734006734006744,0.0,0.0,0.0,,49.5,60.76,-15.0,-0.83
total_box,2009,7,34,2009,7,2009-02-09,34,51.983558823529414,-7.457352941176471,0.03008021390374332,0.71301247771836,21.69720347155253,0.0,0.38235294117647056,0.0,49.5,60.76,-15.0,-0.83
total_box,2009,8,22,2009,8,2009-02-16,22,58.751363636363635,-4.901454545454545,0.004132231404958677,0.4132231404958682,111.77347242921013,0.0,0.13636363636363635,0.0,49.5,60.76,-15.0,-0.83
total_box,2009,11,37,2009,11,2009-03-09,37,53.36675675675676,-4.015486486486487,0.004914004914004913,1.5970515970515973,912.7159946832066,18.427518427518432,0.918918918918919,0.012518763486255738,49.5,60.76,-15.0,-0.83
total_box,2009,12,25,2009,12,2009-03-16,25,57.31100000000001,-4.40836,0.08545454545454544,5.818181818181813,2268.852459016393,54.54545454545444,1.62,0.013756096844332119,49.5,60.76,-15.0,-0.83
total_box,2009,15,26,2009,15,2009-04-06,26,54.23246153846154,-2.9713076923076924,0.42220279720279713,20.920745920745915,6491.172761664565,52.44755244755246,2.4423076923076925,0.002373087484141204,49.5,60.76,-15.0,-0.83
total_box,2009,16,27,2009,16,2009-04-13,27,57.46685185185185,-5.035777777777778,0.23232323232323235,23.737373737373737,6821.493624772318,126.2626262626262,3.2222222222222223,0.0186528984727795,49.5,60.76,-15.0,-0.83
total_box,2009,17,11,2009,17,2009-04-20,11,51.03781818181819,-5.9830000000000005,1.4235537190082637,41.04683195592283,469.4485842026827,0.0,1.1818181818181819,0.0,49.5,60.76,-15.0,-0.83
total_box,2009,19,14,2009,19,2009-05-04,14,55.042142857142856,-2.514071428571429,0.5487012987012986,40.15151515151515,1557.3770491803282,73.05194805194807,2.6785714285714284,0.08211244678186823,49.5,60.76,-15.0,-0.83
total_box,2009,20,32,2009,20,2009-05-11,32,55.78490625,-3.60215625,0.2478693181818181,48.153409090909086,512.2950819672132,53.26704545454547,1.90625,0.10046258565995404,49.5,60.76,-15.0,-0.83
total_box,2009,23,12,2009,23,2009-06-01,12,49.92783333333333,-4.414583333333334,1.1837121212121215,39.64646464646464,2008.1967213114751,208.3333333333334,2.7083333333333335,0.05078656584823571,49.5,60.76,-15.0,-0.83
total_box,2009,24,31,2009,24,2009-06-08,31,58.121709677419354,-3.375677419354839,0.9134897360703811,37.292277614858236,848.7572712850331,32.991202346041064,1.7419354838709677,0.1066433566433568,49.5,60.76,-15.0,-0.83
total_box,2009,25,1,2009,25,2009-06-15,1,49.667,-3.265,0.795454545454545,109.090909090909,11147.5409836066,0.0,6.5,0.0,49.5,60.76,-15.0,-0.83
total_box,2009,27,23,2009,27,2009-06-29,23,50.829217391304354,-7.501130434782609,0.28952569169960485,25.16469038208169,702.0669992872422,1576.0869565217395,2.3260869565217392,2.792126423107287,49.5,60.76,-15.0,-0.83
total_box,2009,28,43,2009,28,2009-07-06,43,56.632581395348836,-3.470976744186047,0.4825581395348838,51.797040169133226,1246.664125047655,327.6955602536996,2.13953488372093,0.3652867520067711,49.5,60.76,-15.0,-0.83
total_box,2009,31,12,2009,31,2009-07-27,12,49.929249999999996,-4.4325833333333335,0.1287878787878787,22.0959595959596,915.3005464480884,672.3484848484844,1.25,1.1906841856060577,49.5,60.76,-15.0,-0.83
total_box,2009,32,21,2009,32,2009-08-03,21,58.66757142857143,-4.054190476190477,0.09415584415584417,23.953823953823964,698.672911787666,216.4502164502165,1.6666666666666667,0.3578486692482636,49.5,60.76,-15.0,-0.83
total_box,2009,33,21,2009,33,2009-08-10,21,54.6372380952381,-3.259809523809524,0.5909090909090908,27.344877344877347,663.544106167057,102.8138528138528,1.0238095238095237,0.18103979353979366,49.5,60.76,-15.0,-0.83
total_box,2009,35,23,2009,35,2009-08-24,23,50.440695652173915,-5.350739130434783,0.775691699604743,31.357048748353108,441.91019244476126,44.46640316205535,0.043478260869565216,0.05237373737373738,49.5,60.76,-15.0,-0.83
total_box,2009,36,2,2009,36,2009-08-31,2,57.295500000000004,-1.46,0.21590909090909086,10.6060606060606,1024.590163934426,170.4545454545455,1.0,0.09452479338842978,49.5,60.76,-15.0,-0.83
total_box,2009,37,11,2009,37,2009-09-07,11,54.114909090909094,-7.283818181818182,0.057851239669421455,11.983471074380164,327.8688524590167,1404.95867768595,1.9090909090909092,4.714736652236648,49.5,60.76,-15.0,-0.83
total_box,2009,38,42,2009,38,2009-09-14,42,56.975476190476186,-4.950666666666667,0.2792207792207791,17.60461760461761,866.5105386416861,533.008658008658,1.5833333333333333,0.5745900177538413,49.5,60.76,-15.0,-0.83
total_box,2009,39,23,2009,39,2009-09-21,23,50.4315652173913,-5.340739130434783,0.48913043478260854,52.437417654808975,1065.5737704918029,271.73913043478234,0.9130434782608695,0.3992847863537518,49.5,60.76,-15.0,-0.83
total_box,2009,40,2,2009,40,2009-09-28,2,57.373000000000005,-1.459,0.1704545454545455,15.151515151515149,368.8524590163935,0.0,1.5,0.0,49.5,60.76,-15.0,-0.83
total_box,2009,42,32,2009,42,2009-10-12,32,57.6039375,-3.4747500000000002,0.4204545454545454,14.393939393939414,274.0778688524589,127.84090909090904,0.9375,0.514257964257964,49.5,60.76,-15.0,-0.83
total_box,2009,43,37,2009,43,2009-10-19,37,51.030702702702705,-6.829378378378379,0.10687960687960688,5.159705159705162,99.68985378821444,55.282555282555215,0.8108108108108109,0.23106060606060622,49.5,60.76,-15.0,-0.83
total_box,2009,45,11,2009,45,2009-11-02,11,58.3890909090909,-1.462818181818182,0.0991735537190083,0.9641873278236918,89.41877794336808,0.0,1.0,0.0,49.5,60.76,-15.0,-0.83
total_box,2009,46,26,2009,46,2009-11-09,26,56.999346153846155,-3.8059230769230767,0.056818181818181816,0.5244755244755246,56.74653215636819,13.111888111888115,0.4230769230769231,0.13863636363636356,49.5,60.76,-15.0,-0.83
total_box,2009,47,5,2009,47,2009-11-16,5,49.775400000000005,-3.9334000000000002,0.00454545454545454,1.212121212121212,0.0,0.0,1.0,,49.5,60.76,-15.0,-0.83
total_box,2009,48,13,2009,48,2009-11-23,13,55.08092307692308,-11.061692307692308,0.07692307692307694,0.932400932400933,0.0,26.22377622377623,0.6153846153846154,,49.5,60.76,-15.0,-0.83
total_box,2009,49,10,2009,49,2009-11-30,10,54.218399999999995,-4.0482,0.0,0.151515151515152,24.5901639344262,0.0,0.0,0.0,49.5,60.76,-15.0,-0.83
total_box,2009,50,23,2009,50,2009-12-07,23,58.36586956521739,-3.882304347826087,0.06027667984189716,1.5151515151515154,32.074126870990696,0.0,0.5652173913043478,0.0,49.5,60.76,-15.0,-0.83
total_box,2009,51,13,2009,51,2009-12-14,13,49.72330769230769,-5.785769230769231,0.5402097902097901,4.545454545454543,18.915510718789385,0.0,0.07692307692307693,0.0,49.5,60.76,-15.0,-0.83
total_box,2009,52,17,2009,52,2009-12-21,17,50.996941176470585,-5.654823529411765,0.09625668449197858,0.5347593582887706,43.39440694310512,0.0,0.4117647058823529,0.0,49.5,60.76,-15.0,-0.83
total_box,2009,53,12,2009,53,2009-12-28,12,54.979000000000006,-11.027916666666668,0.01515151515151515,0.2525252525252525,0.0,0.0,0.16666666666666666,,49.5,60.76,-15.0,-0.83
total_box,2010,1,5,2010,1,2010-01-04,5,52.7984,-2.295,0.0818181818181816,0.0,0.0,0.0,0.6,,49.5,60.76,-15.0,-0.83
total_box,2010,2,18,2010,2,2010-01-11,18,51.333666666666666,-4.457166666666667,0.11742424242424249,1.515151515151515,27.32240437158472,0.0,0.05555555555555555,0.0,49.5,60.76,-15.0,-0.83
total_box,2010,3,20,2010,3,2010-01-18,20,58.69685,-4.2090000000000005,0.021590909090909088,0.0,0.0,0.0,0.0,,49.5,60.76,-15.0,-0.83
total_box,2010,4,9,2010,4,2010-01-25,9,57.99544444444445,-2.8125555555555555,0.0,0.1683501683501689,0.0,0.0,0.0,,49.5,60.76,-15.0,-0.83
total_box,2010,5,18,2010,5,2010-02-01,18,53.86738888888888,-8.04261111111111,0.15277777777777773,2.1885521885521886,13.661202185792334,0.0,0.05555555555555555,0.0,49.5,60.76,-15.0,-0.83
total_box,2010,6,23,2010,6,2010-02-08,23,52.453086956521744,-3.743391304347826,0.010869565217391299,2.5032938076416364,117.60513186029934,0.0,0.21739130434782608,0.0,49.5,60.76,-15.0,-0.83
total_box,2010,7,30,2010,7,2010-02-15,30,54.96413333333333,-4.2706333333333335,0.024242424242424253,2.3737373737373733,885.2459016393434,0.0,0.23333333333333334,0.0,49.5,60.76,-15.0,-0.83
total_box,2010,9,9,2010,9,2010-03-01,9,54.36644444444445,-3.9905555555555554,0.0,1.8518518518518523,0.0,37.87878787878789,0.0,,49.5,60.76,-15.0,-0.83
total_box,2010,10,30,2010,10,2010-03-08,30,52.62356666666667,-6.768833333333333,0.027272727272727244,2.4747474747474754,1543.715846994535,11.363636363636367,0.9,0.0,49.5,60.76,-15.0,-0.83
total_box,2010,11,21,2010,11,2010-03-15,21,50.63195238095238,-4.8403809523809525,0.09956709956709953,7.070707070707071,1530.054644808743,16.23376623376624,0.8571428571428571,0.01529077540106947,49.5,60.76,-15.0,-0.83
total_box,2010,13,20,2010,13,2010-03-29,20,58.6693,-4.1572499999999994,0.1284090909090909,4.696969696969697,4340.163934426231,51.13636363636365,0.85,0.014163009231389082,49.5,60.76,-15.0,-0.83
total_box,2010,14,27,2010,14,2010-04-05,27,51.50392592592593,-7.361185185185185,0.7946127946127938,13.355780022446693,1697.024893746205,404.04040404040455,2.0,0.22593901781543263,49.5,60.76,-15.0,-0.83
total_box,2010,15,19,2010,15,2010-04-12,19,58.31315789473685,-3.034736842105263,0.705741626794258,23.046251993620423,5698.87834339948,143.54066985645926,2.6578947368421053,0.02215038123850851,49.5,60.76,-15.0,-0.83
total_box,2010,16,8,2010,16,2010-04-19,8,54.644125,-2.7095,0.12215909090909077,12.12121212121212,2940.573770491802,383.522727272727,1.6875,0.26465217297597143,49.5,60.76,-15.0,-0.83
total_box,2010,17,10,2010,17,2010-04-26,10,51.1997,-6.468300000000001,0.2749999999999994,21.363636363636356,3311.4754098360618,636.3636363636367,1.2,0.29934607226997734,49.5,60.76,-15.0,-0.83
total_box,2010,18,2,2010,18,2010-05-03,2,57.311,-1.4409999999999998,0.01136363636363635,26.51515151515155,1680.3278688524595,2215.90909090909,2.0,1.2369710031347947,49.5,60.76,-15.0,-0.83
total_box,2010,19,48,2010,19,2010-05-10,48,56.20710416666666,-4.9716875,0.8768939393939394,51.35732323232324,976.7759562841529,300.6628787878787,1.25,0.2876586170752191,49.5,60.76,-15.0,-0.83
total_box,2010,20,6,2010,20,2010-05-17,6,51.72483333333333,-5.271,1.511363636363635,168.18181818181824,519.1256830601097,56.818181818181834,0.6666666666666666,0.05941558441558429,49.5,60.76,-15.0,-0.83
total_box,2010,21,10,2010,21,2010-05-24,10,51.1985,-6.4771,1.5704545454545467,20.606060606060602,122.95081967213109,340.9090909090911,1.1,0.8087121212121218,49.5,60.76,-15.0,-0.83
total_box,2010,22,19,2010,22,2010-05-31,19,52.055578947368424,-3.970684210526316,0.037081339712918604,16.18819776714514,301.9844693701463,508.37320574162715,1.2105263157894737,1.441462703962706,49.5,60.76,-15.0,-0.83
total_box,2010,23,20,2010,23,2010-06-07,20,59.027,-3.9070499999999995,0.1409090909090909,44.24242424242426,1180.3278688524588,1164.7727272727275,2.825,1.4139333092573863,49.5,60.76,-15.0,-0.83
total_box,2010,24,17,2010,24,2010-06-14,17,50.629588235294115,-9.358352941176472,0.6778074866310161,38.85918003565063,564.1272902603669,120.3208556149733,1.5,0.2744673883988239,49.5,60.76,-15.0,-0.83
total_box,2010,25,10,2010,25,2010-06-21,10,51.2308,-6.465000000000001,0.3159090909090902,24.54545454545455,524.590163934426,215.90909090909128,0.0,0.47437442607897257,49.5,60.76,-15.0,-0.83
total_box,2010,27,18,2010,27,2010-07-05,18,57.194166666666675,-5.442444444444444,0.6805555555555558,46.12794612794616,1152.0947176684883,2537.878787878786,1.9444444444444444,5.394808187955463,49.5,60.76,-15.0,-0.83
total_box,2010,28,8,2010,28,2010-07-12,8,58.707875,-1.461625,0.4204545454545453,71.02272727272721,317.6229508196721,3465.909090909091,1.5,11.192575757575764,49.5,60.76,-15.0,-0.83
total_box,2010,29,26,2010,29,2010-07-19,26,50.885961538461544,-8.45496153846154,0.20104895104895107,33.15850815850817,476.0403530895334,874.125874125874,1.1538461538461537,1.9542926994029926,49.5,60.76,-15.0,-0.83
total_box,2010,30,9,2010,30,2010-07-26,9,49.95922222222222,-3.857111111111111,0.4772727272727261,45.95959595959593,1684.88160291439,1262.6262626262628,2.6666666666666665,0.8237857030148675,49.5,60.76,-15.0,-0.83
total_box,2010,31,27,2010,31,2010-08-02,27,57.36833333333333,-4.348518518518518,0.6877104377104376,51.010101010101,983.6065573770494,795.4545454545454,1.462962962962963,0.7563455468716539,49.5,60.76,-15.0,-0.83
total_box,2010,32,13,2010,32,2010-08-09,13,55.87315384615385,-2.2375384615384615,0.5402097902097893,27.622377622377634,1179.0668348045401,2657.3426573426573,1.0769230769230769,4.789325358612985,49.5,60.76,-15.0,-0.83
total_box,2010,33,1,2010,33,2010-08-16,1,49.63,-3.338,0.136363636363636,6.06060606060606,0.0,340.909090909091,0.0,,49.5,60.76,-15.0,-0.83
total_box,2010,34,9,2010,34,2010-08-23,9,49.948,-4.029999999999999,0.9949494949494938,31.649831649831658,227.68670309653922,252.52525252525245,2.0555555555555554,0.6469696969696974,49.5,60.76,-15.0,-0.83
total_box,2010,35,10,2010,35,2010-08-30,10,51.2167,-6.4569,1.2613636363636362,73.93939393939401,0.0,34.0909090909091,0.0,,49.5,60.76,-15.0,-0.83
total_box,2010,36,12,2010,36,2010-09-06,12,55.913250000000005,-3.372916666666667,0.09659090909090902,18.181818181818187,1618.8524590163913,2007.5757575757577,1.25,1.2930189602064623,49.5,60.76,-15.0,-0.83
total_box,2010,37,2,2010,37,2010-09-13,2,49.685,-4.1,0.0340909090909091,27.272727272727252,2704.9180327868835,1250.0000000000005,0.0,0.46212121212121243,49.5,60.76,-15.0,-0.83
total_box,2010,38,11,2010,38,2010-09-20,11,51.36618181818182,-3.135727272727273,0.21487603305785133,8.539944903581267,156.48286140089428,0.0,1.1818181818181819,0.0,49.5,60.76,-15.0,-0.83
total_box,2010,39,27,2010,39,2010-09-27,27,55.74648148148148,-4.417,0.525252525252525,23.961840628507307,115.3612629022463,50.505050505050406,0.4444444444444444,0.7233201581027658,49.5,60.76,-15.0,-0.83
total_box,2010,40,6,2010,40,2010-10-04,6,53.501,-4.9110000000000005,0.16287878787878776,14.898989898989898,0.0,0.0,0.0,,49.5,60.76,-15.0,-0.83
total_box,2010,41,29,2010,41,2010-10-11,29,58.083965517241374,-3.939620689655172,0.5564263322884011,26.48902821316614,429.62125494629737,94.04388714733524,0.5862068965517241,0.06238636363636355,49.5,60.76,-15.0,-0.83
total_box,2010,42,26,2010,42,2010-10-18,26,50.7515,-6.454269230769231,0.20279720279720267,17.016317016317018,75.66204287515762,91.7832167832168,0.8461538461538461,0.27727272727272767,49.5,60.76,-15.0,-0.83
total_box,2010,43,10,2010,43,2010-10-25,10,51.261199999999995,-6.456,0.1363636363636363,11.515151515151526,49.1803278688524,181.81818181818218,0.8,0.6931818181818191,49.5,60.76,-15.0,-0.83
total_box,2010,44,7,2010,44,2010-11-01,7,53.54742857142857,-4.7948571428571425,0.055194805194805206,2.380952380952381,0.0,0.0,1.1428571428571428,,49.5,60.76,-15.0,-0.83
total_box,2010,45,15,2010,45,2010-11-08,15,56.935399999999994,-5.446466666666667,0.1969696969696966,3.232323232323238,147.54098360655732,22.727272727272734,0.2,0.23106060606060638,49.5,60.76,-15.0,-0.83
total_box,2010,46,23,2010,46,2010-11-15,23,52.87617391304348,-7.725434782608696,0.10869565217391298,7.444005270092227,149.67925873129005,14.822134387351783,0.2608695652173913,0.0630165289256198,49.5,60.76,-15.0,-0.83
total_box,2010,47,22,2010,47,2010-11-22,22,54.06809090909091,-4.3649545454545455,0.3688016528925621,25.344352617079903,111.77347242921013,15.495867768595046,0.9090909090909091,0.0,49.5,60.76,-15.0,-0.83
total_box,2010,48,6,2010,48,2010-11-29,6,53.51566666666667,-4.855166666666666,0.007575757575757583,0.505050505050505,0.0,0.0,1.0,,49.5,60.76,-15.0,-0.83
total_box,2010,49,28,2010,49,2010-12-06,28,57.90282142857143,-4.64875,0.10389610389610379,2.002164502164504,35.12880562060886,0.0,0.03571428571428571,0.0,49.5,60.76,-15.0,-0.83
total_box,2010,50,15,2010,50,2010-12-13,15,50.88406666666666,-4.251333333333333,0.2772727272727272,5.454545454545462,32.7868852459016,0.0,0.0,0.0,49.5,60.76,-15.0,-0.83
total_box,2010,51,15,2010,51,2010-12-20,15,50.79693333333333,-5.862799999999999,0.16666666666666632,2.4242424242424265,49.180327868852466,0.0,0.13333333333333333,0.0,49.5,60.76,-15.0,-0.83
total_box,2010,52,8,2010,52,2010-12-27,8,58.756625,-1.438375,0.10227272727272727,2.083333333333334,0.0,0.0,1.0,,49.5,60.76,-15.0,-0.83
total_box,2011,2,9,2011,2,2011-01-10,9,54.36633333333334,-3.952,0.015151515151515157,0.0,54.644808743169335,0.0,0.7777777777777778,0.0,49.5,60.76,-15.0,-0.83
total_box,2011,3,32,2011,3,2011-01-17,32,55.38503125,-3.32809375,0.1874999999999999,3.172348484848483,128.07377049180326,0.0,0.65625,0.0,49.5,60.76,-15.0,-0.83
total_box,2011,4,11,2011,4,2011-01-24,11,51.040909090909096,-12.240090909090908,0.0020661157024793363,1.1019283746556454,0.0,0.0,1.0,,49.5,60.76,-15.0,-0.83
total_box,2011,6,21,2011,6,2011-02-07,21,52.232619047619046,-3.838857142857143,0.10389610389610393,2.092352092352093,105.38641686182662,16.23376623376624,0.5238095238095238,0.17329545454545478,49.5,60.76,-15.0,-0.83
total_box,2011,7,28,2011,7,2011-02-14,28,57.18196428571429,-4.98625,0.01542207792207791,1.7316017316017316,26.346604215456644,12.175324675324678,0.17857142857142858,0.0,49.5,60.76,-15.0,-0.83
total_box,2011,8,11,2011,8,2011-02-21,11,57.02190909090909,-1.813909090909091,0.016528925619834708,1.37741046831956,126.67660208643817,0.0,1.0,0.0,49.5,60.76,-15.0,-0.83
total_box,2011,9,2,2011,9,2011-02-28,2,57.292500000000004,-1.505,0.0,0.0,0.0,0.0,1.0,,49.5,60.76,-15.0,-0.83
total_box,2011,10,39,2011,10,2011-03-07,39,53.071384615384616,-6.0969487179487185,0.029720279720279724,1.7871017871017874,233.29129886506942,34.965034965034974,0.5384615384615384,0.06428001822738662,49.5,60.76,-15.0,-0.83
total_box,2011,11,22,2011,11,2011-03-14,22,57.76231818181818,-4.199090909090909,0.02479338842975207,2.0661157024793413,927.7198211624444,15.495867768595046,0.22727272727272727,0.009997814685314672,49.5,60.76,-15.0,-0.83
total_box,2011,12,5,2011,12,2011-03-21,5,49.8876,-4.0120000000000005,0.013636363636363641,13.030303030303036,1983.6065573770477,68.1818181818182,2.0,0.046212121212121336,49.5,60.76,-15.0,-0.83
total_box,2011,13,10,2011,13,2011-03-28,10,51.144099999999995,-6.1552,0.06136363636363631,6.060606060606062,1459.016393442622,34.0909090909091,1.0,0.0330086580086581,49.5,60.76,-15.0,-0.83
total_box,2011,14,39,2011,14,2011-04-04,39,53.383307692307696,-4.986051282051282,0.09673659673659671,19.77466977466978,4720.470786044559,55.36130536130536,1.6666666666666667,0.017345590820302875,49.5,60.76,-15.0,-0.83
total_box,2011,15,27,2011,15,2011-04-11,27,57.85637037037037,-5.618333333333333,0.5892255892255893,25.813692480359148,6360.048573163326,361.95286195286184,3.3333333333333335,0.03690386277781903,49.5,60.76,-15.0,-0.83
total_box,2011,16,3,2011,16,2011-04-18,3,49.754999999999995,-3.0163333333333333,0.0,4.04040404040404,983.606557377049,113.63636363636367,3.1666666666666665,0.1155303030303031,49.5,60.76,-15.0,-0.83
total_box,2011,18,11,2011,18,2011-05-02,11,49.95072727272727,-4.444818181818182,0.48966942148760323,161.0192837465566,201.1922503725782,289.25619834710756,1.2727272727272727,1.650432900432903,49.5,60.76,-15.0,-0.83
total_box,2011,19,44,2011,19,2011-05-09,44,56.989318181818184,-5.260977272727273,0.4746900826446282,53.68457300275483,1602.0864381520123,1035.6404958677688,2.2613636363636362,1.019769691528174,49.5,60.76,-15.0,-0.83
total_box,2011,21,3,2011,21,2011-05-23,3,52.57,-5.767,0.06060606060606066,9.090909090909106,163.93442622950832,378.78787878787995,2.1666666666666665,2.310606060606066,49.5,60.76,-15.0,-0.83
total_box,2011,22,11,2011,22,2011-05-30,11,49.95854545454545,-4.463181818181818,0.24999999999999956,27.685950413223157,3412.8166915052175,929.7520661157017,2.0454545454545454,0.25499080613083147,49.5,60.76,-15.0,-0.83
total_box,2011,23,33,2011,23,2011-06-06,33,58.683757575757575,-4.051939393939394,1.214876033057851,51.836547291092764,996.0258320914061,192.83746556473838,1.5606060606060606,0.09562980786751211,49.5,60.76,-15.0,-0.83
total_box,2011,24,21,2011,24,2011-06-13,21,52.92895238095238,-7.036238095238095,0.04978354978354971,27.77777777777778,1081.186572989852,2932.9004329004347,2.3333333333333335,4.189171024461515,49.5,60.76,-15.0,-0.83
total_box,2011,25,10,2011,25,2011-06-20,10,51.1182,-6.1647,0.29999999999999927,21.666666666666664,377.049180327869,1079.5454545454552,2.4,1.7606547935495327,49.5,60.76,-15.0,-0.83
total_box,2011,26,14,2011,26,2011-06-27,14,49.93935714285714,-4.931285714285714,0.2207792207792206,13.095238095238104,1446.1358313817339,982.1428571428572,0.6428571428571429,1.1281956179584072,49.5,60.76,-15.0,-0.83
total_box,2011,27,33,2011,27,2011-07-04,33,58.69493939393939,-4.054545454545455,0.029614325068870514,22.543617998163462,2290.114257327372,3009.641873278239,1.7424242424242424,2.3672447693471392,49.5,60.76,-15.0,-0.83
total_box,2011,28,14,2011,28,2011-07-11,14,51.663000000000004,-4.089071428571429,0.019480519480519452,17.0995670995671,632.318501170959,324.6753246753243,1.6785714285714286,0.888694638694639,49.5,60.76,-15.0,-0.83
total_box,2011,29,24,2011,29,2011-07-18,24,51.358000000000004,-9.059958333333332,0.403409090909091,37.815656565656546,1318.3060109289602,729.1666666666665,2.3125,0.7574039896104374,49.5,60.76,-15.0,-0.83
total_box,2011,30,20,2011,30,2011-07-25,20,49.8243,-6.67895,0.02727272727272722,21.212121212121197,737.7049180327866,573.8636363636363,0.45,1.9056963345929105,49.5,60.76,-15.0,-0.83
total_box,2011,31,38,2011,31,2011-08-01,38,57.81834210526316,-4.311657894736842,0.586124401913876,54.1068580542265,1225.1941328731675,840.3110047846886,1.5526315789473684,1.254149620869988,49.5,60.76,-15.0,-0.83
total_box,2011,32,3,2011,32,2011-08-08,3,49.732,-2.9033333333333338,0.0530303030303029,12.121212121212137,81.967213114754,227.27272727272734,1.3333333333333333,2.7727272727272765,49.5,60.76,-15.0,-0.83
total_box,2011,33,15,2011,33,2011-08-15,15,50.907466666666664,-5.602066666666667,0.07727272727272731,35.050505050505045,218.5792349726776,265.15151515151564,1.0,1.3979166666666707,49.5,60.76,-15.0,-0.83
total_box,2011,34,25,2011,34,2011-08-22,25,52.12096,-7.82956,0.06272727272727269,18.121212121212125,160.65573770491824,549.9999999999994,1.1,1.8443587662337606,49.5,60.76,-15.0,-0.83
total_box,2011,35,2,2011,35,2011-08-29,2,55.5075,-8.283999999999999,0.0340909090909091,3.03030303030303,655.7377049180329,2840.90909090909,2.0,4.205303030303028,49.5,60.76,-15.0,-0.83
total_box,2011,36,18,2011,36,2011-09-05,18,56.52755555555555,-2.775611111111111,0.8888888888888883,63.5521885521886,218.57923497267768,233.58585858585852,1.1666666666666667,1.537260358688933,49.5,60.76,-15.0,-0.83
total_box,2011,37,36,2011,37,2011-09-12,36,55.1995,-4.757472222222223,0.11174242424242421,40.1515151515152,835.6102003642986,318.8131313131314,1.1388888888888888,1.1533177699869472,49.5,60.76,-15.0,-0.83
total_box,2011,38,11,2011,38,2011-09-19,11,49.98545454545455,-4.097181818181818,0.7685950413223136,124.10468319559237,141.57973174366617,0.0,1.1818181818181819,0.0,49.5,60.76,-15.0,-0.83
total_box,2011,39,11,2011,39,2011-09-26,11,55.45472727272727,-11.764727272727272,0.0433884297520661,12.396694214876039,506.70640834575204,723.1404958677696,1.3636363636363635,2.2469397886064604,49.5,60.76,-15.0,-0.83
total_box,2011,40,13,2011,40,2011-10-03,13,57.95915384615385,-2.5023846153846154,0.1993006993006994,56.52680652680652,359.3947036569982,349.6503496503494,1.1538461538461537,1.0144660894660888,49.5,60.76,-15.0,-0.83
total_box,2011,41,10,2011,41,2011-10-10,10,55.341499999999996,-4.6864,0.06590909090909094,8.484848484848488,278.6885245901636,170.4545454545452,1.5,0.39102564102564097,49.5,60.76,-15.0,-0.83
total_box,2011,42,29,2011,42,2011-10-17,29,51.53493103448275,-5.1418620689655175,0.33463949843260216,46.70846394984326,104.57885811192762,58.77742946708465,0.4827586206896552,0.34659090909090956,49.5,60.76,-15.0,-0.83
total_box,2011,44,6,2011,44,2011-10-31,6,58.771166666666666,-1.3644999999999998,0.011363636363636348,4.797979797979793,0.0,0.0,0.6666666666666666,,49.5,60.76,-15.0,-0.83
total_box,2011,45,15,2011,45,2011-11-07,15,54.52906666666667,-3.5049333333333332,0.2893939393939392,13.03030303030303,0.0,68.1818181818182,0.8666666666666667,,49.5,60.76,-15.0,-0.83
total_box,2011,46,4,2011,46,2011-11-14,4,49.8505,-4.093,0.07954545454545445,11.742424242424256,122.95081967213125,0.0,1.0,0.0,49.5,60.76,-15.0,-0.83
total_box,2011,47,17,2011,47,2011-11-21,17,58.43452941176471,-3.2175882352941176,0.20855614973262027,7.040998217468809,106.07521697203471,0.0,0.6470588235294118,0.0,49.5,60.76,-15.0,-0.83
total_box,2011,49,38,2011,49,2011-12-05,38,57.30631578947368,-3.6649736842105263,0.035287081339712915,0.996810207336523,32.35547886108713,17.94258373205742,1.0263157894736843,0.6931818181818191,49.5,60.76,-15.0,-0.83
total_box,2011,50,24,2011,50,2011-12-12,24,52.26625000000001,-4.43975,0.33901515151515144,15.909090909090907,30.73770491803275,0.0,0.9583333333333334,0.0,49.5,60.76,-15.0,-0.83
total_box,2011,51,4,2011,51,2011-12-19,4,49.81825,-4.050000000000001,0.005681818181818175,1.515151515151515,122.95081967213125,0.0,0.75,0.0,49.5,60.76,-15.0,-0.83
total_box,2012,1,26,2012,1,2012-01-02,26,58.12107692307692,-3.6171923076923074,0.0402097902097902,1.3986013986013988,47.288776796973465,0.0,0.6923076923076923,0.0,49.5,60.76,-15.0,-0.83
total_box,2012,2,40,2012,2,2012-01-09,40,52.632425,-4.64935,0.16590909090909084,3.0681818181818197,30.73770491803275,0.0,0.775,0.0,49.5,60.76,-15.0,-0.83
total_box,2012,5,2,2012,5,2012-01-30,2,57.2975,-1.4685000000000001,0.0340909090909091,1.515151515151515,0.0,0.0,1.0,,49.5,60.76,-15.0,-0.83
total_box,2012,6,22,2012,6,2012-02-06,22,53.17372727272728,-3.726272727272727,0.17458677685950405,0.6198347107438018,44.709388971684,0.0,0.4090909090909091,0.0,49.5,60.76,-15.0,-0.83
total_box,2012,7,43,2012,7,2012-02-13,43,55.56418604651163,-7.227627906976744,0.06342494714587742,1.7618040873854852,64.8112847884101,7.928118393234675,1.0,0.0,49.5,60.76,-15.0,-0.83
total_box,2012,8,4,2012,8,2012-02-20,4,49.87175,-3.99575,0.005681818181818175,1.5151515151515176,122.95081967213125,0.0,1.0,0.0,49.5,60.76,-15.0,-0.83
total_box,2012,10,40,2012,10,2012-03-05,40,53.319849999999995,-4.124475,0.25795454545454516,9.810606060606062,594.2622950819672,0.0,1.1875,0.0,49.5,60.76,-15.0,-0.83
total_box,2012,11,27,2012,11,2012-03-12,27,57.47051851851852,-5.040962962962963,0.10185185185185182,2.918069584736252,2896.1748633879765,12.62626262626263,0.5925925925925926,0.0021274122297140208,49.5,60.76,-15.0,-0.83
total_box,2012,12,12,2012,12,2012-03-19,12,51.424,-11.803333333333333,0.1912878787878788,10.732323232323237,560.109289617487,85.22727272727275,1.0,0.1571212121212121,49.5,60.76,-15.0,-0.83
total_box,2012,14,29,2012,14,2012-04-02,29,53.37472413793103,-3.7818620689655176,0.146551724137931,25.182863113897586,1732.6172979084226,101.8808777429467,2.1551724137931036,0.10612828546888822,49.5,60.76,-15.0,-0.83
total_box,2012,15,21,2012,15,2012-04-09,21,58.628952380952384,-4.051428571428572,0.24999999999999992,13.924963924963928,5921.155347384859,64.93506493506496,2.261904761904762,0.02771968630962534,49.5,60.76,-15.0,-0.83
total_box,2012,16,4,2012,16,2012-04-16,4,49.833,-4.1145,0.0,25.378787878787875,2807.3770491803252,85.22727272727275,1.5,0.04520750988142304,49.5,60.76,-15.0,-0.83
total_box,2012,17,10,2012,17,2012-04-23,10,55.152499999999996,-12.3768,0.16590909090909092,9.393939393939402,9024.590163934425,329.5454545454553,6.5,0.03589731639677063,49.5,60.76,-15.0,-0.83
total_box,2012,18,11,2012,18,2012-04-30,11,52.33118181818182,-3.7543636363636366,0.06198347107438006,22.451790633608812,558.8673621460507,2964.8760330578557,2.090909090909091,3.9470342007026837,49.5,60.76,-15.0,-0.83
total_box,2012,19,9,2012,19,2012-05-07,9,60.00544444444444,-6.841666666666667,0.36363636363636365,24.747474747474765,2868.8524590163943,366.1616161616168,2.1666666666666665,0.4182624859708196,49.5,60.76,-15.0,-0.83
total_box,2012,20,1,2012,20,2012-05-14,1,49.787,-5.95,0.295454545454545,24.2424242424242,9508.19672131147,0.0,6.5,0.0,49.5,60.76,-15.0,-0.83
total_box,2012,21,12,2012,21,2012-05-21,12,55.79725,-2.316666666666667,0.2007575757575757,63.636363636363654,1653.0054644808745,255.68181818181824,1.3333333333333333,0.6372998529248535,49.5,60.76,-15.0,-0.83
total_box,2012,22,18,2012,22,2012-05-28,18,50.627833333333335,-5.180722222222222,0.13005050505050497,55.050505050505066,3151.1839708561038,530.3030303030308,2.9444444444444446,0.5627149370096353,49.5,60.76,-15.0,-0.83
total_box,2012,23,48,2012,23,2012-06-04,48,59.26625000000001,-6.3848125,0.9891098484848487,59.91161616161617,1038.2513661202186,892.5189393939396,1.875,0.9298143639599878,49.5,60.76,-15.0,-0.83
total_box,2012,24,8,2012,24,2012-06-11,8,58.789625,-1.42875,0.5909090909090903,90.15151515151524,348.36065573770446,5170.454545454541,2.1875,12.479494463869482,49.5,60.76,-15.0,-0.83
total_box,2012,25,11,2012,25,2012-06-18,11,52.19690909090909,-4.546636363636363,0.14669421487603304,38.84297520661161,67.06408345752601,568.1818181818182,1.0909090909090908,4.3131313131313185,49.5,60.76,-15.0,-0.83
total_box,2012,26,8,2012,26,2012-06-25,8,49.974,-3.4275,0.7102272727272723,32.38636363636363,368.8524590163936,2031.2500000000005,1.375,4.3131313131313105,49.5,60.76,-15.0,-0.83
total_box,2012,27,42,2012,27,2012-07-02,42,55.92935714285714,-6.962428571428572,0.17532467532467538,15.223665223665225,468.38407494145196,492.4242424242425,1.2142857142857142,1.0614339221150384,49.5,60.76,-15.0,-0.83
total_box,2012,28,9,2012,28,2012-07-09,9,58.65977777777778,-1.4500000000000002,0.005050505050505045,18.855218855218848,519.1256830601092,4494.949494949495,1.7777777777777777,9.617031464775835,49.5,60.76,-15.0,-0.83
total_box,2012,29,11,2012,29,2012-07-16,11,51.04636363636364,-6.437636363636364,0.0805785123966941,6.887052341597798,424.73919523099795,2117.7685950413224,1.0909090909090908,4.93942122692123,49.5,60.76,-15.0,-0.83
total_box,2012,30,7,2012,30,2012-07-23,7,53.522,-4.606999999999999,0.003246753246753243,10.606060606060595,480.09367681498844,1038.96103896104,1.1428571428571428,1.480204342273309,49.5,60.76,-15.0,-0.83
total_box,2012,32,8,2012,32,2012-08-06,8,58.806125,-1.427125,1.0624999999999996,144.6969696969698,604.5081967213109,3650.568181818181,1.125,8.753806487630028,49.5,60.76,-15.0,-0.83
total_box,2012,33,27,2012,33,2012-08-13,27,55.940999999999995,-3.6879999999999997,0.7861952861952862,61.61616161616163,1675.7741347905296,976.4309764309764,2.2037037037037037,0.8986645637423799,49.5,60.76,-15.0,-0.83
total_box,2012,36,12,2012,36,2012-09-03,12,52.23308333333333,-5.6325,0.23484848484848464,36.23737373737372,177.59562841530024,142.0454545454546,1.3333333333333333,0.8036338661338671,49.5,60.76,-15.0,-0.83
total_box,2012,37,49,2012,37,2012-09-10,49,56.777102040816324,-5.402734693877551,0.19480519480519468,34.81756338899196,1015.3897624623628,1138.6827458256028,1.6938775510204083,2.291826303459077,49.5,60.76,-15.0,-0.83
total_box,2012,38,19,2012,38,2012-09-17,19,51.22736842105263,-4.481947368421053,0.4425837320574166,24.64114832535888,172.56255392579826,221.2918660287082,1.2105263157894737,0.5776515151515148,49.5,60.76,-15.0,-0.83
total_box,2012,41,21,2012,41,2012-10-08,21,58.239428571428576,-4.263190476190476,0.20238095238095224,15.656565656565668,1576.8930523028878,443.7229437229441,1.4523809523809523,0.24009225088271333,49.5,60.76,-15.0,-0.83
total_box,2012,42,21,2012,42,2012-10-15,21,52.37866666666667,-8.770190476190477,0.4978354978354977,15.873015873015877,163.93442622950806,167.74891774891793,1.2619047619047619,0.9176406926406958,49.5,60.76,-15.0,-0.83
total_box,2012,43,4,2012,43,2012-10-22,4,49.870000000000005,-4.10175,0.056818181818181726,1.893939393939395,758.1967213114743,0.0,0.0,0.0,49.5,60.76,-15.0,-0.83
total_box,2012,45,26,2012,45,2012-11-05,26,58.52515384615385,-2.652269230769231,0.16520979020979018,2.972027972027975,223.83354350567464,52.44755244755246,0.3076923076923077,0.17329545454545472,49.5,60.76,-15.0,-0.83
total_box,2012,46,30,2012,46,2012-11-12,30,50.79516666666667,-7.139433333333333,0.7446969696969702,23.585858585858592,122.9508196721311,0.0,0.7333333333333333,0.0,49.5,60.76,-15.0,-0.83
total_box,2012,47,7,2012,47,2012-11-19,7,53.529857142857146,-4.771285714285715,0.006493506493506486,1.7316017316017314,0.0,0.0,1.0,,49.5,60.76,-15.0,-0.83
total_box,2012,49,28,2012,49,2012-12-03,28,58.70478571428571,-3.3835714285714285,0.08116883116883113,2.272727272727274,55.62060889929757,0.0,0.6785714285714286,0.0,49.5,60.76,-15.0,-0.83
total_box,2012,50,30,2012,50,2012-12-10,30,51.358266666666665,-4.991833333333333,0.16287878787878776,1.3131313131313134,49.18032786885244,22.727272727272734,0.5,0.0,49.5,60.76,-15.0,-0.83
total_box,2012,51,4,2012,51,2012-12-17,4,49.81675,-4.13575,0.028409090909090925,4.545454545454545,61.4754098360655,0.0,0.0,0.0,49.5,60.76,-15.0,-0.83
total_box,2013,1,4,2013,1,2012-12-31,4,49.82925,-4.0415,0.028409090909090898,1.893939393939395,61.4754098360655,0.0,1.0,0.0,49.5,60.76,-15.0,-0.83
total_box,2013,2,16,2013,2,2013-01-07,16,52.445875,-3.65925,0.18039772727272732,0.9469696969696968,0.0,0.0,1.0625,,49.5,60.76,-15.0,-0.83
total_box,2013,3,20,2013,3,2013-01-14,20,58.66414999999999,-4.1596,0.02045454545454544,0.4545454545454545,24.5901639344262,0.0,0.15,0.0,49.5,60.76,-15.0,-0.83
total_box,2013,5,30,2013,5,2013-01-28,30,54.89503333333334,-6.674833333333334,0.01893939393939394,0.606060606060606,16.3934426229508,0.0,0.36666666666666664,0.0,49.5,60.76,-15.0,-0.83
total_box,2013,6,17,2013,6,2013-02-04,17,52.28805882352941,-3.6522941176470587,0.3997326203208556,4.723707664884136,106.07521697203471,0.0,0.5882352941176471,0.0,49.5,60.76,-15.0,-0.83
total_box,2013,7,25,2013,7,2013-02-11,25,53.625879999999995,-4.14816,0.07363636363636356,2.4242424242424248,78.68852459016392,13.63636363636364,0.4,0.0,49.5,60.76,-15.0,-0.83
total_box,2013,8,1,2013,8,2013-02-18,1,49.787,-5.952,0.136363636363636,0.0,0.0,0.0,0.0,,49.5,60.76,-15.0,-0.83
total_box,2013,10,19,2013,10,2013-03-04,19,50.718315789473685,-4.921473684210526,0.32177033492823004,3.7480063795853256,202.76100086281284,41.866028708133946,0.9473684210526315,0.06692789968652031,49.5,60.76,-15.0,-0.83
total_box,2013,11,27,2013,11,2013-03-11,27,58.303037037037036,-2.9594444444444443,0.03956228956228953,2.6374859708193044,561.6272009714635,0.0,0.9629629629629629,0.0,49.5,60.76,-15.0,-0.83
total_box,2013,12,7,2013,12,2013-03-18,7,53.529999999999994,-4.829142857142857,0.0,0.0,105.3864168618267,0.0,1.0,0.0,49.5,60.76,-15.0,-0.83
total_box,2013,13,7,2013,13,2013-03-25,7,52.025,-3.3657142857142857,0.012987012987012988,5.194805194805201,538.6416861826696,0.0,1.0,0.0,49.5,60.76,-15.0,-0.83
total_box,2013,14,8,2013,14,2013-04-01,8,49.9895,-3.330625,0.9261363636363639,35.227272727272734,286.8852459016395,0.0,1.0,0.0,49.5,60.76,-15.0,-0.83
total_box,2013,15,15,2013,15,2013-04-08,15,56.336533333333335,-3.0036666666666667,0.05757575757575762,12.42424242424243,2202.185792349728,68.1818181818182,1.7,0.2014078282828284,49.5,60.76,-15.0,-0.83
total_box,2013,16,6,2013,16,2013-04-15,6,49.886833333333335,-4.3998333333333335,0.11363636363636352,17.67676767676767,1707.6502732240453,170.4545454545455,1.6666666666666667,0.10715131578947354,49.5,60.76,-15.0,-0.83
total_box,2013,17,1,2013,17,2013-04-22,1,57.32,-1.313,0.0681818181818182,15.1515151515152,819.672131147541,0.0,6.5,0.0,49.5,60.76,-15.0,-0.83
total_box,2013,19,40,2013,19,2013-05-06,40,56.08135,-5.536925,0.2755681818181817,47.1590909090909,4997.95081967213,178.9772727272726,3.125,0.06879424879665084,49.5,60.76,-15.0,-0.83
total_box,2013,20,1,2013,20,2013-05-13,1,49.802,-5.915,0.136363636363636,6.06060606060606,3278.68852459016,0.0,1.0,0.0,49.5,60.76,-15.0,-0.83
total_box,2013,21,28,2013,21,2013-05-20,28,50.43514285714286,-4.988285714285714,0.35064935064935077,39.61038961038963,3214.285714285713,97.40259740259742,2.5,0.06703196199257506,49.5,60.76,-15.0,-0.83
total_box,2013,24,20,2013,24,2013-06-10,20,53.313750000000006,-9.040099999999999,0.7250000000000003,37.272727272727295,1377.0491803278687,386.36363636363666,1.75,0.7848616839001477,49.5,60.76,-15.0,-0.83
total_box,2013,25,38,2013,25,2013-06-17,38,56.56860526315789,-3.276078947368421,0.30861244019138756,26.63476874003189,688.0931837791204,980.8612440191388,1.8026315789473684,2.12461800106805,49.5,60.76,-15.0,-0.83
total_box,2013,27,2,2013,27,2013-07-01,2,57.3155,-1.415,4.375,38.6363636363636,368.8524590163935,738.6363636363654,1.5,1.540404040404045,49.5,60.76,-15.0,-0.83
total_box,2013,28,26,2013,28,2013-07-08,26,53.15203846153846,-7.734307692307693,0.43006993006993005,30.36130536130535,933.1651954602773,1857.5174825174836,1.5,2.6182619748506433,49.5,60.76,-15.0,-0.83
total_box,2013,29,41,2013,29,2013-07-15,41,55.93292682926829,-3.7862195121951223,0.9434589800443463,24.68588322246859,827.6689324270295,1901.3303769401339,1.9146341463414633,7.554817718474278,49.5,60.76,-15.0,-0.83
total_box,2013,30,6,2013,30,2013-07-22,6,49.827333333333335,-4.106000000000001,0.018939393939393933,31.565656565656568,6557.377049180337,1117.424242424241,1.8333333333333333,0.7540728981439194,49.5,60.76,-15.0,-0.83
total_box,2013,32,2,2013,32,2013-08-05,2,57.299,-1.339,0.0,36.36363636363635,1803.2786885245926,9545.454545454544,2.0,11.625996810207326,49.5,60.76,-15.0,-0.83
total_box,2013,33,52,2013,33,2013-08-12,52,54.56873076923077,-3.788096153846154,0.4182692307692309,48.98018648018646,868.5372005044137,659.9650349650349,2.701923076923077,1.532434046713203,49.5,60.76,-15.0,-0.83
total_box,2013,34,11,2013,34,2013-08-19,11,51.27890909090909,-6.00609090909091,0.19421487603305784,57.43801652892564,268.2563338301042,1332.6446280991743,1.8636363636363635,3.8895202020202078,49.5,60.76,-15.0,-0.83
total_box,2013,36,7,2013,36,2013-09-02,7,53.52428571428572,-4.7942857142857145,0.0,3.8961038961038956,70.25761124121786,0.0,1.0,0.0,49.5,60.76,-15.0,-0.83
total_box,2013,37,46,2013,37,2013-09-09,46,54.15347826086956,-4.614913043478261,0.23616600790513836,13.53754940711463,1286.528866714184,400.19762845849806,1.9565217391304348,0.33269064944689625,49.5,60.76,-15.0,-0.83
total_box,2013,38,4,2013,38,2013-09-16,4,49.8225,-4.04575,0.005681818181818175,2.2727272727272725,4098.3606557377025,0.0,4.25,0.0,49.5,60.76,-15.0,-0.83
total_box,2013,40,8,2013,40,2013-09-30,8,53.068625,-4.948875,0.011363636363636364,2.2727272727272725,30.73770491803275,85.22727272727275,1.0,0.0,49.5,60.76,-15.0,-0.83
total_box,2013,41,49,2013,41,2013-10-07,49,55.266122448979594,-6.191244897959184,0.267161410018553,17.501546072974648,1365.0050184008035,248.14471243042672,1.5,0.5822326841655199,49.5,60.76,-15.0,-0.83
total_box,2013,42,14,2013,42,2013-10-14,14,54.966499999999996,-2.8309285714285717,0.3522727272727271,24.025974025974023,4713.114754098363,129.87012987012986,1.5,0.028519217851114404,49.5,60.76,-15.0,-0.83
total_box,2013,43,11,2013,43,2013-10-21,11,51.28254545454545,-6.452909090909091,0.06611570247933886,3.8567493112947657,916.5424739195231,340.90909090909184,1.1818181818181819,0.33848351940457283,49.5,60.76,-15.0,-0.83
total_box,2013,45,51,2013,45,2013-11-04,51,54.40303921568627,-5.961392156862745,0.17602495543672014,3.2679738562091547,655.7377049180329,53.47593582887702,1.196078431372549,0.10301123296208439,49.5,60.76,-15.0,-0.83
total_box,2013,46,6,2013,46,2013-11-11,6,49.867,-4.708666666666667,0.09848484848484844,4.292929292929301,2896.174863387978,0.0,1.3333333333333333,0.0,49.5,60.76,-15.0,-0.83
total_box,2013,48,8,2013,48,2013-11-25,8,58.789625,-1.431125,0.26988636363636365,8.522727272727272,61.4754098360655,0.0,1.0,0.0,49.5,60.76,-15.0,-0.83
total_box,2013,49,43,2013,49,2013-12-02,43,53.91086046511628,-4.492325581395349,0.13319238900634253,2.4312896405919684,135.34121235226843,23.784355179704022,0.8837209302325582,0.04951298701298699,49.5,60.76,-15.0,-0.83
total_box,2013,50,33,2013,50,2013-12-09,33,53.27024242424242,-6.4250606060606055,0.19834710743801678,3.122130394857668,221.063089915549,51.652892561983485,1.0,0.24057486631016067,49.5,60.76,-15.0,-0.83
total_box,2013,52,11,2013,52,2013-12-23,11,51.23381818181818,-6.045636363636363,0.17561983471074372,0.2754820936639118,44.709388971684,0.0,0.8181818181818182,0.0,49.5,60.76,-15.0,-0.83
total_box,2014,1,10,2014,1,2013-12-30,10,50.0349,-3.7322,0.16590909090909112,1.515151515151515,0.0,0.0,1.0,,49.5,60.76,-15.0,-0.83
total_box,2014,2,2,2014,2,2014-01-06,2,57.798500000000004,-1.617,0.0,0.0,0.0,0.0,0.0,,49.5,60.76,-15.0,-0.83
total_box,2014,3,41,2014,3,2014-01-13,41,56.88660975609756,-6.521999999999999,0.01995565410199558,0.33259423503325947,0.0,0.0,0.7317073170731707,,49.5,60.76,-15.0,-0.83
total_box,2014,6,11,2014,6,2014-02-03,11,51.290727272727274,-6.005272727272726,0.06198347107438013,0.2754820936639118,0.0,0.0,1.0,,49.5,60.76,-15.0,-0.83
total_box,2014,7,39,2014,7,2014-02-10,39,58.00194871794872,-5.272538461538462,0.013403263403263402,0.23310023310023306,18.915510718789385,0.0,0.9743589743589743,0.0,49.5,60.76,-15.0,-0.83
total_box,2014,8,4,2014,8,2014-02-17,4,50.041,-6.0295000000000005,0.04545454545454548,0.7575757575757575,61.4754098360655,0.0,1.25,0.0,49.5,60.76,-15.0,-0.83
total_box,2014,9,31,2014,9,2014-02-24,31,52.14812903225807,-8.086064516129033,0.08724340175953077,0.6353861192570871,0.0,0.0,0.8387096774193549,,49.5,60.76,-15.0,-0.83
total_box,2014,10,2,2014,10,2014-03-03,2,57.2885,-1.476,0.02272727272727275,0.0,122.950819672131,0.0,1.0,0.0,49.5,60.76,-15.0,-0.83
total_box,2014,11,16,2014,11,2014-03-10,16,56.412375,-2.91475,0.011363636363636374,1.2310606060606062,1096.3114754098365,0.0,1.0625,0.0,49.5,60.76,-15.0,-0.83
total_box,2014,12,4,2014,12,2014-03-17,4,49.86775,-4.0665000000000004,0.005681818181818175,1.515151515151515,307.37704918032796,0.0,1.0,0.0,49.5,60.76,-15.0,-0.83
total_box,2014,13,35,2014,13,2014-03-24,35,50.08322857142857,-9.099457142857142,0.6772727272727276,15.021645021645034,105.38641686182669,9.740259740259743,1.0571428571428572,0.09902597402597398,49.5,60.76,-15.0,-0.83
total_box,2014,14,1,2014,14,2014-03-31,1,49.753,-5.928,0.0227272727272727,4.54545454545455,0.0,0.0,1.0,,49.5,60.76,-15.0,-0.83
total_box,2014,15,18,2014,15,2014-04-07,18,56.01038888888889,-3.1101111111111113,0.106060606060606,6.228956228956231,314.20765027322454,56.818181818181834,1.1111111111111112,0.10397727272727239,49.5,60.76,-15.0,-0.83
total_box,2014,16,11,2014,16,2014-04-14,11,56.683454545454545,-3.8491818181818185,0.3698347107438021,6.611570247933887,4090.909090909091,123.9669421487601,2.272727272727273,0.027771707459207415,49.5,60.76,-15.0,-0.83
total_box,2014,17,22,2014,17,2014-04-21,22,53.795590909090905,-7.598727272727273,0.727272727272728,15.771349862258939,5197.466467958272,139.46280991735523,1.7954545454545454,0.05181450480578211,49.5,60.76,-15.0,-0.83
total_box,2014,19,24,2014,19,2014-05-05,24,58.804833333333335,-5.198708333333333,0.7159090909090908,85.16414141414144,2196.03825136612,1534.0909090909108,1.9375,1.3250647318755027,49.5,60.76,-15.0,-0.83
total_box,2014,20,4,2014,20,2014-05-12,4,49.707750000000004,-4.5515,0.5795454545454543,80.68181818181827,9918.032786885244,823.8636363636363,5.375,0.05410874032882012,49.5,60.76,-15.0,-0.83
total_box,2014,21,32,2014,21,2014-05-19,32,52.7728125,-4.839,0.8728693181818185,48.05871212121208,1542.0081967213116,298.29545454545433,2.3125,0.884404377308627,49.5,60.76,-15.0,-0.83
total_box,2014,22,11,2014,22,2014-05-26,11,51.24045454545455,-5.996636363636363,1.347107438016529,75.06887052341607,1326.3785394932936,413.2231404958678,1.6363636363636365,0.5155181794707859,49.5,60.76,-15.0,-0.83
total_box,2014,23,38,2014,23,2014-06-02,38,57.007263157894734,-6.2111052631578945,0.21590909090909088,20.933014354066973,1287.7480586712686,496.41148325358864,1.618421052631579,0.6938509977444355,49.5,60.76,-15.0,-0.83
total_box,2014,25,30,2014,25,2014-06-16,30,52.49673333333333,-3.956933333333333,0.4886363636363636,19.040404040404045,1598.3606557377047,1223.4848484848485,1.2,0.995379224473861,49.5,60.76,-15.0,-0.83
total_box,2014,27,2,2014,27,2014-06-30,2,57.35,-1.1915,0.0,1.515151515151515,1721.311475409835,0.0,1.0,0.0,49.5,60.76,-15.0,-0.83
total_box,2014,28,37,2014,28,2014-07-07,37,53.39989189189189,-6.578864864864865,0.5196560196560195,49.67239967239967,1592.8223305272484,2589.0663390663385,2.081081081081081,4.404301886643395,49.5,60.76,-15.0,-0.83
total_box,2014,29,37,2014,29,2014-07-14,37,55.439054054054054,-5.134567567567568,0.5233415233415232,31.85913185913187,3141.338059370847,835.3808353808356,2.2162162162162162,1.1051199809545964,49.5,60.76,-15.0,-0.83
total_box,2014,30,4,2014,30,2014-07-21,4,49.833,-4.10525,0.0,61.74242424242422,881.1475409836065,6647.7272727272775,6.5,16.789487133237145,49.5,60.76,-15.0,-0.83
total_box,2014,32,12,2014,32,2014-08-04,12,54.788999999999994,-7.130333333333333,0.022727272727272717,10.732323232323232,450.81967213114814,2083.3333333333335,1.4166666666666667,7.55644355644356,49.5,60.76,-15.0,-0.83
total_box,2014,33,19,2014,33,2014-08-11,19,51.97942105263158,-6.6746842105263156,0.20454545454545436,84.52950558213718,388.26574633304585,532.296650717703,1.2105263157894737,1.9324876512376539,49.5,60.76,-15.0,-0.83
total_box,2014,34,24,2014,34,2014-08-18,24,53.762166666666666,-3.999458333333333,0.3475378787878785,44.696969696969724,1540.3005464480896,1458.3333333333342,3.3125,1.8558173053117928,49.5,60.76,-15.0,-0.83
total_box,2014,35,22,2014,35,2014-08-25,22,57.86695454545455,-4.3771818181818185,0.32541322314049614,39.87603305785127,1061.8479880774967,77.47933884297522,1.4090909090909092,0.11641748884957721,49.5,60.76,-15.0,-0.83
total_box,2014,36,9,2014,36,2014-09-01,9,54.35977777777778,-3.9214444444444445,0.06313131313131311,17.17171717171719,655.7377049180336,1502.5252525252527,2.4444444444444446,1.2860599078340993,49.5,60.76,-15.0,-0.83
total_box,2014,37,34,2014,37,2014-09-08,34,53.945764705882354,-6.322264705882353,0.20387700534759343,68.2263814616756,525.5544840887176,785.4278074866307,1.1764705882352942,1.9411066405683641,49.5,60.76,-15.0,-0.83
total_box,2014,38,15,2014,38,2014-09-15,15,50.88953333333333,-5.520733333333334,0.22727272727272735,100.50505050505052,81.967213114754,439.3939393939396,1.2,2.6803030303030306,49.5,60.76,-15.0,-0.83
total_box,2014,39,20,2014,39,2014-09-22,20,58.64235,-4.06355,0.3761363636363634,25.15151515151516,430.3278688524589,238.63636363636368,1.25,0.396654040404041,49.5,60.76,-15.0,-0.83
total_box,2014,40,2,2014,40,2014-09-29,2,57.310500000000005,-1.4515,2.69318181818182,29.54545454545455,122.950819672131,0.0,1.0,0.0,49.5,60.76,-15.0,-0.83
total_box,2014,41,39,2014,41,2014-10-06,39,53.04441025641025,-4.197538461538461,0.9283216783216787,54.8951048951049,441.36191677175276,180.6526806526808,1.205128205128205,0.3886871359093585,49.5,60.76,-15.0,-0.83
total_box,2014,42,1,2014,42,2014-10-13,1,49.802,-5.898,0.204545454545455,89.3939393939394,0.0,0.0,1.0,,49.5,60.76,-15.0,-0.83
total_box,2014,43,20,2014,43,2014-10-20,20,58.66025,-4.10205,0.17727272727272725,2.575757575757578,61.475409836065545,198.86363636363654,1.0,1.6751893939393954,49.5,60.76,-15.0,-0.83
total_box,2014,44,4,2014,44,2014-10-27,4,49.83225,-4.1355,0.011363636363636374,9.848484848484853,2213.1147540983616,0.0,0.75,0.0,49.5,60.76,-15.0,-0.83
total_box,2014,45,17,2014,45,2014-11-03,17,54.57270588235294,-2.3192941176470585,0.17245989304812834,5.525846702317301,1113.789778206365,0.0,1.0,0.0,49.5,60.76,-15.0,-0.83
total_box,2014,46,11,2014,46,2014-11-10,11,51.087818181818186,-6.119363636363636,0.431818181818182,8.126721763085406,1326.3785394932925,61.98347107438018,1.0909090909090908,0.04422562731386272,49.5,60.76,-15.0,-0.83
total_box,2014,47,38,2014,47,2014-11-17,38,55.23199999999999,-6.473368421052632,0.10466507177033493,2.0334928229665086,202.76100086281284,65.78947368421045,1.0263157894736843,0.29267676767676754,49.5,60.76,-15.0,-0.83
total_box,2014,48,4,2014,48,2014-11-24,4,49.83475,-4.133,0.005681818181818175,0.7575757575757575,512.2950819672122,0.0,1.0,0.0,49.5,60.76,-15.0,-0.83
total_box,2014,49,9,2014,49,2014-12-01,9,58.718555555555554,-1.3513333333333333,0.01767676767676768,0.0,81.967213114754,0.0,1.0,0.0,49.5,60.76,-15.0,-0.83
total_box,2014,50,14,2014,50,2014-12-08,14,50.99957142857143,-3.4147857142857143,0.03896103896103894,2.48917748917749,240.04683840749385,0.0,0.6428571428571429,0.0,49.5,60.76,-15.0,-0.83
total_box,2014,51,24,2014,51,2014-12-15,24,58.153,-3.7723333333333335,0.0009469696969696958,0.1893939393939396,30.73770491803275,0.0,1.0,0.0,49.5,60.76,-15.0,-0.83
total_box,2014,52,2,2014,52,2014-12-22,2,49.685,-5.924,0.375,3.78787878787879,122.950819672131,0.0,1.0,0.0,49.5,60.76,-15.0,-0.83
total_box,2015,1,19,2015,1,2014-12-29,19,52.872263157894736,-7.9782631578947365,0.09928229665071779,0.4784688995215316,181.19068162208782,17.94258373205742,1.0,0.0,49.5,60.76,-15.0,-0.83
total_box,2015,2,6,2015,2,2015-01-05,6,53.54033333333333,-4.333166666666666,0.0,1.2626262626262632,163.934426229508,0.0,1.0,0.0,49.5,60.76,-15.0,-0.83
total_box,2015,3,24,2015,3,2015-01-12,24,58.18204166666666,-3.7812916666666667,0.005681818181818179,0.12626262626262624,10.24590163934425,0.0,0.875,0.0,49.5,60.76,-15.0,-0.83
total_box,2015,4,3,2015,4,2015-01-19,3,49.75,-4.15,0.0,0.0,1366.1202185792338,0.0,1.0,0.0,49.5,60.76,-15.0,-0.83
total_box,2015,5,14,2015,5,2015-01-26,14,49.92892857142857,-4.8736428571428565,0.24837662337662342,2.164502164502166,936.7681498829037,0.0,0.7857142857142857,0.0,49.5,60.76,-15.0,-0.83
total_box,2015,6,16,2015,6,2015-02-02,16,56.396125,-2.8084375,0.015625,0.0,30.73770491803275,0.0,1.0,0.0,49.5,60.76,-15.0,-0.83
total_box,2015,7,38,2015,7,2015-02-09,38,56.55707894736842,-5.478684210526316,0.08253588516746414,0.8373205741626797,86.28127696289907,8.97129186602871,0.7894736842105263,0.23106060606060638,49.5,60.76,-15.0,-0.83
total_box,2015,8,5,2015,8,2015-02-16,5,49.9166,-4.117,0.00454545454545454,3.03030303030303,3344.2622950819664,0.0,3.4,0.0,49.5,60.76,-15.0,-0.83
total_box,2015,10,25,2015,10,2015-03-02,25,54.15104,-3.33916,0.14000000000000007,2.3636363636363624,1678.688524590164,81.81818181818184,1.72,0.06730461897791619,49.5,60.76,-15.0,-0.83
total_box,2015,11,18,2015,11,2015-03-09,18,57.15761111111111,-3.4555,0.0063131313131313165,0.42087542087542107,478.14207650273266,18.939393939393945,0.4444444444444444,0.009949978251413647,49.5,60.76,-15.0,-0.83
total_box,2015,12,6,2015,12,2015-03-16,6,52.35016666666667,-3.1975,0.0,1.5151515151515167,5737.704918032782,359.8484848484848,2.8333333333333335,0.060634307911019814,49.5,60.76,-15.0,-0.83
total_box,2015,14,6,2015,14,2015-03-30,6,51.28383333333333,-6.026833333333333,1.4318181818181814,121.46464646464646,4016.393442622945,227.27272727272734,2.4166666666666665,0.07378345461961111,49.5,60.76,-15.0,-0.83
total_box,2015,15,30,2015,15,2015-04-06,30,58.4021,-3.617433333333333,0.49848484848484836,20.70707070707072,1254.0983606557377,79.54545454545456,1.1333333333333333,0.057785070532915296,49.5,60.76,-15.0,-0.83
total_box,2015,16,5,2015,16,2015-04-13,5,49.900999999999996,-4.0866,0.04090909090909084,50.000000000000014,2688.524590163934,1590.909090909092,2.0,0.5851770739742443,49.5,60.76,-15.0,-0.83
total_box,2015,17,10,2015,17,2015-04-20,10,50.509699999999995,-10.108799999999999,1.1318181818181816,49.24242424242423,6475.409836065575,1670.4545454545455,2.3,0.30838963683061893,49.5,60.76,-15.0,-0.83
total_box,2015,19,22,2015,19,2015-05-04,22,58.47513636363636,-3.8407272727272725,0.177685950413223,32.50688705234161,3766.766020864378,113.63636363636364,3.772727272727273,0.045284765080245634,49.5,60.76,-15.0,-0.83
total_box,2015,20,15,2015,20,2015-05-11,15,50.89266666666666,-5.529066666666667,0.7166666666666663,82.22222222222217,1584.6994535519123,1113.636363636364,3.1666666666666665,1.0495540133641295,49.5,60.76,-15.0,-0.83
total_box,2015,21,21,2015,21,2015-05-18,21,51.14266666666667,-4.746190476190476,0.9567099567099563,73.0880230880231,823.5753317720535,757.5757575757577,1.4047619047619047,1.321824158956509,49.5,60.76,-15.0,-0.83
total_box,2015,22,19,2015,22,2015-05-25,19,54.396052631578954,-7.527842105263158,1.083732057416268,61.16427432216908,4594.4779982743785,1686.6028708133974,6.2631578947368425,0.8878932412933964,49.5,60.76,-15.0,-0.83
total_box,2015,23,7,2015,23,2015-06-01,7,53.528,-4.492428571428571,0.006493506493506486,23.593073593073594,1252.9274004683846,194.80519480519484,3.9285714285714284,0.24527972027972067,49.5,60.76,-15.0,-0.83
total_box,2015,24,9,2015,24,2015-06-08,9,58.62722222222222,-1.4172222222222224,0.8005050505050502,65.31986531986539,2887.067395264116,391.41414141414145,3.888888888888889,0.5987235287235289,49.5,60.76,-15.0,-0.83
total_box,2015,25,40,2015,25,2015-06-15,40,54.51435,-4.644,0.7113636363636365,32.34848484848484,1430.3278688524592,625.0000000000001,1.7125,0.5739900581899173,49.5,60.76,-15.0,-0.83
total_box,2015,27,7,2015,27,2015-06-29,7,53.528571428571425,-4.452857142857143,0.016233766233766243,4.761904761904765,316.15925058548015,3035.714285714282,2.0,7.586489898989888,49.5,60.76,-15.0,-0.83
total_box,2015,28,15,2015,28,2015-07-06,15,51.78106666666667,-10.519333333333332,0.1409090909090909,83.73737373737377,3240.437158469947,2689.3939393939404,2.1,1.4817436691758743,49.5,60.76,-15.0,-0.83
total_box,2015,29,32,2015,29,2015-07-13,32,52.32921875,-4.59025,0.47585227272727243,50.3787878787879,645.4918032786884,2095.170454545454,3.484375,4.04816605381298,49.5,60.76,-15.0,-0.83
total_box,2015,30,11,2015,30,2015-07-20,11,51.27390909090909,-5.990545454545455,0.09710743801652894,11.845730027548218,514.157973174366,1497.933884297521,1.5454545454545454,2.062685647685652,49.5,60.76,-15.0,-0.83
total_box,2015,32,16,2015,32,2015-08-03,16,56.6334375,-2.5695,0.06818181818181816,43.46590909090908,973.3606557377041,3721.5909090909117,3.71875,5.095114062725409,49.5,60.76,-15.0,-0.83
total_box,2015,33,38,2015,33,2015-08-10,38,54.49107894736842,-4.374842105263158,0.03229665071770336,23.88357256778309,778.688524590164,619.0191387559811,2.8684210526315788,0.6987250636052237,49.5,60.76,-15.0,-0.83
total_box,2015,34,2,2015,34,2015-08-17,2,49.6685,-5.9235,0.0340909090909091,12.12121212121211,122.950819672131,0.0,1.0,0.0,49.5,60.76,-15.0,-0.83
total_box,2015,36,26,2015,36,2015-08-31,26,54.15880769230769,-4.310461538461539,0.2229020979020978,54.48717948717952,1443.8839848675912,1022.7272727272723,2.75,0.7366109872170474,49.5,60.76,-15.0,-0.83
total_box,2015,37,39,2015,37,2015-09-07,39,54.73902564102564,-4.443641025641026,0.2132867132867132,36.90753690753693,573.7704918032786,699.3006993006994,2.0256410256410255,1.3879233861376745,49.5,60.76,-15.0,-0.83
total_box,2015,38,12,2015,38,2015-09-14,12,54.995749999999994,-11.573416666666667,0.48106060606060536,57.82828282828285,81.967213114754,284.0909090909086,0.6666666666666666,2.0795454545454537,49.5,60.76,-15.0,-0.83
total_box,2015,39,15,2015,39,2015-09-21,15,50.71413333333333,-5.705933333333333,0.025757575757575705,18.484848484848488,1360.6557377049182,1568.1818181818164,2.2,3.8149450857784135,49.5,60.76,-15.0,-0.83
total_box,2015,41,34,2015,41,2015-10-05,34,57.058647058823524,-2.8425294117647057,0.33489304812834203,30.124777183600713,351.9768563162972,0.0,1.161764705882353,0.0,49.5,60.76,-15.0,-0.83
total_box,2015,42,17,2015,42,2015-10-12,17,50.74082352941177,-5.038235294117648,0.8155080213903738,52.31729055258462,274.8312439729989,902.4064171122992,1.2352941176470589,3.6524691358024706,49.5,60.76,-15.0,-0.83
total_box,2015,44,11,2015,44,2015-10-26,11,56.05163636363636,-11.656272727272727,0.20247933884297478,4.269972451790633,1005.961251862892,227.2727272727276,1.0,0.26709235430826345,49.5,60.76,-15.0,-0.83
total_box,2015,45,42,2015,45,2015-11-02,42,55.33835714285715,-4.652095238095238,0.6845238095238095,16.450216450216434,222.48243559718958,24.350649350649356,1.0,0.03068773674242423,49.5,60.76,-15.0,-0.83
total_box,2015,46,4,2015,46,2015-11-09,4,49.817499999999995,-4.099,0.0340909090909091,3.03030303030303,184.4262295081965,0.0,1.0,0.0,49.5,60.76,-15.0,-0.83
total_box,2015,48,8,2015,48,2015-11-23,8,58.800375,-1.376875,0.088068181818182,1.8939393939393911,92.21311475409826,0.0,1.0,0.0,49.5,60.76,-15.0,-0.83
total_box,2015,49,37,2015,49,2015-11-30,37,54.35964864864865,-3.827108108108108,0.24201474201474174,2.702702702702702,59.81391227292862,0.0,0.40540540540540543,0.0,49.5,60.76,-15.0,-0.83
total_box,2015,50,9,2015,50,2015-12-07,9,58.68055555555556,-1.6364444444444444,0.06818181818181819,2.356902356902357,81.967213114754,0.0,1.0,0.0,49.5,60.76,-15.0,-0.83
total_box,2015,51,6,2015,51,2015-12-14,6,59.30183333333333,-5.896666666666666,0.0,0.0,0.0,0.0,0.3333333333333333,,49.5,60.76,-15.0,-0.83
total_box,2015,52,4,2015,52,2015-12-21,4,49.79675,-4.272,0.005681818181818175,0.0,122.950819672131,0.0,0.0,0.0,49.5,60.76,-15.0,-0.83
total_box,2016,1,7,2016,1,2016-01-04,7,53.51971428571428,-4.797,0.0,0.0,35.12880562060886,0.0,1.0,0.0,49.5,60.76,-15.0,-0.83
total_box,2016,2,40,2016,2,2016-01-11,40,56.48395000000001,-5.6273,0.09261363636363637,1.893939393939394,6.14754098360655,0.0,0.525,0.0,49.5,60.76,-15.0,-0.83
total_box,2016,6,39,2016,6,2016-02-08,39,55.6293076923077,-4.6464358974358975,0.07634032634032624,0.5439005439005441,37.83102143757877,0.0,0.9230769230769231,0.0,49.5,60.76,-15.0,-0.83
total_box,2016,7,11,2016,7,2016-02-15,11,50.90109090909091,-12.148272727272728,0.0,0.13774104683195637,22.354694485842,30.99173553719009,0.18181818181818182,1.3863636363636382,49.5,60.76,-15.0,-0.83
total_box,2016,8,2,2016,8,2016-02-22,2,49.669,-5.9399999999999995,0.1363636363636366,0.0,0.0,0.0,0.0,,49.5,60.76,-15.0,-0.83
total_box,2016,9,10,2016,9,2016-02-29,10,58.75320000000001,-1.9307000000000003,0.0,1.060606060606061,614.7540983606553,102.2727272727273,1.0,0.18827160493827183,49.5,60.76,-15.0,-0.83
total_box,2016,10,31,2016,10,2016-03-07,31,57.152193548387096,-4.380483870967741,0.02565982404692082,0.7331378299120239,875.1983077736646,0.0,1.096774193548387,0.0,49.5,60.76,-15.0,-0.83
total_box,2016,11,13,2016,11,2016-03-14,13,55.921076923076924,-2.2393846153846155,0.022727272727272728,5.244755244755249,3322.82471626734,0.0,2.730769230769231,0.0,49.5,60.76,-15.0,-0.83
total_box,2016,12,9,2016,12,2016-03-21,9,49.97344444444444,-3.621777777777778,0.08585858585858579,4.20875420875421,2568.306010928961,0.0,2.3333333333333335,0.0,49.5,60.76,-15.0,-0.83
total_box,2016,13,13,2016,13,2016-03-28,13,55.29353846153846,-11.384769230769232,0.5541958041958043,10.023310023310025,2477.931904161413,52.44755244755246,1.2307692307692308,0.15576473692145354,49.5,60.76,-15.0,-0.83
total_box,2016,14,9,2016,14,2016-04-04,9,54.35955555555555,-4.051666666666667,0.01010101010101011,8.417508417508422,874.3169398907105,0.0,1.2222222222222223,0.0,49.5,60.76,-15.0,-0.83
total_box,2016,15,1,2016,15,2016-04-11,1,49.802,-5.913,0.272727272727273,18.1818181818182,1229.50819672131,0.0,1.0,0.0,49.5,60.76,-15.0,-0.83
total_box,2016,16,47,2016,16,2016-04-18,47,55.27134042553192,-3.8254042553191487,0.4506769825918765,21.921341070277258,4579.700034879663,234.52611218568663,2.5531914893617023,0.041713165414639854,49.5,60.76,-15.0,-0.83
total_box,2016,17,11,2016,17,2016-04-25,11,51.08772727272728,-6.135727272727272,1.6735537190082646,42.286501377410495,6058.122205663184,0.0,5.2727272727272725,0.0,49.5,60.76,-15.0,-0.83
total_box,2016,18,9,2016,18,2016-05-02,9,50.452555555555556,-11.424111111111111,0.11868686868686863,12.457912457912467,6065.57377049181,113.63636363636367,2.5555555555555554,0.012938131682644412,49.5,60.76,-15.0,-0.83
total_box,2016,19,19,2016,19,2016-05-09,19,52.71347368421053,-5.1313157894736845,1.25956937799043,49.441786283891574,1212.2519413287312,0.0,2.1052631578947367,0.0,49.5,60.76,-15.0,-0.83
total_box,2016,20,57,2016,20,2016-05-16,57,54.156771929824565,-5.316666666666666,0.2623604465709729,75.57150451887293,1909.6922634454997,392.7432216905903,2.1140350877192984,0.4818807942691121,49.5,60.76,-15.0,-0.83
total_box,2016,23,7,2016,23,2016-06-06,7,53.51985714285714,-4.795857142857143,0.003246753246753243,4.761904761904767,1358.3138173302116,194.80519480519484,3.0,0.11260211562630891,49.5,60.76,-15.0,-0.83
total_box,2016,24,53,2016,24,2016-06-13,53,53.99241509433962,-6.350339622641509,0.15608919382504285,20.0971983990852,1351.6857407980215,248.71355060034313,1.8113207547169812,0.3483689283517046,49.5,60.76,-15.0,-0.83
total_box,2016,25,9,2016,25,2016-06-20,9,58.65855555555556,-1.4756666666666667,0.11616161616161613,37.54208754208754,136.61202185792342,5681.818181818182,2.7777777777777777,25.301136363636395,49.5,60.76,-15.0,-0.83
total_box,2016,27,9,2016,27,2016-07-04,9,54.361111111111114,-4.100333333333333,0.005050505050505045,1.6835016835016832,582.8779599271397,555.555555555556,1.6666666666666667,1.112951768322616,49.5,60.76,-15.0,-0.83
total_box,2016,28,51,2016,28,2016-07-11,51,54.8483137254902,-4.0983921568627455,0.05347593582887699,15.894236482471777,666.988106718097,2384.135472370767,2.127450980392157,5.152034693138843,49.5,60.76,-15.0,-0.83
total_box,2016,31,8,2016,31,2016-08-01,8,53.529624999999996,-4.716625,0.0028409090909090875,35.60606060606061,481.5573770491801,1647.7272727272727,2.0625,5.478061868686875,49.5,60.76,-15.0,-0.83
total_box,2016,32,41,2016,32,2016-08-08,41,55.234926829268296,-3.40180487804878,0.19567627494456744,37.28750923872873,1227.5089964014387,1796.0088691796009,2.6707317073170733,2.5159656843654656,49.5,60.76,-15.0,-0.83
total_box,2016,33,4,2016,33,2016-08-15,4,49.85075,-4.087,0.09659090909090892,30.303030303030297,184.42622950819674,1534.0909090909079,1.75,5.314393939393938,49.5,60.76,-15.0,-0.83
total_box,2016,35,11,2016,35,2016-08-29,11,51.299454545454545,-6.048454545454546,0.059917355371900835,41.73553719008268,216.09538002980617,981.4049586776856,2.272727272727273,3.0433982683982674,49.5,60.76,-15.0,-0.83
total_box,2016,36,33,2016,36,2016-09-05,33,57.40115151515152,-5.06839393939394,0.081267217630854,19.51331496786043,742.67262791853,1177.6859504132244,2.5,1.831428598933561,49.5,60.76,-15.0,-0.83
total_box,2016,37,32,2016,37,2016-09-12,32,52.228375,-6.71246875,0.3856534090909091,76.27840909090911,215.1639344262295,727.9829545454545,1.15625,1.1708365164247536,49.5,60.76,-15.0,-0.83
total_box,2016,38,11,2016,38,2016-09-19,11,51.23981818181819,-6.029727272727272,0.7933884297520662,54.95867768595046,44.709388971684,299.58677685950374,1.0,6.007575757575755,49.5,60.76,-15.0,-0.83
total_box,2016,40,54,2016,40,2016-10-03,54,53.93638888888889,-6.173444444444444,0.6582491582491582,25.841750841750855,850.0303582270794,900.6734006734015,1.3518518518518519,0.7086861079111758,49.5,60.76,-15.0,-0.83
total_box,2016,41,13,2016,41,2016-10-10,13,52.14515384615384,-5.331384615384616,0.3461538461538463,15.967365967365966,882.723833543506,349.65034965034954,4.423076923076923,0.5756667408636255,49.5,60.76,-15.0,-0.83
total_box,2016,42,8,2016,42,2016-10-17,8,58.807,-1.439375,0.5227272727272733,30.492424242424242,358.6065573770496,127.84090909090912,1.375,0.5611471861471867,49.5,60.76,-15.0,-0.83
total_box,2016,44,21,2016,44,2016-10-31,21,50.951095238095235,-5.024,0.03679653679653677,3.607503607503609,394.22326307572206,48.70129870129871,1.0476190476190477,0.27105186480186516,49.5,60.76,-15.0,-0.83
total_box,2016,45,15,2016,45,2016-11-07,15,55.83193333333334,-9.879733333333332,0.10909090909090899,3.5353535353535404,808.7431693989068,537.8787878787886,1.0666666666666667,1.0623649168292046,49.5,60.76,-15.0,-0.83
total_box,2016,46,36,2016,46,2016-11-14,36,57.79911111111111,-4.003083333333333,0.0770202020202021,3.7457912457912457,34.153005464480835,18.939393939393945,0.8888888888888888,0.0,49.5,60.76,-15.0,-0.83
total_box,2016,48,30,2016,48,2016-11-28,30,55.75143333333334,-4.017166666666666,0.06212121212121206,0.808080808080808,73.77049180327863,0.0,0.5333333333333333,0.0,49.5,60.76,-15.0,-0.83
total_box,2016,49,15,2016,49,2016-12-05,15,56.357733333333336,-2.844533333333333,0.0015151515151515134,1.6161616161616166,0.0,22.727272727272734,1.0,,49.5,60.76,-15.0,-0.83
total_box,2016,50,8,2016,50,2016-12-12,8,49.822,-8.836125000000001,0.005681818181818175,1.1363636363636376,30.73770491803275,42.613636363636374,1.0,0.0,49.5,60.76,-15.0,-0.83
total_box,2016,51,12,2016,51,2016-12-19,12,51.12825,-6.010083333333333,0.6363636363636365,6.439393939393942,0.0,0.0,0.6666666666666666,,49.5,60.76,-15.0,-0.83
total_box,2017,1,7,2017,1,2017-01-02,7,53.52357142857143,-4.8028571428571425,0.003246753246753243,0.21645021645021714,70.25761124121772,0.0,1.0,0.0,49.5,60.76,-15.0,-0.83
total_box,2017,2,27,2017,2,2017-01-09,27,58.474851851851845,-3.7885925925925927,0.05303030303030303,1.2345679012345685,54.64480874316937,0.0,1.0,0.0,49.5,60.76,-15.0,-0.83
total_box,2017,3,15,2017,3,2017-01-16,15,53.0324,-4.836533333333334,0.20303030303030295,3.0303030303030325,65.57377049180327,0.0,0.26666666666666666,0.0,49.5,60.76,-15.0,-0.83
total_box,2017,4,10,2017,4,2017-01-23,10,49.9915,-4.1261,0.02499999999999996,1.51515151515152,131.1475409836065,0.0,1.0,0.0,49.5,60.76,-15.0,-0.83
total_box,2017,5,7,2017,5,2017-01-30,7,53.55928571428571,-4.474571428571429,0.006493506493506486,0.0,0.0,0.0,0.14285714285714285,,49.5,60.76,-15.0,-0.83
total_box,2017,6,29,2017,6,2017-02-06,29,58.638586206896555,-3.2896206896551723,0.06347962382445138,0.9926854754440966,93.27303561334082,11.75548589341693,0.8620689655172413,0.0,49.5,60.76,-15.0,-0.83
total_box,2017,7,5,2017,7,2017-02-13,5,49.949,-4.1448,0.0090909090909091,2.424242424242426,885.2459016393443,0.0,0.6,0.0,49.5,60.76,-15.0,-0.83
total_box,2017,8,2,2017,8,2017-02-20,2,57.310500000000005,-1.3695,0.0,0.0,245.901639344262,0.0,1.0,0.0,49.5,60.76,-15.0,-0.83
total_box,2017,9,10,2017,9,2017-02-27,10,51.1558,-6.2019,0.3181818181818181,5.909090909090911,24.5901639344262,0.0,1.0,0.0,49.5,60.76,-15.0,-0.83
total_box,2017,10,16,2017,10,2017-03-06,16,56.4224375,-2.801375,0.01420454545454545,3.7878787878787907,384.2213114754095,0.0,1.0,0.0,49.5,60.76,-15.0,-0.83
total_box,2017,11,15,2017,11,2017-03-13,15,50.90853333333334,-5.488533333333334,0.07575757575757575,6.868686868686869,431.6939890710385,22.727272727272734,0.4666666666666667,0.0312713602187286,49.5,60.76,-15.0,-0.83
total_box,2017,12,18,2017,12,2017-03-20,18,58.92727777777778,-4.7026666666666666,0.14646464646464638,3.8720538720538737,387.067395264117,18.939393939393945,1.1111111111111112,0.0,49.5,60.76,-15.0,-0.83
total_box,2017,13,2,2017,13,2017-03-27,2,57.278499999999994,-1.4685000000000001,0.5681818181818185,20.45454545454545,778.688524590165,0.0,1.0,0.0,49.5,60.76,-15.0,-0.83
total_box,2017,14,8,2017,14,2017-04-03,8,53.556625,-4.66125,0.05113636363636364,15.909090909090917,297.13114754098376,85.22727272727275,1.125,0.1434169278996865,49.5,60.76,-15.0,-0.83
total_box,2017,16,14,2017,16,2017-04-17,14,49.95885714285714,-4.908357142857143,0.798701298701298,24.025974025974026,2090.163934426229,389.61038961038963,1.6428571428571428,0.2475682106353614,49.5,60.76,-15.0,-0.83
total_box,2017,17,6,2017,17,2017-04-24,6,52.31783333333333,-3.2251666666666665,0.14015151515151525,39.89898989898996,5860.655737704915,359.8484848484848,3.0,0.0862916318313414,49.5,60.76,-15.0,-0.83
total_box,2017,18,24,2017,18,2017-05-01,24,57.341625,-4.520958333333334,0.8693181818181817,61.23737373737375,2223.3606557377034,56.818181818181834,1.7083333333333333,0.02403333904056773,49.5,60.76,-15.0,-0.83
total_box,2017,19,8,2017,19,2017-05-08,8,58.790625,-1.4425,0.5085227272727273,80.11363636363635,1536.8852459016382,653.4090909090908,2.0625,0.5094814605684166,49.5,60.76,-15.0,-0.83
total_box,2017,20,16,2017,20,2017-05-15,16,50.87575,-4.4235625,0.5653409090909091,29.26136363636363,1475.4098360655742,305.39772727272714,1.0625,0.5834280303030299,49.5,60.76,-15.0,-0.83
total_box,2017,21,3,2017,21,2017-05-22,3,49.78366666666667,-4.066666666666666,0.030303030303030304,6.565656565656563,245.90163934426232,5037.878787878787,1.0,12.631313131313131,49.5,60.76,-15.0,-0.83
total_box,2017,24,45,2017,24,2017-06-12,45,55.873599999999996,-3.9498,0.7828282828282819,53.7037037037037,896.1748633879781,345.95959595959636,1.3222222222222222,0.6684667417888309,49.5,60.76,-15.0,-0.83
total_box,2017,26,4,2017,26,2017-06-26,4,49.849,-4.136,0.0,15.530303030303024,2663.934426229507,3636.3636363636374,2.0,1.5695642751971128,49.5,60.76,-15.0,-0.83
total_box,2017,27,7,2017,27,2017-07-03,7,53.52357142857143,-4.839285714285714,0.0,0.43290043290043284,550.3512880562068,616.8831168831167,1.1428571428571428,0.9884914192949897,49.5,60.76,-15.0,-0.83
total_box,2017,28,39,2017,28,2017-07-10,39,55.78617948717949,-3.878846153846154,0.05769230769230768,16.317016317016314,807.0617906683483,1911.4219114219113,1.7692307692307692,4.210262490159517,49.5,60.76,-15.0,-0.83
total_box,2017,29,4,2017,29,2017-07-17,4,49.835,-4.1,0.051136363636363626,56.06060606060619,1495.9016393442605,1107.9545454545457,2.875,1.2034286969069585,49.5,60.76,-15.0,-0.83
total_box,2017,31,13,2017,31,2017-07-31,13,52.10515384615384,-5.572230769230769,0.043706293706293704,12.237762237762249,832.282471626734,1389.8601398601402,1.0769230769230769,1.7614273455377565,49.5,60.76,-15.0,-0.83
total_box,2017,32,38,2017,32,2017-08-07,38,55.96839473684211,-3.52371052631579,0.10645933014354068,19.816586921850075,1848.5763589301137,1776.315789473682,1.868421052631579,1.9737247034851222,49.5,60.76,-15.0,-0.83
total_box,2017,34,15,2017,34,2017-08-21,15,50.897733333333335,-5.506200000000001,0.030303030303030307,18.989898989898997,131.14754098360652,1719.6969696969695,1.6333333333333333,9.365656565656574,49.5,60.76,-15.0,-0.83
total_box,2017,36,24,2017,36,2017-09-04,24,53.504041666666666,-3.4770000000000003,0.490530303030303,56.502525252525295,454.2349726775953,894.8863636363631,1.3958333333333333,2.4929154179154183,49.5,60.76,-15.0,-0.83
total_box,2017,37,15,2017,37,2017-09-11,15,52.132666666666665,-5.5443999999999996,0.03939393939393933,14.545454545454552,715.8469945355196,318.18181818181813,1.9333333333333333,0.38206667972831776,49.5,60.76,-15.0,-0.83
total_box,2017,38,5,2017,38,2017-09-18,5,60.141,-2.1078,0.5863636363636372,90.00000000000009,426.22950819672224,68.1818181818182,1.0,0.086647727272727,49.5,60.76,-15.0,-0.83
total_box,2017,39,5,2017,39,2017-09-25,5,49.901599999999995,-4.1129999999999995,0.045454545454545484,26.060606060606062,409.83606557377044,136.3636363636364,1.0,0.6931818181818191,49.5,60.76,-15.0,-0.83
total_box,2017,40,39,2017,40,2017-10-02,39,54.70223076923077,-4.763589743589743,0.19405594405594392,28.12742812742813,308.9533417402269,314.68531468531467,1.6538461538461537,1.0625407354083822,49.5,60.76,-15.0,-0.83
total_box,2017,41,9,2017,41,2017-10-09,9,57.90933333333333,-1.584111111111111,0.49242424242424243,30.808080808080824,81.9672131147541,37.87878787878789,1.0,0.0,49.5,60.76,-15.0,-0.83
total_box,2017,42,5,2017,42,2017-10-16,5,49.894600000000004,-4.0222,0.3499999999999997,79.69696969696977,311.4754098360656,0.0,1.0,0.0,49.5,60.76,-15.0,-0.83
total_box,2017,43,7,2017,43,2017-10-23,7,53.540571428571425,-4.808714285714286,0.01623376623376623,2.597402597402597,35.12880562060886,0.0,1.0,0.0,49.5,60.76,-15.0,-0.83
total_box,2017,44,25,2017,44,2017-10-30,25,49.831360000000004,-6.242240000000001,0.08636363636363635,7.212121212121217,340.9836065573768,40.90909090909092,1.24,0.07917461326552261,49.5,60.76,-15.0,-0.83
total_box,2017,45,7,2017,45,2017-11-06,7,53.528000000000006,-4.908571428571428,0.009740259740259744,4.761904761904761,0.0,0.0,1.0,,49.5,60.76,-15.0,-0.83
total_box,2017,46,27,2017,46,2017-11-13,27,59.15062962962963,-4.311111111111111,0.142255892255892,3.4231200897867575,136.61202185792342,0.0,1.0,0.0,49.5,60.76,-15.0,-0.83
total_box,2017,47,3,2017,47,2017-11-20,3,57.981,-1.6073333333333333,0.18939393939393945,2.5252525252525264,81.967213114754,0.0,1.0,0.0,49.5,60.76,-15.0,-0.83
total_box,2017,48,21,2017,48,2017-11-27,21,49.88161904761904,-6.651666666666666,0.38095238095238076,8.225108225108224,616.7056986729118,48.70129870129871,0.8095238095238095,0.04504955212502384,49.5,60.76,-15.0,-0.83
total_box,2017,49,7,2017,49,2017-12-04,7,53.53414285714286,-4.824571428571429,0.003246753246753243,0.43290043290043284,35.12880562060886,0.0,1.0,0.0,49.5,60.76,-15.0,-0.83
total_box,2017,50,31,2017,50,2017-12-11,31,58.56883870967742,-3.2361290322580643,0.02785923753665692,0.9286412512218964,39.66155473294548,0.0,0.7741935483870968,0.0,49.5,60.76,-15.0,-0.83
total_box,2017,51,4,2017,51,2017-12-18,4,49.85325,-4.02675,0.0,0.0,327.86885245901624,85.22727272727275,1.0,0.46212121212121277,49.5,60.76,-15.0,-0.83
total_box,2018,1,4,2018,1,2018-01-01,4,49.815,-4.116,0.005681818181818175,0.0,61.4754098360655,170.4545454545455,1.0,0.0,49.5,60.76,-15.0,-0.83
total_box,2018,2,29,2018,2,2018-01-08,29,58.75296551724138,-3.3382068965517244,0.0658307210031348,1.3061650992685474,0.0,0.0,0.06896551724137931,,49.5,60.76,-15.0,-0.83
total_box,2018,5,12,2018,5,2018-01-29,12,51.35725,-6.1065000000000005,0.041666666666666685,0.505050505050505,61.47540983606558,0.0,0.3333333333333333,0.0,49.5,60.76,-15.0,-0.83
total_box,2018,6,19,2018,6,2018-02-05,19,57.01357894736842,-3.7655789473684207,0.009569377990430616,0.7177033492822968,0.0,17.94258373205742,1.0,,49.5,60.76,-15.0,-0.83
total_box,2018,7,6,2018,7,2018-02-12,6,52.30983333333333,-3.186833333333333,0.0,0.505050505050505,710.3825136612018,0.0,1.0,0.0,49.5,60.76,-15.0,-0.83
total_box,2018,8,8,2018,8,2018-02-19,8,58.81325,-1.362625,0.005681818181818175,3.03030303030303,307.37704918032796,85.22727272727275,1.0,0.09242424242424244,49.5,60.76,-15.0,-0.83
total_box,2018,9,8,2018,9,2018-02-26,8,53.543875,-4.570375,0.0,0.0,0.0,0.0,1.0,,49.5,60.76,-15.0,-0.83
total_box,2018,10,35,2018,10,2018-03-05,35,55.39865714285714,-4.976685714285714,0.04805194805194799,2.987012987012988,231.8501170960188,0.0,1.0,0.0,49.5,60.76,-15.0,-0.83
total_box,2018,12,21,2018,12,2018-03-19,21,56.9962380952381,-2.2473333333333336,0.10606060606060612,6.060606060606058,749.4145199063232,16.23376623376624,1.1428571428571428,0.019995629370629306,49.5,60.76,-15.0,-0.83
total_box,2018,14,2,2018,14,2018-04-02,2,57.292500000000004,-1.4895,0.01136363636363635,12.87878787878789,1352.459016393445,0.0,1.0,0.0,49.5,60.76,-15.0,-0.83
total_box,2018,15,12,2018,15,2018-04-09,12,55.82608333333334,-2.323166666666667,1.3844696969696964,91.79292929292933,3469.9453551912543,56.818181818181834,1.7916666666666667,0.022542498152254245,49.5,60.76,-15.0,-0.83
total_box,2018,16,24,2018,16,2018-04-16,24,57.35904166666666,-4.592875,0.0776515151515151,6.818181818181823,2493.169398907106,104.1666666666667,1.5625,0.026922026125767298,49.5,60.76,-15.0,-0.83
total_box,2018,17,4,2018,17,2018-04-23,4,49.622749999999996,-4.16975,2.125,148.4848484848484,573.7704918032786,85.22727272727275,1.0,0.46212121212121277,49.5,60.76,-15.0,-0.83
total_box,2018,18,5,2018,18,2018-04-30,5,53.58,-4.441599999999999,0.0,10.303030303030303,754.0983606557381,0.0,1.0,0.0,49.5,60.76,-15.0,-0.83
total_box,2018,19,24,2018,19,2018-05-07,24,54.03754166666667,-3.760875,0.30018939393939387,54.67171717171714,2168.7158469945375,653.4090909090908,2.7083333333333335,0.7557884724942852,49.5,60.76,-15.0,-0.83
total_box,2018,20,19,2018,20,2018-05-14,19,58.76631578947368,-4.2596842105263155,0.4545454545454545,32.615629984051004,81.96721311475406,17.94258373205742,1.1578947368421053,0.0,49.5,60.76,-15.0,-0.83
total_box,2018,22,18,2018,22,2018-05-28,18,51.494499999999995,-5.110888888888889,0.08207070707070704,42.17171717171715,1862.4772313296899,258.83838383838344,2.2222222222222223,0.314268477587716,49.5,60.76,-15.0,-0.83
total_box,2018,23,4,2018,23,2018-06-04,4,49.835,-4.079000000000001,0.10795454545454525,165.15151515151533,512.2950819672125,1079.5454545454552,1.75,2.322455322455325,49.5,60.76,-15.0,-0.83
total_box,2018,24,14,2018,24,2018-06-11,14,59.02278571428571,-3.362357142857143,0.4967532467532467,35.28138528138529,140.51522248243558,592.532467532468,1.0,5.699494949494956,49.5,60.76,-15.0,-0.83
total_box,2018,27,19,2018,27,2018-07-02,19,51.95668421052632,-3.880842105263158,0.010765550239234447,13.556618819776716,1018.1190681622088,1734.4497607655514,1.368421052631579,3.8546591707732327,49.5,60.76,-15.0,-0.83
total_box,2018,28,43,2018,28,2018-07-09,43,56.15920930232558,-4.142116279069767,0.0983086680761098,18.60465116279071,962.6382005337401,1479.9154334038058,1.569767441860465,2.558616941174254,49.5,60.76,-15.0,-0.83
total_box,2018,31,11,2018,31,2018-07-30,11,51.18481818181818,-6.666272727272727,0.08677685950413229,46.41873278236921,119.22503725782408,1931.8181818181818,1.4545454545454546,4.39015151515151,49.5,60.76,-15.0,-0.83
total_box,2018,32,33,2018,32,2018-08-06,33,57.131212121212116,-3.3201212121212125,0.3739669421487606,37.14416896235077,1651.7635370094395,2558.5399449035813,1.378787878787879,4.252977459831778,49.5,60.76,-15.0,-0.83
total_box,2018,33,18,2018,33,2018-08-13,18,55.07983333333333,-3.180388888888889,0.6300505050505051,40.06734006734007,614.7540983606557,1319.4444444444448,1.2222222222222223,1.708717418944694,49.5,60.76,-15.0,-0.83
total_box,2018,36,19,2018,36,2018-09-03,19,58.75805263157895,-4.113263157894737,0.4820574162679425,41.30781499202552,949.0940465918897,436.60287081339686,1.4736842105263157,0.4634006022357411,49.5,60.76,-15.0,-0.83
total_box,2018,37,7,2018,37,2018-09-10,7,53.55057142857142,-4.479,0.01623376623376623,11.904761904761909,351.288056206089,0.0,1.1428571428571428,0.0,49.5,60.76,-15.0,-0.83
total_box,2018,38,18,2018,38,2018-09-17,18,57.22222222222222,-2.3594999999999997,0.7121212121212124,63.80471380471387,878.8706739526413,2083.3333333333344,1.0,7.652851055194815,49.5,60.76,-15.0,-0.83
total_box,2018,40,7,2018,40,2018-10-01,7,53.52814285714286,-4.824142857142857,0.14610389610389612,9.523809523809533,35.12880562060886,0.0,1.0,0.0,49.5,60.76,-15.0,-0.83
total_box,2018,41,15,2018,41,2018-10-08,15,59.3274,-1.9919333333333333,0.6257575757575756,26.767676767676768,797.8142076502724,68.1818181818182,1.0,0.027007083825265708,49.5,60.76,-15.0,-0.83
total_box,2018,42,27,2018,42,2018-10-15,27,55.73162962962962,-3.9065185185185185,0.4436026936026933,22.39057239057238,321.79720704310864,105.21885521885523,1.0,0.31594001236858393,49.5,60.76,-15.0,-0.83
total_box,2018,43,7,2018,43,2018-10-22,7,50.75485714285714,-5.889285714285714,1.7272727272727264,26.406926406926427,608.8992974238872,357.1428571428574,1.0,0.33097870597870643,49.5,60.76,-15.0,-0.83
total_box,2018,44,4,2018,44,2018-10-29,4,49.833,-4.09475,0.07954545454545435,11.363636363636383,860.6557377049203,170.4545454545455,1.0,0.1299715909090905,49.5,60.76,-15.0,-0.83
total_box,2018,46,42,2018,46,2018-11-12,42,57.98564285714286,-5.409857142857143,0.08495670995670997,1.6233766233766243,142.46682279469152,40.584415584415524,0.8333333333333334,0.06398601398601401,49.5,60.76,-15.0,-0.83
total_box,2018,47,9,2018,47,2018-11-19,9,51.090555555555554,-5.789666666666666,0.13131313131313116,3.535353535353535,109.28961748633867,0.0,1.1111111111111112,0.0,49.5,60.76,-15.0,-0.83
total_box,2018,49,7,2018,49,2018-12-03,7,53.54742857142857,-4.433428571428571,0.0,0.43290043290043284,0.0,0.0,1.0,,49.5,60.76,-15.0,-0.83
total_box,2018,50,30,2018,50,2018-12-10,30,57.55453333333333,-3.319866666666667,0.05833333333333333,1.6161616161616166,65.57377049180323,11.363636363636367,1.0,0.1980519480519483,49.5,60.76,-15.0,-0.83
total_box,2018,51,5,2018,51,2018-12-17,5,60.147400000000005,-2.1274,0.013636363636363641,0.0,0.0,0.0,0.0,,49.5,60.76,-15.0,-0.83
total_box,2018,52,16,2018,52,2018-12-24,16,50.53025,-4.79875,0.8281249999999998,3.882575757575758,30.73770491803275,0.0,0.375,0.0,49.5,60.76,-15.0,-0.83
total_box,2019,1,2,2019,1,2018-12-31,2,57.2915,-1.5065,0.01136363636363635,5.3030303030303045,122.950819672131,0.0,1.0,0.0,49.5,60.76,-15.0,-0.83
total_box,2019,2,25,2019,2,2019-01-07,25,58.53828000000001,-2.54756,0.0981818181818182,1.333333333333333,59.01639344262292,0.0,1.0,0.0,49.5,60.76,-15.0,-0.83
total_box,2019,3,7,2019,3,2019-01-14,7,53.54857142857143,-4.4592857142857145,0.003246753246753243,0.0,0.0,0.0,1.0,,49.5,60.76,-15.0,-0.83
total_box,2019,6,42,2019,6,2019-02-04,42,56.077952380952375,-3.529857142857143,0.04220779220779225,0.46897546897546905,35.12880562060888,0.0,0.8095238095238095,0.0,49.5,60.76,-15.0,-0.83
total_box,2019,7,6,2019,7,2019-02-11,6,52.32083333333333,-3.2441666666666666,0.06060606060606059,6.818181818181813,355.1912568306015,0.0,1.0,0.0,49.5,60.76,-15.0,-0.83
total_box,2019,10,18,2019,10,2019-03-04,18,57.99827777777778,-2.1069444444444443,0.06691919191919192,2.3569023569023573,327.8688524590162,0.0,1.0,0.0,49.5,60.76,-15.0,-0.83
total_box,2019,11,12,2019,11,2019-03-11,12,57.01316666666667,-1.9705000000000001,0.05303030303030303,4.924242424242427,765.0273224043718,0.0,1.1666666666666667,0.0,49.5,60.76,-15.0,-0.83
total_box,2019,12,18,2019,12,2019-03-18,18,51.24261111111111,-5.276,0.15782828282828273,8.92255892255892,956.2841530054642,63.131313131313114,1.0555555555555556,0.02559926775352308,49.5,60.76,-15.0,-0.83
total_box,2019,13,7,2019,13,2019-03-25,7,53.54,-4.5045714285714284,0.003246753246753243,4.545454545454548,292.740046838408,0.0,1.0,0.0,49.5,60.76,-15.0,-0.83
total_box,2019,15,8,2019,15,2019-04-08,8,58.821875,-1.44425,0.4232954545454549,20.643939393939394,7581.96721311475,397.7272727272724,4.8125,0.05480968122818025,49.5,60.76,-15.0,-0.83
total_box,2019,16,45,2019,16,2019-04-15,45,55.882511111111114,-5.008222222222222,0.33737373737373744,8.855218855218851,2165.7559198542813,37.87878787878789,1.7,0.05054125672307496,49.5,60.76,-15.0,-0.83
total_box,2019,18,31,2019,18,2019-04-29,31,56.324000000000005,-4.248225806451613,0.13196480938416405,9.13978494623656,3336.858804865152,289.5894428152496,2.9838709677419355,0.12807562628436328,49.5,60.76,-15.0,-0.83
total_box,2019,19,20,2019,19,2019-05-06,20,54.801199999999994,-3.5905499999999995,0.22840909090909084,37.424242424242394,2532.7868852459005,590.9090909090912,3.325,0.5687700401873748,49.5,60.76,-15.0,-0.83
total_box,2019,21,5,2019,21,2019-05-20,5,49.7548,-4.2418,0.386363636363636,39.69696969696978,672.1311475409841,295.4545454545462,1.0,0.3904127481713691,49.5,60.76,-15.0,-0.83
total_box,2019,23,8,2019,23,2019-06-03,8,58.803,-1.384625,2.4971590909090913,65.53030303030293,30.73770491803275,42.613636363636374,1.0,0.0,49.5,60.76,-15.0,-0.83
total_box,2019,24,26,2019,24,2019-06-10,26,57.56930769230769,-4.065615384615385,0.43531468531468537,6.759906759906759,167.08701134930652,157.34265734265725,1.0769230769230769,0.8252164502164488,49.5,60.76,-15.0,-0.83
total_box,2019,25,9,2019,25,2019-06-17,9,51.114222222222224,-5.751333333333333,0.02020202020202015,1.3468013468013467,145.719489981785,429.2929292929296,1.3333333333333333,0.8417207792207801,49.5,60.76,-15.0,-0.83
total_box,2019,26,12,2019,26,2019-06-24,12,49.87758333333333,-3.5895833333333336,0.0,9.090909090909095,40.983606557377,397.7272727272725,1.0833333333333333,5.776515151515157,49.5,60.76,-15.0,-0.83
total_box,2019,27,17,2019,27,2019-07-01,17,56.46288235294118,-2.6769411764705886,0.13770053475935812,30.659536541889498,1041.4657666345227,1544.1176470588236,3.176470588235294,1.5046565527558775,49.5,60.76,-15.0,-0.83
total_box,2019,28,31,2019,28,2019-07-08,31,56.08483870967742,-4.925064516129032,0.6282991202346027,17.399804496578685,153.3580116340559,597.5073313782993,1.1935483870967742,2.1191327611782182,49.5,60.76,-15.0,-0.83
total_box,2019,29,3,2019,29,2019-07-15,3,49.745000000000005,-4.085,0.0,56.0606060606061,710.3825136612032,833.3333333333339,1.0,0.8531468531468527,49.5,60.76,-15.0,-0.83
total_box,2019,31,9,2019,31,2019-07-29,9,49.78944444444445,-3.617333333333333,0.0,34.848484848484894,974.4990892531873,3257.575757575757,1.8888888888888888,4.605808080808082,49.5,60.76,-15.0,-0.83
total_box,2019,32,27,2019,32,2019-08-05,27,58.91377777777778,-3.691814814814815,0.8695286195286194,54.54545454545453,1272.009714632666,328.28282828282823,1.7592592592592593,0.6848058712121209,49.5,60.76,-15.0,-0.83
total_box,2019,33,6,2019,33,2019-08-12,6,53.5345,-4.935666666666667,0.030303030303030318,23.737373737373744,204.9180327868853,984.8484848484851,1.1666666666666667,7.779040404040415,49.5,60.76,-15.0,-0.83
total_box,2019,34,14,2019,34,2019-08-19,14,51.01285714285715,-5.222857142857143,0.41720779220779197,40.2597402597403,1428.5714285714287,1680.1948051948052,3.3214285714285716,1.5997638409570234,49.5,60.76,-15.0,-0.83
total_box,2019,36,16,2019,36,2019-09-02,16,54.3186875,-2.322375,0.8920454545454548,55.113636363636374,425.2049180327872,326.7045454545455,1.59375,1.5712121212121228,49.5,60.76,-15.0,-0.83
total_box,2019,37,16,2019,37,2019-09-09,16,52.004875,-4.9968125,0.3622159090909094,25.662878787878785,1480.5327868852455,1448.8636363636365,3.53125,1.2901307334145915,49.5,60.76,-15.0,-0.83
total_box,2019,38,23,2019,38,2019-09-16,23,56.862434782608695,-3.393304347826087,0.01877470355731225,11.396574440052714,498.93086243763395,29.644268774703566,1.3043478260869565,0.009694850603941497,49.5,60.76,-15.0,-0.83
total_box,2019,40,14,2019,40,2019-09-30,14,56.038357142857144,-2.2008571428571426,1.2288961038961042,17.857142857142854,351.28805620608944,121.75324675324678,1.2142857142857142,0.616161616161617,49.5,60.76,-15.0,-0.83
total_box,2019,41,23,2019,41,2019-10-07,23,51.81665217391304,-5.053,0.11166007905138345,6.324110671936762,737.7049180327864,419.96047430830066,2.4130434782608696,0.5795661995584361,49.5,60.76,-15.0,-0.83
total_box,2019,42,15,2019,42,2019-10-14,15,58.05453333333333,-2.8315333333333332,1.4606060606060602,16.969696969696965,98.36065573770487,0.0,1.0,0.0,49.5,60.76,-15.0,-0.83
total_box,2019,45,9,2019,45,2019-11-04,9,54.36366666666667,-4.104777777777778,0.04545454545454544,2.188552188552192,136.61202185792342,0.0,1.0,0.0,49.5,60.76,-15.0,-0.83
total_box,2019,46,32,2019,46,2019-11-11,32,55.858625,-4.13696875,0.10724431818181823,0.7575757575757575,94.77459016393425,42.61363636363628,0.5,0.1066433566433567,49.5,60.76,-15.0,-0.83
total_box,2019,47,19,2019,47,2019-11-18,19,54.192263157894736,-3.9899473684210527,0.37559808612440176,6.539074960127586,12.942191544434843,17.94258373205742,1.0,0.0,49.5,60.76,-15.0,-0.83
total_box,2019,49,13,2019,49,2019-12-02,13,55.93246153846154,-2.3103846153846153,0.05769230769230775,2.3310023310023316,498.1084489281209,0.0,0.38461538461538464,0.0,49.5,60.76,-15.0,-0.83
total_box,2019,50,29,2019,50,2019-12-09,29,58.90465517241379,-6.39151724137931,0.019592476489028215,0.10449320794148378,8.47936687394007,0.0,0.13793103448275862,0.0,49.5,60.76,-15.0,-0.83
total_box,2020,2,24,2020,2,2020-01-06,24,56.93091666666667,-3.8547083333333334,0.05303030303030304,0.8207070707070708,0.0,0.0,0.7083333333333334,,49.5,60.76,-15.0,-0.83
total_box,2020,3,10,2020,3,2020-01-13,10,58.58,-1.7797,0.006818181818181809,0.303030303030303,24.5901639344262,0.0,0.7,0.0,49.5,60.76,-15.0,-0.83
total_box,2020,4,10,2020,4,2020-01-20,10,50.9791,-6.136100000000001,0.02272727272727273,0.757575757575758,24.5901639344262,0.0,1.0,0.0,49.5,60.76,-15.0,-0.83
total_box,2020,6,20,2020,6,2020-02-03,20,58.72775,-4.28745,0.004545454545454545,0.0,0.0,0.0,0.8,,49.5,60.76,-15.0,-0.83
total_box,2020,7,16,2020,7,2020-02-10,16,59.1595625,-1.9886875,0.022727272727272745,0.18939393939393936,15.368852459016376,0.0,0.5625,0.0,49.5,60.76,-15.0,-0.83
total_box,2020,8,4,2020,8,2020-02-17,4,49.82775,-4.07,0.005681818181818175,0.0,122.950819672131,0.0,0.0,0.0,49.5,60.76,-15.0,-0.83
total_box,2020,9,2,2020,9,2020-02-24,2,57.305,-1.4220000000000002,0.0,0.0,122.950819672131,0.0,0.0,0.0,49.5,60.76,-15.0,-0.83
total_box,2020,10,20,2020,10,2020-03-02,20,58.614200000000004,-4.10145,0.01590909090909091,0.378787878787879,184.4262295081965,0.0,0.8,0.0,49.5,60.76,-15.0,-0.83
total_box,2020,11,16,2020,11,2020-03-09,16,51.5948125,-4.982625,0.012784090909090906,1.1363636363636362,527.6639344262292,21.306818181818187,1.125,0.0,49.5,60.76,-15.0,-0.83
total_box,2020,12,16,2020,12,2020-03-16,16,56.1725625,-2.9759375,0.008522727272727269,2.367424242424246,1142.418032786885,0.0,1.40625,0.0,49.5,60.76,-15.0,-0.83
total_box,2020,14,7,2020,14,2020-03-30,7,54.58757142857143,-4.049,0.003246753246753243,1.082251082251083,1077.2833723653403,0.0,0.7142857142857143,0.0,49.5,60.76,-15.0,-0.83
total_box,2020,15,16,2020,15,2020-04-06,16,53.748625000000004,-4.8038125,0.15625,13.162878787878787,4871.926229508193,42.613636363636374,1.71875,0.039991258741258875,49.5,60.76,-15.0,-0.83
total_box,2020,16,3,2020,16,2020-04-13,3,57.981,-1.6196666666666666,0.18939393939393914,12.626262626262628,16147.540983606561,0.0,3.5,0.0,49.5,60.76,-15.0,-0.83
total_box,2020,18,8,2020,18,2020-04-27,8,53.538125,-4.76275,0.014204545454545449,39.204545454545446,635.2459016393443,213.06818181818187,1.8125,0.6312905844155852,49.5,60.76,-15.0,-0.83
total_box,2020,19,7,2020,19,2020-05-04,7,58.735285714285716,-1.357,0.2662337662337663,96.53679653679652,1288.0562060889927,681.8181818181822,1.7142857142857142,0.7329755892255904,49.5,60.76,-15.0,-0.83
total_box,2020,20,13,2020,20,2020-05-11,13,53.63815384615385,-4.585615384615385,0.2954545454545455,55.24475524475527,1986.1286254728877,305.9440559440555,2.3846153846153846,0.24673462019004794,49.5,60.76,-15.0,-0.83
total_box,2020,21,8,2020,21,2020-05-18,8,56.2935,-3.8975,1.3096590909090913,139.96212121212125,1219.2622950819668,42.613636363636374,1.5,0.0533216783216785,49.5,60.76,-15.0,-0.83
total_box,2020,23,5,2020,23,2020-06-01,5,59.299800000000005,-1.2856,0.7045454545454548,32.72727272727272,344.2622950819668,363.636363636364,1.4,0.49292929292929405,49.5,60.76,-15.0,-0.83
total_box,2020,24,4,2020,24,2020-06-08,4,57.818,-1.6305,0.25568181818181823,11.363636363636363,307.37704918032773,625.0000000000005,1.25,0.9242424242424254,49.5,60.76,-15.0,-0.83
total_box,2020,25,2,2020,25,2020-06-15,2,57.3035,-1.4405000000000001,0.01136363636363635,0.0,122.950819672131,0.0,1.0,0.0,49.5,60.76,-15.0,-0.83
total_box,2020,28,11,2020,28,2020-07-06,11,58.39636363636364,-1.475,0.18181818181818177,61.01928374655654,961.2518628912072,1580.5785123966941,3.1818181818181817,3.0443337898048917,49.5,60.76,-15.0,-0.83
total_box,2020,29,13,2020,29,2020-07-13,13,49.72761538461538,-4.782076923076923,0.013986013986013991,32.51748251748252,1696.0907944514497,7071.6783216783215,1.5384615384615385,7.030546938221914,49.5,60.76,-15.0,-0.83
total_box,2020,30,6,2020,30,2020-07-20,6,49.83633333333333,-2.4313333333333333,0.0,11.868686868686865,3087.431693989072,2140.151515151515,1.3333333333333333,0.7748304842946218,49.5,60.76,-15.0,-0.83
total_box,2020,32,24,2020,32,2020-08-03,24,58.577374999999996,-2.4356666666666666,0.22537878787878796,49.87373737373738,4368.169398907103,2656.250000000001,3.8958333333333335,1.239161220510174,49.5,60.76,-15.0,-0.83
total_box,2020,33,2,2020,33,2020-08-10,2,57.326499999999996,-1.4125,0.2727272727272725,43.1818181818182,122.950819672131,2443.181818181815,2.0,15.712121212121215,49.5,60.76,-15.0,-0.83
total_box,2020,34,14,2020,34,2020-08-17,14,49.824285714285715,-3.2882857142857143,0.003246753246753243,2.705627705627705,427.4004683840753,511.36363636363654,1.2142857142857142,1.7914627079497787,49.5,60.76,-15.0,-0.83
total_box,2020,35,7,2020,35,2020-08-24,7,53.54528571428572,-4.543571428571428,0.03571428571428567,74.89177489177499,245.90163934426172,259.7402597402603,1.1428571428571428,0.3851010101010123,49.5,60.76,-15.0,-0.83
total_box,2020,36,10,2020,36,2020-08-31,10,54.2884,-3.9395,0.5340909090909088,76.66666666666677,672.1311475409835,284.0909090909092,1.1,0.22840473702542688,49.5,60.76,-15.0,-0.83
total_box,2020,37,15,2020,37,2020-09-07,15,55.130199999999995,-1.8407333333333333,1.2424242424242418,64.04040404040408,377.04918032786867,196.96969696969668,0.9333333333333333,0.8736979166666671,49.5,60.76,-15.0,-0.83
total_box,2020,38,16,2020,38,2020-09-14,16,58.4111875,-2.873625,2.401988636363636,100.28409090909092,491.8032786885244,106.53409090909093,1.0625,0.22744608332843638,49.5,60.76,-15.0,-0.83
total_box,2020,39,10,2020,39,2020-09-21,10,49.7996,-3.7358,0.5068181818181821,22.424242424242465,196.72131147540978,68.1818181818182,1.0,0.25994318181818177,49.5,60.76,-15.0,-0.83
total_box,2020,40,2,2020,40,2020-09-28,2,57.2945,-1.4715,2.6704545454545454,20.454545454545453,0.0,0.0,1.0,,49.5,60.76,-15.0,-0.83
total_box,2020,41,16,2020,41,2020-10-05,16,56.409625,-2.8259375,0.08238636363636366,23.86363636363636,245.90163934426204,21.306818181818187,1.25,0.05776515151515155,49.5,60.76,-15.0,-0.83
total_box,2020,45,27,2020,45,2020-11-02,27,58.470333333333336,-2.3402962962962963,0.7626262626262624,12.008978675645345,528.2331511839708,147.30639730639743,1.0,0.18810768108896478,49.5,60.76,-15.0,-0.83
total_box,2020,46,23,2020,46,2020-11-09,23,51.487434782608695,-4.610565217391304,0.20454545454545456,7.9710144927536275,128.29650748396284,14.822134387351783,1.0,0.03851010101010103,49.5,60.76,-15.0,-0.83
total_box,2020,47,5,2020,47,2020-11-16,5,60.1256,-2.1628,0.4363636363636364,22.727272727272737,409.83606557377095,68.1818181818182,1.0,0.10944976076555012,49.5,60.76,-15.0,-0.83
total_box,2020,50,29,2020,50,2020-12-07,29,56.79906896551724,-2.9795172413793107,0.13401253918495312,2.507836990595611,50.87620124364045,0.0,1.0,0.0,49.5,60.76,-15.0,-0.83
total_box,2020,51,19,2020,51,2020-12-14,19,57.52468421052632,-2.716473684210526,0.1722488038277511,1.7543859649122813,38.82657463330453,17.94258373205742,0.7368421052631579,0.0,49.5,60.76,-15.0,-0.83
total_box,2021,1,7,2021,1,2021-01-04,7,53.542857142857144,-4.501571428571428,0.0,0.0,70.25761124121772,0.0,1.0,0.0,49.5,60.76,-15.0,-0.83
total_box,2021,2,27,2021,2,2021-01-11,27,58.879185185185186,-3.465333333333333,0.0404040404040404,0.7856341189674525,45.53734061930781,0.0,0.7037037037037037,0.0,49.5,60.76,-15.0,-0.83
total_box,2021,5,7,2021,5,2021-02-01,7,53.549,-4.464857142857143,0.022727272727272672,0.0,0.0,0.0,1.0,,49.5,60.76,-15.0,-0.83
total_box,2021,6,18,2021,6,2021-02-08,18,52.34461111111111,-5.496388888888889,0.4191919191919193,1.1784511784511782,27.322404371584668,0.0,1.0,0.0,49.5,60.76,-15.0,-0.83
total_box,2021,8,30,2021,8,2021-02-22,30,56.240300000000005,-3.3301666666666665,0.11590909090909092,2.727272727272726,338.79781420765005,34.0909090909091,1.0,0.11730769230769236,49.5,60.76,-15.0,-0.83
total_box,2021,9,18,2021,9,2021-03-01,18,53.6915,-4.711777777777778,0.36994949494949503,5.471380471380472,300.5464480874319,0.0,1.0,0.0,49.5,60.76,-15.0,-0.83
total_box,2021,10,23,2021,10,2021-03-08,23,56.28395652173913,-2.221434782608696,0.1916996047430826,4.413702239789201,826.7997148966505,14.822134387351783,1.0,0.04077540106951869,49.5,60.76,-15.0,-0.83
total_box,2021,11,3,2021,11,2021-03-15,3,54.315333333333335,-4.330666666666667,0.04545454545454556,3.5353535353535364,81.967213114754,0.0,0.6666666666666666,0.0,49.5,60.76,-15.0,-0.83
total_box,2021,12,18,2021,12,2021-03-22,18,52.499611111111115,-5.147444444444444,0.13005050505050508,7.9966329966329965,546.4480874316939,44.19191919191917,0.8333333333333334,0.10782828282828276,49.5,60.76,-15.0,-0.83
total_box,2021,13,8,2021,13,2021-03-29,8,58.789375,-1.431125,1.1335227272727275,39.96212121212122,6895.491803278682,0.0,3.125,0.0,49.5,60.76,-15.0,-0.83
total_box,2021,14,11,2021,14,2021-04-05,11,51.376,-6.0748181818181815,0.030991735537190056,2.8925619834710763,3308.494783904619,30.99173553719009,1.3636363636363635,0.003211653211653214,49.5,60.76,-15.0,-0.83
total_box,2021,15,58,2021,15,2021-04-12,58,53.48758620689655,-5.814034482758621,0.9353448275862071,35.03134796238245,2425.098925946864,90.12539184952983,1.456896551724138,0.0482539450996989,49.5,60.76,-15.0,-0.83
total_box,2021,18,8,2021,18,2021-05-03,8,53.529875,-4.6267499999999995,0.08522727272727264,27.462121212121218,1793.032786885245,482.9545454545455,1.9375,0.1882676435138108,49.5,60.76,-15.0,-0.83
total_box,2021,19,31,2021,19,2021-05-10,31,58.54309677419355,-3.087741935483871,0.41055718475073283,57.23362658846532,1271.8138551031216,421.5542521994137,2.7096774193548385,0.5883229250263863,49.5,60.76,-15.0,-0.83
total_box,2021,20,37,2021,20,2021-05-17,37,53.51927027027027,-7.429054054054054,0.4699017199017202,19.369369369369377,2120.070890562694,175.06142506142504,1.5675675675675675,0.39245016752848305,49.5,60.76,-15.0,-0.83
total_box,2021,22,21,2021,22,2021-05-31,21,52.77595238095238,-4.995380952380953,0.020562770562770543,6.7099567099567095,523.0288836846212,411.25541125541156,1.7142857142857142,0.7583305409867931,49.5,60.76,-15.0,-0.83
total_box,2021,23,8,2021,23,2021-06-07,8,58.789625,-1.430875,0.1931818181818182,32.19696969696975,1803.27868852459,1150.5681818181827,1.375,1.8920180061484457,49.5,60.76,-15.0,-0.83
total_box,2021,25,48,2021,25,2021-06-21,48,55.08654166666667,-4.986854166666666,0.397253787878788,20.48611111111111,985.3142076502731,651.0416666666666,1.8333333333333333,0.8975840495854917,49.5,60.76,-15.0,-0.83
total_box,2021,26,17,2021,26,2021-06-28,17,56.46370588235294,-2.717941176470588,0.3395721925133691,93.76114081996425,1253.6162005785925,2560.160427807486,2.6470588235294117,4.832880140692645,49.5,60.76,-15.0,-0.83
total_box,2021,27,20,2021,27,2021-07-05,20,53.3183,-10.27985,0.01818181818181818,18.409090909090924,1610.655737704918,1414.7727272727275,1.925,1.69261085503706,49.5,60.76,-15.0,-0.83
total_box,2021,28,19,2021,28,2021-07-12,19,54.68731578947368,-6.848263157894737,0.02392344497607657,16.427432216905903,884.3830888697149,1907.8947368421052,1.3157894736842106,3.744802615905247,49.5,60.76,-15.0,-0.83
total_box,2021,31,31,2021,31,2021-08-02,31,57.2604193548387,-4.231,0.22800586510263923,20.43010752688172,1895.8223162347965,2221.407624633431,3.5161290322580645,2.0637274035203004,49.5,60.76,-15.0,-0.83
total_box,2021,33,12,2021,33,2021-08-16,12,51.45583333333334,-5.864,0.02462121212121209,8.838383838383841,471.3114754098358,179.92424242424218,1.1666666666666667,0.6174782008115335,49.5,60.76,-15.0,-0.83
total_box,2021,35,5,2021,35,2021-08-30,5,49.7628,-3.0508,0.05909090909090894,14.545454545454529,1704.9180327868849,272.7272727272728,3.4,0.15554379754462608,49.5,60.76,-15.0,-0.83
total_box,2021,36,17,2021,36,2021-09-06,17,56.44488235294118,-2.6897058823529414,0.2981283422459891,58.11051693404636,588.2352941176476,274.06417112299494,1.6764705882352942,1.081467874231032,49.5,60.76,-15.0,-0.83
total_box,2021,37,8,2021,37,2021-09-13,8,52.898375,-5.068875,0.06818181818181818,17.803030303030315,307.37704918032784,1022.727272727273,2.1875,1.2477272727272715,49.5,60.76,-15.0,-0.83
total_box,2021,38,23,2021,38,2021-09-20,23,51.04621739130435,-9.376217391304348,0.36857707509881427,17.061923583662715,235.2102637205988,2341.897233201581,3.0,5.887589285714283,49.5,60.76,-15.0,-0.83
total_box,2021,39,16,2021,39,2021-09-27,16,58.3145625,-2.782,0.1278409090909091,14.583333333333341,491.80327868852464,177.5568181818183,1.125,1.1182344838761975,49.5,60.76,-15.0,-0.83
total_box,2021,40,4,2021,40,2021-10-04,4,49.70575,-3.35775,0.7556818181818168,34.469696969696976,1127.0491803278678,0.0,4.25,0.0,49.5,60.76,-15.0,-0.83
total_box,2021,41,48,2021,41,2021-10-11,48,55.8348125,-3.6484791666666667,0.44034090909090895,17.929292929292927,409.83606557377016,146.780303030303,0.9479166666666666,0.7881067165158074,49.5,60.76,-15.0,-0.83
total_box,2021,43,13,2021,43,2021-10-25,13,55.51353846153846,-11.095076923076922,0.2027972027972032,23.659673659673658,756.6204287515764,236.01398601398608,1.2307692307692308,0.5300042348955397,49.5,60.76,-15.0,-0.83
total_box,2021,45,38,2021,45,2021-11-08,38,56.328500000000005,-2.9366578947368422,0.3151913875598086,5.940988835725678,116.47972389991358,26.913875598086133,0.5,0.6931818181818191,49.5,60.76,-15.0,-0.83
total_box,2021,48,19,2021,48,2021-11-29,19,52.4521052631579,-5.504105263157895,0.16985645933014357,6.299840510366832,12.942191544434843,0.0,0.6842105263157895,0.0,49.5,60.76,-15.0,-0.83
total_box,2021,49,16,2021,49,2021-12-06,16,58.363125,-2.761625,0.0994318181818182,1.5151515151515156,76.84426229508199,0.0,1.0,0.0,49.5,60.76,-15.0,-0.83
total_box,2021,50,24,2021,50,2021-12-13,24,53.65420833333334,-3.807375,0.09848484848484845,4.482323232323235,71.72131147540979,47.34848484848484,1.0,0.2695707070707067,49.5,60.76,-15.0,-0.83
total_box,2022,2,16,2022,2,2022-01-10,16,56.4185,-2.785125,0.14346590909090914,2.7462121212121224,0.0,0.0,1.0,,49.5,60.76,-15.0,-0.83
total_box,2022,3,33,2022,3,2022-01-17,33,50.72948484848485,-5.543393939393939,0.16735537190082644,1.4233241505968766,29.806259314456,0.0,0.5757575757575758,0.0,49.5,60.76,-15.0,-0.83
total_box,2022,5,15,2022,5,2022-01-31,15,58.6718,-3.2544,0.053030303030303,0.0,0.0,0.0,1.0,,49.5,60.76,-15.0,-0.83
total_box,2022,6,8,2022,6,2022-02-07,8,58.844125,-1.498,0.0,0.0,0.0,0.0,1.0,,49.5,60.76,-15.0,-0.83
total_box,2022,7,17,2022,7,2022-02-14,17,51.64888235294118,-9.16535294117647,0.2513368983957216,6.417112299465243,86.78881388621028,0.0,0.8823529411764706,0.0,49.5,60.76,-15.0,-0.83
total_box,2022,8,11,2022,8,2022-02-21,11,50.176272727272725,-5.058363636363636,0.05991735537190082,7.0247933884297575,767.5111773472432,0.0,1.0,0.0,49.5,60.76,-15.0,-0.83
total_box,2022,9,9,2022,9,2022-02-28,9,58.71433333333333,-1.5273333333333334,0.01767676767676768,4.2087542087542085,664.8451730418943,75.75757575757578,1.0,0.02038770053475936,49.5,60.76,-15.0,-0.83
total_box,2022,10,2,2022,10,2022-03-07,2,57.297,-1.483,0.0,0.0,491.8032786885245,0.0,1.0,0.0,49.5,60.76,-15.0,-0.83
total_box,2022,11,22,2022,11,2022-03-14,22,57.04177272727273,-3.621909090909091,0.020661157024793406,1.5151515151515156,499.2548435171386,0.0,0.9545454545454546,0.0,49.5,60.76,-15.0,-0.83
total_box,2022,12,20,2022,12,2022-03-21,20,51.7263,-6.32425,0.5704545454545455,34.84848484848486,2176.2295081967195,85.22727272727275,2.375,0.09269164766333246,49.5,60.76,-15.0,-0.83
total_box,2022,13,30,2022,13,2022-03-28,30,50.3193,-7.824966666666667,0.1121212121212121,15.151515151515147,7844.262295081967,178.03030303030326,3.283333333333333,0.02514812498358583,49.5,60.76,-15.0,-0.83
total_box,2022,15,20,2022,15,2022-04-11,20,58.539750000000005,-2.79925,0.7068181818181813,22.34848484848485,8786.885245901634,136.3636363636364,2.6,0.049280207054675604,49.5,60.76,-15.0,-0.83
total_box,2022,16,21,2022,16,2022-04-18,21,52.63428571428571,-5.132190476190476,0.48376623376623346,47.40259740259744,1389.5394223263097,156.92640692640722,1.8333333333333333,0.09932629434441029,49.5,60.76,-15.0,-0.83
total_box,2022,18,33,2022,18,2022-05-02,33,50.509,-7.8981818181818175,0.9001377410468321,38.01652892561986,2593.144560357676,120.5234159779615,1.893939393939394,0.11283485690088776,49.5,60.76,-15.0,-0.83
total_box,2022,19,50,2022,19,2022-05-09,50,56.25402,-4.30574,0.8536363636363636,70.93939393939395,3422.9508196721304,820.4545454545456,2.72,0.8103067613201594,49.5,60.76,-15.0,-0.83
total_box,2022,20,2,2022,20,2022-05-16,2,57.295,-1.464,0.0,0.0,1598.3606557377047,0.0,1.0,0.0,49.5,60.76,-15.0,-0.83
total_box,2022,22,10,2022,22,2022-05-30,10,58.4985,-1.4313,2.027272727272728,136.81818181818173,1114.7540983606552,170.4545454545455,1.9,0.29993444055944063,49.5,60.76,-15.0,-0.83
total_box,2022,23,53,2022,23,2022-06-06,53,55.51262264150943,-5.897867924528302,0.0656089193825043,18.439108061749582,1003.7117228580261,1505.145797598627,2.4716981132075473,3.803213652603986,49.5,60.76,-15.0,-0.83
total_box,2022,27,41,2022,27,2022-07-04,41,55.76258536585366,-4.6968048780487806,0.12860310421286023,30.783444198078353,1023.5905637744906,1186.2527716186262,1.4268292682926829,1.3577140649210344,49.5,60.76,-15.0,-0.83
total_box,2022,28,23,2022,28,2022-07-11,23,53.24734782608696,-3.5472608695652177,0.16600790513833974,20.092226613965764,534.5687811831791,3211.462450592885,2.782608695652174,9.465868659066503,49.5,60.76,-15.0,-0.83
total_box,2022,29,20,2022,29,2022-07-18,20,51.21625,-9.408100000000001,0.07386363636363623,34.54545454545455,1717.2131147541008,1227.2727272727266,3.2,1.6716469566233334,49.5,60.76,-15.0,-0.83
total_box,2022,31,13,2022,31,2022-08-01,13,50.71546153846154,-4.0670769230769235,0.04195804195804192,88.92773892773893,567.4653215636822,550.6993006993001,2.076923076923077,1.5122091450216448,49.5,60.76,-15.0,-0.83
total_box,2022,32,19,2022,32,2022-08-08,19,54.64236842105263,-3.981842105263158,0.0753588516746411,19.93620414673046,1035.3753235547883,1877.9904306220096,3.0526315789473686,1.8900568168858964,49.5,60.76,-15.0,-0.83
total_box,2022,33,21,2022,33,2022-08-15,21,58.64252380952381,-4.318047619047619,0.005411255411255428,8.874458874458874,1491.022638563621,692.6406926406928,2.738095238095238,0.6331561796456058,49.5,60.76,-15.0,-0.83
total_box,2022,34,16,2022,34,2022-08-22,16,51.573125,-10.7035,0.029829545454545456,12.121212121212123,466.1885245901645,596.5909090909093,1.78125,1.314157196969696,49.5,60.76,-15.0,-0.83
total_box,2022,35,3,2022,35,2022-08-29,3,49.73933333333333,-4.904333333333334,0.45454545454545475,70.20202020202014,327.86885245901664,833.3333333333334,3.1666666666666665,2.5416666666666647,49.5,60.76,-15.0,-0.83
total_box,2022,36,10,2022,36,2022-09-05,10,52.05650000000001,-4.2306,0.04772727272727264,51.818181818181756,1606.5573770491796,397.7272727272732,1.5,0.7460552995391716,49.5,60.76,-15.0,-0.83
total_box,2022,38,17,2022,38,2022-09-19,17,55.35958823529412,-2.0081764705882357,0.5855614973262031,62.121212121212196,289.2960462873671,995.9893048128348,1.6176470588235294,3.9485690235690303,49.5,60.76,-15.0,-0.83
total_box,2022,40,9,2022,40,2022-10-03,9,58.69266666666667,-1.480222222222222,1.5252525252525266,25.42087542087544,200.36429872495398,164.14141414141454,1.0,0.2666083916083933,49.5,60.76,-15.0,-0.83
total_box,2022,41,14,2022,41,2022-10-10,14,58.53321428571429,-3.003357142857143,0.1607142857142855,8.658008658008654,415.69086651053806,381.49350649350646,1.0714285714285714,1.117390228818803,49.5,60.76,-15.0,-0.83
total_box,2022,42,12,2022,42,2022-10-17,12,52.01958333333334,-4.3901666666666666,0.043560606060606,7.196969696969702,471.311475409836,227.27272727272677,0.75,0.3036304329407769,49.5,60.76,-15.0,-0.83
total_box,2022,44,14,2022,44,2022-10-31,14,56.05242857142857,-2.2127142857142856,0.262987012987013,13.311688311688316,146.3700234192035,146.10389610389592,1.0,0.5198863636363619,49.5,60.76,-15.0,-0.83
total_box,2022,45,17,2022,45,2022-11-07,17,58.36423529411765,-3.42,0.2727272727272727,8.823529411764708,255.54484088717467,354.2780748663097,1.1764705882352942,1.1268648018648013,49.5,60.76,-15.0,-0.83
total_box,2022,46,9,2022,46,2022-11-14,9,55.082,-5.730666666666667,0.0075757575757575656,0.8417508417508421,145.7194899817851,164.14141414141454,0.2222222222222222,1.0672799422799446,49.5,60.76,-15.0,-0.83
total_box,2022,48,24,2022,48,2022-11-28,24,54.62170833333334,-3.955916666666667,0.4393939393939392,9.090909090909095,30.73770491803275,14.204545454545459,1.0,0.0,49.5,60.76,-15.0,-0.83
total_box,2022,49,13,2022,49,2022-12-05,13,51.789153846153845,-3.988,0.005244755244755238,0.4662004662004661,0.0,0.0,0.5384615384615384,,49.5,60.76,-15.0,-0.83
total_box,2022,50,16,2022,50,2022-12-12,16,55.89725,-10.529,0.07954545454545454,4.640151515151513,138.31967213114746,0.0,1.0,0.0,49.5,60.76,-15.0,-0.83
total_box,2022,51,16,2022,51,2022-12-19,16,58.4485,-2.86,0.16335227272727257,1.4204545454545454,0.0,21.306818181818187,1.0,,49.5,60.76,-15.0,-0.83
western_shelf,1994,11,3,1994,11,1994-03-14,3,54.737766666666666,-10.5172,0.33333333333333354,7.0707070707070665,245.90163934426232,0.0,0.0,0.0,52.5,55.0,-11.5,-9.0
western_shelf,1994,17,4,1994,17,1994-04-25,4,54.780825,-10.536249999999999,0.0284090909090909,13.257575757575765,11926.22950819672,198.86363636363626,6.5,0.011553030303030272,52.5,55.0,-11.5,-9.0
western_shelf,1994,20,3,1994,20,1994-05-16,3,54.794999999999995,-10.501666666666667,1.5833333333333333,179.79797979798,4863.38797814209,340.909090909091,2.0,0.15564499158249112,52.5,55.0,-11.5,-9.0
western_shelf,1994,32,3,1994,32,1994-08-08,3,54.822766666666666,-10.485,0.3030303030303027,23.73737373737373,245.901639344262,0.0,1.3333333333333333,0.0,52.5,55.0,-11.5,-9.0
western_shelf,1994,37,2,1994,37,1994-09-12,2,54.8258,-10.8392,0.14772727272727249,87.87878787878805,0.0,340.909090909091,2.0,,52.5,55.0,-11.5,-9.0
western_shelf,1994,46,2,1994,46,1994-11-14,2,54.94335,-10.8025,0.215909090909091,12.121212121212116,122.950819672131,0.0,0.5,0.0,52.5,55.0,-11.5,-9.0
western_shelf,1994,52,3,1994,52,1994-12-26,3,54.830000000000005,-10.518866666666666,0.0,0.0,0.0,0.0,0.0,,52.5,55.0,-11.5,-9.0
western_shelf,1995,14,3,1995,14,1995-04-03,3,54.833333333333336,-10.767766666666667,0.06818181818181816,2.02020202020202,3852.459016393443,113.63636363636367,6.5,0.022727272727272735,52.5,55.0,-11.5,-9.0
western_shelf,1995,24,3,1995,24,1995-06-12,3,54.462766666666674,-10.889466666666666,0.31060606060606055,37.37373737373736,5874.316939890709,719.6969696969705,1.6666666666666667,0.17921401515151533,52.5,55.0,-11.5,-9.0
western_shelf,1995,35,1,1995,35,1995-08-28,1,54.7967,-10.9917,0.136363636363636,0.0,245.901639344262,1022.72727272727,2.0,4.159090909090903,52.5,55.0,-11.5,-9.0
western_shelf,1997,19,2,1997,19,1997-05-05,2,54.8883,-10.80915,0.0,0.0,778.688524590166,0.0,1.0,0.0,52.5,55.0,-11.5,-9.0
western_shelf,1998,6,3,1998,6,1998-02-02,3,54.831700000000005,-10.743333333333334,0.0,0.0,0.0,0.0,0.0,,52.5,55.0,-11.5,-9.0
western_shelf,2007,7,2,2007,7,2007-02-12,2,54.870166015,-10.867916365,0.1363636363636365,0.0,0.0,0.0,0.0,,52.5,55.0,-11.5,-9.0
western_shelf,2009,53,1,2009,53,2009-12-28,1,54.948,-11.318,0.0227272727272727,0.0,0.0,0.0,0.0,,52.5,55.0,-11.5,-9.0
