time,n_ocean,n_mhw,mean_cat,max_cat,frac_mhw
2022-01-01 12:00:00,7662,3505,0.4646306335926056,2.0,0.45745236230749153
2022-01-02 12:00:00,7662,4528,0.5985382199287415,2.0,0.5909684155572957
2022-01-03 12:00:00,7662,4308,0.5677368640899658,2.0,0.562255285826155
2022-01-04 12:00:00,7662,4354,0.5746541619300842,2.0,0.5682589402244844
2022-01-05 12:00:00,7662,3895,0.5148786306381226,2.0,0.508352910467241
2022-01-06 12:00:00,7662,3002,0.41660141944885254,2.0,0.39180370660401986
2022-01-07 12:00:00,7662,2386,0.3116679787635803,2.0,0.3114069433568259
2022-01-08 12:00:00,7662,2250,0.2949621379375458,2.0,0.2936570086139389
2022-01-09 12:00:00,7662,2063,0.27107805013656616,2.0,0.2692508483424693
2022-01-10 12:00:00,7662,1992,0.2618115246295929,2.0,0.25998433829287393
2022-01-11 12:00:00,7662,2609,0.34416601061820984,2.0,0.3405116157661185
2022-01-12 12:00:00,7662,2531,0.33268076181411743,2.0,0.3303315061341686
2022-01-13 12:00:00,7662,1573,0.20608195662498474,2.0,0.20529887757765597
2022-01-14 12:00:00,7662,1286,0.16875489056110382,2.0,0.1678412947011224
2022-01-15 12:00:00,7662,1589,0.20895327627658844,2.0,0.2073871051944662
2022-01-16 12:00:00,7662,2005,0.26233360171318054,2.0,0.26168102323153225
2022-01-17 12:00:00,7662,3837,0.5040459632873535,2.0,0.5007830853563039
2022-01-18 12:00:00,7662,3921,0.5214043259620667,2.0,0.5117462803445576
2022-01-19 12:00:00,7662,4018,0.5274080038070679,2.0,0.5244061602714696
2022-01-20 12:00:00,7662,3371,0.44048550724983215,2.0,0.43996345601670583
2022-01-21 12:00:00,7662,2469,0.32223963737487793,1.0,0.32223962411902896
2022-01-22 12:00:00,7662,2248,0.29378750920295715,2.0,0.29339598016183766
2022-01-23 12:00:00,7662,2516,0.3283737897872925,1.0,0.32837379274340905
2022-01-24 12:00:00,7662,2972,0.3878882825374603,1.0,0.3878882798225006
2022-01-25 12:00:00,7662,3271,0.4269120395183563,1.0,0.42691203341164186
2022-01-26 12:00:00,7662,3156,0.4199947714805603,2.0,0.4119028974158183
2022-01-27 12:00:00,7662,5082,0.6677107810974121,2.0,0.66327329678935
2022-01-28 12:00:00,7662,3353,0.4449229836463928,2.0,0.4376141999477943
2022-01-29 12:00:00,7662,4621,0.6156356334686279,2.0,0.6031062385800052
2022-01-30 12:00:00,7662,6190,0.9201253056526184,3.0,0.8078830592534586
2022-01-31 12:00:00,7662,6060,0.8512137532234192,2.0,0.7909162098668755
2022-02-01 12:00:00,7662,3330,0.448316365480423,2.0,0.4346123727486296
2022-02-02 12:00:00,7662,4663,0.6117202043533325,2.0,0.608587836074132
2022-02-03 12:00:00,7662,4196,0.5591229200363159,2.0,0.5476376925084834
2022-02-04 12:00:00,7662,4977,0.6602714657783508,2.0,0.6495693030540329
2022-02-05 12:00:00,7662,4998,0.6589663028717041,2.0,0.6523101018010963
2022-02-06 12:00:00,7662,4270,0.5597755312919617,2.0,0.5572957452362307
2022-02-07 12:00:00,7662,3674,0.48055338859558105,2.0,0.4795092665100496
2022-02-08 12:00:00,7662,4231,0.5545549392700195,2.0,0.5522056904202558
2022-02-09 12:00:00,7662,3977,0.5199686884880066,2.0,0.5190550770033934
2022-02-10 12:00:00,7662,4045,0.5291046500205994,2.0,0.5279300443748368
2022-02-11 12:00:00,7662,4049,0.5284520983695984,1.0,0.5284521012790394
2022-02-12 12:00:00,7662,3891,0.5079613924026489,2.0,0.5078308535630384
2022-02-13 12:00:00,7662,3883,0.5069172382354736,2.0,0.5067867397546333
2022-02-14 12:00:00,7662,4059,0.5297572612762451,1.0,0.5297572435395458
2022-02-15 12:00:00,7662,2680,0.34977811574935913,1.0,0.34977812581571394
2022-02-16 12:00:00,7662,3809,0.4971286952495575,1.0,0.49712868702688595
2022-02-17 12:00:00,7662,3520,0.45941007137298584,1.0,0.4594100756982511
2022-02-18 12:00:00,7662,2959,0.38736623525619507,2.0,0.38619159488384236
2022-02-19 12:00:00,7662,3095,0.4039415419101715,1.0,0.4039415296267293
2022-02-20 12:00:00,7662,1505,0.19642390310764313,1.0,0.19642391020621247
2022-02-21 12:00:00,7662,2059,0.2687287926673889,1.0,0.2687287914382668
2022-02-22 12:00:00,7662,3414,0.4477943181991577,2.0,0.44557556773688334
2022-02-23 12:00:00,7662,4078,0.5341947078704834,2.0,0.5322370138345079
2022-02-24 12:00:00,7662,3121,0.40916210412979126,2.0,0.40733489950404594
2022-02-25 12:00:00,7662,2928,0.3827982246875763,2.0,0.38214565387627253
2022-02-26 12:00:00,7662,2389,0.3125815689563751,2.0,0.31179848603497784
2022-02-27 12:00:00,7662,1952,0.25476378202438354,1.0,0.2547637692508483
2022-02-28 12:00:00,7662,2262,0.2952231764793396,1.0,0.29522317932654657
2022-03-01 12:00:00,7662,3128,0.40824851393699646,1.0,0.40824849908640043
2022-03-02 12:00:00,7662,2704,0.35291045904159546,1.0,0.3529104672409293
2022-03-03 12:00:00,7662,2104,0.27460193634033203,1.0,0.2746019316105455
2022-03-04 12:00:00,7662,2243,0.29274341464042664,1.0,0.29274340903158447
2022-03-05 12:00:00,7662,2566,0.33489951491355896,1.0,0.334899504045941
2022-03-06 12:00:00,7662,2666,0.34795093536376953,1.0,0.34795092665100497
2022-03-07 12:00:00,7662,3814,0.49778124690055847,1.0,0.49778125815713914
2022-03-08 12:00:00,7662,2090,0.27277472615242004,1.0,0.2727747324458366
2022-03-09 12:00:00,7662,2009,0.26220306754112244,1.0,0.2622030801357348
2022-03-10 12:00:00,7662,3162,0.42156094312667847,2.0,0.41268598277212215
2022-03-11 12:00:00,7662,1456,0.19002871215343475,1.0,0.19002871312973113
2022-03-12 12:00:00,7662,871,0.11367788910865784,1.0,0.11367789089010702
2022-03-13 12:00:00,7662,823,0.10741320997476578,1.0,0.10741320803967633
2022-03-14 12:00:00,7662,1715,0.2238318920135498,1.0,0.22383189767684677
2022-03-15 12:00:00,7662,2330,0.3040981590747833,1.0,0.30409814669799007
2022-03-16 12:00:00,7662,2329,0.3039676249027252,1.0,0.3039676324719394
2022-03-17 12:00:00,7662,2035,0.2655964493751526,1.0,0.26559645001305143
2022-03-18 12:00:00,7662,2260,0.29665884375572205,2.0,0.29496215087444533
2022-03-19 12:00:00,7662,3710,0.5067867636680603,2.0,0.4842077786478726
2022-03-20 12:00:00,7662,1914,0.2516314387321472,2.0,0.24980422866092403
2022-03-21 12:00:00,7662,2817,0.36987730860710144,2.0,0.3676585747846515
2022-03-22 12:00:00,7662,2128,0.27773427963256836,1.0,0.27773427303576087
2022-03-23 12:00:00,7662,3863,0.5056121349334717,2.0,0.5041764552336204
2022-03-24 12:00:00,7662,5053,0.7263116836547852,2.0,0.6594883842338815
2022-03-25 12:00:00,7662,6293,0.9966066479682922,2.0,0.8213260245366745
2022-03-26 12:00:00,7662,7104,1.1319499015808105,3.0,0.9271730618637432
2022-03-27 12:00:00,7662,7237,1.2021665573120117,3.0,0.9445314539284783
2022-03-28 12:00:00,7662,7125,1.1868963241577148,3.0,0.9299138606108066
2022-03-29 12:00:00,7662,7157,1.1145914793014526,3.0,0.934090315844427
2022-03-30 12:00:00,7662,7085,0.9983032941818237,3.0,0.924693291568781
2022-03-31 12:00:00,7662,6376,0.8581310510635376,2.0,0.8321587052988776
2022-04-01 12:00:00,7662,5223,0.6865048408508301,2.0,0.6816758026624902
2022-04-02 12:00:00,7662,2717,0.35460716485977173,1.0,0.35460715217958755
2022-04-03 12:00:00,7662,2568,0.3351605236530304,1.0,0.3351605324980423
2022-04-04 12:00:00,7662,1825,0.2381884604692459,1.0,0.23818846254241713
2022-04-05 12:00:00,7662,2308,0.30122682452201843,1.0,0.301226833724876
2022-04-06 12:00:00,7662,1814,0.23884102702140808,2.0,0.23675280605586008
2022-04-07 12:00:00,7662,1758,0.2294440120458603,1.0,0.22944400939702428
2022-04-08 12:00:00,7662,1256,0.1639258712530136,1.0,0.16392586791960323
2022-04-09 12:00:00,7662,1142,0.14904724061489105,1.0,0.14904724614983034
2022-04-10 12:00:00,7662,1359,0.17736883461475372,1.0,0.1773688332028191
2022-04-11 12:00:00,7662,833,0.10871835052967072,1.0,0.10871835030018272
2022-04-12 12:00:00,7662,624,0.08144087344408035,1.0,0.08144087705559906
2022-04-13 12:00:00,7662,2546,0.3322892189025879,1.0,0.33228921952492824
2022-04-14 12:00:00,7662,2425,0.31754112243652344,2.0,0.31649699817280086
2022-04-15 12:00:00,7662,3563,0.47298356890678406,2.0,0.4650221874184286
2022-04-16 12:00:00,7662,2627,0.34442704916000366,2.0,0.34286087183503
2022-04-17 12:00:00,7662,3981,0.5249282121658325,2.0,0.519577133907596
2022-04-18 12:00:00,7662,3595,0.47285303473472595,2.0,0.4691986426520491
2022-04-19 12:00:00,7662,3558,0.4667188823223114,2.0,0.4643696162881754
2022-04-20 12:00:00,7662,3845,0.5067867636680603,2.0,0.501827199164709
2022-04-21 12:00:00,7662,4725,0.6299921870231628,2.0,0.6166797180892717
2022-04-22 12:00:00,7662,4668,0.6178543567657471,3.0,0.6092404072043853
2022-04-23 12:00:00,7662,4922,0.6510049700737,3.0,0.6423910206212478
2022-04-24 12:00:00,7662,4742,0.6289480328559875,3.0,0.6188984599321325
2022-04-25 12:00:00,7662,4748,0.6294701099395752,3.0,0.6196815452884364
2022-04-26 12:00:00,7662,4856,0.6472200751304626,3.0,0.6337770817019055
2022-04-27 12:00:00,7662,4425,0.5877055525779724,3.0,0.5775254502740799
2022-04-28 12:00:00,7662,4699,0.6433046460151672,3.0,0.6132863482119552
2022-04-29 12:00:00,7662,4891,0.6979900598526001,3.0,0.6383450796136779
2022-04-30 12:00:00,7662,4744,0.6249021291732788,3.0,0.6191594883842338
2022-05-01 12:00:00,7662,3713,0.48812320828437805,3.0,0.4845993213260245
2022-05-02 12:00:00,7662,3823,0.5002610087394714,2.0,0.49895588619159487
2022-05-03 12:00:00,7662,4406,0.5941007733345032,2.0,0.5750456799791177
2022-05-04 12:00:00,7662,4151,0.563560426235199,2.0,0.5417645523362047
2022-05-05 12:00:00,7662,4935,0.65244060754776,2.0,0.644087705559906
2022-05-06 12:00:00,7662,5769,0.7851735949516296,3.0,0.7529365700861393
2022-05-07 12:00:00,7662,6211,0.887235701084137,3.0,0.8106238580005221
2022-05-08 12:00:00,7662,7017,0.9968676567077637,4.0,0.9158183241973376
2022-05-09 12:00:00,7662,6599,0.9265204668045044,3.0,0.8612633777081702
2022-05-10 12:00:00,7662,6863,0.9633255004882812,4.0,0.895719133385539
2022-05-11 12:00:00,7662,5777,0.8018794059753418,4.0,0.7539806838945445
2022-05-12 12:00:00,7662,4144,0.572957456111908,4.0,0.5408509527538502
2022-05-13 12:00:00,7662,2689,0.37953537702560425,3.0,0.35095275385016966
2022-05-14 12:00:00,7662,3751,0.523884117603302,3.0,0.48955886191594883
2022-05-15 12:00:00,7662,5688,0.7922213673591614,3.0,0.7423649177760376
2022-05-16 12:00:00,7662,5733,0.8047507405281067,3.0,0.7482380579483163
2022-05-17 12:00:00,7662,5665,0.7824327945709229,3.0,0.7393630905768729
2022-05-18 12:00:00,7662,2999,0.4193422198295593,3.0,0.3914121639258679
2022-05-19 12:00:00,7662,1757,0.2468024045228958,3.0,0.22931349517097363
2022-05-20 12:00:00,7662,2100,0.30331507325172424,3.0,0.274079874706343
2022-05-21 12:00:00,7662,1693,0.24014617502689362,3.0,0.2209605847037327
2022-05-22 12:00:00,7662,1865,0.2658574879169464,3.0,0.24340903158444271
2022-05-23 12:00:00,7662,1705,0.2494126856327057,3.0,0.22252675541634037
2022-05-24 12:00:00,7662,1924,0.2798224985599518,3.0,0.25110937092143043
2022-05-25 12:00:00,7662,1877,0.2725137174129486,3.0,0.2449752022970504
2022-05-26 12:00:00,7662,1581,0.22983555495738983,3.0,0.20634299138606108
2022-05-27 12:00:00,7662,1981,0.28230226039886475,3.0,0.2585486818063169
2022-05-28 12:00:00,7662,2988,0.4229966104030609,3.0,0.3899765074393109
2022-05-29 12:00:00,7662,3021,0.42900025844573975,4.0,0.39428347689898197
2022-05-30 12:00:00,7662,2275,0.321195513010025,3.0,0.2969198642652049
2022-05-31 12:00:00,7662,2109,0.2960062623023987,3.0,0.27525450274079877
2022-06-01 12:00:00,7662,2683,0.3706603944301605,3.0,0.3501696684938658
2022-06-02 12:00:00,7662,2811,0.3962411880493164,3.0,0.3668754894283477
2022-06-03 12:00:00,7662,3206,0.47663795948028564,4.0,0.4184286087183503
2022-06-04 12:00:00,7662,3469,0.4933437705039978,4.0,0.4527538501696685
2022-06-05 12:00:00,7662,3275,0.45001304149627686,4.0,0.42743409031584445
2022-06-06 12:00:00,7662,4300,0.5865309238433838,3.0,0.56121117201775
2022-06-07 12:00:00,7662,5475,0.734795093536377,3.0,0.7145653876272514
2022-06-08 12:00:00,7662,4350,0.5861393809318542,3.0,0.5677368833202819
2022-06-09 12:00:00,7662,2959,0.4116418659687042,3.0,0.38619159488384236
2022-06-10 12:00:00,7662,2194,0.30605587363243103,3.0,0.2863482119551031
2022-06-11 12:00:00,7662,1353,0.19028973579406738,3.0,0.17658574784651526
2022-06-12 12:00:00,7662,1253,0.1771078109741211,3.0,0.1635343252414513
2022-06-13 12:00:00,7662,1243,0.1733228862285614,3.0,0.16222918298094494
2022-06-14 12:00:00,7662,1159,0.16144609451293945,3.0,0.1512659879926912
2022-06-15 12:00:00,7662,722,0.10336726903915405,3.0,0.09423127120856173
2022-06-16 12:00:00,7662,773,0.11211171746253967,3.0,0.10088749673714435
2022-06-17 12:00:00,7662,932,0.13364656269550323,3.0,0.12163925867919603
2022-06-18 12:00:00,7662,793,0.11550509184598923,3.0,0.10349778125815715
2022-06-19 12:00:00,7662,800,0.1123727485537529,2.0,0.10441138084051162
2022-06-20 12:00:00,7662,993,0.13782301545143127,2.0,0.12960062646828505
2022-06-21 12:00:00,7662,753,0.10323674976825714,2.0,0.09827721221613156
2022-06-22 12:00:00,7662,1348,0.18363352119922638,2.0,0.17593317671626207
2022-06-23 12:00:00,7662,2154,0.29196032881736755,2.0,0.2811276429130775
2022-06-24 12:00:00,7662,1586,0.21639259159564972,2.0,0.2069955625163143
2022-06-25 12:00:00,7662,1517,0.20725658535957336,2.0,0.19799008091882014
2022-06-26 12:00:00,7662,612,0.08535630255937576,2.0,0.07987470634299139
2022-06-27 12:00:00,7662,642,0.08744452893733978,2.0,0.08379013312451057
2022-06-28 12:00:00,7662,409,0.05507700517773628,2.0,0.05338031845471156
2022-06-29 12:00:00,7662,401,0.05390237644314766,2.0,0.05233620464630645
2022-06-30 12:00:00,7662,425,0.05768728628754616,2.0,0.055468546071521796
2022-07-01 12:00:00,7662,450,0.06055860221385956,2.0,0.058731401722787784
2022-07-02 12:00:00,7662,414,0.059383973479270935,2.0,0.05403288958496476
2022-07-03 12:00:00,7662,624,0.08600887656211853,2.0,0.08144087705559906
2022-07-04 12:00:00,7662,563,0.0818324163556099,2.0,0.07347950926651005
2022-07-05 12:00:00,7662,443,0.05925345793366432,2.0,0.057817802140433305
2022-07-06 12:00:00,7662,600,0.08078830689191818,2.0,0.07830853563038372
2022-07-07 12:00:00,7662,808,0.11211171746253967,2.0,0.10545549464891674
2022-07-08 12:00:00,7662,1311,0.18258939683437347,2.0,0.1711041503523884
2022-07-09 12:00:00,7662,2414,0.3425998389720917,3.0,0.3150613416862438
2022-07-10 12:00:00,7662,2712,0.3933698832988739,3.0,0.35395458104933436
2022-07-11 12:00:00,7662,2518,0.36348211765289307,4.0,0.3286348211955103
2022-07-12 12:00:00,7662,2549,0.3897154927253723,2.0,0.3326807622030801
2022-07-13 12:00:00,7662,2595,0.3657008707523346,3.0,0.3386844166014096
2022-07-14 12:00:00,7662,2766,0.38801878690719604,3.0,0.3610023492560689
2022-07-15 12:00:00,7662,2649,0.3667449653148651,3.0,0.3457321848081441
2022-07-16 12:00:00,7662,2560,0.3607413172721863,3.0,0.33411641868963715
2022-07-17 12:00:00,7662,2660,0.40616026520729065,3.0,0.34716784129470113
2022-07-18 12:00:00,7662,2872,0.5570347309112549,3.0,0.3748368572174367
2022-07-19 12:00:00,7662,3078,0.6157661080360413,3.0,0.40172278778386844
2022-07-20 12:00:00,7662,3193,0.5285826325416565,3.0,0.416731923779692
2022-07-21 12:00:00,7662,2954,0.4493604898452759,3.0,0.3855390237535891
2022-07-22 12:00:00,7662,4278,0.6653615236282349,4.0,0.5583398590446359
2022-07-23 12:00:00,7662,3007,0.42260506749153137,4.0,0.39245627773427305
2022-07-24 12:00:00,7662,3005,0.4266510009765625,4.0,0.39219524928217175
2022-07-25 12:00:00,7662,2154,0.29744192957878113,4.0,0.2811276429130775
2022-07-26 12:00:00,7662,2115,0.2873923182487488,3.0,0.2760375880971026
2022-07-27 12:00:00,7662,2055,0.27838683128356934,3.0,0.26820673453406424
2022-07-28 12:00:00,7662,2281,0.3084051012992859,3.0,0.29770294962150873
2022-07-29 12:00:00,7662,2428,0.3256329894065857,2.0,0.31688854085095275
2022-07-30 12:00:00,7662,2198,0.29261288046836853,3.0,0.28687026885930567
2022-07-31 12:00:00,7662,1770,0.23101018369197845,1.0,0.23101018010963195
2022-08-01 12:00:00,7662,2171,0.2879143953323364,2.0,0.2833463847559384
2022-08-02 12:00:00,7662,2042,0.26912033557891846,2.0,0.2665100495954059
2022-08-03 12:00:00,7662,1913,0.2541112005710602,2.0,0.2496737144348734
2022-08-04 12:00:00,7662,2181,0.2888279855251312,2.0,0.2846515270164448
2022-08-05 12:00:00,7662,1902,0.2516314387321472,3.0,0.24823805794831635
2022-08-06 12:00:00,7662,1928,0.2561994194984436,2.0,0.25163142782563297
2022-08-07 12:00:00,7662,2543,0.34025058150291443,2.0,0.3318976768467763
2022-08-08 12:00:00,7662,2878,0.38827982544898987,2.0,0.37561994257374054
2022-08-09 12:00:00,7662,5087,0.7141738533973694,3.0,0.6639258679196033
2022-08-10 12:00:00,7662,5368,0.8741843104362488,4.0,0.700600365439833
2022-08-11 12:00:00,7662,5389,0.9562777280807495,4.0,0.7033411641868964
2022-08-12 12:00:00,7662,5697,1.0776559114456177,5.0,0.7435395458104933
2022-08-13 12:00:00,7662,5599,1.1192899942398071,5.0,0.7307491516575306
2022-08-14 12:00:00,7662,5550,1.1604019403457642,5.0,0.7243539545810493
2022-08-15 12:00:00,7662,5200,1.067345380783081,4.0,0.6786739754633255
2022-08-16 12:00:00,7662,5037,0.8568258881568909,3.0,0.6574001566170713
2022-08-17 12:00:00,7662,4361,0.6837640404701233,4.0,0.5691725398068389
2022-08-18 12:00:00,7662,3623,0.49686765670776367,3.0,0.47285304098146697
2022-08-19 12:00:00,7662,3785,0.5242756605148315,3.0,0.4939963456016706
2022-08-20 12:00:00,7662,2907,0.4038110077381134,3.0,0.3794048551292091
2022-08-21 12:00:00,7662,2921,0.4113808274269104,3.0,0.38123205429391804
2022-08-22 12:00:00,7662,2758,0.38893240690231323,2.0,0.3599582354476638
2022-08-23 12:00:00,7662,3790,0.5327590703964233,3.0,0.4946489167319238
2022-08-24 12:00:00,7662,4020,0.572304904460907,3.0,0.5246671887235709
2022-08-25 12:00:00,7662,4097,0.6173322796821594,4.0,0.5347167841294701
2022-08-26 12:00:00,7662,4071,0.6202036142349243,3.0,0.5313234142521535
2022-08-27 12:00:00,7662,4187,0.6431741118431091,3.0,0.5464630644740277
2022-08-28 12:00:00,7662,4156,0.663273274898529,3.0,0.5424171234664579
2022-08-29 12:00:00,7662,5376,0.8702688813209534,4.0,0.701644479248238
2022-08-30 12:00:00,7662,6268,0.9381362795829773,3.0,0.8180631688854085
2022-08-31 12:00:00,7662,7000,1.02009916305542,4.0,0.9135995823544767
2022-09-01 12:00:00,7662,6796,1.0057426691055298,5.0,0.8869746802401461
2022-09-02 12:00:00,7662,6004,0.926259458065033,4.0,0.7836074132080397
2022-09-03 12:00:00,7662,6073,0.8385539054870605,3.0,0.7926128948055338
2022-09-04 12:00:00,7662,6599,0.9186896085739136,3.0,0.8612633777081702
2022-09-05 12:00:00,7662,5939,0.8717045187950134,4.0,0.7751239885147481
2022-09-06 12:00:00,7662,6263,0.9369616508483887,4.0,0.8174105977551553
2022-09-07 12:00:00,7662,6940,1.0546854734420776,4.0,0.9057687287914382
2022-09-08 12:00:00,7662,6804,1.0370659828186035,4.0,0.8880187940485513
2022-09-09 12:00:00,7662,6864,1.0835291147232056,5.0,0.8958496476115897
2022-09-10 12:00:00,7662,6833,1.0554685592651367,4.0,0.8918037066040199
2022-09-11 12:00:00,7662,6492,0.95732182264328,4.0,0.8472983555207517
2022-09-12 12:00:00,7662,7362,1.107804775238037,4.0,0.9608457321848082
2022-09-13 12:00:00,7662,7389,1.0960584878921509,3.0,0.9643696162881754
2022-09-14 12:00:00,7662,7280,1.0341947078704834,3.0,0.9501435656486557
2022-09-15 12:00:00,7662,7296,1.0545549392700195,3.0,0.9522317932654659
2022-09-16 12:00:00,7662,6978,0.9689376354217529,3.0,0.9107282693813625
2022-09-17 12:00:00,7662,6326,0.8389454483985901,2.0,0.8256329939963456
2022-09-18 12:00:00,7662,6864,0.9022448658943176,2.0,0.8958496476115897
2022-09-19 12:00:00,7662,7129,0.951579213142395,2.0,0.9304359175150091
2022-09-20 12:00:00,7662,7232,0.971025824546814,2.0,0.943878882798225
2022-09-21 12:00:00,7662,7495,0.9969981908798218,2.0,0.9782041242495432
2022-09-22 12:00:00,7662,7577,1.0322370529174805,2.0,0.9889062907856957
2022-09-23 12:00:00,7662,7624,1.0717828273773193,2.0,0.9950404594100757
2022-09-24 12:00:00,7662,7522,1.031062364578247,2.0,0.9817280083529105
2022-09-25 12:00:00,7662,7382,0.9836857318878174,2.0,0.9634560167058209
2022-09-26 12:00:00,7662,7168,0.9385278224945068,2.0,0.9355259723309841
2022-09-27 12:00:00,7662,6605,0.8645262122154236,2.0,0.8620464630644741
2022-09-28 12:00:00,7662,6593,0.8630905747413635,2.0,0.8604802923518664
2022-09-29 12:00:00,7662,5847,0.7683372497558594,2.0,0.7631166797180893
2022-09-30 12:00:00,7662,6168,0.8095797300338745,2.0,0.8050117462803446
2022-10-01 12:00:00,7662,4798,0.627251386642456,2.0,0.6262072565909684
2022-10-02 12:00:00,7662,3969,0.518794059753418,2.0,0.5180109631949883
2022-10-03 12:00:00,7662,4631,0.6138083934783936,2.0,0.6044113808405116
2022-10-04 12:00:00,7662,2910,0.3801879286766052,2.0,0.379796397807361
2022-10-05 12:00:00,7662,4969,0.6487862467765808,2.0,0.6485251892456277
2022-10-06 12:00:00,7662,3192,0.4169929623603821,2.0,0.41660140955364133
2022-10-07 12:00:00,7662,4741,0.6211171746253967,2.0,0.618767945706082
2022-10-08 12:00:00,7662,4197,0.549073338508606,2.0,0.5477682067345341
2022-10-09 12:00:00,7662,3914,0.5168363451957703,2.0,0.5108326807622031
2022-10-10 12:00:00,7662,3507,0.4579744338989258,2.0,0.4577133907595928
2022-10-11 12:00:00,7662,2002,0.2616810202598572,2.0,0.2612894805533803
2022-10-12 12:00:00,7662,2381,0.31101539731025696,2.0,0.3107543722265727
2022-10-13 12:00:00,7662,2371,0.3094492256641388,1.0,0.3094492299660663
2022-10-14 12:00:00,7662,2527,0.32993996143341064,2.0,0.3298094492299661
2022-10-15 12:00:00,7662,2186,0.28530409932136536,1.0,0.285304098146698
2022-10-16 12:00:00,7662,1824,0.238057941198349,1.0,0.23805794831636648
2022-10-17 12:00:00,7662,1694,0.22109109163284302,1.0,0.22109109892978335
2022-10-18 12:00:00,7662,2074,0.2706865072250366,1.0,0.27068650482902634
2022-10-19 12:00:00,7662,2317,0.30240145325660706,1.0,0.30240146175933175
2022-10-20 12:00:00,7662,2506,0.32706865668296814,1.0,0.3270686504829026
2022-10-21 12:00:00,7662,3364,0.4398329555988312,2.0,0.43904985643435135
2022-10-22 12:00:00,7662,3962,0.5170973539352417,1.0,0.5170973636126338
2022-10-23 12:00:00,7662,4048,0.5283215641975403,1.0,0.5283215870529888
2022-10-24 12:00:00,7662,5440,0.7099974155426025,1.0,0.709997389715479
2022-10-25 12:00:00,7662,5380,0.7021665573120117,1.0,0.7021665361524406
2022-10-26 12:00:00,7662,6114,0.8024014830589294,2.0,0.79796397807361
2022-10-27 12:00:00,7662,5644,0.773949384689331,2.0,0.7366222918298094
2022-10-28 12:00:00,7662,6506,0.8544766306877136,2.0,0.8491255546854607
2022-10-29 12:00:00,7662,6719,0.8842338919639587,2.0,0.8769250848342469
2022-10-30 12:00:00,7662,7001,0.9293918013572693,2.0,0.9137300965805273
2022-10-31 12:00:00,7662,6253,0.8339859247207642,2.0,0.816105455494649
2022-11-01 12:00:00,7662,6452,0.8689637184143066,2.0,0.8420777864787262
2022-11-02 12:00:00,7662,5443,0.7163925766944885,2.0,0.7103889323936309
2022-11-03 12:00:00,7662,5109,0.6730618476867676,2.0,0.6667971808927173
2022-11-04 12:00:00,7662,5003,0.6557034850120544,2.0,0.6529626729313495
2022-11-05 12:00:00,7662,5550,0.7320542931556702,2.0,0.7243539545810493
2022-11-06 12:00:00,7662,5086,0.6808927059173584,2.0,0.6637953536935526
2022-11-07 12:00:00,7662,5193,0.6917253732681274,2.0,0.677760375880971
2022-11-08 12:00:00,7662,5136,0.6791960597038269,2.0,0.6703210649960846
2022-11-09 12:00:00,7662,4924,0.6580527424812317,2.0,0.6426520490733489
2022-11-10 12:00:00,7662,4397,0.5965805053710938,2.0,0.5738710519446619
2022-11-11 12:00:00,7662,5175,0.7047768235206604,2.0,0.6754111198120595
2022-11-12 12:00:00,7662,5082,0.6996867656707764,2.0,0.66327329678935
2022-11-13 12:00:00,7662,5935,0.8547376394271851,2.0,0.7746019316105456
2022-11-14 12:00:00,7662,6053,0.8701383471488953,2.0,0.790002610284521
2022-11-15 12:00:00,7662,6610,0.8918036818504333,2.0,0.8626990341947273
2022-11-16 12:00:00,7662,6648,0.9470112323760986,2.0,0.8676585747846516
2022-11-17 12:00:00,7662,6451,0.8689637184143066,2.0,0.8419472722526755
2022-11-18 12:00:00,7662,6387,0.8412947058677673,2.0,0.8335943617854347
2022-11-19 12:00:00,7662,6000,0.7856956124305725,2.0,0.7830853563038371
2022-11-20 12:00:00,7662,5818,0.759462296962738,2.0,0.7593317671626207
2022-11-21 12:00:00,7662,5835,0.763769268989563,2.0,0.7615505090054816
2022-11-22 12:00:00,7662,5612,0.7324458360671997,1.0,0.732445836596189
2022-11-23 12:00:00,7662,5165,0.6742364764213562,2.0,0.6741059775515531
2022-11-24 12:00:00,7662,4610,0.6018010973930359,2.0,0.6016705820934481
2022-11-25 12:00:00,7662,4278,0.5614721775054932,2.0,0.5583398590446359
2022-11-26 12:00:00,7662,3918,0.5114852786064148,2.0,0.5113547376664056
2022-11-27 12:00:00,7662,4260,0.5632994174957275,2.0,0.5559906029757243
2022-11-28 12:00:00,7662,4378,0.5740015506744385,2.0,0.5713912816496998
2022-11-29 12:00:00,7662,4187,0.5563821196556091,2.0,0.5464630644740277
2022-11-30 12:00:00,7662,4223,0.5694335699081421,2.0,0.5511615766118507
2022-12-01 12:00:00,7662,4430,0.5948838591575623,2.0,0.578178021404333
2022-12-02 12:00:00,7662,4440,0.598929762840271,2.0,0.5794831636648394
2022-12-03 12:00:00,7662,4063,0.54411381483078,2.0,0.5302793004437484
2022-12-04 12:00:00,7662,4862,0.6447402834892273,2.0,0.6345601670582094
2022-12-05 12:00:00,7662,4640,0.6100234985351562,2.0,0.6055860088749674
2022-12-06 12:00:00,7662,4251,0.5648655891418457,2.0,0.5548159749412686
2022-12-07 12:00:00,7662,4301,0.5696945786476135,2.0,0.5613416862438005
2022-12-08 12:00:00,7662,3757,0.493082731962204,2.0,0.49034194727225267
2022-12-09 12:00:00,7662,3097,0.40420255064964294,1.0,0.4042025580788306
2022-12-10 12:00:00,7662,2833,0.3697468042373657,1.0,0.36974680240146174
2022-12-11 12:00:00,7662,2656,0.3466457724571228,1.0,0.3466457843904986
2022-12-12 12:00:00,7662,2550,0.33281126618385315,1.0,0.3328112764291308
2022-12-13 12:00:00,7662,2838,0.37079092860221863,2.0,0.370399373531715
2022-12-14 12:00:00,7662,2767,0.3611328601837158,1.0,0.36113286348211954
2022-12-15 12:00:00,7662,2510,0.3275907039642334,1.0,0.3275907073871052
2022-12-16 12:00:00,7662,2268,0.29678934812545776,2.0,0.2960062646828504
2022-12-17 12:00:00,7662,2531,0.3307230472564697,2.0,0.3303315061341686
2022-12-18 12:00:00,7662,1822,0.23779691755771637,1.0,0.2377969198642652
2022-12-19 12:00:00,7662,2517,0.3286348283290863,2.0,0.32850430696945965
2022-12-20 12:00:00,7662,2517,0.3285042941570282,1.0,0.32850430696945965
2022-12-21 12:00:00,7662,3134,0.4095536470413208,2.0,0.40903158444270427
2022-12-22 12:00:00,7662,3177,0.41464370489120483,1.0,0.41464369616288177
2022-12-23 12:00:00,7662,3442,0.45392847061157227,2.0,0.4492299660663012
2022-12-24 12:00:00,7662,3207,0.4265204966068268,2.0,0.41855912294440095
2022-12-25 12:00:00,7662,3126,0.41007569432258606,2.0,0.40798747063429913
2022-12-26 12:00:00,7662,3931,0.5241451263427734,2.0,0.513051422605064
2022-12-27 12:00:00,7662,3238,0.4360480308532715,2.0,0.4226050639519708
2022-12-28 12:00:00,7662,3784,0.49386581778526306,1.0,0.49386583137561996
2022-12-29 12:00:00,7662,4098,0.5354998707771301,2.0,0.5348472983555208
2022-12-30 12:00:00,7662,4137,0.5408509373664856,2.0,0.5399373531714957
2022-12-31 12:00:00,7662,3919,0.5114852786064148,1.0,0.5114852518924563
2023-01-01 12:00:00,7662,3234,0.42443227767944336,2.0,0.4220830070477682
2023-01-02 12:00:00,7662,4241,0.558600902557373,2.0,0.5535108326807622
2023-01-03 12:00:00,7662,3860,0.5040459632873535,2.0,0.5037849125554685
2023-01-04 12:00:00,7662,4645,0.607021689414978,2.0,0.6062385800052206
2023-01-05 12:00:00,7662,4866,0.6386061310768127,2.0,0.6350822239624119
2023-01-06 12:00:00,7662,4773,0.6346907019615173,2.0,0.6229444009397024
2023-01-07 12:00:00,7662,4158,0.5569041967391968,2.0,0.5426781519185592
2023-01-08 12:00:00,7662,3842,0.513834536075592,2.0,0.5014356564865571
2023-01-09 12:00:00,7662,4662,0.6207256317138672,2.0,0.6084573218480814
2023-01-10 12:00:00,7662,4734,0.6294701099395752,2.0,0.6178543461237275
2023-01-11 12:00:00,7662,3739,0.49673715233802795,2.0,0.48799269120334116
2023-01-12 12:00:00,7662,3825,0.5084834098815918,2.0,0.49921691464369616
2023-01-13 12:00:00,7662,3974,0.5331506133079529,2.0,0.5186635343252415
2023-01-14 12:00:00,7662,3838,0.5084834098815918,2.0,0.5009135995823545
2023-01-15 12:00:00,7662,2684,0.35552075505256653,2.0,0.3503001827199165
2023-01-16 12:00:00,7662,2901,0.3818846344947815,2.0,0.37862176977290524
2023-01-17 12:00:00,7662,2134,0.28047508001327515,2.0,0.27851735839206476
2023-01-18 12:00:00,7662,1255,0.16627512872219086,2.0,0.1637953536935526
2023-01-19 12:00:00,7662,1390,0.18141476809978485,1.0,0.18141477421038893
2023-01-20 12:00:00,7662,1418,0.18976768851280212,2.0,0.18506917253980684
2023-01-21 12:00:00,7662,1625,0.21378229558467865,2.0,0.21208561733228923
2023-01-22 12:00:00,7662,1352,0.17645522952079773,1.0,0.17645523362046464
2023-01-23 12:00:00,7662,1548,0.2096058428287506,3.0,0.20203602192638997
2023-01-24 12:00:00,7662,858,0.11263377964496613,2.0,0.11198120595144871
2023-01-25 12:00:00,7662,2469,0.32263118028640747,2.0,0.32223962411902896
2023-01-26 12:00:00,7662,2249,0.2935265004634857,1.0,0.2935264943878883
2023-01-27 12:00:00,7662,1619,0.21130253374576569,1.0,0.2113025319759854
2023-01-28 12:00:00,7662,1862,0.24301749467849731,1.0,0.2430174889062908
2023-01-29 12:00:00,7662,2272,0.2980944812297821,2.0,0.296528321587053
2023-01-30 12:00:00,7662,2220,0.2914382815361023,2.0,0.2897415818324197
2023-01-31 12:00:00,7662,2072,0.2716000974178314,2.0,0.2704254763769251
2023-02-01 12:00:00,7662,3621,0.48538240790367126,2.0,0.4725920125293657
2023-02-02 12:00:00,7662,2056,0.2885669469833374,2.0,0.26833724876011483
2023-02-03 12:00:00,7662,2276,0.34729835391044617,3.0,0.29705037849125554
2023-02-04 12:00:00,7662,2324,0.30448970198631287,2.0,0.30331506134168623
2023-02-05 12:00:00,7662,3173,0.42599841952323914,2.0,0.4141216392586792
2023-02-06 12:00:00,7662,3255,0.4257374107837677,2.0,0.42482380579483164
2023-02-07 12:00:00,7662,2948,0.3874967396259308,2.0,0.3847559383972853
2023-02-08 12:00:00,7662,2165,0.283998966217041,2.0,0.28256329939963454
2023-02-09 12:00:00,7662,2112,0.27642911672592163,2.0,0.27564604541895066
2023-02-10 12:00:00,7662,1576,0.2056904137134552,1.0,0.2056904202558079
2023-02-11 12:00:00,7662,603,0.07870008051395416,1.0,0.07870007830853563
2023-02-12 12:00:00,7662,1466,0.1913338601589203,1.0,0.19133385539023753
2023-02-13 12:00:00,7662,3633,0.4753327965736389,2.0,0.4741581832419734
2023-02-14 12:00:00,7662,3657,0.47937875986099243,2.0,0.47729052466718874
2023-02-15 12:00:00,7662,1612,0.2103889286518097,1.0,0.2103889323936309
2023-02-16 12:00:00,7662,1506,0.19825111329555511,2.0,0.19655442443226312
2023-02-17 12:00:00,7662,1456,0.19002871215343475,1.0,0.19002871312973113
2023-02-18 12:00:00,7662,3957,0.5178804397583008,2.0,0.5164447924823806
2023-02-19 12:00:00,7662,2534,0.333072304725647,2.0,0.33072304881232056
2023-02-20 12:00:00,7662,2334,0.31584441661834717,2.0,0.30462020360219266
2023-02-21 12:00:00,7662,2494,0.33750978112220764,2.0,0.32550247977029495
2023-02-22 12:00:00,7662,5396,0.7231793403625488,2.0,0.7042547637692509
2023-02-23 12:00:00,7662,4869,0.6490472555160522,2.0,0.6354737666405639
2023-02-24 12:00:00,7662,5018,0.69655442237854,2.0,0.6549203863221091
2023-02-25 12:00:00,7662,5702,0.7697728872299194,2.0,0.7441921169407465
2023-02-26 12:00:00,7662,5898,0.8189767599105835,2.0,0.7697729052466719
2023-02-27 12:00:00,7662,5905,0.7884364128112793,2.0,0.7706865048290263
2023-02-28 12:00:00,7662,5508,0.7342730164527893,2.0,0.7188723570869224
2023-03-01 12:00:00,7662,4191,0.5497259497642517,2.0,0.5469851213782302
2023-03-02 12:00:00,7662,3912,0.5125293731689453,2.0,0.5105716523101018
2023-03-03 12:00:00,7662,3941,0.5233620405197144,2.0,0.5143565648655704
2023-03-04 12:00:00,7662,3140,0.4102061986923218,2.0,0.4098146697990081
2023-03-05 12:00:00,7662,3389,0.44231271743774414,1.0,0.44231271208561734
2023-03-06 12:00:00,7662,2237,0.29196032881736755,1.0,0.29196032367528063
2023-03-07 12:00:00,7662,2514,0.32824328541755676,2.0,0.32811276429130776
2023-03-08 12:00:00,7662,2335,0.3056643307209015,2.0,0.30475071782824326
2023-03-09 12:00:00,7662,1840,0.24027669429779053,2.0,0.24014617593317672
2023-03-10 12:00:00,7662,1378,0.1801096349954605,2.0,0.17984860349778126
2023-03-11 12:00:00,7662,880,0.11485251784324646,1.0,0.11485251892456277
2023-03-12 12:00:00,7662,1276,0.1665361523628235,1.0,0.16653615244061604
2023-03-13 12:00:00,7662,1409,0.183894544839859,1.0,0.1838945445053511
2023-03-14 12:00:00,7662,2424,0.3163664937019348,1.0,0.3163664839467502
2023-03-15 12:00:00,7662,1629,0.21260766685009003,1.0,0.21260767423649177
2023-03-16 12:00:00,7662,2124,0.2772122025489807,1.0,0.27721221613155833
2023-03-17 12:00:00,7662,1637,0.21404333412647247,2.0,0.2136517880448969
2023-03-18 12:00:00,7662,3281,0.4316105544567108,2.0,0.4282171756721483
2023-03-19 12:00:00,7662,2604,0.3398590385913849,1.0,0.3398590446358653
2023-03-20 12:00:00,7662,1639,0.21391281485557556,1.0,0.21391281649699817
2023-03-21 12:00:00,7662,1714,0.2237013876438141,1.0,0.22370138345079613
2023-03-22 12:00:00,7662,3181,0.4159488379955292,2.0,0.4151657530670843
2023-03-23 12:00:00,7662,3900,0.5117462873458862,2.0,0.5090054815974941
2023-03-24 12:00:00,7662,4348,0.5717828273773193,2.0,0.5674758548681806
2023-03-25 12:00:00,7662,4172,0.5497259497642517,2.0,0.544505351083268
2023-03-26 12:00:00,7662,4233,0.5550770163536072,2.0,0.5524667188723571
2023-03-27 12:00:00,7662,3594,0.47011223435401917,2.0,0.46906812842599843
2023-03-28 12:00:00,7662,3372,0.44152963161468506,2.0,0.4400939702427565
2023-03-29 12:00:00,7662,5120,0.6741060018539429,2.0,0.6682328373792743
2023-03-30 12:00:00,7662,3429,0.44896894693374634,2.0,0.4475332811276429
2023-03-31 12:00:00,7662,4911,0.651788055896759,2.0,0.6409553641346907
2023-04-01 12:00:00,7662,4667,0.6251631379127502,2.0,0.6091098929783346
2023-04-02 12:00:00,7662,4261,0.5716522932052612,2.0,0.556121117201775
2023-04-03 12:00:00,7662,3538,0.49477943778038025,2.0,0.4617593317671626
2023-04-04 12:00:00,7662,2949,0.3856695294380188,2.0,0.38488645262333593
2023-04-05 12:00:00,7662,3223,0.42351865768432617,2.0,0.42064735056121116
2023-04-06 12:00:00,7662,4733,0.6307752728462219,2.0,0.6177238318976769
2023-04-07 12:00:00,7662,2778,0.37392327189445496,2.0,0.36256851996867656
2023-04-08 12:00:00,7662,2609,0.3581310510635376,3.0,0.3405116157661185
2023-04-09 12:00:00,7662,4167,0.5638214349746704,2.0,0.5438527799530148
2023-04-10 12:00:00,7662,3174,0.42704254388809204,2.0,0.4142521534847298
2023-04-11 12:00:00,7662,2358,0.3144087791442871,2.0,0.307752545027408
2023-04-12 12:00:00,7662,2237,0.2952231764793396,2.0,0.29196032367528063
2023-04-13 12:00:00,7662,2049,0.2693813741207123,2.0,0.2674236491777604
2023-04-14 12:00:00,7662,2304,0.30135735869407654,2.0,0.3007047768206735
2023-04-15 12:00:00,7662,2151,0.2807360887527466,1.0,0.2807361002349256
2023-04-16 12:00:00,7662,335,0.04372226446866989,1.0,0.04372226572696424
2023-04-17 12:00:00,7662,2356,0.3084051012992859,2.0,0.3074915165753067
2023-04-18 12:00:00,7662,4728,0.6303837299346924,2.0,0.6170712607674237
2023-04-19 12:00:00,7662,4169,0.5475071668624878,2.0,0.5441138084051161
2023-04-20 12:00:00,7662,3608,0.4762464165687561,2.0,0.4708953275907074
2023-04-21 12:00:00,7662,3390,0.448316365480423,2.0,0.442443226311668
2023-04-22 12:00:00,7662,2483,0.3268076181411743,2.0,0.3240668232837379
2023-04-23 12:00:00,7662,1911,0.2524145245552063,2.0,0.2494126859827721
2023-04-24 12:00:00,7662,1929,0.2545027434825897,2.0,0.2517619420516836
2023-04-25 12:00:00,7662,1182,0.15570347011089325,2.0,0.15426781519185592
2023-04-26 12:00:00,7662,1607,0.21182459592819214,2.0,0.20973636126337772
2023-04-27 12:00:00,7662,561,0.07321847975254059,1.0,0.07321848081440877
2023-04-28 12:00:00,7662,1503,0.1961628794670105,1.0,0.1961628817541112
2023-04-29 12:00:00,7662,1174,0.15322370827198029,1.0,0.1532237013834508
2023-04-30 12:00:00,7662,1724,0.22709475457668304,2.0,0.22500652571130253
2023-05-01 12:00:00,7662,1556,0.20308013260364532,1.0,0.20308013573479508
2023-05-02 12:00:00,7662,1906,0.26533541083335876,2.0,0.24876011485251892
2023-05-03 12:00:00,7662,1347,0.17593318223953247,2.0,0.17580266249021143
2023-05-04 12:00:00,7662,2054,0.2722526788711548,2.0,0.2680762203080136
2023-05-05 12:00:00,7662,2220,0.2903941571712494,2.0,0.2897415818324197
2023-05-06 12:00:00,7662,3959,0.5237535834312439,2.0,0.5167058209344818
2023-05-07 12:00:00,7662,3400,0.4487079083919525,2.0,0.44374836857217437
2023-05-08 12:00:00,7662,2925,0.39584964513778687,3.0,0.3817541111981206
2023-05-09 12:00:00,7662,4055,0.5518141388893127,3.0,0.5292351866353433
2023-05-10 12:00:00,7662,4905,0.6592273712158203,3.0,0.6401722787783869
2023-05-11 12:00:00,7662,4679,0.6545288562774658,4.0,0.6106760636909423
2023-05-12 12:00:00,7662,6645,0.9387888312339783,4.0,0.8672670321064996
2023-05-13 12:00:00,7662,5798,0.819368302822113,4.0,0.756721482641608
2023-05-14 12:00:00,7662,5085,0.7118245959281921,4.0,0.663664839467502
2023-05-15 12:00:00,7662,6044,0.8435134291648865,4.0,0.7888279822500652
2023-05-16 12:00:00,7662,5685,0.7778648138046265,3.0,0.7419733750978856
2023-05-17 12:00:00,7662,5335,0.7518924474716187,3.0,0.6962933959801618
2023-05-18 12:00:00,7662,4423,0.6093709468841553,3.0,0.5772644218219786
2023-05-19 12:00:00,7662,3270,0.4457060694694519,3.0,0.4267815191855912
2023-05-20 12:00:00,7662,3062,0.4151657521724701,3.0,0.39963456016705823
2023-05-21 12:00:00,7662,4010,0.5409814715385437,3.0,0.5233620464630645
2023-05-22 12:00:00,7662,3940,0.5415035486221313,3.0,0.5142260506395198
2023-05-23 12:00:00,7662,3711,0.5326285362243652,4.0,0.48433829287392327
2023-05-24 12:00:00,7662,4817,0.6728008389472961,4.0,0.6286870268859306
2023-05-25 12:00:00,7662,5111,0.7094753384590149,3.0,0.6670582093448186
2023-05-26 12:00:00,7662,6626,0.9594100713729858,4.0,0.8647872618115374
2023-05-27 12:00:00,7662,6636,0.9890367984771729,4.0,0.8660924040720438
2023-05-28 12:00:00,7662,6187,0.8931088447570801,4.0,0.8074915165753067
2023-05-29 12:00:00,7662,7114,1.0315845012664795,4.0,0.9284782041242495
2023-05-30 12:00:00,7662,7136,1.098146677017212,4.0,0.9313495170973636
2023-05-31 12:00:00,7662,7428,1.1695380210876465,4.0,0.9694596711041503
2023-06-01 12:00:00,7662,6911,1.1764552593231201,5.0,0.9019838162359697
2023-06-02 12:00:00,7662,7015,1.205298900604248,5.0,0.9155572957452363
2023-06-03 12:00:00,7662,6394,1.1721482276916504,5.0,0.834507961367789
2023-06-04 12:00:00,7662,7342,1.3458627462387085,5.0,0.9582354476637953
2023-06-05 12:00:00,7662,7511,1.4369616508483887,5.0,0.9802923518663534
2023-06-06 12:00:00,7662,7564,1.459671139717102,5.0,0.9872096058470373
2023-06-07 12:00:00,7662,7420,1.3693552017211914,5.0,0.9684155572957452
2023-06-08 12:00:00,7662,7105,1.3305925130844116,5.0,0.9273035760897937
2023-06-09 12:00:00,7662,7144,1.4424432516098022,5.0,0.9323936309057688
2023-06-10 12:00:00,7662,6479,1.304228663444519,5.0,0.8456016705820935
2023-06-11 12:00:00,7662,6954,1.4254764318466187,5.0,0.9075959279561472
2023-06-12 12:00:00,7662,7344,1.5967110395431519,5.0,0.9584964761158966
2023-06-13 12:00:00,7662,7622,1.8234142065048218,5.0,0.9947794309579744
2023-06-14 12:00:00,7662,7626,2.1251630783081055,5.0,0.995301487862177
2023-06-15 12:00:00,7662,7660,2.4955625534057617,5.0,0.9997389715478987
2023-06-16 12:00:00,7662,7633,2.5927956104278564,5.0,0.9962150874445315
2023-06-17 12:00:00,7662,7554,2.4192116260528564,5.0,0.9859044635865309
2023-06-18 12:00:00,7662,7459,2.6131558418273926,5.0,0.9735056121117202
2023-06-19 12:00:00,7662,7662,2.640172243118286,5.0,1.0
2023-06-20 12:00:00,7662,7662,2.7654659748077393,5.0,1.0
2023-06-21 12:00:00,7662,7597,2.740929365158081,5.0,0.9915165753067084
2023-06-22 12:00:00,7662,7626,2.6772382259368896,5.0,0.995301487862177
2023-06-23 12:00:00,7662,7624,2.375358819961548,5.0,0.9950404594100757
2023-06-24 12:00:00,7662,7652,2.4370920658111572,5.0,0.9986948577394936
2023-06-25 12:00:00,7662,7614,2.254502773284912,5.0,0.9937353171495693
2023-06-26 12:00:00,7662,7640,2.2136518955230713,5.0,0.997128687026886
2023-06-27 12:00:00,7662,7541,1.7106499671936035,4.0,0.9842077786478726
2023-06-28 12:00:00,7662,7611,1.69368314743042,5.0,0.9933437744714174
2023-06-29 12:00:00,7662,7479,1.61837637424469,5.0,0.976115896632733
2023-06-30 12:00:00,7662,7224,1.246410846710205,4.0,0.9428347689898199
2023-07-01 12:00:00,7662,6969,1.2170451879501343,4.0,0.9095536413469069
2023-07-02 12:00:00,7662,6669,1.1196815967559814,4.0,0.8703993735317149
2023-07-03 12:00:00,7662,6161,0.98995041847229,4.0,0.8040981466979901
2023-07-04 12:00:00,7662,5671,0.8968937397003174,4.0,0.7401461759331767
2023-07-05 12:00:00,7662,5427,0.8617854118347168,4.0,0.7083007047768207
2023-07-06 12:00:00,7662,4912,0.7572435140609741,3.0,0.6410858783607413
2023-07-07 12:00:00,7662,4212,0.6433046460151672,4.0,0.5497259201252936
2023-07-08 12:00:00,7662,4464,0.6774993538856506,4.0,0.5826155050900548
2023-07-09 12:00:00,7662,5006,0.784651517868042,4.0,0.6533542156095015
2023-07-10 12:00:00,7662,5127,0.8860610723495483,5.0,0.6691464369616288
2023-07-11 12:00:00,7662,5480,0.9896893501281738,5.0,0.7152179587575046
2023-07-12 12:00:00,7662,5546,0.9237796664237976,4.0,0.7238318976768467
2023-07-13 12:00:00,7662,5333,0.9116418957710266,4.0,0.6960323675280605
2023-07-14 12:00:00,7662,5192,0.8201513886451721,3.0,0.6776298616549203
2023-07-15 12:00:00,7662,5085,0.778256356716156,4.0,0.663664839467502
2023-07-16 12:00:00,7662,4882,0.7541111707687378,4.0,0.6371704515792221
2023-07-17 12:00:00,7662,4782,0.735578179359436,3.0,0.6241190289741582
2023-07-18 12:00:00,7662,4672,0.7122161388397217,3.0,0.6097624641085878
2023-07-19 12:00:00,7662,4763,0.724745512008667,3.0,0.621639258679196
2023-07-20 12:00:00,7662,4846,0.7278778553009033,3.0,0.6324719394413991
2023-07-21 12:00:00,7662,4775,0.702297031879425,3.0,0.6232054293918037
2023-07-22 12:00:00,7662,3304,0.4706343114376068,3.0,0.431219002871313
2023-07-23 12:00:00,7662,3372,0.4620203673839569,3.0,0.4400939702427565
2023-07-24 12:00:00,7662,2971,0.4031584560871124,2.0,0.38775776559645003
2023-07-25 12:00:00,7662,3364,0.45301488041877747,3.0,0.43904985643435135
2023-07-26 12:00:00,7662,1735,0.2371443510055542,3.0,0.22644218219785955
2023-07-27 12:00:00,7662,1501,0.2037327140569687,3.0,0.19590185330200993
2023-07-28 12:00:00,7662,3076,0.4173845052719116,2.0,0.40146175933176714
2023-07-29 12:00:00,7662,2876,0.38723570108413696,2.0,0.37535891412163924
2023-07-30 12:00:00,7662,2624,0.3521273732185364,3.0,0.3424693291568781
2023-07-31 12:00:00,7662,1989,0.27473244071006775,2.0,0.259592795614722
2023-08-01 12:00:00,7662,1824,0.24889062345027924,2.0,0.23805794831636648
2023-08-02 12:00:00,7662,1560,0.2075176239013672,2.0,0.20360219263899765
2023-08-03 12:00:00,7662,1240,0.16601409018039703,2.0,0.16183764030279302
2023-08-04 12:00:00,7662,1039,0.13560427725315094,1.0,0.13560428086661447
2023-08-05 12:00:00,7662,1390,0.18245889246463776,2.0,0.18141477421038893
2023-08-06 12:00:00,7662,1098,0.1447402834892273,2.0,0.14330462020360218
2023-08-07 12:00:00,7662,1075,0.14108587801456451,2.0,0.1403027930044375
2023-08-08 12:00:00,7662,1308,0.17462803423404694,2.0,0.1707126076742365
2023-08-09 12:00:00,7662,1877,0.2515009045600891,2.0,0.2449752022970504
2023-08-10 12:00:00,7662,2674,0.35643434524536133,3.0,0.3489950404594101
2023-08-11 12:00:00,7662,1608,0.21769772469997406,2.0,0.20986687548942834
2023-08-12 12:00:00,7662,2061,0.2749934792518616,3.0,0.2689898198903681
2023-08-13 12:00:00,7662,1811,0.23936308920383453,3.0,0.23636126337770816
2023-08-14 12:00:00,7662,2074,0.2866092324256897,3.0,0.27068650482902634
2023-08-15 12:00:00,7662,2546,0.3436439633369446,3.0,0.33228921952492824
2023-08-16 12:00:00,7662,4996,0.6862437725067139,3.0,0.6520490733489951
2023-08-17 12:00:00,7662,3787,0.5485513210296631,3.0,0.49425737405377185
2023-08-18 12:00:00,7662,3062,0.4236491918563843,2.0,0.39963456016705823
2023-08-19 12:00:00,7662,2255,0.3020099103450775,3.0,0.29430957974419214
2023-08-20 12:00:00,7662,2017,0.2735578119754791,3.0,0.2632471939441399
2023-08-21 12:00:00,7662,1744,0.24353954195976257,3.0,0.2276168102323153
2023-08-22 12:00:00,7662,1982,0.294048547744751,3.0,0.25867919603236755
2023-08-23 12:00:00,7662,2018,0.2705560028553009,2.0,0.26337770817019057
2023-08-24 12:00:00,7662,2330,0.34429651498794556,3.0,0.30409814669799007
2023-08-25 12:00:00,7662,2642,0.3811015486717224,3.0,0.3448185852257896
2023-08-26 12:00:00,7662,2818,0.4220830202102661,3.0,0.3677890890107022
2023-08-27 12:00:00,7662,2234,0.30879664421081543,3.0,0.2915687809971287
2023-08-28 12:00:00,7662,2477,0.3496476113796234,3.0,0.3232837379274341
2023-08-29 12:00:00,7662,2363,0.33176717162132263,3.0,0.3084051161576612
2023-08-30 12:00:00,7662,2423,0.33568260073661804,3.0,0.31623596972069956
2023-08-31 12:00:00,7662,2964,0.4031584560871124,3.0,0.38684416601409555
2023-09-01 12:00:00,7662,3828,0.5069172382354736,2.0,0.49960845732184805
2023-09-02 12:00:00,7662,4111,0.5392847657203674,2.0,0.5365439832941791
2023-09-03 12:00:00,7662,4958,0.6734533905982971,3.0,0.6470895327590708
2023-09-04 12:00:00,7662,6222,0.9680240154266357,3.0,0.8120595144870791
2023-09-05 12:00:00,7662,5087,0.7622030973434448,3.0,0.6639258679196033
2023-09-06 12:00:00,7662,7311,1.176324725151062,4.0,0.9541895066562255
2023-09-07 12:00:00,7662,7653,1.421169400215149,4.0,0.9988253719655442
2023-09-08 12:00:00,7662,7654,1.5614721775054932,5.0,0.9989558861915949
2023-09-09 12:00:00,7662,7641,1.791307806968689,5.0,0.9972592012529365
2023-09-10 12:00:00,7662,7654,1.7546333074569702,5.0,0.9989558861915949
2023-09-11 12:00:00,7662,7654,1.668232798576355,5.0,0.9989558861915949
2023-09-12 12:00:00,7662,7654,1.4698512554168701,5.0,0.9989558861915949
2023-09-13 12:00:00,7662,7654,1.4083789587020874,4.0,0.9989558861915949
2023-09-14 12:00:00,7662,7654,1.2755155563354492,3.0,0.9989558861915949
2023-09-15 12:00:00,7662,7621,1.2008613348007202,3.0,0.9946489167319238
2023-09-16 12:00:00,7662,7594,1.1780214309692383,3.0,0.9911250326285566
2023-09-17 12:00:00,7662,7241,1.0723048448562622,3.0,0.9450535108326807
2023-09-18 12:00:00,7662,7411,1.0810493230819702,3.0,0.9672409292612895
2023-09-19 12:00:00,7662,6663,0.9185591340065002,2.0,0.8696162881754111
2023-09-20 12:00:00,7662,6423,0.9015922546386719,3.0,0.8382928739232577
2023-09-21 12:00:00,7662,5658,0.7983555197715759,2.0,0.7384494909945184
2023-09-22 12:00:00,7662,4275,0.5716522932052612,2.0,0.5579483163664839
2023-09-23 12:00:00,7662,3718,0.5030018091201782,2.0,0.48525189245627776
2023-09-24 12:00:00,7662,3647,0.4954319894313812,2.0,0.4759853824066823
2023-09-25 12:00:00,7662,4503,0.6188984513282776,2.0,0.5877055599060298
2023-09-26 12:00:00,7662,3616,0.5099191069602966,2.0,0.4719394413991125
2023-09-27 12:00:00,7662,3242,0.46136778593063354,2.0,0.4231271208561733
2023-09-28 12:00:00,7662,2750,0.36034977436065674,2.0,0.3589141216392587
2023-09-29 12:00:00,7662,3129,0.4564082622528076,2.0,0.4083790133124511
2023-09-30 12:00:00,7662,2931,0.399243026971817,2.0,0.3825371965544244
2023-10-01 12:00:00,7662,3424,0.553510844707489,2.0,0.4468807099973897
2023-10-02 12:00:00,7662,3668,0.5385016798973083,2.0,0.47872618115374577
2023-10-03 12:00:00,7662,3580,0.5279300212860107,2.0,0.46724092926128946
2023-10-04 12:00:00,7662,2724,0.3688332140445709,2.0,0.35552075176194203
2023-10-05 12:00:00,7662,3021,0.41751500964164734,2.0,0.39428347689898197
2023-10-06 12:00:00,7662,2937,0.4151657521724701,2.0,0.38332028191072826
2023-10-07 12:00:00,7662,2986,0.3942834734916687,2.0,0.3897154789872096
2023-10-08 12:00:00,7662,4720,0.7037327289581299,2.0,0.6160271469590185
2023-10-09 12:00:00,7662,5256,0.7361002564430237,2.0,0.6859827721221613
2023-10-10 12:00:00,7662,6181,0.95732182264328,2.0,0.8067084312190028
2023-10-11 12:00:00,7662,6509,1.0217958688735962,2.0,0.8495170973636126
2023-10-12 12:00:00,7662,6315,0.979770302772522,3.0,0.8241973375097885
2023-10-13 12:00:00,7662,6777,1.060558557510376,2.0,0.884494909945184
2023-10-14 12:00:00,7662,6354,0.9584964513778687,2.0,0.8292873923257635
2023-10-15 12:00:00,7662,4994,0.7192639112472534,2.0,0.6517880448968938
2023-10-16 12:00:00,7662,6123,0.867136538028717,2.0,0.7991386061080658
2023-10-17 12:00:00,7662,5405,0.7487601041793823,2.0,0.7054293918037066
2023-10-18 12:00:00,7662,5084,0.6959018707275391,2.0,0.6635343252414513
2023-10-19 12:00:00,7662,5461,0.7915687561035156,2.0,0.7127381884625424
2023-10-20 12:00:00,7662,5230,0.7149569392204285,2.0,0.6825894022448447
2023-10-21 12:00:00,7662,6020,0.8117985129356384,2.0,0.7856956408248499
2023-10-22 12:00:00,7662,5173,0.6827199459075928,2.0,0.6751500913599582
2023-10-23 12:00:00,7662,5123,0.6690159440040588,2.0,0.6686243800574263
2023-10-24 12:00:00,7662,5942,0.8039676547050476,2.0,0.7755155311929001
2023-10-25 12:00:00,7662,5730,0.7683372497558594,2.0,0.7478465152701644
2023-10-26 12:00:00,7662,6580,0.8871051669120789,2.0,0.858783607413208
2023-10-27 12:00:00,7662,6706,0.9102061986923218,2.0,0.8752283998955886
2023-10-28 12:00:00,7662,6791,0.9176455140113831,2.0,0.886322109109893
2023-10-29 12:00:00,7662,6328,0.8573479652404785,2.0,0.8258940224484469
2023-10-30 12:00:00,7662,6680,0.8961106538772583,2.0,0.871835030018272
2023-10-31 12:00:00,7662,6351,0.853954553604126,2.0,0.8288958496476115
2023-11-01 12:00:00,7662,6631,0.8858000636100769,2.0,0.8654398329417906
2023-11-02 12:00:00,7662,6526,0.8797963857650757,2.0,0.8517358392064736
2023-11-03 12:00:00,7662,6537,0.8869746923446655,2.0,0.8531714956930305
2023-11-04 12:00:00,7662,6149,0.8282432556152344,2.0,0.8025319759853824
2023-11-05 12:00:00,7662,5318,0.7203080058097839,2.0,0.694074654137301
2023-11-06 12:00:00,7662,5149,0.7030801177024841,2.0,0.6720177499347428
2023-11-07 12:00:00,7662,4702,0.6362568736076355,2.0,0.613677890890107
2023-11-08 12:00:00,7662,3691,0.4921691417694092,2.0,0.48172800835291046
2023-11-09 12:00:00,7662,3545,0.4705037772655487,2.0,0.4626729313495171
2023-11-10 12:00:00,7662,3031,0.4039415419101715,2.0,0.3955886191594884
2023-11-11 12:00:00,7662,3132,0.42260506749153137,2.0,0.40877055599060297
2023-11-12 12:00:00,7662,2589,0.352649450302124,2.0,0.33790133124510574
2023-11-13 12:00:00,7662,3276,0.43787524104118347,2.0,0.42756460454189504
2023-11-14 12:00:00,7662,2931,0.3906290829181671,2.0,0.3825371965544244
2023-11-15 12:00:00,7662,2790,0.36909422278404236,2.0,0.36413469068128423
2023-11-16 12:00:00,7662,2486,0.32550248503685,2.0,0.32445836596188987
2023-11-17 12:00:00,7662,2423,0.3172800838947296,2.0,0.31623596972069956
2023-11-18 12:00:00,7662,2501,0.33372488617897034,2.0,0.32641607935264944
2023-11-19 12:00:00,7662,2951,0.3877577781677246,2.0,0.3851474810754372
2023-11-20 12:00:00,7662,3563,0.47376665472984314,2.0,0.4650221874184286
2023-11-21 12:00:00,7662,3307,0.4607152044773102,2.0,0.4316105455494649
2023-11-22 12:00:00,7662,2310,0.30709996819496155,2.0,0.3014878621769773
2023-11-23 12:00:00,7662,2897,0.39193421602249146,2.0,0.3780997128687027
2023-11-24 12:00:00,7662,2730,0.3657008707523346,2.0,0.35630383711824587
2023-11-25 12:00:00,7662,2977,0.3950665593147278,2.0,0.38854085095275387
2023-11-26 12:00:00,7662,3028,0.39754632115364075,2.0,0.39519707648133645
2023-11-27 12:00:00,7662,2833,0.38149309158325195,2.0,0.36974680240146174
2023-11-28 12:00:00,7662,2650,0.3561733365058899,2.0,0.34586269903419475
2023-11-29 12:00:00,7662,2922,0.39363089203834534,2.0,0.3813625685199687
2023-11-30 12:00:00,7662,2527,0.33476898074150085,2.0,0.3298094492299661
2023-12-01 12:00:00,7662,1641,0.21508744359016418,2.0,0.21417384494909944
2023-12-02 12:00:00,7662,1433,0.18807099759578705,2.0,0.18702688593056643
2023-12-03 12:00:00,7662,1516,0.19785957038402557,1.0,0.19785956669276952
2023-12-04 12:00:00,7662,1712,0.22344034910202026,1.0,0.22344035499869486
2023-12-05 12:00:00,7662,1835,0.2409292608499527,2.0,0.23949360480292353
2023-12-06 12:00:00,7662,1565,0.21064996719360352,2.0,0.20425476376925084
2023-12-07 12:00:00,7662,2806,0.3713129758834839,2.0,0.3662229182980945
2023-12-08 12:00:00,7662,1751,0.230488121509552,2.0,0.2285304098146698
2023-12-09 12:00:00,7662,2199,0.2931349575519562,2.0,0.2870007830853563
2023-12-10 12:00:00,7662,2571,0.3425998389720917,2.0,0.33555207517619423
2023-12-11 12:00:00,7662,3074,0.409292608499527,2.0,0.4012007308796659
2023-12-12 12:00:00,7662,3230,0.4505351185798645,2.0,0.42156095014356565
2023-12-13 12:00:00,7662,3219,0.4646306335926056,2.0,0.4201252936570086
2023-12-14 12:00:00,7662,2947,0.3911511301994324,2.0,0.3846254241712347
2023-12-15 12:00:00,7662,2045,0.27642911672592163,2.0,0.2669015922735578
2023-12-16 12:00:00,7662,1604,0.24967370927333832,2.0,0.2093448185852258
2023-12-17 12:00:00,7662,1812,0.2597233057022095,2.0,0.2364917776037588
2023-12-18 12:00:00,7662,2222,0.3285042941570282,2.0,0.290002610284521
2023-12-19 12:00:00,7662,5531,0.775254487991333,2.0,0.7218741842860872
2023-12-20 12:00:00,7662,5246,0.7650743722915649,2.0,0.6846776298616549
2023-12-21 12:00:00,7662,3774,0.562907874584198,3.0,0.4925606891151135
2023-12-22 12:00:00,7662,4933,0.6823284029960632,2.0,0.6438266771078047
2023-12-23 12:00:00,7662,3258,0.5005220770835876,3.0,0.42521534847298353
2023-12-24 12:00:00,7662,5738,0.8016183972358704,2.0,0.7488906290785695
2023-12-25 12:00:00,7662,5430,0.7769511938095093,2.0,0.7086922474549726
2023-12-26 12:00:00,7662,6170,0.8831897974014282,2.0,0.8052727747324459
2023-12-27 12:00:00,7662,5798,0.8052727580070496,2.0,0.756721482641608
2023-12-28 12:00:00,7662,6333,0.877186119556427,2.0,0.8265465935787001
2023-12-29 12:00:00,7662,5870,0.7907856702804565,2.0,0.766118506917254
2023-12-30 12:00:00,7662,6172,0.8446880578994751,2.0,0.8055338031845471
2023-12-31 12:00:00,7662,5985,0.8239362835884094,2.0,0.7811276429130776
2024-01-01 12:00:00,7662,6108,0.8253719806671143,2.0,0.7971808927173062
2024-01-02 12:00:00,7662,6632,0.8981989026069641,2.0,0.8655703471678413
2024-01-03 12:00:00,7662,6479,0.8700078129768372,2.0,0.8456016705820935
2024-01-04 12:00:00,7662,5638,0.7633777260780334,2.0,0.7358392064735056
2024-01-05 12:00:00,7662,5298,0.7178282141685486,2.0,0.6914643696162882
2024-01-06 12:00:00,7662,4711,0.6320803761482239,2.0,0.6148525189245628
2024-01-07 12:00:00,7662,4330,0.5807883143424988,2.0,0.5651265987992691
2024-01-08 12:00:00,7662,4230,0.5659096837043762,2.0,0.5520751761942052
2024-01-09 12:00:00,7662,2779,0.3666144609451294,2.0,0.3626990341947272
2024-01-10 12:00:00,7662,3810,0.5075698494911194,2.0,0.49725920125293654
2024-01-11 12:00:00,7662,2558,0.3351605236530304,2.0,0.3338553902375359
2024-01-12 12:00:00,7662,2555,0.3341164290904999,2.0,0.33346384755938396
2024-01-13 12:00:00,7662,2633,0.36452624201774597,2.0,0.34364395719133384
2024-01-14 12:00:00,7662,2989,0.4077264368534088,2.0,0.39010702166536154
2024-01-15 12:00:00,7662,2781,0.3779692053794861,2.0,0.3629600626468285
2024-01-16 12:00:00,7662,2558,0.3369877338409424,2.0,0.3338553902375359
2024-01-17 12:00:00,7662,2109,0.27590706944465637,2.0,0.27525450274079877
2024-01-18 12:00:00,7662,1706,0.22265726327896118,1.0,0.22265726964239102
2024-01-19 12:00:00,7662,1330,0.17358392477035522,1.0,0.17358392064735056
2024-01-20 12:00:00,7662,1525,0.20268858969211578,2.0,0.19903419472722528
2024-01-21 12:00:00,7662,1237,0.16144609451293945,1.0,0.1614460976246411
2024-01-22 12:00:00,7662,1932,0.2521534860134125,1.0,0.25215348472983556
2024-01-23 12:00:00,7662,1424,0.1858522593975067,1.0,0.18585225789611068
2024-01-24 12:00:00,7662,1644,0.21456538140773773,1.0,0.21456538762725136
2024-01-25 12:00:00,7662,2103,0.2809971272945404,2.0,0.27447141738449493
2024-01-26 12:00:00,7662,3172,0.41399112343788147,1.0,0.4139911250326286
2024-01-27 12:00:00,7662,2875,0.3797963857650757,2.0,0.3752283998955886
2024-01-28 12:00:00,7662,1824,0.238057941198349,1.0,0.23805794831636648
2024-01-29 12:00:00,7662,3336,0.4353954493999481,1.0,0.43539545810493346
2024-01-30 12:00:00,7662,3827,0.5032628774642944,2.0,0.49947794309579746
2024-01-31 12:00:00,7662,3545,0.4645001292228699,2.0,0.4626729313495171
2024-02-01 12:00:00,7662,2072,0.2952231764793396,2.0,0.2704254763769251
2024-02-02 12:00:00,7662,1822,0.25476378202438354,2.0,0.2377969198642652
2024-02-03 12:00:00,7662,3030,0.4254763722419739,2.0,0.39545810493343775
2024-02-04 12:00:00,7662,2925,0.3951970636844635,2.0,0.3817541111981206
2024-02-05 12:00:00,7662,2135,0.323675274848938,3.0,0.27864787261811536
2024-02-06 12:00:00,7662,2169,0.2859566807746887,2.0,0.28308535630383713
2024-02-07 12:00:00,7662,2601,0.33946749567985535,1.0,0.3394675019577134
2024-02-08 12:00:00,7662,1649,0.222918301820755,2.0,0.21521795875750457
2024-02-09 12:00:00,7662,1554,0.2029496282339096,2.0,0.2028191072826938
2024-02-10 12:00:00,7662,3249,0.4240407347679138,1.0,0.4240407204385278
2024-02-11 12:00:00,7662,3461,0.4517097473144531,1.0,0.4517097363612634
2024-02-12 12:00:00,7662,3641,0.4752022922039032,1.0,0.4752022970503785
2024-02-13 12:00:00,7662,3190,0.4163403809070587,1.0,0.4163403811015401
2024-02-14 12:00:00,7662,2800,0.36543983221054077,1.0,0.36543983294179067
2024-02-15 12:00:00,7662,3285,0.4287392199039459,1.0,0.4287392325763508
2024-02-16 12:00:00,7662,2603,0.33972853422164917,1.0,0.33972853040981466
2024-02-17 12:00:00,7662,1553,0.20268858969211578,1.0,0.20268859305664316
2024-02-18 12:00:00,7662,3966,0.5180109739303589,2.0,0.5176194205168363
2024-02-19 12:00:00,7662,4197,0.5481597781181335,2.0,0.5477682067345341
2024-02-20 12:00:00,7662,4886,0.6392586827278137,2.0,0.6376925084834247
2024-02-21 12:00:00,7662,6693,0.9008091688156128,2.0,0.8735317149569303
2024-02-22 12:00:00,7662,6598,0.8957191109657288,2.0,0.8611328634821196
2024-02-23 12:00:00,7662,6825,0.9045941233634949,2.0,0.8907595927956147
2024-02-24 12:00:00,7662,6908,0.9043330550193787,2.0,0.9015922735578178
2024-02-25 12:00:00,7662,6051,0.7927433848381042,2.0,0.7897415818324197
2024-02-26 12:00:00,7662,5350,0.7013834714889526,2.0,0.6982511093709214
2024-02-27 12:00:00,7662,2870,0.37457582354545593,1.0,0.3745758287653354
2024-02-28 12:00:00,7662,4512,0.5896632671356201,2.0,0.5888801879404855
2024-02-29 12:00:00,12000,8324,2.1400833129882812,5.0,0.6936666666666667
2024-03-01 12:00:00,7662,4060,0.5300182700157166,2.0,0.5298877577655965
2024-03-02 12:00:00,7662,3652,0.47663795948028564,1.0,0.4766379535369355
2024-03-03 12:00:00,7662,3147,0.4107282757759094,1.0,0.4107282693813626
2024-03-04 12:00:00,7662,2911,0.3799269199371338,1.0,0.37992691203341167
2024-03-05 12:00:00,7662,3611,0.4714173972606659,2.0,0.4712868702688593
2024-03-06 12:00:00,7662,3611,0.4821195602416992,2.0,0.4712868702688593
2024-03-07 12:00:00,7662,3710,0.5112242102622986,2.0,0.4842077786478726
2024-03-08 12:00:00,7662,4026,0.5373270511627197,2.0,0.5254502740798747
2024-03-09 12:00:00,7662,3415,0.44909945130348206,2.0,0.445706081962934
2024-03-10 12:00:00,7662,3528,0.4635865390300751,2.0,0.46045418950665623
2024-03-11 12:00:00,7662,2998,0.394152969121933,2.0,0.39128164969981727
2024-03-12 12:00:00,7662,2062,0.26912033557891846,1.0,0.26912033411641867
2024-03-13 12:00:00,7662,3220,0.42051684856414795,2.0,0.4202558078830593
2024-03-14 12:00:00,7662,2243,0.2933959662914276,2.0,0.29274340903158447
2024-03-15 12:00:00,7662,4813,0.6453928351402283,2.0,0.628164969981728
2024-03-16 12:00:00,7662,4375,0.5827460289001465,2.0,0.5709997389715479
2024-03-17 12:00:00,7662,4365,0.5809188485145569,2.0,0.5696945967110415
2024-03-18 12:00:00,7662,5246,0.6945967078208923,2.0,0.6846776298616549
2024-03-19 12:00:00,7662,5496,0.7531976103782654,2.0,0.7173061863743148
2024-03-20 12:00:00,7662,5830,0.8401200771331787,3.0,0.7608979378752284
2024-03-21 12:00:00,7662,6429,0.912555456161499,2.0,0.8390759592795615
2024-03-22 12:00:00,7662,5586,0.8162359595298767,2.0,0.7290524667188724
2024-03-23 12:00:00,7662,5553,0.7923518419265747,2.0,0.7247454972592012
2024-03-24 12:00:00,7662,4898,0.6709736585617065,2.0,0.6392586791960324
2024-03-25 12:00:00,7662,4280,0.5678673982620239,2.0,0.5586008874967372
2024-03-26 12:00:00,7662,3714,0.5109632015228271,2.0,0.48472983555207516
2024-03-27 12:00:00,7662,3620,0.47963976860046387,2.0,0.4724614983033151
2024-03-28 12:00:00,7662,2752,0.3904985785484314,2.0,0.35917515009136
2024-03-29 12:00:00,7662,3021,0.42051684856414795,2.0,0.39428347689898197
2024-03-30 12:00:00,7662,3096,0.4330461919307709,2.0,0.40407204385277995
2024-03-31 12:00:00,7662,3480,0.4896893799304962,2.0,0.45418950665622554
2024-04-01 12:00:00,7662,3719,0.5394152998924255,2.0,0.48538240668232835
2024-04-02 12:00:00,7662,2657,0.36452624201774597,2.0,0.3467762986165492
2024-04-03 12:00:00,7662,2583,0.36452624201774597,2.0,0.3371182458888019
2024-04-04 12:00:00,7662,2625,0.35395458340644836,2.0,0.34259984338292876
2024-04-05 12:00:00,7662,2726,0.3599582314491272,2.0,0.35578178021404333
2024-04-06 12:00:00,7662,4296,0.6208561658859253,3.0,0.5606891151135474
2024-04-07 12:00:00,7662,4209,0.6311668157577515,3.0,0.5493343774471418
2024-04-08 12:00:00,7662,4071,0.5891411900520325,2.0,0.5313234142521535
2024-04-09 12:00:00,7662,5171,0.7582876682281494,2.0,0.674889062907857
2024-04-10 12:00:00,7662,3302,0.4886452555656433,2.0,0.4309579744192117
2024-04-11 12:00:00,7662,2329,0.36061081290245056,2.0,0.3039676324719394
2024-04-12 12:00:00,7662,3259,0.4626729190349579,3.0,0.4253458626990342
2024-04-13 12:00:00,7662,4485,0.6812842488288879,3.0,0.5853563038371182
2024-04-14 12:00:00,7662,3669,0.5640825033187866,2.0,0.4788566953797964
2024-04-15 12:00:00,7662,3300,0.5386322140693665,2.0,0.4306969459671104
2024-04-16 12:00:00,7662,3813,0.5977551341056824,2.0,0.4976507439310885
2024-04-17 12:00:00,7662,3574,0.5277995467185974,2.0,0.4664578439049856
2024-04-18 12:00:00,7662,2743,0.41568779945373535,2.0,0.3580005220569042
2024-04-19 12:00:00,7662,3653,0.5482902526855469,2.0,0.47676846776298615
2024-04-20 12:00:00,7662,6056,0.8471678495407104,2.0,0.7903941529626729
2024-04-21 12:00:00,7662,6990,1.0002610683441162,2.0,0.9122944400939702
2024-04-22 12:00:00,7662,6587,0.94440096616745,3.0,0.8596972069955625
2024-04-23 12:00:00,7662,7310,1.0347167253494263,3.0,0.9540589924301749
2024-04-24 12:00:00,7662,7226,1.0227094888687134,3.0,0.9430957974419212
2024-04-25 12:00:00,7662,6996,0.9528843760490417,3.0,0.9130775254502741
2024-04-26 12:00:00,7662,6119,0.8158444166183472,3.0,0.7986165492038633
2024-04-27 12:00:00,7662,5126,0.6868963837623596,3.0,0.6690159227355782
2024-04-28 12:00:00,7662,3519,0.4733751118183136,2.0,0.45927956147220045
2024-04-29 12:00:00,7662,2317,0.3065779209136963,2.0,0.30240146175933175
2024-04-30 12:00:00,7662,2146,0.28256329894065857,2.0,0.28008352910467244
2024-05-01 12:00:00,7662,2397,0.313625693321228,2.0,0.3128425998433829
2024-05-02 12:00:00,7662,1646,0.2182197868824005,2.0,0.21482641607935266
2024-05-03 12:00:00,7662,2995,0.3944139778614044,3.0,0.3908901070216654
2024-05-04 12:00:00,7662,3464,0.45549464225769043,2.0,0.45210127903941527
2024-05-05 12:00:00,7662,4554,0.5955364108085632,2.0,0.5943617854346124
2024-05-06 12:00:00,7662,4934,0.6516575217247009,2.0,0.6439571913338554
2024-05-07 12:00:00,7662,3441,0.4562777280807495,2.0,0.4490994518402506
2024-05-08 12:00:00,7662,5123,0.6825894117355347,2.0,0.6686243800574263
2024-05-09 12:00:00,7662,4908,0.6558339595794678,2.0,0.6405638214565388
2024-05-10 12:00:00,7662,7568,1.135212779045105,3.0,0.9877316627512399
2024-05-11 12:00:00,7662,7571,1.237535834312439,3.0,0.9881232054293918
2024-05-12 12:00:00,7662,7576,1.352518916130066,3.0,0.988775776559645
2024-05-13 12:00:00,7662,7601,1.1867659091949463,3.0,0.992038632210911
2024-05-14 12:00:00,7662,7532,1.2620725631713867,4.0,0.9830331506134169
2024-05-15 12:00:00,7662,7601,1.5066561698913574,4.0,0.992038632210911
2024-05-16 12:00:00,7662,7609,1.5900548696517944,5.0,0.9930827460193161
2024-05-17 12:00:00,7662,7595,1.3877577781677246,5.0,0.9912555468546072
2024-05-18 12:00:00,7662,7229,1.1593579053878784,5.0,0.9434873401200731
2024-05-19 12:00:00,7662,6668,1.0750457048416138,5.0,0.8702688593056643
2024-05-20 12:00:00,7662,7103,1.2143043279647827,5.0,0.9270425476376926
2024-05-21 12:00:00,7662,7426,1.2764291763305664,5.0,0.969198642652049
2024-05-22 12:00:00,7662,6999,1.1700600385665894,5.0,0.913469068128426
2024-05-23 12:00:00,7662,6605,1.0214043855667114,4.0,0.8620464630644741
2024-05-24 12:00:00,7662,6653,0.9954320192337036,3.0,0.8683111459149048
2024-05-25 12:00:00,7662,6236,0.8901070356369019,4.0,0.813886713651788
2024-05-26 12:00:00,7662,5415,0.7457582950592041,3.0,0.706734534064213
2024-05-27 12:00:00,7662,4610,0.6353432536125183,3.0,0.6016705820934481
2024-05-28 12:00:00,7662,3205,0.448316365480423,3.0,0.41829809449229965
2024-05-29 12:00:00,7662,3548,0.4903419613838196,3.0,0.46306447402766904
2024-05-30 12:00:00,7662,3096,0.43761420249938965,3.0,0.40407204385277995
2024-05-31 12:00:00,7662,2376,0.3341164290904999,3.0,0.3101018010963195
2024-06-01 12:00:00,7662,2997,0.41660141944885254,4.0,0.3911511354737666
2024-06-02 12:00:00,7662,2736,0.38123205304145813,4.0,0.3570869224745497
2024-06-03 12:00:00,7662,2631,0.3578700125217438,3.0,0.3433829287392326
2024-06-04 12:00:00,7662,2423,0.33868440985679626,4.0,0.31623596972069956
2024-06-05 12:00:00,7662,2093,0.29848602414131165,4.0,0.2731662751239885
2024-06-06 12:00:00,7662,1758,0.24497520923614502,3.0,0.22944400939702428
2024-06-07 12:00:00,7662,1424,0.2028191089630127,3.0,0.18585225789611068
2024-06-08 12:00:00,7662,1654,0.22631166875362396,3.0,0.21587052988775776
2024-06-09 12:00:00,7662,1069,0.14813365042209625,3.0,0.13951970764813365
2024-06-10 12:00:00,7662,940,0.13025319576263428,3.0,0.12268337248760115
2024-06-11 12:00:00,7662,761,0.10532498359680176,2.0,0.09932132602453668
2024-06-12 12:00:00,7662,497,0.06904202699661255,2.0,0.06486557034716785
2024-06-13 12:00:00,7662,469,0.06447403132915497,2.0,0.061211172017749935
2024-06-14 12:00:00,7662,644,0.08718350529670715,2.0,0.08405116157661185
2024-06-15 12:00:00,7662,764,0.1057165265083313,3.0,0.0997128687026886
2024-06-16 12:00:00,7662,873,0.1199425756931305,3.0,0.1139389193422083
2024-06-17 12:00:00,7662,1068,0.1439571976661682,2.0,0.139389193422083
2024-06-18 12:00:00,7662,1183,0.1590968370437622,2.0,0.15439832941790654
2024-06-19 12:00:00,7662,978,0.13377708196640015,3.0,0.12764291307752546
2024-06-20 12:00:00,7662,1322,0.1781519204378128,3.0,0.17253980683894546
2024-06-21 12:00:00,7662,681,0.09344818443059921,2.0,0.08888018794048551
2024-06-22 12:00:00,7662,829,0.11289480328559875,2.0,0.10819629339598016
2024-06-23 12:00:00,7662,948,0.1296006292104721,2.0,0.12372748629600626
2024-06-24 12:00:00,7662,1330,0.17932654917240143,2.0,0.17358392064735056
2024-06-25 12:00:00,7662,1625,0.22330984473228455,3.0,0.21208561733228923
2024-06-26 12:00:00,7662,1235,0.16914643347263336,3.0,0.1611850691725398
2024-06-27 12:00:00,7662,792,0.11002349108457565,3.0,0.1033672670321065
2024-06-28 12:00:00,7662,605,0.08431219309568405,3.0,0.0789611067606369
2024-06-29 12:00:00,7662,419,0.05820934474468231,2.0,0.05468546071521796
2024-06-30 12:00:00,7662,356,0.046985119581222534,2.0,0.04646306447402767
2024-07-01 12:00:00,7662,347,0.045679979026317596,2.0,0.045288436439571915
2024-07-02 12:00:00,7662,302,0.04006786644458771,2.0,0.039415296267293135
2024-07-03 12:00:00,7662,359,0.04829026386141777,2.0,0.04685460715217959
2024-07-04 12:00:00,7662,264,0.036152441054582596,3.0,0.03445575567736883
2024-07-05 12:00:00,7662,208,0.028321586549282074,2.0,0.02714695901853302
2024-07-06 12:00:00,7662,326,0.04463586583733559,3.0,0.04254763769250848
2024-07-07 12:00:00,7662,322,0.04372226446866989,3.0,0.04202558078830593
2024-07-08 12:00:00,7662,265,0.035760898143053055,2.0,0.034586269903419474
2024-07-09 12:00:00,7662,191,0.02610284462571144,2.0,0.02492821717567215
2024-07-10 12:00:00,7662,125,0.016314277425408363,1.0,0.01631427825632994
2024-07-11 12:00:00,7662,200,0.027930043637752533,2.0,0.026102845210127904
2024-07-12 12:00:00,7662,118,0.017488906159996986,3.0,0.015400678673975463
2024-07-13 12:00:00,7662,216,0.03027930110692978,2.0,0.028191072826938137
2024-07-14 12:00:00,7662,314,0.0447663813829422,3.0,0.04098146697990081
2024-07-15 12:00:00,7662,463,0.06342991441488266,2.0,0.0604280866614461
2024-07-16 12:00:00,7662,947,0.1275123953819275,2.0,0.12359697206995562
2024-07-17 12:00:00,7662,704,0.09631949663162231,2.0,0.09188201513965022
2024-07-18 12:00:00,7662,790,0.10636909306049347,2.0,0.10310623858000523
2024-07-19 12:00:00,7662,638,0.08822761476039886,3.0,0.08326807622030802
2024-07-20 12:00:00,7662,361,0.0514226034283638,2.0,0.047115635604280864
2024-07-21 12:00:00,7662,307,0.04163403809070587,2.0,0.04006786739754633
2024-07-22 12:00:00,7662,139,0.019968677312135696,2.0,0.018141477421038894
2024-07-23 12:00:00,7662,125,0.01866353489458561,2.0,0.01631427825632994
2024-07-24 12:00:00,7662,182,0.025319760665297508,2.0,0.02375358914121639
2024-07-25 12:00:00,7662,156,0.02466718852519989,3.0,0.020360219263899765
2024-07-26 12:00:00,7662,187,0.0271469596773386,2.0,0.02440616027146959
2024-07-27 12:00:00,7662,330,0.045679979026317596,2.0,0.04306969459671104
2024-07-28 12:00:00,7662,173,0.023101018741726875,2.0,0.022578961106760637
2024-07-29 12:00:00,7662,259,0.03380318358540535,1.0,0.03380318454711564
2024-07-30 12:00:00,7662,523,0.06943356990814209,2.0,0.06825894022448446
2024-07-31 12:00:00,7662,1112,0.14630644023418427,2.0,0.14513181936831115
2024-08-01 12:00:00,7662,1392,0.1905507743358612,2.0,0.1816758026624902
2024-08-02 12:00:00,7662,1386,0.19081179797649384,2.0,0.18089271730618636
2024-08-03 12:00:00,7662,638,0.08731401711702347,2.0,0.08326807622030802
2024-08-04 12:00:00,7662,651,0.08613938838243484,2.0,0.08496476115896633
2024-08-05 12:00:00,7662,429,0.05886191502213478,2.0,0.055990602975724356
2024-08-06 12:00:00,7662,251,0.03341164067387581,2.0,0.03275907073871052
2024-08-07 12:00:00,7662,186,0.025319760665297508,2.0,0.02427564604541895
2024-08-08 12:00:00,7662,176,0.023884102702140808,2.0,0.022970503784912555
2024-08-09 12:00:00,7662,396,0.05181414633989334,2.0,0.05168363351605325
2024-08-10 12:00:00,7662,218,0.029757242649793625,2.0,0.028452101279039414
2024-08-11 12:00:00,7662,628,0.08392065018415451,2.0,0.08196293395980161
2024-08-12 12:00:00,7662,1100,0.14813365042209625,3.0,0.14356564865570348
2024-08-13 12:00:00,7662,432,0.058731403201818466,3.0,0.056382145653876274
2024-08-14 12:00:00,7662,634,0.08718350529670715,3.0,0.08274601931610545
2024-08-15 12:00:00,7662,540,0.0742625966668129,3.0,0.07047768206734534
2024-08-16 12:00:00,7662,637,0.08626990020275116,2.0,0.08313756199425737
2024-08-17 12:00:00,7662,380,0.05037849023938179,2.0,0.049595405899243016
2024-08-18 12:00:00,7662,218,0.029496215283870697,2.0,0.028452101279039414
2024-08-19 12:00:00,7662,288,0.03850169852375984,2.0,0.037588097102584185
2024-08-20 12:00:00,7662,224,0.030931871384382248,2.0,0.029235186635343254
2024-08-21 12:00:00,7662,225,0.031192900612950325,2.0,0.029365700861393892
2024-08-22 12:00:00,7662,111,0.014878621324896812,2.0,0.014487079091620987
2024-08-23 12:00:00,7662,132,0.01722787693142891,1.0,0.017227877838684416
2024-08-24 12:00:00,7662,78,0.010441138409078121,2.0,0.010180109631949883
2024-08-25 12:00:00,7662,51,0.0066562253050506115,1.0,0.006656225528582615
2024-08-26 12:00:00,7662,78,0.010180109180510044,1.0,0.010180109631949883
2024-08-27 12:00:00,7662,231,0.03067084401845932,2.0,0.030148786217697728
2024-08-28 12:00:00,7662,226,0.030018271878361702,2.0,0.02949621508744453
2024-08-29 12:00:00,7662,309,0.040720436722040176,2.0,0.04032889584964761
2024-08-30 12:00:00,7662,665,0.08679196238517761,1.0,0.08679196032367528
2024-08-31 12:00:00,7662,805,0.10741320997476578,2.0,0.10506395197076482
2024-09-01 12:00:00,7662,1021,0.13978073000907898,2.0,0.13325502479770296
2024-09-02 12:00:00,7662,578,0.07726442068815231,2.0,0.07543722265726964
2024-09-03 12:00:00,7662,800,0.10806577652692795,2.0,0.10441138084051162
2024-09-04 12:00:00,7662,553,0.07256591320037842,2.0,0.07217436700600366
2024-09-05 12:00:00,7662,521,0.06969459354877472,2.0,0.0679979117723832
2024-09-06 12:00:00,7662,800,0.10649960488080978,2.0,0.10441138084051162
2024-09-07 12:00:00,7662,1175,0.15596449375152588,2.0,0.15335421560950144
2024-09-08 12:00:00,7662,942,0.1258157193660736,2.0,0.12294440093970242
2024-09-09 12:00:00,7662,489,0.0657791718840599,2.0,0.06382145653876273
2024-09-10 12:00:00,7662,368,0.04868180677294731,2.0,0.04802923518663534
2024-09-11 12:00:00,7662,247,0.032237015664577484,1.0,0.032237013834507965
2024-09-12 12:00:00,7662,111,0.014487079344689846,1.0,0.014487079091620987
2024-09-13 12:00:00,7662,19,0.0024797702208161354,1.0,0.0024797702949621507
2024-09-14 12:00:00,7662,46,0.006003654561936855,1.0,0.006003654398329418
2024-09-15 12:00:00,7662,152,0.019838161766529083,1.0,0.019838162359697206
2024-09-16 12:00:00,7662,221,0.02884364314377308,1.0,0.028843643957191335
2024-09-17 12:00:00,7662,987,0.12881754338741302,1.0,0.1288175411119812
2024-09-18 12:00:00,7662,838,0.10937092453241348,1.0,0.10937092143043592
2024-09-19 12:00:00,7662,977,0.1275123953819275,1.0,0.1275123988514748
2024-09-20 12:00:00,7662,1135,0.14826415479183197,2.0,0.14813364656747585
2024-09-21 12:00:00,7662,911,0.11889845877885818,1.0,0.1188984599321326
2024-09-22 12:00:00,7662,1098,0.14356565475463867,2.0,0.14330462020360218
2024-09-23 12:00:00,7662,217,0.028321586549282074,1.0,0.028321587052988775
2024-09-24 12:00:00,7662,293,0.038240667432546616,1.0,0.03824066823283738
2024-09-25 12:00:00,7662,82,0.010702166706323624,1.0,0.010702166536152441
2024-09-26 12:00:00,7662,138,0.01801096275448799,1.0,0.018010963194988253
2024-09-27 12:00:00,7662,85,0.011093709617853165,1.0,0.01109370921430436
2024-09-28 12:00:00,7662,32,0.004176455084234476,1.0,0.004176455233620465
2024-09-29 12:00:00,7662,12,0.0015661707147955894,1.0,0.0015661707126076742
2024-09-30 12:00:00,7662,9,0.001174628036096692,1.0,0.0011746280344557558
2024-10-01 12:00:00,7662,8,0.001044113771058619,1.0,0.0010441138084051162
2024-10-02 12:00:00,7662,50,0.00652571115642786,1.0,0.006525711302531976
2024-10-03 12:00:00,7662,8,0.001044113771058619,1.0,0.0010441138084051162
2024-10-04 12:00:00,7662,9,0.001174628036096692,1.0,0.0011746280344557558
2024-10-05 12:00:00,7662,36,0.004698512144386768,1.0,0.004698512137823023
2024-10-06 12:00:00,7662,4,0.0005220568855293095,1.0,0.0005220569042025581
2024-10-07 12:00:00,7662,165,0.02153484709560871,1.0,0.02153484729835552
2024-10-08 12:00:00,7662,532,0.06943356990814209,1.0,0.06943356825894022
2024-10-09 12:00:00,7662,428,0.055860087275505066,1.0,0.055860088749673714
2024-10-10 12:00:00,7662,114,0.014878621324896812,1.0,0.014878621769772905
2024-10-11 12:00:00,7662,67,0.008744453079998493,1.0,0.008744453145392848
2024-10-12 12:00:00,7662,118,0.015400678850710392,1.0,0.015400678673975463
2024-10-13 12:00:00,7662,84,0.010963195003569126,1.0,0.01096319498825372
2024-10-14 12:00:00,7662,34,0.004437483847141266,1.0,0.004437483685721744
2024-10-15 12:00:00,7662,105,0.013703993521630764,1.0,0.01370399373531715
2024-10-16 12:00:00,7662,187,0.024406161159276962,1.0,0.02440616027146959
2024-10-17 12:00:00,7662,449,0.05860088765621185,1.0,0.05860088749673714
2024-10-18 12:00:00,7662,344,0.044896893203258514,1.0,0.04489689376142
2024-10-19 12:00:00,7662,348,0.04541895166039467,1.0,0.04541895066562255
2024-10-20 12:00:00,7662,263,0.034325242042541504,1.0,0.03432524145131819
2024-10-21 12:00:00,7662,427,0.05572957545518875,1.0,0.05572957452362307
2024-10-22 12:00:00,7662,381,0.04972591996192932,1.0,0.04972592012529366
2024-10-23 12:00:00,7662,314,0.0409814678132534,1.0,0.04098146697990081
2024-10-24 12:00:00,7662,522,0.06812842935323715,1.0,0.06812842599843383
2024-10-25 12:00:00,7662,555,0.0724353939294815,1.0,0.07243539545810493
2024-10-26 12:00:00,7662,292,0.0381101556122303,1.0,0.03811015400678674
2024-10-27 12:00:00,7662,466,0.060819629579782486,1.0,0.060819629339598016
2024-10-28 12:00:00,7662,456,0.05951448529958725,1.0,0.05951448707909162
2024-10-29 12:00:00,7662,193,0.025189245119690895,1.0,0.025189245627773426
2024-10-30 12:00:00,7662,176,0.022970503196120262,1.0,0.022970503784912555
2024-10-31 12:00:00,7662,408,0.05324980244040489,1.0,0.05324980422866092
2024-11-01 12:00:00,7662,424,0.05533803254365921,1.0,0.055338031845471154
2024-11-02 12:00:00,7662,254,0.03315061330795288,1.0,0.033150613416862436
2024-11-03 12:00:00,7662,187,0.024406161159276962,1.0,0.02440616027146959
2024-11-04 12:00:00,7662,1144,0.14930827915668488,1.0,0.1493082746019316
2024-11-05 12:00:00,7662,1425,0.18598277866840363,1.0,0.18598277212216133
2024-11-06 12:00:00,7662,2696,0.3521273732185364,2.0,0.35186635343252415
2024-11-07 12:00:00,7662,4219,0.5506395101547241,1.0,0.5506395197076481
2024-11-08 12:00:00,7662,3436,0.4543200135231018,2.0,0.4484468807099974
2024-11-09 12:00:00,7662,4654,0.612764298915863,2.0,0.6074132080396764
2024-11-10 12:00:00,7662,5923,0.7785173654556274,2.0,0.7730357608979379
2024-11-11 12:00:00,7662,7080,0.9389193654060364,2.0,0.9240407204385278
2024-11-12 12:00:00,7662,6947,0.9113808274269104,2.0,0.9066823283737927
2024-11-13 12:00:00,7662,6096,0.8024014830589294,2.0,0.7956147220046985
2024-11-14 12:00:00,7662,6044,0.7888279557228088,1.0,0.7888279822500652
2024-11-15 12:00:00,7662,5477,0.7154790163040161,2.0,0.7148264160793526
2024-11-16 12:00:00,7662,7187,0.9735056161880493,2.0,0.9380057426259463
2024-11-17 12:00:00,7662,7358,1.000652551651001,2.0,0.9603236752806056
2024-11-18 12:00:00,7662,7113,0.9813364744186401,2.0,0.9283476898981989
2024-11-19 12:00:00,7662,6942,0.9440094232559204,2.0,0.9060297572435395
2024-11-20 12:00:00,7662,6513,0.8927173018455505,2.0,0.8500391542678152
2024-11-21 12:00:00,7662,6105,0.7990080714225769,2.0,0.7967893500391543
2024-11-22 12:00:00,7662,6161,0.8313755989074707,2.0,0.8040981466979901
2024-11-23 12:00:00,7662,6342,0.836726725101471,2.0,0.8277212216131559
2024-11-24 12:00:00,7662,6068,0.7919602990150452,1.0,0.7919603236752806
2024-11-25 12:00:00,7662,5476,0.714695930480957,1.0,0.714695901853302
2024-11-26 12:00:00,7662,5156,0.6729313731193542,1.0,0.6729313495170973
2024-11-27 12:00:00,7662,4842,0.6319499015808105,1.0,0.6319498825371965
2024-11-28 12:00:00,7662,4103,0.5357608795166016,2.0,0.535499869485774
2024-11-29 12:00:00,7662,3913,0.5107021927833557,1.0,0.5107021665361524
2024-11-30 12:00:00,7662,3993,0.5211433172225952,1.0,0.5211433046202036
2024-12-01 12:00:00,7662,6207,0.8101018071174622,1.0,0.8101018010963195
2024-12-02 12:00:00,7662,6060,0.7909162044525146,1.0,0.7909162098668755
2024-12-03 12:00:00,7662,5790,0.755677342414856,1.0,0.7556773688332028
2024-12-04 12:00:00,7662,5094,0.6648394465446472,1.0,0.6648394675019577
2024-12-05 12:00:00,7662,6210,0.8107543587684631,2.0,0.8104933437744715
2024-12-06 12:00:00,7662,6372,0.8359436392784119,2.0,0.831636648394675
2024-12-07 12:00:00,7662,5862,0.7661185264587402,2.0,0.7650743931088488
2024-12-08 12:00:00,7662,5825,0.7602453827857971,1.0,0.7602453667449752
2024-12-09 12:00:00,7662,5156,0.6729313731193542,1.0,0.6729313495170973
2024-12-10 12:00:00,7662,4111,0.5365439653396606,1.0,0.5365439832941791
2024-12-11 12:00:00,7662,4262,0.5562516450881958,1.0,0.5562516314278256
2024-12-12 12:00:00,7662,3721,0.4856434464454651,1.0,0.48564343513442965
2024-12-13 12:00:00,7662,5339,0.6968154311180115,1.0,0.6968154528843644
2024-12-14 12:00:00,7662,5610,0.8012268543243408,2.0,0.7321848081440877
2024-12-15 12:00:00,7662,5752,0.7655964493751526,2.0,0.7507178282432785
2024-12-16 12:00:00,7662,5931,0.7943095564842224,2.0,0.774079874706343
2024-12-17 12:00:00,7662,4401,0.5942312479019165,2.0,0.5743931088488645
2024-12-18 12:00:00,7662,5127,0.6919864416122437,2.0,0.6691464369616288
2024-12-19 12:00:00,7662,6500,0.8702688813209534,2.0,0.8483424693291569
2024-12-20 12:00:00,7662,6576,0.8801879286766052,2.0,0.8582615505090054
2024-12-21 12:00:00,7662,5827,0.7632471919059753,2.0,0.7605063951970765
2024-12-22 12:00:00,7662,6382,0.8893239498138428,3.0,0.8329417906551814
2024-12-23 12:00:00,7662,5455,0.7163925766944885,2.0,0.7119551031062386
2024-12-24 12:00:00,7662,1337,0.17449751496315002,1.0,0.17449752022970505
2024-12-25 12:00:00,7662,1089,0.14212998747825623,1.0,0.14212999216914643
2024-12-26 12:00:00,7662,1389,0.18154528737068176,2.0,0.18128425998433828
2024-12-27 12:00:00,7662,905,0.1181153729557991,1.0,0.11811537457582877
2024-12-28 12:00:00,7662,4106,0.5516836047172546,2.0,0.5358914121639259
2024-12-29 12:00:00,7662,5054,0.7041242718696594,2.0,0.6596188984599322
2024-12-30 12:00:00,7662,5050,0.661837637424469,2.0,0.6590968415557296
2024-12-31 12:00:00,7662,5885,0.8210650086402893,2.0,0.7680762203080136
2025-01-01 12:00:00,7662,6763,0.9554946422576904,2.0,0.8826677107804751
2025-01-02 12:00:00,7662,6761,0.9724615216255188,2.0,0.8824066823283738
2025-01-03 12:00:00,7662,6956,0.9840772747993469,2.0,0.9078569564082485
2025-01-04 12:00:00,7662,6239,0.8509527444839478,2.0,0.81427825632994
2025-01-05 12:00:00,7662,6209,0.887235701084137,2.0,0.8103628295484208
2025-01-06 12:00:00,7662,5712,0.7650743722915649,2.0,0.745497259201253
2025-01-07 12:00:00,7662,5408,0.7133907675743103,2.0,0.7058209344818586
2025-01-08 12:00:00,7662,4824,0.632210910320282,2.0,0.6296006264682851
2025-01-09 12:00:00,7662,4850,0.6333855390548706,2.0,0.6329939963456017
2025-01-10 12:00:00,7662,4228,0.5518141388893127,1.0,0.5518141477421039
2025-01-11 12:00:00,7662,3210,0.4189506769180298,1.0,0.41895066562255284
2025-01-12 12:00:00,7662,3527,0.519577145576477,2.0,0.4603236752806056
2025-01-13 12:00:00,7662,3389,0.4457060694694519,2.0,0.44231271208561734
2025-01-14 12:00:00,7662,3324,0.43657007813453674,2.0,0.4338292873923258
2025-01-15 12:00:00,7662,5687,0.7669016122817993,2.0,0.7422344035499869
2025-01-16 12:00:00,7662,5678,0.7535891532897949,2.0,0.7410597755155311
2025-01-17 12:00:00,7662,5833,0.8334638476371765,2.0,0.7612894805533803
2025-01-18 12:00:00,7662,5629,0.7479770183563232,2.0,0.7346645784390499
2025-01-19 12:00:00,7662,5752,0.8056643009185791,2.0,0.7507178282432785
2025-01-20 12:00:00,7662,5460,0.7665100693702698,2.0,0.7126076742364917
2025-01-21 12:00:00,7662,5761,0.8102323412895203,2.0,0.7518924562777343
2025-01-22 12:00:00,7662,5751,0.7880448698997498,2.0,0.7505873140172279
2025-01-23 12:00:00,7662,5563,0.7584181427955627,2.0,0.7260506395197076
2025-01-24 12:00:00,7662,5577,0.7364917993545532,2.0,0.7278778386844166
2025-01-25 12:00:00,7662,5738,0.768859326839447,2.0,0.7488906290785695
2025-01-26 12:00:00,7662,5122,0.6827199459075928,2.0,0.6684938658313756
2025-01-27 12:00:00,7662,5042,0.6583137512207031,2.0,0.6580527277473245
2025-01-28 12:00:00,7662,5082,0.6667971611022949,2.0,0.66327329678935
2025-01-29 12:00:00,7662,5523,0.7263116836547852,2.0,0.7208300704776821
2025-01-30 12:00:00,7662,5374,0.7043852806091309,2.0,0.7013834507961367
2025-01-31 12:00:00,7662,5545,0.7345340847969055,2.0,0.7237013834507962
2025-02-01 12:00:00,7662,4753,0.6204646229743958,2.0,0.6203341164186896
2025-02-02 12:00:00,7662,4382,0.5908378958702087,2.0,0.5719133385539024
2025-02-03 12:00:00,7662,4782,0.6307752728462219,2.0,0.6241190289741582
2025-02-04 12:00:00,7662,5884,0.7730357646942139,2.0,0.7679457060819629
2025-02-05 12:00:00,7662,5207,0.6798486113548279,2.0,0.67958757504568
2025-02-06 12:00:00,7662,5940,0.7863482236862183,2.0,0.7752545027407988
2025-02-07 12:00:00,7662,5738,0.7708170413970947,2.0,0.7488906290785695
2025-02-08 12:00:00,7662,4800,0.6269903182983398,2.0,0.6264682850430697
2025-02-09 12:00:00,7662,4471,0.5835291147232056,1.0,0.5835291046724093
2025-02-10 12:00:00,7662,3151,0.4112503230571747,1.0,0.4112503262855651
2025-02-11 12:00:00,7662,2879,0.37575045228004456,1.0,0.3757504567997912
2025-02-12 12:00:00,7662,2079,0.27133908867836,1.0,0.2713390759592796
2025-02-13 12:00:00,7662,2579,0.33842340111732483,2.0,0.3365961889845993
2025-02-14 12:00:00,7662,2379,0.3104933500289917,1.0,0.3104933437744714
2025-02-15 12:00:00,7662,2076,0.27133908867836,2.0,0.27094753328112764
2025-02-16 12:00:00,7662,2072,0.2704254686832428,1.0,0.2704254763769251
2025-02-17 12:00:00,7662,1111,0.14500130712985992,1.0,0.1450013051422605
2025-02-18 12:00:00,7662,2162,0.2828243374824524,2.0,0.28217175672148265
2025-02-19 12:00:00,7662,2659,0.34703731536865234,1.0,0.3470373270686505
2025-02-20 12:00:00,7662,3509,0.4579744338989258,1.0,0.4579744192116941
2025-02-21 12:00:00,7662,3523,0.4598016142845154,1.0,0.45980161837640304
2025-02-22 12:00:00,7662,5029,0.6584442853927612,2.0,0.6563560428086661
2025-02-23 12:00:00,7662,4541,0.59684157371521,2.0,0.5926651004959541
2025-02-24 12:00:00,7662,5790,0.7581571340560913,2.0,0.7556773688332028
2025-02-25 12:00:00,7662,5961,0.7907856702804565,2.0,0.7779953014878622
2025-02-26 12:00:00,7662,5786,0.7654659152030945,2.0,0.7551553119290002
2025-02-27 12:00:00,7662,5666,0.7620725631713867,2.0,0.7394936048029235
2025-02-28 12:00:00,7662,4717,0.6217697858810425,2.0,0.6156356042808666
2025-03-01 12:00:00,7662,4575,0.6109371185302734,2.0,0.5971025841816758
2025-03-02 12:00:00,7662,4108,0.5365439653396606,2.0,0.5361524406160272
2025-03-03 12:00:00,7662,3657,0.4885147511959076,2.0,0.47729052466718874
2025-03-04 12:00:00,7662,4780,0.6369094252586365,2.0,0.6238580005220569
2025-03-05 12:00:00,7662,4355,0.573740541934967,2.0,0.5683894544505351
2025-03-06 12:00:00,7662,4529,0.5977551341056824,2.0,0.5910989297833464
2025-03-07 12:00:00,7662,3971,0.5622552633285522,2.0,0.5182719916470895
2025-03-08 12:00:00,7662,5465,0.7334899306297302,2.0,0.7132602453667449
2025-03-09 12:00:00,7662,6871,0.9628034234046936,2.0,0.8967632471939442
2025-03-10 12:00:00,7662,7201,1.070738673210144,2.0,0.9398329417906551
2025-03-11 12:00:00,7662,7142,1.0451579093933105,2.0,0.9321326024536675
2025-03-12 12:00:00,7662,7085,1.007961392402649,2.0,0.924693291568781
2025-03-13 12:00:00,7662,7010,0.996345579624176,2.0,0.9149047246149831
2025-03-14 12:00:00,7662,6658,0.9423127174377441,2.0,0.868963717045158
2025-03-15 12:00:00,7662,6589,0.8983294367790222,2.0,0.8599582354476638
2025-03-16 12:00:00,7662,6054,0.8227616548538208,2.0,0.7901331245105716
2025-03-17 12:00:00,7662,5702,0.7851735949516296,2.0,0.7441921169407465
2025-03-18 12:00:00,7662,6182,0.8534325361251831,2.0,0.8068389454450535
2025-03-19 12:00:00,7662,6407,0.9505351185798645,2.0,0.8362046463064474
2025-03-20 12:00:00,7662,6004,0.8606107831001282,2.0,0.7836074132080397
2025-03-21 12:00:00,7662,6320,0.9287392497062683,2.0,0.8248499086400418
2025-03-22 12:00:00,7662,6537,0.9475333094596863,2.0,0.8531714956930305
2025-03-23 12:00:00,7662,6760,1.0229705572128296,2.0,0.8822761681023231
2025-03-24 12:00:00,7662,6191,0.9103367328643799,2.0,0.8080135734795093
2025-03-25 12:00:00,7662,6245,0.9018533229827881,2.0,0.8150613416862438
2025-03-26 12:00:00,7662,4598,0.6477420926094055,3.0,0.6001044113808405
2025-03-27 12:00:00,7662,6003,0.8457322120666504,2.0,0.783476898981989
2025-03-28 12:00:00,7662,6843,0.9278256297111511,2.0,0.8931088488645262
2025-03-29 12:00:00,7662,6598,0.8958496451377869,2.0,0.8611328634821196
2025-03-30 12:00:00,7662,5940,0.8098407983779907,2.0,0.7752545027407988
2025-03-31 12:00:00,7662,7388,1.129992127418518,4.0,0.9642391020621248
2025-04-01 12:00:00,7662,7457,1.253067135810852,3.0,0.9732445836596189
2025-04-02 12:00:00,7662,7483,1.2554163932800293,3.0,0.9766379535369355
2025-04-03 12:00:00,7662,7521,1.2496737241744995,3.0,0.9815974941268598
2025-04-04 12:00:00,7662,7445,1.2277473211288452,3.0,0.9716784129470112
2025-04-05 12:00:00,7662,7178,1.2345340251922607,4.0,0.9368311145914905
2025-04-06 12:00:00,7662,7097,1.2636387348175049,4.0,0.9262594622813887
2025-04-07 12:00:00,7662,7492,1.3705298900604248,4.0,0.9778125815713913
2025-04-08 12:00:00,7662,7537,1.639389157295227,4.0,0.9836857217436701
2025-04-09 12:00:00,7662,7662,1.892195224761963,5.0,1.0
2025-04-10 12:00:00,7662,7662,2.0077004432678223,5.0,1.0
2025-04-11 12:00:00,7662,7660,2.197206974029541,5.0,0.9997389715478987
2025-04-12 12:00:00,7662,7662,2.1006264686584473,5.0,1.0
2025-04-13 12:00:00,7662,7662,1.7434090375900269,5.0,1.0
2025-04-14 12:00:00,7662,7659,1.5465935468673706,5.0,0.9996084573218481
2025-04-15 12:00:00,7662,7555,1.1752805709838867,4.0,0.9860349778125815
2025-04-16 12:00:00,7662,7448,1.0715217590332031,4.0,0.9720699556251632
2025-04-17 12:00:00,7662,7264,0.9874706268310547,3.0,0.9480553380318455
2025-04-18 12:00:00,7662,6751,0.9223440289497375,4.0,0.8811015400678675
2025-04-19 12:00:00,7662,6370,0.8734012246131897,4.0,0.8313756199425737
2025-04-20 12:00:00,7662,6132,0.8268076181411743,3.0,0.8003132341425215
2025-04-21 12:00:00,7662,6785,0.9265204668045044,4.0,0.8855390237535892
2025-04-22 12:00:00,7662,6080,0.8210650086402893,3.0,0.7935264943878882
2025-04-23 12:00:00,7662,6736,1.0082223415374756,3.0,0.8791438266771078
2025-04-24 12:00:00,7662,6535,0.9849908351898193,3.0,0.8529104672409292
2025-04-25 12:00:00,7662,7172,1.0653876066207886,3.0,0.9360480292351866
2025-04-26 12:00:00,7662,7098,1.020751714706421,3.0,0.9263899765074393
2025-04-27 12:00:00,7662,7073,0.9702427387237549,4.0,0.9231271208561733
2025-04-28 12:00:00,7662,4499,0.6064996123313904,3.0,0.5871835030018272
2025-04-29 12:00:00,7662,5465,0.7817802429199219,3.0,0.7132602453667449
2025-04-30 12:00:00,7662,7476,1.1118507385253906,3.0,0.975724353954581
2025-05-01 12:00:00,7662,7570,1.254241704940796,3.0,0.9879926912033412
2025-05-02 12:00:00,7662,7630,1.2105194330215454,4.0,0.9958235447663796
2025-05-03 12:00:00,7662,7662,1.1994256973266602,4.0,1.0
2025-05-04 12:00:00,7662,7546,1.1647089719772339,4.0,0.9848603497781259
2025-05-05 12:00:00,7662,7486,1.1730618476867676,4.0,0.9770294962150874
2025-05-06 12:00:00,7662,7321,1.0959279537200928,4.0,0.955494648916732
2025-05-07 12:00:00,7662,7603,1.5044374465942383,4.0,0.9922996606630122
2025-05-08 12:00:00,7662,7662,1.6499608755111694,5.0,1.0
2025-05-09 12:00:00,7662,7662,1.7893500328063965,5.0,1.0
2025-05-10 12:00:00,7662,7662,1.9361785650253296,5.0,1.0
2025-05-11 12:00:00,7662,7662,1.859958291053772,5.0,1.0
2025-05-12 12:00:00,7662,7662,1.8382928371429443,5.0,1.0
2025-05-13 12:00:00,7662,7662,1.9625424146652222,5.0,1.0
2025-05-14 12:00:00,7662,7662,2.133777141571045,5.0,1.0
2025-05-15 12:00:00,7662,7661,2.33646559715271,5.0,0.9998694857739494
2025-05-16 12:00:00,7662,7661,2.5199687480926514,5.0,0.9998694857739494
2025-05-17 12:00:00,7662,7660,2.555338144302368,5.0,0.9997389715478987
2025-05-18 12:00:00,7662,7662,2.414513111114502,5.0,1.0
2025-05-19 12:00:00,7662,7661,2.092012643814087,5.0,0.9998694857739494
2025-05-20 12:00:00,7662,7659,2.0033934116363525,5.0,0.9996084573218481
2025-05-21 12:00:00,7662,7662,2.0396764278411865,5.0,1.0
2025-05-22 12:00:00,7662,7662,2.0867919921875,5.0,1.0
2025-05-23 12:00:00,7662,7662,1.973114013671875,5.0,1.0
2025-05-24 12:00:00,7662,7662,1.7208300828933716,5.0,1.0
2025-05-25 12:00:00,7662,7662,1.6802401542663574,5.0,1.0
2025-05-26 12:00:00,7662,7586,1.2156095504760742,5.0,0.9900809188201514
2025-05-27 12:00:00,7662,7328,1.127120852470398,5.0,0.9564082484990865
2025-05-28 12:00:00,7662,6894,1.0626468658447266,5.0,0.8997650743931088
2025-05-29 12:00:00,7662,4838,0.700208842754364,5.0,0.631427825632994
2025-05-30 12:00:00,7662,4698,0.7299660444259644,5.0,0.6131558339859045
2025-05-31 12:00:00,7662,5746,0.8522579073905945,4.0,0.7499347428869747
2025-06-01 12:00:00,7662,4938,0.7475854754447937,4.0,0.6444792482380579
2025-06-02 12:00:00,7662,3530,0.5292351841926575,4.0,0.46071521795875753
2025-06-03 12:00:00,7662,2627,0.39963456988334656,4.0,0.34286087183503
2025-06-04 12:00:00,7662,2101,0.3180631697177887,4.0,0.27421038893239363
2025-06-05 12:00:00,7662,2243,0.3826677203178406,4.0,0.29274340903158447
2025-06-06 12:00:00,7662,1991,0.33946749567985535,4.0,0.2598538240668233
2025-06-07 12:00:00,7662,2134,0.34220829606056213,3.0,0.27851735839206476
2025-06-08 12:00:00,7662,1944,0.28700077533721924,3.0,0.25371965544244324
2025-06-09 12:00:00,7662,1370,0.20347167551517487,3.0,0.17880448968937615
2025-06-10 12:00:00,7662,2255,0.3362046480178833,3.0,0.29430957974419214
2025-06-11 12:00:00,7662,1988,0.300965815782547,3.0,0.2594622813886714
2025-06-12 12:00:00,7662,1730,0.24732445180416107,3.0,0.22578961106760637
2025-06-13 12:00:00,7662,2358,0.3484729826450348,4.0,0.307752545027408
2025-06-14 12:00:00,7662,3002,0.44727224111557007,4.0,0.39180370660401986
2025-06-15 12:00:00,7662,3872,0.5706081986427307,5.0,0.5053510832680762
2025-06-16 12:00:00,7662,3808,0.5625163316726685,5.0,0.4969981728008353
2025-06-17 12:00:00,7662,4353,0.6666666865348816,5.0,0.5681284259984338
2025-06-18 12:00:00,7662,4369,0.6969459652900696,4.0,0.5702166536152441
2025-06-19 12:00:00,7662,5786,0.9259984493255615,5.0,0.7551553119290002
2025-06-20 12:00:00,7662,6801,1.1533541679382324,5.0,0.8876272513703993
2025-06-21 12:00:00,7662,7411,1.3491255044937134,4.0,0.9672409292612895
2025-06-22 12:00:00,7662,6986,1.195249319076538,5.0,0.9117723831897677
2025-06-23 12:00:00,7662,6689,1.0792220830917358,4.0,0.8730096580527278
2025-06-24 12:00:00,7662,4189,0.6551814079284668,4.0,0.546724092926129
2025-06-25 12:00:00,7662,3696,0.5454189777374268,4.0,0.48238057948316365
2025-06-26 12:00:00,7662,4216,0.6340380907058716,3.0,0.5502479770294962
2025-06-27 12:00:00,7662,2950,0.4360480308532715,3.0,0.3850169668493866
2025-06-28 12:00:00,7662,3144,0.4806838929653168,4.0,0.41033672670321064
2025-06-29 12:00:00,7662,2506,0.3940224349498749,4.0,0.3270686504829026
2025-06-30 12:00:00,7662,2826,0.45405900478363037,5.0,0.3688332028191073
2025-07-01 12:00:00,7662,3413,0.5318454504013062,5.0,0.4454450535108327
2025-07-02 12:00:00,7662,4279,0.6831114888191223,4.0,0.5584703732706865
2025-07-03 12:00:00,7662,4534,0.7525449991226196,5.0,0.5917515009135996
2025-07-04 12:00:00,7662,3622,0.5669537782669067,4.0,0.4727225267554163
2025-07-05 12:00:00,7662,3398,0.5334116220474243,4.0,0.44348734012007307
2025-07-06 12:00:00,7662,3569,0.5533803105354309,4.0,0.46580527277473244
2025-07-07 12:00:00,7662,3510,0.5469851493835449,5.0,0.4581049334377447
2025-07-08 12:00:00,7662,2933,0.43839728832244873,3.0,0.3827982250065257
2025-07-09 12:00:00,7662,3977,0.6126337647438049,4.0,0.5190550770033934
2025-07-10 12:00:00,7662,4945,0.8146697878837585,4.0,0.6453928478204124
2025-07-11 12:00:00,7662,5658,1.1038893461227417,5.0,0.7384494909945184
2025-07-12 12:00:00,7662,6942,1.5618637800216675,5.0,0.9060297572435395
2025-07-13 12:00:00,7662,7120,1.6219003200531006,5.0,0.9292612894805534
2025-07-14 12:00:00,7662,7331,1.5229705572128296,5.0,0.9567997911772383
2025-07-15 12:00:00,7662,6551,1.1054555177688599,5.0,0.8549986948577395
2025-07-16 12:00:00,7662,6247,1.0197076797485352,5.0,0.8153223701383451
2025-07-17 12:00:00,7662,5700,0.9398329257965088,5.0,0.7439310884886453
2025-07-18 12:00:00,7662,5410,0.848211944103241,4.0,0.7060819629339598
2025-07-19 12:00:00,7662,5881,0.9193422198295593,4.0,0.767554163403811
2025-07-20 12:00:00,7662,5682,0.9802923798561096,4.0,0.7415818324197337
2025-07-21 12:00:00,7662,5202,0.8047507405281067,4.0,0.6789350039154268
2025-07-22 12:00:00,7662,4697,0.6983816027641296,3.0,0.6130253197598539
2025-07-23 12:00:00,7662,4911,0.7239624261856079,3.0,0.6409553641346907
2025-07-24 12:00:00,7662,5897,0.8910205960273743,4.0,0.7696423910206213
2025-07-25 12:00:00,7662,5843,0.832419753074646,4.0,0.7625946228138867
2025-07-26 12:00:00,7662,6402,0.8767945766448975,3.0,0.8355520751761942
2025-07-27 12:00:00,7662,5826,0.8068389296531677,3.0,0.7603758809710258
2025-07-28 12:00:00,7662,4989,0.7344035506248474,4.0,0.6511354737666406
2025-07-29 12:00:00,7662,4009,0.5957974195480347,3.0,0.5232315322370138
2025-07-30 12:00:00,7662,4581,0.6549203991889954,3.0,0.5978856695379796
2025-07-31 12:00:00,7662,5977,0.8556512594223022,3.0,0.7800835291046724
2025-08-01 12:00:00,7662,6087,0.8625684976577759,3.0,0.7944400939702427
2025-08-02 12:00:00,7662,6033,0.8734012246131897,3.0,0.7873923257635083
2025-08-03 12:00:00,7662,5731,0.872879147529602,3.0,0.7479770294962151
2025-08-04 12:00:00,7662,3887,0.6034978032112122,3.0,0.5073087966588358
2025-08-05 12:00:00,7662,3555,0.5280605554580688,3.0,0.46397807361002347
2025-08-06 12:00:00,7662,2335,0.32511094212532043,2.0,0.30475071782824326
2025-08-07 12:00:00,7662,2011,0.291568785905838,2.0,0.2624641085878361
2025-08-08 12:00:00,7662,1987,0.2997911870479584,3.0,0.25933176716262074
2025-08-09 12:00:00,7662,1715,0.24628034234046936,3.0,0.22383189767684677
2025-08-10 12:00:00,7662,1369,0.18989819288253784,2.0,0.1786739754633255
2025-08-11 12:00:00,7662,2579,0.3809710144996643,3.0,0.3365961889845993
2025-08-12 12:00:00,7662,3755,0.5614721775054932,3.0,0.4900809188201514
2025-08-13 12:00:00,7662,4075,0.6038893461227417,4.0,0.531845471156356
2025-08-14 12:00:00,7662,5623,0.823675274848938,4.0,0.733881493082746
2025-08-15 12:00:00,7662,5806,0.9287392497062683,4.0,0.7577655964500131
2025-08-16 12:00:00,7662,6035,0.9972591996192932,4.0,0.7876533542156094
2025-08-17 12:00:00,7662,5669,0.9479248523712158,4.0,0.7398851474810755
2025-08-18 12:00:00,7662,5616,0.932785153388977,4.0,0.7329678935003915
2025-08-19 12:00:00,7662,6021,0.9583659768104553,4.0,0.7858261550509006
2025-08-20 12:00:00,7662,6347,0.9557556509971619,4.0,0.828373792743409
2025-08-21 12:00:00,7662,6694,1.0053510665893555,4.0,0.873662229182981
2025-08-22 12:00:00,7662,7152,1.0539023876190186,3.0,0.9334377447141738
2025-08-23 12:00:00,7662,7508,1.2319238185882568,4.0,0.9799008091882015
2025-08-24 12:00:00,7662,7607,1.353954553604126,4.0,0.9928217175672148
2025-08-25 12:00:00,7662,7642,1.4470112323760986,4.0,0.9973897154789872
2025-08-26 12:00:00,7662,7634,1.365570306777954,4.0,0.9963456016705821
2025-08-27 12:00:00,7662,7320,1.2907856702804565,5.0,0.9553641346906813
2025-08-28 12:00:00,7662,6785,1.1628817319869995,4.0,0.8855390237535892
2025-08-29 12:00:00,7662,7192,1.1692769527435303,5.0,0.9386583137561995
2025-08-30 12:00:00,7662,5360,0.8624380230903625,4.0,0.6995562516314279
2025-08-31 12:00:00,7662,4936,0.7987470626831055,4.0,0.6442182197859566
2025-09-01 12:00:00,7662,4041,0.6854606866836548,4.0,0.5274079874706343
2025-09-02 12:00:00,7662,3863,0.661837637424469,4.0,0.5041764552336204
2025-09-03 12:00:00,7662,3576,0.6311668157577515,4.0,0.4667188723570869
2025-09-04 12:00:00,7662,3769,0.6725398302078247,3.0,0.49190811798486034
2025-09-05 12:00:00,7662,3542,0.6356042623519897,3.0,0.4622813886713652
2025-09-06 12:00:00,7662,3563,0.5960584878921509,3.0,0.4650221874184286
2025-09-07 12:00:00,7662,3292,0.5489428639411926,3.0,0.4296528321587053
2025-09-08 12:00:00,7662,3089,0.5439832806587219,3.0,0.40315844427042546
2025-09-09 12:00:00,7662,3221,0.5405899286270142,3.0,0.42038632210910987
2025-09-10 12:00:00,7662,3094,0.5041764378547668,3.0,0.40381101540067865
2025-09-11 12:00:00,7662,3021,0.4668493866920471,2.0,0.39428347689898197
2025-09-12 12:00:00,7662,2729,0.4107282757759094,2.0,0.3561733228921953
2025-09-13 12:00:00,7662,2648,0.40707388520240784,2.0,0.34560167058209346
2025-09-14 12:00:00,7662,2484,0.39010703563690186,2.0,0.3241973375097886
2025-09-15 12:00:00,7662,2514,0.39845994114875793,2.0,0.32811276429130776
2025-09-16 12:00:00,7662,2414,0.37105193734169006,3.0,0.3150613416862438
2025-09-17 12:00:00,7662,2409,0.3850169777870178,2.0,0.3144087705559906
2025-09-18 12:00:00,7662,2256,0.3589141070842743,2.0,0.29444009397024273
2025-09-19 12:00:00,7662,1958,0.29457059502601624,2.0,0.25554685460715215
2025-09-20 12:00:00,7662,2240,0.3316366374492645,2.0,0.2923518663534325
2025-09-21 12:00:00,7662,2222,0.32537195086479187,2.0,0.290002610284521
2025-09-22 12:00:00,7662,2080,0.3038371205329895,2.0,0.2714695901853302
2025-09-23 12:00:00,7662,2242,0.328765332698822,2.0,0.2926128948055338
2025-09-24 12:00:00,7662,2066,0.28804489970207214,2.0,0.26964239102062126
2025-09-25 12:00:00,7662,2149,0.3048812448978424,2.0,0.2804750717828243
2025-09-26 12:00:00,7662,2220,0.3247193992137909,2.0,0.2897415818324197
2025-09-27 12:00:00,7662,1977,0.2611589729785919,2.0,0.2580266249021143
2025-09-28 12:00:00,7662,2119,0.2970503866672516,2.0,0.27655964500130514
2025-09-29 12:00:00,7662,2208,0.31662750244140625,2.0,0.28817541111981204
2025-09-30 12:00:00,7662,1955,0.26533541083335876,2.0,0.25515531192900026
2025-10-01 12:00:00,7662,2160,0.2879143953323364,2.0,0.28191072826938135
2025-10-02 12:00:00,7662,2281,0.3048812448978424,2.0,0.29770294962150873
2025-10-03 12:00:00,7662,2767,0.39271730184555054,2.0,0.36113286348211954
2025-10-04 12:00:00,7662,2546,0.33855390548706055,2.0,0.33228921952492824
2025-10-05 12:00:00,7662,2485,0.32602453231811523,2.0,0.3243278517358392
2025-10-06 12:00:00,7662,1876,0.2505873143672943,2.0,0.24484468807099974
2025-10-07 12:00:00,7662,1417,0.18976768851280212,2.0,0.1849386583137562
2025-10-08 12:00:00,7662,1854,0.2515009045600891,2.0,0.24197337509788566
2025-10-09 12:00:00,7662,1365,0.17841294407844543,2.0,0.17815191855912293
2025-10-10 12:00:00,7662,1463,0.19107282161712646,2.0,0.19094231271208562
2025-10-11 12:00:00,7662,1761,0.2362307459115982,2.0,0.2298355520751762
2025-10-12 12:00:00,7662,1758,0.23740537464618683,2.0,0.22944400939702428
2025-10-13 12:00:00,7662,1657,0.22748629748821259,2.0,0.21626207256590968
2025-10-14 12:00:00,7662,1261,0.16718871891498566,2.0,0.16457843904985645
2025-10-15 12:00:00,7662,1446,0.18872356414794922,1.0,0.18872357086922475
2025-10-16 12:00:00,7662,1616,0.21691463887691498,2.0,0.21091098929783347
2025-10-17 12:00:00,7662,2452,0.3218480944633484,2.0,0.3200208822761681
2025-10-18 12:00:00,7662,2236,0.29182979464530945,1.0,0.29182980944923
2025-10-19 12:00:00,7662,3882,0.5215348601341248,2.0,0.5066562255285826
2025-10-20 12:00:00,7662,3731,0.5298877358436584,2.0,0.486948577394936
2025-10-21 12:00:00,7662,5045,0.7192639112472534,2.0,0.6584442704254764
2025-10-22 12:00:00,7662,4443,0.6400417685508728,2.0,0.5798747063429914
2025-10-23 12:00:00,7662,4264,0.5883581042289734,2.0,0.5565126598799269
2025-10-24 12:00:00,7662,3856,0.5123988389968872,2.0,0.5032628556512659
2025-10-25 12:00:00,7662,3395,0.45197075605392456,2.0,0.4430957974419212
2025-10-26 12:00:00,7662,3051,0.4012007415294647,2.0,0.39819890368050115
2025-10-27 12:00:00,7662,2335,0.3074915111064911,2.0,0.30475071782824326
2025-10-28 12:00:00,7662,2222,0.29000261425971985,1.0,0.290002610284521
2025-10-29 12:00:00,7662,1815,0.23688332736492157,1.0,0.23688332028191073
2025-10-30 12:00:00,7662,1166,0.15217958390712738,1.0,0.15217958757504568
2025-10-31 12:00:00,7662,1351,0.176324725151062,1.0,0.176324719394414
2025-11-01 12:00:00,7662,1290,0.16836334764957428,1.0,0.16836335160532498
2025-11-02 12:00:00,7662,1326,0.17306186258792877,1.0,0.173061863743148
2025-11-03 12:00:00,7662,1497,0.1960323601961136,2.0,0.19537979639780736
2025-11-04 12:00:00,7662,1156,0.15087445080280304,1.0,0.15087444531453928
2025-11-05 12:00:00,7662,855,0.11158966273069382,1.0,0.1115896632732968
2025-11-06 12:00:00,7662,2205,0.2894805669784546,2.0,0.28778386844166015
2025-11-07 12:00:00,7662,2927,0.38240668177604675,2.0,0.3820151396502219
2025-11-08 12:00:00,7662,3246,0.43369877338409424,2.0,0.42364917776037586
2025-11-09 12:00:00,7662,3526,0.4626729190349579,2.0,0.46019316105455493
2025-11-10 12:00:00,7662,4121,0.5614721775054932,2.0,0.5378491255546854
2025-11-11 12:00:00,7662,3039,0.4207778573036194,2.0,0.3966327329678935
2025-11-12 12:00:00,7662,3378,0.4553641378879547,2.0,0.4408770555990603
2025-11-13 12:00:00,7662,4278,0.5604280829429626,2.0,0.5583398590446359
2025-11-14 12:00:00,7662,3401,0.44622814655303955,2.0,0.443878882798225
2025-11-15 12:00:00,7662,4333,0.567997932434082,2.0,0.5655181414774211
2025-11-16 12:00:00,7662,5325,0.7073870897293091,2.0,0.6949882537196554
2025-11-17 12:00:00,7662,4961,0.6545288562774658,2.0,0.6474810754372227
2025-11-18 12:00:00,7662,4940,0.6546593308448792,2.0,0.6447402766901592
2025-11-19 12:00:00,7662,4217,0.5503785014152527,1.0,0.5503784912555468
2025-11-20 12:00:00,7662,2831,0.3694857656955719,1.0,0.3694857739493605
2025-11-21 12:00:00,7662,2692,0.35173583030700684,2.0,0.3513442965283216
2025-11-22 12:00:00,7662,1919,0.2504568099975586,1.0,0.25045679979117724
2025-11-23 12:00:00,7662,2207,0.28804489970207214,1.0,0.2880448968937614
2025-11-24 12:00:00,7662,1766,0.230488121509552,1.0,0.23048812320542938
2025-11-25 12:00:00,7662,1685,0.2199164777994156,1.0,0.2199164708953276
2025-11-26 12:00:00,7662,3029,0.3953275978565216,1.0,0.3953275907073871
2025-11-27 12:00:00,7662,1324,0.17280083894729614,1.0,0.17280083529104673
2025-11-28 12:00:00,7662,1155,0.15074393153190613,1.0,0.15074393108848866
2025-11-29 12:00:00,7662,1395,0.18206734955310822,1.0,0.18206734534064212
2025-11-30 12:00:00,7662,1403,0.18311145901679993,1.0,0.18311145914904725
2025-12-01 12:00:00,7662,1807,0.23583920300006866,1.0,0.23583920647350562
2025-12-02 12:00:00,7662,1526,0.19916470348834991,1.0,0.1991647089532759
2025-12-03 12:00:00,7662,1447,0.18885408341884613,1.0,0.18885408509527538
2025-12-04 12:00:00,7662,1595,0.20817019045352936,1.0,0.20817019055077005
2025-12-05 12:00:00,7662,1743,0.22748629748821259,1.0,0.2274862960062647
2025-12-06 12:00:00,7662,2079,0.27133908867836,1.0,0.2713390759592796
2025-12-07 12:00:00,7662,2443,0.3188462555408478,1.0,0.31884625424171237
2025-12-08 12:00:00,7662,1735,0.22644218802452087,1.0,0.22644218219785955
2025-12-09 12:00:00,7662,2874,0.3750978708267212,1.0,0.375097885669538
2025-12-10 12:00:00,7662,3205,0.4182980954647064,1.0,0.41829809449229965
2025-12-11 12:00:00,7662,3255,0.4248238205909729,1.0,0.42482380579483164
2025-12-12 12:00:00,7662,4269,0.5580788254737854,2.0,0.5571652310101801
2025-12-13 12:00:00,7662,4269,0.5589924454689026,2.0,0.5571652310101801
2025-12-14 12:00:00,7662,4727,0.6204646229743958,2.0,0.616940746541373
2025-12-15 12:00:00,7662,4670,0.6139389276504517,2.0,0.6095014356564865
2025-12-16 12:00:00,7662,5935,0.7762986421585083,2.0,0.7746019316105456
2025-12-17 12:00:00,7662,6197,0.8222396373748779,2.0,0.8087966588358131
2025-12-18 12:00:00,7662,6287,0.8348994851112366,2.0,0.8205429391803707
2025-12-19 12:00:00,7662,6696,0.8925867676734924,2.0,0.8739232576350823
2025-12-20 12:00:00,7662,6554,0.8843643665313721,2.0,0.8553902375358914
2025-12-21 12:00:00,7662,6678,0.8818846344947815,2.0,0.8715740015661707
2025-12-22 12:00:00,7662,5963,0.783998966217041,2.0,0.7782563299399634
2025-12-23 12:00:00,7662,6065,0.8037065863609314,2.0,0.7915687809971287
2025-12-24 12:00:00,7662,6454,0.8705298900604248,2.0,0.8423388149308274
2025-12-25 12:00:00,7662,6307,0.8372487425804138,2.0,0.8231532237013834
2025-12-26 12:00:00,7662,5720,0.7531976103782654,2.0,0.7465413730096581
2025-12-27 12:00:00,7662,5332,0.7122161388397217,2.0,0.6959018533020099
2025-12-28 12:00:00,7662,4750,0.6216392517089844,2.0,0.6199425737405377
2025-12-29 12:00:00,7662,4483,0.5850952863693237,1.0,0.5850952753850169
2025-12-30 12:00:00,7662,4785,0.6273818612098694,2.0,0.62451057165231
2025-12-31 12:00:00,7662,6072,0.8178021311759949,2.0,0.7924823805794832
2026-01-01 12:00:00,7662,5866,0.7766901850700378,2.0,0.7655964500130514
2026-01-02 12:00:00,7662,4707,0.6148525476455688,2.0,0.6143304620203602
2026-01-03 12:00:00,7662,4260,0.5576872825622559,2.0,0.5559906029757243
2026-01-04 12:00:00,7662,3464,0.4535369277000427,2.0,0.45210127903941527
2026-01-05 12:00:00,7662,3390,0.446489155292511,2.0,0.442443226311668
2026-01-06 12:00:00,7662,3211,0.4361785352230072,2.0,0.4190811798486035
2026-01-07 12:00:00,7662,2501,0.32915687561035156,2.0,0.32641607935264944
2026-01-08 12:00:00,7662,1660,0.21665361523628235,1.0,0.2166536152440616
2026-01-09 12:00:00,7662,1587,0.20712608098983765,1.0,0.2071260767423649
2026-01-10 12:00:00,7662,1520,0.19838161766529083,1.0,0.19838162359697206
2026-01-11 12:00:00,7662,2559,0.3359436094760895,2.0,0.33398590446358656
2026-01-12 12:00:00,7662,2034,0.26611849665641785,2.0,0.2654659357870008
2026-01-13 12:00:00,7662,3283,0.4284782111644745,1.0,0.42847820412424953
2026-01-14 12:00:00,7662,2653,0.3476898968219757,2.0,0.34625424171234664
2026-01-15 12:00:00,7662,2664,0.3505612015724182,2.0,0.34768989819890367
2026-01-16 12:00:00,7662,2532,0.3351605236530304,2.0,0.33046202036021927
2026-01-17 12:00:00,7662,2663,0.35578179359436035,2.0,0.347559383972853
2026-01-18 12:00:00,7662,2483,0.3332028090953827,2.0,0.3240668232837379
2026-01-19 12:00:00,7662,2514,0.3351605236530304,2.0,0.32811276429130776
2026-01-20 12:00:00,7662,3343,0.4485774040222168,2.0,0.4363090576872879
2026-01-21 12:00:00,7662,2770,0.36909422278404236,2.0,0.3615244061602715
2026-01-22 12:00:00,7662,2360,0.3102323114871979,2.0,0.30801357347950925
2026-01-23 12:00:00,7662,2518,0.3286348283290863,1.0,0.3286348211955103
2026-01-24 12:00:00,7662,2759,0.36322107911109924,2.0,0.36008874967371446
2026-01-25 12:00:00,7662,3137,0.40981465578079224,2.0,0.40942312712085616
2026-01-26 12:00:00,7662,2475,0.33098408579826355,2.0,0.3230227094753328
2026-01-27 12:00:00,7662,2701,0.35865309834480286,2.0,0.35251892456277734
2026-01-28 12:00:00,7662,3204,0.42156094312667847,2.0,0.418167580266249
2026-01-29 12:00:00,7662,3149,0.4122944474220276,2.0,0.41098929783346383
2026-01-30 12:00:00,7662,2684,0.3503001928329468,1.0,0.3503001827199165
2026-01-31 12:00:00,7662,2315,0.30422866344451904,2.0,0.3021404333072305
2026-02-01 12:00:00,7662,2627,0.3428608775138855,1.0,0.34286087183503
2026-02-02 12:00:00,7662,3063,0.406812846660614,2.0,0.3997650743931088
2026-02-03 12:00:00,7662,3108,0.41268599033355713,2.0,0.4056382145653876
2026-02-04 12:00:00,7662,3401,0.44531452655792236,2.0,0.443878882798225
2026-02-05 12:00:00,7662,3117,0.4102061986923218,2.0,0.4068128425998434
2026-02-06 12:00:00,7662,2791,0.3726181089878082,2.0,0.3642652049073349
2026-02-07 12:00:00,7662,2169,0.28308534622192383,1.0,0.28308535630383713
2026-02-08 12:00:00,7662,2793,0.36504828929901123,2.0,0.3645262333594362
2026-02-09 12:00:00,7662,2011,0.26429131627082825,2.0,0.2624641085878361
2026-02-10 12:00:00,7662,1552,0.20255808532238007,1.0,0.20255807883059254
2026-02-11 12:00:00,7662,1866,0.24353954195976257,1.0,0.24353954581049334
2026-02-12 12:00:00,7662,2752,0.3600887358188629,2.0,0.35917515009136
2026-02-13 12:00:00,7662,2655,0.3465152680873871,1.0,0.34651527016444794
2026-02-14 12:00:00,7662,2679,0.3516053259372711,2.0,0.3496476115896633
2026-02-15 12:00:00,7662,2812,0.36700600385665894,1.0,0.36700600365439834
2026-02-16 12:00:00,7662,2258,0.29470112919807434,1.0,0.29470112242234403
2026-02-17 12:00:00,7662,2109,0.275254487991333,1.0,0.27525450274079877
2026-02-18 12:00:00,7662,1585,0.20686504244804382,1.0,0.20686504829026364
2026-02-19 12:00:00,7662,1860,0.2427564561367035,1.0,0.2427564604541895
2026-02-20 12:00:00,7662,1847,0.2410597801208496,1.0,0.2410597755155312
2026-02-21 12:00:00,7662,2037,0.29013311862945557,2.0,0.2658574784651527
2026-02-22 12:00:00,7662,2631,0.3436439633369446,2.0,0.3433829287392326
2026-02-23 12:00:00,7662,1952,0.25672149658203125,2.0,0.2547637692508483
2026-02-24 12:00:00,7662,2619,0.3540850877761841,2.0,0.3418167580266249
2026-02-25 12:00:00,7662,1897,0.2486295998096466,2.0,0.24758548681806317
2026-02-26 12:00:00,7662,2425,0.3192377984523773,2.0,0.31649699817280086
2026-02-27 12:00:00,7662,3370,0.44440093636512756,2.0,0.4398329417906552
2026-02-28 12:00:00,7662,3275,0.4438788890838623,2.0,0.42743409031584445
2026-03-01 12:00:00,7662,3217,0.4274340867996216,2.0,0.4198642652049073
2026-03-02 12:00:00,7662,3249,0.438266783952713,2.0,0.4240407204385278
2026-03-03 12:00:00,7662,4304,0.6034978032112122,2.0,0.5617332289219525
2026-03-04 12:00:00,7662,5344,0.7595927715301514,2.0,0.6974680240146176
2026-03-05 12:00:00,7662,4104,0.5576872825622559,2.0,0.5356303837118246
2026-03-06 12:00:00,7662,4600,0.6225528717041016,2.0,0.6003654398329418
2026-03-07 12:00:00,7662,4407,0.6064996123313904,2.0,0.5751761942051684
2026-03-08 12:00:00,7662,4197,0.5741320848464966,2.0,0.5477682067345341
2026-03-09 12:00:00,7662,4778,0.661837637424469,2.0,0.6235969720699557
2026-03-10 12:00:00,7662,4927,0.7674236297607422,3.0,0.6430435917515009
2026-03-11 12:00:00,7662,4954,0.6728008389472961,2.0,0.6465674758548682
2026-03-12 12:00:00,7662,4506,0.5933176875114441,2.0,0.5880971025841817
2026-03-13 12:00:00,7662,5430,0.7191333770751953,2.0,0.7086922474549726
2026-03-14 12:00:00,7662,4750,0.6269903182983398,2.0,0.6199425737405377
2026-03-15 12:00:00,7662,5317,0.7186112999916077,2.0,0.6939441399112504
2026-03-16 12:00:00,7662,4120,0.5452884435653687,2.0,0.5377186113286349
2026-03-17 12:00:00,7662,5588,0.729835569858551,2.0,0.7293134951709737
2026-03-18 12:00:00,7662,5406,0.7466719150543213,3.0,0.7055599060297573
2026-03-19 12:00:00,7662,6298,0.9130775332450867,2.0,0.8219785956669277
2026-03-20 12:00:00,7662,6207,0.8503001928329468,2.0,0.8101018010963195
2026-03-21 12:00:00,7662,4664,0.7700339555740356,3.0,0.6087183503001827
2026-03-22 12:00:00,7662,5665,0.8749673962593079,3.0,0.7393630905768729
2026-03-23 12:00:00,7662,4842,0.6503523588180542,2.0,0.6319498825371965
2026-03-24 12:00:00,7662,4877,0.7110415101051331,2.0,0.636517880448969
2026-03-25 12:00:00,7662,4487,0.6089794039726257,2.0,0.5856173322892195
2026-03-26 12:00:00,7662,4171,0.5502479672431946,2.0,0.5443748368572174
2026-03-27 12:00:00,7662,3682,0.48446881771087646,2.0,0.48055338031845474
2026-03-28 12:00:00,7662,3632,0.4740276634693146,1.0,0.47402766901592275
2026-03-29 12:00:00,7662,4414,0.5776559710502625,2.0,0.5760897937875228
2026-03-30 12:00:00,7662,3910,0.5103106498718262,1.0,0.5103106238580005
2026-03-31 12:00:00,7662,3456,0.45405900478363037,2.0,0.4510571652310102
2026-04-01 12:00:00,7662,5008,0.6557034850120544,2.0,0.6536152440616028
2026-04-02 12:00:00,7662,4560,0.5951448678970337,1.0,0.5951448707909162
2026-04-03 12:00:00,7662,4029,0.5300182700157166,2.0,0.5258418167580267
2026-04-04 12:00:00,7662,3125,0.4102061986923218,2.0,0.4078569564082485
2026-04-05 12:00:00,7662,2971,0.3888018727302551,2.0,0.38775776559645003
2026-04-06 12:00:00,7662,3387,0.4446619749069214,2.0,0.44205168363351605
2026-04-07 12:00:00,7662,3727,0.4868180751800537,2.0,0.4864265204907335
2026-04-08 12:00:00,7662,3368,0.4400939643383026,2.0,0.4395719133385539
2026-04-09 12:00:00,7662,3097,0.4321326017379761,3.0,0.4042025580788306
2026-04-10 12:00:00,7662,2171,0.2884364426136017,2.0,0.2833463847559384
2026-04-11 12:00:00,7662,1473,0.1922474503517151,1.0,0.19224745497259202
2026-04-12 12:00:00,7662,1629,0.21260766685009003,1.0,0.21260767423649177
2026-04-13 12:00:00,7662,2404,0.31375619769096375,1.0,0.3137561994257374
2026-04-14 12:00:00,7662,2874,0.3750978708267212,1.0,0.375097885669538
2026-04-15 12:00:00,7662,2401,0.3150613307952881,2.0,0.3133646567475855
2026-04-16 12:00:00,7662,2216,0.2913077473640442,2.0,0.2892195249282172
2026-04-17 12:00:00,7662,2717,0.3859305679798126,2.0,0.35460715217958755
2026-04-18 12:00:00,7662,2733,0.3867136538028717,2.0,0.3566953797963978
2026-04-19 12:00:00,7662,4059,0.5523362159729004,2.0,0.5297572435395458
2026-04-20 12:00:00,7662,4747,0.66249018907547,2.0,0.6195510310623858
2026-04-21 12:00:00,7662,3773,0.5147480964660645,2.0,0.49243017488906293
2026-04-22 12:00:00,7662,2444,0.3286348283290863,2.0,0.31897676846776296
2026-04-23 12:00:00,7662,2150,0.291568785905838,2.0,0.280605586008875
2026-04-24 12:00:00,7662,3613,0.5079613924026489,2.0,0.4715478987209606
2026-04-25 12:00:00,7662,3440,0.5003915429115295,3.0,0.4489689376141999
2026-04-26 12:00:00,7662,5206,0.7479770183563232,3.0,0.6794570608196293
2026-04-27 12:00:00,7662,6718,1.0131819248199463,4.0,0.8767945706081963
2026-04-28 12:00:00,7662,6856,1.1155050992965698,4.0,0.8948055338031845
2026-04-29 12:00:00,7662,6504,1.0653876066207886,4.0,0.8488645262333594
2026-04-30 12:00:00,7662,5423,0.7885669469833374,4.0,0.7077786478726181
2026-05-01 12:00:00,7662,5521,0.7612894773483276,4.0,0.7205690420255808
2026-05-02 12:00:00,7662,5358,0.7201774716377258,3.0,0.6992952231793266
2026-05-03 12:00:00,7662,5968,0.8047507405281067,3.0,0.7789089010702167
2026-05-04 12:00:00,7662,5758,0.778908908367157,3.0,0.7515009135995824
2026-05-05 12:00:00,7662,4976,0.6805011630058289,4.0,0.6494387888279822
2026-05-06 12:00:00,7662,5117,0.7075176239013672,4.0,0.6678412947011224
2026-05-07 12:00:00,7662,5347,0.7411903142929077,3.0,0.6978595666927695
2026-05-08 12:00:00,7662,4103,0.5728269219398499,3.0,0.535499869485774
2026-05-09 12:00:00,7662,3339,0.47180894017219543,3.0,0.43578700078308535
2026-05-10 12:00:00,7662,2798,0.3920647203922272,3.0,0.36517880448968937
2026-05-11 12:00:00,7662,2882,0.39741581678390503,3.0,0.3761419994779431
2026-05-12 12:00:00,7662,2207,0.3038371205329895,3.0,0.2880448968937614
2026-05-13 12:00:00,7662,1573,0.21652309596538544,3.0,0.20529887757765597
2026-05-14 12:00:00,7662,1266,0.17358392477035522,3.0,0.16523101018010963
2026-05-15 12:00:00,7662,1113,0.14826415479183197,2.0,0.14526233359436178
2026-05-16 12:00:00,7662,852,0.11589663475751877,3.0,0.11119812059514488
2026-05-17 12:00:00,7662,535,0.0713912844657898,2.0,0.06982511093709215
2026-05-18 12:00:00,7662,611,0.0809188187122345,2.0,0.07974419211694074
2026-05-19 12:00:00,7662,600,0.07883059233427048,2.0,0.07830853563038372
2026-05-20 12:00:00,7662,729,0.096188984811306,2.0,0.09514487079091621
2026-05-21 12:00:00,7662,1068,0.14069433510303497,2.0,0.139389193422083
2026-05-22 12:00:00,7662,929,0.12607674300670624,3.0,0.12124771600104411
2026-05-23 12:00:00,7662,1123,0.15374575555324554,3.0,0.14656747585486818
2026-05-24 12:00:00,7662,1942,0.29365700483322144,3.0,0.25345862699034194
2026-05-25 12:00:00,7662,3016,0.4904724657535553,4.0,0.3936309057687288
2026-05-26 12:00:00,7662,4506,0.8573479652404785,5.0,0.5880971025841817
2026-05-27 12:00:00,7662,5211,0.8792743682861328,5.0,0.6801096319498825
2026-05-28 12:00:00,7662,4731,0.6959018707275391,4.0,0.6174628034455756
2026-05-29 12:00:00,7662,4045,0.5994518399238586,4.0,0.5279300443748368
2026-05-30 12:00:00,7662,3931,0.5703471899032593,4.0,0.513051422605064
2026-05-31 12:00:00,7662,3814,0.5711302757263184,4.0,0.49778125815713914
2026-06-01 12:00:00,7662,3682,0.548420786857605,5.0,0.48055338031845474
2026-06-02 12:00:00,7662,3990,0.5999739170074463,4.0,0.5207517619420516
2026-06-03 12:00:00,7662,3362,0.48981988430023193,4.0,0.43878882798225005
2026-06-04 12:00:00,7662,1878,0.27642911672592163,4.0,0.245105716523101
2026-06-05 12:00:00,7662,1843,0.2781258225440979,4.0,0.24053771861132864
2026-06-06 12:00:00,7662,1636,0.24419212341308594,4.0,0.21352127381884625
2026-06-07 12:00:00,7662,1214,0.1724092960357666,3.0,0.15844427042547637
2026-06-08 12:00:00,7662,1478,0.22839990258216858,3.0,0.1929000261028452
2026-06-09 12:00:00,7662,1404,0.2067345380783081,3.0,0.18324197337509787
2026-06-10 12:00:00,7662,1435,0.2103889286518097,3.0,0.1872879143826677
2026-06-11 12:00:00,7662,1020,0.14421822130680084,3.0,0.1331245105716523
2026-06-12 12:00:00,7662,1014,0.14069433510303497,2.0,0.13234142521534847
2026-06-13 12:00:00,7662,909,0.12816497683525085,2.0,0.11863743148003132
2026-06-14 12:00:00,7662,1650,0.24719394743442535,4.0,0.2153484729835552
2026-06-15 12:00:00,7662,1364,0.20255808532238007,3.0,0.17802140433307231
2026-06-16 12:00:00,7662,897,0.1285565197467804,3.0,0.11707126076742365
2026-06-17 12:00:00,7662,1352,0.19068127870559692,3.0,0.17645523362046464
2026-06-18 12:00:00,7662,1203,0.17097362875938416,3.0,0.15700861393891935
2026-06-19 12:00:00,7662,1370,0.20255808532238007,3.0,0.17880448968937615
2026-06-20 12:00:00,7662,2283,0.3313756287097931,3.0,0.29796397807361
2026-06-21 12:00:00,7662,3209,0.47676846385002136,3.0,0.4188201513965022
2026-06-22 12:00:00,7662,5605,0.9832941889762878,4.0,0.7315322370138345
2026-06-23 12:00:00,7662,6622,1.1989036798477173,5.0,0.8642652049073349
2026-06-24 12:00:00,7662,7093,1.2718610763549805,5.0,0.9257374053771861
2026-06-25 12:00:00,7662,7167,1.49856436252594,5.0,0.9353954581049334
2026-06-26 12:00:00,7662,7198,1.4043331146240234,5.0,0.9394413991125032
2026-06-27 12:00:00,7662,6315,1.1001044511795044,5.0,0.8241973375097885
2026-06-28 12:00:00,7662,5684,0.9122944474220276,4.0,0.741842860871835
2026-06-29 12:00:00,7662,4024,0.6339076161384583,4.0,0.5251892456277735
2026-06-30 12:00:00,7662,3485,0.5516836047172546,4.0,0.4548420777864787
2026-07-01 12:00:00,7662,2448,0.3897154927253723,4.0,0.31949882537196556
2026-07-02 12:00:00,7662,1943,0.3180631697177887,3.0,0.2535891412163926
2026-07-03 12:00:00,7662,2021,0.3294179141521454,4.0,0.26376925084834246
2026-07-04 12:00:00,7662,1878,0.3095797300338745,4.0,0.245105716523101
2026-07-05 12:00:00,7662,2551,0.4001566171646118,4.0,0.3329417906551814
2026-07-06 12:00:00,7662,1921,0.3159749507904053,4.0,0.25071782824327854
2026-07-07 12:00:00,7662,2890,0.49673715233802795,4.0,0.3771861132863482
2026-07-08 12:00:00,7662,2898,0.4866875410079956,4.0,0.37823022709475335
2026-07-09 12:00:00,7662,3420,0.6084573268890381,5.0,0.4463586530931872
2026-07-10 12:00:00,7662,4270,0.877838671207428,5.0,0.5572957452362307
2026-07-11 12:00:00,7662,5149,1.0570347309112549,5.0,0.6720177499347428
2026-07-12 12:00:00,7662,5971,1.203863263130188,5.0,0.7793004437483686
2026-07-13 12:00:00,7662,7643,1.530279278755188,5.0,0.9975202297050378
2026-07-14 12:00:00,7662,7623,1.713260293006897,5.0,0.9949099451840251
2026-07-15 12:00:00,7662,7598,1.9273035526275635,5.0,0.991647089532759
2026-07-16 12:00:00,7662,7593,2.0733489990234375,5.0,0.9909945184025059
2026-07-17 12:00:00,7662,7589,1.9364395141601562,5.0,0.9904724614983034
2026-07-18 12:00:00,7662,7428,1.7037327289581299,5.0,0.9694596711041503
2026-07-19 12:00:00,7662,7158,1.5168362855911255,5.0,0.9342208300704777
2026-07-20 12:00:00,7662,6686,1.361263394355774,5.0,0.8726181153745758
2026-07-21 12:00:00,7662,6524,1.2156095504760742,5.0,0.8514748107543723
2026-07-22 12:00:00,7662,6628,1.2008613348007202,5.0,0.8650482902636387
2026-07-23 12:00:00,7662,6411,1.1525710821151733,5.0,0.83672670321065
2026-07-24 12:00:00,7662,6330,1.2223962545394897,5.0,0.8261550509005482
2026-07-25 12:00:00,7662,5080,1.0715217590332031,5.0,0.6630122683372488
2026-07-26 12:00:00,7662,4652,0.8680500984191895,4.0,0.6071521795875751
2026-07-27 12:00:00,7662,5336,0.9096841812133789,4.0,0.6964239102062125
2026-07-28 12:00:00,7662,4477,0.7967893481254578,4.0,0.5843121900287132
2026-07-29 12:00:00,7662,5645,0.9300443530082703,4.0,0.7367528060558601
2026-07-30 12:00:00,7662,5826,0.9712868928909302,5.0,0.7603758809710258
2026-07-31 12:00:00,7662,4999,0.8052727580070496,4.0,0.652440616027147
2026-08-01 12:00:00,7662,5167,0.8000522255897522,4.0,0.6743670060036544
2026-08-02 12:00:00,7662,5174,0.7871313095092773,3.0,0.6752806055860089
2026-08-03 12:00:00,7662,5418,0.8419472575187683,4.0,0.7071260767423649
2026-08-04 12:00:00,7662,4744,0.729835569858551,3.0,0.6191594883842338
2026-08-05 12:00:00,7662,4495,0.6687548756599426,3.0,0.5866614460976246
2026-08-06 12:00:00,7662,4232,0.6202036142349243,3.0,0.5523362046463064
2026-08-07 12:00:00,7662,4304,0.6536152362823486,3.0,0.5617332289219525
2026-08-08 12:00:00,7662,4404,0.7041242718696594,3.0,0.5747846515270164
2026-08-09 12:00:00,7662,4483,0.6975985169410706,3.0,0.5850952753850169
2026-08-10 12:00:00,7662,4515,0.69655442237854,3.0,0.5892717306186375
2026-08-11 12:00:00,7662,4823,0.7696424126625061,3.0,0.6294701122422344
2026-08-12 12:00:00,7662,4893,0.9120334386825562,4.0,0.6386061080657792
2026-08-13 12:00:00,7662,5288,1.0117462873458862,4.0,0.6901592273557818
2026-08-14 12:00:00,7662,5101,0.9864265322685242,4.0,0.6657530670843121
2026-08-15 12:00:00,7662,5760,1.029496192932129,4.0,0.7517619420516837
2026-08-16 12:00:00,7662,4747,0.8945444822311401,4.0,0.6195510310623858
2026-08-17 12:00:00,7662,4557,0.8064473867416382,4.0,0.5947533281127643
2026-08-18 12:00:00,7662,5183,0.9305664300918579,4.0,0.6764552336204647
2026-08-19 12:00:00,7662,5195,0.9291307926177979,5.0,0.6780214043330723
2026-08-20 12:00:00,7662,4960,0.7843905091285706,4.0,0.6473505612111721
2026-08-21 12:00:00,7662,4464,0.6728008389472961,4.0,0.5826155050900548
2026-08-22 12:00:00,7662,3986,0.6098929643630981,4.0,0.5202297050378492
2026-08-23 12:00:00,7662,4634,0.7427564859390259,4.0,0.6048029235186635
2026-08-24 12:00:00,7662,5022,0.8114069700241089,4.0,0.6554424432263116
2026-08-25 12:00:00,7662,6488,1.0065257549285889,4.0,0.8467762986165492
2026-08-26 12:00:00,7662,6014,1.0442442893981934,4.0,0.7849125554685461
2026-08-27 12:00:00,7662,7373,1.2294440269470215,3.0,0.9622813886713651
2026-08-28 12:00:00,7662,7244,1.341947317123413,4.0,0.9454450535108326
2026-08-29 12:00:00,7662,7346,1.293526530265808,4.0,0.9587575045679979
2026-08-30 12:00:00,7662,7423,1.2909162044525146,4.0,0.9688070999738971
2026-08-31 12:00:00,7662,7590,1.2993996143341064,4.0,0.990602975724354
