iso_year,iso_week,wdsp,glorad,maxtp,mintp,rain,station_no,station_name
2003,33,8.95,1938.5,18.725,11.4,0.825,275,Mace Head
2003,34,13.971428571428572,1061.857142857143,18.942857142857143,14.585714285714285,0.9714285714285714,275,Mace Head
2003,35,11.4,1468.142857142857,18.885714285714283,12.014285714285714,0.08571428571428573,275,Mace Head
2003,36,10.016666666666666,1411.5,17.416666666666668,12.35,4.466666666666667,275,Mace Head
2003,37,15.375,1145.25,16.725,12.15,1.575,275,Mace Head
2003,41,15.566666666666668,495.8333333333333,14.983333333333334,12.466666666666667,0.48333333333333334,275,Mace Head
2003,42,12.642857142857142,734.7142857142857,14.299999999999999,8.428571428571429,0.014285714285714287,275,Mace Head
2003,43,8.642857142857142,800.1428571428571,10.928571428571429,3.5,0.7999999999999999,275,Mace Head
2003,44,15.125,415.0,12.7,7.025,4.0,275,Mace Head
2003,45,20.814285714285713,300.57142857142856,13.571428571428571,9.085714285714285,3.242857142857143,275,Mace Head
2003,46,17.7,247.14285714285714,11.685714285714285,8.471428571428572,5.928571428571429,275,Mace Head
2003,47,14.185714285714287,270.2857142857143,11.557142857142859,8.128571428571428,1.5857142857142856,275,Mace Head
2003,48,16.84285714285714,244.85714285714286,10.12857142857143,5.257142857142857,4.8428571428571425,275,Mace Head
2003,49,6.4399999999999995,321.4,9.84,3.9200000000000004,0.0,275,Mace Head
2003,50,16.24,149.0,10.68,6.279999999999999,5.819999999999999,275,Mace Head
2003,51,13.814285714285715,161.57142857142858,9.828571428571427,6.328571428571428,2.3857142857142857,275,Mace Head
2003,52,17.65,101.0,10.466666666666667,6.666666666666667,0.7999999999999999,275,Mace Head
2004,1,14.7,99.8,10.22,4.5,5.26,275,Mace Head
2004,2,22.514285714285712,201.57142857142858,10.514285714285714,6.971428571428571,5.928571428571429,275,Mace Head
2004,3,18.314285714285713,267.0,8.871428571428572,3.5,7.385714285714286,275,Mace Head
2004,4,13.299999999999999,213.57142857142858,9.457142857142857,6.485714285714286,1.1428571428571428,275,Mace Head
2004,5,13.414285714285715,315.85714285714283,8.285714285714286,3.1,5.314285714285715,275,Mace Head
2004,6,21.12857142857143,370.2857142857143,10.385714285714286,7.257142857142857,2.9714285714285715,275,Mace Head
2004,7,9.957142857142857,439.85714285714283,9.942857142857141,5.685714285714285,0.32857142857142857,275,Mace Head
2004,8,9.885714285714286,857.8571428571429,8.542857142857143,1.9285714285714286,0.042857142857142864,275,Mace Head
2004,9,10.242857142857144,866.5714285714286,7.028571428571429,0.8,0.5428571428571429,275,Mace Head
2004,10,10.771428571428572,981.7142857142857,9.928571428571429,4.371428571428572,1.657142857142857,275,Mace Head
2004,11,19.114285714285717,786.1428571428571,8.528571428571428,4.1,3.8000000000000003,275,Mace Head
2004,12,24.014285714285712,941.7142857142857,10.657142857142857,6.957142857142857,5.771428571428571,275,Mace Head
2004,13,12.485714285714286,1339.142857142857,10.771428571428572,5.557142857142857,0.5,275,Mace Head
2004,14,14.671428571428573,1329.4285714285713,11.971428571428572,6.6000000000000005,2.957142857142857,275,Mace Head
2004,15,13.614285714285714,1382.4285714285713,11.799999999999999,6.6000000000000005,0.41428571428571426,275,Mace Head
2004,16,13.057142857142855,1308.7142857142858,10.700000000000001,5.528571428571429,4.942857142857143,275,Mace Head
2004,17,16.47142857142857,1371.857142857143,12.157142857142857,8.457142857142857,2.042857142857143,275,Mace Head
2004,18,14.5,1853.7142857142858,13.757142857142856,7.7,0.08571428571428572,275,Mace Head
2004,19,18.885714285714283,1968.857142857143,12.242857142857144,7.042857142857143,2.314285714285714,275,Mace Head
2004,20,8.9,1422.142857142857,13.5,10.557142857142859,0.028571428571428574,275,Mace Head
2004,21,10.12857142857143,2428.714285714286,14.614285714285714,8.7,0.042857142857142864,275,Mace Head
2004,22,11.857142857142858,2469.0,16.914285714285715,10.6,1.5285714285714285,275,Mace Head
2004,23,10.542857142857143,1580.0,15.285714285714286,11.685714285714285,0.27142857142857146,275,Mace Head
2004,24,13.72857142857143,1829.857142857143,17.271428571428572,12.785714285714286,0.8857142857142858,275,Mace Head
2004,25,14.6,1919.2857142857142,15.842857142857142,11.242857142857144,0.32857142857142857,275,Mace Head
2004,26,15.828571428571427,2207.4285714285716,15.728571428571428,10.5,5.6571428571428575,275,Mace Head
2004,27,18.642857142857142,1971.857142857143,15.828571428571427,12.014285714285714,2.7285714285714286,275,Mace Head
2004,28,7.4,2240.5,16.2,10.65,0.85,275,Mace Head
2004,29,11.775,1915.5,16.35,12.35,0.3,275,Mace Head
2004,30,16.314285714285713,1557.2857142857142,16.685714285714287,12.985714285714286,2.0714285714285716,275,Mace Head
2004,31,8.885714285714286,1647.857142857143,17.74285714285714,13.185714285714285,1.5,275,Mace Head
2004,32,12.971428571428572,1600.2857142857142,18.842857142857145,13.142857142857142,1.3,275,Mace Head
2004,33,9.171428571428573,1626.5714285714287,20.114285714285717,13.814285714285715,1.157142857142857,275,Mace Head
2004,34,11.5,1525.7142857142858,18.04285714285714,12.4,1.9714285714285713,275,Mace Head
2004,35,15.728571428571428,1329.857142857143,16.871428571428574,13.328571428571427,2.442857142857143,275,Mace Head
2004,36,11.857142857142858,1067.5714285714287,16.742857142857144,12.642857142857142,1.5999999999999999,275,Mace Head
2004,37,16.228571428571428,1167.2857142857142,19.657142857142855,13.357142857142858,3.185714285714286,275,Mace Head
2004,38,24.75714285714286,921.4285714285714,14.942857142857141,11.185714285714285,5.728571428571429,275,Mace Head
2004,39,20.385714285714283,715.2857142857143,14.771428571428572,11.357142857142858,0.7000000000000001,275,Mace Head
2004,40,16.885714285714286,527.25,14.428571428571429,11.0,4.271428571428571,275,Mace Head
2004,41,16.914285714285715,,13.299999999999999,7.857142857142857,1.3142857142857143,275,Mace Head
2004,42,11.457142857142857,,12.542857142857143,7.457142857142857,2.6,275,Mace Head
2004,43,11.642857142857142,,10.485714285714286,5.057142857142857,8.357142857142858,275,Mace Head
2004,44,15.742857142857144,,12.5,8.557142857142857,1.557142857142857,275,Mace Head
2004,45,13.885714285714286,273.14285714285717,11.928571428571429,9.357142857142858,0.4857142857142857,275,Mace Head
2004,46,14.799999999999999,307.57142857142856,11.257142857142856,8.442857142857143,0.2857142857142857,275,Mace Head
2004,47,15.928571428571429,161.28571428571428,10.87142857142857,7.285714285714286,6.014285714285714,275,Mace Head
2004,48,12.5,222.42857142857142,11.314285714285715,8.742857142857142,0.7714285714285715,275,Mace Head
2004,49,12.428571428571429,181.28571428571428,10.185714285714285,6.3999999999999995,1.0,275,Mace Head
2004,50,14.728571428571428,116.14285714285714,10.842857142857143,7.328571428571428,3.2714285714285714,275,Mace Head
2004,51,21.842857142857145,166.0,10.057142857142859,6.3999999999999995,5.5,275,Mace Head
2004,52,23.542857142857144,145.28571428571428,9.785714285714286,5.457142857142857,3.585714285714286,275,Mace Head
2004,53,23.485714285714288,151.14285714285714,10.442857142857141,5.457142857142857,2.842857142857143,275,Mace Head
2005,1,27.071428571428573,140.85714285714286,10.971428571428572,7.1571428571428575,6.728571428571429,275,Mace Head
2005,2,21.099999999999998,240.71428571428572,10.171428571428573,6.385714285714285,7.8999999999999995,275,Mace Head
2005,3,2.5,209.57142857142858,9.328571428571427,3.414285714285714,3.685714285714286,275,Mace Head
2005,4,5.8999999999999995,337.2857142857143,9.442857142857141,6.171428571428572,0.0,275,Mace Head
2005,5,11.842857142857143,382.14285714285717,9.042857142857143,4.7,1.3571428571428572,275,Mace Head
2005,6,19.614285714285717,434.7142857142857,9.4,5.271428571428571,3.542857142857143,275,Mace Head
2005,7,10.228571428571428,407.85714285714283,8.542857142857143,6.1000000000000005,0.5714285714285714,275,Mace Head
2005,8,10.0,702.2857142857143,7.385714285714286,0.8,0.4857142857142857,275,Mace Head
2005,9,12.528571428571428,952.2857142857143,8.342857142857143,2.814285714285714,0.9571428571428571,275,Mace Head
2005,10,8.171428571428573,876.5714285714286,9.1,3.685714285714286,0.24285714285714283,275,Mace Head
2005,11,18.62857142857143,618.4285714285714,12.671428571428573,8.528571428571428,3.3857142857142857,275,Mace Head
2005,12,14.257142857142856,1038.0,13.185714285714285,8.457142857142857,1.042857142857143,275,Mace Head
2005,13,9.299999999999999,1206.4285714285713,12.085714285714285,7.057142857142857,3.128571428571429,275,Mace Head
2005,15,14.52,1447.8,10.3,4.86,5.42,275,Mace Head
2005,16,11.185714285714285,1752.4285714285713,13.257142857142856,6.114285714285714,0.4714285714285714,275,Mace Head
2005,17,13.1,1617.857142857143,13.485714285714286,8.77142857142857,5.714285714285714,275,Mace Head
2005,18,15.428571428571429,1668.7142857142858,12.657142857142857,8.72857142857143,0.9142857142857144,275,Mace Head
2005,19,11.342857142857143,2361.1428571428573,15.071428571428571,6.357142857142857,0.0,275,Mace Head
2005,20,13.385714285714286,1922.2857142857142,12.700000000000001,7.214285714285714,3.4714285714285715,275,Mace Head
2005,21,15.299999999999999,1637.7142857142858,12.914285714285715,9.142857142857142,12.1,275,Mace Head
2005,22,13.257142857142856,1290.4285714285713,14.157142857142857,10.9,6.871428571428572,275,Mace Head
2005,23,8.242857142857144,2256.4285714285716,17.3,10.5,0.15714285714285717,275,Mace Head
2005,24,12.714285714285714,1378.857142857143,15.528571428571428,11.485714285714286,2.414285714285714,275,Mace Head
2005,25,12.342857142857143,1888.2857142857142,16.87142857142857,12.242857142857144,1.0714285714285716,275,Mace Head
2005,26,11.714285714285714,1679.5714285714287,17.514285714285712,12.299999999999999,3.2285714285714286,275,Mace Head
2005,27,12.428571428571429,1850.2857142857142,16.571428571428573,12.4,0.8142857142857143,275,Mace Head
2005,28,9.114285714285714,2008.4285714285713,18.314285714285713,13.87142857142857,0.5285714285714286,275,Mace Head
2005,29,13.028571428571428,1558.4285714285713,17.814285714285713,13.5,2.1857142857142855,275,Mace Head
2005,30,9.542857142857143,1456.5714285714287,17.45714285714286,11.0,0.014285714285714287,275,Mace Head
2005,31,10.714285714285714,1654.5714285714287,17.0,12.6,3.057142857142857,275,Mace Head
2005,32,8.785714285714286,1637.0,18.014285714285716,13.714285714285714,0.5714285714285714,275,Mace Head
2005,33,11.771428571428572,1341.2857142857142,18.071428571428573,14.114285714285714,3.971428571428572,275,Mace Head
2005,34,18.457142857142856,1447.2857142857142,16.914285714285715,12.700000000000001,2.942857142857143,275,Mace Head
2005,35,11.085714285714285,1412.857142857143,18.5,12.885714285714286,0.14285714285714285,275,Mace Head
2005,36,10.414285714285715,1069.4285714285713,17.142857142857142,12.242857142857144,1.7857142857142858,275,Mace Head
2005,37,13.799999999999999,1019.7142857142857,16.414285714285715,11.542857142857143,0.8571428571428571,275,Mace Head
2005,38,18.114285714285714,678.5714285714286,15.757142857142856,11.700000000000001,5.057142857142857,275,Mace Head
2005,39,23.485714285714288,726.1428571428571,14.828571428571427,11.0,4.214285714285714,275,Mace Head
2005,40,17.04285714285714,558.1428571428571,14.87142857142857,11.471428571428572,1.2571428571428573,275,Mace Head
2005,41,10.914285714285713,664.5714285714286,14.528571428571427,8.957142857142857,2.028571428571429,275,Mace Head
2005,42,11.771428571428572,502.85714285714283,14.014285714285714,10.171428571428573,8.571428571428571,275,Mace Head
2005,43,19.785714285714285,398.57142857142856,14.985714285714286,11.5,4.985714285714286,275,Mace Head
2005,44,19.357142857142858,410.57142857142856,12.771428571428572,8.928571428571429,5.914285714285714,275,Mace Head
2005,45,20.857142857142858,315.42857142857144,12.157142857142857,6.857142857142857,4.6571428571428575,275,Mace Head
2005,46,11.471428571428572,301.14285714285717,10.485714285714286,6.3999999999999995,0.12857142857142856,275,Mace Head
2005,47,14.657142857142858,282.0,8.871428571428572,3.2857142857142856,1.242857142857143,275,Mace Head
2005,48,14.700000000000001,215.71428571428572,8.914285714285715,5.357142857142857,4.214285714285714,275,Mace Head
2005,49,14.1,127.42857142857143,10.457142857142857,7.214285714285714,3.8857142857142857,275,Mace Head
2005,50,11.257142857142856,178.85714285714286,9.985714285714286,6.685714285714285,0.5428571428571428,275,Mace Head
2005,51,12.857142857142858,160.14285714285714,10.299999999999999,7.428571428571429,1.157142857142857,275,Mace Head
2005,52,18.74285714285714,164.0,8.0,4.357142857142857,4.257142857142857,275,Mace Head
2006,1,10.942857142857141,153.28571428571428,8.057142857142857,4.871428571428572,3.8857142857142857,275,Mace Head
2006,2,19.728571428571428,172.42857142857142,10.171428571428573,6.214285714285714,5.6571428571428575,275,Mace Head
2006,3,16.614285714285714,218.42857142857142,10.071428571428571,6.928571428571429,1.1714285714285713,275,Mace Head
2006,4,10.728571428571428,337.85714285714283,7.357142857142857,2.914285714285714,0.0,275,Mace Head
2006,5,9.6,316.57142857142856,8.342857142857143,4.914285714285714,0.014285714285714287,275,Mace Head
2006,6,13.257142857142856,355.14285714285717,9.428571428571429,5.8999999999999995,1.5571428571428572,275,Mace Head
2006,7,16.02857142857143,538.2857142857143,9.328571428571427,4.5285714285714285,4.414285714285715,275,Mace Head
2006,8,12.285714285714286,746.4285714285714,7.928571428571429,2.0285714285714285,0.05714285714285714,275,Mace Head
2006,9,9.6,1038.857142857143,6.985714285714286,-0.07142857142857142,0.4428571428571429,275,Mace Head
2006,10,15.042857142857143,634.0,9.957142857142857,6.014285714285714,5.2,275,Mace Head
2006,11,16.0,837.2857142857143,8.6,3.6571428571428575,1.3714285714285714,275,Mace Head
2006,12,14.1,664.0,8.514285714285714,3.5714285714285716,3.1714285714285717,275,Mace Head
2006,13,14.700000000000001,1180.7142857142858,10.457142857142857,6.357142857142857,4.1000000000000005,275,Mace Head
2006,14,13.685714285714285,1722.4285714285713,10.071428571428571,2.8714285714285714,1.0285714285714287,275,Mace Head
2006,15,14.157142857142857,1435.142857142857,10.814285714285715,6.871428571428572,1.4857142857142858,275,Mace Head
2006,16,10.37142857142857,1532.4285714285713,11.642857142857142,6.542857142857143,1.2285714285714284,275,Mace Head
2006,17,12.200000000000001,1256.5714285714287,11.885714285714286,7.085714285714286,1.5857142857142859,275,Mace Head
2006,18,16.314285714285713,1935.5714285714287,13.342857142857143,7.814285714285715,4.871428571428571,275,Mace Head
2006,19,6.385714285714286,1567.4285714285713,14.442857142857145,9.242857142857144,3.6142857142857143,275,Mace Head
2006,20,17.1,1274.2857142857142,12.685714285714285,9.4,7.642857142857143,275,Mace Head
2006,21,14.77142857142857,1855.7142857142858,12.37142857142857,8.071428571428571,2.357142857142857,275,Mace Head
2006,22,7.5,2948.5714285714284,15.4,8.87142857142857,0.0,275,Mace Head
2006,23,10.685714285714285,2430.285714285714,19.67142857142857,12.457142857142857,0.14285714285714285,275,Mace Head
2006,24,12.357142857142858,1464.0,15.585714285714285,11.842857142857143,1.9714285714285715,275,Mace Head
2006,25,14.742857142857144,1875.4285714285713,15.314285714285715,10.414285714285715,1.2285714285714284,275,Mace Head
2006,26,8.357142857142858,1724.4285714285713,17.2,11.971428571428572,1.2714285714285716,275,Mace Head
2006,27,13.171428571428573,1692.857142857143,17.571428571428573,13.185714285714285,3.1714285714285713,275,Mace Head
2006,28,9.842857142857143,2316.1428571428573,17.714285714285715,12.171428571428573,0.4714285714285714,275,Mace Head
2006,29,9.242857142857144,1926.2857142857142,21.37142857142857,14.757142857142856,0.9857142857142858,275,Mace Head
2006,30,11.457142857142857,1336.2857142857142,18.67142857142857,14.857142857142858,3.5714285714285716,275,Mace Head
2006,31,14.1,1476.0,18.285714285714285,14.057142857142859,1.4000000000000001,275,Mace Head
2006,32,13.457142857142857,1470.4285714285713,17.357142857142858,12.085714285714285,0.42857142857142855,275,Mace Head
2006,33,9.885714285714286,1233.7142857142858,17.2,11.5,0.9571428571428572,275,Mace Head
2006,34,10.971428571428572,1289.857142857143,16.8,12.700000000000001,0.7428571428571429,275,Mace Head
2006,35,14.6,1368.4285714285713,16.75714285714286,12.9,4.185714285714286,275,Mace Head
2006,36,12.528571428571428,1193.142857142857,18.814285714285713,12.814285714285715,2.0285714285714285,275,Mace Head
2006,37,11.5,1287.7142857142858,17.857142857142858,13.728571428571428,2.357142857142857,275,Mace Head
2006,38,15.885714285714286,844.2857142857143,16.914285714285715,12.242857142857144,14.957142857142857,275,Mace Head
2006,39,14.200000000000001,870.2857142857143,16.357142857142858,12.471428571428572,2.6571428571428575,275,Mace Head
2006,40,17.885714285714286,804.1428571428571,15.0,10.4,4.571428571428571,275,Mace Head
2006,41,17.17142857142857,917.8571428571429,16.12857142857143,11.799999999999999,2.357142857142857,275,Mace Head
2006,42,12.357142857142858,503.57142857142856,15.042857142857143,11.200000000000001,2.685714285714286,275,Mace Head
2006,43,15.085714285714285,411.2857142857143,13.457142857142857,9.642857142857142,4.885714285714286,275,Mace Head
2006,44,13.37142857142857,517.2857142857143,12.4,7.042857142857143,0.2714285714285714,275,Mace Head
2006,45,16.742857142857144,261.0,12.771428571428572,9.457142857142857,1.5999999999999999,275,Mace Head
2006,46,18.814285714285713,199.57142857142858,10.114285714285714,6.028571428571429,9.728571428571428,275,Mace Head
2006,47,23.185714285714287,248.57142857142858,10.528571428571428,6.757142857142857,7.014285714285713,275,Mace Head
2006,48,27.914285714285715,166.0,11.828571428571427,8.028571428571428,10.785714285714286,275,Mace Head
2006,49,25.7,144.14285714285714,10.657142857142857,6.942857142857143,7.371428571428572,275,Mace Head
2006,50,22.271428571428572,137.0,10.642857142857142,7.5,4.971428571428571,275,Mace Head
2006,51,10.828571428571427,129.0,8.314285714285715,4.442857142857143,0.014285714285714287,275,Mace Head
2006,52,18.585714285714285,138.85714285714286,10.357142857142858,6.142857142857143,5.9142857142857155,275,Mace Head
2007,1,23.071428571428573,161.71428571428572,10.357142857142858,7.014285714285714,3.557142857142857,275,Mace Head
2007,2,26.085714285714285,154.71428571428572,11.114285714285714,7.0,3.6571428571428575,275,Mace Head
2007,3,25.042857142857144,204.57142857142858,9.857142857142858,4.328571428571428,5.714285714285714,275,Mace Head
2007,4,10.542857142857143,346.85714285714283,8.17142857142857,3.685714285714286,0.34285714285714286,275,Mace Head
2007,5,9.185714285714285,384.2857142857143,9.37142857142857,5.085714285714286,0.1142857142857143,275,Mace Head
2007,6,16.32857142857143,330.7142857142857,6.871428571428572,2.0,4.485714285714286,275,Mace Head
2007,7,15.671428571428573,382.0,9.642857142857142,4.685714285714285,2.542857142857143,275,Mace Head
2007,8,15.328571428571431,448.14285714285717,10.428571428571429,7.042857142857143,4.271428571428571,275,Mace Head
2007,9,19.614285714285717,758.5714285714286,10.342857142857143,6.057142857142857,4.8,275,Mace Head
2007,10,20.314285714285713,470.42857142857144,10.271428571428572,6.1000000000000005,5.828571428571429,275,Mace Head
2007,11,20.942857142857147,795.2857142857143,10.071428571428571,6.528571428571428,1.3142857142857143,275,Mace Head
2007,12,10.714285714285714,1001.0,10.242857142857144,4.171428571428572,1.2142857142857142,275,Mace Head
2007,13,9.357142857142858,1538.857142857143,12.485714285714286,4.871428571428572,0.2857142857142857,275,Mace Head
2007,14,7.442857142857143,1612.2857142857142,12.928571428571429,4.8,0.014285714285714287,275,Mace Head
2007,15,8.485714285714286,1398.0,13.87142857142857,8.442857142857143,0.042857142857142864,275,Mace Head
2007,16,10.414285714285715,1178.7142857142858,12.771428571428572,7.828571428571428,1.2,275,Mace Head
2007,17,12.157142857142857,1459.142857142857,15.214285714285714,9.085714285714285,4.871428571428572,275,Mace Head
2007,18,11.685714285714285,1803.142857142857,17.628571428571426,10.042857142857143,0.35714285714285715,275,Mace Head
2007,19,16.17142857142857,1729.142857142857,13.728571428571428,8.742857142857144,3.057142857142857,275,Mace Head
2007,20,18.271428571428572,1663.5714285714287,12.914285714285715,9.37142857142857,2.0285714285714285,275,Mace Head
2007,21,13.542857142857143,1871.4285714285713,13.028571428571428,8.4,0.4714285714285714,275,Mace Head
2007,22,10.485714285714286,2073.714285714286,14.685714285714285,8.128571428571428,4.471428571428572,275,Mace Head
2007,23,6.857142857142857,2784.714285714286,20.657142857142855,12.557142857142859,0.0,275,Mace Head
2007,24,8.142857142857142,1325.5714285714287,17.5,11.914285714285715,2.242857142857143,275,Mace Head
2007,25,12.4,1725.2857142857142,17.771428571428572,11.714285714285714,7.8999999999999995,275,Mace Head
2007,26,13.828571428571427,1777.857142857143,15.471428571428572,11.185714285714285,3.3714285714285714,275,Mace Head
2007,27,16.72857142857143,1946.4285714285713,15.614285714285714,12.2,1.8285714285714287,275,Mace Head
2007,28,10.328571428571427,1671.0,16.614285714285717,12.62857142857143,4.0285714285714285,275,Mace Head
2007,29,8.7,1927.4285714285713,17.8,12.700000000000001,1.8142857142857143,275,Mace Head
2007,30,12.271428571428572,1879.857142857143,17.185714285714287,12.414285714285715,2.142857142857143,275,Mace Head
2007,31,12.942857142857141,1800.5714285714287,17.54285714285714,13.4,1.9285714285714288,275,Mace Head
2007,32,12.299999999999999,1580.142857142857,17.0,13.057142857142859,2.2142857142857144,275,Mace Head
2007,33,14.642857142857142,1280.2857142857142,16.071428571428573,12.214285714285714,5.257142857142858,275,Mace Head
2007,34,11.028571428571428,1566.7142857142858,17.52857142857143,12.62857142857143,0.7285714285714285,275,Mace Head
2007,35,11.114285714285714,1292.4285714285713,17.142857142857142,12.985714285714286,0.2,275,Mace Head
2007,36,6.385714285714286,1418.5714285714287,17.7,12.242857142857144,0.42857142857142855,275,Mace Head
2007,37,11.87142857142857,785.7142857142857,17.014285714285716,13.271428571428572,1.9,275,Mace Head
2007,38,16.414285714285715,1018.1428571428571,15.414285714285715,11.014285714285714,2.3285714285714287,275,Mace Head
2007,39,12.37142857142857,1103.857142857143,14.342857142857143,7.514285714285714,0.5571428571428572,275,Mace Head
2007,40,9.071428571428571,904.5714285714286,16.242857142857144,11.142857142857142,1.7142857142857142,275,Mace Head
2007,41,11.700000000000001,368.0,15.342857142857143,12.928571428571429,0.9142857142857144,275,Mace Head
2007,42,14.1,578.5714285714286,14.542857142857143,10.757142857142856,1.1428571428571428,275,Mace Head
2007,43,14.400000000000002,457.2857142857143,14.342857142857143,9.257142857142856,4.8999999999999995,275,Mace Head
2007,44,13.700000000000001,258.7142857142857,14.014285714285714,12.214285714285714,0.37142857142857144,275,Mace Head
2007,45,17.742857142857144,360.14285714285717,13.257142857142856,9.799999999999999,0.32857142857142857,275,Mace Head
2007,46,15.12857142857143,221.57142857142858,12.342857142857143,8.685714285714285,3.4857142857142853,275,Mace Head
2007,47,13.142857142857142,263.85714285714283,10.385714285714286,5.942857142857143,0.4714285714285715,275,Mace Head
2007,48,19.485714285714288,176.85714285714286,12.4,7.857142857142857,7.514285714285714,275,Mace Head
2007,49,26.771428571428572,182.28571428571428,11.971428571428572,7.857142857142857,6.571428571428571,275,Mace Head
2007,50,17.714285714285715,151.14285714285714,10.471428571428572,8.385714285714286,0.942857142857143,275,Mace Head
2007,51,16.12857142857143,171.28571428571428,8.242857142857144,4.042857142857143,1.9857142857142858,275,Mace Head
2007,52,20.342857142857145,153.85714285714286,10.957142857142857,6.871428571428571,4.314285714285714,275,Mace Head
2008,1,19.8,174.42857142857142,8.985714285714286,3.5285714285714285,4.085714285714286,275,Mace Head
2008,2,19.085714285714285,212.57142857142858,9.357142857142858,4.457142857142857,6.757142857142857,275,Mace Head
2008,3,15.471428571428572,209.57142857142858,10.12857142857143,6.871428571428572,5.357142857142857,275,Mace Head
2008,4,19.914285714285715,227.71428571428572,10.9,7.857142857142857,3.685714285714286,275,Mace Head
2008,5,21.900000000000002,227.14285714285714,9.328571428571427,4.171428571428572,6.1571428571428575,275,Mace Head
2008,6,16.27142857142857,344.7142857142857,10.257142857142856,6.314285714285715,3.585714285714286,275,Mace Head
2008,7,9.657142857142857,615.1428571428571,8.585714285714285,3.457142857142857,0.014285714285714287,275,Mace Head
2008,8,17.52857142857143,569.8571428571429,9.228571428571428,5.6000000000000005,1.3285714285714287,275,Mace Head
2008,9,22.0,512.8571428571429,10.342857142857143,6.6000000000000005,2.357142857142857,275,Mace Head
2008,10,22.62857142857143,736.4285714285714,9.171428571428573,4.814285714285715,4.642857142857143,275,Mace Head
2008,11,20.342857142857145,582.5714285714286,9.442857142857141,4.385714285714285,4.814285714285715,275,Mace Head
2008,12,15.985714285714286,1144.2857142857142,9.842857142857143,3.8285714285714287,0.2857142857142857,275,Mace Head
2008,13,16.657142857142855,1125.0,10.142857142857142,4.8999999999999995,4.385714285714285,275,Mace Head
2008,14,13.271428571428572,1225.5714285714287,11.200000000000001,6.114285714285714,0.6714285714285715,275,Mace Head
2008,15,12.014285714285716,1526.5714285714287,9.785714285714286,3.942857142857143,2.1857142857142855,275,Mace Head
2008,16,14.87142857142857,1621.2857142857142,10.842857142857143,4.671428571428572,0.014285714285714287,275,Mace Head
2008,17,13.314285714285715,1366.142857142857,12.057142857142859,8.171428571428573,2.7857142857142856,275,Mace Head
2008,18,13.37142857142857,1932.142857142857,13.328571428571427,7.457142857142857,1.2,275,Mace Head
2008,19,9.114285714285714,2004.142857142857,18.557142857142857,10.6,0.6714285714285715,275,Mace Head
2008,20,9.9,2328.0,19.12857142857143,10.657142857142857,0.6428571428571429,275,Mace Head
2008,21,14.842857142857143,1954.857142857143,16.771428571428572,10.285714285714286,2.957142857142857,275,Mace Head
2008,22,8.642857142857142,2173.1428571428573,17.914285714285715,11.171428571428573,0.5714285714285714,275,Mace Head
2008,23,10.757142857142856,2351.8571428571427,15.885714285714286,10.757142857142856,2.5142857142857147,275,Mace Head
2008,24,10.585714285714285,2073.8571428571427,15.771428571428572,10.385714285714286,0.24285714285714288,275,Mace Head
2008,25,14.914285714285715,2006.142857142857,15.12857142857143,10.557142857142859,6.242857142857143,275,Mace Head
2008,26,17.014285714285712,1716.142857142857,15.714285714285714,11.957142857142857,4.771428571428571,275,Mace Head
2008,27,14.771428571428572,1807.857142857143,16.885714285714286,12.314285714285715,5.028571428571429,275,Mace Head
2008,28,12.714285714285714,1698.7142857142858,16.342857142857145,11.685714285714285,1.8571428571428572,275,Mace Head
2008,29,14.742857142857144,1626.7142857142858,16.7,13.1,0.6285714285714287,275,Mace Head
2008,30,8.928571428571429,1643.5714285714287,19.442857142857143,13.714285714285714,0.08571428571428572,275,Mace Head
2008,31,12.357142857142858,1519.142857142857,18.571428571428573,14.085714285714285,4.857142857142857,275,Mace Head
2008,32,4.514285714285714,1285.0,18.02857142857143,13.642857142857142,2.3285714285714287,275,Mace Head
2008,33,0.4142857142857143,807.0,15.542857142857144,11.757142857142856,10.914285714285715,275,Mace Head
2008,34,1.7285714285714284,1261.2857142857142,16.95714285714286,13.457142857142857,2.8857142857142857,275,Mace Head
2008,35,12.085714285714285,905.4285714285714,16.785714285714285,14.057142857142859,1.442857142857143,275,Mace Head
2008,36,15.328571428571427,1422.2857142857142,16.071428571428573,11.085714285714285,2.8000000000000003,275,Mace Head
2008,37,14.942857142857145,794.4285714285714,15.857142857142858,12.471428571428572,7.3,275,Mace Head
2008,38,11.814285714285715,1145.4285714285713,15.771428571428572,10.6,0.5,275,Mace Head
2008,39,7.3428571428571425,1282.7142857142858,15.942857142857141,8.528571428571428,0.028571428571428574,275,Mace Head
2008,40,18.928571428571427,708.1428571428571,13.114285714285714,8.557142857142857,4.328571428571428,275,Mace Head
2008,41,15.200000000000001,652.1428571428571,14.342857142857143,11.328571428571427,9.0,275,Mace Head
2008,42,15.657142857142857,730.4285714285714,13.457142857142857,9.799999999999999,1.8857142857142857,275,Mace Head
2008,43,27.0,514.4285714285714,12.928571428571429,8.27142857142857,6.557142857142857,275,Mace Head
2008,44,11.328571428571427,587.4285714285714,9.857142857142858,3.8714285714285714,2.0285714285714285,275,Mace Head
2008,45,13.071428571428571,214.0,10.514285714285714,6.428571428571429,5.628571428571428,275,Mace Head
2008,46,16.414285714285715,263.85714285714283,11.528571428571428,8.485714285714286,2.3857142857142857,275,Mace Head
2008,47,20.185714285714287,211.42857142857142,11.571428571428571,9.057142857142857,1.0857142857142856,275,Mace Head
2008,48,15.714285714285714,299.42857142857144,9.014285714285714,5.171428571428572,1.4714285714285715,275,Mace Head
2008,49,14.857142857142858,240.85714285714286,8.685714285714285,3.1714285714285713,3.2857142857142856,275,Mace Head
2008,50,12.914285714285715,174.85714285714286,8.557142857142857,4.8428571428571425,4.914285714285714,275,Mace Head
2008,51,22.02857142857143,96.57142857142857,10.942857142857141,6.985714285714286,1.6857142857142857,275,Mace Head
2008,52,11.285714285714286,163.57142857142858,7.8,4.8,0.05714285714285715,275,Mace Head
2009,1,14.185714285714285,153.71428571428572,6.014285714285714,2.7142857142857144,0.5857142857142857,275,Mace Head
2009,2,17.7,229.0,7.8,3.6999999999999997,2.1142857142857143,275,Mace Head
2009,3,21.085714285714285,246.57142857142858,9.442857142857141,4.871428571428572,8.242857142857144,275,Mace Head
2009,4,20.25714285714286,258.7142857142857,8.142857142857142,3.6285714285714286,5.114285714285715,275,Mace Head
2009,5,13.771428571428572,305.85714285714283,9.014285714285714,5.485714285714286,3.242857142857143,275,Mace Head
2009,6,12.62857142857143,573.0,5.914285714285714,0.7142857142857143,0.6285714285714287,275,Mace Head
2009,7,9.414285714285715,456.57142857142856,8.8,5.1571428571428575,1.5,275,Mace Head
2009,8,10.642857142857142,405.7142857142857,9.314285714285715,6.785714285714286,0.5,275,Mace Head
2009,9,12.171428571428573,560.1428571428571,9.514285714285714,7.285714285714286,0.6428571428571429,275,Mace Head
2009,10,19.214285714285715,668.4285714285714,8.628571428571428,3.5714285714285716,4.6000000000000005,275,Mace Head
2009,11,16.414285714285715,671.5714285714286,10.1,7.385714285714286,2.085714285714286,275,Mace Head
2009,12,11.442857142857141,1287.2857142857142,12.828571428571427,6.3999999999999995,0.0,275,Mace Head
2009,13,20.12857142857143,1171.0,10.071428571428571,5.971428571428571,1.5285714285714285,275,Mace Head
2009,14,11.485714285714286,1257.857142857143,11.714285714285714,7.514285714285713,0.6285714285714284,275,Mace Head
2009,15,14.585714285714285,1427.0,10.799999999999999,6.057142857142857,5.1000000000000005,275,Mace Head
2009,16,12.87142857142857,1520.5714285714287,14.4,7.757142857142857,0.4571428571428572,275,Mace Head
2009,17,13.542857142857143,1439.7142857142858,12.6,7.885714285714286,3.314285714285714,275,Mace Head
2009,18,14.099999999999998,1889.0,12.271428571428572,6.8428571428571425,3.814285714285714,275,Mace Head
2009,19,20.542857142857144,1469.5714285714287,12.042857142857143,7.5,2.6142857142857143,275,Mace Head
2009,20,14.37142857142857,1532.0,13.514285714285714,6.585714285714286,4.928571428571429,275,Mace Head
2009,21,12.057142857142859,2178.0,13.5,8.914285714285715,2.957142857142857,275,Mace Head
2009,22,13.614285714285714,1918.857142857143,15.785714285714286,10.928571428571429,1.0142857142857142,275,Mace Head
2009,23,9.0,2664.8571428571427,19.400000000000002,11.085714285714285,0.0,275,Mace Head
2009,24,9.657142857142857,2167.8571428571427,16.5,9.642857142857142,1.4714285714285715,275,Mace Head
2009,25,14.685714285714285,1968.2857142857142,15.857142857142858,11.5,3.157142857142857,275,Mace Head
2009,26,9.314285714285715,2203.1428571428573,21.885714285714283,13.914285714285713,1.0142857142857145,275,Mace Head
2009,27,8.757142857142856,1908.5714285714287,19.0,13.814285714285715,7.942857142857143,275,Mace Head
2009,28,14.442857142857141,1785.142857142857,17.485714285714288,13.1,2.857142857142857,275,Mace Head
2009,29,11.014285714285714,1995.7142857142858,17.085714285714285,12.471428571428572,2.485714285714286,275,Mace Head
2009,30,13.757142857142856,1781.2857142857142,17.185714285714287,12.542857142857143,3.457142857142857,275,Mace Head
2009,31,19.414285714285715,1701.4285714285713,16.442857142857143,12.585714285714285,3.3857142857142857,275,Mace Head
2009,32,16.271428571428572,1432.0,16.885714285714286,13.4,3.085714285714286,275,Mace Head
2009,33,14.214285714285714,1182.7142857142858,17.071428571428573,13.657142857142857,3.9714285714285715,275,Mace Head
2009,34,15.671428571428573,1141.857142857143,16.557142857142857,12.742857142857144,12.685714285714285,275,Mace Head
2009,35,19.385714285714283,1320.5714285714287,16.1,12.357142857142858,7.299999999999999,275,Mace Head
2009,36,18.771428571428572,1423.0,15.271428571428572,11.742857142857144,6.771428571428571,275,Mace Head
2009,37,10.285714285714286,,17.728571428571428,10.657142857142857,1.7714285714285711,275,Mace Head
2009,38,10.457142857142856,,16.5,11.328571428571427,0.3,275,Mace Head
2009,39,16.071428571428573,,15.4,12.842857142857143,0.6,275,Mace Head
2009,40,13.642857142857142,,14.457142857142857,11.4,0.08571428571428572,275,Mace Head
2009,41,10.585714285714285,,14.414285714285715,9.142857142857142,1.957142857142857,275,Mace Head
2009,42,7.3,,14.342857142857143,9.5,1.0714285714285714,275,Mace Head
2009,43,17.385714285714283,,14.357142857142858,10.485714285714286,4.8999999999999995,275,Mace Head
2009,44,15.971428571428572,,14.728571428571428,11.657142857142857,8.071428571428571,275,Mace Head
2009,45,23.75714285714286,,12.085714285714285,7.528571428571429,5.3999999999999995,275,Mace Head
2009,46,15.314285714285713,,11.457142857142857,6.628571428571429,7.5,275,Mace Head
2009,47,22.7,,11.957142857142857,7.442857142857143,12.299999999999999,275,Mace Head
2009,48,19.357142857142858,,9.614285714285714,4.742857142857143,3.3285714285714287,275,Mace Head
2009,49,17.2,152.0,9.714285714285714,5.3,5.814285714285715,275,Mace Head
2009,50,15.985714285714286,250.0,9.385714285714286,5.685714285714285,3.0714285714285716,275,Mace Head
2009,51,8.285714285714286,261.2857142857143,7.385714285714286,0.8571428571428571,0.6428571428571429,275,Mace Head
2009,52,10.057142857142859,244.71428571428572,6.128571428571428,0.14285714285714285,3.2714285714285714,275,Mace Head
2009,53,15.700000000000001,224.42857142857142,3.557142857142857,-0.35714285714285715,1.7,275,Mace Head
2010,1,8.6,291.0,3.6,-2.5285714285714285,1.2571428571428573,275,Mace Head
2010,2,16.82857142857143,223.42857142857142,7.799999999999999,3.4285714285714284,4.8428571428571425,275,Mace Head
2010,3,10.457142857142857,276.85714285714283,8.257142857142856,3.457142857142857,3.7428571428571433,275,Mace Head
2010,4,11.014285714285714,343.42857142857144,7.571428571428571,3.9285714285714284,0.4428571428571429,275,Mace Head
2010,5,12.171428571428573,340.42857142857144,8.557142857142857,3.7714285714285714,2.942857142857143,275,Mace Head
2010,6,7.228571428571429,554.8571428571429,6.585714285714286,-0.7285714285714285,0.37142857142857144,275,Mace Head
2010,7,9.200000000000001,611.2857142857143,6.1571428571428575,0.35714285714285715,1.7142857142857142,275,Mace Head
2010,8,12.12857142857143,755.7142857142857,6.142857142857143,0.7857142857142857,1.0714285714285714,275,Mace Head
2010,9,8.0,1007.4285714285714,8.214285714285714,1.2428571428571427,0.31428571428571433,275,Mace Head
2010,10,7.157142857142857,1226.2857142857142,9.471428571428572,1.5571428571428572,0.014285714285714287,275,Mace Head
2010,11,13.485714285714286,985.4285714285714,10.528571428571427,6.8428571428571425,1.7142857142857142,275,Mace Head
2010,12,11.257142857142856,1336.857142857143,10.828571428571427,5.414285714285714,2.9285714285714284,275,Mace Head
2010,13,16.54285714285714,1171.5714285714287,8.285714285714286,3.257142857142857,5.328571428571428,275,Mace Head
2010,14,12.200000000000001,1591.857142857143,12.771428571428572,7.028571428571429,3.357142857142857,275,Mace Head
2010,15,7.542857142857143,1958.0,14.028571428571428,5.571428571428571,0.2285714285714286,275,Mace Head
2010,16,8.485714285714286,1537.2857142857142,12.37142857142857,6.6,0.5714285714285714,275,Mace Head
2010,17,12.957142857142857,1535.4285714285713,13.12857142857143,9.257142857142856,2.542857142857143,275,Mace Head
2010,18,10.957142857142857,1892.5714285714287,14.700000000000001,6.371428571428572,0.0,275,Mace Head
2010,19,11.042857142857143,1826.5714285714287,12.342857142857143,5.957142857142857,1.4428571428571428,275,Mace Head
2010,20,6.771428571428571,1596.7142857142858,16.67142857142857,10.700000000000001,1.6571428571428573,275,Mace Head
2010,21,8.557142857142857,2080.285714285714,15.257142857142856,8.385714285714286,0.8,275,Mace Head
2010,22,9.414285714285715,2230.4285714285716,16.742857142857144,11.428571428571429,1.2142857142857142,275,Mace Head
2010,23,13.085714285714285,1778.0,16.771428571428572,11.385714285714286,0.5571428571428572,275,Mace Head
2010,24,7.571428571428571,2384.1428571428573,17.65714285714286,10.114285714285714,0.0,275,Mace Head
2010,25,10.342857142857143,1970.857142857143,17.7,12.714285714285714,0.5142857142857143,275,Mace Head
2010,26,16.842857142857145,1949.0,17.599999999999998,12.971428571428572,6.685714285714285,275,Mace Head
2010,27,14.414285714285713,1521.7142857142858,16.5,12.5,3.7142857142857144,275,Mace Head
2010,28,12.157142857142857,1534.7142857142858,17.514285714285712,12.928571428571429,4.457142857142857,275,Mace Head
2010,29,12.457142857142857,1469.142857142857,17.014285714285712,13.242857142857144,2.357142857142857,275,Mace Head
2010,30,11.471428571428572,1535.0,17.428571428571427,13.12857142857143,1.5142857142857142,275,Mace Head
2010,31,13.142857142857142,1343.142857142857,17.0,12.485714285714286,1.7714285714285716,275,Mace Head
2010,32,11.042857142857143,1785.142857142857,17.442857142857143,12.657142857142857,0.15714285714285717,275,Mace Head
2010,33,13.957142857142857,1470.0,17.32857142857143,13.542857142857143,6.028571428571429,275,Mace Head
2010,34,12.942857142857141,1890.2857142857142,17.47142857142857,9.8,0.6571428571428571,275,Mace Head
2010,35,11.742857142857144,1517.4285714285713,19.157142857142855,12.057142857142859,2.2142857142857144,275,Mace Head
2010,36,14.328571428571427,1193.0,17.071428571428573,13.514285714285714,6.9,275,Mace Head
2010,37,17.342857142857145,972.2857142857143,16.02857142857143,11.828571428571427,3.0285714285714285,275,Mace Head
2010,38,11.542857142857143,881.8571428571429,14.9,11.542857142857143,2.6285714285714286,275,Mace Head
2010,39,15.385714285714286,1066.857142857143,15.557142857142859,11.014285714285714,3.5285714285714285,275,Mace Head
2010,40,20.057142857142857,649.2857142857143,16.04285714285714,11.857142857142858,2.685714285714286,275,Mace Head
2010,41,6.328571428571428,851.5714285714286,14.828571428571431,8.114285714285714,0.18571428571428572,275,Mace Head
2010,42,12.771428571428572,635.4285714285714,12.571428571428571,6.771428571428571,4.328571428571428,275,Mace Head
2010,43,17.157142857142855,322.0,13.514285714285714,8.742857142857144,5.071428571428571,275,Mace Head
2010,44,19.45714285714286,186.57142857142858,12.828571428571427,8.414285714285715,9.057142857142859,275,Mace Head
2010,45,17.657142857142855,344.42857142857144,10.585714285714285,4.8999999999999995,5.042857142857143,275,Mace Head
2010,46,16.4,343.85714285714283,10.157142857142857,6.542857142857143,3.0285714285714285,275,Mace Head
2010,47,8.471428571428572,409.7142857142857,6.485714285714286,0.8714285714285713,1.9285714285714286,275,Mace Head
2010,48,9.671428571428573,377.14285714285717,4.371428571428572,-1.1142857142857143,1.0857142857142859,275,Mace Head
2010,49,8.77142857142857,216.28571428571428,6.828571428571429,1.3142857142857143,0.4142857142857143,275,Mace Head
2010,50,12.200000000000001,231.57142857142858,5.014285714285714,0.24285714285714274,3.1,275,Mace Head
2010,51,8.814285714285715,267.2857142857143,2.1999999999999997,-3.6714285714285713,1.8,275,Mace Head
2010,52,10.257142857142856,119.42857142857143,8.214285714285714,5.314285714285715,1.1857142857142857,275,Mace Head
2011,1,12.200000000000001,288.42857142857144,6.171428571428572,0.7428571428571428,1.2571428571428573,275,Mace Head
2011,2,17.54285714285714,168.42857142857142,9.814285714285715,6.642857142857143,6.5,275,Mace Head
2011,3,7.0,461.85714285714283,7.314285714285715,1.0571428571428572,0.05714285714285715,275,Mace Head
2011,4,9.142857142857142,310.57142857142856,6.728571428571429,1.0571428571428572,0.2857142857142857,275,Mace Head
2011,5,19.185714285714283,239.71428571428572,9.442857142857141,6.0,10.657142857142857,275,Mace Head
2011,6,13.028571428571428,464.57142857142856,8.914285714285715,3.485714285714286,4.3,275,Mace Head
2011,7,12.785714285714286,458.14285714285717,8.242857142857144,4.042857142857143,2.6857142857142855,275,Mace Head
2011,8,14.642857142857142,650.0,10.114285714285714,6.871428571428572,2.9142857142857146,275,Mace Head
2011,9,6.128571428571428,761.1428571428571,9.928571428571429,5.2,0.09999999999999999,275,Mace Head
2011,10,16.04285714285714,748.0,8.628571428571428,3.7142857142857144,3.9142857142857146,275,Mace Head
2011,11,9.285714285714286,1134.7142857142858,9.385714285714286,3.9285714285714284,1.9142857142857144,275,Mace Head
2011,12,8.157142857142857,1282.5714285714287,13.285714285714286,5.771428571428571,0.028571428571428574,275,Mace Head
2011,13,14.842857142857143,1357.142857142857,12.200000000000001,7.271428571428571,4.014285714285714,275,Mace Head
2011,14,14.457142857142857,1124.7142857142858,13.9,8.8,3.4,275,Mace Head
2011,15,11.757142857142856,1688.7142857142858,12.585714285714285,7.628571428571428,3.3285714285714287,275,Mace Head
2011,16,9.514285714285714,1578.4285714285713,16.27142857142857,8.342857142857143,0.8571428571428571,275,Mace Head
2011,17,10.042857142857143,1870.7142857142858,16.857142857142858,8.571428571428571,0.7857142857142856,275,Mace Head
2011,18,16.357142857142858,1445.0,15.414285714285715,9.514285714285714,2.7,275,Mace Head
2011,19,19.814285714285713,1786.0,13.185714285714285,9.471428571428572,2.0142857142857142,275,Mace Head
2011,20,20.271428571428572,1550.0,12.785714285714286,9.142857142857142,3.0714285714285716,275,Mace Head
2011,21,23.47142857142857,1691.857142857143,12.328571428571427,8.785714285714286,2.6285714285714286,275,Mace Head
2011,22,12.671428571428573,2150.5714285714284,14.614285714285714,9.814285714285715,0.34285714285714286,275,Mace Head
2011,23,14.471428571428572,2078.285714285714,12.942857142857141,7.5,2.542857142857143,275,Mace Head
2011,24,14.742857142857144,2352.1428571428573,14.87142857142857,9.842857142857143,1.742857142857143,275,Mace Head
2011,25,14.228571428571428,1576.5714285714287,15.171428571428573,10.685714285714285,5.2,275,Mace Head
2011,26,10.671428571428573,2379.714285714286,15.457142857142857,11.357142857142858,0.24285714285714288,275,Mace Head
2011,27,12.700000000000001,1846.857142857143,16.5,11.928571428571429,4.8999999999999995,275,Mace Head
2011,28,13.657142857142857,1485.0,16.285714285714285,12.12857142857143,1.042857142857143,275,Mace Head
2011,29,10.314285714285715,1576.0,15.685714285714287,10.971428571428572,0.39999999999999997,275,Mace Head
2011,30,9.37142857142857,1339.0,16.52857142857143,12.1,0.3857142857142857,275,Mace Head
2011,31,9.0,1422.7142857142858,16.214285714285715,11.4,2.157142857142857,275,Mace Head
2011,32,15.414285714285715,1255.142857142857,15.942857142857141,12.928571428571429,5.6571428571428575,275,Mace Head
2011,33,12.0,1725.5714285714287,16.32857142857143,12.014285714285714,3.685714285714286,275,Mace Head
2011,34,12.328571428571427,1658.7142857142858,16.285714285714285,11.071428571428571,2.914285714285714,275,Mace Head
2011,35,11.642857142857142,997.4285714285714,15.700000000000001,11.085714285714285,4.2,275,Mace Head
2011,36,22.314285714285713,754.2857142857143,15.528571428571428,12.614285714285714,5.828571428571428,275,Mace Head
2011,37,21.82857142857143,1090.4285714285713,14.9,11.285714285714286,2.542857142857143,275,Mace Head
2011,38,20.385714285714283,881.8571428571429,14.971428571428572,11.985714285714286,5.185714285714285,275,Mace Head
2011,39,12.785714285714286,629.5714285714286,16.571428571428573,12.085714285714285,3.6999999999999997,275,Mace Head
2011,40,23.142857142857142,570.2857142857143,14.228571428571428,11.299999999999999,0.9000000000000001,275,Mace Head
2011,41,15.657142857142857,444.2857142857143,14.328571428571427,12.014285714285714,2.371428571428571,275,Mace Head
2011,42,20.75714285714286,437.7142857142857,12.857142857142858,8.5,8.828571428571427,275,Mace Head
2011,43,16.314285714285713,335.85714285714283,12.714285714285714,9.685714285714285,6.2,275,Mace Head
2011,44,15.885714285714286,447.14285714285717,13.028571428571428,9.614285714285714,2.5714285714285716,275,Mace Head
2011,45,17.571428571428573,402.2857142857143,13.042857142857143,9.271428571428572,1.3142857142857143,275,Mace Head
2011,46,14.042857142857143,212.57142857142858,13.142857142857142,9.528571428571428,6.114285714285714,275,Mace Head
2011,47,22.7,196.71428571428572,12.171428571428573,8.371428571428572,4.414285714285714,275,Mace Head
2011,48,23.82857142857143,146.71428571428572,10.814285714285715,6.142857142857143,9.271428571428572,275,Mace Head
2011,49,25.67142857142857,189.0,9.285714285714286,4.457142857142857,4.628571428571428,275,Mace Head
2011,50,22.67142857142857,169.28571428571428,8.185714285714285,3.542857142857143,6.3428571428571425,275,Mace Head
2011,51,22.228571428571428,130.42857142857142,10.842857142857143,8.285714285714286,3.2285714285714286,275,Mace Head
2011,52,25.400000000000002,127.71428571428571,10.442857142857141,6.785714285714286,3.5714285714285716,275,Mace Head
2012,1,25.67142857142857,151.71428571428572,10.585714285714285,6.814285714285715,3.2857142857142856,275,Mace Head
2012,2,14.242857142857144,161.28571428571428,9.585714285714285,7.385714285714286,0.8428571428571429,275,Mace Head
2012,3,21.02857142857143,248.71428571428572,10.014285714285714,7.142857142857143,1.5142857142857142,275,Mace Head
2012,4,16.2,233.42857142857142,9.571428571428571,5.614285714285714,6.171428571428572,275,Mace Head
2012,5,13.685714285714285,290.2857142857143,7.528571428571429,3.1999999999999997,1.9,275,Mace Head
2012,6,10.1,272.57142857142856,9.757142857142856,6.914285714285714,2.9714285714285715,275,Mace Head
2012,7,17.057142857142857,441.42857142857144,9.5,6.714285714285714,0.7142857142857143,275,Mace Head
2012,8,16.62857142857143,372.0,10.4,8.342857142857143,2.5,275,Mace Head
2012,9,14.828571428571427,661.0,10.271428571428572,6.371428571428572,1.7714285714285716,275,Mace Head
2012,10,16.3,601.7142857142857,10.557142857142859,7.114285714285714,2.3857142857142857,275,Mace Head
2012,11,10.457142857142857,605.2857142857143,10.0,6.6571428571428575,4.528571428571429,275,Mace Head
2012,12,14.72857142857143,879.5714285714286,13.257142857142856,7.828571428571428,0.07142857142857142,275,Mace Head
2012,13,7.857142857142857,1471.0,15.442857142857141,6.6571428571428575,0.014285714285714287,275,Mace Head
2012,14,12.114285714285714,1085.0,11.0,5.514285714285714,0.5571428571428572,275,Mace Head
2012,15,11.657142857142857,1560.857142857143,10.742857142857144,4.257142857142857,1.8142857142857143,275,Mace Head
2012,16,17.32857142857143,1573.857142857143,11.071428571428571,5.928571428571429,3.557142857142857,275,Mace Head
2012,17,13.185714285714285,1842.142857142857,12.014285714285714,4.085714285714286,0.07142857142857142,275,Mace Head
2012,18,12.142857142857142,1584.0,14.642857142857142,6.485714285714286,0.4428571428571429,275,Mace Head
2012,19,14.471428571428572,1798.142857142857,12.228571428571428,6.185714285714285,3.528571428571429,275,Mace Head
2012,20,11.471428571428572,1565.857142857143,12.014285714285714,6.485714285714286,1.7,275,Mace Head
2012,21,12.157142857142857,2103.5714285714284,21.042857142857144,12.528571428571428,0.3571428571428572,275,Mace Head
2012,22,9.157142857142857,1655.7142857142858,17.257142857142856,11.985714285714286,7.342857142857143,275,Mace Head
2012,23,12.357142857142858,1907.7142857142858,14.771428571428572,9.471428571428572,3.9,275,Mace Head
2012,24,13.042857142857143,1811.0,15.114285714285714,10.1,1.9714285714285715,275,Mace Head
2012,25,11.657142857142857,1763.857142857143,15.028571428571428,10.842857142857143,3.3428571428571425,275,Mace Head
2012,26,12.857142857142858,1517.4285714285713,15.757142857142856,11.457142857142857,4.614285714285714,275,Mace Head
2012,27,9.585714285714285,1447.0,18.157142857142855,12.642857142857142,3.5142857142857147,275,Mace Head
2012,28,12.414285714285715,1642.0,15.685714285714285,10.285714285714286,1.2,275,Mace Head
2012,29,12.671428571428573,1489.2857142857142,16.442857142857143,11.62857142857143,2.8857142857142857,275,Mace Head
2012,30,10.471428571428572,1797.7142857142858,16.12857142857143,11.442857142857141,3.0142857142857147,275,Mace Head
2012,31,14.057142857142859,1381.0,17.085714285714285,12.614285714285714,6.285714285714286,275,Mace Head
2012,32,8.542857142857143,1833.857142857143,20.057142857142857,14.228571428571428,0.5571428571428572,275,Mace Head
2012,33,14.5,1673.857142857143,19.442857142857143,14.428571428571429,4.042857142857143,275,Mace Head
2012,34,15.085714285714285,1324.5714285714287,16.942857142857143,13.200000000000001,5.585714285714286,275,Mace Head
2012,35,16.97142857142857,1163.7142857142858,16.842857142857145,13.299999999999999,2.6571428571428575,275,Mace Head
2012,36,12.042857142857143,1047.142857142857,16.614285714285717,12.885714285714286,0.8571428571428571,275,Mace Head
2012,37,17.614285714285714,1004.8571428571429,15.342857142857143,11.742857142857144,1.8714285714285717,275,Mace Head
2012,38,12.75,1111.0,15.057142857142859,9.299999999999999,2.0714285714285716,275,Mace Head
2012,39,17.67142857142857,698.1428571428571,13.614285714285714,9.971428571428572,3.7857142857142856,275,Mace Head
2012,40,15.257142857142856,856.5714285714286,13.200000000000001,7.8428571428571425,3.814285714285714,275,Mace Head
2012,41,12.442857142857145,825.5714285714286,13.1,7.428571428571429,2.914285714285714,275,Mace Head
2012,42,13.414285714285715,641.0,13.042857142857143,7.842857142857143,1.7285714285714284,275,Mace Head
2012,43,13.314285714285715,480.57142857142856,12.042857142857143,6.985714285714286,0.4857142857142857,275,Mace Head
2012,44,16.8,451.14285714285717,10.0,4.985714285714286,3.2285714285714286,275,Mace Head
2012,45,16.771428571428572,381.42857142857144,10.799999999999999,7.242857142857143,3.3285714285714287,275,Mace Head
2012,46,14.214285714285714,206.57142857142858,10.757142857142856,8.1,7.814285714285715,275,Mace Head
2012,47,17.157142857142855,236.28571428571428,9.914285714285713,5.585714285714286,5.114285714285714,275,Mace Head
2012,48,10.87142857142857,277.14285714285717,8.542857142857143,3.9857142857142853,3.1999999999999997,275,Mace Head
2012,49,16.814285714285713,195.14285714285714,8.87142857142857,4.128571428571428,2.257142857142857,275,Mace Head
2012,50,15.814285714285713,190.85714285714286,7.8,4.8428571428571425,4.042857142857143,275,Mace Head
2012,51,15.428571428571429,155.57142857142858,9.571428571428571,6.814285714285714,3.757142857142857,275,Mace Head
2012,52,21.542857142857144,134.42857142857142,9.814285714285715,5.714285714285714,5.985714285714286,275,Mace Head
2013,1,16.3,127.0,10.185714285714285,7.214285714285714,5.257142857142857,275,Mace Head
2013,2,12.9,243.42857142857142,9.157142857142857,5.128571428571428,5.485714285714286,275,Mace Head
2013,3,12.471428571428572,211.42857142857142,7.714285714285714,3.685714285714286,4.685714285714285,275,Mace Head
2013,4,15.842857142857143,152.28571428571428,6.814285714285715,2.1285714285714286,6.3999999999999995,275,Mace Head
2013,5,23.2,359.14285714285717,9.657142857142857,6.0,3.6714285714285713,275,Mace Head
2013,6,19.385714285714283,414.57142857142856,8.814285714285715,4.5,2.8142857142857145,275,Mace Head
2013,7,15.885714285714284,339.14285714285717,9.228571428571428,6.3428571428571425,2.9857142857142853,275,Mace Head
2013,8,14.571428571428571,566.7142857142857,7.014285714285714,2.1142857142857143,0.0,275,Mace Head
2013,9,7.3428571428571425,742.2857142857143,7.871428571428572,2.242857142857143,0.0,275,Mace Head
2013,10,16.557142857142857,483.7142857142857,9.485714285714286,4.571428571428571,2.2285714285714286,275,Mace Head
2013,11,12.62857142857143,1092.142857142857,7.585714285714286,1.042857142857143,1.9285714285714286,275,Mace Head
2013,12,15.614285714285714,637.0,7.128571428571428,2.2714285714285714,3.2142857142857144,275,Mace Head
2013,13,16.32857142857143,1002.0,5.814285714285715,-0.2571428571428571,0.5285714285714286,275,Mace Head
2013,14,13.571428571428571,1509.7142857142858,9.242857142857144,1.3000000000000003,0.0,275,Mace Head
2013,15,16.37142857142857,1451.5714285714287,11.257142857142856,4.571428571428571,3.0142857142857147,275,Mace Head
2013,16,18.442857142857143,1574.142857142857,11.157142857142858,7.3,5.4,275,Mace Head
2013,17,14.971428571428572,1636.0,10.957142857142857,6.314285714285715,1.342857142857143,275,Mace Head
2013,18,15.528571428571428,1617.857142857143,11.571428571428571,7.528571428571429,1.742857142857143,275,Mace Head
2013,19,19.614285714285717,1548.857142857143,12.185714285714285,7.8428571428571425,5.057142857142857,275,Mace Head
2013,20,15.071428571428571,1782.142857142857,11.657142857142857,6.757142857142857,2.042857142857143,275,Mace Head
2013,21,14.014285714285716,1972.5714285714287,12.6,8.5,1.3,275,Mace Head
2013,22,12.514285714285714,2167.4285714285716,13.685714285714285,9.057142857142857,1.5857142857142856,275,Mace Head
2013,23,6.7,2618.1428571428573,20.3,11.27142857142857,0.014285714285714287,275,Mace Head
2013,24,13.914285714285715,1453.2857142857142,15.1,10.028571428571428,6.642857142857143,275,Mace Head
2013,25,15.271428571428572,1843.2857142857142,15.5,11.357142857142858,1.1857142857142857,275,Mace Head
2013,26,11.671428571428573,1868.142857142857,14.9,11.357142857142858,0.24285714285714285,275,Mace Head
2013,27,13.799999999999999,1455.2857142857142,15.828571428571427,12.385714285714286,2.685714285714286,275,Mace Head
2013,28,6.0857142857142845,2606.4285714285716,22.442857142857143,15.985714285714286,0.0,275,Mace Head
2013,29,6.728571428571429,2138.5714285714284,22.3,16.45714285714286,0.0,275,Mace Head
2013,30,8.042857142857143,1981.857142857143,20.542857142857144,15.314285714285715,3.5428571428571436,275,Mace Head
2013,31,15.37142857142857,1665.2857142857142,18.385714285714283,14.085714285714285,5.8999999999999995,275,Mace Head
2013,32,13.171428571428573,1461.857142857143,17.814285714285713,13.542857142857143,0.41428571428571426,275,Mace Head
2013,33,15.042857142857143,1419.7142857142858,17.62857142857143,13.742857142857144,2.085714285714286,275,Mace Head
2013,34,13.914285714285715,1153.7142857142858,17.185714285714287,13.571428571428571,2.0285714285714285,275,Mace Head
2013,35,13.099999999999998,1247.2857142857142,17.2,13.242857142857144,0.2285714285714286,275,Mace Head
2013,36,13.685714285714285,1048.5714285714287,15.685714285714285,11.385714285714286,1.4000000000000001,275,Mace Head
2013,37,13.271428571428572,1028.4285714285713,15.87142857142857,11.171428571428573,1.2,275,Mace Head
2013,38,16.485714285714288,1033.0,15.8,11.728571428571428,1.7714285714285716,275,Mace Head
2013,39,10.428571428571429,888.2857142857143,19.185714285714287,13.385714285714286,0.2714285714285714,275,Mace Head
2013,40,14.214285714285714,772.5714285714286,17.428571428571427,14.228571428571428,3.314285714285714,275,Mace Head
2013,41,11.471428571428573,619.0,14.057142857142855,8.571428571428571,0.4,275,Mace Head
2013,42,11.799999999999999,695.7142857142857,15.357142857142858,9.942857142857141,3.385714285714286,275,Mace Head
2013,43,17.771428571428572,491.0,14.214285714285714,9.4,5.6571428571428575,275,Mace Head
2013,44,21.057142857142857,482.7142857142857,11.957142857142857,8.014285714285714,4.4714285714285715,275,Mace Head
2013,45,17.45,251.85714285714286,11.157142857142857,6.014285714285714,5.3999999999999995,275,Mace Head
2013,46,17.3,222.71428571428572,11.799999999999999,9.071428571428571,2.1714285714285713,275,Mace Head
2013,47,7.6800000000000015,363.3333333333333,9.18,3.08,0.2,275,Mace Head
2013,48,8.985714285714286,185.71428571428572,10.4,7.185714285714285,0.014285714285714287,275,Mace Head
2013,49,19.042857142857144,198.14285714285714,10.757142857142856,8.0,0.5857142857142856,275,Mace Head
2013,50,21.599999999999998,132.85714285714286,12.114285714285714,9.0,6.257142857142857,275,Mace Head
2013,51,28.0,116.71428571428571,9.842857142857143,4.814285714285715,6.8428571428571425,275,Mace Head
2013,52,24.3,147.42857142857142,9.4,4.514285714285714,9.328571428571427,275,Mace Head
2014,1,21.771428571428572,185.42857142857142,9.257142857142856,4.914285714285714,9.328571428571427,275,Mace Head
2014,2,17.128571428571426,268.7142857142857,9.614285714285714,4.8999999999999995,5.171428571428572,275,Mace Head
2014,3,12.842857142857143,229.42857142857142,8.657142857142857,4.928571428571429,6.471428571428571,275,Mace Head
2014,4,22.771428571428572,257.57142857142856,9.728571428571428,6.028571428571429,8.642857142857142,275,Mace Head
2014,5,23.47142857142857,352.7142857142857,8.457142857142857,3.3857142857142857,7.814285714285715,275,Mace Head
2014,6,20.17142857142857,381.85714285714283,8.157142857142857,4.428571428571429,8.5,275,Mace Head
2014,7,22.5,442.42857142857144,7.671428571428572,2.6714285714285713,9.385714285714286,275,Mace Head
2014,8,17.67142857142857,533.5714285714286,9.514285714285714,5.885714285714286,9.242857142857144,275,Mace Head
2014,9,19.12857142857143,656.5714285714286,8.442857142857143,4.142857142857143,9.014285714285714,275,Mace Head
2014,10,13.885714285714286,584.5714285714286,9.085714285714285,5.8428571428571425,4.4714285714285715,275,Mace Head
2014,11,8.985714285714286,818.7142857142857,9.799999999999999,5.6571428571428575,0.17142857142857143,275,Mace Head
2014,12,21.400000000000002,977.1428571428571,9.642857142857142,6.028571428571429,4.571428571428571,275,Mace Head
2014,13,14.042857142857143,1171.4285714285713,10.799999999999999,4.542857142857143,2.7285714285714286,275,Mace Head
2014,14,13.657142857142857,1236.857142857143,13.471428571428572,8.114285714285714,4.957142857142857,275,Mace Head
2014,15,16.12857142857143,1418.2857142857142,11.314285714285715,7.714285714285714,0.6714285714285715,275,Mace Head
2014,16,9.4,1728.857142857143,13.328571428571427,7.328571428571428,0.07142857142857142,275,Mace Head
2014,17,12.285714285714286,1709.0,14.700000000000001,8.228571428571428,2.942857142857143,275,Mace Head
2014,18,9.0,1537.2857142857142,14.171428571428573,9.957142857142857,1.5999999999999999,275,Mace Head
2014,19,21.885714285714283,1326.4285714285713,12.357142857142858,9.342857142857143,4.314285714285714,275,Mace Head
2014,20,12.357142857142858,1948.7142857142858,13.299999999999999,9.542857142857143,3.4285714285714284,275,Mace Head
2014,21,12.1,1329.0,14.557142857142859,8.185714285714285,1.3714285714285714,275,Mace Head
2014,22,8.414285714285715,2160.285714285714,15.742857142857144,9.771428571428572,0.5571428571428572,275,Mace Head
2014,23,12.62857142857143,2078.4285714285716,15.200000000000001,9.542857142857143,1.7857142857142858,275,Mace Head
2014,24,9.442857142857141,2123.285714285714,17.4,12.200000000000001,1.342857142857143,275,Mace Head
2014,25,7.785714285714286,2206.714285714286,20.185714285714287,11.385714285714286,0.0,275,Mace Head
2014,26,6.957142857142857,2082.4285714285716,18.3,11.642857142857142,1.9142857142857144,275,Mace Head
2014,27,12.9,2162.285714285714,17.885714285714286,12.200000000000001,1.8285714285714287,275,Mace Head
2014,28,9.757142857142856,1542.4285714285713,16.857142857142858,12.828571428571427,0.8,275,Mace Head
2014,29,10.757142857142856,1731.4285714285713,18.614285714285717,13.757142857142856,5.142857142857143,275,Mace Head
2014,30,8.614285714285714,1702.4285714285713,19.642857142857142,15.714285714285714,2.1857142857142855,275,Mace Head
2014,31,11.87142857142857,1519.142857142857,17.685714285714287,13.914285714285715,0.5428571428571429,275,Mace Head
2014,32,10.700000000000001,1966.857142857143,18.37142857142857,13.071428571428571,1.7,275,Mace Head
2014,33,16.45714285714286,1799.142857142857,16.914285714285715,12.642857142857142,1.4714285714285715,275,Mace Head
2014,34,11.700000000000001,1782.7142857142858,16.37142857142857,10.471428571428572,0.8714285714285713,275,Mace Head
2014,35,18.314285714285713,851.5714285714286,17.071428571428573,13.685714285714285,5.228571428571429,275,Mace Head
2014,36,6.185714285714285,1090.4285714285713,17.342857142857145,11.942857142857141,0.0,275,Mace Head
2014,37,8.528571428571428,1557.5714285714287,19.085714285714285,10.87142857142857,0.0,275,Mace Head
2014,38,9.342857142857143,1240.4285714285713,19.52857142857143,11.257142857142856,0.0,275,Mace Head
2014,39,11.314285714285715,1057.2857142857142,16.942857142857143,12.557142857142859,0.6285714285714287,275,Mace Head
2014,40,16.571428571428573,776.7142857142857,15.785714285714286,12.071428571428571,3.4,275,Mace Head
2014,41,9.814285714285715,1009.0,14.142857142857142,7.3,3.1285714285714286,275,Mace Head
2014,42,17.27142857142857,668.7142857142857,15.042857142857143,10.057142857142859,3.757142857142857,275,Mace Head
2014,43,24.814285714285713,382.14285714285717,13.542857142857143,10.6,2.1285714285714286,275,Mace Head
2014,44,17.071428571428573,269.14285714285717,13.885714285714286,9.014285714285714,7.6571428571428575,275,Mace Head
2014,45,16.47142857142857,406.85714285714283,11.700000000000001,7.714285714285714,5.728571428571429,275,Mace Head
2014,46,12.171428571428573,343.2857142857143,11.700000000000001,6.628571428571428,2.8714285714285714,275,Mace Head
2014,47,12.814285714285715,352.42857142857144,11.0,6.3,1.7142857142857142,275,Mace Head
2014,48,11.842857142857143,256.85714285714283,10.742857142857144,5.5,0.2285714285714286,275,Mace Head
2014,49,15.814285714285715,199.42857142857142,10.0,5.857142857142857,1.4428571428571428,275,Mace Head
2014,50,25.157142857142855,159.85714285714286,9.085714285714285,4.285714285714286,2.5285714285714285,275,Mace Head
2014,51,21.7,130.14285714285714,10.385714285714286,7.828571428571428,2.3714285714285714,275,Mace Head
2014,52,16.84285714285714,182.28571428571428,8.571428571428571,5.2,4.085714285714285,275,Mace Head
2015,1,18.042857142857144,200.57142857142858,9.742857142857144,5.771428571428571,4.214285714285714,275,Mace Head
2015,2,26.67142857142857,151.0,11.028571428571428,5.885714285714286,4.814285714285715,275,Mace Head
2015,3,23.714285714285715,228.71428571428572,7.942857142857142,2.142857142857143,6.285714285714286,275,Mace Head
2015,4,14.885714285714286,232.0,8.042857142857143,3.6,2.5285714285714285,275,Mace Head
2015,5,22.314285714285713,372.2857142857143,7.857142857142857,3.6999999999999997,1.2285714285714284,275,Mace Head
2015,6,6.171428571428571,430.7142857142857,7.128571428571428,1.5999999999999999,0.6,275,Mace Head
2015,7,10.557142857142859,345.7142857142857,8.142857142857142,4.5285714285714285,2.914285714285714,275,Mace Head
2015,8,20.185714285714287,493.0,8.514285714285714,4.6571428571428575,4.742857142857143,275,Mace Head
2015,9,25.771428571428572,482.0,9.071428571428571,4.257142857142857,4.485714285714286,275,Mace Head
2015,10,23.071428571428573,593.8571428571429,8.757142857142856,5.328571428571428,1.8142857142857143,275,Mace Head
2015,11,15.428571428571429,987.2857142857143,9.62857142857143,3.8857142857142857,3.7857142857142856,275,Mace Head
2015,12,7.614285714285714,1000.7142857142857,10.057142857142859,3.542857142857143,0.014285714285714287,275,Mace Head
2015,13,17.342857142857145,1025.142857142857,10.214285714285714,5.3999999999999995,5.442857142857143,275,Mace Head
2015,14,18.214285714285715,994.0,11.185714285714285,6.985714285714286,1.9571428571428573,275,Mace Head
2015,15,9.6,1835.857142857143,11.928571428571429,5.3,2.5285714285714285,275,Mace Head
2015,16,12.942857142857141,1689.0,13.828571428571431,5.685714285714285,0.6285714285714287,275,Mace Head
2015,17,8.814285714285713,2023.5714285714287,14.757142857142856,5.485714285714286,0.7714285714285714,275,Mace Head
2015,18,16.757142857142856,1463.142857142857,11.314285714285715,5.171428571428572,3.514285714285714,275,Mace Head
2015,19,13.671428571428573,1519.857142857143,11.971428571428572,7.271428571428571,4.371428571428572,275,Mace Head
2015,20,18.642857142857142,1753.142857142857,13.157142857142857,8.0,2.257142857142857,275,Mace Head
2015,21,15.728571428571428,1624.142857142857,12.37142857142857,8.271428571428572,0.7999999999999999,275,Mace Head
2015,22,16.54285714285714,1805.857142857143,12.200000000000001,8.057142857142857,3.3285714285714287,275,Mace Head
2015,23,17.914285714285715,2095.5714285714284,12.971428571428572,8.700000000000001,3.6714285714285713,275,Mace Head
2015,24,7.957142857142857,2128.1428571428573,16.057142857142857,8.114285714285714,0.08571428571428572,275,Mace Head
2015,25,12.942857142857141,1387.142857142857,14.142857142857142,10.87142857142857,0.5142857142857143,275,Mace Head
2015,26,12.585714285714285,1931.0,16.342857142857145,11.957142857142857,3.2857142857142856,275,Mace Head
2015,27,12.285714285714286,1745.5714285714287,17.4,13.4,2.6,275,Mace Head
2015,28,16.771428571428572,954.1428571428571,15.914285714285715,12.571428571428571,4.142857142857143,275,Mace Head
2015,29,14.085714285714285,1751.2857142857142,16.571428571428573,11.485714285714286,5.857142857142857,275,Mace Head
2015,30,13.714285714285714,1939.4285714285713,15.985714285714286,10.799999999999999,4.814285714285715,275,Mace Head
2015,31,16.842857142857145,1596.142857142857,15.428571428571429,11.342857142857143,3.957142857142857,275,Mace Head
2015,32,16.857142857142858,1478.4285714285713,15.771428571428572,12.185714285714285,2.757142857142857,275,Mace Head
2015,33,10.542857142857143,1624.0,15.814285714285715,11.200000000000001,1.042857142857143,275,Mace Head
2015,34,12.428571428571429,1327.0,17.014285714285712,13.157142857142857,1.5714285714285714,275,Mace Head
2015,35,15.757142857142856,1330.7142857142858,16.085714285714285,12.242857142857144,3.2857142857142856,275,Mace Head
2015,36,10.257142857142856,1424.2857142857142,15.985714285714286,10.200000000000001,0.17142857142857143,275,Mace Head
2015,37,13.585714285714285,990.5714285714286,16.357142857142858,11.571428571428571,16.928571428571427,275,Mace Head
2015,38,11.385714285714286,937.7142857142857,15.314285714285715,10.785714285714286,4.571428571428571,275,Mace Head
2015,39,15.028571428571428,931.2857142857143,14.942857142857141,11.042857142857143,1.4285714285714286,275,Mace Head
2015,40,8.614285714285714,1047.857142857143,15.671428571428573,8.1,0.05714285714285715,275,Mace Head
2015,41,10.6,684.8571428571429,14.828571428571427,10.957142857142857,0.6571428571428571,275,Mace Head
2015,42,8.357142857142858,740.8571428571429,13.014285714285714,7.0,0.0,275,Mace Head
2015,43,17.614285714285714,401.7142857142857,13.157142857142857,10.242857142857144,3.8285714285714287,275,Mace Head
2015,44,15.0,525.5714285714286,14.0,9.985714285714286,4.185714285714286,275,Mace Head
2015,45,12.685714285714287,413.2857142857143,13.542857142857143,10.057142857142859,4.357142857142857,275,Mace Head
2015,46,26.771428571428572,190.57142857142858,13.4,8.77142857142857,7.757142857142858,275,Mace Head
2015,47,21.114285714285717,244.85714285714286,10.585714285714285,6.585714285714286,3.0142857142857147,275,Mace Head
2015,48,25.72857142857143,170.85714285714286,11.514285714285714,8.028571428571428,2.6571428571428575,275,Mace Head
2015,49,23.214285714285715,139.14285714285714,12.299999999999999,7.3999999999999995,11.200000000000001,275,Mace Head
2015,50,22.5,147.42857142857142,10.37142857142857,5.057142857142857,5.857142857142857,275,Mace Head
2015,51,20.771428571428572,129.42857142857142,12.285714285714286,9.799999999999999,4.985714285714286,275,Mace Head
2015,52,20.87142857142857,157.85714285714286,10.571428571428571,5.357142857142857,5.514285714285714,275,Mace Head
2015,53,18.67142857142857,106.0,10.028571428571428,4.814285714285715,9.885714285714286,275,Mace Head
2016,1,12.685714285714285,212.85714285714286,8.214285714285714,4.1571428571428575,5.457142857142857,275,Mace Head
2016,2,15.357142857142858,220.28571428571428,7.614285714285714,3.557142857142857,2.542857142857143,275,Mace Head
2016,3,15.428571428571429,160.0,10.057142857142859,7.714285714285714,4.957142857142856,275,Mace Head
2016,4,25.814285714285713,261.2857142857143,10.171428571428573,5.214285714285714,6.728571428571429,275,Mace Head
2016,5,27.457142857142856,282.7142857142857,9.671428571428573,5.471428571428571,4.957142857142857,275,Mace Head
2016,6,17.271428571428572,465.85714285714283,7.071428571428571,2.4857142857142853,5.3999999999999995,275,Mace Head
2016,7,17.771428571428572,467.14285714285717,8.914285714285715,4.071428571428571,5.057142857142857,275,Mace Head
2016,8,9.528571428571428,826.0,8.114285714285714,1.614285714285714,0.8571428571428571,275,Mace Head
2016,9,20.857142857142858,621.5714285714286,8.72857142857143,3.414285714285714,5.414285714285714,275,Mace Head
2016,10,14.914285714285715,603.1428571428571,9.842857142857143,7.0,1.2714285714285716,275,Mace Head
2016,11,9.314285714285715,1174.2857142857142,11.200000000000001,4.414285714285715,0.0,275,Mace Head
2016,12,15.971428571428572,827.1428571428571,9.585714285714285,6.471428571428571,4.771428571428571,275,Mace Head
2016,13,11.885714285714286,1335.4285714285713,10.114285714285714,5.371428571428572,4.685714285714285,275,Mace Head
2016,14,17.242857142857144,1292.0,9.785714285714286,3.5571428571428574,2.1714285714285713,275,Mace Head
2016,15,11.142857142857142,1321.7142857142858,11.585714285714285,5.028571428571429,0.8714285714285713,275,Mace Head
2016,16,11.214285714285714,1935.7142857142858,14.37142857142857,6.371428571428572,0.1142857142857143,275,Mace Head
2016,17,16.95714285714286,1712.0,10.785714285714286,5.528571428571429,1.6142857142857143,275,Mace Head
2016,18,14.728571428571428,1745.2857142857142,13.614285714285716,7.914285714285714,2.6142857142857143,275,Mace Head
2016,19,10.928571428571429,1876.142857142857,18.87142857142857,11.414285714285715,0.07142857142857142,275,Mace Head
2016,20,12.471428571428572,1698.142857142857,13.685714285714285,8.971428571428572,4.214285714285714,275,Mace Head
2016,21,7.542857142857143,2155.1428571428573,16.614285714285714,9.242857142857144,0.07142857142857142,275,Mace Head
2016,22,6.485714285714286,2845.8571428571427,20.3,10.771428571428572,0.0,275,Mace Head
2016,23,7.0,1860.5714285714287,18.385714285714283,13.571428571428571,1.6428571428571428,275,Mace Head
2016,24,14.457142857142857,1603.5714285714287,15.785714285714286,11.742857142857144,6.228571428571429,275,Mace Head
2016,25,13.971428571428572,1840.5714285714287,15.814285714285715,12.0,1.5857142857142856,275,Mace Head
2016,26,14.700000000000001,2043.857142857143,15.257142857142856,11.414285714285715,2.942857142857143,275,Mace Head
2016,27,14.428571428571429,1300.2857142857142,16.414285714285715,13.1,2.6571428571428575,275,Mace Head
2016,28,14.028571428571428,1542.857142857143,16.04285714285714,12.299999999999999,2.5285714285714285,275,Mace Head
2016,29,10.271428571428572,1684.142857142857,18.457142857142856,13.12857142857143,1.1428571428571428,275,Mace Head
2016,30,11.071428571428571,1266.4285714285713,16.585714285714285,13.185714285714285,1.9857142857142858,275,Mace Head
2016,31,17.485714285714288,1099.142857142857,17.142857142857142,14.042857142857143,1.2428571428571427,275,Mace Head
2016,32,16.271428571428572,1381.7142857142858,16.742857142857144,13.228571428571428,0.35714285714285715,275,Mace Head
2016,33,16.057142857142857,1047.142857142857,18.87142857142857,14.1,7.942857142857143,275,Mace Head
2016,34,11.528571428571428,1648.0,17.928571428571427,13.585714285714285,0.5428571428571428,275,Mace Head
2016,35,15.671428571428573,921.0,17.285714285714285,13.742857142857144,4.742857142857143,275,Mace Head
2016,36,17.25714285714286,670.8571428571429,17.242857142857144,13.742857142857144,6.214285714285714,275,Mace Head
2016,37,11.514285714285714,1002.7142857142857,16.214285714285715,12.185714285714285,3.9571428571428577,275,Mace Head
2016,38,18.614285714285717,770.4285714285714,15.357142857142858,12.057142857142859,7.085714285714286,275,Mace Head
2016,39,16.342857142857145,957.7142857142857,15.057142857142859,10.542857142857143,0.5428571428571428,275,Mace Head
2016,40,13.228571428571428,607.1428571428571,15.185714285714285,10.414285714285715,4.328571428571428,275,Mace Head
2016,41,12.214285714285714,631.7142857142857,13.528571428571428,7.628571428571428,3.3285714285714287,275,Mace Head
2016,42,13.057142857142859,630.8571428571429,13.242857142857144,8.8,0.6,275,Mace Head
2016,43,11.628571428571428,498.85714285714283,13.528571428571428,9.728571428571428,1.042857142857143,275,Mace Head
2016,44,11.442857142857141,484.42857142857144,11.257142857142856,7.285714285714286,0.6857142857142857,275,Mace Head
2016,45,15.4,308.7142857142857,11.700000000000001,7.314285714285715,4.057142857142857,275,Mace Head
2016,46,16.77142857142857,281.42857142857144,9.785714285714286,5.3,3.585714285714286,275,Mace Head
2016,47,9.671428571428573,433.14285714285717,7.8999999999999995,0.9857142857142858,0.07142857142857142,275,Mace Head
2016,48,8.614285714285716,161.14285714285714,7.4,4.3428571428571425,0.028571428571428574,275,Mace Head
2016,49,15.799999999999999,166.14285714285714,11.557142857142859,8.642857142857142,2.585714285714286,275,Mace Head
2016,50,13.857142857142858,183.85714285714286,10.685714285714285,7.957142857142857,2.4857142857142853,275,Mace Head
2016,51,24.185714285714287,177.14285714285714,10.799999999999999,6.385714285714286,5.042857142857143,275,Mace Head
2016,52,16.714285714285715,203.71428571428572,9.828571428571427,7.214285714285714,1.0142857142857142,275,Mace Head
2017,1,9.6,167.42857142857142,8.942857142857143,6.2,0.8285714285714285,275,Mace Head
2017,2,22.400000000000002,233.71428571428572,9.471428571428572,5.6000000000000005,1.8857142857142857,275,Mace Head
2017,3,9.157142857142857,321.2857142857143,8.671428571428573,5.028571428571429,0.15714285714285717,275,Mace Head
2017,4,16.757142857142856,276.57142857142856,9.357142857142858,5.6571428571428575,4.185714285714286,275,Mace Head
2017,5,15.057142857142855,335.7142857142857,9.342857142857143,5.071428571428571,3.957142857142857,275,Mace Head
2017,6,15.414285714285715,436.85714285714283,7.585714285714286,2.8000000000000003,2.9857142857142853,275,Mace Head
2017,7,15.257142857142856,332.42857142857144,10.485714285714286,7.1571428571428575,2.1285714285714286,275,Mace Head
2017,8,20.657142857142855,398.85714285714283,10.142857142857142,6.457142857142857,5.285714285714286,275,Mace Head
2017,9,17.757142857142856,608.7142857142857,8.257142857142856,4.242857142857143,7.228571428571429,275,Mace Head
2017,10,12.757142857142856,857.0,10.685714285714285,7.057142857142857,4.228571428571429,275,Mace Head
2017,11,18.185714285714287,688.5714285714286,10.714285714285714,8.485714285714286,2.0,275,Mace Head
2017,12,13.285714285714286,1355.857142857143,11.814285714285715,3.0714285714285716,1.3571428571428572,275,Mace Head
2017,13,11.842857142857143,1310.0,13.257142857142856,8.114285714285714,1.6857142857142857,275,Mace Head
2017,14,10.700000000000001,938.8571428571429,11.5,7.742857142857143,1.6428571428571428,275,Mace Head
2017,15,14.157142857142857,1182.4285714285713,11.428571428571429,7.814285714285715,0.42857142857142855,275,Mace Head
2017,16,6.914285714285714,1663.2857142857142,13.142857142857142,8.814285714285715,0.0,275,Mace Head
2017,17,14.314285714285715,1667.857142857143,12.071428571428571,5.8999999999999995,0.6285714285714287,275,Mace Head
2017,18,12.7,2242.0,16.0,7.471428571428572,0.0,275,Mace Head
2017,19,9.87142857142857,2297.4285714285716,15.62857142857143,7.485714285714286,1.1571428571428573,275,Mace Head
2017,20,15.971428571428572,2083.0,14.12857142857143,9.757142857142856,3.4714285714285715,275,Mace Head
2017,21,10.799999999999999,1744.142857142857,17.228571428571428,11.4,1.3142857142857143,275,Mace Head
2017,22,14.142857142857142,2277.5714285714284,15.6,9.942857142857141,4.714285714285714,275,Mace Head
2017,23,17.414285714285715,1783.857142857143,14.857142857142858,11.428571428571429,4.6571428571428575,275,Mace Head
2017,24,16.228571428571428,1282.5714285714287,15.714285714285714,12.700000000000001,1.5285714285714287,275,Mace Head
2017,25,12.257142857142856,1621.2857142857142,17.47142857142857,11.914285714285715,1.3142857142857143,275,Mace Head
2017,26,12.9,1470.4285714285713,15.257142857142856,11.685714285714285,2.7285714285714286,275,Mace Head
2017,27,9.514285714285714,1652.857142857143,16.54285714285714,12.7,1.257142857142857,275,Mace Head
2017,28,11.014285714285714,1607.142857142857,16.642857142857142,12.028571428571428,0.9,275,Mace Head
2017,29,11.857142857142858,1973.142857142857,18.47142857142857,11.614285714285714,4.985714285714287,275,Mace Head
2017,30,18.014285714285712,1769.0,17.014285714285716,12.614285714285714,5.642857142857143,275,Mace Head
2017,31,14.87142857142857,1858.2857142857142,16.814285714285713,12.771428571428572,2.2142857142857144,275,Mace Head
2017,32,13.12857142857143,1779.7142857142858,16.9,11.757142857142856,1.7,275,Mace Head
2017,33,16.87142857142857,1402.5714285714287,16.585714285714285,12.485714285714284,4.685714285714285,275,Mace Head
2017,34,11.642857142857142,1101.5714285714287,17.04285714285714,13.37142857142857,5.971428571428571,275,Mace Head
2017,35,11.87142857142857,1323.7142857142858,16.457142857142856,12.328571428571427,3.6142857142857143,275,Mace Head
2017,36,20.7,990.1428571428571,15.87142857142857,12.814285714285715,2.5,275,Mace Head
2017,37,14.914285714285715,1220.5714285714287,14.242857142857144,9.671428571428573,2.4714285714285715,275,Mace Head
2017,38,13.228571428571428,945.7142857142857,15.5,10.542857142857143,4.514285714285714,275,Mace Head
2017,39,17.785714285714285,783.0,15.485714285714286,11.285714285714286,4.057142857142857,275,Mace Head
2017,40,16.257142857142856,711.7142857142857,14.12857142857143,10.014285714285714,1.342857142857143,275,Mace Head
2017,41,18.88571428571429,371.42857142857144,14.771428571428572,11.62857142857143,3.185714285714286,275,Mace Head
2017,42,20.571428571428573,395.57142857142856,13.414285714285715,8.028571428571428,10.314285714285715,275,Mace Head
2017,43,12.5,461.42857142857144,13.828571428571427,9.799999999999999,1.7142857142857142,275,Mace Head
2017,44,14.457142857142856,311.57142857142856,12.071428571428571,8.785714285714286,1.457142857142857,275,Mace Head
2017,45,17.271428571428572,308.14285714285717,11.799999999999999,7.428571428571429,4.3428571428571425,275,Mace Head
2017,46,11.957142857142857,215.42857142857142,11.357142857142858,7.042857142857143,3.0714285714285716,275,Mace Head
2017,47,16.814285714285713,213.0,10.228571428571428,6.442857142857143,4.014285714285714,275,Mace Head
2017,48,12.185714285714285,309.0,8.757142857142858,5.257142857142857,0.7,275,Mace Head
2017,49,17.085714285714285,183.42857142857142,8.557142857142857,4.4714285714285715,6.057142857142858,275,Mace Head
2017,50,18.014285714285712,184.0,8.985714285714286,4.042857142857143,3.957142857142857,275,Mace Head
2017,51,13.9,112.71428571428571,10.985714285714286,8.857142857142858,5.6000000000000005,275,Mace Head
2017,52,17.985714285714288,158.42857142857142,8.77142857142857,2.7857142857142856,7.285714285714286,275,Mace Head
2018,1,19.557142857142857,250.28571428571428,8.471428571428572,3.8857142857142857,3.585714285714286,275,Mace Head
2018,2,14.742857142857144,145.14285714285714,8.385714285714284,4.585714285714286,6.128571428571428,275,Mace Head
2018,3,25.25714285714286,237.0,8.942857142857143,3.3857142857142857,6.6571428571428575,275,Mace Head
2018,4,21.12857142857143,286.42857142857144,10.142857142857142,7.214285714285714,4.814285714285715,275,Mace Head
2018,5,17.17142857142857,428.2857142857143,8.357142857142858,4.128571428571429,3.1714285714285717,275,Mace Head
2018,6,18.157142857142855,395.57142857142856,7.3999999999999995,2.2285714285714286,3.7285714285714286,275,Mace Head
2018,7,19.071428571428573,537.1428571428571,8.0,3.357142857142857,6.357142857142857,275,Mace Head
2018,8,13.985714285714284,559.2857142857143,8.128571428571428,3.6,0.1285714285714286,275,Mace Head
2018,9,18.0,703.0,3.2142857142857144,-1.3714285714285714,0.19999999999999998,275,Mace Head
2018,10,11.857142857142858,886.4285714285714,8.72857142857143,3.042857142857143,1.5999999999999999,275,Mace Head
2018,11,15.314285714285715,866.8571428571429,9.37142857142857,3.8,1.4714285714285715,275,Mace Head
2018,12,10.157142857142857,1121.7142857142858,8.72857142857143,3.3857142857142857,1.385714285714286,275,Mace Head
2018,13,12.842857142857143,1136.5714285714287,9.057142857142857,3.142857142857143,2.6285714285714286,275,Mace Head
2018,14,13.242857142857144,1154.0,10.042857142857143,4.057142857142857,3.342857142857143,275,Mace Head
2018,15,11.457142857142857,1038.857142857143,12.4,7.014285714285714,0.8142857142857143,275,Mace Head
2018,16,16.0,1498.142857142857,12.228571428571428,8.728571428571428,6.057142857142857,275,Mace Head
2018,17,12.828571428571427,1754.7142857142858,11.542857142857143,5.871428571428572,0.7,275,Mace Head
2018,18,14.185714285714285,1672.7142857142858,11.9,8.142857142857142,1.885714285714286,275,Mace Head
2018,19,16.414285714285715,2122.1428571428573,12.37142857142857,8.157142857142857,2.157142857142857,275,Mace Head
2018,20,10.5,1787.4285714285713,14.12857142857143,8.871428571428572,2.3428571428571425,275,Mace Head
2018,21,8.985714285714286,2188.1428571428573,18.67142857142857,9.914285714285713,1.2285714285714284,275,Mace Head
2018,22,6.014285714285714,2162.5714285714284,20.17142857142857,13.457142857142857,0.6285714285714287,275,Mace Head
2018,23,6.942857142857143,2097.5714285714284,19.97142857142857,13.700000000000001,0.07142857142857142,275,Mace Head
2018,24,16.7,1750.4285714285713,15.342857142857143,11.200000000000001,2.885714285714286,275,Mace Head
2018,25,10.72857142857143,2389.1428571428573,15.485714285714286,9.357142857142858,0.9285714285714286,275,Mace Head
2018,26,8.457142857142857,2760.5714285714284,24.728571428571428,14.614285714285714,0.0,275,Mace Head
2018,27,7.642857142857143,2410.0,20.5,13.428571428571429,0.028571428571428574,275,Mace Head
2018,28,9.157142857142857,1588.0,19.24285714285714,13.442857142857141,1.2571428571428573,275,Mace Head
2018,29,9.342857142857143,1757.2857142857142,17.928571428571427,12.971428571428572,0.4428571428571429,275,Mace Head
2018,30,11.457142857142857,1618.142857142857,17.857142857142858,12.828571428571427,2.942857142857143,275,Mace Head
2018,31,13.400000000000002,1227.4285714285713,17.12857142857143,13.685714285714285,5.271428571428571,275,Mace Head
2018,32,12.757142857142856,1789.4285714285713,17.071428571428573,11.657142857142857,1.6428571428571428,275,Mace Head
2018,33,17.02857142857143,934.0,16.771428571428572,13.557142857142859,4.585714285714286,275,Mace Head
2018,34,15.685714285714285,1491.0,16.142857142857142,12.442857142857141,5.799999999999999,275,Mace Head
2018,35,12.842857142857143,1050.2857142857142,16.285714285714285,12.12857142857143,1.1857142857142857,275,Mace Head
2018,36,12.685714285714285,1103.142857142857,15.62857142857143,11.542857142857143,3.142857142857143,275,Mace Head
2018,37,18.614285714285717,950.7142857142857,15.585714285714285,12.385714285714286,2.9,275,Mace Head
2018,38,17.228571428571428,942.2857142857143,14.414285714285715,9.528571428571428,5.814285714285715,275,Mace Head
2018,39,13.957142857142857,685.7142857142857,13.914285714285715,8.528571428571428,0.48571428571428577,275,Mace Head
2018,40,15.714285714285714,686.5714285714286,13.742857142857144,9.857142857142858,0.8142857142857143,275,Mace Head
2018,41,20.642857142857142,575.0,14.785714285714286,11.471428571428572,4.928571428571429,275,Mace Head
2018,42,14.671428571428573,696.5714285714286,13.671428571428573,9.485714285714286,0.8285714285714285,275,Mace Head
2018,43,14.62857142857143,567.4285714285714,11.014285714285714,7.3428571428571425,1.4000000000000001,275,Mace Head
2018,44,16.47142857142857,433.14285714285717,11.157142857142857,6.728571428571429,4.514285714285714,275,Mace Head
2018,45,16.857142857142858,352.42857142857144,11.271428571428572,7.528571428571429,8.285714285714286,275,Mace Head
2018,46,18.442857142857143,250.85714285714286,12.4,8.828571428571427,5.214285714285714,275,Mace Head
2018,47,13.62857142857143,329.2857142857143,7.828571428571428,4.042857142857143,0.4428571428571429,275,Mace Head
2018,48,19.37142857142857,178.85714285714286,10.257142857142856,6.971428571428572,7.657142857142857,275,Mace Head
2018,49,19.985714285714288,209.42857142857142,10.414285714285715,6.657142857142857,4.357142857142857,275,Mace Head
2018,50,17.185714285714287,88.14285714285714,10.228571428571428,7.228571428571429,5.357142857142857,275,Mace Head
2018,51,18.3,156.0,9.828571428571427,6.814285714285715,9.257142857142856,275,Mace Head
2018,52,11.257142857142856,110.0,10.685714285714285,8.557142857142857,0.8714285714285716,275,Mace Head
2019,1,10.971428571428572,113.71428571428571,9.857142857142858,7.814285714285715,0.7571428571428572,275,Mace Head
2019,2,12.528571428571427,165.85714285714286,10.471428571428572,8.342857142857143,0.34285714285714286,275,Mace Head
2019,3,15.171428571428573,250.85714285714286,9.042857142857143,5.514285714285714,2.3714285714285714,275,Mace Head
2019,4,18.414285714285715,195.14285714285714,8.857142857142858,5.457142857142857,3.042857142857143,275,Mace Head
2019,5,15.114285714285714,361.42857142857144,6.828571428571428,2.2714285714285714,4.8999999999999995,275,Mace Head
2019,6,22.014285714285712,407.7142857142857,9.542857142857143,4.142857142857143,5.785714285714286,275,Mace Head
2019,7,18.02857142857143,403.7142857142857,10.728571428571428,7.971428571428571,2.742857142857143,275,Mace Head
2019,8,19.057142857142857,400.85714285714283,11.528571428571428,8.27142857142857,3.6428571428571432,275,Mace Head
2019,9,13.185714285714285,549.7142857142857,11.771428571428572,7.014285714285714,2.6,275,Mace Head
2019,10,21.599999999999998,737.0,9.285714285714286,4.485714285714286,4.942857142857143,275,Mace Head
2019,11,26.457142857142856,704.5714285714286,10.057142857142859,5.328571428571428,6.857142857142857,275,Mace Head
2019,12,15.071428571428571,787.1428571428571,10.242857142857144,7.514285714285714,1.7285714285714284,275,Mace Head
2019,13,10.242857142857144,1087.0,11.342857142857143,7.214285714285714,0.5142857142857143,275,Mace Head
2019,14,14.9,1281.5714285714287,10.642857142857142,4.042857142857143,2.1,275,Mace Head
2019,15,15.171428571428573,1146.4285714285713,12.371428571428572,6.271428571428571,2.9285714285714284,275,Mace Head
2019,16,12.285714285714286,1342.142857142857,14.071428571428571,8.142857142857142,1.1,275,Mace Head
2019,17,16.185714285714287,1500.2857142857142,14.328571428571427,8.285714285714286,5.0,275,Mace Head
2019,18,11.028571428571428,2056.285714285714,12.642857142857142,6.942857142857143,1.3714285714285714,275,Mace Head
2019,19,10.171428571428573,2014.7142857142858,13.214285714285714,6.057142857142857,0.24285714285714285,275,Mace Head
2019,20,12.342857142857143,1956.7142857142858,16.0,9.257142857142856,0.8142857142857143,275,Mace Head
2019,21,8.642857142857142,1901.0,14.642857142857142,9.657142857142857,1.0714285714285714,275,Mace Head
2019,22,17.3,1390.4285714285713,13.957142857142857,10.785714285714286,6.571428571428571,275,Mace Head
2019,23,13.385714285714286,2207.8571428571427,13.771428571428572,9.214285714285714,0.8142857142857143,275,Mace Head
2019,24,11.428571428571429,2161.714285714286,15.242857142857144,9.1,1.0142857142857145,275,Mace Head
2019,25,13.4,2175.285714285714,15.657142857142857,11.242857142857144,1.7571428571428573,275,Mace Head
2019,26,12.5,1980.5714285714287,20.185714285714287,13.414285714285715,0.48571428571428577,275,Mace Head
2019,27,9.057142857142857,1829.7142857142858,16.7,11.37142857142857,0.4,275,Mace Head
2019,28,9.528571428571428,1908.5714285714287,17.9,13.285714285714286,0.6571428571428571,275,Mace Head
2019,29,12.757142857142856,1516.857142857143,18.314285714285713,14.285714285714286,4.257142857142857,275,Mace Head
2019,30,14.814285714285715,1749.2857142857142,19.442857142857143,15.342857142857142,2.3428571428571425,275,Mace Head
2019,31,10.799999999999999,1826.5714285714287,19.057142857142857,13.5,2.0142857142857142,275,Mace Head
2019,32,14.414285714285715,1577.4285714285713,18.457142857142856,13.742857142857144,5.528571428571429,275,Mace Head
2019,33,17.685714285714287,1563.5714285714287,17.342857142857145,13.314285714285715,5.314285714285715,275,Mace Head
2019,34,16.4,1185.857142857143,17.085714285714285,14.085714285714285,3.3714285714285714,275,Mace Head
2019,35,18.542857142857144,987.1428571428571,16.4,12.714285714285714,8.6,275,Mace Head
2019,36,17.7,1058.5714285714287,15.914285714285715,12.385714285714286,2.0,275,Mace Head
2019,37,15.414285714285715,1107.0,16.071428571428573,12.671428571428573,1.8714285714285714,275,Mace Head
2019,38,10.142857142857142,1290.142857142857,17.285714285714285,11.442857142857141,0.6142857142857144,275,Mace Head
2019,39,16.414285714285715,732.2857142857143,15.700000000000001,11.928571428571429,6.571428571428571,275,Mace Head
2019,40,16.557142857142857,660.7142857142857,14.828571428571427,10.357142857142858,4.257142857142857,275,Mace Head
2019,41,20.97142857142857,827.4285714285714,14.028571428571428,10.299999999999999,2.042857142857143,275,Mace Head
2019,42,14.242857142857144,598.4285714285714,12.671428571428573,8.700000000000001,6.428571428571429,275,Mace Head
2019,43,12.728571428571428,544.8571428571429,11.271428571428572,6.128571428571428,2.5142857142857147,275,Mace Head
2019,44,15.214285714285714,366.57142857142856,11.057142857142859,6.714285714285714,5.585714285714286,275,Mace Head
2019,45,14.12857142857143,437.14285714285717,10.457142857142857,5.1000000000000005,5.3,275,Mace Head
2019,46,15.385714285714286,381.42857142857144,8.685714285714285,3.9,2.857142857142857,275,Mace Head
2019,47,12.742857142857144,269.7142857142857,9.157142857142857,4.871428571428572,1.9714285714285713,275,Mace Head
2019,48,9.9,189.85714285714286,9.214285714285714,5.814285714285715,1.4714285714285715,275,Mace Head
2019,49,22.685714285714287,206.85714285714286,10.457142857142857,7.257142857142858,2.6000000000000005,275,Mace Head
2019,50,24.228571428571428,188.71428571428572,8.757142857142856,4.614285714285714,5.785714285714286,275,Mace Head
2019,51,13.357142857142858,239.0,9.085714285714285,4.328571428571428,2.8,275,Mace Head
2019,52,16.414285714285715,143.14285714285714,9.857142857142858,7.3999999999999995,2.3714285714285714,275,Mace Head
2020,1,16.87142857142857,160.71428571428572,9.914285714285715,7.1000000000000005,1.0999999999999999,275,Mace Head
2020,2,19.985714285714288,184.14285714285714,9.885714285714286,6.0,4.014285714285714,275,Mace Head
2020,3,20.914285714285715,283.2857142857143,8.5,3.7714285714285714,3.942857142857143,275,Mace Head
2020,4,12.057142857142859,239.14285714285714,9.042857142857143,6.471428571428571,2.085714285714286,275,Mace Head
2020,5,22.62857142857143,307.14285714285717,9.128571428571428,5.428571428571429,3.4285714285714284,275,Mace Head
2020,6,20.642857142857142,339.0,9.671428571428573,5.385714285714286,5.142857142857143,275,Mace Head
2020,7,28.485714285714288,453.57142857142856,8.27142857142857,4.285714285714286,5.142857142857143,275,Mace Head
2020,8,24.87142857142857,449.42857142857144,8.914285714285715,4.8428571428571425,8.057142857142857,275,Mace Head
2020,9,23.914285714285715,645.8571428571429,8.014285714285714,3.1571428571428575,5.457142857142857,275,Mace Head
2020,10,18.571428571428573,901.7142857142857,8.414285714285715,4.2,2.0142857142857142,275,Mace Head
2020,11,22.114285714285717,694.5714285714286,9.385714285714286,5.5,4.928571428571429,275,Mace Head
2020,12,12.9,867.1428571428571,9.028571428571428,3.7857142857142856,3.6,275,Mace Head
2020,13,13.414285714285715,1034.2857142857142,11.0,5.6571428571428575,1.2285714285714284,275,Mace Head
2020,14,13.714285714285714,989.5714285714286,11.357142857142858,6.385714285714286,0.8857142857142858,275,Mace Head
2020,15,9.9,1377.5714285714287,12.328571428571427,7.685714285714285,0.4714285714285714,275,Mace Head
2020,16,11.157142857142857,1829.2857142857142,14.557142857142859,5.971428571428571,0.07142857142857142,275,Mace Head
2020,17,8.8,1824.5714285714287,16.3,8.157142857142857,0.014285714285714287,275,Mace Head
2020,18,9.385714285714286,2134.8571428571427,13.114285714285714,6.585714285714286,1.4000000000000001,275,Mace Head
2020,19,12.571428571428571,2040.7142857142858,16.414285714285715,9.028571428571428,0.5285714285714286,275,Mace Head
2020,20,11.485714285714286,2056.4285714285716,13.542857142857143,5.728571428571429,0.3,275,Mace Head
2020,21,19.557142857142857,1643.2857142857142,14.257142857142856,10.799999999999999,1.8571428571428572,275,Mace Head
2020,22,10.200000000000001,2453.8571428571427,20.442857142857143,11.314285714285715,0.42857142857142855,275,Mace Head
2020,23,15.271428571428572,2100.4285714285716,15.942857142857145,10.4,0.1285714285714286,275,Mace Head
2020,24,10.4,1488.0,17.3,10.828571428571427,1.3142857142857143,275,Mace Head
2020,25,11.614285714285714,1945.857142857143,16.7,11.528571428571428,0.9999999999999999,275,Mace Head
2020,26,13.9,1395.7142857142858,15.057142857142859,11.971428571428572,4.771428571428571,275,Mace Head
2020,27,16.47142857142857,1374.142857142857,14.542857142857143,11.814285714285715,2.2142857142857144,275,Mace Head
2020,28,12.257142857142856,1734.4285714285713,15.342857142857143,10.942857142857141,5.285714285714286,275,Mace Head
2020,29,13.214285714285714,1634.4285714285713,15.914285714285715,12.057142857142859,0.8142857142857143,275,Mace Head
2020,30,12.042857142857143,1599.857142857143,16.342857142857145,12.37142857142857,4.314285714285714,275,Mace Head
2020,31,14.671428571428569,1455.4285714285713,16.52857142857143,12.62857142857143,5.0857142857142845,275,Mace Head
2020,32,11.414285714285715,1786.4285714285713,17.728571428571428,13.385714285714286,2.457142857142857,275,Mace Head
2020,33,6.485714285714287,1399.5714285714287,21.271428571428572,15.328571428571427,0.6857142857142857,275,Mace Head
2020,34,16.585714285714285,1272.0,17.942857142857143,14.271428571428572,6.914285714285714,275,Mace Head
2020,35,13.042857142857143,1242.2857142857142,16.571428571428573,12.142857142857142,5.057142857142857,275,Mace Head
2020,36,17.12857142857143,1155.4285714285713,16.557142857142857,12.799999999999999,5.014285714285714,275,Mace Head
2020,37,17.942857142857143,724.1428571428571,15.985714285714286,13.4,2.5714285714285716,275,Mace Head
2020,38,9.185714285714285,1082.857142857143,19.12857142857143,12.6,0.2857142857142857,275,Mace Head
2020,39,13.014285714285714,894.2857142857143,13.828571428571427,7.857142857142857,2.185714285714286,275,Mace Head
2020,40,14.799999999999999,871.5714285714286,13.242857142857144,8.72857142857143,4.0,275,Mace Head
2020,41,15.257142857142856,797.0,12.785714285714286,9.614285714285714,2.642857142857143,275,Mace Head
2020,42,12.485714285714286,808.0,13.514285714285714,7.6000000000000005,0.34285714285714286,275,Mace Head
2020,43,20.3,484.57142857142856,12.428571428571429,9.057142857142857,10.457142857142857,275,Mace Head
2020,44,24.0,437.57142857142856,12.257142857142856,8.471428571428572,11.042857142857144,275,Mace Head
2020,45,12.785714285714286,356.14285714285717,11.114285714285714,7.042857142857143,2.257142857142857,275,Mace Head
2020,46,18.75714285714286,246.28571428571428,12.12857142857143,8.928571428571429,8.8,275,Mace Head
2020,47,21.599999999999998,239.0,11.62857142857143,8.714285714285714,3.757142857142857,275,Mace Head
2020,48,11.542857142857143,166.57142857142858,9.928571428571429,5.985714285714286,3.3285714285714287,275,Mace Head
2020,49,16.557142857142857,207.85714285714286,9.157142857142857,5.614285714285714,2.857142857142857,275,Mace Head
2020,50,14.857142857142858,201.57142857142858,9.257142857142856,5.857142857142857,6.914285714285714,275,Mace Head
2020,51,19.685714285714287,188.85714285714286,9.942857142857141,7.0,5.871428571428572,275,Mace Head
2020,52,16.757142857142856,154.57142857142858,8.22857142857143,4.257142857142857,2.7142857142857144,275,Mace Head
2020,53,13.614285714285714,283.57142857142856,6.8999999999999995,2.414285714285714,0.8857142857142856,275,Mace Head
2021,1,8.528571428571428,284.14285714285717,6.014285714285714,1.7714285714285716,0.5571428571428572,275,Mace Head
2021,2,17.414285714285715,164.71428571428572,9.442857142857141,6.457142857142857,4.228571428571429,275,Mace Head
2021,3,9.514285714285714,254.42857142857142,6.857142857142857,2.857142857142857,6.771428571428571,275,Mace Head
2021,4,14.657142857142858,258.85714285714283,8.557142857142857,5.071428571428571,7.128571428571428,275,Mace Head
2021,5,12.942857142857141,308.57142857142856,7.971428571428572,4.857142857142857,2.6714285714285713,275,Mace Head
2021,6,21.814285714285713,420.85714285714283,5.542857142857143,1.7571428571428573,3.8000000000000003,275,Mace Head
2021,7,20.457142857142856,628.7142857142857,9.657142857142857,6.385714285714286,4.785714285714286,275,Mace Head
2021,8,15.571428571428571,756.1428571428571,10.214285714285714,6.757142857142857,3.057142857142857,275,Mace Head
2021,9,8.257142857142856,687.1428571428571,8.442857142857141,2.742857142857143,0.2285714285714286,275,Mace Head
2021,10,23.928571428571427,635.2857142857143,9.4,5.714285714285714,4.628571428571428,275,Mace Head
2021,11,7.371428571428572,1044.142857142857,11.114285714285714,6.057142857142857,0.34285714285714286,275,Mace Head
2021,12,20.785714285714285,811.2857142857143,10.157142857142857,6.342857142857143,3.6571428571428575,275,Mace Head
2021,13,13.528571428571428,1187.4285714285713,11.9,6.8428571428571425,1.0714285714285714,275,Mace Head
2021,14,12.814285714285715,1617.7142857142858,9.485714285714286,2.6714285714285713,0.4714285714285714,275,Mace Head
2021,15,10.828571428571427,1516.0,11.528571428571428,6.1571428571428575,2.1714285714285713,275,Mace Head
2021,16,11.285714285714286,1793.5714285714287,15.685714285714285,7.542857142857143,1.1714285714285713,275,Mace Head
2021,17,9.514285714285714,2148.0,12.9,5.042857142857143,0.6857142857142857,275,Mace Head
2021,18,17.357142857142858,2129.5714285714284,11.857142857142858,4.928571428571429,5.3999999999999995,275,Mace Head
2021,19,11.342857142857143,1889.142857142857,13.385714285714286,8.028571428571428,3.4714285714285715,275,Mace Head
2021,20,13.9,1964.5714285714287,12.4,7.785714285714286,4.3,275,Mace Head
2021,21,8.77142857142857,2258.5714285714284,13.942857142857141,7.228571428571429,1.5714285714285714,275,Mace Head
2021,22,9.071428571428571,1360.4285714285713,15.142857142857142,10.385714285714286,1.8571428571428572,275,Mace Head
2021,23,13.985714285714286,1279.2857142857142,15.1,12.1,1.0571428571428572,275,Mace Head
2021,24,11.799999999999999,1904.7142857142858,15.257142857142858,9.971428571428572,1.0,275,Mace Head
2021,25,10.571428571428571,1870.5714285714287,16.1,9.557142857142859,0.7714285714285715,275,Mace Head
2021,26,8.071428571428571,1847.4285714285713,17.057142857142857,11.985714285714286,0.5714285714285714,275,Mace Head
2021,27,9.928571428571429,1659.2857142857142,16.942857142857143,12.700000000000001,1.8857142857142857,275,Mace Head
2021,28,6.6571428571428575,2158.0,18.928571428571427,13.657142857142857,0.05714285714285715,275,Mace Head
2021,29,6.8428571428571425,2398.4285714285716,24.585714285714285,16.5,4.742857142857143,275,Mace Head
2021,30,12.5,1754.7142857142858,17.400000000000002,13.057142857142859,1.457142857142857,275,Mace Head
2021,31,13.357142857142858,1305.857142857143,16.585714285714285,13.485714285714286,4.885714285714286,275,Mace Head
2021,32,14.357142857142858,1622.0,16.942857142857143,13.114285714285714,3.2428571428571433,275,Mace Head
2021,33,10.885714285714286,1247.5714285714287,16.95714285714286,13.342857142857143,3.0714285714285716,275,Mace Head
2021,34,5.371428571428572,1775.0,20.214285714285715,14.285714285714286,0.028571428571428574,275,Mace Head
2021,35,7.571428571428571,937.7142857142857,18.1,12.842857142857143,0.2285714285714286,275,Mace Head
2021,36,8.685714285714285,976.2857142857143,19.22857142857143,14.028571428571427,5.271428571428572,275,Mace Head
2021,37,11.457142857142857,872.7142857142857,17.071428571428573,13.285714285714286,4.814285714285715,275,Mace Head
2021,38,14.471428571428572,817.0,17.1,14.085714285714287,1.2857142857142858,275,Mace Head
2021,39,22.057142857142857,888.2857142857143,14.014285714285714,10.028571428571428,7.557142857142857,275,Mace Head
2021,40,12.842857142857143,644.2857142857143,15.142857142857142,11.728571428571428,8.0,275,Mace Head
2021,41,9.671428571428573,436.42857142857144,14.442857142857141,11.185714285714285,0.5857142857142857,275,Mace Head
2021,42,18.642857142857142,559.7142857142857,13.971428571428572,10.571428571428571,5.771428571428571,275,Mace Head
2021,43,17.62857142857143,440.7142857142857,13.4,10.428571428571429,4.585714285714286,275,Mace Head
2021,44,15.657142857142857,467.14285714285717,11.885714285714286,8.785714285714286,0.8428571428571429,275,Mace Head
2021,45,15.914285714285715,263.0,13.242857142857144,10.257142857142856,3.5714285714285716,275,Mace Head
2021,46,15.828571428571427,276.0,12.471428571428572,9.285714285714286,0.31428571428571433,275,Mace Head
2021,47,15.342857142857143,287.14285714285717,10.071428571428571,4.5285714285714285,2.0,275,Mace Head
2021,48,18.385714285714283,235.57142857142858,10.200000000000001,6.7,3.457142857142857,275,Mace Head
2021,49,23.657142857142855,170.57142857142858,10.271428571428572,5.328571428571429,5.357142857142857,275,Mace Head
2021,50,13.12857142857143,132.14285714285714,9.271428571428572,7.2,0.08571428571428572,275,Mace Head
2021,51,13.985714285714286,147.71428571428572,9.814285714285715,6.557142857142857,5.542857142857143,275,Mace Head
2021,52,17.5,176.57142857142858,11.185714285714285,8.185714285714285,3.585714285714286,275,Mace Head
2022,1,20.228571428571428,220.28571428571428,9.528571428571428,3.5142857142857147,3.4142857142857146,275,Mace Head
2022,2,10.799999999999999,240.85714285714286,9.742857142857144,6.8,0.07142857142857142,275,Mace Head
2022,3,12.171428571428573,271.7142857142857,9.299999999999999,6.0,0.8428571428571429,275,Mace Head
2022,4,13.642857142857142,299.42857142857144,10.314285714285715,6.257142857142857,0.6142857142857142,275,Mace Head
2022,5,21.900000000000002,336.0,10.014285714285714,6.971428571428571,2.6142857142857143,275,Mace Head
2022,6,18.571428571428573,424.42857142857144,9.728571428571428,6.114285714285714,3.7571428571428567,275,Mace Head
2022,7,26.042857142857144,404.2857142857143,10.171428571428573,4.542857142857143,6.8428571428571425,275,Mace Head
2022,8,24.75714285714286,565.1428571428571,10.071428571428571,5.857142857142857,2.3714285714285714,275,Mace Head
2022,9,9.714285714285714,984.7142857142857,9.12857142857143,2.0571428571428574,0.8142857142857143,275,Mace Head
2022,10,18.571428571428573,753.8571428571429,9.185714285714285,4.328571428571428,5.157142857142857,275,Mace Head
2022,11,14.742857142857144,1053.5714285714287,10.942857142857141,5.485714285714286,2.057142857142857,275,Mace Head
2022,12,8.985714285714286,1312.857142857143,14.771428571428572,6.957142857142857,0.014285714285714287,275,Mace Head
2022,13,8.571428571428571,1497.2857142857142,12.028571428571428,3.3285714285714287,0.2571428571428572,275,Mace Head
2022,14,18.02857142857143,1245.142857142857,10.428571428571429,5.242857142857143,0.8428571428571427,275,Mace Head
2022,15,11.200000000000001,958.4285714285714,12.657142857142857,8.528571428571428,2.8428571428571425,275,Mace Head
2022,16,12.771428571428572,1677.857142857143,14.599999999999998,6.214285714285714,0.4428571428571428,275,Mace Head
2022,17,9.428571428571429,1640.142857142857,14.485714285714286,7.985714285714287,0.41428571428571426,275,Mace Head
2022,18,9.9,1599.142857142857,14.785714285714286,10.214285714285714,2.0571428571428574,275,Mace Head
2022,19,16.7,2012.0,14.785714285714286,9.985714285714286,2.642857142857143,275,Mace Head
2022,20,18.67142857142857,1899.4285714285713,15.5,11.285714285714286,2.4,275,Mace Head
2022,21,14.142857142857142,2406.5714285714284,14.857142857142858,9.357142857142858,1.3571428571428572,275,Mace Head
2022,22,10.657142857142857,1964.5714285714287,16.242857142857144,10.142857142857142,0.27142857142857146,275,Mace Head
2022,23,19.442857142857143,1672.857142857143,15.685714285714285,11.728571428571428,1.6857142857142855,275,Mace Head
2022,24,14.842857142857143,1573.7142857142858,16.04285714285714,12.142857142857142,1.5142857142857142,275,Mace Head
2022,25,13.442857142857141,1727.4285714285713,15.614285714285714,11.114285714285714,5.671428571428572,275,Mace Head
2022,26,15.514285714285716,1699.4285714285713,15.185714285714285,11.328571428571427,4.114285714285715,275,Mace Head
2022,27,11.485714285714286,1859.142857142857,16.54285714285714,12.614285714285714,0.07142857142857142,275,Mace Head
2022,28,9.585714285714285,2019.2857142857142,18.914285714285715,13.614285714285714,0.3,275,Mace Head
2022,29,11.142857142857142,1472.857142857143,17.82857142857143,13.985714285714286,2.642857142857143,275,Mace Head
2022,30,10.071428571428571,1576.142857142857,17.814285714285713,12.9,2.0571428571428574,275,Mace Head
2022,31,14.957142857142857,1737.7142857142858,17.414285714285715,13.62857142857143,2.371428571428571,275,Mace Head
2022,32,5.642857142857143,2258.714285714286,21.17142857142857,14.685714285714285,0.028571428571428574,275,Mace Head
2022,33,14.342857142857143,1493.7142857142858,17.6,12.971428571428572,2.1,275,Mace Head
2022,34,11.357142857142858,1362.5714285714287,18.228571428571428,13.642857142857142,0.6,275,Mace Head
2022,35,9.171428571428573,1501.2857142857142,19.75714285714286,11.4,3.8857142857142857,275,Mace Head
2022,36,12.685714285714285,1217.0,18.942857142857143,13.528571428571428,1.9428571428571428,275,Mace Head
2022,37,7.457142857142857,1294.0,17.285714285714285,9.214285714285714,1.0714285714285714,275,Mace Head
2022,38,12.685714285714287,965.2857142857143,16.45714285714286,12.942857142857141,3.0,275,Mace Head
2022,39,16.928571428571427,905.4285714285714,15.185714285714285,11.357142857142858,3.4285714285714284,275,Mace Head
2022,40,20.585714285714285,679.2857142857143,15.342857142857142,11.5,8.214285714285714,275,Mace Head
2022,41,17.142857142857142,579.5714285714286,13.828571428571427,9.771428571428572,4.1571428571428575,275,Mace Head
2022,42,15.742857142857144,541.4285714285714,15.028571428571428,10.942857142857141,9.457142857142857,275,Mace Head
2022,43,18.214285714285715,545.2857142857143,15.057142857142859,11.799999999999999,5.6571428571428575,275,Mace Head
2022,44,19.414285714285715,357.14285714285717,12.771428571428572,9.028571428571428,8.842857142857143,275,Mace Head
2022,45,21.614285714285717,208.42857142857142,13.87142857142857,10.214285714285714,5.685714285714285,275,Mace Head
2022,46,15.528571428571428,364.7142857142857,11.228571428571428,6.6000000000000005,4.271428571428571,275,Mace Head
2022,47,23.857142857142858,234.42857142857142,11.285714285714286,7.828571428571428,8.528571428571428,275,Mace Head
2022,48,11.885714285714286,206.71428571428572,10.157142857142857,7.085714285714286,1.2,275,Mace Head
2022,49,7.442857142857143,356.14285714285717,6.7,0.8142857142857143,0.17142857142857143,275,Mace Head
2022,50,12.028571428571428,270.57142857142856,6.6000000000000005,0.7714285714285715,1.1857142857142857,275,Mace Head
2022,51,20.0,214.71428571428572,10.328571428571427,6.071428571428571,5.8428571428571425,275,Mace Head
2022,52,15.771428571428572,186.14285714285714,8.814285714285715,4.514285714285714,8.471428571428572,275,Mace Head
2023,1,22.099999999999998,195.57142857142858,10.142857142857142,6.571428571428571,4.971428571428571,275,Mace Head
2023,2,26.342857142857145,200.0,9.885714285714286,5.385714285714286,7.071428571428571,275,Mace Head
2023,3,10.285714285714286,282.7142857142857,7.457142857142857,2.642857142857143,2.8857142857142857,275,Mace Head
2023,4,9.299999999999999,281.7142857142857,9.385714285714286,6.3999999999999995,0.42857142857142855,275,Mace Head
2023,5,17.657142857142855,352.57142857142856,10.114285714285714,6.414285714285714,0.35714285714285715,275,Mace Head
2023,6,13.542857142857143,332.2857142857143,9.585714285714285,7.242857142857143,0.41428571428571426,275,Mace Head
2023,7,17.47142857142857,459.7142857142857,10.842857142857143,7.871428571428572,2.5714285714285716,275,Mace Head
2023,8,13.142857142857142,600.0,9.785714285714286,4.742857142857143,1.7857142857142858,275,Mace Head
2023,9,7.857142857142857,561.7142857142857,8.314285714285715,4.057142857142857,0.15714285714285717,275,Mace Head
2023,10,14.142857142857142,665.1428571428571,7.557142857142858,2.1714285714285713,4.114285714285715,275,Mace Head
2023,11,14.142857142857142,858.1428571428571,10.571428571428571,6.1571428571428575,8.042857142857143,275,Mace Head
2023,12,17.32857142857143,857.4285714285714,10.9,7.185714285714285,6.771428571428571,275,Mace Head
2023,13,13.942857142857145,1269.142857142857,12.042857142857143,6.828571428571428,2.542857142857143,275,Mace Head
2023,14,14.442857142857141,988.1428571428571,11.857142857142858,7.528571428571429,3.0,275,Mace Head
2023,15,16.214285714285715,1360.0,11.157142857142857,5.614285714285714,4.2,275,Mace Head
2023,16,13.714285714285714,1722.5714285714287,14.857142857142858,7.3,0.5,275,Mace Head
2023,17,10.12857142857143,1558.7142857142858,13.5,7.942857142857143,1.7428571428571427,275,Mace Head
2023,18,11.157142857142857,1424.7142857142858,14.971428571428572,10.285714285714286,2.8714285714285714,275,Mace Head
2023,19,14.385714285714284,1902.5714285714287,14.200000000000001,9.628571428571428,0.9857142857142858,275,Mace Head
2023,20,8.828571428571427,1814.2857142857142,14.528571428571428,9.657142857142857,0.5142857142857142,275,Mace Head
2023,21,9.171428571428573,2567.0,16.557142857142857,10.114285714285714,0.0,275,Mace Head
2023,22,8.614285714285714,3017.714285714286,22.271428571428572,11.171428571428573,0.0,275,Mace Head
2023,23,11.071428571428571,2056.5714285714284,21.857142857142858,12.714285714285714,0.7571428571428571,275,Mace Head
2023,24,6.671428571428572,2080.5714285714284,20.74285714285714,15.214285714285714,0.2714285714285714,275,Mace Head
2023,25,12.299999999999999,2158.5714285714284,19.614285714285717,14.1,4.5285714285714285,275,Mace Head
2023,26,19.02857142857143,1495.142857142857,17.157142857142855,13.242857142857144,2.4857142857142853,275,Mace Head
2023,27,16.82857142857143,1984.7142857142858,17.45714285714286,12.457142857142857,5.542857142857143,275,Mace Head
2023,28,14.1,1591.857142857143,17.014285714285712,12.942857142857141,2.414285714285714,275,Mace Head
2023,29,11.542857142857143,1534.7142857142858,17.5,13.214285714285714,3.1142857142857143,275,Mace Head
2023,30,16.04285714285714,1523.4285714285713,17.257142857142856,13.200000000000001,4.6000000000000005,275,Mace Head
2023,31,15.214285714285714,1556.5714285714287,17.042857142857144,13.200000000000001,4.171428571428572,275,Mace Head
2023,32,13.928571428571429,1393.2857142857142,18.5,14.12857142857143,2.414285714285714,275,Mace Head
2023,33,14.757142857142858,1521.857142857143,19.071428571428573,14.299999999999999,4.057142857142857,275,Mace Head
2023,34,16.428571428571427,1565.4285714285713,17.571428571428573,13.771428571428572,1.0714285714285714,275,Mace Head
2023,35,9.028571428571428,1125.2857142857142,17.37142857142857,12.9,1.9428571428571428,275,Mace Head
2023,36,8.642857142857142,1339.4285714285713,22.442857142857143,15.785714285714286,0.5285714285714286,275,Mace Head
2023,37,9.814285714285715,900.8571428571429,16.657142857142855,10.728571428571428,2.7285714285714286,275,Mace Head
2023,38,18.82857142857143,847.4285714285714,15.72857142857143,10.842857142857143,11.6,275,Mace Head
2023,39,20.014285714285712,840.5714285714286,16.071428571428573,13.0,7.1000000000000005,275,Mace Head
2023,40,16.642857142857142,602.5714285714286,16.157142857142855,13.728571428571428,3.857142857142857,275,Mace Head
2023,41,10.657142857142857,759.5714285714286,13.4,7.885714285714286,0.7285714285714286,275,Mace Head
2023,42,11.4,482.14285714285717,13.071428571428571,8.057142857142857,6.8,275,Mace Head
2023,43,11.271428571428572,534.7142857142857,13.4,8.342857142857143,6.042857142857143,275,Mace Head
2023,44,16.47142857142857,429.85714285714283,11.857142857142858,7.442857142857143,3.1285714285714286,275,Mace Head
2023,45,20.142857142857142,409.2857142857143,11.342857142857143,7.028571428571429,3.7142857142857144,275,Mace Head
2023,46,20.785714285714285,300.85714285714283,12.328571428571427,8.685714285714285,5.285714285714286,275,Mace Head
2023,47,14.657142857142858,219.71428571428572,11.357142857142858,8.671428571428573,0.6285714285714287,275,Mace Head
2023,48,7.114285714285714,315.0,7.471428571428572,2.1,0.42857142857142855,275,Mace Head
2023,49,20.771428571428572,207.0,9.842857142857143,5.985714285714286,6.8428571428571425,275,Mace Head
2023,50,17.4,129.85714285714286,11.057142857142859,8.77142857142857,3.885714285714286,275,Mace Head
2023,51,24.37142857142857,155.0,11.471428571428572,9.457142857142857,0.7857142857142857,275,Mace Head
2023,52,24.514285714285712,185.42857142857142,10.014285714285714,6.471428571428571,8.528571428571428,275,Mace Head
2024,1,13.271428571428572,240.0,9.285714285714286,5.5,3.814285714285714,275,Mace Head
2024,2,8.5,277.2857142857143,5.914285714285714,1.4428571428571428,0.17142857142857146,275,Mace Head
2024,3,15.985714285714286,267.2857142857143,7.985714285714286,2.5,2.957142857142857,275,Mace Head
2024,4,23.67142857142857,277.2857142857143,10.842857142857143,6.8,3.642857142857143,275,Mace Head
2024,5,16.0,322.42857142857144,10.185714285714285,6.928571428571429,0.3714285714285715,275,Mace Head
2024,6,15.185714285714285,408.42857142857144,8.871428571428572,4.6571428571428575,3.1,275,Mace Head
2024,7,12.757142857142856,444.85714285714283,10.5,8.171428571428573,4.4,275,Mace Head
2024,8,17.114285714285714,661.2857142857143,9.857142857142858,5.985714285714286,2.9714285714285715,275,Mace Head
2024,9,17.114285714285714,698.2857142857143,9.228571428571428,5.114285714285715,4.414285714285714,275,Mace Head
2024,10,17.914285714285715,697.2857142857143,10.242857142857144,5.757142857142857,0.6142857142857142,275,Mace Head
2024,11,12.114285714285714,731.8571428571429,11.299999999999999,6.385714285714286,5.928571428571429,275,Mace Head
2024,12,17.485714285714288,919.7142857142857,10.614285714285714,6.714285714285714,3.971428571428571,275,Mace Head
2024,13,12.142857142857142,1116.0,10.242857142857144,4.414285714285714,2.2142857142857144,275,Mace Head
2024,14,16.8,1247.142857142857,12.542857142857143,7.185714285714285,3.4,275,Mace Head
2024,15,19.0,1056.857142857143,11.414285714285715,8.528571428571428,3.6857142857142855,275,Mace Head
2024,16,14.200000000000001,1561.5714285714287,12.828571428571427,6.885714285714286,0.19999999999999998,275,Mace Head
2024,17,8.828571428571427,1939.5714285714287,13.87142857142857,5.985714285714286,0.8142857142857143,275,Mace Head
2024,18,8.357142857142858,1312.7142857142858,12.77142857142857,7.971428571428572,6.728571428571429,275,Mace Head
2024,19,6.985714285714286,1763.142857142857,16.4,9.742857142857144,0.042857142857142864,275,Mace Head
2024,20,9.828571428571427,1896.0,17.414285714285715,10.214285714285714,3.357142857142857,275,Mace Head
2024,21,11.085714285714285,1918.142857142857,15.085714285714285,9.942857142857145,0.9,275,Mace Head
2024,22,12.285714285714286,2004.4285714285713,15.014285714285714,10.042857142857143,0.9571428571428572,275,Mace Head
2024,23,14.771428571428572,2110.4285714285716,14.314285714285715,9.771428571428572,0.5,275,Mace Head
2024,24,12.314285714285715,2533.5714285714284,15.671428571428573,8.714285714285714,2.414285714285714,275,Mace Head
2024,25,12.957142857142857,1748.5714285714287,15.514285714285714,11.228571428571428,2.3285714285714287,275,Mace Head
2024,26,15.585714285714285,1624.4285714285713,16.04285714285714,11.114285714285714,1.457142857142857,275,Mace Head
2024,27,14.799999999999999,1953.4285714285713,15.328571428571427,11.114285714285714,0.8714285714285716,275,Mace Head
2024,28,9.442857142857141,2072.285714285714,18.37142857142857,11.299999999999999,0.0,275,Mace Head
2024,29,12.62857142857143,1592.857142857143,17.257142857142856,12.814285714285715,4.1,275,Mace Head
2024,30,11.4,1596.2857142857142,17.27142857142857,12.771428571428572,1.6714285714285715,275,Mace Head
2024,31,14.071428571428571,1249.4285714285713,17.514285714285712,13.485714285714286,3.5285714285714285,275,Mace Head
2024,32,16.714285714285715,1657.857142857143,18.114285714285714,13.785714285714286,2.4,275,Mace Head
2024,33,17.785714285714285,1547.142857142857,17.057142857142857,13.928571428571429,2.9571428571428577,275,Mace Head
2024,34,21.885714285714283,1090.2857142857142,16.071428571428573,12.328571428571427,7.728571428571429,275,Mace Head
2024,35,13.242857142857144,1557.142857142857,18.085714285714285,12.785714285714286,4.028571428571429,275,Mace Head
2024,36,11.885714285714286,1550.0,18.157142857142855,12.457142857142857,0.08571428571428573,275,Mace Head
2024,37,16.142857142857142,1085.2857142857142,15.042857142857143,10.414285714285715,1.1714285714285713,275,Mace Head
2024,38,7.642857142857143,1151.4285714285713,18.928571428571427,12.342857142857143,0.21428571428571427,275,Mace Head
2024,39,13.285714285714286,760.0,13.485714285714286,9.542857142857143,0.6285714285714287,275,Mace Head
2024,40,13.785714285714286,852.7142857142857,16.1,10.785714285714286,0.9714285714285714,275,Mace Head
2024,41,11.442857142857141,780.8571428571429,13.471428571428572,7.614285714285715,0.6142857142857144,275,Mace Head
2024,42,18.628571428571426,589.7142857142857,14.557142857142859,11.1,5.057142857142857,275,Mace Head
2024,43,16.742857142857144,351.0,14.285714285714286,10.085714285714285,6.171428571428572,275,Mace Head
2024,44,9.157142857142857,304.57142857142856,13.157142857142857,11.471428571428572,0.34285714285714286,275,Mace Head
2024,45,12.671428571428573,284.14285714285717,14.385714285714286,11.028571428571428,0.27142857142857146,275,Mace Head
2024,46,8.114285714285714,302.42857142857144,12.37142857142857,8.528571428571428,0.8571428571428571,275,Mace Head
2024,47,16.87142857142857,231.28571428571428,8.642857142857142,3.2142857142857144,9.985714285714286,275,Mace Head
2024,48,15.485714285714286,207.85714285714286,11.185714285714285,6.299999999999999,4.028571428571429,275,Mace Head
2024,49,18.32857142857143,183.42857142857142,10.928571428571429,5.614285714285714,4.085714285714286,275,Mace Head
2024,50,9.942857142857141,198.0,7.871428571428572,4.0285714285714285,0.08571428571428572,275,Mace Head
2024,51,23.071428571428573,169.28571428571428,11.014285714285714,6.742857142857142,3.085714285714286,275,Mace Head
2024,52,15.485714285714286,124.42857142857143,11.342857142857143,9.857142857142858,1.6,275,Mace Head
2025,1,15.028571428571428,182.85714285714286,7.914285714285714,3.4857142857142853,2.642857142857143,275,Mace Head
2025,2,11.728571428571428,225.14285714285714,7.257142857142857,1.7857142857142858,3.3857142857142857,275,Mace Head
2025,3,13.6,192.42857142857142,11.114285714285714,8.728571428571428,1.3,275,Mace Head
2025,4,18.185714285714287,274.85714285714283,9.328571428571427,3.914285714285714,4.714285714285714,275,Mace Head
2025,5,15.042857142857143,374.0,9.799999999999999,5.128571428571428,6.542857142857143,275,Mace Head
2025,6,15.328571428571427,497.14285714285717,8.557142857142857,3.457142857142857,2.8428571428571425,275,Mace Head
2025,7,15.885714285714284,301.57142857142856,7.957142857142857,4.5,3.357142857142857,275,Mace Head
2025,8,21.471428571428568,493.7142857142857,11.171428571428573,8.042857142857143,7.1571428571428575,275,Mace Head
2025,9,15.057142857142859,794.5714285714286,9.914285714285715,5.8428571428571425,2.757142857142857,275,Mace Head
2025,10,15.9,598.1428571428571,12.185714285714285,8.128571428571428,1.1428571428571428,275,Mace Head
2025,11,8.685714285714287,1104.857142857143,11.12857142857143,4.014285714285714,0.014285714285714287,275,Mace Head
2025,12,13.885714285714286,1261.7142857142858,12.485714285714286,5.885714285714286,0.8142857142857142,275,Mace Head
2025,13,14.085714285714285,811.4285714285714,11.357142857142858,7.185714285714285,1.4428571428571428,275,Mace Head
2025,14,14.6,1690.857142857143,17.0,8.085714285714285,0.042857142857142864,275,Mace Head
2025,15,8.3,1836.857142857143,15.114285714285714,7.3,0.5428571428571428,275,Mace Head
2025,16,11.671428571428573,1406.142857142857,11.62857142857143,5.514285714285714,3.1857142857142855,275,Mace Head
2025,17,12.62857142857143,1285.7142857142858,13.485714285714286,9.471428571428572,6.2,275,Mace Head
2025,18,9.5,2120.0,18.157142857142855,8.742857142857144,0.0,275,Mace Head
2025,19,7.114285714285714,2475.285714285714,15.557142857142859,8.814285714285715,0.1285714285714286,275,Mace Head
2025,20,8.700000000000001,2689.714285714286,21.32857142857143,11.071428571428571,0.0,275,Mace Head
2025,21,13.014285714285714,2013.0,17.342857142857145,10.799999999999999,2.5857142857142854,275,Mace Head
2025,22,16.571428571428573,1756.857142857143,15.442857142857141,11.5,5.685714285714285,275,Mace Head
2025,23,16.685714285714287,1793.857142857143,14.214285714285714,10.528571428571428,4.628571428571428,275,Mace Head
2025,24,11.828571428571427,1704.142857142857,16.814285714285713,12.742857142857144,3.2857142857142856,275,Mace Head
2025,25,12.728571428571428,2076.5714285714284,19.228571428571428,13.657142857142857,0.8857142857142856,275,Mace Head
2025,26,16.214285714285715,1246.7142857142858,16.914285714285715,13.342857142857143,2.2857142857142856,275,Mace Head
2025,27,15.428571428571429,1573.5714285714287,16.7,12.357142857142858,4.457142857142857,275,Mace Head
2025,28,9.62857142857143,2001.857142857143,20.2,14.1,0.5285714285714286,275,Mace Head
2025,29,13.4,1446.7142857142858,18.285714285714285,13.87142857142857,11.385714285714286,275,Mace Head
2025,30,12.114285714285714,1547.857142857143,18.142857142857142,13.5,0.35714285714285715,275,Mace Head
2025,31,11.571428571428571,1276.7142857142858,17.757142857142856,14.385714285714286,2.0142857142857142,275,Mace Head
2025,32,18.17142857142857,1587.142857142857,17.3,13.585714285714287,2.357142857142857,275,Mace Head
2025,33,7.571428571428571,1726.0,22.114285714285717,15.6,0.014285714285714287,275,Mace Head
2025,34,7.928571428571429,1143.4285714285713,19.97142857142857,13.957142857142857,0.4428571428571429,275,Mace Head
2025,35,21.957142857142856,1011.8571428571429,17.02857142857143,13.814285714285715,5.942857142857143,275,Mace Head
2025,36,16.728571428571428,1113.7142857142858,16.72857142857143,13.028571428571428,4.728571428571429,275,Mace Head
2025,37,21.185714285714287,1181.5714285714287,15.885714285714286,11.314285714285715,5.542857142857143,275,Mace Head
2025,38,18.285714285714285,900.5714285714286,15.6,11.242857142857144,4.3428571428571425,275,Mace Head
2025,39,12.157142857142857,1186.5714285714287,15.614285714285714,10.385714285714286,0.5428571428571429,275,Mace Head
2025,40,23.685714285714287,421.0,15.200000000000001,12.014285714285714,13.357142857142858,275,Mace Head
2025,41,12.642857142857142,439.0,13.471428571428572,11.142857142857142,0.34285714285714286,275,Mace Head
2025,42,10.957142857142857,331.42857142857144,13.942857142857141,11.157142857142857,1.8285714285714287,275,Mace Head
2025,43,18.785714285714285,580.0,12.671428571428573,9.042857142857143,2.4714285714285715,275,Mace Head
2025,44,22.62857142857143,412.14285714285717,12.885714285714286,8.042857142857143,5.785714285714286,275,Mace Head
2025,45,13.157142857142857,294.7142857142857,13.685714285714285,11.157142857142857,5.1571428571428575,275,Mace Head
2025,46,14.242857142857144,230.0,10.957142857142857,7.242857142857143,5.057142857142857,275,Mace Head
2025,47,15.314285714285715,309.2857142857143,9.542857142857143,4.3428571428571425,3.585714285714286,275,Mace Head
2025,48,17.9,277.2857142857143,11.214285714285714,6.3428571428571425,5.928571428571429,275,Mace Head
2025,49,18.614285714285717,132.42857142857142,10.799999999999999,7.6000000000000005,7.114285714285715,275,Mace Head
2025,50,22.885714285714283,135.28571428571428,12.1,8.928571428571429,6.271428571428571,275,Mace Head
2025,51,17.071428571428573,175.28571428571428,9.928571428571429,6.314285714285715,5.685714285714285,275,Mace Head
2025,52,10.671428571428573,201.85714285714286,7.785714285714286,4.0,0.1142857142857143,275,Mace Head
2026,1,9.071428571428571,180.28571428571428,6.571428571428571,3.4571428571428577,0.32857142857142857,275,Mace Head
2026,2,14.942857142857141,173.0,8.814285714285715,4.928571428571429,5.3428571428571425,275,Mace Head
2026,3,13.357142857142858,212.0,8.585714285714285,5.385714285714285,5.285714285714286,275,Mace Head
2026,4,11.085714285714285,210.85714285714286,8.071428571428571,3.4,4.0,275,Mace Head
2026,5,14.742857142857144,350.2857142857143,9.4,4.2,3.9142857142857146,275,Mace Head
2026,6,15.657142857142857,324.42857142857144,8.5,5.3428571428571425,0.4571428571428572,275,Mace Head
2026,7,13.814285714285715,378.14285714285717,9.414285714285715,4.828571428571428,3.857142857142857,275,Mace Head
2026,8,17.442857142857143,429.14285714285717,9.457142857142857,5.428571428571429,6.142857142857143,275,Mace Head
2026,9,15.057142857142859,432.14285714285717,10.714285714285714,7.0,4.914285714285714,275,Mace Head
2026,10,13.37142857142857,729.8571428571429,10.37142857142857,5.685714285714285,1.1285714285714286,275,Mace Head
2026,11,23.157142857142855,787.4285714285714,10.071428571428571,5.114285714285714,2.9285714285714284,275,Mace Head
2026,12,12.5,1034.5714285714287,12.671428571428573,6.6000000000000005,0.5857142857142856,275,Mace Head
2026,13,20.614285714285717,1003.4285714285714,10.271428571428572,5.557142857142857,5.214285714285714,275,Mace Head
2026,14,16.614285714285714,966.7142857142857,10.700000000000001,6.357142857142857,6.057142857142858,275,Mace Head
2026,15,19.62857142857143,1092.4285714285713,10.9,6.142857142857143,3.6285714285714286,275,Mace Head
2026,16,14.4,1574.2857142857142,12.228571428571428,7.5,5.457142857142857,275,Mace Head
2026,17,13.014285714285714,1720.7142857142858,15.957142857142857,8.842857142857143,0.21428571428571427,275,Mace Head
2026,18,9.414285714285715,1763.142857142857,15.5,9.257142857142856,0.7857142857142857,275,Mace Head
2026,19,10.385714285714286,1982.4285714285713,13.657142857142857,7.257142857142858,0.4428571428571429,275,Mace Head
2026,20,16.428571428571427,1753.5714285714287,12.757142857142856,8.371428571428572,1.3,275,Mace Head
2026,21,13.457142857142857,1224.857142857143,13.785714285714286,10.5,3.7714285714285714,275,Mace Head
2026,22,12.214285714285714,2002.7142857142858,19.75714285714286,13.0,1.4714285714285715,275,Mace Head
2026,23,18.642857142857142,1548.5714285714287,14.842857142857143,11.057142857142859,6.1571428571428575,275,Mace Head
2026,24,18.0,1902.7142857142858,15.400000000000002,10.642857142857142,2.157142857142857,275,Mace Head
2026,25,9.657142857142857,1884.857142857143,16.685714285714287,12.014285714285714,2.642857142857143,275,Mace Head
2026,26,11.414285714285715,1609.857142857143,21.928571428571427,14.5,0.6428571428571429,275,Mace Head
2026,27,15.928571428571429,1226.5714285714287,16.614285714285714,13.571428571428571,1.9714285714285713,275,Mace Head
2026,28,8.828571428571427,1917.857142857143,20.657142857142855,14.5,0.08571428571428572,275,Mace Head
2026,29,9.214285714285714,2700.8571428571427,24.457142857142856,14.557142857142859,0.0,275,Mace Head
2026,30,11.885714285714286,1988.857142857143,19.62857142857143,13.6,0.3857142857142857,275,Mace Head
2026,31,12.9,1357.4,17.84,13.940000000000001,0.9,275,Mace Head
