date,wdsp,hm,ddhm,hg,glorad,maxtp,mintp,rain,soil,cbl,pe,evap,station_no,station_name
2003-08-14,6.7,13.0,60.0,17.0,2432.0,19.2,9.0,0.0,,1020.2,,,275,Mace Head
2003-08-15,6.5,12.0,280.0,15.0,2284.0,19.3,11.2,0.0,,1018.7,,,275,Mace Head
2003-08-16,5.7,10.0,200.0,13.0,2084.0,19.4,11.0,0.0,,1015.6,,,275,Mace Head
2003-08-17,16.9,26.0,180.0,34.0,954.0,17.0,14.4,3.3,,1008.3,,,275,Mace Head
2003-08-18,18.5,23.0,270.0,28.0,1225.0,17.1,13.1,0.2,,1011.9,,,275,Mace Head
2003-08-19,15.1,22.0,260.0,26.0,1211.0,16.5,12.6,0.5,,1017.5,,,275,Mace Head
2003-08-20,13.9,22.0,210.0,28.0,1242.0,18.0,14.1,0.9,,1015.2,,,275,Mace Head
2003-08-21,20.6,27.0,220.0,34.0,446.0,17.2,14.7,0.4,,1009.0,,,275,Mace Head
2003-08-22,9.9,16.0,250.0,19.0,679.0,17.6,14.5,3.8,,1012.2,,,275,Mace Head
2003-08-23,7.0,14.0,230.0,18.0,982.0,20.1,16.2,1.0,,1017.3,,,275,Mace Head
2003-08-24,12.8,20.0,90.0,26.0,1648.0,26.1,16.9,0.0,,1017.6,,,275,Mace Head
2003-08-25,14.8,21.0,100.0,28.0,1074.0,21.3,14.7,0.2,,1016.2,,,275,Mace Head
2003-08-26,14.4,21.0,80.0,28.0,1144.0,19.8,13.9,0.0,,1014.6,,,275,Mace Head
2003-08-27,12.5,19.0,60.0,24.0,1919.0,21.0,12.9,0.0,,1012.7,,,275,Mace Head
2003-08-28,10.3,15.0,20.0,21.0,1331.0,17.5,10.1,0.0,,1009.8,,,275,Mace Head
2003-08-29,9.9,21.0,330.0,26.0,1931.0,18.1,11.4,0.2,,1015.2,,,275,Mace Head
2003-08-30,9.1,16.0,310.0,23.0,1741.0,17.4,10.0,0.2,,1020.4,,,275,Mace Head
2003-08-31,8.8,19.0,350.0,23.0,1137.0,17.1,11.1,0.0,,1022.8,,,275,Mace Head
2003-09-01,,12.0,290.0,15.0,,,,,,,,,275,Mace Head
2003-09-02,6.6,12.0,280.0,14.0,1726.0,18.2,12.5,0.0,,1026.5,,,275,Mace Head
2003-09-03,5.3,11.0,220.0,14.0,1357.0,18.0,13.4,0.2,,1026.2,,,275,Mace Head
2003-09-04,13.5,17.0,210.0,22.0,1168.0,17.8,14.8,0.2,,1019.5,,,275,Mace Head
2003-09-05,10.2,23.0,170.0,31.0,1196.0,17.5,11.7,10.8,,1012.8,,,275,Mace Head
2003-09-06,13.2,19.0,180.0,27.0,1766.0,16.9,11.8,3.4,,1012.0,,,275,Mace Head
2003-09-07,11.3,19.0,190.0,24.0,1256.0,16.1,9.9,12.2,,1007.3,,,275,Mace Head
2003-09-08,10.9,22.0,320.0,29.0,1667.0,16.4,9.3,0.3,,1010.8,,,275,Mace Head
2003-09-09,17.1,25.0,280.0,32.0,553.0,16.1,11.9,2.4,,1010.2,,,275,Mace Head
2003-09-10,14.1,26.0,290.0,33.0,900.0,17.5,13.3,1.9,,1010.5,,,275,Mace Head
2003-09-11,19.4,30.0,270.0,37.0,1461.0,16.9,14.1,1.7,,1017.0,,,275,Mace Head
2003-09-12,,20.0,150.0,27.0,,,,,,,,,275,Mace Head
2003-10-07,18.2,34.0,280.0,40.0,390.0,14.2,11.4,1.5,,1011.7,,,275,Mace Head
2003-10-08,20.8,24.0,270.0,31.0,692.0,15.5,13.2,0.4,,1017.7,,,275,Mace Head
2003-10-09,20.4,26.0,240.0,39.0,343.0,15.3,12.1,0.2,,1014.8,,,275,Mace Head
2003-10-10,10.3,18.0,280.0,21.0,841.0,14.6,12.2,0.5,,1015.7,,,275,Mace Head
2003-10-11,11.1,18.0,150.0,22.0,515.0,15.5,13.3,0.3,,1016.8,,,275,Mace Head
2003-10-12,12.6,19.0,160.0,26.0,194.0,14.8,12.6,0.0,,1013.8,,,275,Mace Head
2003-10-13,9.9,15.0,140.0,20.0,1029.0,17.0,10.8,0.1,,1013.6,,,275,Mace Head
2003-10-14,12.8,18.0,120.0,24.0,789.0,17.2,12.9,0.0,,1017.3,,,275,Mace Head
2003-10-15,13.5,19.0,90.0,25.0,384.0,14.1,8.7,0.0,,1021.6,,,275,Mace Head
2003-10-16,12.7,17.0,110.0,22.0,376.0,13.7,7.0,0.0,,1022.3,,,275,Mace Head
2003-10-17,14.8,23.0,100.0,28.0,1037.0,14.1,7.4,0.0,,1019.3,,,275,Mace Head
2003-10-18,12.9,23.0,80.0,29.0,793.0,13.2,6.2,0.0,,1016.1,,,275,Mace Head
2003-10-19,11.9,18.0,50.0,23.0,735.0,10.8,6.0,0.0,,1014.7,,,275,Mace Head
2003-10-20,8.9,18.0,60.0,24.0,932.0,10.9,2.7,0.9,,1015.7,,,275,Mace Head
2003-10-21,8.4,15.0,350.0,24.0,753.0,9.7,3.3,3.4,,1012.2,,,275,Mace Head
2003-10-22,10.6,20.0,20.0,27.0,970.0,9.6,1.7,0.0,,1013.9,,,275,Mace Head
2003-10-23,7.9,15.0,60.0,19.0,921.0,11.5,2.8,0.0,,1021.4,,,275,Mace Head
2003-10-24,7.7,20.0,340.0,24.0,842.0,11.2,3.7,0.1,,1027.2,,,275,Mace Head
2003-10-25,10.7,26.0,310.0,33.0,465.0,11.6,4.4,0.4,,1023.9,,,275,Mace Head
2003-10-26,6.3,17.0,330.0,25.0,718.0,12.0,5.9,0.8,,1018.2,,,275,Mace Head
2003-10-27,7.1,14.0,240.0,17.0,596.0,13.3,6.0,0.1,,1017.0,,,275,Mace Head
2003-10-28,12.1,19.0,260.0,25.0,399.0,12.7,9.8,0.9,,1005.6,,,275,Mace Head
2003-11-01,18.0,38.0,180.0,49.0,150.0,12.9,3.6,6.6,,988.2,,,275,Mace Head
2003-11-02,23.3,32.0,250.0,43.0,515.0,11.9,8.7,8.4,,976.1,,,275,Mace Head
2003-11-03,21.5,33.0,300.0,48.0,540.0,12.0,8.8,2.1,,993.4,,,275,Mace Head
2003-11-04,26.1,35.0,180.0,45.0,97.0,14.6,10.9,2.4,,1005.2,,,275,Mace Head
2003-11-05,22.9,34.0,270.0,42.0,71.0,13.9,11.6,7.6,,1000.8,,,275,Mace Head
2003-11-06,17.9,27.0,120.0,36.0,492.0,14.9,9.6,0.0,,1011.3,,,275,Mace Head
2003-11-07,16.5,25.0,140.0,31.0,192.0,16.0,9.0,0.0,,1014.2,,,275,Mace Head
2003-11-08,20.5,27.0,110.0,36.0,361.0,10.4,7.0,0.0,,1010.2,,,275,Mace Head
2003-11-09,20.3,25.0,100.0,37.0,351.0,13.2,6.7,10.6,,1002.0,,,275,Mace Head
2003-11-10,15.3,24.0,150.0,30.0,433.0,12.2,10.1,4.8,,1009.4,,,275,Mace Head
2003-11-11,19.1,28.0,150.0,35.0,77.0,12.3,10.2,13.6,,1003.7,,,275,Mace Head
2003-11-12,18.9,26.0,190.0,36.0,267.0,11.7,8.8,5.6,,1008.3,,,275,Mace Head
2003-11-13,17.6,28.0,80.0,39.0,138.0,11.8,8.7,10.5,,994.5,,,275,Mace Head
2003-11-14,30.0,47.0,300.0,60.0,176.0,11.7,8.9,4.0,,992.9,,,275,Mace Head
2003-11-15,12.7,21.0,290.0,27.0,298.0,10.1,7.6,2.2,,1012.2,,,275,Mace Head
2003-11-16,10.3,24.0,210.0,30.0,341.0,12.0,5.0,0.8,,1014.9,,,275,Mace Head
2003-11-17,16.6,24.0,250.0,30.0,134.0,13.0,11.8,1.2,,1012.3,,,275,Mace Head
2003-11-18,23.1,31.0,220.0,41.0,86.0,13.1,12.2,0.4,,1010.6,,,275,Mace Head
2003-11-19,11.5,32.0,210.0,42.0,147.0,12.9,9.4,3.2,,1010.5,,,275,Mace Head
2003-11-20,16.1,26.0,230.0,32.0,414.0,11.0,7.0,3.3,,1005.5,,,275,Mace Head
2003-11-21,10.5,21.0,240.0,28.0,315.0,10.3,5.4,2.1,,1002.9,,,275,Mace Head
2003-11-22,11.1,29.0,240.0,35.0,351.0,10.3,5.5,0.9,,1000.5,,,275,Mace Head
2003-11-23,10.4,21.0,320.0,27.0,445.0,10.3,5.6,0.0,,1005.5,,,275,Mace Head
2003-11-24,19.2,30.0,210.0,37.0,147.0,12.1,5.0,1.6,,1001.9,,,275,Mace Head
2003-11-25,18.7,30.0,270.0,40.0,168.0,10.4,5.7,7.5,,987.7,,,275,Mace Head
2003-11-26,17.4,31.0,270.0,37.0,332.0,8.7,4.7,0.7,,984.3,,,275,Mace Head
2003-11-27,15.8,28.0,300.0,38.0,259.0,9.4,4.5,0.3,,996.0,,,275,Mace Head
2003-11-28,18.3,27.0,200.0,33.0,167.0,11.7,7.7,10.4,,996.0,,,275,Mace Head
2003-11-29,16.4,27.0,260.0,39.0,338.0,10.1,6.4,11.3,,990.2,,,275,Mace Head
2003-11-30,12.1,28.0,230.0,39.0,303.0,8.5,2.8,2.1,,996.1,,,275,Mace Head
2003-12-01,10.1,22.0,340.0,28.0,450.0,8.6,1.2,0.0,,1007.9,,,275,Mace Head
2003-12-02,8.6,17.0,340.0,22.0,93.0,9.0,6.2,0.0,,1015.9,,,275,Mace Head
2003-12-03,7.3,15.0,340.0,19.0,355.0,10.7,4.8,0.0,,1025.5,,,275,Mace Head
2003-12-04,2.9,7.0,150.0,9.0,391.0,10.5,3.0,0.0,,1032.3,,,275,Mace Head
2003-12-05,3.3,8.0,90.0,9.0,318.0,10.4,4.4,0.0,,1030.4,,,275,Mace Head
2003-12-06,,18.0,80.0,25.0,,,,,,,,,275,Mace Head
2003-12-10,15.2,22.0,200.0,27.0,75.0,10.7,9.4,12.2,,1002.9,,,275,Mace Head
2003-12-11,8.1,22.0,120.0,30.0,246.0,10.3,4.1,0.5,,1004.9,,,275,Mace Head
2003-12-12,16.4,20.0,170.0,26.0,39.0,11.7,5.5,15.6,,1005.4,,,275,Mace Head
2003-12-13,24.8,37.0,290.0,48.0,189.0,10.9,7.1,0.8,,1006.9,,,275,Mace Head
2003-12-14,16.7,32.0,290.0,46.0,196.0,9.8,5.3,0.0,,1020.4,,,275,Mace Head
2003-12-15,10.5,19.0,150.0,25.0,220.0,8.5,3.5,0.0,,1024.6,,,275,Mace Head
2003-12-16,13.9,19.0,140.0,25.0,79.0,10.8,8.3,0.3,,1017.2,,,275,Mace Head
2003-12-17,12.8,17.0,150.0,22.0,231.0,10.5,9.1,0.0,,1012.5,,,275,Mace Head
2003-12-18,10.4,15.0,230.0,19.0,50.0,10.7,9.1,2.0,,1010.7,,,275,Mace Head
2003-12-19,7.3,13.0,170.0,17.0,92.0,10.0,7.7,1.7,,1011.2,,,275,Mace Head
2003-12-20,22.1,39.0,310.0,53.0,212.0,9.9,4.3,9.7,,1004.2,,,275,Mace Head
2003-12-21,19.7,31.0,320.0,44.0,247.0,8.4,2.3,3.0,,1019.8,,,275,Mace Head
2003-12-22,12.9,25.0,270.0,32.0,97.0,9.9,1.1,1.6,,1030.1,,,275,Mace Head
2003-12-23,18.4,24.0,260.0,32.0,100.0,10.5,9.2,0.5,,1024.2,,,275,Mace Head
2003-12-24,20.6,28.0,220.0,36.0,106.0,11.0,9.7,0.3,,1018.0,,,275,Mace Head
2003-12-25,18.7,28.0,220.0,36.0,,,,,,,,,275,Mace Head
2003-12-31,21.9,37.0,190.0,48.0,17.0,10.9,2.3,14.2,,1010.3,,,275,Mace Head
2004-01-01,23.9,35.0,310.0,51.0,153.0,9.6,7.2,0.4,,1010.8,,,275,Mace Head
2004-01-02,9.1,16.0,310.0,21.0,63.0,10.4,5.4,7.5,,1017.3,,,275,Mace Head
2004-01-03,6.4,15.0,310.0,18.0,227.0,9.7,3.8,0.0,,1017.2,,,275,Mace Head
2004-01-04,12.2,19.0,210.0,23.0,39.0,10.5,3.8,4.2,,1014.9,,,275,Mace Head
2004-01-05,18.3,25.0,190.0,33.0,183.0,11.1,8.4,2.1,,1007.1,,,275,Mace Head
2004-01-06,20.2,29.0,250.0,37.0,212.0,10.8,8.1,2.3,,1002.9,,,275,Mace Head
2004-01-07,20.3,30.0,150.0,39.0,65.0,11.0,7.6,25.5,,989.8,,,275,Mace Head
2004-01-08,19.8,32.0,260.0,40.0,222.0,9.4,7.1,1.7,,982.3,,,275,Mace Head
2004-01-09,25.3,42.0,260.0,57.0,267.0,10.6,5.3,3.3,,993.6,,,275,Mace Head
2004-01-10,21.3,35.0,240.0,47.0,230.0,11.6,8.5,4.2,,993.8,,,275,Mace Head
2004-01-11,32.4,47.0,250.0,64.0,232.0,9.1,3.8,2.4,,989.1,,,275,Mace Head
2004-01-12,23.8,41.0,240.0,54.0,302.0,9.3,5.5,11.3,,980.7,,,275,Mace Head
2004-01-13,26.2,39.0,270.0,54.0,249.0,8.4,4.4,3.8,,980.5,,,275,Mace Head
2004-01-14,21.6,38.0,280.0,52.0,147.0,7.6,1.6,11.8,,995.1,,,275,Mace Head
2004-01-15,23.6,41.0,290.0,55.0,197.0,10.0,5.8,24.5,,990.9,,,275,Mace Head
2004-01-16,13.5,25.0,300.0,34.0,352.0,8.9,3.6,0.3,,992.5,,,275,Mace Head
2004-01-17,5.2,12.0,310.0,15.0,461.0,8.1,1.2,0.0,,1008.8,,,275,Mace Head
2004-01-18,14.3,22.0,240.0,28.0,161.0,9.8,2.4,0.0,,1023.6,,,275,Mace Head
2004-01-19,18.0,26.0,270.0,32.0,118.0,10.2,8.9,0.1,,1020.2,,,275,Mace Head
2004-01-20,11.0,20.0,270.0,24.0,140.0,10.1,8.2,0.0,,1018.1,,,275,Mace Head
2004-01-21,14.1,23.0,190.0,30.0,146.0,10.2,8.8,0.6,,1011.7,,,275,Mace Head
2004-01-22,8.2,19.0,200.0,22.0,203.0,10.1,7.1,0.2,,1005.3,,,275,Mace Head
2004-01-23,16.6,27.0,270.0,36.0,187.0,10.2,6.8,4.6,,1007.0,,,275,Mace Head
2004-01-24,19.5,33.0,270.0,41.0,433.0,8.7,5.2,1.9,,1013.4,,,275,Mace Head
2004-01-25,5.7,19.0,280.0,26.0,268.0,6.7,0.4,0.6,,1009.8,,,275,Mace Head
2004-01-26,7.6,13.0,60.0,18.0,551.0,5.5,-0.3,0.0,,1008.8,,,275,Mace Head
2004-01-27,8.5,22.0,290.0,30.0,396.0,6.8,0.3,0.6,,1013.1,,,275,Mace Head
2004-01-28,13.5,26.0,300.0,37.0,289.0,7.9,0.6,0.5,,1011.2,,,275,Mace Head
2004-01-29,12.1,22.0,210.0,26.0,303.0,7.7,0.6,0.3,,1008.2,,,275,Mace Head
2004-01-30,15.9,27.0,240.0,33.0,144.0,9.9,6.0,8.2,,992.9,,,275,Mace Head
2004-01-31,15.0,31.0,290.0,38.0,300.0,10.1,6.8,16.6,,979.9,,,275,Mace Head
2004-02-01,21.3,35.0,210.0,49.0,228.0,10.1,7.7,11.0,,995.5,,,275,Mace Head
2004-02-02,22.1,33.0,180.0,42.0,93.0,11.4,8.7,14.2,,997.6,,,275,Mace Head
2004-02-03,23.0,37.0,190.0,47.0,440.0,12.3,9.4,1.6,,998.5,,,275,Mace Head
2004-02-04,18.7,25.0,210.0,31.0,159.0,11.3,8.8,2.3,,1004.0,,,275,Mace Head
2004-02-05,25.3,35.0,230.0,52.0,442.0,11.3,7.6,0.8,,1007.1,,,275,Mace Head
2004-02-06,20.4,31.0,240.0,39.0,299.0,9.1,6.9,1.0,,1006.2,,,275,Mace Head
2004-02-07,27.3,40.0,310.0,54.0,496.0,8.4,5.1,0.9,,1015.0,,,275,Mace Head
2004-02-08,11.1,28.0,320.0,38.0,663.0,8.9,4.3,0.0,,1025.6,,,275,Mace Head
2004-02-09,15.4,20.0,200.0,27.0,175.0,9.8,5.7,0.0,,1028.6,,,275,Mace Head
2004-02-10,14.6,22.0,210.0,28.0,366.0,10.4,9.1,0.1,,1026.7,,,275,Mace Head
2004-02-11,8.0,13.0,120.0,17.0,638.0,10.4,4.6,0.0,,1027.5,,,275,Mace Head
2004-02-12,8.9,15.0,180.0,18.0,303.0,9.5,4.4,1.9,,1026.0,,,275,Mace Head
2004-02-13,4.5,11.0,100.0,13.0,874.0,11.2,4.9,0.1,,1028.8,,,275,Mace Head
2004-02-14,7.5,11.0,100.0,13.0,374.0,8.8,4.7,0.0,,,,,275,Mace Head
2004-02-15,10.8,15.0,110.0,19.0,349.0,9.5,6.4,0.2,,,,,275,Mace Head
2004-02-16,11.1,18.0,350.0,24.0,678.0,10.3,5.2,0.1,,,,,275,Mace Head
2004-02-17,6.6,13.0,80.0,17.0,856.0,9.9,3.2,0.2,,,,,275,Mace Head
2004-02-18,9.3,15.0,150.0,19.0,900.0,9.1,1.9,0.0,,1031.1,,,275,Mace Head
2004-02-19,8.2,13.0,80.0,17.0,865.0,8.5,0.2,0.0,,1029.2,,,275,Mace Head
2004-02-20,9.9,16.0,70.0,22.0,925.0,7.3,1.5,0.0,,1023.4,,,275,Mace Head
2004-02-21,11.8,20.0,70.0,29.0,939.0,7.2,1.1,0.0,,1018.8,,,275,Mace Head
2004-02-22,12.3,23.0,30.0,30.0,842.0,7.5,0.4,0.0,,1024.3,,,275,Mace Head
2004-02-23,7.2,19.0,300.0,25.0,794.0,7.3,0.9,0.3,,1025.8,,,275,Mace Head
2004-02-24,11.8,19.0,320.0,25.0,444.0,9.3,3.2,1.0,,1018.7,,,275,Mace Head
2004-02-25,10.3,27.0,350.0,33.0,901.0,6.5,1.1,0.1,,1016.6,,,275,Mace Head
2004-02-26,15.7,35.0,350.0,48.0,817.0,5.6,0.2,2.0,,1011.1,,,275,Mace Head
2004-02-27,13.4,23.0,340.0,30.0,989.0,5.1,0.1,0.4,,1010.2,,,275,Mace Head
2004-02-28,5.0,12.0,340.0,15.0,951.0,7.3,-0.9,0.0,,1014.7,,,275,Mace Head
2004-02-29,8.3,17.0,160.0,23.0,1170.0,8.1,1.0,0.0,,1022.8,,,275,Mace Head
2004-03-01,16.1,22.0,140.0,29.0,1075.0,8.6,3.5,0.0,,1028.4,,,275,Mace Head
2004-03-02,22.0,29.0,150.0,37.0,202.0,8.1,5.1,2.4,,1020.1,,,275,Mace Head
2004-03-03,13.0,23.0,160.0,31.0,1062.0,10.9,7.7,6.8,,1011.5,,,275,Mace Head
2004-03-04,8.7,22.0,240.0,29.0,1066.0,10.4,5.9,2.0,,1014.5,,,275,Mace Head
2004-03-05,5.4,15.0,280.0,19.0,1284.0,10.3,2.4,0.2,,1019.8,,,275,Mace Head
2004-03-06,6.3,15.0,330.0,18.0,1143.0,10.5,2.9,0.2,,1024.8,,,275,Mace Head
2004-03-07,3.9,12.0,100.0,14.0,1040.0,10.7,3.1,0.0,,1028.1,,,275,Mace Head
2004-03-08,16.5,24.0,130.0,32.0,1216.0,9.2,1.8,0.0,,1029.4,,,275,Mace Head
2004-03-09,18.5,24.0,130.0,31.0,570.0,9.0,4.2,0.0,,1028.1,,,275,Mace Head
2004-03-10,20.5,31.0,120.0,40.0,861.0,8.1,1.6,0.0,,1017.6,,,275,Mace Head
2004-03-11,30.2,38.0,120.0,53.0,165.0,6.4,3.0,11.7,,998.9,,,275,Mace Head
2004-03-12,8.7,21.0,110.0,29.0,864.0,8.4,5.1,4.0,,994.3,,,275,Mace Head
2004-03-13,15.8,25.0,190.0,36.0,729.0,8.3,5.5,5.5,,996.6,,,275,Mace Head
2004-03-14,23.6,35.0,250.0,45.0,1098.0,10.3,7.5,5.4,,997.7,,,275,Mace Head
2004-03-15,19.2,30.0,210.0,37.0,422.0,10.9,9.3,5.0,,1006.6,,,275,Mace Head
2004-03-16,24.6,31.0,190.0,41.0,321.0,10.9,9.0,7.8,,1008.0,,,275,Mace Head
2004-03-17,15.9,24.0,230.0,30.0,1490.0,11.2,8.8,0.0,,1015.7,,,275,Mace Head
2004-03-18,21.3,32.0,180.0,43.0,1173.0,9.4,5.7,9.4,,1006.9,,,275,Mace Head
2004-03-19,22.9,40.0,230.0,53.0,1115.0,11.0,5.8,12.9,,995.2,,,275,Mace Head
2004-03-20,33.7,49.0,250.0,69.0,1135.0,11.2,4.9,2.9,,990.3,,,275,Mace Head
2004-03-21,30.5,41.0,260.0,52.0,936.0,10.0,5.2,2.4,,1001.6,,,275,Mace Head
2004-03-22,21.8,35.0,300.0,45.0,1306.0,8.9,3.7,3.1,,1015.5,,,275,Mace Head
2004-03-23,12.5,21.0,340.0,28.0,1391.0,10.2,4.0,0.0,,1024.5,,,275,Mace Head
2004-03-24,11.0,21.0,310.0,26.0,1224.0,10.2,3.1,0.0,,1030.2,,,275,Mace Head
2004-03-25,15.0,26.0,350.0,36.0,1531.0,12.2,6.2,0.1,,1026.1,,,275,Mace Head
2004-03-26,8.1,14.0,300.0,16.0,812.0,11.2,6.9,0.0,,1024.6,,,275,Mace Head
2004-03-27,8.8,19.0,250.0,23.0,1658.0,10.8,7.1,0.1,,1016.1,,,275,Mace Head
2004-03-28,10.2,19.0,280.0,23.0,1452.0,11.9,7.9,0.2,,1013.9,,,275,Mace Head
2004-03-29,3.7,10.0,140.0,14.0,1644.0,12.2,7.7,0.0,,1017.1,,,275,Mace Head
2004-03-30,13.3,20.0,120.0,26.0,1072.0,12.7,6.3,0.0,,1009.5,,,275,Mace Head
2004-03-31,14.6,22.0,100.0,30.0,1322.0,13.5,5.7,0.0,,1000.0,,,275,Mace Head
2004-04-01,14.3,21.0,110.0,26.0,743.0,13.1,7.2,1.4,,994.0,,,275,Mace Head
2004-04-02,13.8,23.0,190.0,29.0,1636.0,12.6,6.8,5.9,,993.0,,,275,Mace Head
2004-04-03,18.7,26.0,220.0,39.0,1334.0,9.9,6.0,11.6,,998.8,,,275,Mace Head
2004-04-04,24.3,34.0,270.0,44.0,1555.0,9.8,6.5,1.8,,1007.4,,,275,Mace Head
2004-04-05,25.3,32.0,270.0,44.0,1487.0,10.6,6.8,2.0,,1012.5,,,275,Mace Head
2004-04-06,21.6,31.0,310.0,45.0,1492.0,10.5,6.5,0.6,,1015.2,,,275,Mace Head
2004-04-07,12.3,21.0,340.0,25.0,1745.0,11.5,4.7,0.2,,1020.8,,,275,Mace Head
2004-04-08,9.5,21.0,340.0,25.0,764.0,10.7,3.7,0.0,,1021.8,,,275,Mace Head
2004-04-09,12.8,22.0,340.0,26.0,1821.0,14.1,8.4,0.1,,1020.3,,,275,Mace Head
2004-04-10,10.4,17.0,350.0,21.0,1354.0,13.6,8.4,0.0,,1020.2,,,275,Mace Head
2004-04-11,3.4,9.0,280.0,12.0,1014.0,11.6,7.7,0.0,,1022.2,,,275,Mace Head
2004-04-12,7.1,15.0,280.0,17.0,1754.0,12.5,8.5,0.0,,1025.8,,,275,Mace Head
2004-04-13,14.8,21.0,230.0,27.0,466.0,11.3,9.4,1.2,,1020.9,,,275,Mace Head
2004-04-14,17.9,32.0,180.0,42.0,673.0,11.7,7.3,9.5,,1007.5,,,275,Mace Head
2004-04-15,12.4,22.0,210.0,30.0,1903.0,9.9,4.3,5.5,,1004.8,,,275,Mace Head
2004-04-16,7.3,14.0,290.0,17.0,2116.0,11.0,3.0,0.0,,1006.9,,,275,Mace Head
2004-04-17,20.9,33.0,200.0,43.0,706.0,10.2,4.1,14.0,,992.5,,,275,Mace Head
2004-04-18,11.0,21.0,310.0,29.0,1543.0,8.3,2.1,4.4,,981.1,,,275,Mace Head
2004-04-19,16.8,25.0,290.0,32.0,2085.0,10.9,5.4,0.9,,985.1,,,275,Mace Head
2004-04-20,18.3,29.0,150.0,41.0,668.0,11.3,7.7,5.7,,984.6,,,275,Mace Head
2004-04-21,24.8,44.0,180.0,58.0,1565.0,12.0,8.7,6.5,,988.1,,,275,Mace Head
2004-04-22,15.8,26.0,250.0,33.0,2020.0,12.5,7.6,0.4,,1008.4,,,275,Mace Head
2004-04-23,16.2,23.0,190.0,29.0,502.0,11.9,10.4,0.4,,1016.3,,,275,Mace Head
2004-04-24,15.3,25.0,190.0,32.0,771.0,12.8,10.2,0.0,,1019.5,,,275,Mace Head
2004-04-25,8.1,13.0,190.0,17.0,1992.0,13.7,9.2,0.4,,1021.5,,,275,Mace Head
2004-04-26,13.0,19.0,300.0,23.0,1668.0,13.4,8.9,0.6,,1019.9,,,275,Mace Head
2004-04-27,16.3,26.0,340.0,33.0,2002.0,13.1,8.6,0.0,,1020.4,,,275,Mace Head
2004-04-28,17.3,26.0,340.0,33.0,1756.0,13.8,8.2,0.0,,1018.2,,,275,Mace Head
2004-04-29,19.6,31.0,350.0,40.0,2373.0,12.3,7.2,0.0,,1013.2,,,275,Mace Head
2004-04-30,15.0,24.0,340.0,30.0,861.0,13.2,7.3,0.0,,1009.2,,,275,Mace Head
2004-05-01,10.5,19.0,340.0,23.0,2478.0,17.0,7.6,0.0,,1008.8,,,275,Mace Head
2004-05-02,9.8,22.0,300.0,33.0,1838.0,13.5,6.1,0.0,,1007.7,,,275,Mace Head
2004-05-03,21.1,37.0,270.0,47.0,1868.0,12.1,7.1,6.4,,995.7,,,275,Mace Head
2004-05-04,33.1,43.0,300.0,58.0,1479.0,10.4,5.9,5.1,,979.0,,,275,Mace Head
2004-05-05,27.3,34.0,320.0,44.0,1826.0,10.6,5.9,1.5,,985.0,,,275,Mace Head
2004-05-06,22.1,28.0,300.0,36.0,1423.0,10.9,7.1,2.4,,994.5,,,275,Mace Head
2004-05-07,13.7,20.0,300.0,24.0,2363.0,12.5,7.3,0.8,,1004.9,,,275,Mace Head
2004-05-08,5.7,10.0,180.0,11.0,2359.0,13.2,8.0,0.0,,1008.0,,,275,Mace Head
2004-05-09,9.2,18.0,340.0,23.0,2464.0,16.0,8.0,0.0,,1010.7,,,275,Mace Head
2004-05-10,12.3,18.0,340.0,23.0,1245.0,13.7,10.1,0.0,,1016.7,,,275,Mace Head
2004-05-11,7.4,14.0,270.0,17.0,1672.0,13.9,9.9,0.0,,1021.2,,,275,Mace Head
2004-05-12,8.1,12.0,260.0,14.0,1633.0,12.2,9.5,0.0,,1023.2,,,275,Mace Head
2004-05-13,6.5,10.0,260.0,13.0,1551.0,13.8,10.7,0.0,,,,,275,Mace Head
2004-05-14,9.9,14.0,210.0,18.0,1420.0,14.2,11.5,0.2,,,,,275,Mace Head
2004-05-15,8.3,15.0,200.0,19.0,1556.0,13.8,11.2,0.0,,,,,275,Mace Head
2004-05-16,9.8,15.0,240.0,18.0,878.0,12.9,11.0,0.0,,,,,275,Mace Head
2004-05-17,10.2,16.0,300.0,21.0,2538.0,13.9,9.9,0.1,,,,,275,Mace Head
2004-05-18,12.1,17.0,250.0,22.0,2216.0,14.0,10.1,0.0,,,,,275,Mace Head
2004-05-19,10.9,16.0,230.0,20.0,2056.0,14.8,9.9,0.2,,,,,275,Mace Head
2004-05-20,12.5,21.0,350.0,27.0,2636.0,14.3,8.0,0.0,,,,,275,Mace Head
2004-05-21,11.1,18.0,350.0,24.0,2373.0,14.7,6.8,0.0,,1026.6,,,275,Mace Head
2004-05-22,8.0,17.0,60.0,22.0,2901.0,15.7,5.8,0.0,,1028.6,,,275,Mace Head
2004-05-23,6.1,11.0,280.0,12.0,2281.0,14.9,10.4,0.0,,1027.8,,,275,Mace Head
2004-05-24,5.7,12.0,340.0,14.0,2710.0,16.7,10.4,0.0,,1025.6,,,275,Mace Head
2004-05-25,7.1,12.0,90.0,16.0,2803.0,18.5,8.6,0.0,,1020.6,,,275,Mace Head
2004-05-26,6.7,12.0,110.0,14.0,2348.0,18.1,10.8,0.0,,1016.5,,,275,Mace Head
2004-05-27,15.5,22.0,120.0,32.0,1844.0,19.2,10.3,2.2,,1012.2,,,275,Mace Head
2004-05-28,19.8,27.0,150.0,35.0,2337.0,15.3,12.9,1.0,,1008.1,,,275,Mace Head
2004-05-29,18.2,24.0,200.0,29.0,2617.0,15.1,11.5,6.3,,1010.3,,,275,Mace Head
2004-05-30,10.0,20.0,210.0,24.0,2624.0,15.5,9.7,1.2,,1013.3,,,275,Mace Head
2004-05-31,13.9,24.0,100.0,31.0,894.0,14.2,9.6,1.0,,1010.1,,,275,Mace Head
2004-06-01,12.4,18.0,290.0,22.0,2790.0,16.2,11.4,0.0,,1018.9,,,275,Mace Head
2004-06-02,7.5,16.0,210.0,19.0,2250.0,15.5,9.7,0.0,,1026.3,,,275,Mace Head
2004-06-03,12.2,19.0,220.0,23.0,807.0,14.6,12.6,0.8,,1024.3,,,275,Mace Head
2004-06-04,11.6,18.0,260.0,20.0,1284.0,15.7,12.7,0.1,,1021.7,,,275,Mace Head
2004-06-05,9.5,13.0,260.0,16.0,1423.0,16.1,13.4,0.0,,1017.8,,,275,Mace Head
2004-06-06,6.7,11.0,240.0,14.0,1612.0,14.7,12.4,0.0,,1014.7,,,275,Mace Head
2004-06-07,9.3,16.0,110.0,21.0,1496.0,20.8,11.4,0.0,,1011.7,,,275,Mace Head
2004-06-08,7.4,17.0,170.0,21.0,1145.0,17.0,13.7,4.9,,1010.0,,,275,Mace Head
2004-06-09,16.1,21.0,220.0,28.0,2112.0,17.6,13.6,0.1,,1009.8,,,275,Mace Head
2004-06-10,22.3,29.0,240.0,35.0,2096.0,16.0,12.2,1.1,,1009.1,,,275,Mace Head
2004-06-11,21.3,26.0,270.0,32.0,2157.0,15.3,12.4,0.0,,1016.7,,,275,Mace Head
2004-06-12,10.2,16.0,280.0,20.0,2228.0,16.8,12.4,0.1,,1024.8,,,275,Mace Head
2004-06-13,9.5,14.0,250.0,17.0,1575.0,17.4,13.8,0.0,,1030.1,,,275,Mace Head
2004-06-14,13.2,17.0,270.0,21.0,2336.0,16.9,13.7,0.0,,1030.1,,,275,Mace Head
2004-06-15,11.4,16.0,260.0,18.0,838.0,15.0,12.9,0.0,,1025.6,,,275,Mace Head
2004-06-16,17.4,27.0,260.0,35.0,1835.0,17.2,12.2,0.0,,1017.8,,,275,Mace Head
2004-06-17,19.2,28.0,280.0,35.0,1664.0,15.4,11.1,0.5,,1013.4,,,275,Mace Head
2004-06-18,16.2,26.0,340.0,31.0,2367.0,15.7,10.4,0.4,,1012.8,,,275,Mace Head
2004-06-19,14.4,22.0,300.0,31.0,1997.0,15.2,9.4,0.5,,1011.8,,,275,Mace Head
2004-06-20,10.4,16.0,290.0,20.0,2398.0,15.5,9.0,0.9,,1007.5,,,275,Mace Head
2004-06-21,6.4,12.0,290.0,14.0,2773.0,16.1,8.3,0.0,,1006.3,,,275,Mace Head
2004-06-22,14.9,24.0,80.0,33.0,456.0,12.4,10.5,20.2,,997.4,,,275,Mace Head
2004-06-23,22.8,32.0,340.0,43.0,1884.0,14.6,11.5,5.2,,997.0,,,275,Mace Head
2004-06-24,15.7,22.0,300.0,32.0,2688.0,15.1,9.7,1.2,,1009.8,,,275,Mace Head
2004-06-25,12.8,27.0,120.0,41.0,2324.0,18.3,9.0,0.6,,1008.8,,,275,Mace Head
2004-06-26,20.9,31.0,110.0,42.0,2481.0,17.8,12.2,10.5,,1000.1,,,275,Mace Head
2004-06-27,17.3,23.0,250.0,30.0,2846.0,15.8,12.3,1.9,,1010.5,,,275,Mace Head
2004-06-28,17.1,26.0,220.0,33.0,1857.0,16.5,12.7,6.6,,1017.5,,,275,Mace Head
2004-06-29,19.9,27.0,190.0,35.0,944.0,15.9,13.5,2.7,,1012.4,,,275,Mace Head
2004-06-30,19.0,24.0,230.0,31.0,2168.0,15.4,11.4,1.6,,,,,275,Mace Head
2004-07-01,21.3,26.0,240.0,32.0,2059.0,16.0,11.1,1.0,,,,,275,Mace Head
2004-07-02,25.0,30.0,260.0,38.0,1633.0,14.5,12.0,3.9,,1001.9,,,275,Mace Head
2004-07-03,17.2,27.0,270.0,33.0,2587.0,15.6,12.3,0.2,,1007.6,,,275,Mace Head
2004-07-04,11.0,16.0,340.0,23.0,2555.0,16.9,11.1,3.1,,1013.7,,,275,Mace Head
2004-07-05,7.9,15.0,290.0,19.0,1934.0,15.9,9.4,1.7,,1018.8,,,275,Mace Head
2004-07-06,6.9,14.0,60.0,17.0,2547.0,16.5,11.9,0.0,,1018.4,,,275,Mace Head
2004-07-07,,16.0,30.0,21.0,,,,,,,,,275,Mace Head
2004-07-15,8.2,17.0,280.0,21.0,1045.0,15.5,12.3,0.4,,1011.4,,,275,Mace Head
2004-07-16,13.5,17.0,220.0,22.0,1868.0,16.8,12.3,0.5,,1008.3,,,275,Mace Head
2004-07-17,14.1,20.0,260.0,25.0,2437.0,16.5,12.2,0.2,,1007.4,,,275,Mace Head
2004-07-18,11.3,16.0,240.0,20.0,2312.0,16.6,12.6,0.1,,1010.7,,,275,Mace Head
2004-07-19,8.1,16.0,180.0,20.0,1606.0,17.3,12.5,7.7,,1008.2,,,275,Mace Head
2004-07-20,15.8,23.0,280.0,27.0,1088.0,17.3,12.8,5.4,,1002.0,,,275,Mace Head
2004-07-21,16.6,23.0,200.0,28.0,2128.0,16.7,13.1,0.6,,1005.5,,,275,Mace Head
2004-07-22,17.9,23.0,210.0,30.0,1855.0,16.8,13.3,0.8,,1010.6,,,275,Mace Head
2004-07-23,16.0,23.0,250.0,27.0,2034.0,16.6,13.1,0.0,,1018.2,,,275,Mace Head
2004-07-24,19.0,24.0,260.0,29.0,1469.0,16.4,12.4,0.0,,1022.2,,,275,Mace Head
2004-07-25,20.8,26.0,260.0,31.0,721.0,15.7,13.7,0.0,,1019.5,,,275,Mace Head
2004-07-26,12.0,19.0,280.0,22.0,773.0,15.4,14.0,0.0,,1018.0,,,275,Mace Head
2004-07-27,5.3,12.0,270.0,14.0,1796.0,16.7,11.8,0.1,,1017.6,,,275,Mace Head
2004-07-28,7.4,16.0,140.0,21.0,2055.0,19.7,11.5,0.0,,1011.7,,,275,Mace Head
2004-07-29,15.1,20.0,280.0,25.0,1766.0,16.7,13.7,7.5,,1009.7,,,275,Mace Head
2004-07-30,6.7,11.0,260.0,13.0,2087.0,17.7,13.5,0.0,,1017.2,,,275,Mace Head
2004-07-31,5.7,12.0,120.0,16.0,2567.0,20.2,14.3,0.0,,1018.1,,,275,Mace Head
2004-08-01,10.0,18.0,120.0,24.0,491.0,17.8,13.5,2.9,,1013.2,,,275,Mace Head
2004-08-02,9.7,15.0,120.0,20.0,1377.0,20.4,14.6,1.4,,1007.3,,,275,Mace Head
2004-08-03,12.3,17.0,290.0,21.0,1838.0,18.1,12.3,0.1,,1010.5,,,275,Mace Head
2004-08-04,6.6,13.0,270.0,15.0,2562.0,18.1,9.2,0.0,,1012.7,,,275,Mace Head
2004-08-05,14.0,22.0,140.0,29.0,1064.0,17.4,14.0,3.6,,1007.0,,,275,Mace Head
2004-08-06,9.5,21.0,270.0,25.0,1659.0,17.6,13.4,0.4,,1008.8,,,275,Mace Head
2004-08-07,15.0,26.0,110.0,35.0,1265.0,20.4,13.3,1.6,,1001.5,,,275,Mace Head
2004-08-08,23.7,33.0,120.0,44.0,1437.0,19.9,15.2,2.0,,990.9,,,275,Mace Head
2004-08-09,9.5,18.0,140.0,24.0,2428.0,20.5,13.6,0.0,,999.9,,,275,Mace Head
2004-08-10,9.1,16.0,100.0,21.0,1600.0,21.4,11.6,2.8,,1003.2,,,275,Mace Head
2004-08-11,11.4,18.0,80.0,26.0,1864.0,21.8,12.8,0.2,,1001.6,,,275,Mace Head
2004-08-12,8.3,16.0,340.0,21.0,708.0,18.2,14.5,4.8,,999.6,,,275,Mace Head
2004-08-13,5.1,12.0,250.0,14.0,2000.0,19.5,13.9,0.0,,1006.1,,,275,Mace Head
2004-08-14,7.1,14.0,140.0,20.0,1492.0,21.1,15.6,0.0,,1011.4,,,275,Mace Head
2004-08-15,13.7,20.0,200.0,25.0,1294.0,18.3,14.7,0.3,,1006.9,,,275,Mace Head
2004-08-16,8.9,14.0,120.0,18.0,1376.0,19.1,14.4,3.3,,998.6,,,275,Mace Head
2004-08-17,6.9,14.0,210.0,18.0,2199.0,18.0,12.3,2.0,,992.9,,,275,Mace Head
2004-08-18,9.0,19.0,300.0,23.0,2167.0,20.9,12.1,0.0,,990.2,,,275,Mace Head
2004-08-19,18.8,28.0,350.0,36.0,723.0,16.4,13.4,2.4,,996.8,,,275,Mace Head
2004-08-20,15.3,21.0,340.0,30.0,2040.0,16.8,12.3,0.0,,1009.3,,,275,Mace Head
2004-08-21,5.9,13.0,120.0,18.0,1178.0,16.2,10.3,0.0,,1014.3,,,275,Mace Head
2004-08-22,15.7,25.0,110.0,35.0,997.0,18.9,12.0,6.1,,1006.0,,,275,Mace Head
2004-08-23,9.4,18.0,290.0,22.0,1686.0,18.8,14.3,6.9,,1000.5,,,275,Mace Head
2004-08-24,12.2,23.0,290.0,28.0,1186.0,16.6,13.3,0.2,,1003.8,,,275,Mace Head
2004-08-25,16.7,22.0,300.0,28.0,1540.0,17.8,13.8,0.4,,,,,275,Mace Head
2004-08-26,20.3,30.0,220.0,39.0,397.0,16.2,14.2,7.2,,,,,275,Mace Head
2004-08-27,12.6,21.0,280.0,27.0,1635.0,16.7,13.1,0.3,,1008.0,,,275,Mace Head
2004-08-28,15.3,24.0,250.0,33.0,1243.0,16.1,11.7,0.8,,1007.5,,,275,Mace Head
2004-08-29,23.6,30.0,280.0,40.0,1622.0,15.9,12.9,1.3,,1007.7,,,275,Mace Head
2004-08-30,12.3,19.0,310.0,25.0,1918.0,17.4,10.6,0.0,,1016.8,,,275,Mace Head
2004-08-31,9.0,18.0,200.0,23.0,1875.0,16.8,10.0,0.0,,1015.8,,,275,Mace Head
2004-09-01,11.2,16.0,190.0,20.0,382.0,14.9,12.5,8.1,,1009.8,,,275,Mace Head
2004-09-02,13.3,24.0,180.0,33.0,1705.0,16.8,11.8,0.0,,1010.2,,,275,Mace Head
2004-09-03,20.3,28.0,180.0,36.0,302.0,16.3,14.8,2.0,,1012.1,,,275,Mace Head
2004-09-04,12.9,18.0,200.0,22.0,552.0,16.7,14.3,0.0,,1020.8,,,275,Mace Head
2004-09-05,4.0,11.0,110.0,14.0,739.0,18.3,14.5,1.1,,1026.0,,,275,Mace Head
2004-09-06,7.8,14.0,80.0,20.0,1309.0,22.3,15.7,0.0,,1028.7,,,275,Mace Head
2004-09-07,13.9,18.0,90.0,24.0,1537.0,22.2,14.0,0.0,,1030.0,,,275,Mace Head
2004-09-08,11.8,17.0,100.0,21.0,1785.0,21.9,12.6,0.0,,1026.8,,,275,Mace Head
2004-09-09,11.6,18.0,90.0,24.0,1679.0,22.7,14.2,0.0,,1017.2,,,275,Mace Head
2004-09-10,12.5,33.0,210.0,42.0,259.0,17.8,14.0,6.5,,1003.4,,,275,Mace Head
2004-09-11,29.1,38.0,230.0,47.0,1373.0,15.1,11.8,1.2,,1001.6,,,275,Mace Head
2004-09-12,26.9,34.0,200.0,48.0,229.0,15.6,11.2,14.6,,998.2,,,275,Mace Head
2004-09-13,33.7,42.0,240.0,55.0,978.0,14.5,9.9,7.6,,983.7,,,275,Mace Head
2004-09-14,23.2,42.0,310.0,55.0,1592.0,15.0,11.3,1.1,,997.2,,,275,Mace Head
2004-09-15,14.5,28.0,200.0,36.0,844.0,14.9,9.0,6.2,,1014.5,,,275,Mace Head
2004-09-16,24.9,35.0,180.0,46.0,632.0,15.6,13.8,9.4,,1006.8,,,275,Mace Head
2004-09-17,25.2,34.0,190.0,45.0,692.0,15.4,12.4,7.4,,999.5,,,275,Mace Head
2004-09-18,24.3,29.0,270.0,38.0,1295.0,14.5,11.0,0.6,,1001.7,,,275,Mace Head
2004-09-19,27.5,36.0,220.0,48.0,417.0,14.7,10.9,7.8,,1003.6,,,275,Mace Head
2004-09-20,32.7,37.0,270.0,50.0,778.0,14.5,11.0,0.8,,1004.7,,,275,Mace Head
2004-09-21,25.9,33.0,290.0,43.0,1047.0,14.5,11.4,0.1,,1016.0,,,275,Mace Head
2004-09-22,24.8,32.0,250.0,41.0,245.0,15.0,14.2,0.4,,1016.8,,,275,Mace Head
2004-09-23,16.1,28.0,270.0,37.0,1191.0,15.1,8.3,0.2,,1018.5,,,275,Mace Head
2004-09-24,6.9,17.0,240.0,20.0,691.0,14.1,7.9,0.0,,1023.3,,,275,Mace Head
2004-09-25,16.3,20.0,250.0,25.0,594.0,15.2,13.1,3.0,,1021.3,,,275,Mace Head
2004-09-26,20.0,26.0,230.0,33.0,461.0,15.0,13.6,0.4,,1020.1,,,275,Mace Head
2004-09-27,15.4,20.0,250.0,25.0,615.0,15.1,13.3,0.1,,1018.5,,,275,Mace Head
2004-09-28,9.0,20.0,240.0,25.0,406.0,14.6,12.3,1.0,,1014.7,,,275,Mace Head
2004-09-29,12.3,19.0,240.0,24.0,234.0,15.2,13.3,5.5,,1009.3,,,275,Mace Head
2004-09-30,14.1,21.0,300.0,26.0,854.0,14.8,11.4,0.1,,1012.2,,,275,Mace Head
2004-10-01,25.7,36.0,250.0,52.0,,14.4,9.1,8.2,,1005.9,,,275,Mace Head
2004-10-02,27.1,37.0,250.0,52.0,,14.4,8.6,4.8,,1003.3,,,275,Mace Head
2004-10-03,14.6,23.0,240.0,33.0,,12.5,9.0,10.2,,999.3,,,275,Mace Head
2004-10-04,26.5,37.0,230.0,47.0,,13.3,8.2,5.1,,994.3,,,275,Mace Head
2004-10-05,25.4,36.0,230.0,49.0,,13.4,9.8,0.9,,997.4,,,275,Mace Head
2004-10-06,19.3,32.0,290.0,44.0,,12.1,8.5,3.1,,1008.0,,,275,Mace Head
2004-10-07,10.1,20.0,330.0,25.0,,13.3,8.0,0.1,,1015.2,,,275,Mace Head
2004-10-08,9.3,15.0,50.0,20.0,,14.7,6.5,0.0,,1020.0,,,275,Mace Head
2004-10-09,14.4,20.0,70.0,27.0,,13.4,5.5,0.0,,1019.0,,,275,Mace Head
2004-10-10,13.4,18.0,70.0,24.0,,12.9,8.5,0.0,,1015.3,,,275,Mace Head
2004-10-11,6.8,13.0,90.0,16.0,,13.0,8.1,0.0,,1014.2,,,275,Mace Head
2004-10-12,9.7,17.0,130.0,22.0,,13.4,5.7,0.0,,1005.2,,,275,Mace Head
2004-10-13,11.7,24.0,310.0,31.0,,11.6,8.9,13.7,,994.4,,,275,Mace Head
2004-10-14,16.2,28.0,310.0,35.0,,11.6,7.6,1.7,,996.7,,,275,Mace Head
2004-10-15,13.4,21.0,310.0,27.0,,11.7,6.4,2.2,,997.8,,,275,Mace Head
2004-10-16,9.0,17.0,340.0,22.0,,14.1,6.9,0.6,,1002.5,,,275,Mace Head
2004-10-17,13.4,21.0,340.0,27.0,,12.4,8.6,0.0,,1007.8,,,275,Mace Head
2004-10-18,14.2,26.0,230.0,33.0,,11.5,5.0,19.6,,1001.7,,,275,Mace Head
2004-10-19,11.1,28.0,230.0,40.0,,8.4,4.4,8.4,,993.4,,,275,Mace Head
2004-10-20,6.6,12.0,110.0,16.0,,7.5,3.2,0.0,,990.6,,,275,Mace Head
2004-10-21,15.1,30.0,260.0,36.0,,10.4,2.5,12.6,,987.9,,,275,Mace Head
2004-10-22,9.2,20.0,250.0,23.0,,10.4,6.2,0.8,,993.8,,,275,Mace Head
2004-10-23,10.0,20.0,50.0,29.0,,12.3,5.9,3.2,,992.3,,,275,Mace Head
2004-10-24,15.3,29.0,310.0,39.0,,12.9,8.2,13.9,,985.1,,,275,Mace Head
2004-10-25,18.1,32.0,310.0,41.0,,11.4,8.8,1.1,,997.5,,,275,Mace Head
2004-10-26,15.0,23.0,160.0,31.0,,11.7,8.9,4.3,,999.7,,,275,Mace Head
2004-10-27,23.4,34.0,60.0,45.0,,11.0,9.2,4.0,,980.6,,,275,Mace Head
2004-10-28,21.6,31.0,60.0,42.0,,13.8,8.8,0.7,,972.8,,,275,Mace Head
2004-10-29,15.0,20.0,20.0,28.0,,13.8,10.4,0.8,,990.1,,,275,Mace Head
2004-10-30,13.7,21.0,350.0,27.0,,14.4,7.7,0.0,,1009.0,,,275,Mace Head
2004-10-31,3.4,8.0,280.0,10.0,,11.4,6.1,0.0,,1020.5,,,275,Mace Head
2004-11-01,8.1,17.0,120.0,23.0,262.0,11.5,8.9,0.0,,1019.8,,,275,Mace Head
2004-11-02,12.3,17.0,100.0,22.0,231.0,11.5,8.5,0.0,,1012.5,,,275,Mace Head
2004-11-03,13.4,24.0,270.0,32.0,370.0,12.1,8.1,2.4,,1008.7,,,275,Mace Head
2004-11-04,20.3,26.0,280.0,35.0,187.0,11.7,9.6,0.0,,1019.0,,,275,Mace Head
2004-11-05,15.6,20.0,250.0,24.0,349.0,12.4,10.7,0.0,,1027.9,,,275,Mace Head
2004-11-06,14.3,21.0,270.0,26.0,372.0,12.4,9.8,0.1,,1029.0,,,275,Mace Head
2004-11-07,13.2,18.0,310.0,22.0,141.0,11.9,9.9,0.9,,1025.9,,,275,Mace Head
2004-11-08,12.7,20.0,290.0,24.0,250.0,12.2,10.3,0.3,,1021.2,,,275,Mace Head
2004-11-09,22.6,34.0,300.0,46.0,405.0,11.5,9.1,0.5,,1019.8,,,275,Mace Head
2004-11-10,14.5,24.0,330.0,34.0,353.0,11.6,9.8,0.5,,1023.8,,,275,Mace Head
2004-11-11,14.5,20.0,270.0,24.0,237.0,11.9,10.8,0.5,,1024.0,,,275,Mace Head
2004-11-12,18.4,26.0,350.0,36.0,469.0,11.9,5.8,0.2,,1028.4,,,275,Mace Head
2004-11-13,4.1,14.0,340.0,17.0,345.0,9.2,4.4,0.0,,1037.9,,,275,Mace Head
2004-11-14,16.8,24.0,230.0,30.0,94.0,10.5,8.9,0.0,,1032.9,,,275,Mace Head
2004-11-15,18.2,25.0,250.0,32.0,427.0,12.1,9.6,0.3,,1026.2,,,275,Mace Head
2004-11-16,20.2,27.0,250.0,33.0,115.0,12.2,11.2,0.4,,1022.7,,,275,Mace Head
2004-11-17,21.0,27.0,250.0,35.0,85.0,11.8,9.4,2.6,,1019.6,,,275,Mace Head
2004-11-18,12.4,24.0,60.0,37.0,129.0,9.6,4.7,19.6,,1012.0,,,275,Mace Head
2004-11-19,11.9,26.0,310.0,30.0,178.0,6.7,1.1,2.2,,1020.8,,,275,Mace Head
2004-11-20,8.9,21.0,120.0,27.0,67.0,11.7,3.6,14.5,,1015.8,,,275,Mace Head
2004-11-21,18.9,24.0,210.0,30.0,128.0,12.0,11.4,2.5,,1011.0,,,275,Mace Head
2004-11-22,16.4,26.0,250.0,32.0,216.0,12.1,10.4,0.2,,1015.8,,,275,Mace Head
2004-11-23,11.2,18.0,190.0,22.0,164.0,12.2,10.2,0.4,,1021.7,,,275,Mace Head
2004-11-24,13.4,19.0,150.0,24.0,228.0,11.9,10.6,0.0,,1019.3,,,275,Mace Head
2004-11-25,12.7,21.0,170.0,25.0,42.0,11.5,9.2,1.6,,1013.6,,,275,Mace Head
2004-11-26,6.6,13.0,320.0,17.0,369.0,10.6,6.6,0.1,,1017.7,,,275,Mace Head
2004-11-27,14.9,25.0,240.0,33.0,113.0,11.4,7.5,3.0,,1017.3,,,275,Mace Head
2004-11-28,12.3,27.0,340.0,33.0,425.0,9.5,6.7,0.1,,1020.0,,,275,Mace Head
2004-11-29,13.8,26.0,170.0,33.0,154.0,9.8,6.2,0.7,,1012.9,,,275,Mace Head
2004-11-30,11.8,29.0,180.0,37.0,342.0,9.9,4.5,3.9,,1003.0,,,275,Mace Head
2004-12-01,4.4,8.0,100.0,11.0,199.0,7.1,2.7,0.1,,1009.2,,,275,Mace Head
2004-12-02,9.0,18.0,230.0,22.0,151.0,10.4,2.3,0.5,,1014.3,,,275,Mace Head
2004-12-03,14.1,18.0,250.0,24.0,167.0,11.2,10.2,0.1,,1018.3,,,275,Mace Head
2004-12-04,19.0,28.0,220.0,37.0,106.0,11.5,9.9,0.6,,1023.0,,,275,Mace Head
2004-12-05,14.9,27.0,200.0,33.0,150.0,11.4,9.0,1.1,,1022.4,,,275,Mace Head
2004-12-06,19.9,32.0,200.0,41.0,55.0,11.4,9.3,2.2,,1019.2,,,275,Mace Head
2004-12-07,11.2,22.0,170.0,28.0,113.0,10.4,4.7,0.0,,1022.3,,,275,Mace Head
2004-12-08,20.8,27.0,180.0,34.0,63.0,11.1,9.6,3.6,,1019.2,,,275,Mace Head
2004-12-09,18.4,25.0,170.0,32.0,83.0,11.4,8.9,5.9,,1014.0,,,275,Mace Head
2004-12-10,8.6,23.0,170.0,29.0,341.0,10.5,4.8,9.7,,1014.4,,,275,Mace Head
2004-12-11,11.3,18.0,140.0,23.0,72.0,10.9,5.1,1.5,,1019.3,,,275,Mace Head
2004-12-12,12.9,18.0,150.0,25.0,86.0,10.2,8.9,0.0,,1019.8,,,275,Mace Head
2004-12-13,19.9,29.0,200.0,36.0,115.0,11.5,8.9,0.8,,1016.0,,,275,Mace Head
2004-12-14,28.9,34.0,210.0,45.0,20.0,12.0,9.7,9.9,,1008.8,,,275,Mace Head
2004-12-15,16.4,34.0,210.0,43.0,227.0,10.4,8.2,2.7,,1007.2,,,275,Mace Head
2004-12-16,32.4,43.0,280.0,57.0,186.0,10.5,7.1,6.0,,998.7,,,275,Mace Head
2004-12-17,24.0,37.0,300.0,51.0,262.0,9.0,6.2,7.4,,999.5,,,275,Mace Head
2004-12-18,17.1,30.0,270.0,40.0,31.0,8.8,2.3,11.7,,1002.0,,,275,Mace Head
2004-12-19,14.2,25.0,70.0,34.0,321.0,8.2,2.4,0.0,,1007.6,,,275,Mace Head
2004-12-20,22.9,34.0,300.0,49.0,198.0,9.4,6.1,3.4,,1016.5,,,275,Mace Head
2004-12-21,18.6,32.0,240.0,39.0,172.0,10.1,6.5,5.4,,1020.7,,,275,Mace Head
2004-12-22,28.6,34.0,260.0,43.0,100.0,11.5,10.1,1.4,,1012.7,,,275,Mace Head
2004-12-23,29.2,41.0,270.0,50.0,59.0,11.7,7.9,1.6,,1007.1,,,275,Mace Head
2004-12-24,26.8,39.0,300.0,51.0,149.0,9.5,2.9,4.9,,996.8,,,275,Mace Head
2004-12-25,24.5,39.0,310.0,51.0,93.0,6.8,1.0,7.8,,999.9,,,275,Mace Head
2004-12-26,14.2,30.0,330.0,40.0,246.0,9.5,3.7,0.6,,1014.2,,,275,Mace Head
2004-12-27,24.6,38.0,280.0,51.0,37.0,10.6,4.8,3.7,,1008.1,,,275,Mace Head
2004-12-28,27.2,38.0,300.0,51.0,254.0,8.7,4.4,1.3,,1011.0,,,275,Mace Head
2004-12-29,18.6,23.0,210.0,28.0,106.0,11.4,8.6,1.1,,1018.5,,,275,Mace Head
2004-12-30,20.4,27.0,220.0,35.0,58.0,11.6,7.9,4.0,,1017.0,,,275,Mace Head
2004-12-31,15.7,24.0,240.0,33.0,182.0,10.4,6.0,0.5,,1018.0,,,275,Mace Head
2005-01-01,31.4,49.0,280.0,67.0,169.0,10.5,3.0,6.4,,1007.7,,,275,Mace Head
2005-01-02,26.5,37.0,290.0,55.0,252.0,9.9,3.5,2.9,,1020.9,,,275,Mace Head
2005-01-03,25.0,38.0,200.0,48.0,95.0,11.1,9.0,0.0,,1017.2,,,275,Mace Head
2005-01-04,28.3,42.0,200.0,53.0,264.0,11.4,5.7,2.7,,1009.9,,,275,Mace Head
2005-01-05,27.2,40.0,200.0,48.0,172.0,10.0,7.2,8.2,,1011.0,,,275,Mace Head
2005-01-06,28.4,38.0,200.0,47.0,62.0,11.3,8.3,4.2,,1009.8,,,275,Mace Head
2005-01-07,16.6,37.0,210.0,48.0,51.0,11.5,8.0,23.3,,991.8,,,275,Mace Head
2005-01-08,35.5,55.0,250.0,73.0,304.0,9.4,2.9,3.2,,992.3,,,275,Mace Head
2005-01-09,28.5,42.0,210.0,57.0,38.0,12.1,9.0,5.5,,996.7,,,275,Mace Head
2005-01-10,24.3,40.0,250.0,54.0,277.0,11.1,8.1,0.1,,996.1,,,275,Mace Head
2005-01-11,36.3,54.0,230.0,69.0,229.0,10.7,3.8,7.4,,993.5,,,275,Mace Head
2005-01-12,29.2,50.0,250.0,68.0,349.0,8.6,4.5,2.4,,1010.5,,,275,Mace Head
2005-01-13,16.0,27.0,140.0,36.0,372.0,9.2,6.0,0.5,,1017.1,,,275,Mace Head
2005-01-14,16.0,25.0,130.0,33.0,50.0,11.3,8.7,19.7,,1006.5,,,275,Mace Head
2005-01-15,10.0,21.0,200.0,29.0,174.0,10.4,7.1,24.2,,1005.3,,,275,Mace Head
2005-01-16,15.9,27.0,220.0,37.0,234.0,9.9,6.5,1.0,,1007.8,,,275,Mace Head
2005-01-17,16.8,40.0,270.0,55.0,254.0,8.8,1.5,4.0,,997.9,,,275,Mace Head
2005-01-18,0.2,0.0,280.0,1.0,206.0,8.1,1.3,1.8,,998.6,,,275,Mace Head
2005-01-19,0.1,0.0,280.0,0.0,72.0,11.0,7.1,2.9,,1009.9,,,275,Mace Head
2005-01-20,0.1,0.0,260.0,0.0,93.0,10.9,7.9,0.8,,1012.0,,,275,Mace Head
2005-01-21,0.1,0.0,300.0,0.0,75.0,10.5,4.8,9.5,,1014.8,,,275,Mace Head
2005-01-22,0.1,0.0,80.0,0.0,209.0,9.7,1.9,6.7,,1019.1,,,275,Mace Head
2005-01-23,0.1,0.0,40.0,0.0,558.0,6.3,-0.6,0.1,,1032.6,,,275,Mace Head
2005-01-24,0.1,0.0,310.0,0.0,323.0,8.4,4.6,0.0,,1038.4,,,275,Mace Head
2005-01-25,0.1,0.0,340.0,0.0,231.0,9.8,5.6,0.0,,1037.7,,,275,Mace Head
2005-01-26,0.1,0.0,320.0,0.0,321.0,10.8,7.1,0.0,,1037.1,,,275,Mace Head
2005-01-27,3.1,16.0,350.0,21.0,387.0,9.8,6.3,0.0,,1034.2,,,275,Mace Head
2005-01-28,19.3,32.0,350.0,43.0,591.0,9.1,6.7,0.0,,1029.9,,,275,Mace Head
2005-01-29,6.9,15.0,340.0,21.0,305.0,10.1,6.0,0.0,,1031.8,,,275,Mace Head
2005-01-30,11.7,16.0,300.0,21.0,203.0,8.1,6.9,0.0,,1036.3,,,275,Mace Head
2005-01-31,11.7,18.0,310.0,21.0,325.0,10.1,6.9,0.0,,1038.8,,,275,Mace Head
2005-02-01,9.8,13.0,330.0,19.0,333.0,8.6,5.8,0.0,,1039.4,,,275,Mace Head
2005-02-02,7.7,13.0,270.0,15.0,445.0,10.6,5.6,0.0,,1038.7,,,275,Mace Head
2005-02-03,16.6,23.0,200.0,27.0,274.0,9.2,7.4,0.1,,1031.9,,,275,Mace Head
2005-02-04,18.6,31.0,190.0,41.0,126.0,9.4,4.7,8.9,,1019.2,,,275,Mace Head
2005-02-05,8.9,18.0,310.0,34.0,647.0,7.2,1.6,0.5,,1015.3,,,275,Mace Head
2005-02-06,9.6,20.0,340.0,25.0,525.0,8.2,0.9,0.0,,1020.3,,,275,Mace Head
2005-02-07,17.1,29.0,210.0,38.0,222.0,7.8,1.4,9.3,,1014.3,,,275,Mace Head
2005-02-08,14.6,24.0,230.0,32.0,531.0,9.4,4.9,0.6,,1014.2,,,275,Mace Head
2005-02-09,22.7,32.0,230.0,39.0,175.0,9.9,8.0,6.0,,1014.2,,,275,Mace Head
2005-02-10,10.0,24.0,270.0,29.0,602.0,9.6,6.0,0.1,,1015.5,,,275,Mace Head
2005-02-11,17.3,29.0,240.0,35.0,123.0,10.6,5.0,7.3,,1010.0,,,275,Mace Head
2005-02-12,29.2,38.0,290.0,53.0,635.0,10.5,6.3,0.6,,1010.4,,,275,Mace Head
2005-02-13,26.4,40.0,310.0,54.0,755.0,8.0,5.3,0.9,,1022.8,,,275,Mace Head
2005-02-14,7.9,18.0,310.0,23.0,237.0,7.7,5.7,1.0,,1027.2,,,275,Mace Head
2005-02-15,4.6,8.0,110.0,11.0,329.0,7.5,5.8,0.0,,1026.4,,,275,Mace Head
2005-02-16,10.0,18.0,260.0,22.0,338.0,9.3,6.9,1.0,,1026.5,,,275,Mace Head
2005-02-17,8.4,15.0,280.0,19.0,563.0,9.2,6.8,0.1,,1028.0,,,275,Mace Head
2005-02-18,16.2,22.0,330.0,32.0,544.0,9.7,7.4,1.3,,1025.2,,,275,Mace Head
2005-02-19,14.0,21.0,320.0,29.0,420.0,8.8,6.5,0.0,,1025.9,,,275,Mace Head
2005-02-20,10.5,21.0,340.0,29.0,424.0,7.6,3.6,0.6,,1023.6,,,275,Mace Head
2005-02-21,13.2,28.0,340.0,36.0,528.0,9.9,1.3,3.4,,1015.3,,,275,Mace Head
2005-02-22,13.7,21.0,70.0,30.0,855.0,6.6,0.2,0.0,,1019.8,,,275,Mace Head
2005-02-23,9.1,17.0,70.0,22.0,864.0,5.7,-1.4,0.0,,1019.2,,,275,Mace Head
2005-02-24,11.3,17.0,50.0,23.0,830.0,5.4,-1.2,0.0,,1021.7,,,275,Mace Head
2005-02-25,10.3,17.0,50.0,22.0,723.0,7.4,1.1,0.0,,1023.0,,,275,Mace Head
2005-02-26,6.8,13.0,40.0,16.0,512.0,8.6,1.9,0.0,,1024.7,,,275,Mace Head
2005-02-27,5.6,12.0,50.0,17.0,604.0,8.1,3.7,0.0,,1028.6,,,275,Mace Head
2005-02-28,8.5,22.0,290.0,27.0,854.0,8.5,2.3,0.6,,1019.8,,,275,Mace Head
2005-03-01,14.2,23.0,320.0,33.0,909.0,7.5,2.8,4.1,,1006.2,,,275,Mace Head
2005-03-02,16.4,26.0,10.0,37.0,1080.0,6.9,1.6,0.2,,1012.0,,,275,Mace Head
2005-03-03,8.9,21.0,310.0,25.0,740.0,8.2,1.6,0.0,,1020.7,,,275,Mace Head
2005-03-04,18.6,26.0,300.0,34.0,616.0,9.5,6.9,0.4,,1018.9,,,275,Mace Head
2005-03-05,15.9,25.0,340.0,33.0,1153.0,9.6,3.3,1.4,,1022.1,,,275,Mace Head
2005-03-06,5.2,9.0,280.0,12.0,1314.0,8.2,1.2,0.0,,1028.9,,,275,Mace Head
2005-03-07,6.2,17.0,340.0,20.0,1104.0,10.0,2.5,0.0,,1032.2,,,275,Mace Head
2005-03-08,4.3,9.0,350.0,12.0,629.0,8.8,2.7,0.0,,1033.8,,,275,Mace Head
2005-03-09,4.0,9.0,50.0,13.0,709.0,9.2,4.7,0.1,,1034.8,,,275,Mace Head
2005-03-10,8.3,17.0,280.0,21.0,1109.0,10.8,5.1,0.1,,1029.8,,,275,Mace Head
2005-03-11,18.3,24.0,300.0,31.0,781.0,9.2,5.9,0.7,,1020.0,,,275,Mace Head
2005-03-12,11.1,20.0,340.0,28.0,888.0,8.2,2.8,0.1,,1014.8,,,275,Mace Head
2005-03-13,5.0,16.0,200.0,18.0,916.0,7.5,2.1,0.7,,1009.7,,,275,Mace Head
2005-03-14,16.7,23.0,150.0,30.0,204.0,9.9,5.1,12.5,,1000.7,,,275,Mace Head
2005-03-15,23.7,29.0,180.0,38.0,278.0,11.1,9.2,4.1,,997.3,,,275,Mace Head
2005-03-16,24.8,32.0,200.0,40.0,733.0,11.5,10.3,4.0,,1001.0,,,275,Mace Head
2005-03-17,22.4,27.0,210.0,34.0,421.0,11.1,10.0,1.7,,1012.3,,,275,Mace Head
2005-03-18,9.7,24.0,210.0,30.0,772.0,13.2,7.5,0.0,,1020.2,,,275,Mace Head
2005-03-19,15.3,23.0,110.0,30.0,1418.0,18.0,8.1,0.0,,1016.1,,,275,Mace Head
2005-03-20,17.8,25.0,100.0,32.0,503.0,13.9,9.5,1.4,,1006.8,,,275,Mace Head
2005-03-21,11.3,18.0,70.0,24.0,595.0,12.3,8.4,3.7,,993.3,,,275,Mace Head
2005-03-22,18.6,25.0,190.0,32.0,955.0,11.9,9.9,0.4,,988.6,,,275,Mace Head
2005-03-23,17.4,25.0,120.0,35.0,882.0,13.7,8.9,0.3,,997.6,,,275,Mace Head
2005-03-24,16.2,24.0,120.0,30.0,996.0,13.2,9.6,2.9,,999.7,,,275,Mace Head
2005-03-25,12.3,19.0,120.0,25.0,1598.0,16.0,8.6,0.0,,1007.5,,,275,Mace Head
2005-03-26,13.0,23.0,90.0,29.0,1717.0,14.5,6.9,0.0,,1006.7,,,275,Mace Head
2005-03-27,11.0,18.0,80.0,23.0,523.0,10.7,6.9,0.0,,1007.0,,,275,Mace Head
2005-03-28,6.4,10.0,70.0,14.0,955.0,12.3,4.9,0.9,,1007.7,,,275,Mace Head
2005-03-29,6.4,9.0,70.0,12.0,1143.0,11.7,7.2,8.5,,1009.1,,,275,Mace Head
2005-03-30,6.4,11.0,270.0,13.0,1767.0,12.3,7.2,0.0,,1015.4,,,275,Mace Head
2005-03-31,15.9,24.0,140.0,31.0,684.0,10.6,6.1,9.4,,1015.0,,,275,Mace Head
2005-04-01,7.7,20.0,160.0,26.0,907.0,11.7,9.2,2.8,,1013.2,,,275,Mace Head
2005-04-02,8.6,16.0,130.0,21.0,1593.0,15.1,7.9,0.0,,1012.7,,,275,Mace Head
2005-04-03,13.7,23.0,250.0,28.0,1396.0,10.9,6.9,0.3,,1011.2,,,275,Mace Head
2005-04-13,13.1,21.0,230.0,27.0,1298.0,9.0,5.1,8.6,,1003.9,,,275,Mace Head
2005-04-14,17.2,32.0,340.0,41.0,1524.0,11.2,4.9,1.4,,1003.4,,,275,Mace Head
2005-04-15,15.5,25.0,340.0,30.0,1469.0,11.3,5.4,0.0,,1012.5,,,275,Mace Head
2005-04-16,7.8,24.0,130.0,32.0,1808.0,9.3,2.5,0.2,,1005.5,,,275,Mace Head
2005-04-17,19.0,31.0,140.0,41.0,1140.0,10.7,6.4,16.9,,989.2,,,275,Mace Head
2005-04-18,11.2,20.0,280.0,26.0,2314.0,10.9,5.9,0.0,,992.4,,,275,Mace Head
2005-04-19,7.1,18.0,350.0,23.0,2005.0,12.4,4.0,0.6,,1004.3,,,275,Mace Head
2005-04-20,11.3,18.0,80.0,23.0,1979.0,14.5,4.3,0.0,,1013.1,,,275,Mace Head
2005-04-21,12.7,20.0,120.0,27.0,2292.0,14.6,3.5,0.0,,1011.5,,,275,Mace Head
2005-04-22,18.9,24.0,90.0,32.0,461.0,10.8,7.7,2.4,,1004.2,,,275,Mace Head
2005-04-23,10.1,16.0,70.0,21.0,1026.0,14.3,8.4,0.0,,1004.4,,,275,Mace Head
2005-04-24,7.0,14.0,70.0,18.0,2190.0,15.3,9.0,0.3,,1006.7,,,275,Mace Head
2005-04-25,7.4,15.0,110.0,23.0,1662.0,16.7,8.4,5.7,,1003.8,,,275,Mace Head
2005-04-26,12.7,21.0,190.0,27.0,1509.0,12.2,7.9,4.9,,999.3,,,275,Mace Head
2005-04-27,15.2,25.0,200.0,31.0,1671.0,12.0,6.9,9.5,,1000.2,,,275,Mace Head
2005-04-28,21.2,34.0,210.0,43.0,2134.0,12.3,9.4,11.0,,996.4,,,275,Mace Head
2005-04-29,10.5,15.0,200.0,19.0,2487.0,12.9,9.2,0.0,,1010.0,,,275,Mace Head
2005-04-30,9.9,18.0,80.0,24.0,900.0,13.6,8.7,3.7,,1005.8,,,275,Mace Head
2005-05-01,14.8,25.0,180.0,31.0,962.0,14.7,10.9,5.2,,997.4,,,275,Mace Head
2005-05-02,11.7,21.0,180.0,26.0,1629.0,13.4,10.5,5.5,,999.0,,,275,Mace Head
2005-05-03,17.9,25.0,320.0,33.0,1095.0,11.9,8.8,0.0,,1011.4,,,275,Mace Head
2005-05-04,14.4,21.0,340.0,26.0,2371.0,13.6,8.3,0.0,,1024.0,,,275,Mace Head
2005-05-05,17.6,24.0,270.0,29.0,1052.0,12.1,9.7,0.0,,1023.3,,,275,Mace Head
2005-05-06,16.1,25.0,280.0,32.0,682.0,12.0,9.4,0.2,,1017.6,,,275,Mace Head
2005-05-07,15.7,22.0,300.0,27.0,2332.0,13.1,8.4,0.1,,1016.7,,,275,Mace Head
2005-05-08,14.6,21.0,310.0,28.0,2520.0,12.5,6.0,0.6,,1017.7,,,275,Mace Head
2005-05-09,8.9,18.0,340.0,23.0,2391.0,13.3,4.7,0.0,,1020.4,,,275,Mace Head
2005-05-10,7.2,11.0,280.0,15.0,2364.0,12.2,2.1,0.0,,1022.4,,,275,Mace Head
2005-05-11,5.9,12.0,170.0,15.0,2386.0,13.9,6.8,0.0,,1021.8,,,275,Mace Head
2005-05-12,6.8,13.0,120.0,16.0,1946.0,14.6,7.2,0.0,,1018.5,,,275,Mace Head
2005-05-13,19.2,29.0,80.0,37.0,2327.0,16.0,7.8,0.0,,1018.2,,,275,Mace Head
2005-05-14,19.5,25.0,70.0,35.0,2812.0,17.4,7.3,0.0,,1017.5,,,275,Mace Head
2005-05-15,11.9,18.0,320.0,23.0,2302.0,18.1,8.6,0.0,,1016.7,,,275,Mace Head
2005-05-16,12.0,18.0,30.0,23.0,1927.0,14.6,4.8,0.0,,1019.2,,,275,Mace Head
2005-05-17,6.5,11.0,30.0,14.0,2463.0,11.1,2.7,0.0,,1018.8,,,275,Mace Head
2005-05-18,12.5,19.0,210.0,24.0,620.0,11.6,7.5,7.6,,1007.5,,,275,Mace Head
2005-05-19,16.9,26.0,210.0,32.0,1076.0,13.0,10.2,6.2,,997.4,,,275,Mace Head
2005-05-20,18.5,27.0,270.0,33.0,2467.0,13.4,9.3,0.2,,996.7,,,275,Mace Head
2005-05-21,10.5,19.0,200.0,23.0,2466.0,13.3,8.6,4.3,,998.5,,,275,Mace Head
2005-05-22,16.8,31.0,200.0,39.0,2437.0,11.9,7.4,6.0,,998.0,,,275,Mace Head
2005-05-23,21.3,38.0,250.0,47.0,2033.0,13.1,8.1,6.6,,1000.5,,,275,Mace Head
2005-05-24,10.9,22.0,80.0,28.0,1300.0,13.6,8.0,3.7,,1003.1,,,275,Mace Head
2005-05-25,18.3,27.0,190.0,33.0,325.0,12.8,9.7,39.0,,1005.2,,,275,Mace Head
2005-05-26,13.9,23.0,210.0,28.0,2365.0,13.5,10.0,1.3,,1009.3,,,275,Mace Head
2005-05-27,14.4,25.0,60.0,33.0,397.0,10.3,9.0,23.3,,1004.0,,,275,Mace Head
2005-05-28,21.8,36.0,280.0,44.0,2190.0,12.4,9.7,10.8,,1003.3,,,275,Mace Head
2005-05-29,6.5,14.0,350.0,17.0,2854.0,14.7,9.5,0.0,,1016.6,,,275,Mace Head
2005-05-30,4.9,12.0,100.0,15.0,2258.0,15.0,9.5,0.0,,1020.2,,,275,Mace Head
2005-05-31,8.9,18.0,210.0,23.0,1214.0,14.8,8.9,14.6,,1018.5,,,275,Mace Head
2005-06-01,15.8,21.0,210.0,25.0,744.0,13.9,12.4,11.5,,1010.8,,,275,Mace Head
2005-06-02,19.0,24.0,190.0,31.0,533.0,12.9,12.0,16.6,,1003.3,,,275,Mace Head
2005-06-03,17.9,24.0,260.0,30.0,1929.0,14.1,11.6,1.0,,1000.7,,,275,Mace Head
2005-06-04,18.0,26.0,250.0,32.0,1350.0,13.6,10.8,0.7,,1007.8,,,275,Mace Head
2005-06-05,8.3,14.0,240.0,16.0,1005.0,14.8,11.1,3.7,,1012.6,,,275,Mace Head
2005-06-06,11.0,18.0,90.0,24.0,2541.0,19.1,11.2,0.0,,1020.6,,,275,Mace Head
2005-06-07,9.4,14.0,130.0,19.0,1294.0,18.0,12.2,0.6,,1029.0,,,275,Mace Head
2005-06-08,7.8,12.0,270.0,14.0,2001.0,15.5,12.3,0.5,,1032.0,,,275,Mace Head
2005-06-09,7.6,13.0,280.0,16.0,2790.0,18.1,12.1,0.0,,1030.4,,,275,Mace Head
2005-06-10,4.0,11.0,60.0,14.0,2089.0,17.0,10.6,0.0,,1024.7,,,275,Mace Head
2005-06-11,8.3,16.0,340.0,19.0,3047.0,18.2,8.2,0.0,,1018.0,,,275,Mace Head
2005-06-12,9.6,20.0,350.0,26.0,2033.0,15.2,6.9,0.0,,1013.0,,,275,Mace Head
2005-06-13,12.3,19.0,310.0,23.0,1502.0,14.3,6.9,0.0,,1009.2,,,275,Mace Head
2005-06-14,14.7,21.0,250.0,25.0,895.0,13.8,11.0,0.0,,1003.0,,,275,Mace Head
2005-06-15,9.8,19.0,260.0,24.0,1860.0,14.8,10.1,4.6,,1002.1,,,275,Mace Head
2005-06-16,15.6,26.0,240.0,32.0,1093.0,15.1,11.7,11.6,,1007.6,,,275,Mace Head
2005-06-17,12.7,22.0,210.0,27.0,1057.0,15.9,14.2,0.4,,1017.8,,,275,Mace Head
2005-06-18,10.7,16.0,210.0,19.0,667.0,18.5,13.7,0.3,,1017.0,,,275,Mace Head
2005-06-19,13.2,18.0,220.0,22.0,2578.0,16.3,12.8,0.0,,1013.4,,,275,Mace Head
2005-06-20,15.9,23.0,220.0,29.0,1474.0,16.1,13.3,1.9,,1011.9,,,275,Mace Head
2005-06-21,15.4,22.0,240.0,27.0,664.0,14.6,13.1,5.2,,1013.5,,,275,Mace Head
2005-06-22,19.0,23.0,190.0,30.0,1895.0,17.0,14.2,0.4,,1013.9,,,275,Mace Head
2005-06-23,12.0,21.0,210.0,25.0,2371.0,16.6,13.2,0.0,,1013.5,,,275,Mace Head
2005-06-24,7.8,16.0,350.0,20.0,2277.0,17.9,12.1,0.0,,1016.6,,,275,Mace Head
2005-06-25,9.0,21.0,340.0,26.0,1999.0,18.7,10.5,0.0,,1022.5,,,275,Mace Head
2005-06-26,7.3,15.0,300.0,18.0,2538.0,17.2,9.3,0.0,,1025.8,,,275,Mace Head
2005-06-27,5.9,13.0,280.0,16.0,2949.0,18.0,10.7,0.0,,1021.8,,,275,Mace Head
2005-06-28,6.9,15.0,90.0,19.0,2196.0,22.1,13.3,0.0,,1012.2,,,275,Mace Head
2005-06-29,5.8,12.0,280.0,15.0,561.0,17.3,14.0,9.6,,1003.3,,,275,Mace Head
2005-06-30,14.7,27.0,250.0,35.0,1723.0,16.8,12.3,4.3,,1001.0,,,275,Mace Head
2005-07-01,9.7,17.0,230.0,21.0,1204.0,17.0,13.4,0.9,,1006.6,,,275,Mace Head
2005-07-02,22.1,35.0,220.0,45.0,1206.0,16.9,12.1,3.4,,1005.2,,,275,Mace Head
2005-07-03,16.9,32.0,230.0,40.0,1918.0,14.5,10.3,4.4,,1007.3,,,275,Mace Head
2005-07-04,13.1,20.0,260.0,24.0,2555.0,16.3,12.0,0.1,,1007.5,,,275,Mace Head
2005-07-05,20.3,29.0,320.0,39.0,1936.0,16.3,12.4,4.0,,1005.1,,,275,Mace Head
2005-07-06,19.1,25.0,290.0,31.0,628.0,14.5,11.0,0.3,,1014.1,,,275,Mace Head
2005-07-07,12.9,18.0,300.0,21.0,1185.0,15.5,12.4,0.4,,1018.6,,,275,Mace Head
2005-07-08,10.3,17.0,280.0,20.0,1608.0,16.7,13.6,0.8,,1021.2,,,275,Mace Head
2005-07-09,6.9,9.0,280.0,11.0,2333.0,16.7,13.2,0.0,,1025.1,,,275,Mace Head
2005-07-10,4.4,8.0,290.0,10.0,2707.0,20.0,12.2,0.1,,1028.6,,,275,Mace Head
2005-07-11,5.8,13.0,300.0,15.0,2865.0,22.2,15.9,0.0,,1030.6,,,275,Mace Head
2005-07-12,6.1,13.0,290.0,17.0,2771.0,21.5,14.7,0.0,,1029.4,,,275,Mace Head
2005-07-13,6.1,13.0,290.0,15.0,1918.0,17.4,13.6,0.0,,1024.1,,,275,Mace Head
2005-07-14,13.0,20.0,280.0,22.0,869.0,16.6,14.1,0.2,,1016.7,,,275,Mace Head
2005-07-15,11.6,16.0,270.0,19.0,2131.0,17.1,12.6,0.0,,1015.0,,,275,Mace Head
2005-07-16,9.3,14.0,270.0,17.0,2575.0,16.5,12.3,0.0,,1017.9,,,275,Mace Head
2005-07-17,11.9,22.0,250.0,27.0,930.0,16.9,13.9,3.5,,1010.8,,,275,Mace Head
2005-07-18,21.4,29.0,260.0,36.0,2217.0,16.2,12.7,0.2,,1005.8,,,275,Mace Head
2005-07-19,18.0,25.0,260.0,34.0,1550.0,15.5,12.6,0.2,,1013.5,,,275,Mace Head
2005-07-20,12.3,20.0,260.0,24.0,1240.0,16.6,13.6,1.2,,1021.2,,,275,Mace Head
2005-07-21,9.7,13.0,280.0,16.0,1726.0,16.7,14.0,0.0,,1022.7,,,275,Mace Head
2005-07-22,3.4,10.0,220.0,12.0,1102.0,19.4,13.8,1.6,,1015.2,,,275,Mace Head
2005-07-23,10.3,18.0,70.0,24.0,793.0,17.5,14.2,11.9,,1004.4,,,275,Mace Head
2005-07-24,16.1,23.0,50.0,30.0,2281.0,22.8,13.6,0.2,,1000.8,,,275,Mace Head
2005-07-25,7.6,18.0,0.0,21.0,1339.0,17.9,10.2,0.0,,1007.0,,,275,Mace Head
2005-07-26,6.3,16.0,340.0,19.0,2016.0,17.4,9.3,0.0,,1009.7,,,275,Mace Head
2005-07-27,4.9,12.0,60.0,17.0,1004.0,17.8,10.2,0.0,,1007.8,,,275,Mace Head
2005-07-28,9.8,14.0,20.0,20.0,1531.0,19.8,11.2,0.0,,1009.3,,,275,Mace Head
2005-07-29,13.0,19.0,340.0,24.0,757.0,16.3,12.8,0.1,,1011.9,,,275,Mace Head
2005-07-30,14.3,19.0,340.0,25.0,1516.0,16.0,12.3,0.0,,1014.1,,,275,Mace Head
2005-07-31,10.9,15.0,340.0,19.0,2033.0,17.0,11.0,0.0,,1015.3,,,275,Mace Head
2005-08-01,5.6,13.0,190.0,16.0,2244.0,17.2,9.1,0.0,,1017.1,,,275,Mace Head
2005-08-02,16.4,23.0,260.0,28.0,1935.0,18.0,14.2,1.4,,1015.2,,,275,Mace Head
2005-08-03,18.5,25.0,270.0,31.0,2316.0,17.1,13.5,0.0,,1021.4,,,275,Mace Head
2005-08-04,12.5,20.0,190.0,25.0,544.0,15.0,12.9,13.6,,1018.5,,,275,Mace Head
2005-08-05,11.6,16.0,290.0,20.0,2293.0,16.9,12.4,0.0,,1019.7,,,275,Mace Head
2005-08-06,6.6,14.0,120.0,17.0,839.0,16.5,12.1,6.4,,1020.1,,,275,Mace Head
2005-08-07,3.8,7.0,100.0,9.0,1411.0,18.3,14.0,0.0,,1019.8,,,275,Mace Head
2005-08-08,3.9,7.0,240.0,8.0,1365.0,18.6,13.4,0.0,,1019.3,,,275,Mace Head
2005-08-09,4.5,9.0,280.0,12.0,1358.0,18.5,14.6,0.0,,1017.4,,,275,Mace Head
2005-08-10,4.7,9.0,270.0,11.0,2477.0,18.8,13.2,0.0,,1016.5,,,275,Mace Head
2005-08-11,10.5,16.0,320.0,20.0,2112.0,18.1,13.6,0.1,,1015.7,,,275,Mace Head
2005-08-12,10.0,24.0,200.0,30.0,1636.0,18.4,13.2,3.5,,1014.0,,,275,Mace Head
2005-08-13,16.9,22.0,290.0,27.0,1693.0,17.1,14.1,0.4,,1013.2,,,275,Mace Head
2005-08-14,11.0,17.0,310.0,23.0,818.0,16.6,13.9,0.0,,1021.2,,,275,Mace Head
2005-08-15,6.4,9.0,230.0,12.0,1227.0,18.9,14.6,0.1,,1023.8,,,275,Mace Head
2005-08-16,11.2,19.0,210.0,24.0,1686.0,19.0,15.7,0.0,,1018.0,,,275,Mace Head
2005-08-17,13.6,23.0,190.0,30.0,252.0,16.4,13.9,18.1,,1012.0,,,275,Mace Head
2005-08-18,12.6,21.0,250.0,27.0,2177.0,17.6,14.3,1.9,,1013.4,,,275,Mace Head
2005-08-19,15.6,22.0,290.0,27.0,1659.0,17.5,12.9,0.0,,1019.6,,,275,Mace Head
2005-08-20,7.2,15.0,190.0,19.0,1582.0,19.0,12.9,1.4,,1022.4,,,275,Mace Head
2005-08-21,15.8,23.0,260.0,29.0,806.0,18.1,14.5,6.3,,1017.5,,,275,Mace Head
2005-08-22,14.1,20.0,250.0,25.0,2159.0,17.4,12.7,0.0,,1018.5,,,275,Mace Head
2005-08-23,24.0,37.0,200.0,48.0,646.0,16.8,14.4,9.4,,1006.1,,,275,Mace Head
2005-08-24,20.4,33.0,220.0,42.0,1623.0,16.6,11.6,1.9,,997.8,,,275,Mace Head
2005-08-25,20.9,28.0,300.0,38.0,1904.0,15.8,10.1,3.8,,1002.8,,,275,Mace Head
2005-08-26,16.7,23.0,240.0,31.0,1334.0,16.4,12.1,2.2,,1008.7,,,275,Mace Head
2005-08-27,9.2,16.0,200.0,19.0,1710.0,17.6,14.0,0.0,,1012.1,,,275,Mace Head
2005-08-28,23.9,28.0,210.0,38.0,755.0,17.8,14.0,3.3,,1011.0,,,275,Mace Head
2005-08-29,9.8,16.0,260.0,20.0,2099.0,17.5,12.5,0.0,,1016.5,,,275,Mace Head
2005-08-30,8.8,14.0,170.0,18.0,992.0,17.1,11.0,0.1,,1015.2,,,275,Mace Head
2005-08-31,10.5,18.0,320.0,22.0,792.0,17.2,12.9,0.0,,1007.2,,,275,Mace Head
2005-09-01,11.4,18.0,230.0,22.0,1870.0,17.0,11.9,0.8,,1012.0,,,275,Mace Head
2005-09-02,10.7,18.0,140.0,24.0,1907.0,18.5,14.0,0.0,,1018.2,,,275,Mace Head
2005-09-03,16.3,22.0,130.0,29.0,1214.0,20.7,13.6,0.0,,1017.0,,,275,Mace Head
2005-09-04,10.1,17.0,90.0,22.0,1016.0,21.5,14.3,0.1,,1012.3,,,275,Mace Head
2005-09-05,5.4,10.0,300.0,12.0,1975.0,18.2,11.1,0.1,,1008.9,,,275,Mace Head
2005-09-06,10.3,20.0,220.0,24.0,1147.0,17.9,12.4,0.0,,1005.7,,,275,Mace Head
2005-09-07,17.2,26.0,210.0,33.0,495.0,16.9,13.9,1.7,,1002.0,,,275,Mace Head
2005-09-08,7.2,17.0,280.0,21.0,761.0,16.6,13.4,2.5,,1006.3,,,275,Mace Head
2005-09-09,16.9,23.0,60.0,32.0,435.0,14.6,12.3,8.2,,1007.2,,,275,Mace Head
2005-09-10,9.9,19.0,60.0,25.0,974.0,18.3,12.6,0.0,,1013.0,,,275,Mace Head
2005-09-11,6.0,13.0,290.0,16.0,1699.0,17.5,10.0,0.0,,1018.2,,,275,Mace Head
2005-09-12,13.4,24.0,200.0,30.0,754.0,16.4,11.6,0.0,,1018.2,,,275,Mace Head
2005-09-13,24.1,32.0,200.0,42.0,989.0,18.0,14.1,1.3,,1013.1,,,275,Mace Head
2005-09-14,8.8,16.0,290.0,20.0,1325.0,17.6,13.9,1.3,,1017.3,,,275,Mace Head
2005-09-15,11.5,22.0,340.0,27.0,837.0,16.8,10.6,3.3,,1015.9,,,275,Mace Head
2005-09-16,9.3,18.0,340.0,23.0,865.0,14.3,9.1,0.0,,1024.4,,,275,Mace Head
2005-09-17,10.1,15.0,260.0,19.0,1295.0,15.4,8.4,0.1,,1026.1,,,275,Mace Head
2005-09-18,19.4,25.0,190.0,33.0,1073.0,16.4,13.1,0.0,,1020.5,,,275,Mace Head
2005-09-19,19.5,31.0,190.0,40.0,787.0,16.3,13.9,8.4,,1015.7,,,275,Mace Head
2005-09-20,12.5,19.0,260.0,22.0,678.0,16.2,13.2,0.0,,1018.7,,,275,Mace Head
2005-09-21,19.8,28.0,190.0,37.0,265.0,16.7,13.5,7.4,,1011.5,,,275,Mace Head
2005-09-22,16.9,30.0,170.0,39.0,660.0,17.1,13.1,5.1,,1002.6,,,275,Mace Head
2005-09-23,19.0,37.0,300.0,47.0,1248.0,15.2,7.4,0.6,,1007.2,,,275,Mace Head
2005-09-24,20.4,28.0,160.0,39.0,193.0,14.6,8.7,12.4,,1006.1,,,275,Mace Head
2005-09-25,18.7,28.0,290.0,35.0,919.0,14.2,12.1,1.5,,1003.1,,,275,Mace Head
2005-09-26,27.8,35.0,180.0,46.0,560.0,16.2,12.8,8.4,,999.7,,,275,Mace Head
2005-09-27,27.4,33.0,220.0,43.0,1220.0,14.6,9.8,1.8,,1005.4,,,275,Mace Head
2005-09-28,24.8,36.0,210.0,46.0,796.0,14.7,11.2,7.8,,1008.6,,,275,Mace Head
2005-09-29,18.6,23.0,180.0,29.0,267.0,15.5,12.0,7.9,,1012.7,,,275,Mace Head
2005-09-30,25.9,35.0,260.0,47.0,798.0,15.4,10.4,1.6,,1007.6,,,275,Mace Head
2005-10-01,25.2,34.0,270.0,47.0,905.0,13.1,9.5,2.0,,1017.4,,,275,Mace Head
2005-10-02,14.7,19.0,280.0,24.0,537.0,14.3,11.3,0.0,,1027.0,,,275,Mace Head
2005-10-03,14.0,19.0,200.0,24.0,430.0,14.5,12.0,0.0,,1027.0,,,275,Mace Head
2005-10-04,13.9,20.0,170.0,25.0,598.0,14.3,12.2,0.6,,1024.7,,,275,Mace Head
2005-10-05,13.0,16.0,150.0,21.0,436.0,15.4,13.0,0.1,,1022.3,,,275,Mace Head
2005-10-06,14.9,21.0,200.0,29.0,762.0,16.2,12.2,0.0,,1016.5,,,275,Mace Head
2005-10-07,15.5,29.0,170.0,37.0,335.0,16.8,10.7,4.6,,1007.2,,,275,Mace Head
2005-10-08,19.3,27.0,240.0,35.0,1020.0,12.4,9.4,1.6,,1008.5,,,275,Mace Head
2005-10-09,28.7,35.0,200.0,48.0,326.0,14.5,10.8,1.9,,1004.6,,,275,Mace Head
2005-10-10,13.2,31.0,190.0,40.0,208.0,14.6,8.5,13.4,,1000.0,,,275,Mace Head
2005-10-11,4.5,11.0,340.0,14.0,649.0,12.0,6.5,0.0,,1006.6,,,275,Mace Head
2005-10-12,8.6,15.0,350.0,18.0,867.0,13.1,6.7,0.0,,1011.3,,,275,Mace Head
2005-10-13,6.0,16.0,150.0,21.0,1047.0,14.0,5.4,0.0,,1019.2,,,275,Mace Head
2005-10-14,15.2,23.0,150.0,29.0,963.0,14.4,8.4,0.0,,1019.1,,,275,Mace Head
2005-10-15,16.8,23.0,130.0,31.0,587.0,17.2,13.8,0.0,,1014.4,,,275,Mace Head
2005-10-16,12.1,17.0,110.0,23.0,331.0,16.4,13.4,0.8,,1013.1,,,275,Mace Head
2005-10-17,14.8,22.0,120.0,27.0,357.0,16.3,12.1,7.0,,1010.5,,,275,Mace Head
2005-10-18,15.8,21.0,90.0,28.0,156.0,13.4,11.9,11.5,,1005.2,,,275,Mace Head
2005-10-19,11.4,23.0,260.0,30.0,718.0,13.6,10.6,0.5,,1000.6,,,275,Mace Head
2005-10-20,16.7,24.0,240.0,30.0,747.0,13.8,9.4,5.6,,993.5,,,275,Mace Head
2005-10-21,10.9,23.0,60.0,31.0,258.0,12.7,9.6,8.0,,989.2,,,275,Mace Head
2005-10-22,3.2,8.0,270.0,10.0,840.0,14.2,8.6,0.8,,998.8,,,275,Mace Head
2005-10-23,9.6,21.0,200.0,26.0,444.0,14.1,9.0,26.6,,999.5,,,275,Mace Head
2005-10-24,17.5,22.0,220.0,28.0,379.0,14.7,12.5,6.9,,990.8,,,275,Mace Head
2005-10-25,24.4,35.0,240.0,45.0,634.0,13.9,10.9,1.7,,991.9,,,275,Mace Head
2005-10-26,16.7,25.0,150.0,33.0,242.0,16.1,11.6,3.3,,995.1,,,275,Mace Head
2005-10-27,20.5,26.0,140.0,34.0,172.0,16.8,13.6,11.9,,987.5,,,275,Mace Head
2005-10-28,19.7,27.0,180.0,37.0,669.0,14.0,11.1,0.9,,991.4,,,275,Mace Head
2005-10-29,18.6,28.0,120.0,38.0,183.0,14.9,10.6,8.7,,988.8,,,275,Mace Head
2005-10-30,21.1,29.0,170.0,41.0,511.0,14.5,10.2,1.5,,986.1,,,275,Mace Head
2005-10-31,19.6,28.0,240.0,37.0,322.0,12.6,9.1,4.8,,990.9,,,275,Mace Head
2005-11-01,18.5,30.0,240.0,41.0,549.0,12.3,8.9,3.0,,992.9,,,275,Mace Head
2005-11-02,13.9,27.0,80.0,34.0,149.0,13.8,9.6,16.8,,982.9,,,275,Mace Head
2005-11-03,20.9,36.0,300.0,48.0,197.0,13.0,8.4,1.0,,990.8,,,275,Mace Head
2005-11-04,18.4,32.0,300.0,42.0,590.0,12.0,7.7,1.1,,1006.5,,,275,Mace Head
2005-11-05,17.2,28.0,180.0,37.0,555.0,13.2,11.2,7.9,,1002.7,,,275,Mace Head
2005-11-06,27.0,34.0,210.0,51.0,512.0,12.5,7.6,6.8,,997.9,,,275,Mace Head
2005-11-07,29.1,50.0,210.0,64.0,108.0,12.9,7.0,13.6,,993.6,,,275,Mace Head
2005-11-08,18.7,29.0,270.0,36.0,538.0,11.7,6.9,2.0,,1004.2,,,275,Mace Head
2005-11-09,22.4,32.0,200.0,41.0,201.0,13.2,6.9,6.6,,1014.4,,,275,Mace Head
2005-11-10,16.8,30.0,200.0,38.0,231.0,13.3,9.8,3.2,,1015.0,,,275,Mace Head
2005-11-11,33.8,44.0,250.0,59.0,251.0,13.4,6.3,2.6,,1002.8,,,275,Mace Head
2005-11-12,17.0,37.0,270.0,48.0,397.0,9.9,6.4,4.5,,1013.3,,,275,Mace Head
2005-11-13,8.2,17.0,330.0,25.0,482.0,10.7,4.7,0.1,,1028.0,,,275,Mace Head
2005-11-14,19.0,23.0,260.0,28.0,122.0,12.3,9.3,0.7,,1022.6,,,275,Mace Head
2005-11-15,14.8,21.0,300.0,28.0,348.0,12.1,8.7,0.0,,1014.5,,,275,Mace Head
2005-11-16,6.7,15.0,320.0,18.0,235.0,9.5,6.2,0.0,,1013.0,,,275,Mace Head
2005-11-17,10.0,14.0,90.0,20.0,271.0,7.8,5.0,0.0,,1012.3,,,275,Mace Head
2005-11-18,12.7,17.0,110.0,22.0,178.0,11.8,6.8,0.0,,1017.7,,,275,Mace Head
2005-11-19,9.5,13.0,120.0,16.0,484.0,9.6,4.5,0.0,,1025.7,,,275,Mace Head
2005-11-20,7.6,11.0,150.0,14.0,470.0,10.3,4.3,0.2,,1028.5,,,275,Mace Head
2005-11-21,9.4,15.0,100.0,18.0,496.0,9.5,3.5,0.2,,1029.7,,,275,Mace Head
2005-11-22,8.3,17.0,110.0,20.0,460.0,9.0,3.5,0.1,,1033.7,,,275,Mace Head
2005-11-23,6.4,18.0,270.0,21.0,101.0,11.0,2.5,0.3,,1035.6,,,275,Mace Head
2005-11-24,22.6,31.0,340.0,46.0,227.0,11.1,2.7,2.1,,1022.7,,,275,Mace Head
2005-11-25,26.3,39.0,340.0,59.0,283.0,6.5,2.2,4.9,,1008.4,,,275,Mace Head
2005-11-26,19.1,36.0,340.0,49.0,281.0,8.0,4.2,0.4,,1004.5,,,275,Mace Head
2005-11-27,10.5,23.0,340.0,32.0,126.0,7.0,4.4,0.7,,1004.3,,,275,Mace Head
2005-11-28,11.2,20.0,350.0,25.0,438.0,7.2,3.4,0.0,,1006.8,,,275,Mace Head
2005-11-29,14.0,23.0,220.0,33.0,113.0,10.4,4.9,5.0,,1007.3,,,275,Mace Head
2005-11-30,15.2,23.0,200.0,30.0,144.0,10.6,7.7,7.5,,996.7,,,275,Mace Head
2005-12-01,9.9,21.0,50.0,30.0,178.0,8.1,4.2,6.8,,980.5,,,275,Mace Head
2005-12-02,19.7,27.0,0.0,37.0,232.0,8.7,5.1,3.3,,973.6,,,275,Mace Head
2005-12-03,14.9,28.0,290.0,35.0,84.0,8.9,6.6,4.1,,981.5,,,275,Mace Head
2005-12-04,18.0,27.0,300.0,37.0,321.0,8.5,5.6,2.8,,991.9,,,275,Mace Head
2005-12-05,18.6,27.0,300.0,36.0,236.0,8.5,4.8,2.1,,1001.3,,,275,Mace Head
2005-12-06,7.1,25.0,300.0,32.0,253.0,9.7,6.1,0.9,,1007.7,,,275,Mace Head
2005-12-07,19.4,28.0,270.0,37.0,86.0,9.7,7.2,12.6,,1004.0,,,275,Mace Head
2005-12-08,11.0,20.0,290.0,25.0,43.0,11.1,6.2,8.5,,1014.5,,,275,Mace Head
2005-12-09,14.3,19.0,200.0,24.0,76.0,11.5,10.5,2.4,,1023.7,,,275,Mace Head
2005-12-10,15.9,22.0,200.0,29.0,98.0,11.5,10.2,0.5,,1030.0,,,275,Mace Head
2005-12-11,12.4,20.0,190.0,27.0,100.0,11.2,5.5,0.2,,1035.2,,,275,Mace Head
2005-12-12,6.8,12.0,80.0,15.0,324.0,7.7,2.3,0.1,,1041.2,,,275,Mace Head
2005-12-13,4.5,10.0,300.0,13.0,167.0,9.7,1.9,0.0,,1040.7,,,275,Mace Head
2005-12-14,12.0,19.0,340.0,24.0,145.0,10.4,9.0,0.0,,1037.2,,,275,Mace Head
2005-12-15,17.3,28.0,290.0,35.0,230.0,11.1,9.8,0.0,,1029.1,,,275,Mace Head
2005-12-16,16.5,26.0,290.0,32.0,115.0,11.1,8.5,1.4,,1021.4,,,275,Mace Head
2005-12-17,5.5,12.0,310.0,15.0,169.0,9.5,7.2,0.4,,1023.0,,,275,Mace Head
2005-12-18,16.2,24.0,230.0,31.0,102.0,10.4,8.1,1.9,,1016.0,,,275,Mace Head
2005-12-19,12.0,20.0,200.0,25.0,196.0,9.9,7.6,0.6,,1019.2,,,275,Mace Head
2005-12-20,16.8,25.0,190.0,31.0,167.0,10.8,9.3,1.1,,1020.0,,,275,Mace Head
2005-12-21,11.3,30.0,210.0,39.0,207.0,11.0,6.4,2.4,,1021.1,,,275,Mace Head
2005-12-22,21.6,26.0,190.0,38.0,88.0,11.2,10.1,0.1,,1020.3,,,275,Mace Head
2005-12-23,10.3,24.0,210.0,31.0,65.0,10.9,9.6,2.8,,1019.7,,,275,Mace Head
2005-12-24,9.2,17.0,230.0,21.0,102.0,10.5,6.5,1.1,,1022.7,,,275,Mace Head
2005-12-25,8.8,14.0,90.0,20.0,296.0,7.8,2.5,0.0,,1024.0,,,275,Mace Head
2005-12-26,9.5,16.0,90.0,21.0,110.0,5.1,1.5,0.1,,1021.2,,,275,Mace Head
2005-12-27,11.3,18.0,130.0,25.0,333.0,5.3,1.2,0.0,,1015.9,,,275,Mace Head
2005-12-28,18.5,24.0,150.0,33.0,67.0,5.6,2.9,0.9,,1011.4,,,275,Mace Head
2005-12-29,17.8,27.0,140.0,38.0,92.0,10.3,4.4,12.6,,1000.1,,,275,Mace Head
2005-12-30,24.1,36.0,270.0,51.0,243.0,10.9,6.9,7.4,,987.0,,,275,Mace Head
2005-12-31,32.0,39.0,300.0,52.0,126.0,9.2,6.6,8.4,,992.0,,,275,Mace Head
2006-01-01,18.0,36.0,310.0,48.0,177.0,9.6,7.0,0.4,,1008.5,,,275,Mace Head
2006-01-02,14.7,21.0,210.0,25.0,128.0,10.8,8.1,1.6,,1017.4,,,275,Mace Head
2006-01-03,5.8,13.0,280.0,17.0,282.0,10.2,6.1,0.0,,1022.5,,,275,Mace Head
2006-01-04,11.9,21.0,150.0,28.0,61.0,8.9,7.8,1.9,,1021.8,,,275,Mace Head
2006-01-05,18.8,27.0,140.0,37.0,23.0,8.2,2.9,21.4,,1012.6,,,275,Mace Head
2006-01-06,4.1,11.0,70.0,16.0,172.0,6.3,2.6,2.3,,1017.0,,,275,Mace Head
2006-01-07,12.0,16.0,140.0,21.0,101.0,6.0,4.2,0.0,,1018.8,,,275,Mace Head
2006-01-08,9.3,13.0,140.0,16.0,306.0,6.0,2.4,0.0,,1020.1,,,275,Mace Head
2006-01-09,18.7,30.0,180.0,38.0,28.0,10.1,5.3,9.5,,1015.2,,,275,Mace Head
2006-01-10,20.6,35.0,200.0,44.0,67.0,11.3,7.2,5.8,,1002.2,,,275,Mace Head
2006-01-11,23.0,35.0,260.0,48.0,360.0,9.4,5.5,0.9,,1008.8,,,275,Mace Head
2006-01-12,20.8,39.0,180.0,49.0,49.0,11.3,8.4,8.5,,1007.5,,,275,Mace Head
2006-01-13,18.3,28.0,200.0,35.0,215.0,10.3,5.2,8.6,,1002.8,,,275,Mace Head
2006-01-14,18.8,28.0,140.0,39.0,343.0,8.8,5.2,0.3,,1003.2,,,275,Mace Head
2006-01-15,17.9,27.0,140.0,35.0,145.0,10.0,6.7,6.0,,998.6,,,275,Mace Head
2006-01-16,15.1,26.0,220.0,32.0,114.0,9.4,6.4,3.2,,1000.0,,,275,Mace Head
2006-01-17,16.5,24.0,270.0,31.0,158.0,10.6,7.9,0.5,,1003.2,,,275,Mace Head
2006-01-18,17.3,24.0,280.0,28.0,120.0,10.6,9.7,0.3,,1012.0,,,275,Mace Head
2006-01-19,23.2,32.0,280.0,46.0,193.0,10.9,6.3,2.1,,1005.0,,,275,Mace Head
2006-01-20,22.9,36.0,280.0,49.0,325.0,9.1,5.3,1.5,,1013.2,,,275,Mace Head
2006-01-21,8.8,18.0,170.0,22.0,395.0,10.3,4.7,0.2,,1025.3,,,275,Mace Head
2006-01-22,12.5,18.0,180.0,22.0,224.0,9.6,8.2,0.4,,1027.1,,,275,Mace Head
2006-01-23,16.0,20.0,150.0,27.0,174.0,9.4,8.2,0.0,,1024.8,,,275,Mace Head
2006-01-24,9.3,14.0,120.0,19.0,173.0,8.2,6.0,0.0,,1024.8,,,275,Mace Head
2006-01-25,12.0,22.0,110.0,29.0,343.0,7.6,1.8,0.0,,1024.8,,,275,Mace Head
2006-01-26,11.4,17.0,110.0,23.0,247.0,6.3,0.6,0.0,,1028.1,,,275,Mace Head
2006-01-27,5.6,11.0,60.0,15.0,266.0,5.3,1.5,0.0,,1029.9,,,275,Mace Head
2006-01-28,8.8,15.0,90.0,21.0,533.0,6.9,0.8,0.0,,1028.6,,,275,Mace Head
2006-01-29,12.0,17.0,100.0,22.0,629.0,7.8,1.5,0.0,,1028.7,,,275,Mace Head
2006-01-30,9.4,17.0,90.0,20.0,639.0,5.2,-0.4,0.0,,1027.4,,,275,Mace Head
2006-01-31,10.2,15.0,130.0,20.0,377.0,7.0,0.4,0.0,,1021.9,,,275,Mace Head
2006-02-01,14.6,21.0,140.0,29.0,139.0,8.8,6.2,0.1,,1016.2,,,275,Mace Head
2006-02-02,11.9,17.0,110.0,21.0,586.0,10.8,7.5,0.0,,1017.0,,,275,Mace Head
2006-02-03,5.4,10.0,140.0,15.0,251.0,9.2,7.0,0.0,,1022.8,,,275,Mace Head
2006-02-04,6.0,12.0,140.0,15.0,127.0,8.3,7.2,0.0,,1027.9,,,275,Mace Head
2006-02-05,9.7,15.0,220.0,18.0,97.0,9.1,6.5,0.0,,1029.4,,,275,Mace Head
2006-02-06,12.8,18.0,220.0,22.0,83.0,9.8,8.8,0.0,,1025.9,,,275,Mace Head
2006-02-07,20.0,31.0,250.0,40.0,128.0,10.2,7.1,3.1,,1017.0,,,275,Mace Head
2006-02-08,11.1,20.0,300.0,28.0,576.0,9.1,3.1,0.2,,1015.8,,,275,Mace Head
2006-02-09,5.7,10.0,150.0,14.0,822.0,9.1,2.6,0.0,,1020.3,,,275,Mace Head
2006-02-10,11.4,16.0,160.0,22.0,334.0,7.6,2.7,0.0,,1019.0,,,275,Mace Head
2006-02-11,14.9,23.0,180.0,30.0,363.0,10.1,7.5,5.2,,1014.6,,,275,Mace Head
2006-02-12,16.9,25.0,210.0,30.0,180.0,10.1,9.5,2.4,,1012.8,,,275,Mace Head
2006-02-13,14.3,22.0,220.0,27.0,228.0,10.6,7.3,7.1,,1005.2,,,275,Mace Head
2006-02-14,20.8,37.0,190.0,47.0,388.0,10.4,7.5,8.4,,992.7,,,275,Mace Head
2006-02-15,26.4,38.0,240.0,51.0,635.0,9.4,4.6,4.0,,980.6,,,275,Mace Head
2006-02-16,22.9,38.0,240.0,52.0,484.0,9.0,4.8,5.3,,972.5,,,275,Mace Head
2006-02-17,10.6,22.0,240.0,27.0,269.0,7.8,3.4,1.1,,980.4,,,275,Mace Head
2006-02-18,9.6,19.0,170.0,24.0,820.0,9.3,3.0,4.9,,988.3,,,275,Mace Head
2006-02-19,7.6,13.0,50.0,16.0,944.0,8.8,1.1,0.1,,1002.8,,,275,Mace Head
2006-02-20,7.1,14.0,10.0,18.0,963.0,9.4,1.9,0.0,,1020.3,,,275,Mace Head
2006-02-21,7.8,15.0,60.0,19.0,641.0,9.3,2.0,0.0,,1027.4,,,275,Mace Head
2006-02-22,14.5,20.0,80.0,27.0,716.0,6.3,0.7,0.0,,1027.5,,,275,Mace Head
2006-02-23,11.2,21.0,70.0,27.0,559.0,6.5,2.9,0.1,,1027.5,,,275,Mace Head
2006-02-24,16.2,29.0,60.0,41.0,647.0,9.2,3.4,0.3,,1021.2,,,275,Mace Head
2006-02-25,16.4,27.0,50.0,33.0,891.0,6.8,2.3,0.0,,1025.3,,,275,Mace Head
2006-02-26,12.8,21.0,50.0,30.0,808.0,8.0,1.0,0.0,,1029.0,,,275,Mace Head
2006-02-27,11.1,22.0,310.0,29.0,690.0,8.4,-0.4,0.3,,1024.8,,,275,Mace Head
2006-02-28,14.0,26.0,340.0,38.0,906.0,6.8,1.0,1.1,,1016.7,,,275,Mace Head
2006-03-01,10.1,23.0,350.0,28.0,1068.0,5.3,0.5,0.5,,1009.8,,,275,Mace Head
2006-03-02,4.7,15.0,330.0,20.0,1074.0,5.6,-1.8,0.0,,1000.7,,,275,Mace Head
2006-03-03,5.5,18.0,310.0,23.0,1294.0,6.5,-2.8,0.0,,999.6,,,275,Mace Head
2006-03-04,10.6,24.0,330.0,34.0,1171.0,7.3,-0.7,0.9,,1005.3,,,275,Mace Head
2006-03-05,11.2,20.0,300.0,28.0,1069.0,9.0,3.7,0.3,,1012.7,,,275,Mace Head
2006-03-06,8.8,16.0,270.0,23.0,694.0,9.6,4.1,5.8,,1014.1,,,275,Mace Head
2006-03-07,12.3,21.0,240.0,27.0,300.0,10.3,8.1,3.5,,1004.2,,,275,Mace Head
2006-03-08,13.7,24.0,320.0,33.0,934.0,10.6,6.2,11.5,,994.3,,,275,Mace Head
2006-03-09,25.3,43.0,280.0,57.0,794.0,9.6,4.7,5.2,,991.2,,,275,Mace Head
2006-03-10,18.8,40.0,280.0,53.0,1116.0,9.4,4.7,1.1,,1003.1,,,275,Mace Head
2006-03-11,11.1,21.0,130.0,28.0,225.0,10.0,5.5,8.4,,1012.0,,,275,Mace Head
2006-03-12,15.3,21.0,140.0,26.0,375.0,10.2,8.8,0.9,,1010.2,,,275,Mace Head
2006-03-13,21.0,29.0,200.0,35.0,734.0,11.3,8.4,9.2,,1004.7,,,275,Mace Head
2006-03-14,10.5,21.0,270.0,26.0,1003.0,11.0,4.6,0.1,,1012.9,,,275,Mace Head
2006-03-15,7.9,19.0,70.0,24.0,679.0,9.9,3.8,0.2,,1021.3,,,275,Mace Head
2006-03-16,16.9,24.0,90.0,32.0,817.0,6.1,1.2,0.1,,1026.8,,,275,Mace Head
2006-03-17,18.3,25.0,70.0,33.0,326.0,5.7,2.4,0.0,,1026.2,,,275,Mace Head
2006-03-18,22.7,28.0,80.0,37.0,861.0,8.6,2.5,0.0,,1020.3,,,275,Mace Head
2006-03-19,14.7,22.0,80.0,30.0,1441.0,7.6,2.7,0.0,,1015.9,,,275,Mace Head
2006-03-20,13.1,19.0,60.0,25.0,834.0,8.4,2.4,0.0,,1012.6,,,275,Mace Head
2006-03-21,13.6,19.0,50.0,24.0,766.0,6.2,-0.0,0.0,,1013.6,,,275,Mace Head
2006-03-22,12.3,16.0,160.0,21.0,1095.0,7.6,-0.3,0.0,,1009.2,,,275,Mace Head
2006-03-23,17.3,26.0,80.0,34.0,395.0,7.3,1.5,0.0,,994.8,,,275,Mace Head
2006-03-24,12.4,24.0,80.0,32.0,614.0,8.3,5.0,1.4,,982.7,,,275,Mace Head
2006-03-25,14.5,22.0,200.0,30.0,627.0,10.4,7.4,4.9,,985.7,,,275,Mace Head
2006-03-26,15.5,23.0,190.0,29.0,317.0,11.4,9.0,15.9,,983.5,,,275,Mace Head
2006-03-27,13.7,20.0,250.0,23.0,770.0,10.3,8.2,2.5,,981.4,,,275,Mace Head
2006-03-28,12.7,20.0,270.0,26.0,1324.0,9.8,5.5,0.7,,992.6,,,275,Mace Head
2006-03-29,11.6,23.0,60.0,30.0,1139.0,10.1,5.6,8.8,,989.1,,,275,Mace Head
2006-03-30,11.7,29.0,240.0,37.0,898.0,11.0,6.5,2.7,,982.6,,,275,Mace Head
2006-03-31,14.3,31.0,250.0,38.0,1196.0,10.6,6.7,4.9,,989.8,,,275,Mace Head
2006-04-01,18.5,29.0,200.0,38.0,1385.0,10.7,5.9,8.5,,989.1,,,275,Mace Head
2006-04-02,20.4,33.0,310.0,43.0,1553.0,10.7,6.1,0.6,,1000.3,,,275,Mace Head
2006-04-03,11.7,22.0,310.0,29.0,1779.0,10.1,3.1,0.3,,1019.9,,,275,Mace Head
2006-04-04,9.6,16.0,60.0,23.0,2022.0,10.2,0.5,0.0,,1022.8,,,275,Mace Head
2006-04-05,10.4,23.0,260.0,28.0,1986.0,9.1,0.3,0.0,,1018.2,,,275,Mace Head
2006-04-06,16.4,24.0,280.0,30.0,1398.0,10.6,6.4,1.8,,1012.8,,,275,Mace Head
2006-04-07,17.5,33.0,270.0,43.0,1529.0,10.4,4.7,2.5,,1008.1,,,275,Mace Head
2006-04-08,18.3,28.0,290.0,37.0,1615.0,10.2,3.7,2.0,,1010.0,,,275,Mace Head
2006-04-09,11.9,22.0,300.0,28.0,1728.0,9.9,1.4,0.6,,1019.2,,,275,Mace Head
2006-04-10,12.7,26.0,210.0,31.0,1357.0,8.8,1.8,0.8,,1018.0,,,275,Mace Head
2006-04-11,20.8,29.0,220.0,40.0,1647.0,10.6,7.6,7.2,,1009.3,,,275,Mace Head
2006-04-12,19.0,26.0,250.0,32.0,675.0,10.9,8.4,0.3,,1010.4,,,275,Mace Head
2006-04-13,17.9,24.0,270.0,29.0,1729.0,11.0,8.1,1.0,,1007.5,,,275,Mace Head
2006-04-14,7.6,17.0,280.0,21.0,1792.0,11.1,7.4,0.0,,1008.2,,,275,Mace Head
2006-04-15,8.1,14.0,260.0,17.0,1242.0,11.6,7.3,1.0,,1005.1,,,275,Mace Head
2006-04-16,13.0,20.0,270.0,26.0,1604.0,11.7,7.5,0.1,,1009.9,,,275,Mace Head
2006-04-17,18.0,23.0,270.0,29.0,1659.0,11.3,8.5,0.1,,1011.7,,,275,Mace Head
2006-04-18,9.5,15.0,250.0,19.0,1076.0,10.9,6.5,0.8,,1008.6,,,275,Mace Head
2006-04-19,6.7,13.0,260.0,18.0,2071.0,11.4,4.7,1.4,,1006.8,,,275,Mace Head
2006-04-20,10.2,17.0,110.0,22.0,898.0,11.2,6.7,1.8,,1006.1,,,275,Mace Head
2006-04-21,7.2,14.0,290.0,17.0,2335.0,13.8,5.3,0.0,,1014.8,,,275,Mace Head
2006-04-22,14.8,26.0,210.0,32.0,545.0,11.0,8.2,4.5,,1013.8,,,275,Mace Head
2006-04-23,6.2,12.0,350.0,18.0,2143.0,11.9,5.9,0.0,,1015.5,,,275,Mace Head
2006-04-24,17.6,27.0,180.0,35.0,479.0,11.0,5.5,4.4,,1008.2,,,275,Mace Head
2006-04-25,17.9,24.0,260.0,30.0,1208.0,11.9,8.9,0.1,,1008.0,,,275,Mace Head
2006-04-26,12.5,20.0,230.0,25.0,586.0,10.7,7.8,0.8,,1018.3,,,275,Mace Head
2006-04-27,9.2,13.0,270.0,16.0,1428.0,12.3,7.7,0.1,,1027.2,,,275,Mace Head
2006-04-28,6.7,17.0,340.0,22.0,2510.0,14.7,4.9,0.0,,1029.4,,,275,Mace Head
2006-04-29,8.3,17.0,290.0,20.0,2045.0,12.1,6.6,0.0,,1022.3,,,275,Mace Head
2006-04-30,13.2,26.0,300.0,35.0,540.0,10.5,8.2,5.7,,1008.6,,,275,Mace Head
2006-05-01,16.6,28.0,300.0,34.0,2160.0,11.2,7.2,0.4,,998.0,,,275,Mace Head
2006-05-02,21.6,28.0,210.0,38.0,976.0,10.5,7.7,19.2,,989.7,,,275,Mace Head
2006-05-03,17.9,35.0,170.0,46.0,2063.0,12.9,8.9,1.7,,997.1,,,275,Mace Head
2006-05-04,17.7,29.0,250.0,34.0,2106.0,15.9,7.1,2.5,,1002.6,,,275,Mace Head
2006-05-05,14.2,22.0,170.0,29.0,2531.0,14.6,7.7,2.7,,1008.3,,,275,Mace Head
2006-05-06,15.7,25.0,170.0,34.0,1393.0,13.9,8.3,7.6,,1007.3,,,275,Mace Head
2006-05-07,10.5,20.0,150.0,27.0,2320.0,14.4,7.8,0.0,,1010.5,,,275,Mace Head
2006-05-08,6.5,12.0,230.0,15.0,505.0,11.7,7.8,5.2,,1011.0,,,275,Mace Head
2006-05-09,5.4,13.0,250.0,15.0,2529.0,14.8,8.8,0.0,,1015.8,,,275,Mace Head
2006-05-10,6.2,12.0,70.0,15.0,2368.0,16.1,9.8,0.0,,1017.7,,,275,Mace Head
2006-05-11,6.4,14.0,50.0,21.0,2420.0,19.3,10.1,0.0,,1015.2,,,275,Mace Head
2006-05-12,6.3,12.0,240.0,13.0,1475.0,14.3,10.9,0.0,,1012.8,,,275,Mace Head
2006-05-13,5.1,11.0,80.0,15.0,996.0,12.0,7.1,3.5,,1015.0,,,275,Mace Head
2006-05-14,8.8,16.0,120.0,21.0,679.0,12.9,10.2,16.6,,1011.2,,,275,Mace Head
2006-05-15,13.8,18.0,140.0,25.0,1478.0,13.8,11.5,2.7,,1004.2,,,275,Mace Head
2006-05-16,12.6,19.0,200.0,24.0,931.0,13.7,11.6,4.9,,1006.8,,,275,Mace Head
2006-05-17,21.7,40.0,210.0,50.0,516.0,13.8,11.6,16.6,,995.8,,,275,Mace Head
2006-05-18,23.8,33.0,210.0,46.0,1546.0,13.2,10.6,1.8,,989.3,,,275,Mace Head
2006-05-19,13.9,28.0,270.0,35.0,1486.0,13.3,9.7,10.3,,991.2,,,275,Mace Head
2006-05-20,13.6,21.0,340.0,27.0,2589.0,13.4,5.6,0.3,,990.8,,,275,Mace Head
2006-05-21,20.3,28.0,50.0,39.0,374.0,7.6,5.2,16.9,,990.0,,,275,Mace Head
2006-05-22,19.4,30.0,350.0,39.0,2518.0,10.9,6.4,0.3,,996.8,,,275,Mace Head
2006-05-23,19.7,27.0,230.0,37.0,1701.0,11.3,7.1,2.7,,1005.8,,,275,Mace Head
2006-05-24,12.2,25.0,280.0,36.0,2083.0,11.6,6.9,0.1,,1008.0,,,275,Mace Head
2006-05-25,6.5,17.0,210.0,20.0,1552.0,12.9,5.2,8.0,,1011.1,,,275,Mace Head
2006-05-26,16.2,25.0,240.0,31.0,1250.0,13.0,11.1,3.5,,1011.8,,,275,Mace Head
2006-05-27,15.7,20.0,270.0,25.0,2000.0,13.6,10.6,1.7,,1017.5,,,275,Mace Head
2006-05-28,13.7,21.0,300.0,29.0,1886.0,13.3,9.2,0.2,,1021.5,,,275,Mace Head
2006-05-29,16.3,28.0,300.0,35.0,2788.0,15.6,6.8,0.0,,1023.4,,,275,Mace Head
2006-05-30,10.1,18.0,290.0,22.0,3025.0,14.2,7.1,0.0,,1026.9,,,275,Mace Head
2006-05-31,5.9,11.0,270.0,13.0,2911.0,13.5,6.6,0.0,,1027.3,,,275,Mace Head
2006-06-01,7.6,10.0,250.0,12.0,3099.0,15.0,10.7,0.0,,1029.1,,,275,Mace Head
2006-06-02,4.5,8.0,250.0,10.0,3044.0,15.2,9.7,0.0,,1030.4,,,275,Mace Head
2006-06-03,3.8,6.0,230.0,8.0,2918.0,17.2,8.7,0.0,,1029.0,,,275,Mace Head
2006-06-04,4.3,7.0,240.0,9.0,2855.0,17.1,12.5,0.0,,1025.8,,,275,Mace Head
2006-06-05,3.1,7.0,150.0,8.0,3003.0,19.0,11.0,0.0,,1023.5,,,275,Mace Head
2006-06-06,5.6,10.0,280.0,12.0,2788.0,18.7,12.1,0.0,,1026.1,,,275,Mace Head
2006-06-07,5.3,10.0,290.0,11.0,2394.0,16.5,11.9,0.0,,1026.1,,,275,Mace Head
2006-06-08,6.3,12.0,130.0,15.0,2958.0,24.5,10.8,0.0,,1021.3,,,275,Mace Head
2006-06-09,17.0,24.0,130.0,32.0,2311.0,22.5,14.5,0.0,,1012.7,,,275,Mace Head
2006-06-10,19.0,28.0,180.0,38.0,1462.0,19.6,14.1,0.5,,1004.7,,,275,Mace Head
2006-06-11,18.5,26.0,140.0,33.0,2096.0,16.9,12.8,0.5,,1008.8,,,275,Mace Head
2006-06-12,22.3,31.0,170.0,41.0,1427.0,15.8,12.7,0.7,,1011.6,,,275,Mace Head
2006-06-13,12.5,20.0,270.0,25.0,1857.0,15.6,11.3,0.0,,1020.2,,,275,Mace Head
2006-06-14,5.6,12.0,280.0,14.0,2358.0,15.8,7.9,0.0,,1022.8,,,275,Mace Head
2006-06-15,8.7,12.0,240.0,15.0,1621.0,15.5,12.2,0.4,,1020.4,,,275,Mace Head
2006-06-16,8.1,12.0,210.0,14.0,1330.0,16.0,13.0,1.0,,1018.0,,,275,Mace Head
2006-06-17,12.9,20.0,210.0,25.0,965.0,15.8,13.2,0.4,,1013.8,,,275,Mace Head
2006-06-18,16.4,23.0,180.0,29.0,690.0,14.6,12.6,11.3,,1004.1,,,275,Mace Head
2006-06-19,16.0,22.0,310.0,28.0,2229.0,16.2,12.1,0.0,,1005.2,,,275,Mace Head
2006-06-20,24.4,31.0,200.0,38.0,1209.0,14.4,11.5,7.5,,1003.1,,,275,Mace Head
2006-06-21,28.0,34.0,280.0,42.0,1951.0,13.8,10.1,0.8,,1007.0,,,275,Mace Head
2006-06-22,16.4,27.0,290.0,34.0,2161.0,14.2,9.1,0.0,,1012.2,,,275,Mace Head
2006-06-23,4.5,7.0,190.0,9.0,1558.0,14.4,8.3,0.0,,1014.2,,,275,Mace Head
2006-06-24,7.7,16.0,280.0,19.0,2226.0,16.2,11.3,0.3,,1012.0,,,275,Mace Head
2006-06-25,6.2,16.0,340.0,20.0,1794.0,18.0,10.5,0.0,,1015.2,,,275,Mace Head
2006-06-26,5.0,11.0,330.0,16.0,975.0,17.3,10.2,0.0,,1017.3,,,275,Mace Head
2006-06-27,4.7,10.0,270.0,12.0,2653.0,17.2,10.8,0.0,,1016.8,,,275,Mace Head
2006-06-28,11.8,20.0,180.0,26.0,1239.0,16.1,12.0,0.9,,1013.7,,,275,Mace Head
2006-06-29,8.7,18.0,180.0,22.0,1626.0,16.3,12.1,7.3,,1013.1,,,275,Mace Head
2006-06-30,10.8,17.0,200.0,22.0,2644.0,17.2,13.2,0.0,,1017.0,,,275,Mace Head
2006-07-01,11.4,20.0,200.0,25.0,772.0,16.6,13.0,0.7,,1016.5,,,275,Mace Head
2006-07-02,6.1,14.0,290.0,17.0,2162.0,19.7,12.5,0.0,,1018.2,,,275,Mace Head
2006-07-03,5.0,10.0,280.0,12.0,2673.0,21.0,13.2,0.0,,1018.5,,,275,Mace Head
2006-07-04,6.1,13.0,300.0,16.0,999.0,18.9,14.2,0.0,,1014.8,,,275,Mace Head
2006-07-05,10.8,16.0,210.0,20.0,2103.0,17.1,12.8,0.0,,1012.5,,,275,Mace Head
2006-07-06,15.8,23.0,270.0,30.0,1359.0,17.3,14.1,2.3,,1011.2,,,275,Mace Head
2006-07-07,16.3,21.0,240.0,27.0,1917.0,16.9,12.8,0.2,,1012.4,,,275,Mace Head
2006-07-08,20.0,31.0,170.0,39.0,430.0,15.1,12.2,19.5,,1002.3,,,275,Mace Head
2006-07-09,18.2,31.0,280.0,39.0,2369.0,16.7,13.0,0.2,,1002.2,,,275,Mace Head
2006-07-10,18.3,25.0,220.0,32.0,1612.0,16.5,13.3,2.1,,1013.8,,,275,Mace Head
2006-07-11,14.3,20.0,260.0,24.0,2182.0,17.0,13.1,0.0,,1018.9,,,275,Mace Head
2006-07-12,11.9,18.0,230.0,22.0,1528.0,16.1,11.9,1.2,,1022.1,,,275,Mace Head
2006-07-13,7.4,16.0,270.0,18.0,2652.0,17.2,10.0,0.0,,1027.3,,,275,Mace Head
2006-07-14,7.5,14.0,100.0,17.0,2895.0,18.7,11.0,0.0,,1029.0,,,275,Mace Head
2006-07-15,5.2,9.0,150.0,11.0,2848.0,19.5,12.4,0.0,,1027.6,,,275,Mace Head
2006-07-16,4.3,8.0,260.0,9.0,2496.0,19.0,13.5,0.0,,1025.6,,,275,Mace Head
2006-07-17,4.6,10.0,280.0,13.0,2828.0,20.0,14.0,0.0,,1022.7,,,275,Mace Head
2006-07-18,5.9,11.0,140.0,13.0,2844.0,24.5,15.7,0.0,,1016.4,,,275,Mace Head
2006-07-19,9.3,18.0,90.0,23.0,1567.0,26.9,17.5,0.0,,1010.0,,,275,Mace Head
2006-07-20,6.2,12.0,280.0,15.0,743.0,19.1,13.8,0.4,,1012.2,,,275,Mace Head
2006-07-21,8.0,16.0,140.0,21.0,2082.0,21.2,12.4,0.1,,1013.3,,,275,Mace Head
2006-07-22,15.3,22.0,120.0,29.0,1497.0,18.9,14.4,6.2,,1009.2,,,275,Mace Head
2006-07-23,15.4,21.0,220.0,27.0,1923.0,19.0,15.5,0.2,,1013.0,,,275,Mace Head
2006-07-24,8.8,15.0,140.0,20.0,703.0,18.1,16.2,9.2,,1014.7,,,275,Mace Head
2006-07-25,6.4,12.0,130.0,15.0,1147.0,20.2,16.1,2.1,,1012.9,,,275,Mace Head
2006-07-26,7.4,15.0,240.0,18.0,1802.0,20.0,15.0,0.4,,1013.0,,,275,Mace Head
2006-07-27,12.7,18.0,180.0,23.0,816.0,17.9,14.8,3.2,,1012.2,,,275,Mace Head
2006-07-28,4.9,11.0,300.0,14.0,1578.0,18.4,14.4,0.0,,1006.5,,,275,Mace Head
2006-07-29,17.9,34.0,210.0,43.0,1588.0,18.2,14.6,4.9,,995.8,,,275,Mace Head
2006-07-30,22.1,28.0,210.0,36.0,1720.0,17.9,12.9,5.2,,998.6,,,275,Mace Head
2006-07-31,22.5,29.0,220.0,40.0,1434.0,17.0,12.9,4.3,,999.2,,,275,Mace Head
2006-08-01,18.7,28.0,270.0,34.0,1717.0,18.0,14.7,0.0,,1007.1,,,275,Mace Head
2006-08-02,12.4,20.0,340.0,26.0,1719.0,18.3,13.6,0.0,,1014.6,,,275,Mace Head
2006-08-03,8.8,13.0,270.0,15.0,1414.0,17.9,13.3,0.0,,1018.3,,,275,Mace Head
2006-08-04,10.4,14.0,230.0,17.0,898.0,18.6,15.4,0.4,,1018.1,,,275,Mace Head
2006-08-05,14.6,18.0,210.0,22.0,1194.0,19.3,16.6,0.7,,1018.7,,,275,Mace Head
2006-08-06,11.3,18.0,210.0,21.0,1956.0,18.9,11.9,4.4,,1020.9,,,275,Mace Head
2006-08-07,6.4,14.0,340.0,16.0,1930.0,18.9,10.9,0.0,,1025.1,,,275,Mace Head
2006-08-08,12.1,21.0,320.0,28.0,600.0,16.6,10.9,2.9,,1021.9,,,275,Mace Head
2006-08-09,17.4,24.0,290.0,29.0,1462.0,17.4,13.1,0.1,,1021.7,,,275,Mace Head
2006-08-10,20.3,23.0,310.0,28.0,2138.0,17.8,14.1,0.0,,1020.0,,,275,Mace Head
2006-08-11,13.4,19.0,310.0,23.0,707.0,16.1,11.6,0.0,,1019.5,,,275,Mace Head
2006-08-12,13.3,20.0,340.0,27.0,1595.0,17.1,11.3,0.0,,1021.6,,,275,Mace Head
2006-08-13,11.3,17.0,340.0,23.0,1861.0,17.6,12.7,0.0,,1018.8,,,275,Mace Head
2006-08-14,6.6,14.0,330.0,18.0,2081.0,18.1,11.1,0.0,,1014.5,,,275,Mace Head
2006-08-15,9.3,17.0,290.0,21.0,1263.0,16.5,11.8,5.7,,1004.9,,,275,Mace Head
2006-08-16,10.6,18.0,60.0,25.0,1432.0,19.7,8.8,0.0,,999.2,,,275,Mace Head
2006-08-17,8.6,15.0,340.0,18.0,1280.0,16.9,11.3,0.0,,999.4,,,275,Mace Head
2006-08-18,9.4,19.0,350.0,25.0,1005.0,17.6,11.1,0.6,,1001.9,,,275,Mace Head
2006-08-19,16.1,22.0,300.0,26.0,480.0,14.7,13.5,0.0,,1007.5,,,275,Mace Head
2006-08-20,8.6,20.0,290.0,24.0,1095.0,16.9,12.9,0.4,,1013.5,,,275,Mace Head
2006-08-21,7.1,17.0,310.0,21.0,1706.0,16.7,12.4,0.3,,1017.0,,,275,Mace Head
2006-08-22,11.3,22.0,180.0,28.0,702.0,16.2,13.9,1.6,,1013.5,,,275,Mace Head
2006-08-23,9.4,17.0,300.0,21.0,1841.0,16.9,12.0,0.2,,1009.9,,,275,Mace Head
2006-08-24,5.7,13.0,140.0,18.0,1582.0,17.6,10.5,0.1,,1008.1,,,275,Mace Head
2006-08-25,13.3,20.0,280.0,25.0,1111.0,16.9,13.5,1.2,,1005.0,,,275,Mace Head
2006-08-26,16.2,22.0,280.0,30.0,1090.0,17.0,13.3,0.8,,1009.9,,,275,Mace Head
2006-08-27,13.8,23.0,240.0,31.0,997.0,16.3,13.3,1.0,,1011.0,,,275,Mace Head
2006-08-28,16.8,23.0,260.0,32.0,1560.0,16.1,12.7,1.3,,1010.2,,,275,Mace Head
2006-08-29,14.1,21.0,300.0,28.0,1952.0,16.5,12.4,0.1,,1012.3,,,275,Mace Head
2006-08-30,13.6,20.0,210.0,25.0,276.0,16.3,11.7,9.1,,1012.2,,,275,Mace Head
2006-08-31,13.3,22.0,200.0,28.0,1078.0,17.8,14.9,0.8,,1007.0,,,275,Mace Head
2006-09-01,16.4,23.0,240.0,34.0,1535.0,16.8,13.0,2.7,,1003.7,,,275,Mace Head
2006-09-02,10.9,18.0,190.0,23.0,1455.0,17.0,12.8,13.5,,995.9,,,275,Mace Head
2006-09-03,17.1,22.0,260.0,27.0,1723.0,16.8,12.8,1.8,,1005.0,,,275,Mace Head
2006-09-04,10.2,19.0,200.0,24.0,552.0,17.3,14.4,4.7,,1016.2,,,275,Mace Head
2006-09-05,17.9,24.0,200.0,30.0,405.0,17.2,14.7,4.9,,1011.9,,,275,Mace Head
2006-09-06,13.1,19.0,290.0,24.0,1501.0,17.0,12.9,0.1,,1016.4,,,275,Mace Head
2006-09-07,6.9,11.0,80.0,15.0,1651.0,18.3,10.7,0.0,,1023.7,,,275,Mace Head
2006-09-08,12.9,18.0,120.0,25.0,1798.0,19.8,9.5,0.0,,1022.8,,,275,Mace Head
2006-09-09,14.4,19.0,120.0,26.0,1494.0,21.0,11.6,0.0,,1015.7,,,275,Mace Head
2006-09-10,12.3,15.0,120.0,20.0,951.0,21.1,15.9,4.5,,1010.7,,,275,Mace Head
2006-09-11,5.5,11.0,150.0,13.0,1305.0,21.3,15.8,0.0,,1008.5,,,275,Mace Head
2006-09-12,9.0,23.0,150.0,30.0,1137.0,17.8,14.8,8.0,,1002.5,,,275,Mace Head
2006-09-13,19.0,29.0,140.0,37.0,1160.0,17.0,13.3,3.7,,995.2,,,275,Mace Head
2006-09-14,9.6,20.0,240.0,24.0,1698.0,16.0,12.2,1.0,,1003.6,,,275,Mace Head
2006-09-15,10.6,17.0,170.0,21.0,1726.0,16.7,12.9,0.1,,1010.5,,,275,Mace Head
2006-09-16,13.6,19.0,130.0,26.0,608.0,18.8,13.4,3.4,,1006.5,,,275,Mace Head
2006-09-17,13.2,20.0,180.0,26.0,1380.0,17.4,13.7,0.3,,1006.2,,,275,Mace Head
2006-09-18,24.0,34.0,240.0,47.0,999.0,16.7,12.9,15.8,,1000.8,,,275,Mace Head
2006-09-19,22.0,32.0,190.0,39.0,761.0,16.5,11.6,7.4,,998.5,,,275,Mace Head
2006-09-20,15.8,35.0,180.0,46.0,358.0,16.3,11.3,23.1,,989.6,,,275,Mace Head
2006-09-21,12.9,34.0,260.0,42.0,252.0,14.4,11.3,43.8,,982.8,,,275,Mace Head
2006-09-22,15.6,27.0,180.0,33.0,1450.0,18.7,12.7,4.1,,989.8,,,275,Mace Head
2006-09-23,12.3,19.0,120.0,26.0,707.0,16.9,13.2,7.8,,997.0,,,275,Mace Head
2006-09-24,8.6,19.0,90.0,24.0,1383.0,18.9,12.7,2.7,,999.1,,,275,Mace Head
2006-09-25,10.5,18.0,270.0,21.0,1336.0,16.7,14.4,2.6,,1006.8,,,275,Mace Head
2006-09-26,11.8,17.0,140.0,23.0,299.0,16.7,13.5,5.4,,1008.4,,,275,Mace Head
2006-09-27,24.1,35.0,210.0,45.0,328.0,17.0,13.9,5.1,,994.8,,,275,Mace Head
2006-09-28,16.3,26.0,240.0,33.0,879.0,15.3,11.8,1.6,,996.6,,,275,Mace Head
2006-09-29,14.0,19.0,220.0,26.0,1339.0,16.2,11.9,1.2,,993.8,,,275,Mace Head
2006-09-30,13.1,22.0,130.0,27.0,659.0,16.3,12.6,2.7,,991.3,,,275,Mace Head
2006-10-01,9.6,16.0,330.0,21.0,1252.0,16.3,9.2,0.0,,994.0,,,275,Mace Head
2006-10-02,13.8,20.0,320.0,26.0,988.0,14.4,10.5,1.7,,1000.7,,,275,Mace Head
2006-10-03,6.2,13.0,300.0,16.0,1240.0,14.6,8.4,0.3,,1005.2,,,275,Mace Head
2006-10-04,11.3,21.0,220.0,26.0,830.0,14.5,7.7,5.6,,1007.8,,,275,Mace Head
2006-10-05,23.0,30.0,230.0,36.0,358.0,15.8,11.2,19.2,,1000.1,,,275,Mace Head
2006-10-06,29.0,39.0,290.0,53.0,836.0,15.0,11.2,2.8,,997.6,,,275,Mace Head
2006-10-07,23.0,28.0,220.0,36.0,772.0,15.4,12.1,0.0,,1008.6,,,275,Mace Head
2006-10-08,18.9,28.0,200.0,35.0,605.0,15.3,11.7,2.4,,1001.5,,,275,Mace Head
2006-10-09,16.9,24.0,240.0,32.0,1059.0,15.1,11.6,1.2,,1006.2,,,275,Mace Head
2006-10-10,18.4,26.0,110.0,35.0,847.0,15.3,10.9,8.4,,1003.4,,,275,Mace Head
2006-10-11,19.6,30.0,200.0,40.0,1030.0,14.9,11.7,6.6,,998.3,,,275,Mace Head
2006-10-12,18.7,27.0,230.0,33.0,1030.0,15.7,12.1,0.3,,1008.8,,,275,Mace Head
2006-10-13,17.2,24.0,150.0,31.0,1059.0,17.8,13.1,0.0,,1019.1,,,275,Mace Head
2006-10-14,14.7,20.0,130.0,27.0,879.0,16.4,12.3,0.0,,1020.0,,,275,Mace Head
2006-10-15,14.7,19.0,70.0,25.0,521.0,17.7,10.9,0.0,,1019.8,,,275,Mace Head
2006-10-16,11.4,19.0,90.0,26.0,372.0,13.7,9.3,0.0,,1011.7,,,275,Mace Head
2006-10-17,13.4,19.0,90.0,27.0,160.0,14.3,11.0,6.6,,1000.1,,,275,Mace Head
2006-10-18,16.0,20.0,80.0,27.0,309.0,15.5,12.8,4.3,,991.9,,,275,Mace Head
2006-10-19,10.5,20.0,50.0,26.0,483.0,16.4,11.5,0.0,,983.1,,,275,Mace Head
2006-10-20,7.8,12.0,200.0,16.0,638.0,15.6,12.6,4.0,,982.8,,,275,Mace Head
2006-10-21,10.5,20.0,280.0,24.0,839.0,15.6,10.3,0.4,,981.3,,,275,Mace Head
2006-10-22,16.9,21.0,280.0,27.0,724.0,14.2,10.9,3.5,,984.9,,,275,Mace Head
2006-10-23,10.1,19.0,240.0,23.0,835.0,14.2,9.5,0.0,,987.9,,,275,Mace Head
2006-10-24,12.5,20.0,260.0,25.0,583.0,13.7,8.1,4.1,,993.3,,,275,Mace Head
2006-10-25,13.9,23.0,30.0,32.0,112.0,11.0,8.1,16.9,,990.1,,,275,Mace Head
2006-10-26,23.2,31.0,290.0,39.0,655.0,12.8,10.3,0.6,,996.5,,,275,Mace Head
2006-10-27,20.1,29.0,200.0,36.0,252.0,13.9,11.3,7.3,,1009.4,,,275,Mace Head
2006-10-28,15.1,22.0,230.0,28.0,267.0,14.2,11.4,1.4,,1015.3,,,275,Mace Head
2006-10-29,10.7,18.0,220.0,22.0,175.0,14.4,8.8,3.9,,1018.1,,,275,Mace Head
2006-10-30,23.1,36.0,270.0,44.0,248.0,14.4,12.0,1.7,,1010.2,,,275,Mace Head
2006-10-31,20.4,38.0,280.0,50.0,551.0,12.6,4.9,0.0,,1015.6,,,275,Mace Head
2006-11-01,5.8,9.0,90.0,11.0,711.0,11.7,3.9,0.2,,1030.2,,,275,Mace Head
2006-11-02,8.4,10.0,110.0,13.0,728.0,10.5,2.5,0.0,,1033.1,,,275,Mace Head
2006-11-03,9.2,13.0,230.0,15.0,639.0,11.6,4.0,0.0,,1031.6,,,275,Mace Head
2006-11-04,12.8,15.0,240.0,18.0,377.0,13.1,10.6,0.0,,1032.4,,,275,Mace Head
2006-11-05,13.9,17.0,240.0,21.0,367.0,12.9,11.4,0.0,,1029.0,,,275,Mace Head
2006-11-06,8.7,13.0,210.0,18.0,430.0,12.5,9.5,0.0,,1021.4,,,275,Mace Head
2006-11-07,12.2,17.0,210.0,22.0,89.0,13.2,11.6,1.8,,1014.2,,,275,Mace Head
2006-11-08,15.6,21.0,220.0,29.0,337.0,12.7,8.9,1.9,,1018.8,,,275,Mace Head
2006-11-09,10.7,22.0,140.0,28.0,525.0,11.6,5.3,0.0,,1027.6,,,275,Mace Head
2006-11-10,20.3,28.0,190.0,36.0,102.0,13.7,9.5,6.8,,1018.8,,,275,Mace Head
2006-11-11,27.6,36.0,270.0,45.0,262.0,12.4,10.3,0.1,,1019.3,,,275,Mace Head
2006-11-12,22.1,30.0,260.0,38.0,82.0,13.3,11.1,0.6,,1014.1,,,275,Mace Head
2006-11-13,25.8,35.0,260.0,44.0,256.0,12.9,9.9,1.0,,1003.5,,,275,Mace Head
2006-11-14,19.4,27.0,260.0,37.0,300.0,10.9,8.3,4.6,,999.0,,,275,Mace Head
2006-11-15,7.8,16.0,340.0,20.0,94.0,9.9,6.0,11.5,,990.7,,,275,Mace Head
2006-11-16,11.1,23.0,220.0,30.0,231.0,8.2,4.7,13.8,,988.1,,,275,Mace Head
2006-11-17,15.5,40.0,260.0,54.0,198.0,7.9,2.6,9.4,,987.6,,,275,Mace Head
2006-11-18,22.9,46.0,260.0,57.0,283.0,8.2,3.7,15.2,,999.2,,,275,Mace Head
2006-11-19,29.2,44.0,190.0,58.0,35.0,12.8,7.0,12.6,,996.9,,,275,Mace Head
2006-11-20,29.7,38.0,290.0,51.0,319.0,10.3,5.5,2.2,,994.3,,,275,Mace Head
2006-11-21,22.9,36.0,290.0,50.0,376.0,9.7,5.2,0.7,,996.3,,,275,Mace Head
2006-11-22,17.1,32.0,310.0,39.0,138.0,11.4,8.5,21.4,,979.1,,,275,Mace Head
2006-11-23,30.1,40.0,260.0,50.0,203.0,10.1,6.9,2.3,,971.3,,,275,Mace Head
2006-11-24,17.7,34.0,180.0,46.0,199.0,10.5,5.4,13.4,,973.6,,,275,Mace Head
2006-11-25,24.7,35.0,200.0,45.0,357.0,10.5,7.0,4.0,,980.2,,,275,Mace Head
2006-11-26,20.1,33.0,130.0,44.0,148.0,11.2,8.8,5.1,,988.1,,,275,Mace Head
2006-11-27,31.5,42.0,190.0,54.0,209.0,12.2,7.0,6.2,,985.7,,,275,Mace Head
2006-11-28,22.5,31.0,190.0,38.0,255.0,11.5,8.0,2.9,,998.3,,,275,Mace Head
2006-11-29,23.2,32.0,160.0,43.0,194.0,12.4,11.1,0.3,,1009.3,,,275,Mace Head
2006-11-30,23.4,38.0,160.0,52.0,6.0,12.6,8.2,29.5,,1001.5,,,275,Mace Head
2006-12-01,24.8,47.0,210.0,60.0,209.0,11.3,7.5,3.8,,997.2,,,275,Mace Head
2006-12-02,29.6,42.0,180.0,53.0,142.0,12.4,7.7,19.8,,981.0,,,275,Mace Head
2006-12-03,40.4,57.0,240.0,75.0,147.0,10.4,6.7,13.0,,974.1,,,275,Mace Head
2006-12-04,25.1,37.0,260.0,51.0,30.0,12.6,7.4,6.6,,981.2,,,275,Mace Head
2006-12-05,25.6,39.0,280.0,51.0,214.0,10.2,7.2,7.2,,980.1,,,275,Mace Head
2006-12-06,29.0,41.0,240.0,59.0,189.0,11.2,6.9,11.4,,985.8,,,275,Mace Head
2006-12-07,29.1,42.0,230.0,65.0,124.0,10.1,6.5,5.6,,973.6,,,275,Mace Head
2006-12-08,21.4,30.0,300.0,41.0,169.0,8.2,5.3,3.8,,992.4,,,275,Mace Head
2006-12-09,20.5,33.0,310.0,43.0,265.0,10.3,5.5,0.9,,1011.0,,,275,Mace Head
2006-12-10,29.2,36.0,200.0,46.0,18.0,12.0,9.8,16.1,,1004.9,,,275,Mace Head
2006-12-11,29.6,42.0,260.0,54.0,251.0,10.9,5.2,2.1,,1002.9,,,275,Mace Head
2006-12-12,27.4,42.0,220.0,53.0,220.0,11.0,8.6,4.7,,1004.6,,,275,Mace Head
2006-12-13,32.5,39.0,210.0,48.0,20.0,12.0,10.5,10.7,,1004.1,,,275,Mace Head
2006-12-14,18.8,32.0,210.0,40.0,37.0,11.9,6.9,10.2,,1006.7,,,275,Mace Head
2006-12-15,15.6,23.0,250.0,32.0,106.0,9.6,6.6,2.6,,1013.7,,,275,Mace Head
2006-12-16,18.3,25.0,270.0,30.0,250.0,9.3,6.8,0.7,,1018.9,,,275,Mace Head
2006-12-17,13.7,22.0,200.0,27.0,75.0,9.8,7.9,3.8,,1020.3,,,275,Mace Head
2006-12-18,5.6,15.0,250.0,18.0,287.0,9.3,2.1,0.1,,1025.6,,,275,Mace Head
2006-12-19,5.9,11.0,90.0,14.0,30.0,4.4,0.5,0.0,,1033.9,,,275,Mace Head
2006-12-20,10.9,15.0,160.0,20.0,169.0,8.3,2.2,0.0,,1034.8,,,275,Mace Head
2006-12-21,17.2,22.0,200.0,27.0,98.0,10.2,7.2,0.0,,1036.2,,,275,Mace Head
2006-12-22,11.4,18.0,210.0,21.0,69.0,9.9,8.2,0.0,,1038.3,,,275,Mace Head
2006-12-23,11.2,15.0,150.0,19.0,78.0,8.9,6.0,0.0,,1036.3,,,275,Mace Head
2006-12-24,13.6,17.0,120.0,23.0,172.0,7.2,4.9,0.0,,1032.6,,,275,Mace Head
2006-12-25,13.6,18.0,130.0,25.0,112.0,8.4,6.8,0.0,,1029.3,,,275,Mace Head
2006-12-26,12.4,21.0,130.0,28.0,205.0,9.0,4.9,0.3,,1024.0,,,275,Mace Head
2006-12-27,8.7,19.0,130.0,26.0,112.0,9.0,6.5,1.3,,1018.1,,,275,Mace Head
2006-12-28,18.0,26.0,130.0,35.0,111.0,10.9,7.9,4.2,,1005.3,,,275,Mace Head
2006-12-29,26.3,40.0,210.0,53.0,147.0,12.2,6.9,20.6,,984.0,,,275,Mace Head
2006-12-30,21.4,35.0,240.0,53.0,159.0,9.2,6.4,4.3,,994.7,,,275,Mace Head
2006-12-31,29.7,54.0,230.0,71.0,126.0,13.8,3.6,10.7,,995.2,,,275,Mace Head
2007-01-01,29.7,39.0,270.0,55.0,201.0,9.1,4.5,2.8,,1010.2,,,275,Mace Head
2007-01-02,23.2,40.0,280.0,50.0,118.0,10.7,6.6,1.7,,1021.1,,,275,Mace Head
2007-01-03,27.6,34.0,200.0,43.0,76.0,11.6,8.8,3.2,,1006.3,,,275,Mace Head
2007-01-04,21.3,32.0,270.0,43.0,139.0,10.1,8.2,0.5,,1008.6,,,275,Mace Head
2007-01-05,21.2,31.0,230.0,40.0,291.0,10.5,7.3,2.1,,1008.0,,,275,Mace Head
2007-01-06,21.0,37.0,200.0,49.0,251.0,10.3,7.2,3.8,,1003.0,,,275,Mace Head
2007-01-07,17.5,26.0,200.0,34.0,56.0,10.2,6.5,10.8,,992.5,,,275,Mace Head
2007-01-08,26.9,36.0,210.0,46.0,88.0,11.7,6.9,8.1,,987.5,,,275,Mace Head
2007-01-09,17.6,33.0,230.0,42.0,89.0,11.1,7.0,4.3,,988.6,,,275,Mace Head
2007-01-10,26.0,47.0,210.0,60.0,227.0,10.5,4.9,6.7,,1002.3,,,275,Mace Head
2007-01-11,33.5,47.0,260.0,66.0,214.0,11.8,7.1,1.0,,1002.9,,,275,Mace Head
2007-01-12,25.1,34.0,220.0,47.0,91.0,11.6,8.9,0.4,,1010.2,,,275,Mace Head
2007-01-13,27.2,40.0,230.0,52.0,138.0,10.8,6.2,4.3,,1006.2,,,275,Mace Head
2007-01-14,26.3,30.0,210.0,38.0,236.0,10.3,8.0,0.8,,1015.7,,,275,Mace Head
2007-01-15,22.7,34.0,210.0,47.0,182.0,10.9,5.1,1.4,,1007.1,,,275,Mace Head
2007-01-16,11.9,29.0,220.0,39.0,266.0,9.4,2.8,4.8,,1001.1,,,275,Mace Head
2007-01-17,29.2,51.0,260.0,70.0,313.0,8.8,3.4,10.6,,987.1,,,275,Mace Head
2007-01-18,34.2,51.0,260.0,66.0,199.0,11.3,5.3,11.1,,985.2,,,275,Mace Head
2007-01-19,24.0,41.0,230.0,54.0,75.0,11.8,6.8,3.5,,1000.1,,,275,Mace Head
2007-01-20,30.9,49.0,250.0,61.0,269.0,9.0,3.0,5.8,,999.3,,,275,Mace Head
2007-01-21,22.4,38.0,290.0,52.0,128.0,7.8,3.9,2.8,,1009.7,,,275,Mace Head
2007-01-22,13.3,22.0,40.0,30.0,476.0,6.5,2.1,0.0,,1024.7,,,275,Mace Head
2007-01-23,11.6,24.0,320.0,33.0,298.0,7.6,1.1,1.8,,1025.8,,,275,Mace Head
2007-01-24,10.4,23.0,340.0,31.0,338.0,8.7,4.1,0.5,,1021.9,,,275,Mace Head
2007-01-25,5.7,15.0,280.0,20.0,495.0,7.6,-0.6,0.0,,1028.5,,,275,Mace Head
2007-01-26,8.9,18.0,330.0,23.0,313.0,9.1,5.7,0.0,,1030.2,,,275,Mace Head
2007-01-27,10.8,20.0,250.0,24.0,190.0,8.1,5.9,0.0,,1034.2,,,275,Mace Head
2007-01-28,13.1,21.0,260.0,26.0,318.0,9.6,7.5,0.1,,1032.2,,,275,Mace Head
2007-01-29,8.2,14.0,260.0,17.0,193.0,8.4,6.0,0.2,,1028.4,,,275,Mace Head
2007-01-30,14.7,19.0,220.0,24.0,321.0,9.7,6.3,0.2,,1023.1,,,275,Mace Head
2007-01-31,12.2,20.0,230.0,24.0,101.0,10.0,9.2,0.3,,1022.2,,,275,Mace Head
2007-02-01,10.6,17.0,200.0,22.0,338.0,10.9,8.6,0.1,,1026.7,,,275,Mace Head
2007-02-02,5.7,17.0,300.0,22.0,565.0,10.1,2.3,0.0,,1032.6,,,275,Mace Head
2007-02-03,8.3,13.0,110.0,15.0,570.0,8.1,2.0,0.0,,1035.2,,,275,Mace Head
2007-02-04,4.6,9.0,110.0,10.0,602.0,8.4,1.2,0.0,,1029.1,,,275,Mace Head
2007-02-05,4.8,10.0,80.0,14.0,304.0,7.3,2.0,0.0,,1018.8,,,275,Mace Head
2007-02-06,11.2,18.0,80.0,23.0,677.0,4.0,-1.2,0.0,,1007.1,,,275,Mace Head
2007-02-07,20.3,33.0,80.0,45.0,108.0,2.7,-1.0,3.6,,988.1,,,275,Mace Head
2007-02-08,27.3,40.0,220.0,51.0,153.0,7.4,2.2,12.6,,979.7,,,275,Mace Head
2007-02-09,18.0,30.0,110.0,41.0,520.0,8.5,3.1,3.2,,990.9,,,275,Mace Head
2007-02-10,18.0,25.0,90.0,33.0,241.0,8.6,2.8,7.9,,981.9,,,275,Mace Head
2007-02-11,14.7,29.0,220.0,36.0,312.0,9.6,6.1,4.1,,978.7,,,275,Mace Head
2007-02-12,19.1,32.0,280.0,41.0,359.0,9.1,5.8,4.3,,988.2,,,275,Mace Head
2007-02-13,15.7,25.0,250.0,30.0,294.0,9.8,5.8,2.4,,995.3,,,275,Mace Head
2007-02-14,14.2,32.0,170.0,41.0,301.0,10.6,3.1,1.3,,996.2,,,275,Mace Head
2007-02-15,24.2,33.0,190.0,53.0,266.0,10.7,6.2,7.0,,989.6,,,275,Mace Head
2007-02-16,14.1,33.0,180.0,43.0,475.0,9.7,7.2,0.5,,1000.1,,,275,Mace Head
2007-02-17,6.6,16.0,310.0,20.0,701.0,9.6,2.3,0.6,,1012.5,,,275,Mace Head
2007-02-18,15.8,23.0,140.0,32.0,278.0,8.0,2.4,1.7,,1008.6,,,275,Mace Head
2007-02-19,21.6,30.0,220.0,37.0,191.0,11.2,7.6,10.3,,990.3,,,275,Mace Head
2007-02-20,11.4,28.0,240.0,40.0,557.0,10.4,6.1,4.3,,993.2,,,275,Mace Head
2007-02-21,16.3,26.0,130.0,33.0,141.0,9.7,5.8,4.3,,992.2,,,275,Mace Head
2007-02-22,14.1,19.0,170.0,26.0,588.0,11.1,8.0,4.3,,985.3,,,275,Mace Head
2007-02-23,13.0,20.0,150.0,27.0,553.0,10.4,7.9,4.7,,983.1,,,275,Mace Head
2007-02-24,11.3,22.0,280.0,27.0,414.0,10.4,6.6,1.3,,988.3,,,275,Mace Head
2007-02-25,19.6,29.0,310.0,38.0,693.0,9.8,7.3,0.7,,1001.2,,,275,Mace Head
2007-02-26,10.7,19.0,200.0,24.0,485.0,10.6,7.4,8.6,,1009.5,,,275,Mace Head
2007-02-27,26.5,36.0,230.0,46.0,561.0,11.2,8.8,3.7,,994.4,,,275,Mace Head
2007-02-28,29.5,46.0,250.0,57.0,649.0,9.5,5.2,5.2,,982.2,,,275,Mace Head
2007-03-01,12.6,28.0,290.0,37.0,1089.0,9.7,4.5,0.9,,994.2,,,275,Mace Head
2007-03-02,12.1,20.0,170.0,28.0,830.0,10.6,6.4,5.6,,994.7,,,275,Mace Head
2007-03-03,14.4,22.0,250.0,29.0,961.0,10.0,6.0,1.8,,999.5,,,275,Mace Head
2007-03-04,31.5,46.0,200.0,61.0,735.0,10.8,4.1,7.8,,988.6,,,275,Mace Head
2007-03-05,29.9,42.0,180.0,60.0,109.0,10.4,4.0,21.6,,980.2,,,275,Mace Head
2007-03-06,22.4,33.0,250.0,44.0,957.0,9.9,5.7,3.6,,984.6,,,275,Mace Head
2007-03-07,14.0,35.0,290.0,48.0,464.0,10.1,5.7,2.3,,1002.4,,,275,Mace Head
2007-03-08,19.1,32.0,180.0,42.0,358.0,11.0,6.3,5.1,,1012.2,,,275,Mace Head
2007-03-09,20.8,33.0,250.0,47.0,926.0,10.2,5.9,1.7,,1022.4,,,275,Mace Head
2007-03-10,21.9,29.0,190.0,39.0,304.0,10.4,9.2,0.1,,1022.4,,,275,Mace Head
2007-03-11,14.1,29.0,180.0,38.0,175.0,9.9,5.9,6.4,,1014.8,,,275,Mace Head
2007-03-12,18.3,30.0,230.0,37.0,1233.0,10.2,6.7,0.5,,1016.5,,,275,Mace Head
2007-03-13,12.9,23.0,230.0,29.0,1068.0,11.0,8.1,0.0,,1026.1,,,275,Mace Head
2007-03-14,16.0,20.0,190.0,26.0,720.0,10.7,8.7,0.0,,1027.2,,,275,Mace Head
2007-03-15,16.5,27.0,210.0,35.0,1207.0,10.9,6.9,2.1,,1023.8,,,275,Mace Head
2007-03-16,22.1,29.0,260.0,36.0,244.0,9.9,6.7,0.1,,1025.1,,,275,Mace Head
2007-03-17,24.7,35.0,270.0,48.0,224.0,10.2,6.7,2.0,,1016.1,,,275,Mace Head
2007-03-18,36.1,48.0,280.0,66.0,871.0,7.6,1.9,4.5,,1004.0,,,275,Mace Head
2007-03-19,25.2,43.0,320.0,54.0,1025.0,7.4,2.8,2.3,,1011.7,,,275,Mace Head
2007-03-20,12.1,23.0,350.0,34.0,1234.0,8.6,2.3,0.2,,1023.6,,,275,Mace Head
2007-03-21,11.2,17.0,190.0,22.0,352.0,9.9,2.5,3.0,,1019.8,,,275,Mace Head
2007-03-22,7.3,16.0,270.0,21.0,983.0,11.5,5.7,0.0,,1018.3,,,275,Mace Head
2007-03-23,5.9,9.0,120.0,11.0,1159.0,11.8,4.6,0.0,,1018.9,,,275,Mace Head
2007-03-24,5.6,13.0,120.0,17.0,842.0,11.6,7.2,3.0,,1020.0,,,275,Mace Head
2007-03-25,7.7,17.0,70.0,23.0,1412.0,10.9,4.1,0.0,,1020.5,,,275,Mace Head
2007-03-26,6.6,12.0,110.0,16.0,1436.0,12.9,4.6,0.0,,1017.3,,,275,Mace Head
2007-03-27,8.3,19.0,310.0,25.0,1544.0,12.4,4.4,0.0,,1015.3,,,275,Mace Head
2007-03-28,13.0,21.0,320.0,27.0,1722.0,10.5,4.6,0.7,,1017.9,,,275,Mace Head
2007-03-29,11.7,24.0,340.0,31.0,1630.0,9.3,3.3,1.3,,1016.3,,,275,Mace Head
2007-03-30,7.3,17.0,10.0,21.0,1200.0,13.1,5.7,0.0,,1019.8,,,275,Mace Head
2007-03-31,7.7,15.0,60.0,27.0,1484.0,14.6,6.0,0.0,,1028.1,,,275,Mace Head
2007-04-01,10.9,18.0,60.0,23.0,1756.0,14.6,5.5,0.0,,1031.6,,,275,Mace Head
2007-04-02,12.7,21.0,50.0,27.0,1611.0,15.8,5.3,0.0,,1030.4,,,275,Mace Head
2007-04-03,9.6,17.0,60.0,23.0,1324.0,14.1,5.3,0.0,,1027.9,,,275,Mace Head
2007-04-04,6.3,14.0,280.0,17.0,1850.0,11.7,3.0,0.0,,1026.4,,,275,Mace Head
2007-04-05,5.7,12.0,280.0,15.0,1885.0,13.0,4.7,0.0,,1023.8,,,275,Mace Head
2007-04-06,6.0,13.0,290.0,15.0,1753.0,12.3,4.0,0.0,,1024.3,,,275,Mace Head
2007-04-07,4.4,8.0,150.0,9.0,1827.0,11.7,5.1,0.0,,1025.2,,,275,Mace Head
2007-04-08,7.4,13.0,260.0,16.0,1036.0,11.9,6.2,0.1,,1023.6,,,275,Mace Head
2007-04-09,11.6,17.0,250.0,21.0,717.0,11.7,9.4,0.0,,1020.5,,,275,Mace Head
2007-04-10,10.5,17.0,230.0,23.0,1058.0,12.5,9.8,0.2,,1020.7,,,275,Mace Head
2007-04-11,5.2,9.0,170.0,11.0,1735.0,13.3,8.9,0.0,,1020.5,,,275,Mace Head
2007-04-12,5.9,10.0,210.0,14.0,1817.0,13.3,6.7,0.1,,1019.2,,,275,Mace Head
2007-04-13,6.4,12.0,120.0,14.0,1959.0,16.2,6.4,0.0,,1017.4,,,275,Mace Head
2007-04-14,7.6,13.0,140.0,16.0,1756.0,17.0,8.4,0.0,,1018.5,,,275,Mace Head
2007-04-15,12.2,19.0,210.0,23.0,744.0,13.1,9.5,0.0,,1022.5,,,275,Mace Head
2007-04-16,8.8,16.0,270.0,19.0,1895.0,12.6,6.6,0.0,,1027.7,,,275,Mace Head
2007-04-17,7.8,16.0,270.0,18.0,2019.0,13.3,6.2,0.0,,1027.9,,,275,Mace Head
2007-04-18,5.6,9.0,260.0,11.0,2151.0,12.5,4.2,0.0,,1023.8,,,275,Mace Head
2007-04-19,6.5,10.0,280.0,11.0,2186.0,13.7,8.1,0.0,,1018.7,,,275,Mace Head
2007-04-20,10.5,16.0,200.0,21.0,0.0,11.9,7.0,0.0,,1015.2,,,275,Mace Head
2007-04-21,18.2,23.0,190.0,29.0,0.0,13.2,11.3,7.5,,1010.5,,,275,Mace Head
2007-04-22,15.5,19.0,200.0,25.0,0.0,12.2,11.4,0.9,,1009.1,,,275,Mace Head
2007-04-23,20.7,33.0,190.0,42.0,0.0,13.0,11.6,11.8,,1004.7,,,275,Mace Head
2007-04-24,7.5,14.0,200.0,17.0,1395.0,14.5,10.2,1.3,,1002.4,,,275,Mace Head
2007-04-25,15.8,30.0,310.0,38.0,1923.0,12.0,8.0,20.3,,1005.9,,,275,Mace Head
2007-04-26,7.2,11.0,130.0,14.0,2393.0,14.1,6.0,0.0,,1021.0,,,275,Mace Head
2007-04-27,8.7,15.0,80.0,20.0,2193.0,17.4,5.8,0.0,,1022.6,,,275,Mace Head
2007-04-28,13.2,18.0,90.0,25.0,1650.0,20.7,10.7,0.0,,1018.5,,,275,Mace Head
2007-04-29,12.0,20.0,90.0,27.0,660.0,14.8,11.3,0.7,,1014.2,,,275,Mace Head
2007-04-30,12.7,17.0,90.0,23.0,1436.0,18.7,10.1,0.0,,1011.5,,,275,Mace Head
2007-05-01,14.1,21.0,70.0,27.0,2135.0,20.4,9.0,0.0,,1010.7,,,275,Mace Head
2007-05-02,8.2,15.0,80.0,20.0,2415.0,21.2,9.9,0.0,,1014.7,,,275,Mace Head
2007-05-03,6.3,13.0,280.0,15.0,2478.0,19.0,9.4,0.0,,1016.9,,,275,Mace Head
2007-05-04,5.1,9.0,270.0,11.0,2409.0,16.7,10.7,0.0,,1015.8,,,275,Mace Head
2007-05-05,15.4,27.0,210.0,34.0,626.0,14.1,11.6,0.2,,1012.5,,,275,Mace Head
2007-05-06,20.0,29.0,250.0,37.0,1123.0,13.3,9.6,2.3,,1008.9,,,275,Mace Head
2007-05-07,21.1,32.0,260.0,40.0,1761.0,13.7,9.9,1.5,,1005.5,,,275,Mace Head
2007-05-08,17.5,36.0,230.0,43.0,1776.0,13.5,10.3,4.0,,1004.5,,,275,Mace Head
2007-05-09,18.4,39.0,230.0,48.0,1139.0,13.2,9.6,10.2,,1001.1,,,275,Mace Head
2007-05-10,21.1,36.0,240.0,45.0,2166.0,13.5,9.7,0.8,,996.6,,,275,Mace Head
2007-05-11,9.6,19.0,110.0,25.0,1043.0,13.8,6.9,3.8,,994.1,,,275,Mace Head
2007-05-12,9.6,13.0,200.0,16.0,2100.0,14.7,7.8,1.1,,995.7,,,275,Mace Head
2007-05-13,15.9,29.0,340.0,35.0,2119.0,13.7,7.0,0.0,,1003.0,,,275,Mace Head
2007-05-14,13.2,21.0,220.0,28.0,1573.0,13.1,8.1,5.0,,1008.0,,,275,Mace Head
2007-05-15,11.6,20.0,270.0,24.0,1956.0,13.5,9.5,0.0,,1009.2,,,275,Mace Head
2007-05-16,18.7,27.0,270.0,33.0,521.0,12.9,9.2,5.1,,1010.0,,,275,Mace Head
2007-05-17,16.6,25.0,210.0,32.0,704.0,13.0,11.6,0.1,,1009.8,,,275,Mace Head
2007-05-18,31.7,41.0,240.0,57.0,1871.0,13.1,9.5,3.0,,999.8,,,275,Mace Head
2007-05-19,24.1,32.0,250.0,39.0,2457.0,12.1,8.8,1.0,,1003.9,,,275,Mace Head
2007-05-20,12.0,18.0,260.0,22.0,2563.0,12.7,8.9,0.0,,1013.1,,,275,Mace Head
2007-05-21,12.9,25.0,230.0,32.0,2638.0,13.5,6.7,0.0,,1016.7,,,275,Mace Head
2007-05-22,12.3,22.0,250.0,27.0,2193.0,14.0,9.9,0.0,,1017.6,,,275,Mace Head
2007-05-23,13.8,19.0,240.0,23.0,967.0,13.7,11.6,0.1,,1019.2,,,275,Mace Head
2007-05-24,14.4,20.0,240.0,25.0,766.0,13.0,9.6,0.7,,1015.0,,,275,Mace Head
2007-05-25,15.0,22.0,280.0,30.0,2320.0,12.2,8.3,0.5,,1010.7,,,275,Mace Head
2007-05-26,9.0,21.0,290.0,27.0,1455.0,11.1,6.4,1.7,,1004.9,,,275,Mace Head
2007-05-27,17.4,28.0,320.0,37.0,2761.0,13.7,6.3,0.3,,1007.0,,,275,Mace Head
2007-05-28,9.7,19.0,290.0,26.0,2632.0,14.6,4.9,0.0,,1012.3,,,275,Mace Head
2007-05-29,5.8,14.0,80.0,21.0,2915.0,14.2,3.3,0.0,,1006.5,,,275,Mace Head
2007-05-30,12.2,19.0,80.0,25.0,845.0,11.6,6.8,2.9,,996.3,,,275,Mace Head
2007-05-31,6.5,11.0,150.0,14.0,2661.0,15.1,9.1,1.0,,1000.5,,,275,Mace Head
2007-06-01,12.8,23.0,140.0,29.0,1898.0,17.3,10.8,4.7,,1009.7,,,275,Mace Head
2007-06-02,15.3,23.0,140.0,30.0,765.0,14.4,11.2,22.6,,1012.7,,,275,Mace Head
2007-06-03,11.1,18.0,290.0,22.0,2800.0,15.6,10.8,0.1,,1021.7,,,275,Mace Head
2007-06-04,5.8,15.0,280.0,20.0,2899.0,19.8,8.6,0.0,,1027.0,,,275,Mace Head
2007-06-05,7.4,14.0,80.0,18.0,2660.0,21.5,13.4,0.0,,1023.1,,,275,Mace Head
2007-06-06,6.1,13.0,280.0,15.0,2643.0,19.0,13.4,0.0,,1020.0,,,275,Mace Head
2007-06-07,8.0,12.0,80.0,16.0,2863.0,21.2,12.5,0.0,,1018.9,,,275,Mace Head
2007-06-08,6.5,12.0,280.0,14.0,2850.0,18.7,13.1,0.0,,1017.0,,,275,Mace Head
2007-06-09,7.5,14.0,110.0,17.0,2817.0,23.2,12.5,0.0,,1015.5,,,275,Mace Head
2007-06-10,6.7,11.0,300.0,14.0,2761.0,21.2,14.4,0.0,,1012.8,,,275,Mace Head
2007-06-11,6.3,10.0,110.0,13.0,1542.0,22.5,14.9,0.2,,1011.2,,,275,Mace Head
2007-06-12,6.2,10.0,340.0,13.0,1889.0,18.2,14.5,0.0,,1008.0,,,275,Mace Head
2007-06-13,5.5,12.0,110.0,15.0,973.0,17.7,13.5,10.9,,1002.3,,,275,Mace Head
2007-06-14,13.5,22.0,60.0,31.0,733.0,16.5,12.1,3.2,,998.2,,,275,Mace Head
2007-06-15,12.7,19.0,50.0,24.0,411.0,12.9,10.2,1.1,,999.1,,,275,Mace Head
2007-06-16,7.5,15.0,340.0,21.0,1746.0,17.2,9.6,0.3,,1001.2,,,275,Mace Head
2007-06-17,5.3,12.0,50.0,14.0,1985.0,17.5,8.6,0.0,,1000.7,,,275,Mace Head
2007-06-18,12.2,17.0,70.0,22.0,1208.0,17.4,11.6,1.1,,1000.4,,,275,Mace Head
2007-06-19,13.5,20.0,90.0,27.0,631.0,16.1,12.6,34.8,,999.1,,,275,Mace Head
2007-06-20,11.6,22.0,70.0,30.0,1659.0,20.2,11.9,3.9,,994.4,,,275,Mace Head
2007-06-21,9.9,17.0,160.0,22.0,1781.0,19.6,13.0,9.5,,1000.3,,,275,Mace Head
2007-06-22,12.5,20.0,340.0,24.0,2662.0,18.7,12.5,0.1,,1007.6,,,275,Mace Head
2007-06-23,14.4,22.0,290.0,26.0,1806.0,15.5,10.6,2.4,,1007.7,,,275,Mace Head
2007-06-24,12.7,24.0,340.0,31.0,2330.0,16.9,9.8,3.5,,1006.4,,,275,Mace Head
2007-06-25,21.3,31.0,340.0,39.0,1501.0,14.8,10.2,0.0,,1012.7,,,275,Mace Head
2007-06-26,15.3,20.0,330.0,27.0,1514.0,14.4,10.1,1.2,,1012.1,,,275,Mace Head
2007-06-27,13.8,22.0,310.0,28.0,2356.0,14.7,10.5,0.2,,1006.6,,,275,Mace Head
2007-06-28,14.9,25.0,240.0,32.0,689.0,14.3,11.3,4.2,,1003.0,,,275,Mace Head
2007-06-29,8.8,16.0,110.0,20.0,2669.0,16.0,10.5,3.7,,1003.7,,,275,Mace Head
2007-06-30,11.7,16.0,130.0,21.0,1599.0,17.8,12.7,9.1,,995.5,,,275,Mace Head
2007-07-01,11.0,17.0,290.0,20.0,2117.0,16.3,13.0,5.2,,992.0,,,275,Mace Head
2007-07-02,15.0,22.0,250.0,30.0,1763.0,16.0,12.7,4.4,,995.7,,,275,Mace Head
2007-07-03,21.3,27.0,260.0,35.0,2098.0,15.4,11.9,0.5,,997.0,,,275,Mace Head
2007-07-04,22.7,31.0,260.0,41.0,1232.0,15.1,12.7,1.4,,1004.3,,,275,Mace Head
2007-07-05,20.1,43.0,300.0,57.0,972.0,14.9,11.6,4.2,,1000.9,,,275,Mace Head
2007-07-06,19.6,31.0,270.0,41.0,2130.0,15.4,12.2,0.3,,1008.3,,,275,Mace Head
2007-07-07,9.0,12.0,260.0,15.0,2912.0,16.5,12.2,0.0,,1014.2,,,275,Mace Head
2007-07-08,9.4,13.0,290.0,16.0,2518.0,16.0,12.1,2.0,,1013.2,,,275,Mace Head
2007-07-09,20.5,27.0,280.0,36.0,448.0,13.6,12.0,10.2,,1012.3,,,275,Mace Head
2007-07-10,12.3,24.0,300.0,31.0,2440.0,16.1,12.6,0.0,,1013.8,,,275,Mace Head
2007-07-11,8.3,18.0,180.0,22.0,888.0,16.2,13.4,6.6,,1012.3,,,275,Mace Head
2007-07-12,9.1,14.0,260.0,17.0,2248.0,16.9,13.6,1.4,,1009.5,,,275,Mace Head
2007-07-13,8.0,14.0,330.0,19.0,835.0,15.8,12.9,0.5,,1003.6,,,275,Mace Head
2007-07-14,6.9,11.0,280.0,13.0,2659.0,17.1,11.8,0.0,,1005.2,,,275,Mace Head
2007-07-15,7.2,13.0,110.0,17.0,2179.0,20.6,12.1,9.5,,1006.2,,,275,Mace Head
2007-07-16,6.2,10.0,60.0,13.0,2075.0,17.8,13.3,4.5,,1002.3,,,275,Mace Head
2007-07-17,12.0,24.0,280.0,29.0,2409.0,17.2,12.1,0.4,,1005.2,,,275,Mace Head
2007-07-18,16.7,25.0,270.0,29.0,1946.0,17.4,13.0,2.4,,1011.8,,,275,Mace Head
2007-07-19,9.6,16.0,340.0,20.0,1219.0,18.0,13.1,1.7,,1015.1,,,275,Mace Head
2007-07-20,4.7,11.0,270.0,13.0,1363.0,17.2,11.4,3.7,,1014.9,,,275,Mace Head
2007-07-21,6.7,15.0,280.0,18.0,2537.0,18.0,12.8,0.0,,1011.3,,,275,Mace Head
2007-07-22,5.0,13.0,50.0,16.0,1943.0,19.0,13.2,0.0,,1004.1,,,275,Mace Head
2007-07-23,10.9,21.0,340.0,26.0,2393.0,18.6,11.9,0.0,,1004.0,,,275,Mace Head
2007-07-24,12.1,22.0,170.0,28.0,1120.0,16.7,13.2,5.9,,1004.1,,,275,Mace Head
2007-07-25,19.7,27.0,200.0,34.0,1784.0,17.3,12.8,5.6,,997.5,,,275,Mace Head
2007-07-26,18.8,25.0,270.0,30.0,2166.0,16.7,12.5,2.3,,996.4,,,275,Mace Head
2007-07-27,12.2,17.0,260.0,21.0,2078.0,17.5,13.7,0.0,,1005.8,,,275,Mace Head
2007-07-28,3.6,9.0,290.0,11.0,956.0,16.1,11.9,1.1,,1012.5,,,275,Mace Head
2007-07-29,8.6,17.0,290.0,21.0,2662.0,17.4,10.9,0.1,,1018.3,,,275,Mace Head
2007-07-30,4.2,8.0,220.0,10.0,2568.0,17.3,9.6,0.0,,1020.9,,,275,Mace Head
2007-07-31,14.5,17.0,210.0,21.0,2025.0,17.6,14.3,0.0,,1016.0,,,275,Mace Head
2007-08-01,13.2,18.0,220.0,23.0,2008.0,17.9,13.6,0.9,,1011.5,,,275,Mace Head
2007-08-02,11.2,16.0,200.0,20.0,2469.0,18.1,14.4,0.0,,1012.2,,,275,Mace Head
2007-08-03,21.1,33.0,200.0,40.0,702.0,17.9,15.6,9.3,,1009.2,,,275,Mace Head
2007-08-04,16.8,23.0,260.0,28.0,850.0,16.9,13.2,2.7,,1009.3,,,275,Mace Head
2007-08-05,9.6,16.0,290.0,21.0,1982.0,17.1,13.1,0.6,,1006.7,,,275,Mace Head
2007-08-06,12.3,21.0,310.0,28.0,2020.0,17.5,12.1,0.5,,1010.4,,,275,Mace Head
2007-08-07,12.0,17.0,340.0,25.0,2412.0,17.1,12.2,0.0,,1017.9,,,275,Mace Head
2007-08-08,11.7,20.0,180.0,24.0,1780.0,17.8,14.1,0.0,,1018.7,,,275,Mace Head
2007-08-09,14.7,22.0,170.0,28.0,1556.0,17.6,13.6,6.0,,1015.0,,,275,Mace Head
2007-08-10,11.3,20.0,200.0,24.0,496.0,15.6,14.1,5.3,,1013.5,,,275,Mace Head
2007-08-11,8.7,16.0,330.0,21.0,661.0,16.2,12.8,3.7,,1009.8,,,275,Mace Head
2007-08-12,15.4,20.0,280.0,26.0,2136.0,17.2,12.5,0.0,,1006.3,,,275,Mace Head
2007-08-13,9.1,19.0,280.0,24.0,1976.0,17.3,12.7,0.0,,1001.4,,,275,Mace Head
2007-08-14,13.1,22.0,340.0,29.0,447.0,15.5,12.8,20.6,,992.2,,,275,Mace Head
2007-08-15,16.9,26.0,320.0,34.0,1870.0,15.6,12.1,0.8,,998.8,,,275,Mace Head
2007-08-16,17.7,24.0,280.0,34.0,1750.0,16.7,11.2,0.6,,1009.4,,,275,Mace Head
2007-08-17,15.3,26.0,180.0,33.0,467.0,15.2,12.1,12.5,,1005.6,,,275,Mace Head
2007-08-18,17.5,32.0,320.0,39.0,1446.0,16.5,12.8,2.2,,1005.4,,,275,Mace Head
2007-08-19,12.9,21.0,320.0,28.0,1006.0,15.7,11.8,0.1,,1010.8,,,275,Mace Head
2007-08-20,19.3,27.0,310.0,37.0,1723.0,17.4,13.4,5.0,,1012.4,,,275,Mace Head
2007-08-21,13.6,23.0,330.0,32.0,1571.0,17.8,12.2,0.0,,1022.2,,,275,Mace Head
2007-08-22,7.5,19.0,300.0,24.0,2146.0,18.1,11.1,0.0,,1023.8,,,275,Mace Head
2007-08-23,8.3,15.0,280.0,17.0,1453.0,17.4,11.9,0.0,,1023.7,,,275,Mace Head
2007-08-24,9.2,13.0,280.0,15.0,1561.0,16.9,14.3,0.0,,1026.2,,,275,Mace Head
2007-08-25,12.1,15.0,330.0,20.0,822.0,16.6,13.2,0.1,,1028.0,,,275,Mace Head
2007-08-26,7.2,15.0,300.0,20.0,1691.0,18.5,12.3,0.0,,1030.4,,,275,Mace Head
2007-08-27,8.2,14.0,290.0,19.0,1433.0,17.7,12.1,0.0,,1027.7,,,275,Mace Head
2007-08-28,7.0,14.0,270.0,17.0,1511.0,17.0,11.1,0.0,,1023.5,,,275,Mace Head
2007-08-29,10.1,17.0,300.0,20.0,966.0,17.0,12.8,0.0,,1024.2,,,275,Mace Head
2007-08-30,13.1,17.0,290.0,21.0,1643.0,17.1,13.3,0.0,,1025.9,,,275,Mace Head
2007-08-31,13.4,21.0,280.0,28.0,1426.0,16.8,13.8,0.1,,1024.1,,,275,Mace Head
2007-09-01,12.3,16.0,240.0,20.0,1288.0,17.6,13.8,0.0,,1019.8,,,275,Mace Head
2007-09-02,13.7,21.0,230.0,26.0,780.0,16.8,14.0,1.3,,1016.2,,,275,Mace Head
2007-09-03,9.4,18.0,300.0,24.0,1745.0,17.1,12.6,0.0,,1022.2,,,275,Mace Head
2007-09-04,8.3,14.0,240.0,17.0,519.0,16.7,14.3,2.6,,1027.5,,,275,Mace Head
2007-09-05,5.9,12.0,260.0,15.0,1411.0,17.4,14.1,0.2,,1030.1,,,275,Mace Head
2007-09-06,4.9,8.0,280.0,10.0,1501.0,18.2,11.9,0.0,,1031.8,,,275,Mace Head
2007-09-07,4.6,10.0,280.0,12.0,1825.0,18.5,11.9,0.0,,1031.1,,,275,Mace Head
2007-09-08,4.3,10.0,290.0,12.0,1528.0,18.5,10.1,0.2,,1028.9,,,275,Mace Head
2007-09-09,7.3,14.0,280.0,18.0,1401.0,17.5,10.8,0.0,,1025.9,,,275,Mace Head
2007-09-10,13.0,18.0,310.0,22.0,719.0,17.5,14.7,0.0,,1024.3,,,275,Mace Head
2007-09-11,7.2,13.0,300.0,16.0,381.0,16.8,14.8,0.0,,1027.0,,,275,Mace Head
2007-09-12,2.8,7.0,220.0,10.0,568.0,17.6,14.2,0.0,,1027.0,,,275,Mace Head
2007-09-13,12.3,25.0,240.0,32.0,744.0,17.7,13.3,1.1,,1020.7,,,275,Mace Head
2007-09-14,11.5,17.0,290.0,22.0,1204.0,16.6,12.0,0.0,,1020.2,,,275,Mace Head
2007-09-15,15.9,25.0,210.0,30.0,641.0,16.6,12.6,0.0,,1016.7,,,275,Mace Head
2007-09-16,20.4,30.0,200.0,37.0,1243.0,16.3,11.3,12.2,,1005.3,,,275,Mace Head
2007-09-17,16.9,32.0,0.0,41.0,1530.0,13.3,8.7,0.1,,1017.7,,,275,Mace Head
2007-09-18,16.3,27.0,240.0,35.0,527.0,14.8,6.5,2.1,,1019.3,,,275,Mace Head
2007-09-19,16.2,27.0,240.0,32.0,825.0,15.9,13.5,2.2,,1011.0,,,275,Mace Head
2007-09-20,17.2,24.0,250.0,31.0,828.0,15.8,12.6,2.9,,1008.2,,,275,Mace Head
2007-09-21,11.0,20.0,200.0,23.0,1416.0,15.7,11.4,3.4,,1009.8,,,275,Mace Head
2007-09-22,19.3,30.0,180.0,37.0,1024.0,16.4,13.3,1.9,,1009.7,,,275,Mace Head
2007-09-23,18.0,28.0,240.0,37.0,977.0,16.0,11.1,3.7,,1002.7,,,275,Mace Head
2007-09-24,29.6,38.0,280.0,48.0,1081.0,14.4,10.5,3.0,,1003.8,,,275,Mace Head
2007-09-25,17.0,29.0,290.0,36.0,1383.0,14.7,10.0,0.4,,1018.2,,,275,Mace Head
2007-09-26,6.7,12.0,40.0,16.0,845.0,13.3,4.8,0.0,,1027.8,,,275,Mace Head
2007-09-27,8.1,12.0,120.0,16.0,1414.0,12.3,3.3,0.0,,1024.4,,,275,Mace Head
2007-09-28,10.7,15.0,100.0,20.0,1157.0,15.3,4.8,0.0,,1017.2,,,275,Mace Head
2007-09-29,9.4,14.0,80.0,19.0,1030.0,14.7,9.4,0.0,,1013.1,,,275,Mace Head
2007-09-30,5.1,8.0,60.0,9.0,817.0,15.7,9.8,0.5,,1015.7,,,275,Mace Head
2007-10-01,7.7,13.0,100.0,17.0,1252.0,17.4,8.5,0.1,,1018.2,,,275,Mace Head
2007-10-02,6.2,14.0,170.0,18.0,601.0,16.3,12.3,3.0,,1015.2,,,275,Mace Head
2007-10-03,13.8,22.0,280.0,27.0,1113.0,14.7,11.8,8.9,,1012.0,,,275,Mace Head
2007-10-04,9.7,14.0,230.0,17.0,860.0,15.9,11.9,0.0,,1017.2,,,275,Mace Head
2007-10-05,12.5,17.0,150.0,23.0,444.0,16.3,13.1,0.0,,1018.8,,,275,Mace Head
2007-10-06,5.5,9.0,140.0,11.0,1092.0,16.9,10.6,0.0,,1020.3,,,275,Mace Head
2007-10-07,8.1,12.0,120.0,17.0,970.0,16.2,9.8,0.0,,1019.5,,,275,Mace Head
2007-10-08,12.5,20.0,180.0,24.0,232.0,15.8,11.2,4.5,,1017.2,,,275,Mace Head
2007-10-09,10.7,21.0,250.0,26.0,1043.0,15.6,12.1,0.0,,1021.2,,,275,Mace Head
2007-10-10,8.7,14.0,190.0,17.0,256.0,15.1,12.3,0.0,,1024.7,,,275,Mace Head
2007-10-11,12.8,20.0,210.0,24.0,186.0,15.3,14.4,1.1,,1023.0,,,275,Mace Head
2007-10-12,11.3,16.0,210.0,19.0,140.0,15.1,14.1,0.0,,1021.8,,,275,Mace Head
2007-10-13,15.3,19.0,160.0,23.0,242.0,15.1,13.6,0.0,,1017.0,,,275,Mace Head
2007-10-14,10.6,19.0,190.0,23.0,477.0,15.4,12.8,0.8,,1010.3,,,275,Mace Head
2007-10-15,19.9,31.0,190.0,40.0,823.0,15.3,11.5,7.3,,1003.4,,,275,Mace Head
2007-10-16,13.1,21.0,260.0,26.0,962.0,14.5,10.3,0.1,,1009.4,,,275,Mace Head
2007-10-17,7.6,20.0,280.0,24.0,821.0,14.2,8.4,0.1,,1021.2,,,275,Mace Head
2007-10-18,11.3,17.0,170.0,21.0,449.0,14.1,8.6,0.1,,1027.8,,,275,Mace Head
2007-10-19,12.9,17.0,150.0,22.0,295.0,14.2,11.6,0.0,,1028.4,,,275,Mace Head
2007-10-20,16.6,21.0,150.0,27.0,572.0,15.1,12.4,0.0,,1026.2,,,275,Mace Head
2007-10-21,17.3,22.0,150.0,29.0,128.0,14.4,12.5,0.4,,1017.9,,,275,Mace Head
2007-10-22,9.5,19.0,160.0,24.0,536.0,14.6,9.1,14.0,,1012.0,,,275,Mace Head
2007-10-23,8.6,18.0,140.0,22.0,300.0,14.6,9.1,0.1,,1018.5,,,275,Mace Head
2007-10-24,10.1,15.0,140.0,20.0,735.0,14.3,7.6,0.0,,1023.6,,,275,Mace Head
2007-10-25,13.6,22.0,160.0,29.0,420.0,13.2,6.5,0.0,,1018.8,,,275,Mace Head
2007-10-26,14.8,29.0,180.0,38.0,517.0,14.4,11.9,1.9,,1012.8,,,275,Mace Head
2007-10-27,22.6,32.0,200.0,40.0,154.0,15.5,12.0,13.8,,1008.7,,,275,Mace Head
2007-10-28,21.6,33.0,220.0,46.0,539.0,13.8,8.6,4.5,,1004.8,,,275,Mace Head
2007-10-29,21.1,30.0,280.0,38.0,358.0,12.6,8.4,1.6,,1012.3,,,275,Mace Head
2007-10-30,13.5,17.0,280.0,22.0,346.0,14.0,12.2,0.9,,1020.2,,,275,Mace Head
2007-10-31,16.3,22.0,200.0,28.0,252.0,14.5,13.4,0.0,,1022.8,,,275,Mace Head
2007-11-01,16.4,21.0,200.0,25.0,217.0,14.8,13.5,0.0,,1026.7,,,275,Mace Head
2007-11-02,12.2,15.0,200.0,18.0,149.0,14.4,13.4,0.0,,1031.0,,,275,Mace Head
2007-11-03,5.6,11.0,230.0,14.0,265.0,14.6,12.4,0.0,,1029.9,,,275,Mace Head
2007-11-04,10.8,18.0,220.0,21.0,224.0,13.2,12.2,0.1,,1026.3,,,275,Mace Head
2007-11-05,16.1,23.0,250.0,33.0,398.0,13.6,10.9,0.2,,1028.4,,,275,Mace Head
2007-11-06,13.5,24.0,250.0,30.0,320.0,13.7,10.2,0.0,,1033.5,,,275,Mace Head
2007-11-07,17.8,26.0,250.0,33.0,430.0,13.8,11.6,0.3,,1026.9,,,275,Mace Head
2007-11-08,23.4,32.0,260.0,44.0,435.0,13.6,9.3,1.8,,1022.5,,,275,Mace Head
2007-11-09,18.8,23.0,280.0,28.0,224.0,11.9,9.7,0.0,,1030.1,,,275,Mace Head
2007-11-10,19.5,25.0,270.0,30.0,377.0,13.5,11.2,0.0,,1025.6,,,275,Mace Head
2007-11-11,15.1,27.0,280.0,33.0,337.0,12.7,5.7,0.0,,1022.8,,,275,Mace Head
2007-11-12,11.2,23.0,240.0,30.0,182.0,12.8,4.7,0.6,,1022.8,,,275,Mace Head
2007-11-13,19.1,26.0,310.0,32.0,238.0,12.4,10.1,0.0,,1020.4,,,275,Mace Head
2007-11-14,15.5,22.0,330.0,28.0,400.0,14.1,10.3,0.0,,1022.1,,,275,Mace Head
2007-11-15,6.8,14.0,180.0,18.0,264.0,11.9,9.1,2.0,,1022.7,,,275,Mace Head
2007-11-16,16.4,27.0,200.0,35.0,126.0,12.9,11.1,0.9,,1019.8,,,275,Mace Head
2007-11-17,21.5,36.0,200.0,47.0,43.0,12.9,9.4,14.9,,1008.6,,,275,Mace Head
2007-11-18,15.4,23.0,320.0,31.0,298.0,9.4,6.1,6.0,,998.2,,,275,Mace Head
2007-11-19,17.6,26.0,350.0,34.0,72.0,8.6,5.5,1.1,,996.5,,,275,Mace Head
2007-11-20,12.7,20.0,60.0,26.0,338.0,9.4,5.4,0.0,,999.5,,,275,Mace Head
2007-11-21,7.6,14.0,320.0,19.0,398.0,10.5,4.2,0.2,,1001.2,,,275,Mace Head
2007-11-22,10.7,18.0,10.0,25.0,321.0,9.9,3.3,0.4,,1011.5,,,275,Mace Head
2007-11-23,9.3,27.0,200.0,33.0,373.0,10.0,3.1,0.0,,1024.1,,,275,Mace Head
2007-11-24,23.5,33.0,230.0,40.0,150.0,12.0,9.9,1.6,,1020.7,,,275,Mace Head
2007-11-25,10.6,17.0,290.0,21.0,195.0,12.3,10.2,0.0,,1026.8,,,275,Mace Head
2007-11-26,7.0,16.0,260.0,19.0,223.0,12.7,10.0,0.4,,1029.9,,,275,Mace Head
2007-11-27,14.1,24.0,210.0,31.0,95.0,12.5,9.5,4.0,,1020.6,,,275,Mace Head
2007-11-28,18.4,27.0,190.0,37.0,305.0,12.5,8.8,10.1,,1007.1,,,275,Mace Head
2007-11-29,18.8,27.0,200.0,33.0,164.0,12.9,7.9,4.0,,1002.5,,,275,Mace Head
2007-11-30,18.9,34.0,260.0,41.0,116.0,13.0,6.4,13.0,,993.4,,,275,Mace Head
2007-12-01,32.1,44.0,260.0,57.0,175.0,11.1,5.4,8.0,,989.3,,,275,Mace Head
2007-12-02,27.1,46.0,250.0,58.0,160.0,12.1,7.0,13.1,,988.1,,,275,Mace Head
2007-12-03,22.4,36.0,270.0,44.0,252.0,10.9,8.0,2.3,,1002.1,,,275,Mace Head
2007-12-04,27.8,37.0,190.0,49.0,132.0,14.0,10.3,0.5,,996.5,,,275,Mace Head
2007-12-05,27.5,38.0,260.0,50.0,224.0,12.8,8.5,2.0,,995.8,,,275,Mace Head
2007-12-06,23.1,49.0,260.0,62.0,70.0,13.6,8.1,8.4,,996.0,,,275,Mace Head
2007-12-07,24.2,36.0,290.0,49.0,215.0,9.6,6.3,6.2,,1002.0,,,275,Mace Head
2007-12-08,32.6,45.0,250.0,59.0,174.0,12.8,6.4,25.1,,987.0,,,275,Mace Head
2007-12-09,29.8,44.0,230.0,60.0,209.0,10.1,7.4,1.5,,986.7,,,275,Mace Head
2007-12-10,10.7,22.0,330.0,31.0,336.0,9.8,5.1,0.9,,1015.5,,,275,Mace Head
2007-12-11,16.9,21.0,140.0,27.0,173.0,11.4,9.2,0.0,,1021.0,,,275,Mace Head
2007-12-12,21.3,27.0,150.0,39.0,90.0,11.5,10.3,4.5,,1020.5,,,275,Mace Head
2007-12-13,20.7,27.0,160.0,35.0,31.0,11.7,10.0,1.2,,1023.7,,,275,Mace Head
2007-12-14,16.8,21.0,160.0,28.0,152.0,11.3,9.4,0.0,,1025.3,,,275,Mace Head
2007-12-15,17.0,20.0,130.0,28.0,160.0,9.4,7.6,0.0,,1025.3,,,275,Mace Head
2007-12-16,20.6,25.0,130.0,33.0,116.0,8.2,7.1,0.0,,1026.1,,,275,Mace Head
2007-12-17,16.3,25.0,130.0,34.0,301.0,7.8,3.0,0.0,,1028.6,,,275,Mace Head
2007-12-18,12.1,22.0,90.0,30.0,96.0,5.7,3.2,0.0,,1032.7,,,275,Mace Head
2007-12-19,10.9,16.0,90.0,20.0,185.0,4.7,1.3,0.0,,1031.9,,,275,Mace Head
2007-12-20,14.6,24.0,120.0,32.0,119.0,8.9,2.4,0.0,,1024.3,,,275,Mace Head
2007-12-21,15.2,21.0,120.0,26.0,161.0,9.6,3.7,0.0,,1015.7,,,275,Mace Head
2007-12-22,16.4,27.0,280.0,34.0,252.0,9.7,6.3,5.0,,1016.8,,,275,Mace Head
2007-12-23,27.4,37.0,180.0,47.0,85.0,11.3,8.4,8.9,,1013.7,,,275,Mace Head
2007-12-24,11.2,20.0,260.0,25.0,258.0,10.1,5.7,0.2,,1010.7,,,275,Mace Head
2007-12-25,22.1,38.0,260.0,46.0,161.0,10.3,6.0,4.0,,1006.7,,,275,Mace Head
2007-12-26,25.3,36.0,200.0,46.0,135.0,11.8,8.7,3.5,,1008.4,,,275,Mace Head
2007-12-27,14.1,38.0,210.0,49.0,50.0,11.9,8.9,15.1,,1006.8,,,275,Mace Head
2007-12-28,25.6,40.0,250.0,57.0,158.0,11.4,5.2,3.9,,998.0,,,275,Mace Head
2007-12-29,29.0,46.0,250.0,61.0,174.0,10.2,5.4,3.3,,1007.0,,,275,Mace Head
2007-12-30,15.1,22.0,170.0,27.0,141.0,11.0,8.2,0.2,,1019.1,,,275,Mace Head
2007-12-31,11.8,25.0,180.0,33.0,99.0,11.4,8.4,10.8,,1016.2,,,275,Mace Head
2008-01-01,15.6,22.0,120.0,29.0,122.0,11.2,8.3,1.1,,1010.2,,,275,Mace Head
2008-01-02,20.6,27.0,110.0,38.0,163.0,9.0,5.2,0.0,,1000.8,,,275,Mace Head
2008-01-03,19.0,30.0,90.0,41.0,298.0,5.3,-2.5,0.0,,998.7,,,275,Mace Head
2008-01-04,21.6,38.0,250.0,53.0,167.0,9.0,-3.2,8.6,,989.3,,,275,Mace Head
2008-01-05,30.5,45.0,270.0,58.0,237.0,9.0,5.1,2.5,,990.3,,,275,Mace Head
2008-01-06,19.5,53.0,250.0,66.0,135.0,8.0,3.4,5.6,,991.5,,,275,Mace Head
2008-01-07,28.5,45.0,280.0,60.0,247.0,8.7,5.1,2.5,,997.8,,,275,Mace Head
2008-01-08,23.5,45.0,250.0,57.0,97.0,8.8,3.2,21.5,,993.6,,,275,Mace Head
2008-01-09,21.5,43.0,270.0,59.0,122.0,9.7,2.2,5.8,,993.6,,,275,Mace Head
2008-01-10,16.9,26.0,240.0,36.0,257.0,9.3,5.1,1.8,,988.8,,,275,Mace Head
2008-01-11,10.3,22.0,270.0,27.0,355.0,7.8,1.7,0.5,,995.7,,,275,Mace Head
2008-01-12,15.6,27.0,170.0,34.0,68.0,10.8,6.3,10.6,,991.6,,,275,Mace Head
2008-01-13,17.3,25.0,200.0,38.0,342.0,10.4,7.6,4.6,,980.2,,,275,Mace Head
2008-01-14,18.0,33.0,270.0,42.0,257.0,9.3,7.5,0.4,,981.0,,,275,Mace Head
2008-01-15,14.5,26.0,240.0,35.0,233.0,8.9,5.7,8.8,,974.2,,,275,Mace Head
2008-01-16,11.4,25.0,200.0,30.0,396.0,8.7,5.4,0.6,,984.3,,,275,Mace Head
2008-01-17,26.0,41.0,260.0,52.0,284.0,10.4,7.0,7.0,,991.3,,,275,Mace Head
2008-01-18,21.5,32.0,220.0,41.0,106.0,11.8,7.2,6.4,,998.0,,,275,Mace Head
2008-01-19,7.2,23.0,220.0,29.0,75.0,10.9,6.7,7.7,,1008.8,,,275,Mace Head
2008-01-20,9.7,23.0,240.0,29.0,116.0,10.9,8.6,6.6,,1010.8,,,275,Mace Head
2008-01-21,15.2,40.0,240.0,52.0,146.0,11.0,6.7,7.4,,1006.1,,,275,Mace Head
2008-01-22,12.0,20.0,190.0,29.0,82.0,10.8,8.5,14.0,,1013.5,,,275,Mace Head
2008-01-23,22.4,33.0,210.0,42.0,104.0,11.4,7.1,3.2,,1011.0,,,275,Mace Head
2008-01-24,29.2,44.0,260.0,56.0,394.0,10.1,4.2,0.9,,1018.8,,,275,Mace Head
2008-01-25,25.5,31.0,220.0,39.0,188.0,11.0,9.6,0.3,,1025.4,,,275,Mace Head
2008-01-26,20.7,29.0,200.0,36.0,273.0,10.9,9.7,0.0,,1025.6,,,275,Mace Head
2008-01-27,14.4,19.0,230.0,25.0,407.0,11.1,9.2,0.0,,1028.1,,,275,Mace Head
2008-01-28,19.2,23.0,190.0,29.0,139.0,10.9,9.2,1.2,,1022.6,,,275,Mace Head
2008-01-29,16.8,30.0,300.0,40.0,240.0,10.7,4.7,2.9,,1022.1,,,275,Mace Head
2008-01-30,25.8,45.0,220.0,59.0,286.0,9.0,5.0,1.8,,1013.8,,,275,Mace Head
2008-01-31,34.2,44.0,270.0,63.0,346.0,9.7,3.4,3.9,,997.5,,,275,Mace Head
2008-02-01,14.9,32.0,320.0,43.0,301.0,5.8,0.7,6.4,,1003.6,,,275,Mace Head
2008-02-02,25.0,39.0,180.0,50.0,115.0,9.8,2.7,3.6,,996.2,,,275,Mace Head
2008-02-03,17.4,40.0,180.0,54.0,163.0,9.4,3.5,23.3,,980.0,,,275,Mace Head
2008-02-04,22.4,34.0,210.0,50.0,510.0,9.5,3.2,11.5,,982.5,,,275,Mace Head
2008-02-05,12.5,27.0,300.0,34.0,202.0,8.1,3.2,5.1,,990.6,,,275,Mace Head
2008-02-06,14.8,27.0,130.0,36.0,495.0,10.8,4.0,3.4,,1013.5,,,275,Mace Head
2008-02-07,21.7,27.0,190.0,36.0,246.0,11.4,10.1,0.0,,1014.8,,,275,Mace Head
2008-02-08,16.9,30.0,160.0,39.0,447.0,11.1,8.2,5.0,,1014.4,,,275,Mace Head
2008-02-09,15.5,27.0,170.0,34.0,255.0,11.3,8.3,0.1,,1019.2,,,275,Mace Head
2008-02-10,10.1,16.0,120.0,21.0,258.0,9.6,7.2,0.0,,1026.4,,,275,Mace Head
2008-02-11,11.8,18.0,110.0,24.0,767.0,10.9,4.1,0.0,,1025.0,,,275,Mace Head
2008-02-12,9.1,14.0,110.0,17.0,811.0,9.9,3.4,0.1,,1029.2,,,275,Mace Head
2008-02-13,10.2,14.0,70.0,17.0,818.0,12.2,4.1,0.0,,1032.4,,,275,Mace Head
2008-02-14,12.1,19.0,70.0,25.0,779.0,8.6,3.1,0.0,,1033.3,,,275,Mace Head
2008-02-15,9.4,14.0,80.0,17.0,184.0,5.7,3.6,0.0,,1035.6,,,275,Mace Head
2008-02-16,7.7,13.0,140.0,17.0,177.0,6.7,4.7,0.0,,1037.3,,,275,Mace Head
2008-02-17,7.3,13.0,80.0,18.0,770.0,6.1,1.2,0.0,,1035.2,,,275,Mace Head
2008-02-18,10.4,15.0,80.0,20.0,904.0,6.6,-1.0,0.0,,1028.3,,,275,Mace Head
2008-02-19,9.8,14.0,160.0,20.0,549.0,8.0,2.2,0.0,,1018.4,,,275,Mace Head
2008-02-20,15.6,26.0,230.0,34.0,552.0,9.5,7.0,0.6,,1013.3,,,275,Mace Head
2008-02-21,23.3,27.0,220.0,34.0,257.0,10.6,9.1,1.1,,1012.5,,,275,Mace Head
2008-02-22,20.6,31.0,230.0,42.0,464.0,10.6,8.7,2.4,,1014.6,,,275,Mace Head
2008-02-23,22.7,28.0,200.0,36.0,454.0,10.5,8.2,2.6,,1011.7,,,275,Mace Head
2008-02-24,20.3,30.0,260.0,36.0,809.0,8.8,5.0,2.6,,1010.6,,,275,Mace Head
2008-02-25,27.4,42.0,180.0,54.0,160.0,10.8,7.5,6.8,,1003.0,,,275,Mace Head
2008-02-26,27.3,37.0,260.0,48.0,763.0,9.5,6.4,0.6,,1002.0,,,275,Mace Head
2008-02-27,9.6,20.0,250.0,25.0,887.0,10.2,6.9,0.2,,1013.5,,,275,Mace Head
2008-02-28,11.5,17.0,250.0,23.0,717.0,10.1,6.9,0.5,,1015.9,,,275,Mace Head
2008-02-29,29.2,40.0,270.0,52.0,192.0,11.2,8.6,5.7,,1005.9,,,275,Mace Head
2008-03-01,24.0,33.0,280.0,45.0,205.0,11.0,7.4,1.2,,1006.3,,,275,Mace Head
2008-03-02,25.0,39.0,290.0,51.0,666.0,9.6,2.5,1.5,,1008.7,,,275,Mace Head
2008-03-03,27.6,38.0,290.0,51.0,498.0,7.2,1.3,3.2,,1011.4,,,275,Mace Head
2008-03-04,13.5,25.0,330.0,34.0,980.0,10.2,5.6,0.4,,1028.2,,,275,Mace Head
2008-03-05,17.8,23.0,240.0,29.0,333.0,9.8,7.4,0.0,,1029.6,,,275,Mace Head
2008-03-06,23.7,34.0,190.0,48.0,562.0,9.9,5.4,6.4,,1013.1,,,275,Mace Head
2008-03-07,25.4,33.0,260.0,48.0,836.0,9.3,4.7,1.7,,1001.9,,,275,Mace Head
2008-03-08,26.0,36.0,230.0,46.0,943.0,9.8,5.5,4.2,,993.2,,,275,Mace Head
2008-03-09,24.4,41.0,140.0,57.0,1003.0,8.0,3.8,16.6,,973.3,,,275,Mace Head
2008-03-10,26.6,50.0,300.0,63.0,432.0,8.6,3.0,7.6,,964.3,,,275,Mace Head
2008-03-11,32.5,56.0,260.0,73.0,818.0,10.2,3.7,4.7,,977.6,,,275,Mace Head
2008-03-12,32.4,54.0,270.0,71.0,932.0,9.1,3.0,4.3,,993.3,,,275,Mace Head
2008-03-13,14.8,31.0,270.0,40.0,730.0,9.6,5.0,4.0,,1004.5,,,275,Mace Head
2008-03-14,10.7,20.0,90.0,28.0,243.0,9.3,3.7,7.2,,1003.4,,,275,Mace Head
2008-03-15,13.2,17.0,50.0,24.0,329.0,10.4,7.7,5.8,,997.3,,,275,Mace Head
2008-03-16,12.2,16.0,70.0,22.0,594.0,8.9,4.6,0.1,,1007.9,,,275,Mace Head
2008-03-17,14.4,22.0,100.0,31.0,1215.0,10.4,2.0,0.0,,1017.8,,,275,Mace Head
2008-03-18,8.8,16.0,70.0,20.0,1528.0,9.3,-0.4,0.0,,1023.1,,,275,Mace Head
2008-03-19,7.3,15.0,290.0,18.0,1214.0,9.9,2.0,0.0,,1027.1,,,275,Mace Head
2008-03-20,23.7,35.0,280.0,44.0,301.0,10.6,7.9,0.4,,1015.2,,,275,Mace Head
2008-03-21,24.6,36.0,310.0,49.0,1238.0,9.8,5.2,0.6,,1005.1,,,275,Mace Head
2008-03-22,15.8,25.0,310.0,36.0,1189.0,8.4,4.3,0.3,,1012.7,,,275,Mace Head
2008-03-23,17.3,27.0,320.0,44.0,1325.0,10.5,5.8,0.7,,1008.3,,,275,Mace Head
2008-03-24,16.2,28.0,310.0,38.0,1109.0,11.1,5.5,0.8,,1005.3,,,275,Mace Head
2008-03-25,12.0,25.0,280.0,31.0,1110.0,10.5,4.9,3.4,,1004.6,,,275,Mace Head
2008-03-26,16.1,29.0,280.0,40.0,1082.0,8.3,4.7,2.8,,998.5,,,275,Mace Head
2008-03-27,13.0,30.0,150.0,41.0,1039.0,9.1,2.5,8.4,,989.9,,,275,Mace Head
2008-03-28,25.8,36.0,290.0,49.0,1004.0,10.4,5.6,6.7,,987.6,,,275,Mace Head
2008-03-29,21.9,30.0,210.0,42.0,1155.0,10.2,5.9,6.5,,988.5,,,275,Mace Head
2008-03-30,11.6,23.0,190.0,30.0,1376.0,11.4,5.2,2.1,,995.7,,,275,Mace Head
2008-03-31,15.9,32.0,240.0,48.0,585.0,10.8,3.2,2.8,,1005.4,,,275,Mace Head
2008-04-01,22.3,37.0,230.0,49.0,1543.0,11.1,8.7,0.9,,1011.1,,,275,Mace Head
2008-04-02,10.3,18.0,260.0,23.0,703.0,11.8,9.8,0.1,,1023.9,,,275,Mace Head
2008-04-03,5.8,12.0,220.0,14.0,1103.0,12.8,9.3,0.0,,1029.1,,,275,Mace Head
2008-04-04,10.7,15.0,260.0,18.0,1383.0,12.2,7.1,0.0,,1025.9,,,275,Mace Head
2008-04-05,13.5,26.0,340.0,38.0,1665.0,10.4,3.6,0.1,,1022.6,,,275,Mace Head
2008-04-06,14.4,30.0,350.0,37.0,1597.0,9.3,1.1,0.8,,1015.0,,,275,Mace Head
2008-04-07,12.8,24.0,320.0,31.0,1618.0,9.0,1.4,0.4,,1006.0,,,275,Mace Head
2008-04-08,9.3,16.0,300.0,24.0,1480.0,10.9,4.1,0.7,,1001.3,,,275,Mace Head
2008-04-09,7.8,21.0,310.0,25.0,1753.0,10.1,3.5,0.5,,997.6,,,275,Mace Head
2008-04-10,16.3,29.0,280.0,36.0,1336.0,8.5,4.0,4.1,,988.7,,,275,Mace Head
2008-04-11,14.2,24.0,260.0,31.0,1060.0,8.1,3.9,8.2,,991.5,,,275,Mace Head
2008-04-12,13.3,22.0,290.0,26.0,1445.0,10.0,5.1,1.3,,999.8,,,275,Mace Head
2008-04-13,10.4,16.0,300.0,21.0,1994.0,11.9,5.6,0.1,,1010.8,,,275,Mace Head
2008-04-14,7.4,15.0,270.0,18.0,2215.0,10.7,3.3,0.0,,1019.8,,,275,Mace Head
2008-04-15,5.1,11.0,90.0,14.0,2223.0,10.9,3.8,0.0,,1019.3,,,275,Mace Head
2008-04-16,19.8,28.0,120.0,38.0,1994.0,12.2,6.0,0.0,,1011.2,,,275,Mace Head
2008-04-17,21.3,29.0,80.0,38.0,1718.0,10.8,4.4,0.1,,1003.9,,,275,Mace Head
2008-04-18,19.0,27.0,60.0,37.0,1741.0,12.1,3.7,0.0,,999.1,,,275,Mace Head
2008-04-19,18.7,26.0,60.0,36.0,972.0,10.1,5.8,0.0,,999.5,,,275,Mace Head
2008-04-20,12.8,19.0,50.0,24.0,486.0,9.1,5.7,0.0,,1003.9,,,275,Mace Head
2008-04-21,8.2,12.0,70.0,15.0,633.0,10.9,7.4,0.0,,1006.8,,,275,Mace Head
2008-04-22,13.3,23.0,130.0,30.0,829.0,12.1,6.1,4.4,,1003.0,,,275,Mace Head
2008-04-23,14.0,22.0,150.0,31.0,2008.0,13.8,8.6,3.1,,1005.8,,,275,Mace Head
2008-04-24,14.5,21.0,210.0,25.0,2311.0,12.5,8.6,0.2,,1010.2,,,275,Mace Head
2008-04-25,19.0,24.0,190.0,32.0,558.0,11.9,9.3,5.5,,1012.6,,,275,Mace Head
2008-04-26,13.9,27.0,180.0,37.0,2284.0,12.6,9.0,3.4,,1011.4,,,275,Mace Head
2008-04-27,10.3,16.0,180.0,21.0,940.0,10.6,8.2,2.9,,1007.3,,,275,Mace Head
2008-04-28,10.2,19.0,300.0,25.0,1830.0,11.4,4.8,0.7,,998.1,,,275,Mace Head
2008-04-29,10.6,19.0,340.0,25.0,1414.0,12.3,3.6,1.8,,993.7,,,275,Mace Head
2008-04-30,15.7,22.0,310.0,28.0,2074.0,11.9,7.2,0.0,,994.7,,,275,Mace Head
2008-05-01,10.5,16.0,280.0,19.0,2570.0,12.2,7.7,0.4,,1000.4,,,275,Mace Head
2008-05-02,11.7,20.0,120.0,26.0,2087.0,14.4,7.8,3.1,,1008.2,,,275,Mace Head
2008-05-03,20.9,25.0,130.0,33.0,1277.0,16.5,10.2,2.1,,1005.8,,,275,Mace Head
2008-05-04,14.0,21.0,120.0,28.0,2273.0,14.6,10.9,0.3,,1010.5,,,275,Mace Head
2008-05-05,10.6,17.0,120.0,22.0,2568.0,16.7,10.0,0.0,,1019.7,,,275,Mace Head
2008-05-06,11.6,18.0,110.0,24.0,2423.0,20.1,9.3,0.0,,1016.8,,,275,Mace Head
2008-05-07,8.5,14.0,110.0,17.0,2012.0,22.0,11.4,0.0,,1013.2,,,275,Mace Head
2008-05-08,12.8,23.0,90.0,31.0,1468.0,21.5,11.4,4.3,,1006.9,,,275,Mace Head
2008-05-09,10.5,16.0,290.0,19.0,2251.0,14.9,10.6,0.0,,1010.8,,,275,Mace Head
2008-05-10,4.9,13.0,300.0,17.0,1800.0,16.8,9.7,0.0,,1017.0,,,275,Mace Head
2008-05-11,4.9,13.0,290.0,15.0,1507.0,17.9,11.8,0.4,,1018.2,,,275,Mace Head
2008-05-12,6.0,20.0,100.0,28.0,1943.0,22.0,12.8,4.5,,1015.9,,,275,Mace Head
2008-05-13,13.3,19.0,90.0,25.0,2625.0,22.7,12.8,0.0,,1016.1,,,275,Mace Head
2008-05-14,11.7,19.0,80.0,25.0,2719.0,20.3,10.2,0.0,,1014.3,,,275,Mace Head
2008-05-15,8.1,14.0,260.0,16.0,2608.0,18.6,8.6,0.0,,1010.4,,,275,Mace Head
2008-05-16,7.9,15.0,290.0,18.0,2488.0,16.4,10.4,0.0,,1006.8,,,275,Mace Head
2008-05-17,10.5,16.0,60.0,21.0,1766.0,17.4,11.2,0.0,,1007.8,,,275,Mace Head
2008-05-18,11.8,17.0,90.0,21.0,2147.0,16.5,8.6,0.0,,1012.1,,,275,Mace Head
2008-05-19,12.7,20.0,140.0,29.0,2311.0,17.0,10.2,0.1,,1012.6,,,275,Mace Head
2008-05-20,19.7,23.0,120.0,32.0,2306.0,15.6,9.9,0.1,,1009.9,,,275,Mace Head
2008-05-21,20.3,25.0,120.0,36.0,338.0,12.3,10.9,18.7,,1005.6,,,275,Mace Head
2008-05-22,7.6,17.0,110.0,23.0,2288.0,16.3,11.5,0.0,,1004.8,,,275,Mace Head
2008-05-23,11.0,16.0,90.0,22.0,1565.0,17.1,10.8,1.8,,1008.0,,,275,Mace Head
2008-05-24,16.1,23.0,60.0,30.0,2284.0,19.1,10.6,0.0,,1013.7,,,275,Mace Head
2008-05-25,16.5,25.0,50.0,34.0,2592.0,20.0,8.1,0.0,,1016.2,,,275,Mace Head
2008-05-26,17.2,24.0,60.0,33.0,2400.0,19.4,10.5,0.0,,1016.1,,,275,Mace Head
2008-05-27,13.2,20.0,60.0,28.0,1258.0,17.5,9.5,0.0,,1011.5,,,275,Mace Head
2008-05-28,7.0,10.0,70.0,13.0,2543.0,15.2,10.1,0.0,,1005.4,,,275,Mace Head
2008-05-29,6.4,13.0,120.0,17.0,2288.0,17.9,10.0,2.0,,1008.5,,,275,Mace Head
2008-05-30,4.5,8.0,310.0,10.0,1326.0,17.9,12.5,1.9,,1012.6,,,275,Mace Head
2008-05-31,5.5,11.0,280.0,14.0,2759.0,19.1,12.9,0.1,,1014.8,,,275,Mace Head
2008-06-01,6.7,13.0,280.0,15.0,2638.0,18.4,12.7,0.0,,1013.7,,,275,Mace Head
2008-06-02,7.7,20.0,240.0,25.0,1948.0,17.4,11.4,0.5,,1009.6,,,275,Mace Head
2008-06-03,18.0,25.0,180.0,34.0,2734.0,15.3,11.3,0.9,,1010.5,,,275,Mace Head
2008-06-04,14.8,26.0,170.0,33.0,2670.0,14.8,9.4,15.6,,1008.9,,,275,Mace Head
2008-06-05,10.1,15.0,260.0,19.0,2559.0,14.9,10.5,0.0,,1014.6,,,275,Mace Head
2008-06-06,8.8,15.0,270.0,17.0,2887.0,15.6,9.5,0.0,,1017.7,,,275,Mace Head
2008-06-07,10.3,16.0,210.0,20.0,1699.0,15.8,10.3,0.6,,1018.2,,,275,Mace Head
2008-06-08,5.6,15.0,220.0,19.0,1966.0,17.4,12.9,0.0,,1021.8,,,275,Mace Head
2008-06-09,11.0,16.0,270.0,20.0,1267.0,16.3,13.4,0.0,,1025.2,,,275,Mace Head
2008-06-10,12.2,17.0,300.0,20.0,2421.0,15.9,12.4,0.0,,1026.3,,,275,Mace Head
2008-06-11,8.9,14.0,340.0,20.0,906.0,14.2,11.4,1.1,,1023.4,,,275,Mace Head
2008-06-12,11.4,18.0,340.0,23.0,2120.0,16.0,9.6,0.0,,1022.5,,,275,Mace Head
2008-06-13,11.3,16.0,290.0,21.0,2293.0,16.0,9.9,0.6,,1019.8,,,275,Mace Head
2008-06-14,9.3,16.0,270.0,19.0,2994.0,16.1,8.5,0.0,,1015.5,,,275,Mace Head
2008-06-15,10.0,21.0,340.0,26.0,2516.0,15.9,7.5,0.0,,1012.5,,,275,Mace Head
2008-06-16,9.5,15.0,230.0,20.0,1913.0,15.0,9.8,0.8,,1010.2,,,275,Mace Head
2008-06-17,18.4,26.0,250.0,36.0,1653.0,15.2,11.4,6.3,,1003.4,,,275,Mace Head
2008-06-18,15.8,24.0,230.0,32.0,2009.0,15.7,11.6,0.1,,998.4,,,275,Mace Head
2008-06-19,15.7,19.0,270.0,24.0,2947.0,15.6,11.2,0.1,,1006.0,,,275,Mace Head
2008-06-20,8.5,13.0,270.0,15.0,3093.0,15.3,9.7,0.0,,1013.6,,,275,Mace Head
2008-06-21,14.5,27.0,60.0,36.0,578.0,14.3,9.8,29.9,,1002.8,,,275,Mace Head
2008-06-22,22.0,45.0,290.0,57.0,1850.0,14.8,10.4,6.5,,1001.0,,,275,Mace Head
2008-06-23,5.4,11.0,190.0,14.0,2266.0,16.5,10.2,0.9,,1014.8,,,275,Mace Head
2008-06-24,19.5,28.0,130.0,37.0,706.0,15.2,12.5,13.6,,1004.8,,,275,Mace Head
2008-06-25,25.0,33.0,250.0,42.0,2533.0,15.6,12.7,3.2,,1003.2,,,275,Mace Head
2008-06-26,16.1,24.0,280.0,42.0,1198.0,14.7,11.5,8.7,,1009.2,,,275,Mace Head
2008-06-27,16.6,22.0,170.0,27.0,933.0,15.6,12.6,3.5,,1008.7,,,275,Mace Head
2008-06-28,17.8,22.0,230.0,27.0,1763.0,16.4,13.0,1.4,,1010.6,,,275,Mace Head
2008-06-29,18.7,26.0,260.0,43.0,2614.0,16.0,11.2,2.1,,1011.2,,,275,Mace Head
2008-06-30,20.5,29.0,180.0,37.0,569.0,15.3,12.8,11.6,,1006.3,,,275,Mace Head
2008-07-01,19.5,29.0,140.0,38.0,2103.0,17.3,13.2,13.6,,996.2,,,275,Mace Head
2008-07-02,12.2,23.0,190.0,30.0,2811.0,16.5,12.1,2.3,,997.9,,,275,Mace Head
2008-07-03,7.4,13.0,250.0,16.0,2992.0,16.4,12.2,0.0,,1005.7,,,275,Mace Head
2008-07-04,13.7,26.0,70.0,36.0,1849.0,17.8,10.8,4.0,,1004.3,,,275,Mace Head
2008-07-05,13.8,24.0,60.0,34.0,838.0,17.9,12.0,3.7,,998.5,,,275,Mace Head
2008-07-06,16.3,23.0,330.0,30.0,1493.0,17.0,13.1,0.0,,997.7,,,275,Mace Head
2008-07-07,16.3,22.0,340.0,28.0,1593.0,16.1,12.0,0.0,,1000.0,,,275,Mace Head
2008-07-08,11.8,20.0,280.0,25.0,2763.0,16.1,12.2,0.0,,1004.5,,,275,Mace Head
2008-07-09,10.1,17.0,80.0,22.0,1340.0,17.3,12.3,12.5,,1000.1,,,275,Mace Head
2008-07-10,13.9,21.0,340.0,26.0,1653.0,18.0,13.2,0.2,,1000.5,,,275,Mace Head
2008-07-11,15.4,21.0,340.0,28.0,1756.0,15.7,11.4,0.0,,1007.4,,,275,Mace Head
2008-07-12,11.4,19.0,300.0,23.0,2188.0,16.1,10.6,0.1,,1010.3,,,275,Mace Head
2008-07-13,10.1,15.0,180.0,19.0,598.0,15.1,10.1,0.2,,1011.8,,,275,Mace Head
2008-07-14,10.8,20.0,240.0,24.0,1018.0,16.8,14.4,0.5,,1017.8,,,275,Mace Head
2008-07-15,16.4,21.0,250.0,25.0,2298.0,17.0,13.8,0.0,,1022.7,,,275,Mace Head
2008-07-16,16.5,21.0,260.0,27.0,1032.0,15.9,12.5,0.5,,1020.8,,,275,Mace Head
2008-07-17,15.0,20.0,270.0,24.0,1420.0,16.9,13.9,0.1,,1012.7,,,275,Mace Head
2008-07-18,16.6,23.0,270.0,28.0,965.0,16.0,13.1,1.6,,1006.8,,,275,Mace Head
2008-07-19,15.9,24.0,280.0,32.0,2496.0,17.5,12.3,1.6,,1011.4,,,275,Mace Head
2008-07-20,12.0,17.0,270.0,21.0,2158.0,16.8,11.7,0.1,,1021.5,,,275,Mace Head
2008-07-21,9.4,16.0,240.0,21.0,1202.0,16.8,10.1,0.1,,1024.1,,,275,Mace Head
2008-07-22,11.8,16.0,210.0,19.0,1268.0,17.2,14.2,0.3,,1022.0,,,275,Mace Head
2008-07-23,9.0,15.0,110.0,19.0,1853.0,20.5,14.1,0.2,,1017.8,,,275,Mace Head
2008-07-24,12.8,19.0,80.0,25.0,1557.0,23.4,15.3,0.0,,1009.5,,,275,Mace Head
2008-07-25,8.4,15.0,120.0,19.0,1675.0,18.4,15.0,0.0,,1006.5,,,275,Mace Head
2008-07-26,6.2,14.0,190.0,19.0,2084.0,19.7,12.4,0.0,,1011.7,,,275,Mace Head
2008-07-27,4.9,12.0,150.0,15.0,1866.0,20.1,14.9,0.0,,1013.4,,,275,Mace Head
2008-07-28,4.7,11.0,90.0,14.0,753.0,18.6,14.9,11.0,,1010.3,,,275,Mace Head
2008-07-29,11.3,28.0,210.0,34.0,1150.0,19.6,14.0,6.3,,1002.3,,,275,Mace Head
2008-07-30,15.4,26.0,200.0,34.0,2398.0,18.5,13.5,0.9,,1001.5,,,275,Mace Head
2008-07-31,7.4,17.0,300.0,20.0,1099.0,19.3,12.8,1.9,,1001.7,,,275,Mace Head
2008-08-01,17.2,24.0,270.0,30.0,2049.0,18.2,14.9,1.0,,1001.1,,,275,Mace Head
2008-08-02,14.2,19.0,230.0,27.0,1552.0,18.1,14.4,9.9,,1004.7,,,275,Mace Head
2008-08-03,16.3,25.0,230.0,32.0,1633.0,17.7,14.1,3.0,,1003.9,,,275,Mace Head
2008-08-04,4.6,15.0,280.0,19.0,1754.0,18.6,14.1,0.0,,1006.5,,,275,Mace Head
2008-08-05,11.2,21.0,70.0,28.0,745.0,17.7,14.1,1.2,,1003.8,,,275,Mace Head
2008-08-06,6.4,15.0,330.0,20.0,1094.0,20.4,14.7,1.4,,1002.2,,,275,Mace Head
2008-08-07,8.8,22.0,340.0,28.0,1473.0,18.0,12.9,0.0,,1007.2,,,275,Mace Head
2008-08-08,0.2,2.0,160.0,23.0,1507.0,17.1,11.0,0.4,,1008.2,,,275,Mace Head
2008-08-09,0.2,1.0,140.0,26.0,979.0,17.5,15.1,10.0,,997.8,,,275,Mace Head
2008-08-10,0.2,4.0,210.0,31.0,1443.0,16.9,13.6,3.3,,992.7,,,275,Mace Head
2008-08-11,0.2,1.0,180.0,6.0,707.0,15.8,10.0,15.3,,990.0,,,275,Mace Head
2008-08-12,0.2,2.0,260.0,27.0,993.0,15.8,9.6,4.5,,984.8,,,275,Mace Head
2008-08-13,0.2,1.0,290.0,16.0,401.0,14.2,12.6,16.8,,994.5,,,275,Mace Head
2008-08-14,0.2,0.0,230.0,1.0,1297.0,16.8,12.4,3.5,,1006.4,,,275,Mace Head
2008-08-15,0.3,12.0,100.0,24.0,595.0,14.8,11.9,16.8,,1002.3,,,275,Mace Head
2008-08-16,0.8,18.0,280.0,30.0,883.0,15.1,12.5,17.8,,993.2,,,275,Mace Head
2008-08-17,1.0,8.0,170.0,15.0,773.0,16.3,13.3,1.7,,992.7,,,275,Mace Head
2008-08-18,3.7,12.0,70.0,18.0,905.0,17.6,12.5,6.7,,990.1,,,275,Mace Head
2008-08-19,3.9,14.0,300.0,18.0,1342.0,17.0,14.2,0.0,,999.8,,,275,Mace Head
2008-08-20,0.5,3.0,240.0,7.0,990.0,16.5,13.7,4.6,,1005.0,,,275,Mace Head
2008-08-21,0.2,4.0,330.0,10.0,2164.0,17.5,13.3,0.4,,1011.7,,,275,Mace Head
2008-08-22,0.2,0.0,310.0,1.0,1899.0,17.2,13.2,0.0,,1016.0,,,275,Mace Head
2008-08-23,2.4,11.0,160.0,20.0,364.0,16.1,13.4,8.3,,1006.1,,,275,Mace Head
2008-08-24,1.2,5.0,210.0,13.0,1165.0,16.8,13.9,0.2,,1000.5,,,275,Mace Head
2008-08-25,7.9,21.0,250.0,26.0,1142.0,17.3,14.6,1.0,,1003.6,,,275,Mace Head
2008-08-26,17.2,23.0,230.0,29.0,287.0,15.9,15.0,1.5,,1011.6,,,275,Mace Head
2008-08-27,13.4,20.0,230.0,25.0,680.0,16.3,14.8,0.5,,1016.4,,,275,Mace Head
2008-08-28,11.9,18.0,230.0,23.0,1160.0,16.9,14.4,0.1,,1018.2,,,275,Mace Head
2008-08-29,8.2,12.0,190.0,16.0,716.0,17.3,14.2,0.6,,1014.8,,,275,Mace Head
2008-08-30,12.9,18.0,310.0,23.0,885.0,17.2,12.6,2.0,,1009.2,,,275,Mace Head
2008-08-31,13.1,24.0,170.0,29.0,1468.0,16.6,12.8,4.4,,1005.5,,,275,Mace Head
2008-09-01,17.8,24.0,200.0,33.0,1446.0,16.4,12.0,4.4,,998.4,,,275,Mace Head
2008-09-02,21.0,27.0,300.0,39.0,1519.0,15.6,11.1,5.9,,994.1,,,275,Mace Head
2008-09-03,22.7,36.0,230.0,45.0,1620.0,15.7,11.3,6.9,,991.5,,,275,Mace Head
2008-09-04,6.3,17.0,280.0,22.0,1914.0,15.8,10.2,2.1,,991.9,,,275,Mace Head
2008-09-05,17.2,26.0,340.0,33.0,1103.0,16.5,10.1,0.1,,991.2,,,275,Mace Head
2008-09-06,14.8,20.0,330.0,27.0,1681.0,17.9,11.6,0.0,,1001.0,,,275,Mace Head
2008-09-07,7.5,13.0,320.0,17.0,673.0,14.6,11.3,0.2,,1008.4,,,275,Mace Head
2008-09-08,12.7,17.0,140.0,22.0,770.0,16.3,12.1,4.0,,1004.8,,,275,Mace Head
2008-09-09,18.6,33.0,280.0,42.0,513.0,14.8,11.9,9.6,,995.4,,,275,Mace Head
2008-09-10,22.3,34.0,180.0,47.0,357.0,16.2,12.3,14.7,,991.3,,,275,Mace Head
2008-09-11,21.6,32.0,280.0,39.0,1351.0,15.4,12.9,6.4,,993.7,,,275,Mace Head
2008-09-12,12.8,22.0,290.0,26.0,1562.0,16.0,12.8,0.3,,1010.0,,,275,Mace Head
2008-09-13,10.6,16.0,180.0,20.0,570.0,15.5,12.5,1.3,,1014.8,,,275,Mace Head
2008-09-14,6.0,14.0,320.0,18.0,438.0,16.8,12.8,14.8,,1018.0,,,275,Mace Head
2008-09-15,12.3,16.0,330.0,20.0,1407.0,16.6,12.2,0.0,,1021.5,,,275,Mace Head
2008-09-16,9.8,19.0,340.0,23.0,1631.0,16.9,8.6,0.0,,1022.9,,,275,Mace Head
2008-09-17,5.6,13.0,200.0,15.0,1732.0,15.1,7.2,0.0,,1021.3,,,275,Mace Head
2008-09-18,17.7,25.0,220.0,31.0,587.0,14.6,12.2,3.0,,1018.3,,,275,Mace Head
2008-09-19,16.0,23.0,210.0,28.0,442.0,14.7,13.0,0.5,,1021.9,,,275,Mace Head
2008-09-20,11.0,16.0,190.0,19.0,1479.0,16.7,12.1,0.0,,1023.6,,,275,Mace Head
2008-09-21,10.3,22.0,340.0,28.0,740.0,15.8,8.9,0.0,,1025.2,,,275,Mace Head
2008-09-22,6.9,12.0,30.0,16.0,1526.0,15.8,7.2,0.0,,1029.8,,,275,Mace Head
2008-09-23,7.0,12.0,80.0,15.0,1514.0,16.5,6.2,0.0,,1027.8,,,275,Mace Head
2008-09-24,5.3,10.0,90.0,14.0,1529.0,15.7,6.6,0.0,,1027.5,,,275,Mace Head
2008-09-25,4.5,9.0,90.0,12.0,1174.0,16.0,7.9,0.0,,1030.1,,,275,Mace Head
2008-09-26,9.0,14.0,160.0,18.0,1444.0,16.8,11.6,0.0,,1029.6,,,275,Mace Head
2008-09-27,10.6,17.0,220.0,20.0,583.0,15.6,11.5,0.2,,1027.4,,,275,Mace Head
2008-09-28,8.1,21.0,300.0,24.0,1209.0,15.2,8.7,0.0,,1025.8,,,275,Mace Head
2008-09-29,23.9,30.0,270.0,36.0,557.0,14.5,11.9,2.2,,1017.2,,,275,Mace Head
2008-09-30,27.1,35.0,280.0,46.0,346.0,14.1,11.3,5.0,,1004.6,,,275,Mace Head
2008-10-01,24.5,37.0,290.0,49.0,927.0,12.3,8.0,5.9,,1001.7,,,275,Mace Head
2008-10-02,16.9,30.0,310.0,42.0,804.0,12.3,7.6,3.7,,1011.0,,,275,Mace Head
2008-10-03,11.2,24.0,200.0,29.0,1047.0,11.6,7.1,0.1,,1015.0,,,275,Mace Head
2008-10-04,20.5,32.0,210.0,41.0,196.0,13.9,8.4,13.3,,1001.5,,,275,Mace Head
2008-10-05,8.4,20.0,50.0,27.0,1080.0,13.1,5.6,0.1,,998.1,,,275,Mace Head
2008-10-06,15.5,21.0,180.0,27.0,504.0,14.2,10.2,10.1,,997.6,,,275,Mace Head
2008-10-07,14.9,22.0,280.0,27.0,919.0,13.8,11.2,14.9,,999.5,,,275,Mace Head
2008-10-08,11.3,18.0,170.0,21.0,1139.0,14.9,11.8,0.0,,1013.9,,,275,Mace Head
2008-10-09,22.4,34.0,170.0,42.0,126.0,14.4,12.1,27.2,,1015.5,,,275,Mace Head
2008-10-10,18.3,29.0,200.0,36.0,187.0,14.6,12.1,10.6,,1013.6,,,275,Mace Head
2008-10-11,10.9,20.0,230.0,24.0,947.0,14.8,10.9,0.0,,1018.8,,,275,Mace Head
2008-10-12,13.1,20.0,210.0,26.0,743.0,13.7,11.0,0.2,,1015.6,,,275,Mace Head
2008-10-13,12.0,24.0,220.0,32.0,1001.0,14.4,8.2,0.1,,1011.9,,,275,Mace Head
2008-10-14,6.6,13.0,250.0,16.0,619.0,12.3,8.2,7.0,,1013.2,,,275,Mace Head
2008-10-15,17.4,26.0,280.0,32.0,778.0,12.9,9.6,1.2,,1010.6,,,275,Mace Head
2008-10-16,14.4,22.0,290.0,28.0,919.0,13.3,9.4,0.3,,1015.3,,,275,Mace Head
2008-10-17,14.6,24.0,240.0,28.0,763.0,13.2,10.1,0.1,,1015.4,,,275,Mace Head
2008-10-18,17.4,24.0,220.0,32.0,701.0,13.9,10.7,0.9,,1010.8,,,275,Mace Head
2008-10-19,27.2,37.0,180.0,49.0,332.0,14.2,12.4,3.6,,999.9,,,275,Mace Head
2008-10-20,30.5,42.0,230.0,56.0,704.0,13.7,7.8,4.9,,995.4,,,275,Mace Head
2008-10-21,23.6,34.0,270.0,43.0,806.0,11.2,7.7,2.3,,1005.8,,,275,Mace Head
2008-10-22,22.4,37.0,190.0,47.0,446.0,12.9,9.9,2.4,,1010.7,,,275,Mace Head
2008-10-23,32.7,40.0,200.0,53.0,220.0,14.7,7.6,11.6,,999.7,,,275,Mace Head
2008-10-24,26.7,36.0,250.0,46.0,768.0,12.4,8.0,0.9,,1013.0,,,275,Mace Head
2008-10-25,28.4,42.0,200.0,53.0,76.0,13.9,10.5,19.8,,1011.6,,,275,Mace Head
2008-10-26,24.7,38.0,260.0,47.0,581.0,11.7,6.4,4.0,,1010.5,,,275,Mace Head
2008-10-27,14.0,25.0,300.0,36.0,575.0,9.4,4.7,4.5,,1012.8,,,275,Mace Head
2008-10-28,14.4,28.0,340.0,39.0,734.0,8.2,2.0,2.0,,1015.2,,,275,Mace Head
2008-10-29,17.9,31.0,300.0,44.0,408.0,11.5,2.1,7.6,,1002.3,,,275,Mace Head
2008-10-30,14.6,23.0,30.0,32.0,773.0,8.4,4.5,0.0,,1000.6,,,275,Mace Head
2008-10-31,9.2,19.0,0.0,26.0,725.0,10.5,4.0,0.0,,1013.9,,,275,Mace Head
2008-11-01,4.6,13.0,340.0,17.0,505.0,9.8,3.4,0.0,,1016.7,,,275,Mace Head
2008-11-02,4.6,12.0,340.0,15.0,392.0,11.2,6.4,0.1,,1019.9,,,275,Mace Head
2008-11-03,4.1,9.0,310.0,11.0,337.0,11.0,8.3,0.0,,1018.9,,,275,Mace Head
2008-11-04,7.0,12.0,70.0,15.0,325.0,9.8,5.8,0.0,,1018.7,,,275,Mace Head
2008-11-05,2.7,8.0,100.0,9.0,173.0,10.9,7.8,0.0,,1017.2,,,275,Mace Head
2008-11-06,8.1,23.0,170.0,30.0,165.0,11.1,8.2,10.7,,,,,275,Mace Head
2008-11-07,16.6,35.0,250.0,43.0,162.0,10.3,5.7,5.8,,990.2,,,275,Mace Head
2008-11-08,23.6,43.0,250.0,57.0,118.0,11.9,5.2,16.4,,988.7,,,275,Mace Head
2008-11-09,29.4,44.0,240.0,59.0,218.0,8.6,4.0,6.5,,990.7,,,275,Mace Head
2008-11-10,31.1,46.0,250.0,57.0,397.0,10.7,6.9,2.0,,991.1,,,275,Mace Head
2008-11-11,19.3,29.0,300.0,44.0,474.0,10.9,6.6,2.1,,1004.0,,,275,Mace Head
2008-11-12,11.2,22.0,220.0,27.0,352.0,11.3,6.2,0.1,,1015.8,,,275,Mace Head
2008-11-13,17.6,22.0,260.0,29.0,148.0,11.9,11.1,3.2,,1016.6,,,275,Mace Head
2008-11-14,21.4,29.0,220.0,34.0,127.0,12.5,11.3,1.4,,1016.9,,,275,Mace Head
2008-11-15,7.0,21.0,240.0,25.0,171.0,11.9,8.6,4.6,,1020.4,,,275,Mace Head
2008-11-16,7.3,15.0,240.0,18.0,178.0,11.5,8.7,3.3,,1027.2,,,275,Mace Head
2008-11-17,23.0,32.0,310.0,41.0,134.0,11.8,9.1,2.0,,1021.6,,,275,Mace Head
2008-11-18,15.1,25.0,300.0,30.0,336.0,11.3,9.5,0.2,,1022.0,,,275,Mace Head
2008-11-19,16.3,24.0,290.0,29.0,147.0,12.0,9.6,0.0,,1024.4,,,275,Mace Head
2008-11-20,20.2,29.0,300.0,35.0,188.0,11.9,10.8,0.2,,1021.5,,,275,Mace Head
2008-11-21,17.1,25.0,310.0,32.0,253.0,11.5,9.1,0.2,,1022.7,,,275,Mace Head
2008-11-22,18.0,27.0,310.0,35.0,197.0,11.3,10.0,1.2,,1018.2,,,275,Mace Head
2008-11-23,31.6,41.0,310.0,63.0,225.0,11.2,5.3,3.8,,1004.1,,,275,Mace Head
2008-11-24,21.1,43.0,340.0,56.0,424.0,9.9,6.6,1.6,,1010.6,,,275,Mace Head
2008-11-25,12.7,21.0,340.0,26.0,188.0,10.9,7.0,0.2,,1026.8,,,275,Mace Head
2008-11-26,16.2,29.0,230.0,39.0,215.0,11.2,9.7,0.6,,1020.3,,,275,Mace Head
2008-11-27,23.7,34.0,280.0,43.0,309.0,10.6,4.4,5.8,,1003.9,,,275,Mace Head
2008-11-28,8.2,21.0,250.0,24.0,246.0,7.1,2.9,1.0,,994.6,,,275,Mace Head
2008-11-29,14.0,25.0,0.0,33.0,317.0,6.5,3.0,0.1,,996.5,,,275,Mace Head
2008-11-30,14.1,26.0,350.0,34.0,397.0,6.9,2.6,1.0,,1003.2,,,275,Mace Head
2008-12-01,10.2,23.0,280.0,32.0,399.0,7.7,3.7,1.6,,1010.0,,,275,Mace Head
2008-12-02,12.0,27.0,290.0,36.0,98.0,8.0,3.2,2.3,,1003.5,,,275,Mace Head
2008-12-03,13.4,35.0,200.0,44.0,164.0,9.8,1.5,10.2,,989.9,,,275,Mace Head
2008-12-04,26.5,46.0,300.0,54.0,136.0,9.7,5.7,5.4,,973.3,,,275,Mace Head
2008-12-05,19.1,40.0,310.0,50.0,266.0,9.2,4.8,3.5,,989.2,,,275,Mace Head
2008-12-06,6.6,10.0,100.0,14.0,368.0,6.3,0.9,0.0,,1013.5,,,275,Mace Head
2008-12-07,16.2,24.0,210.0,29.0,255.0,10.1,2.4,0.0,,1019.5,,,275,Mace Head
2008-12-08,12.9,23.0,230.0,35.0,268.0,10.1,5.8,4.5,,1020.4,,,275,Mace Head
2008-12-09,14.7,24.0,320.0,37.0,152.0,8.1,5.7,1.9,,1026.3,,,275,Mace Head
2008-12-10,6.9,12.0,300.0,14.0,220.0,9.0,6.8,0.5,,1019.4,,,275,Mace Head
2008-12-11,13.1,23.0,320.0,29.0,98.0,8.6,6.6,6.4,,1009.1,,,275,Mace Head
2008-12-12,20.8,31.0,190.0,41.0,32.0,10.7,5.2,17.0,,996.1,,,275,Mace Head
2008-12-13,12.2,27.0,270.0,35.0,149.0,6.5,1.8,4.0,,987.5,,,275,Mace Head
2008-12-14,9.8,21.0,330.0,29.0,305.0,6.9,2.0,0.1,,1002.9,,,275,Mace Head
2008-12-15,18.4,23.0,210.0,29.0,61.0,10.1,6.4,3.3,,1011.6,,,275,Mace Head
2008-12-16,22.4,37.0,280.0,50.0,153.0,10.7,6.3,4.7,,1005.8,,,275,Mace Head
2008-12-17,23.3,30.0,240.0,38.0,107.0,10.9,5.6,0.5,,1008.6,,,275,Mace Head
2008-12-18,25.3,34.0,270.0,51.0,97.0,11.0,5.7,0.8,,1011.9,,,275,Mace Head
2008-12-19,24.8,36.0,210.0,47.0,26.0,11.6,6.4,0.7,,1012.9,,,275,Mace Head
2008-12-20,20.6,28.0,210.0,35.0,108.0,11.3,8.7,1.2,,1018.4,,,275,Mace Head
2008-12-21,19.4,29.0,220.0,36.0,124.0,11.0,9.8,0.6,,1023.0,,,275,Mace Head
2008-12-22,12.5,17.0,200.0,23.0,82.0,10.5,7.9,0.4,,1027.8,,,275,Mace Head
2008-12-23,11.6,19.0,200.0,25.0,103.0,9.9,8.0,0.0,,1028.9,,,275,Mace Head
2008-12-24,8.6,12.0,170.0,16.0,53.0,9.6,6.8,0.0,,1030.1,,,275,Mace Head
2008-12-25,8.4,14.0,180.0,17.0,84.0,8.2,6.6,0.0,,1031.0,,,275,Mace Head
2008-12-26,8.6,15.0,90.0,21.0,101.0,6.9,2.2,0.0,,1033.8,,,275,Mace Head
2008-12-27,13.8,25.0,80.0,33.0,374.0,4.8,0.7,0.0,,1031.1,,,275,Mace Head
2008-12-28,15.5,27.0,80.0,35.0,348.0,4.7,1.4,0.0,,1025.4,,,275,Mace Head
2008-12-29,14.2,19.0,90.0,26.0,132.0,3.8,0.9,0.0,,1021.8,,,275,Mace Head
2008-12-30,17.1,25.0,90.0,33.0,116.0,7.7,3.3,0.4,,1020.2,,,275,Mace Head
2008-12-31,15.5,19.0,90.0,26.0,193.0,7.0,4.3,0.0,,1020.4,,,275,Mace Head
2009-01-01,18.9,26.0,100.0,34.0,222.0,5.3,2.0,0.0,,1022.8,,,275,Mace Head
2009-01-02,14.6,19.0,100.0,28.0,92.0,4.4,1.8,0.0,,1025.8,,,275,Mace Head
2009-01-03,9.2,16.0,90.0,22.0,88.0,4.9,2.1,0.0,,1025.1,,,275,Mace Head
2009-01-04,9.8,13.0,220.0,17.0,233.0,9.0,4.6,3.7,,1020.5,,,275,Mace Head
2009-01-05,11.3,16.0,90.0,21.0,381.0,5.8,0.8,0.1,,1021.4,,,275,Mace Head
2009-01-06,7.5,11.0,100.0,13.0,386.0,4.0,-2.4,0.0,,1025.1,,,275,Mace Head
2009-01-07,8.1,17.0,210.0,22.0,205.0,7.1,-0.4,0.0,,1023.8,,,275,Mace Head
2009-01-08,16.6,21.0,170.0,27.0,135.0,8.0,5.8,0.0,,1022.2,,,275,Mace Head
2009-01-09,18.5,29.0,180.0,36.0,363.0,8.3,5.6,0.0,,1017.1,,,275,Mace Head
2009-01-10,31.8,37.0,200.0,49.0,40.0,10.0,6.7,6.8,,1008.3,,,275,Mace Head
2009-01-11,30.1,37.0,200.0,50.0,93.0,11.4,9.8,7.9,,998.2,,,275,Mace Head
2009-01-12,12.7,29.0,220.0,36.0,346.0,10.3,7.1,3.6,,997.9,,,275,Mace Head
2009-01-13,10.4,24.0,290.0,31.0,295.0,8.0,4.4,1.3,,1004.0,,,275,Mace Head
2009-01-14,21.2,29.0,120.0,39.0,42.0,10.5,5.2,15.1,,995.5,,,275,Mace Head
2009-01-15,21.3,31.0,190.0,40.0,256.0,10.2,6.8,2.0,,992.4,,,275,Mace Head
2009-01-16,20.4,34.0,180.0,43.0,386.0,9.9,6.1,15.0,,994.4,,,275,Mace Head
2009-01-17,31.6,52.0,210.0,66.0,118.0,9.5,1.8,14.9,,982.8,,,275,Mace Head
2009-01-18,30.0,45.0,250.0,67.0,283.0,7.7,2.7,5.8,,979.2,,,275,Mace Head
2009-01-19,24.8,40.0,300.0,52.0,137.0,7.3,2.5,4.6,,971.4,,,275,Mace Head
2009-01-20,24.9,36.0,280.0,47.0,97.0,6.7,3.2,7.4,,983.4,,,275,Mace Head
2009-01-21,17.4,28.0,260.0,35.0,147.0,10.0,3.3,16.1,,981.1,,,275,Mace Head
2009-01-22,23.7,41.0,270.0,54.0,292.0,10.0,4.7,1.3,,974.1,,,275,Mace Head
2009-01-23,21.9,37.0,280.0,47.0,393.0,7.3,3.5,2.6,,975.2,,,275,Mace Head
2009-01-24,17.8,27.0,130.0,39.0,235.0,7.8,4.7,1.6,,974.2,,,275,Mace Head
2009-01-25,11.3,28.0,320.0,40.0,510.0,7.9,3.5,2.2,,974.7,,,275,Mace Head
2009-01-26,14.0,25.0,330.0,33.0,302.0,9.5,6.2,5.1,,993.2,,,275,Mace Head
2009-01-27,8.3,15.0,210.0,32.0,438.0,9.6,5.9,1.4,,1003.1,,,275,Mace Head
2009-01-28,13.8,26.0,140.0,35.0,432.0,9.6,6.7,0.1,,1004.8,,,275,Mace Head
2009-01-29,24.3,32.0,140.0,40.0,98.0,9.8,6.7,5.3,,996.3,,,275,Mace Head
2009-01-30,13.0,24.0,140.0,30.0,110.0,9.6,6.5,6.3,,994.0,,,275,Mace Head
2009-01-31,8.1,13.0,60.0,17.0,440.0,8.4,5.1,3.8,,1000.0,,,275,Mace Head
2009-02-01,14.9,25.0,90.0,32.0,321.0,6.6,1.3,0.7,,1006.8,,,275,Mace Head
2009-02-02,10.3,17.0,70.0,23.0,652.0,4.0,-1.4,0.0,,1004.4,,,275,Mace Head
2009-02-03,10.8,17.0,50.0,24.0,323.0,5.2,0.1,0.2,,991.2,,,275,Mace Head
2009-02-04,14.3,23.0,50.0,30.0,418.0,6.3,1.0,1.4,,988.3,,,275,Mace Head
2009-02-05,17.2,27.0,350.0,35.0,612.0,4.6,1.0,0.1,,995.7,,,275,Mace Head
2009-02-06,11.3,23.0,350.0,32.0,706.0,6.2,1.3,0.1,,999.1,,,275,Mace Head
2009-02-07,8.7,19.0,340.0,26.0,727.0,6.7,1.4,0.0,,1002.4,,,275,Mace Head
2009-02-08,15.8,25.0,270.0,33.0,573.0,8.4,1.6,2.6,,996.7,,,275,Mace Head
2009-02-09,9.2,19.0,280.0,25.0,710.0,6.9,1.0,0.0,,993.6,,,275,Mace Head
2009-02-10,11.9,23.0,270.0,30.0,414.0,7.8,1.3,5.2,,1004.3,,,275,Mace Head
2009-02-11,6.2,14.0,250.0,16.0,420.0,8.8,6.3,0.0,,1017.0,,,275,Mace Head
2009-02-12,8.0,16.0,270.0,18.0,413.0,9.8,6.2,3.4,,1021.9,,,275,Mace Head
2009-02-13,5.6,12.0,220.0,15.0,409.0,9.8,6.7,0.4,,1022.2,,,275,Mace Head
2009-02-14,12.5,17.0,190.0,23.0,373.0,9.3,6.9,1.5,,1022.4,,,275,Mace Head
2009-02-15,12.5,17.0,220.0,21.0,457.0,9.2,7.7,0.0,,1024.2,,,275,Mace Head
2009-02-16,12.4,16.0,220.0,20.0,193.0,9.2,7.4,0.1,,1024.5,,,275,Mace Head
2009-02-17,9.0,13.0,220.0,16.0,179.0,8.8,7.8,0.0,,1026.3,,,275,Mace Head
2009-02-18,12.1,17.0,170.0,21.0,198.0,8.4,7.8,0.0,,1023.4,,,275,Mace Head
2009-02-19,6.9,13.0,340.0,16.0,812.0,10.3,5.2,3.3,,1026.3,,,275,Mace Head
2009-02-20,8.7,13.0,200.0,17.0,443.0,8.7,3.1,0.0,,1029.8,,,275,Mace Head
2009-02-21,13.5,17.0,240.0,21.0,635.0,10.3,8.1,0.0,,1030.3,,,275,Mace Head
2009-02-22,11.9,17.0,300.0,23.0,380.0,9.5,8.1,0.1,,1029.8,,,275,Mace Head
2009-02-23,7.3,13.0,290.0,16.0,371.0,9.3,8.0,0.0,,1027.2,,,275,Mace Head
2009-02-24,8.7,17.0,200.0,20.0,309.0,8.8,7.3,0.0,,1025.2,,,275,Mace Head
2009-02-25,11.2,18.0,220.0,23.0,779.0,9.6,7.4,0.4,,1024.6,,,275,Mace Head
2009-02-26,14.8,20.0,230.0,24.0,334.0,10.1,7.8,0.0,,1021.1,,,275,Mace Head
2009-02-27,14.6,22.0,240.0,27.0,682.0,9.8,7.9,0.0,,1013.7,,,275,Mace Head
2009-02-28,13.2,19.0,170.0,24.0,353.0,9.1,6.8,3.4,,1005.2,,,275,Mace Head
2009-03-01,15.4,23.0,270.0,30.0,1093.0,9.9,5.8,0.7,,1007.0,,,275,Mace Head
2009-03-02,17.8,25.0,260.0,35.0,647.0,10.3,6.7,0.3,,1010.2,,,275,Mace Head
2009-03-03,19.8,35.0,270.0,45.0,482.0,7.9,1.3,9.8,,992.8,,,275,Mace Head
2009-03-04,16.8,33.0,290.0,50.0,507.0,5.6,1.4,7.8,,980.9,,,275,Mace Head
2009-03-05,12.2,23.0,280.0,30.0,1134.0,9.0,3.2,2.1,,993.6,,,275,Mace Head
2009-03-06,15.2,26.0,280.0,34.0,782.0,10.0,6.3,5.3,,1001.7,,,275,Mace Head
2009-03-07,22.7,40.0,260.0,63.0,299.0,10.1,4.5,3.0,,998.4,,,275,Mace Head
2009-03-08,30.0,39.0,270.0,52.0,828.0,7.5,1.6,3.9,,998.6,,,275,Mace Head
2009-03-09,21.9,35.0,280.0,50.0,520.0,9.2,4.8,6.8,,1003.9,,,275,Mace Head
2009-03-10,13.9,28.0,270.0,36.0,949.0,10.4,8.3,1.6,,1007.2,,,275,Mace Head
2009-03-11,17.1,27.0,210.0,34.0,469.0,10.2,8.8,3.5,,1013.3,,,275,Mace Head
2009-03-12,10.4,18.0,260.0,22.0,1234.0,11.0,6.5,0.1,,1015.8,,,275,Mace Head
2009-03-13,18.2,33.0,250.0,42.0,268.0,9.9,7.5,2.6,,1006.8,,,275,Mace Head
2009-03-14,19.0,34.0,270.0,46.0,800.0,10.3,7.6,0.0,,1013.6,,,275,Mace Head
2009-03-15,14.4,18.0,200.0,23.0,461.0,9.7,8.2,0.0,,1025.3,,,275,Mace Head
2009-03-16,10.1,18.0,190.0,22.0,412.0,9.8,7.9,0.0,,1026.9,,,275,Mace Head
2009-03-17,12.3,19.0,130.0,26.0,1408.0,14.0,5.5,0.0,,1027.7,,,275,Mace Head
2009-03-18,10.7,15.0,110.0,19.0,1540.0,15.3,5.8,0.0,,1025.5,,,275,Mace Head
2009-03-19,13.1,21.0,120.0,27.0,1621.0,14.2,3.3,0.0,,1022.0,,,275,Mace Head
2009-03-20,12.0,20.0,130.0,25.0,1543.0,13.5,6.8,0.0,,1024.1,,,275,Mace Head
2009-03-21,10.0,18.0,340.0,22.0,1528.0,11.9,7.7,0.0,,1032.1,,,275,Mace Head
2009-03-22,11.9,17.0,260.0,21.0,959.0,11.1,7.8,0.0,,1032.4,,,275,Mace Head
2009-03-23,19.6,28.0,280.0,34.0,1018.0,10.8,7.3,0.1,,1025.0,,,275,Mace Head
2009-03-24,17.4,32.0,290.0,40.0,841.0,10.7,7.0,0.3,,1016.1,,,275,Mace Head
2009-03-25,22.5,34.0,290.0,43.0,974.0,10.6,7.6,0.4,,1006.8,,,275,Mace Head
2009-03-26,26.4,37.0,300.0,49.0,1363.0,9.9,5.1,1.7,,999.8,,,275,Mace Head
2009-03-27,23.0,33.0,330.0,46.0,1382.0,9.1,4.3,2.2,,999.4,,,275,Mace Head
2009-03-28,16.9,33.0,350.0,46.0,1724.0,8.8,4.8,0.0,,1007.9,,,275,Mace Head
2009-03-29,15.1,26.0,180.0,32.0,895.0,10.6,5.7,6.0,,1007.0,,,275,Mace Head
2009-03-30,7.6,13.0,250.0,16.0,1209.0,11.5,7.7,0.1,,1014.6,,,275,Mace Head
2009-03-31,7.9,15.0,200.0,19.0,1150.0,11.7,8.2,0.0,,1018.4,,,275,Mace Head
2009-04-01,10.3,17.0,150.0,21.0,854.0,12.0,8.1,0.0,,1018.5,,,275,Mace Head
2009-04-02,10.4,15.0,130.0,19.0,1879.0,13.1,6.1,0.0,,1015.5,,,275,Mace Head
2009-04-03,12.7,19.0,160.0,26.0,583.0,11.3,7.8,4.3,,1009.2,,,275,Mace Head
2009-04-04,15.6,23.0,280.0,29.0,1864.0,11.1,7.4,0.0,,1013.6,,,275,Mace Head
2009-04-05,15.9,22.0,150.0,28.0,1266.0,11.3,7.3,0.0,,1011.2,,,275,Mace Head
2009-04-06,21.6,30.0,200.0,40.0,1315.0,10.2,6.8,4.3,,998.1,,,275,Mace Head
2009-04-07,21.2,48.0,300.0,62.0,718.0,9.9,6.3,10.8,,986.0,,,275,Mace Head
2009-04-08,15.3,30.0,280.0,41.0,1913.0,11.5,7.0,5.0,,995.9,,,275,Mace Head
2009-04-09,11.7,30.0,180.0,39.0,473.0,10.3,6.6,10.6,,989.0,,,275,Mace Head
2009-04-10,13.4,21.0,260.0,26.0,1738.0,9.4,6.2,0.1,,996.6,,,275,Mace Head
2009-04-11,9.1,22.0,230.0,28.0,2059.0,11.3,5.1,2.0,,1005.2,,,275,Mace Head
2009-04-12,9.8,22.0,140.0,29.0,1773.0,13.0,4.4,2.9,,1006.4,,,275,Mace Head
2009-04-13,9.9,22.0,140.0,28.0,2018.0,13.3,7.6,1.2,,1000.3,,,275,Mace Head
2009-04-14,13.5,19.0,130.0,27.0,1707.0,15.2,7.4,0.9,,1002.5,,,275,Mace Head
2009-04-15,12.6,21.0,60.0,26.0,419.0,11.6,6.6,0.4,,1005.5,,,275,Mace Head
2009-04-16,18.2,25.0,70.0,34.0,1595.0,16.7,9.4,0.5,,1004.8,,,275,Mace Head
2009-04-17,16.0,23.0,90.0,31.0,758.0,12.4,8.7,0.0,,1009.8,,,275,Mace Head
2009-04-18,9.7,17.0,80.0,23.0,2162.0,17.1,7.7,0.0,,1016.2,,,275,Mace Head
2009-04-19,10.2,16.0,220.0,19.0,1985.0,14.5,6.9,0.2,,1021.0,,,275,Mace Head
2009-04-20,12.1,19.0,190.0,24.0,1489.0,13.4,10.0,1.6,,1023.1,,,275,Mace Head
2009-04-21,11.1,21.0,180.0,25.0,2074.0,13.0,6.7,0.6,,1023.2,,,275,Mace Head
2009-04-22,15.1,24.0,170.0,30.0,535.0,13.8,8.6,9.6,,1017.5,,,275,Mace Head
2009-04-23,9.1,13.0,190.0,16.0,1194.0,12.2,8.4,0.8,,1011.3,,,275,Mace Head
2009-04-24,12.0,16.0,320.0,19.0,2260.0,11.7,6.5,4.2,,1007.2,,,275,Mace Head
2009-04-25,19.3,32.0,350.0,40.0,2010.0,13.4,7.5,0.0,,1004.8,,,275,Mace Head
2009-04-26,16.1,26.0,280.0,33.0,516.0,10.7,7.5,6.4,,1000.5,,,275,Mace Head
2009-04-27,16.3,26.0,280.0,32.0,1627.0,11.2,5.9,6.1,,994.3,,,275,Mace Head
2009-04-28,11.8,22.0,330.0,29.0,1256.0,14.0,5.7,1.4,,1001.0,,,275,Mace Head
2009-04-29,8.6,18.0,200.0,22.0,882.0,11.4,7.3,5.4,,999.7,,,275,Mace Head
2009-04-30,11.5,24.0,170.0,32.0,2531.0,12.5,7.3,0.3,,1006.1,,,275,Mace Head
2009-05-01,18.7,31.0,170.0,40.0,2376.0,12.6,8.6,9.1,,1014.3,,,275,Mace Head
2009-05-02,14.9,26.0,310.0,35.0,2241.0,12.6,6.6,3.2,,1023.6,,,275,Mace Head
2009-05-03,16.9,23.0,300.0,30.0,2310.0,11.6,6.5,1.2,,1027.1,,,275,Mace Head
2009-05-04,20.7,24.0,240.0,31.0,483.0,11.2,9.5,2.6,,1022.9,,,275,Mace Head
2009-05-05,23.1,28.0,240.0,33.0,1104.0,12.5,10.2,0.0,,1016.8,,,275,Mace Head
2009-05-06,24.3,32.0,230.0,39.0,671.0,11.7,8.1,2.7,,1008.7,,,275,Mace Head
2009-05-07,30.0,41.0,230.0,55.0,940.0,10.8,6.8,1.9,,999.0,,,275,Mace Head
2009-05-08,24.7,37.0,240.0,47.0,2186.0,11.3,6.5,3.9,,999.9,,,275,Mace Head
2009-05-09,15.0,27.0,260.0,32.0,2577.0,11.8,5.7,7.2,,1008.5,,,275,Mace Head
2009-05-10,6.0,12.0,60.0,15.0,2326.0,15.0,5.7,0.0,,1016.9,,,275,Mace Head
2009-05-11,15.4,21.0,80.0,27.0,2463.0,17.5,5.8,0.0,,1020.2,,,275,Mace Head
2009-05-12,16.0,21.0,80.0,28.0,2798.0,17.1,6.3,0.0,,1018.2,,,275,Mace Head
2009-05-13,13.8,20.0,100.0,27.0,1297.0,14.3,7.4,0.0,,1011.2,,,275,Mace Head
2009-05-14,10.4,22.0,300.0,28.0,747.0,12.0,9.4,8.8,,1004.5,,,275,Mace Head
2009-05-15,16.0,24.0,240.0,29.0,600.0,10.5,4.8,4.7,,996.1,,,275,Mace Head
2009-05-16,16.7,33.0,190.0,44.0,1365.0,12.0,5.0,15.8,,986.4,,,275,Mace Head
2009-05-17,12.3,24.0,150.0,32.0,1454.0,11.2,7.4,5.2,,991.2,,,275,Mace Head
2009-05-18,9.5,17.0,280.0,19.0,2566.0,13.3,8.1,0.0,,998.1,,,275,Mace Head
2009-05-19,7.9,12.0,280.0,14.0,2684.0,13.7,8.4,0.0,,1006.5,,,275,Mace Head
2009-05-20,8.6,13.0,230.0,21.0,2750.0,13.7,8.1,6.8,,1010.7,,,275,Mace Head
2009-05-21,12.8,18.0,260.0,23.0,2397.0,13.6,8.7,3.0,,1010.7,,,275,Mace Head
2009-05-22,11.6,18.0,200.0,23.0,1816.0,14.0,10.2,5.1,,1008.1,,,275,Mace Head
2009-05-23,15.1,24.0,300.0,30.0,2326.0,13.5,8.2,5.8,,1010.9,,,275,Mace Head
2009-05-24,18.9,24.0,200.0,29.0,707.0,12.7,10.7,0.0,,1014.5,,,275,Mace Head
2009-05-25,14.2,20.0,280.0,25.0,1827.0,13.6,9.9,1.0,,1013.3,,,275,Mace Head
2009-05-26,19.5,26.0,260.0,33.0,2543.0,13.0,8.1,3.1,,1013.7,,,275,Mace Head
2009-05-27,19.8,28.0,190.0,36.0,866.0,13.1,9.8,2.8,,1014.4,,,275,Mace Head
2009-05-28,11.0,16.0,220.0,20.0,953.0,14.0,11.4,0.2,,1024.8,,,275,Mace Head
2009-05-29,14.7,25.0,130.0,31.0,2747.0,19.0,11.7,0.0,,1022.2,,,275,Mace Head
2009-05-30,9.6,22.0,120.0,29.0,1864.0,16.5,13.0,0.0,,1019.8,,,275,Mace Head
2009-05-31,6.5,13.0,90.0,17.0,2632.0,21.3,12.6,0.0,,1023.5,,,275,Mace Head
2009-06-01,5.0,10.0,110.0,13.0,2912.0,22.2,13.0,0.0,,1024.2,,,275,Mace Head
2009-06-02,5.6,11.0,300.0,13.0,2977.0,23.4,14.7,0.0,,1024.1,,,275,Mace Head
2009-06-03,8.2,14.0,60.0,20.0,2986.0,23.2,14.8,0.0,,1020.5,,,275,Mace Head
2009-06-04,7.6,13.0,320.0,17.0,2935.0,20.6,10.7,0.0,,1015.3,,,275,Mace Head
2009-06-05,13.3,20.0,20.0,26.0,3027.0,15.8,8.5,0.0,,1010.0,,,275,Mace Head
2009-06-06,14.9,22.0,20.0,30.0,2196.0,15.0,7.6,0.0,,1005.8,,,275,Mace Head
2009-06-07,8.4,13.0,350.0,18.0,1621.0,15.6,8.3,0.0,,1004.0,,,275,Mace Head
2009-06-08,11.0,18.0,60.0,25.0,1524.0,16.0,7.1,0.4,,1005.3,,,275,Mace Head
2009-06-09,8.3,14.0,340.0,18.0,989.0,16.8,8.1,2.7,,1008.2,,,275,Mace Head
2009-06-10,9.5,18.0,320.0,23.0,2889.0,15.6,9.5,0.3,,1011.4,,,275,Mace Head
2009-06-11,6.5,17.0,130.0,22.0,2959.0,15.2,9.3,0.0,,1015.9,,,275,Mace Head
2009-06-12,12.3,19.0,140.0,25.0,2014.0,18.4,9.6,6.3,,1013.3,,,275,Mace Head
2009-06-13,12.2,18.0,190.0,25.0,2165.0,16.6,12.3,0.6,,1011.7,,,275,Mace Head
2009-06-14,7.8,14.0,180.0,17.0,2635.0,16.9,11.6,0.0,,1012.6,,,275,Mace Head
2009-06-15,7.5,15.0,290.0,19.0,2722.0,18.9,11.1,0.0,,1013.6,,,275,Mace Head
2009-06-16,13.1,26.0,180.0,32.0,1713.0,16.7,11.9,14.2,,1012.5,,,275,Mace Head
2009-06-17,18.0,28.0,250.0,36.0,2197.0,14.6,10.7,5.4,,1008.8,,,275,Mace Head
2009-06-18,24.0,30.0,270.0,38.0,2284.0,14.7,10.6,2.4,,1013.1,,,275,Mace Head
2009-06-19,17.9,23.0,270.0,32.0,1460.0,15.1,11.0,0.1,,1020.1,,,275,Mace Head
2009-06-20,13.6,23.0,280.0,28.0,2327.0,15.8,12.3,0.0,,1024.8,,,275,Mace Head
2009-06-21,8.7,14.0,270.0,16.0,1075.0,15.2,12.9,0.0,,1025.2,,,275,Mace Head
2009-06-22,5.8,10.0,270.0,14.0,2218.0,20.0,13.4,0.0,,1026.2,,,275,Mace Head
2009-06-23,6.8,13.0,130.0,16.0,2722.0,24.5,16.4,0.0,,1023.2,,,275,Mace Head
2009-06-24,8.9,14.0,140.0,18.0,2709.0,22.4,13.7,0.0,,1017.3,,,275,Mace Head
2009-06-25,12.0,19.0,90.0,24.0,2696.0,22.9,12.9,0.0,,1011.1,,,275,Mace Head
2009-06-26,8.6,16.0,90.0,20.0,1332.0,21.5,14.6,6.7,,1009.1,,,275,Mace Head
2009-06-27,7.8,14.0,140.0,17.0,2527.0,22.6,12.1,0.0,,1010.7,,,275,Mace Head
2009-06-28,15.3,19.0,100.0,30.0,1218.0,19.3,14.3,0.4,,1008.8,,,275,Mace Head
2009-06-29,7.5,17.0,140.0,21.0,2665.0,21.2,14.3,0.0,,1011.3,,,275,Mace Head
2009-06-30,9.8,19.0,110.0,25.0,689.0,18.0,13.7,4.3,,1014.6,,,275,Mace Head
2009-07-01,3.1,5.0,330.0,6.0,1427.0,19.2,12.2,0.7,,1016.5,,,275,Mace Head
2009-07-02,4.1,8.0,120.0,12.0,1050.0,20.0,15.5,41.4,,1011.4,,,275,Mace Head
2009-07-03,12.1,19.0,160.0,24.0,2630.0,18.2,14.6,2.1,,1005.5,,,275,Mace Head
2009-07-04,14.5,20.0,180.0,27.0,2304.0,17.8,13.8,1.9,,1002.0,,,275,Mace Head
2009-07-05,10.2,17.0,180.0,22.0,2595.0,18.6,12.6,5.2,,998.4,,,275,Mace Head
2009-07-06,17.7,26.0,300.0,32.0,2010.0,17.7,12.9,4.6,,1002.0,,,275,Mace Head
2009-07-07,15.1,19.0,310.0,25.0,2254.0,18.8,14.1,0.0,,1009.8,,,275,Mace Head
2009-07-08,11.6,19.0,300.0,23.0,2012.0,18.2,13.3,0.0,,1015.9,,,275,Mace Head
2009-07-09,8.0,14.0,270.0,17.0,2358.0,17.5,12.8,0.0,,1017.1,,,275,Mace Head
2009-07-10,10.1,18.0,140.0,23.0,735.0,16.0,11.6,7.8,,1012.2,,,275,Mace Head
2009-07-11,17.1,36.0,240.0,49.0,557.0,17.3,14.3,6.8,,997.7,,,275,Mace Head
2009-07-12,21.5,35.0,240.0,45.0,2570.0,16.9,12.7,0.8,,995.4,,,275,Mace Head
2009-07-13,12.4,19.0,140.0,25.0,1801.0,17.4,13.0,4.5,,997.1,,,275,Mace Head
2009-07-14,6.3,10.0,90.0,14.0,1378.0,18.6,12.5,3.2,,999.1,,,275,Mace Head
2009-07-15,10.2,14.0,280.0,17.0,2732.0,17.7,12.9,0.0,,1006.5,,,275,Mace Head
2009-07-16,10.8,15.0,330.0,21.0,2624.0,17.2,12.5,0.0,,1013.3,,,275,Mace Head
2009-07-17,16.3,23.0,300.0,29.0,2045.0,17.3,12.2,0.3,,1014.4,,,275,Mace Head
2009-07-18,8.0,17.0,280.0,21.0,886.0,14.5,12.3,9.3,,1009.6,,,275,Mace Head
2009-07-19,13.1,19.0,290.0,24.0,2504.0,16.9,11.9,0.1,,1007.1,,,275,Mace Head
2009-07-20,14.9,19.0,260.0,24.0,1522.0,16.6,12.9,0.3,,1005.5,,,275,Mace Head
2009-07-21,12.9,21.0,80.0,27.0,1517.0,17.9,12.3,4.0,,995.3,,,275,Mace Head
2009-07-22,12.0,19.0,260.0,24.0,2120.0,17.4,12.4,0.0,,990.4,,,275,Mace Head
2009-07-23,9.9,21.0,250.0,25.0,935.0,15.7,13.0,9.7,,996.2,,,275,Mace Head
2009-07-24,8.6,16.0,280.0,19.0,2711.0,17.6,12.6,0.8,,1007.7,,,275,Mace Head
2009-07-25,13.1,27.0,150.0,38.0,1875.0,18.3,10.8,7.1,,1009.1,,,275,Mace Head
2009-07-26,24.9,31.0,200.0,40.0,1789.0,16.8,13.8,2.3,,1001.3,,,275,Mace Head
2009-07-27,20.6,26.0,230.0,32.0,2255.0,16.9,13.4,1.0,,1003.7,,,275,Mace Head
2009-07-28,22.0,28.0,200.0,34.0,1358.0,16.3,13.1,2.8,,1001.5,,,275,Mace Head
2009-07-29,15.5,22.0,270.0,31.0,2441.0,17.1,11.6,1.5,,1005.6,,,275,Mace Head
2009-07-30,16.4,24.0,190.0,31.0,2390.0,16.8,11.0,1.4,,1012.8,,,275,Mace Head
2009-07-31,22.4,27.0,150.0,38.0,750.0,16.3,13.1,10.0,,1006.1,,,275,Mace Head
2009-08-01,24.2,31.0,270.0,39.0,1709.0,16.1,13.3,0.7,,1003.1,,,275,Mace Head
2009-08-02,14.8,24.0,130.0,32.0,1007.0,15.6,12.6,6.3,,1003.3,,,275,Mace Head
2009-08-03,17.1,22.0,180.0,28.0,798.0,16.4,13.9,7.4,,998.5,,,275,Mace Head
2009-08-04,20.9,30.0,180.0,38.0,1796.0,17.3,13.3,0.3,,1001.0,,,275,Mace Head
2009-08-05,23.2,30.0,180.0,38.0,1670.0,16.9,14.3,0.3,,1007.0,,,275,Mace Head
2009-08-06,14.6,22.0,210.0,29.0,1916.0,17.4,12.8,2.5,,1014.6,,,275,Mace Head
2009-08-07,15.6,25.0,190.0,33.0,1404.0,17.0,12.6,3.6,,1016.3,,,275,Mace Head
2009-08-08,9.4,19.0,220.0,24.0,1728.0,17.1,13.7,0.4,,1015.8,,,275,Mace Head
2009-08-09,13.1,25.0,180.0,31.0,712.0,16.1,13.2,7.1,,1011.7,,,275,Mace Head
2009-08-10,13.4,19.0,280.0,23.0,1584.0,18.6,13.6,0.4,,1012.5,,,275,Mace Head
2009-08-11,13.1,21.0,240.0,25.0,452.0,16.0,13.4,5.6,,1019.1,,,275,Mace Head
2009-08-12,8.8,16.0,310.0,19.0,1307.0,16.9,13.6,2.1,,1018.3,,,275,Mace Head
2009-08-13,3.8,8.0,160.0,10.0,1737.0,17.7,12.9,0.0,,1016.2,,,275,Mace Head
2009-08-14,20.5,27.0,200.0,33.0,499.0,16.7,14.6,12.6,,1008.0,,,275,Mace Head
2009-08-15,17.9,26.0,250.0,31.0,1902.0,17.0,13.5,5.8,,1006.0,,,275,Mace Head
2009-08-16,22.0,28.0,250.0,35.0,798.0,16.6,14.0,1.3,,1009.6,,,275,Mace Head
2009-08-17,13.1,22.0,240.0,27.0,1180.0,16.9,13.7,1.5,,1010.5,,,275,Mace Head
2009-08-18,13.9,20.0,170.0,26.0,695.0,17.0,14.7,9.4,,1005.7,,,275,Mace Head
2009-08-19,13.0,24.0,190.0,31.0,695.0,16.8,12.7,31.7,,1001.3,,,275,Mace Head
2009-08-20,19.5,30.0,260.0,39.0,1734.0,16.7,11.6,4.0,,1003.1,,,275,Mace Head
2009-08-21,19.8,29.0,240.0,43.0,1937.0,16.2,10.8,1.0,,1012.8,,,275,Mace Head
2009-08-22,14.4,23.0,170.0,30.0,771.0,16.3,13.0,15.8,,1010.9,,,275,Mace Head
2009-08-23,16.0,23.0,190.0,30.0,981.0,16.0,12.7,25.4,,1001.6,,,275,Mace Head
2009-08-24,21.9,29.0,210.0,38.0,1533.0,15.9,11.6,3.2,,997.3,,,275,Mace Head
2009-08-25,17.8,26.0,120.0,36.0,1354.0,16.2,12.4,5.7,,995.6,,,275,Mace Head
2009-08-26,18.6,27.0,310.0,35.0,1313.0,16.4,13.0,7.6,,997.1,,,275,Mace Head
2009-08-27,22.4,36.0,260.0,44.0,1184.0,15.8,12.4,4.6,,1001.6,,,275,Mace Head
2009-08-28,25.5,33.0,280.0,47.0,1579.0,15.7,11.5,1.8,,1010.1,,,275,Mace Head
2009-08-29,15.3,21.0,270.0,26.0,1777.0,16.1,12.2,0.0,,1015.2,,,275,Mace Head
2009-08-30,14.2,21.0,210.0,26.0,504.0,16.6,13.4,28.2,,1006.1,,,275,Mace Head
2009-08-31,14.8,30.0,210.0,39.0,1073.0,16.1,11.3,12.2,,996.2,,,275,Mace Head
2009-09-01,19.6,27.0,250.0,31.0,1773.0,15.7,12.6,0.5,,997.2,,,275,Mace Head
2009-09-02,13.1,24.0,290.0,34.0,,14.1,11.7,14.0,,997.5,,,275,Mace Head
2009-09-03,21.5,29.0,280.0,34.0,,14.9,10.9,1.8,,1000.3,,,275,Mace Head
2009-09-04,22.5,30.0,290.0,37.0,,15.2,11.0,2.5,,1009.4,,,275,Mace Head
2009-09-05,19.9,26.0,240.0,31.0,,15.4,12.4,0.0,,1015.9,,,275,Mace Head
2009-09-06,20.0,25.0,190.0,32.0,,15.5,12.3,16.4,,1009.3,,,275,Mace Head
2009-09-07,16.1,31.0,170.0,41.0,,16.4,13.2,7.8,,1005.4,,,275,Mace Head
2009-09-08,22.5,29.0,180.0,38.0,,16.4,12.4,4.6,,1010.0,,,275,Mace Head
2009-09-09,9.6,16.0,280.0,19.0,,16.2,10.7,0.0,,1028.1,,,275,Mace Head
2009-09-10,5.1,12.0,80.0,15.0,,16.7,9.1,0.0,,1035.9,,,275,Mace Head
2009-09-11,6.3,11.0,100.0,13.0,,19.6,9.0,0.0,,1034.4,,,275,Mace Head
2009-09-12,6.5,11.0,100.0,14.0,,19.6,10.2,0.0,,1030.3,,,275,Mace Head
2009-09-13,5.9,10.0,100.0,12.0,,19.2,10.0,0.0,,1028.1,,,275,Mace Head
2009-09-14,7.0,13.0,100.0,17.0,,19.5,11.7,0.0,,1027.9,,,275,Mace Head
2009-09-15,9.8,20.0,340.0,24.0,,17.9,12.5,0.0,,1027.7,,,275,Mace Head
2009-09-16,6.9,14.0,30.0,18.0,,16.8,9.7,0.0,,1026.5,,,275,Mace Head
2009-09-17,5.3,10.0,180.0,15.0,,16.2,9.0,0.0,,1021.2,,,275,Mace Head
2009-09-18,13.2,19.0,180.0,26.0,,14.6,12.8,0.0,,1013.9,,,275,Mace Head
2009-09-19,14.6,26.0,200.0,40.0,,15.0,12.1,1.3,,1014.3,,,275,Mace Head
2009-09-20,16.4,23.0,220.0,29.0,,15.5,11.5,0.8,,1019.8,,,275,Mace Head
2009-09-21,24.2,29.0,200.0,37.0,,16.0,14.1,2.8,,1015.7,,,275,Mace Head
2009-09-22,19.2,26.0,250.0,36.0,,14.9,12.1,0.4,,1017.3,,,275,Mace Head
2009-09-23,16.1,21.0,240.0,27.0,,15.1,11.6,0.6,,1021.8,,,275,Mace Head
2009-09-24,15.2,22.0,260.0,26.0,,15.7,11.9,0.0,,1023.6,,,275,Mace Head
2009-09-25,14.7,21.0,240.0,25.0,,15.9,13.9,0.0,,1024.0,,,275,Mace Head
2009-09-26,10.3,15.0,270.0,19.0,,15.1,12.8,0.1,,1025.6,,,275,Mace Head
2009-09-27,12.8,17.0,270.0,20.0,,15.1,13.5,0.3,,1026.2,,,275,Mace Head
2009-09-28,14.4,18.0,260.0,23.0,,15.2,13.6,0.0,,1025.9,,,275,Mace Head
2009-09-29,11.2,17.0,280.0,20.0,,15.1,13.2,0.0,,1023.2,,,275,Mace Head
2009-09-30,10.3,17.0,340.0,21.0,,16.1,11.8,0.0,,1020.1,,,275,Mace Head
2009-10-01,8.4,15.0,340.0,19.0,,13.0,8.6,0.0,,1020.8,,,275,Mace Head
2009-10-02,19.3,30.0,240.0,38.0,,14.3,11.9,0.1,,1015.2,,,275,Mace Head
2009-10-03,23.2,33.0,250.0,39.0,,13.6,11.2,0.4,,1005.8,,,275,Mace Head
2009-10-04,8.7,22.0,260.0,27.0,,13.9,9.5,0.1,,1008.5,,,275,Mace Head
2009-10-05,8.6,13.0,160.0,18.0,,15.9,10.6,0.0,,1003.7,,,275,Mace Head
2009-10-06,9.4,21.0,340.0,27.0,,13.4,6.6,0.6,,1003.0,,,275,Mace Head
2009-10-07,7.6,17.0,270.0,23.0,,13.4,7.7,0.0,,1011.0,,,275,Mace Head
2009-10-08,8.4,21.0,150.0,27.0,,14.2,7.9,0.0,,1014.8,,,275,Mace Head
2009-10-09,16.9,26.0,140.0,35.0,,15.3,10.8,4.4,,1006.9,,,275,Mace Head
2009-10-10,12.8,17.0,270.0,20.0,,14.4,12.6,0.3,,1011.1,,,275,Mace Head
2009-10-11,10.4,19.0,260.0,22.0,,14.3,7.8,8.4,,1017.5,,,275,Mace Head
2009-10-12,7.1,12.0,190.0,15.0,,13.8,6.2,0.8,,1025.7,,,275,Mace Head
2009-10-13,7.7,13.0,210.0,15.0,,14.8,13.3,0.3,,1026.4,,,275,Mace Head
2009-10-14,4.5,9.0,140.0,12.0,,16.6,10.4,0.0,,1027.3,,,275,Mace Head
2009-10-15,3.7,8.0,100.0,11.0,,14.4,8.1,0.3,,1031.6,,,275,Mace Head
2009-10-16,5.2,9.0,70.0,12.0,,13.1,7.5,0.0,,1033.9,,,275,Mace Head
2009-10-17,9.1,18.0,200.0,26.0,,13.9,9.3,1.1,,1026.9,,,275,Mace Head
2009-10-18,13.8,22.0,210.0,27.0,,13.8,11.7,5.0,,1015.0,,,275,Mace Head
2009-10-19,20.4,29.0,130.0,40.0,,13.6,11.7,7.7,,995.3,,,275,Mace Head
2009-10-20,14.2,28.0,120.0,39.0,,14.2,8.5,5.2,,980.6,,,275,Mace Head
2009-10-21,17.3,22.0,120.0,31.0,,15.1,8.2,5.6,,979.2,,,275,Mace Head
2009-10-22,8.7,17.0,90.0,22.0,,15.4,9.7,0.0,,987.7,,,275,Mace Head
2009-10-23,10.1,14.0,100.0,20.0,,14.0,11.5,0.9,,997.1,,,275,Mace Head
2009-10-24,28.9,42.0,260.0,54.0,,14.6,12.4,11.4,,990.3,,,275,Mace Head
2009-10-25,22.1,31.0,250.0,39.0,,13.6,11.4,3.5,,1005.2,,,275,Mace Head
2009-10-26,11.3,18.0,100.0,24.0,,13.8,8.3,9.3,,1009.3,,,275,Mace Head
2009-10-27,18.3,23.0,140.0,30.0,,15.1,13.6,10.1,,1003.1,,,275,Mace Head
2009-10-28,13.9,22.0,190.0,28.0,,15.4,12.7,0.3,,1006.3,,,275,Mace Head
2009-10-29,15.8,21.0,120.0,28.0,,16.3,13.4,1.4,,1006.8,,,275,Mace Head
2009-10-30,18.7,27.0,130.0,36.0,,15.4,13.9,14.9,,1004.1,,,275,Mace Head
2009-10-31,17.6,23.0,200.0,29.0,,15.2,11.3,0.8,,1008.2,,,275,Mace Head
2009-11-01,16.2,31.0,290.0,38.0,,11.9,8.4,19.7,,998.9,,,275,Mace Head
2009-11-02,20.6,30.0,290.0,41.0,,12.9,8.0,7.0,,991.8,,,275,Mace Head
2009-11-03,28.7,36.0,270.0,50.0,,12.7,7.7,7.0,,982.1,,,275,Mace Head
2009-11-04,29.9,38.0,260.0,51.0,,11.9,7.3,5.6,,984.7,,,275,Mace Head
2009-11-05,22.8,32.0,300.0,45.0,,11.0,8.6,0.4,,996.2,,,275,Mace Head
2009-11-06,24.7,40.0,270.0,51.0,,12.4,6.5,12.8,,994.0,,,275,Mace Head
2009-11-07,29.2,39.0,270.0,52.0,,11.1,7.6,4.1,,991.7,,,275,Mace Head
2009-11-08,10.4,24.0,350.0,42.0,,12.6,7.0,0.9,,1008.2,,,275,Mace Head
2009-11-09,13.6,24.0,200.0,30.0,,11.4,8.0,18.1,,1011.8,,,275,Mace Head
2009-11-10,7.8,15.0,300.0,20.0,,11.6,4.4,0.7,,1009.2,,,275,Mace Head
2009-11-11,13.6,23.0,220.0,28.0,,10.9,3.9,20.9,,996.7,,,275,Mace Head
2009-11-12,21.5,35.0,220.0,47.0,,11.5,8.4,7.9,,983.0,,,275,Mace Head
2009-11-13,16.9,28.0,230.0,37.0,,11.2,6.4,1.7,,980.2,,,275,Mace Head
2009-11-14,14.4,22.0,50.0,28.0,,11.0,6.0,1.3,,980.3,,,275,Mace Head
2009-11-15,19.4,28.0,190.0,36.0,,12.6,9.3,1.9,,989.4,,,275,Mace Head
2009-11-16,16.9,28.0,260.0,35.0,,11.2,7.2,11.0,,988.9,,,275,Mace Head
2009-11-17,17.7,33.0,240.0,46.0,,10.5,6.1,18.4,,994.0,,,275,Mace Head
2009-11-18,20.8,36.0,190.0,46.0,,13.2,5.7,18.8,,991.2,,,275,Mace Head
2009-11-19,20.2,33.0,190.0,41.0,,13.1,10.8,18.3,,986.5,,,275,Mace Head
2009-11-20,18.6,28.0,250.0,44.0,,11.9,7.1,2.5,,996.5,,,275,Mace Head
2009-11-21,27.3,43.0,170.0,55.0,,12.8,8.1,13.8,,990.9,,,275,Mace Head
2009-11-22,37.4,47.0,260.0,59.0,,11.0,7.1,3.3,,983.9,,,275,Mace Head
2009-11-23,22.0,34.0,250.0,42.0,,11.0,9.1,6.8,,992.9,,,275,Mace Head
2009-11-24,29.4,40.0,230.0,52.0,,12.7,6.9,8.0,,987.9,,,275,Mace Head
2009-11-25,31.4,46.0,230.0,64.0,,10.4,7.1,2.7,,983.0,,,275,Mace Head
2009-11-26,22.3,31.0,270.0,43.0,,8.8,6.3,3.5,,989.9,,,275,Mace Head
2009-11-27,12.7,23.0,250.0,29.0,,8.6,2.4,1.9,,991.2,,,275,Mace Head
2009-11-28,4.9,10.0,10.0,14.0,,7.4,0.8,0.4,,988.2,,,275,Mace Head
2009-11-29,12.8,22.0,340.0,30.0,,8.4,0.6,0.0,,996.1,,,275,Mace Head
2009-11-30,8.9,19.0,340.0,23.0,,7.1,2.7,0.0,,1007.5,,,275,Mace Head
2009-12-01,21.8,30.0,140.0,43.0,,10.4,5.2,10.8,,996.8,,,275,Mace Head
2009-12-02,14.6,31.0,300.0,39.0,,9.9,5.7,4.8,,990.1,,,275,Mace Head
2009-12-03,17.3,33.0,300.0,42.0,273.0,8.5,3.8,3.3,,1000.2,,,275,Mace Head
2009-12-04,10.8,23.0,160.0,29.0,88.0,11.0,7.2,4.3,,995.3,,,275,Mace Head
2009-12-05,17.2,37.0,200.0,47.0,47.0,11.2,5.6,15.8,,980.0,,,275,Mace Head
2009-12-06,29.8,38.0,240.0,51.0,200.0,9.9,6.9,1.7,,979.8,,,275,Mace Head
2009-12-07,18.8,28.0,260.0,35.0,242.0,9.3,5.3,10.0,,988.3,,,275,Mace Head
2009-12-08,22.4,33.0,210.0,40.0,132.0,11.4,8.1,4.8,,994.1,,,275,Mace Head
2009-12-09,17.8,31.0,210.0,42.0,219.0,10.8,8.1,0.8,,1006.7,,,275,Mace Head
2009-12-10,13.5,21.0,120.0,27.0,311.0,10.2,8.2,1.3,,1019.5,,,275,Mace Head
2009-12-11,16.9,23.0,120.0,29.0,231.0,10.0,6.4,4.6,,1023.6,,,275,Mace Head
2009-12-12,13.3,22.0,120.0,30.0,272.0,7.7,3.0,0.0,,1028.1,,,275,Mace Head
2009-12-13,9.2,14.0,90.0,17.0,343.0,6.3,0.7,0.0,,1029.8,,,275,Mace Head
2009-12-14,6.4,14.0,330.0,22.0,264.0,8.4,-0.2,0.0,,1025.1,,,275,Mace Head
2009-12-15,8.0,15.0,30.0,20.0,307.0,8.8,1.9,0.6,,1020.0,,,275,Mace Head
2009-12-16,7.2,14.0,310.0,18.0,177.0,8.5,3.2,0.0,,1015.7,,,275,Mace Head
2009-12-17,7.5,16.0,30.0,21.0,378.0,7.6,0.5,0.0,,1017.1,,,275,Mace Head
2009-12-18,6.0,15.0,290.0,19.0,201.0,5.4,-1.8,0.0,,1022.2,,,275,Mace Head
2009-12-19,9.4,22.0,290.0,28.0,250.0,7.8,1.5,1.3,,1012.7,,,275,Mace Head
2009-12-20,13.5,25.0,290.0,30.0,252.0,5.2,0.9,2.6,,998.3,,,275,Mace Head
2009-12-21,5.8,23.0,300.0,29.0,272.0,5.4,0.5,7.2,,987.0,,,275,Mace Head
2009-12-22,5.9,17.0,240.0,22.0,173.0,5.5,-0.1,0.7,,984.1,,,275,Mace Head
2009-12-23,5.7,16.0,220.0,19.0,346.0,5.1,-1.0,0.0,,983.9,,,275,Mace Head
2009-12-24,5.8,10.0,100.0,12.0,356.0,3.0,-3.1,0.0,,987.7,,,275,Mace Head
2009-12-25,14.6,27.0,200.0,34.0,175.0,8.1,-0.8,7.8,,988.9,,,275,Mace Head
2009-12-26,19.3,32.0,210.0,42.0,109.0,8.4,4.0,4.9,,986.6,,,275,Mace Head
2009-12-27,13.3,30.0,320.0,42.0,282.0,7.4,1.5,2.3,,995.6,,,275,Mace Head
2009-12-28,12.6,26.0,70.0,33.0,176.0,2.8,-0.3,0.0,,997.7,,,275,Mace Head
2009-12-29,22.4,27.0,70.0,36.0,50.0,3.5,2.0,3.0,,992.0,,,275,Mace Head
2009-12-30,27.5,41.0,50.0,57.0,62.0,3.1,1.3,8.9,,991.9,,,275,Mace Head
2009-12-31,18.7,42.0,50.0,58.0,228.0,3.5,-0.0,0.0,,1001.5,,,275,Mace Head
2010-01-01,4.1,8.0,20.0,10.0,370.0,2.8,-2.4,0.0,,1010.5,,,275,Mace Head
2010-01-02,7.2,22.0,0.0,29.0,351.0,6.7,-1.5,0.0,,1016.2,,,275,Mace Head
2010-01-03,17.4,23.0,70.0,32.0,334.0,2.5,-1.6,0.0,,1020.7,,,275,Mace Head
2010-01-04,7.9,19.0,290.0,26.0,273.0,5.2,-3.1,3.0,,1017.3,,,275,Mace Head
2010-01-05,10.9,21.0,340.0,31.0,253.0,4.3,-0.4,3.8,,1008.6,,,275,Mace Head
2010-01-06,8.5,23.0,0.0,29.0,346.0,3.7,-1.3,0.0,,1012.1,,,275,Mace Head
2010-01-07,4.7,10.0,100.0,13.0,288.0,5.4,-2.2,0.7,,1015.2,,,275,Mace Head
2010-01-08,8.5,13.0,90.0,16.0,406.0,2.3,-3.4,0.0,,1023.4,,,275,Mace Head
2010-01-09,5.9,14.0,70.0,20.0,354.0,2.6,-4.1,0.0,,1028.4,,,275,Mace Head
2010-01-10,13.8,18.0,60.0,25.0,117.0,1.7,-3.2,1.3,,1022.1,,,275,Mace Head
2010-01-11,13.5,18.0,90.0,25.0,145.0,3.5,0.6,0.4,,1010.3,,,275,Mace Head
2010-01-12,26.1,37.0,100.0,52.0,23.0,4.8,1.3,4.0,,993.7,,,275,Mace Head
2010-01-13,8.1,16.0,90.0,22.0,228.0,8.6,2.3,4.8,,990.9,,,275,Mace Head
2010-01-14,12.6,26.0,140.0,34.0,262.0,7.4,2.2,4.4,,995.1,,,275,Mace Head
2010-01-15,18.6,29.0,140.0,39.0,151.0,10.2,6.7,15.2,,989.8,,,275,Mace Head
2010-01-16,21.2,32.0,200.0,44.0,348.0,10.4,4.3,4.6,,991.8,,,275,Mace Head
2010-01-17,17.7,28.0,260.0,35.0,407.0,9.7,6.6,0.5,,1007.5,,,275,Mace Head
2010-01-18,11.6,19.0,210.0,23.0,381.0,9.5,5.7,0.1,,1016.0,,,275,Mace Head
2010-01-19,20.2,28.0,120.0,38.0,50.0,7.8,6.2,11.4,,1006.1,,,275,Mace Head
2010-01-20,7.6,17.0,120.0,23.0,459.0,9.4,4.8,1.9,,1003.6,,,275,Mace Head
2010-01-21,19.4,27.0,140.0,38.0,93.0,10.1,5.8,11.8,,999.6,,,275,Mace Head
2010-01-22,7.0,16.0,240.0,19.0,469.0,9.4,2.0,0.0,,1011.6,,,275,Mace Head
2010-01-23,2.4,7.0,110.0,7.0,287.0,4.9,-0.6,0.3,,1021.5,,,275,Mace Head
2010-01-24,5.0,10.0,110.0,13.0,199.0,6.7,0.3,0.7,,1024.1,,,275,Mace Head
2010-01-25,8.6,13.0,100.0,17.0,356.0,6.5,2.6,0.0,,1030.6,,,275,Mace Head
2010-01-26,5.7,9.0,140.0,11.0,363.0,8.1,3.2,0.0,,1037.6,,,275,Mace Head
2010-01-27,13.6,21.0,280.0,25.0,145.0,9.2,6.8,0.2,,1032.9,,,275,Mace Head
2010-01-28,16.3,29.0,270.0,38.0,231.0,8.8,6.9,0.1,,1012.4,,,275,Mace Head
2010-01-29,17.1,35.0,340.0,46.0,410.0,8.5,4.7,1.5,,1000.6,,,275,Mace Head
2010-01-30,7.1,16.0,330.0,21.0,323.0,5.4,1.1,0.4,,1004.2,,,275,Mace Head
2010-01-31,8.7,16.0,350.0,26.0,576.0,6.5,2.2,0.9,,1009.3,,,275,Mace Head
2010-02-01,10.3,21.0,230.0,25.0,330.0,8.4,1.7,0.2,,1010.5,,,275,Mace Head
2010-02-02,13.8,25.0,260.0,31.0,222.0,8.8,6.2,3.1,,1005.0,,,275,Mace Head
2010-02-03,11.8,18.0,250.0,22.0,499.0,9.5,5.7,9.7,,1000.9,,,275,Mace Head
2010-02-04,13.9,22.0,140.0,30.0,111.0,9.2,3.8,4.8,,989.3,,,275,Mace Head
2010-02-05,12.7,19.0,60.0,25.0,236.0,7.3,4.6,2.7,,993.7,,,275,Mace Head
2010-02-06,6.0,15.0,90.0,21.0,656.0,8.5,1.5,0.1,,1011.2,,,275,Mace Head
2010-02-07,16.7,23.0,100.0,32.0,329.0,8.2,2.9,0.0,,1016.2,,,275,Mace Head
2010-02-08,13.3,20.0,110.0,28.0,260.0,5.4,0.5,0.0,,1014.0,,,275,Mace Head
2010-02-09,9.1,14.0,60.0,21.0,316.0,5.4,-1.1,0.0,,1017.4,,,275,Mace Head
2010-02-10,6.5,10.0,50.0,13.0,478.0,5.5,-1.9,0.0,,1021.8,,,275,Mace Head
2010-02-11,4.7,10.0,90.0,11.0,827.0,5.9,-1.8,0.0,,1025.7,,,275,Mace Head
2010-02-12,5.5,10.0,20.0,13.0,757.0,8.5,-0.4,0.0,,1027.6,,,275,Mace Head
2010-02-13,5.0,9.0,60.0,10.0,555.0,7.1,-0.3,0.0,,1025.6,,,275,Mace Head
2010-02-14,6.5,15.0,280.0,18.0,691.0,8.3,-0.1,2.6,,1017.9,,,275,Mace Head
2010-02-15,14.8,24.0,290.0,34.0,499.0,8.3,3.2,2.8,,1003.3,,,275,Mace Head
2010-02-16,10.4,19.0,260.0,30.0,491.0,7.3,1.9,2.1,,987.9,,,275,Mace Head
2010-02-17,8.8,14.0,80.0,17.0,626.0,6.2,0.1,0.0,,987.2,,,275,Mace Head
2010-02-18,8.1,24.0,350.0,34.0,800.0,6.4,-0.4,0.5,,992.7,,,275,Mace Head
2010-02-19,8.8,18.0,290.0,25.0,675.0,5.6,-0.1,1.3,,994.9,,,275,Mace Head
2010-02-20,4.7,21.0,280.0,25.0,807.0,6.4,-0.7,1.4,,992.7,,,275,Mace Head
2010-02-21,8.8,14.0,80.0,19.0,381.0,2.9,-1.5,3.9,,987.9,,,275,Mace Head
2010-02-22,8.5,15.0,70.0,20.0,1042.0,4.4,-2.7,0.0,,987.1,,,275,Mace Head
2010-02-23,16.9,23.0,70.0,30.0,520.0,3.5,-0.6,0.1,,985.3,,,275,Mace Head
2010-02-24,10.3,20.0,50.0,29.0,371.0,5.3,1.9,0.0,,985.7,,,275,Mace Head
2010-02-25,12.1,20.0,330.0,27.0,856.0,6.8,1.0,0.0,,985.5,,,275,Mace Head
2010-02-26,17.1,31.0,280.0,38.0,753.0,6.6,2.2,3.6,,986.3,,,275,Mace Head
2010-02-27,9.9,19.0,200.0,23.0,855.0,7.9,1.6,2.6,,986.7,,,275,Mace Head
2010-02-28,10.1,21.0,290.0,26.0,893.0,8.5,2.1,1.2,,995.0,,,275,Mace Head
2010-03-01,4.4,10.0,90.0,12.0,1144.0,8.7,0.1,0.0,,1008.2,,,275,Mace Head
2010-03-02,14.0,20.0,120.0,27.0,605.0,7.6,2.2,0.0,,1015.7,,,275,Mace Head
2010-03-03,8.0,18.0,120.0,26.0,787.0,8.7,2.8,2.2,,1015.2,,,275,Mace Head
2010-03-04,6.7,11.0,70.0,15.0,1163.0,8.1,0.1,0.0,,1024.4,,,275,Mace Head
2010-03-05,4.5,8.0,290.0,10.0,1253.0,8.2,1.0,0.0,,1030.7,,,275,Mace Head
2010-03-06,5.2,12.0,60.0,18.0,784.0,8.7,1.1,0.0,,1027.5,,,275,Mace Head
2010-03-07,13.2,20.0,120.0,25.0,1316.0,7.5,1.4,0.0,,1026.9,,,275,Mace Head
2010-03-08,11.2,19.0,100.0,24.0,1369.0,7.8,-2.0,0.0,,1026.8,,,275,Mace Head
2010-03-09,6.6,11.0,100.0,13.0,1387.0,9.3,-1.2,0.0,,1029.5,,,275,Mace Head
2010-03-10,6.1,11.0,90.0,15.0,1376.0,9.1,-0.5,0.0,,1029.8,,,275,Mace Head
2010-03-11,5.5,12.0,300.0,15.0,1192.0,8.5,0.1,0.0,,1027.1,,,275,Mace Head
2010-03-12,9.7,16.0,340.0,19.0,1086.0,11.2,5.5,0.0,,1027.8,,,275,Mace Head
2010-03-13,5.6,14.0,350.0,16.0,864.0,10.2,5.0,0.1,,1032.2,,,275,Mace Head
2010-03-14,5.4,13.0,270.0,14.0,1310.0,10.2,4.0,0.0,,1031.3,,,275,Mace Head
2010-03-15,8.5,13.0,150.0,17.0,759.0,8.7,5.8,0.0,,1025.2,,,275,Mace Head
2010-03-16,16.1,26.0,190.0,37.0,693.0,10.1,6.3,3.4,,1014.2,,,275,Mace Head
2010-03-17,16.1,22.0,170.0,28.0,966.0,10.7,8.0,0.0,,1006.6,,,275,Mace Head
2010-03-18,22.1,30.0,200.0,39.0,819.0,11.2,8.5,3.7,,997.7,,,275,Mace Head
2010-03-19,9.2,21.0,240.0,26.0,996.0,10.2,7.4,0.0,,1002.8,,,275,Mace Head
2010-03-20,9.1,14.0,270.0,17.0,1427.0,11.6,5.0,0.0,,1003.7,,,275,Mace Head
2010-03-21,13.3,23.0,140.0,31.0,1238.0,11.2,6.9,4.9,,1004.3,,,275,Mace Head
2010-03-22,18.1,34.0,240.0,46.0,1429.0,9.6,5.4,8.1,,1003.4,,,275,Mace Head
2010-03-23,15.4,21.0,150.0,28.0,431.0,9.6,6.8,7.1,,1001.5,,,275,Mace Head
2010-03-24,7.6,14.0,260.0,18.0,1701.0,10.7,3.9,3.4,,994.1,,,275,Mace Head
2010-03-25,13.5,21.0,70.0,28.0,1216.0,13.1,5.4,1.0,,990.6,,,275,Mace Head
2010-03-26,7.6,15.0,340.0,19.0,1683.0,11.9,5.2,0.2,,993.0,,,275,Mace Head
2010-03-27,9.7,15.0,270.0,18.0,1504.0,10.5,7.0,0.7,,1002.9,,,275,Mace Head
2010-03-28,6.9,14.0,80.0,18.0,1394.0,10.4,4.2,0.0,,1002.7,,,275,Mace Head
2010-03-29,18.9,32.0,60.0,41.0,441.0,5.8,3.6,8.2,,992.7,,,275,Mace Head
2010-03-30,23.6,34.0,340.0,48.0,1209.0,6.9,3.8,1.9,,991.1,,,275,Mace Head
2010-03-31,18.2,29.0,340.0,42.0,1270.0,7.2,2.1,5.2,,1000.2,,,275,Mace Head
2010-04-01,11.5,22.0,110.0,29.0,1720.0,9.4,3.4,0.6,,998.0,,,275,Mace Head
2010-04-02,11.9,26.0,90.0,38.0,1279.0,10.4,3.4,6.9,,988.7,,,275,Mace Head
2010-04-03,13.6,28.0,340.0,37.0,1417.0,9.2,3.5,1.4,,1000.3,,,275,Mace Head
2010-04-04,18.1,30.0,190.0,38.0,865.0,9.1,3.0,13.1,,1005.6,,,275,Mace Head
2010-04-05,26.1,35.0,170.0,48.0,412.0,10.5,7.7,16.1,,998.8,,,275,Mace Head
2010-04-06,12.5,22.0,180.0,26.0,1697.0,11.0,6.3,7.4,,1005.6,,,275,Mace Head
2010-04-07,10.1,15.0,280.0,19.0,1932.0,11.1,6.7,0.0,,1019.4,,,275,Mace Head
2010-04-08,9.6,15.0,210.0,18.0,1331.0,11.4,8.1,0.0,,1026.8,,,275,Mace Head
2010-04-09,10.5,15.0,140.0,19.0,1676.0,14.3,7.2,0.0,,1027.0,,,275,Mace Head
2010-04-10,10.2,15.0,140.0,19.0,2031.0,15.9,6.4,0.0,,1027.8,,,275,Mace Head
2010-04-11,6.4,14.0,280.0,16.0,2064.0,15.2,6.8,0.0,,1027.9,,,275,Mace Head
2010-04-12,8.0,14.0,310.0,18.0,2084.0,15.9,7.2,0.0,,1027.6,,,275,Mace Head
2010-04-13,6.1,11.0,280.0,15.0,1718.0,15.1,6.4,0.0,,1025.5,,,275,Mace Head
2010-04-14,8.0,15.0,60.0,23.0,1835.0,14.3,6.7,0.0,,1023.1,,,275,Mace Head
2010-04-15,8.9,13.0,50.0,19.0,2192.0,15.6,4.3,0.0,,1025.2,,,275,Mace Head
2010-04-16,7.8,15.0,60.0,18.0,2202.0,12.8,3.8,0.0,,1025.4,,,275,Mace Head
2010-04-17,8.4,17.0,270.0,20.0,2243.0,11.4,4.3,0.0,,1019.4,,,275,Mace Head
2010-04-18,5.6,14.0,350.0,18.0,1432.0,13.1,6.3,1.6,,1015.3,,,275,Mace Head
2010-04-19,9.6,17.0,300.0,21.0,2065.0,10.9,5.3,0.0,,1017.7,,,275,Mace Head
2010-04-20,6.9,15.0,50.0,19.0,1730.0,12.3,4.7,0.0,,1020.0,,,275,Mace Head
2010-04-21,8.3,15.0,70.0,21.0,1917.0,12.2,3.4,0.0,,1019.8,,,275,Mace Head
2010-04-22,6.2,15.0,160.0,18.0,1130.0,11.8,7.2,0.0,,1015.1,,,275,Mace Head
2010-04-23,6.9,10.0,150.0,13.0,1546.0,12.5,7.3,0.0,,1010.5,,,275,Mace Head
2010-04-24,12.4,18.0,120.0,23.0,735.0,13.5,8.2,3.5,,1007.3,,,275,Mace Head
2010-04-25,9.1,13.0,220.0,18.0,1638.0,13.4,10.1,0.5,,1012.2,,,275,Mace Head
2010-04-26,9.7,16.0,210.0,21.0,1484.0,14.8,10.4,0.0,,1019.7,,,275,Mace Head
2010-04-27,16.7,21.0,150.0,31.0,544.0,12.9,10.6,6.5,,1015.0,,,275,Mace Head
2010-04-28,17.1,28.0,180.0,37.0,945.0,12.3,9.3,3.4,,1008.7,,,275,Mace Head
2010-04-29,12.3,17.0,240.0,20.0,1846.0,13.1,9.6,0.3,,1006.4,,,275,Mace Head
2010-04-30,11.6,17.0,290.0,21.0,2304.0,13.3,8.8,0.9,,1004.8,,,275,Mace Head
2010-05-01,8.3,16.0,280.0,25.0,1427.0,13.1,8.2,6.7,,1009.4,,,275,Mace Head
2010-05-02,15.0,21.0,350.0,30.0,2198.0,12.4,7.9,0.0,,1019.1,,,275,Mace Head
2010-05-03,10.4,19.0,340.0,26.0,2154.0,13.5,6.0,0.0,,1028.2,,,275,Mace Head
2010-05-04,8.7,16.0,310.0,21.0,1235.0,12.8,6.0,0.0,,1029.8,,,275,Mace Head
2010-05-05,14.5,20.0,310.0,25.0,1350.0,14.4,9.7,0.0,,1023.0,,,275,Mace Head
2010-05-06,12.7,23.0,30.0,28.0,2616.0,16.2,7.5,0.0,,1015.8,,,275,Mace Head
2010-05-07,10.1,18.0,80.0,25.0,1371.0,14.1,5.1,0.0,,1015.6,,,275,Mace Head
2010-05-08,11.1,17.0,50.0,21.0,2528.0,16.1,5.4,0.0,,1016.9,,,275,Mace Head
2010-05-09,9.2,15.0,330.0,21.0,1994.0,15.8,4.9,0.0,,1014.7,,,275,Mace Head
2010-05-10,11.4,22.0,20.0,29.0,1935.0,12.4,5.2,0.0,,1016.0,,,275,Mace Head
2010-05-11,5.3,12.0,260.0,14.0,1501.0,10.9,3.1,3.0,,1016.1,,,275,Mace Head
2010-05-12,8.2,19.0,290.0,23.0,1944.0,11.7,3.2,0.1,,1014.8,,,275,Mace Head
2010-05-13,13.2,21.0,200.0,25.0,1307.0,12.8,7.7,3.0,,1008.2,,,275,Mace Head
2010-05-14,14.8,23.0,300.0,30.0,2193.0,13.1,8.1,0.0,,1010.2,,,275,Mace Head
2010-05-15,13.9,26.0,230.0,33.0,1780.0,13.1,7.7,4.0,,1013.6,,,275,Mace Head
2010-05-16,10.5,19.0,280.0,22.0,2126.0,12.4,6.7,0.0,,1016.4,,,275,Mace Head
2010-05-17,6.8,11.0,190.0,14.0,1366.0,12.5,8.7,0.8,,1021.3,,,275,Mace Head
2010-05-18,13.6,18.0,160.0,23.0,482.0,12.2,10.4,9.9,,1020.3,,,275,Mace Head
2010-05-19,7.7,12.0,190.0,16.0,861.0,13.5,10.5,0.8,,1022.9,,,275,Mace Head
2010-05-20,5.0,10.0,180.0,13.0,1774.0,17.3,11.3,0.1,,1027.6,,,275,Mace Head
2010-05-21,3.2,9.0,130.0,11.0,1033.0,17.9,11.6,0.0,,1027.3,,,275,Mace Head
2010-05-22,6.1,8.0,140.0,11.0,2756.0,24.2,10.5,0.0,,1024.7,,,275,Mace Head
2010-05-23,5.0,14.0,280.0,16.0,2905.0,19.1,11.9,0.0,,1020.4,,,275,Mace Head
2010-05-24,6.3,17.0,60.0,21.0,2876.0,17.9,9.8,0.0,,1015.2,,,275,Mace Head
2010-05-25,10.9,18.0,70.0,24.0,2872.0,17.5,7.5,0.0,,1012.8,,,275,Mace Head
2010-05-26,11.2,21.0,340.0,26.0,2492.0,15.9,7.3,0.0,,1011.9,,,275,Mace Head
2010-05-27,10.2,17.0,300.0,22.0,1624.0,12.4,8.1,0.2,,1011.0,,,275,Mace Head
2010-05-28,5.4,12.0,220.0,15.0,2145.0,13.9,7.6,2.0,,1008.4,,,275,Mace Head
2010-05-29,11.1,16.0,70.0,22.0,1246.0,15.6,9.6,3.0,,1005.1,,,275,Mace Head
2010-05-30,4.8,12.0,340.0,15.0,1307.0,13.6,8.8,0.4,,1012.8,,,275,Mace Head
2010-05-31,12.8,18.0,120.0,24.0,784.0,15.7,9.7,5.6,,1012.8,,,275,Mace Head
2010-06-01,8.7,16.0,280.0,22.0,2668.0,15.9,11.5,0.0,,1014.0,,,275,Mace Head
2010-06-02,5.3,10.0,170.0,12.0,2735.0,16.6,11.6,0.0,,1018.6,,,275,Mace Head
2010-06-03,13.6,20.0,120.0,27.0,2209.0,19.6,11.4,0.0,,1014.5,,,275,Mace Head
2010-06-04,10.5,17.0,110.0,24.0,2778.0,16.5,12.3,2.1,,1013.3,,,275,Mace Head
2010-06-05,7.7,13.0,280.0,16.0,1719.0,16.6,12.1,0.8,,1015.8,,,275,Mace Head
2010-06-06,7.3,13.0,270.0,15.0,2720.0,16.3,11.4,0.0,,1012.2,,,275,Mace Head
2010-06-07,15.3,23.0,90.0,29.0,1170.0,16.2,12.0,1.8,,1003.3,,,275,Mace Head
2010-06-08,11.6,16.0,0.0,21.0,1166.0,18.0,12.0,0.3,,1000.1,,,275,Mace Head
2010-06-09,13.8,24.0,340.0,29.0,1275.0,16.5,11.5,0.4,,1007.3,,,275,Mace Head
2010-06-10,10.8,23.0,340.0,27.0,2986.0,20.0,10.1,0.0,,1012.8,,,275,Mace Head
2010-06-11,13.7,21.0,340.0,28.0,1704.0,16.1,11.6,0.0,,1014.5,,,275,Mace Head
2010-06-12,9.0,15.0,270.0,20.0,2020.0,15.5,11.1,0.0,,1018.0,,,275,Mace Head
2010-06-13,17.4,27.0,300.0,35.0,2125.0,15.1,11.4,1.4,,1016.0,,,275,Mace Head
2010-06-14,12.7,20.0,320.0,25.0,2266.0,17.7,10.1,0.0,,1022.8,,,275,Mace Head
2010-06-15,7.3,16.0,280.0,18.0,2661.0,15.9,9.0,0.0,,1028.1,,,275,Mace Head
2010-06-16,5.8,12.0,280.0,14.0,2335.0,16.5,11.2,0.0,,1026.4,,,275,Mace Head
2010-06-17,5.5,13.0,280.0,15.0,1925.0,17.8,11.5,0.0,,1023.5,,,275,Mace Head
2010-06-18,6.7,16.0,340.0,20.0,1319.0,18.0,11.8,0.0,,1022.2,,,275,Mace Head
2010-06-19,9.0,18.0,340.0,23.0,3096.0,20.6,9.2,0.0,,1021.0,,,275,Mace Head
2010-06-20,6.0,12.0,270.0,15.0,3087.0,17.1,8.0,0.0,,1021.7,,,275,Mace Head
2010-06-21,8.1,12.0,200.0,16.0,2964.0,17.6,9.8,0.0,,1019.8,,,275,Mace Head
2010-06-22,13.1,19.0,200.0,24.0,1124.0,16.4,13.3,0.0,,1017.7,,,275,Mace Head
2010-06-23,9.2,17.0,200.0,20.0,1130.0,16.0,13.4,0.4,,1016.2,,,275,Mace Head
2010-06-24,6.1,12.0,270.0,16.0,1783.0,17.5,12.4,0.2,,1016.8,,,275,Mace Head
2010-06-25,7.3,13.0,200.0,16.0,2075.0,19.5,12.6,2.7,,1013.5,,,275,Mace Head
2010-06-26,12.6,21.0,180.0,31.0,2181.0,18.9,13.4,0.2,,1009.3,,,275,Mace Head
2010-06-27,16.0,22.0,200.0,27.0,2539.0,18.0,14.1,0.1,,1011.2,,,275,Mace Head
2010-06-28,9.3,14.0,290.0,17.0,1825.0,18.9,13.1,5.4,,1013.8,,,275,Mace Head
2010-06-29,5.1,10.0,240.0,11.0,2368.0,17.7,11.4,0.1,,1016.8,,,275,Mace Head
2010-06-30,16.2,28.0,150.0,35.0,921.0,17.8,15.0,19.0,,1006.3,,,275,Mace Head
2010-07-01,19.8,26.0,150.0,35.0,2595.0,17.5,13.3,14.8,,997.4,,,275,Mace Head
2010-07-02,22.1,27.0,190.0,34.0,2289.0,17.2,13.2,1.4,,1002.9,,,275,Mace Head
2010-07-03,19.7,27.0,180.0,33.0,1361.0,17.4,12.2,1.7,,1011.4,,,275,Mace Head
2010-07-04,25.7,35.0,200.0,44.0,2284.0,16.7,12.6,4.4,,1009.8,,,275,Mace Head
2010-07-05,15.4,23.0,270.0,30.0,2716.0,16.8,12.7,0.2,,1020.6,,,275,Mace Head
2010-07-06,18.8,25.0,180.0,33.0,584.0,16.4,13.1,6.2,,1016.5,,,275,Mace Head
2010-07-07,21.9,26.0,230.0,34.0,2020.0,16.9,12.6,0.4,,1009.7,,,275,Mace Head
2010-07-08,13.6,22.0,240.0,27.0,1290.0,15.9,12.8,1.8,,1009.3,,,275,Mace Head
2010-07-09,7.1,16.0,300.0,19.0,1584.0,16.5,12.0,7.8,,1008.9,,,275,Mace Head
2010-07-10,12.2,33.0,310.0,42.0,673.0,16.7,12.4,8.0,,1005.1,,,275,Mace Head
2010-07-11,11.9,23.0,280.0,28.0,1785.0,16.3,11.9,1.6,,1009.2,,,275,Mace Head
2010-07-12,5.2,8.0,290.0,12.0,1825.0,17.7,11.9,0.0,,1009.5,,,275,Mace Head
2010-07-13,11.7,19.0,80.0,26.0,675.0,16.9,12.9,6.2,,1000.6,,,275,Mace Head
2010-07-14,9.0,17.0,80.0,23.0,1552.0,20.4,13.8,9.8,,991.0,,,275,Mace Head
2010-07-15,11.8,18.0,220.0,21.0,1289.0,17.3,13.3,8.5,,991.5,,,275,Mace Head
2010-07-16,19.0,27.0,270.0,32.0,1990.0,15.9,12.0,0.4,,1001.5,,,275,Mace Head
2010-07-17,18.1,26.0,260.0,31.0,1610.0,16.7,12.4,5.4,,1012.5,,,275,Mace Head
2010-07-18,10.3,16.0,250.0,20.0,1802.0,17.7,14.2,0.9,,1012.0,,,275,Mace Head
2010-07-19,13.4,17.0,210.0,22.0,1398.0,17.6,13.5,3.4,,1009.1,,,275,Mace Head
2010-07-20,9.5,16.0,190.0,20.0,2273.0,18.4,13.1,5.2,,1005.3,,,275,Mace Head
2010-07-21,16.6,27.0,340.0,33.0,1047.0,16.4,12.5,3.4,,1005.4,,,275,Mace Head
2010-07-22,16.7,29.0,350.0,37.0,2786.0,18.0,12.2,0.0,,1013.6,,,275,Mace Head
2010-07-23,10.4,18.0,180.0,23.0,1221.0,16.9,12.5,0.7,,1017.8,,,275,Mace Head
2010-07-24,10.1,14.0,180.0,18.0,918.0,15.7,14.3,3.6,,1016.1,,,275,Mace Head
2010-07-25,10.5,14.0,280.0,17.0,641.0,16.1,14.6,0.2,,1017.8,,,275,Mace Head
2010-07-26,10.5,15.0,250.0,19.0,750.0,17.3,14.1,0.9,,1017.2,,,275,Mace Head
2010-07-27,12.9,19.0,280.0,24.0,1499.0,17.1,12.7,0.5,,1015.7,,,275,Mace Head
2010-07-28,12.6,21.0,290.0,27.0,1905.0,17.4,12.4,0.2,,1017.3,,,275,Mace Head
2010-07-29,6.4,12.0,210.0,15.0,1573.0,17.4,13.0,0.0,,1015.4,,,275,Mace Head
2010-07-30,13.2,20.0,260.0,25.0,1209.0,17.0,13.5,8.8,,1010.2,,,275,Mace Head
2010-07-31,16.3,21.0,270.0,26.0,2008.0,17.7,13.1,0.1,,1009.1,,,275,Mace Head
2010-08-01,8.4,14.0,290.0,17.0,1801.0,18.1,13.1,0.1,,1013.4,,,275,Mace Head
2010-08-02,7.9,17.0,290.0,22.0,921.0,16.5,11.3,1.9,,1016.2,,,275,Mace Head
2010-08-03,13.5,23.0,260.0,30.0,1061.0,16.4,12.3,3.5,,1010.5,,,275,Mace Head
2010-08-04,16.1,21.0,290.0,26.0,1777.0,17.0,12.1,0.3,,1009.2,,,275,Mace Head
2010-08-05,13.2,19.0,240.0,24.0,1170.0,16.8,13.6,2.6,,1008.8,,,275,Mace Head
2010-08-06,16.2,23.0,240.0,29.0,1255.0,16.5,13.6,1.8,,1005.8,,,275,Mace Head
2010-08-07,12.9,18.0,330.0,26.0,2066.0,18.3,12.7,0.1,,1014.5,,,275,Mace Head
2010-08-08,12.2,23.0,180.0,29.0,1152.0,17.5,11.8,2.2,,1015.4,,,275,Mace Head
2010-08-09,14.9,19.0,300.0,25.0,2068.0,16.6,12.8,0.2,,1008.2,,,275,Mace Head
2010-08-10,14.5,22.0,260.0,29.0,2391.0,17.4,13.7,0.0,,1007.9,,,275,Mace Head
2010-08-11,12.8,19.0,290.0,27.0,1599.0,17.9,13.3,0.1,,1014.6,,,275,Mace Head
2010-08-12,13.2,18.0,320.0,24.0,1443.0,18.0,12.8,0.1,,1021.2,,,275,Mace Head
2010-08-13,12.0,16.0,350.0,21.0,1638.0,18.3,12.3,0.0,,1023.6,,,275,Mace Head
2010-08-14,5.5,12.0,320.0,14.0,902.0,15.2,12.5,0.6,,1021.6,,,275,Mace Head
2010-08-15,4.4,9.0,270.0,11.0,2455.0,18.7,11.2,0.1,,1022.4,,,275,Mace Head
2010-08-16,11.7,23.0,310.0,29.0,434.0,16.3,13.5,3.8,,1015.8,,,275,Mace Head
2010-08-17,12.0,22.0,310.0,27.0,1568.0,17.4,12.5,0.1,,1009.3,,,275,Mace Head
2010-08-18,16.5,22.0,250.0,31.0,1745.0,16.5,12.2,4.9,,1003.8,,,275,Mace Head
2010-08-19,11.3,18.0,170.0,22.0,1178.0,17.7,14.0,1.1,,998.6,,,275,Mace Head
2010-08-20,19.9,31.0,210.0,39.0,2008.0,17.7,14.7,2.2,,1000.2,,,275,Mace Head
2010-08-21,14.3,21.0,230.0,26.0,1792.0,18.3,14.5,0.0,,1009.8,,,275,Mace Head
2010-08-22,12.0,19.0,220.0,25.0,1565.0,17.4,13.4,30.1,,1005.9,,,275,Mace Head
2010-08-23,20.5,27.0,260.0,38.0,2003.0,15.5,11.9,4.5,,998.7,,,275,Mace Head
2010-08-24,17.9,34.0,280.0,41.0,1916.0,16.6,10.0,0.1,,1006.1,,,275,Mace Head
2010-08-25,6.5,10.0,80.0,19.0,1767.0,18.4,8.3,0.0,,1008.8,,,275,Mace Head
2010-08-26,6.0,14.0,350.0,19.0,1863.0,19.5,9.3,0.0,,1008.0,,,275,Mace Head
2010-08-27,9.3,16.0,300.0,20.0,1974.0,17.2,9.0,0.0,,1014.7,,,275,Mace Head
2010-08-28,16.2,21.0,300.0,26.0,1895.0,17.3,12.4,0.0,,1021.6,,,275,Mace Head
2010-08-29,14.2,21.0,280.0,28.0,1814.0,17.8,7.7,0.0,,1021.8,,,275,Mace Head
2010-08-30,5.8,11.0,150.0,14.0,2091.0,17.1,6.7,0.0,,1024.0,,,275,Mace Head
2010-08-31,11.1,15.0,130.0,20.0,1792.0,19.6,11.6,0.0,,1019.7,,,275,Mace Head
2010-09-01,11.5,19.0,110.0,26.0,1630.0,20.4,13.1,0.0,,1015.8,,,275,Mace Head
2010-09-02,14.3,20.0,120.0,25.0,1549.0,21.1,14.0,0.0,,1014.2,,,275,Mace Head
2010-09-03,14.7,21.0,130.0,28.0,1248.0,19.8,14.0,0.0,,1011.6,,,275,Mace Head
2010-09-04,8.9,21.0,110.0,29.0,1780.0,18.5,12.6,1.6,,1010.6,,,275,Mace Head
2010-09-05,15.9,28.0,110.0,39.0,532.0,17.6,12.4,13.9,,1002.7,,,275,Mace Head
2010-09-06,8.3,21.0,210.0,27.0,1490.0,17.7,13.5,5.1,,,,,275,Mace Head
2010-09-07,18.2,27.0,190.0,33.0,788.0,16.5,13.0,17.1,,991.1,,,275,Mace Head
2010-09-08,15.0,19.0,250.0,26.0,1435.0,17.0,14.0,7.9,,998.1,,,275,Mace Head
2010-09-09,14.9,24.0,210.0,29.0,923.0,17.4,12.9,10.6,,1007.7,,,275,Mace Head
2010-09-10,10.4,23.0,210.0,28.0,1439.0,17.9,14.6,3.0,,1005.5,,,275,Mace Head
2010-09-11,17.5,23.0,280.0,27.0,1556.0,16.5,13.0,4.1,,1011.3,,,275,Mace Head
2010-09-12,16.0,25.0,210.0,31.0,720.0,16.5,13.6,0.5,,1020.8,,,275,Mace Head
2010-09-13,24.4,29.0,220.0,37.0,390.0,17.0,14.7,7.9,,1015.3,,,275,Mace Head
2010-09-14,24.1,31.0,270.0,42.0,1066.0,15.9,12.2,2.4,,1012.2,,,275,Mace Head
2010-09-15,22.6,31.0,280.0,41.0,1254.0,15.7,11.9,0.2,,1012.4,,,275,Mace Head
2010-09-16,11.7,18.0,320.0,24.0,1521.0,16.1,10.2,0.0,,1015.2,,,275,Mace Head
2010-09-17,6.8,12.0,280.0,14.0,1496.0,15.6,8.6,0.0,,1018.7,,,275,Mace Head
2010-09-18,17.5,25.0,220.0,31.0,370.0,15.6,11.6,7.2,,1014.0,,,275,Mace Head
2010-09-19,14.3,22.0,220.0,29.0,709.0,16.3,13.6,3.5,,1006.1,,,275,Mace Head
2010-09-20,13.2,21.0,230.0,27.0,1245.0,17.5,14.2,0.2,,1006.3,,,275,Mace Head
2010-09-21,14.8,18.0,140.0,25.0,306.0,17.2,15.1,12.5,,1007.3,,,275,Mace Head
2010-09-22,11.0,15.0,190.0,21.0,1159.0,17.0,13.7,5.4,,1005.0,,,275,Mace Head
2010-09-23,16.6,23.0,340.0,31.0,1148.0,14.3,12.0,0.3,,1006.8,,,275,Mace Head
2010-09-24,10.8,19.0,350.0,25.0,1047.0,13.7,7.2,0.0,,1015.3,,,275,Mace Head
2010-09-25,4.2,7.0,70.0,12.0,734.0,12.3,9.1,0.0,,1019.8,,,275,Mace Head
2010-09-26,10.2,16.0,120.0,21.0,534.0,12.3,9.5,0.0,,1014.8,,,275,Mace Head
2010-09-27,16.4,22.0,140.0,29.0,859.0,15.9,10.8,0.0,,1008.9,,,275,Mace Head
2010-09-28,9.7,22.0,150.0,29.0,1007.0,16.3,11.4,11.0,,1007.3,1.4,2.0,275,Mace Head
2010-09-29,7.9,16.0,200.0,20.0,1405.0,16.1,10.3,0.3,,1009.5,1.4,2.1,275,Mace Head
2010-09-30,16.1,22.0,120.0,31.0,863.0,15.6,11.4,6.0,,998.8,1.2,1.8,275,Mace Head
2010-10-01,22.8,30.0,240.0,38.0,1186.0,14.5,10.9,2.2,,987.3,1.3,2.4,275,Mace Head
2010-10-02,19.9,28.0,200.0,37.0,965.0,15.2,11.2,3.4,,988.7,1.6,2.4,275,Mace Head
2010-10-03,14.9,21.0,230.0,29.0,1183.0,15.3,11.1,1.8,,989.7,1.4,2.1,275,Mace Head
2010-10-04,24.4,35.0,170.0,43.0,515.0,15.4,11.1,12.4,,987.7,1.0,1.7,275,Mace Head
2010-10-05,25.7,33.0,210.0,42.0,705.0,13.9,10.7,3.1,,986.0,1.7,2.7,275,Mace Head
2010-10-06,18.8,27.0,210.0,34.0,1108.0,15.5,10.5,1.7,,995.4,1.6,2.5,275,Mace Head
2010-10-07,20.4,28.0,100.0,38.0,1057.0,16.9,12.9,0.1,,1002.4,1.9,2.8,275,Mace Head
2010-10-08,19.7,25.0,100.0,33.0,483.0,19.1,13.5,1.5,,1002.7,1.1,1.6,275,Mace Head
2010-10-09,19.9,27.0,80.0,36.0,441.0,17.5,13.0,0.0,,1007.0,1.0,1.6,275,Mace Head
2010-10-10,11.5,20.0,60.0,26.0,236.0,14.0,11.3,0.0,,1012.5,0.8,1.1,275,Mace Head
2010-10-11,6.3,12.0,100.0,15.0,1190.0,18.6,8.8,0.0,,1017.6,1.4,1.9,275,Mace Head
2010-10-12,3.2,9.0,90.0,11.0,1150.0,14.8,7.8,0.0,,1019.8,0.9,1.4,275,Mace Head
2010-10-13,3.8,9.0,140.0,11.0,1098.0,15.4,7.3,0.2,,1021.0,0.9,1.3,275,Mace Head
2010-10-14,3.3,11.0,70.0,14.0,332.0,11.6,7.2,0.0,,1022.7,0.6,0.8,275,Mace Head
2010-10-15,9.3,17.0,300.0,21.0,582.0,14.3,9.7,0.2,,1022.2,0.7,1.0,275,Mace Head
2010-10-16,4.4,9.0,140.0,12.0,1007.0,14.8,7.5,0.0,,1023.1,0.8,1.2,275,Mace Head
2010-10-17,14.0,20.0,270.0,26.0,602.0,14.3,8.5,0.9,,1022.7,0.8,1.2,275,Mace Head
2010-10-18,20.2,29.0,280.0,40.0,340.0,13.3,10.7,0.3,,1018.3,1.1,1.5,275,Mace Head
2010-10-19,17.1,26.0,310.0,34.0,903.0,13.1,8.3,0.3,,1017.2,1.3,1.9,275,Mace Head
2010-10-20,9.0,22.0,290.0,28.0,612.0,11.2,4.5,2.5,,1021.7,0.9,1.2,275,Mace Head
2010-10-21,13.2,20.0,240.0,24.0,608.0,13.1,8.7,0.8,,1018.2,1.0,1.4,275,Mace Head
2010-10-22,16.3,26.0,200.0,35.0,200.0,12.7,8.7,20.8,,1009.2,0.6,0.9,275,Mace Head
2010-10-23,8.8,21.0,300.0,36.0,902.0,12.6,3.9,5.5,,1006.8,0.7,1.1,275,Mace Head
2010-10-24,4.8,11.0,90.0,11.0,883.0,12.0,2.6,0.1,,1017.9,0.7,1.0,275,Mace Head
2010-10-25,18.4,26.0,180.0,34.0,330.0,13.4,4.5,4.3,,1016.2,0.5,0.8,275,Mace Head
2010-10-26,22.0,30.0,200.0,38.0,180.0,14.8,11.5,9.8,,1005.2,0.4,0.7,275,Mace Head
2010-10-27,22.4,30.0,220.0,37.0,377.0,13.2,10.4,3.2,,1004.7,1.1,1.6,275,Mace Head
2010-10-28,24.3,34.0,200.0,47.0,134.0,14.5,10.8,9.1,,996.0,1.9,2.4,275,Mace Head
2010-10-29,16.0,34.0,210.0,42.0,167.0,13.1,8.9,8.3,,984.4,1.1,1.5,275,Mace Head
2010-10-30,9.9,20.0,240.0,29.0,529.0,12.6,8.0,0.8,,988.1,0.9,1.1,275,Mace Head
2010-10-31,7.1,14.0,340.0,17.0,537.0,13.0,7.1,0.0,,1001.2,0.8,1.0,275,Mace Head
2010-11-01,22.1,34.0,230.0,43.0,116.0,13.6,7.9,7.4,,1005.3,0.5,0.8,275,Mace Head
2010-11-02,27.2,36.0,230.0,49.0,102.0,13.4,11.2,10.4,,998.0,1.1,1.6,275,Mace Head
2010-11-03,14.8,30.0,230.0,39.0,250.0,14.2,9.8,9.4,,1003.4,0.6,0.9,275,Mace Head
2010-11-04,21.1,29.0,220.0,36.0,86.0,14.2,11.3,8.8,,1008.2,0.6,0.9,275,Mace Head
2010-11-05,17.1,24.0,250.0,29.0,137.0,12.4,7.5,0.8,,1015.4,0.9,1.2,275,Mace Head
2010-11-06,14.8,29.0,280.0,37.0,402.0,10.4,6.4,2.6,,1015.5,0.9,1.2,275,Mace Head
2010-11-07,19.1,39.0,190.0,56.0,213.0,11.6,4.8,24.0,,992.3,0.5,0.8,275,Mace Head
2010-11-08,16.6,32.0,270.0,45.0,333.0,11.1,6.7,3.8,,964.5,0.9,1.2,275,Mace Head
2010-11-09,11.3,20.0,20.0,29.0,586.0,10.4,4.1,0.0,,984.2,0.8,1.0,275,Mace Head
2010-11-10,14.3,33.0,180.0,42.0,393.0,11.2,2.4,9.6,,988.0,0.5,0.7,275,Mace Head
2010-11-11,40.3,52.0,250.0,66.0,358.0,12.6,8.1,2.8,,977.2,0.8,1.5,275,Mace Head
2010-11-12,22.6,37.0,260.0,46.0,262.0,11.2,7.0,1.9,,986.1,1.5,2.0,275,Mace Head
2010-11-13,11.1,27.0,270.0,33.0,214.0,9.0,3.4,8.0,,985.4,0.7,0.9,275,Mace Head
2010-11-14,7.4,22.0,250.0,30.0,265.0,8.6,2.6,9.2,,993.3,0.4,0.6,275,Mace Head
2010-11-15,11.5,22.0,200.0,26.0,483.0,10.5,5.2,0.8,,1006.3,0.7,0.8,275,Mace Head
2010-11-16,26.0,40.0,120.0,54.0,127.0,10.9,8.6,5.8,,997.5,1.0,1.5,275,Mace Head
2010-11-17,25.2,32.0,150.0,40.0,211.0,11.1,8.6,9.6,,981.2,0.8,1.2,275,Mace Head
2010-11-18,24.3,33.0,270.0,45.0,350.0,11.1,8.3,4.0,,989.9,1.0,1.4,275,Mace Head
2010-11-19,10.5,15.0,220.0,19.0,422.0,10.2,7.4,0.8,,1003.2,0.5,0.5,275,Mace Head
2010-11-20,11.2,17.0,70.0,23.0,316.0,9.3,4.6,0.2,,1011.6,0.8,0.9,275,Mace Head
2010-11-21,6.1,12.0,40.0,14.0,498.0,8.0,3.1,0.0,,1016.2,0.6,0.7,275,Mace Head
2010-11-22,4.9,9.0,60.0,11.0,478.0,8.6,1.6,0.0,,1013.9,0.6,0.7,275,Mace Head
2010-11-23,4.3,12.0,350.0,20.0,470.0,8.7,1.7,3.2,,1015.0,0.3,0.5,275,Mace Head
2010-11-24,7.7,19.0,350.0,25.0,297.0,7.3,1.9,2.1,,1014.0,1.1,1.2,275,Mace Head
2010-11-25,11.4,24.0,320.0,33.0,433.0,7.6,3.6,2.8,,1016.0,1.5,1.6,275,Mace Head
2010-11-26,12.0,27.0,340.0,36.0,315.0,6.6,0.6,3.3,,1009.8,1.6,1.9,275,Mace Head
2010-11-27,12.8,22.0,50.0,32.0,449.0,4.5,0.2,2.1,,1009.2,1.7,1.9,275,Mace Head
2010-11-28,6.2,11.0,0.0,14.0,426.0,2.1,-3.5,0.0,,1006.5,0.9,1.0,275,Mace Head
2010-11-29,11.1,16.0,50.0,20.0,439.0,2.6,-2.8,0.0,,1012.4,1.4,1.6,275,Mace Head
2010-11-30,14.3,26.0,50.0,34.0,285.0,2.6,-1.9,0.0,,1017.5,1.9,2.4,275,Mace Head
2010-12-01,9.8,16.0,60.0,19.0,431.0,1.5,-3.6,0.0,,1017.1,0.9,1.0,275,Mace Head
2010-12-02,6.2,13.0,30.0,18.0,427.0,3.7,-3.4,0.0,,1015.2,0.4,0.5,275,Mace Head
2010-12-03,15.2,26.0,200.0,32.0,266.0,8.1,3.1,7.2,,1005.8,1.1,1.3,275,Mace Head
2010-12-04,6.2,14.0,350.0,17.0,398.0,6.1,1.0,0.4,,1002.1,0.5,0.6,275,Mace Head
2010-12-05,4.9,11.0,310.0,14.0,394.0,6.0,-0.2,0.0,,1004.7,0.8,0.9,275,Mace Head
2010-12-06,10.0,20.0,230.0,25.0,145.0,7.4,-0.4,2.7,,999.2,2.0,2.4,275,Mace Head
2010-12-07,6.5,12.0,40.0,17.0,390.0,4.4,-2.9,0.0,,1007.3,0.6,0.6,275,Mace Head
2010-12-08,5.6,14.0,350.0,16.0,384.0,5.9,-0.5,0.0,,1020.8,0.7,0.8,275,Mace Head
2010-12-09,9.2,18.0,280.0,26.0,90.0,8.9,2.0,0.0,,1030.9,2.1,2.5,275,Mace Head
2010-12-10,10.0,17.0,300.0,20.0,162.0,9.1,6.0,0.2,,1031.8,1.2,1.4,275,Mace Head
2010-12-11,6.1,13.0,80.0,19.0,158.0,6.9,2.7,0.0,,1026.7,0.1,0.2,275,Mace Head
2010-12-12,14.0,20.0,80.0,27.0,185.0,5.2,2.3,0.0,,1021.2,0.4,0.5,275,Mace Head
2010-12-13,14.0,21.0,90.0,27.0,339.0,5.6,1.8,0.0,,1024.7,0.4,0.4,275,Mace Head
2010-12-14,6.7,12.0,80.0,16.0,345.0,5.4,-0.0,0.0,,1034.9,0.2,0.2,275,Mace Head
2010-12-15,5.6,16.0,300.0,20.0,234.0,8.3,3.8,0.0,,1036.8,0.3,0.4,275,Mace Head
2010-12-16,19.5,30.0,280.0,48.0,191.0,9.2,0.9,1.2,,1021.0,0.4,0.6,275,Mace Head
2010-12-17,16.2,29.0,310.0,42.0,196.0,4.0,0.4,2.0,,1001.1,0.6,0.8,275,Mace Head
2010-12-18,8.9,18.0,120.0,24.0,163.0,2.5,-1.5,17.0,,989.9,0.3,0.4,275,Mace Head
2010-12-19,14.5,19.0,80.0,26.0,153.0,0.1,-3.7,1.5,,992.2,0.4,0.5,275,Mace Head
2010-12-20,6.4,13.0,80.0,17.0,361.0,-1.2,-5.0,0.0,,999.4,0.2,0.2,275,Mace Head
2010-12-21,6.9,12.0,100.0,15.0,86.0,1.2,-6.1,0.6,,1003.8,0.3,0.4,275,Mace Head
2010-12-22,3.8,7.0,60.0,9.0,357.0,-0.4,-5.8,0.1,,1010.4,0.1,0.1,275,Mace Head
2010-12-23,5.2,10.0,60.0,12.0,358.0,2.7,-3.9,0.0,,1017.9,0.2,0.2,275,Mace Head
2010-12-24,4.6,9.0,100.0,10.0,378.0,1.2,-5.3,0.0,,1023.4,0.1,0.2,275,Mace Head
2010-12-25,13.5,23.0,140.0,29.0,303.0,4.6,-3.7,0.0,,1022.5,0.4,0.5,275,Mace Head
2010-12-26,21.3,26.0,140.0,36.0,28.0,7.3,4.1,11.9,,1009.3,0.8,1.2,275,Mace Head
2010-12-27,14.0,19.0,130.0,26.0,61.0,9.3,7.1,5.0,,996.4,0.3,0.5,275,Mace Head
2010-12-28,18.7,24.0,190.0,31.0,131.0,10.4,8.5,2.4,,1000.0,0.3,0.5,275,Mace Head
2010-12-29,10.0,21.0,200.0,26.0,136.0,9.5,7.5,0.8,,1010.0,0.1,0.2,275,Mace Head
2010-12-30,11.4,15.0,70.0,20.0,168.0,9.2,6.3,0.0,,1019.0,0.2,0.3,275,Mace Head
2010-12-31,5.8,12.0,70.0,15.0,57.0,7.8,6.0,0.0,,1024.1,0.5,0.6,275,Mace Head
2011-01-01,4.6,14.0,50.0,18.0,189.0,8.3,2.9,0.1,,1027.1,0.3,0.3,275,Mace Head
2011-01-02,7.3,10.0,50.0,12.0,94.0,3.0,-1.1,0.0,,1027.7,0.5,0.7,275,Mace Head
2011-01-03,4.2,9.0,60.0,11.0,372.0,4.1,-2.4,0.0,,1020.8,0.1,0.2,275,Mace Head
2011-01-04,19.3,31.0,230.0,42.0,97.0,7.8,4.1,2.9,,1005.4,0.7,1.1,275,Mace Head
2011-01-05,11.8,29.0,240.0,45.0,316.0,7.7,2.5,2.4,,992.6,0.5,0.5,275,Mace Head
2011-01-06,7.1,15.0,40.0,21.0,340.0,5.9,-1.8,0.0,,995.9,0.2,0.3,275,Mace Head
2011-01-07,9.8,17.0,50.0,22.0,340.0,2.9,-2.3,0.0,,994.8,0.5,0.6,275,Mace Head
2011-01-08,19.8,32.0,290.0,42.0,243.0,7.0,1.6,3.1,,996.6,1.1,1.5,275,Mace Head
2011-01-09,13.4,26.0,190.0,34.0,311.0,7.8,3.5,0.4,,1005.2,0.7,0.8,275,Mace Head
2011-01-10,11.9,21.0,320.0,26.0,67.0,8.5,4.2,5.8,,995.7,0.3,0.5,275,Mace Head
2011-01-11,12.8,20.0,170.0,27.0,158.0,9.9,2.8,14.4,,1003.0,0.4,0.5,275,Mace Head
2011-01-12,13.0,19.0,220.0,24.0,52.0,10.0,8.7,3.3,,999.7,0.3,0.5,275,Mace Head
2011-01-13,15.0,24.0,190.0,31.0,112.0,9.9,8.6,7.0,,998.6,0.3,0.5,275,Mace Head
2011-01-14,21.2,34.0,190.0,44.0,350.0,9.4,6.4,4.3,,996.0,0.4,0.5,275,Mace Head
2011-01-15,27.6,34.0,200.0,48.0,65.0,11.1,9.1,10.2,,991.5,0.5,0.9,275,Mace Head
2011-01-16,21.3,32.0,200.0,40.0,375.0,9.9,6.7,0.5,,1001.9,0.6,0.7,275,Mace Head
2011-01-17,9.7,25.0,270.0,33.0,403.0,8.4,4.8,0.4,,1017.2,0.6,0.6,275,Mace Head
2011-01-18,6.5,16.0,280.0,23.0,468.0,8.5,2.4,0.0,,1027.4,0.3,0.3,275,Mace Head
2011-01-19,9.4,13.0,160.0,17.0,487.0,7.2,2.0,0.0,,1031.8,0.3,0.3,275,Mace Head
2011-01-20,6.8,12.0,130.0,15.0,447.0,6.8,0.9,0.0,,1035.1,0.2,0.3,275,Mace Head
2011-01-21,5.7,10.0,100.0,12.0,493.0,7.2,-0.4,0.0,,1038.7,0.2,0.3,275,Mace Head
2011-01-22,7.2,11.0,90.0,15.0,441.0,6.3,-1.3,0.0,,1040.2,0.2,0.3,275,Mace Head
2011-01-23,3.7,7.0,40.0,9.0,494.0,6.8,-1.0,0.0,,1039.4,0.0,0.1,275,Mace Head
2011-01-24,5.9,13.0,290.0,18.0,308.0,8.4,1.8,0.8,,1034.2,0.4,0.5,275,Mace Head
2011-01-25,16.5,22.0,320.0,30.0,76.0,9.2,7.2,1.2,,1022.6,0.4,0.7,275,Mace Head
2011-01-26,10.4,18.0,20.0,26.0,287.0,8.6,1.2,0.0,,1016.5,0.4,0.5,275,Mace Head
2011-01-27,10.9,18.0,50.0,23.0,352.0,5.9,1.1,0.0,,1021.0,0.7,0.9,275,Mace Head
2011-01-28,5.4,11.0,80.0,15.0,274.0,3.8,-2.3,0.0,,1023.3,0.5,0.7,275,Mace Head
2011-01-29,5.7,10.0,80.0,13.0,552.0,3.8,-2.5,0.0,,1023.4,0.3,0.4,275,Mace Head
2011-01-30,9.2,16.0,200.0,20.0,325.0,7.4,0.9,0.0,,1021.8,0.6,0.7,275,Mace Head
2011-01-31,19.7,26.0,200.0,33.0,111.0,9.3,6.9,3.7,,1016.7,0.4,0.7,275,Mace Head
2011-02-01,16.9,29.0,190.0,38.0,475.0,9.8,7.7,0.7,,1016.8,0.5,0.7,275,Mace Head
2011-02-02,26.4,37.0,260.0,47.0,497.0,9.9,4.0,6.2,,1010.7,0.5,0.8,275,Mace Head
2011-02-03,28.4,46.0,210.0,58.0,102.0,9.9,3.8,5.9,,1007.4,0.8,1.3,275,Mace Head
2011-02-04,27.1,37.0,210.0,49.0,80.0,11.1,7.4,17.8,,1000.6,0.7,1.1,275,Mace Head
2011-02-05,9.1,20.0,230.0,25.0,114.0,8.5,6.9,12.2,,1004.8,0.4,0.5,275,Mace Head
2011-02-06,6.7,19.0,60.0,27.0,299.0,7.6,5.3,28.1,,1001.6,0.3,0.5,275,Mace Head
2011-02-07,18.6,37.0,330.0,51.0,601.0,10.1,3.5,6.0,,1001.1,0.4,0.6,275,Mace Head
2011-02-08,16.5,25.0,130.0,32.0,573.0,9.3,3.2,0.0,,1008.2,0.4,0.6,275,Mace Head
2011-02-09,9.9,17.0,170.0,21.0,166.0,9.1,5.4,9.0,,1005.2,0.4,0.6,275,Mace Head
2011-02-10,10.4,20.0,130.0,27.0,634.0,8.3,1.6,0.1,,1004.3,0.4,0.6,275,Mace Head
2011-02-11,12.5,19.0,130.0,26.0,576.0,10.0,5.4,2.0,,1001.9,0.5,0.8,275,Mace Head
2011-02-12,15.1,27.0,150.0,37.0,224.0,8.0,3.1,4.2,,998.0,0.5,0.8,275,Mace Head
2011-02-13,8.2,19.0,290.0,27.0,478.0,7.6,2.2,8.8,,990.5,0.3,0.5,275,Mace Head
2011-02-14,14.6,26.0,280.0,36.0,832.0,6.7,2.7,2.8,,988.0,0.9,1.3,275,Mace Head
2011-02-15,15.2,25.0,230.0,30.0,204.0,7.1,2.8,3.3,,978.3,0.6,0.9,275,Mace Head
2011-02-16,10.2,22.0,220.0,27.0,649.0,8.9,2.5,0.3,,986.3,0.7,1.0,275,Mace Head
2011-02-17,7.1,12.0,90.0,15.0,413.0,5.9,1.6,0.0,,998.8,0.4,0.6,275,Mace Head
2011-02-18,15.5,22.0,130.0,30.0,151.0,8.8,4.0,2.3,,997.5,0.3,0.6,275,Mace Head
2011-02-19,11.9,18.0,120.0,25.0,721.0,10.6,7.2,0.2,,999.2,0.7,1.1,275,Mace Head
2011-02-20,15.0,21.0,130.0,28.0,237.0,9.7,7.5,9.9,,1000.6,0.6,0.9,275,Mace Head
2011-02-21,8.5,15.0,160.0,20.0,807.0,10.2,5.5,3.6,,1004.7,0.5,0.9,275,Mace Head
2011-02-22,10.8,20.0,200.0,25.0,176.0,9.9,7.8,5.8,,1006.7,0.4,0.6,275,Mace Head
2011-02-23,18.4,24.0,190.0,30.0,634.0,10.7,9.0,0.9,,1005.9,0.5,0.9,275,Mace Head
2011-02-24,17.9,26.0,170.0,34.0,286.0,10.3,9.0,0.1,,1010.8,0.4,0.8,275,Mace Head
2011-02-25,18.5,29.0,180.0,40.0,723.0,10.6,7.5,8.8,,1010.4,0.5,1.0,275,Mace Head
2011-02-26,15.3,26.0,270.0,36.0,924.0,9.0,5.6,0.9,,1015.2,0.7,1.3,275,Mace Head
2011-02-27,13.1,27.0,280.0,35.0,1000.0,10.1,3.7,0.3,,1024.6,1.0,1.5,275,Mace Head
2011-02-28,5.0,9.0,100.0,11.0,702.0,9.1,1.9,0.1,,1032.6,0.7,1.0,275,Mace Head
2011-03-01,7.0,14.0,170.0,17.0,1120.0,10.4,6.6,0.1,,1035.7,1.0,1.4,275,Mace Head
2011-03-02,10.8,15.0,190.0,18.0,717.0,9.6,5.5,0.0,,1034.2,0.9,1.3,275,Mace Head
2011-03-03,5.1,8.0,110.0,10.0,923.0,10.0,4.9,0.0,,1034.6,0.8,1.2,275,Mace Head
2011-03-04,3.6,8.0,340.0,9.0,668.0,9.6,4.4,0.0,,1031.2,0.6,0.9,275,Mace Head
2011-03-05,4.1,12.0,100.0,15.0,542.0,11.1,7.3,0.0,,1028.8,0.9,1.2,275,Mace Head
2011-03-06,7.3,12.0,110.0,16.0,656.0,9.7,5.8,0.5,,1027.1,1.1,1.5,275,Mace Head
2011-03-07,11.7,16.0,210.0,19.0,662.0,10.0,6.9,0.4,,1023.6,1.1,1.6,275,Mace Head
2011-03-08,19.7,30.0,260.0,43.0,513.0,9.5,5.7,0.8,,1015.5,0.8,1.3,275,Mace Head
2011-03-09,25.4,34.0,280.0,46.0,942.0,10.5,5.5,1.8,,1009.9,1.2,2.2,275,Mace Head
2011-03-10,25.9,36.0,260.0,47.0,749.0,9.5,3.9,2.0,,1007.3,0.9,1.8,275,Mace Head
2011-03-11,8.6,26.0,270.0,34.0,208.0,6.7,2.6,18.3,,1004.5,0.7,0.9,275,Mace Head
2011-03-12,8.0,18.0,300.0,22.0,1141.0,7.5,0.9,3.2,,996.8,1.1,1.6,275,Mace Head
2011-03-13,13.0,27.0,340.0,35.0,1021.0,6.7,0.5,0.9,,1002.4,1.0,1.6,275,Mace Head
2011-03-14,7.0,16.0,340.0,21.0,1032.0,7.8,2.1,0.9,,1011.6,1.0,1.5,275,Mace Head
2011-03-15,4.1,10.0,270.0,11.0,1467.0,9.2,1.3,0.0,,1014.2,1.2,1.8,275,Mace Head
2011-03-16,10.3,18.0,300.0,22.0,1411.0,9.8,2.6,2.8,,1011.9,1.0,1.8,275,Mace Head
2011-03-17,10.1,22.0,280.0,28.0,1177.0,9.1,4.8,0.2,,1013.9,1.5,2.2,275,Mace Head
2011-03-18,9.5,21.0,240.0,26.0,1149.0,9.6,4.7,0.4,,1021.8,1.4,2.0,275,Mace Head
2011-03-19,13.1,21.0,170.0,26.0,664.0,9.6,4.2,8.9,,1023.7,0.9,1.4,275,Mace Head
2011-03-20,10.9,16.0,200.0,20.0,1043.0,10.6,7.8,0.2,,1023.5,0.9,1.5,275,Mace Head
2011-03-21,13.3,16.0,200.0,20.0,844.0,10.9,9.0,0.1,,1029.4,0.8,1.4,275,Mace Head
2011-03-22,5.9,13.0,210.0,16.0,1298.0,11.4,7.1,0.0,,1034.6,1.2,1.8,275,Mace Head
2011-03-23,5.6,9.0,130.0,12.0,1608.0,15.5,5.1,0.1,,1035.9,1.8,2.6,275,Mace Head
2011-03-24,6.9,14.0,70.0,20.0,1616.0,15.4,5.7,0.0,,1029.6,1.9,2.8,275,Mace Head
2011-03-25,12.1,18.0,50.0,23.0,1648.0,14.7,6.0,0.0,,1020.1,2.3,3.4,275,Mace Head
2011-03-26,7.4,15.0,70.0,21.0,857.0,13.3,3.4,0.0,,1013.9,1.6,2.1,275,Mace Head
2011-03-27,5.9,10.0,50.0,13.0,1107.0,11.8,4.1,0.0,,1013.3,1.3,1.9,275,Mace Head
2011-03-28,7.8,12.0,140.0,16.0,1590.0,13.4,4.7,0.0,,1011.0,1.8,2.7,275,Mace Head
2011-03-29,7.0,16.0,150.0,21.0,1364.0,13.0,8.4,0.0,,1004.9,1.7,2.4,275,Mace Head
2011-03-30,15.5,22.0,250.0,28.0,1479.0,12.3,7.6,5.8,,997.2,1.3,2.4,275,Mace Head
2011-03-31,21.1,49.0,250.0,62.0,1256.0,12.3,9.4,4.8,,994.1,1.3,2.5,275,Mace Head
2011-04-01,23.6,32.0,180.0,42.0,291.0,11.9,7.3,14.2,,996.6,0.7,1.3,275,Mace Head
2011-04-02,13.4,20.0,190.0,25.0,1671.0,11.6,7.2,0.3,,1000.7,1.5,2.7,275,Mace Head
2011-04-03,15.5,23.0,240.0,29.0,1849.0,10.9,6.3,3.0,,1007.5,2.1,3.5,275,Mace Head
2011-04-04,24.6,37.0,190.0,46.0,1055.0,12.2,8.2,10.6,,1004.8,1.2,2.4,275,Mace Head
2011-04-05,20.3,27.0,200.0,34.0,375.0,11.2,10.4,12.1,,1006.6,0.4,1.0,275,Mace Head
2011-04-06,20.5,25.0,190.0,31.0,719.0,11.4,10.0,0.9,,1016.4,0.8,1.6,275,Mace Head
2011-04-07,6.3,14.0,230.0,17.0,1933.0,13.4,7.2,0.1,,1025.1,1.9,2.9,275,Mace Head
2011-04-08,7.8,13.0,100.0,17.0,1688.0,18.2,5.8,0.0,,1023.8,2.1,3.0,275,Mace Head
2011-04-09,11.8,21.0,110.0,27.0,1197.0,17.7,10.3,0.0,,1017.3,2.5,3.4,275,Mace Head
2011-04-10,9.9,17.0,200.0,22.0,906.0,13.2,9.7,0.1,,1019.8,1.1,1.8,275,Mace Head
2011-04-11,18.8,33.0,260.0,42.0,2007.0,10.9,7.4,0.6,,1023.2,1.8,3.5,275,Mace Head
2011-04-12,17.6,28.0,210.0,35.0,1595.0,11.7,7.1,10.2,,1022.7,2.0,3.5,275,Mace Head
2011-04-13,15.9,32.0,180.0,41.0,1327.0,12.1,7.8,12.4,,1012.1,1.1,2.3,275,Mace Head
2011-04-14,6.9,15.0,310.0,19.0,1513.0,12.7,8.6,0.0,,1013.8,2.0,2.9,275,Mace Head
2011-04-15,10.8,18.0,200.0,23.0,1272.0,12.6,8.6,0.0,,1016.7,1.6,2.6,275,Mace Head
2011-04-16,6.6,13.0,260.0,18.0,1963.0,13.1,7.4,0.0,,1020.6,2.5,3.5,275,Mace Head
2011-04-17,5.7,11.0,110.0,15.0,2144.0,15.0,6.5,0.1,,1020.3,2.4,3.6,275,Mace Head
2011-04-18,9.2,15.0,140.0,20.0,2023.0,17.2,7.3,0.0,,1012.8,2.8,4.1,275,Mace Head
2011-04-19,7.0,11.0,80.0,15.0,1693.0,18.4,7.6,0.0,,1011.1,2.7,3.7,275,Mace Head
2011-04-20,5.0,10.0,110.0,12.0,753.0,14.5,10.1,3.7,,1013.1,1.5,2.0,275,Mace Head
2011-04-21,7.8,13.0,100.0,18.0,1546.0,21.2,9.3,0.0,,1007.6,2.7,3.7,275,Mace Head
2011-04-22,14.4,23.0,290.0,27.0,653.0,16.3,7.9,2.1,,1003.1,1.6,2.3,275,Mace Head
2011-04-23,11.1,18.0,290.0,23.0,2336.0,12.7,7.6,0.0,,1011.7,2.6,4.2,275,Mace Head
2011-04-24,12.1,21.0,220.0,26.0,2045.0,13.6,8.6,0.2,,1019.4,2.5,4.0,275,Mace Head
2011-04-25,7.9,20.0,340.0,24.0,1744.0,14.6,7.6,0.1,,1026.3,2.7,3.8,275,Mace Head
2011-04-26,7.6,13.0,80.0,17.0,1482.0,14.6,7.4,5.1,,1025.8,2.2,3.1,275,Mace Head
2011-04-27,5.2,10.0,130.0,12.0,1462.0,13.8,9.5,0.1,,1023.6,1.8,2.6,275,Mace Head
2011-04-28,5.6,11.0,140.0,14.0,1978.0,16.8,9.3,0.2,,1019.3,2.5,3.6,275,Mace Head
2011-04-29,9.1,15.0,80.0,20.0,2356.0,19.6,7.7,0.0,,1013.3,3.7,5.2,275,Mace Head
2011-04-30,16.5,24.0,80.0,32.0,2215.0,19.7,9.7,0.0,,1008.8,3.9,5.8,275,Mace Head
2011-05-01,18.4,24.0,70.0,33.0,1858.0,18.9,8.8,0.0,,1006.8,4.0,5.9,275,Mace Head
2011-05-02,17.4,22.0,80.0,30.0,1070.0,15.2,8.1,3.9,,1007.7,2.6,3.8,275,Mace Head
2011-05-03,19.2,25.0,80.0,32.0,1097.0,13.5,7.7,0.0,,1009.3,2.2,3.6,275,Mace Head
2011-05-04,14.3,24.0,110.0,33.0,1525.0,15.2,9.0,8.3,,1007.5,2.2,3.6,275,Mace Head
2011-05-05,13.5,20.0,140.0,28.0,1673.0,15.6,10.8,1.4,,1003.6,2.2,3.6,275,Mace Head
2011-05-06,13.4,19.0,140.0,24.0,2103.0,16.4,10.5,0.2,,1001.2,2.7,4.4,275,Mace Head
2011-05-07,15.9,25.0,100.0,36.0,840.0,16.6,10.6,2.5,,997.1,1.7,2.7,275,Mace Head
2011-05-08,20.8,29.0,140.0,39.0,1807.0,15.4,9.9,2.6,,995.5,2.6,4.5,275,Mace Head
2011-05-09,20.0,26.0,160.0,37.0,1974.0,14.7,10.6,5.0,,1000.9,2.4,4.3,275,Mace Head
2011-05-10,21.7,31.0,190.0,39.0,1643.0,13.3,10.0,1.9,,1009.3,1.9,3.6,275,Mace Head
2011-05-11,21.7,27.0,240.0,38.0,1629.0,12.7,9.4,0.5,,1015.9,1.8,3.6,275,Mace Head
2011-05-12,21.1,28.0,270.0,34.0,2167.0,12.7,9.1,2.7,,1017.3,2.5,4.7,275,Mace Head
2011-05-13,16.6,22.0,270.0,29.0,2293.0,12.9,7.8,2.5,,1017.0,2.5,4.5,275,Mace Head
2011-05-14,18.2,25.0,290.0,31.0,1912.0,13.1,8.9,0.6,,1022.6,2.3,4.2,275,Mace Head
2011-05-15,19.4,25.0,250.0,31.0,884.0,12.9,10.5,0.9,,1024.4,1.5,2.6,275,Mace Head
2011-05-16,19.1,23.0,240.0,29.0,610.0,12.7,11.2,1.0,,1020.3,1.2,2.0,275,Mace Head
2011-05-17,15.0,22.0,260.0,28.0,869.0,13.0,10.7,0.1,,1013.6,1.1,2.0,275,Mace Head
2011-05-18,22.2,29.0,250.0,34.0,2263.0,12.4,8.4,0.2,,1011.9,2.6,5.1,275,Mace Head
2011-05-19,17.2,24.0,220.0,30.0,1529.0,12.6,8.3,0.7,,1012.3,2.2,3.7,275,Mace Head
2011-05-20,18.8,24.0,280.0,35.0,2337.0,13.0,8.0,1.1,,1011.2,2.7,4.9,275,Mace Head
2011-05-21,24.3,33.0,230.0,41.0,852.0,12.4,9.4,11.9,,1003.2,1.3,2.5,275,Mace Head
2011-05-22,25.3,36.0,270.0,45.0,2390.0,13.4,8.0,6.5,,1004.2,2.3,5.0,275,Mace Head
2011-05-23,33.6,44.0,230.0,60.0,2438.0,12.1,7.7,8.6,,1007.0,2.0,5.0,275,Mace Head
2011-05-24,19.9,29.0,260.0,36.0,2558.0,12.9,8.9,0.1,,1020.2,3.0,5.6,275,Mace Head
2011-05-25,24.3,34.0,180.0,47.0,1199.0,12.3,10.2,4.8,,1009.0,1.6,3.2,275,Mace Head
2011-05-26,27.7,40.0,310.0,52.0,2028.0,12.3,8.3,1.4,,1011.0,2.3,4.8,275,Mace Head
2011-05-27,18.8,26.0,220.0,32.0,550.0,11.5,8.2,2.8,,1015.3,1.0,1.8,275,Mace Head
2011-05-28,20.0,26.0,230.0,33.0,1331.0,12.5,9.7,0.1,,1005.6,1.7,3.2,275,Mace Head
2011-05-29,20.0,30.0,260.0,39.0,1739.0,12.7,8.5,0.6,,1003.8,1.9,3.7,275,Mace Head
2011-05-30,16.2,23.0,270.0,31.0,2475.0,11.9,7.4,1.2,,1009.1,2.8,5.0,275,Mace Head
2011-05-31,19.2,24.0,210.0,30.0,1826.0,13.4,9.0,1.1,,1016.2,2.2,4.1,275,Mace Head
2011-06-01,15.8,25.0,210.0,32.0,1226.0,14.0,11.6,0.1,,1024.5,1.5,2.7,275,Mace Head
2011-06-02,6.0,10.0,190.0,13.0,2602.0,15.8,12.0,0.0,,1031.6,3.3,4.7,275,Mace Head
2011-06-03,8.8,18.0,320.0,21.0,2952.0,18.0,10.6,0.0,,1031.2,3.6,5.6,275,Mace Head
2011-06-04,8.3,20.0,340.0,24.0,1558.0,15.4,9.2,0.0,,1025.3,2.4,3.5,275,Mace Head
2011-06-05,14.4,22.0,300.0,29.0,2415.0,13.8,8.9,0.0,,1015.2,3.3,5.4,275,Mace Head
2011-06-06,14.1,21.0,290.0,27.0,1084.0,13.2,8.4,1.7,,1003.6,1.8,2.8,275,Mace Head
2011-06-07,20.3,30.0,310.0,42.0,2022.0,13.7,7.9,8.0,,995.3,2.1,4.2,275,Mace Head
2011-06-08,23.1,31.0,310.0,39.0,1869.0,12.3,7.7,2.4,,1003.3,2.1,4.2,275,Mace Head
2011-06-09,12.7,21.0,310.0,26.0,2184.0,12.1,6.3,3.0,,1010.2,2.7,4.5,275,Mace Head
2011-06-10,9.5,16.0,250.0,21.0,2908.0,12.6,6.6,0.5,,1011.8,3.3,5.3,275,Mace Head
2011-06-11,6.5,17.0,250.0,21.0,3080.0,13.5,7.9,0.4,,1012.0,3.8,5.5,275,Mace Head
2011-06-12,15.1,26.0,60.0,34.0,1401.0,13.2,7.7,1.8,,1003.7,2.0,3.3,275,Mace Head
2011-06-13,12.4,17.0,280.0,21.0,2960.0,14.5,10.4,0.0,,1008.3,3.5,5.8,275,Mace Head
2011-06-14,12.2,22.0,130.0,29.0,1982.0,16.5,7.2,4.9,,1009.1,2.5,4.1,275,Mace Head
2011-06-15,17.5,21.0,210.0,25.0,2680.0,14.7,11.2,0.2,,1004.8,2.8,5.3,275,Mace Head
2011-06-16,17.8,23.0,220.0,31.0,2231.0,14.2,9.5,5.7,,1001.3,2.8,5.0,275,Mace Head
2011-06-17,13.4,19.0,230.0,24.0,2343.0,14.9,10.5,0.8,,994.9,3.0,4.9,275,Mace Head
2011-06-18,19.8,24.0,280.0,30.0,2026.0,14.6,11.0,0.5,,999.5,2.5,4.6,275,Mace Head
2011-06-19,10.1,18.0,280.0,21.0,2243.0,14.7,9.1,0.1,,1008.3,2.8,4.4,275,Mace Head
2011-06-20,9.7,15.0,120.0,21.0,1082.0,17.2,7.8,4.0,,1005.3,2.0,2.9,275,Mace Head
2011-06-21,10.0,17.0,200.0,23.0,2483.0,15.9,11.4,8.4,,1000.2,3.0,4.8,275,Mace Head
2011-06-22,16.3,21.0,290.0,26.0,2500.0,15.5,11.0,0.0,,1007.0,3.0,5.3,275,Mace Head
2011-06-23,13.2,18.0,290.0,24.0,2820.0,14.4,10.1,0.4,,1015.3,3.5,5.7,275,Mace Head
2011-06-24,15.3,25.0,110.0,32.0,428.0,13.9,9.7,22.0,,1012.1,1.1,1.7,275,Mace Head
2011-06-25,18.5,24.0,210.0,31.0,841.0,14.7,13.4,0.0,,1010.7,1.0,2.0,275,Mace Head
2011-06-26,16.6,26.0,190.0,32.0,882.0,14.6,11.4,1.6,,1012.2,1.5,2.5,275,Mace Head
2011-06-27,10.0,15.0,270.0,18.0,2711.0,14.8,10.3,0.0,,1014.6,3.5,5.4,275,Mace Head
2011-06-28,12.5,16.0,250.0,19.0,2846.0,14.9,11.0,0.1,,1017.2,3.6,5.8,275,Mace Head
2011-06-29,15.0,22.0,280.0,28.0,2447.0,15.2,10.5,1.0,,1021.6,3.2,5.3,275,Mace Head
2011-06-30,11.0,20.0,270.0,22.0,2396.0,15.5,10.9,0.0,,1025.4,3.2,5.0,275,Mace Head
2011-07-01,8.4,12.0,200.0,15.0,2384.0,16.3,12.1,0.0,,1023.2,3.3,4.9,275,Mace Head
2011-07-02,11.5,17.0,220.0,21.0,2635.0,17.0,12.7,0.0,,1017.0,3.5,5.5,275,Mace Head
2011-07-03,6.3,15.0,190.0,20.0,1239.0,14.5,12.0,0.6,,1013.8,1.9,2.7,275,Mace Head
2011-07-04,12.3,22.0,130.0,29.0,1686.0,18.8,12.1,0.5,,1006.4,2.9,4.3,275,Mace Head
2011-07-05,16.4,25.0,180.0,30.0,1531.0,15.9,12.0,1.4,,999.1,2.2,3.7,275,Mace Head
2011-07-06,13.5,19.0,320.0,26.0,1196.0,14.7,10.9,7.0,,995.7,2.0,3.1,275,Mace Head
2011-07-07,11.1,20.0,240.0,23.0,809.0,14.5,11.6,25.4,,991.6,1.4,2.1,275,Mace Head
2011-07-08,13.6,18.0,310.0,22.0,2391.0,17.4,12.3,0.0,,997.6,3.0,5.0,275,Mace Head
2011-07-09,11.4,16.0,270.0,19.0,2870.0,17.0,12.4,0.0,,1009.0,3.4,5.6,275,Mace Head
2011-07-10,10.6,16.0,310.0,20.0,2445.0,17.2,12.2,0.0,,1016.8,3.2,5.0,275,Mace Head
2011-07-11,5.6,11.0,340.0,14.0,1523.0,17.0,10.9,0.0,,1019.8,2.5,3.4,275,Mace Head
2011-07-12,5.7,10.0,80.0,14.0,1981.0,18.7,12.2,0.0,,1019.0,3.2,4.3,275,Mace Head
2011-07-13,7.1,10.0,230.0,12.0,2635.0,17.9,12.1,0.0,,1018.7,3.4,5.0,275,Mace Head
2011-07-14,8.5,14.0,210.0,16.0,1826.0,16.7,13.7,0.3,,1017.4,2.7,4.0,275,Mace Head
2011-07-15,14.4,22.0,250.0,26.0,577.0,15.2,13.0,2.0,,1007.8,1.2,1.9,275,Mace Head
2011-07-16,26.4,36.0,290.0,46.0,1384.0,15.0,11.6,2.6,,995.9,1.6,3.3,275,Mace Head
2011-07-17,27.9,32.0,310.0,44.0,469.0,13.5,11.4,2.4,,996.6,0.9,1.8,275,Mace Head
2011-07-18,23.4,29.0,320.0,37.0,903.0,13.9,11.0,0.2,,1000.3,1.4,2.6,275,Mace Head
2011-07-19,13.3,23.0,310.0,28.0,1623.0,14.9,11.2,0.1,,1006.2,2.3,3.7,275,Mace Head
2011-07-20,9.4,20.0,340.0,25.0,1832.0,16.1,10.4,1.9,,1010.4,2.6,3.9,275,Mace Head
2011-07-21,9.9,17.0,340.0,21.0,1397.0,15.6,10.4,0.1,,1017.2,2.4,3.4,275,Mace Head
2011-07-22,6.8,14.0,280.0,17.0,2515.0,16.3,8.6,0.0,,1018.2,3.3,4.7,275,Mace Head
2011-07-23,4.9,8.0,270.0,10.0,1219.0,15.9,12.1,0.0,,1014.9,2.1,2.8,275,Mace Head
2011-07-24,4.5,8.0,270.0,9.0,1543.0,17.1,13.1,0.5,,1011.0,2.2,3.0,275,Mace Head
2011-07-25,12.4,22.0,310.0,26.0,1388.0,16.5,12.7,0.2,,1011.1,1.7,2.9,275,Mace Head
2011-07-26,7.5,14.0,310.0,17.0,2332.0,16.0,11.6,0.0,,1015.9,3.0,4.4,275,Mace Head
2011-07-27,7.7,18.0,320.0,24.0,677.0,15.7,12.9,0.8,,1020.2,1.3,1.9,275,Mace Head
2011-07-28,10.4,16.0,340.0,22.0,1350.0,16.9,12.0,0.0,,1024.8,2.5,3.5,275,Mace Head
2011-07-29,6.3,12.0,270.0,15.0,1561.0,18.2,12.1,0.0,,1023.0,2.7,3.7,275,Mace Head
2011-07-30,9.8,19.0,140.0,24.0,907.0,16.4,12.6,1.4,,1013.5,1.5,2.2,275,Mace Head
2011-07-31,11.5,18.0,200.0,23.0,1158.0,16.0,10.8,0.3,,1007.4,1.3,2.3,275,Mace Head
2011-08-01,4.6,10.0,280.0,14.0,1459.0,16.2,10.7,0.9,,1009.1,2.2,3.0,275,Mace Head
2011-08-02,6.5,12.0,210.0,15.0,1645.0,16.5,11.3,0.0,,1011.2,2.6,3.6,275,Mace Head
2011-08-03,10.3,19.0,90.0,25.0,1087.0,17.9,10.9,3.8,,1007.7,1.8,2.7,275,Mace Head
2011-08-04,13.6,22.0,300.0,28.0,1405.0,16.2,13.0,0.2,,1006.5,2.0,3.2,275,Mace Head
2011-08-05,9.8,17.0,270.0,21.0,1240.0,15.8,11.9,0.9,,1008.0,2.1,3.0,275,Mace Head
2011-08-06,9.6,17.0,260.0,21.0,1115.0,14.4,11.2,6.8,,1001.4,1.6,2.5,275,Mace Head
2011-08-07,8.6,17.0,320.0,21.0,2008.0,16.5,10.8,2.5,,999.7,2.6,4.0,275,Mace Head
2011-08-08,15.8,21.0,310.0,28.0,1921.0,16.3,12.0,0.0,,1012.3,2.6,4.3,275,Mace Head
2011-08-09,10.3,22.0,200.0,30.0,1293.0,16.3,12.0,1.2,,1022.0,2.3,3.3,275,Mace Head
2011-08-10,22.5,28.0,210.0,35.0,378.0,15.6,14.6,25.6,,1011.6,0.8,1.4,275,Mace Head
2011-08-11,12.9,22.0,250.0,28.0,932.0,15.5,13.7,2.4,,1005.7,1.1,1.9,275,Mace Head
2011-08-12,13.5,21.0,180.0,26.0,777.0,15.7,13.5,9.2,,1002.8,1.0,1.8,275,Mace Head
2011-08-13,15.4,22.0,230.0,27.0,1482.0,16.4,13.1,0.2,,999.7,1.9,3.2,275,Mace Head
2011-08-14,17.5,23.0,260.0,30.0,2003.0,15.8,11.6,1.0,,1005.2,2.4,4.2,275,Mace Head
2011-08-15,12.1,18.0,180.0,23.0,546.0,14.9,13.0,12.8,,1007.5,1.4,1.9,275,Mace Head
2011-08-16,13.2,23.0,310.0,28.0,2303.0,16.0,11.8,0.2,,1010.6,2.6,4.4,275,Mace Head
2011-08-17,5.6,13.0,270.0,14.0,2293.0,17.3,9.3,0.8,,1016.2,2.9,4.2,275,Mace Head
2011-08-18,6.5,14.0,270.0,16.0,2259.0,16.1,10.7,0.4,,1015.5,2.9,4.2,275,Mace Head
2011-08-19,19.6,34.0,180.0,42.0,1032.0,16.2,12.3,10.0,,1010.0,1.8,3.0,275,Mace Head
2011-08-20,15.3,22.0,200.0,27.0,1902.0,17.2,13.4,1.3,,1007.6,2.4,4.0,275,Mace Head
2011-08-21,11.7,17.0,250.0,20.0,1744.0,16.6,13.6,0.3,,1011.2,2.4,3.7,275,Mace Head
2011-08-22,4.3,9.0,240.0,11.0,1987.0,17.7,11.5,0.0,,1016.6,2.9,3.9,275,Mace Head
2011-08-23,9.2,21.0,150.0,31.0,1483.0,17.3,11.8,12.0,,1010.1,2.3,3.3,275,Mace Head
2011-08-24,14.8,25.0,190.0,31.0,1753.0,15.7,11.8,0.8,,1002.7,2.5,3.8,275,Mace Head
2011-08-25,13.2,20.0,150.0,26.0,1444.0,16.2,10.6,4.8,,999.7,2.0,3.1,275,Mace Head
2011-08-26,14.5,25.0,300.0,31.0,1880.0,16.0,9.7,0.2,,1006.8,2.3,3.8,275,Mace Head
2011-08-27,18.8,26.0,280.0,32.0,1363.0,15.7,11.2,0.2,,1013.2,2.0,3.3,275,Mace Head
2011-08-28,11.5,18.0,310.0,22.0,1701.0,15.4,10.9,2.4,,1017.2,2.4,3.6,275,Mace Head
2011-08-29,7.5,13.0,310.0,17.0,912.0,15.1,8.8,0.0,,1019.3,1.8,2.4,275,Mace Head
2011-08-30,4.3,9.0,50.0,11.0,1126.0,15.3,11.0,0.0,,1016.2,1.9,2.5,275,Mace Head
2011-08-31,7.9,12.0,90.0,15.0,1470.0,17.6,11.6,0.0,,1012.3,2.3,3.2,275,Mace Head
2011-09-01,12.7,22.0,200.0,27.0,498.0,16.3,11.3,3.9,,1006.7,1.0,1.5,275,Mace Head
2011-09-02,16.3,22.0,160.0,34.0,745.0,16.0,12.6,15.3,,1000.3,1.2,2.0,275,Mace Head
2011-09-03,14.5,22.0,200.0,28.0,1140.0,15.6,12.0,1.0,,998.7,1.5,2.5,275,Mace Head
2011-09-04,18.3,29.0,300.0,37.0,1091.0,14.0,10.3,9.2,,994.4,1.4,2.5,275,Mace Head
2011-09-05,22.5,35.0,210.0,45.0,456.0,14.8,12.1,12.0,,999.3,1.0,1.7,275,Mace Head
2011-09-06,29.7,37.0,270.0,46.0,1369.0,14.7,12.5,0.5,,999.1,1.6,3.3,275,Mace Head
2011-09-07,22.0,31.0,270.0,40.0,443.0,13.9,11.4,5.0,,1004.8,1.0,1.6,275,Mace Head
2011-09-08,11.2,22.0,240.0,26.0,836.0,15.4,12.6,0.9,,1001.4,1.2,1.9,275,Mace Head
2011-09-09,16.2,23.0,220.0,30.0,668.0,17.9,14.8,1.1,,994.1,1.1,1.7,275,Mace Head
2011-09-10,26.1,36.0,200.0,47.0,949.0,16.4,12.3,8.4,,985.1,1.0,2.1,275,Mace Head
2011-09-11,28.5,37.0,210.0,47.0,559.0,15.6,12.6,12.9,,986.3,0.7,1.5,275,Mace Head
2011-09-12,35.1,45.0,240.0,59.0,1187.0,15.5,12.4,0.3,,990.6,1.3,2.8,275,Mace Head
2011-09-13,26.7,34.0,260.0,45.0,1457.0,14.2,10.4,0.5,,1007.0,2.2,3.9,275,Mace Head
2011-09-14,12.0,22.0,280.0,28.0,1065.0,14.9,11.3,0.1,,1014.6,1.8,2.6,275,Mace Head
2011-09-15,14.1,21.0,140.0,29.0,929.0,16.0,10.9,3.4,,1011.5,1.7,2.5,275,Mace Head
2011-09-16,19.9,28.0,250.0,35.0,898.0,14.4,11.4,8.2,,1003.3,1.2,2.1,275,Mace Head
2011-09-17,25.3,33.0,290.0,42.0,1122.0,13.9,10.9,4.5,,1001.4,1.3,2.6,275,Mace Head
2011-09-18,19.7,31.0,290.0,38.0,975.0,15.4,11.7,0.8,,1007.0,1.5,2.5,275,Mace Head
2011-09-19,16.1,23.0,240.0,28.0,349.0,14.6,11.9,8.6,,1005.9,0.7,1.2,275,Mace Head
2011-09-20,20.5,27.0,220.0,34.0,1231.0,14.4,10.8,0.3,,1009.6,1.9,3.1,275,Mace Head
2011-09-21,26.6,36.0,220.0,46.0,853.0,14.5,11.2,6.7,,1007.8,1.6,2.7,275,Mace Head
2011-09-22,17.4,24.0,270.0,29.0,951.0,15.5,12.3,0.1,,1012.7,1.7,2.6,275,Mace Head
2011-09-23,21.8,28.0,170.0,36.0,581.0,15.3,12.9,6.2,,1005.7,1.0,1.7,275,Mace Head
2011-09-24,18.7,23.0,220.0,28.0,1145.0,15.2,12.8,0.0,,1002.8,1.5,2.4,275,Mace Head
2011-09-25,21.6,31.0,220.0,38.0,1063.0,15.3,12.0,14.4,,1002.8,1.6,2.7,275,Mace Head
2011-09-26,14.8,22.0,180.0,27.0,606.0,14.9,10.6,6.0,,1011.3,1.1,1.7,275,Mace Head
2011-09-27,16.8,22.0,170.0,28.0,471.0,16.9,13.6,0.1,,1015.7,0.9,1.4,275,Mace Head
2011-09-28,19.1,23.0,170.0,30.0,715.0,19.2,14.2,3.7,,1010.4,1.5,2.2,275,Mace Head
2011-09-29,14.1,23.0,190.0,29.0,570.0,16.9,12.5,0.3,,1010.5,0.9,1.4,275,Mace Head
2011-09-30,12.4,23.0,130.0,30.0,691.0,16.7,11.9,12.8,,1012.5,1.0,1.6,275,Mace Head
2011-10-01,4.9,10.0,90.0,13.0,781.0,16.2,9.4,2.9,,1019.8,1.1,1.5,275,Mace Head
2011-10-02,7.4,18.0,210.0,23.0,573.0,15.2,12.4,0.1,,1016.5,1.1,1.4,275,Mace Head
2011-10-03,21.2,26.0,200.0,33.0,734.0,14.7,12.4,0.0,,1010.4,1.5,2.3,275,Mace Head
2011-10-04,20.0,28.0,210.0,35.0,411.0,14.6,12.0,1.1,,1011.2,1.5,2.1,275,Mace Head
2011-10-05,27.3,37.0,270.0,48.0,513.0,14.9,8.9,3.6,,1005.2,1.1,1.9,275,Mace Head
2011-10-06,32.7,42.0,280.0,55.0,878.0,12.8,8.9,0.8,,1012.0,2.0,3.5,275,Mace Head
2011-10-07,19.7,29.0,290.0,36.0,1045.0,13.7,11.2,0.0,,1021.6,1.9,2.8,275,Mace Head
2011-10-08,17.3,22.0,240.0,27.0,224.0,14.5,12.0,0.0,,1020.2,0.8,1.2,275,Mace Head
2011-10-09,23.8,28.0,240.0,35.0,187.0,14.4,13.7,0.8,,1012.5,0.5,0.9,275,Mace Head
2011-10-10,23.9,31.0,230.0,40.0,152.0,14.7,12.9,2.7,,1009.2,0.5,0.9,275,Mace Head
2011-10-11,19.3,26.0,240.0,33.0,224.0,14.2,13.7,0.4,,1013.1,0.5,0.8,275,Mace Head
2011-10-12,9.8,18.0,230.0,22.0,613.0,14.6,11.7,5.5,,1017.9,0.7,1.1,275,Mace Head
2011-10-13,9.1,13.0,120.0,16.0,362.0,14.6,11.5,0.8,,1022.3,0.7,0.9,275,Mace Head
2011-10-14,13.5,18.0,140.0,24.0,240.0,14.4,13.2,2.3,,1018.6,0.7,1.0,275,Mace Head
2011-10-15,12.7,20.0,200.0,27.0,810.0,14.3,10.5,4.3,,1016.1,1.0,1.5,275,Mace Head
2011-10-16,21.3,34.0,220.0,45.0,709.0,13.5,10.6,0.6,,1013.7,1.3,2.0,275,Mace Head
2011-10-17,28.5,44.0,210.0,55.0,298.0,13.0,6.8,7.5,,1002.9,1.1,1.8,275,Mace Head
2011-10-18,24.6,39.0,270.0,52.0,830.0,11.9,6.4,3.1,,1009.8,1.8,2.7,275,Mace Head
2011-10-19,14.8,26.0,310.0,34.0,757.0,10.7,7.5,0.7,,1020.7,1.5,1.9,275,Mace Head
2011-10-20,18.8,27.0,210.0,34.0,248.0,13.1,7.3,2.9,,1019.9,0.8,1.2,275,Mace Head
2011-10-21,26.1,31.0,180.0,39.0,329.0,13.6,12.1,0.6,,1008.2,1.1,1.7,275,Mace Head
2011-10-22,15.6,29.0,180.0,37.0,458.0,13.5,9.5,15.8,,997.7,1.1,1.5,275,Mace Head
2011-10-23,16.9,26.0,190.0,34.0,144.0,14.2,9.9,31.2,,982.6,0.7,1.0,275,Mace Head
2011-10-24,11.5,28.0,280.0,35.0,305.0,14.2,8.6,2.1,,978.4,0.7,0.9,275,Mace Head
2011-10-25,5.3,17.0,170.0,23.0,245.0,10.1,6.9,6.2,,987.6,0.6,0.7,275,Mace Head
2011-10-26,19.8,30.0,200.0,45.0,482.0,11.6,7.9,5.9,,992.3,1.0,1.5,275,Mace Head
2011-10-27,15.3,22.0,280.0,26.0,624.0,11.6,9.6,0.2,,1003.8,1.3,1.6,275,Mace Head
2011-10-28,22.1,32.0,180.0,42.0,179.0,13.3,10.7,14.6,,1009.7,1.2,1.7,275,Mace Head
2011-10-29,21.7,28.0,200.0,41.0,431.0,13.9,12.0,13.2,,1003.2,0.7,1.0,275,Mace Head
2011-10-30,18.5,21.0,170.0,27.0,85.0,14.3,12.1,1.2,,1002.4,0.6,0.9,275,Mace Head
2011-10-31,17.9,23.0,140.0,29.0,332.0,14.3,9.7,10.4,,996.3,0.8,1.1,275,Mace Head
2011-11-01,20.3,29.0,130.0,39.0,550.0,13.0,9.4,1.6,,993.4,1.1,1.5,275,Mace Head
2011-11-02,23.0,30.0,130.0,41.0,92.0,14.0,12.4,4.2,,981.3,0.9,1.3,275,Mace Head
2011-11-03,16.0,22.0,140.0,29.0,398.0,13.7,10.4,0.1,,978.4,1.1,1.4,275,Mace Head
2011-11-04,14.0,19.0,230.0,23.0,568.0,12.0,9.3,0.0,,991.3,1.1,1.4,275,Mace Head
2011-11-05,7.9,22.0,280.0,27.0,615.0,11.3,6.0,1.7,,1009.8,0.7,0.9,275,Mace Head
2011-11-06,12.1,17.0,200.0,21.0,575.0,12.9,10.1,0.0,,1021.5,1.0,1.1,275,Mace Head
2011-11-07,14.1,20.0,140.0,25.0,620.0,10.7,7.2,0.1,,1017.5,0.5,0.7,275,Mace Head
2011-11-08,15.3,23.0,120.0,30.0,172.0,12.1,7.1,0.0,,1005.6,0.9,1.2,275,Mace Head
2011-11-09,15.6,23.0,110.0,30.0,434.0,13.2,10.5,0.4,,999.9,0.8,1.0,275,Mace Head
2011-11-10,16.6,20.0,150.0,27.0,476.0,13.3,10.2,0.0,,1004.1,0.9,1.1,275,Mace Head
2011-11-11,24.7,41.0,180.0,51.0,492.0,14.6,10.1,6.2,,996.7,1.2,1.6,275,Mace Head
2011-11-12,17.0,36.0,210.0,44.0,451.0,12.1,9.0,2.4,,1008.1,1.1,1.3,275,Mace Head
2011-11-13,19.7,25.0,90.0,34.0,171.0,15.3,10.8,0.1,,1013.2,1.0,1.3,275,Mace Head
2011-11-14,15.7,22.0,120.0,28.0,218.0,14.6,10.4,0.0,,1013.8,0.7,1.0,275,Mace Head
2011-11-15,13.4,18.0,90.0,24.0,285.0,12.6,8.9,0.0,,1010.4,0.8,0.9,275,Mace Head
2011-11-16,13.9,20.0,110.0,26.0,122.0,12.5,9.1,0.6,,1007.0,0.6,0.8,275,Mace Head
2011-11-17,23.0,33.0,180.0,42.0,62.0,12.9,8.8,23.4,,999.6,0.7,1.0,275,Mace Head
2011-11-18,15.4,24.0,170.0,32.0,150.0,12.9,11.2,12.8,,998.7,0.5,0.7,275,Mace Head
2011-11-19,5.2,11.0,120.0,14.0,433.0,13.6,8.8,2.7,,1005.9,0.1,0.2,275,Mace Head
2011-11-20,11.7,18.0,210.0,22.0,218.0,12.9,9.5,3.3,,1008.5,0.5,0.6,275,Mace Head
2011-11-21,10.0,19.0,300.0,23.0,220.0,11.0,7.7,0.9,,1009.8,0.7,0.9,275,Mace Head
2011-11-22,18.7,27.0,210.0,33.0,346.0,12.3,8.6,0.4,,1014.9,1.2,1.5,275,Mace Head
2011-11-23,20.9,29.0,210.0,36.0,86.0,12.5,10.4,6.2,,1013.7,0.4,0.7,275,Mace Head
2011-11-24,27.8,38.0,180.0,50.0,63.0,12.9,7.0,11.2,,1009.4,0.9,1.5,275,Mace Head
2011-11-25,27.4,39.0,260.0,52.0,262.0,11.2,5.9,4.3,,1016.4,1.2,1.7,275,Mace Head
2011-11-26,30.3,42.0,220.0,67.0,53.0,13.0,10.7,7.0,,1009.2,0.9,1.5,275,Mace Head
2011-11-27,23.8,39.0,250.0,51.0,347.0,12.3,8.3,0.9,,1011.8,1.4,1.7,275,Mace Head
2011-11-28,23.6,33.0,200.0,42.0,71.0,12.3,8.8,31.4,,1004.8,0.9,1.3,275,Mace Head
2011-11-29,25.9,37.0,240.0,51.0,273.0,11.4,5.4,10.0,,996.0,0.8,1.1,275,Mace Head
2011-11-30,29.4,43.0,180.0,55.0,63.0,11.4,5.5,11.4,,996.8,1.1,1.7,275,Mace Head
2011-12-01,12.0,37.0,270.0,48.0,354.0,9.9,5.4,2.0,,1002.2,1.1,1.1,275,Mace Head
2011-12-02,23.6,33.0,260.0,41.0,37.0,11.2,6.5,7.0,,1003.8,1.0,1.5,275,Mace Head
2011-12-03,25.7,31.0,280.0,40.0,100.0,10.6,7.9,0.0,,1000.5,1.6,2.3,275,Mace Head
2011-12-04,26.6,39.0,270.0,50.0,129.0,8.9,3.5,3.1,,999.8,1.2,1.9,275,Mace Head
2011-12-05,26.5,35.0,270.0,48.0,203.0,7.7,3.8,6.4,,1003.5,1.1,1.6,275,Mace Head
2011-12-06,25.3,41.0,280.0,55.0,130.0,9.9,4.8,7.2,,1002.2,0.9,1.4,275,Mace Head
2011-12-07,28.7,43.0,270.0,54.0,252.0,9.5,5.5,3.8,,1006.0,0.9,1.4,275,Mace Head
2011-12-08,35.9,48.0,260.0,64.0,177.0,11.6,3.9,4.8,,999.3,0.9,1.6,275,Mace Head
2011-12-09,21.2,40.0,280.0,52.0,277.0,7.3,3.7,2.8,,1008.8,0.9,1.2,275,Mace Head
2011-12-10,20.4,28.0,210.0,38.0,110.0,10.0,4.8,2.9,,1007.3,0.7,1.0,275,Mace Head
2011-12-11,21.7,35.0,270.0,47.0,174.0,9.0,4.7,4.5,,998.4,1.0,1.3,275,Mace Head
2011-12-12,27.1,40.0,250.0,54.0,28.0,11.0,5.6,16.8,,985.4,1.4,2.1,275,Mace Head
2011-12-13,40.1,52.0,250.0,66.0,191.0,7.1,3.4,1.4,,976.5,1.7,3.1,275,Mace Head
2011-12-14,17.6,32.0,260.0,44.0,105.0,7.6,3.1,12.6,,984.1,1.2,1.6,275,Mace Head
2011-12-15,19.9,36.0,270.0,48.0,297.0,8.3,1.1,4.6,,991.2,0.7,0.8,275,Mace Head
2011-12-16,22.8,38.0,300.0,50.0,149.0,7.5,2.5,3.8,,996.7,0.9,1.2,275,Mace Head
2011-12-17,17.7,32.0,300.0,42.0,245.0,7.4,3.7,2.8,,1012.8,1.0,1.2,275,Mace Head
2011-12-18,13.5,21.0,300.0,30.0,170.0,8.4,5.4,2.4,,1016.6,0.6,0.7,275,Mace Head
2011-12-19,20.2,27.0,230.0,33.0,188.0,10.3,7.7,11.4,,1010.5,0.5,0.6,275,Mace Head
2011-12-20,17.7,26.0,260.0,31.0,62.0,10.9,7.8,4.0,,1012.7,0.7,1.0,275,Mace Head
2011-12-21,20.3,25.0,270.0,33.0,157.0,11.4,10.1,0.0,,1016.5,0.4,0.6,275,Mace Head
2011-12-22,22.3,29.0,200.0,42.0,151.0,11.8,8.5,4.2,,1014.3,0.5,0.7,275,Mace Head
2011-12-23,22.3,36.0,290.0,44.0,230.0,9.2,5.2,0.6,,1017.4,0.7,1.0,275,Mace Head
2011-12-24,26.8,32.0,220.0,44.0,41.0,10.6,8.4,2.3,,1019.5,1.0,1.6,275,Mace Head
2011-12-25,26.0,31.0,220.0,39.0,84.0,11.7,10.3,0.1,,1015.4,0.5,0.8,275,Mace Head
2011-12-26,26.7,34.0,200.0,45.0,96.0,11.7,7.5,3.6,,1019.7,0.5,0.9,275,Mace Head
2011-12-27,19.0,31.0,180.0,54.0,116.0,10.4,7.1,11.4,,1015.7,0.4,0.5,275,Mace Head
2011-12-28,34.1,44.0,280.0,61.0,191.0,9.2,4.8,1.5,,1016.1,1.3,2.1,275,Mace Head
2011-12-29,29.0,38.0,260.0,50.0,134.0,10.2,7.1,1.8,,1020.2,0.8,1.2,275,Mace Head
2011-12-30,19.3,26.0,230.0,34.0,68.0,10.9,9.0,3.1,,1013.0,0.5,0.7,275,Mace Head
2011-12-31,22.1,31.0,230.0,41.0,82.0,10.9,8.2,2.1,,1000.3,0.6,0.9,275,Mace Head
2012-01-01,27.6,39.0,240.0,50.0,207.0,9.8,3.8,1.5,,993.1,1.1,1.6,275,Mace Head
2012-01-02,28.5,40.0,190.0,51.0,212.0,10.9,3.4,15.3,,989.3,0.7,1.0,275,Mace Head
2012-01-03,37.4,52.0,240.0,71.0,256.0,12.0,3.4,3.7,,994.1,0.0,0.0,275,Mace Head
2012-01-04,33.5,41.0,250.0,52.0,38.0,10.3,7.0,2.9,,1008.2,0.8,1.5,275,Mace Head
2012-01-05,26.4,40.0,290.0,51.0,212.0,10.5,8.1,0.3,,1012.2,0.9,1.3,275,Mace Head
2012-01-06,18.8,27.0,240.0,33.0,112.0,10.4,8.3,0.3,,1020.9,0.5,0.7,275,Mace Head
2012-01-07,18.3,30.0,280.0,38.0,76.0,9.6,8.3,0.1,,1022.5,0.9,1.2,275,Mace Head
2012-01-08,16.8,24.0,230.0,33.0,156.0,10.4,9.2,0.4,,1023.0,0.4,0.5,275,Mace Head
2012-01-09,15.0,27.0,220.0,33.0,227.0,10.2,8.4,1.9,,1023.9,0.7,0.9,275,Mace Head
2012-01-10,17.7,21.0,230.0,26.0,134.0,10.5,8.8,1.6,,1025.4,0.4,0.6,275,Mace Head
2012-01-11,14.0,26.0,240.0,32.0,163.0,10.5,8.0,1.5,,1026.2,0.2,0.3,275,Mace Head
2012-01-12,11.1,26.0,250.0,32.0,217.0,10.5,8.1,0.2,,1027.4,0.4,0.5,275,Mace Head
2012-01-13,7.3,17.0,140.0,23.0,135.0,9.1,7.7,0.7,,1027.9,0.3,0.4,275,Mace Head
2012-01-14,18.1,27.0,120.0,37.0,156.0,8.5,6.2,0.0,,1018.2,0.9,1.2,275,Mace Head
2012-01-15,16.5,27.0,130.0,38.0,97.0,7.8,4.5,0.0,,1012.8,1.0,1.3,275,Mace Head
2012-01-16,15.0,23.0,120.0,30.0,316.0,8.9,4.1,0.0,,1014.9,0.6,0.7,275,Mace Head
2012-01-17,16.2,24.0,200.0,28.0,126.0,10.6,8.1,6.9,,1013.4,0.4,0.6,275,Mace Head
2012-01-18,14.0,24.0,250.0,31.0,197.0,10.6,7.9,1.6,,1016.1,0.5,0.6,275,Mace Head
2012-01-19,25.7,36.0,270.0,45.0,309.0,8.9,6.3,1.7,,1018.5,1.1,1.5,275,Mace Head
2012-01-20,26.2,33.0,260.0,43.0,191.0,10.4,8.2,0.1,,1017.8,0.7,1.1,275,Mace Head
2012-01-21,28.2,34.0,280.0,43.0,233.0,10.2,8.3,0.0,,1014.5,1.2,1.7,275,Mace Head
2012-01-22,21.9,35.0,270.0,45.0,369.0,10.5,7.1,0.3,,1014.8,1.1,1.5,275,Mace Head
2012-01-23,10.2,21.0,220.0,27.0,256.0,10.1,7.0,4.3,,1016.2,0.4,0.5,275,Mace Head
2012-01-24,19.4,27.0,240.0,33.0,121.0,10.5,9.7,3.9,,1009.5,0.4,0.7,275,Mace Head
2012-01-25,24.6,39.0,180.0,53.0,71.0,10.6,3.6,12.2,,998.9,1.1,1.7,275,Mace Head
2012-01-26,23.4,33.0,270.0,44.0,291.0,7.7,3.1,5.4,,1001.9,1.1,1.6,275,Mace Head
2012-01-27,15.7,30.0,290.0,39.0,365.0,8.3,3.9,1.5,,1018.8,1.0,1.3,275,Mace Head
2012-01-28,12.0,18.0,210.0,22.0,146.0,9.4,3.9,11.4,,1026.4,0.6,0.8,275,Mace Head
2012-01-29,8.1,17.0,240.0,19.0,384.0,10.4,8.1,4.5,,1022.0,0.3,0.4,275,Mace Head
2012-01-30,12.3,21.0,110.0,29.0,214.0,9.1,5.7,6.6,,1015.8,0.3,0.4,275,Mace Head
2012-01-31,14.9,20.0,90.0,28.0,153.0,5.8,0.8,0.2,,1020.9,0.4,0.7,275,Mace Head
2012-02-01,11.9,18.0,120.0,24.0,512.0,4.9,0.0,0.0,,1030.4,0.7,0.9,275,Mace Head
2012-02-02,15.2,20.0,140.0,26.0,573.0,5.2,-1.0,0.0,,1032.0,0.7,1.0,275,Mace Head
2012-02-03,16.6,22.0,160.0,30.0,152.0,8.9,3.3,0.3,,1030.1,0.9,1.3,275,Mace Head
2012-02-04,16.5,27.0,210.0,33.0,240.0,9.6,6.4,4.6,,1024.6,0.8,1.1,275,Mace Head
2012-02-05,8.4,16.0,300.0,18.0,188.0,9.2,7.2,1.6,,1027.2,0.6,0.8,275,Mace Head
2012-02-06,6.4,15.0,280.0,17.0,297.0,9.6,8.0,0.2,,1030.6,0.3,0.4,275,Mace Head
2012-02-07,13.3,18.0,140.0,24.0,141.0,9.2,7.4,0.3,,1030.9,0.4,0.7,275,Mace Head
2012-02-08,18.3,22.0,170.0,29.0,100.0,9.4,8.0,11.1,,1029.7,0.6,0.9,275,Mace Head
2012-02-09,11.7,18.0,190.0,24.0,111.0,10.2,8.6,3.3,,1031.1,0.4,0.6,275,Mace Head
2012-02-10,9.1,14.0,200.0,18.0,190.0,10.1,8.1,5.3,,1028.8,0.3,0.5,275,Mace Head
2012-02-11,6.1,11.0,310.0,15.0,516.0,9.9,3.7,0.4,,1029.8,0.4,0.5,275,Mace Head
2012-02-12,5.8,15.0,300.0,18.0,553.0,9.9,4.6,0.2,,1033.8,0.4,0.6,275,Mace Head
2012-02-13,15.6,23.0,320.0,29.0,407.0,9.3,6.5,0.0,,1033.8,0.7,1.0,275,Mace Head
2012-02-14,17.1,27.0,330.0,35.0,227.0,8.9,7.5,0.1,,1033.1,0.9,1.3,275,Mace Head
2012-02-15,15.8,21.0,310.0,27.0,478.0,10.0,7.8,0.0,,1033.4,1.1,1.5,275,Mace Head
2012-02-16,17.4,23.0,250.0,29.0,135.0,9.8,9.0,0.1,,1027.6,1.0,1.4,275,Mace Head
2012-02-17,19.2,27.0,240.0,34.0,237.0,10.1,8.4,0.6,,1015.8,0.5,0.9,275,Mace Head
2012-02-18,22.4,36.0,300.0,46.0,740.0,9.5,3.5,3.7,,1011.5,0.8,1.4,275,Mace Head
2012-02-19,11.9,24.0,220.0,32.0,866.0,8.9,4.3,0.5,,1023.3,1.0,1.4,275,Mace Head
2012-02-20,21.0,25.0,220.0,31.0,175.0,9.8,7.6,3.2,,1021.0,0.8,1.2,275,Mace Head
2012-02-21,21.4,27.0,190.0,35.0,322.0,10.1,9.4,2.3,,1015.0,0.5,0.9,275,Mace Head
2012-02-22,21.8,32.0,190.0,42.0,308.0,11.4,9.9,9.2,,1010.7,0.4,0.7,275,Mace Head
2012-02-23,18.6,23.0,220.0,28.0,289.0,10.8,10.0,0.5,,1017.8,0.4,0.7,275,Mace Head
2012-02-24,9.7,20.0,220.0,24.0,653.0,10.4,6.5,0.9,,1023.7,0.8,1.1,275,Mace Head
2012-02-25,8.9,15.0,270.0,19.0,611.0,10.3,7.2,0.1,,1026.6,1.1,1.4,275,Mace Head
2012-02-26,15.0,21.0,200.0,26.0,246.0,10.0,7.8,1.3,,1022.3,0.4,0.7,275,Mace Head
2012-02-27,15.3,20.0,210.0,24.0,259.0,10.7,9.6,2.0,,1018.7,0.5,0.8,275,Mace Head
2012-02-28,11.0,17.0,220.0,21.0,357.0,10.8,9.1,0.5,,1018.7,0.7,1.0,275,Mace Head
2012-02-29,12.7,19.0,180.0,24.0,174.0,10.5,8.8,0.3,,1015.4,0.7,1.0,275,Mace Head
2012-03-01,11.4,20.0,190.0,26.0,959.0,10.5,5.4,0.1,,1018.3,0.7,1.2,275,Mace Head
2012-03-02,17.9,28.0,130.0,38.0,1024.0,11.1,7.0,0.0,,1011.4,1.1,1.8,275,Mace Head
2012-03-03,20.6,32.0,180.0,43.0,874.0,10.3,3.5,5.2,,1006.3,1.3,2.2,275,Mace Head
2012-03-04,14.9,28.0,290.0,40.0,980.0,8.0,1.2,4.3,,1019.9,1.1,1.7,275,Mace Head
2012-03-05,10.1,21.0,200.0,29.0,1137.0,9.8,5.6,0.1,,1025.4,1.3,1.9,275,Mace Head
2012-03-06,21.3,25.0,200.0,33.0,134.0,10.5,7.3,13.2,,1014.7,1.0,1.5,275,Mace Head
2012-03-07,27.9,38.0,270.0,52.0,764.0,10.5,4.7,2.1,,1014.2,1.1,2.1,275,Mace Head
2012-03-08,20.7,28.0,260.0,36.0,588.0,10.9,7.0,0.0,,1023.5,1.3,2.0,275,Mace Head
2012-03-09,17.6,22.0,220.0,28.0,501.0,11.7,9.8,0.4,,1027.3,0.7,1.2,275,Mace Head
2012-03-10,9.1,15.0,220.0,19.0,680.0,11.0,7.4,0.4,,1034.3,0.6,1.1,275,Mace Head
2012-03-11,7.4,10.0,220.0,14.0,408.0,9.5,8.0,0.5,,1035.8,0.6,0.9,275,Mace Head
2012-03-12,6.7,10.0,200.0,13.0,469.0,10.3,8.3,0.0,,1032.4,1.0,1.4,275,Mace Head
2012-03-13,6.1,11.0,100.0,13.0,314.0,10.3,7.6,0.3,,1029.5,0.8,1.1,275,Mace Head
2012-03-14,12.9,16.0,180.0,21.0,482.0,10.6,7.8,0.0,,1024.2,1.0,1.5,275,Mace Head
2012-03-15,14.3,23.0,190.0,29.0,292.0,10.5,8.3,15.3,,1015.1,0.7,1.1,275,Mace Head
2012-03-16,13.1,25.0,190.0,32.0,784.0,10.6,6.9,3.3,,1007.7,1.0,1.6,275,Mace Head
2012-03-17,9.9,21.0,350.0,26.0,447.0,7.3,3.8,12.7,,1009.2,0.9,1.3,275,Mace Head
2012-03-18,10.2,17.0,300.0,24.0,1449.0,10.4,3.9,0.1,,1019.3,1.6,2.5,275,Mace Head
2012-03-19,18.1,22.0,210.0,28.0,530.0,11.1,7.8,0.0,,1026.2,1.5,2.2,275,Mace Head
2012-03-20,17.5,21.0,200.0,28.0,835.0,11.5,9.6,0.0,,1027.4,1.5,2.3,275,Mace Head
2012-03-21,12.9,19.0,190.0,26.0,490.0,10.8,8.5,0.0,,1027.2,1.3,1.9,275,Mace Head
2012-03-22,14.4,22.0,100.0,29.0,1214.0,15.4,5.0,0.0,,1022.5,2.2,3.2,275,Mace Head
2012-03-23,16.3,22.0,120.0,28.0,934.0,12.2,7.2,0.5,,1017.2,1.5,2.3,275,Mace Head
2012-03-24,16.3,21.0,100.0,27.0,742.0,15.1,8.6,0.0,,1019.1,2.0,2.8,275,Mace Head
2012-03-25,7.6,15.0,130.0,18.0,1412.0,16.7,8.1,0.0,,1025.7,1.9,2.7,275,Mace Head
2012-03-26,11.2,15.0,100.0,19.0,1652.0,18.2,7.7,0.0,,1029.9,2.8,3.8,275,Mace Head
2012-03-27,10.2,15.0,110.0,19.0,1721.0,19.6,8.4,0.0,,1031.6,3.3,4.3,275,Mace Head
2012-03-28,4.8,10.0,270.0,13.0,1757.0,13.9,6.2,0.0,,1032.0,1.9,2.7,275,Mace Head
2012-03-29,6.4,13.0,300.0,17.0,1685.0,16.2,7.0,0.0,,1031.0,2.3,3.2,275,Mace Head
2012-03-30,6.9,13.0,330.0,17.0,904.0,13.4,6.8,0.0,,1027.1,1.4,2.0,275,Mace Head
2012-03-31,7.7,16.0,340.0,21.0,1071.0,13.2,6.3,0.0,,1022.5,1.7,2.3,275,Mace Head
2012-04-01,7.8,13.0,270.0,15.0,1507.0,13.6,4.2,0.1,,1019.1,2.0,2.8,275,Mace Head
2012-04-02,6.5,15.0,270.0,16.0,1020.0,11.4,7.6,0.1,,1011.4,1.5,2.1,275,Mace Head
2012-04-03,15.5,25.0,40.0,32.0,1580.0,9.6,2.3,1.9,,1010.1,1.6,2.9,275,Mace Head
2012-04-04,15.4,24.0,30.0,31.0,1691.0,10.3,3.2,0.0,,1020.2,2.9,4.3,275,Mace Head
2012-04-05,6.9,16.0,340.0,20.0,1318.0,10.9,2.6,0.0,,1022.4,1.8,2.5,275,Mace Head
2012-04-06,12.3,20.0,310.0,24.0,687.0,11.4,6.6,0.1,,1018.0,1.2,1.8,275,Mace Head
2012-04-07,13.5,19.0,330.0,26.0,879.0,13.1,8.9,0.0,,1016.1,1.4,2.2,275,Mace Head
2012-04-08,14.7,22.0,250.0,27.0,420.0,10.3,7.4,1.8,,1008.8,1.0,1.5,275,Mace Head
2012-04-09,20.4,29.0,270.0,40.0,955.0,9.8,5.4,8.2,,990.4,1.2,2.2,275,Mace Head
2012-04-10,14.6,25.0,290.0,32.0,1666.0,10.0,5.3,1.6,,987.6,1.9,3.3,275,Mace Head
2012-04-11,12.0,21.0,300.0,28.0,1837.0,11.6,4.2,1.2,,997.8,2.1,3.4,275,Mace Head
2012-04-12,12.8,21.0,310.0,27.0,1695.0,11.1,6.3,1.3,,1004.3,2.2,3.5,275,Mace Head
2012-04-13,6.7,18.0,0.0,23.0,1499.0,10.8,3.0,0.3,,1005.5,2.0,2.9,275,Mace Head
2012-04-14,8.9,16.0,30.0,24.0,1554.0,11.9,3.3,0.1,,1013.5,2.4,3.5,275,Mace Head
2012-04-15,6.2,11.0,150.0,15.0,1720.0,10.0,2.3,0.0,,1022.4,2.1,3.1,275,Mace Head
2012-04-16,18.3,35.0,280.0,47.0,361.0,10.6,6.3,12.2,,1009.2,1.1,1.7,275,Mace Head
2012-04-17,24.0,36.0,250.0,51.0,912.0,9.3,5.4,8.6,,985.4,1.1,2.3,275,Mace Head
2012-04-18,16.9,28.0,310.0,37.0,2021.0,11.8,6.6,0.5,,983.2,2.4,4.2,275,Mace Head
2012-04-19,14.8,22.0,300.0,27.0,1791.0,11.3,5.8,0.9,,989.9,2.2,3.7,275,Mace Head
2012-04-20,14.6,23.0,310.0,30.0,2011.0,11.7,6.0,0.5,,992.9,2.7,4.3,275,Mace Head
2012-04-21,18.4,27.0,280.0,36.0,2028.0,11.7,6.7,1.7,,997.7,2.5,4.4,275,Mace Head
2012-04-22,14.3,24.0,290.0,30.0,1893.0,11.1,4.7,0.5,,997.8,2.1,3.6,275,Mace Head
2012-04-23,10.4,19.0,320.0,24.0,1901.0,12.9,3.3,0.0,,996.3,2.4,3.7,275,Mace Head
2012-04-24,7.1,20.0,60.0,27.0,2045.0,12.7,5.2,0.2,,994.2,2.5,3.7,275,Mace Head
2012-04-25,18.2,24.0,0.0,34.0,1261.0,10.9,4.9,0.2,,985.6,2.1,3.5,275,Mace Head
2012-04-26,18.4,24.0,340.0,34.0,1623.0,11.0,6.3,0.1,,997.7,2.4,4.1,275,Mace Head
2012-04-27,11.4,17.0,20.0,22.0,1775.0,11.3,2.8,0.0,,1013.9,2.7,4.0,275,Mace Head
2012-04-28,11.6,17.0,30.0,23.0,1839.0,12.8,3.2,0.0,,1020.6,3.0,4.4,275,Mace Head
2012-04-29,15.2,25.0,0.0,33.0,2451.0,12.5,2.9,0.0,,1014.7,3.4,5.4,275,Mace Head
2012-04-30,16.9,28.0,70.0,41.0,1077.0,14.0,6.8,0.6,,1011.2,2.5,3.7,275,Mace Head
2012-05-01,18.8,27.0,60.0,36.0,799.0,16.4,9.0,2.1,,1016.7,2.5,3.6,275,Mace Head
2012-05-02,9.1,16.0,80.0,22.0,2481.0,16.5,7.5,0.0,,1019.9,3.2,4.8,275,Mace Head
2012-05-03,6.2,16.0,340.0,18.0,1329.0,16.7,8.6,0.0,,1012.9,2.3,3.1,275,Mace Head
2012-05-04,12.1,21.0,20.0,26.0,1893.0,14.1,6.0,0.4,,1008.6,2.9,4.3,275,Mace Head
2012-05-05,11.0,18.0,80.0,23.0,1499.0,11.9,4.4,0.0,,1010.7,2.6,3.8,275,Mace Head
2012-05-06,10.9,18.0,110.0,24.0,2010.0,12.9,3.1,0.0,,1008.6,3.0,4.4,275,Mace Head
2012-05-07,12.8,21.0,90.0,30.0,1884.0,12.2,4.7,9.5,,1002.9,2.1,3.6,275,Mace Head
2012-05-08,14.4,24.0,350.0,32.0,2462.0,11.6,4.9,0.2,,1002.7,2.8,4.8,275,Mace Head
2012-05-09,10.7,19.0,60.0,26.0,1477.0,13.7,3.7,2.6,,1001.8,2.6,3.7,275,Mace Head
2012-05-10,11.2,20.0,340.0,27.0,763.0,12.0,6.5,7.4,,1005.4,1.5,2.2,275,Mace Head
2012-05-11,13.8,25.0,320.0,36.0,2498.0,11.8,5.9,1.3,,1025.3,3.1,5.1,275,Mace Head
2012-05-12,13.0,18.0,240.0,21.0,2621.0,12.9,8.6,0.0,,1036.2,3.1,5.2,275,Mace Head
2012-05-13,25.4,33.0,230.0,43.0,882.0,11.4,9.0,3.7,,1023.8,1.9,3.3,275,Mace Head
2012-05-14,23.5,28.0,290.0,37.0,2414.0,11.8,4.8,2.4,,1014.2,2.8,5.5,275,Mace Head
2012-05-15,16.6,28.0,300.0,34.0,2529.0,11.3,6.2,1.1,,1020.8,3.2,5.5,275,Mace Head
2012-05-16,8.6,16.0,190.0,20.0,1058.0,10.4,5.2,0.7,,1021.5,1.8,2.6,275,Mace Head
2012-05-17,5.8,12.0,200.0,15.0,1195.0,11.7,6.1,4.3,,1012.8,1.8,2.6,275,Mace Head
2012-05-18,7.7,18.0,350.0,24.0,1109.0,13.2,6.9,2.4,,1007.8,1.9,2.7,275,Mace Head
2012-05-19,7.8,12.0,40.0,17.0,827.0,12.2,7.1,0.0,,1010.1,1.7,2.3,275,Mace Head
2012-05-20,10.3,16.0,200.0,20.0,1829.0,13.5,9.1,1.0,,1009.1,2.4,3.7,275,Mace Head
2012-05-21,10.4,17.0,130.0,22.0,1214.0,15.0,10.4,0.1,,1006.8,1.8,2.8,275,Mace Head
2012-05-22,11.6,16.0,130.0,21.0,1610.0,17.5,11.8,2.2,,1011.3,2.4,3.7,275,Mace Head
2012-05-23,13.0,24.0,130.0,32.0,1751.0,17.6,11.6,0.2,,1019.6,2.7,4.1,275,Mace Head
2012-05-24,9.1,14.0,120.0,19.0,2337.0,20.6,12.6,0.0,,1023.9,3.9,5.5,275,Mace Head
2012-05-25,13.5,19.0,80.0,24.0,2423.0,26.2,13.4,0.0,,1019.4,4.8,6.7,275,Mace Head
2012-05-26,18.0,25.0,80.0,31.0,2803.0,25.5,13.7,0.0,,1015.0,5.8,8.3,275,Mace Head
2012-05-27,9.5,18.0,170.0,22.0,2587.0,24.9,14.2,0.0,,1014.1,4.9,6.6,275,Mace Head
2012-05-28,11.2,19.0,130.0,23.0,2450.0,20.5,12.2,0.0,,1013.2,4.2,6.0,275,Mace Head
2012-05-29,6.9,14.0,120.0,18.0,2370.0,19.2,11.2,0.2,,1013.0,3.5,5.0,275,Mace Head
2012-05-30,9.9,15.0,140.0,19.0,2226.0,16.0,12.9,2.4,,1013.9,3.0,4.6,275,Mace Head
2012-05-31,7.7,15.0,160.0,20.0,451.0,14.0,12.2,20.6,,1015.5,0.9,1.3,275,Mace Head
2012-06-01,5.6,13.0,80.0,18.0,2424.0,20.2,13.4,0.9,,1015.2,3.5,4.9,275,Mace Head
2012-06-02,11.8,17.0,90.0,22.0,635.0,17.1,11.6,15.4,,1008.2,1.3,2.0,275,Mace Head
2012-06-03,11.0,18.0,60.0,24.0,1034.0,13.8,10.4,11.9,,1007.9,1.7,2.6,275,Mace Head
2012-06-04,9.2,17.0,150.0,22.0,2079.0,16.5,8.6,1.4,,1013.1,3.2,4.7,275,Mace Head
2012-06-05,11.1,17.0,120.0,22.0,1217.0,15.3,9.1,4.4,,1004.1,1.8,2.8,275,Mace Head
2012-06-06,5.8,10.0,240.0,11.0,2485.0,16.2,11.2,0.0,,995.2,3.3,4.7,275,Mace Head
2012-06-07,15.7,30.0,320.0,38.0,566.0,13.5,11.5,18.4,,988.9,1.2,1.9,275,Mace Head
2012-06-08,27.7,37.0,300.0,46.0,1255.0,12.8,10.3,3.1,,996.7,2.0,3.9,275,Mace Head
2012-06-09,11.0,19.0,280.0,24.0,3012.0,14.3,8.8,0.0,,1006.8,3.7,5.9,275,Mace Head
2012-06-10,6.0,10.0,270.0,11.0,2740.0,14.8,6.8,0.0,,1005.7,3.4,5.0,275,Mace Head
2012-06-11,8.3,16.0,290.0,21.0,2681.0,17.0,10.9,0.0,,1005.1,3.8,5.5,275,Mace Head
2012-06-12,13.9,18.0,340.0,23.0,2191.0,15.2,10.3,0.3,,1010.1,3.1,5.0,275,Mace Head
2012-06-13,9.2,15.0,60.0,20.0,2164.0,15.7,10.1,0.0,,1011.6,3.2,4.7,275,Mace Head
2012-06-14,19.0,29.0,80.0,42.0,825.0,14.0,10.3,5.7,,1001.1,2.0,3.1,275,Mace Head
2012-06-15,18.9,28.0,70.0,37.0,970.0,15.8,11.3,7.3,,989.3,1.8,3.0,275,Mace Head
2012-06-16,15.8,24.0,350.0,31.0,1190.0,13.7,9.4,0.5,,1000.5,1.8,3.0,275,Mace Head
2012-06-17,6.2,11.0,310.0,14.0,2656.0,14.4,8.4,0.0,,1012.2,3.6,5.1,275,Mace Head
2012-06-18,9.9,18.0,180.0,24.0,1661.0,14.0,8.4,7.7,,1011.4,2.3,3.6,275,Mace Head
2012-06-19,6.4,15.0,240.0,19.0,2637.0,15.5,10.7,0.7,,1013.1,3.6,5.2,275,Mace Head
2012-06-20,8.8,14.0,150.0,17.0,1363.0,17.1,11.6,0.7,,1009.5,2.6,3.6,275,Mace Head
2012-06-21,8.7,18.0,300.0,22.0,525.0,13.9,10.5,11.6,,1002.2,1.0,1.5,275,Mace Head
2012-06-22,20.7,27.0,270.0,33.0,2380.0,14.7,11.2,0.4,,1005.8,2.6,5.1,275,Mace Head
2012-06-23,16.3,24.0,220.0,33.0,924.0,13.9,11.6,2.3,,1008.8,1.5,2.5,275,Mace Head
2012-06-24,10.8,14.0,270.0,17.0,2857.0,16.1,11.9,0.0,,1011.2,3.4,5.5,275,Mace Head
2012-06-25,8.5,15.0,120.0,20.0,2221.0,19.0,9.2,1.8,,1013.2,3.3,4.8,275,Mace Head
2012-06-26,11.6,16.0,210.0,20.0,1053.0,15.2,13.2,6.4,,1011.1,1.4,2.3,275,Mace Head
2012-06-27,10.7,19.0,200.0,23.0,1053.0,16.7,13.8,7.5,,1006.9,1.4,2.3,275,Mace Head
2012-06-28,9.6,20.0,210.0,24.0,1991.0,16.3,12.4,4.0,,995.4,2.5,4.0,275,Mace Head
2012-06-29,15.0,23.0,210.0,28.0,1643.0,15.5,11.0,1.0,,991.5,1.9,3.5,275,Mace Head
2012-06-30,21.6,28.0,290.0,39.0,1895.0,13.5,9.8,6.2,,1001.8,2.2,4.3,275,Mace Head
2012-07-01,13.0,23.0,290.0,29.0,766.0,14.1,10.8,5.4,,1005.0,1.4,2.2,275,Mace Head
2012-07-02,5.7,13.0,210.0,15.0,1898.0,16.5,13.5,1.4,,1003.3,2.6,3.7,275,Mace Head
2012-07-03,10.2,16.0,250.0,19.0,643.0,16.1,13.1,5.9,,1001.9,1.2,1.8,275,Mace Head
2012-07-04,8.6,14.0,190.0,21.0,1412.0,19.4,12.6,17.1,,1001.9,2.4,3.5,275,Mace Head
2012-07-05,6.1,12.0,90.0,17.0,1891.0,18.9,12.0,0.2,,1006.8,2.9,4.0,275,Mace Head
2012-07-06,7.0,17.0,350.0,20.0,1408.0,20.3,12.6,0.0,,1008.0,2.4,3.4,275,Mace Head
2012-07-07,13.4,20.0,350.0,25.0,1291.0,20.2,13.0,0.0,,1007.6,2.5,3.7,275,Mace Head
2012-07-08,16.1,21.0,340.0,28.0,1586.0,15.7,11.7,0.0,,1010.0,2.5,4.1,275,Mace Head
2012-07-09,14.9,20.0,340.0,27.0,1070.0,15.2,11.1,3.0,,1011.8,2.2,3.3,275,Mace Head
2012-07-10,14.8,23.0,290.0,29.0,1142.0,15.0,10.6,0.7,,1012.3,2.0,3.2,275,Mace Head
2012-07-11,12.4,19.0,290.0,22.0,2343.0,15.1,9.3,0.4,,1011.3,3.0,4.9,275,Mace Head
2012-07-12,11.1,20.0,80.0,26.0,1234.0,15.0,7.9,2.0,,1006.3,1.8,2.8,275,Mace Head
2012-07-13,8.4,20.0,340.0,27.0,1906.0,17.6,10.8,1.1,,1002.4,3.1,4.4,275,Mace Head
2012-07-14,13.2,19.0,300.0,25.0,1614.0,15.4,10.6,0.1,,1007.9,2.8,4.2,275,Mace Head
2012-07-15,12.1,17.0,260.0,23.0,2185.0,16.5,11.7,1.1,,1011.8,3.0,4.7,275,Mace Head
2012-07-16,12.5,20.0,260.0,24.0,1174.0,16.2,13.0,13.0,,1013.1,1.6,2.7,275,Mace Head
2012-07-17,15.1,23.0,290.0,30.0,465.0,15.2,12.9,5.6,,1013.9,0.7,1.3,275,Mace Head
2012-07-18,12.9,19.0,270.0,24.0,1854.0,16.3,12.6,0.6,,1009.7,2.2,3.8,275,Mace Head
2012-07-19,10.9,18.0,290.0,21.0,2201.0,16.5,10.1,0.0,,1012.0,3.0,4.6,275,Mace Head
2012-07-20,7.1,13.0,280.0,15.0,2208.0,17.0,9.8,0.0,,1017.4,3.3,4.6,275,Mace Head
2012-07-21,10.3,18.0,170.0,22.0,1902.0,17.2,9.2,0.0,,1019.3,2.7,4.1,275,Mace Head
2012-07-22,19.9,25.0,200.0,32.0,621.0,16.7,13.8,1.0,,1015.4,1.2,2.0,275,Mace Head
2012-07-23,6.0,15.0,220.0,18.0,709.0,15.3,13.6,8.6,,1012.9,1.1,1.6,275,Mace Head
2012-07-24,4.3,13.0,310.0,16.0,724.0,15.5,12.0,7.9,,1015.5,1.3,1.7,275,Mace Head
2012-07-25,6.4,14.0,290.0,17.0,2385.0,18.3,9.7,0.2,,1018.2,3.1,4.5,275,Mace Head
2012-07-26,9.3,16.0,280.0,19.0,2348.0,16.7,11.5,1.0,,1017.4,3.0,4.6,275,Mace Head
2012-07-27,16.5,22.0,310.0,28.0,2269.0,16.3,12.2,0.0,,1014.7,3.0,5.1,275,Mace Head
2012-07-28,17.2,24.0,280.0,33.0,2223.0,15.6,10.9,2.6,,1011.1,3.0,5.1,275,Mace Head
2012-07-29,13.6,22.0,290.0,27.0,1926.0,15.2,10.2,0.8,,1010.5,2.8,4.4,275,Mace Head
2012-07-30,6.9,17.0,280.0,23.0,2459.0,17.0,10.9,0.8,,1009.9,3.4,4.8,275,Mace Head
2012-07-31,14.7,26.0,170.0,35.0,392.0,15.6,12.8,26.1,,1000.4,1.0,1.5,275,Mace Head
2012-08-01,19.0,30.0,260.0,38.0,1841.0,16.6,13.7,6.5,,992.4,2.3,4.2,275,Mace Head
2012-08-02,21.0,27.0,170.0,34.0,931.0,16.5,12.9,5.1,,997.9,1.9,3.1,275,Mace Head
2012-08-03,11.7,16.0,140.0,22.0,1300.0,18.0,13.2,4.9,,998.7,2.2,3.2,275,Mace Head
2012-08-04,11.8,21.0,40.0,30.0,1666.0,21.0,12.8,0.6,,1002.7,2.9,4.2,275,Mace Head
2012-08-05,13.3,19.0,350.0,25.0,1078.0,14.9,12.0,0.0,,1006.1,1.9,2.9,275,Mace Head
2012-08-06,8.6,18.0,280.0,22.0,974.0,15.3,11.7,0.7,,1008.7,1.5,2.3,275,Mace Head
2012-08-07,7.8,12.0,180.0,15.0,2459.0,19.9,12.5,0.0,,1014.5,3.3,4.9,275,Mace Head
2012-08-08,4.2,8.0,260.0,10.0,2359.0,19.6,13.9,0.1,,1020.3,3.2,4.4,275,Mace Head
2012-08-09,4.0,8.0,280.0,11.0,1825.0,19.5,14.2,0.0,,1023.7,2.6,3.6,275,Mace Head
2012-08-10,10.2,16.0,100.0,21.0,2318.0,25.2,15.8,0.0,,1020.6,4.1,5.7,275,Mace Head
2012-08-11,14.6,20.0,90.0,28.0,1085.0,20.9,16.4,0.1,,1011.8,2.6,3.6,275,Mace Head
2012-08-12,10.4,22.0,100.0,32.0,1817.0,20.0,15.1,3.0,,1001.6,2.7,4.0,275,Mace Head
2012-08-13,14.6,21.0,120.0,30.0,1687.0,18.4,14.8,1.7,,997.4,2.4,3.8,275,Mace Head
2012-08-14,9.7,17.0,190.0,21.0,2041.0,19.7,14.9,3.3,,1000.9,3.2,4.5,275,Mace Head
2012-08-15,21.6,28.0,210.0,41.0,734.0,19.0,13.8,14.8,,989.5,1.6,2.6,275,Mace Head
2012-08-16,19.2,33.0,190.0,40.0,2045.0,18.9,13.5,6.1,,992.4,2.7,4.6,275,Mace Head
2012-08-17,7.5,18.0,200.0,22.0,1842.0,21.2,13.5,1.1,,1000.1,2.8,3.9,275,Mace Head
2012-08-18,14.3,18.0,200.0,22.0,1967.0,19.8,15.1,0.0,,1005.3,2.8,4.4,275,Mace Head
2012-08-19,14.6,20.0,160.0,25.0,1401.0,19.1,15.4,1.3,,1008.7,2.1,3.3,275,Mace Head
2012-08-20,15.2,19.0,170.0,24.0,1232.0,18.0,15.4,0.4,,1011.2,1.8,2.9,275,Mace Head
2012-08-21,17.1,23.0,250.0,28.0,1962.0,17.7,12.3,6.0,,1010.7,2.2,3.9,275,Mace Head
2012-08-22,18.2,24.0,270.0,31.0,1661.0,17.2,13.7,5.6,,1011.8,2.4,3.9,275,Mace Head
2012-08-23,14.2,20.0,200.0,26.0,1061.0,16.5,13.4,3.1,,1005.9,1.7,2.7,275,Mace Head
2012-08-24,14.2,21.0,80.0,30.0,512.0,15.7,12.6,18.8,,997.5,1.1,1.7,275,Mace Head
2012-08-25,13.2,19.0,300.0,24.0,1958.0,17.1,13.2,0.0,,1005.0,2.8,4.3,275,Mace Head
2012-08-26,13.5,26.0,130.0,34.0,886.0,16.4,11.8,5.2,,1004.8,1.6,2.4,275,Mace Head
2012-08-27,19.4,25.0,150.0,32.0,1608.0,17.4,14.3,4.3,,998.1,2.4,3.9,275,Mace Head
2012-08-28,21.0,34.0,150.0,48.0,1247.0,17.1,13.3,7.9,,999.6,2.4,3.8,275,Mace Head
2012-08-29,22.0,30.0,320.0,37.0,1489.0,17.0,12.7,3.3,,1002.4,2.1,3.7,275,Mace Head
2012-08-30,12.7,21.0,330.0,30.0,1693.0,16.7,11.6,0.0,,1020.1,2.9,4.2,275,Mace Head
2012-08-31,15.3,20.0,240.0,24.0,620.0,16.2,13.0,1.5,,1026.2,1.6,2.3,275,Mace Head
2012-09-01,19.3,29.0,210.0,35.0,632.0,16.9,14.8,1.5,,1019.9,1.5,2.3,275,Mace Head
2012-09-02,9.1,13.0,310.0,17.0,857.0,16.6,13.4,0.1,,1021.5,1.5,2.2,275,Mace Head
2012-09-03,15.4,23.0,200.0,30.0,556.0,16.6,13.8,1.2,,1021.6,1.1,1.7,275,Mace Head
2012-09-04,12.4,17.0,300.0,21.0,1822.0,17.1,12.4,0.0,,1024.4,2.3,3.6,275,Mace Head
2012-09-05,5.7,11.0,310.0,13.0,1626.0,16.7,10.4,0.0,,1028.2,2.2,3.0,275,Mace Head
2012-09-06,16.3,23.0,220.0,29.0,722.0,16.1,13.0,0.0,,1024.1,1.4,2.2,275,Mace Head
2012-09-07,8.2,15.0,220.0,19.0,670.0,16.5,14.3,0.9,,1020.9,1.0,1.5,275,Mace Head
2012-09-08,10.7,19.0,210.0,22.0,1063.0,16.3,13.0,0.6,,1012.8,1.6,2.4,275,Mace Head
2012-09-09,15.6,21.0,170.0,26.0,871.0,17.0,13.3,3.3,,1001.4,1.4,2.2,275,Mace Head
2012-09-10,11.0,25.0,290.0,32.0,561.0,14.9,10.6,5.2,,1003.7,1.3,1.8,275,Mace Head
2012-09-11,20.4,30.0,290.0,48.0,1119.0,13.7,9.3,1.4,,1010.6,1.9,3.1,275,Mace Head
2012-09-12,15.6,22.0,290.0,27.0,1457.0,15.8,11.8,0.1,,1014.3,2.0,3.2,275,Mace Head
2012-09-13,21.2,29.0,250.0,37.0,530.0,16.4,13.1,0.7,,1013.8,1.4,2.2,275,Mace Head
2012-09-14,20.0,32.0,270.0,39.0,1594.0,16.1,12.7,0.0,,1012.8,2.3,3.7,275,Mace Head
2012-09-15,15.6,21.0,230.0,27.0,672.0,15.4,12.9,0.0,,1011.8,1.6,2.3,275,Mace Head
2012-09-16,19.5,32.0,250.0,39.0,1101.0,15.1,11.8,5.7,,1005.9,1.5,2.6,275,Mace Head
2012-09-17,22.6,29.0,250.0,37.0,1172.0,14.9,10.8,2.1,,1006.4,2.3,3.6,275,Mace Head
2012-09-18,,23.0,300.0,30.0,1459.0,14.2,9.9,0.5,,1014.5,2.2,3.1,275,Mace Head
2012-09-19,,,,,799.0,14.7,10.1,3.2,,1018.2,1.1,1.5,275,Mace Head
2012-09-20,,16.0,230.0,19.0,814.0,15.8,11.9,2.2,,1014.0,1.2,1.6,275,Mace Head
2012-09-21,9.0,17.0,60.0,21.0,1382.0,15.3,7.2,4.4,,1015.9,1.6,2.3,275,Mace Head
2012-09-22,9.8,17.0,150.0,22.0,1168.0,14.9,6.5,0.0,,1014.4,1.6,2.4,275,Mace Head
2012-09-23,9.6,17.0,140.0,22.0,983.0,15.6,8.7,2.1,,1003.9,1.4,2.0,275,Mace Head
2012-09-24,7.9,16.0,320.0,22.0,500.0,11.5,9.0,7.5,,992.6,0.8,1.2,275,Mace Head
2012-09-25,18.3,32.0,340.0,41.0,216.0,12.1,9.1,3.0,,989.8,1.0,1.4,275,Mace Head
2012-09-26,21.0,31.0,340.0,40.0,648.0,13.5,10.4,0.0,,999.8,1.7,2.5,275,Mace Head
2012-09-27,14.3,23.0,210.0,29.0,746.0,14.3,10.4,1.6,,1006.3,1.4,2.0,275,Mace Head
2012-09-28,20.7,26.0,260.0,36.0,1011.0,13.9,9.8,2.2,,1009.5,1.5,2.4,275,Mace Head
2012-09-29,20.1,31.0,210.0,39.0,725.0,15.0,10.7,2.8,,1012.9,1.4,2.1,275,Mace Head
2012-09-30,21.4,28.0,210.0,34.0,1041.0,15.0,10.4,9.4,,1006.2,1.0,1.9,275,Mace Head
2012-10-01,21.5,30.0,250.0,40.0,840.0,13.5,10.3,4.2,,1002.2,1.6,2.4,275,Mace Head
2012-10-02,21.1,30.0,260.0,37.0,525.0,13.1,9.0,12.3,,996.6,1.3,2.0,275,Mace Head
2012-10-03,18.8,32.0,260.0,44.0,841.0,12.8,8.1,7.2,,998.1,1.3,2.1,275,Mace Head
2012-10-04,16.8,30.0,210.0,39.0,685.0,13.3,8.9,2.7,,999.9,1.6,2.2,275,Mace Head
2012-10-05,11.2,20.0,270.0,25.0,1165.0,13.8,6.7,0.2,,1003.5,1.4,2.0,275,Mace Head
2012-10-06,5.9,15.0,290.0,19.0,1246.0,14.0,6.6,0.0,,1013.2,1.2,1.7,275,Mace Head
2012-10-07,11.5,18.0,80.0,23.0,694.0,11.9,5.3,0.1,,1015.9,0.9,1.4,275,Mace Head
2012-10-08,15.4,21.0,60.0,27.0,713.0,13.9,8.0,0.1,,1012.3,1.5,2.1,275,Mace Head
2012-10-09,11.0,16.0,70.0,23.0,982.0,13.3,6.4,0.0,,1013.0,1.3,1.8,275,Mace Head
2012-10-10,11.7,15.0,110.0,20.0,630.0,14.3,9.9,2.1,,1005.2,0.9,1.3,275,Mace Head
2012-10-11,16.1,24.0,310.0,32.0,977.0,13.4,8.0,9.5,,1001.0,0.9,1.5,275,Mace Head
2012-10-12,12.4,23.0,280.0,29.0,790.0,11.9,7.4,4.8,,1002.9,1.3,1.8,275,Mace Head
2012-10-13,9.6,22.0,310.0,29.0,1055.0,12.3,5.9,1.0,,1002.8,1.1,1.6,275,Mace Head
2012-10-14,10.9,22.0,280.0,26.0,632.0,12.6,6.4,2.9,,1002.3,0.7,1.1,275,Mace Head
2012-10-15,13.7,35.0,240.0,44.0,288.0,11.6,4.4,3.3,,991.5,0.7,1.0,275,Mace Head
2012-10-16,16.1,35.0,280.0,51.0,890.0,13.0,7.1,2.3,,990.7,1.4,2.0,275,Mace Head
2012-10-17,16.4,26.0,70.0,34.0,637.0,12.1,7.3,2.2,,982.0,1.0,1.5,275,Mace Head
2012-10-18,14.9,22.0,340.0,27.0,480.0,12.8,9.5,4.3,,991.7,0.8,1.2,275,Mace Head
2012-10-19,7.4,18.0,340.0,22.0,699.0,12.5,8.4,0.0,,1004.1,1.0,1.3,275,Mace Head
2012-10-20,10.6,15.0,140.0,21.0,593.0,14.3,7.9,0.0,,1007.5,1.1,1.4,275,Mace Head
2012-10-21,14.8,23.0,130.0,29.0,900.0,15.0,10.3,0.0,,1012.1,1.2,1.6,275,Mace Head
2012-10-22,11.3,16.0,100.0,20.0,643.0,13.8,8.2,0.0,,1018.2,0.8,1.2,275,Mace Head
2012-10-23,8.7,14.0,50.0,19.0,217.0,13.4,9.8,0.0,,1023.4,0.6,0.8,275,Mace Head
2012-10-24,12.5,19.0,50.0,26.0,349.0,13.6,9.5,0.0,,1020.7,0.9,1.2,275,Mace Head
2012-10-25,15.4,22.0,50.0,27.0,559.0,13.1,9.1,0.0,,1016.4,1.3,1.7,275,Mace Head
2012-10-26,13.2,22.0,30.0,29.0,773.0,9.3,2.7,0.0,,1020.0,1.1,1.4,275,Mace Head
2012-10-27,10.9,23.0,280.0,28.0,690.0,10.3,2.3,0.0,,1023.8,0.9,1.2,275,Mace Head
2012-10-28,21.2,30.0,260.0,40.0,133.0,10.8,7.3,3.4,,1010.8,0.7,1.1,275,Mace Head
2012-10-29,10.0,18.0,340.0,22.0,484.0,11.6,6.3,0.0,,1007.4,0.8,1.1,275,Mace Head
2012-10-30,20.0,29.0,230.0,37.0,357.0,10.5,8.1,0.5,,996.7,1.0,1.5,275,Mace Head
2012-10-31,10.6,29.0,300.0,41.0,525.0,10.6,4.4,11.4,,978.8,0.6,0.8,275,Mace Head
2012-11-01,18.6,32.0,290.0,42.0,265.0,8.9,2.5,2.9,,976.9,0.8,1.2,275,Mace Head
2012-11-02,21.4,32.0,240.0,42.0,614.0,9.6,4.6,1.3,,983.2,1.3,1.8,275,Mace Head
2012-11-03,25.8,34.0,240.0,47.0,430.0,9.0,4.4,5.9,,983.5,1.2,1.9,275,Mace Head
2012-11-04,11.2,19.0,330.0,25.0,483.0,9.8,4.6,0.6,,989.5,0.6,0.8,275,Mace Head
2012-11-05,8.1,18.0,310.0,24.0,533.0,10.8,3.8,0.0,,1009.9,0.6,0.8,275,Mace Head
2012-11-06,17.8,24.0,290.0,28.0,263.0,10.7,8.8,0.0,,1021.4,0.9,1.2,275,Mace Head
2012-11-07,21.0,25.0,230.0,32.0,248.0,11.5,9.3,0.7,,1019.9,0.8,1.1,275,Mace Head
2012-11-08,16.6,29.0,220.0,36.0,433.0,11.6,8.5,5.2,,1011.2,0.6,0.9,275,Mace Head
2012-11-09,20.3,29.0,200.0,40.0,477.0,10.6,7.0,3.7,,998.6,0.5,0.8,275,Mace Head
2012-11-10,19.8,27.0,280.0,37.0,394.0,9.4,6.3,5.3,,996.7,0.8,1.1,275,Mace Head
2012-11-11,13.8,21.0,140.0,28.0,322.0,11.0,7.0,8.4,,1007.5,0.8,1.1,275,Mace Head
2012-11-12,17.5,24.0,210.0,29.0,150.0,11.8,10.9,3.8,,1008.0,0.2,0.4,275,Mace Head
2012-11-13,15.9,29.0,190.0,39.0,124.0,12.3,10.4,16.2,,1010.7,0.3,0.5,275,Mace Head
2012-11-14,6.2,13.0,180.0,16.0,134.0,10.6,8.3,8.1,,1018.0,0.3,0.4,275,Mace Head
2012-11-15,11.0,16.0,270.0,20.0,427.0,10.7,8.6,4.7,,1016.8,0.5,0.6,275,Mace Head
2012-11-16,12.1,18.0,200.0,22.0,131.0,9.4,7.2,1.2,,1009.5,0.6,0.8,275,Mace Head
2012-11-17,17.8,28.0,280.0,35.0,409.0,8.9,5.3,2.9,,1006.2,1.0,1.3,275,Mace Head
2012-11-18,19.0,32.0,190.0,41.0,71.0,11.6,6.0,17.8,,998.3,0.9,1.2,275,Mace Head
2012-11-19,20.9,31.0,210.0,41.0,214.0,11.7,9.6,10.0,,989.5,0.3,0.5,275,Mace Head
2012-11-20,21.4,36.0,190.0,46.0,227.0,11.2,7.2,7.1,,991.7,1.0,1.4,275,Mace Head
2012-11-21,21.2,32.0,210.0,46.0,203.0,11.2,7.2,4.7,,995.0,0.9,1.2,275,Mace Head
2012-11-22,23.7,30.0,220.0,42.0,220.0,10.1,7.2,2.5,,991.1,0.9,1.3,275,Mace Head
2012-11-23,18.4,31.0,220.0,39.0,339.0,9.1,5.5,3.0,,1003.2,1.2,1.4,275,Mace Head
2012-11-24,6.7,13.0,260.0,15.0,293.0,8.2,0.7,0.0,,1005.2,0.3,0.4,275,Mace Head
2012-11-25,7.8,17.0,330.0,22.0,158.0,7.9,1.7,8.5,,999.9,0.4,0.5,275,Mace Head
2012-11-26,19.7,32.0,340.0,45.0,405.0,8.9,5.7,0.6,,1009.0,0.6,0.8,275,Mace Head
2012-11-27,12.7,22.0,340.0,29.0,446.0,7.9,3.6,0.3,,1017.7,0.6,0.6,275,Mace Head
2012-11-28,5.5,13.0,340.0,17.0,423.0,7.8,2.1,0.0,,1020.5,0.2,0.2,275,Mace Head
2012-11-29,8.2,17.0,130.0,22.0,77.0,7.9,1.8,3.9,,1013.8,0.4,0.6,275,Mace Head
2012-11-30,11.1,23.0,270.0,31.0,268.0,8.7,4.1,4.4,,1010.1,0.2,0.3,275,Mace Head
2012-12-01,6.5,14.0,290.0,20.0,251.0,8.2,5.3,0.9,,1016.8,0.4,0.5,275,Mace Head
2012-12-02,12.4,20.0,240.0,25.0,70.0,10.4,5.3,12.3,,1010.4,0.3,0.5,275,Mace Head
2012-12-03,22.0,31.0,250.0,40.0,200.0,9.7,5.1,3.6,,1004.9,0.6,0.8,275,Mace Head
2012-12-04,22.4,36.0,270.0,48.0,187.0,8.7,5.0,5.6,,1004.1,0.9,1.2,275,Mace Head
2012-12-05,8.0,20.0,340.0,26.0,332.0,7.3,2.8,0.0,,1011.7,0.4,0.4,275,Mace Head
2012-12-06,27.4,37.0,270.0,54.0,39.0,8.9,5.1,5.6,,1005.8,0.8,1.3,275,Mace Head
2012-12-07,14.5,30.0,320.0,40.0,331.0,9.2,4.2,0.5,,1012.5,0.6,0.7,275,Mace Head
2012-12-08,12.5,21.0,250.0,25.0,196.0,8.9,4.0,0.2,,1024.3,0.3,0.3,275,Mace Head
2012-12-09,10.9,22.0,260.0,26.0,81.0,9.4,2.7,0.3,,1022.1,0.3,0.5,275,Mace Head
2012-12-10,11.2,15.0,90.0,20.0,250.0,4.4,1.5,0.0,,1023.7,0.3,0.3,275,Mace Head
2012-12-11,16.4,21.0,120.0,29.0,237.0,6.8,2.6,0.1,,1020.2,0.4,0.5,275,Mace Head
2012-12-12,15.0,19.0,110.0,25.0,59.0,7.6,5.7,9.1,,1008.0,0.5,0.7,275,Mace Head
2012-12-13,18.2,23.0,110.0,32.0,203.0,7.5,2.5,0.2,,989.9,0.3,0.4,275,Mace Head
2012-12-14,14.7,27.0,120.0,40.0,184.0,9.2,7.0,7.1,,974.3,0.3,0.4,275,Mace Head
2012-12-15,16.4,19.0,220.0,25.0,249.0,9.9,7.6,0.7,,979.7,0.5,0.5,275,Mace Head
2012-12-16,18.8,31.0,260.0,39.0,154.0,9.2,7.0,11.1,,985.8,0.6,0.8,275,Mace Head
2012-12-17,18.6,35.0,250.0,44.0,196.0,9.2,7.1,3.5,,998.7,0.5,0.7,275,Mace Head
2012-12-18,12.7,26.0,110.0,36.0,182.0,8.6,4.8,0.3,,1005.8,0.1,0.2,275,Mace Head
2012-12-19,15.4,33.0,120.0,45.0,174.0,10.2,8.0,6.7,,997.4,0.4,0.5,275,Mace Head
2012-12-20,7.3,13.0,100.0,17.0,150.0,8.4,5.4,0.5,,997.3,0.1,0.2,275,Mace Head
2012-12-21,12.2,23.0,110.0,31.0,126.0,9.2,6.3,2.9,,999.1,0.1,0.2,275,Mace Head
2012-12-22,20.0,38.0,190.0,49.0,37.0,11.1,8.5,11.4,,985.1,0.3,0.5,275,Mace Head
2012-12-23,21.8,55.0,250.0,71.0,224.0,10.3,7.6,1.0,,986.7,0.7,0.9,275,Mace Head
2012-12-24,13.8,25.0,170.0,30.0,175.0,9.6,7.0,6.0,,988.4,0.5,0.6,275,Mace Head
2012-12-25,14.5,28.0,250.0,36.0,162.0,8.5,5.9,3.2,,990.8,0.5,0.7,275,Mace Head
2012-12-26,22.1,41.0,250.0,60.0,191.0,9.6,7.1,8.5,,993.9,0.8,1.1,275,Mace Head
2012-12-27,14.0,26.0,260.0,34.0,190.0,8.9,5.5,10.4,,999.4,0.4,0.4,275,Mace Head
2012-12-28,30.8,45.0,200.0,58.0,54.0,11.8,8.7,1.5,,993.0,0.9,1.5,275,Mace Head
2012-12-29,25.7,39.0,270.0,59.0,121.0,9.7,2.8,3.3,,989.8,1.0,1.6,275,Mace Head
2012-12-30,29.9,39.0,260.0,60.0,48.0,10.6,3.0,9.0,,994.2,0.4,0.7,275,Mace Head
2012-12-31,23.3,33.0,200.0,45.0,236.0,10.6,4.6,1.9,,992.2,0.6,0.7,275,Mace Head
2013-01-01,18.9,30.0,290.0,42.0,253.0,8.8,4.0,3.0,,1006.6,0.3,0.4,275,Mace Head
2013-01-02,15.1,20.0,230.0,25.0,95.0,10.2,8.8,0.6,,1018.6,0.2,0.3,275,Mace Head
2013-01-03,16.2,23.0,200.0,28.0,122.0,10.1,9.5,1.7,,1026.6,0.2,0.3,275,Mace Head
2013-01-04,10.7,18.0,160.0,24.0,56.0,10.4,9.1,0.3,,1027.8,0.4,0.5,275,Mace Head
2013-01-05,14.7,24.0,170.0,31.0,89.0,11.0,7.1,10.6,,1023.9,0.2,0.4,275,Mace Head
2013-01-06,15.2,20.0,170.0,28.0,38.0,10.2,7.4,18.7,,1021.0,0.2,0.4,275,Mace Head
2013-01-07,14.9,20.0,150.0,27.0,45.0,10.7,9.4,33.3,,1012.5,0.2,0.4,275,Mace Head
2013-01-08,11.4,28.0,200.0,34.0,358.0,10.7,7.2,0.5,,1015.5,0.0,0.0,275,Mace Head
2013-01-09,10.7,16.0,110.0,21.0,362.0,7.9,4.6,0.4,,1016.5,0.0,0.0,275,Mace Head
2013-01-10,18.8,31.0,250.0,40.0,274.0,9.4,5.1,0.7,,1009.5,0.5,0.7,275,Mace Head
2013-01-11,13.2,20.0,120.0,26.0,157.0,8.9,5.9,1.9,,1007.5,0.4,0.5,275,Mace Head
2013-01-12,11.3,20.0,60.0,26.0,273.0,7.9,1.8,0.2,,1009.4,0.2,0.3,275,Mace Head
2013-01-13,10.0,22.0,280.0,28.0,235.0,8.6,1.9,1.4,,1018.4,0.4,0.5,275,Mace Head
2013-01-14,17.5,28.0,270.0,40.0,196.0,8.8,5.7,0.8,,1015.2,0.7,0.9,275,Mace Head
2013-01-15,9.9,19.0,110.0,26.0,128.0,7.1,2.6,3.8,,1007.5,0.4,0.6,275,Mace Head
2013-01-16,7.2,15.0,100.0,21.0,141.0,8.4,3.9,3.0,,1004.7,0.2,0.3,275,Mace Head
2013-01-17,14.1,27.0,130.0,36.0,155.0,9.1,5.7,15.6,,997.8,0.3,0.4,275,Mace Head
2013-01-18,12.5,26.0,180.0,35.0,278.0,9.4,5.0,7.9,,987.6,0.4,0.5,275,Mace Head
2013-01-19,9.9,16.0,280.0,20.0,350.0,7.8,2.7,1.4,,993.1,0.6,0.7,275,Mace Head
2013-01-20,16.2,22.0,110.0,29.0,232.0,3.4,0.2,0.3,,993.4,0.4,0.5,275,Mace Head
2013-01-21,10.1,18.0,120.0,24.0,283.0,3.7,-1.3,4.0,,991.0,0.2,0.3,275,Mace Head
2013-01-22,6.2,17.0,270.0,21.0,281.0,5.4,-1.4,5.4,,997.0,0.3,0.4,275,Mace Head
2013-01-23,12.4,18.0,110.0,24.0,109.0,4.7,1.6,0.0,,1003.5,0.4,0.6,275,Mace Head
2013-01-24,14.7,20.0,140.0,25.0,103.0,6.9,0.4,1.9,,1007.8,0.4,0.6,275,Mace Head
2013-01-25,19.0,27.0,270.0,35.0,107.0,9.1,6.3,7.1,,998.3,0.7,1.0,275,Mace Head
2013-01-26,18.8,31.0,170.0,41.0,50.0,10.3,5.4,19.0,,991.1,0.5,0.8,275,Mace Head
2013-01-27,29.7,47.0,250.0,60.0,133.0,7.6,3.9,7.4,,985.5,0.8,1.4,275,Mace Head
2013-01-28,31.8,49.0,230.0,62.0,265.0,10.8,5.4,8.2,,986.6,1.2,1.9,275,Mace Head
2013-01-29,20.9,38.0,200.0,56.0,178.0,10.9,6.8,4.2,,986.6,0.6,0.9,275,Mace Head
2013-01-30,27.9,49.0,250.0,69.0,405.0,9.1,6.3,6.6,,997.8,1.0,1.5,275,Mace Head
2013-01-31,31.3,47.0,230.0,67.0,449.0,9.7,5.2,2.8,,998.0,1.1,1.8,275,Mace Head
2013-02-01,21.2,29.0,300.0,39.0,477.0,8.4,5.5,1.1,,1005.7,0.9,1.3,275,Mace Head
2013-02-02,9.9,25.0,210.0,32.0,553.0,8.9,4.2,2.3,,1018.2,0.4,0.6,275,Mace Head
2013-02-03,19.4,30.0,260.0,38.0,187.0,9.8,8.6,0.5,,1014.0,0.3,0.6,275,Mace Head
2013-02-04,34.2,46.0,280.0,68.0,426.0,8.9,1.8,1.4,,1008.4,0.8,1.6,275,Mace Head
2013-02-05,30.8,45.0,290.0,60.0,304.0,8.6,1.8,3.7,,1005.5,0.8,1.4,275,Mace Head
2013-02-06,12.7,29.0,330.0,42.0,608.0,7.7,3.4,1.3,,1018.7,0.7,1.0,275,Mace Head
2013-02-07,17.7,34.0,310.0,41.0,516.0,9.3,4.3,4.7,,1021.0,0.6,0.9,275,Mace Head
2013-02-08,11.1,19.0,340.0,25.0,560.0,9.4,6.7,0.0,,1023.3,0.7,0.9,275,Mace Head
2013-02-09,12.2,20.0,210.0,24.0,174.0,9.2,8.2,5.9,,1010.3,0.4,0.6,275,Mace Head
2013-02-10,17.0,27.0,320.0,37.0,314.0,8.6,5.3,2.7,,994.4,0.6,1.0,275,Mace Head
2013-02-11,16.8,40.0,300.0,50.0,232.0,7.8,5.1,5.7,,998.4,0.5,0.8,275,Mace Head
2013-02-12,10.9,18.0,300.0,24.0,166.0,7.6,5.0,7.1,,1008.7,0.6,0.8,275,Mace Head
2013-02-13,18.2,28.0,210.0,34.0,146.0,10.2,5.8,3.5,,1004.3,0.3,0.6,275,Mace Head
2013-02-14,17.6,28.0,260.0,36.0,759.0,9.4,7.1,0.8,,1009.5,0.8,1.3,275,Mace Head
2013-02-15,9.6,13.0,130.0,17.0,325.0,8.8,6.6,3.6,,1015.0,0.5,0.8,275,Mace Head
2013-02-16,15.7,24.0,130.0,33.0,478.0,11.0,7.8,0.1,,1010.5,0.8,1.2,275,Mace Head
2013-02-17,22.4,28.0,110.0,37.0,268.0,9.8,7.0,0.1,,1006.2,1.1,1.7,275,Mace Head
2013-02-18,16.4,23.0,120.0,32.0,607.0,9.6,3.9,0.0,,1009.2,0.9,1.4,275,Mace Head
2013-02-19,13.6,20.0,120.0,25.0,587.0,10.3,5.2,0.0,,1012.1,0.9,1.3,275,Mace Head
2013-02-20,17.9,26.0,110.0,35.0,750.0,9.6,3.1,0.0,,1011.5,1.0,1.5,275,Mace Head
2013-02-21,22.7,29.0,110.0,39.0,310.0,6.2,2.6,0.0,,1013.0,1.2,1.9,275,Mace Head
2013-02-22,14.0,22.0,110.0,29.0,379.0,3.2,0.7,0.0,,1018.4,1.1,1.6,275,Mace Head
2013-02-23,6.9,13.0,90.0,17.0,316.0,3.6,0.6,0.0,,1023.2,1.0,1.2,275,Mace Head
2013-02-24,10.5,14.0,100.0,18.0,1018.0,6.6,-1.3,0.0,,1026.1,1.0,1.5,275,Mace Head
2013-02-25,9.7,15.0,110.0,20.0,1062.0,7.7,-0.5,0.0,,1029.9,1.2,1.7,275,Mace Head
2013-02-26,8.4,14.0,80.0,19.0,908.0,7.5,0.3,0.0,,1033.4,0.8,1.2,275,Mace Head
2013-02-27,6.0,10.0,110.0,13.0,558.0,7.5,2.2,0.0,,1034.9,0.7,1.0,275,Mace Head
2013-02-28,7.4,15.0,90.0,18.0,995.0,7.2,1.6,0.0,,1032.4,0.7,1.1,275,Mace Head
2013-03-01,5.5,14.0,60.0,19.0,429.0,9.2,5.0,0.0,,1030.0,0.7,0.9,275,Mace Head
2013-03-02,5.7,10.0,110.0,13.0,749.0,8.2,3.2,0.0,,1026.3,0.9,1.3,275,Mace Head
2013-03-03,8.7,15.0,150.0,20.0,495.0,7.8,3.9,0.0,,1018.2,1.1,1.5,275,Mace Head
2013-03-04,10.9,16.0,110.0,21.0,153.0,6.0,3.2,0.4,,1007.6,0.7,0.9,275,Mace Head
2013-03-05,12.4,19.0,80.0,26.0,576.0,9.6,2.6,3.8,,998.5,0.9,1.3,275,Mace Head
2013-03-06,17.1,20.0,90.0,29.0,349.0,10.2,5.5,1.4,,992.8,0.8,1.2,275,Mace Head
2013-03-07,17.4,24.0,90.0,30.0,250.0,10.0,7.8,4.2,,987.5,0.5,0.9,275,Mace Head
2013-03-08,14.7,21.0,90.0,28.0,626.0,11.4,7.3,5.7,,987.4,0.7,1.2,275,Mace Head
2013-03-09,19.8,26.0,70.0,36.0,1101.0,13.9,5.2,0.1,,994.6,1.6,2.6,275,Mace Head
2013-03-10,23.6,30.0,60.0,41.0,331.0,5.3,0.4,0.0,,1005.7,0.9,1.6,275,Mace Head
2013-03-11,17.7,23.0,40.0,32.0,1032.0,3.8,-1.7,0.0,,1015.2,1.8,2.8,275,Mace Head
2013-03-12,9.4,17.0,310.0,21.0,1016.0,8.1,-3.8,0.0,,1017.5,1.2,1.8,275,Mace Head
2013-03-13,10.7,19.0,320.0,25.0,1339.0,9.8,3.4,0.2,,1016.2,1.3,2.0,275,Mace Head
2013-03-14,13.5,29.0,220.0,37.0,932.0,8.6,3.1,6.1,,1009.3,1.0,1.7,275,Mace Head
2013-03-15,14.9,28.0,270.0,38.0,1174.0,7.5,3.7,3.5,,995.0,1.0,1.8,275,Mace Head
2013-03-16,7.1,16.0,330.0,22.0,1136.0,8.5,0.3,0.0,,990.7,1.1,1.6,275,Mace Head
2013-03-17,15.1,29.0,340.0,41.0,1016.0,6.8,2.3,3.7,,988.4,0.9,1.6,275,Mace Head
2013-03-18,5.6,15.0,50.0,19.0,867.0,7.5,1.5,6.3,,991.2,0.9,1.3,275,Mace Head
2013-03-19,8.1,15.0,60.0,21.0,644.0,5.4,-0.7,0.0,,997.3,0.8,1.3,275,Mace Head
2013-03-20,6.7,12.0,100.0,18.0,1277.0,8.5,1.4,0.0,,1002.3,1.3,1.9,275,Mace Head
2013-03-21,26.0,35.0,80.0,49.0,218.0,6.4,2.1,12.8,,995.8,0.7,1.3,275,Mace Head
2013-03-22,21.7,32.0,80.0,44.0,378.0,10.0,6.1,3.4,,990.3,0.7,1.2,275,Mace Head
2013-03-23,21.3,27.0,90.0,37.0,778.0,8.3,3.7,0.0,,1001.4,1.0,1.9,275,Mace Head
2013-03-24,19.9,25.0,80.0,33.0,297.0,3.8,1.8,0.0,,1009.8,1.0,1.6,275,Mace Head
2013-03-25,17.1,23.0,80.0,30.0,570.0,5.2,0.5,0.0,,1014.5,1.5,2.3,275,Mace Head
2013-03-26,13.9,19.0,70.0,24.0,747.0,4.9,-0.4,0.0,,1015.1,1.3,2.1,275,Mace Head
2013-03-27,11.6,18.0,70.0,23.0,1002.0,5.9,-1.4,0.0,,1013.6,1.3,2.1,275,Mace Head
2013-03-28,16.9,26.0,110.0,34.0,1363.0,5.8,-1.5,0.0,,1009.5,1.6,2.7,275,Mace Head
2013-03-29,19.2,26.0,90.0,35.0,1314.0,6.1,-0.1,0.0,,1005.5,1.9,3.2,275,Mace Head
2013-03-30,16.9,23.0,110.0,31.0,1690.0,7.0,-0.2,0.0,,1007.8,2.1,3.5,275,Mace Head
2013-03-31,18.7,26.0,110.0,35.0,328.0,5.8,1.3,3.7,,1004.4,1.0,1.7,275,Mace Head
2013-04-01,21.6,28.0,100.0,40.0,1107.0,6.2,1.7,0.0,,1005.2,1.7,3.0,275,Mace Head
2013-04-02,16.5,22.0,110.0,30.0,1871.0,9.0,1.3,0.0,,1013.0,2.5,4.1,275,Mace Head
2013-04-03,12.7,17.0,50.0,22.0,1870.0,10.3,0.6,0.0,,1019.4,2.5,3.8,275,Mace Head
2013-04-04,10.3,16.0,50.0,22.0,1724.0,10.0,0.0,0.0,,1020.8,2.4,3.5,275,Mace Head
2013-04-05,7.3,13.0,280.0,17.0,1344.0,10.2,-1.1,0.0,,1021.5,1.8,2.5,275,Mace Head
2013-04-06,8.7,15.0,150.0,19.0,1707.0,10.5,2.2,0.0,,1020.1,2.0,3.0,275,Mace Head
2013-04-07,17.9,25.0,90.0,33.0,945.0,8.5,4.4,0.0,,1009.8,1.9,3.0,275,Mace Head
2013-04-08,22.3,28.0,100.0,39.0,1759.0,11.3,3.5,0.0,,997.0,2.7,4.7,275,Mace Head
2013-04-09,17.6,25.0,60.0,31.0,1634.0,9.5,3.3,0.5,,995.4,2.1,3.6,275,Mace Head
2013-04-10,11.6,18.0,120.0,23.0,1522.0,13.1,4.6,4.0,,994.7,2.2,3.3,275,Mace Head
2013-04-11,9.8,21.0,110.0,27.0,1362.0,11.6,5.3,6.0,,989.2,1.4,2.3,275,Mace Head
2013-04-12,10.6,19.0,310.0,24.0,1891.0,10.8,4.0,0.0,,996.3,1.9,3.1,275,Mace Head
2013-04-13,15.9,25.0,100.0,33.0,498.0,10.6,3.0,7.2,,994.4,0.7,1.2,275,Mace Head
2013-04-14,26.8,37.0,170.0,47.0,1495.0,11.9,8.3,3.4,,991.0,1.6,3.3,275,Mace Head
2013-04-15,19.4,48.0,210.0,65.0,1267.0,11.8,7.9,3.8,,994.1,1.4,2.6,275,Mace Head
2013-04-16,20.9,47.0,220.0,62.0,2053.0,11.5,7.7,0.0,,997.0,2.3,4.3,275,Mace Head
2013-04-17,22.2,34.0,280.0,44.0,808.0,11.8,7.6,23.6,,992.4,1.1,2.1,275,Mace Head
2013-04-18,24.4,34.0,260.0,43.0,1381.0,9.9,7.0,2.6,,1006.9,1.6,3.2,275,Mace Head
2013-04-19,9.6,15.0,320.0,20.0,2219.0,11.3,6.4,0.3,,1024.3,2.2,3.6,275,Mace Head
2013-04-20,17.9,26.0,200.0,34.0,1535.0,10.8,7.6,0.2,,1021.5,1.3,2.7,275,Mace Head
2013-04-21,14.7,22.0,210.0,28.0,1756.0,11.0,6.9,7.3,,1013.8,1.9,3.3,275,Mace Head
2013-04-22,16.1,21.0,250.0,26.0,1424.0,11.7,8.3,1.7,,1009.8,1.4,2.7,275,Mace Head
2013-04-23,12.5,24.0,200.0,28.0,1656.0,11.9,9.0,1.5,,1015.6,1.6,2.9,275,Mace Head
2013-04-24,11.2,25.0,200.0,32.0,726.0,10.3,6.0,2.7,,1017.7,1.0,1.6,275,Mace Head
2013-04-25,11.8,25.0,280.0,33.0,2172.0,10.8,5.5,1.7,,1020.4,2.3,3.8,275,Mace Head
2013-04-26,18.4,29.0,320.0,40.0,2069.0,9.7,3.9,1.5,,1020.3,2.2,4.1,275,Mace Head
2013-04-27,13.9,20.0,340.0,29.0,2049.0,11.3,4.8,0.1,,1019.6,2.5,4.1,275,Mace Head
2013-04-28,20.9,32.0,300.0,43.0,1356.0,11.0,6.7,0.2,,1013.7,1.8,3.3,275,Mace Head
2013-04-29,19.5,28.0,290.0,37.0,2263.0,11.5,6.6,0.0,,1018.5,2.6,4.8,275,Mace Head
2013-04-30,8.6,18.0,230.0,21.0,2403.0,11.4,5.1,0.2,,1024.2,2.4,3.9,275,Mace Head
2013-05-01,10.6,16.0,250.0,20.0,2304.0,12.5,8.3,0.3,,1022.7,2.7,4.3,275,Mace Head
2013-05-02,15.3,20.0,210.0,28.0,1137.0,11.2,8.1,0.9,,1019.2,1.4,2.5,275,Mace Head
2013-05-03,18.8,27.0,210.0,34.0,561.0,10.3,8.0,7.2,,1011.8,0.6,1.3,275,Mace Head
2013-05-04,16.5,23.0,270.0,27.0,1591.0,12.2,6.9,0.2,,1010.0,1.8,3.3,275,Mace Head
2013-05-05,19.4,24.0,200.0,31.0,1066.0,11.9,9.7,3.4,,1012.7,1.1,2.2,275,Mace Head
2013-05-06,10.3,20.0,190.0,24.0,1143.0,12.8,9.7,0.5,,1012.6,1.6,2.5,275,Mace Head
2013-05-07,13.7,22.0,120.0,29.0,587.0,14.7,9.4,4.8,,1004.7,1.4,2.1,275,Mace Head
2013-05-08,23.9,46.0,210.0,58.0,1324.0,11.2,6.3,18.7,,990.5,1.0,2.4,275,Mace Head
2013-05-09,25.4,37.0,210.0,46.0,1695.0,11.9,7.6,7.0,,992.1,1.6,3.5,275,Mace Head
2013-05-10,19.5,29.0,270.0,37.0,2265.0,11.0,8.0,0.5,,1002.9,2.2,4.4,275,Mace Head
2013-05-11,22.9,30.0,280.0,49.0,2300.0,11.3,6.7,1.4,,1008.7,2.1,4.4,275,Mace Head
2013-05-12,21.6,32.0,270.0,44.0,1528.0,12.4,7.2,2.5,,1010.4,1.8,3.5,275,Mace Head
2013-05-13,26.8,33.0,280.0,49.0,2210.0,10.5,5.2,2.3,,1006.4,2.1,4.6,275,Mace Head
2013-05-14,20.6,35.0,320.0,49.0,1830.0,10.5,6.8,2.2,,998.6,2.1,4.0,275,Mace Head
2013-05-15,17.0,30.0,340.0,43.0,2084.0,10.7,5.8,1.2,,999.3,2.6,4.5,275,Mace Head
2013-05-16,10.6,18.0,340.0,22.0,2125.0,12.0,5.9,4.0,,998.0,2.5,4.0,275,Mace Head
2013-05-17,9.6,20.0,340.0,29.0,2082.0,14.5,6.9,0.6,,1007.4,2.9,4.4,275,Mace Head
2013-05-18,14.6,23.0,320.0,30.0,537.0,10.5,7.6,4.0,,1009.0,1.4,2.1,275,Mace Head
2013-05-19,6.3,14.0,280.0,17.0,1607.0,12.9,9.1,0.0,,1010.7,2.0,3.0,275,Mace Head
2013-05-20,14.5,21.0,340.0,28.0,1864.0,13.4,9.6,0.0,,1018.6,2.2,3.8,275,Mace Head
2013-05-21,14.3,25.0,320.0,32.0,1964.0,12.1,8.8,0.0,,1021.7,2.1,3.7,275,Mace Head
2013-05-22,16.6,19.0,290.0,26.0,2547.0,12.9,8.1,0.0,,1024.0,2.9,5.1,275,Mace Head
2013-05-23,16.8,23.0,320.0,30.0,2263.0,12.0,8.0,0.0,,1022.2,3.2,5.3,275,Mace Head
2013-05-24,12.9,20.0,340.0,26.0,2768.0,14.0,7.7,0.0,,1020.0,3.5,5.7,275,Mace Head
2013-05-25,8.1,13.0,180.0,17.0,878.0,11.1,8.1,5.5,,1019.8,1.2,1.9,275,Mace Head
2013-05-26,14.9,31.0,200.0,38.0,1524.0,12.7,9.2,3.6,,1008.7,1.7,3.1,275,Mace Head
2013-05-27,17.7,31.0,200.0,38.0,2367.0,11.9,8.1,5.9,,996.5,2.4,4.5,275,Mace Head
2013-05-28,16.0,21.0,270.0,26.0,2386.0,12.9,7.8,4.3,,1000.5,2.4,4.5,275,Mace Head
2013-05-29,11.5,22.0,340.0,28.0,2686.0,17.7,9.3,0.0,,1011.5,3.5,5.5,275,Mace Head
2013-05-30,10.5,17.0,290.0,21.0,1986.0,13.7,8.9,0.0,,1018.9,2.3,3.7,275,Mace Head
2013-05-31,12.2,17.0,280.0,21.0,2347.0,13.7,9.9,0.3,,1022.2,2.8,4.6,275,Mace Head
2013-06-01,12.6,20.0,260.0,25.0,2360.0,13.4,9.7,0.0,,1026.0,2.6,4.5,275,Mace Head
2013-06-02,7.1,13.0,190.0,16.0,1040.0,12.5,9.7,0.6,,1028.3,1.3,2.1,275,Mace Head
2013-06-03,5.3,11.0,120.0,14.0,1880.0,19.4,11.1,0.1,,1028.6,2.9,4.0,275,Mace Head
2013-06-04,6.6,13.0,120.0,16.0,2818.0,19.3,11.2,0.0,,1024.1,4.1,5.7,275,Mace Head
2013-06-05,6.4,13.0,0.0,16.0,2642.0,19.4,10.5,0.0,,1018.6,3.9,5.4,275,Mace Head
2013-06-06,7.2,12.0,100.0,16.0,2744.0,20.0,10.6,0.0,,1019.1,3.9,5.6,275,Mace Head
2013-06-07,9.8,15.0,60.0,20.0,2788.0,23.7,11.6,0.0,,1021.8,4.7,6.7,275,Mace Head
2013-06-08,6.8,13.0,270.0,15.0,2881.0,21.2,12.2,0.0,,1019.1,4.5,6.2,275,Mace Head
2013-06-09,4.8,16.0,140.0,23.0,2574.0,19.1,11.7,0.0,,1011.8,3.7,5.1,275,Mace Head
2013-06-10,18.7,25.0,130.0,35.0,553.0,14.6,11.5,7.9,,1004.5,1.3,2.1,275,Mace Head
2013-06-11,10.4,19.0,120.0,26.0,1515.0,15.3,9.5,10.9,,1001.3,1.9,3.1,275,Mace Head
2013-06-12,6.9,16.0,340.0,20.0,1716.0,16.1,9.1,1.5,,1001.1,2.5,3.6,275,Mace Head
2013-06-13,15.5,23.0,260.0,29.0,2452.0,14.4,10.8,3.8,,1004.9,2.9,5.1,275,Mace Head
2013-06-14,19.3,29.0,180.0,37.0,458.0,13.3,9.5,20.8,,1000.9,1.2,2.0,275,Mace Head
2013-06-15,18.7,27.0,260.0,33.0,2229.0,14.5,9.6,0.8,,1000.5,2.5,4.7,275,Mace Head
2013-06-16,7.9,13.0,50.0,18.0,1250.0,17.5,10.2,0.8,,1007.4,2.2,3.1,275,Mace Head
2013-06-17,8.4,14.0,50.0,18.0,1561.0,18.1,11.1,0.1,,1012.5,2.5,3.6,275,Mace Head
2013-06-18,9.8,17.0,310.0,20.0,2543.0,16.3,11.8,0.0,,1014.2,3.4,5.2,275,Mace Head
2013-06-19,11.2,15.0,250.0,19.0,2416.0,16.2,11.8,0.0,,1014.8,3.2,5.0,275,Mace Head
2013-06-20,11.6,20.0,310.0,24.0,970.0,14.5,11.8,1.0,,1009.8,1.4,2.3,275,Mace Head
2013-06-21,15.7,26.0,220.0,33.0,1551.0,14.6,10.8,6.7,,1002.6,2.1,3.6,275,Mace Head
2013-06-22,25.8,33.0,230.0,42.0,2014.0,14.4,11.3,0.5,,999.2,2.1,4.4,275,Mace Head
2013-06-23,24.4,32.0,300.0,42.0,1848.0,14.4,10.9,0.0,,1014.0,2.5,4.7,275,Mace Head
2013-06-24,6.9,13.0,280.0,16.0,2731.0,14.9,10.9,0.0,,1022.7,3.5,5.1,275,Mace Head
2013-06-25,8.8,19.0,290.0,23.0,2400.0,15.8,10.8,0.2,,1026.5,2.9,4.5,275,Mace Head
2013-06-26,7.1,12.0,270.0,14.0,2788.0,15.0,9.7,0.0,,1031.1,3.3,5.0,275,Mace Head
2013-06-27,11.1,15.0,280.0,19.0,1142.0,14.5,12.1,0.0,,1027.8,1.5,2.4,275,Mace Head
2013-06-28,14.1,20.0,250.0,26.0,674.0,13.9,11.9,0.1,,1022.3,1.0,1.7,275,Mace Head
2013-06-29,13.9,20.0,230.0,24.0,1921.0,15.9,12.1,0.7,,1021.7,2.1,3.8,275,Mace Head
2013-06-30,19.8,27.0,210.0,33.0,1421.0,14.3,12.0,0.7,,1017.4,1.9,3.5,275,Mace Head
2013-07-01,14.6,24.0,260.0,30.0,2134.0,15.5,11.1,2.3,,1010.5,2.9,4.8,275,Mace Head
2013-07-02,18.4,25.0,180.0,32.0,598.0,14.0,11.7,14.0,,1001.0,1.0,1.8,275,Mace Head
2013-07-03,16.0,23.0,200.0,28.0,1227.0,14.9,11.6,0.1,,1003.3,1.5,2.8,275,Mace Head
2013-07-04,18.7,27.0,260.0,34.0,1608.0,15.4,12.4,1.9,,1013.5,2.0,3.7,275,Mace Head
2013-07-05,11.9,16.0,210.0,20.0,1740.0,16.2,13.0,0.0,,1023.9,2.6,4.0,275,Mace Head
2013-07-06,13.0,18.0,210.0,24.0,867.0,15.5,13.1,0.2,,1026.5,1.4,2.3,275,Mace Head
2013-07-07,4.0,9.0,290.0,12.0,2013.0,19.3,13.8,0.3,,1031.1,2.9,3.9,275,Mace Head
2013-07-08,5.6,10.0,150.0,12.0,2809.0,24.3,15.8,0.0,,1030.8,4.4,6.0,275,Mace Head
2013-07-09,5.0,13.0,300.0,15.0,2779.0,24.1,17.4,0.0,,1027.4,4.5,6.0,275,Mace Head
2013-07-10,5.1,12.0,280.0,15.0,2321.0,23.6,17.6,0.0,,1024.4,4.0,5.3,275,Mace Head
2013-07-11,6.1,11.0,290.0,14.0,2735.0,25.1,17.1,0.0,,1022.6,4.6,6.2,275,Mace Head
2013-07-12,6.9,14.0,290.0,16.0,2636.0,21.5,15.3,0.0,,1022.8,3.8,5.4,275,Mace Head
2013-07-13,5.8,10.0,260.0,12.0,2659.0,21.1,14.4,0.0,,1024.8,3.9,5.4,275,Mace Head
2013-07-14,8.1,15.0,270.0,18.0,2306.0,17.4,14.3,0.0,,1023.9,3.1,4.7,275,Mace Head
2013-07-15,7.8,13.0,270.0,15.0,1292.0,18.4,15.3,0.0,,1022.7,2.5,3.4,275,Mace Head
2013-07-16,7.6,12.0,230.0,15.0,2021.0,19.8,16.3,0.0,,1022.1,2.9,4.2,275,Mace Head
2013-07-17,5.1,9.0,210.0,11.0,2443.0,20.4,15.5,0.0,,1024.3,3.5,4.9,275,Mace Head
2013-07-18,4.7,10.0,280.0,13.0,2207.0,22.1,16.9,0.0,,1025.4,3.5,4.7,275,Mace Head
2013-07-19,8.4,16.0,80.0,21.0,2728.0,25.0,17.2,0.0,,1022.2,4.7,6.4,275,Mace Head
2013-07-20,5.7,13.0,110.0,16.0,2499.0,26.6,17.5,0.0,,1018.9,4.7,6.1,275,Mace Head
2013-07-21,7.8,13.0,90.0,17.0,1780.0,23.8,16.5,0.0,,1015.2,3.3,4.5,275,Mace Head
2013-07-22,7.4,13.0,90.0,16.0,902.0,21.4,17.1,0.6,,1010.7,2.1,2.8,275,Mace Head
2013-07-23,9.9,18.0,180.0,22.0,1505.0,20.5,15.6,5.0,,1006.7,2.4,3.6,275,Mace Head
2013-07-24,11.8,28.0,170.0,36.0,1241.0,19.2,15.0,17.6,,1003.2,1.9,3.0,275,Mace Head
2013-07-25,5.2,10.0,220.0,13.0,2557.0,20.0,14.0,0.8,,1006.1,3.6,5.0,275,Mace Head
2013-07-26,5.5,9.0,140.0,12.0,2617.0,20.2,13.5,0.7,,1006.3,3.7,5.1,275,Mace Head
2013-07-27,8.4,13.0,140.0,17.0,2378.0,22.2,16.0,0.0,,1002.2,3.9,5.4,275,Mace Head
2013-07-28,8.1,12.0,180.0,14.0,2673.0,20.3,16.0,0.1,,998.0,3.9,5.6,275,Mace Head
2013-07-29,14.2,20.0,230.0,26.0,2208.0,18.7,14.6,7.0,,1002.6,3.3,5.1,275,Mace Head
2013-07-30,15.4,24.0,220.0,34.0,1747.0,18.2,13.8,1.6,,1006.8,2.8,4.4,275,Mace Head
2013-07-31,13.7,28.0,190.0,36.0,555.0,18.2,13.0,17.7,,1003.7,1.1,1.7,275,Mace Head
2013-08-01,12.4,29.0,170.0,40.0,657.0,19.5,16.1,9.6,,994.9,1.4,2.1,275,Mace Head
2013-08-02,24.8,37.0,180.0,49.0,1825.0,17.8,13.9,3.3,,995.4,2.3,4.4,275,Mace Head
2013-08-03,17.5,25.0,260.0,32.0,2058.0,18.1,13.3,2.1,,1005.0,3.1,5.1,275,Mace Head
2013-08-04,9.6,14.0,240.0,16.0,2607.0,18.2,13.9,0.0,,1008.9,3.6,5.4,275,Mace Head
2013-08-05,12.9,22.0,280.0,27.0,1820.0,17.6,13.5,0.4,,1010.8,3.0,4.4,275,Mace Head
2013-08-06,9.4,17.0,260.0,25.0,1308.0,18.2,13.1,0.3,,1010.5,2.6,3.6,275,Mace Head
2013-08-07,6.3,12.0,70.0,15.0,2043.0,19.9,13.4,0.0,,1012.2,3.0,4.2,275,Mace Head
2013-08-08,16.3,26.0,270.0,34.0,1001.0,17.9,15.1,1.4,,1011.8,1.7,2.7,275,Mace Head
2013-08-09,14.5,25.0,280.0,32.0,1357.0,17.3,13.5,0.0,,1017.1,2.7,3.9,275,Mace Head
2013-08-10,14.2,27.0,270.0,32.0,1437.0,17.4,13.7,0.6,,1018.2,2.5,3.7,275,Mace Head
2013-08-11,18.6,25.0,270.0,31.0,1267.0,16.4,12.5,0.2,,1016.1,2.4,3.8,275,Mace Head
2013-08-12,17.0,22.0,280.0,31.0,1977.0,16.8,12.4,0.2,,1017.4,2.8,4.6,275,Mace Head
2013-08-13,10.8,20.0,260.0,25.0,1252.0,18.1,13.7,0.3,,1017.9,2.0,3.0,275,Mace Head
2013-08-14,11.2,20.0,230.0,25.0,1036.0,17.9,15.2,3.0,,1013.4,1.5,2.4,275,Mace Head
2013-08-15,13.5,21.0,230.0,28.0,799.0,18.2,14.7,5.3,,1008.6,1.5,2.3,275,Mace Head
2013-08-16,14.6,26.0,190.0,33.0,1632.0,18.2,14.7,1.6,,1008.1,2.3,3.7,275,Mace Head
2013-08-17,20.7,29.0,200.0,38.0,1616.0,18.1,13.3,2.0,,1001.3,2.1,3.7,275,Mace Head
2013-08-18,17.5,27.0,260.0,33.0,1626.0,16.1,12.2,2.2,,1006.2,2.4,3.9,275,Mace Head
2013-08-19,15.9,20.0,290.0,30.0,1757.0,18.1,12.9,0.3,,1016.5,2.4,3.9,275,Mace Head
2013-08-20,19.1,26.0,190.0,36.0,526.0,17.1,15.1,4.9,,1018.2,1.0,1.7,275,Mace Head
2013-08-21,16.5,26.0,230.0,34.0,1383.0,16.9,13.9,0.4,,1016.0,1.5,2.7,275,Mace Head
2013-08-22,7.3,14.0,150.0,18.0,1578.0,19.3,13.4,1.0,,1012.5,2.3,3.3,275,Mace Head
2013-08-23,14.7,20.0,270.0,26.0,1468.0,16.4,13.7,2.3,,1010.5,2.4,3.7,275,Mace Head
2013-08-24,13.2,22.0,290.0,27.0,459.0,16.2,13.1,5.1,,1012.5,1.4,1.9,275,Mace Head
2013-08-25,10.7,17.0,310.0,23.0,905.0,16.3,12.9,0.2,,1017.6,1.6,2.3,275,Mace Head
2013-08-26,6.1,11.0,220.0,13.0,893.0,17.4,13.0,0.2,,1019.5,1.5,2.1,275,Mace Head
2013-08-27,9.2,17.0,340.0,21.0,1850.0,19.3,13.1,0.1,,1020.3,2.5,3.7,275,Mace Head
2013-08-28,7.8,19.0,230.0,23.0,1342.0,17.0,12.6,0.0,,1020.1,1.8,2.7,275,Mace Head
2013-08-29,13.0,17.0,200.0,21.0,1297.0,17.3,14.3,0.7,,1016.6,1.5,2.6,275,Mace Head
2013-08-30,19.9,27.0,300.0,37.0,1109.0,16.6,13.3,0.6,,1017.8,2.0,3.2,275,Mace Head
2013-08-31,16.8,24.0,290.0,31.0,1451.0,16.3,12.7,0.0,,1026.8,3.0,4.3,275,Mace Head
2013-09-01,18.9,23.0,240.0,28.0,789.0,16.5,13.7,0.0,,1027.6,1.9,2.8,275,Mace Head
2013-09-02,15.9,21.0,240.0,26.0,551.0,17.0,15.3,0.0,,1024.4,1.0,1.6,275,Mace Head
2013-09-03,16.6,20.0,200.0,26.0,893.0,16.9,15.2,0.0,,1021.1,1.9,2.8,275,Mace Head
2013-09-04,16.0,23.0,200.0,29.0,925.0,17.9,12.2,2.4,,1014.0,1.8,2.7,275,Mace Head
2013-09-05,10.8,19.0,300.0,23.0,1750.0,15.2,9.5,3.9,,1012.7,2.3,3.5,275,Mace Head
2013-09-06,11.1,22.0,340.0,27.0,1831.0,15.2,6.9,0.1,,1012.8,2.3,3.5,275,Mace Head
2013-09-07,16.2,23.0,310.0,32.0,558.0,12.4,9.7,3.4,,1012.2,1.5,2.2,275,Mace Head
2013-09-08,9.2,21.0,300.0,26.0,832.0,15.2,10.9,0.0,,1011.5,1.9,2.5,275,Mace Head
2013-09-09,9.5,21.0,330.0,31.0,1183.0,16.5,11.3,0.9,,1019.1,1.7,2.5,275,Mace Head
2013-09-10,13.0,17.0,310.0,21.0,1175.0,16.5,12.3,0.0,,1026.3,2.0,2.9,275,Mace Head
2013-09-11,12.2,19.0,280.0,22.0,486.0,15.4,13.8,1.4,,1023.0,0.8,1.3,275,Mace Head
2013-09-12,12.9,22.0,250.0,26.0,602.0,16.4,11.9,1.1,,1016.7,1.2,1.8,275,Mace Head
2013-09-13,5.3,13.0,270.0,15.0,1202.0,15.2,10.1,0.3,,1017.9,1.8,2.4,275,Mace Head
2013-09-14,8.6,26.0,220.0,34.0,1453.0,15.5,9.3,1.8,,1014.8,1.8,2.6,275,Mace Head
2013-09-15,31.4,39.0,280.0,57.0,1098.0,15.6,9.5,2.9,,1004.8,1.4,2.8,275,Mace Head
2013-09-16,28.9,40.0,300.0,54.0,1211.0,13.4,8.6,1.8,,1002.5,2.1,3.8,275,Mace Head
2013-09-17,19.7,31.0,280.0,38.0,679.0,14.6,10.1,5.9,,998.2,0.9,1.7,275,Mace Head
2013-09-18,15.2,22.0,310.0,31.0,968.0,13.9,10.1,0.0,,1004.6,1.8,2.6,275,Mace Head
2013-09-19,20.1,30.0,200.0,38.0,989.0,14.8,12.5,4.5,,1005.6,1.5,2.4,275,Mace Head
2013-09-20,9.3,15.0,240.0,18.0,1243.0,16.1,12.8,0.0,,1013.3,1.8,2.5,275,Mace Head
2013-09-21,11.0,18.0,200.0,22.0,641.0,16.0,13.5,0.2,,1016.7,0.7,1.2,275,Mace Head
2013-09-22,11.2,17.0,120.0,22.0,1500.0,21.8,14.5,0.0,,1020.2,2.1,3.0,275,Mace Head
2013-09-23,15.0,21.0,120.0,27.0,1457.0,21.5,13.9,0.0,,1015.1,2.0,3.1,275,Mace Head
2013-09-24,8.9,19.0,90.0,24.0,779.0,19.3,13.3,0.1,,1010.6,1.3,1.8,275,Mace Head
2013-09-25,5.1,11.0,80.0,15.0,883.0,18.7,12.9,0.1,,1008.4,1.1,1.6,275,Mace Head
2013-09-26,9.2,14.0,80.0,18.0,792.0,18.6,13.9,0.0,,1009.6,1.2,1.7,275,Mace Head
2013-09-27,9.5,13.0,120.0,17.0,1111.0,19.7,12.5,0.0,,1008.4,1.6,2.2,275,Mace Head
2013-09-28,12.0,17.0,80.0,24.0,917.0,20.4,14.0,0.0,,1003.9,1.9,2.5,275,Mace Head
2013-09-29,13.3,18.0,80.0,25.0,279.0,16.1,13.2,1.7,,1000.7,1.1,1.4,275,Mace Head
2013-09-30,15.1,19.0,100.0,27.0,272.0,16.0,13.1,10.3,,997.8,0.8,1.2,275,Mace Head
2013-10-01,15.1,19.0,110.0,27.0,823.0,19.1,15.2,4.8,,996.1,1.3,2.0,275,Mace Head
2013-10-02,15.0,19.0,110.0,26.0,1063.0,19.8,15.3,2.4,,994.4,1.7,2.4,275,Mace Head
2013-10-03,9.9,17.0,140.0,23.0,995.0,17.7,13.9,0.0,,996.4,1.2,1.8,275,Mace Head
2013-10-04,12.3,19.0,270.0,24.0,855.0,15.8,13.1,0.2,,1005.0,1.3,1.9,275,Mace Head
2013-10-05,16.9,22.0,190.0,29.0,1009.0,17.0,13.7,2.8,,1013.8,1.3,2.1,275,Mace Head
2013-10-06,15.2,20.0,190.0,26.0,391.0,16.6,15.3,2.7,,1015.8,0.5,0.9,275,Mace Head
2013-10-07,19.1,26.0,190.0,34.0,362.0,17.2,14.9,2.2,,1014.6,0.8,1.2,275,Mace Head
2013-10-08,12.1,17.0,280.0,21.0,632.0,15.6,12.5,0.5,,1021.2,1.1,1.6,275,Mace Head
2013-10-09,16.1,24.0,350.0,30.0,637.0,13.6,7.0,0.1,,1024.7,1.3,1.9,275,Mace Head
2013-10-10,7.0,13.0,340.0,16.0,826.0,13.7,5.5,0.0,,1027.6,1.4,1.9,275,Mace Head
2013-10-11,9.8,15.0,70.0,22.0,1153.0,13.6,4.8,0.0,,1026.8,1.3,1.8,275,Mace Head
2013-10-12,9.8,16.0,80.0,20.0,382.0,11.5,6.1,0.0,,1022.3,0.7,1.0,275,Mace Head
2013-10-13,6.4,13.0,70.0,17.0,341.0,13.2,9.2,0.0,,1016.2,0.8,1.0,275,Mace Head
2013-10-14,8.0,14.0,70.0,19.0,1030.0,14.7,5.8,0.0,,1011.1,1.1,1.6,275,Mace Head
2013-10-15,14.1,19.0,110.0,26.0,874.0,14.1,6.7,0.3,,1005.8,1.2,1.7,275,Mace Head
2013-10-16,13.9,25.0,210.0,33.0,724.0,15.6,10.5,17.3,,999.7,1.0,1.4,275,Mace Head
2013-10-17,10.4,15.0,140.0,20.0,744.0,16.6,13.1,1.1,,1004.9,0.9,1.3,275,Mace Head
2013-10-18,17.2,28.0,110.0,41.0,201.0,15.7,12.9,1.8,,998.7,0.7,1.1,275,Mace Head
2013-10-19,10.8,17.0,150.0,24.0,600.0,15.7,10.7,1.7,,990.5,0.8,1.1,275,Mace Head
2013-10-20,8.2,14.0,100.0,18.0,697.0,15.1,9.9,1.5,,991.2,0.7,1.0,275,Mace Head
2013-10-21,12.9,24.0,80.0,32.0,316.0,14.5,10.2,2.1,,988.9,0.5,0.7,275,Mace Head
2013-10-22,16.0,25.0,300.0,31.0,654.0,15.6,11.6,1.2,,981.0,0.7,1.1,275,Mace Head
2013-10-23,17.6,27.0,290.0,38.0,806.0,12.7,8.1,0.3,,993.2,1.1,1.6,275,Mace Head
2013-10-24,13.8,21.0,80.0,29.0,472.0,15.0,7.2,10.8,,999.0,0.9,1.2,275,Mace Head
2013-10-25,14.2,23.0,70.0,30.0,286.0,14.3,11.4,7.9,,993.1,0.7,1.0,275,Mace Head
2013-10-26,21.6,36.0,170.0,50.0,424.0,13.9,10.0,10.2,,988.5,1.0,1.5,275,Mace Head
2013-10-27,28.3,38.0,250.0,60.0,479.0,13.5,7.3,7.1,,979.7,0.7,1.2,275,Mace Head
2013-10-28,25.2,34.0,290.0,44.0,464.0,11.8,8.5,3.8,,991.3,1.2,1.8,275,Mace Head
2013-10-29,19.8,30.0,290.0,40.0,508.0,11.9,7.8,0.7,,1007.3,1.4,1.9,275,Mace Head
2013-10-30,21.5,30.0,190.0,40.0,501.0,13.4,10.4,7.9,,1005.4,1.1,1.6,275,Mace Head
2013-10-31,24.7,32.0,240.0,44.0,584.0,12.6,8.8,5.7,,1006.1,1.3,1.8,275,Mace Head
2013-11-01,14.9,27.0,250.0,35.0,571.0,11.7,9.0,1.0,,1000.4,1.4,1.7,275,Mace Head
2013-11-02,27.3,43.0,310.0,54.0,304.0,10.9,7.3,11.0,,986.0,1.2,1.8,275,Mace Head
2013-11-03,14.0,35.0,290.0,43.0,447.0,11.4,4.3,1.2,,993.3,0.9,1.1,275,Mace Head
2013-11-04,9.5,27.0,270.0,33.0,300.0,11.6,3.3,2.2,,991.2,0.5,0.6,275,Mace Head
2013-11-05,24.3,33.0,260.0,45.0,224.0,11.5,8.1,4.7,,990.2,0.9,1.4,275,Mace Head
2013-11-06,,29.0,250.0,38.0,150.0,10.1,7.2,,,,0.7,1.1,275,Mace Head
2013-11-07,24.8,40.0,230.0,53.0,455.0,12.0,6.3,6.4,,,1.3,1.8,275,Mace Head
2013-11-08,18.9,29.0,240.0,37.0,355.0,10.3,6.0,1.5,,999.0,1.2,1.6,275,Mace Head
2013-11-09,13.3,26.0,250.0,33.0,183.0,9.5,5.6,4.6,,1002.5,0.9,1.1,275,Mace Head
2013-11-10,13.9,22.0,140.0,30.0,96.0,13.1,5.6,13.0,,1010.0,0.4,0.6,275,Mace Head
2013-11-11,17.8,23.0,270.0,29.0,384.0,13.1,10.3,0.0,,1013.4,0.6,0.8,275,Mace Head
2013-11-12,18.1,25.0,280.0,32.0,439.0,11.3,8.3,0.8,,1025.3,1.1,1.3,275,Mace Head
2013-11-13,27.7,38.0,270.0,51.0,136.0,12.2,8.9,6.8,,1023.4,1.2,1.8,275,Mace Head
2013-11-14,21.1,35.0,300.0,47.0,173.0,10.6,8.1,0.7,,1028.8,1.4,1.9,275,Mace Head
2013-11-15,15.0,20.0,260.0,24.0,122.0,11.8,10.4,0.0,,1032.2,1.3,1.6,275,Mace Head
2013-11-16,14.7,21.0,240.0,26.0,177.0,12.6,9.5,1.3,,1027.7,0.5,0.7,275,Mace Head
2013-11-17,6.7,12.0,340.0,16.0,128.0,11.0,8.0,5.6,,1020.0,0.3,0.4,275,Mace Head
2013-11-18,16.6,31.0,300.0,41.0,406.0,9.0,3.5,0.9,,1013.7,0.5,0.6,275,Mace Head
2013-11-19,,30.0,320.0,41.0,300.0,,,,,,1.2,1.5,275,Mace Head
2013-11-21,11.3,26.0,340.0,35.0,418.0,8.1,3.5,0.0,,1016.7,1.0,1.2,275,Mace Head
2013-11-22,3.2,6.0,110.0,8.0,426.0,8.9,2.3,0.0,,1022.2,0.2,0.3,275,Mace Head
2013-11-23,4.0,9.0,330.0,13.0,384.0,10.5,2.4,0.0,,1027.4,0.2,0.3,275,Mace Head
2013-11-24,3.3,6.0,100.0,8.0,246.0,9.4,3.7,0.1,,1033.1,0.2,0.2,275,Mace Head
2013-11-25,4.6,10.0,210.0,12.0,171.0,9.2,5.0,0.0,,1038.1,0.3,0.4,275,Mace Head
2013-11-26,9.9,15.0,260.0,18.0,173.0,10.7,7.0,0.0,,1038.4,0.6,0.7,275,Mace Head
2013-11-27,8.9,15.0,270.0,20.0,199.0,11.0,8.5,0.0,,1035.9,0.6,0.7,275,Mace Head
2013-11-28,6.1,18.0,260.0,22.0,137.0,11.0,8.7,0.0,,1034.2,0.5,0.6,275,Mace Head
2013-11-29,19.2,25.0,260.0,32.0,173.0,11.0,7.7,0.0,,1030.8,0.9,1.2,275,Mace Head
2013-11-30,9.0,17.0,310.0,22.0,274.0,9.9,7.5,0.0,,1031.7,0.3,0.4,275,Mace Head
2013-12-01,5.2,12.0,170.0,16.0,173.0,10.0,5.9,0.1,,1032.4,0.3,0.4,275,Mace Head
2013-12-02,14.7,20.0,210.0,23.0,153.0,10.6,7.8,0.1,,1028.6,0.7,0.9,275,Mace Head
2013-12-03,16.3,28.0,340.0,36.0,113.0,11.2,6.8,2.0,,1023.7,0.7,0.9,275,Mace Head
2013-12-04,17.7,31.0,250.0,39.0,298.0,9.5,6.4,0.1,,1029.3,1.2,1.4,275,Mace Head
2013-12-05,26.9,42.0,260.0,52.0,210.0,10.5,7.4,0.7,,1023.9,0.7,1.1,275,Mace Head
2013-12-06,16.8,24.0,290.0,31.0,213.0,10.5,8.3,0.5,,1026.0,0.7,0.9,275,Mace Head
2013-12-07,18.2,23.0,250.0,30.0,309.0,11.1,8.4,0.5,,1020.3,0.6,0.6,275,Mace Head
2013-12-08,22.7,28.0,210.0,35.0,91.0,11.9,10.9,0.2,,1015.9,0.6,0.8,275,Mace Head
2013-12-09,16.5,23.0,180.0,29.0,266.0,12.0,10.1,0.0,,1015.9,0.6,0.6,275,Mace Head
2013-12-10,19.4,26.0,170.0,33.0,35.0,12.5,10.9,0.9,,1013.6,0.8,1.1,275,Mace Head
2013-12-11,19.8,25.0,150.0,35.0,193.0,12.4,10.6,5.5,,1010.8,0.7,0.8,275,Mace Head
2013-12-12,18.3,25.0,180.0,32.0,80.0,12.8,11.5,4.7,,1004.6,0.4,0.6,275,Mace Head
2013-12-13,25.5,40.0,230.0,53.0,180.0,12.0,6.2,4.9,,1005.3,0.7,1.0,275,Mace Head
2013-12-14,29.9,46.0,190.0,60.0,81.0,11.8,7.5,20.9,,1001.2,0.8,1.3,275,Mace Head
2013-12-15,21.8,38.0,180.0,52.0,95.0,11.3,6.2,6.9,,1002.4,1.0,1.4,275,Mace Head
2013-12-16,23.0,33.0,250.0,42.0,213.0,9.9,5.7,1.3,,1005.6,1.5,2.0,275,Mace Head
2013-12-17,27.9,39.0,170.0,50.0,107.0,10.7,6.4,6.2,,1004.7,0.9,1.3,275,Mace Head
2013-12-18,29.7,61.0,240.0,78.0,66.0,11.4,4.1,16.2,,980.1,0.6,1.0,275,Mace Head
2013-12-19,28.6,41.0,240.0,55.0,122.0,7.6,2.2,4.1,,992.7,0.9,1.5,275,Mace Head
2013-12-20,30.6,41.0,230.0,57.0,24.0,11.3,6.8,12.0,,998.3,0.8,1.3,275,Mace Head
2013-12-21,28.9,39.0,270.0,51.0,83.0,10.4,5.2,2.7,,994.0,1.4,2.1,275,Mace Head
2013-12-22,27.3,40.0,270.0,53.0,202.0,7.6,3.3,5.4,,995.7,1.1,1.6,275,Mace Head
2013-12-23,27.9,45.0,220.0,59.0,180.0,11.0,3.5,14.4,,976.4,0.5,0.8,275,Mace Head
2013-12-24,31.2,49.0,220.0,69.0,117.0,8.4,2.8,6.1,,961.3,1.1,1.8,275,Mace Head
2013-12-25,16.7,27.0,270.0,34.0,172.0,8.2,5.5,1.7,,976.5,1.1,1.3,275,Mace Head
2013-12-26,23.9,52.0,220.0,70.0,109.0,10.5,4.4,15.8,,969.3,0.9,1.3,275,Mace Head
2013-12-27,34.7,55.0,250.0,71.0,136.0,9.0,5.1,7.7,,964.9,0.6,1.1,275,Mace Head
2013-12-28,17.0,29.0,260.0,45.0,256.0,8.6,4.8,1.8,,993.1,0.9,1.0,275,Mace Head
2013-12-29,18.7,35.0,170.0,45.0,62.0,10.1,5.5,17.8,,999.1,0.7,1.0,275,Mace Head
2013-12-30,17.4,29.0,130.0,40.0,302.0,9.8,4.2,12.4,,991.5,0.4,0.5,275,Mace Head
2013-12-31,22.6,38.0,210.0,48.0,227.0,8.8,5.3,10.8,,982.2,0.9,1.2,275,Mace Head
2014-01-01,15.1,28.0,190.0,34.0,124.0,8.7,5.5,4.5,,977.2,0.6,0.7,275,Mace Head
2014-01-02,24.2,47.0,190.0,64.0,199.0,9.6,5.8,5.7,,971.9,0.7,1.0,275,Mace Head
2014-01-03,34.2,56.0,200.0,72.0,234.0,8.8,5.3,13.5,,969.8,0.8,1.3,275,Mace Head
2014-01-04,16.8,31.0,190.0,42.0,99.0,8.3,1.9,10.6,,984.2,0.6,0.8,275,Mace Head
2014-01-05,22.1,34.0,150.0,47.0,113.0,10.8,6.4,7.8,,979.3,0.5,0.8,275,Mace Head
2014-01-06,31.4,39.0,170.0,55.0,278.0,10.4,5.8,9.7,,969.1,0.4,0.6,275,Mace Head
2014-01-07,22.4,35.0,200.0,52.0,250.0,9.7,5.8,6.8,,986.3,0.4,0.5,275,Mace Head
2014-01-08,6.8,19.0,270.0,27.0,266.0,10.5,3.4,0.7,,1001.5,0.3,0.4,275,Mace Head
2014-01-09,12.4,22.0,250.0,29.0,365.0,8.6,4.5,1.1,,1003.8,0.3,0.3,275,Mace Head
2014-01-10,12.2,27.0,280.0,34.0,285.0,9.2,4.5,8.6,,1004.3,0.4,0.5,275,Mace Head
2014-01-11,14.8,28.0,120.0,37.0,350.0,9.4,4.6,0.0,,1011.2,0.9,1.1,275,Mace Head
2014-01-12,19.9,28.0,130.0,38.0,87.0,9.5,5.7,9.3,,1000.2,0.8,1.1,275,Mace Head
2014-01-13,14.6,30.0,190.0,39.0,260.0,8.0,4.3,6.5,,994.0,0.7,0.8,275,Mace Head
2014-01-14,16.2,24.0,160.0,33.0,53.0,10.0,3.2,18.8,,992.5,0.5,0.7,275,Mace Head
2014-01-15,18.7,25.0,190.0,35.0,344.0,9.9,7.0,4.3,,982.1,0.3,0.4,275,Mace Head
2014-01-16,8.5,21.0,130.0,28.0,261.0,8.8,5.1,2.0,,976.1,0.3,0.4,275,Mace Head
2014-01-17,9.3,25.0,260.0,29.0,294.0,8.6,5.4,2.7,,981.4,0.4,0.5,275,Mace Head
2014-01-18,10.4,20.0,270.0,25.0,263.0,7.7,5.5,1.7,,983.2,0.8,1.0,275,Mace Head
2014-01-19,12.2,31.0,290.0,40.0,131.0,7.6,4.0,9.3,,991.0,0.5,0.7,275,Mace Head
2014-01-20,15.4,24.0,150.0,31.0,438.0,8.9,5.5,1.1,,1001.2,0.8,0.9,275,Mace Head
2014-01-21,18.3,25.0,160.0,33.0,173.0,9.2,7.0,5.1,,993.2,0.6,0.8,275,Mace Head
2014-01-22,19.6,31.0,240.0,41.0,389.0,9.1,7.1,1.6,,999.4,0.5,0.7,275,Mace Head
2014-01-23,20.4,35.0,300.0,53.0,155.0,9.8,4.2,17.2,,1007.6,0.5,0.8,275,Mace Head
2014-01-24,19.6,24.0,260.0,30.0,85.0,10.5,9.3,15.8,,1002.9,0.4,0.7,275,Mace Head
2014-01-25,27.8,49.0,260.0,76.0,281.0,10.1,5.4,3.7,,1004.8,0.8,1.3,275,Mace Head
2014-01-26,38.3,52.0,270.0,69.0,282.0,10.5,3.7,16.0,,992.5,0.7,1.3,275,Mace Head
2014-01-27,38.0,46.0,260.0,68.0,217.0,8.9,5.1,4.4,,978.9,0.4,0.8,275,Mace Head
2014-01-28,18.2,35.0,280.0,45.0,493.0,8.3,4.9,1.6,,983.4,0.4,0.6,275,Mace Head
2014-01-29,13.5,23.0,330.0,35.0,384.0,8.1,1.9,0.5,,995.7,0.4,0.6,275,Mace Head
2014-01-30,9.5,15.0,140.0,20.0,171.0,6.6,1.9,7.3,,998.1,0.4,0.5,275,Mace Head
2014-01-31,22.6,35.0,230.0,46.0,376.0,8.9,1.9,30.1,,982.5,0.7,1.1,275,Mace Head
2014-02-01,37.4,51.0,250.0,66.0,325.0,9.2,3.9,9.3,,971.3,1.1,2.0,275,Mace Head
2014-02-02,25.1,43.0,250.0,54.0,503.0,9.2,4.1,1.5,,986.6,0.7,1.2,275,Mace Head
2014-02-03,17.0,32.0,140.0,44.0,392.0,8.7,5.0,13.8,,981.5,0.6,0.9,275,Mace Head
2014-02-04,21.5,38.0,80.0,50.0,362.0,6.7,4.5,3.0,,969.4,0.7,1.1,275,Mace Head
2014-02-05,19.7,32.0,260.0,41.0,277.0,8.6,6.1,17.2,,965.4,0.5,0.8,275,Mace Head
2014-02-06,16.0,26.0,250.0,34.0,521.0,8.1,4.7,2.6,,982.1,0.8,1.1,275,Mace Head
2014-02-07,19.3,35.0,170.0,55.0,216.0,8.4,3.7,4.8,,971.4,0.9,1.3,275,Mace Head
2014-02-08,26.0,39.0,160.0,51.0,290.0,8.6,4.8,13.9,,953.9,0.6,1.0,275,Mace Head
2014-02-09,21.7,39.0,270.0,52.0,615.0,8.0,2.2,4.2,,972.2,0.4,0.7,275,Mace Head
2014-02-10,19.5,41.0,170.0,51.0,683.0,7.5,2.3,10.6,,986.1,0.8,1.2,275,Mace Head
2014-02-11,30.0,40.0,250.0,54.0,397.0,6.8,0.9,2.5,,984.0,0.9,1.6,275,Mace Head
2014-02-12,29.8,65.0,280.0,84.0,262.0,7.9,3.1,21.5,,970.0,0.9,1.6,275,Mace Head
2014-02-13,27.7,44.0,260.0,53.0,557.0,7.9,2.8,4.0,,982.4,0.9,1.5,275,Mace Head
2014-02-14,17.9,31.0,300.0,43.0,105.0,7.0,0.4,21.1,,972.0,0.7,1.0,275,Mace Head
2014-02-15,18.1,33.0,310.0,44.0,733.0,9.0,4.7,2.0,,983.6,1.1,1.5,275,Mace Head
2014-02-16,14.5,24.0,120.0,35.0,360.0,7.6,4.5,4.0,,993.9,0.6,0.9,275,Mace Head
2014-02-17,7.1,19.0,140.0,26.0,516.0,9.7,5.8,1.1,,993.1,0.4,0.6,275,Mace Head
2014-02-18,9.3,16.0,230.0,19.0,822.0,9.9,5.3,0.5,,1002.1,0.4,0.7,275,Mace Head
2014-02-19,13.8,23.0,170.0,28.0,177.0,9.4,7.5,21.1,,994.4,0.3,0.5,275,Mace Head
2014-02-20,22.6,36.0,250.0,48.0,700.0,9.5,4.4,11.0,,987.0,0.5,1.0,275,Mace Head
2014-02-21,27.1,40.0,250.0,50.0,605.0,8.6,5.1,3.5,,992.1,1.1,1.9,275,Mace Head
2014-02-22,24.9,32.0,180.0,43.0,188.0,9.8,6.5,10.2,,991.0,0.7,1.3,275,Mace Head
2014-02-23,18.9,32.0,180.0,41.0,727.0,9.7,6.6,17.3,,987.2,0.6,1.1,275,Mace Head
2014-02-24,18.8,34.0,170.0,50.0,249.0,7.9,4.7,10.8,,982.9,0.7,1.1,275,Mace Head
2014-02-25,27.7,41.0,170.0,52.0,686.0,8.5,3.8,11.4,,982.9,0.7,1.5,275,Mace Head
2014-02-26,22.7,35.0,260.0,47.0,642.0,9.2,4.3,13.2,,998.4,0.9,1.6,275,Mace Head
2014-02-27,17.6,30.0,270.0,41.0,835.0,8.3,3.6,8.5,,997.4,1.2,1.8,275,Mace Head
2014-02-28,17.4,28.0,280.0,38.0,977.0,8.5,3.9,1.4,,1000.0,1.2,1.9,275,Mace Head
2014-03-01,13.2,24.0,190.0,30.0,415.0,8.7,5.5,4.2,,995.8,0.7,1.1,275,Mace Head
2014-03-02,16.5,29.0,250.0,37.0,792.0,8.0,3.2,13.6,,981.8,0.7,1.2,275,Mace Head
2014-03-03,14.7,34.0,300.0,47.0,1055.0,8.3,1.5,3.7,,983.8,0.8,1.4,275,Mace Head
2014-03-04,9.9,20.0,260.0,25.0,946.0,9.4,5.8,0.0,,1002.2,1.0,1.5,275,Mace Head
2014-03-05,17.1,24.0,180.0,34.0,283.0,9.4,7.7,7.8,,1010.0,0.6,1.0,275,Mace Head
2014-03-06,8.0,19.0,200.0,23.0,172.0,9.6,7.1,15.2,,1009.2,0.4,0.6,275,Mace Head
2014-03-07,17.3,30.0,260.0,39.0,951.0,8.5,5.8,0.0,,1013.6,1.2,1.9,275,Mace Head
2014-03-08,22.8,33.0,180.0,43.0,275.0,10.5,6.9,3.9,,1007.3,1.0,1.6,275,Mace Head
2014-03-09,7.4,18.0,240.0,22.0,410.0,7.9,6.1,0.7,,1015.3,0.7,1.0,275,Mace Head
2014-03-10,5.4,9.0,160.0,11.0,1210.0,10.1,3.7,0.0,,1026.8,0.9,1.4,275,Mace Head
2014-03-11,7.0,11.0,110.0,14.0,1476.0,11.5,2.9,0.0,,1030.6,1.4,2.0,275,Mace Head
2014-03-12,6.4,11.0,180.0,14.0,394.0,8.4,3.5,0.0,,1029.5,0.7,1.0,275,Mace Head
2014-03-13,3.7,8.0,230.0,11.0,306.0,8.3,7.2,0.2,,1028.9,0.6,0.8,275,Mace Head
2014-03-14,11.4,16.0,280.0,20.0,344.0,9.6,6.5,0.0,,1027.8,0.5,0.9,275,Mace Head
2014-03-15,14.5,20.0,280.0,24.0,1287.0,10.7,7.6,0.0,,1029.8,1.0,1.9,275,Mace Head
2014-03-16,14.5,21.0,260.0,26.0,714.0,10.0,8.2,1.0,,1025.9,0.9,1.4,275,Mace Head
2014-03-17,13.0,23.0,190.0,29.0,681.0,10.4,7.3,0.2,,1016.3,0.9,1.4,275,Mace Head
2014-03-18,21.7,32.0,250.0,41.0,1248.0,10.7,8.6,1.8,,1011.5,1.1,2.2,275,Mace Head
2014-03-19,27.4,35.0,190.0,46.0,608.0,10.5,9.1,0.4,,1006.7,0.8,1.6,275,Mace Head
2014-03-20,25.7,36.0,230.0,47.0,1091.0,10.0,4.7,16.2,,994.1,1.0,2.1,275,Mace Head
2014-03-21,22.1,35.0,230.0,46.0,622.0,7.8,3.7,7.3,,993.3,1.2,2.1,275,Mace Head
2014-03-22,26.2,36.0,290.0,45.0,981.0,8.2,3.8,5.4,,995.3,1.4,2.6,275,Mace Head
2014-03-23,13.7,33.0,290.0,43.0,1609.0,9.9,5.0,0.7,,1007.4,1.9,3.0,275,Mace Head
2014-03-24,27.3,45.0,260.0,57.0,627.0,10.9,6.0,4.6,,993.7,1.2,2.3,275,Mace Head
2014-03-25,15.9,27.0,300.0,36.0,1436.0,10.7,6.6,0.2,,1009.4,1.9,3.0,275,Mace Head
2014-03-26,9.4,15.0,340.0,19.0,1621.0,11.4,4.8,0.0,,1019.4,1.7,2.7,275,Mace Head
2014-03-27,8.8,18.0,70.0,25.0,1101.0,10.4,2.3,3.0,,1012.3,1.4,2.1,275,Mace Head
2014-03-28,12.9,21.0,50.0,28.0,959.0,8.6,2.2,0.1,,1013.9,1.3,2.0,275,Mace Head
2014-03-29,11.6,18.0,90.0,25.0,877.0,10.4,4.4,6.0,,1005.8,1.2,1.8,275,Mace Head
2014-03-30,12.4,20.0,170.0,24.0,1579.0,13.2,5.5,5.2,,1003.2,1.6,2.7,275,Mace Head
2014-03-31,12.6,21.0,120.0,28.0,1472.0,13.9,7.0,0.3,,1004.3,1.7,2.8,275,Mace Head
2014-04-01,12.1,20.0,70.0,25.0,1641.0,15.1,6.6,2.7,,1002.4,2.1,3.2,275,Mace Head
2014-04-02,16.7,24.0,90.0,32.0,630.0,13.2,8.4,11.5,,995.0,1.1,1.7,275,Mace Head
2014-04-03,12.9,19.0,110.0,27.0,1138.0,13.8,8.9,0.0,,995.5,1.6,2.5,275,Mace Head
2014-04-04,11.3,18.0,120.0,26.0,1323.0,13.7,8.9,1.2,,999.6,1.6,2.5,275,Mace Head
2014-04-05,11.3,23.0,160.0,30.0,771.0,13.2,8.9,6.2,,997.6,0.9,1.6,275,Mace Head
2014-04-06,18.7,29.0,200.0,41.0,1683.0,11.4,8.1,12.8,,995.1,1.3,2.7,275,Mace Head
2014-04-07,15.6,28.0,260.0,35.0,1378.0,10.0,6.1,3.3,,1003.3,1.5,2.7,275,Mace Head
2014-04-08,18.3,27.0,270.0,35.0,1504.0,11.4,6.5,0.2,,1013.7,1.6,3.0,275,Mace Head
2014-04-09,16.4,19.0,210.0,23.0,1174.0,12.0,9.4,0.0,,1020.1,1.5,2.6,275,Mace Head
2014-04-10,13.4,18.0,210.0,23.0,1828.0,11.8,7.4,0.8,,1019.6,2.0,3.3,275,Mace Head
2014-04-11,13.3,22.0,220.0,26.0,1313.0,11.6,7.5,0.0,,1018.6,1.9,3.0,275,Mace Head
2014-04-12,19.2,25.0,280.0,36.0,1606.0,11.2,8.5,0.4,,1016.0,1.8,3.4,275,Mace Head
2014-04-13,16.7,23.0,260.0,28.0,1125.0,11.2,8.6,0.0,,1022.1,1.8,2.9,275,Mace Head
2014-04-14,7.6,13.0,350.0,16.0,2102.0,12.3,6.8,0.0,,1024.7,2.4,3.6,275,Mace Head
2014-04-15,12.7,18.0,140.0,23.0,2181.0,15.8,4.8,0.0,,1021.7,2.7,4.3,275,Mace Head
2014-04-16,13.4,21.0,210.0,24.0,674.0,11.5,8.8,0.1,,1018.5,1.3,2.0,275,Mace Head
2014-04-17,14.1,20.0,270.0,23.0,927.0,11.0,8.6,0.1,,1019.5,1.3,2.2,275,Mace Head
2014-04-18,3.9,9.0,230.0,10.0,1765.0,12.1,7.4,0.0,,1019.2,2.0,2.8,275,Mace Head
2014-04-19,5.2,17.0,140.0,24.0,2121.0,14.2,8.8,0.3,,1014.7,2.5,3.5,275,Mace Head
2014-04-20,8.9,19.0,130.0,23.0,2332.0,16.4,6.1,0.0,,1009.7,3.2,4.6,275,Mace Head
2014-04-21,15.2,23.0,100.0,31.0,1967.0,16.8,9.0,0.0,,1004.1,3.2,4.9,275,Mace Head
2014-04-22,9.5,15.0,120.0,21.0,1142.0,14.3,7.4,2.9,,1001.9,1.8,2.6,275,Mace Head
2014-04-23,12.3,23.0,250.0,29.0,2034.0,13.4,9.1,7.1,,1004.3,2.3,3.8,275,Mace Head
2014-04-24,10.4,18.0,110.0,24.0,2225.0,14.9,8.7,0.6,,1011.9,2.9,4.4,275,Mace Head
2014-04-25,18.4,34.0,80.0,47.0,1398.0,14.9,8.4,3.2,,1000.1,2.5,4.0,275,Mace Head
2014-04-26,14.4,32.0,70.0,46.0,1196.0,14.1,6.8,6.4,,993.4,1.8,2.9,275,Mace Head
2014-04-27,5.8,15.0,10.0,21.0,2001.0,14.5,8.2,0.4,,1005.2,2.4,3.5,275,Mace Head
2014-04-28,4.6,11.0,270.0,14.0,2277.0,16.2,7.3,0.1,,1009.7,2.6,3.8,275,Mace Head
2014-04-29,5.0,9.0,160.0,12.0,2484.0,14.9,9.9,0.2,,1007.9,2.9,4.2,275,Mace Head
2014-04-30,12.4,18.0,220.0,22.0,1344.0,13.5,10.0,3.2,,1004.7,1.5,2.5,275,Mace Head
2014-05-01,9.9,17.0,260.0,19.0,2120.0,14.0,10.0,0.1,,1010.1,2.3,3.8,275,Mace Head
2014-05-02,7.5,13.0,130.0,16.0,1066.0,13.7,10.9,1.6,,1019.7,1.5,2.3,275,Mace Head
2014-05-03,9.0,14.0,200.0,18.0,942.0,14.8,10.8,4.8,,1019.9,1.2,1.9,275,Mace Head
2014-05-04,14.6,21.0,140.0,27.0,528.0,12.1,10.8,1.2,,1011.1,0.8,1.4,275,Mace Head
2014-05-05,20.1,30.0,150.0,38.0,1025.0,12.9,10.3,6.0,,999.2,1.4,2.6,275,Mace Head
2014-05-06,22.9,30.0,220.0,41.0,1354.0,12.4,9.1,2.8,,994.7,1.7,3.3,275,Mace Head
2014-05-07,22.2,30.0,250.0,40.0,1593.0,12.4,9.6,1.1,,1000.6,1.9,3.7,275,Mace Head
2014-05-08,18.0,29.0,240.0,38.0,1012.0,12.1,9.4,6.7,,1000.9,1.2,2.3,275,Mace Head
2014-05-09,20.6,33.0,240.0,42.0,1376.0,12.7,9.3,5.9,,1001.3,1.7,3.2,275,Mace Head
2014-05-10,25.9,37.0,270.0,47.0,1427.0,12.1,9.0,5.4,,993.4,1.1,2.7,275,Mace Head
2014-05-11,23.5,34.0,270.0,40.0,1498.0,11.9,8.7,2.3,,1002.0,1.7,3.5,275,Mace Head
2014-05-12,14.3,20.0,310.0,26.0,2641.0,13.0,8.6,0.6,,1010.1,2.8,4.9,275,Mace Head
2014-05-13,13.7,17.0,270.0,20.0,2691.0,13.6,9.8,0.0,,1020.6,3.0,5.1,275,Mace Head
2014-05-14,10.6,16.0,200.0,20.0,878.0,13.2,10.7,0.6,,1029.0,1.3,2.1,275,Mace Head
2014-05-15,6.3,9.0,210.0,11.0,1745.0,13.9,10.6,0.0,,1032.6,2.2,3.3,275,Mace Head
2014-05-16,12.6,17.0,200.0,21.0,2359.0,14.4,10.7,0.0,,1027.6,2.5,4.3,275,Mace Head
2014-05-17,18.9,26.0,200.0,33.0,822.0,12.8,10.0,13.1,,1015.0,1.0,1.9,275,Mace Head
2014-05-18,10.1,21.0,210.0,27.0,2505.0,12.2,6.4,9.7,,1004.5,2.5,4.2,275,Mace Head
2014-05-19,7.8,14.0,30.0,18.0,1014.0,15.2,4.6,1.6,,1000.8,1.7,2.4,275,Mace Head
2014-05-20,8.2,17.0,160.0,23.0,826.0,17.1,10.9,1.7,,1000.4,1.6,2.2,275,Mace Head
2014-05-21,10.4,18.0,340.0,23.0,875.0,12.7,9.7,0.0,,1004.0,1.4,2.1,275,Mace Head
2014-05-22,19.5,30.0,340.0,39.0,1745.0,12.8,8.1,0.0,,1004.8,2.2,4.1,275,Mace Head
2014-05-23,15.6,22.0,350.0,30.0,1819.0,13.5,8.1,4.8,,1008.7,2.8,4.5,275,Mace Head
2014-05-24,14.1,22.0,350.0,26.0,1137.0,13.8,8.1,0.0,,1011.6,2.1,3.2,275,Mace Head
2014-05-25,9.1,15.0,340.0,19.0,1887.0,16.8,7.8,1.5,,1013.6,2.9,4.2,275,Mace Head
2014-05-26,7.8,11.0,300.0,13.0,2779.0,13.7,9.9,0.0,,1014.6,3.2,4.9,275,Mace Head
2014-05-27,4.3,10.0,140.0,13.0,2384.0,17.4,8.6,0.6,,1014.2,3.3,4.5,275,Mace Head
2014-05-28,6.4,14.0,280.0,16.0,2970.0,16.8,9.6,0.0,,1015.4,3.5,5.2,275,Mace Head
2014-05-29,7.3,13.0,250.0,16.0,1700.0,17.6,10.0,0.0,,1018.0,2.7,3.8,275,Mace Head
2014-05-30,5.8,12.0,290.0,15.0,2849.0,15.9,8.3,0.0,,1022.2,3.4,5.0,275,Mace Head
2014-05-31,11.0,17.0,210.0,20.0,1764.0,15.1,10.2,0.0,,1021.7,2.0,3.4,275,Mace Head
2014-06-01,16.3,21.0,190.0,27.0,676.0,13.7,11.8,3.3,,1016.1,0.8,1.6,275,Mace Head
2014-06-02,13.2,20.0,280.0,24.0,1262.0,13.4,10.2,1.3,,1013.1,1.7,2.8,275,Mace Head
2014-06-03,13.1,20.0,260.0,27.0,2328.0,14.1,9.2,2.3,,1008.7,3.0,4.9,275,Mace Head
2014-06-04,12.1,19.0,290.0,25.0,3014.0,13.8,8.4,0.2,,1007.0,3.6,5.9,275,Mace Head
2014-06-05,5.4,13.0,80.0,18.0,3158.0,15.5,6.0,0.0,,1007.1,3.9,5.5,275,Mace Head
2014-06-06,17.6,25.0,90.0,34.0,711.0,14.6,9.6,6.2,,1002.7,1.4,2.3,275,Mace Head
2014-06-07,14.4,24.0,170.0,31.0,1728.0,18.2,11.6,2.0,,1002.4,2.8,4.4,275,Mace Head
2014-06-08,12.6,19.0,140.0,24.0,2348.0,16.8,11.8,0.5,,1006.1,2.9,4.8,275,Mace Head
2014-06-09,11.7,22.0,140.0,28.0,1862.0,18.3,11.8,3.3,,1007.7,2.9,4.4,275,Mace Head
2014-06-10,7.7,13.0,270.0,15.0,2837.0,16.2,11.5,0.1,,1010.3,3.4,5.2,275,Mace Head
2014-06-11,10.3,15.0,210.0,17.0,2544.0,16.3,12.8,0.0,,1019.4,3.1,5.0,275,Mace Head
2014-06-12,12.3,19.0,190.0,22.0,1629.0,16.7,13.4,0.0,,1023.1,2.3,3.7,275,Mace Head
2014-06-13,11.5,16.0,280.0,20.0,1697.0,16.5,12.7,6.0,,1024.1,2.2,3.6,275,Mace Head
2014-06-14,6.4,16.0,280.0,19.0,1983.0,17.5,12.6,0.0,,1027.1,2.9,4.1,275,Mace Head
2014-06-15,6.2,13.0,80.0,16.0,2311.0,20.3,10.6,0.0,,1028.9,3.4,4.8,275,Mace Head
2014-06-16,8.1,17.0,40.0,23.0,3065.0,22.7,10.2,0.0,,1028.5,4.6,6.6,275,Mace Head
2014-06-17,7.9,12.0,300.0,15.0,3018.0,21.9,13.2,0.0,,1028.1,4.4,6.3,275,Mace Head
2014-06-18,8.8,17.0,300.0,21.0,3021.0,21.0,14.1,0.0,,1026.9,4.2,6.3,275,Mace Head
2014-06-19,8.9,17.0,320.0,28.0,2161.0,20.0,11.6,0.0,,1025.6,3.6,5.1,275,Mace Head
2014-06-20,7.2,13.0,20.0,17.0,1669.0,18.9,10.2,0.0,,1023.3,2.9,4.0,275,Mace Head
2014-06-21,8.4,16.0,340.0,20.0,1184.0,18.1,10.3,0.0,,1021.8,2.2,3.1,275,Mace Head
2014-06-22,5.2,9.0,270.0,11.0,1329.0,18.7,10.1,0.0,,1022.2,2.3,3.1,275,Mace Head
2014-06-23,7.9,16.0,280.0,18.0,2881.0,19.2,11.7,0.0,,1023.4,3.9,5.8,275,Mace Head
2014-06-24,5.0,9.0,280.0,12.0,2480.0,19.0,12.4,0.0,,1019.6,3.6,4.9,275,Mace Head
2014-06-25,5.0,13.0,110.0,16.0,1895.0,18.7,13.5,6.5,,1012.9,3.0,4.1,275,Mace Head
2014-06-26,12.5,21.0,100.0,27.0,923.0,16.4,13.1,3.0,,1007.8,1.5,2.4,275,Mace Head
2014-06-27,6.1,13.0,20.0,20.0,1715.0,18.2,11.9,3.9,,1008.0,2.6,3.7,275,Mace Head
2014-06-28,7.8,21.0,340.0,26.0,2216.0,18.6,9.8,0.0,,1011.2,3.4,4.9,275,Mace Head
2014-06-29,4.4,8.0,90.0,10.0,2467.0,18.0,9.1,0.0,,1013.1,3.6,4.9,275,Mace Head
2014-06-30,8.5,13.0,280.0,17.0,2571.0,21.2,11.8,0.0,,1013.9,4.4,6.1,275,Mace Head
2014-07-01,7.2,12.0,60.0,15.0,2968.0,20.7,10.8,0.0,,1017.3,4.4,6.2,275,Mace Head
2014-07-02,16.2,25.0,200.0,32.0,1112.0,17.2,14.0,0.5,,1015.6,2.0,3.2,275,Mace Head
2014-07-03,15.9,22.0,200.0,27.0,1099.0,16.8,13.7,4.3,,1008.6,1.9,3.1,275,Mace Head
2014-07-04,15.4,23.0,190.0,29.0,2050.0,16.8,12.6,4.2,,998.4,3.0,4.8,275,Mace Head
2014-07-05,12.6,21.0,230.0,26.0,2538.0,16.1,10.7,2.9,,999.0,3.4,5.4,275,Mace Head
2014-07-06,14.5,20.0,270.0,26.0,2798.0,16.4,11.8,0.9,,1003.9,3.7,6.1,275,Mace Head
2014-07-07,8.6,16.0,280.0,21.0,2155.0,16.6,11.8,1.3,,1010.8,3.1,4.6,275,Mace Head
2014-07-08,14.4,23.0,320.0,29.0,2622.0,17.4,11.8,1.1,,1019.1,3.6,5.8,275,Mace Head
2014-07-09,7.8,14.0,270.0,17.0,1035.0,16.2,11.8,0.8,,1023.0,1.6,2.4,275,Mace Head
2014-07-10,7.0,12.0,270.0,14.0,1379.0,17.1,14.2,0.2,,1020.1,2.0,2.9,275,Mace Head
2014-07-11,7.2,11.0,220.0,13.0,782.0,16.7,14.6,0.6,,1016.0,1.3,1.9,275,Mace Head
2014-07-12,12.7,17.0,230.0,22.0,755.0,16.4,13.6,1.2,,1010.1,1.2,1.9,275,Mace Head
2014-07-13,10.6,17.0,280.0,23.0,2069.0,17.6,12.0,0.4,,1008.9,3.0,4.6,275,Mace Head
2014-07-14,17.8,26.0,200.0,32.0,1633.0,17.2,13.8,7.4,,1007.7,2.1,3.7,275,Mace Head
2014-07-15,10.4,25.0,170.0,31.0,1848.0,19.0,11.2,10.8,,1012.1,2.5,3.9,275,Mace Head
2014-07-16,13.9,23.0,200.0,29.0,2122.0,18.0,13.6,2.0,,1012.7,2.5,4.4,275,Mace Head
2014-07-17,7.4,14.0,130.0,19.0,1060.0,18.5,13.4,2.4,,1013.7,1.7,2.4,275,Mace Head
2014-07-18,9.3,18.0,60.0,25.0,1462.0,20.0,14.4,13.4,,1007.6,2.4,3.5,275,Mace Head
2014-07-19,8.3,15.0,290.0,18.0,1817.0,18.7,15.0,0.0,,1006.4,2.7,3.9,275,Mace Head
2014-07-20,8.2,18.0,260.0,21.0,2178.0,18.9,14.9,0.0,,1011.2,3.2,4.6,275,Mace Head
2014-07-21,9.8,18.0,190.0,22.0,1065.0,18.4,14.8,3.6,,1015.9,1.5,2.4,275,Mace Head
2014-07-22,5.7,11.0,160.0,15.0,911.0,19.2,16.7,8.0,,1018.9,1.5,2.1,275,Mace Head
2014-07-23,6.2,12.0,300.0,15.0,1365.0,21.4,16.6,3.3,,1018.1,2.4,3.3,275,Mace Head
2014-07-24,4.9,13.0,340.0,16.0,1920.0,21.8,16.4,0.0,,1016.8,3.0,4.1,275,Mace Head
2014-07-25,6.2,14.0,290.0,17.0,2238.0,19.3,15.9,0.0,,1015.9,3.0,4.3,275,Mace Head
2014-07-26,12.5,17.0,280.0,21.0,2453.0,18.8,15.2,0.3,,1017.0,3.1,5.0,275,Mace Head
2014-07-27,15.0,20.0,290.0,25.0,1965.0,18.6,14.4,0.1,,1018.5,3.0,4.7,275,Mace Head
2014-07-28,10.1,16.0,330.0,21.0,915.0,17.1,14.7,0.2,,1018.6,1.8,2.5,275,Mace Head
2014-07-29,13.7,18.0,300.0,23.0,1320.0,18.0,14.4,0.0,,1017.8,2.1,3.2,275,Mace Head
2014-07-30,12.4,16.0,260.0,19.0,1234.0,17.9,15.1,0.5,,1014.2,1.9,2.9,275,Mace Head
2014-07-31,10.6,17.0,260.0,20.0,1405.0,18.4,14.6,0.0,,1008.3,2.3,3.4,275,Mace Head
2014-08-01,7.2,15.0,330.0,19.0,1021.0,16.7,12.9,3.1,,1002.8,1.9,2.6,275,Mace Head
2014-08-02,13.7,21.0,310.0,26.0,2504.0,18.0,11.9,0.0,,1001.5,3.3,5.3,275,Mace Head
2014-08-03,15.4,22.0,310.0,27.0,2235.0,17.7,13.8,0.0,,1004.8,3.1,5.0,275,Mace Head
2014-08-04,6.0,13.0,170.0,16.0,2113.0,19.6,10.8,1.2,,1009.4,3.0,4.2,275,Mace Head
2014-08-05,6.1,12.0,160.0,16.0,1305.0,19.2,15.0,0.4,,1008.0,2.1,2.9,275,Mace Head
2014-08-06,12.7,21.0,260.0,27.0,2012.0,17.9,13.6,1.5,,1008.1,2.8,4.4,275,Mace Head
2014-08-07,11.8,18.0,210.0,21.0,1807.0,18.3,13.8,0.8,,1009.6,3.0,4.4,275,Mace Head
2014-08-08,14.4,24.0,210.0,30.0,2234.0,18.2,13.8,3.8,,1004.3,3.2,5.1,275,Mace Head
2014-08-09,9.7,16.0,280.0,20.0,2415.0,18.5,12.7,1.8,,999.3,3.2,4.9,275,Mace Head
2014-08-10,14.2,24.0,310.0,32.0,1882.0,16.9,11.8,2.4,,998.0,2.6,4.1,275,Mace Head
2014-08-11,21.9,26.0,270.0,33.0,2045.0,16.9,13.1,2.4,,1000.4,2.7,4.9,275,Mace Head
2014-08-12,16.6,27.0,230.0,36.0,2103.0,17.0,12.4,4.3,,1001.1,2.7,4.6,275,Mace Head
2014-08-13,13.8,19.0,280.0,23.0,1646.0,17.1,12.9,1.5,,1005.6,2.2,3.5,275,Mace Head
2014-08-14,12.5,20.0,310.0,24.0,2186.0,17.7,12.6,1.4,,1011.8,3.0,4.6,275,Mace Head
2014-08-15,12.7,18.0,320.0,23.0,2049.0,17.7,13.1,0.1,,1018.8,3.2,4.7,275,Mace Head
2014-08-16,19.1,24.0,260.0,31.0,606.0,15.7,12.9,0.5,,1016.5,1.5,2.3,275,Mace Head
2014-08-17,18.6,23.0,300.0,33.0,1959.0,16.3,11.5,0.1,,1011.7,2.9,4.7,275,Mace Head
2014-08-18,13.6,21.0,310.0,26.0,2016.0,16.9,10.9,0.3,,1014.1,3.0,4.6,275,Mace Head
2014-08-19,11.6,19.0,320.0,26.0,2080.0,16.9,11.1,0.6,,1015.7,3.1,4.6,275,Mace Head
2014-08-20,9.3,18.0,250.0,25.0,1562.0,15.8,10.8,0.2,,1016.9,2.5,3.5,275,Mace Head
2014-08-21,15.8,26.0,260.0,32.0,1935.0,16.4,11.6,0.6,,1011.8,2.5,4.1,275,Mace Head
2014-08-22,9.3,17.0,310.0,22.0,1862.0,16.7,10.4,0.2,,1013.5,2.8,4.0,275,Mace Head
2014-08-23,9.0,15.0,270.0,18.0,2285.0,16.8,8.8,0.0,,1016.1,3.0,4.4,275,Mace Head
2014-08-24,13.3,19.0,100.0,25.0,739.0,15.1,9.7,4.2,,1008.4,1.0,1.7,275,Mace Head
2014-08-25,14.8,22.0,60.0,31.0,1074.0,20.1,14.5,11.2,,996.4,1.7,2.7,275,Mace Head
2014-08-26,15.5,19.0,70.0,26.0,847.0,17.8,14.2,0.0,,1002.5,1.6,2.5,275,Mace Head
2014-08-27,19.2,30.0,140.0,41.0,344.0,16.3,13.5,3.2,,1000.5,0.9,1.4,275,Mace Head
2014-08-28,26.2,36.0,220.0,46.0,745.0,16.3,13.5,18.0,,995.5,1.5,2.6,275,Mace Head
2014-08-29,22.6,33.0,240.0,44.0,952.0,16.4,12.8,2.2,,1002.1,1.4,2.5,275,Mace Head
2014-08-30,15.6,21.0,270.0,27.0,1423.0,16.5,13.7,0.0,,1013.2,2.1,3.3,275,Mace Head
2014-08-31,14.3,23.0,190.0,29.0,576.0,16.1,13.6,2.0,,1014.0,1.0,1.6,275,Mace Head
2014-09-01,7.8,15.0,270.0,18.0,900.0,16.4,14.2,0.0,,1018.9,2.0,2.6,275,Mace Head
2014-09-02,6.4,11.0,170.0,14.0,856.0,16.5,13.3,0.0,,1020.6,1.9,2.5,275,Mace Head
2014-09-03,4.7,9.0,130.0,12.0,1514.0,18.2,12.6,0.0,,1017.7,2.2,3.0,275,Mace Head
2014-09-04,5.5,10.0,300.0,12.0,1531.0,18.6,14.8,0.0,,1015.3,2.0,2.8,275,Mace Head
2014-09-05,3.6,9.0,40.0,11.0,302.0,17.0,11.6,0.0,,1015.6,0.8,1.1,275,Mace Head
2014-09-06,9.3,14.0,60.0,18.0,1462.0,17.3,9.5,0.0,,1016.4,2.2,3.2,275,Mace Head
2014-09-07,6.0,10.0,50.0,13.0,1068.0,17.4,7.6,0.0,,1017.7,1.8,2.5,275,Mace Head
2014-09-08,6.9,12.0,300.0,14.0,1414.0,15.5,8.6,0.0,,1019.5,1.8,2.6,275,Mace Head
2014-09-09,5.0,8.0,170.0,10.0,1728.0,16.9,9.6,0.0,,1019.2,2.1,3.0,275,Mace Head
2014-09-10,7.6,13.0,120.0,17.0,1880.0,19.5,9.5,0.0,,1016.6,2.5,3.5,275,Mace Head
2014-09-11,9.6,16.0,110.0,20.0,1317.0,20.9,12.8,0.0,,1017.7,2.3,3.1,275,Mace Head
2014-09-12,10.1,16.0,120.0,20.0,1480.0,20.0,11.4,0.0,,1020.0,2.2,3.1,275,Mace Head
2014-09-13,9.1,14.0,90.0,18.0,1646.0,21.2,12.5,0.0,,1022.5,2.5,3.5,275,Mace Head
2014-09-14,11.4,17.0,90.0,22.0,1438.0,19.6,11.7,0.0,,1019.9,2.2,3.1,275,Mace Head
2014-09-15,9.5,16.0,90.0,20.0,1493.0,20.0,10.4,0.0,,1015.9,2.1,3.0,275,Mace Head
2014-09-16,9.0,15.0,70.0,20.0,1136.0,19.3,11.2,0.0,,1011.8,1.8,2.5,275,Mace Head
2014-09-17,13.8,20.0,70.0,27.0,960.0,20.3,13.4,0.0,,1008.7,1.8,2.5,275,Mace Head
2014-09-18,11.7,18.0,60.0,23.0,1403.0,21.0,14.1,0.0,,1007.3,2.4,3.3,275,Mace Head
2014-09-19,6.2,13.0,340.0,16.0,718.0,20.0,14.3,0.0,,1011.4,1.5,2.0,275,Mace Head
2014-09-20,8.7,14.0,40.0,19.0,1300.0,18.6,8.3,0.0,,1019.3,1.8,2.6,275,Mace Head
2014-09-21,6.5,11.0,150.0,14.0,1673.0,17.5,7.1,0.0,,1023.9,1.8,2.6,275,Mace Head
2014-09-22,8.3,14.0,220.0,17.0,1383.0,17.4,9.5,0.9,,1022.0,1.5,2.3,275,Mace Head
2014-09-23,12.8,22.0,230.0,25.0,665.0,15.8,12.3,1.3,,1016.3,1.3,1.9,275,Mace Head
2014-09-24,11.5,17.0,210.0,20.0,1316.0,16.5,12.4,0.1,,1015.2,1.4,2.3,275,Mace Head
2014-09-25,15.0,26.0,220.0,32.0,686.0,17.1,14.2,0.6,,1014.2,1.0,1.6,275,Mace Head
2014-09-26,13.0,22.0,230.0,30.0,1517.0,16.6,13.5,0.5,,1018.2,1.9,2.8,275,Mace Head
2014-09-27,11.8,20.0,200.0,25.0,806.0,17.4,11.4,0.9,,1019.5,1.2,1.8,275,Mace Head
2014-09-28,6.8,10.0,200.0,12.0,1028.0,17.8,14.6,0.1,,1016.7,1.1,1.7,275,Mace Head
2014-09-29,10.7,19.0,170.0,23.0,717.0,17.7,14.7,3.0,,1014.4,1.0,1.5,275,Mace Head
2014-09-30,13.7,23.0,210.0,29.0,980.0,16.6,14.7,0.8,,1012.4,1.3,2.0,275,Mace Head
2014-10-01,14.3,25.0,300.0,30.0,1205.0,15.6,12.2,0.6,,1020.0,1.6,2.4,275,Mace Head
2014-10-02,22.4,32.0,190.0,44.0,446.0,16.3,13.3,0.0,,1017.3,1.7,2.4,275,Mace Head
2014-10-03,13.8,33.0,200.0,41.0,742.0,16.4,10.1,7.4,,1009.0,1.3,1.9,275,Mace Head
2014-10-04,17.2,29.0,270.0,39.0,1040.0,13.5,8.7,1.6,,1010.5,1.7,2.5,275,Mace Head
2014-10-05,23.9,36.0,140.0,47.0,307.0,14.4,10.8,10.4,,998.2,1.0,1.5,275,Mace Head
2014-10-06,15.2,32.0,260.0,38.0,985.0,12.4,5.8,4.5,,988.3,1.0,1.7,275,Mace Head
2014-10-07,13.8,28.0,190.0,39.0,707.0,13.4,5.8,8.2,,987.9,1.1,1.6,275,Mace Head
2014-10-08,11.7,22.0,130.0,29.0,788.0,14.8,8.9,1.4,,982.1,1.2,1.7,275,Mace Head
2014-10-09,12.3,22.0,310.0,28.0,1071.0,14.3,9.5,2.9,,989.3,1.4,2.0,275,Mace Head
2014-10-10,5.2,11.0,170.0,16.0,1127.0,14.1,6.9,4.7,,1000.2,1.0,1.4,275,Mace Head
2014-10-11,4.1,7.0,240.0,9.0,1203.0,14.9,7.2,0.1,,1006.7,1.0,1.4,275,Mace Head
2014-10-12,6.4,12.0,50.0,14.0,1182.0,15.1,7.0,0.1,,1008.9,1.1,1.5,275,Mace Head
2014-10-13,8.2,15.0,50.0,20.0,1007.0,14.7,5.9,0.0,,1009.1,1.2,1.7,275,Mace Head
2014-10-14,13.4,22.0,80.0,28.0,767.0,12.8,5.7,0.0,,1004.0,0.9,1.4,275,Mace Head
2014-10-15,15.7,23.0,90.0,31.0,185.0,14.2,10.4,14.8,,993.5,0.7,1.0,275,Mace Head
2014-10-16,13.2,19.0,130.0,24.0,865.0,17.1,10.6,0.6,,989.2,1.0,1.4,275,Mace Head
2014-10-17,17.7,29.0,120.0,38.0,205.0,16.0,12.9,7.0,,988.6,0.8,1.1,275,Mace Head
2014-10-18,28.8,39.0,190.0,53.0,889.0,16.0,13.2,1.4,,988.8,1.3,2.1,275,Mace Head
2014-10-19,23.9,36.0,210.0,48.0,763.0,14.5,11.7,2.5,,1000.8,1.0,1.6,275,Mace Head
2014-10-20,24.9,41.0,270.0,54.0,406.0,14.3,11.4,7.5,,1000.3,0.7,1.2,275,Mace Head
2014-10-21,30.2,42.0,290.0,53.0,747.0,12.1,8.9,1.4,,1008.6,0.9,1.6,275,Mace Head
2014-10-22,21.7,26.0,230.0,34.0,212.0,13.5,11.9,0.7,,1017.7,1.3,1.8,275,Mace Head
2014-10-23,20.4,25.0,260.0,32.0,259.0,14.2,10.1,1.0,,1009.2,0.7,1.1,275,Mace Head
2014-10-24,22.5,28.0,240.0,41.0,523.0,12.9,9.8,1.5,,1007.1,1.4,2.0,275,Mace Head
2014-10-25,27.9,35.0,230.0,46.0,314.0,13.5,10.5,1.6,,1006.2,1.4,2.1,275,Mace Head
2014-10-26,26.1,34.0,220.0,44.0,214.0,14.3,11.6,1.2,,1006.0,0.7,1.2,275,Mace Head
2014-10-27,20.2,25.0,180.0,33.0,120.0,14.8,13.8,6.9,,1002.6,0.4,0.7,275,Mace Head
2014-10-28,13.0,22.0,190.0,28.0,573.0,14.5,4.7,11.7,,1006.0,0.4,0.7,275,Mace Head
2014-10-29,13.0,20.0,90.0,26.0,425.0,13.1,3.8,0.5,,1008.9,0.5,0.8,275,Mace Head
2014-10-30,13.7,19.0,150.0,26.0,130.0,15.0,13.1,5.7,,1002.9,0.5,0.7,275,Mace Head
2014-10-31,15.0,27.0,220.0,36.0,147.0,14.7,10.5,15.8,,1000.0,0.6,0.8,275,Mace Head
2014-11-01,23.2,32.0,270.0,39.0,151.0,13.8,10.1,6.6,,997.3,1.1,1.6,275,Mace Head
2014-11-02,21.4,29.0,220.0,38.0,338.0,11.3,7.1,6.4,,990.0,0.7,1.1,275,Mace Head
2014-11-03,15.2,30.0,220.0,38.0,510.0,10.3,6.3,8.8,,983.1,0.7,1.0,275,Mace Head
2014-11-04,16.8,23.0,330.0,34.0,572.0,12.1,8.5,1.5,,996.6,1.0,1.3,275,Mace Head
2014-11-05,10.2,26.0,150.0,35.0,370.0,10.9,5.4,3.7,,1001.7,0.4,0.6,275,Mace Head
2014-11-06,20.5,34.0,180.0,41.0,115.0,13.3,9.6,19.9,,987.7,0.8,1.1,275,Mace Head
2014-11-07,22.0,31.0,280.0,44.0,363.0,11.8,8.8,3.7,,985.2,1.4,1.9,275,Mace Head
2014-11-08,15.3,26.0,280.0,32.0,387.0,11.6,6.9,1.2,,990.5,1.1,1.3,275,Mace Head
2014-11-09,15.3,25.0,260.0,30.0,531.0,11.9,8.5,1.3,,996.5,0.8,1.0,275,Mace Head
2014-11-10,15.3,23.0,110.0,32.0,114.0,11.6,8.9,9.0,,989.5,0.9,1.2,275,Mace Head
2014-11-11,8.4,15.0,140.0,22.0,541.0,11.7,5.2,1.0,,983.6,0.4,0.5,275,Mace Head
2014-11-12,9.8,25.0,130.0,34.0,367.0,11.7,5.3,2.4,,983.2,0.6,0.7,275,Mace Head
2014-11-13,18.2,29.0,140.0,42.0,209.0,10.7,8.0,5.9,,982.8,1.0,1.3,275,Mace Head
2014-11-14,15.5,22.0,160.0,31.0,387.0,11.9,6.2,1.7,,983.7,0.7,0.9,275,Mace Head
2014-11-15,10.6,16.0,100.0,23.0,299.0,11.9,6.8,0.1,,991.0,0.6,0.7,275,Mace Head
2014-11-16,7.4,12.0,330.0,16.0,486.0,12.4,6.0,0.0,,1000.7,0.4,0.5,275,Mace Head
2014-11-17,10.0,17.0,350.0,21.0,453.0,11.2,8.1,0.1,,1006.6,0.5,0.6,275,Mace Head
2014-11-18,14.0,20.0,90.0,26.0,367.0,10.5,5.9,0.0,,1004.7,0.5,0.6,275,Mace Head
2014-11-19,15.9,26.0,80.0,37.0,334.0,12.2,6.9,0.8,,1009.9,0.8,1.0,275,Mace Head
2014-11-20,8.9,18.0,90.0,23.0,488.0,9.9,3.9,0.2,,1017.0,0.2,0.2,275,Mace Head
2014-11-21,15.5,23.0,100.0,31.0,64.0,12.2,7.6,8.7,,1005.5,0.5,0.7,275,Mace Head
2014-11-22,15.1,27.0,270.0,33.0,401.0,11.4,6.5,2.2,,1006.8,0.7,0.8,275,Mace Head
2014-11-23,10.3,16.0,280.0,21.0,360.0,9.6,5.2,0.0,,1017.1,0.8,0.9,275,Mace Head
2014-11-24,13.0,23.0,200.0,29.0,124.0,11.4,4.0,0.9,,1020.2,0.6,0.8,275,Mace Head
2014-11-25,8.4,15.0,150.0,20.0,340.0,9.6,2.3,0.7,,1018.0,0.2,0.2,275,Mace Head
2014-11-26,10.8,18.0,130.0,23.0,340.0,9.4,6.4,0.0,,1006.8,0.3,0.3,275,Mace Head
2014-11-27,19.1,25.0,130.0,33.0,312.0,9.9,6.7,0.0,,994.6,0.7,0.8,275,Mace Head
2014-11-28,16.6,22.0,70.0,31.0,250.0,11.2,7.1,0.0,,997.9,0.8,1.0,275,Mace Head
2014-11-29,9.8,19.0,260.0,24.0,72.0,11.7,6.0,0.0,,1007.7,0.5,0.6,275,Mace Head
2014-11-30,5.2,12.0,210.0,17.0,360.0,12.0,6.0,0.0,,1013.6,0.1,0.2,275,Mace Head
2014-12-01,13.8,23.0,320.0,29.0,91.0,10.6,5.9,1.7,,1015.7,0.7,0.9,275,Mace Head
2014-12-02,9.1,21.0,340.0,28.0,270.0,9.0,4.5,1.2,,1024.7,0.7,0.8,275,Mace Head
2014-12-03,5.9,16.0,260.0,18.0,228.0,9.8,5.6,0.5,,1024.0,0.3,0.4,275,Mace Head
2014-12-04,12.6,27.0,340.0,37.0,245.0,9.6,6.0,2.4,,1015.5,0.8,0.9,275,Mace Head
2014-12-05,17.7,26.0,300.0,36.0,253.0,9.7,5.8,0.6,,1023.1,1.1,1.4,275,Mace Head
2014-12-06,21.8,30.0,240.0,38.0,83.0,11.0,9.0,1.3,,1020.0,1.1,1.5,275,Mace Head
2014-12-07,29.8,39.0,270.0,51.0,226.0,10.3,4.2,2.4,,1014.8,0.9,1.3,275,Mace Head
2014-12-08,18.6,34.0,300.0,43.0,249.0,9.2,4.4,1.5,,1019.8,1.1,1.3,275,Mace Head
2014-12-09,31.5,47.0,260.0,63.0,50.0,11.6,5.0,2.2,,1012.9,1.0,1.6,275,Mace Head
2014-12-10,39.7,48.0,270.0,69.0,168.0,8.6,5.1,2.3,,1007.5,1.6,2.9,275,Mace Head
2014-12-11,30.0,47.0,280.0,64.0,68.0,8.2,3.8,6.6,,997.4,0.9,1.6,275,Mace Head
2014-12-12,13.1,29.0,290.0,37.0,228.0,6.9,1.8,2.2,,999.1,0.8,0.9,275,Mace Head
2014-12-13,17.9,28.0,250.0,37.0,176.0,9.2,3.2,1.7,,1006.6,0.8,1.0,275,Mace Head
2014-12-14,25.3,30.0,240.0,45.0,180.0,9.9,6.7,1.2,,1001.6,0.9,1.2,275,Mace Head
2014-12-15,11.7,22.0,280.0,28.0,246.0,8.9,6.7,2.3,,1009.2,0.7,0.7,275,Mace Head
2014-12-16,18.2,34.0,250.0,43.0,57.0,11.0,7.4,5.7,,1007.7,0.8,1.1,275,Mace Head
2014-12-17,21.9,28.0,260.0,33.0,86.0,11.1,10.6,3.9,,1002.0,0.4,0.6,275,Mace Head
2014-12-18,24.9,33.0,230.0,41.0,61.0,11.7,7.3,2.5,,1001.5,1.0,1.5,275,Mace Head
2014-12-19,27.8,36.0,270.0,47.0,188.0,8.9,6.3,1.4,,1013.2,1.3,1.9,275,Mace Head
2014-12-20,20.9,32.0,270.0,45.0,182.0,9.7,7.3,0.5,,1023.6,0.9,1.2,275,Mace Head
2014-12-21,26.5,33.0,230.0,40.0,91.0,11.4,9.2,0.3,,1015.7,0.6,0.9,275,Mace Head
2014-12-22,28.2,32.0,230.0,41.0,40.0,11.5,10.6,2.7,,1007.9,0.6,1.0,275,Mace Head
2014-12-23,21.2,30.0,230.0,39.0,104.0,11.1,6.5,6.0,,1006.6,0.8,1.1,275,Mace Head
2014-12-24,22.9,30.0,260.0,44.0,236.0,8.4,5.8,1.5,,1017.0,1.5,1.9,275,Mace Head
2014-12-25,11.1,21.0,290.0,29.0,220.0,8.6,5.6,0.5,,1027.6,0.8,0.9,275,Mace Head
2014-12-26,12.6,22.0,110.0,31.0,107.0,7.6,4.1,16.0,,1019.2,0.5,0.7,275,Mace Head
2014-12-27,15.6,28.0,330.0,39.0,206.0,7.1,2.7,1.9,,1018.3,0.6,0.8,275,Mace Head
2014-12-28,6.3,13.0,150.0,17.0,363.0,5.7,1.1,0.0,,1029.5,0.1,0.1,275,Mace Head
2014-12-29,15.1,19.0,180.0,26.0,221.0,9.4,5.3,0.0,,1033.9,0.8,0.9,275,Mace Head
2014-12-30,16.2,27.0,180.0,34.0,198.0,10.1,7.5,0.1,,1025.9,0.8,1.0,275,Mace Head
2014-12-31,21.6,32.0,200.0,44.0,93.0,11.1,9.3,7.1,,1016.1,0.8,1.1,275,Mace Head
2015-01-01,27.1,37.0,260.0,50.0,49.0,12.0,7.3,11.3,,1009.4,1.1,1.7,275,Mace Head
2015-01-02,25.1,37.0,280.0,48.0,294.0,9.2,5.6,1.6,,1022.0,1.4,1.9,275,Mace Head
2015-01-03,9.2,18.0,210.0,22.0,385.0,6.9,2.1,8.6,,1020.3,0.1,0.1,275,Mace Head
2015-01-04,12.0,21.0,190.0,27.0,164.0,9.5,3.3,0.8,,1024.4,0.3,0.4,275,Mace Head
2015-01-05,18.0,26.0,190.0,37.0,135.0,10.8,5.3,3.2,,1014.6,0.6,0.8,275,Mace Head
2015-01-06,21.1,33.0,200.0,44.0,254.0,9.9,5.5,2.2,,1012.4,1.0,1.3,275,Mace Head
2015-01-07,30.2,38.0,200.0,49.0,84.0,11.5,8.0,12.9,,1004.6,1.0,1.6,275,Mace Head
2015-01-08,25.3,42.0,200.0,53.0,167.0,11.2,4.5,6.6,,1011.2,0.7,1.1,275,Mace Head
2015-01-09,28.1,39.0,230.0,49.0,37.0,12.5,9.2,5.3,,1007.5,1.3,1.9,275,Mace Head
2015-01-10,33.0,42.0,280.0,61.0,288.0,11.7,3.7,2.7,,1007.8,0.8,1.3,275,Mace Head
2015-01-11,31.0,41.0,220.0,55.0,92.0,9.6,5.0,0.8,,1009.0,1.3,2.2,275,Mace Head
2015-01-12,30.2,43.0,210.0,56.0,318.0,10.2,2.9,6.4,,996.7,0.7,1.1,275,Mace Head
2015-01-13,26.1,38.0,260.0,51.0,160.0,5.8,1.5,4.4,,992.4,1.1,1.7,275,Mace Head
2015-01-14,32.6,51.0,240.0,64.0,24.0,9.9,1.8,21.9,,978.5,0.9,1.6,275,Mace Head
2015-01-15,34.7,50.0,240.0,68.0,61.0,7.9,4.1,4.5,,979.1,1.4,2.4,275,Mace Head
2015-01-16,19.3,36.0,290.0,45.0,354.0,7.1,1.9,2.2,,1000.0,1.3,1.7,275,Mace Head
2015-01-17,13.9,27.0,280.0,37.0,254.0,6.1,1.6,4.5,,1008.2,0.7,0.9,275,Mace Head
2015-01-18,9.2,21.0,320.0,29.0,430.0,8.6,1.2,0.1,,1016.6,0.6,0.7,275,Mace Head
2015-01-19,14.9,24.0,130.0,32.0,95.0,5.5,-0.1,7.3,,1010.8,0.6,0.9,275,Mace Head
2015-01-20,10.0,24.0,310.0,36.0,258.0,6.9,2.0,3.0,,1000.7,0.6,0.7,275,Mace Head
2015-01-21,12.3,24.0,310.0,30.0,377.0,6.7,3.2,1.0,,1006.9,0.5,0.6,275,Mace Head
2015-01-22,9.5,18.0,170.0,21.0,326.0,8.1,2.8,0.5,,1014.8,0.3,0.4,275,Mace Head
2015-01-23,20.5,32.0,280.0,42.0,153.0,9.6,4.7,1.8,,1015.8,0.7,1.0,275,Mace Head
2015-01-24,17.5,28.0,300.0,35.0,218.0,9.1,4.7,0.0,,1023.9,1.2,1.6,275,Mace Head
2015-01-25,19.5,24.0,210.0,30.0,197.0,10.4,7.9,4.1,,1021.0,0.7,1.0,275,Mace Head
2015-01-26,17.9,26.0,280.0,35.0,361.0,8.7,6.3,0.2,,1024.4,1.0,1.3,275,Mace Head
2015-01-27,17.1,25.0,220.0,31.0,135.0,9.4,7.1,0.4,,1018.1,0.6,0.9,275,Mace Head
2015-01-28,35.2,47.0,270.0,71.0,343.0,9.6,3.0,2.2,,1000.7,0.9,1.6,275,Mace Head
2015-01-29,35.3,47.0,290.0,62.0,305.0,7.4,2.5,1.5,,987.6,1.4,2.5,275,Mace Head
2015-01-30,22.0,35.0,300.0,48.0,471.0,7.1,3.5,2.8,,986.2,1.1,1.5,275,Mace Head
2015-01-31,21.6,32.0,330.0,53.0,478.0,6.7,2.0,1.4,,998.8,1.2,1.7,275,Mace Head
2015-02-01,7.1,22.0,330.0,33.0,513.0,6.1,1.5,0.1,,1007.9,0.6,0.8,275,Mace Head
2015-02-02,4.7,9.0,130.0,12.0,342.0,6.3,1.6,2.0,,1006.8,0.5,0.7,275,Mace Head
2015-02-03,14.7,31.0,350.0,43.0,309.0,5.5,-0.2,2.2,,1013.7,0.7,1.0,275,Mace Head
2015-02-04,4.6,11.0,310.0,14.0,707.0,6.5,-0.9,0.0,,1025.7,0.5,0.7,275,Mace Head
2015-02-05,5.2,12.0,350.0,15.0,523.0,8.5,2.1,0.0,,1030.3,0.5,0.7,275,Mace Head
2015-02-06,5.5,9.0,350.0,12.0,269.0,7.6,3.9,0.0,,1033.8,0.6,0.8,275,Mace Head
2015-02-07,3.5,7.0,40.0,11.0,463.0,8.7,3.4,0.0,,1038.7,0.4,0.7,275,Mace Head
2015-02-08,5.0,11.0,270.0,15.0,402.0,6.8,1.3,0.0,,1039.5,0.4,0.5,275,Mace Head
2015-02-09,5.1,10.0,280.0,13.0,174.0,8.0,6.3,0.0,,1034.8,0.7,0.9,275,Mace Head
2015-02-10,6.4,11.0,120.0,16.0,268.0,6.3,2.5,0.0,,1026.5,0.6,0.8,275,Mace Head
2015-02-11,9.0,14.0,160.0,18.0,139.0,7.4,3.5,0.0,,1018.4,0.6,0.8,275,Mace Head
2015-02-12,15.5,32.0,140.0,42.0,353.0,9.0,5.2,0.2,,1003.3,0.9,1.3,275,Mace Head
2015-02-13,13.3,31.0,150.0,40.0,651.0,9.0,5.6,8.2,,992.2,0.8,1.1,275,Mace Head
2015-02-14,9.8,14.0,100.0,19.0,704.0,8.9,2.7,0.0,,1002.0,0.6,0.9,275,Mace Head
2015-02-15,14.8,23.0,260.0,30.0,131.0,8.4,5.9,12.0,,1004.3,0.6,0.9,275,Mace Head
2015-02-16,15.8,30.0,290.0,37.0,643.0,7.1,2.9,2.8,,1016.4,0.9,1.3,275,Mace Head
2015-02-17,20.4,26.0,190.0,34.0,399.0,9.1,6.3,0.1,,1029.0,1.2,1.8,275,Mace Head
2015-02-18,23.3,31.0,200.0,39.0,147.0,9.9,8.9,8.3,,1020.7,0.5,0.9,275,Mace Head
2015-02-19,18.4,31.0,250.0,41.0,678.0,9.0,5.5,2.2,,1010.5,0.9,1.4,275,Mace Head
2015-02-20,18.3,35.0,290.0,47.0,593.0,7.5,3.1,2.5,,1004.1,1.0,1.5,275,Mace Head
2015-02-21,19.6,33.0,300.0,51.0,621.0,7.1,2.9,0.8,,1003.5,1.2,1.8,275,Mace Head
2015-02-22,25.5,42.0,260.0,55.0,370.0,9.9,3.0,16.5,,992.1,0.9,1.6,275,Mace Head
2015-02-23,38.1,51.0,270.0,76.0,491.0,7.6,3.3,9.3,,982.8,1.3,2.6,275,Mace Head
2015-02-24,24.2,44.0,290.0,56.0,633.0,8.6,3.8,5.9,,998.8,1.0,1.7,275,Mace Head
2015-02-25,19.1,25.0,220.0,31.0,256.0,10.1,8.3,1.1,,1006.4,0.5,0.9,275,Mace Head
2015-02-26,27.4,41.0,260.0,53.0,776.0,10.1,2.5,4.4,,1008.4,0.8,1.5,275,Mace Head
2015-02-27,19.2,29.0,180.0,38.0,287.0,8.9,4.6,1.3,,1009.0,0.8,1.3,275,Mace Head
2015-02-28,26.2,45.0,250.0,59.0,228.0,10.9,5.1,1.8,,992.7,0.9,1.5,275,Mace Head
2015-03-01,26.2,41.0,270.0,57.0,703.0,7.3,2.2,7.6,,992.7,1.4,2.4,275,Mace Head
2015-03-02,27.8,41.0,270.0,54.0,706.0,5.7,1.3,3.1,,998.4,1.4,2.5,275,Mace Head
2015-03-03,27.4,41.0,260.0,55.0,481.0,6.7,1.5,4.2,,1011.8,1.2,2.1,275,Mace Head
2015-03-04,16.2,27.0,290.0,38.0,712.0,9.3,3.4,1.4,,1026.0,1.2,1.8,275,Mace Head
2015-03-05,20.7,24.0,210.0,31.0,623.0,10.1,8.0,0.0,,1028.3,1.2,1.9,275,Mace Head
2015-03-06,26.6,33.0,200.0,43.0,445.0,9.9,8.7,0.0,,1016.7,1.2,2.0,275,Mace Head
2015-03-07,26.5,32.0,190.0,41.0,134.0,10.4,8.1,4.0,,1006.3,0.6,1.0,275,Mace Head
2015-03-08,16.3,27.0,280.0,36.0,1056.0,9.2,6.3,0.0,,1014.4,1.6,2.4,275,Mace Head
2015-03-09,27.3,38.0,240.0,50.0,916.0,10.5,5.8,7.6,,1010.7,1.3,2.4,275,Mace Head
2015-03-10,12.8,26.0,130.0,35.0,1244.0,10.1,5.9,0.1,,1021.2,1.6,2.4,275,Mace Head
2015-03-11,19.5,34.0,190.0,48.0,1189.0,9.8,4.4,8.0,,1011.8,1.0,1.9,275,Mace Head
2015-03-12,20.1,30.0,140.0,41.0,515.0,10.0,4.5,10.8,,1011.5,1.1,1.8,275,Mace Head
2015-03-13,6.9,15.0,280.0,19.0,1444.0,9.2,1.7,0.0,,1024.8,1.4,2.1,275,Mace Head
2015-03-14,10.6,17.0,90.0,22.0,762.0,9.2,2.6,0.0,,1029.6,1.4,2.0,275,Mace Head
2015-03-15,10.8,17.0,110.0,23.0,841.0,8.6,2.3,0.0,,1027.1,1.4,2.0,275,Mace Head
2015-03-16,10.6,15.0,100.0,19.0,630.0,9.0,2.6,0.0,,1020.9,1.2,1.7,275,Mace Head
2015-03-17,6.2,13.0,90.0,18.0,1188.0,10.4,2.0,0.0,,1023.1,1.4,2.0,275,Mace Head
2015-03-18,4.2,7.0,150.0,10.0,1427.0,10.6,3.3,0.0,,1030.5,1.3,1.9,275,Mace Head
2015-03-19,5.0,13.0,270.0,15.0,878.0,10.2,3.8,0.0,,1032.2,1.1,1.5,275,Mace Head
2015-03-20,10.1,16.0,330.0,20.0,962.0,10.9,6.3,0.1,,1028.7,1.2,1.8,275,Mace Head
2015-03-21,5.1,11.0,270.0,12.0,1286.0,9.8,3.4,0.0,,1028.1,1.4,2.0,275,Mace Head
2015-03-22,12.1,23.0,220.0,29.0,634.0,9.5,3.4,0.0,,1020.6,0.9,1.4,275,Mace Head
2015-03-23,15.0,25.0,290.0,39.0,1375.0,10.4,4.2,2.2,,1014.8,1.6,2.6,275,Mace Head
2015-03-24,15.0,24.0,330.0,39.0,1459.0,9.1,4.2,1.6,,1013.5,1.9,3.0,275,Mace Head
2015-03-25,14.6,25.0,140.0,32.0,320.0,9.3,1.8,16.7,,1004.0,0.7,1.2,275,Mace Head
2015-03-26,17.5,32.0,300.0,41.0,1380.0,9.9,6.1,0.4,,1004.9,1.7,2.9,275,Mace Head
2015-03-27,10.8,28.0,200.0,33.0,1012.0,12.1,7.2,4.2,,1009.0,1.6,2.4,275,Mace Head
2015-03-28,25.7,36.0,230.0,50.0,752.0,10.4,8.4,2.8,,1000.1,1.3,2.3,275,Mace Head
2015-03-29,22.8,37.0,240.0,46.0,878.0,10.3,5.9,10.2,,995.3,1.4,2.5,275,Mace Head
2015-03-30,25.7,43.0,260.0,55.0,241.0,10.8,6.8,6.6,,998.8,1.5,2.4,275,Mace Head
2015-03-31,31.7,41.0,280.0,60.0,1248.0,9.2,4.7,0.8,,1010.0,1.7,3.5,275,Mace Head
2015-04-01,21.4,28.0,260.0,42.0,560.0,10.0,6.0,0.8,,1020.0,1.2,2.0,275,Mace Head
2015-04-02,14.8,24.0,280.0,30.0,571.0,10.5,8.7,5.2,,1014.5,0.7,1.3,275,Mace Head
2015-04-03,19.0,30.0,300.0,39.0,929.0,10.5,7.6,0.3,,1018.8,1.5,2.6,275,Mace Head
2015-04-04,7.0,18.0,310.0,22.0,1602.0,12.4,7.6,0.0,,1024.3,1.7,2.6,275,Mace Head
2015-04-05,7.9,15.0,130.0,20.0,1807.0,14.9,7.5,0.0,,1025.0,2.2,3.3,275,Mace Head
2015-04-06,4.3,8.0,310.0,10.0,1934.0,13.0,5.5,0.0,,1030.8,2.0,2.9,275,Mace Head
2015-04-07,4.2,7.0,100.0,8.0,2005.0,12.5,6.0,0.0,,1032.8,2.1,3.0,275,Mace Head
2015-04-08,6.7,13.0,120.0,16.0,1990.0,13.6,5.9,0.0,,1027.1,2.2,3.2,275,Mace Head
2015-04-09,5.7,11.0,120.0,12.0,1991.0,12.6,5.5,0.0,,1019.4,2.2,3.2,275,Mace Head
2015-04-10,14.7,27.0,290.0,40.0,1649.0,12.2,5.7,3.9,,1008.4,2.0,3.3,275,Mace Head
2015-04-11,22.5,31.0,260.0,42.0,1525.0,9.3,5.1,2.2,,1010.4,2.3,4.0,275,Mace Head
2015-04-12,9.1,21.0,210.0,25.0,1757.0,10.3,3.4,11.6,,1017.2,2.1,3.2,275,Mace Head
2015-04-13,17.1,23.0,200.0,30.0,725.0,11.3,3.5,1.3,,1021.3,1.3,2.1,275,Mace Head
2015-04-14,17.3,23.0,210.0,28.0,498.0,10.5,9.4,0.9,,1016.6,1.0,1.7,275,Mace Head
2015-04-15,11.8,22.0,210.0,26.0,1968.0,11.5,4.3,2.2,,1014.6,2.0,3.3,275,Mace Head
2015-04-16,7.3,14.0,70.0,21.0,2117.0,14.4,4.3,0.0,,1013.6,2.6,3.8,275,Mace Head
2015-04-17,10.2,17.0,70.0,22.0,2127.0,16.5,5.6,0.0,,1017.9,3.2,4.6,275,Mace Head
2015-04-18,15.7,21.0,80.0,27.0,2222.0,15.8,7.4,0.0,,1023.5,3.9,5.8,275,Mace Head
2015-04-19,11.2,18.0,90.0,25.0,2166.0,16.8,5.3,0.0,,1023.6,3.3,4.8,275,Mace Head
2015-04-20,5.8,9.0,100.0,12.0,2285.0,13.2,4.0,0.0,,1027.8,2.5,3.7,275,Mace Head
2015-04-21,6.8,14.0,70.0,18.0,2262.0,17.4,5.7,0.0,,1032.6,3.0,4.3,275,Mace Head
2015-04-22,11.5,17.0,80.0,22.0,2150.0,19.6,7.3,0.0,,1026.4,3.8,5.3,275,Mace Head
2015-04-23,6.0,10.0,140.0,12.0,2277.0,17.2,7.2,0.0,,1015.3,3.1,4.4,275,Mace Head
2015-04-24,10.2,16.0,220.0,21.0,907.0,12.9,8.7,4.8,,1003.8,1.5,2.2,275,Mace Head
2015-04-25,12.2,18.0,230.0,22.0,2060.0,12.1,3.5,0.5,,1003.7,2.2,3.7,275,Mace Head
2015-04-26,9.2,22.0,290.0,28.0,2224.0,10.9,2.0,0.1,,1011.2,2.6,4.0,275,Mace Head
2015-04-27,20.2,34.0,270.0,46.0,1710.0,8.3,4.0,4.4,,1009.9,2.2,4.0,275,Mace Head
2015-04-28,21.0,33.0,240.0,48.0,907.0,9.9,4.1,8.6,,1008.2,1.8,3.0,275,Mace Head
2015-04-29,19.9,31.0,270.0,41.0,2062.0,10.5,4.4,1.6,,1007.1,2.2,4.2,275,Mace Head
2015-04-30,6.5,13.0,70.0,20.0,2160.0,12.6,4.2,0.0,,1009.2,2.6,3.8,275,Mace Head
2015-05-01,16.3,25.0,80.0,35.0,1091.0,12.0,4.9,0.6,,1005.2,2.2,3.4,275,Mace Head
2015-05-02,18.4,28.0,80.0,38.0,865.0,12.9,5.3,8.6,,995.2,1.3,2.3,275,Mace Head
2015-05-03,15.0,28.0,230.0,37.0,1447.0,13.0,9.3,0.8,,988.4,1.7,3.0,275,Mace Head
2015-05-04,14.6,22.0,250.0,26.0,1208.0,11.9,8.2,3.2,,989.8,2.0,3.1,275,Mace Head
2015-05-05,14.0,27.0,240.0,33.0,1719.0,10.5,6.9,6.1,,985.0,2.1,3.5,275,Mace Head
2015-05-06,19.7,30.0,290.0,39.0,2013.0,12.8,8.0,1.0,,997.9,2.6,4.6,275,Mace Head
2015-05-07,6.3,11.0,340.0,14.0,2528.0,11.8,5.3,0.0,,1011.1,3.0,4.4,275,Mace Head
2015-05-08,8.8,19.0,60.0,24.0,949.0,10.6,4.6,2.7,,1007.2,1.5,2.3,275,Mace Head
2015-05-09,10.0,22.0,190.0,30.0,1416.0,13.3,6.7,4.2,,1010.1,1.9,3.0,275,Mace Head
2015-05-10,22.3,27.0,170.0,35.0,806.0,12.9,11.2,13.4,,1005.5,1.3,2.4,275,Mace Head
2015-05-11,25.8,31.0,210.0,40.0,2275.0,12.6,8.6,2.5,,1003.8,2.5,5.1,275,Mace Head
2015-05-12,19.8,33.0,250.0,41.0,1919.0,12.2,8.1,0.1,,1012.6,2.6,4.6,275,Mace Head
2015-05-13,11.0,21.0,90.0,28.0,2673.0,16.4,5.2,0.0,,1011.1,3.6,5.5,275,Mace Head
2015-05-14,16.2,28.0,90.0,36.0,1549.0,14.7,7.9,5.9,,1007.3,2.6,4.1,275,Mace Head
2015-05-15,16.8,26.0,270.0,31.0,622.0,12.5,9.4,3.6,,1016.2,1.4,2.2,275,Mace Head
2015-05-16,21.8,28.0,270.0,34.0,2274.0,11.9,8.0,0.4,,1022.3,3.0,5.5,275,Mace Head
2015-05-17,19.1,28.0,260.0,36.0,960.0,11.8,8.8,3.3,,1014.7,1.9,3.1,275,Mace Head
2015-05-18,26.4,35.0,290.0,46.0,2176.0,10.8,6.4,2.6,,1002.2,2.2,4.8,275,Mace Head
2015-05-19,21.7,30.0,290.0,40.0,2326.0,12.0,6.9,0.6,,1007.5,2.9,5.3,275,Mace Head
2015-05-20,14.4,20.0,290.0,24.0,2041.0,12.6,8.3,0.0,,1017.9,2.7,4.4,275,Mace Head
2015-05-21,12.1,17.0,210.0,21.0,867.0,12.0,9.8,0.1,,1022.6,1.5,2.3,275,Mace Head
2015-05-22,11.5,16.0,300.0,19.0,1314.0,13.1,8.9,0.6,,1024.5,1.7,2.8,275,Mace Head
2015-05-23,9.6,15.0,260.0,18.0,1070.0,13.4,8.8,1.6,,1022.3,1.5,2.3,275,Mace Head
2015-05-24,14.4,19.0,310.0,23.0,1575.0,12.7,8.8,0.1,,1019.7,2.1,3.5,275,Mace Head
2015-05-25,14.5,19.0,300.0,24.0,1399.0,12.8,9.0,0.8,,1021.0,1.8,3.0,275,Mace Head
2015-05-26,12.5,19.0,320.0,23.0,2490.0,13.4,9.2,0.0,,1025.7,3.1,5.0,275,Mace Head
2015-05-27,18.4,26.0,280.0,33.0,1029.0,12.4,8.5,7.8,,1019.5,1.7,2.9,275,Mace Head
2015-05-28,18.5,26.0,280.0,37.0,2092.0,11.9,8.0,5.0,,1009.8,2.8,4.9,275,Mace Head
2015-05-29,15.9,22.0,300.0,30.0,2603.0,11.9,7.4,1.1,,1007.6,3.0,5.3,275,Mace Head
2015-05-30,13.6,24.0,290.0,32.0,783.0,11.9,7.8,7.0,,1003.5,1.5,2.3,275,Mace Head
2015-05-31,22.4,29.0,280.0,38.0,2245.0,11.1,6.5,1.6,,1003.1,2.8,5.3,275,Mace Head
2015-06-01,27.1,40.0,200.0,51.0,886.0,11.3,7.8,7.6,,994.8,1.6,3.1,275,Mace Head
2015-06-02,18.4,30.0,240.0,38.0,2256.0,12.7,8.0,2.0,,998.3,2.8,5.0,275,Mace Head
2015-06-03,9.6,18.0,270.0,22.0,2680.0,14.1,9.4,0.1,,1014.4,3.3,5.2,275,Mace Head
2015-06-04,10.4,16.0,140.0,20.0,712.0,13.6,10.0,11.6,,1014.0,1.5,2.2,275,Mace Head
2015-06-05,24.5,35.0,230.0,44.0,2606.0,12.6,9.0,1.3,,1007.6,2.6,5.4,275,Mace Head
2015-06-06,23.2,36.0,230.0,47.0,2493.0,12.8,9.3,3.1,,1018.1,2.8,5.6,275,Mace Head
2015-06-07,12.2,16.0,290.0,19.0,3036.0,13.7,7.4,0.0,,1032.1,3.4,5.7,275,Mace Head
2015-06-08,8.2,20.0,340.0,25.0,2673.0,15.9,5.8,0.0,,1036.1,3.6,5.3,275,Mace Head
2015-06-09,8.3,15.0,290.0,18.0,2866.0,14.9,6.7,0.0,,1033.7,3.6,5.4,275,Mace Head
2015-06-10,6.7,15.0,310.0,18.0,2940.0,17.1,8.1,0.0,,1027.6,3.8,5.5,275,Mace Head
2015-06-11,8.3,15.0,70.0,21.0,2337.0,20.7,9.6,0.0,,1018.2,4.0,5.5,275,Mace Head
2015-06-12,6.2,12.0,340.0,15.0,369.0,14.9,10.9,0.6,,1011.0,1.3,1.6,275,Mace Head
2015-06-13,10.0,17.0,340.0,23.0,1534.0,13.7,8.0,0.0,,1011.6,2.3,3.5,275,Mace Head
2015-06-14,8.0,17.0,290.0,20.0,2178.0,15.2,7.7,0.0,,1015.6,3.2,4.6,275,Mace Head
2015-06-15,7.8,14.0,220.0,16.0,2213.0,15.1,10.0,0.0,,1018.7,3.1,4.5,275,Mace Head
2015-06-16,16.0,20.0,200.0,26.0,712.0,14.1,12.5,0.5,,1019.6,1.4,2.2,275,Mace Head
2015-06-17,13.1,19.0,230.0,23.0,1121.0,14.3,10.9,1.2,,1020.3,1.9,3.0,275,Mace Head
2015-06-18,13.5,18.0,280.0,21.0,1510.0,13.2,10.7,0.0,,1023.0,2.6,4.0,275,Mace Head
2015-06-19,9.6,15.0,280.0,18.0,752.0,13.9,10.6,0.8,,1022.2,1.5,2.1,275,Mace Head
2015-06-20,13.4,23.0,260.0,29.0,1772.0,15.1,11.6,0.8,,1018.1,2.3,3.8,275,Mace Head
2015-06-21,17.2,27.0,270.0,34.0,1630.0,13.3,9.8,0.3,,1013.9,2.3,3.9,275,Mace Head
2015-06-22,9.6,14.0,300.0,19.0,2833.0,17.3,9.5,0.0,,1013.3,3.9,5.9,275,Mace Head
2015-06-23,6.1,12.0,110.0,14.0,1964.0,16.4,8.4,0.0,,1015.2,2.7,3.8,275,Mace Head
2015-06-24,7.4,14.0,170.0,17.0,1971.0,16.1,12.8,1.1,,1014.3,2.7,4.0,275,Mace Head
2015-06-25,12.9,22.0,170.0,28.0,762.0,16.9,13.1,3.5,,1010.4,1.6,2.3,275,Mace Head
2015-06-26,15.9,20.0,210.0,25.0,2752.0,16.3,13.5,2.3,,1008.2,3.1,5.6,275,Mace Head
2015-06-27,17.4,24.0,170.0,30.0,773.0,15.3,13.5,15.0,,1008.4,1.4,2.4,275,Mace Head
2015-06-28,18.8,23.0,200.0,30.0,2462.0,16.1,12.9,1.1,,1009.5,2.8,5.2,275,Mace Head
2015-06-29,14.1,19.0,150.0,25.0,803.0,16.4,13.9,3.2,,1011.2,1.6,2.4,275,Mace Head
2015-06-30,11.3,20.0,200.0,26.0,574.0,16.8,13.8,0.5,,1007.7,1.3,1.8,275,Mace Head
2015-07-01,4.1,15.0,250.0,18.0,1001.0,16.1,12.2,7.9,,1006.8,1.7,2.2,275,Mace Head
2015-07-02,10.4,17.0,200.0,21.0,2633.0,18.1,13.0,0.1,,1012.2,3.5,5.4,275,Mace Head
2015-07-03,16.4,22.0,110.0,30.0,2224.0,20.9,14.4,5.6,,1010.4,3.9,6.0,275,Mace Head
2015-07-04,18.1,24.0,150.0,30.0,2297.0,16.6,13.7,0.7,,1005.8,2.9,5.2,275,Mace Head
2015-07-05,11.6,16.0,160.0,22.0,2687.0,16.9,12.8,0.2,,1009.7,3.6,5.7,275,Mace Head
2015-07-06,17.3,26.0,200.0,32.0,1067.0,17.1,12.5,10.9,,1004.0,1.8,3.0,275,Mace Head
2015-07-07,23.3,29.0,240.0,38.0,682.0,14.5,12.8,4.8,,1001.8,1.2,2.2,275,Mace Head
2015-07-08,14.9,25.0,320.0,34.0,1742.0,15.6,11.7,0.0,,1013.0,2.8,4.4,275,Mace Head
2015-07-09,11.8,22.0,190.0,27.0,599.0,15.8,11.4,1.8,,1017.1,1.4,2.0,275,Mace Head
2015-07-10,17.4,23.0,180.0,30.0,685.0,16.4,13.6,5.0,,1010.3,1.6,2.4,275,Mace Head
2015-07-11,21.9,29.0,190.0,38.0,662.0,15.6,13.1,5.0,,1007.3,1.3,2.3,275,Mace Head
2015-07-12,10.8,20.0,260.0,25.0,1242.0,16.4,12.9,1.5,,1009.8,2.3,3.3,275,Mace Head
2015-07-13,10.6,16.0,330.0,22.0,2259.0,17.6,12.3,8.4,,1009.3,3.1,4.8,275,Mace Head
2015-07-14,6.4,14.0,280.0,19.0,2139.0,19.2,11.0,1.6,,1016.0,3.4,4.7,275,Mace Head
2015-07-15,6.8,13.0,300.0,16.0,2760.0,16.5,10.0,0.0,,1018.0,3.8,5.4,275,Mace Head
2015-07-16,15.5,28.0,80.0,36.0,692.0,17.2,12.0,3.0,,1004.8,1.7,2.6,275,Mace Head
2015-07-17,27.9,35.0,250.0,46.0,2110.0,15.2,11.8,1.4,,1000.6,2.4,4.9,275,Mace Head
2015-07-18,19.7,29.0,200.0,36.0,526.0,14.7,11.2,24.6,,1006.0,1.3,2.1,275,Mace Head
2015-07-19,11.7,22.0,270.0,27.0,1773.0,15.6,12.1,2.0,,1005.6,2.8,4.2,275,Mace Head
2015-07-20,19.2,26.0,210.0,31.0,1623.0,16.6,11.8,3.7,,1000.0,2.1,3.8,275,Mace Head
2015-07-21,14.1,21.0,320.0,28.0,2011.0,15.9,12.1,0.8,,1004.4,2.9,4.6,275,Mace Head
2015-07-22,14.5,20.0,260.0,24.0,2345.0,16.0,11.3,0.8,,1011.5,3.4,5.4,275,Mace Head
2015-07-23,11.3,20.0,250.0,25.0,2204.0,15.8,10.7,0.6,,1013.0,3.2,4.9,275,Mace Head
2015-07-24,11.4,20.0,310.0,24.0,2490.0,16.1,8.7,0.0,,1013.0,3.2,5.0,275,Mace Head
2015-07-25,8.7,25.0,110.0,34.0,1871.0,15.4,9.2,2.6,,1008.5,2.8,4.0,275,Mace Head
2015-07-26,16.8,27.0,110.0,35.0,1032.0,16.1,11.8,25.2,,995.8,1.5,2.6,275,Mace Head
2015-07-27,23.5,33.0,300.0,40.0,1242.0,14.9,11.4,1.7,,997.9,1.6,3.1,275,Mace Head
2015-07-28,17.6,23.0,290.0,28.0,2224.0,14.6,10.8,1.2,,1007.5,2.8,4.9,275,Mace Head
2015-07-29,14.3,20.0,310.0,26.0,2197.0,15.3,10.9,0.1,,1014.8,3.1,5.0,275,Mace Head
2015-07-30,11.6,20.0,240.0,24.0,1766.0,15.7,10.9,2.5,,1017.2,2.7,4.1,275,Mace Head
2015-07-31,17.5,24.0,210.0,30.0,1437.0,15.5,11.7,4.5,,1011.8,2.4,3.9,275,Mace Head
2015-08-01,15.3,23.0,240.0,30.0,1885.0,16.1,11.1,2.5,,1008.7,2.8,4.5,275,Mace Head
2015-08-02,18.1,24.0,150.0,32.0,422.0,15.9,12.6,15.2,,999.8,1.1,1.7,275,Mace Head
2015-08-03,29.3,42.0,180.0,54.0,1598.0,15.8,12.1,8.3,,992.3,2.1,4.2,275,Mace Head
2015-08-04,25.5,34.0,240.0,43.0,1679.0,16.0,12.8,0.2,,997.6,2.3,4.4,275,Mace Head
2015-08-05,11.3,19.0,300.0,23.0,1515.0,16.2,11.6,7.4,,1001.5,2.2,3.4,275,Mace Head
2015-08-06,10.3,15.0,290.0,17.0,1964.0,16.0,12.0,0.5,,1009.2,2.9,4.3,275,Mace Head
2015-08-07,6.7,13.0,210.0,15.0,2341.0,16.6,10.1,0.0,,1017.1,3.2,4.5,275,Mace Head
2015-08-08,19.7,30.0,190.0,38.0,507.0,14.9,13.1,1.3,,1016.1,1.4,2.1,275,Mace Head
2015-08-09,15.2,20.0,200.0,25.0,745.0,14.9,13.6,1.6,,1010.5,1.2,2.0,275,Mace Head
2015-08-10,17.5,24.0,260.0,30.0,1709.0,15.2,12.1,5.0,,1010.9,2.2,3.8,275,Mace Head
2015-08-11,9.1,18.0,290.0,22.0,1568.0,15.7,11.0,0.1,,1019.0,2.6,3.6,275,Mace Head
2015-08-12,7.0,11.0,210.0,15.0,1049.0,15.5,10.3,0.0,,1021.6,2.0,2.7,275,Mace Head
2015-08-13,7.1,16.0,270.0,18.0,1464.0,16.4,10.2,0.1,,1015.4,2.2,3.1,275,Mace Head
2015-08-14,14.6,21.0,260.0,26.0,1965.0,14.8,11.4,0.5,,1009.6,2.5,4.2,275,Mace Head
2015-08-15,13.2,19.0,250.0,26.0,1780.0,16.0,11.3,0.5,,1009.7,2.9,4.3,275,Mace Head
2015-08-16,5.3,13.0,210.0,16.0,1833.0,17.1,12.1,1.1,,1012.7,2.5,3.5,275,Mace Head
2015-08-17,5.5,10.0,130.0,12.0,1459.0,19.0,12.7,0.1,,1014.9,2.3,3.1,275,Mace Head
2015-08-18,8.3,17.0,140.0,23.0,1593.0,17.9,11.5,0.0,,1010.4,2.1,3.2,275,Mace Head
2015-08-19,14.5,19.0,150.0,25.0,887.0,15.6,13.5,4.6,,1005.5,1.4,2.2,275,Mace Head
2015-08-20,17.1,25.0,200.0,32.0,723.0,17.2,14.0,4.0,,1006.2,1.3,2.1,275,Mace Head
2015-08-21,18.1,26.0,200.0,30.0,1819.0,16.8,14.2,0.0,,1006.8,2.5,4.2,275,Mace Head
2015-08-22,9.2,20.0,210.0,24.0,1770.0,17.1,13.6,0.0,,1006.6,2.7,3.8,275,Mace Head
2015-08-23,14.3,26.0,290.0,30.0,1038.0,15.5,12.6,2.3,,1000.1,1.8,2.7,275,Mace Head
2015-08-24,18.0,25.0,260.0,32.0,1523.0,15.1,12.0,0.2,,998.5,2.7,4.2,275,Mace Head
2015-08-25,14.7,22.0,230.0,28.0,928.0,16.1,11.7,12.2,,996.4,2.0,2.9,275,Mace Head
2015-08-26,17.5,31.0,250.0,39.0,1216.0,15.8,11.1,5.8,,992.0,1.9,3.1,275,Mace Head
2015-08-27,18.9,25.0,240.0,30.0,1858.0,16.2,12.3,2.8,,998.1,2.6,4.3,275,Mace Head
2015-08-28,20.0,26.0,200.0,35.0,1441.0,16.5,12.3,1.6,,1005.2,2.2,3.7,275,Mace Head
2015-08-29,13.5,19.0,230.0,27.0,1231.0,16.1,12.8,0.4,,1011.9,2.1,3.2,275,Mace Head
2015-08-30,7.7,14.0,230.0,16.0,1118.0,16.8,13.5,0.0,,1016.1,2.1,2.8,275,Mace Head
2015-08-31,8.1,18.0,340.0,23.0,1678.0,17.6,11.3,0.5,,1018.5,2.5,3.5,275,Mace Head
2015-09-01,11.7,19.0,310.0,26.0,1578.0,15.9,11.3,0.6,,1021.8,2.5,3.6,275,Mace Head
2015-09-02,11.4,20.0,310.0,28.0,1428.0,15.3,10.8,0.1,,1021.4,2.3,3.3,275,Mace Head
2015-09-03,13.2,20.0,340.0,28.0,1190.0,15.7,10.4,0.0,,1021.0,2.4,3.4,275,Mace Head
2015-09-04,14.8,23.0,340.0,29.0,1615.0,16.9,11.5,0.0,,1022.3,2.5,3.7,275,Mace Head
2015-09-05,9.1,17.0,0.0,24.0,1812.0,16.7,8.5,0.0,,1025.9,2.5,3.6,275,Mace Head
2015-09-06,3.5,7.0,260.0,8.0,669.0,13.8,7.6,0.0,,1029.5,1.2,1.6,275,Mace Head
2015-09-07,5.9,11.0,120.0,16.0,622.0,14.1,11.4,0.0,,1028.1,1.5,1.9,275,Mace Head
2015-09-08,14.4,19.0,120.0,25.0,1771.0,19.9,11.7,0.0,,1021.6,3.0,4.3,275,Mace Head
2015-09-09,16.0,22.0,120.0,30.0,1523.0,18.3,12.4,0.0,,1015.1,2.3,3.5,275,Mace Head
2015-09-10,16.9,21.0,130.0,27.0,756.0,17.8,13.3,7.6,,1010.2,1.6,2.4,275,Mace Head
2015-09-11,13.6,26.0,300.0,33.0,149.0,14.9,12.3,58.4,,1002.5,0.6,0.9,275,Mace Head
2015-09-12,17.8,30.0,290.0,37.0,1491.0,14.6,10.7,3.7,,999.5,1.9,3.2,275,Mace Head
2015-09-13,10.5,29.0,320.0,37.0,622.0,14.9,9.2,48.8,,996.2,0.9,1.4,275,Mace Head
2015-09-14,15.9,28.0,310.0,37.0,478.0,14.2,9.0,20.1,,993.8,1.0,1.5,275,Mace Head
2015-09-15,9.8,15.0,320.0,18.0,1273.0,15.7,11.2,0.0,,994.5,1.9,2.7,275,Mace Head
2015-09-16,7.5,14.0,230.0,17.0,1262.0,14.1,7.8,0.2,,991.8,1.5,2.2,275,Mace Head
2015-09-17,11.1,18.0,300.0,23.0,1159.0,16.1,12.0,1.7,,997.8,1.6,2.4,275,Mace Head
2015-09-18,10.7,16.0,290.0,21.0,911.0,16.5,12.2,0.1,,1012.1,1.7,2.4,275,Mace Head
2015-09-19,10.3,16.0,180.0,20.0,1115.0,15.8,11.9,0.0,,1020.4,1.7,2.4,275,Mace Head
2015-09-20,14.4,19.0,160.0,26.0,366.0,14.8,11.4,9.9,,1014.9,0.7,1.1,275,Mace Head
2015-09-21,17.4,30.0,300.0,36.0,1032.0,15.1,10.1,4.2,,1006.3,1.6,2.5,275,Mace Head
2015-09-22,13.6,26.0,300.0,32.0,1425.0,15.0,9.7,2.0,,1006.3,1.9,2.9,275,Mace Head
2015-09-23,18.9,30.0,250.0,38.0,1045.0,14.8,10.7,2.2,,1005.9,1.4,2.3,275,Mace Head
2015-09-24,21.7,29.0,250.0,37.0,1062.0,13.5,10.1,1.6,,1009.7,1.8,2.9,275,Mace Head
2015-09-25,9.6,20.0,280.0,24.0,454.0,14.1,12.4,0.0,,1018.9,1.2,1.6,275,Mace Head
2015-09-26,11.0,17.0,150.0,21.0,439.0,15.3,12.7,0.0,,1022.6,1.2,1.6,275,Mace Head
2015-09-27,13.0,17.0,140.0,21.0,1062.0,16.8,11.6,0.0,,1026.2,1.6,2.3,275,Mace Head
2015-09-28,14.2,21.0,130.0,27.0,1412.0,17.4,11.1,0.0,,1027.3,1.8,2.7,275,Mace Head
2015-09-29,9.0,14.0,110.0,18.0,1316.0,17.5,10.1,0.0,,1030.2,1.6,2.3,275,Mace Head
2015-09-30,7.5,16.0,50.0,23.0,1364.0,16.3,8.0,0.1,,1031.4,1.5,2.1,275,Mace Head
2015-10-01,5.1,10.0,80.0,12.0,1354.0,16.7,8.0,0.1,,1029.7,1.4,1.9,275,Mace Head
2015-10-02,5.0,11.0,100.0,14.0,720.0,14.3,7.7,0.2,,1023.4,1.0,1.3,275,Mace Head
2015-10-03,6.2,10.0,130.0,13.0,620.0,12.7,5.3,0.0,,1014.5,1.0,1.4,275,Mace Head
2015-10-04,13.3,21.0,100.0,28.0,549.0,14.8,6.5,0.0,,1003.7,1.2,1.7,275,Mace Head
2015-10-05,8.8,17.0,80.0,22.0,455.0,14.7,11.4,2.0,,991.7,0.7,1.1,275,Mace Head
2015-10-06,15.3,31.0,290.0,37.0,511.0,14.5,11.1,0.3,,995.2,1.1,1.6,275,Mace Head
2015-10-07,11.6,21.0,270.0,24.0,881.0,14.4,10.8,0.2,,1008.8,1.7,2.2,275,Mace Head
2015-10-08,11.1,17.0,170.0,21.0,932.0,15.1,10.9,0.0,,1014.1,1.3,1.8,275,Mace Head
2015-10-09,11.3,15.0,140.0,18.0,473.0,15.0,12.6,1.8,,1015.1,0.9,1.3,275,Mace Head
2015-10-10,9.2,13.0,110.0,17.0,619.0,15.1,10.3,0.3,,1015.7,1.0,1.4,275,Mace Head
2015-10-11,6.9,14.0,330.0,19.0,923.0,15.0,9.6,0.0,,1017.4,1.0,1.4,275,Mace Head
2015-10-12,6.7,14.0,340.0,20.0,947.0,14.1,6.0,0.0,,1023.2,1.1,1.5,275,Mace Head
2015-10-13,5.9,11.0,110.0,14.0,1121.0,13.0,5.7,0.0,,1025.0,1.0,1.5,275,Mace Head
2015-10-14,11.5,15.0,140.0,19.0,891.0,13.9,7.6,0.0,,1021.8,1.1,1.5,275,Mace Head
2015-10-15,10.1,14.0,140.0,19.0,661.0,13.3,7.8,0.0,,1021.7,1.2,1.5,275,Mace Head
2015-10-16,8.8,13.0,90.0,16.0,989.0,13.5,5.8,0.0,,1024.3,1.0,1.4,275,Mace Head
2015-10-17,8.6,13.0,80.0,17.0,325.0,11.5,7.8,0.0,,1022.4,1.0,1.2,275,Mace Head
2015-10-18,6.9,12.0,80.0,15.0,252.0,11.8,8.3,0.0,,1021.8,1.0,1.2,275,Mace Head
2015-10-19,6.1,14.0,250.0,16.0,718.0,13.8,7.9,0.0,,1024.7,0.7,1.0,275,Mace Head
2015-10-20,15.7,27.0,230.0,35.0,226.0,13.6,11.7,2.7,,1021.3,1.0,1.3,275,Mace Head
2015-10-21,21.2,34.0,240.0,50.0,152.0,13.8,12.0,1.2,,1011.8,1.0,1.4,275,Mace Head
2015-10-22,18.8,34.0,260.0,44.0,452.0,13.2,10.6,0.0,,1013.1,1.6,2.1,275,Mace Head
2015-10-23,19.4,30.0,180.0,40.0,168.0,13.9,10.0,19.6,,1008.6,0.7,1.1,275,Mace Head
2015-10-24,21.0,29.0,280.0,38.0,802.0,11.4,8.9,2.9,,1010.7,1.4,2.0,275,Mace Head
2015-10-25,21.1,28.0,170.0,37.0,294.0,12.4,10.6,0.4,,1009.0,1.5,2.0,275,Mace Head
2015-10-26,19.6,30.0,120.0,42.0,321.0,14.9,10.8,4.2,,996.5,1.1,1.6,275,Mace Head
2015-10-27,12.4,17.0,110.0,22.0,282.0,13.0,9.3,2.3,,998.7,0.6,0.9,275,Mace Head
2015-10-28,16.2,23.0,130.0,31.0,729.0,14.1,8.2,4.1,,993.3,0.7,1.0,275,Mace Head
2015-10-29,19.5,32.0,240.0,43.0,575.0,13.0,9.9,3.1,,994.8,1.2,1.7,275,Mace Head
2015-10-30,17.1,24.0,120.0,32.0,297.0,14.8,11.0,15.4,,1000.5,0.8,1.1,275,Mace Head
2015-10-31,12.5,25.0,200.0,31.0,736.0,13.9,11.0,0.1,,1012.1,0.7,1.0,275,Mace Head
2015-11-01,7.7,12.0,130.0,15.0,739.0,14.3,9.7,0.1,,1021.8,0.4,0.6,275,Mace Head
2015-11-02,8.4,14.0,130.0,18.0,434.0,15.4,11.0,0.0,,1015.7,0.6,0.8,275,Mace Head
2015-11-03,5.8,11.0,140.0,15.0,537.0,13.8,9.2,0.1,,1010.2,0.5,0.6,275,Mace Head
2015-11-04,7.8,14.0,90.0,17.0,331.0,11.9,8.6,0.0,,1007.2,0.5,0.7,275,Mace Head
2015-11-05,12.0,18.0,180.0,24.0,309.0,13.5,10.9,9.5,,1000.5,0.4,0.6,275,Mace Head
2015-11-06,16.8,23.0,230.0,32.0,495.0,13.6,11.3,9.9,,1000.5,0.7,0.9,275,Mace Head
2015-11-07,13.9,25.0,210.0,32.0,422.0,13.3,9.4,7.2,,1007.9,0.6,0.8,275,Mace Head
2015-11-08,24.1,35.0,200.0,46.0,365.0,13.3,10.0,3.8,,1005.1,1.3,1.8,275,Mace Head
2015-11-09,29.2,41.0,200.0,54.0,67.0,14.7,11.3,12.4,,1004.2,0.7,1.2,275,Mace Head
2015-11-10,21.7,29.0,210.0,37.0,92.0,14.2,12.1,2.6,,1008.0,0.4,0.7,275,Mace Head
2015-11-11,20.4,33.0,240.0,51.0,432.0,13.1,9.2,3.6,,1008.9,0.8,1.0,275,Mace Head
2015-11-12,29.9,48.0,190.0,63.0,217.0,13.7,6.2,5.8,,1002.2,1.4,2.1,275,Mace Head
2015-11-13,31.0,43.0,250.0,59.0,421.0,10.4,5.4,2.5,,1011.3,1.6,2.5,275,Mace Head
2015-11-14,23.4,36.0,220.0,46.0,49.0,13.9,7.7,21.8,,1008.5,0.9,1.3,275,Mace Head
2015-11-15,31.8,43.0,260.0,55.0,56.0,13.8,9.5,5.6,,993.3,0.7,1.2,275,Mace Head
2015-11-16,21.5,34.0,260.0,45.0,212.0,10.0,7.7,0.2,,999.9,1.6,2.1,275,Mace Head
2015-11-17,21.7,53.0,280.0,67.0,145.0,13.1,7.1,7.2,,990.9,1.1,1.5,275,Mace Head
2015-11-18,30.3,39.0,240.0,52.0,338.0,13.0,9.8,5.1,,999.1,0.9,1.3,275,Mace Head
2015-11-19,21.0,27.0,250.0,35.0,172.0,10.9,7.8,0.6,,1009.2,1.4,1.9,275,Mace Head
2015-11-20,24.1,33.0,340.0,48.0,266.0,9.0,4.0,1.6,,1011.5,1.2,1.7,275,Mace Head
2015-11-21,18.8,30.0,330.0,46.0,170.0,8.6,4.8,5.6,,1016.8,1.2,1.6,275,Mace Head
2015-11-22,10.4,21.0,350.0,27.0,411.0,9.5,4.9,0.8,,1018.0,0.5,0.5,275,Mace Head
2015-11-23,17.3,24.0,280.0,30.0,51.0,11.9,7.2,4.2,,1017.3,0.7,1.0,275,Mace Head
2015-11-24,28.0,33.0,300.0,43.0,136.0,10.8,9.5,0.6,,1012.4,1.0,1.6,275,Mace Head
2015-11-25,22.9,34.0,290.0,43.0,376.0,11.9,10.5,0.0,,1017.0,0.6,0.8,275,Mace Head
2015-11-26,17.8,22.0,280.0,27.0,138.0,11.9,11.0,0.6,,1015.9,0.2,0.4,275,Mace Head
2015-11-27,28.7,40.0,300.0,52.0,177.0,11.7,5.0,5.0,,1005.2,0.8,1.2,275,Mace Head
2015-11-28,33.2,41.0,240.0,56.0,180.0,10.5,6.2,4.2,,1002.3,1.3,2.1,275,Mace Head
2015-11-29,32.2,48.0,250.0,61.0,138.0,11.9,6.8,4.0,,1001.2,1.6,2.5,275,Mace Head
2015-11-30,15.7,38.0,230.0,50.0,141.0,12.2,5.6,16.4,,1005.0,0.4,0.5,275,Mace Head
2015-12-01,29.8,38.0,190.0,49.0,146.0,13.1,8.8,4.8,,1005.5,0.4,0.7,275,Mace Head
2015-12-02,16.3,39.0,190.0,52.0,272.0,12.8,5.3,5.8,,1008.0,0.3,0.4,275,Mace Head
2015-12-03,11.1,33.0,230.0,43.0,103.0,10.4,5.9,5.4,,1011.4,0.8,0.9,275,Mace Head
2015-12-04,34.7,46.0,200.0,64.0,79.0,12.4,9.1,10.6,,1006.5,1.2,2.0,275,Mace Head
2015-12-05,38.8,44.0,210.0,58.0,28.0,12.5,11.5,31.6,,994.7,0.5,1.0,275,Mace Head
2015-12-06,16.1,43.0,210.0,52.0,205.0,12.7,5.6,3.8,,1000.3,0.6,0.8,275,Mace Head
2015-12-07,22.7,31.0,180.0,40.0,84.0,13.3,6.5,3.8,,1001.3,0.6,0.9,275,Mace Head
2015-12-08,26.8,34.0,190.0,49.0,237.0,11.7,6.6,3.5,,1007.2,1.3,1.8,275,Mace Head
2015-12-09,32.3,42.0,200.0,55.0,58.0,12.2,8.2,9.6,,1011.0,1.0,1.6,275,Mace Head
2015-12-10,25.4,38.0,240.0,55.0,192.0,9.3,5.1,3.4,,1012.6,1.2,1.7,275,Mace Head
2015-12-11,20.3,37.0,260.0,51.0,262.0,9.2,5.4,0.5,,1014.9,1.2,1.5,275,Mace Head
2015-12-12,13.9,31.0,70.0,42.0,139.0,6.2,1.6,17.1,,1009.2,0.4,0.5,275,Mace Head
2015-12-13,16.1,24.0,90.0,33.0,60.0,10.7,2.0,3.1,,1009.1,0.5,0.7,275,Mace Head
2015-12-14,17.0,24.0,70.0,33.0,158.0,11.0,9.1,6.4,,1002.2,0.4,0.5,275,Mace Head
2015-12-15,17.8,25.0,110.0,33.0,53.0,12.0,9.8,3.5,,997.3,0.6,0.8,275,Mace Head
2015-12-16,16.8,21.0,140.0,27.0,78.0,13.0,10.3,0.9,,1001.8,0.3,0.5,275,Mace Head
2015-12-17,22.5,31.0,180.0,39.0,159.0,12.8,11.3,6.6,,999.4,0.4,0.6,275,Mace Head
2015-12-18,21.1,29.0,180.0,38.0,46.0,13.2,11.2,11.4,,997.7,0.4,0.7,275,Mace Head
2015-12-19,26.3,35.0,180.0,45.0,201.0,13.3,9.5,2.3,,988.9,0.7,0.9,275,Mace Head
2015-12-20,23.9,35.0,200.0,46.0,211.0,10.7,7.4,3.8,,994.6,1.0,1.3,275,Mace Head
2015-12-21,25.6,35.0,200.0,47.0,269.0,12.4,8.1,10.2,,996.9,0.8,1.0,275,Mace Head
2015-12-22,27.4,40.0,200.0,52.0,224.0,12.9,6.2,9.1,,993.3,0.4,0.5,275,Mace Head
2015-12-23,31.1,46.0,180.0,62.0,92.0,11.7,5.2,11.3,,996.0,1.1,1.7,275,Mace Head
2015-12-24,28.0,47.0,260.0,60.0,199.0,9.7,4.1,4.4,,997.1,1.1,1.6,275,Mace Head
2015-12-25,12.9,26.0,230.0,36.0,58.0,7.8,3.4,2.6,,1004.5,0.8,1.1,275,Mace Head
2015-12-26,4.0,11.0,270.0,14.0,63.0,7.4,3.4,0.0,,1004.9,0.4,0.5,275,Mace Head
2015-12-27,17.1,27.0,140.0,34.0,200.0,12.1,7.1,1.0,,1003.0,0.7,0.8,275,Mace Head
2015-12-28,16.5,31.0,140.0,41.0,48.0,12.4,6.9,11.2,,993.9,0.6,0.8,275,Mace Head
2015-12-29,25.4,42.0,200.0,54.0,45.0,12.6,6.4,10.8,,990.1,0.8,1.2,275,Mace Head
2015-12-30,17.2,41.0,210.0,50.0,179.0,10.1,4.3,13.6,,986.2,0.8,1.0,275,Mace Head
2015-12-31,21.3,38.0,250.0,48.0,138.0,7.8,1.3,8.7,,999.5,0.8,1.2,275,Mace Head
2016-01-01,18.8,28.0,230.0,36.0,36.0,9.4,4.8,8.8,,998.3,0.7,1.1,275,Mace Head
2016-01-02,15.9,28.0,320.0,35.0,152.0,8.4,4.6,2.9,,993.4,0.6,0.8,275,Mace Head
2016-01-03,15.6,30.0,110.0,41.0,144.0,9.5,5.4,13.2,,978.7,0.6,0.7,275,Mace Head
2016-01-04,5.2,12.0,340.0,16.0,224.0,8.6,5.6,2.6,,972.9,0.1,0.2,275,Mace Head
2016-01-05,10.4,19.0,330.0,28.0,254.0,8.8,5.4,0.0,,985.4,0.4,0.4,275,Mace Head
2016-01-06,16.5,32.0,300.0,40.0,68.0,9.1,3.5,11.3,,981.9,0.4,0.6,275,Mace Head
2016-01-07,22.0,36.0,260.0,47.0,280.0,7.6,4.2,2.2,,981.0,1.0,1.3,275,Mace Head
2016-01-08,9.3,20.0,200.0,28.0,277.0,8.0,3.4,11.3,,986.6,0.4,0.5,275,Mace Head
2016-01-09,10.9,23.0,130.0,32.0,182.0,7.7,2.8,7.4,,979.8,0.4,0.5,275,Mace Head
2016-01-10,14.5,25.0,260.0,33.0,205.0,7.7,4.2,3.4,,975.1,0.8,1.0,275,Mace Head
2016-01-11,16.3,28.0,340.0,36.0,211.0,7.4,4.0,2.1,,985.4,0.7,0.9,275,Mace Head
2016-01-12,20.8,29.0,300.0,46.0,333.0,7.4,4.5,0.8,,1004.5,1.3,1.7,275,Mace Head
2016-01-13,17.4,28.0,270.0,36.0,123.0,6.7,4.0,6.6,,1006.6,0.9,1.2,275,Mace Head
2016-01-14,15.1,28.0,310.0,40.0,281.0,5.8,3.1,2.5,,1012.7,0.8,0.9,275,Mace Head
2016-01-15,12.5,27.0,300.0,37.0,297.0,7.8,2.2,1.8,,1024.9,0.6,0.7,275,Mace Head
2016-01-16,9.1,18.0,250.0,21.0,241.0,9.1,1.9,0.1,,1024.7,0.3,0.4,275,Mace Head
2016-01-17,16.3,25.0,140.0,33.0,56.0,9.1,5.2,3.9,,1011.4,0.6,0.8,275,Mace Head
2016-01-18,5.6,15.0,110.0,23.0,93.0,8.7,6.7,5.5,,1006.0,0.4,0.5,275,Mace Head
2016-01-19,6.4,16.0,120.0,21.0,171.0,7.6,4.3,0.3,,1011.0,0.2,0.3,275,Mace Head
2016-01-20,18.6,25.0,110.0,35.0,172.0,9.1,5.9,3.2,,1006.8,0.6,0.8,275,Mace Head
2016-01-21,16.7,23.0,140.0,32.0,115.0,11.0,9.1,16.2,,997.9,0.4,0.6,275,Mace Head
2016-01-22,23.7,32.0,220.0,47.0,398.0,10.9,8.6,4.8,,1003.6,0.6,0.8,275,Mace Head
2016-01-23,17.3,22.0,170.0,28.0,75.0,11.0,8.5,3.5,,1011.4,0.4,0.7,275,Mace Head
2016-01-24,19.7,28.0,180.0,37.0,96.0,12.1,10.9,1.2,,1005.9,0.5,0.8,275,Mace Head
2016-01-25,22.5,35.0,180.0,47.0,362.0,11.9,6.1,5.6,,1002.5,0.6,0.9,275,Mace Head
2016-01-26,25.5,44.0,190.0,56.0,348.0,11.9,6.9,19.3,,993.7,0.3,0.5,275,Mace Head
2016-01-27,21.4,34.0,270.0,42.0,373.0,7.8,4.6,6.2,,998.7,0.9,1.3,275,Mace Head
2016-01-28,28.7,38.0,220.0,49.0,168.0,10.9,6.1,5.1,,1007.7,0.9,1.4,275,Mace Head
2016-01-29,32.2,46.0,240.0,68.0,213.0,10.9,4.7,2.8,,1002.3,1.0,1.7,275,Mace Head
2016-01-30,26.2,43.0,260.0,56.0,285.0,6.7,2.0,4.1,,1004.2,1.2,1.9,275,Mace Head
2016-01-31,24.2,32.0,240.0,41.0,80.0,11.1,6.1,4.0,,999.6,0.6,1.0,275,Mace Head
2016-02-01,37.6,47.0,250.0,61.0,415.0,11.2,6.2,1.3,,1002.4,1.2,2.1,275,Mace Head
2016-02-02,28.1,40.0,250.0,53.0,347.0,7.6,2.6,2.5,,1011.3,1.1,1.8,275,Mace Head
2016-02-03,23.9,38.0,300.0,50.0,390.0,10.3,4.7,1.4,,1020.6,0.8,1.2,275,Mace Head
2016-02-04,19.8,28.0,200.0,36.0,134.0,10.4,9.4,0.6,,1017.3,0.4,0.7,275,Mace Head
2016-02-05,22.0,34.0,180.0,46.0,275.0,9.9,5.4,11.4,,1002.5,0.7,1.1,275,Mace Head
2016-02-06,28.6,47.0,230.0,62.0,244.0,8.2,5.1,8.3,,980.0,0.8,1.4,275,Mace Head
2016-02-07,32.2,43.0,240.0,58.0,174.0,10.1,4.9,9.2,,972.9,0.8,1.5,275,Mace Head
2016-02-08,35.0,44.0,260.0,58.0,248.0,8.8,4.9,8.4,,973.5,1.2,2.1,275,Mace Head
2016-02-09,30.1,39.0,280.0,52.0,260.0,7.8,2.9,12.1,,986.3,1.0,1.8,275,Mace Head
2016-02-10,8.9,27.0,290.0,34.0,563.0,8.0,2.4,5.0,,995.7,0.5,0.8,275,Mace Head
2016-02-11,8.2,17.0,70.0,21.0,783.0,7.4,1.5,5.0,,994.8,0.5,0.8,275,Mace Head
2016-02-12,12.1,16.0,70.0,21.0,517.0,5.0,0.2,0.0,,986.1,0.3,0.5,275,Mace Head
2016-02-13,14.6,21.0,80.0,29.0,154.0,5.4,3.2,7.2,,982.9,0.4,0.6,275,Mace Head
2016-02-14,12.0,18.0,10.0,25.0,736.0,7.1,2.3,0.1,,1003.7,1.0,1.3,275,Mace Head
2016-02-15,10.2,24.0,170.0,30.0,718.0,7.9,0.2,0.2,,1026.1,0.7,1.0,275,Mace Head
2016-02-16,23.3,36.0,180.0,47.0,73.0,10.0,2.7,23.8,,1017.3,0.3,0.5,275,Mace Head
2016-02-17,12.4,25.0,290.0,33.0,843.0,7.6,2.7,2.4,,1009.8,1.0,1.4,275,Mace Head
2016-02-18,16.2,28.0,260.0,32.0,772.0,8.0,4.0,1.2,,1010.4,1.1,1.6,275,Mace Head
2016-02-19,20.6,29.0,260.0,36.0,339.0,9.4,6.7,1.2,,1005.7,0.7,1.1,275,Mace Head
2016-02-20,18.8,32.0,260.0,39.0,208.0,9.0,6.9,2.8,,1003.7,0.7,1.1,275,Mace Head
2016-02-21,22.9,29.0,230.0,37.0,317.0,10.5,5.3,3.8,,1004.0,0.6,1.1,275,Mace Head
2016-02-22,14.5,25.0,300.0,31.0,870.0,8.6,4.3,0.0,,1010.3,1.3,1.8,275,Mace Head
2016-02-23,7.5,13.0,60.0,18.0,1024.0,8.6,0.8,0.0,,1017.1,1.0,1.3,275,Mace Head
2016-02-24,5.9,16.0,300.0,20.0,982.0,8.6,0.2,0.0,,1018.6,0.9,1.2,275,Mace Head
2016-02-25,9.5,19.0,150.0,24.0,613.0,7.6,1.9,1.7,,1010.8,0.7,1.1,275,Mace Head
2016-02-26,13.7,23.0,330.0,31.0,435.0,5.9,2.8,4.3,,1002.5,0.5,0.9,275,Mace Head
2016-02-27,6.5,11.0,80.0,14.0,844.0,9.3,1.4,0.0,,1011.2,1.0,1.4,275,Mace Head
2016-02-28,9.1,18.0,180.0,24.0,1014.0,8.2,-0.1,0.0,,1020.7,1.1,1.5,275,Mace Head
2016-02-29,21.5,29.0,220.0,35.0,164.0,10.1,6.3,16.8,,1012.8,0.8,1.2,275,Mace Head
2016-03-01,27.3,48.0,270.0,62.0,536.0,9.9,3.9,4.8,,1000.6,0.7,1.4,275,Mace Head
2016-03-02,33.1,53.0,260.0,72.0,832.0,9.1,3.6,5.4,,1002.6,1.4,2.7,275,Mace Head
2016-03-03,19.0,39.0,280.0,49.0,380.0,8.1,1.9,4.2,,1001.7,0.8,1.3,275,Mace Head
2016-03-04,19.2,35.0,350.0,44.0,953.0,9.2,2.0,1.0,,999.1,1.3,2.1,275,Mace Head
2016-03-05,14.5,26.0,350.0,34.0,1185.0,7.9,4.0,0.1,,1009.7,1.3,2.1,275,Mace Head
2016-03-06,11.4,30.0,320.0,42.0,301.0,6.8,2.2,5.6,,1007.4,0.6,1.0,275,Mace Head
2016-03-07,15.9,30.0,320.0,38.0,994.0,8.6,5.8,0.9,,1011.8,1.4,2.1,275,Mace Head
2016-03-08,18.0,25.0,290.0,37.0,288.0,9.1,4.8,6.0,,1003.9,0.7,1.1,275,Mace Head
2016-03-09,20.1,31.0,310.0,44.0,1143.0,9.3,4.3,0.9,,1008.1,1.5,2.6,275,Mace Head
2016-03-10,9.2,13.0,180.0,16.0,402.0,9.9,7.5,0.0,,1018.6,0.8,1.1,275,Mace Head
2016-03-11,16.6,20.0,190.0,26.0,342.0,10.2,9.1,0.9,,1019.1,0.5,1.0,275,Mace Head
2016-03-12,15.5,20.0,190.0,25.0,639.0,11.1,8.9,0.1,,1022.1,0.9,1.5,275,Mace Head
2016-03-13,9.1,14.0,160.0,19.0,414.0,10.7,8.6,0.1,,1028.0,1.0,1.4,275,Mace Head
2016-03-14,12.8,19.0,90.0,26.0,1428.0,12.9,5.1,0.0,,1027.9,1.8,2.7,275,Mace Head
2016-03-15,11.1,19.0,110.0,23.0,1512.0,12.1,3.2,0.0,,1027.9,1.7,2.5,275,Mace Head
2016-03-16,10.6,18.0,80.0,22.0,1207.0,14.0,5.4,0.0,,1028.9,1.6,2.4,275,Mace Head
2016-03-17,10.7,18.0,100.0,25.0,1341.0,9.9,3.6,0.0,,1027.4,1.4,2.2,275,Mace Head
2016-03-18,5.6,15.0,70.0,19.0,1544.0,11.2,2.0,0.0,,1026.5,1.4,2.1,275,Mace Head
2016-03-19,9.0,14.0,70.0,18.0,690.0,10.3,5.4,0.0,,1027.0,1.3,1.8,275,Mace Head
2016-03-20,5.4,11.0,290.0,14.0,498.0,8.0,6.2,0.0,,1026.0,1.0,1.3,275,Mace Head
2016-03-21,5.9,12.0,260.0,14.0,439.0,9.3,6.3,0.0,,1021.7,1.1,1.4,275,Mace Head
2016-03-22,8.4,12.0,150.0,15.0,298.0,8.5,7.5,0.0,,1016.1,1.0,1.4,275,Mace Head
2016-03-23,13.5,21.0,200.0,27.0,930.0,10.4,7.3,3.1,,1009.9,1.3,2.1,275,Mace Head
2016-03-24,18.7,30.0,200.0,39.0,1042.0,10.3,7.9,5.4,,1004.1,1.4,2.3,275,Mace Head
2016-03-25,22.2,35.0,180.0,45.0,848.0,11.0,7.7,9.2,,1000.6,1.3,2.3,275,Mace Head
2016-03-26,22.3,43.0,260.0,54.0,894.0,8.9,5.2,9.6,,983.0,1.2,2.2,275,Mace Head
2016-03-27,20.8,35.0,220.0,47.0,1339.0,8.7,3.4,6.1,,980.4,1.3,2.6,275,Mace Head
2016-03-28,10.9,21.0,230.0,26.0,1498.0,9.2,3.5,0.7,,986.5,1.6,2.5,275,Mace Head
2016-03-29,14.3,25.0,220.0,33.0,1309.0,9.1,4.3,2.4,,993.6,1.6,2.7,275,Mace Head
2016-03-30,13.6,22.0,290.0,28.0,1792.0,10.2,4.8,0.9,,1004.8,2.0,3.2,275,Mace Head
2016-03-31,14.6,30.0,170.0,37.0,1863.0,9.6,5.4,1.7,,1010.8,2.0,3.3,275,Mace Head
2016-04-01,17.6,29.0,180.0,40.0,478.0,9.8,7.0,27.1,,1001.4,0.7,1.3,275,Mace Head
2016-04-02,7.8,16.0,100.0,21.0,1204.0,12.0,6.1,0.0,,1000.3,1.5,2.3,275,Mace Head
2016-04-03,4.4,12.0,340.0,16.0,1204.0,10.9,6.5,0.0,,995.9,1.5,2.0,275,Mace Head
2016-04-04,7.8,16.0,320.0,21.0,1710.0,12.9,5.4,0.0,,1000.1,1.8,2.8,275,Mace Head
2016-04-05,13.9,27.0,250.0,37.0,1511.0,11.2,5.2,1.8,,1004.1,1.5,2.6,275,Mace Head
2016-04-06,29.1,38.0,270.0,52.0,1414.0,8.8,4.4,1.5,,1004.7,1.4,3.1,275,Mace Head
2016-04-07,22.7,33.0,300.0,43.0,1068.0,10.2,5.8,0.7,,1012.3,1.5,2.8,275,Mace Head
2016-04-08,16.5,29.0,260.0,37.0,1002.0,8.6,2.5,9.5,,1006.6,0.9,1.8,275,Mace Head
2016-04-09,8.5,22.0,240.0,29.0,1879.0,7.7,1.3,0.4,,997.6,1.7,2.8,275,Mace Head
2016-04-10,22.2,34.0,70.0,47.0,460.0,9.1,0.3,1.3,,996.7,1.1,1.9,275,Mace Head
2016-04-11,16.8,28.0,80.0,37.0,516.0,9.5,6.2,4.5,,1002.4,1.1,1.7,275,Mace Head
2016-04-12,6.4,12.0,50.0,16.0,1384.0,11.8,6.3,1.0,,1002.8,1.7,2.4,275,Mace Head
2016-04-13,9.2,14.0,70.0,18.0,1394.0,15.3,4.4,0.2,,1004.1,2.1,3.1,275,Mace Head
2016-04-14,11.1,16.0,60.0,20.0,1168.0,13.5,6.2,0.0,,1006.3,1.9,2.8,275,Mace Head
2016-04-15,11.9,24.0,340.0,32.0,1735.0,11.0,3.8,0.1,,1005.4,2.2,3.5,275,Mace Head
2016-04-16,11.7,23.0,350.0,35.0,1941.0,9.9,3.2,0.2,,1010.6,2.3,3.6,275,Mace Head
2016-04-17,10.9,21.0,270.0,25.0,1114.0,10.1,5.1,0.1,,1015.3,1.6,2.5,275,Mace Head
2016-04-18,12.8,22.0,260.0,27.0,2033.0,11.2,7.5,0.2,,1019.9,2.2,3.6,275,Mace Head
2016-04-19,5.1,12.0,70.0,15.0,1854.0,12.0,7.1,0.0,,1024.9,2.3,3.3,275,Mace Head
2016-04-20,11.1,17.0,80.0,24.0,2293.0,17.6,4.5,0.0,,1024.5,3.2,4.7,275,Mace Head
2016-04-21,13.5,22.0,80.0,29.0,1838.0,18.3,6.9,0.0,,1021.5,3.6,5.1,275,Mace Head
2016-04-22,12.9,19.0,50.0,24.0,1836.0,16.9,7.7,0.0,,1020.4,3.2,4.6,275,Mace Head
2016-04-23,10.3,20.0,330.0,27.0,2241.0,13.5,3.9,0.0,,1023.8,3.0,4.4,275,Mace Head
2016-04-24,12.8,19.0,300.0,25.0,1455.0,11.1,7.0,0.6,,1022.1,2.1,3.2,275,Mace Head
2016-04-25,17.5,24.0,330.0,30.0,2007.0,13.4,6.3,0.0,,1016.7,2.9,4.8,275,Mace Head
2016-04-26,16.7,28.0,350.0,38.0,1764.0,9.4,4.4,0.0,,1016.8,2.5,4.2,275,Mace Head
2016-04-27,12.4,20.0,310.0,28.0,1765.0,10.0,4.2,0.0,,1015.9,2.4,3.7,275,Mace Head
2016-04-28,24.0,35.0,280.0,47.0,1553.0,9.0,4.4,3.5,,1010.8,1.9,3.8,275,Mace Head
2016-04-29,15.3,29.0,290.0,36.0,2042.0,10.4,3.9,1.5,,1012.7,2.4,4.1,275,Mace Head
2016-04-30,13.7,24.0,190.0,30.0,2021.0,11.5,6.1,1.7,,1017.2,2.1,3.7,275,Mace Head
2016-05-01,19.1,30.0,200.0,38.0,832.0,11.8,9.4,4.6,,1011.7,0.9,1.8,275,Mace Head
2016-05-02,23.7,31.0,210.0,41.0,2293.0,10.8,6.8,6.7,,1012.7,1.7,4.0,275,Mace Head
2016-05-03,17.2,27.0,260.0,36.0,2072.0,12.0,7.3,0.2,,1019.5,2.4,4.3,275,Mace Head
2016-05-04,20.5,31.0,190.0,40.0,886.0,11.3,9.4,1.3,,1014.5,1.4,2.5,275,Mace Head
2016-05-05,12.4,23.0,200.0,29.0,2489.0,13.0,8.2,0.0,,1013.2,2.8,4.7,275,Mace Head
2016-05-06,7.5,17.0,330.0,23.0,2188.0,14.6,5.0,0.0,,1011.4,2.8,4.1,275,Mace Head
2016-05-07,9.8,15.0,40.0,20.0,771.0,14.0,7.8,3.8,,1003.6,1.8,2.5,275,Mace Head
2016-05-08,12.0,20.0,60.0,29.0,1518.0,19.6,10.9,6.3,,999.9,2.5,3.7,275,Mace Head
2016-05-09,15.4,22.0,60.0,29.0,1357.0,22.4,14.1,0.0,,1003.9,3.8,5.0,275,Mace Head
2016-05-10,13.1,21.0,60.0,28.0,800.0,18.0,12.7,0.5,,1004.6,1.9,2.6,275,Mace Head
2016-05-11,13.2,20.0,60.0,27.0,893.0,17.6,12.8,0.0,,1003.4,2.0,2.9,275,Mace Head
2016-05-12,11.0,19.0,50.0,24.0,1910.0,21.9,12.5,0.0,,1006.5,3.7,5.1,275,Mace Head
2016-05-13,7.9,13.0,50.0,17.0,2643.0,20.0,12.2,0.0,,1011.7,4.1,5.7,275,Mace Head
2016-05-14,9.7,17.0,60.0,23.0,2719.0,17.9,8.8,0.0,,1018.0,3.7,5.6,275,Mace Head
2016-05-15,6.2,12.0,270.0,14.0,2811.0,14.3,6.8,0.0,,1021.3,3.3,4.9,275,Mace Head
2016-05-16,5.2,11.0,200.0,13.0,2426.0,14.2,6.4,0.0,,1018.1,2.8,4.1,275,Mace Head
2016-05-17,13.6,23.0,190.0,30.0,1020.0,14.0,8.9,5.5,,1006.6,1.3,2.3,275,Mace Head
2016-05-18,9.8,19.0,280.0,24.0,1902.0,13.9,8.1,0.0,,1002.8,2.6,4.0,275,Mace Head
2016-05-19,17.8,25.0,200.0,33.0,1093.0,13.1,10.1,7.6,,1003.8,1.5,2.7,275,Mace Head
2016-05-20,15.3,23.0,200.0,28.0,635.0,12.8,10.4,12.8,,1000.9,1.2,1.9,275,Mace Head
2016-05-21,11.8,17.0,250.0,23.0,2398.0,14.2,10.1,3.3,,997.6,2.9,4.7,275,Mace Head
2016-05-22,13.8,22.0,310.0,28.0,2413.0,13.6,8.8,0.3,,1008.4,3.1,5.1,275,Mace Head
2016-05-23,8.3,14.0,320.0,19.0,2372.0,13.4,7.9,0.1,,1018.7,3.2,4.7,275,Mace Head
2016-05-24,12.3,18.0,100.0,25.0,2593.0,19.1,8.1,0.0,,1018.3,4.1,6.1,275,Mace Head
2016-05-25,9.7,17.0,70.0,22.0,2266.0,17.9,9.1,0.0,,1017.5,3.4,5.0,275,Mace Head
2016-05-26,6.0,11.0,80.0,14.0,1008.0,14.1,5.9,0.3,,1015.0,1.7,2.4,275,Mace Head
2016-05-27,6.3,11.0,90.0,14.0,2261.0,15.6,10.3,0.1,,1014.0,2.9,4.3,275,Mace Head
2016-05-28,6.3,12.0,100.0,15.0,2367.0,17.5,11.4,0.0,,1012.6,3.3,4.7,275,Mace Head
2016-05-29,3.9,9.0,240.0,13.0,2219.0,18.7,12.0,0.0,,1014.8,3.3,4.5,275,Mace Head
2016-05-30,6.6,15.0,280.0,17.0,2926.0,20.2,10.1,0.0,,1020.2,4.1,5.9,275,Mace Head
2016-05-31,5.6,13.0,340.0,17.0,2971.0,20.7,9.6,0.0,,1024.7,4.1,5.8,275,Mace Head
2016-06-01,6.6,14.0,290.0,16.0,2964.0,20.2,8.8,0.0,,1025.9,4.1,5.8,275,Mace Head
2016-06-02,8.9,19.0,340.0,24.0,2563.0,21.6,12.7,0.0,,1021.3,4.4,6.1,275,Mace Head
2016-06-03,5.9,11.0,40.0,15.0,2891.0,19.5,9.3,0.0,,1015.7,4.1,5.8,275,Mace Head
2016-06-04,5.6,11.0,220.0,13.0,2919.0,19.4,11.7,0.0,,1015.7,4.0,5.7,275,Mace Head
2016-06-05,6.2,11.0,180.0,14.0,2687.0,20.5,13.2,0.0,,1015.9,4.1,5.6,275,Mace Head
2016-06-06,8.1,16.0,120.0,20.0,1800.0,20.4,13.1,0.0,,1016.5,3.1,4.3,275,Mace Head
2016-06-07,4.4,9.0,290.0,11.0,1907.0,18.3,14.5,0.0,,1020.3,2.9,3.9,275,Mace Head
2016-06-08,6.2,13.0,290.0,16.0,2605.0,18.9,14.1,0.0,,1021.1,3.5,5.1,275,Mace Head
2016-06-09,4.6,11.0,150.0,14.0,1463.0,19.2,13.4,0.5,,1016.0,2.5,3.3,275,Mace Head
2016-06-10,6.1,11.0,290.0,14.0,1740.0,17.8,14.1,4.2,,1010.0,2.6,3.7,275,Mace Head
2016-06-11,7.1,16.0,140.0,19.0,1629.0,17.3,13.0,4.9,,1004.3,2.5,3.5,275,Mace Head
2016-06-12,12.5,17.0,260.0,21.0,1880.0,16.8,12.8,1.9,,1002.4,2.5,4.1,275,Mace Head
2016-06-13,14.7,25.0,300.0,32.0,1752.0,17.2,12.4,9.5,,998.2,2.3,3.9,275,Mace Head
2016-06-14,16.7,23.0,300.0,30.0,1177.0,15.1,12.7,5.1,,995.5,1.6,2.9,275,Mace Head
2016-06-15,16.4,24.0,340.0,32.0,1765.0,17.0,12.3,0.0,,998.3,2.7,4.4,275,Mace Head
2016-06-16,18.1,24.0,340.0,30.0,2806.0,15.9,11.2,0.0,,1005.5,3.6,6.2,275,Mace Head
2016-06-17,13.1,18.0,330.0,26.0,2038.0,16.0,10.7,0.0,,1013.6,3.3,5.0,275,Mace Head
2016-06-18,6.7,11.0,190.0,14.0,1038.0,14.3,10.2,4.9,,1018.6,1.5,2.2,275,Mace Head
2016-06-19,15.5,25.0,210.0,32.0,649.0,15.0,12.7,24.1,,1011.8,0.9,1.6,275,Mace Head
2016-06-20,12.2,21.0,270.0,27.0,2177.0,15.3,11.4,0.5,,1008.2,2.7,4.5,275,Mace Head
2016-06-21,14.5,20.0,210.0,28.0,1971.0,16.4,12.0,1.0,,1008.6,2.4,4.2,275,Mace Head
2016-06-22,13.7,20.0,220.0,27.0,2084.0,15.9,12.4,0.1,,1010.4,2.9,4.7,275,Mace Head
2016-06-23,13.9,21.0,190.0,27.0,1876.0,16.4,12.1,2.4,,1010.5,2.5,4.1,275,Mace Head
2016-06-24,18.6,24.0,300.0,30.0,2117.0,15.6,11.5,5.0,,1014.9,2.5,4.7,275,Mace Head
2016-06-25,11.9,19.0,300.0,23.0,1735.0,15.7,11.9,0.1,,1019.2,2.3,3.8,275,Mace Head
2016-06-26,13.0,20.0,290.0,25.0,924.0,15.4,12.7,2.0,,1016.2,1.7,2.6,275,Mace Head
2016-06-27,14.3,21.0,260.0,26.0,2260.0,15.5,12.4,0.4,,1015.8,3.2,5.1,275,Mace Head
2016-06-28,13.4,20.0,240.0,25.0,1678.0,15.7,11.2,5.2,,1008.3,2.3,3.8,275,Mace Head
2016-06-29,13.6,22.0,290.0,27.0,2487.0,15.3,12.1,7.1,,1000.2,3.0,5.1,275,Mace Head
2016-06-30,15.5,23.0,240.0,29.0,930.0,15.0,12.0,2.7,,1001.8,1.7,2.7,275,Mace Head
2016-07-01,20.8,28.0,260.0,40.0,2158.0,13.7,9.7,4.8,,1003.2,2.5,4.8,275,Mace Head
2016-07-02,17.0,26.0,280.0,34.0,2554.0,15.5,11.0,0.4,,1008.9,3.2,5.5,275,Mace Head
2016-07-03,8.3,13.0,270.0,16.0,2240.0,16.1,11.5,0.0,,1014.2,3.3,4.8,275,Mace Head
2016-07-04,13.6,24.0,330.0,32.0,1782.0,16.0,11.2,4.4,,1012.2,2.2,3.8,275,Mace Head
2016-07-05,7.1,14.0,290.0,16.0,1646.0,16.0,11.5,0.0,,1018.4,2.5,3.6,275,Mace Head
2016-07-06,14.1,25.0,210.0,31.0,679.0,16.1,13.6,2.8,,1015.1,1.4,2.2,275,Mace Head
2016-07-07,13.7,22.0,210.0,26.0,1548.0,17.2,13.4,0.1,,1010.8,2.4,3.8,275,Mace Head
2016-07-08,14.7,22.0,260.0,27.0,1270.0,16.7,13.7,2.9,,1009.6,1.9,3.1,275,Mace Head
2016-07-09,17.8,26.0,200.0,32.0,1439.0,17.7,14.6,5.9,,1003.6,1.9,3.4,275,Mace Head
2016-07-10,20.0,25.0,180.0,32.0,738.0,15.2,13.7,2.5,,994.3,1.0,1.9,275,Mace Head
2016-07-11,18.2,27.0,290.0,33.0,1474.0,15.7,12.1,0.6,,1004.4,2.3,3.8,275,Mace Head
2016-07-12,14.0,18.0,290.0,23.0,2588.0,15.7,11.8,0.7,,1013.4,3.5,5.6,275,Mace Head
2016-07-13,15.7,25.0,290.0,31.0,1737.0,15.3,11.0,0.9,,1020.0,2.6,4.2,275,Mace Head
2016-07-14,10.9,19.0,220.0,25.0,1282.0,16.0,9.7,12.3,,1021.0,1.7,2.7,275,Mace Head
2016-07-15,17.7,23.0,220.0,28.0,838.0,17.0,14.4,3.2,,1018.3,1.3,2.2,275,Mace Head
2016-07-16,12.7,16.0,250.0,20.0,1923.0,16.2,13.3,0.0,,1020.6,2.7,4.3,275,Mace Head
2016-07-17,9.0,15.0,250.0,19.0,958.0,16.4,13.8,0.0,,1019.4,1.7,2.4,275,Mace Head
2016-07-18,6.6,13.0,200.0,16.0,2461.0,17.8,12.9,0.1,,1016.6,3.3,4.7,275,Mace Head
2016-07-19,7.7,13.0,110.0,16.0,1994.0,25.3,12.3,0.0,,1010.3,3.8,5.1,275,Mace Head
2016-07-20,12.6,21.0,280.0,25.0,2082.0,17.8,13.6,0.3,,1007.2,2.8,4.5,275,Mace Head
2016-07-21,12.1,17.0,300.0,21.0,829.0,17.5,13.6,4.6,,1010.1,1.3,2.1,275,Mace Head
2016-07-22,9.0,15.0,290.0,18.0,1624.0,17.1,13.0,0.0,,1015.1,2.5,3.6,275,Mace Head
2016-07-23,11.1,20.0,270.0,23.0,1172.0,16.7,13.4,1.3,,1015.3,1.7,2.7,275,Mace Head
2016-07-24,12.8,20.0,260.0,24.0,1627.0,17.0,13.1,1.7,,1013.1,2.3,3.7,275,Mace Head
2016-07-25,12.6,18.0,280.0,24.0,638.0,14.8,12.9,5.5,,1015.6,1.3,1.9,275,Mace Head
2016-07-26,11.2,19.0,220.0,23.0,682.0,16.7,13.8,4.1,,1013.7,1.3,1.9,275,Mace Head
2016-07-27,8.1,16.0,170.0,20.0,1740.0,17.2,13.1,1.5,,1013.1,2.5,3.7,275,Mace Head
2016-07-28,16.2,22.0,260.0,27.0,1249.0,16.4,14.4,2.4,,1008.0,1.4,2.7,275,Mace Head
2016-07-29,10.2,16.0,350.0,20.0,1667.0,18.0,13.4,0.0,,1010.7,2.7,3.9,275,Mace Head
2016-07-30,10.3,18.0,280.0,21.0,1587.0,16.8,12.1,0.0,,1014.6,2.5,3.6,275,Mace Head
2016-07-31,8.9,17.0,270.0,21.0,1302.0,16.2,12.6,0.4,,1016.2,2.2,3.1,275,Mace Head
2016-08-01,12.4,19.0,110.0,25.0,745.0,15.9,13.3,2.9,,1008.6,1.1,1.8,275,Mace Head
2016-08-02,14.4,27.0,210.0,34.0,1265.0,17.9,15.5,3.0,,1000.7,1.9,3.1,275,Mace Head
2016-08-03,26.8,34.0,240.0,45.0,1258.0,16.7,14.1,1.3,,997.6,1.7,3.4,275,Mace Head
2016-08-04,15.8,23.0,280.0,30.0,1217.0,17.4,13.4,0.5,,1008.6,1.8,3.0,275,Mace Head
2016-08-05,8.6,13.0,260.0,16.0,1675.0,17.5,12.9,0.4,,1017.5,2.4,3.5,275,Mace Head
2016-08-06,17.2,31.0,250.0,40.0,875.0,18.6,14.9,0.1,,1017.5,1.8,2.7,275,Mace Head
2016-08-07,27.2,32.0,240.0,41.0,659.0,16.0,14.2,0.5,,1016.5,1.7,2.8,275,Mace Head
2016-08-08,17.7,25.0,270.0,31.0,2371.0,16.6,12.6,0.6,,1023.3,3.1,5.3,275,Mace Head
2016-08-09,16.8,23.0,290.0,28.0,1686.0,16.3,12.0,0.1,,1028.1,2.6,4.2,275,Mace Head
2016-08-10,18.7,23.0,290.0,27.0,1572.0,16.6,12.9,0.1,,1025.1,2.1,3.7,275,Mace Head
2016-08-11,19.3,23.0,240.0,28.0,979.0,17.1,14.4,0.1,,1021.5,1.7,2.9,275,Mace Head
2016-08-12,21.4,28.0,210.0,35.0,720.0,17.4,14.0,1.6,,1016.9,1.4,2.3,275,Mace Head
2016-08-13,13.4,20.0,260.0,25.0,1395.0,16.4,13.6,0.0,,1020.3,2.1,3.3,275,Mace Head
2016-08-14,6.6,13.0,130.0,17.0,949.0,16.8,13.1,0.0,,1022.0,1.7,2.4,275,Mace Head
2016-08-15,12.1,18.0,130.0,23.0,2328.0,21.3,13.4,0.0,,1016.8,3.2,4.9,275,Mace Head
2016-08-16,14.0,21.0,120.0,27.0,1705.0,23.4,15.3,1.1,,1010.0,3.1,4.5,275,Mace Head
2016-08-17,11.8,19.0,320.0,25.0,386.0,17.6,14.0,33.1,,1008.0,0.9,1.4,275,Mace Head
2016-08-18,10.5,22.0,110.0,30.0,755.0,18.5,14.0,0.1,,1004.1,1.5,2.2,275,Mace Head
2016-08-19,20.4,26.0,140.0,35.0,969.0,18.4,13.6,13.0,,987.5,1.8,2.9,275,Mace Head
2016-08-20,25.6,32.0,270.0,40.0,765.0,16.4,14.3,5.6,,992.0,1.0,2.1,275,Mace Head
2016-08-21,18.0,30.0,270.0,36.0,422.0,16.5,14.1,2.7,,1008.6,1.1,1.7,275,Mace Head
2016-08-22,11.9,21.0,230.0,28.0,1817.0,17.7,14.0,0.2,,1013.4,2.3,3.6,275,Mace Head
2016-08-23,10.4,15.0,210.0,18.0,1677.0,17.6,13.7,1.4,,1017.5,2.3,3.5,275,Mace Head
2016-08-24,12.7,17.0,200.0,20.0,2000.0,17.8,14.1,0.0,,1017.2,2.7,4.2,275,Mace Head
2016-08-25,13.6,22.0,210.0,26.0,1413.0,17.5,13.5,1.4,,1012.8,2.0,3.1,275,Mace Head
2016-08-26,14.9,25.0,210.0,30.0,2075.0,17.8,13.1,0.6,,1011.6,2.8,4.4,275,Mace Head
2016-08-27,10.2,16.0,110.0,20.0,726.0,17.4,13.0,0.2,,1011.4,1.5,2.1,275,Mace Head
2016-08-28,7.0,15.0,290.0,17.0,1828.0,19.7,13.7,0.0,,1013.5,2.7,3.8,275,Mace Head
2016-08-29,12.1,16.0,210.0,20.0,674.0,17.5,12.5,0.0,,1018.4,1.1,1.8,275,Mace Head
2016-08-30,18.2,25.0,180.0,32.0,757.0,18.1,14.8,3.1,,1014.6,1.4,2.2,275,Mace Head
2016-08-31,16.1,21.0,230.0,25.0,1122.0,16.5,13.5,0.1,,1015.4,2.1,3.1,275,Mace Head
2016-09-01,19.0,27.0,190.0,36.0,556.0,16.9,14.3,11.9,,1014.9,1.3,2.0,275,Mace Head
2016-09-02,17.6,24.0,220.0,36.0,1465.0,17.3,13.4,1.8,,1010.7,2.1,3.4,275,Mace Head
2016-09-03,14.5,25.0,190.0,31.0,923.0,17.5,14.1,3.2,,1003.5,1.4,2.3,275,Mace Head
2016-09-04,12.2,22.0,130.0,30.0,950.0,17.2,13.6,13.1,,1006.7,1.6,2.4,275,Mace Head
2016-09-05,14.6,22.0,190.0,27.0,588.0,17.5,15.5,3.2,,1007.8,0.9,1.5,275,Mace Head
2016-09-06,6.8,20.0,200.0,25.0,597.0,18.1,15.6,4.3,,1014.2,0.9,1.4,275,Mace Head
2016-09-07,15.3,28.0,170.0,38.0,508.0,18.9,14.8,2.9,,1005.4,1.3,1.9,275,Mace Head
2016-09-08,17.6,29.0,230.0,39.0,595.0,15.8,12.1,1.9,,999.5,1.1,1.8,275,Mace Head
2016-09-09,24.1,35.0,240.0,47.0,750.0,17.4,12.2,8.4,,997.5,1.3,2.3,275,Mace Head
2016-09-10,18.3,26.0,220.0,34.0,1181.0,16.2,12.7,0.6,,1006.3,2.5,3.7,275,Mace Head
2016-09-11,24.1,31.0,160.0,43.0,477.0,16.8,13.3,22.2,,999.3,1.0,1.7,275,Mace Head
2016-09-12,10.8,25.0,160.0,32.0,1145.0,16.7,13.4,17.6,,997.3,1.6,2.4,275,Mace Head
2016-09-13,6.6,15.0,290.0,17.0,1623.0,16.6,10.1,0.0,,1009.9,2.0,2.8,275,Mace Head
2016-09-14,4.7,13.0,350.0,16.0,588.0,16.1,9.6,1.3,,1011.6,1.1,1.5,275,Mace Head
2016-09-15,12.3,21.0,260.0,29.0,718.0,16.5,13.2,0.7,,1010.0,1.6,2.2,275,Mace Head
2016-09-16,16.9,23.0,270.0,29.0,1377.0,15.5,12.4,0.2,,1017.1,2.1,3.2,275,Mace Head
2016-09-17,14.2,18.0,180.0,23.0,527.0,16.1,13.7,0.0,,1019.1,1.5,2.1,275,Mace Head
2016-09-18,15.1,22.0,180.0,27.0,1041.0,16.0,12.9,7.9,,1018.0,1.3,2.2,275,Mace Head
2016-09-19,9.9,18.0,280.0,22.0,951.0,16.2,12.1,0.1,,1021.7,2.0,2.6,275,Mace Head
2016-09-20,15.9,22.0,190.0,29.0,639.0,15.4,13.0,0.2,,1014.4,1.3,2.0,275,Mace Head
2016-09-21,16.9,26.0,150.0,34.0,844.0,14.2,12.3,15.8,,1007.5,1.7,2.5,275,Mace Head
2016-09-22,19.9,29.0,210.0,39.0,848.0,15.2,12.1,1.9,,1011.7,1.9,2.8,275,Mace Head
2016-09-23,23.1,35.0,180.0,46.0,265.0,15.6,12.8,7.3,,1006.4,1.5,2.1,275,Mace Head
2016-09-24,22.3,33.0,180.0,42.0,669.0,16.4,12.0,22.4,,996.3,1.4,2.2,275,Mace Head
2016-09-25,22.3,32.0,250.0,44.0,1177.0,14.5,10.1,1.9,,1003.9,1.9,3.1,275,Mace Head
2016-09-26,10.8,19.0,200.0,23.0,1070.0,15.9,11.4,1.2,,1009.4,1.5,2.1,275,Mace Head
2016-09-27,20.0,32.0,270.0,39.0,950.0,16.1,13.9,0.5,,1012.3,1.6,2.5,275,Mace Head
2016-09-28,23.4,29.0,250.0,36.0,301.0,15.6,14.0,0.3,,1013.1,1.0,1.6,275,Mace Head
2016-09-29,23.6,32.0,260.0,39.0,1133.0,14.6,11.0,1.3,,1007.9,1.6,2.7,275,Mace Head
2016-09-30,11.7,23.0,260.0,27.0,807.0,13.6,8.5,0.3,,1004.5,1.3,1.9,275,Mace Head
2016-10-01,8.8,15.0,340.0,21.0,1343.0,14.7,7.8,0.1,,1007.4,1.6,2.3,275,Mace Head
2016-10-02,16.1,27.0,150.0,34.0,1100.0,14.9,7.2,0.1,,1010.6,1.3,2.1,275,Mace Head
2016-10-03,22.4,27.0,130.0,39.0,144.0,15.4,13.4,13.6,,1013.0,1.1,1.6,275,Mace Head
2016-10-04,12.9,26.0,130.0,36.0,365.0,15.0,12.0,15.4,,1019.6,0.9,1.3,275,Mace Head
2016-10-05,15.6,23.0,90.0,29.0,1030.0,17.1,10.9,0.0,,1021.0,1.5,2.2,275,Mace Head
2016-10-06,15.4,22.0,80.0,30.0,642.0,14.2,7.9,0.0,,1020.1,1.4,1.9,275,Mace Head
2016-10-07,13.7,20.0,120.0,26.0,963.0,15.3,7.9,0.0,,1017.7,1.5,2.1,275,Mace Head
2016-10-08,7.0,12.0,120.0,17.0,315.0,14.0,10.6,1.2,,1023.5,0.7,0.9,275,Mace Head
2016-10-09,5.6,9.0,100.0,11.0,791.0,15.3,10.2,0.1,,1027.1,0.9,1.3,275,Mace Head
2016-10-10,9.0,19.0,90.0,26.0,509.0,15.0,9.5,0.0,,1023.6,1.0,1.3,275,Mace Head
2016-10-11,16.6,23.0,90.0,34.0,660.0,13.2,7.6,0.0,,1018.8,1.4,2.0,275,Mace Head
2016-10-12,11.5,16.0,80.0,21.0,588.0,14.6,7.8,0.0,,1019.1,1.1,1.5,275,Mace Head
2016-10-13,10.6,16.0,90.0,20.0,1015.0,14.0,7.1,0.0,,1010.8,1.2,1.7,275,Mace Head
2016-10-14,15.6,21.0,80.0,29.0,296.0,11.2,6.2,7.6,,1000.6,0.8,1.2,275,Mace Head
2016-10-15,9.6,16.0,60.0,21.0,820.0,13.3,7.6,5.4,,996.9,1.1,1.5,275,Mace Head
2016-10-16,12.6,21.0,220.0,28.0,534.0,13.4,7.6,10.3,,995.7,0.9,1.3,275,Mace Head
2016-10-17,23.1,32.0,270.0,42.0,626.0,13.5,9.5,2.5,,1006.9,1.2,1.9,275,Mace Head
2016-10-18,19.3,32.0,270.0,44.0,821.0,12.8,8.9,0.8,,1018.9,1.6,2.3,275,Mace Head
2016-10-19,5.6,14.0,310.0,19.0,442.0,12.9,9.4,0.0,,1024.6,1.1,1.3,275,Mace Head
2016-10-20,5.5,11.0,170.0,13.0,565.0,13.3,9.2,0.0,,1022.0,1.0,1.3,275,Mace Head
2016-10-21,9.7,14.0,130.0,18.0,423.0,13.0,10.5,0.9,,1016.9,1.0,1.3,275,Mace Head
2016-10-22,11.9,17.0,110.0,24.0,789.0,14.6,7.1,0.0,,1012.6,1.1,1.5,275,Mace Head
2016-10-23,16.3,23.0,60.0,29.0,750.0,12.6,7.0,0.0,,1010.1,1.4,1.9,275,Mace Head
2016-10-24,11.3,17.0,50.0,23.0,931.0,12.4,5.3,0.0,,1013.6,1.0,1.3,275,Mace Head
2016-10-25,9.3,19.0,220.0,22.0,545.0,12.5,4.5,0.5,,1017.6,0.6,0.8,275,Mace Head
2016-10-26,14.9,22.0,230.0,28.0,440.0,13.9,12.0,0.7,,1021.2,0.8,1.1,275,Mace Head
2016-10-27,19.9,26.0,240.0,33.0,163.0,13.8,12.4,3.9,,1023.8,0.6,0.9,275,Mace Head
2016-10-28,9.1,18.0,220.0,22.0,227.0,13.5,12.1,2.1,,1028.1,0.6,0.8,275,Mace Head
2016-10-29,10.1,14.0,210.0,18.0,654.0,13.8,10.9,0.1,,1027.5,0.8,1.1,275,Mace Head
2016-10-30,6.8,11.0,100.0,14.0,532.0,14.8,10.9,0.0,,1023.8,0.7,0.9,275,Mace Head
2016-10-31,6.2,13.0,20.0,17.0,184.0,12.9,10.3,0.0,,1024.6,0.7,0.9,275,Mace Head
2016-11-01,8.8,16.0,10.0,20.0,752.0,12.1,5.9,0.0,,1027.5,0.8,1.0,275,Mace Head
2016-11-02,4.7,13.0,220.0,18.0,249.0,10.8,7.4,0.0,,1024.4,1.0,1.2,275,Mace Head
2016-11-03,15.7,21.0,240.0,27.0,341.0,12.1,8.5,2.4,,1016.2,0.9,1.2,275,Mace Head
2016-11-04,16.4,28.0,300.0,35.0,618.0,10.6,7.5,1.9,,1008.8,0.8,1.1,275,Mace Head
2016-11-05,14.4,25.0,340.0,35.0,622.0,10.5,6.5,0.3,,1013.7,1.1,1.3,275,Mace Head
2016-11-06,13.9,23.0,350.0,35.0,625.0,9.8,4.9,0.2,,1017.6,1.1,1.3,275,Mace Head
2016-11-07,5.8,12.0,340.0,15.0,572.0,9.9,3.7,0.0,,1016.7,0.6,0.8,275,Mace Head
2016-11-08,18.9,29.0,330.0,38.0,168.0,11.8,7.1,12.2,,1005.4,0.8,1.1,275,Mace Head
2016-11-09,22.5,29.0,290.0,41.0,404.0,10.9,7.4,6.8,,1001.5,1.0,1.5,275,Mace Head
2016-11-10,14.1,28.0,280.0,33.0,369.0,11.2,6.0,0.3,,1009.2,0.7,0.9,275,Mace Head
2016-11-11,18.1,29.0,170.0,36.0,83.0,13.1,6.3,8.9,,1008.7,0.4,0.6,275,Mace Head
2016-11-12,14.1,24.0,280.0,31.0,331.0,12.2,9.6,0.0,,1013.5,0.6,0.8,275,Mace Head
2016-11-13,14.3,18.0,220.0,22.0,234.0,12.8,11.1,0.2,,1023.8,0.6,0.8,275,Mace Head
2016-11-14,16.7,24.0,230.0,29.0,181.0,13.1,12.3,0.8,,1023.6,0.3,0.5,275,Mace Head
2016-11-15,14.4,27.0,230.0,34.0,413.0,12.9,9.8,0.3,,1018.9,0.3,0.4,275,Mace Head
2016-11-16,27.3,35.0,240.0,45.0,368.0,12.6,7.5,2.0,,1007.8,1.1,1.5,275,Mace Head
2016-11-17,25.7,39.0,280.0,52.0,252.0,9.3,3.5,13.4,,994.2,1.1,1.7,275,Mace Head
2016-11-18,19.9,37.0,300.0,45.0,209.0,7.7,3.6,5.6,,992.7,1.1,1.6,275,Mace Head
2016-11-19,9.4,26.0,280.0,34.0,221.0,7.0,0.2,3.0,,993.9,0.6,0.7,275,Mace Head
2016-11-20,4.0,7.0,0.0,9.0,326.0,5.9,0.2,0.0,,991.9,0.2,0.3,275,Mace Head
2016-11-21,12.5,23.0,350.0,32.0,488.0,8.1,0.4,0.4,,997.9,0.5,0.5,275,Mace Head
2016-11-22,15.3,27.0,350.0,34.0,448.0,8.7,2.9,0.1,,1008.1,0.6,0.7,275,Mace Head
2016-11-23,6.2,14.0,50.0,16.0,495.0,7.7,-0.0,0.0,,1020.2,0.3,0.4,275,Mace Head
2016-11-24,9.7,15.0,50.0,17.0,483.0,8.1,1.8,0.0,,1025.6,0.4,0.4,275,Mace Head
2016-11-25,8.5,15.0,80.0,20.0,479.0,6.9,0.1,0.0,,1024.2,0.3,0.3,275,Mace Head
2016-11-26,7.8,16.0,80.0,22.0,372.0,5.1,-0.0,0.0,,1021.3,0.1,0.1,275,Mace Head
2016-11-27,7.7,13.0,80.0,17.0,267.0,10.7,1.7,0.0,,1023.0,0.4,0.5,275,Mace Head
2016-11-28,10.3,15.0,110.0,20.0,143.0,7.9,5.5,0.0,,1026.3,0.7,0.9,275,Mace Head
2016-11-29,4.8,8.0,100.0,11.0,135.0,8.3,5.2,0.0,,1030.5,0.5,0.6,275,Mace Head
2016-11-30,4.5,10.0,160.0,12.0,150.0,8.9,3.6,0.0,,1031.9,0.3,0.4,275,Mace Head
2016-12-01,8.3,11.0,100.0,13.0,384.0,6.7,2.1,0.2,,1028.3,0.1,0.1,275,Mace Head
2016-12-02,8.3,11.0,100.0,15.0,95.0,6.4,4.7,0.0,,1023.7,0.6,0.7,275,Mace Head
2016-12-03,10.6,15.0,90.0,20.0,115.0,7.6,5.6,0.0,,1019.9,0.8,0.9,275,Mace Head
2016-12-04,13.5,16.0,80.0,22.0,106.0,6.0,3.7,0.0,,1017.2,0.6,0.8,275,Mace Head
2016-12-05,11.8,17.0,110.0,22.0,140.0,9.2,4.2,0.0,,1015.8,0.5,0.7,275,Mace Head
2016-12-06,17.7,23.0,140.0,29.0,45.0,12.4,9.1,9.8,,1011.8,0.4,0.7,275,Mace Head
2016-12-07,18.9,26.0,170.0,32.0,80.0,13.0,10.6,4.0,,1009.5,0.4,0.6,275,Mace Head
2016-12-08,12.1,23.0,130.0,30.0,187.0,12.1,9.3,0.3,,1013.0,0.3,0.4,275,Mace Head
2016-12-09,20.5,25.0,200.0,31.0,218.0,12.3,10.7,3.0,,1010.4,0.5,0.6,275,Mace Head
2016-12-10,15.5,19.0,240.0,31.0,259.0,10.9,8.7,1.0,,1016.1,0.4,0.5,275,Mace Head
2016-12-11,14.1,17.0,180.0,22.0,234.0,11.0,7.9,0.0,,1017.7,0.5,0.5,275,Mace Head
2016-12-12,10.2,18.0,150.0,24.0,52.0,9.9,7.8,5.9,,1012.6,0.4,0.6,275,Mace Head
2016-12-13,14.1,21.0,140.0,28.0,153.0,12.2,9.2,2.6,,1004.4,0.4,0.5,275,Mace Head
2016-12-14,14.2,24.0,230.0,30.0,244.0,11.9,7.5,4.9,,1005.6,0.7,0.8,275,Mace Head
2016-12-15,14.9,26.0,150.0,36.0,66.0,9.6,6.4,4.0,,1005.5,0.7,1.0,275,Mace Head
2016-12-16,8.9,15.0,230.0,18.0,324.0,9.7,7.1,0.0,,1019.8,0.6,0.6,275,Mace Head
2016-12-17,18.0,23.0,200.0,29.0,199.0,10.6,8.6,0.0,,1031.0,1.1,1.4,275,Mace Head
2016-12-18,16.7,23.0,190.0,30.0,249.0,10.9,9.1,0.0,,1027.5,0.6,0.6,275,Mace Head
2016-12-19,11.7,24.0,200.0,30.0,308.0,10.9,7.1,0.2,,1024.3,0.4,0.4,275,Mace Head
2016-12-20,22.3,33.0,190.0,42.0,30.0,10.5,7.4,10.7,,1012.1,1.0,1.5,275,Mace Head
2016-12-21,25.5,37.0,250.0,60.0,280.0,9.3,4.9,6.2,,1008.7,1.0,1.4,275,Mace Head
2016-12-22,23.7,36.0,250.0,51.0,242.0,9.7,6.5,1.1,,1016.5,1.2,1.5,275,Mace Head
2016-12-23,32.6,40.0,260.0,55.0,197.0,11.6,6.3,11.6,,1009.1,0.9,1.5,275,Mace Head
2016-12-24,26.3,34.0,270.0,45.0,91.0,11.6,5.8,4.9,,1015.9,0.6,0.9,275,Mace Head
2016-12-25,27.2,41.0,260.0,49.0,92.0,12.0,6.7,0.6,,1013.7,1.1,1.6,275,Mace Head
2016-12-26,20.9,35.0,280.0,44.0,182.0,8.9,5.6,0.3,,1026.7,1.5,1.9,275,Mace Head
2016-12-27,14.7,18.0,150.0,23.0,302.0,9.8,7.8,0.0,,1034.2,0.9,0.9,275,Mace Head
2016-12-28,13.8,18.0,180.0,22.0,128.0,9.5,8.8,0.0,,1031.5,0.7,0.8,275,Mace Head
2016-12-29,15.8,20.0,200.0,24.0,278.0,11.2,9.4,0.0,,1027.3,0.4,0.4,275,Mace Head
2016-12-30,18.4,24.0,210.0,29.0,60.0,11.2,10.3,0.0,,1026.7,0.6,0.9,275,Mace Head
2016-12-31,18.5,28.0,220.0,38.0,150.0,11.1,5.3,6.3,,1022.4,0.5,0.7,275,Mace Head
2017-01-01,14.9,23.0,10.0,29.0,326.0,7.1,3.3,0.5,,1025.2,0.7,0.7,275,Mace Head
2017-01-02,4.8,15.0,50.0,20.0,388.0,7.0,1.3,0.0,,1032.2,0.3,0.4,275,Mace Head
2017-01-03,7.5,13.0,280.0,18.0,101.0,7.2,3.7,0.0,,1029.8,0.6,0.8,275,Mace Head
2017-01-04,6.9,16.0,150.0,21.0,205.0,7.2,4.9,0.0,,1027.6,0.3,0.4,275,Mace Head
2017-01-05,15.6,20.0,150.0,26.0,115.0,9.6,5.7,0.0,,1025.0,0.7,1.0,275,Mace Head
2017-01-06,10.9,17.0,170.0,22.0,85.0,10.7,9.4,3.6,,1025.4,0.3,0.5,275,Mace Head
2017-01-07,6.1,12.0,230.0,16.0,201.0,10.4,8.9,1.5,,1028.8,0.1,0.2,275,Mace Head
2017-01-08,15.4,30.0,200.0,37.0,77.0,10.5,9.5,0.7,,1022.3,0.4,0.6,275,Mace Head
2017-01-09,28.0,38.0,200.0,49.0,217.0,10.4,6.3,5.8,,1012.7,0.7,1.0,275,Mace Head
2017-01-10,23.1,31.0,280.0,42.0,276.0,11.0,7.7,0.4,,1010.6,0.5,0.7,275,Mace Head
2017-01-11,29.7,38.0,290.0,48.0,231.0,11.0,5.5,0.7,,1012.5,1.1,1.7,275,Mace Head
2017-01-12,26.4,37.0,280.0,49.0,211.0,7.0,2.3,3.6,,1006.0,1.2,1.8,275,Mace Head
2017-01-13,17.7,32.0,300.0,40.0,288.0,7.1,2.2,1.8,,1016.7,0.7,0.9,275,Mace Head
2017-01-14,17.9,25.0,280.0,33.0,251.0,9.5,6.1,0.8,,1023.3,0.8,1.0,275,Mace Head
2017-01-15,14.0,22.0,250.0,27.0,162.0,10.3,9.1,0.1,,1025.5,0.6,0.8,275,Mace Head
2017-01-16,8.2,15.0,240.0,18.0,235.0,10.7,9.4,0.4,,1027.6,0.2,0.3,275,Mace Head
2017-01-17,9.8,14.0,210.0,19.0,196.0,10.0,8.9,0.0,,1029.3,0.4,0.5,275,Mace Head
2017-01-18,11.1,16.0,190.0,20.0,186.0,9.7,8.3,0.5,,1031.5,0.6,0.8,275,Mace Head
2017-01-19,8.2,13.0,170.0,16.0,477.0,8.9,3.5,0.0,,1032.3,0.2,0.3,275,Mace Head
2017-01-20,9.8,15.0,120.0,21.0,374.0,7.8,2.1,0.2,,1027.6,0.3,0.4,275,Mace Head
2017-01-21,10.2,15.0,130.0,20.0,217.0,6.2,2.9,0.0,,1021.3,0.6,0.8,275,Mace Head
2017-01-22,6.8,11.0,90.0,13.0,564.0,7.4,0.1,0.0,,1019.9,0.3,0.3,275,Mace Head
2017-01-23,14.1,26.0,180.0,32.0,463.0,9.8,1.0,4.3,,1017.7,0.3,0.5,275,Mace Head
2017-01-24,15.6,23.0,190.0,29.0,178.0,10.2,8.3,4.3,,1013.2,0.2,0.4,275,Mace Head
2017-01-25,24.4,33.0,150.0,44.0,90.0,10.3,9.4,0.4,,1006.3,0.9,1.4,275,Mace Head
2017-01-26,29.3,38.0,140.0,50.0,72.0,9.5,7.2,4.2,,998.0,1.3,2.0,275,Mace Head
2017-01-27,11.5,24.0,120.0,33.0,339.0,8.7,4.3,7.9,,996.9,0.5,0.6,275,Mace Head
2017-01-28,12.6,21.0,240.0,28.0,608.0,8.0,4.5,3.5,,1003.4,0.7,0.9,275,Mace Head
2017-01-29,9.8,14.0,110.0,18.0,186.0,9.0,4.9,4.7,,1002.2,0.5,0.7,275,Mace Head
2017-01-30,14.2,24.0,130.0,32.0,93.0,11.2,7.1,7.8,,996.8,0.4,0.7,275,Mace Head
2017-01-31,10.0,17.0,200.0,21.0,525.0,10.3,7.3,0.0,,999.6,0.3,0.5,275,Mace Head
2017-02-01,19.9,31.0,230.0,38.0,295.0,10.2,6.1,0.6,,988.9,0.5,0.8,275,Mace Head
2017-02-02,20.7,34.0,230.0,45.0,314.0,11.2,7.4,4.9,,969.8,0.5,0.8,275,Mace Head
2017-02-03,19.5,34.0,230.0,46.0,445.0,8.5,3.6,2.2,,978.9,1.0,1.4,275,Mace Head
2017-02-04,10.6,25.0,240.0,32.0,242.0,6.5,1.8,5.3,,988.3,0.6,0.8,275,Mace Head
2017-02-05,10.5,27.0,280.0,32.0,436.0,7.5,2.2,6.9,,999.9,0.6,0.9,275,Mace Head
2017-02-06,22.2,37.0,140.0,47.0,279.0,11.3,5.9,7.6,,999.5,0.8,1.2,275,Mace Head
2017-02-07,6.8,16.0,300.0,21.0,657.0,8.1,2.7,13.3,,1011.5,0.5,0.7,275,Mace Head
2017-02-08,15.1,22.0,130.0,27.0,392.0,9.1,6.1,0.0,,1019.5,1.0,1.3,275,Mace Head
2017-02-09,21.0,26.0,110.0,34.0,283.0,9.0,1.3,0.0,,1018.0,0.8,1.3,275,Mace Head
2017-02-10,12.3,19.0,90.0,24.0,371.0,4.2,0.9,0.0,,1025.0,0.9,1.2,275,Mace Head
2017-02-11,11.8,22.0,40.0,29.0,819.0,6.4,0.1,0.0,,1030.2,1.1,1.5,275,Mace Head
2017-02-12,18.7,24.0,60.0,34.0,257.0,5.0,2.6,0.0,,1022.1,1.2,1.8,275,Mace Head
2017-02-13,23.1,30.0,80.0,41.0,245.0,9.4,3.0,0.0,,1012.0,1.3,1.9,275,Mace Head
2017-02-14,17.3,25.0,90.0,33.0,573.0,11.4,6.2,0.8,,1010.7,1.1,1.5,275,Mace Head
2017-02-15,17.4,26.0,220.0,35.0,385.0,10.7,7.7,2.2,,1016.6,0.9,1.3,275,Mace Head
2017-02-16,13.5,22.0,220.0,28.0,274.0,10.0,8.3,3.1,,1021.2,0.7,1.0,275,Mace Head
2017-02-17,11.8,16.0,130.0,21.0,184.0,11.5,7.9,7.0,,1016.6,0.6,0.8,275,Mace Head
2017-02-18,10.3,16.0,230.0,20.0,467.0,10.3,8.2,1.0,,1015.7,0.5,0.8,275,Mace Head
2017-02-19,13.4,17.0,270.0,21.0,199.0,10.1,8.8,0.8,,1018.0,0.4,0.6,275,Mace Head
2017-02-20,14.2,24.0,250.0,30.0,361.0,10.4,8.3,1.3,,1017.9,0.3,0.6,275,Mace Head
2017-02-21,20.4,29.0,230.0,36.0,129.0,10.7,8.5,4.4,,1010.2,0.4,0.7,275,Mace Head
2017-02-22,16.0,31.0,210.0,39.0,239.0,10.3,8.1,13.0,,996.6,0.5,0.8,275,Mace Head
2017-02-23,31.7,56.0,250.0,76.0,745.0,10.0,4.9,2.4,,996.3,0.9,1.8,275,Mace Head
2017-02-24,18.0,31.0,200.0,42.0,223.0,9.6,5.4,1.2,,1007.2,0.8,1.2,275,Mace Head
2017-02-25,20.5,36.0,200.0,46.0,607.0,10.4,7.3,4.1,,997.9,0.8,1.4,275,Mace Head
2017-02-26,23.8,38.0,240.0,48.0,488.0,9.6,2.7,10.6,,991.1,0.8,1.4,275,Mace Head
2017-02-27,14.4,29.0,220.0,38.0,836.0,6.8,2.6,2.6,,981.7,1.1,1.6,275,Mace Head
2017-02-28,24.3,37.0,300.0,47.0,957.0,9.2,3.5,1.8,,989.7,1.2,2.1,275,Mace Head
2017-03-01,20.7,44.0,270.0,55.0,522.0,9.4,5.2,6.4,,992.4,1.5,2.2,275,Mace Head
2017-03-02,15.9,45.0,280.0,59.0,291.0,7.9,5.0,2.0,,999.1,1.1,1.6,275,Mace Head
2017-03-03,12.4,22.0,350.0,28.0,96.0,7.0,4.2,29.3,,989.6,0.5,0.8,275,Mace Head
2017-03-04,18.4,24.0,320.0,34.0,848.0,8.9,5.3,1.5,,983.2,1.4,2.1,275,Mace Head
2017-03-05,18.2,33.0,270.0,42.0,711.0,8.6,3.9,7.0,,985.7,1.2,1.8,275,Mace Head
2017-03-06,13.3,27.0,270.0,40.0,812.0,7.9,3.4,8.9,,1002.8,1.0,1.6,275,Mace Head
2017-03-07,14.3,24.0,230.0,34.0,233.0,10.2,5.6,9.7,,1006.2,0.8,1.1,275,Mace Head
2017-03-08,11.5,19.0,230.0,25.0,1129.0,11.5,8.4,0.2,,1007.7,0.9,1.6,275,Mace Head
2017-03-09,10.5,19.0,270.0,24.0,724.0,11.4,7.9,0.8,,1014.3,1.1,1.6,275,Mace Head
2017-03-10,13.1,20.0,170.0,26.0,549.0,12.1,9.0,3.0,,1012.6,0.9,1.3,275,Mace Head
2017-03-11,10.9,18.0,170.0,23.0,1323.0,11.6,8.6,5.4,,1008.1,1.0,1.7,275,Mace Head
2017-03-12,15.7,27.0,290.0,36.0,1229.0,10.1,6.5,1.6,,1013.0,1.1,1.9,275,Mace Head
2017-03-13,14.2,21.0,210.0,25.0,657.0,11.0,8.9,0.2,,1023.6,0.6,1.2,275,Mace Head
2017-03-14,13.3,22.0,220.0,27.0,1087.0,11.4,8.9,0.2,,1027.7,0.9,1.7,275,Mace Head
2017-03-15,12.7,23.0,200.0,28.0,611.0,11.1,9.0,0.0,,1025.3,0.7,1.2,275,Mace Head
2017-03-16,20.1,27.0,260.0,37.0,1166.0,9.8,6.6,0.9,,1018.3,1.4,2.5,275,Mace Head
2017-03-17,27.5,33.0,230.0,42.0,210.0,10.5,7.4,8.2,,1011.7,1.1,1.8,275,Mace Head
2017-03-18,22.0,27.0,260.0,34.0,257.0,10.4,9.9,2.8,,1005.6,0.4,0.9,275,Mace Head
2017-03-19,17.5,27.0,230.0,34.0,832.0,10.8,8.7,1.7,,999.8,0.8,1.5,275,Mace Head
2017-03-20,25.7,41.0,250.0,52.0,1270.0,10.1,2.5,1.4,,997.0,1.2,2.5,275,Mace Head
2017-03-21,14.5,31.0,290.0,41.0,866.0,6.7,1.7,8.1,,999.2,1.2,1.9,275,Mace Head
2017-03-22,14.2,28.0,350.0,35.0,1439.0,8.9,1.9,0.0,,1007.7,1.6,2.6,275,Mace Head
2017-03-23,12.0,21.0,20.0,27.0,875.0,9.9,3.4,0.0,,1021.6,1.8,2.5,275,Mace Head
2017-03-24,8.7,15.0,70.0,19.0,1578.0,13.9,2.9,0.0,,1029.0,1.9,2.8,275,Mace Head
2017-03-25,5.1,11.0,70.0,14.0,1744.0,16.1,3.1,0.0,,1028.1,2.0,2.9,275,Mace Head
2017-03-26,12.8,19.0,80.0,26.0,1719.0,17.1,6.0,0.0,,1021.1,3.3,4.4,275,Mace Head
2017-03-27,11.2,16.0,80.0,21.0,1764.0,17.2,6.1,0.0,,1014.9,2.7,3.8,275,Mace Head
2017-03-28,12.1,18.0,90.0,24.0,1178.0,13.7,7.4,1.4,,1009.3,1.6,2.5,275,Mace Head
2017-03-29,12.3,19.0,190.0,26.0,1092.0,12.4,9.8,2.4,,1005.1,1.2,2.0,275,Mace Head
2017-03-30,11.4,18.0,170.0,24.0,1175.0,13.3,9.7,3.9,,1000.5,1.4,2.2,275,Mace Head
2017-03-31,8.8,15.0,150.0,21.0,1413.0,12.9,8.4,3.6,,997.5,1.6,2.4,275,Mace Head
2017-04-01,14.1,23.0,320.0,31.0,1676.0,12.0,7.4,0.5,,1008.9,1.7,3.0,275,Mace Head
2017-04-02,13.0,22.0,150.0,30.0,872.0,11.3,8.0,0.0,,1015.7,1.5,2.2,275,Mace Head
2017-04-03,20.1,29.0,310.0,37.0,628.0,11.9,8.1,11.5,,1015.0,1.2,2.1,275,Mace Head
2017-04-04,13.5,21.0,300.0,26.0,912.0,10.6,7.8,0.0,,1027.2,1.9,2.8,275,Mace Head
2017-04-05,8.2,14.0,290.0,17.0,652.0,10.7,8.5,0.0,,1032.9,1.5,2.0,275,Mace Head
2017-04-06,6.8,11.0,240.0,15.0,635.0,10.1,7.8,0.0,,1029.9,1.6,2.1,275,Mace Head
2017-04-07,8.0,13.0,220.0,16.0,954.0,11.4,7.7,0.0,,1023.5,1.8,2.5,275,Mace Head
2017-04-08,6.9,13.0,140.0,17.0,1967.0,14.2,6.9,0.0,,1016.3,2.3,3.4,275,Mace Head
2017-04-09,11.4,18.0,320.0,23.0,824.0,11.6,7.4,0.0,,1019.2,1.3,2.0,275,Mace Head
2017-04-10,12.7,18.0,310.0,24.0,1601.0,11.8,6.8,0.0,,1027.5,2.4,3.6,275,Mace Head
2017-04-11,15.5,20.0,260.0,24.0,673.0,10.4,8.9,0.0,,1024.9,1.7,2.5,275,Mace Head
2017-04-12,15.7,23.0,270.0,28.0,1446.0,12.8,8.7,0.0,,1019.7,2.0,3.2,275,Mace Head
2017-04-13,11.1,16.0,240.0,20.0,1078.0,11.9,8.6,0.1,,1016.7,1.7,2.5,275,Mace Head
2017-04-14,13.6,20.0,300.0,25.0,835.0,10.4,7.1,0.6,,1014.5,1.2,2.0,275,Mace Head
2017-04-15,14.0,21.0,280.0,26.0,1584.0,11.1,6.7,0.6,,1019.2,2.2,3.4,275,Mace Head
2017-04-16,16.5,23.0,260.0,29.0,1060.0,11.6,7.9,1.7,,1021.0,1.3,2.3,275,Mace Head
2017-04-17,9.6,16.0,300.0,21.0,1668.0,12.0,8.1,0.0,,1024.5,2.0,3.1,275,Mace Head
2017-04-18,5.5,9.0,280.0,11.0,1416.0,12.3,8.1,0.0,,1029.5,1.9,2.6,275,Mace Head
2017-04-19,6.6,10.0,270.0,12.0,1260.0,13.4,10.4,0.0,,1033.1,1.7,2.4,275,Mace Head
2017-04-20,6.2,10.0,270.0,11.0,2210.0,13.9,9.1,0.0,,1034.3,2.4,3.6,275,Mace Head
2017-04-21,7.0,15.0,270.0,17.0,2429.0,13.5,6.2,0.0,,1032.1,2.4,3.7,275,Mace Head
2017-04-22,6.7,10.0,300.0,13.0,698.0,12.6,10.3,0.0,,1029.4,1.6,2.1,275,Mace Head
2017-04-23,6.8,13.0,300.0,16.0,1962.0,14.3,9.5,0.0,,1024.1,2.6,3.7,275,Mace Head
2017-04-24,14.3,23.0,330.0,30.0,1900.0,11.5,3.9,0.2,,1019.7,2.3,3.8,275,Mace Head
2017-04-25,13.9,26.0,350.0,34.0,1832.0,9.9,2.9,2.1,,1022.0,2.2,3.6,275,Mace Head
2017-04-26,9.6,20.0,340.0,26.0,1694.0,11.1,3.7,0.2,,1022.8,2.2,3.4,275,Mace Head
2017-04-27,10.8,19.0,330.0,23.0,1617.0,12.4,7.3,0.1,,1021.1,2.4,3.5,275,Mace Head
2017-04-28,13.4,24.0,180.0,30.0,1745.0,12.1,7.9,0.0,,1012.9,2.7,4.2,275,Mace Head
2017-04-29,20.9,26.0,130.0,35.0,861.0,12.3,8.5,0.3,,999.1,2.0,3.2,275,Mace Head
2017-04-30,17.3,25.0,100.0,34.0,2026.0,15.2,7.1,1.5,,992.0,2.9,4.8,275,Mace Head
2017-05-01,5.0,12.0,280.0,14.0,2333.0,13.4,6.7,0.0,,1004.6,2.7,3.8,275,Mace Head
2017-05-02,9.2,17.0,80.0,23.0,2570.0,19.1,7.4,0.0,,1016.4,3.5,5.1,275,Mace Head
2017-05-03,14.4,21.0,90.0,26.0,2611.0,17.2,8.8,0.0,,1022.9,4.1,6.1,275,Mace Head
2017-05-04,18.2,23.0,70.0,31.0,1694.0,17.3,7.9,0.0,,1022.0,3.8,5.7,275,Mace Head
2017-05-05,21.5,28.0,80.0,38.0,2527.0,16.8,7.3,0.0,,1016.7,4.2,7.0,275,Mace Head
2017-05-06,14.6,24.0,80.0,31.0,1282.0,13.2,7.2,0.0,,1014.8,2.5,3.7,275,Mace Head
2017-05-07,6.0,11.0,290.0,14.0,2677.0,15.0,7.0,0.0,,1021.2,3.1,4.5,275,Mace Head
2017-05-08,5.7,13.0,80.0,18.0,2445.0,20.5,6.7,0.0,,1025.0,3.5,4.9,275,Mace Head
2017-05-09,8.6,15.0,80.0,20.0,2676.0,16.3,5.7,0.0,,1018.5,3.4,5.0,275,Mace Head
2017-05-10,7.6,13.0,290.0,15.0,2675.0,15.4,7.0,0.0,,1004.4,3.3,4.9,275,Mace Head
2017-05-11,7.0,15.0,300.0,18.0,2747.0,15.0,6.3,0.0,,993.6,3.2,4.8,275,Mace Head
2017-05-12,8.6,18.0,280.0,20.0,1777.0,14.6,8.8,0.0,,992.2,2.5,3.7,275,Mace Head
2017-05-13,13.8,20.0,220.0,30.0,1424.0,13.5,10.0,2.2,,997.4,2.0,3.2,275,Mace Head
2017-05-14,17.8,25.0,130.0,40.0,2338.0,14.1,7.9,5.9,,1005.7,2.7,4.9,275,Mace Head
2017-05-15,22.2,28.0,180.0,35.0,648.0,13.9,10.6,12.5,,1002.0,1.0,2.0,275,Mace Head
2017-05-16,19.4,26.0,180.0,33.0,2446.0,13.9,9.8,2.6,,1009.0,2.2,4.5,275,Mace Head
2017-05-17,16.4,22.0,200.0,27.0,2618.0,13.9,9.9,2.9,,1011.3,3.1,5.4,275,Mace Head
2017-05-18,11.4,21.0,240.0,26.0,2803.0,13.5,8.4,0.5,,1008.5,3.3,5.4,275,Mace Head
2017-05-19,12.4,16.0,260.0,20.0,1783.0,13.2,9.6,1.1,,1009.2,2.6,4.0,275,Mace Head
2017-05-20,12.5,17.0,220.0,22.0,2697.0,14.0,9.5,0.4,,1010.5,3.3,5.4,275,Mace Head
2017-05-21,17.5,23.0,180.0,30.0,1586.0,16.5,10.5,4.3,,1008.6,2.4,4.0,275,Mace Head
2017-05-22,14.3,20.0,160.0,28.0,1817.0,14.7,10.7,2.2,,1008.6,2.2,3.8,275,Mace Head
2017-05-23,10.1,15.0,230.0,20.0,1032.0,14.5,10.6,0.0,,1017.2,1.4,2.2,275,Mace Head
2017-05-24,7.2,13.0,200.0,16.0,1354.0,17.4,12.1,0.5,,1021.3,2.1,3.0,275,Mace Head
2017-05-25,11.7,18.0,130.0,22.0,2694.0,21.0,11.9,0.0,,1015.7,3.7,5.7,275,Mace Head
2017-05-26,10.7,18.0,120.0,23.0,835.0,21.0,13.1,3.7,,1009.4,1.9,2.6,275,Mace Head
2017-05-27,15.1,19.0,320.0,25.0,1919.0,15.6,11.6,2.8,,1011.4,2.4,4.1,275,Mace Head
2017-05-28,6.5,11.0,250.0,14.0,2558.0,16.4,9.8,0.0,,1014.5,3.4,4.9,275,Mace Head
2017-05-29,8.3,12.0,80.0,16.0,2487.0,17.0,12.5,0.0,,1010.0,3.4,5.0,275,Mace Head
2017-05-30,13.0,22.0,300.0,26.0,2670.0,15.8,8.5,2.7,,1012.0,3.0,5.2,275,Mace Head
2017-05-31,12.4,22.0,170.0,29.0,2588.0,16.6,7.9,0.0,,1013.7,3.1,5.2,275,Mace Head
2017-06-01,16.7,22.0,200.0,28.0,1320.0,14.9,11.9,7.8,,1010.5,1.9,3.2,275,Mace Head
2017-06-02,15.4,21.0,220.0,25.0,2604.0,15.7,10.5,2.3,,1011.1,3.5,5.8,275,Mace Head
2017-06-03,16.1,22.0,170.0,28.0,2677.0,14.8,9.5,5.6,,1008.3,3.2,5.5,275,Mace Head
2017-06-04,17.1,24.0,140.0,31.0,1597.0,14.4,8.8,14.6,,1003.0,2.0,3.6,275,Mace Head
2017-06-05,15.7,23.0,310.0,31.0,1946.0,14.2,9.9,1.7,,996.1,2.4,4.2,275,Mace Head
2017-06-06,19.9,26.0,300.0,33.0,2800.0,14.8,9.4,2.0,,1002.4,3.3,6.1,275,Mace Head
2017-06-07,12.2,21.0,110.0,28.0,906.0,14.1,10.9,1.0,,1004.2,1.5,2.4,275,Mace Head
2017-06-08,12.7,20.0,220.0,24.0,2277.0,15.5,12.4,12.0,,997.4,2.7,4.5,275,Mace Head
2017-06-09,14.2,26.0,130.0,34.0,1381.0,14.9,12.2,10.0,,1000.7,2.0,3.3,275,Mace Head
2017-06-10,22.0,29.0,190.0,39.0,1986.0,16.1,13.0,4.3,,998.4,2.3,4.5,275,Mace Head
2017-06-11,25.2,31.0,220.0,38.0,1191.0,14.4,12.2,1.6,,1003.2,1.7,3.3,275,Mace Head
2017-06-12,18.3,29.0,260.0,34.0,1000.0,14.7,11.8,1.3,,1011.2,1.7,2.9,275,Mace Head
2017-06-13,17.3,21.0,200.0,27.0,1237.0,15.7,12.9,0.9,,1012.4,2.0,3.4,275,Mace Head
2017-06-14,17.2,27.0,170.0,33.0,886.0,16.8,12.9,7.4,,1007.1,2.0,3.0,275,Mace Head
2017-06-15,21.4,28.0,230.0,35.0,1923.0,15.0,12.0,0.7,,1009.8,2.2,4.3,275,Mace Head
2017-06-16,14.8,19.0,210.0,23.0,811.0,15.5,13.2,0.4,,1019.3,1.3,2.2,275,Mace Head
2017-06-17,16.1,20.0,220.0,25.0,1203.0,15.4,13.1,0.0,,1022.4,1.6,2.8,275,Mace Head
2017-06-18,8.5,16.0,210.0,19.0,1918.0,16.9,13.0,0.0,,1020.3,2.6,3.9,275,Mace Head
2017-06-19,7.9,15.0,60.0,19.0,2884.0,21.2,11.7,0.0,,1018.2,4.1,6.0,275,Mace Head
2017-06-20,11.7,17.0,70.0,23.0,2040.0,23.3,13.1,0.0,,1014.4,3.6,5.2,275,Mace Head
2017-06-21,8.9,15.0,300.0,19.0,911.0,17.9,12.4,0.0,,1009.1,1.7,2.4,275,Mace Head
2017-06-22,16.7,29.0,210.0,35.0,923.0,15.1,11.5,2.1,,1009.0,1.9,3.0,275,Mace Head
2017-06-23,16.2,28.0,220.0,35.0,1232.0,15.1,12.6,4.2,,1008.4,1.8,3.1,275,Mace Head
2017-06-24,14.1,19.0,250.0,23.0,1335.0,14.5,11.7,2.5,,1009.7,2.0,3.2,275,Mace Head
2017-06-25,10.3,15.0,280.0,19.0,2024.0,15.2,10.4,0.4,,1010.3,2.8,4.3,275,Mace Head
2017-06-26,9.4,17.0,90.0,21.0,874.0,14.1,9.4,12.4,,1007.9,1.3,2.0,275,Mace Head
2017-06-27,9.6,16.0,200.0,19.0,1845.0,16.4,13.1,0.8,,1000.1,2.4,3.7,275,Mace Head
2017-06-28,6.9,15.0,290.0,19.0,1401.0,16.7,12.4,4.0,,999.2,2.1,3.1,275,Mace Head
2017-06-29,19.6,30.0,340.0,41.0,1683.0,14.8,11.0,0.5,,1005.4,2.3,4.2,275,Mace Head
2017-06-30,17.4,28.0,320.0,35.0,2505.0,15.7,11.5,0.0,,1013.2,3.7,6.1,275,Mace Head
2017-07-01,14.5,21.0,300.0,27.0,1114.0,14.9,12.1,0.7,,1016.8,1.6,2.7,275,Mace Head
2017-07-02,12.9,19.0,210.0,24.0,871.0,14.2,12.3,0.7,,1017.9,1.5,2.3,275,Mace Head
2017-07-03,8.9,18.0,200.0,22.0,1015.0,14.9,12.1,5.3,,1015.3,1.5,2.2,275,Mace Head
2017-07-04,11.6,18.0,220.0,22.0,2387.0,17.5,12.7,1.5,,1014.8,3.1,4.9,275,Mace Head
2017-07-05,5.6,11.0,160.0,15.0,2017.0,17.8,12.7,0.0,,1015.7,3.1,4.2,275,Mace Head
2017-07-06,11.3,15.0,210.0,19.0,1263.0,17.0,14.0,1.4,,1013.0,1.9,3.0,275,Mace Head
2017-07-07,9.1,14.0,240.0,17.0,2064.0,16.0,12.5,0.1,,1015.1,2.8,4.3,275,Mace Head
2017-07-08,6.8,14.0,240.0,16.0,2281.0,17.8,12.2,0.0,,1015.4,3.2,4.6,275,Mace Head
2017-07-09,13.3,17.0,240.0,20.0,543.0,14.8,12.7,0.5,,1010.7,1.2,1.8,275,Mace Head
2017-07-10,6.2,11.0,270.0,14.0,894.0,15.5,11.6,0.9,,1006.9,1.6,2.2,275,Mace Head
2017-07-11,8.8,16.0,40.0,20.0,1654.0,18.0,10.9,0.0,,1007.0,2.8,3.9,275,Mace Head
2017-07-12,5.2,9.0,230.0,11.0,2813.0,17.3,9.4,0.0,,1014.3,3.6,5.1,275,Mace Head
2017-07-13,13.6,21.0,280.0,28.0,1528.0,16.2,12.6,0.1,,1017.6,2.2,3.5,275,Mace Head
2017-07-14,16.5,22.0,200.0,27.0,791.0,16.2,12.8,4.8,,1017.0,1.6,2.5,275,Mace Head
2017-07-15,15.5,22.0,220.0,27.0,732.0,16.5,13.7,0.5,,1015.4,1.2,2.0,275,Mace Head
2017-07-16,11.3,15.0,280.0,18.0,2838.0,16.8,13.2,0.0,,1021.4,3.7,5.8,275,Mace Head
2017-07-17,6.4,11.0,280.0,13.0,2825.0,18.2,13.2,0.0,,1020.6,3.8,5.4,275,Mace Head
2017-07-18,10.0,14.0,100.0,18.0,1898.0,23.0,12.3,0.0,,1009.0,3.3,4.6,275,Mace Head
2017-07-19,14.6,27.0,290.0,32.0,1328.0,17.8,12.7,5.9,,1000.6,2.2,3.4,275,Mace Head
2017-07-20,14.2,21.0,240.0,26.0,2019.0,15.9,10.4,8.7,,999.8,3.0,4.7,275,Mace Head
2017-07-21,16.6,30.0,310.0,41.0,664.0,15.2,9.5,20.3,,994.0,1.2,2.0,275,Mace Head
2017-07-22,10.4,19.0,280.0,22.0,2545.0,18.3,10.1,0.0,,1003.2,3.3,5.1,275,Mace Head
2017-07-23,10.8,18.0,290.0,21.0,2533.0,20.9,13.1,0.0,,1013.1,3.6,5.5,275,Mace Head
2017-07-24,10.8,17.0,280.0,20.0,2623.0,18.6,13.3,0.0,,1018.5,3.4,5.3,275,Mace Head
2017-07-25,8.1,20.0,180.0,25.0,1434.0,19.6,13.5,15.7,,1009.0,2.3,3.3,275,Mace Head
2017-07-26,23.0,29.0,260.0,39.0,2068.0,16.6,11.5,9.8,,997.5,2.0,4.2,275,Mace Head
2017-07-27,24.1,33.0,230.0,42.0,1432.0,15.7,12.0,6.0,,996.6,2.2,4.0,275,Mace Head
2017-07-28,22.8,32.0,240.0,39.0,2022.0,16.6,12.3,4.0,,996.9,2.5,4.7,275,Mace Head
2017-07-29,19.2,29.0,240.0,34.0,1399.0,16.5,13.1,0.2,,999.0,2.4,3.9,275,Mace Head
2017-07-30,18.1,26.0,240.0,35.0,1405.0,15.5,12.6,3.8,,997.5,2.1,3.5,275,Mace Head
2017-07-31,17.1,22.0,250.0,27.0,2168.0,16.6,12.4,2.1,,1002.1,2.7,4.7,275,Mace Head
2017-08-01,12.9,18.0,240.0,23.0,2292.0,17.2,13.1,1.1,,1005.3,3.1,4.9,275,Mace Head
2017-08-02,17.3,22.0,180.0,33.0,1225.0,17.1,12.8,7.6,,996.6,1.8,3.0,275,Mace Head
2017-08-03,13.8,22.0,260.0,27.0,1567.0,16.7,14.0,0.0,,997.4,2.2,3.5,275,Mace Head
2017-08-04,11.2,15.0,280.0,17.0,2299.0,17.1,12.8,0.0,,1009.0,3.2,4.9,275,Mace Head
2017-08-05,11.9,19.0,210.0,24.0,2190.0,16.5,11.7,0.9,,1014.7,3.0,4.6,275,Mace Head
2017-08-06,19.9,27.0,240.0,36.0,1267.0,16.5,12.6,3.8,,1013.3,2.0,3.4,275,Mace Head
2017-08-07,13.3,21.0,270.0,26.0,1910.0,16.5,12.2,0.1,,1013.3,2.8,4.4,275,Mace Head
2017-08-08,11.8,22.0,340.0,26.0,1933.0,16.2,10.9,2.4,,1016.2,2.9,4.3,275,Mace Head
2017-08-09,12.6,18.0,330.0,23.0,2500.0,18.0,12.4,0.0,,1023.3,3.4,5.3,275,Mace Head
2017-08-10,14.5,23.0,210.0,27.0,1155.0,16.4,12.1,0.1,,1021.1,2.0,3.0,275,Mace Head
2017-08-11,19.2,25.0,210.0,30.0,1244.0,16.4,13.8,2.9,,1012.7,1.9,3.2,275,Mace Head
2017-08-12,12.0,22.0,290.0,29.0,2318.0,17.4,11.0,0.0,,1015.9,3.0,4.7,275,Mace Head
2017-08-13,8.5,20.0,170.0,25.0,1398.0,17.4,9.9,6.4,,1013.1,2.0,3.0,275,Mace Head
2017-08-14,13.3,22.0,190.0,29.0,1701.0,16.5,13.5,1.9,,1006.2,2.2,3.6,275,Mace Head
2017-08-15,14.2,19.0,170.0,24.0,2089.0,17.3,13.2,0.2,,1010.0,3.0,4.7,275,Mace Head
2017-08-16,19.3,25.0,170.0,34.0,1003.0,17.1,13.5,8.0,,1005.7,1.5,2.6,275,Mace Head
2017-08-17,19.9,31.0,280.0,39.0,1813.0,17.3,13.1,1.0,,1001.4,2.6,4.4,275,Mace Head
2017-08-18,24.4,36.0,280.0,45.0,1150.0,15.5,12.2,5.3,,1006.7,1.9,3.4,275,Mace Head
2017-08-19,17.6,28.0,270.0,35.0,1582.0,15.9,11.2,0.4,,1014.9,2.4,3.9,275,Mace Head
2017-08-20,9.4,19.0,110.0,24.0,480.0,16.5,10.7,16.0,,1015.1,1.1,1.5,275,Mace Head
2017-08-21,12.1,20.0,180.0,24.0,323.0,16.5,15.3,35.3,,1013.2,0.7,1.1,275,Mace Head
2017-08-22,9.9,16.0,120.0,21.0,1031.0,18.7,14.4,0.0,,1009.0,1.8,2.6,275,Mace Head
2017-08-23,16.3,19.0,240.0,24.0,1720.0,17.2,13.9,0.8,,1007.2,2.4,3.9,275,Mace Head
2017-08-24,19.8,26.0,220.0,33.0,383.0,15.4,13.5,4.3,,1009.4,1.0,1.6,275,Mace Head
2017-08-25,10.8,18.0,220.0,22.0,1379.0,17.2,12.8,0.8,,1011.7,1.9,2.9,275,Mace Head
2017-08-26,3.2,6.0,250.0,8.0,2186.0,17.3,10.2,0.1,,1014.2,2.6,3.6,275,Mace Head
2017-08-27,9.4,21.0,210.0,27.0,689.0,17.0,13.5,0.5,,1013.0,1.2,1.7,275,Mace Head
2017-08-28,16.0,22.0,200.0,28.0,1039.0,16.7,13.5,4.2,,1011.8,2.0,3.0,275,Mace Head
2017-08-29,16.7,21.0,260.0,25.0,1179.0,15.7,12.9,0.0,,1012.8,2.5,3.7,275,Mace Head
2017-08-30,13.1,20.0,250.0,25.0,1697.0,15.9,12.2,0.2,,1011.2,2.5,3.8,275,Mace Head
2017-08-31,7.0,15.0,290.0,19.0,1722.0,17.5,10.0,0.0,,1016.6,2.4,3.4,275,Mace Head
2017-09-01,5.5,12.0,260.0,15.0,2031.0,16.8,9.5,0.0,,1022.4,2.4,3.4,275,Mace Head
2017-09-02,16.8,25.0,140.0,33.0,389.0,15.4,13.1,19.3,,1010.6,1.1,1.6,275,Mace Head
2017-09-03,8.0,14.0,160.0,18.0,1209.0,17.2,15.1,1.6,,1000.2,1.4,2.2,275,Mace Head
2017-09-04,15.1,19.0,200.0,23.0,703.0,16.3,14.7,1.7,,1003.5,1.1,1.8,275,Mace Head
2017-09-05,19.4,29.0,260.0,40.0,1093.0,16.1,12.5,1.1,,1008.8,1.8,2.9,275,Mace Head
2017-09-06,17.9,26.0,280.0,32.0,924.0,16.5,13.9,0.2,,1015.3,2.2,3.1,275,Mace Head
2017-09-07,20.1,26.0,260.0,31.0,476.0,15.9,13.7,1.5,,1006.5,1.1,1.7,275,Mace Head
2017-09-08,20.7,27.0,300.0,38.0,1479.0,15.7,11.6,5.2,,998.2,1.9,3.3,275,Mace Head
2017-09-09,21.5,28.0,300.0,41.0,1075.0,15.9,12.2,2.3,,1000.9,1.8,3.0,275,Mace Head
2017-09-10,30.2,44.0,270.0,56.0,1181.0,14.7,11.1,5.5,,992.0,1.3,2.8,275,Mace Head
2017-09-11,25.2,36.0,290.0,46.0,1355.0,15.0,12.0,2.5,,993.8,1.8,3.3,275,Mace Head
2017-09-12,14.3,23.0,340.0,29.0,584.0,13.5,10.0,8.5,,994.8,1.3,1.9,275,Mace Head
2017-09-13,17.5,26.0,270.0,33.0,1216.0,12.9,9.1,3.8,,1000.0,1.7,2.8,275,Mace Head
2017-09-14,17.4,22.0,310.0,29.0,1680.0,14.9,10.8,1.4,,1012.0,2.2,3.6,275,Mace Head
2017-09-15,13.9,25.0,340.0,33.0,1403.0,15.0,10.8,0.1,,1018.4,2.1,3.1,275,Mace Head
2017-09-16,9.4,15.0,350.0,22.0,539.0,13.3,8.8,1.0,,1015.6,1.1,1.6,275,Mace Head
2017-09-17,6.7,12.0,80.0,15.0,1767.0,15.1,6.2,0.0,,1015.9,1.8,2.7,275,Mace Head
2017-09-18,6.4,14.0,190.0,17.0,1465.0,15.7,7.3,0.0,,1018.1,1.6,2.3,275,Mace Head
2017-09-19,15.4,20.0,160.0,27.0,335.0,15.2,13.2,1.8,,1012.3,0.8,1.2,275,Mace Head
2017-09-20,11.6,22.0,170.0,27.0,403.0,15.2,9.9,9.0,,1007.5,0.8,1.2,275,Mace Head
2017-09-21,13.2,24.0,180.0,29.0,1507.0,15.0,8.1,0.9,,1008.3,1.7,2.6,275,Mace Head
2017-09-22,16.5,32.0,150.0,42.0,1365.0,14.9,11.7,15.0,,1004.3,1.5,2.5,275,Mace Head
2017-09-23,20.9,28.0,150.0,37.0,310.0,16.1,13.4,4.9,,1004.5,1.2,1.7,275,Mace Head
2017-09-24,8.6,15.0,210.0,19.0,1235.0,16.4,10.2,0.0,,1011.7,1.4,2.1,275,Mace Head
2017-09-25,10.1,18.0,150.0,25.0,1314.0,17.0,10.1,0.1,,1016.0,1.5,2.3,275,Mace Head
2017-09-26,20.0,28.0,130.0,37.0,721.0,17.6,13.8,0.5,,1010.5,1.9,2.6,275,Mace Head
2017-09-27,13.0,26.0,140.0,35.0,411.0,15.1,12.0,17.9,,1007.0,1.0,1.4,275,Mace Head
2017-09-28,20.2,32.0,150.0,42.0,336.0,14.7,11.6,3.1,,1004.6,1.2,1.8,275,Mace Head
2017-09-29,25.5,35.0,200.0,44.0,1046.0,14.4,10.4,1.4,,1003.0,2.1,3.4,275,Mace Head
2017-09-30,9.9,22.0,270.0,32.0,1094.0,14.5,10.0,1.9,,1005.4,1.6,2.2,275,Mace Head
2017-10-01,25.8,38.0,250.0,49.0,559.0,15.1,11.1,3.5,,999.4,1.0,1.8,275,Mace Head
2017-10-02,24.7,36.0,260.0,44.0,1026.0,13.9,11.4,1.3,,1011.9,2.0,3.1,275,Mace Head
2017-10-03,18.6,26.0,250.0,34.0,611.0,13.2,10.8,0.0,,1022.0,1.8,2.5,275,Mace Head
2017-10-04,26.8,35.0,230.0,44.0,246.0,14.6,11.5,4.3,,1014.2,0.8,1.4,275,Mace Head
2017-10-05,11.7,19.0,330.0,24.0,1189.0,14.2,7.6,0.0,,1019.0,1.2,1.8,275,Mace Head
2017-10-06,13.4,22.0,220.0,27.0,262.0,14.1,7.2,3.1,,1021.9,0.6,0.9,275,Mace Head
2017-10-07,13.4,20.0,280.0,25.0,691.0,14.3,11.0,0.4,,1017.1,0.9,1.4,275,Mace Head
2017-10-08,5.2,12.0,220.0,16.0,957.0,14.6,10.6,0.3,,1018.1,1.0,1.5,275,Mace Head
2017-10-09,16.1,23.0,220.0,29.0,199.0,14.0,12.8,1.7,,1012.7,0.7,1.0,275,Mace Head
2017-10-10,22.6,33.0,210.0,45.0,360.0,14.1,12.4,2.2,,1002.7,1.2,1.8,275,Mace Head
2017-10-11,23.6,31.0,220.0,40.0,940.0,14.3,11.0,10.1,,1001.4,1.4,2.2,275,Mace Head
2017-10-12,21.8,29.0,200.0,36.0,345.0,15.1,11.6,0.9,,1006.4,1.1,1.6,275,Mace Head
2017-10-13,17.6,29.0,200.0,37.0,195.0,15.1,12.6,2.9,,1007.4,0.5,0.8,275,Mace Head
2017-10-14,14.5,26.0,160.0,36.0,181.0,15.2,11.4,1.8,,1008.5,0.6,0.9,275,Mace Head
2017-10-15,16.0,30.0,180.0,40.0,380.0,15.6,9.6,2.7,,1005.5,0.7,1.1,275,Mace Head
2017-10-16,27.3,38.0,70.0,51.0,257.0,14.9,9.6,22.1,,987.7,0.9,1.5,275,Mace Head
2017-10-17,13.8,31.0,270.0,40.0,969.0,13.7,6.1,0.2,,1009.4,1.3,1.8,275,Mace Head
2017-10-18,13.7,21.0,180.0,27.0,212.0,13.4,6.7,1.6,,1002.4,0.7,1.0,275,Mace Head
2017-10-19,17.2,29.0,330.0,39.0,334.0,12.5,9.6,18.2,,994.6,1.1,1.5,275,Mace Head
2017-10-20,18.0,30.0,130.0,39.0,194.0,13.0,6.1,8.9,,987.7,0.9,1.3,275,Mace Head
2017-10-21,31.8,44.0,300.0,59.0,481.0,13.1,8.8,10.8,,986.4,1.2,2.0,275,Mace Head
2017-10-22,22.2,36.0,290.0,45.0,322.0,13.3,9.3,10.4,,1008.8,1.1,1.6,275,Mace Head
2017-10-23,16.7,22.0,230.0,27.0,495.0,13.9,11.7,1.0,,1006.6,0.5,0.9,275,Mace Head
2017-10-24,17.6,23.0,230.0,29.0,256.0,13.9,10.8,8.0,,1005.0,0.7,1.0,275,Mace Head
2017-10-25,15.5,23.0,250.0,31.0,511.0,13.5,11.0,0.0,,1013.0,1.0,1.3,275,Mace Head
2017-10-26,6.3,10.0,50.0,13.0,453.0,14.5,8.0,2.9,,1023.3,0.6,0.8,275,Mace Head
2017-10-27,7.1,14.0,250.0,17.0,792.0,13.9,6.6,0.0,,1031.2,0.6,0.8,275,Mace Head
2017-10-28,12.9,20.0,290.0,25.0,145.0,13.3,12.4,0.1,,1028.1,0.5,0.7,275,Mace Head
2017-10-29,11.4,20.0,310.0,25.0,578.0,13.8,8.1,0.0,,1026.3,0.5,0.7,275,Mace Head
2017-10-30,13.5,20.0,200.0,24.0,140.0,12.7,7.9,0.7,,1024.7,0.5,0.7,275,Mace Head
2017-10-31,18.2,25.0,200.0,30.0,108.0,13.2,12.6,0.8,,1017.8,0.7,1.0,275,Mace Head
2017-11-01,11.0,18.0,200.0,23.0,295.0,13.5,10.3,0.3,,1013.6,0.5,0.7,275,Mace Head
2017-11-02,4.5,13.0,350.0,17.0,248.0,11.8,9.2,0.0,,1013.9,0.7,0.8,275,Mace Head
2017-11-03,13.6,24.0,280.0,29.0,347.0,12.0,8.7,3.4,,1008.0,0.9,1.2,275,Mace Head
2017-11-04,23.4,33.0,300.0,44.0,402.0,9.9,5.7,3.4,,1006.5,0.9,1.4,275,Mace Head
2017-11-05,17.0,32.0,300.0,43.0,641.0,11.4,7.1,1.6,,1015.2,1.1,1.4,275,Mace Head
2017-11-06,24.0,33.0,190.0,42.0,173.0,13.1,7.6,8.8,,1010.1,0.8,1.2,275,Mace Head
2017-11-07,16.9,28.0,270.0,36.0,420.0,9.6,6.7,2.4,,1013.4,1.2,1.5,275,Mace Head
2017-11-08,17.6,23.0,260.0,30.0,180.0,12.6,8.2,1.9,,1020.0,0.9,1.2,275,Mace Head
2017-11-09,18.6,31.0,260.0,40.0,480.0,12.4,10.3,0.7,,1021.6,0.8,1.1,275,Mace Head
2017-11-10,17.9,31.0,250.0,41.0,219.0,12.5,8.2,10.2,,1016.2,0.7,1.0,275,Mace Head
2017-11-11,11.8,30.0,260.0,36.0,139.0,12.5,6.4,6.4,,1011.9,0.4,0.5,275,Mace Head
2017-11-12,14.1,25.0,350.0,33.0,546.0,9.9,4.6,0.0,,1021.1,0.8,1.0,275,Mace Head
2017-11-13,16.0,23.0,240.0,29.0,120.0,12.0,4.4,7.1,,1022.5,0.6,0.8,275,Mace Head
2017-11-14,10.1,18.0,270.0,22.0,278.0,12.3,7.6,1.7,,1018.8,0.2,0.4,275,Mace Head
2017-11-15,13.8,24.0,200.0,29.0,194.0,12.1,7.5,0.5,,1016.7,0.4,0.6,275,Mace Head
2017-11-16,13.6,25.0,310.0,34.0,433.0,12.2,7.6,1.0,,1019.9,0.9,1.0,275,Mace Head
2017-11-17,10.1,18.0,220.0,21.0,201.0,9.9,8.1,0.7,,1024.7,1.0,1.1,275,Mace Head
2017-11-18,4.3,8.0,70.0,11.0,128.0,8.5,7.1,5.5,,1021.2,0.3,0.4,275,Mace Head
2017-11-19,15.8,29.0,200.0,36.0,154.0,12.5,7.0,5.0,,1014.9,0.3,0.5,275,Mace Head
2017-11-20,15.9,24.0,240.0,33.0,142.0,12.8,11.9,2.3,,1007.0,0.4,0.5,275,Mace Head
2017-11-21,16.7,24.0,240.0,29.0,164.0,12.7,11.6,0.2,,999.0,0.5,0.6,275,Mace Head
2017-11-22,12.8,30.0,260.0,36.0,124.0,11.8,5.1,11.7,,986.1,0.8,1.0,275,Mace Head
2017-11-23,19.2,38.0,240.0,48.0,323.0,8.3,4.1,1.2,,990.7,0.9,1.1,275,Mace Head
2017-11-24,12.8,30.0,300.0,39.0,262.0,7.1,2.4,3.4,,1009.4,0.7,0.9,275,Mace Head
2017-11-25,19.2,30.0,300.0,42.0,332.0,7.8,4.0,1.1,,1019.0,1.1,1.4,275,Mace Head
2017-11-26,21.1,30.0,240.0,39.0,144.0,11.1,6.0,8.2,,1019.2,0.8,1.2,275,Mace Head
2017-11-27,23.3,31.0,280.0,44.0,97.0,10.0,6.5,2.8,,1012.9,1.1,1.6,275,Mace Head
2017-11-28,13.2,26.0,340.0,33.0,423.0,7.7,4.6,0.6,,1016.4,0.5,0.6,275,Mace Head
2017-11-29,10.1,19.0,350.0,27.0,449.0,6.9,3.1,0.0,,1020.1,0.4,0.4,275,Mace Head
2017-11-30,12.0,22.0,330.0,29.0,225.0,8.5,4.7,1.2,,1022.1,0.6,0.7,275,Mace Head
2017-12-01,3.9,12.0,280.0,16.0,312.0,8.3,2.9,0.0,,1027.7,0.1,0.2,275,Mace Head
2017-12-02,12.7,18.0,310.0,23.0,325.0,9.5,7.3,0.2,,1029.0,0.2,0.2,275,Mace Head
2017-12-03,10.1,15.0,300.0,20.0,332.0,10.4,7.7,0.1,,1030.7,0.2,0.2,275,Mace Head
2017-12-04,9.9,16.0,220.0,20.0,166.0,9.3,7.1,0.8,,1033.1,0.5,0.6,275,Mace Head
2017-12-05,17.0,21.0,190.0,28.0,273.0,10.9,8.5,1.4,,1026.7,0.5,0.6,275,Mace Head
2017-12-06,22.9,29.0,190.0,36.0,48.0,12.4,10.0,17.1,,1008.8,0.6,0.9,275,Mace Head
2017-12-07,28.1,42.0,310.0,51.0,242.0,11.7,3.1,1.2,,1007.0,0.5,0.7,275,Mace Head
2017-12-08,19.1,37.0,310.0,47.0,323.0,7.3,3.1,1.5,,1020.4,1.1,1.3,275,Mace Head
2017-12-09,9.1,20.0,100.0,28.0,133.0,5.1,1.1,6.0,,1004.9,0.4,0.5,275,Mace Head
2017-12-10,13.5,25.0,60.0,33.0,99.0,3.2,-1.6,14.4,,982.6,0.5,0.7,275,Mace Head
2017-12-11,13.4,24.0,340.0,36.0,228.0,6.9,3.2,2.0,,994.9,0.6,0.7,275,Mace Head
2017-12-12,16.7,28.0,200.0,35.0,92.0,9.7,4.0,4.6,,999.6,0.7,0.9,275,Mace Head
2017-12-13,31.2,47.0,280.0,63.0,108.0,9.4,2.8,7.0,,992.7,0.9,1.5,275,Mace Head
2017-12-14,27.6,44.0,280.0,58.0,150.0,8.4,3.2,9.9,,991.0,0.9,1.4,275,Mace Head
2017-12-15,13.7,24.0,340.0,34.0,327.0,7.8,4.6,0.3,,1008.1,0.7,0.7,275,Mace Head
2017-12-16,11.2,19.0,260.0,24.0,189.0,10.1,4.8,1.8,,1018.6,0.5,0.6,275,Mace Head
2017-12-17,12.3,23.0,210.0,28.0,194.0,10.6,5.7,2.1,,1017.6,0.1,0.2,275,Mace Head
2017-12-18,8.0,17.0,180.0,22.0,104.0,10.6,5.4,1.8,,1024.4,0.2,0.3,275,Mace Head
2017-12-19,16.5,23.0,200.0,29.0,116.0,11.3,9.8,1.1,,1026.0,0.2,0.3,275,Mace Head
2017-12-20,9.1,21.0,210.0,25.0,122.0,11.2,8.1,11.8,,1028.4,0.2,0.2,275,Mace Head
2017-12-21,14.6,20.0,210.0,25.0,66.0,11.0,10.3,7.8,,1028.1,0.2,0.4,275,Mace Head
2017-12-22,9.6,14.0,270.0,17.0,157.0,10.4,9.1,0.3,,1031.2,0.1,0.2,275,Mace Head
2017-12-23,16.7,27.0,210.0,33.0,184.0,11.2,9.9,0.2,,1026.9,0.1,0.2,275,Mace Head
2017-12-24,22.8,29.0,210.0,36.0,40.0,11.2,9.4,16.2,,1011.4,0.5,0.7,275,Mace Head
2017-12-25,14.7,30.0,280.0,37.0,110.0,9.5,4.7,10.8,,997.7,0.5,0.6,275,Mace Head
2017-12-26,12.1,23.0,270.0,28.0,149.0,6.8,2.3,0.8,,990.7,0.7,0.8,275,Mace Head
2017-12-27,13.5,27.0,350.0,36.0,229.0,6.7,1.3,0.7,,998.8,0.8,0.9,275,Mace Head
2017-12-28,10.6,23.0,150.0,29.0,103.0,8.1,1.0,12.8,,995.2,0.6,0.8,275,Mace Head
2017-12-29,26.8,45.0,260.0,60.0,178.0,8.6,1.9,15.7,,984.0,0.5,0.7,275,Mace Head
2017-12-30,20.3,40.0,220.0,52.0,145.0,11.2,2.5,7.4,,982.1,0.7,0.9,275,Mace Head
2017-12-31,27.9,51.0,240.0,64.0,195.0,10.5,5.8,2.8,,980.7,1.2,1.7,275,Mace Head
2018-01-01,22.2,34.0,280.0,45.0,292.0,9.4,6.7,0.5,,996.6,1.3,1.6,275,Mace Head
2018-01-02,27.1,55.0,240.0,75.0,68.0,11.5,7.0,10.8,,988.9,1.2,1.8,275,Mace Head
2018-01-03,32.2,47.0,270.0,65.0,166.0,9.4,5.3,5.6,,989.2,0.8,1.3,275,Mace Head
2018-01-04,19.0,39.0,310.0,48.0,262.0,10.8,5.4,5.5,,984.7,0.7,0.9,275,Mace Head
2018-01-05,12.5,27.0,260.0,36.0,187.0,8.1,3.4,0.7,,990.4,0.8,0.9,275,Mace Head
2018-01-06,14.4,23.0,70.0,32.0,388.0,5.7,0.1,2.0,,1010.6,0.3,0.3,275,Mace Head
2018-01-07,9.5,14.0,90.0,19.0,389.0,4.4,-0.7,0.0,,1025.5,0.3,0.3,275,Mace Head
2018-01-08,14.7,28.0,120.0,36.0,170.0,6.3,-0.8,0.0,,1011.3,0.5,0.7,275,Mace Head
2018-01-09,17.6,30.0,120.0,40.0,43.0,8.6,6.1,8.4,,993.4,0.6,0.9,275,Mace Head
2018-01-10,9.1,20.0,200.0,28.0,123.0,6.7,3.4,15.2,,1002.2,0.4,0.5,275,Mace Head
2018-01-11,9.6,20.0,130.0,28.0,188.0,7.1,3.8,1.0,,1015.1,0.3,0.4,275,Mace Head
2018-01-12,23.8,29.0,130.0,40.0,59.0,9.7,5.8,6.0,,1008.3,0.6,0.9,275,Mace Head
2018-01-13,9.0,24.0,130.0,32.0,358.0,10.2,6.4,5.8,,1004.8,0.1,0.2,275,Mace Head
2018-01-14,19.4,31.0,210.0,39.0,75.0,10.1,7.4,6.5,,1002.9,0.5,0.8,275,Mace Head
2018-01-15,27.8,41.0,280.0,57.0,288.0,9.8,4.8,3.0,,992.5,0.5,0.8,275,Mace Head
2018-01-16,38.2,51.0,280.0,74.0,206.0,6.8,1.7,4.3,,992.6,0.7,1.4,275,Mace Head
2018-01-17,31.1,45.0,260.0,59.0,,10.8,4.1,6.0,,995.2,,,275,Mace Head
2018-01-18,23.6,37.0,280.0,45.0,297.0,7.3,2.6,4.7,,998.6,0.7,1.1,275,Mace Head
2018-01-19,22.7,40.0,270.0,51.0,294.0,7.1,3.2,1.9,,1002.0,0.9,1.3,275,Mace Head
2018-01-20,13.8,30.0,280.0,40.0,219.0,9.9,3.2,2.7,,998.8,0.3,0.4,275,Mace Head
2018-01-21,19.6,28.0,270.0,38.0,118.0,10.9,4.1,24.0,,1001.6,0.3,0.6,275,Mace Head
2018-01-22,18.5,24.0,270.0,31.0,280.0,10.2,7.5,0.3,,1005.9,0.7,1.0,275,Mace Head
2018-01-23,23.4,39.0,190.0,50.0,319.0,10.7,8.9,8.1,,993.5,0.7,1.0,275,Mace Head
2018-01-24,29.3,43.0,240.0,55.0,335.0,10.6,5.1,5.5,,987.9,0.5,0.9,275,Mace Head
2018-01-25,20.5,35.0,230.0,43.0,347.0,9.0,4.8,3.6,,1001.1,0.9,1.2,275,Mace Head
2018-01-26,13.5,23.0,200.0,30.0,150.0,9.3,5.7,6.3,,1016.4,0.4,0.6,275,Mace Head
2018-01-27,19.2,25.0,250.0,37.0,327.0,10.5,8.9,9.3,,1016.5,0.5,0.7,275,Mace Head
2018-01-28,23.5,29.0,210.0,36.0,247.0,10.7,9.6,0.6,,1020.7,0.4,0.6,275,Mace Head
2018-01-29,14.7,27.0,230.0,37.0,574.0,10.1,5.7,4.4,,1023.2,0.4,0.6,275,Mace Head
2018-01-30,18.1,32.0,260.0,40.0,148.0,8.8,5.9,5.4,,1016.6,0.9,1.2,275,Mace Head
2018-01-31,31.7,40.0,270.0,57.0,288.0,7.8,3.1,5.4,,1001.9,1.2,2.1,275,Mace Head
2018-02-01,18.8,29.0,330.0,42.0,566.0,7.5,4.2,1.8,,1011.7,1.2,1.6,275,Mace Head
2018-02-02,11.6,26.0,300.0,33.0,207.0,7.9,3.7,3.1,,1013.5,0.5,0.7,275,Mace Head
2018-02-03,18.5,31.0,300.0,39.0,520.0,7.1,4.2,2.1,,1014.5,0.9,1.2,275,Mace Head
2018-02-04,6.8,17.0,340.0,21.0,695.0,9.3,2.1,0.0,,1025.8,0.6,0.8,275,Mace Head
2018-02-05,11.6,23.0,320.0,31.0,294.0,6.9,1.4,4.0,,1024.6,0.5,0.7,275,Mace Head
2018-02-06,15.9,26.0,320.0,42.0,635.0,5.4,1.6,1.7,,1023.3,0.8,1.1,275,Mace Head
2018-02-07,12.5,22.0,210.0,26.0,188.0,8.5,3.4,3.1,,1017.8,0.4,0.7,275,Mace Head
2018-02-08,16.4,42.0,280.0,52.0,353.0,8.4,2.9,3.7,,1005.7,0.5,0.8,275,Mace Head
2018-02-09,21.5,37.0,300.0,46.0,507.0,7.7,1.6,4.8,,1009.1,0.7,1.2,275,Mace Head
2018-02-10,24.3,41.0,280.0,53.0,290.0,9.6,3.6,6.3,,996.8,0.6,1.1,275,Mace Head
2018-02-11,24.9,45.0,270.0,57.0,502.0,5.3,1.1,2.5,,1005.3,1.0,1.6,275,Mace Head
2018-02-12,24.1,42.0,170.0,52.0,603.0,7.2,2.1,11.9,,998.5,0.7,1.2,275,Mace Head
2018-02-13,18.6,30.0,300.0,37.0,715.0,6.1,2.3,1.8,,993.5,1.0,1.5,275,Mace Head
2018-02-14,24.8,36.0,240.0,55.0,523.0,9.4,3.3,7.6,,984.7,0.8,1.3,275,Mace Head
2018-02-15,29.6,44.0,240.0,58.0,711.0,6.5,2.0,2.7,,1000.0,1.3,2.3,275,Mace Head
2018-02-16,15.0,32.0,240.0,38.0,259.0,7.9,4.3,9.9,,1011.0,0.7,1.0,275,Mace Head
2018-02-17,9.3,24.0,270.0,31.0,701.0,9.4,4.2,1.2,,1013.1,0.7,1.0,275,Mace Head
2018-02-18,12.1,17.0,230.0,20.0,248.0,9.5,5.3,9.4,,1013.3,0.4,0.6,275,Mace Head
2018-02-19,10.6,20.0,270.0,25.0,351.0,9.3,6.4,0.8,,1018.7,0.4,0.7,275,Mace Head
2018-02-20,6.1,17.0,280.0,20.0,727.0,9.2,2.3,0.1,,1025.9,0.6,0.9,275,Mace Head
2018-02-21,8.7,16.0,150.0,22.0,992.0,8.5,1.3,0.0,,1023.8,0.7,1.1,275,Mace Head
2018-02-22,17.0,24.0,140.0,31.0,404.0,8.1,6.0,0.0,,1015.6,1.1,1.6,275,Mace Head
2018-02-23,22.9,29.0,140.0,40.0,517.0,7.9,5.5,0.0,,1009.2,1.4,2.2,275,Mace Head
2018-02-24,17.9,26.0,130.0,35.0,306.0,6.8,3.5,0.0,,1012.9,1.3,1.9,275,Mace Head
2018-02-25,14.7,19.0,110.0,27.0,618.0,7.1,0.2,0.0,,1020.3,1.1,1.6,275,Mace Head
2018-02-26,16.7,24.0,90.0,32.0,1017.0,5.2,0.2,0.0,,1026.4,1.5,2.2,275,Mace Head
2018-02-27,10.7,18.0,50.0,27.0,1055.0,6.6,-1.7,0.0,,1025.5,1.3,1.8,275,Mace Head
2018-02-28,19.4,28.0,60.0,38.0,871.0,1.7,-3.6,0.0,,1016.7,1.2,2.0,275,Mace Head
2018-03-01,23.0,29.0,50.0,39.0,795.0,1.2,-4.4,0.0,,1003.4,1.1,2.1,275,Mace Head
2018-03-02,22.2,28.0,50.0,42.0,382.0,0.9,-1.1,0.9,,991.1,0.5,1.1,275,Mace Head
2018-03-03,20.1,27.0,70.0,38.0,484.0,3.1,-0.4,0.5,,987.1,0.7,1.2,275,Mace Head
2018-03-04,13.9,23.0,70.0,32.0,317.0,3.8,1.4,0.0,,984.0,0.7,1.1,275,Mace Head
2018-03-05,4.8,9.0,300.0,11.0,862.0,6.9,2.2,0.0,,982.1,0.8,1.1,275,Mace Head
2018-03-06,9.8,26.0,270.0,32.0,846.0,8.1,2.4,2.4,,983.5,0.9,1.3,275,Mace Head
2018-03-07,16.7,25.0,270.0,31.0,1130.0,8.1,3.9,0.3,,986.8,1.6,2.4,275,Mace Head
2018-03-08,11.2,27.0,240.0,33.0,1358.0,9.6,3.0,0.8,,991.5,1.3,2.0,275,Mace Head
2018-03-09,12.7,24.0,60.0,34.0,594.0,6.9,0.4,1.0,,991.2,1.0,1.4,275,Mace Head
2018-03-10,17.9,26.0,60.0,35.0,461.0,9.9,4.3,6.6,,981.1,0.7,1.2,275,Mace Head
2018-03-11,9.9,15.0,100.0,19.0,954.0,11.6,5.1,0.1,,985.2,1.1,1.7,275,Mace Head
2018-03-12,9.6,22.0,280.0,27.0,932.0,9.6,4.3,0.4,,993.7,1.1,1.6,275,Mace Head
2018-03-13,15.6,26.0,120.0,34.0,975.0,9.8,4.8,0.8,,994.6,1.2,1.9,275,Mace Head
2018-03-14,20.5,28.0,120.0,39.0,285.0,10.4,7.6,4.4,,978.8,0.8,1.4,275,Mace Head
2018-03-15,13.5,20.0,120.0,26.0,693.0,11.3,7.0,4.1,,977.6,1.1,1.7,275,Mace Head
2018-03-16,11.7,19.0,100.0,25.0,1414.0,12.2,5.8,0.6,,990.9,1.7,2.6,275,Mace Head
2018-03-17,18.5,31.0,80.0,39.0,608.0,7.5,-0.9,0.0,,1006.1,1.2,1.9,275,Mace Head
2018-03-18,17.8,25.0,60.0,34.0,1161.0,4.8,-2.0,0.0,,1014.6,1.8,2.9,275,Mace Head
2018-03-19,10.4,15.0,40.0,20.0,837.0,7.1,-0.4,0.0,,1022.4,1.8,2.4,275,Mace Head
2018-03-20,6.4,15.0,230.0,20.0,1689.0,7.6,-1.1,0.0,,1030.3,1.4,2.2,275,Mace Head
2018-03-21,12.1,16.0,220.0,19.0,698.0,9.2,6.5,0.0,,1026.1,1.5,2.1,275,Mace Head
2018-03-22,17.1,24.0,200.0,31.0,359.0,8.9,7.2,8.8,,1005.2,0.8,1.3,275,Mace Head
2018-03-23,13.4,33.0,290.0,42.0,941.0,8.4,5.6,0.7,,993.3,1.1,1.8,275,Mace Head
2018-03-24,6.7,13.0,270.0,17.0,1734.0,9.8,2.6,0.0,,1002.4,1.5,2.3,275,Mace Head
2018-03-25,5.0,16.0,260.0,20.0,1594.0,10.1,3.3,0.2,,1010.7,1.4,2.1,275,Mace Head
2018-03-26,12.1,21.0,210.0,25.0,333.0,9.3,4.6,6.8,,1007.2,0.5,0.9,275,Mace Head
2018-03-27,18.9,26.0,270.0,36.0,1265.0,9.4,4.4,1.4,,1003.0,1.0,2.0,275,Mace Head
2018-03-28,12.5,25.0,260.0,35.0,1348.0,8.4,2.5,3.8,,999.0,1.5,2.4,275,Mace Head
2018-03-29,8.9,15.0,140.0,21.0,1487.0,8.6,2.4,2.0,,992.2,1.5,2.3,275,Mace Head
2018-03-30,12.1,21.0,350.0,26.0,1233.0,9.1,3.3,3.8,,997.2,1.7,2.6,275,Mace Head
2018-03-31,7.2,13.0,30.0,19.0,1396.0,10.5,2.5,0.6,,1004.9,1.7,2.5,275,Mace Head
2018-04-01,18.2,30.0,80.0,40.0,894.0,8.1,2.3,0.0,,1002.2,1.4,2.4,275,Mace Head
2018-04-02,21.2,28.0,70.0,39.0,747.0,6.5,2.8,2.8,,989.2,1.0,1.8,275,Mace Head
2018-04-03,10.3,16.0,60.0,23.0,460.0,8.6,4.6,8.8,,983.5,0.8,1.3,275,Mace Head
2018-04-04,13.3,24.0,340.0,32.0,1869.0,8.9,1.5,0.9,,997.5,2.0,3.3,275,Mace Head
2018-04-05,17.5,28.0,120.0,36.0,909.0,10.3,0.3,2.5,,1002.0,1.2,2.1,275,Mace Head
2018-04-06,19.4,38.0,180.0,49.0,670.0,11.3,7.5,8.2,,991.8,1.2,2.0,275,Mace Head
2018-04-07,5.6,12.0,270.0,14.0,1862.0,11.4,4.6,0.2,,1000.8,1.8,2.7,275,Mace Head
2018-04-08,5.4,11.0,100.0,14.0,1561.0,13.3,7.1,0.0,,1005.2,1.8,2.6,275,Mace Head
2018-04-09,8.5,18.0,140.0,26.0,1034.0,11.0,6.9,3.9,,1000.5,1.3,2.0,275,Mace Head
2018-04-10,11.6,18.0,70.0,24.0,844.0,13.1,6.2,0.0,,1001.3,1.5,2.2,275,Mace Head
2018-04-11,8.6,16.0,70.0,20.0,438.0,10.6,7.2,0.0,,1005.6,1.1,1.5,275,Mace Head
2018-04-12,10.1,14.0,80.0,18.0,737.0,12.2,7.6,0.0,,1002.2,1.4,2.0,275,Mace Head
2018-04-13,5.9,10.0,150.0,13.0,1349.0,11.9,4.6,0.0,,1004.1,1.6,2.3,275,Mace Head
2018-04-14,14.2,25.0,110.0,35.0,1530.0,14.1,7.6,1.1,,1002.0,1.9,3.2,275,Mace Head
2018-04-15,21.3,27.0,120.0,36.0,1340.0,13.9,9.0,0.7,,993.4,2.0,3.4,275,Mace Head
2018-04-16,22.6,29.0,140.0,42.0,423.0,10.3,8.1,21.9,,992.1,1.0,1.8,275,Mace Head
2018-04-17,24.3,31.0,180.0,40.0,2074.0,12.5,9.6,1.4,,997.0,2.1,4.2,275,Mace Head
2018-04-18,16.9,26.0,150.0,35.0,605.0,14.2,9.7,2.9,,1009.5,1.4,2.1,275,Mace Head
2018-04-19,10.8,16.0,170.0,21.0,2250.0,12.7,9.2,0.4,,1016.7,2.1,3.6,275,Mace Head
2018-04-20,10.2,15.0,190.0,19.0,2328.0,12.6,8.6,0.0,,1021.7,2.3,3.8,275,Mace Head
2018-04-21,11.5,21.0,180.0,26.0,1152.0,12.2,8.0,13.4,,1012.6,1.6,2.5,275,Mace Head
2018-04-22,15.7,22.0,230.0,28.0,1655.0,11.1,7.9,2.4,,1006.4,1.7,3.1,275,Mace Head
2018-04-23,17.0,24.0,260.0,29.0,1042.0,11.2,8.7,2.3,,1007.7,1.3,2.3,275,Mace Head
2018-04-24,15.2,20.0,210.0,25.0,1175.0,10.6,8.7,0.7,,1007.1,1.5,2.6,275,Mace Head
2018-04-25,21.8,31.0,260.0,39.0,2269.0,10.7,7.3,1.1,,1007.0,2.2,4.4,275,Mace Head
2018-04-26,14.6,29.0,260.0,37.0,1947.0,10.9,5.7,0.3,,1010.3,2.2,3.7,275,Mace Head
2018-04-27,8.2,15.0,310.0,20.0,2121.0,12.3,3.7,0.0,,1008.2,2.6,3.9,275,Mace Head
2018-04-28,6.4,14.0,330.0,20.0,1697.0,13.0,3.4,0.4,,1011.3,2.3,3.3,275,Mace Head
2018-04-29,6.6,17.0,310.0,21.0,2032.0,12.1,3.6,0.1,,1013.7,2.3,3.4,275,Mace Head
2018-04-30,8.7,22.0,200.0,27.0,2602.0,11.4,4.0,0.0,,1009.7,2.6,4.2,275,Mace Head
2018-05-01,19.7,30.0,180.0,38.0,472.0,10.4,7.9,11.9,,998.0,1.0,1.7,275,Mace Head
2018-05-02,18.3,27.0,280.0,33.0,2487.0,11.6,6.7,0.1,,1003.8,2.7,5.0,275,Mace Head
2018-05-03,15.5,24.0,210.0,29.0,979.0,11.7,9.0,0.7,,1012.2,1.3,2.3,275,Mace Head
2018-05-04,11.3,19.0,200.0,22.0,1273.0,11.8,9.4,0.5,,1017.5,1.3,2.3,275,Mace Head
2018-05-05,14.6,19.0,200.0,24.0,2391.0,13.3,10.1,0.0,,1019.9,2.3,4.2,275,Mace Head
2018-05-06,11.2,17.0,200.0,22.0,1505.0,13.1,9.9,0.0,,1018.8,1.8,3.0,275,Mace Head
2018-05-07,12.1,20.0,180.0,26.0,1420.0,12.5,10.0,0.4,,1011.2,1.7,2.8,275,Mace Head
2018-05-08,15.6,20.0,260.0,25.0,2527.0,13.0,9.0,0.9,,1005.6,2.4,4.5,275,Mace Head
2018-05-09,23.1,30.0,180.0,40.0,1852.0,11.9,7.9,1.8,,1000.4,2.2,4.3,275,Mace Head
2018-05-10,19.5,27.0,250.0,34.0,2446.0,12.2,7.3,0.3,,1006.1,2.8,5.1,275,Mace Head
2018-05-11,18.7,32.0,150.0,43.0,2005.0,11.4,7.0,7.8,,1000.2,2.4,4.4,275,Mace Head
2018-05-12,13.1,18.0,210.0,21.0,2591.0,12.2,7.9,0.3,,1008.1,3.1,5.1,275,Mace Head
2018-05-13,12.8,17.0,170.0,21.0,2014.0,13.4,8.0,3.6,,1011.4,2.4,4.0,275,Mace Head
2018-05-14,8.0,16.0,180.0,19.0,1775.0,13.1,9.9,0.3,,1017.1,2.1,3.3,275,Mace Head
2018-05-15,12.8,21.0,340.0,28.0,1383.0,12.7,7.5,1.1,,1024.3,1.7,2.9,275,Mace Head
2018-05-16,8.0,14.0,10.0,20.0,2804.0,15.9,5.1,0.0,,1029.0,3.6,5.3,275,Mace Head
2018-05-17,7.8,13.0,90.0,17.0,2697.0,15.3,7.0,0.0,,1024.6,3.2,4.9,275,Mace Head
2018-05-18,7.3,11.0,200.0,14.0,1776.0,14.6,10.7,0.0,,1021.0,2.4,3.5,275,Mace Head
2018-05-19,14.7,24.0,200.0,29.0,1607.0,14.6,11.0,1.8,,1016.1,2.3,3.7,275,Mace Head
2018-05-20,14.9,23.0,180.0,30.0,470.0,12.7,10.9,13.2,,1012.2,0.8,1.4,275,Mace Head
2018-05-21,12.1,21.0,340.0,27.0,1548.0,14.5,7.8,8.6,,1017.3,2.4,3.7,275,Mace Head
2018-05-22,7.4,15.0,280.0,18.0,2973.0,14.8,6.1,0.0,,1020.9,3.5,5.2,275,Mace Head
2018-05-23,6.3,11.0,270.0,13.0,2888.0,19.7,8.5,0.0,,1020.9,4.0,5.7,275,Mace Head
2018-05-24,7.5,16.0,290.0,20.0,2842.0,15.8,10.2,0.0,,1020.4,3.4,5.2,275,Mace Head
2018-05-25,8.7,18.0,340.0,23.0,2184.0,21.8,11.7,0.0,,1022.0,3.8,5.3,275,Mace Head
2018-05-26,10.6,18.0,60.0,25.0,1503.0,21.8,10.9,0.0,,1019.6,3.2,4.3,275,Mace Head
2018-05-27,10.3,24.0,70.0,30.0,1379.0,22.3,14.2,0.0,,1014.3,3.5,4.5,275,Mace Head
2018-05-28,5.8,11.0,280.0,14.0,2736.0,20.0,13.0,0.0,,1017.0,4.0,5.5,275,Mace Head
2018-05-29,6.7,13.0,80.0,20.0,2848.0,23.5,14.6,0.0,,1016.2,4.7,6.3,275,Mace Head
2018-05-30,8.8,16.0,70.0,20.0,2798.0,22.9,13.1,0.0,,1011.8,4.4,6.3,275,Mace Head
2018-05-31,6.5,11.0,300.0,13.0,2465.0,21.5,13.0,0.0,,1011.4,3.8,5.3,275,Mace Head
2018-06-01,5.2,10.0,270.0,11.0,1599.0,17.2,12.4,0.0,,1014.2,2.4,3.3,275,Mace Head
2018-06-02,3.9,8.0,290.0,10.0,839.0,17.7,14.1,0.7,,1014.2,1.6,2.1,275,Mace Head
2018-06-03,5.2,8.0,290.0,10.0,1853.0,18.4,14.0,3.7,,1015.9,2.9,3.9,275,Mace Head
2018-06-04,4.5,12.0,280.0,14.0,2636.0,19.9,12.4,0.1,,1016.0,3.7,5.1,275,Mace Head
2018-06-05,5.2,11.0,290.0,14.0,1938.0,21.6,15.0,0.4,,1015.1,3.2,4.3,275,Mace Head
2018-06-06,8.0,13.0,300.0,15.0,1976.0,18.3,14.1,0.0,,1013.8,2.9,4.2,275,Mace Head
2018-06-07,7.8,14.0,60.0,21.0,2748.0,24.9,13.5,0.0,,1014.4,4.8,6.5,275,Mace Head
2018-06-08,5.8,14.0,280.0,16.0,2855.0,21.4,15.1,0.0,,1014.5,4.3,6.0,275,Mace Head
2018-06-09,8.3,17.0,290.0,19.0,1385.0,17.0,13.1,0.0,,1014.0,2.4,3.4,275,Mace Head
2018-06-10,9.0,13.0,330.0,18.0,1145.0,16.7,12.7,0.0,,1014.7,2.5,3.4,275,Mace Head
2018-06-11,8.6,18.0,340.0,21.0,1683.0,17.6,12.5,0.0,,1017.2,3.0,4.2,275,Mace Head
2018-06-12,9.3,14.0,0.0,19.0,2602.0,16.5,11.5,0.0,,1018.5,3.7,5.5,275,Mace Head
2018-06-13,21.9,38.0,200.0,51.0,435.0,14.8,11.5,7.7,,1004.3,1.2,2.0,275,Mace Head
2018-06-14,25.6,48.0,240.0,61.0,2672.0,14.8,10.8,0.2,,1000.3,2.7,5.7,275,Mace Head
2018-06-15,17.8,26.0,180.0,32.0,1871.0,14.8,10.7,4.9,,1007.6,2.6,4.5,275,Mace Head
2018-06-16,18.4,27.0,250.0,33.0,1815.0,14.6,10.5,3.7,,1006.2,2.3,4.1,275,Mace Head
2018-06-17,15.3,22.0,250.0,27.0,1175.0,14.3,10.9,3.7,,1008.2,1.6,2.8,275,Mace Head
2018-06-18,13.4,19.0,250.0,23.0,1507.0,14.3,11.5,0.0,,1014.8,2.2,3.5,275,Mace Head
2018-06-19,14.8,27.0,200.0,32.0,611.0,14.8,11.2,6.0,,1013.5,1.5,2.2,275,Mace Head
2018-06-20,17.0,22.0,210.0,28.0,2198.0,14.5,10.5,0.5,,1017.5,2.6,4.6,275,Mace Head
2018-06-21,12.3,17.0,340.0,22.0,3005.0,15.7,8.8,0.0,,1029.7,3.9,6.2,275,Mace Head
2018-06-22,6.9,15.0,270.0,17.0,3111.0,15.0,7.2,0.0,,1031.5,3.7,5.6,275,Mace Head
2018-06-23,6.3,13.0,290.0,14.0,3101.0,15.8,8.1,0.0,,1027.1,3.7,5.4,275,Mace Head
2018-06-24,4.4,7.0,260.0,10.0,3191.0,18.3,8.2,0.0,,1023.4,4.2,5.8,275,Mace Head
2018-06-25,4.1,9.0,290.0,11.0,2942.0,20.4,10.5,0.0,,1023.6,4.2,5.7,275,Mace Head
2018-06-26,6.0,12.0,140.0,18.0,2951.0,27.4,15.0,0.0,,1021.6,5.5,7.2,275,Mace Head
2018-06-27,7.3,14.0,50.0,18.0,2870.0,29.1,16.3,0.0,,1021.7,5.7,7.4,275,Mace Head
2018-06-28,6.4,11.0,70.0,14.0,3071.0,29.2,15.9,0.0,,1023.0,6.0,7.7,275,Mace Head
2018-06-29,8.2,16.0,90.0,20.0,3008.0,27.9,18.8,0.0,,1018.7,6.2,7.9,275,Mace Head
2018-06-30,12.0,20.0,310.0,27.0,2923.0,20.9,14.8,0.0,,1013.7,4.3,6.6,275,Mace Head
2018-07-01,15.2,23.0,340.0,30.0,1559.0,18.2,11.0,0.0,,1016.5,2.7,4.2,275,Mace Head
2018-07-02,6.0,13.0,340.0,15.0,3097.0,22.7,9.1,0.0,,1018.9,4.7,6.4,275,Mace Head
2018-07-03,9.6,16.0,50.0,20.0,2956.0,26.3,15.3,0.0,,1015.5,5.7,7.6,275,Mace Head
2018-07-04,11.6,18.0,300.0,22.0,2466.0,18.1,13.6,0.0,,1012.9,3.6,5.4,275,Mace Head
2018-07-05,5.8,13.0,320.0,16.0,2120.0,18.4,12.7,0.0,,1015.9,3.2,4.4,275,Mace Head
2018-07-06,5.9,10.0,220.0,13.0,2673.0,19.0,12.1,0.0,,1019.1,3.6,5.2,275,Mace Head
2018-07-07,8.2,14.0,200.0,17.0,1780.0,19.6,15.6,0.2,,1022.2,2.8,4.1,275,Mace Head
2018-07-08,6.4,10.0,290.0,12.0,1778.0,19.4,15.6,0.0,,1025.9,2.8,3.9,275,Mace Head
2018-07-09,7.8,13.0,290.0,16.0,2262.0,20.7,12.0,0.0,,1026.9,3.5,5.0,275,Mace Head
2018-07-10,9.1,16.0,340.0,19.0,2578.0,21.3,10.9,0.0,,1023.9,3.9,5.6,275,Mace Head
2018-07-11,6.2,12.0,340.0,15.0,992.0,20.3,13.2,0.0,,1021.8,2.2,2.8,275,Mace Head
2018-07-12,5.5,14.0,280.0,19.0,1351.0,19.0,13.9,0.0,,1022.1,2.7,3.5,275,Mace Head
2018-07-13,6.7,12.0,200.0,14.0,2511.0,19.5,14.1,0.0,,1019.8,3.9,5.4,275,Mace Head
2018-07-14,16.7,21.0,200.0,26.0,507.0,16.9,15.6,4.9,,1014.4,1.3,2.0,275,Mace Head
2018-07-15,12.1,18.0,190.0,25.0,915.0,17.0,14.4,3.9,,1009.7,1.6,2.5,275,Mace Head
2018-07-16,11.5,18.0,230.0,25.0,2017.0,17.4,13.3,0.2,,1011.2,3.3,4.8,275,Mace Head
2018-07-17,8.2,18.0,240.0,22.0,1782.0,17.9,12.6,0.7,,1012.1,2.8,4.0,275,Mace Head
2018-07-18,8.1,13.0,270.0,15.0,2338.0,17.9,11.7,0.0,,1015.8,3.6,5.1,275,Mace Head
2018-07-19,8.3,16.0,240.0,20.0,1659.0,18.4,11.9,0.0,,1016.2,2.8,4.0,275,Mace Head
2018-07-20,13.0,17.0,310.0,21.0,1866.0,18.7,13.2,2.0,,1012.8,2.6,4.2,275,Mace Head
2018-07-21,9.6,15.0,340.0,18.0,1484.0,16.8,12.6,0.0,,1014.6,2.1,3.2,275,Mace Head
2018-07-22,6.7,14.0,210.0,16.0,1155.0,18.4,15.5,0.2,,1014.0,1.8,2.5,275,Mace Head
2018-07-23,10.1,16.0,280.0,19.0,1470.0,17.5,13.4,4.0,,1011.8,2.0,3.1,275,Mace Head
2018-07-24,9.1,14.0,260.0,18.0,1817.0,18.0,14.2,0.1,,1011.7,3.2,4.4,275,Mace Head
2018-07-25,14.5,20.0,190.0,25.0,1821.0,20.3,15.4,0.0,,1010.0,3.2,4.8,275,Mace Head
2018-07-26,12.6,22.0,150.0,29.0,1125.0,18.1,14.9,3.4,,1005.3,1.9,2.9,275,Mace Head
2018-07-27,11.8,21.0,170.0,31.0,697.0,17.4,10.9,8.8,,1000.0,1.6,2.3,275,Mace Head
2018-07-28,11.8,20.0,240.0,24.0,2007.0,16.5,11.7,0.6,,995.7,3.2,4.7,275,Mace Head
2018-07-29,10.3,24.0,220.0,30.0,2390.0,17.2,9.3,3.7,,994.1,3.2,4.9,275,Mace Head
2018-07-30,16.1,25.0,240.0,39.0,2160.0,17.0,11.8,4.6,,1000.0,3.2,5.2,275,Mace Head
2018-07-31,24.3,33.0,210.0,51.0,791.0,16.5,12.7,10.6,,1005.0,2.2,3.4,275,Mace Head
2018-08-01,15.5,23.0,200.0,30.0,466.0,16.7,13.9,17.8,,1009.1,1.2,1.8,275,Mace Head
2018-08-02,11.5,16.0,210.0,20.0,530.0,17.1,15.6,2.7,,1014.9,0.9,1.5,275,Mace Head
2018-08-03,8.3,13.0,270.0,16.0,1841.0,17.5,13.9,1.0,,1020.9,2.4,3.6,275,Mace Head
2018-08-04,7.2,14.0,260.0,16.0,1751.0,17.9,13.8,0.1,,1024.2,2.8,3.9,275,Mace Head
2018-08-05,10.9,20.0,210.0,24.0,1053.0,17.2,14.1,0.1,,1018.6,2.2,3.0,275,Mace Head
2018-08-06,12.9,20.0,210.0,24.0,1268.0,16.8,13.6,1.3,,1011.4,1.8,2.9,275,Mace Head
2018-08-07,17.3,23.0,250.0,28.0,1769.0,16.7,12.3,0.8,,1006.0,2.8,4.5,275,Mace Head
2018-08-08,16.6,26.0,270.0,32.0,2208.0,15.8,11.5,0.5,,1006.9,3.1,5.1,275,Mace Head
2018-08-09,13.2,19.0,260.0,30.0,2103.0,16.0,11.3,3.3,,1010.3,3.1,4.7,275,Mace Head
2018-08-10,9.4,18.0,270.0,24.0,2560.0,16.8,9.2,1.0,,1014.7,3.3,5.0,275,Mace Head
2018-08-11,12.7,19.0,120.0,24.0,698.0,19.3,9.5,3.7,,1010.2,1.5,2.2,275,Mace Head
2018-08-12,7.2,11.0,280.0,14.0,1920.0,18.1,14.2,0.9,,1003.8,2.7,3.9,275,Mace Head
2018-08-13,10.7,17.0,280.0,19.0,1257.0,16.7,13.5,0.1,,1008.3,1.7,2.7,275,Mace Head
2018-08-14,19.2,22.0,230.0,28.0,369.0,16.5,15.2,2.4,,1010.6,0.9,1.4,275,Mace Head
2018-08-15,19.2,27.0,250.0,37.0,1050.0,17.5,12.4,1.8,,1007.0,1.9,3.1,275,Mace Head
2018-08-16,21.6,27.0,270.0,38.0,1663.0,16.1,12.1,3.6,,1009.3,2.3,4.1,275,Mace Head
2018-08-17,22.7,29.0,230.0,37.0,471.0,16.8,12.4,5.2,,1012.5,1.3,2.1,275,Mace Head
2018-08-18,16.9,23.0,170.0,29.0,696.0,16.9,15.1,18.6,,1009.1,1.1,1.8,275,Mace Head
2018-08-19,8.9,20.0,250.0,24.0,1032.0,16.9,14.2,0.4,,1011.6,1.4,2.1,275,Mace Head
2018-08-20,7.6,13.0,240.0,15.0,1634.0,17.5,14.4,0.4,,1015.9,2.2,3.2,275,Mace Head
2018-08-21,16.2,24.0,210.0,29.0,1072.0,17.5,14.1,3.2,,1013.1,1.4,2.5,275,Mace Head
2018-08-22,13.3,19.0,220.0,23.0,1439.0,16.4,13.1,9.2,,1012.5,2.0,3.2,275,Mace Head
2018-08-23,22.0,31.0,270.0,37.0,1859.0,15.0,11.4,6.4,,1011.5,2.3,4.2,275,Mace Head
2018-08-24,19.9,31.0,280.0,41.0,1565.0,15.0,10.9,2.7,,1013.1,2.5,4.1,275,Mace Head
2018-08-25,8.4,19.0,140.0,24.0,2027.0,15.9,11.1,1.3,,1010.6,2.9,4.1,275,Mace Head
2018-08-26,22.4,32.0,270.0,42.0,841.0,15.7,12.1,17.4,,1000.7,1.2,2.3,275,Mace Head
2018-08-27,20.0,32.0,280.0,40.0,979.0,14.8,12.6,0.1,,1007.2,1.9,3.1,275,Mace Head
2018-08-28,17.1,24.0,200.0,29.0,344.0,15.7,11.4,2.6,,1010.0,1.4,2.0,275,Mace Head
2018-08-29,12.4,23.0,280.0,27.0,1766.0,15.9,11.8,0.0,,1016.3,2.8,4.1,275,Mace Head
2018-08-30,7.8,17.0,140.0,24.0,1630.0,17.0,10.1,0.1,,1018.9,2.4,3.4,275,Mace Head
2018-08-31,12.2,18.0,130.0,24.0,629.0,17.0,13.4,1.4,,1015.0,1.3,1.9,275,Mace Head
2018-09-01,5.9,9.0,180.0,12.0,1077.0,17.1,13.8,0.4,,1017.5,1.5,2.2,275,Mace Head
2018-09-02,14.5,20.0,320.0,24.0,927.0,16.5,11.8,3.7,,1018.2,1.6,2.5,275,Mace Head
2018-09-03,8.9,16.0,300.0,20.0,2001.0,16.2,8.6,0.0,,1024.1,2.6,3.8,275,Mace Head
2018-09-04,7.3,14.0,290.0,17.0,1691.0,16.7,10.8,0.0,,1024.2,2.4,3.4,275,Mace Head
2018-09-05,14.8,25.0,300.0,29.0,607.0,15.5,12.9,3.0,,1021.8,1.4,2.0,275,Mace Head
2018-09-06,13.9,24.0,270.0,29.0,923.0,14.9,12.0,5.7,,1018.0,1.5,2.3,275,Mace Head
2018-09-07,9.0,21.0,200.0,27.0,704.0,15.3,11.2,1.9,,1013.1,1.3,1.8,275,Mace Head
2018-09-08,12.9,24.0,200.0,29.0,347.0,15.4,12.6,10.7,,1007.2,0.9,1.4,275,Mace Head
2018-09-09,22.0,27.0,250.0,35.0,1449.0,15.4,12.7,0.7,,1010.5,2.1,3.5,275,Mace Head
2018-09-10,20.4,26.0,190.0,33.0,205.0,15.6,12.5,11.4,,1010.9,1.0,1.5,275,Mace Head
2018-09-11,20.1,26.0,240.0,31.0,957.0,15.7,11.9,0.6,,1014.2,2.0,3.1,275,Mace Head
2018-09-12,16.5,25.0,250.0,31.0,1537.0,15.3,11.7,0.1,,1020.0,2.5,3.8,275,Mace Head
2018-09-13,21.8,30.0,250.0,38.0,1013.0,15.5,12.2,3.1,,1016.5,2.1,3.2,275,Mace Head
2018-09-14,16.5,23.0,260.0,30.0,1273.0,15.4,12.0,2.1,,1015.0,1.8,2.9,275,Mace Head
2018-09-15,18.0,32.0,210.0,41.0,584.0,15.6,13.0,3.0,,1009.8,1.1,1.7,275,Mace Head
2018-09-16,17.0,31.0,250.0,39.0,1086.0,16.0,13.4,0.0,,1007.3,1.9,2.8,275,Mace Head
2018-09-17,15.5,25.0,170.0,32.0,363.0,17.0,11.8,19.2,,999.6,0.9,1.4,275,Mace Head
2018-09-18,22.1,40.0,230.0,51.0,1198.0,16.0,12.1,1.2,,994.1,1.8,3.0,275,Mace Head
2018-09-19,33.4,62.0,240.0,79.0,1268.0,14.8,9.8,13.3,,992.3,1.4,2.9,275,Mace Head
2018-09-20,11.1,29.0,280.0,35.0,370.0,12.8,8.3,3.5,,1000.6,1.4,1.9,275,Mace Head
2018-09-21,21.0,34.0,260.0,44.0,1236.0,13.8,8.4,2.7,,1006.1,2.0,3.2,275,Mace Head
2018-09-22,5.9,10.0,80.0,13.0,692.0,13.4,8.5,0.7,,1014.7,1.3,1.7,275,Mace Head
2018-09-23,11.6,23.0,310.0,31.0,1469.0,13.1,7.8,0.1,,1026.0,2.1,3.0,275,Mace Head
2018-09-24,9.4,19.0,180.0,24.0,1330.0,14.4,5.8,0.0,,1034.5,1.9,2.6,275,Mace Head
2018-09-25,25.5,34.0,190.0,45.0,230.0,14.5,11.3,3.2,,1027.3,1.4,2.2,275,Mace Head
2018-09-26,16.0,25.0,210.0,30.0,305.0,14.7,13.2,0.0,,1025.6,0.7,1.1,275,Mace Head
2018-09-27,12.6,19.0,340.0,23.0,563.0,14.4,7.4,0.0,,1026.9,1.0,1.5,275,Mace Head
2018-09-28,5.3,9.0,290.0,13.0,1318.0,13.6,5.9,0.0,,1032.2,1.5,2.1,275,Mace Head
2018-09-29,12.9,23.0,260.0,28.0,475.0,12.6,5.8,0.2,,1024.9,0.8,1.3,275,Mace Head
2018-09-30,16.0,23.0,300.0,28.0,579.0,13.2,10.3,0.0,,1023.8,1.9,2.6,275,Mace Head
2018-10-01,16.2,25.0,230.0,32.0,637.0,14.1,10.7,2.2,,1024.5,1.5,2.1,275,Mace Head
2018-10-02,18.4,23.0,280.0,29.0,483.0,14.0,12.3,0.1,,1022.2,0.7,1.2,275,Mace Head
2018-10-03,14.5,19.0,250.0,24.0,620.0,14.4,12.1,0.6,,1022.1,0.8,1.3,275,Mace Head
2018-10-04,14.4,21.0,200.0,25.0,511.0,14.5,10.3,1.1,,1017.3,1.1,1.5,275,Mace Head
2018-10-05,8.7,14.0,350.0,19.0,912.0,12.3,6.3,0.1,,1015.3,1.4,1.9,275,Mace Head
2018-10-06,10.7,19.0,220.0,23.0,1262.0,12.5,6.3,1.5,,1017.8,1.7,2.4,275,Mace Head
2018-10-07,27.1,35.0,220.0,46.0,381.0,14.4,11.0,0.1,,1015.0,1.8,2.7,275,Mace Head
2018-10-08,27.4,32.0,190.0,41.0,206.0,14.5,13.6,5.5,,1006.6,1.1,1.7,275,Mace Head
2018-10-09,27.4,34.0,190.0,45.0,274.0,14.9,13.5,7.5,,1002.1,1.1,1.7,275,Mace Head
2018-10-10,17.9,27.0,120.0,35.0,928.0,18.1,13.4,0.0,,996.2,1.8,2.5,275,Mace Head
2018-10-11,20.4,34.0,110.0,46.0,807.0,15.0,11.0,7.1,,984.5,1.7,2.4,275,Mace Head
2018-10-12,29.4,46.0,180.0,61.0,605.0,15.0,10.5,4.3,,983.9,1.7,2.6,275,Mace Head
2018-10-13,11.8,23.0,300.0,28.0,191.0,12.6,9.6,9.8,,998.5,1.1,1.4,275,Mace Head
2018-10-14,10.2,17.0,270.0,21.0,1014.0,13.4,8.7,0.3,,1006.7,1.6,2.1,275,Mace Head
2018-10-15,9.6,20.0,160.0,26.0,1086.0,13.6,7.0,0.0,,1009.4,1.2,1.7,275,Mace Head
2018-10-16,19.7,29.0,180.0,37.0,983.0,15.7,11.2,3.1,,1005.6,1.4,2.0,275,Mace Head
2018-10-17,9.9,20.0,270.0,26.0,891.0,12.9,7.2,0.1,,1018.0,0.9,1.3,275,Mace Head
2018-10-18,11.1,21.0,200.0,27.0,705.0,12.5,6.5,0.0,,1023.1,0.9,1.3,275,Mace Head
2018-10-19,19.0,27.0,210.0,33.0,318.0,13.5,11.6,0.8,,1019.9,0.9,1.3,275,Mace Head
2018-10-20,17.6,23.0,200.0,29.0,274.0,13.9,13.1,0.1,,1023.4,0.5,0.8,275,Mace Head
2018-10-21,15.8,23.0,310.0,30.0,619.0,13.6,9.8,1.7,,1028.6,1.0,1.4,275,Mace Head
2018-10-22,14.1,21.0,270.0,26.0,792.0,12.9,9.1,0.0,,1038.1,1.6,2.0,275,Mace Head
2018-10-23,17.7,22.0,280.0,26.0,401.0,12.6,10.4,0.0,,1034.9,1.2,1.6,275,Mace Head
2018-10-24,12.5,17.0,280.0,21.0,267.0,11.6,10.3,0.0,,1030.1,1.1,1.4,275,Mace Head
2018-10-25,16.6,25.0,290.0,32.0,234.0,11.9,8.9,1.0,,1022.1,1.1,1.5,275,Mace Head
2018-10-26,20.4,30.0,340.0,44.0,685.0,9.8,6.0,4.2,,1019.8,1.2,1.7,275,Mace Head
2018-10-27,14.4,30.0,350.0,41.0,787.0,8.7,3.7,4.6,,1024.3,1.1,1.5,275,Mace Head
2018-10-28,6.7,17.0,160.0,23.0,806.0,9.6,3.0,0.0,,1020.4,0.8,1.1,275,Mace Head
2018-10-29,19.7,26.0,120.0,34.0,138.0,8.6,6.1,4.8,,1004.8,1.2,1.7,275,Mace Head
2018-10-30,11.6,21.0,120.0,30.0,422.0,10.2,6.2,3.0,,995.7,1.1,1.3,275,Mace Head
2018-10-31,11.8,20.0,210.0,29.0,530.0,10.1,7.4,5.6,,997.6,1.1,1.3,275,Mace Head
2018-11-01,10.6,24.0,300.0,29.0,754.0,10.0,6.0,1.3,,1008.0,1.0,1.3,275,Mace Head
2018-11-02,18.1,31.0,180.0,40.0,130.0,13.4,3.7,9.0,,1011.4,0.6,0.9,275,Mace Head
2018-11-03,27.1,34.0,190.0,45.0,442.0,13.5,10.1,7.7,,1000.2,0.9,1.4,275,Mace Head
2018-11-04,16.4,30.0,220.0,42.0,616.0,12.3,7.6,0.2,,997.7,0.9,1.2,275,Mace Head
2018-11-05,5.8,16.0,150.0,22.0,552.0,12.1,7.0,0.1,,994.6,0.5,0.7,275,Mace Head
2018-11-06,17.5,27.0,140.0,37.0,233.0,12.1,8.7,10.3,,983.0,0.7,1.0,275,Mace Head
2018-11-07,16.3,27.0,300.0,41.0,414.0,10.0,7.2,2.2,,987.6,1.1,1.4,275,Mace Head
2018-11-08,21.2,29.0,170.0,42.0,462.0,10.9,7.7,8.4,,994.4,1.0,1.3,275,Mace Head
2018-11-09,24.6,34.0,140.0,47.0,139.0,11.5,8.4,18.0,,982.8,0.9,1.3,275,Mace Head
2018-11-10,14.4,27.0,250.0,38.0,408.0,11.3,7.2,5.6,,979.0,1.1,1.4,275,Mace Head
2018-11-11,18.2,28.0,190.0,39.0,259.0,11.0,6.5,13.4,,984.4,0.8,1.1,275,Mace Head
2018-11-12,21.9,28.0,200.0,33.0,376.0,11.7,8.6,5.5,,995.8,0.8,1.2,275,Mace Head
2018-11-13,19.0,24.0,150.0,32.0,164.0,12.1,9.5,8.0,,1005.3,0.6,0.9,275,Mace Head
2018-11-14,20.2,29.0,180.0,37.0,102.0,13.7,11.5,10.0,,1002.3,0.5,0.8,275,Mace Head
2018-11-15,16.4,28.0,190.0,35.0,187.0,12.1,9.7,13.0,,1006.2,0.7,0.9,275,Mace Head
2018-11-16,19.2,26.0,130.0,36.0,264.0,13.0,8.7,0.0,,1011.6,0.7,0.9,275,Mace Head
2018-11-17,16.9,24.0,110.0,32.0,131.0,13.5,8.0,0.0,,1015.7,0.8,1.1,275,Mace Head
2018-11-18,15.5,22.0,100.0,27.0,532.0,10.7,5.8,0.0,,1020.1,0.8,0.9,275,Mace Head
2018-11-19,14.6,22.0,80.0,28.0,400.0,9.9,5.7,0.0,,1019.0,1.1,1.2,275,Mace Head
2018-11-20,15.6,22.0,60.0,29.0,478.0,8.1,4.4,0.0,,1012.7,0.7,0.9,275,Mace Head
2018-11-21,9.9,17.0,140.0,23.0,202.0,6.8,4.6,2.6,,1005.4,0.6,0.7,275,Mace Head
2018-11-22,15.8,20.0,90.0,28.0,242.0,7.1,3.3,0.2,,1009.3,0.5,0.7,275,Mace Head
2018-11-23,16.3,23.0,70.0,30.0,277.0,6.9,2.6,0.3,,1007.9,0.3,0.5,275,Mace Head
2018-11-24,11.6,17.0,70.0,22.0,253.0,8.9,5.2,0.0,,1009.1,0.4,0.6,275,Mace Head
2018-11-25,11.6,15.0,70.0,20.0,453.0,7.1,2.5,0.0,,1010.1,0.2,0.3,275,Mace Head
2018-11-26,16.3,27.0,120.0,35.0,174.0,8.5,3.8,0.1,,1005.8,0.5,0.7,275,Mace Head
2018-11-27,22.5,37.0,120.0,49.0,240.0,10.6,8.3,9.2,,992.5,0.8,1.1,275,Mace Head
2018-11-28,27.5,43.0,250.0,55.0,71.0,12.6,8.8,17.6,,977.7,0.7,1.1,275,Mace Head
2018-11-29,22.7,37.0,250.0,49.0,222.0,11.0,6.7,4.8,,985.4,0.9,1.2,275,Mace Head
2018-11-30,23.1,36.0,270.0,48.0,256.0,9.1,6.7,1.6,,995.1,1.0,1.4,275,Mace Head
2018-12-01,7.6,15.0,70.0,22.0,143.0,8.6,6.4,6.2,,992.3,0.2,0.3,275,Mace Head
2018-12-02,15.9,31.0,240.0,39.0,146.0,11.4,8.1,14.1,,988.0,0.3,0.4,275,Mace Head
2018-12-03,8.8,16.0,310.0,20.0,360.0,9.0,5.6,1.7,,1001.5,0.3,0.3,275,Mace Head
2018-12-04,11.4,22.0,80.0,31.0,70.0,8.2,4.1,4.6,,1011.8,0.8,1.0,275,Mace Head
2018-12-05,9.3,21.0,80.0,29.0,132.0,10.8,4.6,7.7,,1004.3,0.3,0.4,275,Mace Head
2018-12-06,19.0,36.0,230.0,47.0,178.0,12.2,9.7,9.3,,998.2,0.4,0.5,275,Mace Head
2018-12-07,35.4,44.0,260.0,54.0,258.0,11.4,6.1,1.3,,996.2,1.5,2.3,275,Mace Head
2018-12-08,31.6,45.0,260.0,58.0,189.0,11.1,8.3,3.7,,996.8,0.9,1.4,275,Mace Head
2018-12-09,24.4,41.0,270.0,48.0,279.0,10.2,8.2,2.2,,1009.5,0.8,1.0,275,Mace Head
2018-12-10,11.8,17.0,200.0,21.0,61.0,11.1,8.3,0.0,,1020.5,0.8,0.9,275,Mace Head
2018-12-11,17.4,26.0,130.0,34.0,40.0,10.6,7.7,2.3,,1011.0,0.8,1.1,275,Mace Head
2018-12-12,18.0,32.0,110.0,44.0,90.0,9.2,6.7,1.4,,1003.2,0.7,0.9,275,Mace Head
2018-12-13,16.0,31.0,130.0,41.0,74.0,10.0,7.4,8.1,,1002.3,0.6,0.8,275,Mace Head
2018-12-14,19.9,25.0,150.0,33.0,80.0,10.5,7.7,2.0,,1004.3,0.5,0.8,275,Mace Head
2018-12-15,19.9,40.0,300.0,49.0,54.0,11.1,6.1,20.8,,989.2,0.6,0.9,275,Mace Head
2018-12-16,17.3,27.0,270.0,36.0,218.0,9.1,6.7,2.9,,997.4,0.9,1.1,275,Mace Head
2018-12-17,21.5,29.0,190.0,40.0,58.0,11.1,8.5,17.0,,994.0,0.9,1.3,275,Mace Head
2018-12-18,20.6,35.0,160.0,49.0,230.0,11.1,6.7,14.8,,984.5,0.5,0.6,275,Mace Head
2018-12-19,23.9,30.0,210.0,38.0,111.0,9.4,6.7,8.4,,989.8,0.9,1.3,275,Mace Head
2018-12-20,20.0,29.0,250.0,40.0,178.0,9.4,6.2,4.1,,993.8,0.6,0.7,275,Mace Head
2018-12-21,15.7,34.0,240.0,42.0,223.0,10.3,5.4,5.7,,995.5,0.3,0.4,275,Mace Head
2018-12-22,15.1,25.0,260.0,33.0,187.0,9.9,7.5,11.2,,1007.7,0.4,0.5,275,Mace Head
2018-12-23,11.3,20.0,80.0,29.0,105.0,7.6,6.7,3.6,,1014.6,0.4,0.5,275,Mace Head
2018-12-24,12.8,19.0,90.0,24.0,54.0,10.1,6.7,0.8,,1022.8,0.5,0.7,275,Mace Head
2018-12-25,12.5,18.0,140.0,25.0,169.0,11.2,9.7,0.1,,1023.2,0.4,0.4,275,Mace Head
2018-12-26,7.2,12.0,180.0,15.0,72.0,10.6,8.8,0.6,,1021.9,0.4,0.5,275,Mace Head
2018-12-27,8.8,19.0,190.0,24.0,98.0,10.5,8.0,0.8,,1021.0,0.3,0.4,275,Mace Head
2018-12-28,13.7,25.0,210.0,32.0,155.0,10.8,7.2,2.1,,1023.1,0.1,0.2,275,Mace Head
2018-12-29,12.3,25.0,210.0,31.0,84.0,10.9,9.9,1.2,,1026.6,0.2,0.4,275,Mace Head
2018-12-30,11.5,17.0,210.0,20.0,138.0,10.7,9.6,0.5,,1030.3,0.2,0.3,275,Mace Head
2018-12-31,13.3,19.0,240.0,24.0,79.0,10.8,9.9,0.0,,1031.4,0.9,1.1,275,Mace Head
2019-01-01,3.8,10.0,240.0,12.0,173.0,10.6,8.5,0.0,,1035.9,0.3,0.4,275,Mace Head
2019-01-02,8.1,15.0,150.0,20.0,98.0,8.7,6.8,0.5,,1037.9,0.3,0.4,275,Mace Head
2019-01-03,13.6,17.0,150.0,22.0,176.0,9.5,7.7,0.0,,1035.8,0.7,0.8,275,Mace Head
2019-01-04,12.2,18.0,170.0,26.0,122.0,8.4,6.2,0.0,,1035.8,1.0,1.2,275,Mace Head
2019-01-05,11.5,16.0,200.0,20.0,86.0,10.4,6.0,0.6,,1033.2,0.5,0.7,275,Mace Head
2019-01-06,14.3,20.0,200.0,25.0,62.0,10.6,9.6,4.2,,1031.7,0.3,0.5,275,Mace Head
2019-01-07,16.2,26.0,240.0,32.0,54.0,10.8,7.7,0.9,,1030.2,0.5,0.7,275,Mace Head
2019-01-08,6.5,11.0,300.0,14.0,175.0,9.9,7.8,0.1,,1032.8,0.3,0.4,275,Mace Head
2019-01-09,7.7,14.0,300.0,18.0,167.0,11.2,8.5,0.0,,1031.6,0.2,0.2,275,Mace Head
2019-01-10,2.4,7.0,10.0,10.0,180.0,10.8,8.5,0.1,,1031.5,0.2,0.2,275,Mace Head
2019-01-11,11.1,23.0,260.0,29.0,232.0,10.0,8.5,1.0,,1029.6,0.2,0.2,275,Mace Head
2019-01-12,20.9,25.0,270.0,32.0,174.0,10.0,8.5,0.2,,1024.7,0.5,0.7,275,Mace Head
2019-01-13,22.9,30.0,270.0,36.0,179.0,10.6,8.9,0.1,,1019.8,1.0,1.4,275,Mace Head
2019-01-14,15.3,20.0,300.0,26.0,150.0,10.0,8.6,0.3,,1020.2,0.9,1.2,275,Mace Head
2019-01-15,20.0,29.0,280.0,37.0,232.0,10.4,7.3,2.2,,1009.7,0.5,0.6,275,Mace Head
2019-01-16,21.8,31.0,320.0,46.0,182.0,8.7,4.9,3.3,,1003.3,1.0,1.4,275,Mace Head
2019-01-17,12.8,30.0,340.0,39.0,192.0,6.4,2.5,1.5,,1010.7,0.7,0.9,275,Mace Head
2019-01-18,15.0,28.0,140.0,37.0,281.0,9.9,4.6,5.5,,1001.4,0.6,0.7,275,Mace Head
2019-01-19,7.8,18.0,310.0,21.0,341.0,9.5,6.9,3.3,,1004.6,0.2,0.3,275,Mace Head
2019-01-20,13.5,26.0,330.0,35.0,378.0,8.4,3.8,0.5,,1017.5,0.4,0.5,275,Mace Head
2019-01-21,23.3,38.0,290.0,47.0,70.0,8.5,3.6,6.3,,1014.1,0.8,1.3,275,Mace Head
2019-01-22,17.8,37.0,290.0,47.0,228.0,6.4,3.0,3.3,,1001.4,0.8,1.0,275,Mace Head
2019-01-23,8.6,23.0,310.0,33.0,137.0,9.4,5.3,3.0,,1003.3,0.5,0.6,275,Mace Head
2019-01-24,18.1,26.0,300.0,31.0,186.0,10.5,9.4,0.1,,1010.1,0.4,0.6,275,Mace Head
2019-01-25,18.1,23.0,280.0,31.0,306.0,10.2,8.9,0.2,,1011.2,0.4,0.6,275,Mace Head
2019-01-26,27.5,47.0,340.0,67.0,249.0,10.0,4.8,5.4,,995.6,0.7,1.1,275,Mace Head
2019-01-27,15.5,38.0,330.0,58.0,190.0,7.0,3.2,3.0,,1004.2,1.0,1.3,275,Mace Head
2019-01-28,16.4,32.0,290.0,39.0,344.0,8.4,3.9,5.6,,1006.5,0.6,0.8,275,Mace Head
2019-01-29,21.7,33.0,300.0,45.0,276.0,7.2,1.7,4.0,,997.7,0.9,1.4,275,Mace Head
2019-01-30,10.1,27.0,290.0,34.0,558.0,6.3,1.3,1.9,,991.4,0.7,0.9,275,Mace Head
2019-01-31,22.2,31.0,90.0,41.0,125.0,4.2,0.8,13.7,,980.4,0.7,1.1,275,Mace Head
2019-02-01,8.7,20.0,50.0,29.0,579.0,5.2,0.4,0.0,,996.6,0.8,0.9,275,Mace Head
2019-02-02,8.1,20.0,270.0,25.0,513.0,6.9,1.0,2.4,,1011.4,0.5,0.7,275,Mace Head
2019-02-03,18.6,26.0,210.0,33.0,135.0,9.6,6.8,6.7,,1009.1,0.9,1.2,275,Mace Head
2019-02-04,11.0,23.0,290.0,30.0,575.0,9.6,3.5,0.0,,1009.7,0.5,0.7,275,Mace Head
2019-02-05,20.1,29.0,230.0,39.0,189.0,10.6,5.7,5.8,,1007.8,0.6,0.9,275,Mace Head
2019-02-06,18.9,33.0,200.0,46.0,394.0,9.3,1.3,14.7,,1002.6,0.7,1.0,275,Mace Head
2019-02-07,21.4,29.0,200.0,37.0,309.0,9.5,5.9,4.1,,993.4,0.7,1.1,275,Mace Head
2019-02-08,38.4,49.0,220.0,65.0,461.0,11.0,5.7,5.6,,978.1,1.1,2.1,275,Mace Head
2019-02-09,19.9,46.0,260.0,57.0,461.0,8.3,3.8,7.6,,987.9,0.7,1.1,275,Mace Head
2019-02-10,24.4,40.0,280.0,53.0,465.0,8.5,3.1,2.7,,1002.3,0.8,1.3,275,Mace Head
2019-02-11,13.3,23.0,180.0,30.0,397.0,9.6,7.1,0.4,,1018.6,0.7,0.9,275,Mace Head
2019-02-12,18.0,27.0,200.0,34.0,398.0,11.1,9.2,3.4,,1019.9,0.5,0.8,275,Mace Head
2019-02-13,20.8,28.0,180.0,34.0,426.0,11.2,9.2,2.5,,1017.3,0.8,1.2,275,Mace Head
2019-02-14,15.7,21.0,140.0,28.0,550.0,11.6,7.9,1.0,,1017.2,0.7,1.1,275,Mace Head
2019-02-15,18.7,28.0,210.0,36.0,185.0,11.4,7.4,0.7,,1010.6,0.7,1.1,275,Mace Head
2019-02-16,18.3,25.0,220.0,32.0,215.0,10.2,8.3,6.2,,1003.2,0.8,1.1,275,Mace Head
2019-02-17,21.4,29.0,200.0,44.0,655.0,10.0,6.7,5.0,,996.9,0.8,1.3,275,Mace Head
2019-02-18,21.7,31.0,230.0,42.0,661.0,9.8,6.9,3.3,,1004.5,1.1,1.7,275,Mace Head
2019-02-19,20.8,28.0,180.0,37.0,134.0,10.4,7.1,16.6,,1004.7,0.9,1.3,275,Mace Head
2019-02-20,17.5,32.0,190.0,41.0,592.0,11.7,9.7,1.4,,1001.3,0.6,1.0,275,Mace Head
2019-02-21,20.8,27.0,160.0,37.0,284.0,11.8,10.6,0.0,,1008.8,0.9,1.3,275,Mace Head
2019-02-22,20.2,29.0,140.0,38.0,174.0,12.6,10.8,0.6,,1014.5,1.1,1.6,275,Mace Head
2019-02-23,16.2,27.0,170.0,34.0,661.0,12.2,6.3,1.1,,1019.6,0.7,1.2,275,Mace Head
2019-02-24,16.2,22.0,120.0,29.0,300.0,12.2,6.5,2.5,,1024.7,0.7,1.0,275,Mace Head
2019-02-25,15.7,22.0,130.0,29.0,427.0,12.9,9.0,0.1,,1024.7,1.1,1.6,275,Mace Head
2019-02-26,10.0,16.0,110.0,20.0,851.0,14.5,7.3,0.0,,1023.5,1.4,1.8,275,Mace Head
2019-02-27,7.5,13.0,160.0,18.0,819.0,14.2,6.9,0.0,,1016.4,1.1,1.5,275,Mace Head
2019-02-28,7.2,13.0,270.0,16.0,671.0,11.2,7.8,0.1,,1012.6,0.7,1.1,275,Mace Head
2019-03-01,9.9,15.0,140.0,21.0,203.0,10.0,6.6,2.2,,1011.1,0.4,0.6,275,Mace Head
2019-03-02,28.3,42.0,240.0,55.0,624.0,10.8,6.9,10.6,,998.0,1.3,2.2,275,Mace Head
2019-03-03,13.7,34.0,250.0,42.0,253.0,8.8,4.6,5.2,,988.8,1.2,1.6,275,Mace Head
2019-03-04,20.2,36.0,240.0,44.0,708.0,8.6,3.7,8.8,,987.6,1.2,1.9,275,Mace Head
2019-03-05,20.6,41.0,240.0,56.0,490.0,9.5,4.0,9.8,,985.8,0.8,1.4,275,Mace Head
2019-03-06,18.1,25.0,300.0,32.0,747.0,9.4,3.9,3.0,,981.4,1.0,1.7,275,Mace Head
2019-03-07,16.8,27.0,300.0,38.0,999.0,10.1,6.1,0.6,,995.7,1.6,2.4,275,Mace Head
2019-03-08,20.7,33.0,270.0,41.0,702.0,10.6,6.9,4.1,,1001.8,1.0,1.7,275,Mace Head
2019-03-09,23.0,45.0,270.0,55.0,648.0,9.7,4.2,4.2,,1006.0,1.2,2.1,275,Mace Head
2019-03-10,31.8,47.0,280.0,58.0,865.0,7.1,2.6,4.1,,1008.8,1.0,2.2,275,Mace Head
2019-03-11,25.7,39.0,200.0,49.0,537.0,10.4,4.8,8.5,,1008.1,0.8,1.6,275,Mace Head
2019-03-12,34.7,44.0,280.0,60.0,1001.0,8.7,5.3,0.7,,998.9,1.6,3.2,275,Mace Head
2019-03-13,31.4,43.0,300.0,61.0,591.0,9.5,6.1,3.0,,1008.7,1.1,2.1,275,Mace Head
2019-03-14,26.7,37.0,250.0,46.0,605.0,10.6,8.6,9.0,,1002.6,1.0,1.9,275,Mace Head
2019-03-15,18.3,32.0,240.0,40.0,479.0,10.7,5.0,13.0,,1000.2,0.7,1.2,275,Mace Head
2019-03-16,25.5,36.0,220.0,46.0,671.0,10.5,3.7,12.6,,991.4,0.9,1.8,275,Mace Head
2019-03-17,22.9,36.0,300.0,44.0,1048.0,10.0,3.8,1.2,,1007.6,1.6,2.8,275,Mace Head
2019-03-18,17.0,26.0,270.0,33.0,386.0,9.6,7.0,6.0,,1018.8,0.9,1.4,275,Mace Head
2019-03-19,11.6,17.0,200.0,20.0,960.0,10.4,8.5,0.5,,1022.2,0.9,1.6,275,Mace Head
2019-03-20,14.5,18.0,210.0,27.0,709.0,10.8,8.8,0.6,,1025.5,0.6,1.2,275,Mace Head
2019-03-21,14.8,23.0,180.0,29.0,755.0,11.0,9.6,0.2,,1022.9,0.9,1.5,275,Mace Head
2019-03-22,21.6,30.0,190.0,39.0,972.0,10.2,6.4,4.1,,1020.9,1.4,2.4,275,Mace Head
2019-03-23,9.0,23.0,300.0,28.0,884.0,9.1,6.1,0.5,,1030.1,1.8,2.4,275,Mace Head
2019-03-24,17.0,23.0,270.0,30.0,844.0,10.6,6.2,0.2,,1031.5,1.8,2.7,275,Mace Head
2019-03-25,6.7,11.0,310.0,14.0,1730.0,12.2,5.9,0.0,,1033.7,1.8,2.7,275,Mace Head
2019-03-26,9.4,15.0,220.0,18.0,1142.0,11.9,8.3,0.0,,1032.8,1.8,2.6,275,Mace Head
2019-03-27,10.5,14.0,230.0,17.0,942.0,11.1,9.0,0.0,,1032.9,1.7,2.4,275,Mace Head
2019-03-28,13.5,18.0,210.0,23.0,1148.0,11.3,8.4,0.0,,1030.5,1.6,2.5,275,Mace Head
2019-03-29,13.0,16.0,230.0,21.0,543.0,10.8,9.3,0.0,,1023.4,1.2,1.7,275,Mace Head
2019-03-30,9.5,15.0,50.0,19.0,411.0,10.1,6.6,3.6,,1021.3,1.0,1.4,275,Mace Head
2019-03-31,9.1,15.0,60.0,21.0,1693.0,12.0,3.0,0.0,,1022.8,2.1,3.1,275,Mace Head
2019-04-01,13.1,23.0,290.0,29.0,755.0,9.7,5.6,3.8,,1015.0,1.5,2.2,275,Mace Head
2019-04-02,24.1,36.0,320.0,53.0,1053.0,7.2,2.9,4.0,,1006.3,1.4,2.6,275,Mace Head
2019-04-03,24.0,36.0,350.0,46.0,1361.0,8.4,3.6,2.5,,1001.5,1.5,3.0,275,Mace Head
2019-04-04,8.1,22.0,340.0,29.0,1178.0,9.5,2.8,0.9,,991.1,1.5,2.2,275,Mace Head
2019-04-05,9.6,20.0,190.0,24.0,1852.0,11.6,3.4,3.3,,993.8,2.1,3.2,275,Mace Head
2019-04-06,13.9,20.0,60.0,27.0,1143.0,13.6,6.3,0.2,,1002.8,2.0,3.0,275,Mace Head
2019-04-07,11.5,20.0,80.0,27.0,1629.0,14.5,3.7,0.0,,1005.5,2.5,3.6,275,Mace Head
2019-04-08,14.8,20.0,80.0,27.0,1420.0,14.9,6.6,0.0,,1007.2,2.2,3.3,275,Mace Head
2019-04-09,9.1,16.0,90.0,20.0,759.0,13.5,6.3,0.0,,1013.0,1.5,2.1,275,Mace Head
2019-04-10,7.8,15.0,90.0,19.0,1439.0,12.9,4.5,0.0,,1018.1,1.9,2.7,275,Mace Head
2019-04-11,7.8,17.0,150.0,23.0,1676.0,13.3,8.2,0.0,,1020.5,2.1,3.1,275,Mace Head
2019-04-12,17.9,26.0,140.0,34.0,1806.0,12.8,6.7,0.0,,1018.2,2.2,3.9,275,Mace Head
2019-04-13,26.2,35.0,120.0,47.0,557.0,10.3,6.7,17.1,,1013.1,1.6,2.8,275,Mace Head
2019-04-14,22.6,29.0,130.0,41.0,368.0,8.9,4.9,3.4,,1012.5,1.1,1.9,275,Mace Head
2019-04-15,25.0,35.0,120.0,48.0,350.0,9.4,4.2,7.3,,1004.3,0.7,1.4,275,Mace Head
2019-04-16,9.4,15.0,130.0,19.0,2155.0,15.1,6.6,0.1,,1009.3,2.4,3.7,275,Mace Head
2019-04-17,14.3,18.0,110.0,25.0,1589.0,15.1,7.7,0.1,,1013.8,2.3,3.6,275,Mace Head
2019-04-18,11.6,18.0,100.0,25.0,2031.0,18.7,9.0,0.0,,1018.9,3.2,4.6,275,Mace Head
2019-04-19,8.2,16.0,100.0,20.0,1703.0,15.7,10.6,0.0,,1024.8,2.4,3.5,275,Mace Head
2019-04-20,4.1,7.0,230.0,10.0,721.0,12.5,9.4,0.0,,1026.0,1.2,1.6,275,Mace Head
2019-04-21,13.4,20.0,190.0,26.0,846.0,12.0,9.5,0.2,,1012.2,1.0,1.7,275,Mace Head
2019-04-22,15.6,22.0,130.0,27.0,2217.0,18.8,9.3,0.0,,996.9,3.5,5.3,275,Mace Head
2019-04-23,9.7,16.0,120.0,20.0,1115.0,18.8,10.3,0.4,,990.6,2.4,3.2,275,Mace Head
2019-04-24,12.3,18.0,90.0,25.0,804.0,14.8,9.5,22.6,,985.2,1.3,2.1,275,Mace Head
2019-04-25,8.9,17.0,170.0,21.0,2310.0,14.2,8.3,0.7,,988.9,2.6,4.1,275,Mace Head
2019-04-26,28.3,52.0,300.0,66.0,928.0,10.7,6.6,6.4,,990.0,1.4,2.7,275,Mace Head
2019-04-27,26.4,47.0,300.0,59.0,2309.0,10.8,5.9,0.6,,1008.2,2.6,5.3,275,Mace Head
2019-04-28,12.1,15.0,170.0,19.0,819.0,12.2,8.1,4.3,,1017.0,1.2,2.0,275,Mace Head
2019-04-29,13.0,18.0,140.0,24.0,1393.0,14.2,10.2,3.5,,1016.0,2.0,3.2,275,Mace Head
2019-04-30,12.7,21.0,130.0,27.0,2401.0,12.2,8.4,5.0,,1015.1,2.5,4.3,275,Mace Head
2019-05-01,14.8,21.0,250.0,26.0,1345.0,11.8,8.3,1.1,,1015.5,2.0,3.2,275,Mace Head
2019-05-02,10.4,22.0,280.0,26.0,1786.0,12.6,8.7,0.0,,1014.5,2.1,3.4,275,Mace Head
2019-05-03,9.3,20.0,340.0,25.0,2106.0,13.6,6.5,0.0,,1018.3,2.8,4.1,275,Mace Head
2019-05-04,9.5,15.0,60.0,20.0,2602.0,12.0,3.3,0.0,,1023.9,3.0,4.7,275,Mace Head
2019-05-05,7.5,14.0,350.0,17.0,2761.0,12.1,3.2,0.0,,1024.8,3.0,4.5,275,Mace Head
2019-05-06,5.4,10.0,60.0,12.0,1765.0,12.4,4.1,0.0,,1018.5,2.4,3.4,275,Mace Head
2019-05-07,12.2,18.0,80.0,26.0,1169.0,11.8,6.7,0.6,,1004.8,2.0,3.0,275,Mace Head
2019-05-08,15.2,21.0,50.0,28.0,1230.0,13.2,6.9,0.4,,993.3,2.4,3.6,275,Mace Head
2019-05-09,12.2,18.0,320.0,22.0,2635.0,11.7,6.7,0.0,,999.4,3.1,5.1,275,Mace Head
2019-05-10,7.0,17.0,340.0,21.0,2321.0,13.9,5.9,0.7,,1007.5,2.9,4.2,275,Mace Head
2019-05-11,8.9,17.0,290.0,21.0,2895.0,13.3,4.6,0.0,,1021.1,3.4,5.2,275,Mace Head
2019-05-12,10.3,17.0,130.0,23.0,2088.0,16.2,7.5,0.0,,1029.7,3.3,4.8,275,Mace Head
2019-05-13,14.8,19.0,130.0,25.0,2710.0,18.1,8.7,0.0,,1030.4,4.0,6.2,275,Mace Head
2019-05-14,16.0,23.0,120.0,29.0,2260.0,18.5,9.5,0.0,,1025.9,4.2,6.2,275,Mace Head
2019-05-15,13.2,22.0,130.0,29.0,2395.0,17.8,9.3,0.0,,1019.4,3.6,5.5,275,Mace Head
2019-05-16,7.9,15.0,100.0,19.0,769.0,14.6,9.4,5.5,,1014.7,1.8,2.4,275,Mace Head
2019-05-17,7.0,15.0,310.0,18.0,1596.0,15.2,8.6,0.0,,1011.2,2.4,3.4,275,Mace Head
2019-05-18,12.9,19.0,320.0,23.0,1038.0,13.3,10.2,0.2,,1009.5,1.9,2.9,275,Mace Head
2019-05-19,14.6,19.0,310.0,24.0,2929.0,14.5,9.1,0.0,,1011.6,3.4,5.8,275,Mace Head
2019-05-20,6.2,12.0,280.0,14.0,2879.0,15.1,6.0,0.0,,1014.7,3.5,5.1,275,Mace Head
2019-05-21,5.7,10.0,250.0,12.0,2818.0,14.6,7.1,0.0,,1017.5,3.4,4.9,275,Mace Head
2019-05-22,4.7,9.0,180.0,11.0,1955.0,15.6,8.9,0.1,,1016.0,2.8,3.9,275,Mace Head
2019-05-23,5.4,9.0,140.0,11.0,1108.0,14.6,10.6,3.0,,1014.2,1.7,2.4,275,Mace Head
2019-05-24,6.6,11.0,280.0,14.0,1658.0,14.6,11.3,0.3,,1017.1,2.2,3.2,275,Mace Head
2019-05-25,11.6,19.0,230.0,23.0,635.0,13.6,12.3,3.3,,1014.7,1.0,1.7,275,Mace Head
2019-05-26,20.3,26.0,290.0,34.0,2254.0,14.4,11.4,0.8,,1011.7,2.4,4.7,275,Mace Head
2019-05-27,20.5,25.0,270.0,33.0,2345.0,13.2,9.8,3.8,,1009.4,2.6,5.0,275,Mace Head
2019-05-28,9.5,21.0,310.0,26.0,1823.0,13.4,9.0,1.8,,1013.2,2.5,3.8,275,Mace Head
2019-05-29,16.5,24.0,230.0,30.0,680.0,13.3,9.3,9.2,,1010.1,0.9,1.7,275,Mace Head
2019-05-30,19.4,24.0,210.0,29.0,511.0,13.4,12.8,5.9,,1012.0,0.7,1.4,275,Mace Head
2019-05-31,16.2,23.0,190.0,29.0,1045.0,13.7,11.4,13.5,,1013.2,1.2,2.2,275,Mace Head
2019-06-01,11.8,22.0,140.0,29.0,1449.0,16.8,11.9,7.0,,1006.4,2.1,3.3,275,Mace Head
2019-06-02,27.2,38.0,250.0,47.0,1880.0,13.9,11.3,4.8,,997.5,1.9,4.2,275,Mace Head
2019-06-03,16.4,28.0,250.0,34.0,2113.0,14.5,10.1,0.2,,1003.5,2.9,4.9,275,Mace Head
2019-06-04,10.0,21.0,340.0,31.0,1182.0,13.4,9.0,1.0,,1002.1,2.0,3.0,275,Mace Head
2019-06-05,13.7,19.0,310.0,24.0,2731.0,14.4,8.6,0.0,,1003.4,3.6,5.8,275,Mace Head
2019-06-06,14.8,24.0,210.0,28.0,1566.0,11.9,8.4,3.7,,1003.5,1.9,3.4,275,Mace Head
2019-06-07,11.3,19.0,310.0,23.0,2190.0,14.2,9.1,0.0,,1004.4,2.8,4.5,275,Mace Head
2019-06-08,16.9,22.0,270.0,26.0,2793.0,13.8,9.8,0.0,,1010.7,3.3,5.8,275,Mace Head
2019-06-09,10.6,19.0,260.0,23.0,2880.0,14.2,9.5,0.8,,1014.8,3.6,5.7,275,Mace Head
2019-06-10,7.6,18.0,300.0,23.0,2586.0,17.0,8.2,0.0,,1018.8,3.6,5.2,275,Mace Head
2019-06-11,12.9,20.0,330.0,27.0,2080.0,15.8,9.0,0.0,,1021.4,3.3,5.0,275,Mace Head
2019-06-12,13.0,28.0,0.0,35.0,2139.0,17.7,9.5,0.0,,1015.8,3.5,5.3,275,Mace Head
2019-06-13,14.2,23.0,330.0,32.0,1286.0,13.8,9.6,1.2,,1006.9,2.4,3.7,275,Mace Head
2019-06-14,9.6,16.0,280.0,19.0,2989.0,13.6,8.5,0.5,,1001.6,3.5,5.5,275,Mace Head
2019-06-15,8.1,13.0,230.0,17.0,2796.0,14.5,8.7,0.0,,1004.2,3.5,5.3,275,Mace Head
2019-06-16,14.6,22.0,210.0,27.0,1256.0,14.3,10.2,5.4,,1003.6,2.1,3.4,275,Mace Head
2019-06-17,17.6,26.0,230.0,33.0,2081.0,15.0,11.7,0.6,,1006.4,2.5,4.6,275,Mace Head
2019-06-18,11.2,15.0,250.0,18.0,3042.0,15.7,11.5,0.0,,1008.9,3.7,6.0,275,Mace Head
2019-06-19,15.1,22.0,250.0,27.0,2000.0,15.3,11.1,0.2,,1006.9,3.0,4.8,275,Mace Head
2019-06-20,13.6,19.0,290.0,25.0,2967.0,14.8,10.2,1.0,,1010.2,3.7,6.1,275,Mace Head
2019-06-21,6.1,13.0,290.0,16.0,3004.0,15.5,9.9,0.0,,1015.3,3.7,5.4,275,Mace Head
2019-06-22,12.2,18.0,110.0,23.0,1728.0,18.5,12.4,0.2,,1013.5,3.2,4.6,275,Mace Head
2019-06-23,18.0,23.0,90.0,32.0,405.0,14.8,11.9,10.3,,1009.7,1.1,1.8,275,Mace Head
2019-06-24,7.6,14.0,90.0,19.0,2205.0,18.5,13.4,1.1,,1014.1,3.0,4.5,275,Mace Head
2019-06-25,5.4,11.0,50.0,15.0,1808.0,20.9,10.9,0.0,,1021.3,3.1,4.1,275,Mace Head
2019-06-26,11.1,17.0,50.0,23.0,2730.0,23.0,13.9,0.0,,1026.5,4.6,6.6,275,Mace Head
2019-06-27,19.0,26.0,70.0,35.0,2728.0,25.1,12.9,0.0,,1021.7,5.5,8.2,275,Mace Head
2019-06-28,11.5,22.0,90.0,29.0,1074.0,19.6,15.1,0.0,,1015.7,2.6,3.5,275,Mace Head
2019-06-29,12.2,23.0,210.0,27.0,1420.0,18.3,14.5,1.2,,1010.7,2.4,3.6,275,Mace Head
2019-06-30,20.7,26.0,260.0,31.0,1899.0,15.9,13.2,1.1,,1011.4,2.4,4.5,275,Mace Head
2019-07-01,15.2,27.0,290.0,33.0,1889.0,16.7,11.9,0.2,,1020.6,3.1,4.8,275,Mace Head
2019-07-02,8.4,16.0,0.0,19.0,1425.0,16.7,8.6,0.0,,1026.6,2.5,3.5,275,Mace Head
2019-07-03,7.8,13.0,290.0,16.0,2689.0,17.1,8.3,0.0,,1027.0,3.5,5.2,275,Mace Head
2019-07-04,8.4,12.0,280.0,14.0,2275.0,16.9,11.8,0.0,,1024.1,3.1,4.7,275,Mace Head
2019-07-05,9.3,15.0,270.0,18.0,1776.0,16.4,13.3,0.0,,1018.7,2.4,3.7,275,Mace Head
2019-07-06,8.0,12.0,290.0,14.0,1045.0,16.3,13.5,2.6,,1014.2,1.7,2.5,275,Mace Head
2019-07-07,6.3,12.0,80.0,16.0,1709.0,16.8,12.2,0.0,,1016.0,2.8,3.9,275,Mace Head
2019-07-08,4.8,8.0,220.0,10.0,2179.0,18.4,12.8,0.2,,1017.6,3.2,4.4,275,Mace Head
2019-07-09,8.9,13.0,210.0,15.0,2509.0,18.9,14.7,0.1,,1016.7,3.4,5.1,275,Mace Head
2019-07-10,13.7,25.0,200.0,30.0,685.0,16.9,15.1,3.9,,1011.5,1.0,1.7,275,Mace Head
2019-07-11,13.2,19.0,260.0,24.0,1736.0,17.4,13.6,0.4,,1010.8,2.4,3.9,275,Mace Head
2019-07-12,11.7,16.0,300.0,21.0,1034.0,17.0,13.2,0.0,,1018.8,2.1,3.0,275,Mace Head
2019-07-13,8.9,16.0,280.0,18.0,2432.0,17.6,12.9,0.0,,1024.2,3.5,5.1,275,Mace Head
2019-07-14,5.5,10.0,280.0,13.0,2785.0,19.1,10.7,0.0,,1021.7,3.7,5.2,275,Mace Head
2019-07-15,4.3,8.0,210.0,10.0,2021.0,19.9,14.1,0.0,,1017.7,3.2,4.3,275,Mace Head
2019-07-16,10.5,18.0,200.0,23.0,1866.0,18.7,14.6,0.5,,1013.9,2.8,4.2,275,Mace Head
2019-07-17,17.7,27.0,200.0,35.0,1488.0,17.0,14.9,4.1,,1007.6,2.1,3.6,275,Mace Head
2019-07-18,13.9,22.0,270.0,27.0,1922.0,18.0,13.6,0.0,,1005.9,2.9,4.6,275,Mace Head
2019-07-19,10.0,23.0,340.0,30.0,1100.0,19.4,14.0,5.2,,999.6,1.9,2.8,275,Mace Head
2019-07-20,12.7,19.0,310.0,25.0,1843.0,17.9,13.7,0.1,,1004.7,2.8,4.3,275,Mace Head
2019-07-21,20.2,31.0,210.0,38.0,378.0,17.3,15.1,19.9,,1006.8,1.0,1.6,275,Mace Head
2019-07-22,22.1,28.0,210.0,36.0,1443.0,19.4,16.9,0.0,,1008.5,2.0,3.7,275,Mace Head
2019-07-23,14.6,21.0,160.0,26.0,1565.0,20.9,16.6,0.3,,1006.7,2.8,4.2,275,Mace Head
2019-07-24,13.6,24.0,200.0,33.0,1056.0,20.1,15.1,0.6,,1002.1,2.2,3.1,275,Mace Head
2019-07-25,16.6,22.0,120.0,29.0,1731.0,21.7,16.7,14.2,,997.7,2.7,4.3,275,Mace Head
2019-07-26,16.3,24.0,250.0,29.0,1919.0,17.7,14.6,1.3,,1002.1,2.6,4.3,275,Mace Head
2019-07-27,10.5,14.0,300.0,18.0,2563.0,17.9,14.0,0.0,,1008.6,3.7,5.5,275,Mace Head
2019-07-28,10.0,14.0,330.0,19.0,1968.0,18.4,13.5,0.0,,1007.9,3.2,4.6,275,Mace Head
2019-07-29,12.3,18.0,300.0,22.0,2145.0,18.4,13.5,0.3,,1005.6,3.1,4.8,275,Mace Head
2019-07-30,12.7,17.0,290.0,20.0,1640.0,17.4,13.6,0.0,,1008.1,2.7,4.1,275,Mace Head
2019-07-31,9.5,18.0,290.0,21.0,2060.0,18.2,12.8,0.5,,1013.4,2.9,4.4,275,Mace Head
2019-08-01,4.9,8.0,200.0,10.0,2635.0,18.5,11.2,0.0,,1017.5,3.5,4.9,275,Mace Head
2019-08-02,8.0,12.0,130.0,16.0,2184.0,22.6,13.7,0.0,,1015.1,3.7,5.0,275,Mace Head
2019-08-03,14.4,20.0,120.0,26.0,813.0,19.6,15.2,7.0,,1010.1,1.8,2.6,275,Mace Head
2019-08-04,13.8,19.0,230.0,24.0,1309.0,18.7,14.5,6.3,,1004.3,2.2,3.4,275,Mace Head
2019-08-05,19.3,29.0,200.0,37.0,992.0,17.1,14.6,7.8,,999.3,1.8,2.9,275,Mace Head
2019-08-06,17.2,24.0,250.0,32.0,1849.0,17.6,14.2,5.2,,997.7,2.4,4.1,275,Mace Head
2019-08-07,11.8,20.0,280.0,23.0,2365.0,18.4,14.3,0.5,,1002.7,3.2,4.9,275,Mace Head
2019-08-08,11.2,27.0,60.0,36.0,1719.0,20.7,13.3,7.7,,998.0,3.0,4.3,275,Mace Head
2019-08-09,13.2,27.0,70.0,40.0,1630.0,21.8,13.9,13.0,,984.9,2.7,4.0,275,Mace Head
2019-08-10,15.7,21.0,300.0,27.0,819.0,16.9,13.3,4.5,,994.3,1.2,2.0,275,Mace Head
2019-08-11,12.5,18.0,320.0,29.0,1668.0,16.7,12.6,0.0,,1009.1,2.7,4.1,275,Mace Head
2019-08-12,12.9,20.0,280.0,28.0,1953.0,16.5,11.4,4.8,,1013.2,2.8,4.3,275,Mace Head
2019-08-13,7.2,12.0,130.0,16.0,1248.0,17.1,12.5,4.2,,1010.5,2.1,2.9,275,Mace Head
2019-08-14,16.7,34.0,270.0,42.0,1457.0,18.0,15.0,0.7,,1004.5,2.2,3.6,275,Mace Head
2019-08-15,17.2,27.0,180.0,37.0,955.0,17.9,14.2,1.9,,1006.5,2.0,3.0,275,Mace Head
2019-08-16,22.8,34.0,180.0,43.0,1671.0,18.1,14.2,21.2,,996.9,2.2,4.0,275,Mace Head
2019-08-17,25.4,31.0,240.0,37.0,1880.0,16.7,13.2,1.1,,994.6,2.9,5.1,275,Mace Head
2019-08-18,21.6,31.0,260.0,38.0,1781.0,17.1,12.7,3.3,,999.2,2.6,4.4,275,Mace Head
2019-08-19,19.2,25.0,280.0,32.0,1826.0,16.0,12.1,1.1,,1010.7,2.7,4.4,275,Mace Head
2019-08-20,15.8,22.0,250.0,27.0,1246.0,17.3,13.7,6.8,,1017.0,2.4,3.5,275,Mace Head
2019-08-21,22.1,35.0,210.0,46.0,627.0,16.2,14.1,10.8,,1014.8,1.2,2.1,275,Mace Head
2019-08-22,19.8,26.0,240.0,33.0,637.0,17.1,14.7,3.2,,1014.6,1.2,2.0,275,Mace Head
2019-08-23,15.6,21.0,200.0,27.0,1405.0,18.9,15.7,0.3,,1014.2,2.4,3.6,275,Mace Head
2019-08-24,10.3,16.0,150.0,22.0,622.0,16.6,14.0,1.4,,1011.8,1.2,1.8,275,Mace Head
2019-08-25,12.0,18.0,290.0,20.0,1938.0,17.5,14.3,0.0,,1015.4,2.8,4.2,275,Mace Head
2019-08-26,15.7,19.0,170.0,25.0,507.0,16.0,13.9,7.1,,1013.6,1.3,1.9,275,Mace Head
2019-08-27,9.5,27.0,310.0,32.0,650.0,16.2,11.6,8.4,,1006.8,1.0,1.5,275,Mace Head
2019-08-28,16.0,25.0,300.0,38.0,1562.0,17.1,11.4,6.7,,1007.1,2.2,3.6,275,Mace Head
2019-08-29,24.6,31.0,210.0,39.0,781.0,17.2,14.2,2.3,,1007.3,1.7,2.8,275,Mace Head
2019-08-30,25.2,31.0,190.0,40.0,268.0,16.2,13.2,34.9,,1002.1,0.2,0.7,275,Mace Head
2019-08-31,21.0,26.0,300.0,32.0,1950.0,16.0,12.0,0.6,,1006.2,2.5,4.4,275,Mace Head
2019-09-01,17.8,23.0,300.0,31.0,1192.0,16.1,12.7,0.2,,1016.4,2.5,3.7,275,Mace Head
2019-09-02,20.3,26.0,240.0,33.0,923.0,16.3,13.6,1.0,,1017.3,1.5,2.5,275,Mace Head
2019-09-03,18.3,26.0,280.0,31.0,539.0,16.2,12.4,4.4,,1014.7,1.2,1.9,275,Mace Head
2019-09-04,23.4,31.0,270.0,43.0,1400.0,15.1,10.9,1.5,,1019.2,2.2,3.8,275,Mace Head
2019-09-05,20.0,30.0,250.0,36.0,1171.0,15.9,12.1,0.6,,1023.8,2.1,3.4,275,Mace Head
2019-09-06,19.3,33.0,250.0,41.0,1390.0,16.4,12.9,0.5,,1020.5,2.0,3.4,275,Mace Head
2019-09-07,8.4,14.0,310.0,17.0,1336.0,15.7,12.6,0.0,,1025.3,2.2,3.0,275,Mace Head
2019-09-08,14.2,28.0,310.0,36.0,651.0,15.8,12.2,6.0,,1017.0,1.1,1.8,275,Mace Head
2019-09-09,15.5,22.0,320.0,30.0,1605.0,15.3,11.7,0.0,,1014.1,2.4,3.6,275,Mace Head
2019-09-10,19.0,28.0,210.0,34.0,373.0,15.9,11.7,4.0,,1013.9,1.2,1.8,275,Mace Head
2019-09-11,17.6,29.0,250.0,46.0,1031.0,16.6,13.8,0.8,,1013.2,1.6,2.5,275,Mace Head
2019-09-12,17.0,24.0,200.0,30.0,1496.0,15.9,12.9,4.1,,1022.4,1.7,3.0,275,Mace Head
2019-09-13,7.4,14.0,290.0,16.0,1687.0,16.3,11.5,0.0,,1033.2,2.1,3.0,275,Mace Head
2019-09-14,19.7,24.0,210.0,29.0,1160.0,16.7,13.5,0.0,,1027.0,1.8,3.0,275,Mace Head
2019-09-15,11.7,20.0,240.0,25.0,397.0,15.8,13.6,4.2,,1020.7,0.6,1.0,275,Mace Head
2019-09-16,4.4,10.0,350.0,14.0,943.0,16.3,9.8,0.1,,1022.2,1.3,1.8,275,Mace Head
2019-09-17,4.7,8.0,80.0,11.0,1710.0,16.0,9.0,0.0,,1025.6,2.0,2.8,275,Mace Head
2019-09-18,4.4,7.0,140.0,9.0,1690.0,16.8,9.8,0.0,,1027.1,1.8,2.6,275,Mace Head
2019-09-19,7.4,13.0,120.0,16.0,1690.0,19.1,11.1,0.0,,1025.0,2.3,3.1,275,Mace Head
2019-09-20,18.9,28.0,120.0,36.0,1632.0,19.4,12.8,0.0,,1012.8,2.9,4.2,275,Mace Head
2019-09-21,18.7,24.0,110.0,34.0,306.0,17.5,14.4,3.7,,998.3,1.5,2.0,275,Mace Head
2019-09-22,12.5,18.0,280.0,22.0,1060.0,15.9,13.2,0.5,,997.0,1.4,2.1,275,Mace Head
2019-09-23,15.0,22.0,120.0,29.0,362.0,16.3,12.2,14.9,,995.8,0.8,1.2,275,Mace Head
2019-09-24,12.8,19.0,160.0,26.0,575.0,15.9,14.1,4.5,,991.2,0.9,1.4,275,Mace Head
2019-09-25,16.7,27.0,240.0,33.0,434.0,16.3,13.2,5.0,,992.6,1.0,1.5,275,Mace Head
2019-09-26,23.0,29.0,220.0,38.0,936.0,15.6,12.7,8.2,,990.3,1.6,2.6,275,Mace Head
2019-09-27,20.4,31.0,260.0,38.0,1124.0,15.1,11.6,7.0,,993.7,1.3,2.2,275,Mace Head
2019-09-28,15.5,28.0,270.0,36.0,571.0,14.9,10.2,5.9,,997.0,0.9,1.4,275,Mace Head
2019-09-29,11.5,18.0,310.0,21.0,1124.0,15.8,9.5,0.5,,999.7,1.2,1.9,275,Mace Head
2019-09-30,12.3,25.0,70.0,35.0,182.0,14.2,9.3,11.0,,999.2,0.6,0.9,275,Mace Head
2019-10-01,12.1,21.0,340.0,27.0,1286.0,15.3,7.7,2.5,,1004.1,1.5,2.3,275,Mace Head
2019-10-02,6.5,20.0,120.0,27.0,821.0,13.4,8.5,0.0,,1016.6,1.5,2.0,275,Mace Head
2019-10-03,29.9,43.0,250.0,58.0,311.0,15.2,9.7,5.4,,1002.3,1.1,1.8,275,Mace Head
2019-10-04,23.3,48.0,270.0,58.0,733.0,16.0,12.9,0.9,,999.2,1.4,2.2,275,Mace Head
2019-10-05,14.8,21.0,270.0,25.0,572.0,15.3,12.9,2.8,,1004.6,1.0,1.5,275,Mace Head
2019-10-06,17.0,28.0,150.0,38.0,720.0,14.4,11.5,7.2,,1006.5,1.4,2.0,275,Mace Head
2019-10-07,24.3,31.0,220.0,40.0,969.0,15.4,12.3,2.7,,1000.0,1.2,2.1,275,Mace Head
2019-10-08,29.5,36.0,250.0,44.0,811.0,13.7,10.6,2.4,,996.9,1.7,2.8,275,Mace Head
2019-10-09,26.5,32.0,260.0,40.0,770.0,13.2,10.2,1.8,,1000.7,1.6,2.6,275,Mace Head
2019-10-10,24.9,31.0,220.0,39.0,549.0,15.0,10.9,2.5,,999.4,1.2,2.0,275,Mace Head
2019-10-11,20.2,26.0,240.0,32.0,933.0,13.7,11.6,0.1,,997.1,1.9,2.6,275,Mace Head
2019-10-12,11.1,22.0,230.0,27.0,922.0,14.0,8.8,1.9,,999.0,1.2,1.7,275,Mace Head
2019-10-13,10.3,18.0,230.0,22.0,838.0,13.2,7.7,2.9,,998.1,1.1,1.5,275,Mace Head
2019-10-14,9.9,18.0,40.0,25.0,190.0,11.1,8.2,18.1,,999.7,0.6,0.8,275,Mace Head
2019-10-15,17.4,27.0,280.0,35.0,391.0,13.7,9.8,1.2,,993.5,1.1,1.5,275,Mace Head
2019-10-16,20.6,30.0,190.0,40.0,888.0,13.3,9.9,2.7,,993.8,1.8,2.5,275,Mace Head
2019-10-17,20.0,29.0,210.0,37.0,591.0,12.5,9.0,15.5,,988.5,1.1,1.7,275,Mace Head
2019-10-18,8.6,20.0,200.0,24.0,842.0,12.5,7.2,3.7,,991.2,0.8,1.1,275,Mace Head
2019-10-19,13.1,22.0,350.0,30.0,707.0,13.3,9.3,3.8,,1004.0,1.1,1.5,275,Mace Head
2019-10-20,10.1,20.0,340.0,27.0,580.0,12.3,7.5,0.0,,1016.8,1.2,1.5,275,Mace Head
2019-10-21,6.9,18.0,230.0,23.0,881.0,11.5,7.4,0.0,,1021.3,1.2,1.5,275,Mace Head
2019-10-22,19.5,27.0,210.0,35.0,398.0,13.1,9.8,0.4,,1013.9,1.5,2.0,275,Mace Head
2019-10-23,22.3,30.0,170.0,40.0,207.0,13.0,11.4,11.6,,1003.0,0.8,1.2,275,Mace Head
2019-10-24,12.7,23.0,240.0,30.0,754.0,11.9,4.0,0.9,,1001.4,0.8,1.1,275,Mace Head
2019-10-25,5.7,12.0,340.0,15.0,227.0,8.6,4.0,3.2,,1003.8,0.6,0.8,275,Mace Head
2019-10-26,11.5,25.0,290.0,32.0,629.0,9.3,2.8,1.3,,1010.9,1.0,1.4,275,Mace Head
2019-10-27,10.5,20.0,290.0,26.0,718.0,11.5,3.5,0.2,,1021.6,1.1,1.4,275,Mace Head
2019-10-28,12.0,21.0,60.0,28.0,724.0,9.5,2.9,0.0,,1024.4,0.9,1.2,275,Mace Head
2019-10-29,18.3,24.0,80.0,33.0,775.0,10.7,3.6,0.0,,1021.2,1.3,1.7,275,Mace Head
2019-10-30,20.5,27.0,90.0,37.0,222.0,9.7,6.2,3.4,,1016.2,0.9,1.4,275,Mace Head
2019-10-31,12.0,18.0,80.0,24.0,163.0,11.9,8.2,5.0,,1004.9,0.4,0.6,275,Mace Head
2019-11-01,11.1,28.0,230.0,34.0,173.0,12.4,9.8,10.5,,984.4,0.4,0.6,275,Mace Head
2019-11-02,22.3,31.0,280.0,39.0,223.0,11.7,9.8,7.4,,973.3,0.6,0.9,275,Mace Head
2019-11-03,10.3,24.0,270.0,36.0,286.0,11.5,6.5,12.8,,977.6,0.5,0.7,275,Mace Head
2019-11-04,9.0,18.0,340.0,23.0,396.0,12.3,5.5,0.8,,987.2,0.6,0.8,275,Mace Head
2019-11-05,11.8,19.0,350.0,26.0,577.0,11.5,6.4,0.0,,1003.9,0.7,0.9,275,Mace Head
2019-11-06,15.9,35.0,290.0,43.0,189.0,9.3,5.9,12.7,,997.0,0.6,0.9,275,Mace Head
2019-11-07,14.6,28.0,280.0,33.0,630.0,9.7,4.8,0.5,,996.3,0.7,0.9,275,Mace Head
2019-11-08,10.4,25.0,160.0,34.0,602.0,10.0,3.7,1.8,,1005.6,0.5,0.7,275,Mace Head
2019-11-09,19.3,30.0,170.0,39.0,494.0,10.3,6.3,11.1,,1004.4,0.6,0.9,275,Mace Head
2019-11-10,17.9,38.0,290.0,53.0,172.0,10.1,3.1,10.2,,1005.7,0.4,0.7,275,Mace Head
2019-11-11,28.7,42.0,300.0,52.0,415.0,9.2,5.3,2.9,,1002.3,1.3,2.0,275,Mace Head
2019-11-12,19.5,33.0,330.0,47.0,475.0,9.2,5.4,1.5,,1003.8,1.2,1.6,275,Mace Head
2019-11-13,19.4,34.0,280.0,43.0,79.0,8.5,4.5,13.3,,993.4,0.8,1.2,275,Mace Head
2019-11-14,15.4,24.0,350.0,37.0,517.0,8.5,4.0,0.3,,1004.7,1.0,1.2,275,Mace Head
2019-11-15,8.3,17.0,350.0,21.0,536.0,8.4,3.1,0.0,,1015.1,0.6,0.7,275,Mace Head
2019-11-16,4.8,10.0,240.0,13.0,172.0,7.6,3.1,1.9,,1009.5,0.5,0.6,275,Mace Head
2019-11-17,11.6,25.0,340.0,33.0,476.0,9.4,1.9,0.1,,1014.3,0.6,0.7,275,Mace Head
2019-11-18,12.9,23.0,150.0,30.0,301.0,9.0,0.9,0.0,,1011.7,0.6,0.8,275,Mace Head
2019-11-19,17.1,25.0,140.0,33.0,442.0,10.8,7.8,2.6,,1000.7,0.7,0.9,275,Mace Head
2019-11-20,16.4,24.0,120.0,34.0,223.0,9.6,7.4,6.5,,994.2,0.6,0.8,275,Mace Head
2019-11-21,13.6,19.0,80.0,25.0,147.0,8.4,6.0,3.3,,991.5,0.4,0.5,275,Mace Head
2019-11-22,10.3,18.0,70.0,24.0,192.0,8.0,5.1,0.0,,989.6,0.4,0.6,275,Mace Head
2019-11-23,6.5,12.0,350.0,16.0,353.0,9.9,3.9,0.0,,995.9,0.2,0.3,275,Mace Head
2019-11-24,12.4,21.0,90.0,28.0,230.0,8.4,3.0,1.4,,994.5,0.3,0.4,275,Mace Head
2019-11-25,8.8,19.0,90.0,25.0,120.0,10.8,8.3,6.2,,990.4,0.3,0.4,275,Mace Head
2019-11-26,16.3,30.0,50.0,42.0,145.0,9.9,7.5,4.1,,980.0,0.3,0.5,275,Mace Head
2019-11-27,3.8,10.0,50.0,13.0,134.0,9.8,6.9,0.0,,984.0,0.3,0.4,275,Mace Head
2019-11-28,5.2,14.0,80.0,19.0,111.0,9.9,7.0,0.0,,998.3,0.4,0.5,275,Mace Head
2019-11-29,14.2,21.0,90.0,27.0,223.0,7.3,4.1,0.0,,1009.8,0.5,0.6,275,Mace Head
2019-11-30,16.7,23.0,80.0,30.0,194.0,8.2,4.1,0.0,,1015.9,0.7,0.9,275,Mace Head
2019-12-01,4.3,9.0,10.0,12.0,402.0,8.6,2.8,0.0,,1026.6,0.2,0.3,275,Mace Head
2019-12-02,10.4,17.0,220.0,22.0,223.0,9.1,2.4,0.0,,1028.8,0.6,0.7,275,Mace Head
2019-12-03,20.9,29.0,190.0,36.0,136.0,10.1,8.9,0.5,,1017.9,1.2,1.6,275,Mace Head
2019-12-04,19.7,28.0,180.0,37.0,382.0,10.1,8.1,4.2,,1011.1,0.5,0.6,275,Mace Head
2019-12-05,25.2,33.0,210.0,41.0,70.0,11.4,8.3,2.7,,1006.8,0.7,1.1,275,Mace Head
2019-12-06,21.5,32.0,260.0,43.0,322.0,10.8,8.4,1.6,,1001.9,0.2,0.2,275,Mace Head
2019-12-07,23.6,33.0,250.0,43.0,130.0,11.6,8.8,3.8,,998.4,0.5,0.7,275,Mace Head
2019-12-08,37.5,48.0,250.0,65.0,185.0,10.1,5.9,5.4,,991.2,1.0,1.8,275,Mace Head
2019-12-09,21.2,44.0,300.0,55.0,334.0,10.0,7.6,0.3,,1009.0,0.8,0.9,275,Mace Head
2019-12-10,29.9,37.0,260.0,54.0,89.0,11.8,5.3,11.3,,996.0,0.7,1.1,275,Mace Head
2019-12-11,22.3,32.0,260.0,44.0,185.0,7.8,3.8,7.2,,994.3,0.7,0.9,275,Mace Head
2019-12-12,24.5,42.0,270.0,57.0,145.0,9.9,5.7,6.2,,980.6,0.6,0.9,275,Mace Head
2019-12-13,31.6,44.0,270.0,56.0,161.0,8.3,5.1,1.9,,978.0,1.2,1.9,275,Mace Head
2019-12-14,25.9,44.0,260.0,60.0,240.0,7.7,2.5,6.3,,979.1,1.2,1.7,275,Mace Head
2019-12-15,14.2,23.0,170.0,28.0,167.0,5.8,2.3,7.3,,982.5,0.6,0.7,275,Mace Head
2019-12-16,17.3,27.0,270.0,36.0,269.0,8.2,3.8,3.3,,990.2,0.7,0.8,275,Mace Head
2019-12-17,6.9,17.0,150.0,22.0,277.0,8.6,2.5,0.2,,994.8,0.2,0.2,275,Mace Head
2019-12-18,23.1,53.0,210.0,68.0,76.0,11.0,4.5,11.2,,980.2,0.7,1.1,275,Mace Head
2019-12-19,11.5,32.0,200.0,39.0,304.0,10.1,5.9,0.0,,979.0,0.2,0.2,275,Mace Head
2019-12-20,6.4,11.0,210.0,14.0,295.0,8.4,4.0,0.6,,974.2,0.0,0.0,275,Mace Head
2019-12-21,8.5,19.0,260.0,24.0,211.0,7.9,2.9,0.7,,971.0,0.2,0.2,275,Mace Head
2019-12-22,19.8,30.0,280.0,37.0,241.0,9.4,6.7,3.6,,984.3,0.5,0.7,275,Mace Head
2019-12-23,17.5,31.0,270.0,41.0,260.0,8.8,5.7,4.7,,999.2,0.6,0.6,275,Mace Head
2019-12-24,12.0,23.0,280.0,35.0,295.0,8.5,5.6,2.7,,1006.5,0.2,0.2,275,Mace Head
2019-12-25,12.7,27.0,110.0,37.0,114.0,7.9,2.9,0.0,,1011.6,0.8,1.0,275,Mace Head
2019-12-26,18.5,30.0,110.0,39.0,110.0,10.6,7.9,6.7,,1005.5,0.5,0.7,275,Mace Head
2019-12-27,19.0,25.0,180.0,31.0,74.0,10.9,10.1,2.5,,1016.5,0.4,0.6,275,Mace Head
2019-12-28,17.2,24.0,150.0,33.0,84.0,10.7,9.6,0.0,,1018.8,0.7,0.9,275,Mace Head
2019-12-29,18.0,24.0,150.0,34.0,65.0,11.6,10.0,0.0,,1017.9,0.9,1.2,275,Mace Head
2019-12-30,14.1,23.0,210.0,27.0,44.0,10.7,6.8,0.1,,1022.1,0.6,0.9,275,Mace Head
2019-12-31,11.9,20.0,70.0,27.0,102.0,8.6,6.1,0.0,,1027.0,0.7,0.9,275,Mace Head
2020-01-01,13.9,25.0,200.0,32.0,199.0,10.0,7.9,0.0,,1018.2,0.5,0.6,275,Mace Head
2020-01-02,24.2,30.0,200.0,38.0,166.0,10.9,6.7,7.1,,1005.3,0.8,1.2,275,Mace Head
2020-01-03,16.4,26.0,260.0,31.0,299.0,9.2,6.1,0.1,,1020.9,0.8,0.9,275,Mace Head
2020-01-04,16.6,23.0,250.0,29.0,206.0,9.8,7.2,0.1,,1027.4,0.4,0.5,275,Mace Head
2020-01-05,21.0,30.0,180.0,40.0,109.0,10.2,8.9,0.3,,1017.1,0.4,0.6,275,Mace Head
2020-01-06,23.1,32.0,180.0,48.0,321.0,10.1,8.4,4.6,,1005.8,0.8,1.0,275,Mace Head
2020-01-07,27.8,35.0,210.0,45.0,97.0,11.8,7.7,2.7,,1005.8,0.7,1.1,275,Mace Head
2020-01-08,14.0,25.0,270.0,36.0,183.0,9.1,4.3,4.0,,1011.6,0.8,1.0,275,Mace Head
2020-01-09,9.7,27.0,320.0,35.0,188.0,7.5,2.1,1.4,,1008.8,0.4,0.5,275,Mace Head
2020-01-10,25.1,36.0,200.0,48.0,85.0,10.7,5.7,4.8,,1011.5,0.8,1.3,275,Mace Head
2020-01-11,21.4,38.0,200.0,48.0,153.0,11.2,8.0,7.1,,1004.6,0.5,0.7,275,Mace Head
2020-01-12,18.8,28.0,210.0,35.0,262.0,8.8,5.8,3.5,,1007.8,0.9,1.1,275,Mace Head
2020-01-13,35.7,51.0,230.0,66.0,189.0,9.6,4.2,10.2,,985.6,1.0,1.7,275,Mace Head
2020-01-14,26.6,39.0,230.0,52.0,236.0,7.5,3.6,3.5,,979.6,1.2,1.7,275,Mace Head
2020-01-15,26.6,43.0,240.0,54.0,270.0,8.5,5.3,4.0,,991.3,1.2,1.7,275,Mace Head
2020-01-16,23.8,32.0,240.0,41.0,271.0,9.5,6.2,9.3,,991.6,0.9,1.2,275,Mace Head
2020-01-17,13.9,26.0,240.0,32.0,213.0,7.6,3.4,0.6,,1009.2,0.8,1.1,275,Mace Head
2020-01-18,5.7,10.0,110.0,11.0,456.0,7.5,1.0,0.0,,1027.9,0.3,0.3,275,Mace Head
2020-01-19,14.1,21.0,210.0,28.0,348.0,9.3,2.7,0.0,,1039.3,0.6,0.7,275,Mace Head
2020-01-20,16.2,24.0,210.0,29.0,273.0,10.0,8.8,0.0,,1041.8,1.1,1.3,275,Mace Head
2020-01-21,7.7,13.0,230.0,16.0,101.0,9.3,8.5,0.2,,1039.8,0.5,0.6,275,Mace Head
2020-01-22,3.5,8.0,310.0,11.0,238.0,9.3,6.4,0.0,,1036.4,0.2,0.2,275,Mace Head
2020-01-23,4.0,10.0,270.0,13.0,233.0,7.9,3.4,1.2,,1028.9,0.1,0.2,275,Mace Head
2020-01-24,11.8,21.0,190.0,27.0,333.0,8.7,7.1,0.3,,1018.4,0.2,0.4,275,Mace Head
2020-01-25,19.6,26.0,180.0,34.0,93.0,8.9,7.6,4.5,,1004.6,0.6,0.9,275,Mace Head
2020-01-26,21.6,36.0,220.0,44.0,403.0,9.2,3.5,8.4,,994.9,0.6,0.9,275,Mace Head
2020-01-27,22.5,36.0,240.0,49.0,101.0,6.7,1.1,8.1,,987.0,1.0,1.6,275,Mace Head
2020-01-28,27.8,38.0,270.0,49.0,275.0,6.9,3.9,2.0,,992.5,1.1,1.8,275,Mace Head
2020-01-29,21.0,29.0,270.0,43.0,277.0,9.7,5.9,0.8,,1000.3,0.8,1.1,275,Mace Head
2020-01-30,17.9,27.0,270.0,35.0,238.0,10.1,7.3,0.4,,995.3,0.5,0.7,275,Mace Head
2020-01-31,24.8,36.0,220.0,48.0,304.0,10.7,8.8,6.7,,991.1,0.8,1.2,275,Mace Head
2020-02-01,21.4,37.0,250.0,52.0,474.0,9.6,5.9,3.0,,995.2,0.7,1.0,275,Mace Head
2020-02-02,23.0,35.0,230.0,47.0,481.0,10.2,5.1,3.0,,998.5,0.6,0.9,275,Mace Head
2020-02-03,26.4,35.0,280.0,51.0,484.0,9.0,5.3,1.7,,1009.8,1.5,2.3,275,Mace Head
2020-02-04,14.6,40.0,290.0,52.0,529.0,9.8,5.4,0.3,,1024.6,1.0,1.2,275,Mace Head
2020-02-05,8.9,13.0,210.0,17.0,242.0,8.5,6.3,0.0,,1030.3,0.5,0.7,275,Mace Head
2020-02-06,13.5,23.0,120.0,29.0,443.0,9.8,6.2,0.0,,1020.0,0.9,1.2,275,Mace Head
2020-02-07,20.4,39.0,270.0,48.0,140.0,9.6,4.2,6.1,,1001.3,0.5,0.8,275,Mace Head
2020-02-08,27.5,41.0,200.0,52.0,102.0,10.0,5.7,9.2,,991.0,0.9,1.5,275,Mace Head
2020-02-09,33.2,45.0,240.0,68.0,433.0,11.0,4.6,18.7,,977.3,0.8,1.5,275,Mace Head
2020-02-10,39.6,49.0,270.0,66.0,350.0,7.5,2.7,3.0,,991.3,1.3,2.5,275,Mace Head
2020-02-11,35.4,48.0,280.0,64.0,509.0,6.5,2.8,1.9,,1002.0,1.4,2.6,275,Mace Head
2020-02-12,21.2,32.0,260.0,42.0,461.0,7.7,3.2,9.1,,994.7,0.8,1.2,275,Mace Head
2020-02-13,12.1,22.0,350.0,31.0,770.0,8.2,4.7,0.6,,992.0,0.6,0.9,275,Mace Head
2020-02-14,23.6,36.0,230.0,49.0,488.0,9.9,6.8,2.1,,998.5,0.8,1.3,275,Mace Head
2020-02-15,28.6,45.0,230.0,59.0,187.0,9.9,5.6,16.8,,982.9,0.5,0.9,275,Mace Head
2020-02-16,38.9,50.0,230.0,66.0,410.0,8.2,4.2,2.5,,977.9,1.6,3.1,275,Mace Head
2020-02-17,29.1,41.0,260.0,54.0,679.0,8.2,4.0,3.0,,997.7,1.2,2.1,275,Mace Head
2020-02-18,26.5,42.0,280.0,54.0,476.0,8.2,3.5,7.4,,1011.1,0.9,1.5,275,Mace Head
2020-02-19,23.7,31.0,210.0,39.0,113.0,9.5,6.6,16.1,,1005.8,0.9,1.5,275,Mace Head
2020-02-20,26.8,39.0,280.0,50.0,767.0,8.9,2.8,1.9,,1003.8,0.7,1.3,275,Mace Head
2020-02-21,30.9,35.0,220.0,46.0,143.0,10.2,8.4,5.0,,1005.0,1.0,1.7,275,Mace Head
2020-02-22,25.6,38.0,260.0,51.0,341.0,9.6,5.3,8.6,,1006.2,1.2,1.9,275,Mace Head
2020-02-23,11.5,24.0,90.0,33.0,627.0,7.8,3.3,14.4,,1010.4,0.6,1.0,275,Mace Head
2020-02-24,24.0,31.0,240.0,47.0,681.0,10.1,3.5,13.9,,999.5,0.5,1.1,275,Mace Head
2020-02-25,29.5,46.0,280.0,58.0,464.0,6.4,2.3,3.4,,997.4,1.1,2.0,275,Mace Head
2020-02-26,16.4,39.0,280.0,50.0,670.0,6.9,2.7,1.8,,1001.9,0.9,1.5,275,Mace Head
2020-02-27,12.6,21.0,300.0,27.0,1045.0,7.9,2.5,0.2,,1002.2,0.9,1.5,275,Mace Head
2020-02-28,18.8,31.0,240.0,38.0,507.0,10.0,5.3,9.4,,988.4,0.8,1.3,275,Mace Head
2020-02-29,39.3,54.0,230.0,72.0,253.0,7.6,2.6,7.2,,967.3,0.8,1.7,275,Mace Head
2020-03-01,26.8,44.0,260.0,63.0,901.0,7.2,3.2,2.3,,977.5,1.2,2.2,275,Mace Head
2020-03-02,25.5,37.0,280.0,52.0,932.0,7.1,3.2,1.7,,986.1,1.3,2.3,275,Mace Head
2020-03-03,14.6,33.0,280.0,41.0,1081.0,8.3,4.5,0.5,,997.9,1.4,2.1,275,Mace Head
2020-03-04,5.5,10.0,280.0,12.0,1259.0,7.9,2.0,0.1,,1002.9,0.9,1.4,275,Mace Head
2020-03-05,11.9,31.0,280.0,40.0,828.0,8.2,1.9,2.5,,996.9,0.9,1.4,275,Mace Head
2020-03-06,21.8,39.0,300.0,51.0,1011.0,9.0,4.9,3.3,,1000.2,1.0,1.8,275,Mace Head
2020-03-07,25.2,34.0,190.0,45.0,248.0,9.9,7.7,3.5,,997.8,0.5,1.0,275,Mace Head
2020-03-08,25.5,37.0,260.0,53.0,953.0,8.5,5.2,2.5,,998.3,1.0,2.0,275,Mace Head
2020-03-09,23.6,31.0,270.0,41.0,140.0,10.2,6.6,13.3,,1001.3,0.8,1.4,275,Mace Head
2020-03-10,21.0,30.0,230.0,38.0,767.0,10.0,7.0,1.0,,997.5,0.9,1.6,275,Mace Head
2020-03-11,25.6,40.0,260.0,52.0,517.0,8.7,2.5,8.1,,996.3,1.0,1.8,275,Mace Head
2020-03-12,31.0,45.0,250.0,58.0,870.0,8.6,4.3,2.2,,1002.5,1.5,2.9,275,Mace Head
2020-03-13,14.6,28.0,260.0,35.0,842.0,9.5,6.1,0.4,,1008.3,1.2,1.9,275,Mace Head
2020-03-14,20.5,32.0,200.0,40.0,473.0,10.0,6.7,7.8,,998.9,0.9,1.5,275,Mace Head
2020-03-15,18.5,32.0,260.0,39.0,1253.0,8.7,5.3,1.7,,1003.3,1.6,2.7,275,Mace Head
2020-03-16,21.1,33.0,200.0,41.0,266.0,9.3,6.2,3.1,,1011.7,0.9,1.5,275,Mace Head
2020-03-17,14.0,30.0,200.0,36.0,248.0,10.0,5.9,13.6,,1013.7,0.7,1.1,275,Mace Head
2020-03-18,13.2,21.0,270.0,26.0,866.0,7.9,4.9,0.0,,1021.8,1.6,2.3,275,Mace Head
2020-03-19,9.1,20.0,340.0,27.0,1426.0,10.2,1.4,0.0,,1028.4,1.6,2.4,275,Mace Head
2020-03-20,10.2,17.0,80.0,23.0,1509.0,10.0,0.6,0.0,,1028.0,1.8,2.7,275,Mace Head
2020-03-21,12.9,19.0,100.0,25.0,243.0,5.1,3.1,8.1,,1021.8,0.7,1.1,275,Mace Head
2020-03-22,9.8,19.0,150.0,26.0,1512.0,10.7,4.4,0.4,,1020.4,1.5,2.4,275,Mace Head
2020-03-23,17.0,22.0,180.0,28.0,446.0,9.1,6.5,1.3,,1016.3,0.9,1.5,275,Mace Head
2020-03-24,19.9,25.0,180.0,32.0,640.0,10.2,7.5,1.9,,1011.8,1.0,1.8,275,Mace Head
2020-03-25,11.5,21.0,170.0,26.0,292.0,9.6,7.2,5.2,,1016.8,0.5,0.9,275,Mace Head
2020-03-26,7.0,13.0,50.0,18.0,591.0,11.5,6.5,0.2,,1022.5,1.0,1.5,275,Mace Head
2020-03-27,11.1,18.0,70.0,24.0,1738.0,14.8,4.8,0.0,,1026.5,2.3,3.4,275,Mace Head
2020-03-28,14.5,23.0,50.0,31.0,1684.0,12.8,5.2,0.0,,1035.2,2.5,3.7,275,Mace Head
2020-03-29,12.9,21.0,70.0,29.0,1849.0,9.0,1.9,0.0,,1043.4,2.3,3.6,275,Mace Head
2020-03-30,12.2,19.0,30.0,26.0,1309.0,12.1,4.5,0.0,,1041.0,2.3,3.3,275,Mace Head
2020-03-31,8.4,13.0,340.0,18.0,916.0,11.2,5.2,0.0,,1034.0,1.7,2.4,275,Mace Head
2020-04-01,11.4,18.0,310.0,23.0,1371.0,11.0,5.7,0.0,,1026.2,1.6,2.6,275,Mace Head
2020-04-02,14.7,22.0,280.0,27.0,680.0,10.1,7.4,0.0,,1018.4,1.1,1.8,275,Mace Head
2020-04-03,9.7,18.0,200.0,23.0,1296.0,10.7,6.8,1.3,,1013.7,1.5,2.4,275,Mace Head
2020-04-04,16.8,23.0,120.0,30.0,820.0,11.8,6.9,0.0,,1005.7,1.5,2.4,275,Mace Head
2020-04-05,22.8,27.0,200.0,38.0,535.0,12.6,8.2,4.9,,993.0,1.3,2.2,275,Mace Head
2020-04-06,16.1,28.0,230.0,42.0,1906.0,11.1,7.0,0.4,,1007.2,2.0,3.5,275,Mace Head
2020-04-07,13.0,18.0,210.0,22.0,1810.0,13.0,7.2,0.0,,1021.0,2.1,3.4,275,Mace Head
2020-04-08,7.6,13.0,180.0,16.0,1338.0,12.1,8.0,0.1,,1021.3,1.6,2.4,275,Mace Head
2020-04-09,7.8,13.0,120.0,15.0,1561.0,16.8,7.6,0.0,,1019.4,2.2,3.1,275,Mace Head
2020-04-10,4.6,9.0,140.0,11.0,618.0,12.9,10.0,2.0,,1018.8,1.1,1.5,275,Mace Head
2020-04-11,7.4,12.0,300.0,14.0,1745.0,10.2,6.7,0.4,,1019.2,1.5,2.4,275,Mace Head
2020-04-12,12.8,23.0,20.0,30.0,665.0,10.2,7.3,0.4,,1015.8,1.3,1.9,275,Mace Head
2020-04-13,14.4,27.0,60.0,34.0,2244.0,12.6,4.6,0.0,,1024.1,2.7,4.5,275,Mace Head
2020-04-14,6.6,10.0,90.0,13.0,2241.0,11.5,1.6,0.0,,1024.5,2.1,3.3,275,Mace Head
2020-04-15,6.3,14.0,50.0,18.0,2268.0,13.5,4.1,0.0,,1018.3,2.3,3.5,275,Mace Head
2020-04-16,13.7,22.0,60.0,28.0,2215.0,16.8,6.7,0.0,,1013.0,3.1,4.8,275,Mace Head
2020-04-17,12.9,19.0,80.0,24.0,1648.0,18.7,8.1,0.1,,1010.9,3.0,4.3,275,Mace Head
2020-04-18,12.9,21.0,90.0,27.0,924.0,13.4,9.0,0.4,,1013.4,1.7,2.5,275,Mace Head
2020-04-19,11.3,16.0,100.0,21.0,1265.0,15.4,7.7,0.0,,1015.9,2.0,2.9,275,Mace Head
2020-04-20,13.1,18.0,90.0,23.0,2120.0,16.6,7.5,0.0,,1016.6,3.3,4.9,275,Mace Head
2020-04-21,12.6,24.0,70.0,29.0,1931.0,17.8,6.1,0.0,,1017.7,3.4,4.8,275,Mace Head
2020-04-22,9.9,16.0,90.0,21.0,1751.0,17.1,8.6,0.0,,1020.0,3.0,4.2,275,Mace Head
2020-04-23,7.0,13.0,80.0,17.0,2095.0,16.6,9.0,0.0,,1017.8,2.9,4.2,275,Mace Head
2020-04-24,5.2,12.0,270.0,15.0,1449.0,14.9,10.3,0.0,,1013.2,2.2,3.0,275,Mace Head
2020-04-25,6.4,15.0,280.0,18.0,2218.0,16.9,8.4,0.0,,1010.3,2.9,4.1,275,Mace Head
2020-04-26,7.4,19.0,340.0,25.0,1208.0,14.2,7.2,0.1,,1010.0,2.0,2.8,275,Mace Head
2020-04-27,7.2,16.0,290.0,20.0,1631.0,13.5,4.9,0.4,,1007.5,2.3,3.2,275,Mace Head
2020-04-28,5.1,10.0,240.0,12.0,2552.0,12.4,5.6,0.0,,1001.1,2.8,4.0,275,Mace Head
2020-04-29,12.0,24.0,230.0,29.0,1604.0,12.1,6.8,7.5,,991.6,2.3,3.5,275,Mace Head
2020-04-30,12.5,21.0,280.0,27.0,2203.0,12.7,7.8,0.8,,990.5,2.8,4.4,275,Mace Head
2020-05-01,14.6,23.0,310.0,31.0,2372.0,12.1,7.1,1.1,,1000.4,2.8,4.7,275,Mace Head
2020-05-02,6.6,12.0,60.0,16.0,2366.0,13.2,6.0,0.0,,1008.5,2.8,4.1,275,Mace Head
2020-05-03,7.7,13.0,60.0,16.0,2216.0,15.8,7.9,0.0,,1013.5,3.1,4.4,275,Mace Head
2020-05-04,15.7,21.0,80.0,29.0,2687.0,17.3,7.3,0.0,,1016.3,4.3,6.6,275,Mace Head
2020-05-05,18.7,29.0,70.0,37.0,2315.0,16.9,8.0,0.0,,1015.3,3.6,5.9,275,Mace Head
2020-05-06,14.4,19.0,80.0,24.0,1790.0,18.9,10.2,0.5,,1017.8,3.4,5.0,275,Mace Head
2020-05-07,12.3,21.0,200.0,26.0,1191.0,13.3,10.6,3.1,,1015.1,1.5,2.5,275,Mace Head
2020-05-08,6.6,12.0,290.0,14.0,2242.0,15.6,11.2,0.0,,1014.1,2.9,4.2,275,Mace Head
2020-05-09,5.4,12.0,280.0,15.0,2551.0,17.4,10.1,0.0,,1011.3,3.3,4.7,275,Mace Head
2020-05-10,14.9,23.0,50.0,30.0,1509.0,15.5,5.8,0.1,,1015.8,2.8,4.2,275,Mace Head
2020-05-11,12.1,19.0,60.0,30.0,2776.0,13.4,3.2,0.0,,1024.3,3.7,5.7,275,Mace Head
2020-05-12,9.6,18.0,340.0,22.0,2150.0,13.0,2.7,0.0,,1021.9,2.8,4.2,275,Mace Head
2020-05-13,9.2,15.0,70.0,21.0,2419.0,14.1,4.7,0.0,,1020.2,3.3,4.9,275,Mace Head
2020-05-14,9.1,17.0,280.0,21.0,2858.0,13.5,3.4,0.0,,1023.8,3.3,5.1,275,Mace Head
2020-05-15,8.0,17.0,280.0,20.0,1820.0,13.4,5.1,0.0,,1025.4,2.6,3.8,275,Mace Head
2020-05-16,12.3,19.0,210.0,24.0,1748.0,14.7,10.3,0.2,,1021.9,2.8,4.2,275,Mace Head
2020-05-17,20.1,25.0,200.0,32.0,624.0,12.7,10.7,1.9,,1017.3,1.3,2.2,275,Mace Head
2020-05-18,16.2,25.0,200.0,30.0,781.0,12.7,11.4,3.2,,1015.7,1.0,1.8,275,Mace Head
2020-05-19,14.3,20.0,210.0,25.0,1637.0,14.2,11.8,0.2,,1017.7,1.8,3.3,275,Mace Head
2020-05-20,13.8,21.0,210.0,26.0,1522.0,16.3,11.1,2.3,,1013.5,2.5,3.9,275,Mace Head
2020-05-21,15.9,33.0,150.0,45.0,1326.0,15.4,10.5,6.3,,1005.2,2.3,3.6,275,Mace Head
2020-05-22,34.0,43.0,210.0,56.0,1745.0,13.3,9.8,0.3,,997.6,2.1,4.7,275,Mace Head
2020-05-23,27.0,36.0,240.0,45.0,1851.0,13.5,9.7,0.7,,1013.6,2.3,4.6,275,Mace Head
2020-05-24,15.7,23.0,240.0,28.0,2641.0,14.4,11.3,0.0,,1025.3,2.8,5.1,275,Mace Head
2020-05-25,13.8,24.0,180.0,29.0,922.0,14.3,10.2,2.9,,1028.6,1.5,2.4,275,Mace Head
2020-05-26,5.8,11.0,280.0,13.0,2711.0,14.0,9.6,0.1,,1033.3,3.2,4.7,275,Mace Head
2020-05-27,5.1,10.0,100.0,13.0,2690.0,20.1,8.5,0.0,,1033.1,3.9,5.4,275,Mace Head
2020-05-28,12.3,18.0,130.0,24.0,2882.0,24.0,11.4,0.0,,1026.4,4.7,6.9,275,Mace Head
2020-05-29,14.9,22.0,120.0,28.0,2715.0,22.2,13.7,0.0,,1019.0,4.9,7.2,275,Mace Head
2020-05-30,11.7,21.0,110.0,26.0,3005.0,24.0,13.1,0.0,,1016.1,5.6,7.7,275,Mace Head
2020-05-31,7.8,13.0,110.0,16.0,2252.0,24.5,12.7,0.0,,1018.0,4.6,6.0,275,Mace Head
2020-06-01,7.9,14.0,340.0,18.0,2863.0,21.6,13.1,0.0,,1021.2,4.5,6.3,275,Mace Head
2020-06-02,11.0,19.0,300.0,22.0,2125.0,16.3,12.7,0.0,,1019.5,3.0,4.6,275,Mace Head
2020-06-03,14.3,22.0,350.0,29.0,2970.0,17.5,11.1,0.0,,1015.5,4.2,6.7,275,Mace Head
2020-06-04,18.4,24.0,310.0,29.0,1265.0,14.4,10.5,0.2,,1008.9,2.2,3.7,275,Mace Head
2020-06-05,19.2,27.0,320.0,40.0,2614.0,14.3,7.7,0.5,,1003.5,3.3,5.9,275,Mace Head
2020-06-06,22.8,32.0,320.0,41.0,1366.0,12.3,7.7,0.2,,1005.8,2.1,3.8,275,Mace Head
2020-06-07,13.3,19.0,330.0,25.0,1500.0,15.2,10.0,0.0,,1012.9,2.6,4.0,275,Mace Head
2020-06-08,8.0,16.0,350.0,19.0,1158.0,12.6,9.5,0.0,,1018.7,2.2,3.0,275,Mace Head
2020-06-09,8.9,15.0,210.0,18.0,1260.0,14.2,9.4,0.4,,1016.6,2.0,2.9,275,Mace Head
2020-06-10,11.9,22.0,300.0,31.0,1864.0,14.4,9.8,0.7,,1012.5,2.6,4.1,275,Mace Head
2020-06-11,15.6,23.0,40.0,32.0,2598.0,19.5,10.6,0.0,,1015.0,4.4,6.7,275,Mace Head
2020-06-12,13.5,22.0,70.0,32.0,1389.0,19.8,11.6,0.0,,1011.1,3.3,4.6,275,Mace Head
2020-06-13,7.8,14.0,70.0,18.0,680.0,18.2,13.1,0.0,,1007.5,2.0,2.5,275,Mace Head
2020-06-14,7.1,15.0,350.0,20.0,1467.0,22.4,11.8,8.1,,1011.2,2.9,3.9,275,Mace Head
2020-06-15,5.6,14.0,300.0,16.0,2455.0,19.2,12.9,0.0,,1013.4,3.6,5.0,275,Mace Head
2020-06-16,8.7,16.0,340.0,20.0,1222.0,16.2,11.9,0.0,,1013.8,2.1,3.0,275,Mace Head
2020-06-17,9.5,17.0,350.0,21.0,2077.0,18.1,11.1,0.0,,1013.2,3.2,4.7,275,Mace Head
2020-06-18,7.1,16.0,260.0,19.0,2366.0,16.0,9.8,0.0,,1010.5,3.1,4.6,275,Mace Head
2020-06-19,9.0,17.0,260.0,20.0,1896.0,15.9,10.4,0.1,,1008.8,2.7,4.1,275,Mace Head
2020-06-20,20.6,31.0,130.0,43.0,777.0,16.0,12.0,6.6,,1002.5,1.8,2.9,275,Mace Head
2020-06-21,20.8,28.0,190.0,36.0,2828.0,15.5,12.6,0.3,,1005.2,3.5,6.5,275,Mace Head
2020-06-22,15.4,29.0,200.0,37.0,590.0,14.3,11.9,21.5,,1008.4,1.1,1.8,275,Mace Head
2020-06-23,10.2,15.0,210.0,19.0,1086.0,14.8,11.7,1.1,,1012.8,1.7,2.6,275,Mace Head
2020-06-24,7.7,13.0,200.0,16.0,2673.0,15.9,12.3,0.0,,1016.8,3.3,5.0,275,Mace Head
2020-06-25,6.5,15.0,280.0,19.0,1982.0,18.0,12.6,0.0,,1012.6,3.0,4.2,275,Mace Head
2020-06-26,5.6,11.0,250.0,13.0,867.0,14.8,12.3,1.4,,1001.7,1.6,2.1,275,Mace Head
2020-06-27,19.8,31.0,270.0,39.0,1148.0,13.4,11.4,8.0,,995.8,1.5,2.8,275,Mace Head
2020-06-28,32.1,37.0,270.0,49.0,1424.0,14.2,11.6,1.4,,1000.2,2.4,4.7,275,Mace Head
2020-06-29,23.8,33.0,270.0,44.0,489.0,12.6,11.3,0.7,,1003.8,1.2,2.1,275,Mace Head
2020-06-30,8.3,16.0,240.0,19.0,1746.0,14.7,11.6,0.0,,1001.9,2.6,3.8,275,Mace Head
2020-07-01,9.1,19.0,310.0,24.0,1326.0,15.3,11.1,0.0,,1004.0,2.0,3.0,275,Mace Head
2020-07-02,12.4,30.0,200.0,37.0,2001.0,15.2,11.5,5.6,,1008.9,2.8,4.4,275,Mace Head
2020-07-03,16.8,30.0,200.0,38.0,647.0,14.5,12.9,6.5,,1003.8,0.9,1.7,275,Mace Head
2020-07-04,16.7,32.0,270.0,39.0,1158.0,15.0,12.6,2.3,,999.5,1.4,2.6,275,Mace Head
2020-07-05,28.2,37.0,250.0,47.0,2252.0,14.5,11.7,0.4,,1008.6,2.9,5.7,275,Mace Head
2020-07-06,16.4,27.0,290.0,33.0,2477.0,15.5,11.8,0.0,,1019.4,3.3,5.5,275,Mace Head
2020-07-07,12.9,22.0,240.0,27.0,706.0,14.3,11.0,26.8,,1015.0,1.2,1.9,275,Mace Head
2020-07-08,11.9,21.0,50.0,28.0,697.0,14.9,11.6,6.0,,1008.8,1.1,1.8,275,Mace Head
2020-07-09,11.6,19.0,300.0,24.0,2703.0,16.5,10.2,0.0,,1013.8,3.5,5.5,275,Mace Head
2020-07-10,12.6,17.0,290.0,20.0,2263.0,15.9,10.5,0.0,,1022.0,3.1,5.0,275,Mace Head
2020-07-11,4.2,9.0,170.0,11.0,2810.0,15.8,9.1,0.0,,1025.2,3.6,5.0,275,Mace Head
2020-07-12,16.2,23.0,190.0,30.0,485.0,14.5,12.4,4.2,,1021.5,1.3,1.9,275,Mace Head
2020-07-13,13.1,18.0,290.0,22.0,1936.0,16.1,12.4,0.1,,1019.1,2.5,4.2,275,Mace Head
2020-07-14,16.9,23.0,270.0,27.0,1009.0,14.7,11.8,0.3,,1017.8,1.7,2.8,275,Mace Head
2020-07-15,15.2,21.0,290.0,25.0,1351.0,15.5,12.8,0.0,,1017.5,1.9,3.2,275,Mace Head
2020-07-16,14.1,21.0,240.0,26.0,1271.0,16.8,13.7,0.1,,1018.5,1.7,2.9,275,Mace Head
2020-07-17,12.7,20.0,230.0,24.0,714.0,15.0,12.2,5.2,,1015.2,0.9,1.6,275,Mace Head
2020-07-18,11.8,16.0,290.0,20.0,2478.0,16.5,11.6,0.0,,1016.0,3.2,5.1,275,Mace Head
2020-07-19,8.7,15.0,290.0,17.0,2682.0,16.8,9.9,0.0,,1020.8,3.6,5.3,275,Mace Head
2020-07-20,6.1,13.0,270.0,16.0,2956.0,16.2,8.7,0.0,,1023.5,3.6,5.3,275,Mace Head
2020-07-21,10.7,18.0,200.0,22.0,2037.0,17.2,13.1,0.7,,1021.9,3.0,4.5,275,Mace Head
2020-07-22,17.3,24.0,200.0,29.0,577.0,15.8,14.5,5.0,,1015.9,0.9,1.6,275,Mace Head
2020-07-23,10.1,14.0,270.0,18.0,1769.0,16.6,12.9,1.7,,1011.6,2.3,3.6,275,Mace Head
2020-07-24,13.3,20.0,180.0,27.0,429.0,15.5,12.8,11.6,,1005.5,1.0,1.5,275,Mace Head
2020-07-25,14.5,24.0,250.0,32.0,1706.0,16.3,12.5,1.2,,1001.4,2.1,3.6,275,Mace Head
2020-07-26,12.3,22.0,250.0,27.0,1725.0,16.8,12.1,10.0,,1001.2,2.5,3.9,275,Mace Head
2020-07-27,17.7,29.0,350.0,38.0,1940.0,15.9,11.3,5.0,,1001.4,2.2,4.0,275,Mace Head
2020-07-28,13.7,20.0,300.0,27.0,2163.0,15.8,11.9,0.7,,1013.9,3.0,4.8,275,Mace Head
2020-07-29,11.9,21.0,100.0,26.0,580.0,15.7,10.4,13.2,,1012.0,1.0,1.6,275,Mace Head
2020-07-30,17.9,25.0,140.0,31.0,1096.0,18.3,15.5,8.2,,1003.9,2.0,3.2,275,Mace Head
2020-07-31,14.1,21.0,140.0,26.0,1567.0,17.4,14.2,1.5,,1004.9,2.2,3.6,275,Mace Head
2020-08-01,14.7,21.0,230.0,27.0,1090.0,16.1,12.6,6.8,,1011.4,2.0,3.0,275,Mace Head
2020-08-02,12.7,18.0,240.0,22.0,1752.0,16.5,12.5,0.2,,1014.0,2.7,4.1,275,Mace Head
2020-08-03,11.9,22.0,170.0,29.0,2074.0,16.8,12.5,7.2,,1013.1,3.0,4.5,275,Mace Head
2020-08-04,23.8,33.0,200.0,42.0,571.0,16.4,13.7,1.3,,1004.1,0.9,1.8,275,Mace Head
2020-08-05,10.2,16.0,230.0,19.0,1462.0,16.6,14.1,5.3,,1003.1,2.0,3.1,275,Mace Head
2020-08-06,12.3,19.0,170.0,25.0,1158.0,18.0,14.5,0.4,,1008.0,1.8,2.8,275,Mace Head
2020-08-07,10.1,21.0,190.0,28.0,2380.0,17.8,14.0,2.9,,1013.8,3.0,4.6,275,Mace Head
2020-08-08,5.8,9.0,290.0,11.0,2561.0,18.5,11.5,0.1,,1020.9,3.2,4.6,275,Mace Head
2020-08-09,5.8,12.0,270.0,14.0,2299.0,20.0,13.4,0.0,,1018.4,3.4,4.7,275,Mace Head
2020-08-10,5.5,12.0,290.0,15.0,1787.0,19.9,13.6,0.0,,1015.7,2.7,3.8,275,Mace Head
2020-08-11,5.7,15.0,270.0,17.0,1920.0,19.2,14.8,0.0,,1014.7,2.7,3.8,275,Mace Head
2020-08-12,5.1,11.0,30.0,14.0,1935.0,23.0,14.2,0.0,,1013.5,3.1,4.2,275,Mace Head
2020-08-13,5.1,11.0,70.0,15.0,750.0,20.7,14.9,3.8,,1012.9,1.6,2.1,275,Mace Head
2020-08-14,8.4,15.0,80.0,19.0,1017.0,22.3,17.5,0.1,,1012.6,2.1,2.8,275,Mace Head
2020-08-15,7.2,14.0,80.0,17.0,1334.0,22.1,16.9,0.9,,1012.0,2.4,3.3,275,Mace Head
2020-08-16,8.4,14.0,90.0,19.0,1054.0,21.7,15.4,0.0,,1008.7,2.2,3.0,275,Mace Head
2020-08-17,5.8,10.0,80.0,13.0,499.0,18.4,15.5,12.0,,1003.7,1.2,1.6,275,Mace Head
2020-08-18,10.3,18.0,250.0,21.0,1823.0,19.5,15.5,2.9,,1000.9,2.7,4.0,275,Mace Head
2020-08-19,12.5,21.0,80.0,27.0,794.0,18.8,13.8,1.3,,984.6,1.4,2.2,275,Mace Head
2020-08-20,25.3,45.0,220.0,57.0,1636.0,18.2,13.6,25.1,,975.3,2.5,4.4,275,Mace Head
2020-08-21,23.0,30.0,260.0,37.0,1566.0,17.1,14.0,6.1,,984.5,2.0,3.7,275,Mace Head
2020-08-22,22.5,33.0,240.0,40.0,1548.0,17.5,14.5,0.5,,1004.2,2.2,3.9,275,Mace Head
2020-08-23,16.7,24.0,260.0,29.0,1038.0,16.1,13.0,0.5,,1012.8,1.6,2.6,275,Mace Head
2020-08-24,7.6,28.0,80.0,37.0,1291.0,17.3,11.8,14.4,,1001.3,1.8,2.7,275,Mace Head
2020-08-25,23.3,39.0,290.0,50.0,656.0,16.1,13.8,10.1,,990.6,1.0,1.9,275,Mace Head
2020-08-26,15.3,24.0,270.0,28.0,1816.0,17.2,14.3,0.5,,1009.3,2.6,4.1,275,Mace Head
2020-08-27,10.6,16.0,90.0,21.0,866.0,17.7,12.2,10.0,,1006.4,1.8,2.5,275,Mace Head
2020-08-28,16.8,27.0,340.0,35.0,1582.0,16.3,12.2,0.2,,1009.6,2.5,3.9,275,Mace Head
2020-08-29,13.3,21.0,350.0,28.0,1361.0,16.2,11.1,0.2,,1018.0,2.6,3.7,275,Mace Head
2020-08-30,4.4,10.0,180.0,13.0,1124.0,15.2,9.6,0.0,,1018.6,1.8,2.4,275,Mace Head
2020-08-31,13.4,19.0,180.0,24.0,987.0,17.4,12.0,0.7,,1014.4,2.1,2.9,275,Mace Head
2020-09-01,14.9,20.0,250.0,26.0,1569.0,17.1,14.0,3.4,,1010.8,2.1,3.3,275,Mace Head
2020-09-02,21.0,27.0,200.0,34.0,333.0,16.3,14.0,26.7,,1005.8,0.7,1.3,275,Mace Head
2020-09-03,20.3,27.0,240.0,34.0,1418.0,16.3,13.6,1.2,,1009.9,2.3,3.7,275,Mace Head
2020-09-04,19.9,24.0,300.0,31.0,1569.0,16.3,11.8,0.2,,1017.2,2.3,3.9,275,Mace Head
2020-09-05,18.3,23.0,280.0,28.0,998.0,15.9,11.4,2.6,,1019.1,1.7,2.7,275,Mace Head
2020-09-06,12.1,19.0,290.0,26.0,1214.0,16.6,12.8,0.3,,1019.2,1.7,2.6,275,Mace Head
2020-09-07,17.0,24.0,240.0,29.0,659.0,16.1,14.4,8.9,,1017.9,1.1,1.8,275,Mace Head
2020-09-08,15.5,20.0,230.0,23.0,471.0,16.0,13.4,3.0,,1018.6,0.6,1.2,275,Mace Head
2020-09-09,11.9,19.0,280.0,23.0,1299.0,16.6,12.3,0.0,,1023.0,2.4,3.3,275,Mace Head
2020-09-10,15.1,23.0,220.0,29.0,588.0,14.8,12.7,0.0,,1018.0,1.8,2.4,275,Mace Head
2020-09-11,20.9,29.0,220.0,37.0,955.0,15.7,13.1,6.0,,1008.4,2.0,3.1,275,Mace Head
2020-09-12,24.4,33.0,210.0,40.0,448.0,16.0,12.5,0.1,,1010.4,1.5,2.3,275,Mace Head
2020-09-13,20.8,29.0,210.0,37.0,649.0,16.7,15.4,0.0,,1012.2,1.6,2.4,275,Mace Head
2020-09-14,11.0,20.0,100.0,26.0,369.0,17.8,14.7,1.0,,1012.9,1.3,1.7,275,Mace Head
2020-09-15,6.4,11.0,130.0,14.0,796.0,20.0,14.5,0.8,,1015.7,1.5,2.0,275,Mace Head
2020-09-16,4.5,11.0,80.0,15.0,1336.0,22.4,15.9,0.1,,1022.3,2.0,2.7,275,Mace Head
2020-09-17,9.4,15.0,90.0,21.0,718.0,19.6,13.4,0.0,,1023.9,1.4,1.9,275,Mace Head
2020-09-18,12.2,18.0,80.0,25.0,1577.0,20.2,11.1,0.1,,1021.3,2.6,3.6,275,Mace Head
2020-09-19,12.5,20.0,70.0,28.0,1321.0,16.3,9.7,0.0,,1019.6,2.1,3.0,275,Mace Head
2020-09-20,8.3,15.0,70.0,19.0,1463.0,17.6,8.9,0.0,,1018.7,1.8,2.6,275,Mace Head
2020-09-21,10.7,17.0,200.0,21.0,424.0,14.3,11.2,0.0,,1012.8,1.1,1.5,275,Mace Head
2020-09-22,18.9,29.0,200.0,37.0,295.0,15.0,10.1,1.6,,1003.4,0.9,1.3,275,Mace Head
2020-09-23,9.6,22.0,130.0,29.0,1386.0,13.1,7.4,3.0,,994.2,1.7,2.5,275,Mace Head
2020-09-24,17.8,30.0,320.0,36.0,1023.0,14.0,6.9,8.3,,994.2,1.7,2.6,275,Mace Head
2020-09-25,14.8,28.0,320.0,37.0,1280.0,12.8,8.2,2.3,,1011.2,1.9,2.8,275,Mace Head
2020-09-26,6.9,11.0,70.0,15.0,1474.0,13.1,4.0,0.0,,1017.6,1.6,2.3,275,Mace Head
2020-09-27,12.4,20.0,190.0,26.0,378.0,14.5,7.2,0.1,,1013.6,0.8,1.2,275,Mace Head
2020-09-28,14.1,20.0,200.0,25.0,1369.0,15.0,11.2,1.3,,1010.4,1.4,2.3,275,Mace Head
2020-09-29,19.0,30.0,170.0,39.0,558.0,14.4,11.5,15.7,,1004.3,0.9,1.5,275,Mace Head
2020-09-30,13.3,23.0,310.0,29.0,864.0,13.7,7.2,4.0,,997.4,0.8,1.4,275,Mace Head
2020-10-01,7.6,17.0,190.0,21.0,758.0,11.6,6.5,4.4,,994.0,1.2,1.6,275,Mace Head
2020-10-02,15.2,24.0,340.0,32.0,1199.0,13.3,8.1,0.0,,997.6,1.8,2.6,275,Mace Head
2020-10-03,7.9,15.0,300.0,18.0,1020.0,13.0,7.3,1.0,,996.4,1.4,1.9,275,Mace Head
2020-10-04,26.5,35.0,320.0,46.0,333.0,11.7,9.3,1.6,,992.8,1.2,2.0,275,Mace Head
2020-10-05,18.4,28.0,310.0,34.0,564.0,13.4,11.2,1.7,,994.7,1.2,1.8,275,Mace Head
2020-10-06,21.8,31.0,260.0,40.0,959.0,13.2,10.6,2.7,,998.9,1.2,2.0,275,Mace Head
2020-10-07,8.4,19.0,340.0,25.0,463.0,12.6,9.5,6.8,,1005.9,0.9,1.2,275,Mace Head
2020-10-08,16.9,28.0,240.0,35.0,1151.0,12.9,9.6,2.0,,1009.7,1.5,2.3,275,Mace Head
2020-10-09,17.6,25.0,280.0,34.0,764.0,11.8,8.4,2.4,,1018.5,1.3,2.0,275,Mace Head
2020-10-10,17.6,23.0,310.0,32.0,842.0,12.1,9.5,0.7,,1026.1,1.2,1.8,275,Mace Head
2020-10-11,6.1,14.0,200.0,16.0,836.0,13.5,8.5,2.2,,1024.3,0.8,1.1,275,Mace Head
2020-10-12,18.6,24.0,320.0,34.0,956.0,13.0,9.5,0.6,,1018.3,0.8,1.5,275,Mace Head
2020-10-13,12.6,23.0,340.0,29.0,699.0,14.0,8.6,0.7,,1018.4,1.4,1.8,275,Mace Head
2020-10-14,8.3,14.0,60.0,17.0,678.0,14.5,6.9,0.0,,1024.0,1.1,1.5,275,Mace Head
2020-10-15,9.2,14.0,90.0,18.0,1048.0,13.3,7.4,0.1,,1024.8,0.9,1.3,275,Mace Head
2020-10-16,13.2,20.0,100.0,27.0,933.0,12.3,6.7,0.0,,1021.8,1.2,1.7,275,Mace Head
2020-10-17,13.9,21.0,70.0,28.0,709.0,13.7,6.5,0.0,,1019.8,1.4,1.9,275,Mace Head
2020-10-18,11.6,16.0,80.0,21.0,633.0,13.8,7.6,1.0,,1015.0,0.7,1.1,275,Mace Head
2020-10-19,15.6,26.0,180.0,31.0,102.0,13.1,11.2,35.4,,996.7,0.4,0.7,275,Mace Head
2020-10-20,14.3,23.0,70.0,29.0,330.0,13.9,11.2,6.4,,980.7,0.5,0.8,275,Mace Head
2020-10-21,17.7,26.0,340.0,36.0,630.0,12.1,8.3,0.3,,995.4,0.8,1.3,275,Mace Head
2020-10-22,15.6,31.0,180.0,40.0,491.0,11.7,8.2,12.0,,1000.7,1.2,1.6,275,Mace Head
2020-10-23,23.3,41.0,180.0,53.0,678.0,12.2,8.5,10.7,,992.6,1.0,1.6,275,Mace Head
2020-10-24,28.2,41.0,200.0,50.0,631.0,12.5,8.1,5.7,,981.2,0.9,1.6,275,Mace Head
2020-10-25,27.4,35.0,290.0,47.0,530.0,11.5,7.9,2.7,,982.0,1.1,1.7,275,Mace Head
2020-10-26,20.7,33.0,290.0,43.0,566.0,12.1,9.4,2.3,,992.5,1.2,1.7,275,Mace Head
2020-10-27,24.8,34.0,240.0,46.0,556.0,11.7,7.8,3.7,,986.3,0.9,1.4,275,Mace Head
2020-10-28,26.8,37.0,250.0,49.0,477.0,11.1,7.3,2.3,,991.6,1.2,1.8,275,Mace Head
2020-10-29,26.1,33.0,200.0,43.0,91.0,13.5,10.4,24.2,,995.9,0.6,1.0,275,Mace Head
2020-10-30,15.8,26.0,110.0,33.0,675.0,11.8,8.7,0.7,,1002.1,1.1,1.4,275,Mace Head
2020-10-31,29.6,45.0,260.0,57.0,536.0,13.7,8.4,33.2,,988.2,0.9,1.5,275,Mace Head
2020-11-01,24.2,36.0,250.0,50.0,162.0,11.9,7.3,10.9,,983.5,0.8,1.2,275,Mace Head
2020-11-02,24.7,44.0,270.0,54.0,173.0,10.4,6.7,12.3,,995.0,1.2,1.9,275,Mace Head
2020-11-03,18.9,34.0,270.0,46.0,381.0,10.1,6.0,1.5,,1016.1,1.2,1.6,275,Mace Head
2020-11-04,6.1,12.0,320.0,16.0,387.0,10.8,6.2,0.0,,1032.7,0.6,0.7,275,Mace Head
2020-11-05,5.3,9.0,250.0,12.0,289.0,11.3,7.0,0.0,,1033.6,0.4,0.6,275,Mace Head
2020-11-06,8.8,14.0,100.0,18.0,620.0,10.5,6.6,0.2,,1022.7,0.4,0.6,275,Mace Head
2020-11-07,12.6,19.0,100.0,25.0,184.0,11.0,6.2,1.8,,1012.5,0.5,0.7,275,Mace Head
2020-11-08,13.1,20.0,120.0,26.0,459.0,13.7,10.6,0.0,,1008.1,0.4,0.6,275,Mace Head
2020-11-09,8.7,14.0,110.0,18.0,508.0,14.7,10.8,1.1,,1009.9,0.4,0.5,275,Mace Head
2020-11-10,14.5,21.0,150.0,29.0,234.0,11.8,9.9,10.8,,1009.5,0.5,0.7,275,Mace Head
2020-11-11,15.0,28.0,180.0,38.0,77.0,12.3,8.4,26.6,,998.8,0.7,0.9,275,Mace Head
2020-11-12,24.4,35.0,170.0,48.0,91.0,12.4,8.3,5.5,,996.9,1.2,1.8,275,Mace Head
2020-11-13,22.9,32.0,230.0,40.0,304.0,10.8,8.1,2.9,,997.6,1.0,1.4,275,Mace Head
2020-11-14,20.8,37.0,250.0,47.0,139.0,11.9,9.4,8.2,,986.9,0.7,1.0,275,Mace Head
2020-11-15,25.0,39.0,290.0,50.0,371.0,11.0,7.6,6.5,,989.1,0.7,1.1,275,Mace Head
2020-11-16,22.1,30.0,200.0,37.0,71.0,12.5,8.6,7.3,,1002.0,1.0,1.4,275,Mace Head
2020-11-17,24.4,30.0,180.0,38.0,82.0,12.7,12.0,1.4,,1002.4,0.3,0.6,275,Mace Head
2020-11-18,29.6,44.0,240.0,55.0,376.0,12.8,7.6,9.6,,1008.3,0.8,1.2,275,Mace Head
2020-11-19,17.5,32.0,300.0,42.0,200.0,10.9,6.6,0.9,,1025.0,0.7,0.9,275,Mace Head
2020-11-20,22.6,28.0,220.0,34.0,146.0,11.8,10.9,4.9,,1020.5,0.4,0.6,275,Mace Head
2020-11-21,19.2,29.0,210.0,36.0,414.0,11.1,8.0,2.0,,1017.8,0.7,0.8,275,Mace Head
2020-11-22,15.8,23.0,210.0,29.0,384.0,9.6,7.3,0.2,,1021.9,0.9,1.1,275,Mace Head
2020-11-23,22.6,30.0,200.0,38.0,50.0,11.7,9.2,4.0,,1013.8,1.0,1.5,275,Mace Head
2020-11-24,12.2,21.0,310.0,27.0,94.0,10.8,5.9,14.8,,1003.7,0.5,0.7,275,Mace Head
2020-11-25,10.3,19.0,330.0,24.0,388.0,10.0,6.0,0.4,,1011.6,0.4,0.4,275,Mace Head
2020-11-26,8.6,16.0,180.0,20.0,206.0,9.3,6.6,0.1,,1018.6,0.6,0.7,275,Mace Head
2020-11-27,12.3,17.0,210.0,25.0,216.0,9.1,3.4,1.1,,1013.9,0.4,0.5,275,Mace Head
2020-11-28,10.5,17.0,70.0,23.0,74.0,8.7,2.3,2.9,,1014.5,0.5,0.6,275,Mace Head
2020-11-29,4.3,13.0,250.0,15.0,138.0,9.9,8.5,0.0,,1022.3,0.3,0.4,275,Mace Head
2020-11-30,15.2,21.0,260.0,25.0,90.0,10.5,9.2,5.0,,1024.8,0.5,0.7,275,Mace Head
2020-12-01,10.3,19.0,280.0,23.0,226.0,10.9,9.1,0.1,,1025.5,0.1,0.2,275,Mace Head
2020-12-02,24.6,34.0,260.0,44.0,251.0,10.1,6.2,1.1,,1011.3,0.5,0.7,275,Mace Head
2020-12-03,12.8,31.0,290.0,37.0,214.0,7.2,2.1,9.2,,991.4,0.5,0.7,275,Mace Head
2020-12-04,24.5,41.0,340.0,59.0,194.0,8.4,3.5,2.9,,989.2,1.0,1.4,275,Mace Head
2020-12-05,22.4,38.0,340.0,57.0,190.0,8.6,6.1,0.5,,998.1,1.0,1.4,275,Mace Head
2020-12-06,6.1,13.0,80.0,16.0,290.0,8.4,3.1,1.2,,1000.0,0.2,0.3,275,Mace Head
2020-12-07,5.8,13.0,70.0,17.0,345.0,6.0,0.2,0.0,,999.5,0.1,0.1,275,Mace Head
2020-12-08,12.7,22.0,330.0,31.0,343.0,8.6,4.4,1.9,,1005.0,0.4,0.4,275,Mace Head
2020-12-09,14.3,23.0,310.0,30.0,63.0,10.0,7.2,18.5,,997.4,0.6,0.8,275,Mace Head
2020-12-10,16.2,24.0,210.0,32.0,77.0,10.7,8.1,9.0,,985.3,0.4,0.6,275,Mace Head
2020-12-11,17.3,27.0,280.0,33.0,218.0,9.9,7.1,1.6,,984.4,0.6,0.7,275,Mace Head
2020-12-12,18.6,27.0,270.0,35.0,212.0,8.8,6.6,6.1,,995.3,0.9,1.1,275,Mace Head
2020-12-13,19.1,28.0,130.0,38.0,153.0,10.8,7.4,11.3,,981.7,0.3,0.5,275,Mace Head
2020-12-14,22.6,27.0,210.0,36.0,238.0,9.9,7.6,2.1,,980.5,0.7,0.8,275,Mace Head
2020-12-15,17.9,29.0,190.0,36.0,168.0,9.1,5.8,15.1,,987.7,0.7,0.9,275,Mace Head
2020-12-16,18.3,28.0,270.0,34.0,205.0,9.7,6.8,5.0,,987.7,0.3,0.4,275,Mace Head
2020-12-17,18.5,27.0,200.0,34.0,96.0,11.0,8.1,2.5,,996.6,0.6,0.8,275,Mace Head
2020-12-18,17.9,32.0,170.0,40.0,248.0,11.1,8.7,4.1,,989.2,0.3,0.3,275,Mace Head
2020-12-19,21.4,28.0,220.0,38.0,101.0,9.6,5.9,10.9,,987.9,0.7,1.0,275,Mace Head
2020-12-20,21.2,31.0,240.0,45.0,266.0,9.2,6.1,1.4,,998.9,1.0,1.2,275,Mace Head
2020-12-21,9.5,18.0,340.0,24.0,108.0,8.3,4.5,5.5,,1000.5,0.6,0.7,275,Mace Head
2020-12-22,5.4,10.0,60.0,13.0,117.0,6.8,4.1,0.2,,1007.1,0.4,0.5,275,Mace Head
2020-12-23,15.2,24.0,350.0,31.0,254.0,8.1,4.3,0.0,,1016.7,0.6,0.7,275,Mace Head
2020-12-24,9.8,19.0,340.0,27.0,281.0,7.2,3.3,0.5,,1030.8,0.5,0.5,275,Mace Head
2020-12-25,15.6,27.0,280.0,34.0,151.0,9.4,4.3,0.1,,1028.3,0.4,0.5,275,Mace Head
2020-12-26,32.0,46.0,260.0,66.0,36.0,9.5,5.7,8.5,,999.6,0.8,1.4,275,Mace Head
2020-12-27,29.8,39.0,300.0,52.0,135.0,8.3,3.6,4.2,,972.6,1.0,1.6,275,Mace Head
2020-12-28,28.7,46.0,320.0,65.0,227.0,8.6,4.4,2.3,,979.5,1.0,1.5,275,Mace Head
2020-12-29,21.2,37.0,330.0,56.0,275.0,6.9,3.3,0.3,,996.9,1.0,1.3,275,Mace Head
2020-12-30,6.0,15.0,330.0,19.0,265.0,5.7,2.4,0.5,,1003.8,0.2,0.3,275,Mace Head
2020-12-31,14.8,26.0,340.0,35.0,257.0,6.9,2.8,2.5,,1010.4,0.6,0.7,275,Mace Head
2021-01-01,10.6,19.0,340.0,25.0,334.0,6.8,1.8,0.0,,1017.5,0.4,0.4,275,Mace Head
2021-01-02,8.1,17.0,300.0,23.0,262.0,7.6,1.9,0.6,,1021.5,0.4,0.4,275,Mace Head
2021-01-03,5.9,12.0,30.0,15.0,365.0,5.8,0.3,0.0,,1023.7,0.2,0.3,275,Mace Head
2021-01-04,10.5,14.0,40.0,18.0,370.0,4.6,0.4,0.0,,1026.1,0.3,0.3,275,Mace Head
2021-01-05,8.1,12.0,40.0,15.0,369.0,5.4,1.2,0.0,,1027.5,0.5,0.5,275,Mace Head
2021-01-06,4.4,12.0,200.0,14.0,261.0,5.4,0.1,0.3,,1022.5,0.2,0.2,275,Mace Head
2021-01-07,8.7,20.0,350.0,32.0,324.0,6.6,2.6,3.1,,1019.2,0.3,0.3,275,Mace Head
2021-01-08,4.9,11.0,0.0,16.0,316.0,4.9,0.3,0.0,,1022.7,0.2,0.3,275,Mace Head
2021-01-09,8.7,17.0,230.0,21.0,190.0,7.0,1.2,0.3,,1023.9,0.3,0.4,275,Mace Head
2021-01-10,14.4,22.0,250.0,28.0,159.0,8.2,6.6,0.2,,1021.1,0.5,0.7,275,Mace Head
2021-01-11,24.7,29.0,250.0,35.0,91.0,9.7,7.8,0.4,,1012.7,0.5,0.8,275,Mace Head
2021-01-12,15.5,25.0,260.0,30.0,88.0,9.7,8.9,9.6,,1011.4,0.2,0.4,275,Mace Head
2021-01-13,16.1,22.0,220.0,27.0,98.0,10.1,7.9,2.1,,1012.5,0.2,0.3,275,Mace Head
2021-01-14,9.1,18.0,300.0,23.0,334.0,8.7,4.2,0.7,,1019.6,0.1,0.1,275,Mace Head
2021-01-15,17.7,26.0,180.0,34.0,75.0,10.4,4.1,14.6,,1015.1,0.3,0.5,275,Mace Head
2021-01-16,23.3,32.0,280.0,40.0,264.0,9.0,5.7,0.9,,1014.0,0.6,0.9,275,Mace Head
2021-01-17,15.5,22.0,300.0,28.0,203.0,8.5,6.6,1.3,,1022.5,0.9,1.2,275,Mace Head
2021-01-18,9.7,18.0,240.0,23.0,118.0,8.9,6.9,11.9,,1010.8,0.6,0.7,275,Mace Head
2021-01-19,14.1,23.0,210.0,29.0,121.0,9.8,6.2,17.7,,991.9,0.2,0.4,275,Mace Head
2021-01-20,8.7,24.0,300.0,31.0,420.0,7.0,2.2,1.1,,980.6,0.2,0.3,275,Mace Head
2021-01-21,10.3,23.0,310.0,34.0,211.0,6.4,3.2,4.4,,982.7,0.6,0.7,275,Mace Head
2021-01-22,7.8,23.0,320.0,30.0,371.0,5.8,1.7,1.2,,990.7,0.4,0.5,275,Mace Head
2021-01-23,7.5,19.0,180.0,25.0,240.0,5.2,-0.1,9.5,,992.6,0.5,0.6,275,Mace Head
2021-01-24,8.5,24.0,260.0,33.0,300.0,4.9,-0.1,1.6,,996.5,0.4,0.6,275,Mace Head
2021-01-25,11.9,20.0,190.0,26.0,369.0,7.5,-0.3,1.8,,1006.3,0.5,0.6,275,Mace Head
2021-01-26,11.4,22.0,120.0,30.0,138.0,9.5,5.4,7.5,,1003.4,0.4,0.5,275,Mace Head
2021-01-27,9.3,23.0,200.0,28.0,102.0,10.1,7.6,11.6,,999.9,0.3,0.4,275,Mace Head
2021-01-28,17.8,23.0,210.0,30.0,181.0,10.1,8.2,3.7,,990.2,0.3,0.5,275,Mace Head
2021-01-29,13.4,28.0,280.0,34.0,523.0,9.9,6.6,0.6,,993.0,0.5,0.6,275,Mace Head
2021-01-30,21.6,30.0,50.0,39.0,348.0,6.7,4.0,12.7,,991.8,0.5,0.8,275,Mace Head
2021-01-31,17.2,24.0,120.0,33.0,151.0,6.1,4.0,12.0,,989.7,0.4,0.7,275,Mace Head
2021-02-01,10.7,17.0,120.0,23.0,153.0,9.0,4.8,9.2,,985.9,0.3,0.5,275,Mace Head
2021-02-02,13.8,24.0,240.0,32.0,222.0,9.4,7.2,6.9,,979.1,0.3,0.5,275,Mace Head
2021-02-03,15.9,25.0,250.0,31.0,249.0,8.3,6.9,2.2,,986.0,0.5,0.7,275,Mace Head
2021-02-04,8.5,16.0,340.0,22.0,356.0,8.9,5.2,0.0,,996.7,0.5,0.7,275,Mace Head
2021-02-05,14.8,23.0,330.0,32.0,477.0,7.6,5.0,0.4,,1004.7,0.6,0.8,275,Mace Head
2021-02-06,8.0,14.0,70.0,19.0,433.0,7.2,3.0,0.0,,1008.1,0.6,0.8,275,Mace Head
2021-02-07,18.9,27.0,90.0,37.0,270.0,5.4,1.9,0.0,,1005.2,0.9,1.4,275,Mace Head
2021-02-08,20.0,27.0,90.0,36.0,337.0,3.5,0.3,0.0,,1004.4,1.3,1.9,275,Mace Head
2021-02-09,18.8,25.0,70.0,34.0,706.0,3.3,-0.3,0.0,,1006.3,1.0,1.5,275,Mace Head
2021-02-10,16.0,22.0,100.0,30.0,640.0,3.4,-0.9,0.0,,1013.3,1.1,1.6,275,Mace Head
2021-02-11,23.2,30.0,100.0,42.0,112.0,2.2,-0.5,8.4,,1013.0,0.8,1.3,275,Mace Head
2021-02-12,24.8,35.0,130.0,48.0,165.0,5.5,1.4,5.0,,1012.3,0.6,1.1,275,Mace Head
2021-02-13,25.7,34.0,110.0,47.0,398.0,9.6,3.2,8.7,,1005.6,0.6,1.0,275,Mace Head
2021-02-14,24.2,45.0,200.0,61.0,588.0,11.3,9.1,4.5,,995.2,0.8,1.3,275,Mace Head
2021-02-15,19.5,39.0,170.0,54.0,600.0,10.4,7.7,4.9,,995.4,0.7,1.2,275,Mace Head
2021-02-16,21.7,44.0,200.0,55.0,831.0,10.0,7.6,1.6,,991.7,0.9,1.4,275,Mace Head
2021-02-17,20.3,36.0,230.0,50.0,518.0,8.6,4.2,7.7,,989.0,1.0,1.5,275,Mace Head
2021-02-18,20.6,27.0,140.0,38.0,692.0,8.3,5.4,3.6,,988.5,1.1,1.6,275,Mace Head
2021-02-19,21.8,33.0,150.0,43.0,505.0,10.6,6.8,9.1,,982.1,0.6,1.1,275,Mace Head
2021-02-20,20.2,38.0,190.0,50.0,340.0,10.3,6.2,6.3,,978.6,0.7,1.1,275,Mace Head
2021-02-21,19.1,31.0,210.0,38.0,915.0,9.4,6.8,0.3,,994.2,1.1,1.7,275,Mace Head
2021-02-22,19.9,31.0,130.0,42.0,744.0,10.1,6.6,1.7,,1000.7,1.1,1.7,275,Mace Head
2021-02-23,22.5,38.0,180.0,49.0,458.0,11.3,8.6,16.8,,992.8,0.6,1.1,275,Mace Head
2021-02-24,19.1,32.0,190.0,40.0,515.0,10.2,6.8,0.2,,1006.2,1.0,1.6,275,Mace Head
2021-02-25,14.6,26.0,240.0,36.0,1012.0,9.5,5.5,0.9,,1020.9,1.0,1.5,275,Mace Head
2021-02-26,16.3,22.0,190.0,29.0,878.0,10.6,7.6,0.1,,1030.6,1.0,1.6,275,Mace Head
2021-02-27,10.8,20.0,180.0,24.0,506.0,9.4,7.9,1.7,,1035.0,0.5,0.9,275,Mace Head
2021-02-28,5.8,11.0,90.0,13.0,1180.0,10.4,4.3,0.0,,1033.0,0.9,1.3,275,Mace Head
2021-03-01,9.0,17.0,80.0,21.0,1177.0,10.6,2.8,0.0,,1027.2,1.2,1.7,275,Mace Head
2021-03-02,7.5,14.0,100.0,18.0,760.0,8.7,3.0,0.0,,1025.4,0.9,1.3,275,Mace Head
2021-03-03,5.6,10.0,90.0,13.0,371.0,6.4,2.1,0.0,,1025.7,0.6,0.8,275,Mace Head
2021-03-04,6.4,12.0,80.0,16.0,854.0,7.5,1.5,0.0,,1025.8,0.8,1.2,275,Mace Head
2021-03-05,11.2,18.0,140.0,23.0,733.0,9.2,1.6,0.0,,1028.5,1.1,1.6,275,Mace Head
2021-03-06,9.3,19.0,150.0,25.0,778.0,8.6,2.4,0.0,,1028.6,1.0,1.4,275,Mace Head
2021-03-07,8.8,12.0,200.0,14.0,137.0,8.1,5.8,1.6,,1024.9,0.6,0.8,275,Mace Head
2021-03-08,14.2,25.0,200.0,32.0,357.0,8.8,7.4,1.8,,1019.2,0.7,1.1,275,Mace Head
2021-03-09,21.3,36.0,190.0,47.0,162.0,9.4,7.5,5.5,,1005.9,0.4,0.8,275,Mace Head
2021-03-10,24.9,44.0,240.0,56.0,401.0,10.9,6.7,13.4,,983.8,0.9,1.6,275,Mace Head
2021-03-11,28.7,37.0,290.0,49.0,866.0,9.2,4.3,3.9,,983.3,0.9,1.9,275,Mace Head
2021-03-12,27.7,37.0,260.0,52.0,918.0,8.6,4.2,4.9,,987.5,1.3,2.4,275,Mace Head
2021-03-13,29.9,40.0,290.0,50.0,1132.0,8.6,3.8,2.2,,995.8,1.8,3.3,275,Mace Head
2021-03-14,20.8,28.0,290.0,35.0,611.0,10.3,6.1,0.7,,1014.4,1.1,1.9,275,Mace Head
2021-03-15,9.9,15.0,250.0,17.0,658.0,10.1,8.5,1.2,,1022.5,0.7,1.1,275,Mace Head
2021-03-16,7.8,16.0,260.0,19.0,1454.0,12.6,6.2,0.5,,1031.1,1.3,2.0,275,Mace Head
2021-03-17,7.2,16.0,300.0,18.0,1089.0,10.9,4.0,0.1,,1035.7,1.0,1.5,275,Mace Head
2021-03-18,7.8,15.0,350.0,19.0,995.0,11.9,6.7,0.1,,1033.5,1.0,1.5,275,Mace Head
2021-03-19,5.5,12.0,0.0,17.0,1604.0,12.0,6.5,0.3,,1031.2,1.3,2.0,275,Mace Head
2021-03-20,6.9,16.0,290.0,19.0,1036.0,10.4,4.3,0.2,,1032.4,0.9,1.4,275,Mace Head
2021-03-21,6.5,14.0,210.0,18.0,473.0,9.9,6.2,0.0,,1029.3,0.8,1.1,275,Mace Head
2021-03-22,13.5,19.0,190.0,25.0,769.0,10.5,7.5,0.1,,1021.0,1.1,1.8,275,Mace Head
2021-03-23,19.3,31.0,190.0,39.0,937.0,10.4,7.0,1.4,,1012.2,1.2,2.2,275,Mace Head
2021-03-24,16.9,28.0,210.0,36.0,857.0,10.3,6.9,4.8,,1011.4,1.3,2.1,275,Mace Head
2021-03-25,19.4,26.0,210.0,33.0,1276.0,10.8,6.3,2.9,,1003.5,1.0,2.1,275,Mace Head
2021-03-26,27.3,40.0,280.0,53.0,916.0,7.9,3.0,3.2,,1002.5,1.3,2.6,275,Mace Head
2021-03-27,25.1,36.0,210.0,43.0,536.0,10.2,5.4,1.8,,1006.2,1.4,2.4,275,Mace Head
2021-03-28,24.0,32.0,210.0,41.0,388.0,11.0,8.3,11.4,,1004.1,0.5,1.0,275,Mace Head
2021-03-29,23.1,28.0,200.0,36.0,595.0,11.1,10.1,0.0,,1012.5,0.7,1.4,275,Mace Head
2021-03-30,15.1,20.0,180.0,25.0,793.0,10.4,8.5,0.1,,1019.0,0.7,1.4,275,Mace Head
2021-03-31,7.0,16.0,200.0,21.0,434.0,9.8,8.0,7.3,,1016.6,0.7,1.0,275,Mace Head
2021-04-01,17.3,28.0,80.0,36.0,1629.0,14.4,7.5,0.1,,1021.9,2.0,3.4,275,Mace Head
2021-04-02,12.6,22.0,70.0,29.0,1978.0,15.5,5.0,0.0,,1029.4,2.8,4.1,275,Mace Head
2021-04-03,8.0,14.0,60.0,19.0,2003.0,12.5,3.8,0.0,,1031.6,2.1,3.2,275,Mace Head
2021-04-04,11.6,22.0,300.0,27.0,880.0,9.6,5.0,0.0,,1025.8,1.1,1.8,275,Mace Head
2021-04-05,15.3,24.0,340.0,31.0,1416.0,8.4,3.4,0.0,,1025.3,1.6,2.7,275,Mace Head
2021-04-06,14.9,27.0,350.0,32.0,1935.0,8.8,2.2,0.7,,1026.7,1.8,3.3,275,Mace Head
2021-04-07,12.1,20.0,270.0,25.0,1485.0,10.4,4.7,0.9,,1022.9,1.5,2.6,275,Mace Head
2021-04-08,17.8,25.0,250.0,31.0,1382.0,10.5,6.1,0.4,,1015.7,1.7,2.9,275,Mace Head
2021-04-09,8.7,16.0,40.0,24.0,1376.0,10.8,1.6,0.4,,1013.5,2.0,2.9,275,Mace Head
2021-04-10,10.0,23.0,320.0,31.0,1824.0,8.0,0.3,0.3,,1017.8,1.9,3.0,275,Mace Head
2021-04-11,10.9,23.0,270.0,29.0,1906.0,9.5,0.4,0.6,,1022.2,1.9,3.1,275,Mace Head
2021-04-12,9.0,20.0,270.0,25.0,1907.0,10.3,5.2,2.8,,1026.9,1.9,3.1,275,Mace Head
2021-04-13,6.1,13.0,50.0,16.0,2233.0,11.4,3.6,0.0,,1029.5,2.1,3.2,275,Mace Head
2021-04-14,7.2,14.0,70.0,18.0,2263.0,13.9,3.9,0.0,,1029.4,2.5,3.7,275,Mace Head
2021-04-15,10.6,17.0,160.0,21.0,2271.0,13.4,6.0,0.0,,1027.5,2.6,4.0,275,Mace Head
2021-04-16,13.2,17.0,160.0,22.0,803.0,10.3,7.7,0.2,,1024.7,1.7,2.5,275,Mace Head
2021-04-17,17.1,21.0,180.0,29.0,717.0,11.3,8.2,6.1,,1021.5,1.5,2.3,275,Mace Head
2021-04-18,12.6,21.0,180.0,27.0,418.0,10.1,8.5,6.1,,1017.9,0.6,1.1,275,Mace Head
2021-04-19,11.0,15.0,150.0,20.0,556.0,10.0,8.1,7.8,,1015.1,0.8,1.3,275,Mace Head
2021-04-20,7.8,16.0,70.0,20.0,702.0,12.5,7.8,0.4,,1016.2,1.3,1.8,275,Mace Head
2021-04-21,10.8,21.0,70.0,27.0,2287.0,16.6,5.6,0.0,,1018.1,3.2,4.7,275,Mace Head
2021-04-22,11.1,17.0,110.0,21.0,2334.0,16.2,7.5,0.0,,1020.3,3.1,4.7,275,Mace Head
2021-04-23,13.5,20.0,100.0,25.0,1785.0,17.0,7.3,0.0,,1019.9,3.4,4.9,275,Mace Head
2021-04-24,12.7,18.0,80.0,23.0,2407.0,18.9,9.2,0.0,,1022.0,4.6,6.3,275,Mace Head
2021-04-25,12.1,17.0,80.0,23.0,2484.0,18.6,7.3,0.0,,1024.5,4.0,5.8,275,Mace Head
2021-04-26,9.5,18.0,330.0,23.0,2518.0,13.6,5.2,0.0,,1019.8,2.8,4.4,275,Mace Head
2021-04-27,15.1,22.0,340.0,30.0,1868.0,13.1,8.5,0.6,,1012.4,2.6,4.2,275,Mace Head
2021-04-28,11.3,20.0,340.0,26.0,2465.0,14.8,6.0,0.0,,1012.1,3.5,5.2,275,Mace Head
2021-04-29,7.3,16.0,330.0,23.0,2135.0,12.7,4.7,1.4,,1012.8,2.7,3.9,275,Mace Head
2021-04-30,8.1,16.0,340.0,19.0,1731.0,12.9,3.6,0.0,,1014.6,2.4,3.5,275,Mace Head
2021-05-01,7.1,18.0,350.0,23.0,2609.0,12.3,3.8,0.0,,1016.4,2.9,4.4,275,Mace Head
2021-05-02,8.2,24.0,200.0,32.0,1710.0,10.9,3.5,2.8,,1015.1,2.0,3.1,275,Mace Head
2021-05-03,30.5,43.0,260.0,56.0,1279.0,10.9,7.9,12.2,,998.6,1.3,3.0,275,Mace Head
2021-05-04,22.5,31.0,310.0,40.0,2522.0,10.2,5.5,0.5,,1006.3,2.6,5.2,275,Mace Head
2021-05-05,11.2,19.0,300.0,24.0,2526.0,11.3,2.2,0.0,,1009.3,2.8,4.5,275,Mace Head
2021-05-06,8.6,20.0,0.0,25.0,2537.0,11.9,1.2,0.0,,1010.3,3.0,4.5,275,Mace Head
2021-05-07,12.0,29.0,90.0,40.0,2228.0,12.7,2.2,3.5,,1004.8,2.8,4.5,275,Mace Head
2021-05-08,17.6,29.0,90.0,41.0,2301.0,13.6,5.7,14.6,,988.5,2.0,4.1,275,Mace Head
2021-05-09,19.1,29.0,180.0,37.0,1514.0,12.4,9.8,7.0,,978.5,1.6,3.1,275,Mace Head
2021-05-10,15.3,25.0,190.0,33.0,1983.0,12.8,9.3,0.8,,985.5,1.9,3.6,275,Mace Head
2021-05-11,17.3,27.0,180.0,34.0,831.0,10.6,8.4,8.9,,995.3,1.3,2.2,275,Mace Head
2021-05-12,9.8,17.0,340.0,22.0,2216.0,15.3,7.1,8.2,,1003.5,2.9,4.4,275,Mace Head
2021-05-13,11.4,17.0,290.0,21.0,2435.0,13.4,8.4,0.0,,1008.3,2.8,4.6,275,Mace Head
2021-05-14,7.8,19.0,110.0,29.0,1811.0,13.0,7.1,3.2,,1002.1,2.3,3.4,275,Mace Head
2021-05-15,10.4,20.0,90.0,26.0,2286.0,13.6,7.4,1.0,,993.0,2.4,4.0,275,Mace Head
2021-05-16,7.4,18.0,340.0,24.0,1662.0,15.0,8.5,2.2,,996.5,2.4,3.5,275,Mace Head
2021-05-17,10.3,18.0,250.0,26.0,2053.0,12.5,7.9,0.7,,1004.7,2.4,3.9,275,Mace Head
2021-05-18,10.0,18.0,250.0,21.0,2227.0,12.6,8.6,2.0,,1010.2,2.7,4.3,275,Mace Head
2021-05-19,10.2,17.0,110.0,24.0,2567.0,14.1,9.6,0.0,,1012.6,3.3,5.0,275,Mace Head
2021-05-20,21.6,32.0,110.0,45.0,900.0,13.1,8.3,9.8,,993.7,1.1,2.2,275,Mace Head
2021-05-21,18.5,24.0,320.0,33.0,1097.0,11.4,7.6,1.0,,996.3,1.7,2.9,275,Mace Head
2021-05-22,13.0,27.0,220.0,34.0,2712.0,11.4,6.6,0.9,,1002.8,3.1,5.2,275,Mace Head
2021-05-23,13.7,28.0,210.0,36.0,2196.0,11.7,5.9,15.7,,994.9,2.3,4.0,275,Mace Head
2021-05-24,19.2,30.0,300.0,40.0,1668.0,12.0,5.8,3.1,,1004.0,1.9,3.6,275,Mace Head
2021-05-25,11.2,19.0,290.0,23.0,2376.0,13.5,8.0,1.6,,1015.1,2.7,4.4,275,Mace Head
2021-05-26,4.1,8.0,280.0,10.0,2689.0,13.6,5.9,0.0,,1015.1,3.2,4.5,275,Mace Head
2021-05-27,11.5,16.0,120.0,21.0,736.0,12.4,8.4,6.3,,1014.8,1.1,1.8,275,Mace Head
2021-05-28,5.0,9.0,320.0,11.0,3077.0,13.7,5.9,0.0,,1018.7,3.4,5.0,275,Mace Head
2021-05-29,5.0,8.0,140.0,11.0,2284.0,14.9,8.3,0.0,,1022.9,2.8,4.1,275,Mace Head
2021-05-30,5.4,10.0,140.0,13.0,2980.0,17.5,8.3,0.0,,1022.1,3.7,5.3,275,Mace Head
2021-05-31,10.0,21.0,220.0,25.0,1586.0,17.9,10.5,0.8,,1013.7,2.5,3.7,275,Mace Head
2021-06-01,8.5,17.0,340.0,22.0,611.0,11.7,9.4,3.0,,1011.2,1.3,1.9,275,Mace Head
2021-06-02,5.1,13.0,70.0,17.0,688.0,17.6,10.5,2.3,,1009.1,1.5,2.0,275,Mace Head
2021-06-03,13.0,27.0,210.0,33.0,1449.0,15.5,10.4,5.9,,1010.6,1.9,3.2,275,Mace Head
2021-06-04,11.9,19.0,200.0,23.0,1024.0,14.6,11.5,1.0,,1015.8,1.6,2.5,275,Mace Head
2021-06-05,8.5,12.0,280.0,15.0,1373.0,14.5,10.4,0.0,,1020.4,2.2,3.2,275,Mace Head
2021-06-06,6.5,10.0,180.0,12.0,2792.0,14.2,10.0,0.0,,1021.8,3.6,5.2,275,Mace Head
2021-06-07,14.0,21.0,170.0,27.0,1263.0,14.5,11.5,0.5,,1017.1,2.0,3.2,275,Mace Head
2021-06-08,12.3,18.0,160.0,22.0,931.0,17.1,12.6,3.1,,1013.5,1.6,2.5,275,Mace Head
2021-06-09,15.9,20.0,180.0,26.0,1044.0,14.5,13.0,2.9,,1011.5,1.2,2.2,275,Mace Head
2021-06-10,18.8,23.0,200.0,27.0,1350.0,15.4,13.1,0.4,,1010.1,1.5,2.9,275,Mace Head
2021-06-11,13.1,20.0,220.0,24.0,2397.0,15.3,11.1,0.0,,1014.8,2.6,4.6,275,Mace Head
2021-06-12,11.0,14.0,270.0,17.0,941.0,14.4,12.0,0.0,,1022.0,1.6,2.4,275,Mace Head
2021-06-13,12.8,17.0,190.0,22.0,1029.0,14.5,11.4,0.5,,1021.5,1.3,2.2,275,Mace Head
2021-06-14,12.7,18.0,270.0,21.0,2075.0,14.6,11.0,0.0,,1020.9,2.7,4.4,275,Mace Head
2021-06-15,15.3,23.0,200.0,29.0,567.0,14.3,11.1,6.2,,1013.9,1.1,1.8,275,Mace Head
2021-06-16,15.2,22.0,220.0,28.0,2286.0,14.9,11.4,0.6,,1006.9,2.8,4.8,275,Mace Head
2021-06-17,14.3,20.0,300.0,24.0,2978.0,14.6,9.8,0.2,,1013.8,3.5,6.0,275,Mace Head
2021-06-18,6.1,12.0,330.0,15.0,2306.0,13.3,6.6,0.0,,1016.6,3.0,4.3,275,Mace Head
2021-06-19,9.1,15.0,140.0,19.0,1562.0,16.1,9.1,0.0,,1009.2,2.7,3.8,275,Mace Head
2021-06-20,9.9,20.0,30.0,25.0,1559.0,19.0,10.8,0.0,,1009.7,2.9,4.1,275,Mace Head
2021-06-21,13.7,20.0,320.0,28.0,3030.0,16.8,9.8,0.0,,1018.2,4.4,6.8,275,Mace Head
2021-06-22,8.2,15.0,260.0,17.0,1104.0,13.3,7.5,2.7,,1023.2,1.5,2.3,275,Mace Head
2021-06-23,9.8,14.0,260.0,17.0,2009.0,15.6,12.5,0.0,,1022.9,2.6,4.1,275,Mace Head
2021-06-24,12.9,19.0,260.0,23.0,701.0,14.7,10.7,2.7,,1021.5,1.1,1.8,275,Mace Head
2021-06-25,10.7,19.0,350.0,25.0,1490.0,15.4,8.9,0.0,,1021.3,2.6,3.8,275,Mace Head
2021-06-26,10.2,16.0,350.0,21.0,2219.0,18.5,7.7,0.0,,1020.1,3.4,5.0,275,Mace Head
2021-06-27,8.5,19.0,340.0,24.0,2541.0,18.4,9.8,0.0,,1018.7,3.6,5.3,275,Mace Head
2021-06-28,8.4,20.0,330.0,24.0,3048.0,18.2,10.1,0.0,,1017.3,4.0,5.9,275,Mace Head
2021-06-29,9.9,22.0,310.0,26.0,2903.0,18.6,11.7,0.0,,1017.8,3.8,5.9,275,Mace Head
2021-06-30,5.1,12.0,270.0,14.0,2291.0,15.8,11.0,0.0,,1016.6,3.0,4.3,275,Mace Head
2021-07-01,5.7,11.0,240.0,13.0,951.0,14.9,12.1,0.0,,1015.8,1.7,2.3,275,Mace Head
2021-07-02,7.5,14.0,110.0,19.0,1376.0,19.0,12.4,1.6,,1010.5,2.5,3.4,275,Mace Head
2021-07-03,8.9,16.0,100.0,21.0,1238.0,17.1,13.4,0.6,,1003.2,1.9,2.8,275,Mace Head
2021-07-04,11.0,15.0,250.0,18.0,1125.0,15.8,13.2,1.8,,999.9,1.9,2.8,275,Mace Head
2021-07-05,11.5,17.0,300.0,21.0,2293.0,17.3,12.6,1.3,,997.9,3.2,5.0,275,Mace Head
2021-07-06,18.1,22.0,300.0,28.0,647.0,14.9,12.4,7.2,,997.8,1.0,1.8,275,Mace Head
2021-07-07,12.5,17.0,320.0,21.0,1300.0,16.4,12.3,0.3,,1009.0,1.8,3.0,275,Mace Head
2021-07-08,5.5,12.0,290.0,13.0,1629.0,16.3,11.9,0.0,,1017.1,2.5,3.4,275,Mace Head
2021-07-09,7.6,12.0,120.0,16.0,1171.0,17.2,12.5,0.0,,1015.4,1.9,2.7,275,Mace Head
2021-07-10,6.0,9.0,180.0,11.0,2206.0,18.8,13.9,0.7,,1010.8,3.1,4.4,275,Mace Head
2021-07-11,8.3,13.0,160.0,19.0,2369.0,17.7,13.3,3.7,,1007.6,3.3,4.9,275,Mace Head
2021-07-12,10.3,19.0,290.0,22.0,2495.0,18.5,12.4,0.0,,1012.3,3.1,4.9,275,Mace Head
2021-07-13,7.3,13.0,280.0,16.0,2035.0,17.3,13.4,0.1,,1017.1,2.9,4.2,275,Mace Head
2021-07-14,7.9,13.0,260.0,16.0,812.0,16.2,13.4,0.0,,1021.0,1.4,2.0,275,Mace Head
2021-07-15,5.8,11.0,280.0,13.0,1622.0,16.8,13.9,0.2,,1024.8,2.2,3.2,275,Mace Head
2021-07-16,5.0,9.0,270.0,12.0,2518.0,17.3,13.3,0.1,,1027.4,3.3,4.6,275,Mace Head
2021-07-17,5.2,11.0,290.0,14.0,2844.0,23.2,14.2,0.0,,1026.8,4.4,5.9,275,Mace Head
2021-07-18,5.1,13.0,290.0,16.0,2780.0,23.2,15.0,0.0,,1022.8,4.3,5.8,275,Mace Head
2021-07-19,4.8,11.0,280.0,12.0,2783.0,22.5,15.5,0.0,,1018.5,4.2,5.6,275,Mace Head
2021-07-20,5.6,11.0,150.0,12.0,2595.0,21.7,15.5,0.0,,1017.5,3.8,5.2,275,Mace Head
2021-07-21,7.1,13.0,110.0,17.0,2421.0,28.4,15.2,0.0,,1018.8,4.5,6.0,275,Mace Head
2021-07-22,7.7,11.0,110.0,14.0,1998.0,28.4,19.5,0.0,,1017.2,4.5,5.7,275,Mace Head
2021-07-23,7.6,15.0,80.0,27.0,1623.0,28.3,17.4,33.2,,1012.8,3.8,4.8,275,Mace Head
2021-07-24,6.7,13.0,290.0,15.0,2670.0,22.2,17.0,0.0,,1008.6,4.0,5.6,275,Mace Head
2021-07-25,8.4,18.0,300.0,21.0,2699.0,20.6,15.4,0.0,,1009.0,3.5,5.3,275,Mace Head
2021-07-26,11.2,20.0,310.0,25.0,625.0,17.1,14.2,3.2,,1009.0,1.1,1.8,275,Mace Head
2021-07-27,11.9,19.0,310.0,24.0,1565.0,18.0,14.1,0.0,,1006.3,2.6,3.8,275,Mace Head
2021-07-28,16.7,23.0,290.0,33.0,2499.0,16.6,12.5,6.3,,1004.3,3.1,5.3,275,Mace Head
2021-07-29,11.1,18.0,290.0,25.0,1723.0,16.9,12.4,0.6,,1005.9,2.5,3.8,275,Mace Head
2021-07-30,14.9,21.0,320.0,27.0,1381.0,17.0,13.2,0.1,,1006.2,2.1,3.4,275,Mace Head
2021-07-31,10.6,18.0,340.0,22.0,2184.0,18.6,13.2,0.0,,1009.0,3.1,4.7,275,Mace Head
2021-08-01,11.1,22.0,340.0,28.0,2306.0,17.6,11.8,0.0,,1013.2,3.4,5.1,275,Mace Head
2021-08-02,5.1,15.0,240.0,18.0,850.0,16.0,13.0,7.3,,1013.2,1.5,2.0,275,Mace Head
2021-08-03,5.0,9.0,170.0,11.0,1882.0,17.7,12.6,0.2,,1009.9,2.6,3.6,275,Mace Head
2021-08-04,8.1,17.0,140.0,22.0,1646.0,18.3,14.3,5.9,,1003.5,2.5,3.6,275,Mace Head
2021-08-05,13.2,24.0,280.0,30.0,1535.0,17.9,13.9,13.5,,992.9,1.9,3.2,275,Mace Head
2021-08-06,22.2,30.0,260.0,37.0,684.0,15.2,13.9,6.2,,990.5,0.9,1.8,275,Mace Head
2021-08-07,24.7,29.0,290.0,37.0,583.0,14.7,13.4,1.1,,995.2,0.9,1.8,275,Mace Head
2021-08-08,15.2,25.0,280.0,33.0,1961.0,16.3,13.3,0.0,,1001.3,2.6,4.3,275,Mace Head
2021-08-09,12.7,18.0,270.0,22.0,1567.0,17.5,13.4,1.0,,1007.0,2.1,3.3,275,Mace Head
2021-08-10,6.8,16.0,170.0,20.0,1038.0,17.9,12.3,0.4,,1009.7,1.6,2.3,275,Mace Head
2021-08-11,13.7,24.0,180.0,29.0,2420.0,17.2,13.3,8.6,,1007.5,2.7,4.7,275,Mace Head
2021-08-12,24.0,34.0,170.0,44.0,2099.0,16.9,12.9,1.7,,1005.0,2.6,4.9,275,Mace Head
2021-08-13,19.0,29.0,230.0,37.0,1821.0,16.8,12.9,0.2,,1011.7,2.2,4.0,275,Mace Head
2021-08-14,10.9,20.0,70.0,28.0,542.0,15.1,13.2,8.8,,1011.6,0.9,1.4,275,Mace Head
2021-08-15,13.4,22.0,320.0,27.0,1867.0,17.2,13.8,2.0,,1012.4,2.5,4.0,275,Mace Head
2021-08-16,17.2,21.0,290.0,27.0,1368.0,16.2,12.8,0.0,,1020.2,2.2,3.6,275,Mace Head
2021-08-17,16.0,21.0,290.0,25.0,1001.0,15.6,12.5,0.0,,1021.7,1.6,2.6,275,Mace Head
2021-08-18,7.5,14.0,280.0,17.0,1783.0,16.0,11.7,2.9,,1015.8,2.4,3.5,275,Mace Head
2021-08-19,7.8,13.0,200.0,16.0,1342.0,17.9,11.9,1.2,,1008.5,1.7,2.6,275,Mace Head
2021-08-20,11.0,17.0,170.0,22.0,768.0,17.8,15.4,15.4,,1005.2,1.1,1.8,275,Mace Head
2021-08-21,11.4,19.0,240.0,23.0,1639.0,17.6,14.6,1.8,,1009.9,2.0,3.3,275,Mace Head
2021-08-22,5.3,12.0,270.0,14.0,832.0,17.6,14.5,0.2,,1019.5,1.5,2.0,275,Mace Head
2021-08-23,3.7,7.0,300.0,8.0,1685.0,19.2,15.4,0.1,,1026.3,2.4,3.2,275,Mace Head
2021-08-24,6.9,13.0,70.0,16.0,2198.0,23.4,14.1,0.0,,1027.5,3.3,4.6,275,Mace Head
2021-08-25,7.3,13.0,280.0,15.0,2184.0,22.2,12.9,0.0,,1025.0,3.1,4.4,275,Mace Head
2021-08-26,4.5,8.0,290.0,10.0,2016.0,20.8,15.1,0.0,,1021.9,2.8,3.8,275,Mace Head
2021-08-27,4.9,11.0,290.0,13.0,1945.0,20.0,15.3,0.0,,1022.2,2.6,3.6,275,Mace Head
2021-08-28,6.1,13.0,280.0,16.0,1968.0,18.9,14.1,0.0,,1025.0,2.5,3.6,275,Mace Head
2021-08-29,4.2,10.0,70.0,14.0,429.0,17.0,13.1,0.1,,1025.8,1.0,1.3,275,Mace Head
2021-08-30,8.7,14.0,70.0,19.0,812.0,18.5,12.1,0.0,,1027.2,1.9,2.5,275,Mace Head
2021-08-31,9.1,15.0,80.0,21.0,1013.0,18.3,11.8,0.0,,1030.4,2.1,2.9,275,Mace Head
2021-09-01,8.1,14.0,90.0,18.0,662.0,17.5,11.9,0.0,,1030.9,1.8,2.3,275,Mace Head
2021-09-02,8.9,15.0,80.0,20.0,927.0,17.1,12.7,0.0,,1027.4,1.9,2.5,275,Mace Head
2021-09-03,4.9,10.0,80.0,13.0,819.0,17.1,12.8,0.0,,1020.6,1.8,2.3,275,Mace Head
2021-09-04,7.2,16.0,110.0,20.0,1574.0,19.8,13.4,0.0,,1014.4,2.5,3.4,275,Mace Head
2021-09-05,6.1,16.0,130.0,21.0,757.0,18.4,15.2,1.6,,1014.5,1.4,1.9,275,Mace Head
2021-09-06,8.5,16.0,180.0,20.0,777.0,18.1,14.9,0.6,,1018.3,1.2,1.7,275,Mace Head
2021-09-07,7.1,12.0,140.0,15.0,1481.0,25.6,13.7,0.0,,1014.6,2.6,3.4,275,Mace Head
2021-09-08,8.8,18.0,80.0,25.0,708.0,21.6,16.7,31.6,,1006.8,1.7,2.2,275,Mace Head
2021-09-09,6.4,12.0,350.0,16.0,1091.0,19.3,15.9,4.5,,1002.2,1.5,2.2,275,Mace Head
2021-09-10,13.1,17.0,310.0,21.0,717.0,16.8,14.1,0.2,,1007.9,1.1,1.8,275,Mace Head
2021-09-11,10.4,13.0,300.0,17.0,1256.0,16.6,13.2,0.0,,1015.0,1.9,2.8,275,Mace Head
2021-09-12,6.5,11.0,80.0,15.0,804.0,16.6,9.7,0.0,,1016.4,1.6,2.1,275,Mace Head
2021-09-13,9.4,15.0,90.0,19.0,625.0,18.1,11.1,0.0,,1011.2,1.3,1.8,275,Mace Head
2021-09-14,7.3,14.0,310.0,18.0,971.0,17.8,14.7,6.1,,1009.7,1.3,1.9,275,Mace Head
2021-09-15,8.4,13.0,310.0,17.0,820.0,17.1,13.3,0.0,,1012.9,1.6,2.1,275,Mace Head
2021-09-16,17.3,22.0,180.0,30.0,418.0,17.1,15.3,9.7,,1008.1,1.0,1.5,275,Mace Head
2021-09-17,11.4,21.0,170.0,27.0,1643.0,17.4,13.1,0.9,,1006.7,1.8,2.8,275,Mace Head
2021-09-18,11.9,22.0,160.0,28.0,340.0,15.6,12.5,15.4,,1008.9,1.4,1.8,275,Mace Head
2021-09-19,14.5,21.0,270.0,27.0,1292.0,16.4,13.0,1.6,,1012.9,1.8,2.7,275,Mace Head
2021-09-20,10.5,18.0,270.0,21.0,979.0,17.4,14.4,0.2,,1023.2,1.5,2.2,275,Mace Head
2021-09-21,12.2,18.0,220.0,23.0,720.0,17.2,14.3,0.2,,1026.4,1.4,2.0,275,Mace Head
2021-09-22,18.5,23.0,220.0,30.0,742.0,17.6,13.9,0.2,,1021.8,1.2,1.9,275,Mace Head
2021-09-23,14.7,20.0,270.0,23.0,1279.0,16.8,13.8,0.4,,1016.9,1.5,2.4,275,Mace Head
2021-09-24,15.2,21.0,260.0,25.0,326.0,16.4,15.5,0.5,,1012.7,0.5,0.9,275,Mace Head
2021-09-25,14.6,20.0,170.0,24.0,1080.0,17.6,14.9,0.3,,1005.9,1.3,2.1,275,Mace Head
2021-09-26,15.6,28.0,180.0,34.0,593.0,16.7,11.8,7.2,,998.4,1.5,2.1,275,Mace Head
2021-09-27,21.3,32.0,250.0,38.0,870.0,14.8,10.5,1.2,,1001.1,2.3,3.3,275,Mace Head
2021-09-28,19.4,27.0,270.0,37.0,1061.0,13.6,9.8,2.1,,1008.0,2.0,3.0,275,Mace Head
2021-09-29,20.1,32.0,190.0,42.0,847.0,14.8,8.6,18.8,,1014.3,1.2,2.0,275,Mace Head
2021-09-30,22.6,33.0,210.0,41.0,315.0,15.4,12.9,11.7,,1002.7,0.8,1.3,275,Mace Head
2021-10-01,26.3,40.0,280.0,51.0,1022.0,13.5,8.5,7.0,,1000.7,1.5,2.6,275,Mace Head
2021-10-02,20.2,34.0,260.0,42.0,1128.0,12.4,9.1,7.1,,988.8,1.5,2.4,275,Mace Head
2021-10-03,24.5,34.0,290.0,42.0,975.0,13.6,10.8,5.0,,988.8,1.5,2.5,275,Mace Head
2021-10-04,12.0,24.0,260.0,33.0,800.0,14.0,9.6,3.3,,997.6,1.3,1.8,275,Mace Head
2021-10-05,14.3,20.0,300.0,26.0,1153.0,14.4,9.9,0.6,,1007.1,1.6,2.4,275,Mace Head
2021-10-06,17.2,23.0,210.0,32.0,185.0,15.7,11.4,11.0,,1012.4,0.8,1.2,275,Mace Head
2021-10-07,17.9,24.0,200.0,30.0,198.0,15.9,15.1,13.5,,1012.7,0.4,0.7,275,Mace Head
2021-10-08,12.6,18.0,150.0,25.0,234.0,16.0,14.3,24.0,,1017.6,0.5,0.8,275,Mace Head
2021-10-09,9.4,16.0,150.0,22.0,863.0,15.0,12.7,3.4,,1024.0,0.8,1.3,275,Mace Head
2021-10-10,6.5,12.0,290.0,15.0,1077.0,15.0,9.1,0.2,,1031.1,1.0,1.5,275,Mace Head
2021-10-11,7.4,14.0,270.0,17.0,665.0,14.7,8.2,0.1,,1030.3,0.8,1.2,275,Mace Head
2021-10-12,4.4,9.0,300.0,13.0,509.0,15.0,12.6,0.0,,1027.4,1.1,1.4,275,Mace Head
2021-10-13,7.2,17.0,210.0,21.0,293.0,13.6,11.5,0.0,,1024.1,1.1,1.3,275,Mace Head
2021-10-14,13.6,18.0,220.0,22.0,416.0,15.0,13.0,0.0,,1019.3,1.2,1.5,275,Mace Head
2021-10-15,9.1,14.0,70.0,20.0,498.0,13.2,9.9,0.0,,1017.8,0.8,1.1,275,Mace Head
2021-10-16,14.9,24.0,170.0,30.0,178.0,14.9,10.7,3.7,,1010.4,0.5,0.8,275,Mace Head
2021-10-17,11.1,17.0,230.0,21.0,496.0,14.7,12.4,0.3,,1006.0,0.6,0.9,275,Mace Head
2021-10-18,17.4,24.0,180.0,32.0,428.0,15.8,14.3,7.8,,1000.8,0.6,1.0,275,Mace Head
2021-10-19,20.4,33.0,210.0,41.0,437.0,16.0,11.9,7.8,,997.6,1.2,1.7,275,Mace Head
2021-10-20,14.7,26.0,350.0,35.0,838.0,13.2,9.0,1.0,,997.9,1.4,1.8,275,Mace Head
2021-10-21,15.5,26.0,280.0,33.0,906.0,11.9,7.1,0.5,,1010.1,1.2,1.7,275,Mace Head
2021-10-22,16.9,26.0,270.0,34.0,564.0,13.2,9.5,0.5,,1017.3,1.3,1.7,275,Mace Head
2021-10-23,23.8,33.0,180.0,40.0,134.0,13.7,12.0,18.3,,1008.5,0.8,1.3,275,Mace Head
2021-10-24,21.8,27.0,230.0,35.0,611.0,14.0,10.2,4.5,,1002.7,0.9,1.3,275,Mace Head
2021-10-25,19.9,29.0,250.0,39.0,676.0,13.1,9.8,3.0,,1006.0,1.1,1.6,275,Mace Head
2021-10-26,26.5,33.0,210.0,41.0,233.0,15.4,12.7,6.2,,1002.5,0.7,1.1,275,Mace Head
2021-10-27,15.2,22.0,190.0,28.0,186.0,14.7,12.9,0.5,,998.8,0.6,0.9,275,Mace Head
2021-10-28,12.2,17.0,200.0,20.0,524.0,13.8,11.1,2.3,,993.3,1.0,1.3,275,Mace Head
2021-10-29,12.0,19.0,250.0,29.0,443.0,13.4,8.7,5.7,,987.2,1.2,1.5,275,Mace Head
2021-10-30,15.6,28.0,120.0,36.0,635.0,12.3,8.9,7.2,,982.6,1.0,1.4,275,Mace Head
2021-10-31,22.0,42.0,300.0,54.0,388.0,11.1,8.9,7.2,,979.8,0.9,1.3,275,Mace Head
2021-11-01,19.1,29.0,290.0,37.0,495.0,11.7,8.6,1.3,,990.2,1.4,1.9,275,Mace Head
2021-11-02,11.9,20.0,310.0,28.0,555.0,10.9,7.7,1.9,,999.1,0.7,0.9,275,Mace Head
2021-11-03,14.6,22.0,340.0,28.0,700.0,11.4,7.5,0.0,,1011.8,1.2,1.4,275,Mace Head
2021-11-04,11.7,19.0,320.0,23.0,504.0,10.9,6.8,0.0,,1021.5,0.8,1.0,275,Mace Head
2021-11-05,14.6,23.0,240.0,29.0,274.0,12.0,9.7,0.6,,1024.0,0.8,1.0,275,Mace Head
2021-11-06,24.7,32.0,280.0,43.0,261.0,13.5,10.9,0.6,,1018.2,1.1,1.6,275,Mace Head
2021-11-07,13.0,20.0,300.0,26.0,481.0,12.8,10.3,1.5,,1019.5,0.8,1.0,275,Mace Head
2021-11-08,20.3,27.0,210.0,34.0,169.0,13.9,12.1,11.7,,1013.8,0.3,0.5,275,Mace Head
2021-11-09,13.3,21.0,280.0,26.0,500.0,13.1,10.7,2.4,,1015.0,0.6,0.7,275,Mace Head
2021-11-10,6.7,18.0,260.0,23.0,316.0,11.6,6.9,0.0,,1019.0,0.5,0.6,275,Mace Head
2021-11-11,19.8,36.0,200.0,50.0,195.0,14.1,9.3,8.2,,1007.7,0.8,1.1,275,Mace Head
2021-11-12,24.9,36.0,230.0,47.0,301.0,12.7,10.9,0.9,,1003.3,0.6,0.9,275,Mace Head
2021-11-13,13.0,17.0,200.0,21.0,180.0,13.4,10.8,0.1,,1014.8,0.4,0.6,275,Mace Head
2021-11-14,13.4,19.0,210.0,25.0,180.0,13.9,11.1,1.7,,1019.9,0.3,0.5,275,Mace Head
2021-11-15,9.7,17.0,220.0,21.0,306.0,12.1,8.6,0.2,,1023.6,0.5,0.6,275,Mace Head
2021-11-16,21.2,28.0,220.0,35.0,197.0,12.8,10.7,0.6,,1017.1,1.2,1.5,275,Mace Head
2021-11-17,20.3,25.0,270.0,32.0,175.0,12.7,10.7,0.0,,1020.6,1.0,1.4,275,Mace Head
2021-11-18,18.1,23.0,240.0,28.0,248.0,13.8,12.4,0.0,,1023.4,0.5,0.7,275,Mace Head
2021-11-19,17.1,23.0,240.0,28.0,259.0,12.8,10.9,0.8,,1024.4,0.6,0.8,275,Mace Head
2021-11-20,15.5,22.0,240.0,30.0,241.0,12.3,7.8,0.6,,1022.8,0.6,0.8,275,Mace Head
2021-11-21,8.9,17.0,350.0,22.0,506.0,10.8,3.9,0.0,,1028.0,0.6,0.7,275,Mace Head
2021-11-22,3.4,7.0,20.0,8.0,490.0,10.2,3.8,0.0,,1032.8,0.2,0.3,275,Mace Head
2021-11-23,8.0,16.0,230.0,20.0,214.0,10.4,2.9,0.0,,1030.5,0.5,0.7,275,Mace Head
2021-11-24,17.7,27.0,310.0,35.0,332.0,11.1,5.3,4.4,,1022.9,0.6,0.8,275,Mace Head
2021-11-25,18.8,33.0,280.0,45.0,278.0,10.3,6.5,0.7,,1018.5,1.1,1.3,275,Mace Head
2021-11-26,28.8,37.0,340.0,58.0,349.0,10.8,3.0,4.0,,1006.8,0.8,1.2,275,Mace Head
2021-11-27,18.2,34.0,350.0,45.0,213.0,7.1,4.2,0.4,,1013.2,1.2,1.5,275,Mace Head
2021-11-28,12.5,23.0,310.0,31.0,134.0,10.6,6.0,4.5,,1010.6,0.8,1.0,275,Mace Head
2021-11-29,14.5,21.0,270.0,26.0,353.0,10.9,9.1,0.2,,1013.4,0.2,0.2,275,Mace Head
2021-11-30,21.4,34.0,310.0,48.0,70.0,11.6,8.8,7.9,,1007.4,0.7,1.0,275,Mace Head
2021-12-01,25.2,35.0,310.0,50.0,321.0,9.5,5.6,1.9,,1009.2,1.0,1.4,275,Mace Head
2021-12-02,15.7,25.0,260.0,31.0,187.0,11.4,7.1,5.5,,1010.6,0.6,0.8,275,Mace Head
2021-12-03,14.8,36.0,280.0,47.0,97.0,10.1,6.8,1.4,,1000.5,1.1,1.3,275,Mace Head
2021-12-04,25.2,41.0,290.0,50.0,283.0,8.2,5.0,2.3,,1004.4,1.2,1.7,275,Mace Head
2021-12-05,11.9,23.0,170.0,28.0,338.0,9.7,4.5,5.0,,1011.6,0.3,0.3,275,Mace Head
2021-12-06,23.0,40.0,270.0,53.0,223.0,10.6,3.6,2.3,,1002.3,0.6,0.8,275,Mace Head
2021-12-07,32.7,56.0,310.0,72.0,129.0,8.8,3.8,22.4,,976.5,0.6,1.1,275,Mace Head
2021-12-08,31.3,51.0,320.0,66.0,277.0,8.2,4.1,1.9,,989.4,1.3,2.0,275,Mace Head
2021-12-09,21.7,35.0,290.0,50.0,154.0,10.7,4.2,4.7,,995.4,0.5,0.7,275,Mace Head
2021-12-10,21.4,33.0,290.0,48.0,205.0,9.5,4.6,0.5,,1001.4,0.9,1.1,275,Mace Head
2021-12-11,17.1,23.0,210.0,28.0,95.0,11.7,9.3,1.2,,1005.2,0.5,0.7,275,Mace Head
2021-12-12,18.4,42.0,170.0,57.0,111.0,12.4,7.7,4.5,,1002.4,0.7,1.0,275,Mace Head
2021-12-13,10.8,19.0,260.0,25.0,218.0,9.5,7.6,0.6,,1014.7,0.7,0.8,275,Mace Head
2021-12-14,21.2,24.0,200.0,31.0,178.0,10.6,9.0,0.0,,1017.6,0.7,1.0,275,Mace Head
2021-12-15,18.5,24.0,200.0,30.0,85.0,10.9,10.0,0.0,,1022.3,0.5,0.7,275,Mace Head
2021-12-16,10.2,16.0,200.0,20.0,93.0,10.9,9.0,0.0,,1031.0,0.7,0.8,275,Mace Head
2021-12-17,11.3,16.0,110.0,21.0,145.0,9.3,5.8,0.0,,1034.9,0.4,0.5,275,Mace Head
2021-12-18,11.4,16.0,100.0,22.0,56.0,7.0,5.6,0.0,,1033.9,0.6,0.7,275,Mace Head
2021-12-19,8.5,13.0,70.0,17.0,150.0,6.7,3.4,0.0,,1030.1,0.3,0.4,275,Mace Head
2021-12-20,12.2,18.0,80.0,26.0,57.0,6.0,3.0,0.1,,1023.7,0.4,0.6,275,Mace Head
2021-12-21,14.3,21.0,120.0,29.0,102.0,8.7,5.6,0.3,,1015.7,0.7,0.9,275,Mace Head
2021-12-22,16.5,25.0,110.0,33.0,63.0,11.1,7.3,12.2,,1003.0,0.6,0.8,275,Mace Head
2021-12-23,13.8,25.0,160.0,32.0,214.0,11.4,8.4,1.4,,994.1,0.2,0.3,275,Mace Head
2021-12-24,14.6,21.0,90.0,29.0,209.0,10.7,7.6,12.6,,992.8,0.3,0.3,275,Mace Head
2021-12-25,14.9,21.0,80.0,28.0,127.0,10.3,7.8,10.8,,988.8,0.3,0.4,275,Mace Head
2021-12-26,11.6,19.0,240.0,27.0,262.0,10.5,6.2,1.4,,990.3,0.2,0.2,275,Mace Head
2021-12-27,9.0,14.0,70.0,19.0,210.0,7.8,3.2,0.1,,985.7,0.1,0.1,275,Mace Head
2021-12-28,8.3,17.0,140.0,23.0,155.0,9.6,5.2,4.9,,989.0,0.2,0.2,275,Mace Head
2021-12-29,20.9,38.0,200.0,47.0,208.0,12.4,8.2,5.4,,986.7,0.3,0.4,275,Mace Head
2021-12-30,11.8,24.0,180.0,31.0,66.0,11.7,10.6,11.4,,997.1,0.3,0.4,275,Mace Head
2021-12-31,19.5,28.0,210.0,37.0,125.0,12.5,11.1,0.8,,999.4,0.5,0.7,275,Mace Head
2022-01-01,26.2,42.0,190.0,55.0,201.0,13.2,9.9,1.3,,994.5,0.9,1.2,275,Mace Head
2022-01-02,26.8,35.0,230.0,46.0,271.0,11.1,9.1,1.2,,996.6,0.9,1.2,275,Mace Head
2022-01-03,24.0,35.0,230.0,45.0,167.0,10.6,5.2,1.8,,998.2,1.1,1.5,275,Mace Head
2022-01-04,10.9,22.0,330.0,35.0,296.0,6.6,2.6,0.5,,1008.4,0.7,0.8,275,Mace Head
2022-01-05,9.2,22.0,160.0,30.0,314.0,8.1,1.6,0.0,,1013.1,0.5,0.5,275,Mace Head
2022-01-06,28.9,44.0,250.0,56.0,230.0,10.2,2.7,10.8,,1002.9,0.5,0.8,275,Mace Head
2022-01-07,22.5,41.0,270.0,54.0,174.0,10.1,3.2,2.4,,1003.7,0.8,1.1,275,Mace Head
2022-01-08,28.2,44.0,280.0,55.0,227.0,10.6,3.5,5.2,,995.9,0.4,0.6,275,Mace Head
2022-01-09,17.9,35.0,260.0,49.0,134.0,10.5,5.8,3.2,,998.5,0.7,1.0,275,Mace Head
2022-01-10,16.3,23.0,210.0,28.0,166.0,11.1,8.1,0.2,,1011.0,0.9,1.1,275,Mace Head
2022-01-11,13.3,20.0,260.0,24.0,340.0,10.1,7.7,0.2,,1026.9,0.8,0.8,275,Mace Head
2022-01-12,12.2,16.0,220.0,21.0,280.0,10.4,8.9,0.0,,1035.7,0.7,0.8,275,Mace Head
2022-01-13,11.4,15.0,210.0,21.0,189.0,9.7,8.1,0.0,,1035.9,0.7,0.8,275,Mace Head
2022-01-14,8.6,15.0,140.0,18.0,129.0,8.4,6.6,0.0,,1029.0,0.7,0.9,275,Mace Head
2022-01-15,6.6,11.0,140.0,15.0,138.0,8.7,6.0,0.0,,1019.8,0.5,0.6,275,Mace Head
2022-01-16,7.2,16.0,330.0,22.0,444.0,9.8,2.2,0.1,,1026.5,0.1,0.2,275,Mace Head
2022-01-17,12.7,21.0,130.0,28.0,387.0,8.2,1.4,0.0,,1031.7,0.3,0.4,275,Mace Head
2022-01-18,15.5,22.0,140.0,28.0,182.0,10.6,7.5,5.4,,1026.9,0.5,0.7,275,Mace Head
2022-01-19,13.8,24.0,310.0,30.0,161.0,10.0,7.0,0.1,,1030.3,0.7,0.9,275,Mace Head
2022-01-20,3.9,13.0,350.0,15.0,507.0,8.7,4.8,0.0,,1038.2,0.1,0.2,275,Mace Head
2022-01-21,10.0,16.0,240.0,20.0,221.0,8.9,6.3,0.3,,1037.8,0.6,0.8,275,Mace Head
2022-01-22,13.1,18.0,200.0,22.0,345.0,9.8,7.4,0.1,,1033.5,0.7,0.8,275,Mace Head
2022-01-23,16.2,21.0,180.0,25.0,99.0,8.9,7.6,0.0,,1027.1,1.0,1.4,275,Mace Head
2022-01-24,11.8,18.0,150.0,23.0,389.0,9.9,6.4,0.0,,1026.1,0.6,0.7,275,Mace Head
2022-01-25,6.3,11.0,200.0,14.0,208.0,9.0,5.1,0.0,,1029.5,0.4,0.5,275,Mace Head
2022-01-26,17.3,25.0,200.0,32.0,147.0,10.4,7.7,1.4,,1026.4,0.4,0.6,275,Mace Head
2022-01-27,8.1,17.0,250.0,21.0,481.0,11.0,5.3,0.1,,1026.8,0.2,0.4,275,Mace Head
2022-01-28,14.7,21.0,230.0,26.0,252.0,10.6,7.5,0.3,,1028.0,0.4,0.6,275,Mace Head
2022-01-29,17.2,31.0,260.0,42.0,394.0,11.1,6.0,0.0,,1027.8,0.7,0.9,275,Mace Head
2022-01-30,20.1,33.0,300.0,43.0,225.0,10.2,5.8,2.5,,1026.4,0.7,1.0,275,Mace Head
2022-01-31,20.8,27.0,300.0,36.0,232.0,10.2,8.0,0.0,,1028.4,1.3,1.7,275,Mace Head
2022-02-01,22.4,29.0,270.0,35.0,326.0,10.3,9.4,0.0,,1024.8,0.5,0.7,275,Mace Head
2022-02-02,14.7,22.0,260.0,26.0,391.0,10.9,8.8,0.3,,1017.7,0.5,0.7,275,Mace Head
2022-02-03,19.6,29.0,210.0,37.0,271.0,11.0,5.0,5.0,,1006.2,0.9,1.3,275,Mace Head
2022-02-04,22.0,36.0,280.0,45.0,525.0,8.3,3.1,5.1,,1011.1,0.9,1.4,275,Mace Head
2022-02-05,29.4,36.0,240.0,50.0,117.0,10.1,7.5,6.6,,1008.8,1.1,1.8,275,Mace Head
2022-02-06,24.4,37.0,270.0,48.0,490.0,9.3,7.0,1.3,,1009.6,1.0,1.5,275,Mace Head
2022-02-07,20.5,27.0,220.0,34.0,252.0,11.3,8.4,0.3,,1017.5,0.7,1.1,275,Mace Head
2022-02-08,14.6,27.0,260.0,34.0,216.0,10.8,7.5,1.2,,1017.9,0.5,0.7,275,Mace Head
2022-02-09,22.0,35.0,280.0,47.0,530.0,8.6,3.7,0.9,,1018.9,1.1,1.7,275,Mace Head
2022-02-10,19.9,33.0,270.0,43.0,603.0,8.1,3.9,0.9,,1022.7,1.2,1.7,275,Mace Head
2022-02-11,22.6,37.0,180.0,49.0,229.0,9.4,4.4,5.5,,1017.5,0.7,1.2,275,Mace Head
2022-02-12,19.4,25.0,230.0,31.0,618.0,10.8,8.8,3.9,,1002.8,0.9,1.3,275,Mace Head
2022-02-13,11.0,25.0,280.0,31.0,523.0,9.1,6.1,13.6,,992.2,0.6,0.8,275,Mace Head
2022-02-14,18.9,31.0,210.0,39.0,686.0,9.3,6.3,3.9,,999.5,0.8,1.3,275,Mace Head
2022-02-15,22.3,38.0,220.0,52.0,199.0,11.4,7.2,11.3,,992.2,1.0,1.4,275,Mace Head
2022-02-16,28.6,42.0,250.0,59.0,421.0,11.9,8.1,0.5,,991.2,1.1,1.7,275,Mace Head
2022-02-17,19.8,43.0,270.0,51.0,417.0,8.6,1.4,7.6,,994.3,0.8,1.3,275,Mace Head
2022-02-18,29.9,47.0,320.0,61.0,409.0,8.3,1.5,6.0,,989.9,1.2,2.1,275,Mace Head
2022-02-19,24.0,37.0,280.0,47.0,318.0,10.7,4.6,11.6,,999.6,1.0,1.6,275,Mace Head
2022-02-20,38.8,55.0,280.0,75.0,380.0,11.0,2.7,7.0,,996.0,0.6,1.4,275,Mace Head
2022-02-21,25.9,48.0,280.0,67.0,410.0,10.6,6.3,0.4,,1009.4,1.0,1.7,275,Mace Head
2022-02-22,25.0,38.0,280.0,48.0,766.0,10.8,7.4,2.2,,1011.1,1.1,1.9,275,Mace Head
2022-02-23,28.6,38.0,250.0,51.0,434.0,10.5,4.4,0.9,,1008.4,1.8,2.9,275,Mace Head
2022-02-24,30.7,42.0,270.0,55.0,707.0,7.6,1.7,1.9,,1008.5,1.3,2.4,275,Mace Head
2022-02-25,20.6,28.0,190.0,37.0,576.0,10.3,6.0,0.9,,1018.7,1.2,1.9,275,Mace Head
2022-02-26,24.4,32.0,180.0,42.0,374.0,10.2,8.2,0.8,,1010.4,1.2,1.8,275,Mace Head
2022-02-27,18.1,29.0,170.0,39.0,689.0,10.5,7.0,9.5,,1005.0,0.9,1.4,275,Mace Head
2022-02-28,13.0,19.0,240.0,27.0,884.0,9.4,4.7,0.9,,1015.2,0.9,1.4,275,Mace Head
2022-03-01,8.8,18.0,90.0,23.0,1162.0,9.4,1.5,0.1,,1022.6,1.1,1.6,275,Mace Head
2022-03-02,12.3,25.0,290.0,32.0,267.0,9.9,2.9,3.7,,1009.7,0.7,1.0,275,Mace Head
2022-03-03,11.6,23.0,280.0,28.0,772.0,8.3,2.7,1.0,,1013.1,0.9,1.4,275,Mace Head
2022-03-04,4.8,10.0,70.0,14.0,1235.0,8.3,1.6,0.0,,1022.9,1.0,1.5,275,Mace Head
2022-03-05,6.7,10.0,60.0,14.0,1280.0,9.7,0.1,0.0,,1028.3,1.2,1.8,275,Mace Head
2022-03-06,10.8,22.0,140.0,27.0,1293.0,8.9,0.9,0.0,,1027.2,1.3,2.0,275,Mace Head
2022-03-07,20.9,29.0,130.0,40.0,817.0,8.3,5.1,0.0,,1012.7,1.9,2.9,275,Mace Head
2022-03-08,26.4,39.0,120.0,54.0,658.0,9.8,4.5,4.0,,993.9,1.7,2.9,275,Mace Head
2022-03-09,14.1,37.0,150.0,49.0,1004.0,9.6,2.8,8.6,,997.5,1.0,1.7,275,Mace Head
2022-03-10,19.9,30.0,140.0,38.0,279.0,9.0,2.5,0.0,,998.7,1.2,1.8,275,Mace Head
2022-03-11,12.7,26.0,130.0,34.0,834.0,10.4,7.3,5.7,,988.9,1.0,1.6,275,Mace Head
2022-03-12,14.3,28.0,250.0,40.0,633.0,8.1,2.5,8.6,,988.5,0.8,1.4,275,Mace Head
2022-03-13,21.7,31.0,270.0,38.0,1052.0,9.1,5.6,9.2,,993.0,1.2,2.1,275,Mace Head
2022-03-14,18.0,27.0,270.0,36.0,1400.0,10.5,6.6,0.6,,1014.2,1.9,3.0,275,Mace Head
2022-03-15,16.4,26.0,180.0,34.0,255.0,8.5,5.2,10.2,,1012.3,0.7,1.1,275,Mace Head
2022-03-16,9.3,17.0,190.0,21.0,1278.0,9.2,2.6,0.0,,1017.5,1.4,2.1,275,Mace Head
2022-03-17,14.6,29.0,180.0,36.0,1051.0,11.0,4.6,3.6,,1024.3,1.1,1.8,275,Mace Head
2022-03-18,13.3,23.0,120.0,29.0,1541.0,13.3,4.2,0.0,,1032.7,1.7,2.7,275,Mace Head
2022-03-19,17.4,24.0,110.0,34.0,1248.0,12.9,6.6,0.0,,1026.4,2.1,3.2,275,Mace Head
2022-03-20,14.2,20.0,120.0,27.0,602.0,11.2,8.6,0.0,,1019.4,1.3,1.9,275,Mace Head
2022-03-21,13.6,20.0,110.0,25.0,1272.0,15.1,6.3,0.0,,1016.8,1.8,2.7,275,Mace Head
2022-03-22,15.5,22.0,110.0,30.0,1061.0,15.5,8.5,0.0,,1018.3,1.9,2.8,275,Mace Head
2022-03-23,8.8,16.0,120.0,21.0,1539.0,14.6,7.6,0.0,,1023.5,1.9,2.8,275,Mace Head
2022-03-24,5.4,9.0,200.0,11.0,659.0,10.8,6.2,0.0,,1027.0,0.8,1.2,275,Mace Head
2022-03-25,4.6,10.0,100.0,12.0,1335.0,14.4,5.5,0.1,,1028.8,1.5,2.1,275,Mace Head
2022-03-26,8.4,13.0,90.0,16.0,1645.0,17.1,7.8,0.0,,1029.7,2.7,3.6,275,Mace Head
2022-03-27,6.6,11.0,90.0,14.0,1679.0,15.9,6.8,0.0,,1027.0,2.2,3.1,275,Mace Head
2022-03-28,5.6,10.0,110.0,13.0,1716.0,16.9,6.7,0.0,,1019.0,2.3,3.1,275,Mace Head
2022-03-29,5.7,12.0,280.0,15.0,1757.0,12.5,5.5,0.0,,1011.5,1.8,2.7,275,Mace Head
2022-03-30,9.1,23.0,60.0,30.0,979.0,12.4,2.1,0.0,,1009.8,1.7,2.3,275,Mace Head
2022-03-31,10.4,25.0,340.0,32.0,1713.0,9.8,0.6,0.0,,1018.2,2.3,3.4,275,Mace Head
2022-04-01,9.2,17.0,310.0,23.0,1660.0,10.4,1.9,0.0,,1023.8,2.0,2.9,275,Mace Head
2022-04-02,10.6,21.0,340.0,28.0,1586.0,11.8,3.8,0.1,,1024.6,2.0,3.0,275,Mace Head
2022-04-03,9.4,21.0,290.0,26.0,1070.0,10.4,2.7,1.7,,1022.5,1.1,1.8,275,Mace Head
2022-04-04,19.4,23.0,290.0,30.0,728.0,10.9,9.8,1.4,,1015.7,0.9,1.7,275,Mace Head
2022-04-05,20.9,28.0,250.0,38.0,619.0,11.3,8.3,0.9,,1004.4,1.1,1.9,275,Mace Head
2022-04-06,30.2,45.0,260.0,59.0,1442.0,10.3,5.7,2.3,,987.7,1.8,3.7,275,Mace Head
2022-04-07,15.6,37.0,290.0,45.0,1463.0,9.3,2.3,1.3,,991.5,1.6,2.8,275,Mace Head
2022-04-08,11.7,26.0,350.0,35.0,1970.0,9.1,1.9,0.0,,1006.4,2.1,3.4,275,Mace Head
2022-04-09,7.9,21.0,130.0,27.0,2016.0,10.4,1.8,0.0,,1013.7,2.2,3.3,275,Mace Head
2022-04-10,20.5,28.0,120.0,39.0,478.0,11.7,6.9,0.0,,1005.5,1.8,2.8,275,Mace Head
2022-04-11,17.9,28.0,120.0,37.0,394.0,12.0,7.6,3.4,,995.9,1.2,1.9,275,Mace Head
2022-04-12,7.1,12.0,130.0,15.0,1001.0,13.9,9.1,0.0,,1000.7,1.5,2.1,275,Mace Head
2022-04-13,6.9,12.0,210.0,16.0,1376.0,13.1,8.9,0.0,,1009.6,1.5,2.3,275,Mace Head
2022-04-14,11.6,15.0,130.0,21.0,618.0,12.2,9.8,5.6,,1013.1,1.0,1.6,275,Mace Head
2022-04-15,8.8,15.0,270.0,18.0,1710.0,12.6,8.4,1.9,,1017.7,1.6,2.7,275,Mace Head
2022-04-16,12.9,17.0,140.0,22.0,535.0,12.3,8.3,4.7,,1019.4,1.1,1.6,275,Mace Head
2022-04-17,13.2,25.0,270.0,32.0,1075.0,12.5,7.6,4.3,,1013.2,1.3,2.2,275,Mace Head
2022-04-18,11.7,22.0,230.0,30.0,1882.0,11.0,6.1,2.3,,1013.2,2.2,3.6,275,Mace Head
2022-04-19,8.4,17.0,340.0,23.0,1551.0,12.1,5.5,0.8,,1016.9,2.0,2.9,275,Mace Head
2022-04-20,9.1,16.0,120.0,22.0,898.0,11.2,4.5,0.0,,1013.0,1.4,2.0,275,Mace Head
2022-04-21,15.1,21.0,80.0,27.0,1480.0,17.4,6.6,0.0,,1007.9,2.9,4.3,275,Mace Head
2022-04-22,17.7,25.0,60.0,32.0,1568.0,15.5,7.9,0.0,,1008.9,3.0,4.6,275,Mace Head
2022-04-23,14.2,22.0,60.0,28.0,2004.0,18.1,5.8,0.0,,1008.3,3.5,5.2,275,Mace Head
2022-04-24,13.2,19.0,70.0,25.0,2362.0,16.9,7.1,0.0,,1011.5,3.7,5.5,275,Mace Head
2022-04-25,11.9,19.0,80.0,23.0,2103.0,17.2,5.6,0.0,,1014.8,3.3,4.8,275,Mace Head
2022-04-26,9.1,15.0,110.0,19.0,1501.0,15.1,7.2,0.0,,1019.2,2.7,3.7,275,Mace Head
2022-04-27,8.4,15.0,350.0,19.0,2309.0,16.6,8.8,0.0,,1024.7,3.3,4.8,275,Mace Head
2022-04-28,6.7,11.0,100.0,15.0,2210.0,14.8,7.5,0.0,,1028.8,2.8,4.1,275,Mace Head
2022-04-29,5.9,9.0,110.0,10.0,1669.0,13.3,6.3,0.0,,1029.4,2.0,2.9,275,Mace Head
2022-04-30,12.2,19.0,240.0,23.0,826.0,12.2,10.0,2.5,,1024.4,1.3,2.1,275,Mace Head
2022-05-01,11.8,18.0,240.0,21.0,863.0,12.2,10.5,0.4,,1018.4,1.3,2.0,275,Mace Head
2022-05-02,6.0,13.0,290.0,16.0,1560.0,15.4,10.0,0.0,,1019.1,2.2,3.1,275,Mace Head
2022-05-03,8.6,16.0,240.0,21.0,1594.0,13.7,9.4,0.2,,1018.0,1.9,2.9,275,Mace Head
2022-05-04,11.2,18.0,290.0,22.0,1511.0,13.2,9.5,0.0,,1018.2,1.9,3.1,275,Mace Head
2022-05-05,13.1,18.0,210.0,21.0,1361.0,14.5,11.6,0.2,,1020.5,1.6,2.8,275,Mace Head
2022-05-06,12.4,22.0,210.0,28.0,1715.0,14.4,11.0,13.8,,1021.2,1.8,3.2,275,Mace Head
2022-05-07,5.4,12.0,220.0,15.0,1938.0,16.5,8.9,0.2,,1024.8,2.6,3.7,275,Mace Head
2022-05-08,12.6,21.0,190.0,27.0,1515.0,15.8,11.1,0.0,,1019.4,2.1,3.4,275,Mace Head
2022-05-09,21.3,32.0,180.0,41.0,1088.0,13.9,11.2,14.2,,1010.1,1.5,2.8,275,Mace Head
2022-05-10,21.9,27.0,210.0,38.0,2169.0,13.6,10.3,1.4,,1003.7,2.5,4.8,275,Mace Head
2022-05-11,18.0,25.0,280.0,31.0,2360.0,13.1,9.7,1.1,,1006.6,2.8,5.0,275,Mace Head
2022-05-12,18.8,28.0,240.0,36.0,1274.0,13.2,9.4,1.8,,1011.5,2.2,3.6,275,Mace Head
2022-05-13,16.8,25.0,230.0,33.0,2194.0,14.7,11.6,0.0,,1013.2,2.6,4.6,275,Mace Head
2022-05-14,8.9,13.0,220.0,16.0,2572.0,15.0,9.2,0.0,,1015.9,2.8,4.5,275,Mace Head
2022-05-15,11.2,16.0,60.0,21.0,2427.0,20.0,8.5,0.0,,1008.1,3.6,5.4,275,Mace Head
2022-05-16,13.7,25.0,120.0,33.0,2376.0,16.9,13.2,2.2,,1001.8,3.1,5.0,275,Mace Head
2022-05-17,18.4,29.0,180.0,40.0,1609.0,16.1,9.9,2.2,,1002.0,2.4,4.0,275,Mace Head
2022-05-18,20.4,27.0,200.0,34.0,1053.0,15.8,9.9,9.2,,1003.5,2.2,3.5,275,Mace Head
2022-05-19,24.1,27.0,190.0,34.0,2153.0,15.0,11.7,0.0,,1008.1,2.9,5.4,275,Mace Head
2022-05-20,19.2,26.0,180.0,31.0,2447.0,14.3,11.5,2.2,,1009.9,2.7,5.1,275,Mace Head
2022-05-21,17.4,26.0,200.0,32.0,1720.0,15.6,11.9,0.2,,1011.3,2.3,4.0,275,Mace Head
2022-05-22,17.5,23.0,230.0,28.0,1938.0,14.8,10.9,0.8,,1005.3,2.3,4.2,275,Mace Head
2022-05-23,13.6,19.0,280.0,24.0,2556.0,14.1,9.4,3.6,,1002.2,2.9,5.0,275,Mace Head
2022-05-24,15.3,26.0,210.0,32.0,1871.0,13.8,9.7,4.5,,1004.1,2.4,4.0,275,Mace Head
2022-05-25,21.6,28.0,260.0,37.0,2317.0,14.1,11.2,0.7,,1007.0,2.5,4.9,275,Mace Head
2022-05-26,19.4,27.0,240.0,33.0,1920.0,13.7,11.2,0.7,,1016.9,2.4,4.4,275,Mace Head
2022-05-27,10.9,20.0,290.0,24.0,2647.0,13.7,7.7,0.0,,1025.0,3.4,5.3,275,Mace Head
2022-05-28,7.5,13.0,60.0,17.0,2762.0,17.2,7.2,0.0,,1024.8,3.5,5.2,275,Mace Head
2022-05-29,10.7,17.0,20.0,22.0,2773.0,17.4,9.1,0.0,,1020.0,4.0,6.0,275,Mace Head
2022-05-30,13.4,21.0,310.0,28.0,1314.0,13.5,9.1,0.3,,1013.6,2.3,3.5,275,Mace Head
2022-05-31,11.3,17.0,300.0,21.0,1552.0,14.4,8.6,0.0,,1013.3,2.6,3.8,275,Mace Head
2022-06-01,6.8,13.0,290.0,15.0,2914.0,15.4,9.7,0.0,,1016.1,3.6,5.3,275,Mace Head
2022-06-02,10.4,17.0,300.0,21.0,1759.0,14.8,10.6,1.6,,1015.7,2.5,3.8,275,Mace Head
2022-06-03,6.7,13.0,60.0,16.0,1458.0,17.5,10.9,0.0,,1018.4,2.7,3.6,275,Mace Head
2022-06-04,14.7,21.0,50.0,27.0,2730.0,19.6,11.0,0.0,,1018.6,4.3,6.6,275,Mace Head
2022-06-05,11.3,17.0,80.0,22.0,2025.0,18.5,11.1,0.0,,1014.7,3.2,4.8,275,Mace Head
2022-06-06,9.5,13.0,80.0,17.0,979.0,15.4,10.0,0.0,,1011.7,1.7,2.5,275,Mace Head
2022-06-07,11.4,27.0,250.0,33.0,1307.0,17.6,12.3,4.5,,1002.3,2.2,3.3,275,Mace Head
2022-06-08,23.9,30.0,250.0,39.0,2311.0,15.3,12.9,0.0,,1000.5,2.9,5.5,275,Mace Head
2022-06-09,21.1,29.0,200.0,37.0,2040.0,16.4,11.5,5.6,,1003.6,2.3,4.4,275,Mace Head
2022-06-10,26.7,32.0,200.0,41.0,2152.0,16.0,12.4,1.0,,1005.8,2.8,5.5,275,Mace Head
2022-06-11,23.7,31.0,230.0,41.0,1614.0,15.3,11.8,0.5,,1013.4,2.6,4.6,275,Mace Head
2022-06-12,19.8,28.0,270.0,34.0,1307.0,13.8,11.2,0.2,,1021.5,2.3,3.8,275,Mace Head
2022-06-13,13.9,17.0,260.0,20.0,1493.0,14.9,12.1,0.0,,1021.5,2.7,4.1,275,Mace Head
2022-06-14,14.7,18.0,210.0,22.0,1737.0,16.2,12.7,0.0,,1017.3,2.7,4.3,275,Mace Head
2022-06-15,14.6,21.0,200.0,25.0,1042.0,15.2,13.2,0.5,,1015.9,1.9,2.9,275,Mace Head
2022-06-16,12.2,20.0,200.0,25.0,1446.0,17.5,13.4,0.9,,1013.8,2.4,3.7,275,Mace Head
2022-06-17,15.8,23.0,210.0,29.0,1935.0,16.1,11.9,9.1,,1015.0,2.7,4.5,275,Mace Head
2022-06-18,17.0,22.0,300.0,30.0,2037.0,15.3,10.9,0.0,,1020.8,3.3,5.4,275,Mace Head
2022-06-19,15.7,22.0,320.0,28.0,1326.0,17.1,10.8,0.1,,1019.7,2.8,4.1,275,Mace Head
2022-06-20,9.6,16.0,280.0,19.0,2844.0,15.9,10.4,0.0,,1018.6,3.3,5.3,275,Mace Head
2022-06-21,7.3,14.0,290.0,17.0,1439.0,17.5,12.0,0.2,,1014.0,2.2,3.1,275,Mace Head
2022-06-22,7.6,13.0,280.0,15.0,2322.0,15.8,12.0,0.7,,1012.5,3.0,4.5,275,Mace Head
2022-06-23,9.1,15.0,180.0,20.0,1936.0,16.6,12.4,0.4,,1004.8,2.6,3.9,275,Mace Head
2022-06-24,18.5,29.0,290.0,37.0,588.0,14.4,10.6,21.1,,994.8,1.0,1.7,275,Mace Head
2022-06-25,22.1,34.0,220.0,42.0,744.0,13.7,10.4,15.7,,988.6,1.1,2.1,275,Mace Head
2022-06-26,19.9,26.0,280.0,34.0,2219.0,15.4,10.0,1.6,,997.9,2.7,5.0,275,Mace Head
2022-06-27,20.8,30.0,180.0,38.0,842.0,13.7,10.3,13.7,,1004.5,1.4,2.5,275,Mace Head
2022-06-28,18.6,28.0,220.0,36.0,1884.0,15.0,11.4,9.8,,998.7,2.0,3.9,275,Mace Head
2022-06-29,13.5,19.0,280.0,23.0,2245.0,15.1,11.8,1.1,,1005.2,2.9,4.8,275,Mace Head
2022-06-30,10.8,19.0,260.0,23.0,1782.0,15.5,11.0,0.5,,1009.4,2.4,3.8,275,Mace Head
2022-07-01,15.1,21.0,260.0,29.0,1206.0,15.2,12.0,2.8,,1008.7,1.9,3.1,275,Mace Head
2022-07-02,14.4,20.0,240.0,26.0,2516.0,16.8,11.4,0.8,,1012.9,3.2,5.4,275,Mace Head
2022-07-03,15.4,21.0,290.0,26.0,1421.0,15.0,11.4,0.1,,1018.8,2.3,3.7,275,Mace Head
2022-07-04,15.4,20.0,280.0,25.0,1334.0,15.0,11.4,0.1,,1020.7,2.0,3.3,275,Mace Head
2022-07-05,14.2,19.0,290.0,24.0,1294.0,15.6,13.5,0.2,,1026.1,1.7,2.9,275,Mace Head
2022-07-06,16.9,20.0,270.0,25.0,793.0,15.3,13.7,0.1,,1028.8,1.2,2.1,275,Mace Head
2022-07-07,12.0,17.0,270.0,20.0,2056.0,15.6,12.4,0.0,,1031.8,2.2,3.8,275,Mace Head
2022-07-08,8.9,13.0,300.0,15.0,2142.0,15.8,12.1,0.1,,1033.5,2.5,4.0,275,Mace Head
2022-07-09,7.3,13.0,290.0,16.0,2488.0,16.9,11.8,0.0,,1031.1,3.0,4.5,275,Mace Head
2022-07-10,5.7,11.0,140.0,15.0,2907.0,21.6,13.4,0.0,,1024.5,4.1,5.8,275,Mace Head
2022-07-11,9.7,21.0,190.0,25.0,1399.0,20.6,14.1,1.5,,1017.5,2.5,3.6,275,Mace Head
2022-07-12,12.1,18.0,290.0,23.0,2245.0,17.8,13.7,0.3,,1018.9,3.1,4.9,275,Mace Head
2022-07-13,12.2,17.0,260.0,24.0,2267.0,17.3,13.0,0.1,,1023.2,3.2,5.0,275,Mace Head
2022-07-14,11.3,19.0,240.0,23.0,1916.0,17.4,13.0,0.1,,1024.3,2.7,4.2,275,Mace Head
2022-07-15,9.0,18.0,240.0,22.0,1989.0,17.3,13.2,0.1,,1022.8,2.7,4.1,275,Mace Head
2022-07-16,5.3,10.0,110.0,13.0,1950.0,20.6,12.0,0.0,,1020.7,3.0,4.1,275,Mace Head
2022-07-17,7.5,12.0,120.0,16.0,2369.0,21.4,16.3,0.0,,1016.8,3.7,5.2,275,Mace Head
2022-07-18,6.9,16.0,270.0,19.0,1994.0,19.4,15.3,0.0,,1011.6,2.9,4.1,275,Mace Head
2022-07-19,14.8,23.0,310.0,29.0,1522.0,17.5,14.0,0.0,,1011.1,2.4,3.8,275,Mace Head
2022-07-20,12.0,16.0,300.0,20.0,1557.0,17.0,13.3,0.0,,1018.8,2.8,4.1,275,Mace Head
2022-07-21,4.5,9.0,350.0,11.0,1363.0,16.9,12.9,0.0,,1022.1,2.4,3.2,275,Mace Head
2022-07-22,7.7,18.0,170.0,23.0,1858.0,18.4,11.8,9.7,,1015.7,2.6,3.8,275,Mace Head
2022-07-23,16.7,22.0,210.0,27.0,698.0,17.3,15.9,7.0,,1006.3,1.0,1.8,275,Mace Head
2022-07-24,15.4,23.0,190.0,31.0,1318.0,18.3,14.7,1.8,,1000.9,1.9,3.1,275,Mace Head
2022-07-25,16.0,23.0,320.0,31.0,1508.0,16.7,12.9,0.0,,1012.0,2.3,3.7,275,Mace Head
2022-07-26,6.8,14.0,280.0,16.0,1936.0,17.2,11.3,0.0,,1020.8,3.0,4.2,275,Mace Head
2022-07-27,7.2,12.0,180.0,15.0,1699.0,17.7,10.7,0.0,,1017.0,2.6,3.7,275,Mace Head
2022-07-28,8.8,13.0,110.0,17.0,2079.0,20.1,12.2,0.0,,1013.2,3.2,4.6,275,Mace Head
2022-07-29,12.4,19.0,200.0,23.0,696.0,17.9,15.7,4.4,,1012.7,1.4,2.1,275,Mace Head
2022-07-30,9.9,18.0,240.0,22.0,509.0,16.9,14.3,10.0,,1011.9,0.8,1.3,275,Mace Head
2022-07-31,9.4,15.0,340.0,20.0,2606.0,18.2,13.2,0.0,,1015.3,3.6,5.3,275,Mace Head
2022-08-01,16.4,24.0,200.0,29.0,389.0,17.3,13.7,13.6,,1010.8,1.1,1.6,275,Mace Head
2022-08-02,19.6,27.0,230.0,33.0,1024.0,17.7,15.4,1.4,,1004.3,1.5,2.6,275,Mace Head
2022-08-03,17.2,30.0,240.0,38.0,1407.0,16.8,13.2,0.4,,1008.5,2.4,3.8,275,Mace Head
2022-08-04,16.1,21.0,310.0,27.0,2454.0,16.6,11.9,0.9,,1017.8,3.4,5.5,275,Mace Head
2022-08-05,13.0,21.0,280.0,26.0,2300.0,17.2,12.7,0.3,,1024.4,3.5,5.3,275,Mace Head
2022-08-06,11.7,15.0,260.0,17.0,2264.0,17.9,14.1,0.0,,1027.4,3.2,4.9,275,Mace Head
2022-08-07,10.7,15.0,250.0,18.0,2326.0,18.4,14.4,0.0,,1025.7,3.1,4.8,275,Mace Head
2022-08-08,7.2,10.0,230.0,12.0,2418.0,18.7,14.3,0.0,,1026.4,3.3,4.8,275,Mace Head
2022-08-09,5.2,9.0,280.0,11.0,2354.0,18.9,14.4,0.0,,1026.9,3.2,4.5,275,Mace Head
2022-08-10,5.2,9.0,290.0,11.0,2518.0,18.8,13.8,0.0,,1023.7,3.4,4.7,275,Mace Head
2022-08-11,5.1,11.0,280.0,14.0,2578.0,20.5,11.8,0.1,,1020.4,3.4,4.8,275,Mace Head
2022-08-12,5.2,12.0,60.0,16.0,2461.0,23.3,14.2,0.0,,1017.1,3.8,5.1,275,Mace Head
2022-08-13,6.9,11.0,280.0,14.0,2361.0,27.4,17.5,0.0,,1012.0,4.5,5.8,275,Mace Head
2022-08-14,4.7,11.0,90.0,14.0,1121.0,20.6,16.8,0.1,,1005.2,2.1,2.7,275,Mace Head
2022-08-15,13.0,24.0,350.0,29.0,1179.0,20.7,14.7,0.0,,1004.2,2.6,3.6,275,Mace Head
2022-08-16,17.2,23.0,340.0,31.0,1516.0,16.7,12.7,0.0,,1012.8,2.9,4.3,275,Mace Head
2022-08-17,10.1,21.0,170.0,26.0,1368.0,16.2,10.6,4.3,,1013.2,1.7,2.7,275,Mace Head
2022-08-18,16.8,25.0,260.0,31.0,1790.0,17.6,13.1,0.8,,1007.3,2.0,3.6,275,Mace Head
2022-08-19,19.2,26.0,250.0,36.0,1813.0,17.3,13.4,3.4,,1008.8,2.4,4.2,275,Mace Head
2022-08-20,18.2,29.0,230.0,35.0,1052.0,16.8,13.2,6.2,,1009.0,2.0,3.1,275,Mace Head
2022-08-21,5.9,15.0,280.0,18.0,1738.0,17.9,13.1,0.0,,1009.9,2.8,3.8,275,Mace Head
2022-08-22,12.4,16.0,170.0,22.0,607.0,17.4,15.0,1.4,,1005.9,1.4,2.0,275,Mace Head
2022-08-23,10.4,19.0,250.0,24.0,1687.0,17.7,14.4,0.3,,1006.8,2.4,3.5,275,Mace Head
2022-08-24,17.6,22.0,220.0,29.0,2080.0,17.9,13.2,0.3,,1011.8,3.0,4.8,275,Mace Head
2022-08-25,15.9,25.0,180.0,30.0,915.0,17.9,12.8,1.6,,1014.9,1.7,2.6,275,Mace Head
2022-08-26,7.4,15.0,310.0,18.0,1788.0,17.0,12.3,0.1,,1018.1,2.7,3.7,275,Mace Head
2022-08-27,6.2,11.0,160.0,14.0,1228.0,18.4,13.8,0.5,,1017.8,2.0,2.7,275,Mace Head
2022-08-28,9.6,15.0,90.0,19.0,1233.0,21.3,14.0,0.0,,1018.7,2.5,3.3,275,Mace Head
2022-08-29,8.5,14.0,90.0,18.0,1525.0,23.4,14.5,0.0,,1020.2,3.0,3.9,275,Mace Head
2022-08-30,9.4,13.0,110.0,18.0,1930.0,22.5,13.9,0.0,,1023.3,3.3,4.5,275,Mace Head
2022-08-31,8.1,14.0,80.0,19.0,1766.0,21.1,11.6,0.0,,1024.4,2.9,3.9,275,Mace Head
2022-09-01,6.6,12.0,310.0,15.0,2121.0,19.3,10.5,0.0,,1019.6,2.7,3.8,275,Mace Head
2022-09-02,10.4,25.0,190.0,32.0,668.0,17.6,11.2,5.0,,1009.0,1.6,2.1,275,Mace Head
2022-09-03,8.3,14.0,140.0,18.0,883.0,15.3,7.9,14.7,,1000.0,1.5,2.1,275,Mace Head
2022-09-04,12.9,25.0,110.0,33.0,1616.0,19.1,10.2,7.5,,1000.5,2.4,3.6,275,Mace Head
2022-09-05,20.6,32.0,80.0,41.0,1097.0,18.7,12.8,3.1,,998.7,2.0,3.2,275,Mace Head
2022-09-06,17.2,25.0,120.0,35.0,1154.0,18.9,13.6,0.3,,996.8,2.0,3.1,275,Mace Head
2022-09-07,10.5,15.0,80.0,21.0,1155.0,19.3,13.7,2.7,,996.1,2.0,2.8,275,Mace Head
2022-09-08,9.7,17.0,310.0,21.0,1571.0,20.3,13.5,0.0,,1002.3,2.3,3.3,275,Mace Head
2022-09-09,12.5,18.0,300.0,22.0,1531.0,18.3,14.4,0.0,,1010.2,2.1,3.2,275,Mace Head
2022-09-10,8.3,12.0,130.0,15.0,1300.0,18.8,12.6,0.0,,1014.0,1.9,2.7,275,Mace Head
2022-09-11,10.0,19.0,110.0,25.0,711.0,18.3,14.1,7.5,,1008.9,1.1,1.7,275,Mace Head
2022-09-12,7.1,13.0,60.0,17.0,972.0,19.6,9.2,7.4,,1009.3,1.6,2.2,275,Mace Head
2022-09-13,7.5,17.0,350.0,21.0,1654.0,18.1,8.7,0.1,,1011.5,2.1,3.0,275,Mace Head
2022-09-14,8.0,15.0,320.0,20.0,1464.0,17.1,8.9,0.0,,1012.1,1.9,2.7,275,Mace Head
2022-09-15,10.2,16.0,310.0,21.0,1344.0,17.0,10.6,0.0,,1017.2,2.0,2.9,275,Mace Head
2022-09-16,6.4,14.0,340.0,18.0,1585.0,17.2,8.0,0.0,,1022.3,2.1,3.0,275,Mace Head
2022-09-17,5.2,9.0,60.0,10.0,1598.0,15.9,7.3,0.0,,1023.3,1.8,2.6,275,Mace Head
2022-09-18,7.8,13.0,250.0,15.0,441.0,16.1,11.8,0.0,,1022.0,1.4,1.7,275,Mace Head
2022-09-19,11.3,16.0,180.0,19.0,1101.0,17.3,13.8,0.0,,1022.0,2.1,2.8,275,Mace Head
2022-09-20,11.8,15.0,190.0,19.0,542.0,16.9,15.0,0.0,,1020.9,1.6,2.1,275,Mace Head
2022-09-21,19.2,25.0,200.0,31.0,299.0,16.1,14.8,12.3,,1015.7,0.9,1.4,275,Mace Head
2022-09-22,9.8,16.0,280.0,21.0,1462.0,17.0,13.0,5.7,,1013.5,1.7,2.5,275,Mace Head
2022-09-23,10.2,17.0,320.0,23.0,1342.0,15.9,11.9,2.9,,1017.8,2.1,2.9,275,Mace Head
2022-09-24,10.4,17.0,330.0,23.0,1384.0,16.5,10.5,0.0,,1022.2,2.2,3.0,275,Mace Head
2022-09-25,16.1,32.0,290.0,40.0,627.0,15.5,11.6,0.1,,1016.5,1.4,2.0,275,Mace Head
2022-09-26,21.5,31.0,310.0,39.0,587.0,15.1,12.1,0.0,,1009.1,1.9,2.7,275,Mace Head
2022-09-27,13.3,25.0,300.0,33.0,391.0,14.3,10.7,8.3,,1005.5,0.9,1.3,275,Mace Head
2022-09-28,14.6,20.0,320.0,27.0,1214.0,14.2,10.4,0.5,,1005.5,1.7,2.5,275,Mace Head
2022-09-29,10.5,24.0,200.0,29.0,1201.0,15.4,10.8,0.0,,1006.3,1.6,2.3,275,Mace Head
2022-09-30,26.6,36.0,240.0,52.0,876.0,16.0,12.0,12.7,,995.2,1.1,2.0,275,Mace Head
2022-10-01,21.5,28.0,250.0,38.0,1148.0,15.7,12.1,2.3,,1003.5,2.0,3.0,275,Mace Head
2022-10-02,10.5,25.0,290.0,30.0,921.0,15.6,11.4,0.2,,1016.5,1.6,2.1,275,Mace Head
2022-10-03,22.6,32.0,180.0,44.0,276.0,16.5,13.1,5.2,,1011.3,1.3,1.9,275,Mace Head
2022-10-04,15.6,31.0,190.0,38.0,364.0,15.7,12.0,31.1,,1001.1,0.7,1.1,275,Mace Head
2022-10-05,23.0,34.0,260.0,45.0,1020.0,14.4,8.8,4.8,,1005.9,1.4,2.4,275,Mace Head
2022-10-06,25.2,34.0,230.0,47.0,633.0,16.2,13.3,3.1,,1013.2,1.5,2.3,275,Mace Head
2022-10-07,22.4,30.0,270.0,38.0,1092.0,14.6,11.0,6.1,,1013.0,1.3,2.2,275,Mace Head
2022-10-08,14.6,24.0,200.0,29.0,901.0,15.0,11.1,0.2,,1014.4,1.8,2.4,275,Mace Head
2022-10-09,20.7,27.0,170.0,36.0,469.0,15.0,11.2,7.0,,1004.7,1.4,2.0,275,Mace Head
2022-10-10,14.1,23.0,290.0,29.0,999.0,14.4,10.9,0.0,,1017.5,1.9,2.5,275,Mace Head
2022-10-11,21.6,32.0,190.0,42.0,333.0,14.5,11.5,4.8,,1016.1,1.4,1.9,275,Mace Head
2022-10-12,10.2,24.0,250.0,30.0,454.0,14.1,11.4,0.0,,1012.1,1.0,1.3,275,Mace Head
2022-10-13,15.7,23.0,190.0,29.0,492.0,14.5,9.5,1.9,,1009.1,0.8,1.2,275,Mace Head
2022-10-14,17.5,30.0,210.0,42.0,1055.0,13.9,9.3,8.3,,999.2,1.3,2.0,275,Mace Head
2022-10-15,23.4,34.0,240.0,44.0,502.0,12.9,8.6,4.1,,990.7,1.8,2.6,275,Mace Head
2022-10-16,17.5,32.0,70.0,46.0,222.0,12.5,7.2,10.0,,993.3,1.0,1.5,275,Mace Head
2022-10-17,21.1,40.0,210.0,50.0,879.0,13.5,8.5,1.0,,1001.7,1.2,1.9,275,Mace Head
2022-10-18,19.0,29.0,80.0,40.0,844.0,15.7,9.0,6.1,,1016.7,1.3,1.9,275,Mace Head
2022-10-19,21.7,29.0,70.0,38.0,416.0,15.2,11.7,16.3,,1006.5,1.1,1.6,275,Mace Head
2022-10-20,15.3,20.0,120.0,27.0,739.0,16.6,12.4,0.1,,994.9,1.2,1.6,275,Mace Head
2022-10-21,17.9,27.0,50.0,39.0,306.0,15.4,12.5,5.2,,985.2,0.9,1.3,275,Mace Head
2022-10-22,8.2,18.0,220.0,22.0,497.0,15.1,11.6,18.9,,994.0,0.5,0.7,275,Mace Head
2022-10-23,7.0,14.0,70.0,19.0,109.0,13.7,10.9,18.6,,994.2,0.5,0.6,275,Mace Head
2022-10-24,14.3,20.0,210.0,26.0,751.0,14.6,11.5,6.6,,995.1,0.9,1.3,275,Mace Head
2022-10-25,15.6,22.0,190.0,28.0,411.0,14.8,12.6,10.1,,992.1,0.8,1.2,275,Mace Head
2022-10-26,23.8,42.0,190.0,61.0,639.0,14.6,11.1,3.8,,990.1,0.9,1.4,275,Mace Head
2022-10-27,15.7,25.0,120.0,34.0,523.0,16.5,12.4,4.6,,996.5,1.1,1.4,275,Mace Head
2022-10-28,18.5,28.0,190.0,37.0,511.0,14.8,12.3,5.4,,999.6,1.0,1.4,275,Mace Head
2022-10-29,18.7,30.0,80.0,38.0,345.0,15.8,11.0,6.8,,997.9,0.9,1.2,275,Mace Head
2022-10-30,20.9,39.0,170.0,50.0,637.0,14.3,11.7,2.3,,995.1,1.0,1.4,275,Mace Head
2022-10-31,11.6,26.0,170.0,34.0,166.0,13.3,9.0,14.4,,995.6,0.8,1.0,275,Mace Head
2022-11-01,22.4,36.0,240.0,46.0,278.0,12.6,8.4,2.6,,996.0,1.4,2.0,275,Mace Head
2022-11-02,28.5,42.0,220.0,60.0,343.0,13.5,8.7,17.4,,992.0,1.1,1.7,275,Mace Head
2022-11-03,14.6,25.0,200.0,36.0,283.0,11.0,8.2,3.3,,998.3,1.0,1.3,275,Mace Head
2022-11-04,13.8,23.0,200.0,28.0,324.0,12.4,9.6,4.7,,1008.8,1.2,1.5,275,Mace Head
2022-11-05,20.4,28.0,180.0,35.0,618.0,13.6,9.7,13.5,,999.2,0.5,0.8,275,Mace Head
2022-11-06,24.6,30.0,210.0,40.0,488.0,13.0,9.6,6.0,,989.0,0.8,1.2,275,Mace Head
2022-11-07,21.7,33.0,200.0,40.0,144.0,13.5,9.4,10.6,,980.3,0.9,1.3,275,Mace Head
2022-11-08,22.1,29.0,230.0,40.0,314.0,12.2,9.0,9.6,,982.1,1.0,1.4,275,Mace Head
2022-11-09,23.6,30.0,200.0,39.0,236.0,13.7,8.8,1.6,,994.3,0.8,1.1,275,Mace Head
2022-11-10,30.4,36.0,190.0,46.0,166.0,14.8,13.6,1.3,,999.7,0.8,1.3,275,Mace Head
2022-11-11,21.7,37.0,180.0,48.0,338.0,14.9,10.5,0.5,,1007.6,0.4,0.7,275,Mace Head
2022-11-12,14.8,25.0,120.0,32.0,165.0,14.2,9.9,7.2,,1010.6,0.5,0.7,275,Mace Head
2022-11-13,17.0,27.0,120.0,36.0,96.0,13.8,10.3,9.0,,1003.1,0.9,1.2,275,Mace Head
2022-11-14,20.2,35.0,120.0,47.0,457.0,12.0,8.9,3.3,,991.1,0.7,0.9,275,Mace Head
2022-11-15,17.5,27.0,250.0,33.0,384.0,10.7,8.2,3.6,,982.8,1.3,1.6,275,Mace Head
2022-11-16,8.8,18.0,250.0,25.0,452.0,11.6,6.4,3.0,,982.0,0.5,0.6,275,Mace Head
2022-11-17,10.4,26.0,290.0,33.0,432.0,11.4,6.5,6.2,,990.0,0.4,0.5,275,Mace Head
2022-11-18,12.7,23.0,280.0,32.0,378.0,10.7,3.9,1.1,,1003.4,0.9,1.0,275,Mace Head
2022-11-19,19.3,31.0,290.0,40.0,112.0,11.6,4.8,4.8,,1004.4,0.8,1.2,275,Mace Head
2022-11-20,19.8,35.0,220.0,43.0,338.0,10.6,7.5,7.9,,996.8,0.9,1.1,275,Mace Head
2022-11-21,26.8,34.0,270.0,45.0,367.0,10.5,6.6,16.0,,984.5,0.9,1.2,275,Mace Head
2022-11-22,10.3,22.0,120.0,30.0,203.0,9.9,5.3,6.9,,981.6,0.4,0.5,275,Mace Head
2022-11-23,28.0,48.0,240.0,60.0,234.0,10.6,7.3,9.0,,978.2,1.0,1.5,275,Mace Head
2022-11-24,28.1,42.0,210.0,58.0,217.0,11.2,7.8,9.4,,983.6,1.2,1.7,275,Mace Head
2022-11-25,24.1,32.0,240.0,44.0,245.0,12.3,9.0,1.0,,1001.4,1.3,1.7,275,Mace Head
2022-11-26,24.6,42.0,210.0,53.0,131.0,12.8,10.6,13.5,,1000.3,1.1,1.5,275,Mace Head
2022-11-27,25.1,36.0,190.0,63.0,244.0,11.7,8.2,3.9,,996.7,1.2,1.6,275,Mace Head
2022-11-28,15.8,31.0,280.0,40.0,345.0,11.5,8.0,3.0,,1003.8,0.8,0.9,275,Mace Head
2022-11-29,11.4,20.0,130.0,26.0,150.0,9.8,6.6,1.3,,1012.9,0.5,0.6,275,Mace Head
2022-11-30,12.5,16.0,110.0,21.0,142.0,12.3,9.4,2.6,,1016.2,0.4,0.5,275,Mace Head
2022-12-01,13.4,18.0,150.0,23.0,92.0,11.4,9.2,0.0,,1020.3,0.7,0.9,275,Mace Head
2022-12-02,10.6,16.0,140.0,21.0,229.0,11.0,8.2,0.0,,1022.0,0.6,0.7,275,Mace Head
2022-12-03,5.8,11.0,110.0,15.0,107.0,8.7,5.2,1.3,,1020.6,0.4,0.5,275,Mace Head
2022-12-04,13.7,20.0,60.0,26.0,382.0,6.4,3.0,0.2,,1017.5,0.2,0.2,275,Mace Head
2022-12-05,15.1,18.0,70.0,25.0,314.0,8.0,4.4,0.0,,1022.5,0.6,0.7,275,Mace Head
2022-12-06,11.2,19.0,60.0,28.0,414.0,6.8,0.9,0.0,,1025.9,0.4,0.4,275,Mace Head
2022-12-07,5.3,10.0,340.0,14.0,351.0,7.2,1.0,0.0,,1022.5,0.2,0.2,275,Mace Head
2022-12-08,5.7,11.0,20.0,15.0,315.0,6.4,-0.2,0.7,,1014.6,0.1,0.1,275,Mace Head
2022-12-09,4.3,16.0,300.0,21.0,336.0,6.1,-0.2,0.5,,1009.6,0.1,0.2,275,Mace Head
2022-12-10,7.1,14.0,310.0,17.0,384.0,6.5,0.5,0.0,,1007.6,0.1,0.1,275,Mace Head
2022-12-11,3.4,7.0,40.0,8.0,379.0,5.9,-0.7,0.0,,1007.6,0.0,0.0,275,Mace Head
2022-12-12,10.2,18.0,160.0,23.0,414.0,5.8,-1.8,0.2,,1003.6,0.1,0.0,275,Mace Head
2022-12-13,13.6,22.0,60.0,28.0,169.0,2.7,-0.4,0.0,,1004.3,0.5,0.6,275,Mace Head
2022-12-14,10.6,19.0,50.0,24.0,378.0,3.8,-1.5,0.0,,1009.2,0.5,0.5,275,Mace Head
2022-12-15,3.8,8.0,20.0,9.0,361.0,5.7,-1.0,0.0,,1014.4,0.0,0.1,275,Mace Head
2022-12-16,13.3,27.0,250.0,32.0,161.0,7.8,0.5,2.2,,1012.8,0.8,0.9,275,Mace Head
2022-12-17,11.9,21.0,130.0,26.0,277.0,8.7,3.6,0.7,,1008.7,0.6,0.6,275,Mace Head
2022-12-18,20.8,30.0,120.0,42.0,134.0,11.7,6.0,5.2,,994.1,0.5,0.8,275,Mace Head
2022-12-19,26.3,38.0,190.0,55.0,235.0,11.8,7.4,2.8,,984.1,0.7,0.9,275,Mace Head
2022-12-20,30.0,40.0,230.0,54.0,267.0,9.8,5.7,3.8,,991.1,1.3,1.9,275,Mace Head
2022-12-21,23.8,41.0,230.0,54.0,267.0,9.9,6.9,4.1,,993.2,1.1,1.5,275,Mace Head
2022-12-22,4.3,11.0,100.0,14.0,248.0,9.6,4.8,1.1,,998.2,0.1,0.1,275,Mace Head
2022-12-23,18.9,30.0,230.0,40.0,222.0,10.9,5.2,15.0,,991.8,0.5,0.6,275,Mace Head
2022-12-24,19.7,26.0,170.0,35.0,134.0,10.3,7.5,9.5,,993.2,0.8,1.1,275,Mace Head
2022-12-25,17.0,29.0,340.0,37.0,130.0,10.0,5.0,4.6,,999.1,0.7,0.9,275,Mace Head
2022-12-26,19.4,32.0,260.0,42.0,227.0,8.2,4.5,2.3,,1010.5,0.9,1.2,275,Mace Head
2022-12-27,20.5,30.0,180.0,39.0,135.0,10.1,7.4,4.2,,1006.5,0.7,1.0,275,Mace Head
2022-12-28,18.3,36.0,220.0,47.0,83.0,10.5,6.4,15.2,,989.7,0.6,0.8,275,Mace Head
2022-12-29,23.7,37.0,260.0,48.0,151.0,9.9,5.9,18.7,,987.1,0.8,1.1,275,Mace Head
2022-12-30,16.8,32.0,240.0,44.0,182.0,9.6,3.2,10.9,,981.4,0.4,0.5,275,Mace Head
2022-12-31,5.3,12.0,40.0,16.0,217.0,6.7,2.7,7.3,,989.6,0.2,0.3,275,Mace Head
2023-01-01,6.4,17.0,320.0,22.0,308.0,6.7,1.5,0.7,,1000.1,0.1,0.1,275,Mace Head
2023-01-02,14.8,26.0,140.0,34.0,372.0,8.4,1.9,0.4,,1006.4,0.4,0.4,275,Mace Head
2023-01-03,20.9,31.0,210.0,38.0,77.0,11.5,8.1,13.0,,997.9,0.6,0.8,275,Mace Head
2023-01-04,20.9,29.0,230.0,38.0,264.0,11.2,9.1,0.4,,1005.5,0.5,0.7,275,Mace Head
2023-01-05,24.5,34.0,240.0,48.0,93.0,11.3,8.3,0.6,,1006.3,0.9,1.3,275,Mace Head
2023-01-06,18.3,28.0,240.0,35.0,168.0,9.7,7.9,8.0,,996.8,1.0,1.3,275,Mace Head
2023-01-07,29.0,43.0,200.0,56.0,167.0,9.8,5.3,7.3,,980.1,1.3,2.0,275,Mace Head
2023-01-08,26.3,37.0,230.0,51.0,228.0,9.1,5.4,5.1,,981.2,1.3,1.8,275,Mace Head
2023-01-09,26.1,39.0,290.0,52.0,254.0,9.0,5.5,4.5,,996.2,1.2,1.7,275,Mace Head
2023-01-10,26.0,37.0,250.0,50.0,68.0,11.3,5.9,17.3,,991.9,0.6,0.9,275,Mace Head
2023-01-11,29.9,42.0,260.0,56.0,152.0,11.6,6.2,10.8,,992.8,1.1,1.7,275,Mace Head
2023-01-12,34.7,48.0,240.0,66.0,314.0,10.8,6.7,2.1,,991.6,0.8,1.3,275,Mace Head
2023-01-13,24.0,39.0,270.0,50.0,133.0,10.0,6.6,8.4,,1000.1,0.8,1.1,275,Mace Head
2023-01-14,27.6,39.0,270.0,50.0,243.0,8.7,3.7,1.9,,993.3,0.9,1.3,275,Mace Head
2023-01-15,16.1,35.0,260.0,45.0,236.0,7.8,3.1,4.5,,993.6,0.8,1.0,275,Mace Head
2023-01-16,6.1,17.0,350.0,21.0,332.0,5.3,-0.6,0.1,,989.9,0.3,0.3,275,Mace Head
2023-01-17,10.7,26.0,320.0,35.0,205.0,5.8,-1.9,2.0,,991.3,0.7,0.9,275,Mace Head
2023-01-18,14.8,33.0,320.0,43.0,322.0,6.7,1.5,3.1,,1001.5,0.9,1.1,275,Mace Head
2023-01-19,4.8,16.0,250.0,20.0,470.0,6.3,1.0,0.8,,1008.3,0.1,0.2,275,Mace Head
2023-01-20,12.0,16.0,160.0,21.0,108.0,8.2,3.2,5.0,,1015.8,0.3,0.5,275,Mace Head
2023-01-21,13.5,21.0,170.0,26.0,168.0,9.3,7.8,2.7,,1021.1,0.3,0.5,275,Mace Head
2023-01-22,10.1,23.0,170.0,28.0,374.0,10.6,7.5,6.5,,1022.8,0.1,0.2,275,Mace Head
2023-01-23,7.1,11.0,170.0,13.0,153.0,9.1,7.6,0.6,,1029.6,0.2,0.4,275,Mace Head
2023-01-24,10.0,15.0,210.0,18.0,126.0,9.2,8.3,1.3,,1033.5,0.3,0.4,275,Mace Head
2023-01-25,10.9,17.0,300.0,24.0,419.0,10.1,6.0,0.4,,1034.0,0.4,0.6,275,Mace Head
2023-01-26,5.3,9.0,330.0,15.0,266.0,9.1,4.6,0.0,,1035.7,0.6,0.8,275,Mace Head
2023-01-27,7.2,16.0,210.0,20.0,274.0,8.6,5.2,0.1,,1031.9,0.5,0.7,275,Mace Head
2023-01-28,7.9,15.0,340.0,19.0,475.0,9.0,6.1,0.6,,1029.1,0.3,0.4,275,Mace Head
2023-01-29,16.7,24.0,260.0,31.0,259.0,10.6,7.0,0.0,,1023.6,1.0,1.3,275,Mace Head
2023-01-30,16.5,24.0,230.0,32.0,231.0,9.7,7.9,0.1,,1023.0,1.0,1.3,275,Mace Head
2023-01-31,24.4,33.0,260.0,43.0,459.0,9.6,7.3,0.6,,1022.5,0.9,1.3,275,Mace Head
2023-02-01,21.9,29.0,260.0,37.0,413.0,10.2,8.4,0.1,,1022.2,0.9,1.3,275,Mace Head
2023-02-02,19.3,24.0,230.0,31.0,312.0,10.7,9.2,0.0,,1021.4,0.7,1.0,275,Mace Head
2023-02-03,16.2,21.0,220.0,25.0,522.0,11.0,9.2,0.1,,1025.6,0.5,0.8,275,Mace Head
2023-02-04,13.9,23.0,210.0,29.0,277.0,10.0,1.8,1.6,,1034.7,0.7,0.9,275,Mace Head
2023-02-05,11.4,18.0,150.0,23.0,254.0,9.6,1.1,0.0,,1039.5,0.7,0.9,275,Mace Head
2023-02-06,14.6,20.0,200.0,28.0,127.0,9.4,7.5,1.2,,1033.2,0.6,0.9,275,Mace Head
2023-02-07,7.7,17.0,200.0,21.0,671.0,9.5,6.8,0.1,,1032.4,0.3,0.5,275,Mace Head
2023-02-08,21.2,31.0,200.0,40.0,202.0,9.9,6.0,1.5,,1024.8,1.4,2.0,275,Mace Head
2023-02-09,14.7,21.0,250.0,25.0,358.0,8.7,6.4,0.0,,1028.9,1.3,1.7,275,Mace Head
2023-02-10,13.6,21.0,230.0,25.0,499.0,10.0,8.3,0.1,,1029.8,0.4,0.7,275,Mace Head
2023-02-11,10.4,14.0,150.0,18.0,160.0,9.7,8.6,0.0,,1030.7,0.8,1.0,275,Mace Head
2023-02-12,12.6,16.0,150.0,21.0,309.0,9.9,7.1,0.0,,1027.4,0.9,1.2,275,Mace Head
2023-02-13,17.3,23.0,130.0,31.0,829.0,11.2,7.2,0.0,,1020.6,1.2,1.7,275,Mace Head
2023-02-14,17.5,25.0,270.0,32.0,391.0,12.0,7.3,6.8,,1013.5,0.7,1.1,275,Mace Head
2023-02-15,15.7,23.0,200.0,29.0,448.0,10.0,6.4,8.3,,1009.6,0.4,0.8,275,Mace Head
2023-02-16,16.1,25.0,220.0,32.0,254.0,10.7,8.0,0.5,,1010.6,0.3,0.6,275,Mace Head
2023-02-17,18.6,27.0,210.0,35.0,341.0,10.7,9.4,2.2,,1014.7,0.4,0.7,275,Mace Head
2023-02-18,19.4,28.0,270.0,33.0,442.0,10.8,8.4,0.1,,1018.8,0.6,1.0,275,Mace Head
2023-02-19,17.7,25.0,210.0,32.0,513.0,10.5,8.4,0.1,,1021.2,0.5,0.9,275,Mace Head
2023-02-20,17.1,23.0,230.0,28.0,326.0,10.3,9.5,0.4,,1016.1,0.4,0.8,275,Mace Head
2023-02-21,17.7,26.0,310.0,35.0,333.0,10.0,5.2,5.7,,1009.7,0.6,1.0,275,Mace Head
2023-02-22,18.0,31.0,300.0,40.0,653.0,8.5,3.3,6.2,,1017.0,1.2,1.8,275,Mace Head
2023-02-23,8.7,16.0,310.0,22.0,576.0,9.6,4.2,0.2,,1023.2,0.9,1.2,275,Mace Head
2023-02-24,9.7,18.0,340.0,24.0,628.0,11.2,7.3,0.0,,1018.9,1.2,1.5,275,Mace Head
2023-02-25,10.2,15.0,60.0,20.0,825.0,10.1,1.6,0.0,,1020.9,1.1,1.5,275,Mace Head
2023-02-26,10.6,18.0,110.0,23.0,859.0,8.8,2.1,0.0,,1026.8,1.2,1.7,275,Mace Head
2023-02-27,12.0,19.0,110.0,25.0,1050.0,8.4,2.1,0.0,,1032.1,1.2,1.7,275,Mace Head
2023-02-28,6.5,15.0,70.0,19.0,520.0,8.5,4.4,0.0,,1036.0,1.2,1.5,275,Mace Head
2023-03-01,9.7,16.0,70.0,21.0,358.0,7.5,3.9,0.0,,1032.7,1.3,1.6,275,Mace Head
2023-03-02,9.2,14.0,70.0,18.0,640.0,9.2,5.1,0.0,,1027.1,1.2,1.6,275,Mace Head
2023-03-03,5.1,9.0,90.0,12.0,369.0,8.3,4.8,0.0,,1029.6,1.0,1.3,275,Mace Head
2023-03-04,4.3,9.0,40.0,13.0,360.0,7.2,4.3,0.0,,1028.8,1.0,1.3,275,Mace Head
2023-03-05,8.2,14.0,290.0,18.0,635.0,9.1,3.8,1.1,,1019.0,1.0,1.4,275,Mace Head
2023-03-06,9.1,16.0,50.0,21.0,849.0,9.3,2.7,1.2,,1006.5,0.9,1.3,275,Mace Head
2023-03-07,8.0,15.0,70.0,19.0,1167.0,7.4,0.9,0.0,,997.2,1.4,2.0,275,Mace Head
2023-03-08,16.8,23.0,60.0,31.0,945.0,6.5,0.3,0.0,,989.3,1.7,2.6,275,Mace Head
2023-03-09,21.5,32.0,50.0,44.0,197.0,3.2,0.5,10.8,,989.4,0.7,1.2,275,Mace Head
2023-03-10,9.7,19.0,350.0,25.0,707.0,5.9,1.2,0.1,,1001.4,1.0,1.5,275,Mace Head
2023-03-11,17.1,23.0,240.0,31.0,429.0,10.3,0.9,9.4,,998.7,0.5,0.9,275,Mace Head
2023-03-12,16.8,23.0,200.0,29.0,362.0,10.3,8.7,7.3,,988.7,0.5,0.9,275,Mace Head
2023-03-13,20.0,31.0,340.0,45.0,942.0,10.2,3.8,7.7,,983.1,0.7,1.5,275,Mace Head
2023-03-14,12.7,32.0,340.0,45.0,1215.0,8.2,3.3,2.0,,1002.3,1.5,2.3,275,Mace Head
2023-03-15,15.1,23.0,140.0,30.0,269.0,10.2,5.2,20.6,,1000.9,0.8,1.2,275,Mace Head
2023-03-16,14.0,19.0,160.0,26.0,1107.0,11.9,9.3,10.3,,989.7,1.1,1.8,275,Mace Head
2023-03-17,8.9,15.0,120.0,21.0,914.0,13.2,9.0,1.8,,991.8,1.1,1.7,275,Mace Head
2023-03-18,14.7,26.0,320.0,35.0,1299.0,10.2,6.5,0.6,,1005.1,1.4,2.3,275,Mace Head
2023-03-19,13.6,23.0,200.0,27.0,261.0,10.1,6.0,13.3,,1010.2,0.9,1.3,275,Mace Head
2023-03-20,14.1,19.0,160.0,25.0,320.0,10.7,9.0,5.0,,1002.2,0.5,0.9,275,Mace Head
2023-03-21,18.6,36.0,220.0,48.0,257.0,10.5,8.5,20.1,,988.7,0.6,1.0,275,Mace Head
2023-03-22,23.7,39.0,240.0,52.0,870.0,10.3,6.3,4.0,,982.3,1.6,2.7,275,Mace Head
2023-03-23,19.3,29.0,250.0,37.0,767.0,10.1,6.6,9.5,,978.1,1.1,2.0,275,Mace Head
2023-03-24,26.1,39.0,210.0,56.0,912.0,10.0,7.2,7.3,,984.7,1.3,2.4,275,Mace Head
2023-03-25,11.7,24.0,270.0,28.0,1419.0,11.9,7.0,1.5,,996.3,1.7,2.6,275,Mace Head
2023-03-26,7.8,16.0,340.0,20.0,1457.0,12.8,5.7,0.0,,1008.5,1.7,2.5,275,Mace Head
2023-03-27,13.5,22.0,160.0,31.0,1135.0,12.1,3.9,2.1,,1013.9,1.5,2.4,275,Mace Head
2023-03-28,16.6,24.0,150.0,33.0,843.0,12.2,7.6,4.0,,1003.5,1.0,1.8,275,Mace Head
2023-03-29,18.1,29.0,190.0,37.0,1264.0,12.2,9.7,3.0,,993.8,1.3,2.4,275,Mace Head
2023-03-30,13.4,19.0,210.0,23.0,1472.0,13.4,9.3,2.1,,986.6,1.6,2.7,275,Mace Head
2023-03-31,13.2,21.0,300.0,27.0,1151.0,11.6,8.7,6.4,,991.7,1.2,2.1,275,Mace Head
2023-04-01,16.0,23.0,320.0,31.0,1595.0,11.4,5.3,0.2,,1012.6,1.6,2.9,275,Mace Head
2023-04-02,6.8,22.0,130.0,29.0,1424.0,11.4,3.3,0.0,,1023.9,1.7,2.4,275,Mace Head
2023-04-03,16.8,22.0,130.0,30.0,316.0,10.7,7.6,2.7,,1020.4,1.2,1.7,275,Mace Head
2023-04-04,18.7,24.0,180.0,32.0,451.0,10.6,8.6,11.2,,1015.5,0.7,1.3,275,Mace Head
2023-04-05,11.9,20.0,200.0,24.0,1086.0,11.7,7.3,2.1,,1011.4,1.2,2.0,275,Mace Head
2023-04-06,6.9,16.0,260.0,18.0,2058.0,11.1,6.1,0.0,,1014.3,2.1,3.1,275,Mace Head
2023-04-07,12.4,21.0,140.0,29.0,1750.0,14.0,5.5,0.0,,1015.2,2.2,3.5,275,Mace Head
2023-04-08,15.7,22.0,130.0,31.0,688.0,13.2,8.9,0.1,,1012.9,1.7,2.5,275,Mace Head
2023-04-09,18.7,25.0,170.0,35.0,568.0,11.7,8.7,4.9,,1005.2,0.9,1.6,275,Mace Head
2023-04-10,20.7,33.0,260.0,39.0,1692.0,10.8,7.4,0.6,,1002.4,2.2,3.8,275,Mace Head
2023-04-11,21.2,37.0,250.0,47.0,486.0,8.7,4.0,15.8,,994.6,1.1,1.9,275,Mace Head
2023-04-12,27.9,43.0,310.0,63.0,1276.0,10.4,4.0,5.8,,986.1,1.9,3.6,275,Mace Head
2023-04-13,12.5,23.0,270.0,31.0,1985.0,11.3,4.4,0.4,,998.9,2.4,3.8,275,Mace Head
2023-04-14,9.5,21.0,280.0,27.0,2233.0,12.3,3.7,0.0,,1004.8,2.4,3.7,275,Mace Head
2023-04-15,12.3,22.0,140.0,28.0,534.0,10.7,5.3,6.4,,1014.0,0.8,1.3,275,Mace Head
2023-04-16,9.4,15.0,190.0,19.0,1314.0,13.9,10.5,0.4,,1017.1,1.4,2.3,275,Mace Head
2023-04-17,11.9,16.0,130.0,20.0,889.0,14.4,9.9,0.0,,1021.6,1.6,2.3,275,Mace Head
2023-04-18,13.5,19.0,80.0,24.0,1813.0,17.3,7.4,0.0,,1023.9,2.7,4.1,275,Mace Head
2023-04-19,16.0,21.0,80.0,27.0,1784.0,14.7,6.3,0.0,,1022.6,2.6,4.2,275,Mace Head
2023-04-20,17.8,24.0,100.0,31.0,2427.0,15.4,7.4,0.0,,1018.9,3.6,5.8,275,Mace Head
2023-04-21,15.8,22.0,70.0,31.0,1997.0,17.3,5.0,0.0,,1011.9,3.3,5.1,275,Mace Head
2023-04-22,10.0,17.0,50.0,22.0,822.0,10.5,7.7,0.8,,1003.4,1.5,2.2,275,Mace Head
2023-04-23,11.0,20.0,320.0,26.0,2326.0,14.4,7.4,2.7,,1003.3,2.8,4.4,275,Mace Head
2023-04-24,11.9,22.0,340.0,30.0,1857.0,11.9,3.2,0.9,,1011.7,2.3,3.7,275,Mace Head
2023-04-25,11.0,16.0,120.0,22.0,1813.0,12.3,2.8,0.3,,1014.0,2.3,3.6,275,Mace Head
2023-04-26,12.9,19.0,150.0,23.0,1680.0,14.4,7.4,0.0,,1010.9,2.5,3.9,275,Mace Head
2023-04-27,9.2,17.0,130.0,22.0,877.0,13.2,9.8,8.4,,1005.9,1.4,2.1,275,Mace Head
2023-04-28,6.3,13.0,270.0,15.0,1554.0,12.9,10.0,0.4,,1009.1,1.8,2.6,275,Mace Head
2023-04-29,6.5,11.0,180.0,14.0,1632.0,16.0,11.2,0.9,,1014.4,2.1,3.1,275,Mace Head
2023-04-30,13.1,18.0,220.0,23.0,1498.0,13.8,11.2,1.3,,1014.7,1.7,3.0,275,Mace Head
2023-05-01,7.2,15.0,290.0,18.0,1569.0,13.3,8.5,0.8,,1018.2,2.0,3.0,275,Mace Head
2023-05-02,9.7,15.0,110.0,18.0,1233.0,15.7,8.6,0.1,,1019.0,1.9,2.9,275,Mace Head
2023-05-03,16.2,21.0,100.0,27.0,1293.0,16.9,11.2,0.0,,1014.9,2.5,3.8,275,Mace Head
2023-05-04,13.6,23.0,100.0,30.0,1111.0,15.7,10.3,6.4,,1006.3,2.2,3.3,275,Mace Head
2023-05-05,8.6,15.0,200.0,18.0,1798.0,14.1,10.5,1.0,,1002.7,2.1,3.3,275,Mace Head
2023-05-06,8.5,12.0,220.0,14.0,2231.0,15.1,11.3,0.2,,1007.2,2.6,4.0,275,Mace Head
2023-05-07,14.3,23.0,170.0,29.0,738.0,14.0,11.6,11.6,,1008.0,1.2,1.9,275,Mace Head
2023-05-08,12.6,20.0,200.0,24.0,1553.0,14.6,11.5,0.3,,1007.8,1.7,3.0,275,Mace Head
2023-05-09,14.7,22.0,240.0,28.0,2053.0,14.4,11.1,1.1,,1007.7,2.4,4.2,275,Mace Head
2023-05-10,21.4,29.0,260.0,36.0,1180.0,13.0,10.2,2.1,,1009.4,1.6,3.0,275,Mace Head
2023-05-11,19.2,25.0,320.0,34.0,1474.0,14.3,10.2,0.4,,1017.7,2.1,3.6,275,Mace Head
2023-05-12,7.8,17.0,290.0,20.0,2760.0,15.8,7.6,0.0,,1025.3,3.1,4.8,275,Mace Head
2023-05-13,8.7,16.0,200.0,20.0,1956.0,13.9,7.6,0.5,,1023.0,2.1,3.4,275,Mace Head
2023-05-14,16.3,20.0,290.0,26.0,2342.0,13.4,9.2,2.5,,1020.1,2.6,4.7,275,Mace Head
2023-05-15,11.8,17.0,270.0,21.0,2054.0,13.7,8.6,0.4,,1024.4,2.9,4.5,275,Mace Head
2023-05-16,8.5,16.0,280.0,18.0,2764.0,14.0,7.3,0.0,,1026.6,3.2,4.9,275,Mace Head
2023-05-17,8.7,14.0,220.0,17.0,2045.0,14.4,8.1,0.0,,1026.3,2.6,4.0,275,Mace Head
2023-05-18,12.4,17.0,210.0,20.0,1547.0,14.3,10.8,1.2,,1025.7,1.9,3.2,275,Mace Head
2023-05-19,7.5,11.0,270.0,13.0,1805.0,14.6,10.4,0.0,,1028.6,2.2,3.4,275,Mace Head
2023-05-20,3.9,10.0,340.0,13.0,722.0,14.2,12.0,2.0,,1025.8,1.2,1.7,275,Mace Head
2023-05-21,9.0,16.0,340.0,21.0,1763.0,16.5,10.4,0.0,,1023.2,2.6,3.9,275,Mace Head
2023-05-22,10.2,15.0,340.0,21.0,2596.0,15.7,8.2,0.0,,1026.7,3.5,5.3,275,Mace Head
2023-05-23,10.2,14.0,280.0,17.0,1926.0,14.6,10.2,0.0,,1028.4,2.8,4.2,275,Mace Head
2023-05-24,11.4,16.0,290.0,20.0,2138.0,15.6,11.2,0.0,,1028.6,3.0,4.6,275,Mace Head
2023-05-25,9.0,16.0,300.0,19.0,2707.0,17.1,10.6,0.0,,1031.2,3.4,5.2,275,Mace Head
2023-05-26,6.3,14.0,280.0,16.0,2794.0,16.8,9.6,0.0,,1030.1,3.4,5.0,275,Mace Head
2023-05-27,8.4,16.0,280.0,20.0,2907.0,17.6,11.5,0.0,,1026.0,3.7,5.6,275,Mace Head
2023-05-28,8.7,16.0,60.0,22.0,2901.0,18.5,9.5,0.0,,1025.4,4.2,6.1,275,Mace Head
2023-05-29,9.8,16.0,60.0,20.0,2862.0,19.4,7.8,0.0,,1026.8,3.9,5.8,275,Mace Head
2023-05-30,8.5,14.0,90.0,18.0,3061.0,23.0,10.7,0.0,,1028.0,5.0,6.9,275,Mace Head
2023-05-31,8.1,15.0,50.0,22.0,2994.0,24.7,13.0,0.0,,1025.6,5.1,7.0,275,Mace Head
2023-06-01,8.3,14.0,90.0,19.0,3032.0,24.0,12.2,0.0,,1023.4,4.9,6.8,275,Mace Head
2023-06-02,9.6,16.0,70.0,21.0,3061.0,21.8,11.7,0.0,,1022.7,4.5,6.6,275,Mace Head
2023-06-03,8.1,12.0,80.0,16.0,3048.0,21.7,10.9,0.0,,1021.8,4.5,6.4,275,Mace Head
2023-06-04,7.9,14.0,80.0,18.0,3066.0,21.3,11.9,0.0,,1021.9,5.0,6.9,275,Mace Head
2023-06-05,9.5,14.0,70.0,18.0,2965.0,24.4,12.0,0.0,,1021.5,5.3,7.2,275,Mace Head
2023-06-06,8.1,13.0,290.0,17.0,2653.0,22.0,11.8,0.0,,1020.3,4.3,6.0,275,Mace Head
2023-06-07,11.5,15.0,90.0,20.0,2743.0,21.0,11.0,0.0,,1018.4,4.4,6.5,275,Mace Head
2023-06-08,14.6,21.0,80.0,28.0,2398.0,23.7,10.4,0.0,,1013.7,4.5,6.6,275,Mace Head
2023-06-09,14.9,22.0,80.0,27.0,1749.0,22.7,13.4,0.0,,1009.1,4.0,5.5,275,Mace Head
2023-06-10,10.8,19.0,80.0,27.0,816.0,20.2,15.2,4.6,,1008.2,2.1,2.8,275,Mace Head
2023-06-11,8.1,11.0,110.0,15.0,1072.0,19.0,15.2,0.7,,1011.8,1.9,2.7,275,Mace Head
2023-06-12,6.8,16.0,290.0,19.0,2617.0,19.2,14.7,0.0,,1014.6,3.7,5.3,275,Mace Head
2023-06-13,4.8,13.0,60.0,18.0,2237.0,23.9,15.9,0.0,,1013.2,3.8,5.1,275,Mace Head
2023-06-14,6.4,11.0,300.0,14.0,1891.0,19.5,15.7,0.0,,1014.4,3.0,4.2,275,Mace Head
2023-06-15,5.3,9.0,300.0,11.0,1710.0,19.6,15.9,0.5,,1016.3,2.9,3.9,275,Mace Head
2023-06-16,8.8,20.0,110.0,25.0,1578.0,20.8,15.0,0.7,,1012.5,2.7,3.8,275,Mace Head
2023-06-17,5.8,9.0,100.0,12.0,2245.0,19.8,14.8,0.2,,1007.4,3.4,4.7,275,Mace Head
2023-06-18,8.8,15.0,130.0,20.0,2286.0,22.4,14.5,0.5,,1003.4,3.8,5.4,275,Mace Head
2023-06-19,8.7,13.0,220.0,16.0,2881.0,20.2,14.9,0.0,,1002.5,4.1,6.0,275,Mace Head
2023-06-20,9.1,15.0,240.0,18.0,2246.0,19.5,15.2,3.8,,1004.5,3.2,4.8,275,Mace Head
2023-06-21,7.8,18.0,320.0,24.0,2650.0,19.0,12.3,1.8,,1011.4,3.9,5.6,275,Mace Head
2023-06-22,9.2,18.0,150.0,24.0,2641.0,21.1,10.6,1.2,,1015.1,3.9,5.7,275,Mace Head
2023-06-23,15.4,21.0,200.0,29.0,766.0,18.5,15.7,7.0,,1012.3,1.4,2.2,275,Mace Head
2023-06-24,19.0,27.0,140.0,38.0,1292.0,20.7,16.5,6.1,,1008.4,2.5,3.9,275,Mace Head
2023-06-25,16.9,25.0,190.0,31.0,2634.0,18.3,13.5,11.8,,1007.2,3.4,5.9,275,Mace Head
2023-06-26,17.7,24.0,260.0,32.0,1489.0,17.9,12.5,2.5,,1014.4,2.7,4.3,275,Mace Head
2023-06-27,18.5,25.0,210.0,31.0,814.0,18.3,15.0,2.0,,1011.8,1.6,2.5,275,Mace Head
2023-06-28,12.3,19.0,280.0,25.0,2322.0,17.2,12.2,6.7,,1014.4,3.2,5.1,275,Mace Head
2023-06-29,17.1,23.0,230.0,27.0,1687.0,18.0,13.2,1.9,,1013.0,3.0,4.7,275,Mace Head
2023-06-30,23.0,28.0,280.0,37.0,618.0,16.5,13.8,4.1,,1005.7,1.2,2.1,275,Mace Head
2023-07-01,22.7,30.0,270.0,35.0,1581.0,16.1,13.9,0.1,,1007.4,2.9,4.8,275,Mace Head
2023-07-02,21.9,29.0,270.0,38.0,1955.0,16.1,12.1,0.1,,1009.4,3.5,5.8,275,Mace Head
2023-07-03,18.8,25.0,270.0,33.0,2196.0,15.3,10.9,10.2,,1006.7,2.8,5.0,275,Mace Head
2023-07-04,15.6,23.0,310.0,30.0,1885.0,16.4,11.9,2.0,,1006.9,2.9,4.6,275,Mace Head
2023-07-05,18.6,24.0,260.0,31.0,2197.0,16.3,11.4,1.5,,1008.0,2.9,5.1,275,Mace Head
2023-07-06,20.3,30.0,140.0,40.0,503.0,16.3,12.8,12.5,,1001.4,1.4,2.1,275,Mace Head
2023-07-07,16.1,29.0,120.0,39.0,1959.0,21.1,13.6,8.8,,998.5,3.1,4.9,275,Mace Head
2023-07-08,18.8,33.0,210.0,40.0,2510.0,18.7,13.4,0.3,,1000.7,3.1,5.6,275,Mace Head
2023-07-09,9.6,13.0,140.0,18.0,2643.0,18.1,13.2,3.5,,1009.6,3.6,5.5,275,Mace Head
2023-07-10,7.5,12.0,140.0,16.0,1823.0,18.2,12.9,1.5,,1007.5,2.7,3.9,275,Mace Head
2023-07-11,15.0,23.0,260.0,28.0,2050.0,17.6,13.6,1.4,,1005.6,3.1,4.9,275,Mace Head
2023-07-12,13.8,25.0,260.0,31.0,2008.0,17.0,12.0,1.6,,1008.1,2.8,4.6,275,Mace Head
2023-07-13,10.0,18.0,220.0,22.0,1150.0,17.1,12.3,1.4,,1008.2,1.8,2.7,275,Mace Head
2023-07-14,11.9,19.0,300.0,22.0,577.0,16.7,13.7,3.5,,997.1,1.3,1.9,275,Mace Head
2023-07-15,24.9,33.0,300.0,43.0,1071.0,15.7,13.4,5.0,,993.6,1.6,3.1,275,Mace Head
2023-07-16,15.6,27.0,290.0,31.0,2464.0,16.8,12.7,2.5,,1004.2,3.4,5.6,275,Mace Head
2023-07-17,9.0,16.0,260.0,19.0,2179.0,17.9,12.5,5.4,,1011.8,3.2,4.7,275,Mace Head
2023-07-18,10.6,17.0,330.0,22.0,2092.0,19.2,12.7,5.4,,1012.9,3.1,4.6,275,Mace Head
2023-07-19,11.9,19.0,310.0,23.0,2159.0,17.5,13.3,0.0,,1016.5,3.5,5.1,275,Mace Head
2023-07-20,11.5,18.0,290.0,21.0,2078.0,17.4,12.8,0.0,,1016.6,3.2,4.8,275,Mace Head
2023-07-21,16.6,24.0,220.0,30.0,722.0,16.4,12.8,5.2,,1010.0,1.6,2.5,275,Mace Head
2023-07-22,11.0,21.0,260.0,24.0,622.0,16.4,15.0,5.1,,1000.1,1.0,1.6,275,Mace Head
2023-07-23,10.2,19.0,270.0,24.0,891.0,17.7,13.4,0.7,,1001.7,1.6,2.4,275,Mace Head
2023-07-24,11.6,18.0,340.0,22.0,2202.0,17.9,12.7,0.0,,1009.4,3.5,5.1,275,Mace Head
2023-07-25,8.2,16.0,190.0,20.0,2442.0,18.2,10.1,0.2,,1009.0,3.1,4.7,275,Mace Head
2023-07-26,15.5,19.0,180.0,25.0,534.0,16.6,14.8,13.5,,1001.1,0.9,1.5,275,Mace Head
2023-07-27,13.0,17.0,210.0,21.0,1835.0,17.3,14.7,0.1,,998.5,2.9,4.4,275,Mace Head
2023-07-28,20.6,28.0,200.0,34.0,1392.0,16.9,13.6,2.6,,996.8,2.4,3.9,275,Mace Head
2023-07-29,24.9,29.0,250.0,39.0,1770.0,17.0,13.2,4.7,,998.8,2.5,4.6,275,Mace Head
2023-07-30,18.5,26.0,210.0,32.0,489.0,16.9,13.3,11.1,,1000.9,1.1,1.8,275,Mace Head
2023-07-31,21.4,28.0,240.0,34.0,1639.0,17.4,13.9,1.9,,998.8,2.1,3.9,275,Mace Head
2023-08-01,13.5,21.0,100.0,29.0,1218.0,17.6,13.6,8.0,,990.4,1.9,3.0,275,Mace Head
2023-08-02,13.7,24.0,340.0,33.0,1397.0,18.1,14.0,0.2,,992.1,2.3,3.5,275,Mace Head
2023-08-03,17.0,24.0,350.0,32.0,1729.0,16.8,13.5,0.0,,1012.0,2.8,4.5,275,Mace Head
2023-08-04,11.8,25.0,150.0,33.0,591.0,15.4,12.4,13.8,,1010.3,1.7,2.3,275,Mace Head
2023-08-05,15.0,21.0,350.0,27.0,2216.0,16.9,11.2,5.2,,1008.0,2.3,4.1,275,Mace Head
2023-08-06,14.1,19.0,290.0,23.0,2106.0,17.1,13.8,0.1,,1018.8,3.1,4.8,275,Mace Head
2023-08-07,8.3,18.0,200.0,22.0,1232.0,17.1,12.7,0.1,,1016.4,2.2,3.1,275,Mace Head
2023-08-08,5.0,10.0,170.0,11.0,1235.0,18.6,10.8,0.2,,1012.1,2.0,2.7,275,Mace Head
2023-08-09,7.2,17.0,130.0,26.0,1780.0,20.0,15.6,1.2,,1012.0,2.5,3.7,275,Mace Head
2023-08-10,16.5,24.0,120.0,31.0,755.0,20.3,16.0,6.0,,1007.6,1.8,2.6,275,Mace Head
2023-08-11,22.8,30.0,190.0,37.0,1193.0,17.7,15.5,7.0,,1003.0,1.7,3.1,275,Mace Head
2023-08-12,22.2,29.0,200.0,37.0,1509.0,17.6,14.4,1.9,,1001.3,2.0,3.6,275,Mace Head
2023-08-13,15.5,23.0,240.0,28.0,2049.0,18.2,13.9,0.5,,1004.5,2.8,4.6,275,Mace Head
2023-08-14,12.6,19.0,320.0,23.0,2153.0,18.8,14.1,0.2,,1007.7,3.0,4.6,275,Mace Head
2023-08-15,9.4,14.0,310.0,17.0,1856.0,18.3,13.1,0.0,,1015.0,2.7,4.0,275,Mace Head
2023-08-16,5.1,17.0,130.0,23.0,2073.0,19.2,12.8,0.0,,1017.6,2.9,4.0,275,Mace Head
2023-08-17,15.8,22.0,130.0,29.0,1499.0,21.8,13.9,0.1,,1010.9,3.1,4.4,275,Mace Head
2023-08-18,17.7,26.0,80.0,36.0,493.0,19.0,14.6,20.9,,996.2,1.5,2.2,275,Mace Head
2023-08-19,21.1,32.0,240.0,39.0,1413.0,18.0,15.6,5.7,,997.0,1.8,3.3,275,Mace Head
2023-08-20,21.6,27.0,180.0,38.0,1166.0,18.4,16.0,1.5,,1010.1,1.9,3.2,275,Mace Head
2023-08-21,23.4,29.0,200.0,37.0,1233.0,18.1,15.7,2.6,,1010.4,1.9,3.3,275,Mace Head
2023-08-22,16.2,21.0,250.0,27.0,1562.0,17.8,15.1,0.0,,1013.4,2.5,3.9,275,Mace Head
2023-08-23,13.7,18.0,260.0,23.0,1345.0,17.8,13.8,0.0,,1014.4,2.5,3.6,275,Mace Head
2023-08-24,14.2,22.0,240.0,28.0,1941.0,17.1,12.8,0.9,,1011.5,2.7,4.2,275,Mace Head
2023-08-25,14.8,23.0,320.0,29.0,1725.0,17.5,13.3,0.4,,1009.5,2.4,3.8,275,Mace Head
2023-08-26,16.6,25.0,330.0,34.0,1928.0,17.7,12.7,0.0,,1011.8,2.6,4.2,275,Mace Head
2023-08-27,16.1,24.0,310.0,29.0,1224.0,17.0,13.0,3.6,,1012.8,1.9,3.0,275,Mace Head
2023-08-28,10.5,19.0,290.0,22.0,921.0,17.3,12.9,1.0,,1014.1,1.8,2.5,275,Mace Head
2023-08-29,13.5,21.0,290.0,28.0,1397.0,16.5,12.6,0.5,,1011.3,2.3,3.4,275,Mace Head
2023-08-30,7.3,19.0,130.0,25.0,683.0,15.6,11.6,2.7,,1006.2,1.5,2.0,275,Mace Head
2023-08-31,10.5,17.0,110.0,24.0,1562.0,18.0,12.7,8.0,,1001.3,1.9,3.0,275,Mace Head
2023-09-01,5.8,11.0,90.0,13.0,1552.0,19.4,12.8,1.3,,1008.6,2.1,3.0,275,Mace Head
2023-09-02,5.5,11.0,210.0,15.0,824.0,16.8,13.1,0.1,,1018.7,1.2,1.7,275,Mace Head
2023-09-03,10.1,15.0,230.0,19.0,938.0,18.0,14.6,0.0,,1022.8,1.8,2.5,275,Mace Head
2023-09-04,8.2,16.0,70.0,21.0,1917.0,25.2,11.2,0.1,,1018.0,2.9,4.0,275,Mace Head
2023-09-05,14.1,22.0,30.0,30.0,1130.0,24.4,17.5,0.0,,1012.4,3.0,3.8,275,Mace Head
2023-09-06,12.0,17.0,120.0,22.0,1070.0,22.7,16.1,0.0,,1012.1,2.2,3.0,275,Mace Head
2023-09-07,9.2,17.0,110.0,22.0,1670.0,24.8,17.3,0.0,,1011.8,3.0,4.0,275,Mace Head
2023-09-08,4.6,10.0,270.0,12.0,1808.0,21.4,17.5,1.0,,1012.8,2.5,3.4,275,Mace Head
2023-09-09,6.4,16.0,200.0,20.0,643.0,18.8,15.7,2.5,,1012.9,1.0,1.5,275,Mace Head
2023-09-10,6.0,13.0,280.0,15.0,1138.0,19.8,15.2,0.1,,1011.2,1.7,2.4,275,Mace Head
2023-09-11,10.7,22.0,340.0,30.0,836.0,16.7,12.6,8.0,,1011.3,1.5,2.1,275,Mace Head
2023-09-12,6.9,13.0,300.0,17.0,1599.0,17.3,9.6,0.0,,1017.6,2.2,3.1,275,Mace Head
2023-09-13,17.6,31.0,170.0,40.0,283.0,16.7,9.1,10.8,,1015.4,1.0,1.4,275,Mace Head
2023-09-14,9.5,19.0,270.0,23.0,1217.0,16.8,11.9,0.0,,1015.3,1.9,2.7,275,Mace Head
2023-09-15,6.4,19.0,330.0,24.0,644.0,15.8,9.9,0.3,,1014.9,1.4,1.8,275,Mace Head
2023-09-16,10.3,18.0,30.0,24.0,1382.0,17.5,9.7,0.0,,1015.9,2.3,3.1,275,Mace Head
2023-09-17,7.3,15.0,260.0,18.0,345.0,15.8,12.3,0.0,,1006.9,1.1,1.4,275,Mace Head
2023-09-18,21.8,32.0,250.0,50.0,1036.0,15.2,10.1,8.1,,997.8,1.7,2.8,275,Mace Head
2023-09-19,26.0,35.0,200.0,43.0,299.0,17.1,13.9,9.0,,988.1,0.8,1.4,275,Mace Head
2023-09-20,21.6,35.0,250.0,46.0,1133.0,16.3,11.8,1.2,,983.3,1.7,2.8,275,Mace Head
2023-09-21,12.0,21.0,280.0,28.0,1457.0,15.5,9.6,3.0,,992.8,2.0,2.9,275,Mace Head
2023-09-22,14.1,23.0,320.0,30.0,1422.0,14.3,9.4,0.2,,1004.1,2.2,3.2,275,Mace Head
2023-09-23,17.0,27.0,140.0,36.0,389.0,15.8,7.4,1.8,,1004.4,0.8,1.2,275,Mace Head
2023-09-24,19.3,33.0,200.0,41.0,196.0,15.9,13.7,57.9,,996.3,0.8,1.2,275,Mace Head
2023-09-25,23.4,29.0,180.0,44.0,1263.0,16.9,12.8,10.6,,1002.6,1.7,2.9,275,Mace Head
2023-09-26,18.1,28.0,190.0,36.0,1030.0,15.5,13.2,9.5,,1004.0,1.6,2.5,275,Mace Head
2023-09-27,21.8,35.0,270.0,44.0,410.0,16.1,12.6,10.7,,993.1,1.1,1.7,275,Mace Head
2023-09-28,23.6,31.0,170.0,40.0,368.0,15.7,12.6,14.4,,1001.0,1.6,2.3,275,Mace Head
2023-09-29,17.6,28.0,240.0,34.0,1218.0,15.9,13.5,0.0,,1011.8,2.0,3.0,275,Mace Head
2023-09-30,17.4,26.0,210.0,32.0,272.0,16.0,12.4,4.4,,1011.3,0.8,1.2,275,Mace Head
2023-10-01,18.2,22.0,210.0,29.0,1323.0,16.4,13.9,0.1,,1010.4,1.6,2.5,275,Mace Head
2023-10-02,16.2,22.0,260.0,29.0,853.0,16.2,11.9,2.2,,1010.9,1.6,2.2,275,Mace Head
2023-10-03,21.6,27.0,260.0,36.0,956.0,15.2,12.7,1.7,,1014.5,1.7,2.7,275,Mace Head
2023-10-04,21.0,27.0,220.0,34.0,726.0,15.9,13.8,6.0,,1016.1,1.3,2.0,275,Mace Head
2023-10-05,21.2,28.0,200.0,38.0,388.0,16.2,13.7,15.2,,1011.2,0.6,1.1,275,Mace Head
2023-10-06,21.1,26.0,200.0,32.0,224.0,15.8,15.3,1.8,,1012.6,0.5,0.9,275,Mace Head
2023-10-07,8.9,19.0,180.0,25.0,461.0,17.2,14.3,0.0,,1015.1,1.0,1.3,275,Mace Head
2023-10-08,6.5,16.0,230.0,20.0,610.0,16.6,14.4,0.1,,1018.7,0.9,1.2,275,Mace Head
2023-10-09,6.1,10.0,220.0,13.0,826.0,15.6,12.4,0.1,,1016.9,0.8,1.2,275,Mace Head
2023-10-10,17.0,24.0,210.0,30.0,342.0,16.4,12.9,2.1,,1010.7,0.5,0.9,275,Mace Head
2023-10-11,7.8,14.0,310.0,18.0,531.0,13.0,6.0,0.5,,1009.6,0.5,0.9,275,Mace Head
2023-10-12,3.7,7.0,140.0,12.0,976.0,13.1,5.2,0.0,,1006.1,1.0,1.4,275,Mace Head
2023-10-13,19.2,28.0,300.0,38.0,906.0,13.1,9.0,1.3,,1004.6,1.5,2.2,275,Mace Head
2023-10-14,15.0,24.0,300.0,35.0,914.0,11.6,6.1,1.1,,1018.5,1.4,1.9,275,Mace Head
2023-10-15,5.8,10.0,70.0,13.0,822.0,11.0,3.6,0.0,,1022.6,0.9,1.3,275,Mace Head
2023-10-16,11.1,15.0,90.0,20.0,1036.0,12.8,6.1,0.0,,1015.9,1.4,1.8,275,Mace Head
2023-10-17,18.2,25.0,80.0,37.0,176.0,10.5,6.9,20.3,,1003.3,0.7,1.1,275,Mace Head
2023-10-18,18.3,26.0,100.0,34.0,181.0,13.3,10.4,16.2,,985.5,0.5,0.8,275,Mace Head
2023-10-19,7.3,17.0,80.0,21.0,248.0,13.8,11.3,3.6,,974.0,0.4,0.6,275,Mace Head
2023-10-20,10.2,17.0,70.0,25.0,380.0,15.5,8.5,6.4,,979.8,0.7,1.0,275,Mace Head
2023-10-21,6.8,11.0,50.0,16.0,622.0,11.7,6.7,0.0,,989.3,0.9,1.1,275,Mace Head
2023-10-22,7.9,19.0,70.0,25.0,732.0,13.9,6.5,1.1,,996.6,0.9,1.2,275,Mace Head
2023-10-23,10.8,17.0,100.0,23.0,320.0,12.9,9.3,2.4,,996.0,0.6,0.8,275,Mace Head
2023-10-24,6.9,11.0,80.0,14.0,709.0,13.9,6.2,0.3,,994.4,0.6,0.9,275,Mace Head
2023-10-25,15.1,24.0,230.0,30.0,275.0,12.6,6.1,12.7,,988.7,0.5,0.8,275,Mace Head
2023-10-26,13.1,19.0,180.0,23.0,537.0,14.4,11.4,10.5,,981.2,0.8,1.1,275,Mace Head
2023-10-27,11.9,19.0,120.0,28.0,533.0,13.1,8.5,0.9,,978.1,0.7,0.9,275,Mace Head
2023-10-28,12.9,19.0,150.0,26.0,652.0,14.4,9.9,3.2,,974.9,0.8,1.1,275,Mace Head
2023-10-29,8.2,18.0,210.0,20.0,717.0,12.5,7.0,12.3,,977.8,0.6,0.8,275,Mace Head
2023-10-30,9.6,16.0,80.0,21.0,383.0,11.7,7.3,3.8,,986.6,0.5,0.7,275,Mace Head
2023-10-31,12.4,26.0,100.0,35.0,408.0,12.2,6.4,6.6,,986.6,0.3,0.6,275,Mace Head
2023-11-01,20.5,48.0,260.0,57.0,473.0,12.3,9.1,1.6,,974.9,1.0,1.4,275,Mace Head
2023-11-02,24.9,32.0,260.0,43.0,465.0,12.2,8.5,1.2,,972.0,1.3,1.8,275,Mace Head
2023-11-03,12.0,21.0,290.0,27.0,632.0,12.2,6.4,1.4,,978.0,0.6,0.8,275,Mace Head
2023-11-04,15.0,23.0,60.0,30.0,214.0,10.7,6.3,4.1,,968.4,0.7,1.0,275,Mace Head
2023-11-05,20.9,29.0,280.0,40.0,434.0,11.7,8.1,3.2,,980.7,0.9,1.2,275,Mace Head
2023-11-06,23.8,32.0,290.0,42.0,421.0,11.5,8.9,2.8,,994.9,1.3,1.8,275,Mace Head
2023-11-07,17.5,29.0,150.0,36.0,464.0,11.8,9.0,2.5,,997.9,1.3,1.6,275,Mace Head
2023-11-08,26.1,37.0,270.0,46.0,381.0,11.4,6.6,3.6,,992.2,0.9,1.4,275,Mace Head
2023-11-09,27.6,39.0,270.0,52.0,301.0,11.3,6.5,5.3,,985.0,0.9,1.5,275,Mace Head
2023-11-10,17.6,26.0,320.0,38.0,510.0,11.6,7.6,0.3,,995.1,0.7,0.9,275,Mace Head
2023-11-11,11.4,21.0,90.0,29.0,366.0,8.7,3.2,0.1,,1000.1,0.4,0.5,275,Mace Head
2023-11-12,17.0,30.0,210.0,39.0,422.0,13.1,7.4,11.4,,988.6,0.6,0.7,275,Mace Head
2023-11-13,23.9,44.0,310.0,53.0,451.0,12.8,8.7,18.2,,980.1,0.6,0.9,275,Mace Head
2023-11-14,24.3,30.0,270.0,41.0,423.0,12.5,8.9,0.9,,999.9,0.9,1.3,275,Mace Head
2023-11-15,14.3,28.0,280.0,35.0,388.0,11.8,8.0,0.1,,1012.3,1.0,1.2,275,Mace Head
2023-11-16,17.6,31.0,280.0,44.0,277.0,11.0,6.1,3.7,,1009.1,0.7,1.0,275,Mace Head
2023-11-17,16.7,31.0,280.0,38.0,92.0,12.7,8.1,10.4,,1006.2,0.8,1.1,275,Mace Head
2023-11-18,24.6,30.0,210.0,40.0,178.0,13.2,11.0,1.7,,995.4,0.4,0.7,275,Mace Head
2023-11-19,24.1,32.0,260.0,42.0,297.0,12.3,10.0,2.0,,996.4,0.5,0.7,275,Mace Head
2023-11-20,21.3,29.0,320.0,41.0,387.0,11.6,9.3,1.0,,1014.1,0.4,0.5,275,Mace Head
2023-11-21,11.4,21.0,240.0,26.0,142.0,11.2,7.8,0.1,,1027.7,0.6,0.8,275,Mace Head
2023-11-22,21.0,25.0,250.0,31.0,151.0,12.1,10.7,0.0,,1027.0,0.6,0.9,275,Mace Head
2023-11-23,18.0,26.0,260.0,32.0,103.0,12.3,10.4,0.0,,1026.3,0.4,0.6,275,Mace Head
2023-11-24,7.0,13.0,310.0,15.0,359.0,10.9,6.6,0.0,,1024.4,0.2,0.2,275,Mace Head
2023-11-25,11.8,17.0,140.0,22.0,167.0,10.1,6.0,0.7,,1016.0,0.5,0.7,275,Mace Head
2023-11-26,12.1,16.0,160.0,22.0,229.0,11.3,9.9,2.6,,1006.6,0.3,0.4,275,Mace Head
2023-11-27,9.4,20.0,340.0,26.0,384.0,10.3,5.2,0.2,,1007.2,0.2,0.2,275,Mace Head
2023-11-28,3.5,7.0,350.0,9.0,272.0,9.8,4.7,0.0,,1009.1,0.3,0.5,275,Mace Head
2023-11-29,9.9,19.0,70.0,23.0,266.0,6.2,0.6,0.0,,1003.9,0.4,0.5,275,Mace Head
2023-11-30,8.1,15.0,40.0,20.0,426.0,5.7,1.2,0.0,,1006.0,0.6,0.6,275,Mace Head
2023-12-01,4.0,9.0,330.0,12.0,365.0,7.7,2.1,0.4,,1008.4,0.1,0.2,275,Mace Head
2023-12-02,5.4,12.0,240.0,19.0,229.0,7.9,1.2,2.0,,1007.4,0.2,0.3,275,Mace Head
2023-12-03,9.5,16.0,70.0,21.0,263.0,4.7,-0.3,0.4,,1004.5,0.2,0.2,275,Mace Head
2023-12-04,11.0,20.0,340.0,28.0,387.0,6.8,0.6,0.0,,1007.2,0.3,0.3,275,Mace Head
2023-12-05,8.6,19.0,110.0,25.0,260.0,6.7,1.1,0.6,,1010.4,0.3,0.4,275,Mace Head
2023-12-06,22.2,35.0,140.0,45.0,26.0,10.1,5.3,17.4,,999.7,0.5,0.8,275,Mace Head
2023-12-07,20.5,29.0,210.0,39.0,246.0,11.6,9.3,6.0,,987.7,0.6,0.8,275,Mace Head
2023-12-08,28.8,42.0,240.0,57.0,91.0,10.8,8.7,5.5,,987.7,0.9,1.3,275,Mace Head
2023-12-09,28.7,44.0,260.0,55.0,297.0,11.7,8.5,11.0,,989.0,0.7,0.9,275,Mace Head
2023-12-10,25.6,49.0,250.0,63.0,142.0,11.2,8.4,7.4,,986.3,0.5,0.8,275,Mace Head
2023-12-11,12.1,21.0,290.0,27.0,81.0,11.1,6.2,12.3,,994.1,0.4,0.5,275,Mace Head
2023-12-12,11.6,26.0,340.0,35.0,176.0,10.1,8.1,3.0,,996.1,0.4,0.5,275,Mace Head
2023-12-13,14.5,24.0,250.0,30.0,235.0,11.0,7.9,0.3,,1008.2,0.5,0.5,275,Mace Head
2023-12-14,17.6,25.0,260.0,31.0,97.0,11.0,8.9,0.1,,1018.1,1.0,1.2,275,Mace Head
2023-12-15,17.2,24.0,200.0,30.0,151.0,11.0,9.2,0.1,,1027.4,0.6,0.8,275,Mace Head
2023-12-16,23.6,32.0,190.0,43.0,116.0,11.2,10.4,0.8,,1025.2,0.3,0.5,275,Mace Head
2023-12-17,25.2,33.0,200.0,45.0,53.0,12.0,10.7,10.6,,1019.1,0.4,0.7,275,Mace Head
2023-12-18,10.9,16.0,210.0,20.0,121.0,11.2,8.5,0.4,,1018.6,0.1,0.2,275,Mace Head
2023-12-19,22.3,32.0,280.0,47.0,229.0,10.4,8.1,0.8,,1020.9,1.1,1.3,275,Mace Head
2023-12-20,27.8,35.0,280.0,42.0,54.0,11.6,9.7,0.1,,1019.1,0.6,1.1,275,Mace Head
2023-12-21,32.1,38.0,280.0,50.0,134.0,11.7,10.5,0.3,,1014.8,0.5,0.8,275,Mace Head
2023-12-22,27.1,36.0,280.0,46.0,231.0,11.4,9.5,0.0,,1016.2,0.8,1.1,275,Mace Head
2023-12-23,27.1,32.0,240.0,40.0,109.0,12.1,9.7,2.4,,1007.8,0.4,0.7,275,Mace Head
2023-12-24,23.3,28.0,250.0,38.0,207.0,11.9,10.2,1.5,,999.6,0.3,0.4,275,Mace Head
2023-12-25,26.1,36.0,260.0,48.0,157.0,10.8,8.2,1.6,,1002.0,1.1,1.5,275,Mace Head
2023-12-26,14.0,28.0,90.0,40.0,109.0,9.4,4.2,14.9,,1001.8,0.6,0.8,275,Mace Head
2023-12-27,19.2,32.0,230.0,45.0,146.0,10.6,6.5,17.2,,985.5,0.4,0.6,275,Mace Head
2023-12-28,32.3,43.0,250.0,60.0,192.0,10.2,7.7,2.1,,990.8,1.4,2.2,275,Mace Head
2023-12-29,23.6,37.0,260.0,47.0,237.0,9.4,6.3,0.4,,999.6,1.5,2.0,275,Mace Head
2023-12-30,25.6,40.0,190.0,52.0,179.0,10.0,5.9,18.5,,984.2,0.6,0.9,275,Mace Head
2023-12-31,30.8,39.0,290.0,54.0,278.0,9.7,6.5,5.0,,981.5,0.8,1.2,275,Mace Head
2024-01-01,19.1,32.0,230.0,41.0,39.0,11.2,5.8,10.0,,984.8,1.0,1.4,275,Mace Head
2024-01-02,16.4,25.0,230.0,32.0,122.0,10.6,8.4,7.7,,976.8,0.5,0.6,275,Mace Head
2024-01-03,18.1,30.0,260.0,39.0,236.0,10.0,7.8,7.2,,985.9,0.6,0.7,275,Mace Head
2024-01-04,16.0,26.0,250.0,32.0,243.0,9.3,6.8,1.2,,996.8,0.8,1.0,275,Mace Head
2024-01-05,11.9,22.0,310.0,27.0,277.0,8.5,4.7,0.3,,1007.3,0.5,0.5,275,Mace Head
2024-01-06,4.8,21.0,310.0,27.0,373.0,8.9,3.2,0.3,,1019.5,0.1,0.1,275,Mace Head
2024-01-07,6.6,12.0,90.0,14.0,390.0,6.5,1.8,0.0,,1027.0,0.1,0.2,275,Mace Head
2024-01-08,12.6,20.0,110.0,29.0,367.0,3.9,0.5,0.0,,1030.0,0.3,0.4,275,Mace Head
2024-01-09,12.1,18.0,100.0,23.0,262.0,4.6,-0.2,0.0,,1030.6,0.6,0.7,275,Mace Head
2024-01-10,12.5,21.0,80.0,26.0,416.0,5.0,0.5,0.0,,1033.1,0.4,0.5,275,Mace Head
2024-01-11,8.8,16.0,80.0,20.0,247.0,7.6,4.0,0.0,,1037.9,0.7,0.8,275,Mace Head
2024-01-12,5.1,9.0,120.0,12.0,69.0,4.9,2.0,0.0,,1036.0,0.5,0.6,275,Mace Head
2024-01-13,3.5,8.0,60.0,11.0,212.0,8.0,2.1,0.4,,1025.6,0.2,0.3,275,Mace Head
2024-01-14,4.9,10.0,30.0,14.0,368.0,7.4,1.2,0.8,,1017.3,0.1,0.1,275,Mace Head
2024-01-15,4.4,11.0,350.0,15.0,349.0,5.9,0.0,0.0,,1013.7,0.2,0.4,275,Mace Head
2024-01-16,13.1,20.0,250.0,25.0,256.0,7.7,0.5,0.7,,1003.4,0.5,0.6,275,Mace Head
2024-01-17,6.4,15.0,290.0,20.0,342.0,4.4,-1.4,1.4,,997.3,0.3,0.4,275,Mace Head
2024-01-18,5.0,17.0,210.0,22.0,457.0,5.8,-1.7,1.1,,1008.5,0.2,0.3,275,Mace Head
2024-01-19,24.4,37.0,190.0,47.0,254.0,9.0,4.5,1.7,,1010.2,1.1,1.7,275,Mace Head
2024-01-20,23.4,36.0,180.0,46.0,153.0,10.6,7.8,3.8,,999.8,0.6,1.0,275,Mace Head
2024-01-21,35.2,57.0,240.0,74.0,60.0,12.5,7.8,12.0,,982.7,0.9,1.5,275,Mace Head
2024-01-22,29.8,41.0,270.0,61.0,326.0,9.2,5.9,2.5,,999.8,1.2,1.8,275,Mace Head
2024-01-23,31.6,52.0,230.0,66.0,176.0,12.0,7.9,13.1,,1002.7,0.7,1.2,275,Mace Head
2024-01-24,17.0,38.0,260.0,50.0,332.0,10.3,8.4,0.9,,1012.8,0.8,1.0,275,Mace Head
2024-01-25,21.7,37.0,260.0,52.0,361.0,11.3,6.2,6.9,,1007.9,0.3,0.5,275,Mace Head
2024-01-26,25.3,45.0,280.0,63.0,430.0,9.9,4.9,0.4,,1015.5,1.1,1.5,275,Mace Head
2024-01-27,19.5,26.0,210.0,33.0,196.0,10.5,8.7,1.6,,1015.0,0.6,0.9,275,Mace Head
2024-01-28,20.8,33.0,180.0,44.0,120.0,12.7,5.6,0.1,,1006.8,1.2,1.6,275,Mace Head
2024-01-29,4.9,12.0,340.0,16.0,555.0,8.6,2.6,0.0,,1020.0,0.5,0.7,275,Mace Head
2024-01-30,14.7,27.0,200.0,35.0,365.0,9.3,3.4,0.2,,1024.6,0.8,1.0,275,Mace Head
2024-01-31,23.1,35.0,200.0,44.0,75.0,10.6,7.2,2.2,,1020.8,1.1,1.6,275,Mace Head
2024-02-01,14.8,23.0,220.0,30.0,238.0,10.1,7.6,0.0,,1027.8,0.8,1.1,275,Mace Head
2024-02-02,19.3,23.0,230.0,29.0,219.0,11.0,9.9,0.1,,1023.5,0.3,0.5,275,Mace Head
2024-02-03,13.2,20.0,250.0,24.0,346.0,10.3,8.6,0.0,,1023.2,0.5,0.7,275,Mace Head
2024-02-04,22.0,29.0,240.0,36.0,459.0,11.4,9.2,0.1,,1019.7,0.5,0.8,275,Mace Head
2024-02-05,19.8,27.0,220.0,36.0,214.0,10.9,9.4,0.6,,1010.4,0.7,1.0,275,Mace Head
2024-02-06,11.1,28.0,240.0,34.0,273.0,10.8,4.5,10.2,,1003.2,0.6,0.8,275,Mace Head
2024-02-07,9.2,20.0,80.0,27.0,467.0,7.1,2.3,0.5,,1000.0,0.7,0.9,275,Mace Head
2024-02-08,21.9,32.0,80.0,44.0,260.0,5.9,2.1,6.7,,981.5,0.3,0.6,275,Mace Head
2024-02-09,14.1,20.0,70.0,29.0,429.0,9.2,4.9,1.2,,969.1,0.3,0.6,275,Mace Head
2024-02-10,10.9,19.0,300.0,25.0,505.0,9.4,4.3,1.5,,978.2,0.5,0.8,275,Mace Head
2024-02-11,19.3,29.0,270.0,35.0,711.0,8.8,5.1,1.0,,990.1,1.0,1.5,275,Mace Head
2024-02-12,20.6,30.0,250.0,40.0,541.0,8.6,5.8,1.2,,998.7,1.4,2.0,275,Mace Head
2024-02-13,9.2,14.0,230.0,18.0,409.0,9.6,5.5,6.6,,1000.4,0.6,0.8,275,Mace Head
2024-02-14,11.7,18.0,190.0,22.0,215.0,10.9,9.0,10.0,,998.6,0.3,0.5,275,Mace Head
2024-02-15,10.7,19.0,220.0,25.0,608.0,11.0,9.6,2.3,,998.4,0.4,0.7,275,Mace Head
2024-02-16,12.7,22.0,230.0,27.0,408.0,10.7,9.2,0.8,,1008.4,0.4,0.6,275,Mace Head
2024-02-17,12.0,19.0,130.0,25.0,215.0,11.2,9.1,7.7,,1015.2,0.4,0.6,275,Mace Head
2024-02-18,12.4,23.0,220.0,31.0,718.0,11.5,9.0,2.2,,1021.7,0.4,0.8,275,Mace Head
2024-02-19,15.3,23.0,210.0,28.0,748.0,11.2,9.5,0.4,,1024.3,0.6,1.0,275,Mace Head
2024-02-20,15.8,28.0,210.0,34.0,717.0,11.0,8.5,1.3,,1012.8,0.5,0.9,275,Mace Head
2024-02-21,19.9,32.0,210.0,41.0,691.0,10.9,5.8,6.8,,993.6,0.4,0.8,275,Mace Head
2024-02-22,22.1,34.0,290.0,43.0,553.0,7.9,3.9,2.2,,979.4,1.1,1.7,275,Mace Head
2024-02-23,21.4,33.0,290.0,43.0,469.0,7.8,3.7,5.2,,981.2,1.0,1.7,275,Mace Head
2024-02-24,11.4,23.0,300.0,34.0,809.0,10.5,5.5,1.6,,989.0,1.0,1.5,275,Mace Head
2024-02-25,13.9,20.0,70.0,28.0,642.0,9.7,5.0,3.3,,998.0,1.2,1.7,275,Mace Head
2024-02-26,12.2,23.0,350.0,30.0,1041.0,10.1,5.8,0.0,,1016.3,1.3,1.9,275,Mace Head
2024-02-27,17.4,25.0,260.0,33.0,686.0,10.6,8.3,1.0,,1014.9,1.1,1.7,275,Mace Head
2024-02-28,19.9,34.0,260.0,44.0,163.0,10.6,7.2,12.5,,1006.6,0.8,1.3,275,Mace Head
2024-02-29,21.8,35.0,260.0,45.0,674.0,8.3,3.1,8.2,,992.6,1.2,1.9,275,Mace Head
2024-03-01,16.2,25.0,290.0,35.0,504.0,7.1,2.7,1.7,,989.3,1.2,1.7,275,Mace Head
2024-03-02,19.2,31.0,350.0,44.0,779.0,7.8,3.8,2.0,,995.9,1.4,2.2,275,Mace Head
2024-03-03,13.1,27.0,310.0,36.0,1041.0,10.1,4.9,5.5,,997.4,1.4,2.0,275,Mace Head
2024-03-04,21.4,32.0,100.0,45.0,358.0,8.5,5.3,1.3,,990.8,0.8,1.4,275,Mace Head
2024-03-05,20.7,44.0,260.0,55.0,1095.0,11.1,6.8,2.8,,995.8,1.5,2.4,275,Mace Head
2024-03-06,19.8,23.0,120.0,30.0,554.0,12.4,8.2,0.2,,1008.1,1.2,1.8,275,Mace Head
2024-03-07,18.3,23.0,90.0,31.0,1009.0,11.5,5.3,0.0,,1009.6,1.2,2.0,275,Mace Head
2024-03-08,20.6,28.0,80.0,37.0,822.0,9.7,4.6,0.0,,1001.4,1.6,2.5,275,Mace Head
2024-03-09,18.1,29.0,60.0,41.0,578.0,8.4,3.6,0.0,,994.1,1.3,2.0,275,Mace Head
2024-03-10,6.5,12.0,70.0,17.0,465.0,10.1,6.5,0.0,,998.5,1.0,1.4,275,Mace Head
2024-03-11,7.6,23.0,100.0,32.0,420.0,9.7,5.9,11.9,,1001.0,0.6,0.9,275,Mace Head
2024-03-12,15.6,31.0,190.0,41.0,408.0,11.0,7.8,10.2,,996.7,0.5,0.9,275,Mace Head
2024-03-13,10.5,29.0,200.0,37.0,620.0,10.6,5.8,1.6,,997.0,0.8,1.3,275,Mace Head
2024-03-14,12.7,19.0,180.0,26.0,514.0,11.4,5.6,5.7,,991.9,0.7,1.1,275,Mace Head
2024-03-15,10.4,19.0,280.0,23.0,1483.0,12.0,5.1,0.0,,1000.9,1.4,2.2,275,Mace Head
2024-03-16,15.3,21.0,140.0,27.0,427.0,12.2,5.8,7.5,,1006.7,0.8,1.3,275,Mace Head
2024-03-17,12.7,28.0,240.0,35.0,1251.0,12.2,8.7,4.6,,1003.2,1.1,1.9,275,Mace Head
2024-03-18,21.3,32.0,200.0,40.0,298.0,11.3,9.2,8.7,,998.4,0.7,1.2,275,Mace Head
2024-03-19,7.9,23.0,240.0,27.0,1035.0,11.7,7.8,0.1,,1005.6,1.2,1.8,275,Mace Head
2024-03-20,10.4,19.0,190.0,23.0,1557.0,11.4,6.3,0.0,,1016.7,1.9,2.8,275,Mace Head
2024-03-21,21.7,31.0,210.0,37.0,301.0,11.1,8.7,0.8,,1017.0,0.9,1.5,275,Mace Head
2024-03-22,24.5,36.0,290.0,49.0,1322.0,9.4,4.6,2.5,,1017.7,1.6,3.0,275,Mace Head
2024-03-23,24.9,37.0,300.0,50.0,1522.0,9.6,4.0,3.0,,1014.3,1.6,3.1,275,Mace Head
2024-03-24,11.7,18.0,110.0,24.0,403.0,9.8,6.4,12.7,,1003.1,0.8,1.3,275,Mace Head
2024-03-25,13.3,25.0,300.0,30.0,806.0,9.6,4.7,5.5,,988.1,0.6,1.2,275,Mace Head
2024-03-26,10.7,20.0,80.0,25.0,444.0,8.3,4.7,0.7,,979.4,0.8,1.2,275,Mace Head
2024-03-27,14.4,20.0,70.0,29.0,916.0,8.0,3.3,6.3,,964.8,1.0,1.8,275,Mace Head
2024-03-28,9.2,14.0,90.0,19.0,1812.0,9.6,0.8,0.0,,968.5,1.7,2.7,275,Mace Head
2024-03-29,10.6,17.0,180.0,21.0,1501.0,11.5,5.6,0.6,,975.2,1.7,2.7,275,Mace Head
2024-03-30,15.3,22.0,150.0,29.0,1214.0,12.1,5.9,0.0,,983.4,1.8,2.9,275,Mace Head
2024-03-31,11.5,18.0,130.0,24.0,1119.0,12.6,5.9,2.4,,987.0,1.4,2.2,275,Mace Head
2024-04-01,13.1,18.0,70.0,25.0,914.0,12.8,6.1,0.0,,990.8,1.6,2.4,275,Mace Head
2024-04-02,8.8,16.0,70.0,20.0,1564.0,14.3,6.6,2.5,,994.8,2.0,3.0,275,Mace Head
2024-04-03,5.3,10.0,210.0,12.0,1345.0,11.8,7.5,0.3,,995.9,1.5,2.2,275,Mace Head
2024-04-04,11.4,21.0,110.0,27.0,911.0,12.7,4.4,7.2,,989.2,1.1,1.8,275,Mace Head
2024-04-05,20.2,31.0,180.0,39.0,847.0,12.5,10.1,9.3,,981.9,1.1,2.0,275,Mace Head
2024-04-06,31.1,45.0,170.0,60.0,1262.0,12.2,7.8,3.2,,972.9,1.2,2.8,275,Mace Head
2024-04-07,27.7,39.0,210.0,49.0,1887.0,11.5,7.8,1.3,,987.7,2.3,4.5,275,Mace Head
2024-04-08,14.6,28.0,300.0,35.0,865.0,10.0,6.9,0.9,,999.3,1.6,2.4,275,Mace Head
2024-04-09,18.2,29.0,300.0,36.0,1891.0,11.3,7.2,0.1,,1009.4,2.3,3.9,275,Mace Head
2024-04-10,21.9,29.0,210.0,37.0,437.0,12.0,8.7,5.7,,1011.1,0.9,1.6,275,Mace Head
2024-04-11,16.4,24.0,200.0,31.0,525.0,12.4,10.6,11.1,,1017.3,0.6,1.2,275,Mace Head
2024-04-12,17.3,25.0,190.0,32.0,730.0,11.9,10.3,3.4,,1016.9,0.7,1.5,275,Mace Head
2024-04-13,21.8,28.0,270.0,33.0,1912.0,11.1,8.6,0.6,,1015.9,1.8,3.7,275,Mace Head
2024-04-14,22.8,37.0,240.0,46.0,1038.0,11.2,7.4,4.0,,1012.0,1.6,2.9,275,Mace Head
2024-04-15,30.6,39.0,270.0,54.0,1709.0,10.5,5.6,1.4,,1010.8,1.7,3.8,275,Mace Head
2024-04-16,18.0,27.0,310.0,35.0,1614.0,11.3,7.8,0.0,,1019.9,2.4,3.9,275,Mace Head
2024-04-17,16.1,24.0,290.0,30.0,1017.0,12.6,7.8,0.0,,1020.1,1.9,2.9,275,Mace Head
2024-04-18,12.7,20.0,290.0,26.0,853.0,12.3,8.7,0.0,,1021.7,1.5,2.3,275,Mace Head
2024-04-19,12.2,19.0,300.0,23.0,1137.0,13.4,7.0,0.0,,1022.7,1.6,2.5,275,Mace Head
2024-04-20,4.5,9.0,110.0,12.0,2247.0,14.3,4.9,0.0,,1026.6,2.5,3.6,275,Mace Head
2024-04-21,5.3,11.0,0.0,13.0,2354.0,15.4,6.4,0.0,,1028.9,2.7,3.9,275,Mace Head
2024-04-22,7.3,18.0,340.0,25.0,2355.0,17.7,8.1,0.0,,1029.2,3.1,4.4,275,Mace Head
2024-04-23,8.8,17.0,320.0,21.0,1909.0,15.0,6.7,0.0,,1025.9,2.4,3.6,275,Mace Head
2024-04-24,10.2,16.0,320.0,19.0,2167.0,13.4,8.1,0.0,,1017.2,2.7,4.2,275,Mace Head
2024-04-25,7.5,12.0,40.0,17.0,1298.0,13.1,5.9,0.0,,1005.6,2.0,2.8,275,Mace Head
2024-04-26,10.4,20.0,350.0,25.0,2220.0,13.2,4.7,0.1,,1002.8,3.1,4.6,275,Mace Head
2024-04-27,7.2,14.0,290.0,20.0,1901.0,12.5,4.0,1.2,,1005.0,2.5,3.7,275,Mace Head
2024-04-28,10.4,20.0,270.0,24.0,1727.0,12.2,4.4,4.4,,1002.6,1.9,3.1,275,Mace Head
2024-04-29,11.2,23.0,310.0,27.0,1654.0,11.6,7.9,13.6,,996.9,2.0,3.2,275,Mace Head
2024-04-30,6.1,12.0,10.0,16.0,694.0,11.2,5.8,18.5,,997.8,1.2,1.6,275,Mace Head
2024-05-01,9.6,16.0,150.0,21.0,2169.0,14.7,7.3,8.6,,1003.4,2.7,4.1,275,Mace Head
2024-05-02,6.1,17.0,320.0,21.0,288.0,11.7,7.2,3.5,,1005.1,0.8,1.0,275,Mace Head
2024-05-03,10.3,16.0,250.0,20.0,781.0,12.4,9.9,2.9,,1005.3,1.2,1.9,275,Mace Head
2024-05-04,7.5,12.0,250.0,14.0,1064.0,13.1,9.9,0.0,,1005.8,1.6,2.3,275,Mace Head
2024-05-05,7.7,15.0,290.0,18.0,2539.0,14.7,7.8,0.0,,1005.4,2.8,4.3,275,Mace Head
2024-05-06,8.4,18.0,350.0,22.0,920.0,15.0,9.5,0.0,,1012.5,1.8,2.5,275,Mace Head
2024-05-07,4.6,7.0,180.0,10.0,1350.0,13.0,9.2,0.0,,1021.0,2.1,2.8,275,Mace Head
2024-05-08,9.1,12.0,190.0,16.0,1284.0,14.3,9.2,0.0,,1023.5,1.8,2.7,275,Mace Head
2024-05-09,7.7,14.0,140.0,18.0,1654.0,17.8,9.9,0.1,,1021.3,2.4,3.5,275,Mace Head
2024-05-10,7.2,13.0,120.0,17.0,2755.0,19.4,10.8,0.0,,1017.7,3.9,5.6,275,Mace Head
2024-05-11,5.6,13.0,130.0,15.0,2280.0,20.0,9.5,0.0,,1013.7,3.4,4.7,275,Mace Head
2024-05-12,6.3,13.0,250.0,16.0,2099.0,15.3,10.1,0.2,,1005.7,2.7,3.9,275,Mace Head
2024-05-13,11.8,22.0,70.0,30.0,586.0,14.9,10.2,16.7,,995.2,1.1,1.7,275,Mace Head
2024-05-14,8.6,18.0,350.0,22.0,1545.0,17.8,9.8,3.1,,994.5,2.4,3.5,275,Mace Head
2024-05-15,8.0,15.0,80.0,19.0,1747.0,19.4,11.7,3.7,,999.6,2.9,4.1,275,Mace Head
2024-05-16,9.6,17.0,340.0,22.0,2163.0,18.5,10.3,0.0,,1005.3,3.0,4.6,275,Mace Head
2024-05-17,18.3,30.0,350.0,37.0,2645.0,17.5,11.6,0.0,,1010.5,3.2,5.7,275,Mace Head
2024-05-18,6.8,15.0,350.0,19.0,1979.0,17.2,9.7,0.0,,1015.7,2.8,4.0,275,Mace Head
2024-05-19,5.7,12.0,270.0,14.0,2607.0,16.6,8.2,0.0,,1015.1,3.2,4.6,275,Mace Head
2024-05-20,7.8,14.0,290.0,16.0,2648.0,16.2,11.5,0.0,,1011.6,3.1,4.8,275,Mace Head
2024-05-21,8.0,12.0,300.0,15.0,1511.0,16.9,11.3,0.0,,1009.2,2.3,3.4,275,Mace Head
2024-05-22,14.5,25.0,340.0,33.0,1901.0,15.7,10.3,0.0,,1013.4,3.0,4.7,275,Mace Head
2024-05-23,14.2,21.0,330.0,27.0,2065.0,14.8,8.9,0.0,,1017.6,3.4,5.1,275,Mace Head
2024-05-24,6.3,9.0,300.0,11.0,2585.0,14.2,8.8,0.0,,1014.9,3.3,4.8,275,Mace Head
2024-05-25,15.8,22.0,110.0,30.0,844.0,13.4,8.4,5.5,,1008.2,1.4,2.3,275,Mace Head
2024-05-26,11.0,21.0,260.0,26.0,1873.0,14.4,10.4,0.8,,1005.6,2.4,3.9,275,Mace Head
2024-05-27,11.4,16.0,220.0,20.0,2182.0,14.6,9.6,3.4,,1005.4,2.5,4.1,275,Mace Head
2024-05-28,17.1,24.0,240.0,28.0,845.0,14.4,11.5,3.1,,1003.0,1.2,2.2,275,Mace Head
2024-05-29,15.8,24.0,310.0,32.0,2052.0,15.5,11.1,0.1,,1009.9,2.6,4.5,275,Mace Head
2024-05-30,16.7,24.0,320.0,33.0,1455.0,14.0,10.6,0.1,,1019.0,2.6,4.0,275,Mace Head
2024-05-31,10.3,16.0,310.0,20.0,2915.0,16.1,9.3,0.0,,1025.3,3.7,5.7,275,Mace Head
2024-06-01,8.0,18.0,290.0,22.0,3069.0,15.6,7.4,0.0,,1028.5,3.6,5.5,275,Mace Head
2024-06-02,6.7,13.0,300.0,17.0,1513.0,14.9,10.8,0.0,,1028.1,2.2,3.1,275,Mace Head
2024-06-03,11.7,14.0,270.0,18.0,1686.0,14.9,12.0,0.0,,1020.3,2.2,3.6,275,Mace Head
2024-06-04,19.0,26.0,310.0,34.0,2707.0,13.9,9.4,0.2,,1011.0,3.0,5.6,275,Mace Head
2024-06-05,15.3,25.0,300.0,34.0,2383.0,13.8,7.4,1.2,,1013.2,3.1,5.2,275,Mace Head
2024-06-06,10.9,19.0,270.0,23.0,2656.0,14.5,9.3,0.1,,1015.5,3.5,5.5,275,Mace Head
2024-06-07,13.9,21.0,250.0,25.0,2003.0,14.4,10.3,0.0,,1014.3,2.6,4.3,275,Mace Head
2024-06-08,14.9,20.0,290.0,26.0,2513.0,14.8,10.0,1.5,,1014.5,3.2,5.4,275,Mace Head
2024-06-09,17.7,24.0,300.0,29.0,825.0,13.9,10.0,0.5,,1013.7,1.5,2.5,275,Mace Head
2024-06-10,11.4,19.0,340.0,24.0,2851.0,15.9,8.0,0.0,,1016.7,3.7,5.8,275,Mace Head
2024-06-11,8.4,17.0,290.0,21.0,2800.0,15.8,7.2,0.0,,1021.6,3.7,5.5,275,Mace Head
2024-06-12,9.0,18.0,190.0,23.0,2486.0,15.1,6.5,1.0,,1014.9,2.9,4.5,275,Mace Head
2024-06-13,18.4,26.0,270.0,34.0,1568.0,15.4,10.8,11.8,,999.7,1.6,3.2,275,Mace Head
2024-06-14,15.1,26.0,270.0,35.0,2823.0,14.7,9.8,1.2,,993.6,3.3,5.7,275,Mace Head
2024-06-15,13.9,24.0,270.0,30.0,2279.0,15.9,9.6,2.9,,994.4,3.0,4.9,275,Mace Head
2024-06-16,10.0,16.0,0.0,20.0,2928.0,16.9,9.1,0.0,,1001.7,3.5,5.6,275,Mace Head
2024-06-17,14.0,20.0,340.0,26.0,1690.0,16.2,11.3,0.0,,1010.7,2.8,4.3,275,Mace Head
2024-06-18,13.5,18.0,350.0,25.0,2894.0,15.9,9.7,0.0,,1019.0,4.0,6.3,275,Mace Head
2024-06-19,7.6,13.0,260.0,17.0,2667.0,15.4,7.3,0.0,,1021.4,3.3,4.9,275,Mace Head
2024-06-20,14.8,23.0,200.0,28.0,704.0,14.0,12.8,1.9,,1015.0,1.4,2.2,275,Mace Head
2024-06-21,18.1,29.0,180.0,35.0,1447.0,15.3,12.4,14.2,,1005.5,2.0,3.5,275,Mace Head
2024-06-22,12.9,18.0,200.0,22.0,807.0,14.7,12.4,0.1,,1010.2,1.5,2.3,275,Mace Head
2024-06-23,9.8,16.0,190.0,20.0,2031.0,17.1,12.7,0.1,,1015.6,2.9,4.3,275,Mace Head
2024-06-24,13.0,19.0,210.0,23.0,2052.0,18.5,13.1,0.3,,1013.7,2.4,4.2,275,Mace Head
2024-06-25,9.7,17.0,300.0,20.0,2226.0,18.4,10.1,0.0,,1016.3,3.1,4.7,275,Mace Head
2024-06-26,16.2,28.0,220.0,39.0,1079.0,16.3,9.2,0.6,,1007.8,1.7,2.9,275,Mace Head
2024-06-27,30.9,37.0,270.0,49.0,897.0,13.7,11.3,3.1,,1004.0,1.2,2.6,275,Mace Head
2024-06-28,14.3,29.0,270.0,37.0,1595.0,15.1,11.2,4.0,,1011.2,2.4,3.9,275,Mace Head
2024-06-29,12.4,19.0,350.0,27.0,2200.0,15.6,11.5,2.2,,1012.2,3.0,4.8,275,Mace Head
2024-06-30,12.6,16.0,260.0,22.0,1322.0,14.7,11.4,0.0,,1016.0,2.2,3.4,275,Mace Head
2024-07-01,14.8,20.0,320.0,26.0,1741.0,15.3,12.0,0.6,,1018.9,2.3,3.9,275,Mace Head
2024-07-02,13.1,21.0,230.0,29.0,1529.0,15.6,12.0,0.0,,1014.9,2.6,4.0,275,Mace Head
2024-07-03,21.7,28.0,280.0,36.0,2007.0,14.9,11.6,0.5,,1005.0,2.5,4.7,275,Mace Head
2024-07-04,19.4,30.0,260.0,39.0,1638.0,14.7,10.4,2.7,,1006.3,2.2,4.0,275,Mace Head
2024-07-05,14.1,21.0,270.0,26.0,2034.0,14.6,10.9,0.3,,1002.8,2.8,4.5,275,Mace Head
2024-07-06,14.6,20.0,290.0,26.0,2117.0,15.6,10.4,1.9,,1002.9,2.9,4.7,275,Mace Head
2024-07-07,5.9,11.0,280.0,14.0,2608.0,16.6,10.5,0.1,,1006.3,3.6,5.1,275,Mace Head
2024-07-08,5.6,10.0,280.0,13.0,2535.0,18.5,8.4,0.0,,1008.5,3.5,4.9,275,Mace Head
2024-07-09,10.2,16.0,50.0,21.0,1381.0,20.0,12.1,0.0,,1007.3,3.1,4.1,275,Mace Head
2024-07-10,15.7,21.0,300.0,26.0,2579.0,16.8,13.1,0.0,,1013.3,3.5,5.8,275,Mace Head
2024-07-11,13.8,20.0,340.0,26.0,1911.0,17.7,12.4,0.0,,1020.2,3.4,5.0,275,Mace Head
2024-07-12,9.8,16.0,350.0,22.0,2087.0,18.2,12.4,0.0,,1019.7,3.4,4.9,275,Mace Head
2024-07-13,6.5,13.0,350.0,17.0,1992.0,19.5,11.1,0.0,,1013.8,3.1,4.3,275,Mace Head
2024-07-14,4.5,9.0,260.0,11.0,2021.0,17.9,9.6,0.0,,1008.3,2.9,3.9,275,Mace Head
2024-07-15,7.3,16.0,310.0,19.0,2071.0,19.1,10.9,0.0,,1005.7,3.0,4.3,275,Mace Head
2024-07-16,9.8,16.0,310.0,20.0,2165.0,18.6,13.0,0.0,,1010.5,3.2,4.8,275,Mace Head
2024-07-17,13.4,20.0,170.0,24.0,818.0,17.2,14.6,7.7,,1012.1,1.6,2.4,275,Mace Head
2024-07-18,11.3,17.0,320.0,21.0,2401.0,17.4,12.6,1.3,,1011.4,3.1,4.9,275,Mace Head
2024-07-19,17.5,24.0,190.0,31.0,787.0,16.4,12.8,10.1,,1006.9,1.6,2.5,275,Mace Head
2024-07-20,16.8,22.0,320.0,28.0,2064.0,16.5,12.6,5.6,,1004.1,2.7,4.7,275,Mace Head
2024-07-21,12.3,22.0,270.0,27.0,844.0,15.6,13.2,4.0,,1004.7,1.3,2.1,275,Mace Head
2024-07-22,9.4,18.0,260.0,24.0,1157.0,16.4,13.3,3.7,,1009.1,1.8,2.6,275,Mace Head
2024-07-23,5.3,13.0,200.0,17.0,1266.0,17.0,11.8,0.1,,1016.5,2.0,2.7,275,Mace Head
2024-07-24,12.8,17.0,180.0,21.0,968.0,16.9,13.7,3.2,,1012.5,1.2,2.1,275,Mace Head
2024-07-25,15.6,23.0,260.0,27.0,1712.0,17.4,14.0,0.0,,1005.6,2.5,4.1,275,Mace Head
2024-07-26,14.8,20.0,230.0,26.0,1948.0,17.3,13.4,2.5,,1005.5,2.8,4.6,275,Mace Head
2024-07-27,13.0,22.0,190.0,29.0,1821.0,17.9,12.9,2.2,,1012.5,2.6,4.1,275,Mace Head
2024-07-28,8.9,20.0,220.0,24.0,2302.0,18.0,10.3,0.0,,1019.2,2.9,4.5,275,Mace Head
2024-07-29,13.7,20.0,190.0,25.0,837.0,16.2,14.0,0.9,,1016.2,1.4,2.3,275,Mace Head
2024-07-30,6.7,10.0,350.0,13.0,1757.0,17.9,11.7,0.1,,1017.5,2.4,3.4,275,Mace Head
2024-07-31,5.6,10.0,250.0,12.0,1405.0,19.1,12.1,1.4,,1014.3,2.3,3.1,275,Mace Head
2024-08-01,13.6,23.0,180.0,29.0,1501.0,18.9,14.8,1.1,,1009.4,2.1,3.4,275,Mace Head
2024-08-02,18.4,26.0,190.0,33.0,1601.0,17.1,14.2,4.7,,1003.7,2.3,3.9,275,Mace Head
2024-08-03,17.1,26.0,260.0,33.0,1350.0,16.4,12.7,1.9,,1007.8,2.2,3.5,275,Mace Head
2024-08-04,23.4,29.0,190.0,37.0,295.0,17.0,14.9,14.6,,1003.4,0.9,1.5,275,Mace Head
2024-08-05,16.4,26.0,200.0,32.0,2399.0,17.6,14.4,4.4,,999.4,2.7,4.9,275,Mace Head
2024-08-06,21.2,25.0,240.0,34.0,1634.0,16.9,14.1,0.0,,1001.2,2.7,4.5,275,Mace Head
2024-08-07,18.5,29.0,250.0,37.0,1383.0,17.4,13.7,1.1,,1003.9,2.2,3.6,275,Mace Head
2024-08-08,15.2,26.0,270.0,33.0,587.0,16.8,14.4,2.7,,1002.5,1.0,1.7,275,Mace Head
2024-08-09,19.7,26.0,250.0,31.0,2089.0,18.0,14.5,0.0,,1008.0,2.6,4.7,275,Mace Head
2024-08-10,11.6,18.0,260.0,22.0,2364.0,18.2,12.9,0.0,,1014.2,2.8,4.6,275,Mace Head
2024-08-11,14.4,22.0,130.0,29.0,1149.0,21.9,12.5,8.6,,1008.7,2.3,3.3,275,Mace Head
2024-08-12,20.5,28.0,240.0,34.0,2038.0,18.1,14.1,2.6,,999.2,2.3,4.3,275,Mace Head
2024-08-13,18.3,25.0,230.0,34.0,2155.0,17.2,14.0,2.2,,1002.6,2.5,4.5,275,Mace Head
2024-08-14,15.9,26.0,200.0,34.0,1193.0,17.1,13.7,4.5,,1008.5,1.7,2.9,275,Mace Head
2024-08-15,18.0,25.0,220.0,30.0,2023.0,16.7,13.4,10.4,,1006.7,2.4,4.3,275,Mace Head
2024-08-16,18.8,25.0,230.0,33.0,827.0,16.5,14.0,0.0,,1011.2,2.5,3.5,275,Mace Head
2024-08-17,18.5,24.0,260.0,29.0,932.0,16.9,13.6,1.0,,1008.8,2.0,3.0,275,Mace Head
2024-08-18,14.5,22.0,260.0,28.0,1662.0,16.9,14.7,0.0,,1010.6,2.8,4.2,275,Mace Head
2024-08-19,17.6,27.0,290.0,34.0,917.0,17.4,12.9,12.2,,1002.1,1.3,2.3,275,Mace Head
2024-08-20,24.5,32.0,280.0,39.0,1848.0,15.7,12.1,2.7,,1006.3,2.6,4.7,275,Mace Head
2024-08-21,26.3,36.0,190.0,49.0,402.0,16.3,13.8,7.9,,1001.0,1.1,1.8,275,Mace Head
2024-08-22,17.7,29.0,290.0,36.0,683.0,15.9,11.4,17.3,,993.6,1.2,1.9,275,Mace Head
2024-08-23,21.5,28.0,280.0,38.0,1622.0,16.2,11.8,7.3,,994.1,2.4,4.1,275,Mace Head
2024-08-24,19.9,26.0,240.0,35.0,1756.0,15.5,11.1,2.4,,1001.7,2.4,4.2,275,Mace Head
2024-08-25,25.7,33.0,240.0,41.0,404.0,15.5,13.2,4.3,,1006.3,1.6,2.4,275,Mace Head
2024-08-26,17.5,27.0,170.0,33.0,712.0,16.5,14.1,21.1,,1005.2,1.2,2.0,275,Mace Head
2024-08-27,18.3,30.0,190.0,39.0,1698.0,17.6,13.9,2.2,,1002.2,1.8,3.3,275,Mace Head
2024-08-28,17.4,22.0,240.0,31.0,1616.0,16.7,13.2,2.7,,1006.5,2.0,3.5,275,Mace Head
2024-08-29,13.7,22.0,250.0,27.0,1921.0,16.5,13.0,0.2,,1014.1,2.5,4.0,275,Mace Head
2024-08-30,5.0,10.0,150.0,13.0,2111.0,18.4,10.4,0.0,,1020.4,2.8,3.8,275,Mace Head
2024-08-31,9.8,15.0,140.0,22.0,1947.0,20.6,11.3,0.0,,1017.2,2.9,4.1,275,Mace Head
2024-09-01,11.0,16.0,110.0,21.0,895.0,20.3,13.6,2.0,,1010.5,1.9,2.5,275,Mace Head
2024-09-02,13.8,22.0,320.0,28.0,1577.0,16.4,13.0,0.0,,1010.2,2.2,3.4,275,Mace Head
2024-09-03,15.4,21.0,310.0,27.0,1218.0,16.2,11.6,0.2,,1013.9,2.1,3.2,275,Mace Head
2024-09-04,15.9,25.0,310.0,32.0,1080.0,15.2,11.0,0.4,,1019.4,2.1,3.1,275,Mace Head
2024-09-05,8.9,15.0,30.0,19.0,1949.0,20.0,10.5,0.0,,1018.6,3.0,4.1,275,Mace Head
2024-09-06,7.1,21.0,60.0,27.0,1832.0,22.9,14.4,0.0,,1012.5,2.8,3.8,275,Mace Head
2024-09-07,6.0,14.0,350.0,17.0,1734.0,21.0,14.4,0.0,,1008.8,2.4,3.3,275,Mace Head
2024-09-08,16.1,22.0,320.0,31.0,1460.0,15.4,12.3,0.0,,1010.0,2.1,3.3,275,Mace Head
2024-09-09,18.6,28.0,270.0,35.0,833.0,15.5,12.2,0.3,,1011.6,1.9,2.8,275,Mace Head
2024-09-10,22.2,30.0,280.0,38.0,1257.0,14.7,10.1,0.9,,1008.5,1.8,3.2,275,Mace Head
2024-09-11,19.1,27.0,300.0,37.0,1292.0,14.2,9.9,0.8,,1013.3,2.3,3.5,275,Mace Head
2024-09-12,11.3,19.0,320.0,25.0,1830.0,14.5,7.2,0.0,,1020.2,2.3,3.5,275,Mace Head
2024-09-13,16.7,27.0,210.0,34.0,467.0,14.7,7.7,2.5,,1022.1,0.9,1.5,275,Mace Head
2024-09-14,19.0,30.0,200.0,38.0,389.0,15.4,13.4,2.9,,1018.0,0.6,1.1,275,Mace Head
2024-09-15,6.1,14.0,270.0,17.0,1529.0,16.3,12.4,0.8,,1021.7,1.7,2.5,275,Mace Head
2024-09-16,6.3,11.0,120.0,15.0,839.0,17.4,11.8,0.0,,1025.7,1.2,1.7,275,Mace Head
2024-09-17,6.4,14.0,140.0,17.0,1595.0,18.6,14.1,0.0,,1027.3,2.0,2.8,275,Mace Head
2024-09-18,6.6,12.0,110.0,15.0,1701.0,19.5,11.4,0.0,,1025.9,2.2,3.1,275,Mace Head
2024-09-19,6.2,13.0,70.0,18.0,1577.0,21.9,11.5,0.0,,1023.8,2.3,3.1,275,Mace Head
2024-09-20,9.5,16.0,70.0,21.0,1493.0,22.2,12.1,0.0,,1021.3,2.7,3.5,275,Mace Head
2024-09-21,10.3,16.0,70.0,20.0,506.0,17.2,12.2,0.0,,1018.2,1.4,1.8,275,Mace Head
2024-09-22,8.2,15.0,70.0,19.0,349.0,15.7,13.3,1.5,,1013.0,1.1,1.4,275,Mace Head
2024-09-23,8.2,17.0,320.0,21.0,286.0,14.4,12.0,0.0,,1007.8,1.1,1.4,275,Mace Head
2024-09-24,8.2,15.0,350.0,18.0,1354.0,16.0,8.8,0.0,,1003.2,1.8,2.5,275,Mace Head
2024-09-25,13.0,20.0,70.0,26.0,688.0,12.1,8.0,0.0,,993.6,1.5,2.1,275,Mace Head
2024-09-26,15.0,23.0,350.0,31.0,333.0,11.7,9.3,0.1,,993.6,1.4,1.9,275,Mace Head
2024-09-27,16.6,28.0,350.0,37.0,1217.0,12.8,9.5,0.3,,1011.0,1.9,2.9,275,Mace Head
2024-09-28,11.1,20.0,140.0,27.0,945.0,14.2,9.6,0.4,,1017.9,1.7,2.3,275,Mace Head
2024-09-29,20.9,31.0,100.0,44.0,497.0,13.2,9.6,3.6,,1005.2,1.4,2.1,275,Mace Head
2024-09-30,11.8,19.0,300.0,25.0,1282.0,15.2,10.2,0.5,,1007.8,1.4,2.2,275,Mace Head
2024-10-01,8.5,13.0,20.0,18.0,1182.0,16.8,9.4,0.0,,1014.7,1.6,2.2,275,Mace Head
2024-10-02,11.4,17.0,80.0,24.0,1201.0,17.2,7.3,0.0,,1016.8,1.8,2.5,275,Mace Head
2024-10-03,16.7,22.0,130.0,30.0,469.0,14.8,9.9,0.3,,1013.1,1.1,1.6,275,Mace Head
2024-10-04,14.1,22.0,160.0,29.0,465.0,15.9,13.4,2.0,,1005.6,1.0,1.4,275,Mace Head
2024-10-05,20.4,29.0,130.0,41.0,274.0,15.8,13.2,2.7,,995.8,0.9,1.3,275,Mace Head
2024-10-06,13.6,23.0,150.0,30.0,1096.0,17.0,12.1,1.3,,987.0,1.4,2.1,275,Mace Head
2024-10-07,12.5,17.0,140.0,23.0,1020.0,17.4,11.9,0.1,,985.2,1.4,2.0,275,Mace Head
2024-10-08,11.7,20.0,40.0,25.0,503.0,15.7,10.9,1.2,,988.5,1.2,1.5,275,Mace Head
2024-10-09,10.9,18.0,10.0,23.0,864.0,14.3,8.5,0.1,,997.3,1.4,1.9,275,Mace Head
2024-10-10,7.0,15.0,340.0,20.0,1141.0,11.8,4.9,0.3,,1008.9,1.3,1.7,275,Mace Head
2024-10-11,8.5,18.0,230.0,23.0,727.0,11.8,5.4,0.5,,1010.5,1.0,1.4,275,Mace Head
2024-10-12,15.0,26.0,270.0,33.0,939.0,11.7,5.3,2.1,,1008.1,1.0,1.6,275,Mace Head
2024-10-13,14.5,22.0,140.0,29.0,272.0,11.6,6.4,0.0,,1010.7,0.8,1.2,275,Mace Head
2024-10-14,9.8,18.0,140.0,22.0,739.0,13.4,8.8,0.0,,1009.7,0.9,1.3,275,Mace Head
2024-10-15,16.4,23.0,120.0,30.0,197.0,14.8,10.9,7.3,,1000.0,0.7,1.1,275,Mace Head
2024-10-16,9.1,16.0,140.0,22.0,890.0,16.3,12.2,3.6,,991.7,0.9,1.3,275,Mace Head
2024-10-17,17.5,29.0,200.0,37.0,902.0,14.2,11.6,0.4,,998.4,1.2,1.8,275,Mace Head
2024-10-18,22.3,33.0,190.0,42.0,455.0,14.8,11.4,14.7,,998.2,0.8,1.3,275,Mace Head
2024-10-19,19.0,36.0,140.0,49.0,713.0,14.4,11.3,0.4,,996.7,1.6,2.2,275,Mace Head
2024-10-20,36.3,54.0,210.0,74.0,232.0,14.0,11.5,9.0,,989.9,1.5,2.6,275,Mace Head
2024-10-21,22.7,30.0,250.0,38.0,497.0,14.0,10.6,3.5,,1009.2,1.3,1.8,275,Mace Head
2024-10-22,11.0,21.0,200.0,25.0,645.0,14.1,9.9,0.3,,1020.0,0.9,1.2,275,Mace Head
2024-10-23,19.0,26.0,170.0,33.0,378.0,14.4,13.1,0.0,,1014.9,1.2,1.6,275,Mace Head
2024-10-24,18.8,33.0,0.0,42.0,161.0,14.9,10.0,24.4,,1003.1,0.8,1.2,275,Mace Head
2024-10-25,13.3,32.0,10.0,43.0,443.0,16.3,8.7,1.4,,1005.4,0.9,1.2,275,Mace Head
2024-10-26,12.3,28.0,230.0,38.0,254.0,12.6,8.5,2.3,,1012.5,0.8,1.1,275,Mace Head
2024-10-27,20.1,27.0,200.0,34.0,79.0,13.7,9.8,11.3,,1014.1,1.2,1.6,275,Mace Head
2024-10-28,13.3,21.0,250.0,26.0,651.0,14.0,11.1,0.2,,1016.0,0.4,0.6,275,Mace Head
2024-10-29,5.3,10.0,280.0,14.0,464.0,13.5,11.1,0.4,,1022.9,0.4,0.6,275,Mace Head
2024-10-30,8.8,14.0,220.0,17.0,327.0,13.3,11.9,1.4,,1025.5,0.3,0.5,275,Mace Head
2024-10-31,11.2,14.0,240.0,18.0,289.0,12.9,11.6,0.3,,1022.7,0.6,0.8,275,Mace Head
2024-11-01,7.9,16.0,230.0,20.0,139.0,13.5,12.1,0.0,,1022.9,0.9,1.1,275,Mace Head
2024-11-02,9.1,13.0,160.0,17.0,164.0,12.6,11.6,0.0,,1025.3,0.7,0.9,275,Mace Head
2024-11-03,8.5,11.0,130.0,16.0,98.0,12.3,10.9,0.1,,1023.0,0.6,0.8,275,Mace Head
2024-11-04,8.5,13.0,120.0,16.0,266.0,12.6,8.7,0.0,,1018.9,0.5,0.6,275,Mace Head
2024-11-05,11.6,16.0,110.0,21.0,235.0,14.6,10.7,0.2,,1015.1,0.7,0.9,275,Mace Head
2024-11-06,14.1,21.0,130.0,27.0,328.0,16.4,13.3,0.4,,1018.8,0.7,0.9,275,Mace Head
2024-11-07,18.4,25.0,130.0,32.0,153.0,15.2,13.5,0.0,,1017.9,0.9,1.2,275,Mace Head
2024-11-08,15.6,20.0,140.0,28.0,324.0,14.0,12.2,0.0,,1016.4,0.8,1.0,275,Mace Head
2024-11-09,12.5,17.0,120.0,23.0,117.0,14.3,11.8,1.2,,1016.1,0.7,0.9,275,Mace Head
2024-11-10,8.0,15.0,190.0,18.0,566.0,13.6,7.0,0.1,,1024.2,0.0,0.2,275,Mace Head
2024-11-11,6.0,9.0,100.0,11.0,584.0,12.5,6.3,0.0,,1034.7,0.3,0.4,275,Mace Head
2024-11-12,4.8,9.0,110.0,12.0,352.0,11.1,6.9,0.0,,1037.8,0.2,0.3,275,Mace Head
2024-11-13,4.3,8.0,320.0,10.0,213.0,12.1,8.7,0.1,,1036.5,0.3,0.4,275,Mace Head
2024-11-14,3.5,8.0,20.0,9.0,174.0,13.7,8.2,0.1,,1031.7,0.3,0.4,275,Mace Head
2024-11-15,10.6,19.0,240.0,23.0,356.0,13.0,11.4,2.0,,1023.4,0.3,0.4,275,Mace Head
2024-11-16,12.4,21.0,310.0,28.0,180.0,12.2,9.0,0.4,,1018.2,0.8,1.0,275,Mace Head
2024-11-17,15.2,23.0,280.0,28.0,258.0,12.0,9.2,3.4,,1014.7,0.7,0.9,275,Mace Head
2024-11-18,10.6,19.0,100.0,25.0,136.0,9.5,4.6,6.0,,1003.7,0.4,0.5,275,Mace Head
2024-11-19,8.1,23.0,20.0,40.0,280.0,5.6,1.3,2.8,,1002.6,0.3,0.4,275,Mace Head
2024-11-20,11.1,22.0,100.0,29.0,131.0,6.6,0.2,8.8,,1007.2,0.8,1.0,275,Mace Head
2024-11-21,12.7,27.0,70.0,32.0,395.0,5.2,0.1,7.5,,1002.2,0.5,0.6,275,Mace Head
2024-11-22,16.4,35.0,120.0,47.0,265.0,8.0,3.9,10.1,,998.8,0.9,1.2,275,Mace Head
2024-11-23,26.5,41.0,200.0,54.0,156.0,13.6,4.2,30.7,,979.7,0.3,0.6,275,Mace Head
2024-11-24,32.7,43.0,210.0,56.0,256.0,12.0,8.2,4.0,,976.8,1.3,2.0,275,Mace Head
2024-11-25,18.6,34.0,280.0,44.0,217.0,10.1,6.4,2.4,,994.4,1.3,1.7,275,Mace Head
2024-11-26,7.1,20.0,310.0,30.0,380.0,8.8,2.0,1.4,,1008.3,0.2,0.3,275,Mace Head
2024-11-27,6.4,15.0,90.0,19.0,447.0,7.7,1.5,0.0,,1014.7,0.1,0.2,275,Mace Head
2024-11-28,20.4,28.0,130.0,37.0,37.0,13.1,2.8,9.9,,1012.9,0.6,0.9,275,Mace Head
2024-11-29,16.8,24.0,130.0,34.0,51.0,12.9,12.0,8.3,,1006.2,0.6,0.9,275,Mace Head
2024-11-30,19.8,29.0,180.0,39.0,105.0,13.4,11.2,4.8,,1004.1,0.4,0.6,275,Mace Head
2024-12-01,19.3,28.0,310.0,37.0,218.0,12.3,8.2,1.4,,1006.0,0.5,0.7,275,Mace Head
2024-12-02,9.1,22.0,320.0,32.0,316.0,8.8,4.3,0.5,,1015.4,0.4,0.4,275,Mace Head
2024-12-03,10.3,23.0,220.0,27.0,112.0,11.1,5.2,1.2,,1017.9,0.3,0.5,275,Mace Head
2024-12-04,18.5,38.0,190.0,51.0,52.0,12.9,5.0,3.2,,1010.6,0.4,0.7,275,Mace Head
2024-12-05,22.0,40.0,270.0,56.0,170.0,12.4,8.1,5.2,,1003.9,0.7,1.0,275,Mace Head
2024-12-06,23.8,60.0,310.0,76.0,41.0,12.9,7.2,17.1,,996.2,0.8,1.3,275,Mace Head
2024-12-07,33.1,52.0,320.0,67.0,284.0,9.5,5.4,1.4,,1011.4,1.5,2.3,275,Mace Head
2024-12-08,11.5,25.0,0.0,34.0,309.0,8.9,4.1,0.0,,1034.9,0.8,0.8,275,Mace Head
2024-12-09,6.4,11.0,70.0,14.0,383.0,7.1,0.5,0.0,,1040.0,0.1,0.1,275,Mace Head
2024-12-10,7.1,11.0,90.0,15.0,370.0,5.6,0.4,0.0,,1037.2,0.1,0.1,275,Mace Head
2024-12-11,6.3,11.0,80.0,14.0,109.0,4.6,2.4,0.0,,1033.4,0.5,0.6,275,Mace Head
2024-12-12,7.0,12.0,100.0,15.0,56.0,5.9,3.6,0.0,,1028.8,0.7,0.8,275,Mace Head
2024-12-13,7.1,15.0,320.0,19.0,189.0,9.4,4.8,0.3,,1024.9,0.4,0.5,275,Mace Head
2024-12-14,15.4,23.0,260.0,28.0,119.0,11.1,6.4,0.2,,1023.1,0.4,0.6,275,Mace Head
2024-12-15,20.3,27.0,250.0,35.0,160.0,11.4,10.1,0.1,,1024.4,0.6,0.7,275,Mace Head
2024-12-16,18.1,27.0,240.0,37.0,191.0,11.7,10.2,0.0,,1021.4,0.6,0.8,275,Mace Head
2024-12-17,20.7,31.0,200.0,40.0,39.0,12.6,9.8,2.4,,1003.5,0.5,0.8,275,Mace Head
2024-12-18,18.2,29.0,300.0,38.0,124.0,12.2,5.8,3.5,,996.4,0.6,0.8,275,Mace Head
2024-12-19,19.1,34.0,310.0,42.0,248.0,9.3,5.6,1.5,,1012.5,0.8,1.0,275,Mace Head
2024-12-20,22.7,32.0,240.0,42.0,230.0,10.8,8.5,3.4,,1012.7,0.7,0.9,275,Mace Head
2024-12-21,32.9,46.0,290.0,65.0,116.0,11.9,3.8,5.0,,1006.9,0.5,0.8,275,Mace Head
2024-12-22,29.8,46.0,300.0,64.0,237.0,8.6,3.5,5.8,,1015.2,0.9,1.4,275,Mace Head
2024-12-23,17.3,24.0,270.0,29.0,63.0,11.8,8.2,4.4,,1022.5,0.8,1.0,275,Mace Head
2024-12-24,18.4,24.0,220.0,30.0,154.0,11.4,10.8,0.1,,1021.2,0.1,0.2,275,Mace Head
2024-12-25,17.7,23.0,210.0,29.0,128.0,11.8,10.8,1.6,,1024.0,0.4,0.6,275,Mace Head
2024-12-26,10.4,19.0,210.0,23.0,113.0,11.0,10.1,3.5,,1027.5,0.2,0.3,275,Mace Head
2024-12-27,11.6,16.0,190.0,19.0,149.0,11.0,10.1,1.0,,1026.2,0.2,0.3,275,Mace Head
2024-12-28,13.1,18.0,270.0,25.0,146.0,11.0,9.4,0.4,,1025.0,0.6,0.7,275,Mace Head
2024-12-29,19.9,27.0,230.0,37.0,118.0,11.4,9.6,0.2,,1023.4,0.8,1.1,275,Mace Head
2024-12-30,26.3,33.0,240.0,44.0,102.0,11.4,10.4,0.0,,1015.6,0.9,1.3,275,Mace Head
2024-12-31,28.0,40.0,210.0,48.0,71.0,11.8,7.2,7.4,,1005.3,0.7,1.1,275,Mace Head
2025-01-01,17.4,32.0,270.0,40.0,212.0,8.7,2.8,2.2,,1006.3,0.7,0.8,275,Mace Head
2025-01-02,5.7,14.0,340.0,19.0,371.0,6.2,0.9,0.0,,1020.2,0.2,0.2,275,Mace Head
2025-01-03,4.0,10.0,170.0,14.0,299.0,7.0,0.4,0.2,,1022.0,0.1,0.2,275,Mace Head
2025-01-04,9.9,18.0,60.0,24.0,128.0,5.3,1.3,8.6,,1005.3,0.5,0.6,275,Mace Head
2025-01-05,13.9,18.0,60.0,24.0,97.0,5.0,1.4,0.1,,989.1,0.6,0.8,275,Mace Head
2025-01-06,20.9,33.0,300.0,43.0,131.0,5.2,1.6,8.8,,990.3,0.6,0.9,275,Mace Head
2025-01-07,9.8,23.0,300.0,31.0,330.0,7.3,0.5,4.6,,999.9,0.5,0.5,275,Mace Head
2025-01-08,5.7,12.0,0.0,15.0,249.0,3.2,-0.8,0.0,,1001.3,0.2,0.3,275,Mace Head
2025-01-09,7.2,19.0,90.0,25.0,379.0,5.5,-0.1,0.0,,1008.5,0.2,0.2,275,Mace Head
2025-01-10,16.3,24.0,90.0,32.0,116.0,7.8,0.3,7.2,,1011.7,0.4,0.6,275,Mace Head
2025-01-11,8.6,16.0,290.0,20.0,286.0,10.6,5.3,1.5,,1021.1,0.1,0.2,275,Mace Head
2025-01-12,13.6,20.0,180.0,25.0,85.0,11.2,5.7,1.6,,1025.7,0.3,0.5,275,Mace Head
2025-01-13,16.4,26.0,180.0,32.0,92.0,11.4,10.1,5.1,,1023.7,0.2,0.4,275,Mace Head
2025-01-14,10.1,19.0,190.0,25.0,156.0,11.0,9.2,0.5,,1027.1,0.1,0.2,275,Mace Head
2025-01-15,13.7,21.0,190.0,26.0,252.0,10.8,8.0,0.0,,1025.8,0.6,0.8,275,Mace Head
2025-01-16,14.6,26.0,180.0,32.0,177.0,10.9,8.5,0.0,,1022.6,0.6,0.8,275,Mace Head
2025-01-17,14.4,24.0,180.0,30.0,230.0,11.6,8.7,0.2,,1022.3,0.6,0.7,275,Mace Head
2025-01-18,15.1,21.0,120.0,26.0,389.0,11.7,8.1,0.0,,1016.9,0.8,0.9,275,Mace Head
2025-01-19,10.9,20.0,130.0,26.0,51.0,10.4,8.5,3.3,,1010.8,0.5,0.7,275,Mace Head
2025-01-20,4.6,13.0,280.0,16.0,260.0,8.9,5.2,0.9,,1011.4,0.1,0.2,275,Mace Head
2025-01-21,7.4,16.0,250.0,19.0,349.0,9.4,5.2,2.8,,1007.3,0.4,0.5,275,Mace Head
2025-01-22,7.0,17.0,210.0,20.0,417.0,9.5,3.6,1.7,,1000.8,0.1,0.2,275,Mace Head
2025-01-23,23.7,39.0,120.0,52.0,236.0,9.4,4.4,16.6,,978.5,1.0,1.5,275,Mace Head
2025-01-24,41.5,77.0,250.0,100.0,330.0,11.4,1.9,2.2,,969.1,1.0,1.8,275,Mace Head
2025-01-25,19.6,34.0,250.0,42.0,204.0,7.3,4.6,2.2,,994.4,1.4,1.9,275,Mace Head
2025-01-26,23.5,35.0,80.0,47.0,128.0,9.4,2.5,6.6,,975.5,0.6,1.0,275,Mace Head
2025-01-27,17.7,34.0,170.0,43.0,310.0,10.0,6.4,19.8,,961.7,0.5,0.7,275,Mace Head
2025-01-28,19.5,29.0,310.0,39.0,275.0,9.1,5.5,2.6,,984.9,0.7,1.0,275,Mace Head
2025-01-29,10.4,21.0,310.0,30.0,560.0,8.3,2.5,0.0,,1007.9,0.5,0.6,275,Mace Head
2025-01-30,14.6,32.0,210.0,40.0,254.0,9.5,3.7,5.7,,1016.1,0.6,0.8,275,Mace Head
2025-01-31,9.6,17.0,310.0,21.0,492.0,10.5,4.5,0.0,,1021.0,0.5,0.7,275,Mace Head
2025-02-01,17.2,23.0,170.0,30.0,105.0,11.3,7.7,14.2,,1012.6,0.7,1.0,275,Mace Head
2025-02-02,16.3,29.0,190.0,37.0,622.0,9.9,5.6,3.5,,1011.3,0.5,0.7,275,Mace Head
2025-02-03,26.0,32.0,190.0,42.0,86.0,11.4,9.1,15.0,,1007.1,0.4,0.7,275,Mace Head
2025-02-04,21.5,31.0,220.0,46.0,509.0,9.6,5.9,4.9,,1012.3,0.6,1.0,275,Mace Head
2025-02-05,14.2,28.0,270.0,35.0,666.0,10.2,5.6,0.0,,1030.7,1.2,1.5,275,Mace Head
2025-02-06,14.5,20.0,150.0,26.0,746.0,8.8,2.5,0.0,,1036.1,0.8,1.0,275,Mace Head
2025-02-07,10.7,17.0,100.0,22.0,649.0,6.4,0.8,0.0,,1026.8,0.7,1.0,275,Mace Head
2025-02-08,9.0,14.0,80.0,17.0,515.0,6.2,0.1,0.0,,1021.8,0.7,0.9,275,Mace Head
2025-02-09,11.4,18.0,70.0,23.0,309.0,7.3,0.2,0.0,,1029.2,0.8,1.0,275,Mace Head
2025-02-10,11.9,18.0,80.0,25.0,290.0,6.4,2.3,0.2,,1027.1,0.7,0.9,275,Mace Head
2025-02-11,14.4,19.0,100.0,25.0,467.0,6.6,2.6,2.5,,1017.5,0.6,0.9,275,Mace Head
2025-02-12,17.0,21.0,120.0,28.0,230.0,7.0,4.4,7.4,,1013.6,0.6,0.9,275,Mace Head
2025-02-13,20.2,30.0,100.0,41.0,113.0,5.8,3.8,5.0,,1012.0,0.6,0.9,275,Mace Head
2025-02-14,15.2,26.0,110.0,35.0,501.0,10.6,5.5,4.4,,1010.4,0.7,1.1,275,Mace Head
2025-02-15,15.6,20.0,100.0,26.0,375.0,10.5,6.1,0.0,,1010.0,0.6,0.9,275,Mace Head
2025-02-16,16.9,24.0,110.0,30.0,135.0,8.8,6.8,4.0,,1008.4,0.5,0.8,275,Mace Head
2025-02-17,20.4,25.0,120.0,33.0,123.0,9.6,7.5,5.1,,1007.0,0.6,1.0,275,Mace Head
2025-02-18,21.0,27.0,130.0,35.0,160.0,10.4,8.3,0.4,,1001.5,0.7,1.2,275,Mace Head
2025-02-19,18.9,30.0,170.0,40.0,253.0,11.6,8.2,8.6,,994.3,0.6,0.9,275,Mace Head
2025-02-20,23.9,35.0,210.0,58.0,662.0,11.7,8.3,6.7,,990.2,0.7,1.3,275,Mace Head
2025-02-21,20.2,33.0,150.0,45.0,617.0,11.5,8.1,10.6,,986.2,0.7,1.2,275,Mace Head
2025-02-22,17.2,24.0,150.0,34.0,901.0,11.2,8.2,1.1,,1000.5,1.1,1.6,275,Mace Head
2025-02-23,28.7,37.0,190.0,51.0,740.0,12.2,7.7,17.6,,994.9,0.8,1.5,275,Mace Head
2025-02-24,21.6,29.0,250.0,41.0,779.0,10.1,6.2,4.4,,1000.1,1.2,1.9,275,Mace Head
2025-02-25,17.9,28.0,270.0,37.0,848.0,9.0,5.3,8.6,,1008.0,1.2,1.8,275,Mace Head
2025-02-26,21.6,34.0,260.0,45.0,860.0,8.7,4.7,3.0,,1010.7,1.4,2.2,275,Mace Head
2025-02-27,6.9,15.0,270.0,21.0,1008.0,10.0,4.3,0.7,,1021.6,1.0,1.4,275,Mace Head
2025-02-28,16.4,22.0,190.0,30.0,874.0,9.7,7.0,0.2,,1023.1,1.3,1.9,275,Mace Head
2025-03-01,8.9,18.0,200.0,24.0,400.0,10.8,7.2,2.3,,1028.1,0.9,1.2,275,Mace Head
2025-03-02,12.1,19.0,210.0,23.0,793.0,11.1,6.2,0.1,,1028.5,0.9,1.4,275,Mace Head
2025-03-03,15.4,19.0,210.0,22.0,604.0,10.6,9.0,0.0,,1024.0,0.9,1.4,275,Mace Head
2025-03-04,22.2,28.0,200.0,35.0,812.0,11.1,8.5,1.6,,1017.8,1.2,2.0,275,Mace Head
2025-03-05,25.4,29.0,200.0,38.0,252.0,10.6,9.3,2.2,,1009.1,0.7,1.3,275,Mace Head
2025-03-06,14.4,23.0,180.0,29.0,326.0,10.7,8.1,2.8,,1000.5,0.8,1.2,275,Mace Head
2025-03-07,10.4,16.0,110.0,21.0,633.0,11.4,4.8,0.6,,1000.5,0.7,1.1,275,Mace Head
2025-03-08,13.7,21.0,90.0,29.0,481.0,13.3,8.7,0.8,,999.6,1.1,1.5,275,Mace Head
2025-03-09,9.8,16.0,50.0,21.0,1079.0,17.6,8.5,0.0,,1001.2,1.9,2.5,275,Mace Head
2025-03-10,11.9,19.0,60.0,25.0,1288.0,15.2,6.9,0.0,,1005.3,1.9,2.6,275,Mace Head
2025-03-11,10.0,17.0,60.0,23.0,1376.0,10.1,3.3,0.0,,1011.1,1.6,2.3,275,Mace Head
2025-03-12,8.5,15.0,30.0,22.0,1083.0,10.7,5.0,0.0,,1009.0,1.6,2.2,275,Mace Head
2025-03-13,7.2,16.0,0.0,19.0,940.0,10.6,4.6,0.0,,1007.9,1.3,1.8,275,Mace Head
2025-03-14,9.5,19.0,60.0,27.0,1089.0,11.0,3.1,0.1,,1012.9,1.4,2.1,275,Mace Head
2025-03-15,6.5,13.0,290.0,16.0,1449.0,10.4,1.9,0.0,,1022.7,1.4,2.1,275,Mace Head
2025-03-16,7.2,12.0,100.0,16.0,509.0,9.9,3.3,0.0,,1025.5,1.2,1.6,275,Mace Head
2025-03-17,12.6,19.0,100.0,25.0,405.0,9.4,6.3,0.0,,1023.5,1.5,2.0,275,Mace Head
2025-03-18,15.9,24.0,110.0,31.0,1335.0,9.9,5.2,0.0,,1017.3,2.0,3.0,275,Mace Head
2025-03-19,10.3,16.0,100.0,19.0,1556.0,14.5,2.5,0.0,,1014.4,2.0,2.9,275,Mace Head
2025-03-20,12.9,20.0,110.0,26.0,1422.0,17.5,7.3,0.0,,1008.4,2.4,3.3,275,Mace Head
2025-03-21,11.6,24.0,130.0,31.0,1182.0,14.1,9.2,4.3,,997.0,1.6,2.4,275,Mace Head
2025-03-22,20.4,31.0,330.0,40.0,1310.0,10.4,6.3,1.4,,1000.3,1.4,2.6,275,Mace Head
2025-03-23,13.5,21.0,340.0,29.0,1622.0,11.6,4.4,0.0,,1013.0,2.1,3.2,275,Mace Head
2025-03-24,7.0,14.0,240.0,17.0,949.0,11.9,3.2,1.2,,1018.3,1.1,1.6,275,Mace Head
2025-03-25,7.2,13.0,320.0,16.0,974.0,11.9,7.7,0.2,,1021.6,1.3,1.8,275,Mace Head
2025-03-26,11.8,18.0,220.0,23.0,825.0,12.2,8.0,0.1,,1019.6,1.1,1.8,275,Mace Head
2025-03-27,21.8,30.0,220.0,39.0,361.0,10.9,8.5,3.6,,1010.4,0.7,1.3,275,Mace Head
2025-03-28,22.9,34.0,280.0,45.0,1323.0,9.7,5.6,2.4,,1011.1,1.6,2.9,275,Mace Head
2025-03-29,18.8,25.0,180.0,30.0,679.0,11.8,8.0,2.6,,1014.0,1.1,1.8,275,Mace Head
2025-03-30,9.1,18.0,290.0,22.0,569.0,11.1,9.3,0.0,,1020.7,0.9,1.4,275,Mace Head
2025-03-31,7.9,18.0,120.0,26.0,1322.0,16.8,8.9,0.1,,1021.0,1.9,2.7,275,Mace Head
2025-04-01,17.4,26.0,130.0,34.0,1589.0,15.9,8.3,0.0,,1015.5,2.9,4.3,275,Mace Head
2025-04-02,12.3,18.0,100.0,22.0,1950.0,16.4,7.2,0.0,,1017.2,3.2,4.5,275,Mace Head
2025-04-03,16.2,23.0,70.0,31.0,1863.0,17.6,6.4,0.1,,1015.6,3.1,4.7,275,Mace Head
2025-04-04,17.1,23.0,90.0,30.0,1491.0,17.9,10.2,0.1,,1013.6,2.8,4.1,275,Mace Head
2025-04-05,18.2,24.0,90.0,33.0,1769.0,17.9,8.2,0.0,,1014.5,3.5,5.1,275,Mace Head
2025-04-06,13.1,22.0,90.0,27.0,1852.0,16.5,7.4,0.0,,1018.3,2.9,4.3,275,Mace Head
2025-04-07,6.5,12.0,110.0,14.0,2008.0,16.5,7.3,0.0,,1021.4,2.6,3.7,275,Mace Head
2025-04-08,8.6,13.0,110.0,16.0,1954.0,19.0,7.5,0.0,,1023.9,3.4,4.6,275,Mace Head
2025-04-09,6.3,12.0,90.0,17.0,2112.0,18.5,6.9,0.0,,1027.7,3.0,4.2,275,Mace Head
2025-04-10,4.9,10.0,300.0,13.0,2103.0,15.8,8.2,0.0,,1027.3,2.6,3.6,275,Mace Head
2025-04-11,4.5,12.0,280.0,14.0,1997.0,13.6,8.4,0.1,,1017.4,2.1,3.0,275,Mace Head
2025-04-12,12.8,21.0,290.0,27.0,825.0,11.9,8.0,1.2,,1004.6,1.8,2.6,275,Mace Head
2025-04-13,14.5,26.0,280.0,33.0,1859.0,10.5,4.8,2.5,,997.2,2.1,3.5,275,Mace Head
2025-04-14,15.5,24.0,210.0,31.0,1843.0,11.4,5.7,3.1,,993.4,2.2,3.7,275,Mace Head
2025-04-15,12.7,19.0,320.0,25.0,2267.0,12.6,3.3,0.1,,997.4,3.1,4.7,275,Mace Head
2025-04-16,8.9,17.0,300.0,21.0,1682.0,12.5,3.3,0.0,,1002.8,2.4,3.5,275,Mace Head
2025-04-17,6.5,14.0,110.0,19.0,1656.0,12.5,4.5,0.5,,1006.2,2.1,3.1,275,Mace Head
2025-04-18,18.3,29.0,30.0,39.0,289.0,9.0,6.0,14.2,,1002.6,0.8,1.3,275,Mace Head
2025-04-19,11.5,16.0,10.0,20.0,373.0,11.0,8.9,0.2,,1003.9,0.9,1.3,275,Mace Head
2025-04-20,8.3,16.0,170.0,20.0,1733.0,12.4,6.9,4.2,,1002.6,2.0,3.0,275,Mace Head
2025-04-21,14.0,22.0,270.0,25.0,2181.0,13.1,8.8,0.3,,1004.5,2.4,4.1,275,Mace Head
2025-04-22,16.5,24.0,150.0,33.0,646.0,12.5,8.9,14.0,,1003.9,1.0,1.8,275,Mace Head
2025-04-23,4.4,10.0,60.0,13.0,733.0,12.6,7.4,0.0,,1009.5,1.2,1.6,275,Mace Head
2025-04-24,12.1,18.0,130.0,24.0,629.0,13.6,9.5,20.0,,1013.6,1.0,1.6,275,Mace Head
2025-04-25,7.7,12.0,220.0,17.0,1859.0,14.1,10.1,0.7,,1013.2,2.0,3.2,275,Mace Head
2025-04-26,14.5,25.0,190.0,32.0,1546.0,14.3,9.9,7.0,,1015.3,1.7,3.1,275,Mace Head
2025-04-27,19.2,23.0,200.0,29.0,1406.0,14.2,11.7,1.4,,1015.9,1.6,3.0,275,Mace Head
2025-04-28,10.1,16.0,180.0,20.0,1569.0,17.3,11.3,0.0,,1019.4,2.5,3.6,275,Mace Head
2025-04-29,11.6,16.0,120.0,20.0,2122.0,21.3,10.3,0.0,,1019.6,3.7,5.2,275,Mace Head
2025-04-30,9.5,14.0,310.0,18.0,2343.0,22.9,12.4,0.0,,1017.5,4.2,5.7,275,Mace Head
2025-05-01,9.6,16.0,340.0,24.0,1789.0,16.0,8.2,0.0,,1016.6,2.4,3.6,275,Mace Head
2025-05-02,8.5,17.0,340.0,22.0,2546.0,16.5,6.7,0.0,,1018.1,3.2,4.7,275,Mace Head
2025-05-03,9.2,16.0,340.0,22.0,2139.0,17.2,7.4,0.0,,1018.1,3.2,4.6,275,Mace Head
2025-05-04,8.0,17.0,70.0,22.0,2332.0,15.9,4.9,0.0,,1020.7,3.1,4.6,275,Mace Head
2025-05-05,8.3,15.0,70.0,20.0,2655.0,13.9,6.2,0.0,,1023.6,3.3,4.9,275,Mace Head
2025-05-06,5.8,11.0,350.0,14.0,2640.0,14.9,6.6,0.0,,1024.4,3.1,4.5,275,Mace Head
2025-05-07,6.5,13.0,280.0,15.0,2587.0,16.7,8.3,0.0,,1022.7,3.3,4.8,275,Mace Head
2025-05-08,6.4,12.0,310.0,15.0,2515.0,16.8,9.7,0.0,,1020.0,3.4,4.8,275,Mace Head
2025-05-09,5.5,11.0,290.0,13.0,2616.0,16.0,10.2,0.0,,1017.2,3.3,4.7,275,Mace Head
2025-05-10,5.5,9.0,240.0,11.0,2462.0,15.9,11.0,0.0,,1013.7,3.2,4.5,275,Mace Head
2025-05-11,11.8,18.0,320.0,23.0,1852.0,14.7,9.7,0.9,,1010.5,2.6,4.0,275,Mace Head
2025-05-12,9.4,18.0,340.0,25.0,2350.0,17.6,9.5,0.0,,1011.6,3.3,4.9,275,Mace Head
2025-05-13,11.9,20.0,80.0,27.0,2408.0,24.1,12.9,0.0,,1015.2,5.0,6.7,275,Mace Head
2025-05-14,8.9,16.0,90.0,19.0,2711.0,22.3,12.2,0.0,,1019.6,4.6,6.3,275,Mace Head
2025-05-15,6.5,12.0,50.0,15.0,2787.0,19.4,10.5,0.0,,1023.6,3.9,5.5,275,Mace Head
2025-05-16,8.8,15.0,80.0,18.0,2839.0,22.3,10.5,0.0,,1024.6,4.6,6.4,275,Mace Head
2025-05-17,6.6,13.0,100.0,17.0,2895.0,21.4,10.9,0.0,,1021.6,4.6,6.3,275,Mace Head
2025-05-18,8.8,15.0,80.0,20.0,2838.0,22.2,11.0,0.0,,1018.3,4.6,6.5,275,Mace Head
2025-05-19,8.6,21.0,120.0,26.0,2709.0,21.9,10.1,9.5,,1017.6,4.4,6.1,275,Mace Head
2025-05-20,7.1,10.0,90.0,14.0,2004.0,17.0,9.7,0.0,,1019.0,2.8,4.1,275,Mace Head
2025-05-21,9.2,17.0,290.0,21.0,2923.0,19.7,10.3,0.0,,1018.9,4.0,6.0,275,Mace Head
2025-05-22,10.3,19.0,280.0,21.0,2977.0,17.3,11.8,0.0,,1019.3,3.8,5.9,275,Mace Head
2025-05-23,10.4,19.0,230.0,23.0,537.0,15.8,12.3,1.1,,1014.7,1.2,1.7,275,Mace Head
2025-05-24,20.3,32.0,250.0,39.0,795.0,15.9,11.2,5.6,,1003.7,1.1,2.1,275,Mace Head
2025-05-25,25.2,34.0,280.0,42.0,2146.0,13.8,10.2,1.9,,1005.4,2.8,5.3,275,Mace Head
2025-05-26,19.7,27.0,220.0,34.0,775.0,14.1,10.0,10.0,,1003.9,1.3,2.3,275,Mace Head
2025-05-27,7.6,21.0,270.0,26.0,1444.0,14.4,9.7,5.0,,1004.9,2.1,3.1,275,Mace Head
2025-05-28,13.4,27.0,210.0,33.0,2138.0,16.2,10.6,16.4,,1010.0,2.4,4.2,275,Mace Head
2025-05-29,20.3,26.0,220.0,33.0,978.0,16.0,13.7,1.2,,1007.4,1.4,2.6,275,Mace Head
2025-05-30,13.6,20.0,230.0,25.0,1988.0,16.7,13.2,0.0,,1011.0,2.6,4.3,275,Mace Head
2025-05-31,22.2,29.0,230.0,39.0,2457.0,15.5,11.8,3.0,,1007.1,2.8,5.5,275,Mace Head
2025-06-01,19.2,26.0,250.0,35.0,2518.0,15.2,11.5,4.2,,1009.4,3.1,5.6,275,Mace Head
2025-06-02,21.6,38.0,190.0,46.0,1429.0,14.8,11.8,14.8,,1006.7,2.1,3.8,275,Mace Head
2025-06-03,23.0,30.0,270.0,39.0,1949.0,13.6,10.1,1.2,,998.4,2.8,5.0,275,Mace Head
2025-06-04,16.3,24.0,270.0,29.0,2167.0,14.6,10.5,2.9,,998.2,3.2,5.2,275,Mace Head
2025-06-05,12.5,23.0,270.0,31.0,2317.0,14.4,10.1,10.4,,997.1,3.0,4.9,275,Mace Head
2025-06-06,14.2,22.0,290.0,28.0,1777.0,14.1,10.1,0.6,,1001.5,2.6,4.2,275,Mace Head
2025-06-07,13.7,21.0,310.0,27.0,2133.0,14.1,10.1,1.4,,1006.2,3.1,4.9,275,Mace Head
2025-06-08,15.5,24.0,250.0,29.0,785.0,13.9,11.0,1.1,,1014.1,1.7,2.6,275,Mace Head
2025-06-09,17.0,26.0,220.0,33.0,609.0,14.2,11.9,1.4,,1013.5,1.1,1.8,275,Mace Head
2025-06-10,8.2,14.0,310.0,18.0,2787.0,16.5,11.4,0.2,,1014.2,3.6,5.4,275,Mace Head
2025-06-11,12.2,19.0,120.0,25.0,1307.0,18.8,12.8,1.0,,1010.3,2.2,3.4,275,Mace Head
2025-06-12,9.8,17.0,110.0,23.0,418.0,17.1,14.2,10.0,,1003.2,1.1,1.5,275,Mace Head
2025-06-13,10.3,22.0,230.0,27.0,2518.0,17.4,12.7,6.4,,1007.0,3.1,5.0,275,Mace Head
2025-06-14,10.8,17.0,270.0,20.0,2367.0,17.0,12.7,3.7,,1012.8,3.0,4.8,275,Mace Head
2025-06-15,14.5,20.0,280.0,24.0,1923.0,16.7,13.5,0.3,,1018.9,2.5,4.2,275,Mace Head
2025-06-16,19.2,27.0,200.0,32.0,1554.0,17.1,14.2,1.4,,1020.3,2.1,3.8,275,Mace Head
2025-06-17,11.7,24.0,210.0,31.0,2197.0,16.5,13.8,0.8,,1020.7,2.9,4.7,275,Mace Head
2025-06-18,9.5,14.0,220.0,17.0,2249.0,17.6,13.2,0.0,,1022.1,3.2,4.8,275,Mace Head
2025-06-19,8.2,14.0,130.0,18.0,2506.0,24.8,11.5,0.0,,1018.8,4.2,5.9,275,Mace Head
2025-06-20,8.8,18.0,110.0,23.0,2471.0,23.1,15.6,0.0,,1014.7,4.1,5.8,275,Mace Head
2025-06-21,10.9,20.0,210.0,23.0,1875.0,19.1,15.3,1.2,,1009.8,2.8,4.2,275,Mace Head
2025-06-22,20.8,30.0,270.0,38.0,1684.0,16.4,12.0,2.8,,1006.2,2.3,4.2,275,Mace Head
2025-06-23,19.6,28.0,270.0,34.0,1131.0,16.0,12.4,0.8,,1009.5,2.0,3.3,275,Mace Head
2025-06-24,16.4,24.0,240.0,31.0,1853.0,17.8,13.2,1.8,,1005.7,2.3,4.1,275,Mace Head
2025-06-25,12.0,19.0,210.0,25.0,1316.0,16.4,13.2,1.5,,1004.0,2.1,3.3,275,Mace Head
2025-06-26,20.8,28.0,190.0,37.0,1395.0,16.6,11.9,6.8,,1004.8,2.3,4.0,275,Mace Head
2025-06-27,21.4,27.0,210.0,35.0,551.0,16.5,14.9,5.0,,1007.7,0.8,1.6,275,Mace Head
2025-06-28,11.5,20.0,220.0,25.0,1366.0,17.1,14.2,0.1,,1015.6,2.1,3.3,275,Mace Head
2025-06-29,11.8,20.0,200.0,26.0,1115.0,18.0,13.6,0.0,,1017.7,1.8,2.8,275,Mace Head
2025-06-30,11.2,17.0,200.0,22.0,558.0,16.5,11.8,18.6,,1012.1,1.1,1.6,275,Mace Head
2025-07-01,9.1,16.0,280.0,19.0,3113.0,16.8,10.7,0.0,,1016.7,4.0,6.1,275,Mace Head
2025-07-02,10.1,18.0,240.0,23.0,2549.0,17.4,10.9,5.9,,1020.7,3.6,5.4,275,Mace Head
2025-07-03,18.9,25.0,250.0,30.0,1725.0,17.2,13.1,0.7,,1024.0,2.6,4.4,275,Mace Head
2025-07-04,25.4,33.0,210.0,41.0,412.0,15.9,14.8,4.8,,1018.2,1.2,2.0,275,Mace Head
2025-07-05,16.5,23.0,300.0,28.0,893.0,16.0,12.7,0.8,,1009.5,1.2,2.2,275,Mace Head
2025-07-06,16.8,23.0,320.0,29.0,1765.0,17.1,12.5,0.4,,1011.2,2.5,4.2,275,Mace Head
2025-07-07,13.8,18.0,290.0,22.0,1531.0,16.2,12.5,0.1,,1017.8,2.3,3.7,275,Mace Head
2025-07-08,12.0,15.0,280.0,19.0,1505.0,16.8,13.9,0.6,,1018.2,2.1,3.4,275,Mace Head
2025-07-09,8.3,14.0,270.0,16.0,1513.0,17.2,13.6,0.0,,1020.2,2.1,3.2,275,Mace Head
2025-07-10,6.7,11.0,200.0,13.0,2614.0,19.7,15.2,0.0,,1019.7,3.7,5.3,275,Mace Head
2025-07-11,6.0,11.0,150.0,13.0,2480.0,19.9,13.9,0.0,,1015.9,3.6,5.0,275,Mace Head
2025-07-12,8.8,17.0,140.0,22.0,2685.0,26.2,14.0,0.0,,1011.1,4.6,6.4,275,Mace Head
2025-07-13,11.8,23.0,180.0,29.0,1685.0,25.4,15.6,3.0,,1006.0,3.7,5.0,275,Mace Head
2025-07-14,16.6,25.0,240.0,31.0,1595.0,17.0,13.5,14.0,,1001.1,2.2,3.8,275,Mace Head
2025-07-15,15.6,26.0,270.0,31.0,2420.0,18.2,14.1,14.1,,1005.9,3.0,5.2,275,Mace Head
2025-07-16,8.8,16.0,110.0,21.0,965.0,18.1,12.0,20.2,,1011.8,1.5,2.2,275,Mace Head
2025-07-17,16.7,22.0,200.0,28.0,1344.0,18.0,15.6,21.8,,1008.7,1.8,3.1,275,Mace Head
2025-07-18,12.0,19.0,250.0,23.0,1317.0,17.3,13.9,0.8,,1006.8,2.0,3.1,275,Mace Head
2025-07-19,10.2,15.0,80.0,20.0,1076.0,19.2,13.8,3.5,,1000.1,2.1,2.9,275,Mace Head
2025-07-20,13.9,19.0,340.0,26.0,1410.0,20.2,14.2,5.3,,996.7,2.5,3.8,275,Mace Head
2025-07-21,17.6,23.0,300.0,29.0,1011.0,17.1,13.9,0.2,,1002.9,1.7,2.8,275,Mace Head
2025-07-22,10.5,17.0,280.0,21.0,1188.0,17.3,13.6,1.1,,1010.8,2.0,2.9,275,Mace Head
2025-07-23,11.5,15.0,330.0,20.0,1718.0,19.1,13.9,0.0,,1017.0,2.8,4.2,275,Mace Head
2025-07-24,8.0,17.0,200.0,21.0,2047.0,19.0,10.2,0.3,,1018.2,2.5,3.9,275,Mace Head
2025-07-25,11.0,18.0,260.0,22.0,1447.0,18.1,14.5,0.1,,1016.3,2.3,3.4,275,Mace Head
2025-07-26,14.4,19.0,270.0,23.0,1858.0,18.2,14.5,0.0,,1016.9,3.0,4.6,275,Mace Head
2025-07-27,11.8,20.0,260.0,25.0,1566.0,18.2,13.9,0.8,,1017.1,2.4,3.7,275,Mace Head
2025-07-28,10.4,20.0,280.0,24.0,1059.0,17.9,14.0,3.8,,1019.4,1.6,2.5,275,Mace Head
2025-07-29,12.4,17.0,280.0,22.0,1789.0,18.3,14.8,0.0,,1019.3,2.4,3.8,275,Mace Head
2025-07-30,9.1,15.0,260.0,18.0,811.0,17.6,15.2,0.4,,1018.3,1.2,1.9,275,Mace Head
2025-07-31,12.7,19.0,320.0,25.0,2066.0,17.7,13.9,0.8,,1018.5,2.9,4.5,275,Mace Head
2025-08-01,9.7,15.0,280.0,18.0,979.0,17.3,14.4,0.0,,1020.6,2.5,3.2,275,Mace Head
2025-08-02,14.0,20.0,210.0,25.0,701.0,17.5,14.8,7.4,,1016.5,1.6,2.3,275,Mace Head
2025-08-03,12.7,26.0,190.0,32.0,1532.0,18.0,13.6,1.7,,1012.0,2.1,3.4,275,Mace Head
2025-08-04,28.0,39.0,240.0,48.0,2086.0,17.5,12.4,5.2,,1008.1,2.0,4.5,275,Mace Head
2025-08-05,19.0,29.0,280.0,35.0,1720.0,17.0,13.3,0.0,,1021.0,2.8,4.5,275,Mace Head
2025-08-06,17.0,30.0,180.0,39.0,800.0,16.7,14.3,5.4,,1014.5,1.5,2.4,275,Mace Head
2025-08-07,17.4,22.0,280.0,30.0,1624.0,16.9,14.0,0.3,,1008.3,2.5,4.0,275,Mace Head
2025-08-08,20.5,26.0,220.0,34.0,2077.0,18.0,13.8,0.4,,1011.9,3.1,5.3,275,Mace Head
2025-08-09,16.8,30.0,230.0,37.0,2222.0,17.7,13.8,0.3,,1015.9,3.1,5.1,275,Mace Head
2025-08-10,8.5,16.0,210.0,20.0,581.0,17.3,13.5,4.9,,1021.0,1.3,1.7,275,Mace Head
2025-08-11,5.4,10.0,110.0,13.0,1655.0,22.8,16.3,0.0,,1016.9,2.9,3.8,275,Mace Head
2025-08-12,5.7,11.0,100.0,14.0,2020.0,23.4,15.2,0.0,,1010.6,3.4,4.5,275,Mace Head
2025-08-13,4.6,9.0,240.0,10.0,1966.0,20.4,16.1,0.0,,1008.7,2.9,4.0,275,Mace Head
2025-08-14,4.8,10.0,250.0,12.0,1677.0,19.9,15.1,0.0,,1015.9,2.5,3.4,275,Mace Head
2025-08-15,6.3,14.0,50.0,17.0,1976.0,24.1,15.6,0.0,,1024.1,3.3,4.5,275,Mace Head
2025-08-16,14.1,20.0,70.0,25.0,1142.0,21.6,14.5,0.1,,1022.6,2.2,3.2,275,Mace Head
2025-08-17,12.1,19.0,100.0,24.0,1646.0,22.6,16.4,0.0,,1018.6,3.2,4.4,275,Mace Head
2025-08-18,9.3,15.0,80.0,21.0,553.0,19.7,14.4,0.9,,1017.1,1.7,2.2,275,Mace Head
2025-08-19,8.7,14.0,60.0,18.0,1117.0,20.8,14.4,0.5,,1016.9,2.2,2.9,275,Mace Head
2025-08-20,7.6,13.0,80.0,17.0,776.0,18.9,12.5,0.0,,1018.3,1.8,2.3,275,Mace Head
2025-08-21,4.0,8.0,190.0,10.0,1967.0,18.8,11.4,0.0,,1019.2,2.8,3.8,275,Mace Head
2025-08-22,8.5,16.0,220.0,20.0,731.0,19.2,13.2,1.1,,1018.6,1.5,2.0,275,Mace Head
2025-08-23,7.3,12.0,200.0,15.0,1143.0,20.5,16.3,0.6,,1015.6,2.0,2.7,275,Mace Head
2025-08-24,10.1,16.0,150.0,20.0,1717.0,21.9,15.5,0.0,,1011.0,2.8,4.0,275,Mace Head
2025-08-25,19.2,28.0,200.0,35.0,1028.0,19.3,15.3,3.2,,1002.9,1.9,3.0,275,Mace Head
2025-08-26,19.9,26.0,230.0,33.0,1166.0,17.7,14.0,3.7,,995.1,2.1,3.4,275,Mace Head
2025-08-27,21.2,27.0,240.0,33.0,1000.0,16.3,13.6,6.7,,992.2,1.8,2.9,275,Mace Head
2025-08-28,24.6,31.0,250.0,38.0,532.0,15.3,13.2,6.5,,991.1,1.2,2.1,275,Mace Head
2025-08-29,18.5,24.0,280.0,31.0,1598.0,17.3,13.9,1.2,,993.7,2.3,3.8,275,Mace Head
2025-08-30,24.0,37.0,210.0,44.0,887.0,17.0,13.3,12.5,,988.5,1.4,2.5,275,Mace Head
2025-08-31,26.3,38.0,210.0,48.0,872.0,16.3,13.4,7.8,,984.6,1.5,2.6,275,Mace Head
2025-09-01,23.7,32.0,260.0,39.0,1083.0,16.3,12.9,4.9,,992.2,1.8,3.0,275,Mace Head
2025-09-02,9.4,17.0,220.0,21.0,979.0,16.3,12.3,9.8,,992.3,1.7,2.4,275,Mace Head
2025-09-03,14.5,21.0,300.0,26.0,1566.0,16.6,13.2,1.7,,991.7,2.0,3.2,275,Mace Head
2025-09-04,17.2,22.0,260.0,27.0,1612.0,16.8,12.9,1.7,,1003.8,2.3,3.7,275,Mace Head
2025-09-05,13.7,22.0,250.0,27.0,1058.0,16.8,13.5,0.4,,1012.1,2.1,3.0,275,Mace Head
2025-09-06,19.3,26.0,120.0,35.0,333.0,17.0,13.8,11.1,,1000.0,1.0,1.5,275,Mace Head
2025-09-07,19.3,28.0,260.0,33.0,1165.0,17.3,12.6,3.5,,996.9,1.8,2.9,275,Mace Head
2025-09-08,17.3,26.0,190.0,35.0,1350.0,16.2,12.6,5.1,,1004.9,2.4,3.7,275,Mace Head
2025-09-09,13.7,26.0,130.0,33.0,1538.0,17.7,12.1,1.9,,998.8,1.9,3.1,275,Mace Head
2025-09-10,22.1,34.0,270.0,42.0,1269.0,15.7,12.2,7.7,,992.4,1.8,3.1,275,Mace Head
2025-09-11,26.4,31.0,250.0,43.0,1165.0,15.0,9.6,4.6,,994.9,1.8,3.3,275,Mace Head
2025-09-12,23.4,34.0,230.0,42.0,912.0,14.9,10.2,7.6,,998.6,1.8,3.0,275,Mace Head
2025-09-13,21.6,33.0,250.0,48.0,1248.0,15.1,10.7,8.0,,999.8,1.7,3.0,275,Mace Head
2025-09-14,23.8,43.0,260.0,55.0,789.0,16.6,11.8,3.9,,993.5,1.7,2.7,275,Mace Head
2025-09-15,33.3,46.0,260.0,59.0,1235.0,15.3,12.0,0.7,,998.9,1.7,3.4,275,Mace Head
2025-09-16,16.6,27.0,120.0,39.0,686.0,15.2,12.2,19.5,,1006.3,1.4,2.1,275,Mace Head
2025-09-17,25.3,30.0,220.0,38.0,937.0,16.2,13.9,2.2,,1002.6,1.4,2.5,275,Mace Head
2025-09-18,17.5,26.0,190.0,33.0,320.0,16.8,12.9,6.2,,1005.8,1.0,1.4,275,Mace Head
2025-09-19,11.3,19.0,220.0,24.0,1038.0,15.9,12.7,0.0,,1008.2,1.7,2.5,275,Mace Head
2025-09-20,12.0,24.0,340.0,31.0,747.0,15.9,8.5,1.8,,1012.3,1.6,2.2,275,Mace Head
2025-09-21,12.0,22.0,350.0,27.0,1341.0,13.9,6.5,0.0,,1023.0,2.0,2.9,275,Mace Head
2025-09-22,4.1,7.0,100.0,9.0,1541.0,14.0,5.8,0.0,,1028.8,1.7,2.4,275,Mace Head
2025-09-23,9.6,13.0,200.0,17.0,1442.0,15.3,7.2,0.0,,1026.2,1.8,2.6,275,Mace Head
2025-09-24,12.9,16.0,160.0,20.0,1051.0,16.5,11.7,0.0,,1023.6,1.9,2.7,275,Mace Head
2025-09-25,13.7,22.0,150.0,29.0,1281.0,17.5,11.8,0.0,,1019.8,1.9,2.8,275,Mace Head
2025-09-26,19.8,28.0,140.0,37.0,623.0,15.9,12.7,0.5,,1011.4,1.8,2.5,275,Mace Head
2025-09-27,13.8,27.0,140.0,37.0,1142.0,14.8,11.4,3.1,,1008.7,1.5,2.3,275,Mace Head
2025-09-28,11.2,21.0,260.0,25.0,1226.0,15.3,12.1,0.2,,1016.7,1.7,2.4,275,Mace Head
2025-09-29,17.5,24.0,180.0,32.0,373.0,15.3,13.6,4.0,,1018.3,1.2,1.7,275,Mace Head
2025-09-30,18.0,24.0,190.0,29.0,256.0,15.4,14.4,13.2,,1015.4,0.5,0.9,275,Mace Head
2025-10-01,22.4,27.0,200.0,34.0,342.0,15.7,14.5,6.2,,1014.7,0.7,1.2,275,Mace Head
2025-10-02,19.1,27.0,250.0,33.0,133.0,15.2,13.6,37.0,,1006.8,0.6,1.0,275,Mace Head
2025-10-03,32.4,51.0,230.0,66.0,358.0,17.0,8.3,31.0,,989.5,0.7,1.4,275,Mace Head
2025-10-04,34.9,49.0,270.0,63.0,801.0,13.6,8.3,2.0,,1001.3,1.6,3.0,275,Mace Head
2025-10-05,21.5,29.0,280.0,37.0,684.0,14.2,11.4,0.1,,1016.1,1.5,2.3,275,Mace Head
2025-10-06,22.1,29.0,200.0,40.0,293.0,15.3,13.6,1.4,,1016.0,1.1,1.6,275,Mace Head
2025-10-07,14.9,30.0,200.0,37.0,959.0,15.1,11.7,1.0,,1017.9,1.4,2.1,275,Mace Head
2025-10-08,16.0,21.0,260.0,25.0,380.0,13.5,11.9,0.0,,1023.3,1.8,2.3,275,Mace Head
2025-10-09,13.5,20.0,280.0,26.0,392.0,13.7,11.7,0.0,,1027.7,1.5,1.9,275,Mace Head
2025-10-10,8.1,13.0,260.0,18.0,300.0,12.8,11.3,0.0,,1031.8,1.3,1.5,275,Mace Head
2025-10-11,5.1,9.0,220.0,13.0,390.0,12.5,9.8,0.0,,1032.5,1.0,1.3,275,Mace Head
2025-10-12,8.8,12.0,80.0,16.0,359.0,11.4,8.0,0.0,,1029.3,1.0,1.3,275,Mace Head
2025-10-13,8.3,11.0,70.0,15.0,271.0,13.3,10.3,0.0,,1026.3,0.9,1.1,275,Mace Head
2025-10-14,7.2,12.0,110.0,16.0,452.0,15.1,12.2,0.1,,1027.9,0.9,1.2,275,Mace Head
2025-10-15,8.2,11.0,80.0,16.0,212.0,12.6,10.8,0.0,,1027.6,0.8,1.0,275,Mace Head
2025-10-16,8.9,12.0,90.0,15.0,255.0,12.6,10.5,0.0,,1024.5,1.0,1.2,275,Mace Head
2025-10-17,13.4,19.0,130.0,25.0,334.0,14.3,10.0,0.0,,1018.9,1.2,1.6,275,Mace Head
2025-10-18,18.7,30.0,110.0,39.0,141.0,14.1,12.8,9.4,,1004.1,0.9,1.3,275,Mace Head
2025-10-19,12.0,21.0,110.0,28.0,655.0,15.6,11.5,3.3,,987.7,0.7,1.1,275,Mace Head
2025-10-20,13.1,19.0,270.0,26.0,708.0,14.6,11.5,2.3,,985.1,0.9,1.2,275,Mace Head
2025-10-21,19.1,26.0,290.0,33.0,673.0,13.9,10.7,1.2,,990.8,1.2,1.7,275,Mace Head
2025-10-22,9.1,20.0,270.0,24.0,291.0,11.7,8.9,3.7,,990.4,0.8,1.1,275,Mace Head
2025-10-23,24.4,34.0,260.0,45.0,767.0,10.9,6.0,4.4,,993.3,1.2,1.9,275,Mace Head
2025-10-24,23.6,37.0,250.0,46.0,738.0,12.9,9.6,3.2,,998.5,1.2,1.9,275,Mace Head
2025-10-25,19.4,30.0,300.0,41.0,631.0,11.9,8.0,0.5,,1011.1,1.4,1.9,275,Mace Head
2025-10-26,22.8,31.0,270.0,40.0,252.0,12.8,8.6,2.0,,1010.6,0.7,1.2,275,Mace Head
2025-10-27,22.6,32.0,270.0,39.0,227.0,13.1,10.7,2.0,,1005.6,0.7,1.1,275,Mace Head
2025-10-28,24.9,31.0,260.0,40.0,585.0,13.0,9.4,1.7,,999.7,1.6,2.3,275,Mace Head
2025-10-29,17.7,30.0,250.0,39.0,586.0,12.3,4.9,0.3,,995.7,0.8,1.2,275,Mace Head
2025-10-30,24.2,36.0,150.0,50.0,117.0,13.8,5.9,13.6,,986.7,0.6,1.0,275,Mace Head
2025-10-31,23.7,35.0,180.0,47.0,524.0,13.4,9.7,7.0,,980.0,1.0,1.4,275,Mace Head
2025-11-01,22.0,33.0,220.0,49.0,487.0,11.4,7.6,5.3,,987.6,1.1,1.6,275,Mace Head
2025-11-02,23.3,31.0,200.0,41.0,359.0,13.2,8.1,10.6,,997.6,0.8,1.2,275,Mace Head
2025-11-03,26.0,33.0,200.0,42.0,163.0,14.1,12.7,5.6,,992.7,0.6,1.0,275,Mace Head
2025-11-04,12.4,20.0,200.0,25.0,281.0,13.8,12.1,0.2,,994.6,0.6,0.8,275,Mace Head
2025-11-05,4.8,13.0,80.0,18.0,452.0,14.3,12.3,1.2,,993.8,0.3,0.5,275,Mace Head
2025-11-06,5.1,10.0,190.0,13.0,228.0,13.9,11.7,4.0,,995.5,0.3,0.4,275,Mace Head
2025-11-07,14.3,23.0,130.0,30.0,274.0,13.4,10.1,4.0,,996.6,0.6,0.8,275,Mace Head
2025-11-08,17.4,25.0,170.0,31.0,108.0,13.1,11.0,10.6,,1002.5,0.7,1.0,275,Mace Head
2025-11-09,12.1,24.0,140.0,31.0,557.0,13.2,8.2,10.5,,1001.2,0.4,0.5,275,Mace Head
2025-11-10,8.4,15.0,210.0,20.0,412.0,12.2,6.7,2.8,,995.7,0.5,0.6,275,Mace Head
2025-11-11,15.3,32.0,90.0,43.0,93.0,12.8,8.4,22.7,,987.0,0.4,0.6,275,Mace Head
2025-11-12,9.6,22.0,60.0,28.0,162.0,12.2,8.6,8.0,,993.2,0.4,0.6,275,Mace Head
2025-11-13,11.5,22.0,50.0,29.0,334.0,10.5,6.0,1.3,,997.7,0.4,0.5,275,Mace Head
2025-11-14,24.7,32.0,50.0,43.0,191.0,8.4,7.0,0.2,,1000.4,0.9,1.4,275,Mace Head
2025-11-15,19.9,29.0,60.0,41.0,190.0,9.9,7.2,0.4,,1005.8,0.7,1.1,275,Mace Head
2025-11-16,10.3,15.0,50.0,20.0,228.0,10.7,6.8,0.0,,1016.3,0.7,0.9,275,Mace Head
2025-11-17,6.8,17.0,220.0,21.0,424.0,9.8,3.7,1.6,,1024.2,0.3,0.4,275,Mace Head
2025-11-18,17.6,28.0,300.0,37.0,301.0,10.4,5.7,1.5,,1017.6,0.7,1.0,275,Mace Head
2025-11-19,12.7,21.0,330.0,33.0,364.0,6.6,3.2,1.3,,1020.4,0.6,0.7,275,Mace Head
2025-11-20,7.0,14.0,350.0,19.0,446.0,7.0,1.1,0.1,,1022.3,0.3,0.4,275,Mace Head
2025-11-21,15.7,29.0,200.0,35.0,96.0,11.3,1.2,10.8,,1019.1,0.4,0.7,275,Mace Head
2025-11-22,15.5,35.0,270.0,45.0,258.0,11.6,8.9,4.6,,1004.7,0.5,0.7,275,Mace Head
2025-11-23,31.9,42.0,290.0,54.0,276.0,10.1,6.6,5.2,,993.2,1.0,1.6,275,Mace Head
2025-11-24,13.8,30.0,300.0,41.0,438.0,11.1,6.4,2.8,,1002.7,0.6,0.7,275,Mace Head
2025-11-25,8.7,22.0,170.0,27.0,344.0,11.0,3.7,0.3,,1016.2,0.3,0.4,275,Mace Head
2025-11-26,18.3,25.0,210.0,30.0,148.0,12.4,9.8,10.4,,1009.3,0.4,0.6,275,Mace Head
2025-11-27,29.5,42.0,230.0,53.0,293.0,12.9,9.6,1.2,,1000.8,0.9,1.2,275,Mace Head
2025-11-28,29.8,40.0,240.0,61.0,287.0,10.8,6.2,2.8,,997.0,1.2,1.8,275,Mace Head
2025-11-29,10.3,23.0,250.0,30.0,350.0,8.8,5.3,3.0,,1003.7,0.5,0.5,275,Mace Head
2025-11-30,14.9,31.0,170.0,41.0,81.0,11.5,3.4,21.0,,1001.1,0.4,0.6,275,Mace Head
2025-12-01,15.9,30.0,240.0,37.0,71.0,11.1,6.9,10.2,,987.8,0.6,0.9,275,Mace Head
2025-12-02,21.6,30.0,230.0,42.0,156.0,10.0,7.1,3.7,,990.4,1.2,1.6,275,Mace Head
2025-12-03,17.4,26.0,270.0,38.0,127.0,10.1,7.0,10.4,,993.1,0.9,1.2,275,Mace Head
2025-12-04,19.0,27.0,250.0,34.0,220.0,10.0,6.3,1.8,,991.6,1.1,1.3,275,Mace Head
2025-12-05,21.3,35.0,130.0,47.0,57.0,11.6,6.9,16.1,,982.8,0.7,1.0,275,Mace Head
2025-12-06,20.8,33.0,250.0,43.0,154.0,11.5,9.9,2.8,,983.6,0.8,1.0,275,Mace Head
2025-12-07,14.3,23.0,140.0,30.0,142.0,11.3,9.1,4.8,,989.7,0.3,0.5,275,Mace Head
2025-12-08,18.7,36.0,200.0,45.0,270.0,11.9,8.7,4.4,,990.4,0.6,0.7,275,Mace Head
2025-12-09,25.9,44.0,250.0,61.0,90.0,14.3,9.6,14.0,,978.5,1.0,1.4,275,Mace Head
2025-12-10,26.2,33.0,250.0,42.0,175.0,11.7,9.4,0.8,,999.0,1.2,1.6,275,Mace Head
2025-12-11,19.4,31.0,160.0,42.0,99.0,11.9,8.7,12.6,,999.2,1.2,1.5,275,Mace Head
2025-12-12,19.4,26.0,200.0,34.0,209.0,10.6,8.4,0.5,,1009.2,1.1,1.4,275,Mace Head
2025-12-13,29.5,36.0,190.0,46.0,37.0,11.8,9.0,7.2,,1009.7,0.8,1.3,275,Mace Head
2025-12-14,21.1,30.0,200.0,38.0,67.0,12.5,8.7,4.4,,998.5,0.6,0.9,275,Mace Head
2025-12-15,11.6,24.0,230.0,32.0,210.0,10.1,6.7,0.0,,999.5,0.8,0.9,275,Mace Head
2025-12-16,15.5,34.0,180.0,43.0,299.0,9.8,4.8,7.0,,1003.9,0.6,0.6,275,Mace Head
2025-12-17,23.6,40.0,180.0,52.0,95.0,12.1,7.9,8.4,,995.8,0.7,1.0,275,Mace Head
2025-12-18,21.4,34.0,230.0,48.0,91.0,10.1,6.6,19.0,,991.5,0.9,1.3,275,Mace Head
2025-12-19,22.8,34.0,240.0,42.0,235.0,10.2,8.1,1.6,,998.8,0.9,1.1,275,Mace Head
2025-12-20,17.7,28.0,120.0,39.0,140.0,10.5,5.8,1.2,,994.4,0.6,0.8,275,Mace Head
2025-12-21,6.9,11.0,100.0,15.0,157.0,6.7,4.3,2.6,,1000.5,0.2,0.2,275,Mace Head
2025-12-22,4.6,8.0,70.0,11.0,232.0,10.7,5.7,0.8,,1005.8,0.1,0.2,275,Mace Head
2025-12-23,8.4,13.0,50.0,17.0,130.0,10.2,7.4,0.0,,1018.2,0.3,0.4,275,Mace Head
2025-12-24,11.1,19.0,80.0,26.0,249.0,8.7,2.8,0.0,,1030.6,0.3,0.3,275,Mace Head
2025-12-25,13.9,23.0,80.0,30.0,329.0,5.5,1.8,0.0,,1030.3,0.4,0.4,275,Mace Head
2025-12-26,12.3,19.0,60.0,25.0,88.0,5.8,2.0,0.0,,1030.1,0.6,0.8,275,Mace Head
2025-12-27,14.7,26.0,70.0,33.0,315.0,6.6,3.3,0.0,,1033.3,0.5,0.6,275,Mace Head
2025-12-28,9.7,26.0,80.0,34.0,70.0,7.0,5.0,0.0,,1031.1,0.7,0.8,275,Mace Head
2025-12-29,8.5,13.0,60.0,17.0,48.0,5.4,4.5,0.0,,1029.2,0.7,0.9,275,Mace Head
2025-12-30,9.0,14.0,60.0,19.0,56.0,6.4,3.1,0.0,,1032.1,0.6,0.8,275,Mace Head
2025-12-31,6.1,14.0,270.0,19.0,89.0,7.2,3.2,0.0,,1027.0,0.7,0.9,275,Mace Head
2026-01-01,12.4,21.0,290.0,27.0,219.0,8.0,5.9,1.0,,1015.7,0.5,0.6,275,Mace Head
2026-01-02,12.3,21.0,340.0,27.0,300.0,7.9,3.6,0.2,,1012.9,0.7,0.7,275,Mace Head
2026-01-03,9.5,18.0,350.0,26.0,342.0,5.8,2.0,0.2,,1017.4,0.4,0.4,275,Mace Head
2026-01-04,5.7,14.0,350.0,21.0,208.0,5.3,1.9,0.9,,1015.7,0.3,0.4,275,Mace Head
2026-01-05,9.0,16.0,330.0,21.0,350.0,6.7,-0.1,0.1,,1017.7,0.4,0.4,275,Mace Head
2026-01-06,18.4,28.0,220.0,35.0,268.0,9.2,6.6,6.0,,1012.4,0.8,1.0,275,Mace Head
2026-01-07,14.9,30.0,290.0,38.0,122.0,9.6,6.2,1.7,,1005.5,0.7,0.9,275,Mace Head
2026-01-08,8.4,17.0,310.0,22.0,83.0,7.9,4.1,0.0,,998.7,0.7,0.8,275,Mace Head
2026-01-09,12.6,29.0,260.0,42.0,223.0,7.6,2.7,7.2,,1003.3,0.4,0.5,275,Mace Head
2026-01-10,16.3,27.0,170.0,42.0,110.0,9.3,5.8,9.4,,1006.0,0.7,0.9,275,Mace Head
2026-01-11,25.0,35.0,210.0,46.0,55.0,11.4,9.2,13.0,,987.6,0.7,1.0,275,Mace Head
2026-01-12,15.1,25.0,230.0,34.0,265.0,10.6,6.3,8.4,,989.9,0.4,0.5,275,Mace Head
2026-01-13,11.8,18.0,280.0,27.0,314.0,8.1,5.8,0.0,,1000.7,0.7,0.8,275,Mace Head
2026-01-14,21.3,30.0,180.0,40.0,86.0,10.1,7.3,10.5,,999.2,0.9,1.3,275,Mace Head
2026-01-15,15.9,28.0,260.0,39.0,190.0,8.5,5.1,6.8,,991.6,0.8,1.0,275,Mace Head
2026-01-16,10.9,21.0,160.0,28.0,233.0,7.7,4.3,7.1,,993.6,0.3,0.4,275,Mace Head
2026-01-17,5.0,9.0,30.0,12.0,191.0,7.1,3.8,0.0,,1006.1,0.3,0.4,275,Mace Head
2026-01-18,13.5,21.0,140.0,28.0,205.0,8.0,5.1,4.2,,1007.8,0.6,0.7,275,Mace Head
2026-01-19,9.0,19.0,300.0,25.0,384.0,8.9,2.5,0.4,,1002.4,0.4,0.4,275,Mace Head
2026-01-20,18.5,28.0,90.0,37.0,344.0,8.4,3.1,4.2,,988.7,0.5,0.7,275,Mace Head
2026-01-21,14.1,22.0,70.0,32.0,77.0,7.9,4.9,10.7,,976.4,0.7,0.9,275,Mace Head
2026-01-22,6.8,17.0,290.0,21.0,313.0,8.5,2.0,1.3,,978.5,0.2,0.3,275,Mace Head
2026-01-23,12.2,18.0,50.0,25.0,149.0,7.0,0.4,0.2,,978.0,0.4,0.5,275,Mace Head
2026-01-24,9.1,18.0,60.0,25.0,68.0,7.4,5.2,9.9,,981.4,0.4,0.6,275,Mace Head
2026-01-25,7.9,14.0,150.0,18.0,141.0,8.4,5.7,1.3,,985.3,0.4,0.6,275,Mace Head
2026-01-26,14.8,29.0,140.0,40.0,235.0,9.9,3.7,3.8,,984.0,0.6,0.9,275,Mace Head
2026-01-27,21.2,42.0,250.0,53.0,301.0,9.3,3.8,14.3,,967.4,0.6,0.9,275,Mace Head
2026-01-28,18.1,25.0,180.0,32.0,281.0,9.4,6.2,0.3,,978.5,1.0,1.3,275,Mace Head
2026-01-29,17.5,24.0,100.0,34.0,144.0,8.3,5.7,4.3,,979.4,0.6,0.9,275,Mace Head
2026-01-30,13.7,22.0,190.0,26.0,423.0,9.4,4.5,1.6,,975.8,0.4,0.5,275,Mace Head
2026-01-31,5.5,12.0,230.0,17.0,471.0,9.5,2.4,1.4,,988.1,0.2,0.3,275,Mace Head
2026-02-01,12.4,28.0,270.0,35.0,597.0,10.0,3.1,1.7,,995.8,0.3,0.5,275,Mace Head
2026-02-02,19.5,26.0,90.0,36.0,137.0,7.7,3.1,0.0,,989.4,0.7,1.1,275,Mace Head
2026-02-03,20.8,25.0,70.0,35.0,268.0,7.4,5.7,0.3,,982.9,0.8,1.1,275,Mace Head
2026-02-04,17.0,23.0,80.0,31.0,610.0,10.5,5.9,0.0,,980.9,0.8,1.1,275,Mace Head
2026-02-05,21.6,30.0,70.0,39.0,166.0,7.3,5.3,2.2,,976.3,0.7,1.2,275,Mace Head
2026-02-06,16.9,22.0,70.0,29.0,312.0,7.3,5.1,0.7,,979.0,0.5,0.7,275,Mace Head
2026-02-07,7.1,13.0,70.0,18.0,262.0,9.3,6.6,0.0,,987.7,0.4,0.6,275,Mace Head
2026-02-08,6.7,12.0,110.0,15.0,516.0,10.0,5.7,0.0,,993.0,0.4,0.6,275,Mace Head
2026-02-09,12.3,19.0,70.0,25.0,323.0,8.9,6.1,0.7,,988.1,0.4,0.6,275,Mace Head
2026-02-10,11.2,17.0,100.0,23.0,208.0,9.9,7.8,6.7,,979.1,0.3,0.5,275,Mace Head
2026-02-11,8.6,15.0,210.0,18.0,449.0,10.4,7.9,4.5,,972.8,0.3,0.5,275,Mace Head
2026-02-12,14.9,20.0,30.0,27.0,289.0,9.7,3.8,5.4,,980.8,0.5,0.8,275,Mace Head
2026-02-13,14.0,25.0,20.0,33.0,688.0,7.4,1.5,0.2,,999.3,1.0,1.4,275,Mace Head
2026-02-14,16.3,30.0,140.0,40.0,124.0,9.8,1.4,6.8,,1005.4,0.7,1.0,275,Mace Head
2026-02-15,19.4,34.0,250.0,45.0,566.0,9.8,5.3,2.7,,993.9,0.7,1.1,275,Mace Head
2026-02-16,17.8,35.0,280.0,48.0,597.0,9.5,2.0,3.2,,1001.2,0.9,1.3,275,Mace Head
2026-02-17,16.0,29.0,110.0,39.0,285.0,6.5,0.8,1.3,,1003.4,0.7,1.1,275,Mace Head
2026-02-18,14.7,29.0,120.0,41.0,230.0,8.9,5.4,9.7,,990.3,0.4,0.6,275,Mace Head
2026-02-19,16.2,29.0,280.0,39.0,632.0,9.3,5.5,2.7,,999.9,0.7,1.1,275,Mace Head
2026-02-20,21.0,30.0,190.0,37.0,551.0,10.6,7.1,12.8,,1005.2,0.5,1.0,275,Mace Head
2026-02-21,15.9,23.0,220.0,28.0,133.0,10.9,9.2,9.6,,1008.7,0.4,0.7,275,Mace Head
2026-02-22,20.5,30.0,230.0,37.0,576.0,10.5,8.0,3.7,,1006.7,0.7,1.3,275,Mace Head
2026-02-23,18.4,30.0,240.0,37.0,267.0,10.9,9.1,1.4,,1004.9,0.9,1.3,275,Mace Head
2026-02-24,17.5,25.0,180.0,33.0,213.0,10.9,9.6,1.8,,1001.0,0.7,1.0,275,Mace Head
2026-02-25,11.5,21.0,210.0,26.0,421.0,11.4,9.5,2.4,,1003.1,0.5,0.8,275,Mace Head
2026-02-26,16.3,31.0,200.0,40.0,412.0,10.9,8.3,6.2,,1001.2,0.5,0.9,275,Mace Head
2026-02-27,9.3,20.0,300.0,25.0,918.0,10.1,3.4,0.0,,1008.5,0.9,1.3,275,Mace Head
2026-02-28,12.2,24.0,160.0,30.0,638.0,10.3,1.6,0.6,,1008.9,0.8,1.2,275,Mace Head
2026-03-01,20.2,29.0,200.0,35.0,156.0,10.5,7.5,22.0,,994.9,0.7,1.2,275,Mace Head
2026-03-02,16.3,30.0,210.0,39.0,871.0,11.1,4.5,0.0,,1007.8,1.1,1.7,275,Mace Head
2026-03-03,7.9,15.0,110.0,19.0,1198.0,10.2,2.6,0.0,,1022.1,1.1,1.6,275,Mace Head
2026-03-04,10.2,23.0,180.0,31.0,279.0,9.7,7.8,3.1,,1012.3,0.7,1.0,275,Mace Head
2026-03-05,15.2,27.0,290.0,32.0,675.0,8.6,4.9,4.0,,1013.7,1.0,1.6,275,Mace Head
2026-03-06,12.5,21.0,170.0,27.0,1054.0,10.3,3.0,0.0,,1021.2,1.1,1.7,275,Mace Head
2026-03-07,16.7,23.0,180.0,31.0,678.0,11.8,8.9,0.2,,1017.8,1.2,1.8,275,Mace Head
2026-03-08,14.8,22.0,170.0,29.0,354.0,10.9,8.1,0.6,,1013.3,0.8,1.3,275,Mace Head
2026-03-09,15.9,27.0,180.0,33.0,1016.0,10.6,7.3,1.9,,1008.6,1.4,2.1,275,Mace Head
2026-03-10,21.4,37.0,240.0,54.0,515.0,10.9,7.1,3.2,,997.8,0.8,1.4,275,Mace Head
2026-03-11,27.0,41.0,270.0,54.0,862.0,10.2,6.0,0.7,,1001.3,1.3,2.4,275,Mace Head
2026-03-12,31.3,43.0,250.0,60.0,380.0,10.9,2.2,5.6,,992.9,0.9,1.7,275,Mace Head
2026-03-13,25.6,47.0,260.0,60.0,677.0,8.6,3.9,6.2,,992.6,1.3,2.4,275,Mace Head
2026-03-14,13.0,23.0,260.0,28.0,1142.0,9.4,5.0,0.1,,1002.5,1.3,2.0,275,Mace Head
2026-03-15,27.9,42.0,270.0,57.0,920.0,9.9,4.3,2.8,,1003.2,0.6,1.5,275,Mace Head
2026-03-16,22.3,32.0,260.0,40.0,365.0,10.8,6.6,3.0,,1002.0,0.8,1.4,275,Mace Head
2026-03-17,21.2,35.0,180.0,45.0,760.0,11.0,8.8,1.0,,1000.1,1.2,2.1,275,Mace Head
2026-03-18,9.1,16.0,70.0,22.0,640.0,11.9,6.6,0.0,,1015.2,1.2,1.6,275,Mace Head
2026-03-19,12.1,20.0,70.0,26.0,1405.0,17.1,7.6,0.0,,1022.6,2.2,3.1,275,Mace Head
2026-03-20,5.1,11.0,100.0,12.0,1511.0,14.1,4.8,0.0,,1018.9,1.6,2.3,275,Mace Head
2026-03-21,7.0,15.0,240.0,20.0,1356.0,11.4,5.5,0.1,,1015.6,1.2,1.8,275,Mace Head
2026-03-22,10.7,17.0,270.0,23.0,1205.0,12.4,6.3,0.0,,1016.2,1.5,2.2,275,Mace Head
2026-03-23,16.2,26.0,210.0,33.0,510.0,10.9,6.2,0.5,,1013.8,0.7,1.3,275,Mace Head
2026-03-24,23.1,46.0,300.0,59.0,636.0,10.9,5.3,22.3,,1003.1,1.0,1.8,275,Mace Head
2026-03-25,26.1,39.0,290.0,56.0,1356.0,8.7,3.4,1.8,,1014.6,1.8,3.4,275,Mace Head
2026-03-26,15.9,21.0,220.0,27.0,428.0,10.2,6.9,5.0,,1018.3,1.1,1.7,275,Mace Head
2026-03-27,19.7,31.0,290.0,41.0,1429.0,9.7,4.1,0.8,,1018.0,1.2,2.4,275,Mace Head
2026-03-28,19.8,35.0,280.0,48.0,1560.0,10.0,3.9,0.3,,1025.2,1.7,3.1,275,Mace Head
2026-03-29,23.5,31.0,230.0,40.0,1105.0,11.5,9.1,5.8,,1022.3,1.5,2.7,275,Mace Head
2026-03-30,14.6,28.0,280.0,36.0,697.0,11.3,8.8,0.0,,1025.4,1.2,1.9,275,Mace Head
2026-03-31,14.1,18.0,250.0,23.0,835.0,11.8,9.4,0.0,,1026.4,1.0,1.7,275,Mace Head
2026-04-01,16.3,23.0,330.0,30.0,1373.0,11.1,6.0,1.0,,1021.7,1.3,2.4,275,Mace Head
2026-04-02,17.0,26.0,200.0,33.0,357.0,10.3,6.4,12.6,,1012.6,1.0,1.6,275,Mace Head
2026-04-03,15.4,28.0,220.0,41.0,1582.0,10.1,6.2,0.5,,1003.8,1.5,2.7,275,Mace Head
2026-04-04,20.6,38.0,170.0,54.0,294.0,10.7,4.1,27.3,,995.8,1.0,1.6,275,Mace Head
2026-04-05,18.3,34.0,270.0,42.0,1629.0,9.6,3.6,1.0,,1009.2,2.0,3.4,275,Mace Head
2026-04-06,17.7,25.0,140.0,32.0,817.0,13.7,7.9,0.0,,1011.9,1.7,2.7,275,Mace Head
2026-04-07,11.7,22.0,120.0,27.0,248.0,11.6,7.9,4.2,,1013.3,0.7,1.1,275,Mace Head
2026-04-08,12.6,22.0,200.0,28.0,1272.0,11.6,6.1,1.8,,1017.5,1.3,2.3,275,Mace Head
2026-04-09,21.6,35.0,280.0,48.0,1633.0,9.6,5.1,1.7,,1016.0,1.6,3.1,275,Mace Head
2026-04-10,22.6,36.0,140.0,47.0,393.0,8.9,4.8,10.0,,1004.2,1.1,1.9,275,Mace Head
2026-04-11,29.6,42.0,210.0,56.0,1482.0,9.9,5.3,5.0,,986.5,1.8,3.7,275,Mace Head
2026-04-12,21.6,34.0,270.0,42.0,1802.0,11.0,5.9,2.7,,998.2,2.2,4.0,275,Mace Head
2026-04-13,10.6,19.0,110.0,27.0,2023.0,11.7,6.6,0.0,,1004.3,2.3,3.7,275,Mace Head
2026-04-14,14.2,19.0,110.0,27.0,587.0,12.8,8.3,9.8,,1000.9,1.1,1.8,275,Mace Head
2026-04-15,17.5,28.0,170.0,44.0,1154.0,12.0,8.5,17.0,,998.8,1.3,2.4,275,Mace Head
2026-04-16,18.0,23.0,250.0,30.0,960.0,11.7,8.8,9.4,,1004.0,1.3,2.3,275,Mace Head
2026-04-17,20.8,29.0,190.0,36.0,1837.0,12.1,8.5,1.9,,1006.9,1.7,3.4,275,Mace Head
2026-04-18,13.5,22.0,280.0,26.0,2253.0,11.6,6.8,0.1,,1019.5,2.4,4.1,275,Mace Head
2026-04-19,6.2,14.0,70.0,17.0,2206.0,13.7,5.0,0.0,,1023.5,2.7,3.9,275,Mace Head
2026-04-20,10.2,16.0,60.0,20.0,1514.0,14.3,7.9,0.0,,1020.8,2.7,3.8,275,Mace Head
2026-04-21,17.9,27.0,70.0,35.0,1835.0,14.4,7.5,0.0,,1021.1,3.0,4.8,275,Mace Head
2026-04-22,21.5,27.0,80.0,37.0,1269.0,14.5,7.2,0.0,,1018.9,3.2,4.9,275,Mace Head
2026-04-23,15.0,21.0,100.0,28.0,1612.0,18.6,9.7,0.0,,1020.8,3.7,5.1,275,Mace Head
2026-04-24,14.0,19.0,100.0,27.0,2279.0,20.5,10.1,1.4,,1018.3,4.2,6.0,275,Mace Head
2026-04-25,6.9,15.0,100.0,19.0,1551.0,14.5,9.5,0.0,,1017.6,2.1,3.1,275,Mace Head
2026-04-26,5.6,12.0,290.0,14.0,1985.0,14.9,10.0,0.1,,1021.9,2.6,3.6,275,Mace Head
2026-04-27,8.7,16.0,290.0,19.0,1819.0,14.1,9.3,0.0,,1025.3,2.2,3.4,275,Mace Head
2026-04-28,7.8,14.0,80.0,18.0,2342.0,17.3,8.1,0.0,,1025.3,3.1,4.5,275,Mace Head
2026-04-29,14.5,22.0,70.0,29.0,2484.0,18.7,7.5,0.0,,1021.6,4.0,6.0,275,Mace Head
2026-04-30,12.8,18.0,70.0,25.0,481.0,12.1,8.7,2.3,,1015.5,1.5,2.1,275,Mace Head
2026-05-01,6.4,11.0,150.0,15.0,2073.0,15.4,10.4,0.0,,1013.3,2.6,3.8,275,Mace Head
2026-05-02,5.7,12.0,290.0,15.0,1798.0,15.0,10.4,1.4,,1010.8,2.4,3.4,275,Mace Head
2026-05-03,10.0,20.0,340.0,25.0,1345.0,15.9,10.4,1.8,,1010.7,2.3,3.3,275,Mace Head
2026-05-04,11.7,17.0,290.0,22.0,2240.0,14.1,9.4,0.0,,1014.5,2.9,4.5,275,Mace Head
2026-05-05,9.3,17.0,340.0,21.0,1774.0,15.0,6.9,0.0,,1015.2,2.8,4.0,275,Mace Head
2026-05-06,7.0,11.0,270.0,13.0,2597.0,12.4,6.2,0.0,,1012.1,3.2,4.7,275,Mace Head
2026-05-07,11.2,18.0,210.0,22.0,1464.0,13.2,9.1,2.5,,1009.5,2.4,3.5,275,Mace Head
2026-05-08,7.4,14.0,20.0,17.0,1083.0,13.0,7.9,0.5,,1014.9,2.0,2.8,275,Mace Head
2026-05-09,14.5,20.0,10.0,28.0,2607.0,13.3,6.4,0.0,,1021.8,3.6,5.7,275,Mace Head
2026-05-10,11.6,20.0,330.0,28.0,2112.0,14.6,4.9,0.1,,1020.9,2.9,4.5,275,Mace Head
2026-05-11,12.4,17.0,300.0,23.0,2053.0,15.3,8.9,0.0,,1015.9,2.9,4.5,275,Mace Head
2026-05-12,20.6,30.0,280.0,38.0,2247.0,13.4,9.6,0.1,,1013.1,2.8,5.1,275,Mace Head
2026-05-13,24.8,32.0,290.0,44.0,1837.0,12.3,8.0,2.2,,1009.0,2.5,4.8,275,Mace Head
2026-05-14,16.4,27.0,330.0,37.0,1664.0,12.1,7.9,0.4,,1010.2,2.5,4.2,275,Mace Head
2026-05-15,8.6,14.0,270.0,16.0,1185.0,11.7,8.5,0.0,,1009.2,1.8,2.6,275,Mace Head
2026-05-16,15.6,28.0,270.0,35.0,2269.0,12.9,8.2,2.3,,1005.0,2.5,4.4,275,Mace Head
2026-05-17,16.6,27.0,240.0,35.0,1020.0,11.6,7.5,4.1,,1004.0,1.7,2.8,275,Mace Head
2026-05-18,12.0,22.0,120.0,29.0,691.0,11.5,5.7,8.4,,998.0,0.9,1.6,275,Mace Head
2026-05-19,14.3,20.0,210.0,27.0,1239.0,12.5,10.8,7.8,,995.0,1.4,2.5,275,Mace Head
2026-05-20,13.5,24.0,220.0,30.0,1406.0,14.0,10.9,3.8,,1006.3,1.8,3.0,275,Mace Head
2026-05-21,14.9,19.0,170.0,24.0,454.0,14.6,12.1,5.0,,1012.7,0.9,1.4,275,Mace Head
2026-05-22,13.9,21.0,200.0,27.0,1106.0,14.8,11.5,1.4,,1015.2,1.6,2.6,275,Mace Head
2026-05-23,14.9,18.0,190.0,23.0,1342.0,14.3,11.3,0.0,,1021.9,1.7,3.0,275,Mace Head
2026-05-24,10.7,19.0,200.0,24.0,2336.0,14.8,11.2,0.0,,1025.9,2.7,4.4,275,Mace Head
2026-05-25,5.8,13.0,280.0,15.0,2417.0,19.3,10.2,0.0,,1025.6,3.4,4.8,275,Mace Head
2026-05-26,5.2,15.0,60.0,19.0,2688.0,24.8,12.9,0.0,,1023.3,4.2,5.7,275,Mace Head
2026-05-27,14.6,21.0,80.0,27.0,2756.0,27.3,16.1,0.0,,1017.5,5.4,7.6,275,Mace Head
2026-05-28,14.3,24.0,200.0,29.0,822.0,18.6,13.2,0.5,,1011.7,1.8,2.6,275,Mace Head
2026-05-29,16.4,24.0,230.0,31.0,2514.0,16.3,12.7,0.1,,1015.3,2.8,5.1,275,Mace Head
2026-05-30,14.9,20.0,160.0,26.0,1354.0,16.0,13.2,2.8,,1013.8,2.1,3.4,275,Mace Head
2026-05-31,14.3,18.0,170.0,24.0,1468.0,16.0,12.7,6.9,,1009.5,2.0,3.4,275,Mace Head
2026-06-01,13.8,18.0,210.0,22.0,1047.0,15.5,12.7,3.7,,1002.7,1.4,2.4,275,Mace Head
2026-06-02,15.8,23.0,290.0,30.0,1599.0,15.0,11.6,0.6,,1001.2,2.1,3.6,275,Mace Head
2026-06-03,23.2,31.0,250.0,40.0,1457.0,14.7,11.5,15.6,,991.5,1.7,3.4,275,Mace Head
2026-06-04,23.7,32.0,280.0,41.0,1848.0,14.4,10.4,0.6,,994.9,2.4,4.6,275,Mace Head
2026-06-05,16.8,24.0,260.0,31.0,1627.0,14.7,9.9,11.2,,997.8,2.7,4.3,275,Mace Head
2026-06-06,18.4,26.0,290.0,32.0,1802.0,14.5,10.3,5.2,,998.3,2.2,4.1,275,Mace Head
2026-06-07,18.8,27.0,200.0,34.0,1460.0,15.1,11.0,6.2,,1005.6,2.1,3.7,275,Mace Head
2026-06-08,20.7,26.0,250.0,35.0,2220.0,14.3,9.9,1.5,,1007.7,3.0,5.4,275,Mace Head
2026-06-09,21.3,31.0,260.0,40.0,2414.0,14.1,9.7,1.8,,1008.5,3.0,5.5,275,Mace Head
2026-06-10,16.6,25.0,190.0,31.0,1894.0,14.4,9.9,2.0,,1013.0,2.4,4.3,275,Mace Head
2026-06-11,21.0,28.0,250.0,36.0,812.0,14.9,12.2,9.6,,1010.0,1.1,2.1,275,Mace Head
2026-06-12,21.9,28.0,260.0,34.0,1690.0,14.7,11.9,0.2,,1016.2,2.1,4.1,275,Mace Head
2026-06-13,12.3,22.0,270.0,28.0,2080.0,14.8,10.4,0.0,,1021.4,3.0,4.7,275,Mace Head
2026-06-14,12.2,17.0,80.0,23.0,2209.0,20.6,10.5,0.0,,1015.9,3.6,5.4,275,Mace Head
2026-06-15,8.0,15.0,190.0,19.0,1314.0,15.7,11.7,0.0,,1009.1,2.1,3.0,275,Mace Head
2026-06-16,11.1,16.0,200.0,21.0,1166.0,16.3,12.7,1.6,,1006.4,1.8,2.8,275,Mace Head
2026-06-17,16.7,22.0,190.0,29.0,1441.0,15.9,12.7,2.0,,1008.1,1.9,3.4,275,Mace Head
2026-06-18,8.4,17.0,180.0,22.0,1001.0,15.8,12.8,12.0,,1004.6,1.6,2.4,275,Mace Head
2026-06-19,8.0,14.0,270.0,17.0,2490.0,16.5,12.0,2.9,,1004.7,3.1,4.7,275,Mace Head
2026-06-20,8.5,14.0,270.0,17.0,3017.0,16.7,11.6,0.0,,1015.7,3.8,5.8,275,Mace Head
2026-06-21,6.9,14.0,80.0,18.0,2765.0,19.9,10.6,0.0,,1023.0,3.8,5.5,275,Mace Head
2026-06-22,6.9,14.0,100.0,17.0,2264.0,24.0,14.2,0.1,,1021.0,4.2,5.5,275,Mace Head
2026-06-23,6.4,11.0,280.0,13.0,1786.0,18.6,14.8,0.0,,1017.7,2.6,3.7,275,Mace Head
2026-06-24,5.9,11.0,300.0,14.0,1334.0,22.7,13.6,0.4,,1017.6,2.5,3.4,275,Mace Head
2026-06-25,10.3,21.0,80.0,28.0,2413.0,30.5,17.0,0.5,,1011.6,5.0,6.6,275,Mace Head
2026-06-26,10.7,22.0,190.0,28.0,1208.0,24.3,16.8,1.0,,1007.2,2.6,3.6,275,Mace Head
2026-06-27,17.7,25.0,200.0,31.0,444.0,17.2,13.1,1.3,,1003.8,1.1,1.8,275,Mace Head
2026-06-28,22.0,27.0,230.0,36.0,1820.0,16.2,12.0,1.2,,1011.3,2.9,5.0,275,Mace Head
2026-06-29,17.2,23.0,150.0,29.0,1097.0,17.0,13.7,9.2,,1016.1,2.2,3.4,275,Mace Head
2026-06-30,15.8,23.0,290.0,29.0,1787.0,17.1,13.8,3.0,,1017.4,2.6,4.3,275,Mace Head
2026-07-01,19.6,28.0,280.0,35.0,559.0,16.1,13.4,1.5,,1018.8,1.4,2.2,275,Mace Head
2026-07-02,12.4,23.0,290.0,28.0,1428.0,16.0,13.2,0.0,,1022.6,2.6,3.9,275,Mace Head
2026-07-03,14.8,21.0,220.0,26.0,1458.0,17.7,12.9,0.1,,1024.9,2.3,3.7,275,Mace Head
2026-07-04,18.6,22.0,240.0,28.0,1200.0,16.4,14.3,0.0,,1024.0,1.5,2.8,275,Mace Head
2026-07-05,13.1,16.0,240.0,19.0,1057.0,16.0,13.7,0.0,,1021.8,1.3,2.3,275,Mace Head
2026-07-06,12.7,16.0,240.0,20.0,863.0,16.5,13.8,0.0,,1016.6,1.6,2.4,275,Mace Head
2026-07-07,8.8,14.0,260.0,17.0,1717.0,16.7,13.5,0.1,,1016.3,2.3,3.5,275,Mace Head
2026-07-08,6.2,10.0,230.0,13.0,1776.0,17.6,13.2,0.4,,1017.8,2.4,3.5,275,Mace Head
2026-07-09,6.8,11.0,220.0,13.0,1669.0,18.9,15.1,0.1,,1016.8,2.4,3.5,275,Mace Head
2026-07-10,6.4,16.0,290.0,20.0,2105.0,23.3,14.1,0.0,,1017.9,3.4,4.7,275,Mace Head
2026-07-11,6.6,16.0,60.0,20.0,2685.0,24.1,15.6,0.0,,1021.5,4.5,6.1,275,Mace Head
2026-07-12,14.3,20.0,80.0,28.0,2610.0,27.5,16.2,0.0,,1021.7,5.1,7.2,275,Mace Head
2026-07-13,13.9,22.0,70.0,28.0,2731.0,26.5,16.6,0.0,,1020.8,5.5,7.6,275,Mace Head
2026-07-14,13.7,20.0,70.0,26.0,2812.0,26.9,15.8,0.0,,1020.0,5.9,8.0,275,Mace Head
2026-07-15,8.4,12.0,90.0,17.0,2690.0,27.2,15.1,0.0,,1020.6,5.1,6.8,275,Mace Head
2026-07-16,6.4,13.0,280.0,15.0,2687.0,24.8,16.8,0.0,,1019.2,4.5,6.1,275,Mace Head
2026-07-17,6.7,16.0,340.0,21.0,2680.0,23.8,14.6,0.0,,1019.4,4.4,6.0,275,Mace Head
2026-07-18,9.7,17.0,330.0,23.0,2672.0,19.7,11.4,0.0,,1022.9,3.9,5.7,275,Mace Head
2026-07-19,5.7,19.0,340.0,22.0,2634.0,22.3,11.6,0.0,,1025.8,4.1,5.6,275,Mace Head
2026-07-20,8.1,16.0,340.0,20.0,2680.0,21.3,10.5,0.0,,1028.4,3.9,5.6,275,Mace Head
2026-07-21,10.9,18.0,350.0,22.0,2405.0,21.0,14.4,0.0,,1030.2,3.9,5.7,275,Mace Head
2026-07-22,8.8,15.0,350.0,18.0,2065.0,21.5,13.4,0.0,,1028.3,3.5,4.9,275,Mace Head
2026-07-23,7.5,13.0,290.0,16.0,2829.0,21.0,14.0,0.0,,1024.2,4.2,5.9,275,Mace Head
2026-07-24,12.0,16.0,280.0,18.0,1911.0,18.7,14.4,0.4,,1017.9,3.0,4.5,275,Mace Head
2026-07-25,18.0,26.0,260.0,33.0,588.0,17.0,14.8,1.7,,1009.2,1.2,1.9,275,Mace Head
2026-07-26,17.9,26.0,290.0,32.0,1444.0,16.9,13.7,0.6,,1009.3,2.1,3.6,275,Mace Head
2026-07-27,12.7,19.0,210.0,23.0,649.0,18.4,14.0,0.7,,1013.3,1.2,1.9,275,Mace Head
2026-07-28,14.3,23.0,210.0,29.0,552.0,17.6,15.8,1.3,,1010.9,1.0,1.6,275,Mace Head
2026-07-29,9.5,14.0,310.0,17.0,1611.0,17.7,13.4,1.9,,1010.5,2.3,3.4,275,Mace Head
2026-07-30,13.9,21.0,300.0,26.0,2133.0,17.7,13.0,0.5,,1015.2,3.3,5.1,275,Mace Head
2026-07-31,14.1,20.0,260.0,24.0,1842.0,17.8,13.5,0.1,,1017.3,3.3,4.8,275,Mace Head
