iso_year,iso_week,wdsp,glorad,sun,maxtp,mintp,rain,station_no,station_name
1955,17,19.2,,,9.4,6.9,7.4,1575,Malin Head
1955,18,14.771428571428572,,,13.200000000000001,7.128571428571428,2.414285714285714,1575,Malin Head
1955,19,16.157142857142855,,,9.957142857142857,4.814285714285715,4.6571428571428575,1575,Malin Head
1955,20,14.728571428571428,,,9.742857142857144,4.957142857142857,1.4428571428571428,1575,Malin Head
1955,21,12.285714285714286,,,14.928571428571429,8.642857142857142,0.4428571428571429,1575,Malin Head
1955,22,15.428571428571429,,,16.785714285714285,9.785714285714286,0.1142857142857143,1575,Malin Head
1955,23,15.342857142857143,,,12.828571428571427,7.957142857142857,4.814285714285715,1575,Malin Head
1955,24,10.671428571428573,,,14.557142857142859,10.185714285714285,3.7714285714285714,1575,Malin Head
1955,25,11.614285714285714,,,15.642857142857142,10.799999999999999,1.2285714285714284,1575,Malin Head
1955,26,11.214285714285714,,,14.914285714285715,10.928571428571429,4.642857142857143,1575,Malin Head
1955,27,5.871428571428572,,,18.75714285714286,12.842857142857143,0.0,1575,Malin Head
1955,28,5.671428571428572,,,17.614285714285714,12.542857142857143,0.17142857142857143,1575,Malin Head
1955,29,5.1571428571428575,,,17.1,11.642857142857142,0.2,1575,Malin Head
1955,30,5.685714285714285,,,18.157142857142855,12.428571428571429,0.09999999999999999,1575,Malin Head
1955,31,5.728571428571429,,,16.942857142857143,11.957142857142857,0.7428571428571428,1575,Malin Head
1955,32,7.057142857142857,,,17.228571428571428,11.885714285714286,0.6,1575,Malin Head
1955,33,12.442857142857141,,,20.2,12.514285714285714,1.5285714285714285,1575,Malin Head
1955,34,6.857142857142857,,,21.271428571428572,15.457142857142856,0.2714285714285714,1575,Malin Head
1955,35,12.114285714285714,,,17.642857142857142,11.957142857142857,4.628571428571428,1575,Malin Head
1955,36,15.9,,,17.571428571428573,12.385714285714286,2.9285714285714284,1575,Malin Head
1955,37,16.842857142857145,,,14.642857142857142,9.5,6.128571428571428,1575,Malin Head
1955,38,15.928571428571429,,,17.442857142857143,11.685714285714285,2.8428571428571425,1575,Malin Head
1955,39,16.214285714285715,,,14.957142857142857,10.671428571428573,1.1857142857142857,1575,Malin Head
1955,40,17.428571428571427,,,14.1,9.671428571428573,3.142857142857143,1575,Malin Head
1955,41,16.3,,,14.77142857142857,9.642857142857142,1.9285714285714286,1575,Malin Head
1955,42,14.671428571428573,,,9.928571428571429,4.814285714285715,2.485714285714286,1575,Malin Head
1955,43,16.3,,,10.714285714285714,6.7,2.4714285714285715,1575,Malin Head
1955,44,16.3,,,12.414285714285715,6.871428571428572,2.0285714285714285,1575,Malin Head
1955,45,9.514285714285716,,,11.357142857142858,7.614285714285714,1.5,1575,Malin Head
1955,46,6.8999999999999995,,,9.314285714285715,3.9857142857142853,0.0,1575,Malin Head
1955,47,13.071428571428571,,,10.542857142857143,7.642857142857143,1.042857142857143,1575,Malin Head
1955,48,14.242857142857144,,,9.985714285714286,6.728571428571429,1.2428571428571427,1575,Malin Head
1955,49,18.97142857142857,,,10.328571428571427,5.528571428571429,6.257142857142857,1575,Malin Head
1955,50,13.485714285714286,,,7.885714285714285,3.7285714285714286,2.142857142857143,1575,Malin Head
1955,51,18.04285714285714,,,7.614285714285714,2.1714285714285717,2.3857142857142857,1575,Malin Head
1955,52,24.657142857142855,,,10.285714285714286,5.3,4.185714285714286,1575,Malin Head
1956,1,15.1,,,8.485714285714286,5.528571428571429,0.9714285714285714,1575,Malin Head
1956,2,13.471428571428572,,,5.971428571428571,1.4428571428571428,2.1142857142857143,1575,Malin Head
1956,3,19.814285714285713,,,7.685714285714285,2.3000000000000003,3.7142857142857144,1575,Malin Head
1956,4,12.900000000000002,,,7.785714285714286,2.7142857142857144,5.528571428571429,1575,Malin Head
1956,5,15.942857142857141,,,5.285714285714286,0.8857142857142858,7.271428571428572,1575,Malin Head
1956,6,8.142857142857142,,,7.628571428571428,3.614285714285714,0.8142857142857143,1575,Malin Head
1956,7,10.385714285714286,,,5.971428571428571,-0.12857142857142861,1.2857142857142858,1575,Malin Head
1956,8,11.342857142857143,,,5.442857142857143,1.1142857142857143,0.4714285714285714,1575,Malin Head
1956,9,20.085714285714285,,,9.6,4.6571428571428575,4.728571428571429,1575,Malin Head
1956,10,14.985714285714284,,,10.985714285714286,5.471428571428571,0.6285714285714284,1575,Malin Head
1956,11,14.885714285714286,,,8.614285714285714,3.057142857142857,0.24285714285714285,1575,Malin Head
1956,12,20.228571428571428,,,10.042857142857143,6.028571428571429,0.5142857142857143,1575,Malin Head
1956,13,9.471428571428572,,,9.885714285714286,4.071428571428571,0.0,1575,Malin Head
1956,14,15.614285714285716,,,10.528571428571428,5.728571428571429,1.4857142857142858,1575,Malin Head
1956,15,13.700000000000001,,,8.814285714285715,5.071428571428571,1.3714285714285714,1575,Malin Head
1956,16,10.671428571428573,,,10.457142857142857,3.314285714285714,0.8857142857142856,1575,Malin Head
1956,17,9.4,,,9.728571428571428,5.085714285714286,0.6285714285714287,1575,Malin Head
1956,18,16.514285714285712,,,14.942857142857141,6.571428571428571,0.7857142857142857,1575,Malin Head
1956,19,20.185714285714287,,,13.62857142857143,8.285714285714286,4.0285714285714285,1575,Malin Head
1956,20,15.042857142857143,,,12.114285714285714,6.614285714285714,1.1714285714285713,1575,Malin Head
1956,21,10.942857142857141,,,13.0,8.257142857142856,1.2,1575,Malin Head
1956,22,13.585714285714285,,,13.942857142857141,9.142857142857142,1.6428571428571428,1575,Malin Head
1956,23,14.842857142857143,,,12.785714285714286,6.285714285714286,4.171428571428572,1575,Malin Head
1956,24,10.542857142857143,,,13.314285714285715,7.314285714285715,1.7,1575,Malin Head
1956,25,11.142857142857142,,,15.028571428571428,10.714285714285714,2.0,1575,Malin Head
1956,26,11.985714285714286,,,15.285714285714286,9.87142857142857,4.8428571428571425,1575,Malin Head
1956,27,12.228571428571428,,,16.985714285714288,12.028571428571428,8.142857142857142,1575,Malin Head
1956,28,12.228571428571428,,,16.057142857142857,10.528571428571428,0.5000000000000001,1575,Malin Head
1956,29,6.928571428571429,,,16.157142857142855,11.614285714285714,0.7571428571428571,1575,Malin Head
1956,30,16.114285714285714,,,15.37142857142857,12.142857142857142,2.6999999999999997,1575,Malin Head
1956,31,14.528571428571428,,,14.842857142857143,10.771428571428572,4.1,1575,Malin Head
1956,32,11.414285714285715,,,16.414285714285715,10.471428571428572,4.171428571428572,1575,Malin Head
1956,33,12.742857142857144,,,15.157142857142858,11.014285714285714,4.5,1575,Malin Head
1956,34,7.242857142857143,,,15.014285714285716,8.814285714285715,2.5285714285714285,1575,Malin Head
1956,35,11.714285714285714,,,13.828571428571427,10.585714285714285,1.6,1575,Malin Head
1956,36,10.228571428571428,,,13.571428571428571,10.771428571428572,5.142857142857143,1575,Malin Head
1956,37,13.442857142857141,,,14.799999999999999,10.857142857142858,1.842857142857143,1575,Malin Head
1956,38,10.485714285714286,,,16.657142857142855,12.028571428571428,1.0714285714285714,1575,Malin Head
1956,39,14.700000000000001,,,16.12857142857143,11.228571428571428,7.042857142857143,1575,Malin Head
1956,40,16.7,,,11.9,8.028571428571428,3.3999999999999995,1575,Malin Head
1956,41,9.271428571428572,,,15.357142857142858,9.071428571428571,0.17142857142857143,1575,Malin Head
1956,42,15.12857142857143,,,14.142857142857142,9.857142857142858,2.9857142857142853,1575,Malin Head
1956,43,16.185714285714287,,,11.814285714285715,7.385714285714286,3.9857142857142853,1575,Malin Head
1956,44,14.842857142857143,,,9.571428571428571,7.1000000000000005,0.08571428571428573,1575,Malin Head
1956,45,14.9,,,11.214285714285714,7.271428571428571,1.9857142857142855,1575,Malin Head
1956,46,12.414285714285715,,,9.957142857142857,7.142857142857143,1.2,1575,Malin Head
1956,47,14.057142857142859,,,10.0,5.542857142857143,2.7857142857142856,1575,Malin Head
1956,48,21.214285714285715,,,9.742857142857144,5.185714285714285,2.8857142857142857,1575,Malin Head
1956,49,16.885714285714286,,,11.37142857142857,8.714285714285714,2.942857142857143,1575,Malin Head
1956,50,25.914285714285715,,,9.185714285714285,3.4,8.3,1575,Malin Head
1956,51,14.985714285714286,,,8.128571428571428,4.557142857142857,0.9428571428571428,1575,Malin Head
1956,52,18.04285714285714,,,6.771428571428571,2.757142857142857,6.128571428571429,1575,Malin Head
1957,1,17.385714285714286,,,9.614285714285714,4.914285714285714,5.557142857142857,1575,Malin Head
1957,2,20.071428571428573,,,9.385714285714286,5.471428571428572,1.3571428571428572,1575,Malin Head
1957,3,12.514285714285714,,,7.485714285714287,1.6285714285714286,1.0285714285714285,1575,Malin Head
1957,4,18.1,,,7.714285714285714,1.885714285714286,8.614285714285714,1575,Malin Head
1957,5,20.614285714285717,,,8.914285714285715,3.442857142857143,7.557142857142857,1575,Malin Head
1957,6,18.585714285714285,,,9.62857142857143,4.371428571428572,2.6142857142857143,1575,Malin Head
1957,7,12.62857142857143,,,6.7,2.442857142857143,3.385714285714286,1575,Malin Head
1957,8,14.514285714285716,,,6.457142857142857,1.5,4.4,1575,Malin Head
1957,9,11.757142857142856,,,9.757142857142856,5.5,0.4,1575,Malin Head
1957,10,12.62857142857143,,,11.485714285714284,6.871428571428572,1.7857142857142858,1575,Malin Head
1957,11,16.2,,,12.442857142857141,8.5,4.614285714285714,1575,Malin Head
1957,12,13.642857142857142,,,10.87142857142857,5.3428571428571425,3.9857142857142853,1575,Malin Head
1957,13,12.657142857142857,,,11.857142857142858,6.3428571428571425,1.8714285714285714,1575,Malin Head
1957,14,9.457142857142857,,,11.414285714285715,6.642857142857143,1.2142857142857142,1575,Malin Head
1957,15,11.557142857142859,,,10.1,5.242857142857143,0.3,1575,Malin Head
1957,16,11.857142857142858,,,12.085714285714285,5.814285714285715,3.5,1575,Malin Head
1957,17,5.871428571428572,,,10.985714285714286,4.371428571428572,0.39999999999999997,1575,Malin Head
1957,18,10.942857142857141,,,10.785714285714286,7.6000000000000005,0.31428571428571433,1575,Malin Head
1957,19,9.685714285714285,,,12.0,6.685714285714285,1.9857142857142858,1575,Malin Head
1957,20,12.071428571428571,,,13.642857142857142,7.0,2.0714285714285716,1575,Malin Head
1957,21,9.385714285714286,,,14.414285714285715,7.8,0.8428571428571429,1575,Malin Head
1957,22,6.942857142857143,,,15.0,8.828571428571427,0.2285714285714286,1575,Malin Head
1957,23,13.542857142857143,,,13.171428571428573,8.428571428571429,1.2428571428571427,1575,Malin Head
1957,24,8.557142857142857,,,17.842857142857145,10.671428571428573,0.4571428571428572,1575,Malin Head
1957,25,11.957142857142857,,,17.142857142857142,11.642857142857142,0.028571428571428574,1575,Malin Head
1957,26,7.414285714285714,,,17.4,10.714285714285714,6.6,1575,Malin Head
1957,27,6.328571428571428,,,16.7,11.242857142857144,4.371428571428571,1575,Malin Head
1957,28,12.37142857142857,,,14.414285714285715,11.071428571428571,4.614285714285714,1575,Malin Head
1957,29,7.614285714285714,,,15.157142857142857,11.528571428571428,3.6000000000000005,1575,Malin Head
1957,30,14.0,,,15.842857142857143,12.457142857142857,5.071428571428571,1575,Malin Head
1957,31,6.271428571428572,,,17.04285714285714,11.37142857142857,1.157142857142857,1575,Malin Head
1957,32,8.514285714285714,,,16.928571428571427,13.214285714285714,1.0857142857142859,1575,Malin Head
1957,33,12.814285714285715,,,15.428571428571429,11.757142857142856,1.614285714285714,1575,Malin Head
1957,34,19.52857142857143,,,15.557142857142859,11.6,8.5,1575,Malin Head
1957,35,9.042857142857143,,,15.285714285714286,10.342857142857143,1.7714285714285716,1575,Malin Head
1957,36,14.157142857142857,,,15.885714285714284,10.328571428571427,1.742857142857143,1575,Malin Head
1957,37,19.657142857142855,,,13.471428571428572,9.114285714285716,7.014285714285714,1575,Malin Head
1957,38,11.37142857142857,,,14.042857142857143,11.014285714285714,13.357142857142858,1575,Malin Head
1957,39,20.642857142857142,,,12.614285714285714,9.62857142857143,1.4428571428571428,1575,Malin Head
1957,40,13.742857142857144,,,13.385714285714286,9.585714285714285,0.7142857142857143,1575,Malin Head
1957,41,11.442857142857141,,,13.742857142857144,10.4,0.4571428571428572,1575,Malin Head
1957,42,14.042857142857143,,,12.5,7.514285714285714,3.557142857142857,1575,Malin Head
1957,43,17.657142857142855,,,12.742857142857144,8.171428571428573,5.671428571428572,1575,Malin Head
1957,44,14.042857142857143,,,10.714285714285714,6.114285714285714,4.257142857142857,1575,Malin Head
1957,45,11.414285714285715,,,8.914285714285715,4.5,0.6714285714285715,1575,Malin Head
1957,46,11.885714285714284,,,9.371428571428572,6.085714285714286,2.9,1575,Malin Head
1957,47,15.299999999999999,,,10.485714285714286,6.614285714285714,1.6428571428571428,1575,Malin Head
1957,48,11.828571428571427,,,11.042857142857143,7.871428571428572,0.5285714285714286,1575,Malin Head
1957,49,16.157142857142855,,,10.171428571428573,5.414285714285714,6.6,1575,Malin Head
1957,50,14.242857142857142,,,6.428571428571429,1.8571428571428572,2.957142857142857,1575,Malin Head
1957,51,18.942857142857143,,,9.071428571428571,4.185714285714286,3.7285714285714286,1575,Malin Head
1957,52,15.485714285714286,,,9.328571428571427,5.3428571428571425,1.1714285714285713,1575,Malin Head
1958,1,16.271428571428572,,,6.528571428571429,3.442857142857143,6.385714285714286,1575,Malin Head
1958,2,19.428571428571427,,,8.128571428571428,3.3857142857142857,5.171428571428572,1575,Malin Head
1958,3,14.985714285714286,,,8.27142857142857,3.8000000000000003,4.885714285714286,1575,Malin Head
1958,4,12.042857142857143,,,4.757142857142857,-0.7714285714285715,4.514285714285714,1575,Malin Head
1958,5,13.2,,,9.62857142857143,4.6000000000000005,0.8285714285714285,1575,Malin Head
1958,6,12.62857142857143,,,5.485714285714287,1.042857142857143,4.771428571428571,1575,Malin Head
1958,7,12.957142857142857,,,9.171428571428573,4.442857142857143,2.057142857142857,1575,Malin Head
1958,8,13.557142857142859,,,8.257142857142856,4.1,13.1,1575,Malin Head
1958,9,11.671428571428573,,,7.785714285714286,4.5285714285714285,0.42857142857142855,1575,Malin Head
1958,10,18.62857142857143,,,6.885714285714286,2.342857142857143,2.6285714285714286,1575,Malin Head
1958,11,12.985714285714284,,,5.542857142857143,0.7142857142857143,2.557142857142857,1575,Malin Head
1958,12,13.9,,,4.828571428571428,0.7285714285714285,0.27142857142857146,1575,Malin Head
1958,13,19.842857142857145,,,7.3428571428571425,4.128571428571428,0.9714285714285714,1575,Malin Head
1958,14,15.785714285714286,,,8.014285714285714,3.7285714285714286,0.7428571428571429,1575,Malin Head
1958,15,9.242857142857144,,,9.085714285714285,3.914285714285714,1.4285714285714286,1575,Malin Head
1958,16,14.042857142857143,,,11.071428571428571,6.3,1.657142857142857,1575,Malin Head
1958,17,13.314285714285715,,,11.37142857142857,5.6000000000000005,3.628571428571429,1575,Malin Head
1958,18,8.628571428571428,,,14.200000000000001,7.257142857142857,0.028571428571428574,1575,Malin Head
1958,19,10.700000000000001,,,11.757142857142856,5.1,3.1857142857142855,1575,Malin Head
1958,20,11.385714285714284,,,11.657142857142857,5.7,0.6571428571428571,1575,Malin Head
1958,21,17.54285714285714,,,11.457142857142857,6.142857142857143,5.585714285714286,1575,Malin Head
1958,22,7.957142857142856,,,12.37142857142857,5.828571428571428,0.4428571428571429,1575,Malin Head
1958,23,10.185714285714285,,,15.157142857142857,9.700000000000001,3.914285714285714,1575,Malin Head
1958,24,9.385714285714286,,,15.042857142857143,9.885714285714286,1.0,1575,Malin Head
1958,25,9.742857142857144,,,13.557142857142859,9.571428571428571,7.557142857142857,1575,Malin Head
1958,26,9.585714285714285,,,14.4,9.185714285714285,5.3999999999999995,1575,Malin Head
1958,27,7.1571428571428575,,,16.385714285714286,12.228571428571428,0.7285714285714285,1575,Malin Head
1958,28,10.014285714285714,,,16.72857142857143,12.014285714285714,1.842857142857143,1575,Malin Head
1958,29,7.514285714285714,,,17.47142857142857,11.0,3.3714285714285714,1575,Malin Head
1958,30,9.128571428571428,,,15.799999999999999,10.257142857142856,1.6714285714285713,1575,Malin Head
1958,31,9.028571428571428,,,15.357142857142858,11.071428571428571,7.428571428571429,1575,Malin Head
1958,32,11.457142857142857,,,17.62857142857143,11.957142857142857,2.2857142857142856,1575,Malin Head
1958,33,7.585714285714286,,,17.7,12.671428571428573,4.871428571428572,1575,Malin Head
1958,34,8.185714285714285,,,15.37142857142857,11.585714285714285,1.8285714285714285,1575,Malin Head
1958,35,10.5,,,18.37142857142857,11.571428571428571,1.6428571428571428,1575,Malin Head
1958,36,12.985714285714286,,,18.357142857142858,13.485714285714286,1.4142857142857141,1575,Malin Head
1958,37,4.942857142857143,,,17.014285714285712,11.299999999999999,0.6714285714285715,1575,Malin Head
1958,38,9.799999999999999,,,16.485714285714288,10.728571428571428,1.0,1575,Malin Head
1958,39,15.985714285714286,,,15.900000000000002,10.142857142857142,5.228571428571429,1575,Malin Head
1958,40,10.185714285714285,,,15.22857142857143,8.957142857142857,4.785714285714286,1575,Malin Head
1958,41,15.128571428571428,,,13.085714285714285,7.6000000000000005,7.5,1575,Malin Head
1958,42,15.842857142857143,,,13.1,8.571428571428571,0.8142857142857143,1575,Malin Head
1958,43,8.1,,,13.085714285714285,11.057142857142859,0.24285714285714285,1575,Malin Head
1958,44,10.728571428571428,,,12.428571428571429,7.928571428571429,3.6,1575,Malin Head
1958,45,12.0,,,11.214285714285714,7.714285714285714,2.8857142857142857,1575,Malin Head
1958,46,8.700000000000001,,,11.1,7.542857142857143,4.085714285714285,1575,Malin Head
1958,47,9.62857142857143,,,11.085714285714287,7.328571428571428,0.5571428571428572,1575,Malin Head
1958,48,8.314285714285715,,,9.285714285714286,3.6,0.15714285714285717,1575,Malin Head
1958,49,8.742857142857144,,,9.271428571428572,4.3428571428571425,2.085714285714286,1575,Malin Head
1958,50,14.014285714285716,,,6.885714285714286,2.2285714285714286,6.271428571428571,1575,Malin Head
1958,51,22.314285714285713,,,8.442857142857143,4.671428571428572,5.3,1575,Malin Head
1958,52,13.957142857142857,,,9.114285714285714,4.3,3.985714285714286,1575,Malin Head
1959,1,18.057142857142857,,,7.428571428571429,2.357142857142857,7.242857142857142,1575,Malin Head
1959,2,16.285714285714285,,,5.1000000000000005,1.0857142857142859,1.3571428571428572,1575,Malin Head
1959,3,10.057142857142859,,,6.214285714285714,1.0,1.6,1575,Malin Head
1959,4,12.785714285714286,,,6.5,2.157142857142857,2.0142857142857142,1575,Malin Head
1959,5,9.4,,,7.685714285714285,2.814285714285714,0.7,1575,Malin Head
1959,6,7.585714285714286,,,6.8,0.17142857142857146,0.0,1575,Malin Head
1959,7,15.22857142857143,,,9.685714285714285,4.271428571428571,0.42857142857142855,1575,Malin Head
1959,8,14.271428571428572,,,9.528571428571428,6.3428571428571425,0.9571428571428572,1575,Malin Head
1959,9,16.585714285714285,,,11.257142857142856,6.457142857142856,1.6428571428571428,1575,Malin Head
1959,10,12.642857142857142,,,9.200000000000001,4.357142857142857,2.0714285714285716,1575,Malin Head
1959,11,15.342857142857143,,,10.114285714285714,4.485714285714286,4.6571428571428575,1575,Malin Head
1959,12,8.757142857142856,,,9.357142857142858,3.3428571428571425,0.4428571428571429,1575,Malin Head
1959,13,14.028571428571428,,,11.757142857142856,5.557142857142857,1.9142857142857144,1575,Malin Head
1959,14,11.428571428571429,,,11.171428571428573,5.742857142857143,2.8428571428571425,1575,Malin Head
1959,15,15.12857142857143,,,9.9,3.8428571428571425,3.9857142857142853,1575,Malin Head
1959,16,10.62857142857143,,,12.185714285714285,7.185714285714285,1.7428571428571427,1575,Malin Head
1959,17,8.442857142857143,,,12.385714285714286,5.985714285714286,3.3999999999999995,1575,Malin Head
1959,18,11.6,,,10.485714285714286,4.285714285714286,2.3714285714285714,1575,Malin Head
1959,19,8.27142857142857,,,12.471428571428573,5.285714285714286,1.2857142857142858,1575,Malin Head
1959,20,3.8285714285714287,,,15.900000000000002,9.528571428571428,0.15714285714285717,1575,Malin Head
1959,21,8.185714285714285,,,13.5,8.642857142857142,0.014285714285714287,1575,Malin Head
1959,22,4.957142857142857,,,15.6,9.571428571428571,1.042857142857143,1575,Malin Head
1959,23,12.614285714285714,,,15.957142857142856,9.285714285714286,2.2,1575,Malin Head
1959,24,10.9,,,15.828571428571427,8.985714285714286,2.4285714285714284,1575,Malin Head
1959,25,13.071428571428571,,,16.742857142857144,10.485714285714286,0.4571428571428572,1575,Malin Head
1959,26,6.128571428571428,,,18.228571428571428,12.328571428571427,1.4857142857142858,1575,Malin Head
1959,27,9.9,,,18.114285714285714,12.171428571428573,4.285714285714286,1575,Malin Head
1959,28,10.085714285714285,,,16.95714285714286,10.9,3.5,1575,Malin Head
1959,29,7.528571428571429,,,17.285714285714285,11.87142857142857,4.5,1575,Malin Head
1959,30,2.5714285714285716,,,18.385714285714283,11.814285714285715,0.7000000000000001,1575,Malin Head
1959,31,6.8999999999999995,,,15.542857142857143,12.542857142857143,1.7428571428571427,1575,Malin Head
1959,32,6.757142857142857,,,16.771428571428572,12.014285714285714,0.6857142857142857,1575,Malin Head
1959,33,10.7,,,17.928571428571427,12.214285714285714,2.3857142857142857,1575,Malin Head
1959,34,7.614285714285714,,,19.557142857142857,13.728571428571428,0.5714285714285714,1575,Malin Head
1959,35,10.342857142857143,,,17.042857142857144,13.371428571428572,0.5571428571428572,1575,Malin Head
1959,36,4.357142857142857,,,19.414285714285715,10.957142857142857,0.3,1575,Malin Head
1959,37,4.928571428571429,,,18.914285714285715,11.4,0.1285714285714286,1575,Malin Head
1959,38,7.628571428571429,,,14.871428571428572,11.342857142857143,0.2285714285714286,1575,Malin Head
1959,39,13.271428571428572,,,16.728571428571428,10.542857142857143,4.542857142857143,1575,Malin Head
1959,40,13.299999999999999,,,19.142857142857142,13.042857142857143,0.0,1575,Malin Head
1959,41,11.6,,,17.757142857142856,12.62857142857143,0.7428571428571429,1575,Malin Head
1959,42,11.642857142857142,,,15.257142857142856,9.557142857142855,5.442857142857143,1575,Malin Head
1959,43,19.985714285714288,,,13.242857142857144,8.071428571428571,6.985714285714286,1575,Malin Head
1959,44,19.671428571428574,,,11.842857142857143,6.857142857142857,5.8,1575,Malin Head
1959,45,14.442857142857141,,,11.485714285714286,6.757142857142858,3.0285714285714285,1575,Malin Head
1959,46,19.099999999999998,,,8.414285714285715,3.228571428571428,8.214285714285714,1575,Malin Head
1959,47,14.314285714285715,,,10.457142857142857,5.5857142857142845,4.457142857142857,1575,Malin Head
1959,48,14.028571428571428,,,10.257142857142856,6.1571428571428575,2.9857142857142853,1575,Malin Head
1959,49,11.957142857142857,,,8.328571428571427,2.442857142857143,3.857142857142857,1575,Malin Head
1959,50,17.085714285714285,,,9.285714285714286,5.142857142857143,2.6999999999999997,1575,Malin Head
1959,51,16.642857142857142,,,8.371428571428572,3.6142857142857143,4.114285714285715,1575,Malin Head
1959,52,13.171428571428573,,,8.185714285714287,4.6000000000000005,5.285714285714286,1575,Malin Head
1959,53,17.3,,,10.057142857142859,5.1,3.3428571428571425,1575,Malin Head
1960,1,8.4,,,7.285714285714286,1.3142857142857143,0.3714285714285714,1575,Malin Head
1960,2,14.085714285714285,,,7.8,4.814285714285715,2.2857142857142856,1575,Malin Head
1960,3,14.485714285714284,,,8.914285714285715,3.0571428571428574,7.3,1575,Malin Head
1960,4,9.328571428571427,,,7.642857142857143,3.414285714285714,6.071428571428571,1575,Malin Head
1960,5,9.414285714285715,,,9.700000000000001,3.957142857142857,3.7714285714285714,1575,Malin Head
1960,6,11.257142857142856,,,5.985714285714286,1.2285714285714284,0.7571428571428571,1575,Malin Head
1960,7,15.114285714285714,,,4.5285714285714285,-0.35714285714285715,5.1,1575,Malin Head
1960,8,10.342857142857143,,,8.428571428571429,2.7714285714285714,3.871428571428571,1575,Malin Head
1960,9,13.071428571428571,,,10.485714285714286,5.957142857142857,3.8714285714285714,1575,Malin Head
1960,10,17.6,,,7.357142857142857,4.185714285714286,0.7142857142857143,1575,Malin Head
1960,11,14.585714285714285,,,8.757142857142856,6.042857142857143,2.4,1575,Malin Head
1960,12,14.457142857142857,,,9.700000000000001,5.171428571428572,0.5,1575,Malin Head
1960,13,15.514285714285716,,,9.214285714285714,5.385714285714286,0.5571428571428572,1575,Malin Head
1960,14,14.014285714285714,,,12.471428571428572,5.428571428571429,4.0285714285714285,1575,Malin Head
1960,15,15.457142857142857,,,11.4,4.685714285714285,2.942857142857143,1575,Malin Head
1960,16,8.871428571428572,,,11.842857142857142,6.8999999999999995,0.18571428571428572,1575,Malin Head
1960,17,5.042857142857143,,,11.328571428571427,4.628571428571428,0.07142857142857142,1575,Malin Head
1960,18,8.528571428571428,,,15.071428571428571,8.72857142857143,1.957142857142857,1575,Malin Head
1960,19,16.02857142857143,,,15.328571428571427,9.642857142857142,3.3428571428571425,1575,Malin Head
1960,20,5.971428571428571,,,13.6,8.5,0.5857142857142856,1575,Malin Head
1960,21,11.057142857142859,,,15.828571428571427,8.614285714285714,2.2285714285714286,1575,Malin Head
1960,22,6.9142857142857155,,,18.785714285714285,10.9,3.6999999999999997,1575,Malin Head
1960,23,12.842857142857143,,,15.471428571428573,9.842857142857143,6.028571428571429,1575,Malin Head
1960,24,11.185714285714285,,,16.414285714285715,10.685714285714285,1.7571428571428573,1575,Malin Head
1960,25,7.414285714285714,,,17.32857142857143,12.285714285714286,0.2571428571428572,1575,Malin Head
1960,26,11.357142857142858,,,16.142857142857142,11.442857142857141,0.18571428571428572,1575,Malin Head
1960,27,14.37142857142857,,,16.25714285714286,12.157142857142857,8.257142857142856,1575,Malin Head
1960,28,14.285714285714286,,,16.428571428571427,11.557142857142859,4.1571428571428575,1575,Malin Head
1960,29,13.085714285714285,,,16.271428571428572,11.37142857142857,3.5714285714285716,1575,Malin Head
1960,30,12.871428571428572,,,17.7,10.6,2.357142857142857,1575,Malin Head
1960,31,8.757142857142856,,,15.971428571428572,11.985714285714286,0.7999999999999999,1575,Malin Head
1960,32,8.514285714285714,,,15.5,8.528571428571428,1.6714285714285715,1575,Malin Head
1960,33,10.799999999999999,,,17.085714285714285,10.428571428571429,3.957142857142857,1575,Malin Head
1960,34,10.857142857142858,,,17.6,12.271428571428572,8.242857142857144,1575,Malin Head
1960,35,8.77142857142857,,,16.557142857142857,11.114285714285714,1.2857142857142858,1575,Malin Head
1960,36,11.285714285714286,,,17.157142857142855,10.357142857142858,3.7714285714285714,1575,Malin Head
1960,37,10.085714285714285,,,15.714285714285714,9.1,2.742857142857143,1575,Malin Head
1960,38,12.242857142857144,,,14.714285714285714,7.785714285714286,1.457142857142857,1575,Malin Head
1960,39,23.428571428571427,,,13.87142857142857,10.028571428571427,4.5285714285714285,1575,Malin Head
1960,40,10.114285714285714,,,14.171428571428573,9.757142857142856,2.2142857142857144,1575,Malin Head
1960,41,12.214285714285714,,,11.700000000000001,7.528571428571429,0.4571428571428572,1575,Malin Head
1960,42,15.485714285714286,,,12.799999999999999,8.385714285714286,1.6142857142857143,1575,Malin Head
1960,43,11.485714285714286,,,11.9,8.4,0.7285714285714285,1575,Malin Head
1960,44,15.8,,,10.857142857142858,5.914285714285714,5.714285714285714,1575,Malin Head
1960,45,15.542857142857143,,,9.957142857142857,4.885714285714286,2.5142857142857147,1575,Malin Head
1960,46,13.814285714285715,,,8.27142857142857,3.742857142857143,1.542857142857143,1575,Malin Head
1960,47,10.528571428571428,,,9.585714285714285,6.6571428571428575,1.3285714285714285,1575,Malin Head
1960,48,17.357142857142858,,,9.985714285714286,5.442857142857143,7.3999999999999995,1575,Malin Head
1960,49,9.642857142857142,,,6.228571428571429,0.1142857142857143,1.6428571428571428,1575,Malin Head
1960,50,9.5,,,7.914285714285714,2.542857142857143,3.257142857142857,1575,Malin Head
1960,51,15.185714285714285,,,7.971428571428571,4.1571428571428575,6.528571428571429,1575,Malin Head
1960,52,17.485714285714288,,,7.128571428571428,2.1142857142857143,4.071428571428571,1575,Malin Head
1961,1,13.057142857142859,,,7.471428571428571,1.7,4.014285714285714,1575,Malin Head
1961,2,10.9,,,7.3,1.9857142857142858,2.5,1575,Malin Head
1961,3,11.414285714285713,,,6.971428571428571,2.085714285714286,2.157142857142857,1575,Malin Head
1961,4,22.3,,,7.7,2.257142857142857,3.2857142857142856,1575,Malin Head
1961,5,11.914285714285715,,,7.728571428571429,2.4285714285714284,7.857142857142857,1575,Malin Head
1961,6,18.985714285714288,,,9.757142857142856,5.471428571428571,4.0,1575,Malin Head
1961,7,16.357142857142858,,,11.114285714285714,7.171428571428572,1.0,1575,Malin Head
1961,8,14.214285714285714,,,9.700000000000001,4.142857142857143,4.057142857142858,1575,Malin Head
1961,9,13.957142857142857,,,10.785714285714286,5.971428571428571,2.7285714285714286,1575,Malin Head
1961,10,14.342857142857143,,,13.0,6.971428571428571,0.9714285714285714,1575,Malin Head
1961,11,16.114285714285717,,,10.9,5.8428571428571425,1.2142857142857142,1575,Malin Head
1961,12,18.057142857142857,,,10.714285714285714,6.828571428571428,0.8571428571428571,1575,Malin Head
1961,13,13.742857142857144,,,9.157142857142857,5.642857142857143,5.028571428571429,1575,Malin Head
1961,14,11.271428571428572,,,8.614285714285714,3.242857142857143,4.642857142857143,1575,Malin Head
1961,15,8.642857142857142,,,13.042857142857143,6.485714285714286,3.400000000000001,1575,Malin Head
1961,16,12.285714285714286,,,12.1,7.042857142857143,5.371428571428571,1575,Malin Head
1961,17,8.614285714285714,,,12.114285714285714,6.171428571428572,3.457142857142857,1575,Malin Head
1961,18,14.357142857142858,,,13.157142857142857,7.542857142857143,4.442857142857143,1575,Malin Head
1961,19,10.385714285714286,,,13.814285714285715,7.3,1.3571428571428572,1575,Malin Head
1961,20,10.514285714285714,,,12.514285714285714,7.857142857142857,0.0,1575,Malin Head
1961,21,11.742857142857144,,,11.985714285714286,7.528571428571429,0.9142857142857144,1575,Malin Head
1961,22,13.385714285714286,,,14.071428571428571,9.257142857142856,0.2857142857142857,1575,Malin Head
1961,23,12.185714285714285,,,14.157142857142857,8.8,2.1714285714285713,1575,Malin Head
1961,24,14.714285714285714,,,15.514285714285714,10.271428571428572,2.085714285714286,1575,Malin Head
1961,25,17.385714285714286,,,15.828571428571427,10.87142857142857,2.157142857142857,1575,Malin Head
1961,26,12.457142857142857,,,16.54285714285714,9.742857142857144,0.5428571428571429,1575,Malin Head
1961,27,15.799999999999999,,,15.057142857142859,10.928571428571429,2.314285714285714,1575,Malin Head
1961,28,12.299999999999999,,,15.042857142857143,9.914285714285715,5.7,1575,Malin Head
1961,29,8.514285714285714,,,15.071428571428571,11.257142857142856,0.05714285714285715,1575,Malin Head
1961,30,13.414285714285715,,,15.914285714285715,11.271428571428572,2.314285714285714,1575,Malin Head
1961,31,13.614285714285714,,,16.12857142857143,10.299999999999999,7.8999999999999995,1575,Malin Head
1961,32,10.0,,,15.657142857142857,9.414285714285715,1.5857142857142856,1575,Malin Head
1961,33,16.257142857142856,,,15.342857142857143,11.814285714285715,4.042857142857143,1575,Malin Head
1961,34,16.271428571428572,,,16.400000000000002,11.228571428571428,4.985714285714286,1575,Malin Head
1961,35,10.785714285714286,,,19.2,12.542857142857143,0.3428571428571429,1575,Malin Head
1961,36,11.0,,,15.942857142857141,9.828571428571427,1.7857142857142858,1575,Malin Head
1961,37,18.8,,,17.17142857142857,10.214285714285714,4.385714285714285,1575,Malin Head
1961,38,9.728571428571428,,,17.085714285714285,9.87142857142857,0.9,1575,Malin Head
1961,39,13.185714285714285,,,14.328571428571427,8.0,5.985714285714287,1575,Malin Head
1961,40,11.214285714285714,,,14.742857142857144,8.757142857142856,2.3,1575,Malin Head
1961,41,15.142857142857142,,,14.757142857142856,8.257142857142856,1.6714285714285713,1575,Malin Head
1961,42,23.557142857142853,,,11.257142857142856,7.328571428571428,5.814285714285715,1575,Malin Head
1961,43,18.3,,,11.014285714285714,5.985714285714286,3.7714285714285714,1575,Malin Head
1961,44,19.0,,,11.214285714285714,7.1000000000000005,3.1,1575,Malin Head
1961,45,10.9,,,9.614285714285714,4.757142857142857,2.1714285714285717,1575,Malin Head
1961,46,5.714285714285714,,,9.985714285714286,6.914285714285714,0.17142857142857143,1575,Malin Head
1961,47,12.714285714285714,,,8.614285714285714,4.071428571428571,5.128571428571428,1575,Malin Head
1961,48,14.442857142857141,,,7.171428571428572,2.1142857142857143,4.971428571428572,1575,Malin Head
1961,49,16.271428571428572,,,7.6000000000000005,2.414285714285714,7.442857142857142,1575,Malin Head
1961,50,14.442857142857141,,,11.242857142857144,6.771428571428571,2.6714285714285713,1575,Malin Head
1961,51,8.200000000000001,,,6.0,0.9857142857142858,0.0,1575,Malin Head
1961,52,12.557142857142859,,,4.171428571428572,-2.1142857142857143,2.2857142857142856,1575,Malin Head
1962,1,10.957142857142857,,,7.271428571428572,1.6714285714285715,2.257142857142857,1575,Malin Head
1962,2,18.5,,,7.7,2.5285714285714285,6.457142857142856,1575,Malin Head
1962,3,20.142857142857142,,,7.5,2.685714285714286,5.757142857142857,1575,Malin Head
1962,4,11.342857142857143,,,8.242857142857144,3.542857142857143,3.357142857142857,1575,Malin Head
1962,5,18.428571428571427,,,9.657142857142857,4.285714285714286,4.414285714285714,1575,Malin Head
1962,6,20.32857142857143,,,9.62857142857143,5.014285714285714,4.657142857142857,1575,Malin Head
1962,7,21.085714285714285,,,8.314285714285715,3.3714285714285714,3.042857142857143,1575,Malin Head
1962,8,11.12857142857143,,,8.571428571428571,3.057142857142857,0.0,1575,Malin Head
1962,9,15.657142857142857,,,4.7,1.342857142857143,1.1285714285714286,1575,Malin Head
1962,10,9.87142857142857,,,6.257142857142857,1.3285714285714287,1.1857142857142857,1575,Malin Head
1962,11,11.457142857142857,,,5.8999999999999995,0.4142857142857142,0.9142857142857144,1575,Malin Head
1962,12,10.742857142857144,,,8.22857142857143,3.442857142857143,1.8428571428571427,1575,Malin Head
1962,13,17.142857142857142,,,7.214285714285714,1.6285714285714286,6.871428571428572,1575,Malin Head
1962,14,15.9,,,8.842857142857143,2.4428571428571426,7.142857142857143,1575,Malin Head
1962,15,13.62857142857143,,,8.714285714285714,3.6714285714285717,0.7571428571428571,1575,Malin Head
1962,16,9.742857142857144,,,10.885714285714286,4.985714285714286,0.38571428571428573,1575,Malin Head
1962,17,7.085714285714286,,,13.314285714285715,5.571428571428571,0.39999999999999997,1575,Malin Head
1962,18,5.214285714285714,,,12.814285714285715,5.571428571428571,0.04285714285714286,1575,Malin Head
1962,19,10.314285714285715,,,13.4,7.657142857142857,1.457142857142857,1575,Malin Head
1962,20,18.357142857142858,,,11.842857142857143,6.828571428571428,3.6571428571428575,1575,Malin Head
1962,21,15.785714285714286,,,11.242857142857144,6.742857142857143,0.9142857142857143,1575,Malin Head
1962,22,11.671428571428573,,,12.228571428571428,6.628571428571428,0.2857142857142857,1575,Malin Head
1962,23,9.442857142857141,,,17.557142857142857,9.528571428571428,1.3714285714285717,1575,Malin Head
1962,24,14.571428571428571,,,16.014285714285712,8.828571428571427,1.5,1575,Malin Head
1962,25,24.042857142857144,,,15.514285714285714,10.228571428571428,4.728571428571429,1575,Malin Head
1962,26,15.385714285714286,,,13.514285714285714,10.514285714285714,0.8714285714285713,1575,Malin Head
1962,27,12.228571428571428,,,14.214285714285714,10.185714285714285,0.3,1575,Malin Head
1962,28,10.528571428571428,,,15.342857142857142,10.771428571428572,1.4857142857142858,1575,Malin Head
1962,29,12.87142857142857,,,16.47142857142857,10.614285714285714,0.9285714285714286,1575,Malin Head
1962,30,6.914285714285714,,,15.171428571428569,10.442857142857141,2.642857142857143,1575,Malin Head
1962,31,15.028571428571428,,,16.185714285714287,11.342857142857143,2.6714285714285713,1575,Malin Head
1962,32,16.885714285714286,,,15.12857142857143,10.157142857142857,5.8428571428571425,1575,Malin Head
1962,33,10.942857142857141,,,16.928571428571427,9.785714285714286,3.4857142857142853,1575,Malin Head
1962,34,20.685714285714287,,,15.785714285714286,11.171428571428573,7.014285714285714,1575,Malin Head
1962,35,11.842857142857143,,,17.12857142857143,11.528571428571428,1.3571428571428572,1575,Malin Head
1962,36,11.271428571428572,,,15.785714285714286,10.914285714285715,7.828571428571428,1575,Malin Head
1962,37,13.12857142857143,,,13.771428571428572,9.457142857142857,3.3,1575,Malin Head
1962,38,10.571428571428571,,,13.642857142857142,8.914285714285715,0.2571428571428572,1575,Malin Head
1962,39,15.357142857142858,,,13.357142857142858,8.614285714285714,6.1000000000000005,1575,Malin Head
1962,40,15.928571428571429,,,15.657142857142857,9.942857142857141,0.5999999999999999,1575,Malin Head
1962,41,8.314285714285715,,,14.228571428571428,9.571428571428571,0.14285714285714285,1575,Malin Head
1962,42,10.4,,,13.742857142857144,9.385714285714286,0.4714285714285714,1575,Malin Head
1962,43,18.071428571428573,,,11.671428571428573,7.6571428571428575,2.057142857142857,1575,Malin Head
1962,44,16.314285714285713,,,10.671428571428573,5.085714285714286,5.614285714285714,1575,Malin Head
1962,45,13.200000000000001,,,11.385714285714286,7.528571428571428,0.11428571428571428,1575,Malin Head
1962,46,18.8,,,7.8,3.1,3.757142857142857,1575,Malin Head
1962,47,10.642857142857142,,,9.071428571428571,4.285714285714286,5.3428571428571425,1575,Malin Head
1962,48,11.62857142857143,,,9.228571428571428,6.457142857142857,1.3857142857142857,1575,Malin Head
1962,49,20.014285714285712,,,9.714285714285714,5.8999999999999995,3.4571428571428577,1575,Malin Head
1962,50,26.0,,,9.385714285714286,4.885714285714286,5.828571428571429,1575,Malin Head
1962,51,16.714285714285715,,,8.3,3.8428571428571425,2.942857142857143,1575,Malin Head
1962,52,16.185714285714287,,,5.657142857142857,0.7142857142857143,1.2428571428571427,1575,Malin Head
1963,1,29.74285714285714,,,4.471428571428571,2.257142857142857,2.3428571428571425,1575,Malin Head
1963,2,16.285714285714285,,,3.971428571428571,-0.7000000000000001,0.09999999999999999,1575,Malin Head
1963,3,20.37142857142857,,,4.871428571428572,-0.04285714285714283,2.1,1575,Malin Head
1963,4,12.9,,,4.1571428571428575,-0.7,0.08571428571428572,1575,Malin Head
1963,5,16.2,,,5.2,1.2857142857142858,0.7857142857142857,1575,Malin Head
1963,6,19.842857142857145,,,4.085714285714286,0.9285714285714286,3.8857142857142857,1575,Malin Head
1963,7,18.62857142857143,,,4.0,0.8428571428571429,0.6857142857142857,1575,Malin Head
1963,8,10.357142857142858,,,5.3,-1.5857142857142856,0.08571428571428572,1575,Malin Head
1963,9,20.857142857142858,,,7.828571428571428,1.6857142857142857,0.0,1575,Malin Head
1963,10,19.342857142857145,,,10.799999999999999,5.414285714285714,3.8285714285714287,1575,Malin Head
1963,11,13.242857142857142,,,10.471428571428572,4.642857142857143,4.485714285714286,1575,Malin Head
1963,12,10.257142857142856,,,9.785714285714286,2.957142857142857,1.8285714285714287,1575,Malin Head
1963,13,12.314285714285715,,,8.77142857142857,2.2857142857142856,2.6,1575,Malin Head
1963,14,20.37142857142857,,,8.714285714285714,4.942857142857143,0.9,1575,Malin Head
1963,15,18.342857142857145,,,7.257142857142857,2.8285714285714287,3.957142857142857,1575,Malin Head
1963,16,15.714285714285714,,,11.557142857142859,5.6571428571428575,1.5,1575,Malin Head
1963,17,11.328571428571427,,,13.671428571428573,7.8428571428571425,1.3857142857142857,1575,Malin Head
1963,18,17.728571428571428,,,10.271428571428572,4.985714285714286,3.5,1575,Malin Head
1963,19,18.957142857142856,,,12.471428571428572,6.885714285714286,5.8428571428571425,1575,Malin Head
1963,20,19.271428571428572,,,11.814285714285715,6.985714285714286,3.3714285714285714,1575,Malin Head
1963,21,10.585714285714287,,,12.685714285714285,6.3999999999999995,2.1,1575,Malin Head
1963,22,8.942857142857143,,,13.828571428571431,8.742857142857144,0.42857142857142855,1575,Malin Head
1963,23,8.3,,,15.328571428571431,10.1,0.0,1575,Malin Head
1963,24,7.228571428571429,,,17.4,10.428571428571429,1.157142857142857,1575,Malin Head
1963,25,14.085714285714285,,,15.057142857142859,9.700000000000001,4.8428571428571425,1575,Malin Head
1963,26,14.885714285714286,,,13.799999999999999,10.1,1.742857142857143,1575,Malin Head
1963,27,10.885714285714286,,,14.585714285714285,11.4,0.9714285714285714,1575,Malin Head
1963,28,10.642857142857142,,,14.971428571428572,9.0,2.0714285714285716,1575,Malin Head
1963,29,12.242857142857144,,,17.228571428571428,10.928571428571429,1.957142857142857,1575,Malin Head
1963,30,9.842857142857143,,,16.62857142857143,11.071428571428571,4.914285714285714,1575,Malin Head
1963,31,6.542857142857144,,,17.65714285714286,12.614285714285714,0.34285714285714286,1575,Malin Head
1963,32,15.542857142857143,,,15.085714285714285,11.37142857142857,3.1285714285714286,1575,Malin Head
1963,33,11.957142857142857,,,14.642857142857142,9.071428571428571,1.3,1575,Malin Head
1963,34,12.9,,,16.1,10.814285714285715,1.7,1575,Malin Head
1963,35,15.700000000000001,,,15.114285714285714,10.742857142857144,2.2714285714285714,1575,Malin Head
1963,36,14.185714285714285,,,14.0,9.685714285714285,4.357142857142857,1575,Malin Head
1963,37,13.571428571428571,,,15.285714285714286,9.5,1.157142857142857,1575,Malin Head
1963,38,10.314285714285715,,,16.3,11.700000000000001,0.37142857142857144,1575,Malin Head
1963,39,21.642857142857142,,,14.528571428571428,8.828571428571427,7.328571428571428,1575,Malin Head
1963,40,17.32857142857143,,,12.114285714285714,7.985714285714286,7.557142857142857,1575,Malin Head
1963,41,20.185714285714287,,,13.9,9.385714285714286,5.128571428571428,1575,Malin Head
1963,42,17.071428571428573,,,13.885714285714286,7.957142857142857,4.571428571428571,1575,Malin Head
1963,43,13.614285714285714,,,13.62857142857143,9.142857142857142,1.4714285714285715,1575,Malin Head
1963,44,14.4,,,12.642857142857142,9.542857142857143,2.957142857142857,1575,Malin Head
1963,45,14.200000000000001,,,11.814285714285715,7.328571428571428,4.6000000000000005,1575,Malin Head
1963,46,15.842857142857143,,,8.6,3.185714285714286,8.057142857142857,1575,Malin Head
1963,47,18.400000000000002,,,9.457142857142857,4.742857142857143,12.200000000000001,1575,Malin Head
1963,48,14.414285714285715,,,8.72857142857143,4.5285714285714285,2.057142857142857,1575,Malin Head
1963,49,16.7,,,8.257142857142856,5.485714285714286,0.07142857142857142,1575,Malin Head
1963,50,13.87142857142857,,,6.614285714285714,2.9857142857142853,0.14285714285714285,1575,Malin Head
1963,51,11.485714285714286,,,5.914285714285714,1.6285714285714286,0.9714285714285714,1575,Malin Head
1963,52,23.571428571428573,,,8.8,4.171428571428572,2.7857142857142856,1575,Malin Head
1964,1,16.414285714285715,,,9.914285714285715,5.285714285714286,3.5571428571428574,1575,Malin Head
1964,2,9.542857142857143,,,7.985714285714286,4.0285714285714285,0.2571428571428572,1575,Malin Head
1964,3,16.785714285714285,,,7.114285714285714,3.3000000000000003,0.5428571428571428,1575,Malin Head
1964,4,10.285714285714286,,,8.3,4.271428571428571,0.4571428571428572,1575,Malin Head
1964,5,20.228571428571428,,,9.542857142857143,6.1000000000000005,4.185714285714285,1575,Malin Head
1964,6,14.071428571428571,,,7.471428571428571,1.5142857142857142,1.2142857142857142,1575,Malin Head
1964,7,17.0,,,7.3428571428571425,3.871428571428571,0.24285714285714285,1575,Malin Head
1964,8,18.52857142857143,,,5.357142857142857,1.9714285714285715,1.542857142857143,1575,Malin Head
1964,9,16.514285714285712,,,10.985714285714286,4.8428571428571425,0.05714285714285714,1575,Malin Head
1964,10,7.1571428571428575,,,7.785714285714286,1.4857142857142858,0.19999999999999998,1575,Malin Head
1964,11,18.785714285714285,,,8.628571428571428,4.614285714285714,0.6571428571428571,1575,Malin Head
1964,12,21.885714285714283,,,7.042857142857143,3.4714285714285715,1.9,1575,Malin Head
1964,13,14.528571428571428,,,9.257142857142856,3.6142857142857143,2.6714285714285713,1575,Malin Head
1964,14,12.685714285714285,,,7.942857142857143,4.142857142857143,0.7285714285714285,1575,Malin Head
1964,15,14.342857142857143,,,10.971428571428572,5.628571428571428,1.657142857142857,1575,Malin Head
1964,16,15.200000000000001,,,11.299999999999999,5.828571428571428,3.1000000000000005,1575,Malin Head
1964,17,11.5,,,12.471428571428572,5.714285714285714,3.2142857142857144,1575,Malin Head
1964,18,18.87142857142857,,,13.114285714285714,7.528571428571429,1.0857142857142859,1575,Malin Head
1964,19,19.67142857142857,,,13.214285714285714,6.814285714285715,5.357142857142857,1575,Malin Head
1964,20,14.299999999999999,,,14.785714285714286,8.357142857142858,0.8,1575,Malin Head
1964,21,10.87142857142857,,,13.842857142857143,8.114285714285714,1.2,1575,Malin Head
1964,22,11.185714285714287,,,15.528571428571428,9.685714285714285,0.014285714285714287,1575,Malin Head
1964,23,15.428571428571429,,,14.0,8.628571428571428,2.057142857142857,1575,Malin Head
1964,24,13.614285714285714,,,15.157142857142858,10.185714285714285,7.857142857142857,1575,Malin Head
1964,25,15.528571428571428,,,13.542857142857143,9.6,2.5285714285714285,1575,Malin Head
1964,26,11.0,,,16.057142857142857,10.142857142857142,1.1285714285714286,1575,Malin Head
1964,27,15.242857142857144,,,14.87142857142857,10.885714285714286,1.5571428571428572,1575,Malin Head
1964,28,20.385714285714283,,,14.928571428571429,10.085714285714285,4.357142857142857,1575,Malin Head
1964,29,12.042857142857143,,,17.414285714285715,11.785714285714286,2.6857142857142855,1575,Malin Head
1964,30,11.428571428571429,,,16.385714285714286,12.014285714285714,2.1714285714285717,1575,Malin Head
1964,31,17.885714285714286,,,16.02857142857143,11.771428571428572,2.2142857142857144,1575,Malin Head
1964,32,12.328571428571427,,,16.342857142857145,12.028571428571428,1.5857142857142856,1575,Malin Head
1964,33,6.071428571428571,,,15.728571428571428,11.028571428571428,1.2428571428571427,1575,Malin Head
1964,34,17.057142857142857,,,14.785714285714286,9.37142857142857,4.642857142857143,1575,Malin Head
1964,35,12.314285714285715,,,15.585714285714285,10.514285714285714,5.628571428571428,1575,Malin Head
1964,36,10.028571428571428,,,17.1,10.142857142857142,1.7857142857142854,1575,Malin Head
1964,37,15.5,,,15.9,11.328571428571427,8.057142857142857,1575,Malin Head
1964,38,17.1,,,14.428571428571429,9.028571428571428,3.5714285714285716,1575,Malin Head
1964,39,15.457142857142857,,,16.1,10.1,4.485714285714286,1575,Malin Head
1964,40,10.085714285714285,,,14.857142857142858,8.485714285714286,1.0142857142857142,1575,Malin Head
1964,41,14.585714285714285,,,11.77142857142857,5.871428571428572,8.185714285714285,1575,Malin Head
1964,42,12.242857142857144,,,11.557142857142859,7.1000000000000005,5.485714285714286,1575,Malin Head
1964,43,16.614285714285714,,,11.885714285714286,7.228571428571429,2.5714285714285716,1575,Malin Head
1964,44,11.942857142857141,,,12.785714285714286,8.72857142857143,0.2285714285714286,1575,Malin Head
1964,45,8.871428571428572,,,10.5,6.057142857142857,0.2857142857142857,1575,Malin Head
1964,46,19.914285714285715,,,10.957142857142857,5.428571428571429,5.757142857142857,1575,Malin Head
1964,47,15.228571428571428,,,11.571428571428571,7.671428571428572,3.5,1575,Malin Head
1964,48,22.442857142857143,,,10.257142857142856,4.885714285714285,3.257142857142857,1575,Malin Head
1964,49,20.5,,,9.057142857142857,4.2,4.071428571428571,1575,Malin Head
1964,50,19.785714285714285,,,9.62857142857143,3.914285714285714,8.6,1575,Malin Head
1964,51,15.37142857142857,,,7.671428571428572,3.557142857142857,1.8285714285714287,1575,Malin Head
1964,52,14.171428571428573,,,6.242857142857143,1.2571428571428573,2.757142857142857,1575,Malin Head
1964,53,18.957142857142856,,,6.314285714285715,2.5714285714285716,5.285714285714286,1575,Malin Head
1965,1,19.014285714285712,,,8.857142857142858,4.5285714285714285,3.757142857142857,1575,Malin Head
1965,2,24.957142857142856,,,7.7,2.6999999999999997,6.885714285714286,1575,Malin Head
1965,3,15.114285714285714,,,6.171428571428572,1.0285714285714287,3.957142857142857,1575,Malin Head
1965,4,13.828571428571427,,,5.071428571428571,2.3428571428571425,0.014285714285714287,1575,Malin Head
1965,5,9.728571428571428,,,6.742857142857143,2.5714285714285716,0.0,1575,Malin Head
1965,6,18.928571428571427,,,7.857142857142857,4.6000000000000005,1.342857142857143,1575,Malin Head
1965,7,11.928571428571429,,,7.414285714285714,4.714285714285714,0.15714285714285717,1575,Malin Head
1965,8,13.4,,,6.742857142857143,3.1571428571428575,0.7714285714285715,1575,Malin Head
1965,9,18.32857142857143,,,5.285714285714286,0.11428571428571432,1.342857142857143,1575,Malin Head
1965,10,14.8,,,9.142857142857142,3.914285714285714,1.5857142857142856,1575,Malin Head
1965,11,20.414285714285715,,,7.785714285714286,4.3,2.7142857142857144,1575,Malin Head
1965,12,18.02857142857143,,,9.114285714285714,4.214285714285714,6.857142857142857,1575,Malin Head
1965,13,12.299999999999999,,,14.314285714285715,5.8999999999999995,0.19999999999999998,1575,Malin Head
1965,14,14.585714285714285,,,10.971428571428572,3.742857142857143,2.7428571428571433,1575,Malin Head
1965,15,19.928571428571427,,,10.714285714285714,5.071428571428571,5.328571428571428,1575,Malin Head
1965,16,15.171428571428573,,,9.9,3.6571428571428575,1.8571428571428572,1575,Malin Head
1965,17,18.942857142857143,,,10.914285714285715,6.857142857142857,0.5428571428571428,1575,Malin Head
1965,18,16.385714285714286,,,11.942857142857141,7.271428571428572,2.314285714285714,1575,Malin Head
1965,19,10.814285714285715,,,16.04285714285714,9.471428571428572,0.14285714285714285,1575,Malin Head
1965,20,14.957142857142857,,,12.485714285714286,4.985714285714286,2.242857142857143,1575,Malin Head
1965,21,12.471428571428572,,,12.357142857142858,8.142857142857142,1.8142857142857145,1575,Malin Head
1965,22,8.928571428571429,,,13.799999999999999,7.242857142857143,0.8428571428571429,1575,Malin Head
1965,23,6.514285714285714,,,15.785714285714286,9.485714285714286,1.5999999999999999,1575,Malin Head
1965,24,15.814285714285715,,,16.3,11.242857142857144,8.485714285714286,1575,Malin Head
1965,25,17.4,,,15.357142857142858,9.9,3.9714285714285715,1575,Malin Head
1965,26,15.200000000000001,,,14.914285714285715,10.728571428571428,0.14285714285714285,1575,Malin Head
1965,27,12.4,,,14.585714285714285,9.771428571428572,2.0285714285714285,1575,Malin Head
1965,28,13.328571428571427,,,15.62857142857143,10.357142857142858,0.6,1575,Malin Head
1965,29,11.171428571428573,,,15.428571428571429,10.5,0.9857142857142858,1575,Malin Head
1965,30,15.271428571428572,,,14.671428571428573,10.142857142857142,5.757142857142857,1575,Malin Head
1965,31,14.857142857142858,,,15.142857142857142,8.557142857142857,5.314285714285715,1575,Malin Head
1965,32,13.614285714285714,,,19.514285714285712,12.4,1.457142857142857,1575,Malin Head
1965,33,17.2,,,16.014285714285712,12.042857142857143,4.2,1575,Malin Head
1965,34,17.95714285714286,,,15.185714285714285,10.542857142857143,3.9,1575,Malin Head
1965,35,16.17142857142857,,,14.014285714285716,10.442857142857141,1.614285714285714,1575,Malin Head
1965,36,15.72857142857143,,,12.642857142857142,8.8,3.6142857142857143,1575,Malin Head
1965,37,14.72857142857143,,,14.700000000000001,9.200000000000001,5.3999999999999995,1575,Malin Head
1965,38,13.185714285714285,,,14.5,8.957142857142857,4.0285714285714285,1575,Malin Head
1965,39,13.571428571428571,,,13.157142857142857,8.557142857142857,1.8,1575,Malin Head
1965,40,10.299999999999999,,,14.514285714285714,10.385714285714286,2.9285714285714284,1575,Malin Head
1965,41,12.614285714285714,,,12.928571428571429,7.557142857142857,1.1714285714285713,1575,Malin Head
1965,42,14.0,,,13.471428571428572,7.728571428571429,0.17142857142857143,1575,Malin Head
1965,43,22.8,,,13.614285714285714,7.871428571428572,10.085714285714285,1575,Malin Head
1965,44,20.17142857142857,,,10.285714285714286,6.8,2.7142857142857144,1575,Malin Head
1965,45,13.971428571428572,,,9.799999999999999,5.285714285714286,0.5714285714285714,1575,Malin Head
1965,46,27.742857142857144,,,6.357142857142857,3.2857142857142856,2.0142857142857142,1575,Malin Head
1965,47,18.642857142857142,,,6.614285714285714,1.9857142857142858,7.285714285714286,1575,Malin Head
1965,48,20.157142857142855,,,7.071428571428571,2.0142857142857142,5.1571428571428575,1575,Malin Head
1965,49,17.642857142857142,,,8.014285714285714,3.742857142857143,5.0,1575,Malin Head
1965,50,16.985714285714288,,,9.514285714285714,4.985714285714287,2.7857142857142856,1575,Malin Head
1965,51,11.942857142857141,,,7.271428571428571,4.6000000000000005,1.9714285714285715,1575,Malin Head
1965,52,16.5,,,7.2,2.742857142857143,4.714285714285714,1575,Malin Head
1966,1,18.642857142857142,,,9.971428571428572,6.1571428571428575,1.3142857142857143,1575,Malin Head
1966,2,14.542857142857143,,,4.928571428571429,1.3285714285714287,0.15714285714285717,1575,Malin Head
1966,3,10.328571428571427,,,3.7714285714285714,0.7714285714285715,0.014285714285714287,1575,Malin Head
1966,4,18.642857142857142,,,8.814285714285715,4.557142857142858,4.257142857142857,1575,Malin Head
1966,5,16.3,,,10.642857142857142,5.914285714285714,1.8714285714285714,1575,Malin Head
1966,6,20.642857142857142,,,4.228571428571429,1.9142857142857144,1.8857142857142857,1575,Malin Head
1966,7,21.32857142857143,,,4.928571428571429,2.1142857142857143,7.014285714285714,1575,Malin Head
1966,8,20.74285714285714,,,9.214285714285714,4.428571428571429,4.114285714285715,1575,Malin Head
1966,9,18.485714285714288,,,11.114285714285714,6.5,2.2714285714285714,1575,Malin Head
1966,10,18.557142857142857,,,9.485714285714286,5.214285714285714,3.6,1575,Malin Head
1966,11,13.157142857142857,,,11.214285714285714,5.6000000000000005,0.4142857142857143,1575,Malin Head
1966,12,23.857142857142858,,,7.885714285714286,2.757142857142857,5.214285714285714,1575,Malin Head
1966,13,14.928571428571429,,,8.042857142857143,2.957142857142857,2.885714285714286,1575,Malin Head
1966,14,24.457142857142856,,,8.185714285714285,5.142857142857143,2.2142857142857144,1575,Malin Head
1966,15,28.142857142857142,,,5.457142857142857,2.5142857142857147,0.7,1575,Malin Head
1966,16,15.842857142857143,,,9.571428571428571,3.914285714285714,4.314285714285715,1575,Malin Head
1966,17,17.271428571428572,,,14.514285714285714,7.828571428571428,0.8428571428571429,1575,Malin Head
1966,18,13.0,,,11.385714285714286,6.3428571428571425,1.6857142857142857,1575,Malin Head
1966,19,15.3,,,13.185714285714285,6.542857142857143,1.6142857142857143,1575,Malin Head
1966,20,17.514285714285716,,,13.0,6.771428571428571,2.7142857142857144,1575,Malin Head
1966,21,13.971428571428572,,,13.528571428571428,7.628571428571428,3.3714285714285714,1575,Malin Head
1966,22,11.299999999999999,,,14.785714285714286,9.857142857142858,2.242857142857143,1575,Malin Head
1966,23,8.314285714285715,,,14.971428571428572,10.771428571428572,1.6285714285714286,1575,Malin Head
1966,24,11.771428571428572,,,17.7,11.87142857142857,1.5857142857142856,1575,Malin Head
1966,25,10.028571428571428,,,15.62857142857143,10.542857142857143,6.185714285714285,1575,Malin Head
1966,26,13.057142857142859,,,16.5,11.200000000000001,1.0714285714285714,1575,Malin Head
1966,27,12.714285714285714,,,16.414285714285715,11.542857142857143,3.2285714285714286,1575,Malin Head
1966,28,15.142857142857142,,,15.471428571428572,11.757142857142856,2.5285714285714285,1575,Malin Head
1966,29,11.828571428571427,,,16.114285714285714,12.285714285714286,0.6142857142857142,1575,Malin Head
1966,30,15.271428571428572,,,14.9,10.757142857142856,3.9,1575,Malin Head
1966,31,9.37142857142857,,,15.5,10.1,0.7999999999999999,1575,Malin Head
1966,32,13.328571428571427,,,15.042857142857143,10.442857142857141,5.214285714285714,1575,Malin Head
1966,33,10.37142857142857,,,16.87142857142857,11.828571428571427,1.7571428571428573,1575,Malin Head
1966,34,12.5,,,15.714285714285714,9.485714285714286,0.0,1575,Malin Head
1966,35,15.042857142857143,,,17.02857142857143,12.714285714285714,4.671428571428571,1575,Malin Head
1966,36,17.114285714285714,,,16.771428571428572,11.728571428571428,2.1285714285714286,1575,Malin Head
1966,37,17.071428571428573,,,15.62857142857143,11.185714285714285,3.4714285714285715,1575,Malin Head
1966,38,7.214285714285714,,,14.714285714285714,10.37142857142857,0.0,1575,Malin Head
1966,39,7.628571428571428,,,14.571428571428571,9.385714285714286,5.542857142857143,1575,Malin Head
1966,40,15.114285714285714,,,12.971428571428572,7.971428571428571,0.9571428571428573,1575,Malin Head
1966,41,12.771428571428572,,,13.428571428571429,7.7,2.3285714285714287,1575,Malin Head
1966,42,17.214285714285715,,,12.357142857142858,8.27142857142857,2.8142857142857145,1575,Malin Head
1966,43,17.085714285714285,,,10.814285714285715,7.114285714285714,1.2142857142857142,1575,Malin Head
1966,44,24.614285714285717,,,8.614285714285714,5.028571428571429,1.0,1575,Malin Head
1966,45,15.985714285714286,,,9.985714285714286,5.8,3.1285714285714286,1575,Malin Head
1966,46,22.985714285714288,,,8.9,2.9285714285714284,3.2857142857142856,1575,Malin Head
1966,47,17.142857142857142,,,8.857142857142858,4.4,2.8000000000000003,1575,Malin Head
1966,48,28.25714285714286,,,7.3999999999999995,2.2285714285714286,7.371428571428572,1575,Malin Head
1966,49,21.585714285714285,,,8.928571428571429,4.214285714285714,6.3,1575,Malin Head
1966,50,19.228571428571428,,,9.171428571428573,5.3,6.5,1575,Malin Head
1966,51,20.7,,,8.285714285714286,4.442857142857143,5.528571428571428,1575,Malin Head
1966,52,18.485714285714288,,,8.157142857142857,4.114285714285715,3.1571428571428575,1575,Malin Head
1967,1,14.314285714285715,,,6.5,3.685714285714286,1.4714285714285715,1575,Malin Head
1967,2,13.942857142857141,,,8.314285714285715,5.6571428571428575,0.6714285714285715,1575,Malin Head
1967,3,18.814285714285713,,,8.27142857142857,4.814285714285715,4.928571428571429,1575,Malin Head
1967,4,19.87142857142857,,,9.471428571428572,5.228571428571429,3.6285714285714286,1575,Malin Head
1967,5,20.74285714285714,,,10.528571428571428,6.914285714285714,2.2285714285714286,1575,Malin Head
1967,6,13.457142857142857,,,8.185714285714287,4.428571428571429,1.0571428571428572,1575,Malin Head
1967,7,19.914285714285715,,,6.985714285714286,1.8714285714285714,1.7285714285714289,1575,Malin Head
1967,8,22.271428571428572,,,8.057142857142859,3.3,3.6,1575,Malin Head
1967,9,26.957142857142856,,,9.428571428571429,4.685714285714285,6.014285714285714,1575,Malin Head
1967,10,24.685714285714287,,,8.842857142857143,3.814285714285714,5.071428571428571,1575,Malin Head
1967,11,25.185714285714287,,,9.87142857142857,5.142857142857143,1.8714285714285714,1575,Malin Head
1967,12,23.400000000000002,,,9.857142857142858,4.557142857142857,2.2714285714285714,1575,Malin Head
1967,13,19.82857142857143,,,7.671428571428572,2.157142857142857,4.142857142857143,1575,Malin Head
1967,14,22.771428571428572,,,9.414285714285713,5.9,0.07142857142857142,1575,Malin Head
1967,15,11.728571428571428,,,10.271428571428572,5.471428571428571,0.0,1575,Malin Head
1967,16,17.714285714285715,,,10.457142857142857,4.228571428571429,3.0142857142857147,1575,Malin Head
1967,17,13.385714285714286,,,11.557142857142859,6.8428571428571425,2.085714285714286,1575,Malin Head
1967,18,20.985714285714288,,,11.142857142857142,3.9857142857142853,3.3285714285714287,1575,Malin Head
1967,19,10.414285714285715,,,11.728571428571428,6.685714285714285,0.04285714285714286,1575,Malin Head
1967,20,18.1,,,11.200000000000001,6.485714285714286,2.3714285714285714,1575,Malin Head
1967,21,12.4,,,12.514285714285714,6.6571428571428575,3.4285714285714284,1575,Malin Head
1967,22,10.357142857142858,,,15.457142857142857,7.6,0.8142857142857143,1575,Malin Head
1967,23,12.814285714285715,,,13.671428571428573,7.585714285714286,1.6428571428571428,1575,Malin Head
1967,24,6.942857142857143,,,16.757142857142856,9.285714285714286,0.1285714285714286,1575,Malin Head
1967,25,14.8,,,14.814285714285715,9.957142857142857,4.228571428571429,1575,Malin Head
1967,26,15.742857142857144,,,15.528571428571428,10.085714285714285,1.2571428571428573,1575,Malin Head
1967,27,16.87142857142857,,,16.385714285714286,10.685714285714285,2.542857142857143,1575,Malin Head
1967,28,16.32857142857143,,,16.285714285714285,12.1,3.2285714285714286,1575,Malin Head
1967,29,11.385714285714286,,,16.585714285714285,10.37142857142857,1.6714285714285713,1575,Malin Head
1967,30,16.67142857142857,,,17.357142857142858,11.214285714285714,1.9428571428571428,1575,Malin Head
1967,31,15.428571428571429,,,16.271428571428572,10.828571428571427,2.2714285714285714,1575,Malin Head
1967,32,15.757142857142856,,,15.614285714285714,12.228571428571428,4.228571428571429,1575,Malin Head
1967,33,10.485714285714286,,,15.185714285714285,10.485714285714286,5.542857142857144,1575,Malin Head
1967,34,8.442857142857143,,,18.52857142857143,11.342857142857143,0.4714285714285714,1575,Malin Head
1967,35,18.428571428571427,,,15.828571428571427,10.328571428571427,5.242857142857143,1575,Malin Head
1967,36,14.12857142857143,,,14.885714285714286,9.685714285714285,7.299999999999999,1575,Malin Head
1967,37,9.714285714285714,,,16.085714285714285,10.6,6.614285714285714,1575,Malin Head
1967,38,12.428571428571429,,,14.957142857142857,9.4,1.242857142857143,1575,Malin Head
1967,39,18.7,,,15.214285714285714,10.514285714285714,5.771428571428571,1575,Malin Head
1967,40,20.157142857142855,,,13.771428571428572,8.871428571428572,10.228571428571428,1575,Malin Head
1967,41,19.714285714285715,,,12.799999999999999,7.7,6.885714285714286,1575,Malin Head
1967,42,19.642857142857142,,,11.142857142857142,6.257142857142857,4.357142857142857,1575,Malin Head
1967,43,22.585714285714285,,,11.214285714285714,6.814285714285715,5.214285714285714,1575,Malin Head
1967,44,21.942857142857143,,,9.085714285714285,4.757142857142857,13.814285714285715,1575,Malin Head
1967,45,19.242857142857144,,,10.028571428571428,6.014285714285714,2.0714285714285716,1575,Malin Head
1967,46,18.27142857142857,,,9.142857142857142,4.771428571428571,2.3285714285714287,1575,Malin Head
1967,47,12.114285714285714,,,9.285714285714286,5.357142857142857,1.7714285714285716,1575,Malin Head
1967,48,17.400000000000002,,,10.842857142857143,7.642857142857143,3.4285714285714284,1575,Malin Head
1967,49,22.414285714285715,,,6.871428571428572,2.2142857142857144,7.3428571428571425,1575,Malin Head
1967,50,15.828571428571427,,,8.242857142857142,5.114285714285714,2.1714285714285713,1575,Malin Head
1967,51,17.985714285714288,,,9.457142857142857,4.8,4.285714285714286,1575,Malin Head
1967,52,24.5,,,8.428571428571429,4.328571428571428,3.914285714285714,1575,Malin Head
1968,1,18.47142857142857,,,7.528571428571429,2.314285714285714,3.085714285714286,1575,Malin Head
1968,2,20.428571428571427,,,6.857142857142857,1.2857142857142858,9.5,1575,Malin Head
1968,3,17.62857142857143,,,9.642857142857142,6.514285714285714,3.9714285714285715,1575,Malin Head
1968,4,18.557142857142857,,,8.4,5.2,1.2,1575,Malin Head
1968,5,20.457142857142856,,,7.557142857142857,3.0285714285714285,9.028571428571428,1575,Malin Head
1968,6,15.62857142857143,,,5.271428571428571,0.6714285714285715,3.5428571428571423,1575,Malin Head
1968,7,12.342857142857143,,,7.028571428571429,1.7285714285714284,0.9428571428571428,1575,Malin Head
1968,8,11.542857142857143,,,5.728571428571429,0.7000000000000001,0.5571428571428572,1575,Malin Head
1968,9,12.299999999999999,,,8.142857142857142,1.0857142857142859,0.5857142857142857,1575,Malin Head
1968,10,16.928571428571427,,,9.042857142857143,5.714285714285714,0.34285714285714286,1575,Malin Head
1968,11,22.32857142857143,,,8.9,3.642857142857143,4.214285714285714,1575,Malin Head
1968,12,17.185714285714287,,,8.4,2.157142857142857,5.214285714285714,1575,Malin Head
1968,13,18.32857142857143,,,10.0,5.371428571428572,4.642857142857143,1575,Malin Head
1968,14,18.242857142857144,,,7.1,0.4857142857142857,4.785714285714286,1575,Malin Head
1968,15,11.257142857142856,,,11.157142857142857,2.685714285714286,0.014285714285714287,1575,Malin Head
1968,16,17.314285714285713,,,13.042857142857143,6.6000000000000005,2.2714285714285714,1575,Malin Head
1968,17,15.114285714285714,,,14.714285714285714,8.242857142857144,0.8285714285714286,1575,Malin Head
1968,18,12.957142857142857,,,9.357142857142858,5.571428571428571,5.5,1575,Malin Head
1968,19,17.071428571428573,,,8.914285714285715,3.857142857142857,1.9714285714285715,1575,Malin Head
1968,20,12.357142857142858,,,10.485714285714286,4.6000000000000005,1.6857142857142855,1575,Malin Head
1968,21,13.942857142857141,,,12.314285714285713,6.528571428571429,1.342857142857143,1575,Malin Head
1968,22,8.2,,,15.928571428571429,9.700000000000001,0.3285714285714286,1575,Malin Head
1968,23,11.6,,,14.514285714285714,7.957142857142856,1.0571428571428572,1575,Malin Head
1968,24,6.6571428571428575,,,17.985714285714288,10.857142857142858,0.1142857142857143,1575,Malin Head
1968,25,11.442857142857141,,,16.17142857142857,9.171428571428573,3.9714285714285715,1575,Malin Head
1968,26,14.214285714285714,,,16.157142857142855,9.514285714285714,3.3714285714285714,1575,Malin Head
1968,27,13.328571428571427,,,14.928571428571429,10.028571428571428,2.2285714285714286,1575,Malin Head
1968,28,9.614285714285714,,,14.671428571428573,10.1,0.39999999999999997,1575,Malin Head
1968,29,11.185714285714285,,,16.02857142857143,11.642857142857142,0.8714285714285716,1575,Malin Head
1968,30,8.1,,,16.1,10.885714285714286,0.028571428571428574,1575,Malin Head
1968,31,5.557142857142857,,,16.742857142857144,10.542857142857143,0.042857142857142864,1575,Malin Head
1968,32,5.385714285714286,,,16.942857142857143,10.014285714285714,0.04285714285714286,1575,Malin Head
1968,33,11.385714285714286,,,16.87142857142857,10.171428571428573,3.0285714285714285,1575,Malin Head
1968,34,13.1,,,17.942857142857143,12.757142857142856,3.242857142857143,1575,Malin Head
1968,35,11.471428571428572,,,15.757142857142856,10.4,1.4285714285714286,1575,Malin Head
1968,36,12.657142857142857,,,16.414285714285715,10.728571428571428,5.042857142857143,1575,Malin Head
1968,37,13.857142857142858,,,16.857142857142858,12.114285714285714,0.48571428571428577,1575,Malin Head
1968,38,11.185714285714285,,,15.271428571428572,9.471428571428572,2.557142857142857,1575,Malin Head
1968,39,16.114285714285714,,,14.942857142857141,10.028571428571428,3.4,1575,Malin Head
1968,40,12.928571428571429,,,15.542857142857143,10.914285714285713,7.257142857142857,1575,Malin Head
1968,41,20.514285714285712,,,14.914285714285715,9.62857142857143,5.6000000000000005,1575,Malin Head
1968,42,21.25714285714286,,,13.5,8.528571428571428,2.6714285714285713,1575,Malin Head
1968,43,10.257142857142856,,,14.857142857142858,9.614285714285714,0.5571428571428572,1575,Malin Head
1968,44,22.057142857142857,,,11.114285714285714,6.757142857142858,10.457142857142857,1575,Malin Head
1968,45,22.2,,,8.785714285714286,4.485714285714286,1.0571428571428572,1575,Malin Head
1968,46,20.857142857142858,,,9.4,5.171428571428572,0.028571428571428574,1575,Malin Head
1968,47,17.04285714285714,,,10.642857142857142,6.6000000000000005,2.2142857142857144,1575,Malin Head
1968,48,17.8,,,10.157142857142857,5.742857142857143,2.2714285714285714,1575,Malin Head
1968,49,14.857142857142858,,,9.87142857142857,5.871428571428572,0.15714285714285717,1575,Malin Head
1968,50,16.32857142857143,,,7.357142857142857,3.142857142857143,5.385714285714286,1575,Malin Head
1968,51,20.542857142857144,,,7.314285714285715,2.742857142857143,2.6285714285714286,1575,Malin Head
1968,52,22.771428571428572,,,6.671428571428571,2.6714285714285713,1.9142857142857144,1575,Malin Head
1969,1,16.0,,,8.128571428571428,4.3,3.3714285714285714,1575,Malin Head
1969,2,20.12857142857143,,,6.671428571428572,2.0,9.314285714285715,1575,Malin Head
1969,3,14.342857142857143,,,6.957142857142857,1.4285714285714286,3.1,1575,Malin Head
1969,4,15.914285714285713,,,11.271428571428572,6.085714285714286,2.085714285714286,1575,Malin Head
1969,5,20.114285714285717,,,6.971428571428571,2.2285714285714286,4.457142857142857,1575,Malin Head
1969,6,19.271428571428572,,,5.928571428571429,0.7285714285714285,5.942857142857143,1575,Malin Head
1969,7,16.54285714285714,,,5.314285714285715,-0.2714285714285714,2.2142857142857144,1575,Malin Head
1969,8,25.685714285714283,,,5.214285714285714,2.3428571428571425,3.242857142857143,1575,Malin Head
1969,9,12.5,,,5.357142857142857,2.4285714285714284,2.3857142857142857,1575,Malin Head
1969,10,9.914285714285715,,,7.1000000000000005,0.9714285714285714,0.24285714285714285,1575,Malin Head
1969,11,24.842857142857145,,,5.314285714285715,2.814285714285714,0.07142857142857142,1575,Malin Head
1969,12,21.785714285714285,,,6.1571428571428575,2.2857142857142856,1.2714285714285711,1575,Malin Head
1969,13,11.271428571428572,,,8.128571428571428,0.8714285714285716,1.3571428571428572,1575,Malin Head
1969,14,11.671428571428573,,,10.228571428571428,3.1285714285714286,2.6714285714285713,1575,Malin Head
1969,15,16.585714285714285,,,11.928571428571429,4.871428571428572,2.4857142857142853,1575,Malin Head
1969,16,15.5,,,9.457142857142857,3.514285714285714,2.042857142857143,1575,Malin Head
1969,17,14.771428571428572,,,10.042857142857143,5.042857142857143,2.2857142857142856,1575,Malin Head
1969,18,14.642857142857142,,,9.457142857142857,4.742857142857143,1.5714285714285714,1575,Malin Head
1969,19,9.071428571428571,,,11.942857142857145,6.328571428571428,2.4857142857142853,1575,Malin Head
1969,20,10.771428571428572,,,12.285714285714286,6.671428571428572,1.6428571428571428,1575,Malin Head
1969,21,11.9,,,12.685714285714287,5.914285714285714,0.8714285714285713,1575,Malin Head
1969,22,11.242857142857144,,,12.342857142857143,7.714285714285714,1.2285714285714284,1575,Malin Head
1969,23,7.885714285714286,,,14.557142857142859,7.928571428571429,2.085714285714286,1575,Malin Head
1969,24,8.871428571428572,,,17.557142857142857,9.771428571428572,0.0,1575,Malin Head
1969,25,14.085714285714285,,,15.799999999999999,8.671428571428573,4.714285714285714,1575,Malin Head
1969,26,14.214285714285714,,,16.014285714285712,10.5,1.757142857142857,1575,Malin Head
1969,27,16.657142857142855,,,15.571428571428571,11.6,4.228571428571429,1575,Malin Head
1969,28,17.271428571428572,,,15.942857142857141,11.742857142857144,0.8285714285714285,1575,Malin Head
1969,29,15.357142857142858,,,18.285714285714285,12.342857142857143,0.9142857142857144,1575,Malin Head
1969,30,13.328571428571427,,,18.842857142857145,11.514285714285714,1.1285714285714286,1575,Malin Head
1969,31,11.728571428571428,,,18.085714285714285,10.414285714285715,1.1142857142857143,1575,Malin Head
1969,32,13.557142857142859,,,19.714285714285715,12.1,1.8857142857142857,1575,Malin Head
1969,33,9.857142857142858,,,17.47142857142857,12.928571428571429,0.1142857142857143,1575,Malin Head
1969,34,17.885714285714286,,,16.0,11.114285714285714,5.057142857142857,1575,Malin Head
1969,35,15.357142857142858,,,15.085714285714285,12.557142857142859,1.342857142857143,1575,Malin Head
1969,36,8.871428571428572,,,16.17142857142857,12.271428571428572,0.6285714285714287,1575,Malin Head
1969,37,13.357142857142858,,,15.342857142857143,10.457142857142857,2.6999999999999997,1575,Malin Head
1969,38,12.885714285714286,,,15.671428571428573,11.257142857142856,2.0142857142857142,1575,Malin Head
1969,39,22.485714285714288,,,14.728571428571428,9.428571428571429,4.785714285714286,1575,Malin Head
1969,40,17.714285714285715,,,14.6,10.228571428571428,3.4857142857142853,1575,Malin Head
1969,41,14.228571428571428,,,16.52857142857143,10.957142857142857,2.357142857142857,1575,Malin Head
1969,42,19.042857142857144,,,16.814285714285713,11.799999999999999,2.185714285714286,1575,Malin Head
1969,43,17.085714285714285,,,14.242857142857144,9.485714285714286,4.7,1575,Malin Head
1969,44,21.62857142857143,,,13.185714285714285,9.828571428571427,4.3,1575,Malin Head
1969,45,19.75714285714286,,,9.0,4.4714285714285715,8.885714285714286,1575,Malin Head
1969,46,15.700000000000001,,,7.142857142857143,1.7714285714285716,3.6571428571428575,1575,Malin Head
1969,47,23.12857142857143,,,8.585714285714285,4.057142857142857,8.842857142857143,1575,Malin Head
1969,48,19.914285714285715,,,7.871428571428572,3.1285714285714286,3.3857142857142857,1575,Malin Head
1969,49,19.085714285714285,,,9.285714285714286,5.057142857142857,3.614285714285714,1575,Malin Head
1969,50,15.614285714285716,,,7.8428571428571425,3.657142857142857,3.9857142857142853,1575,Malin Head
1969,51,19.25714285714286,,,6.442857142857143,3.042857142857143,8.885714285714284,1575,Malin Head
1969,52,14.085714285714285,,,8.142857142857142,4.242857142857143,0.4714285714285715,1575,Malin Head
1970,1,19.442857142857143,,,6.471428571428571,3.1285714285714286,1.6428571428571428,1575,Malin Head
1970,2,15.9,,,5.428571428571429,1.442857142857143,2.0571428571428574,1575,Malin Head
1970,3,17.114285714285717,,,8.142857142857142,4.114285714285715,2.5285714285714285,1575,Malin Head
1970,4,20.157142857142855,,,9.271428571428572,5.471428571428571,1.6714285714285713,1575,Malin Head
1970,5,16.82857142857143,,,7.1000000000000005,3.6714285714285713,2.085714285714286,1575,Malin Head
1970,6,19.24285714285714,,,6.514285714285714,1.6857142857142857,4.057142857142857,1575,Malin Head
1970,7,15.257142857142856,,,4.857142857142857,0.8857142857142858,2.5,1575,Malin Head
1970,8,21.12857142857143,,,6.971428571428571,2.3714285714285714,10.114285714285714,1575,Malin Head
1970,9,15.814285714285713,,,7.214285714285714,1.6428571428571428,2.6999999999999997,1575,Malin Head
1970,10,19.842857142857145,,,5.542857142857143,0.7857142857142857,3.8285714285714287,1575,Malin Head
1970,11,17.742857142857144,,,7.2,2.5285714285714285,2.8857142857142857,1575,Malin Head
1970,12,18.52857142857143,,,9.299999999999999,4.6000000000000005,2.442857142857143,1575,Malin Head
1970,13,17.842857142857145,,,8.014285714285714,2.3714285714285714,0.6142857142857142,1575,Malin Head
1970,14,20.0,,,8.028571428571428,3.4285714285714284,3.257142857142857,1575,Malin Head
1970,15,18.985714285714288,,,6.485714285714286,3.185714285714286,2.4285714285714284,1575,Malin Head
1970,16,14.528571428571428,,,11.657142857142857,5.5,1.6142857142857143,1575,Malin Head
1970,17,18.2,,,10.4,5.571428571428571,3.7857142857142856,1575,Malin Head
1970,18,15.885714285714286,,,11.87142857142857,7.242857142857143,2.6571428571428575,1575,Malin Head
1970,19,15.842857142857143,,,13.114285714285714,8.6,1.0857142857142856,1575,Malin Head
1970,20,8.828571428571427,,,12.671428571428573,8.528571428571428,0.48571428571428565,1575,Malin Head
1970,21,19.157142857142855,,,13.62857142857143,8.614285714285714,2.6142857142857143,1575,Malin Head
1970,22,16.02857142857143,,,13.557142857142859,9.028571428571428,1.7142857142857142,1575,Malin Head
1970,23,12.114285714285714,,,16.97142857142857,10.657142857142857,0.37142857142857144,1575,Malin Head
1970,24,6.328571428571428,,,17.62857142857143,12.4,0.27142857142857146,1575,Malin Head
1970,25,12.12857142857143,,,15.828571428571427,12.257142857142856,1.0714285714285714,1575,Malin Head
1970,26,14.557142857142859,,,15.828571428571427,10.9,4.5285714285714285,1575,Malin Head
1970,27,20.271428571428572,,,13.942857142857141,9.771428571428572,3.442857142857143,1575,Malin Head
1970,28,17.314285714285713,,,16.157142857142855,10.485714285714286,6.871428571428572,1575,Malin Head
1970,29,18.400000000000002,,,14.485714285714286,10.471428571428572,1.4857142857142858,1575,Malin Head
1970,30,13.314285714285715,,,13.857142857142858,8.957142857142857,2.742857142857143,1575,Malin Head
1970,31,11.0,,,16.885714285714286,12.257142857142856,2.242857142857143,1575,Malin Head
1970,32,9.0,,,16.67142857142857,12.5,2.757142857142857,1575,Malin Head
1970,33,16.25714285714286,,,15.5,11.071428571428571,6.942857142857142,1575,Malin Head
1970,34,13.5,,,14.771428571428572,11.12857142857143,0.39999999999999997,1575,Malin Head
1970,35,6.985714285714286,,,17.142857142857142,12.257142857142856,0.2571428571428572,1575,Malin Head
1970,36,18.785714285714285,,,15.314285714285715,10.685714285714285,3.6142857142857143,1575,Malin Head
1970,37,16.914285714285715,,,14.299999999999999,10.257142857142856,5.757142857142857,1575,Malin Head
1970,38,13.842857142857143,,,15.514285714285714,9.1,3.985714285714286,1575,Malin Head
1970,39,12.87142857142857,,,18.057142857142857,12.842857142857143,1.8142857142857143,1575,Malin Head
1970,40,24.585714285714285,,,14.557142857142855,9.828571428571427,6.1000000000000005,1575,Malin Head
1970,41,18.75714285714286,,,12.414285714285715,8.114285714285714,6.085714285714286,1575,Malin Head
1970,42,15.071428571428571,,,15.071428571428571,11.228571428571428,0.8571428571428571,1575,Malin Head
1970,43,21.87142857142857,,,10.914285714285715,7.614285714285714,4.071428571428571,1575,Malin Head
1970,44,20.185714285714287,,,12.799999999999999,7.928571428571429,7.728571428571429,1575,Malin Head
1970,45,21.785714285714285,,,10.914285714285715,6.571428571428571,6.757142857142857,1575,Malin Head
1970,46,19.785714285714285,,,9.014285714285714,4.585714285714286,5.885714285714286,1575,Malin Head
1970,47,15.8,,,8.057142857142857,2.742857142857143,1.3142857142857143,1575,Malin Head
1970,48,13.299999999999999,,,11.214285714285714,7.242857142857143,6.6000000000000005,1575,Malin Head
1970,49,21.2,,,9.657142857142857,6.1571428571428575,5.471428571428571,1575,Malin Head
1970,50,12.742857142857144,,,8.6,4.8999999999999995,0.4714285714285715,1575,Malin Head
1970,51,19.185714285714287,,,9.87142857142857,6.028571428571429,2.142857142857143,1575,Malin Head
1970,52,17.414285714285715,,,7.457142857142857,5.042857142857143,0.4857142857142857,1575,Malin Head
1970,53,12.885714285714286,,,6.185714285714285,2.6142857142857143,0.5285714285714286,1575,Malin Head
1971,1,22.928571428571427,,,11.114285714285714,7.242857142857143,2.085714285714286,1575,Malin Head
1971,2,12.757142857142856,,,9.200000000000001,3.542857142857143,0.7999999999999999,1575,Malin Head
1971,3,19.957142857142856,,,8.1,3.957142857142857,5.8428571428571425,1575,Malin Head
1971,4,13.0,,,7.442857142857143,2.4857142857142853,2.5714285714285716,1575,Malin Head
1971,5,12.028571428571428,,,8.457142857142857,4.957142857142856,0.05714285714285715,1575,Malin Head
1971,6,22.2,,,8.171428571428573,3.3428571428571425,6.328571428571428,1575,Malin Head
1971,7,17.54285714285714,,,8.4,2.942857142857143,4.457142857142857,1575,Malin Head
1971,8,12.400000000000002,,,9.828571428571427,5.485714285714286,2.7142857142857144,1575,Malin Head
1971,9,13.5,,,8.628571428571428,4.885714285714286,2.142857142857143,1575,Malin Head
1971,10,14.385714285714286,,,10.014285714285714,4.514285714285714,2.1,1575,Malin Head
1971,11,19.9,,,7.5,2.6714285714285713,0.8142857142857142,1575,Malin Head
1971,12,19.12857142857143,,,9.87142857142857,4.742857142857143,3.1,1575,Malin Head
1971,13,11.885714285714286,,,9.028571428571428,5.5,1.5428571428571427,1575,Malin Head
1971,14,6.228571428571429,,,9.271428571428572,4.3428571428571425,0.08571428571428572,1575,Malin Head
1971,15,14.528571428571428,,,11.414285714285715,5.071428571428571,0.8857142857142858,1575,Malin Head
1971,16,14.742857142857144,,,11.042857142857143,6.928571428571429,9.428571428571429,1575,Malin Head
1971,17,9.528571428571428,,,11.214285714285714,5.514285714285714,0.15714285714285717,1575,Malin Head
1971,18,15.157142857142857,,,15.700000000000001,8.1,0.35714285714285715,1575,Malin Head
1971,19,15.214285714285714,,,13.857142857142858,7.371428571428572,2.5142857142857147,1575,Malin Head
1971,20,11.87142857142857,,,12.442857142857141,6.614285714285714,6.285714285714286,1575,Malin Head
1971,21,12.928571428571429,,,12.4,7.271428571428571,3.2285714285714286,1575,Malin Head
1971,22,9.557142857142859,,,14.4,8.6,1.1142857142857143,1575,Malin Head
1971,23,14.785714285714286,,,12.299999999999999,8.842857142857143,6.071428571428571,1575,Malin Head
1971,24,13.914285714285715,,,12.285714285714286,8.7,3.5714285714285716,1575,Malin Head
1971,25,12.642857142857142,,,14.342857142857143,9.928571428571429,2.3857142857142857,1575,Malin Head
1971,26,8.928571428571429,,,17.12857142857143,11.442857142857141,4.171428571428572,1575,Malin Head
1971,27,9.714285714285714,,,18.15714285714286,10.457142857142857,0.0,1575,Malin Head
1971,28,13.242857142857144,,,15.042857142857143,10.171428571428573,0.08571428571428572,1575,Malin Head
1971,29,12.428571428571429,,,14.857142857142858,11.700000000000001,2.6142857142857143,1575,Malin Head
1971,30,7.985714285714286,,,18.571428571428573,12.014285714285714,1.442857142857143,1575,Malin Head
1971,31,12.785714285714286,,,15.742857142857144,12.328571428571427,7.3999999999999995,1575,Malin Head
1971,32,13.785714285714286,,,15.271428571428572,11.514285714285714,4.7,1575,Malin Head
1971,33,5.442857142857143,,,15.671428571428573,10.571428571428571,0.08571428571428572,1575,Malin Head
1971,34,12.771428571428572,,,16.385714285714286,11.914285714285715,3.1714285714285713,1575,Malin Head
1971,35,16.842857142857145,,,16.985714285714288,11.200000000000001,2.985714285714286,1575,Malin Head
1971,36,14.5,,,19.585714285714285,12.157142857142857,0.0,1575,Malin Head
1971,37,8.1,,,17.385714285714286,11.985714285714286,0.18571428571428572,1575,Malin Head
1971,38,12.014285714285714,,,15.571428571428571,10.728571428571428,1.4714285714285713,1575,Malin Head
1971,39,11.442857142857141,,,16.771428571428572,11.257142857142856,1.0714285714285714,1575,Malin Head
1971,40,16.942857142857143,,,16.228571428571428,12.928571428571429,3.685714285714286,1575,Malin Head
1971,41,18.285714285714285,,,12.542857142857143,6.5,2.585714285714286,1575,Malin Head
1971,42,22.5,,,14.085714285714287,8.728571428571428,6.171428571428572,1575,Malin Head
1971,43,17.414285714285715,,,12.857142857142858,7.742857142857143,0.5142857142857142,1575,Malin Head
1971,44,21.557142857142857,,,13.057142857142855,8.014285714285714,5.114285714285714,1575,Malin Head
1971,45,21.285714285714285,,,10.242857142857144,7.085714285714286,1.7,1575,Malin Head
1971,46,24.5,,,9.914285714285715,3.642857142857143,9.185714285714285,1575,Malin Head
1971,47,17.285714285714285,,,9.685714285714285,4.371428571428572,4.071428571428571,1575,Malin Head
1971,48,15.857142857142858,,,9.37142857142857,4.185714285714286,1.6857142857142857,1575,Malin Head
1971,49,19.542857142857144,,,10.700000000000001,8.028571428571428,0.4428571428571429,1575,Malin Head
1971,50,25.900000000000002,,,12.200000000000001,7.957142857142856,2.1285714285714286,1575,Malin Head
1971,51,22.8,,,11.5,6.471428571428571,2.6285714285714286,1575,Malin Head
1971,52,18.74285714285714,,,6.985714285714286,4.971428571428571,2.8428571428571425,1575,Malin Head
1972,1,14.142857142857142,,,5.971428571428571,2.1714285714285713,2.9285714285714284,1575,Malin Head
1972,2,19.0,,,7.7,3.914285714285714,3.757142857142857,1575,Malin Head
1972,3,19.82857142857143,,,7.742857142857143,3.4285714285714284,3.5285714285714285,1575,Malin Head
1972,4,18.37142857142857,,,6.1571428571428575,0.8142857142857143,4.3,1575,Malin Head
1972,5,21.25714285714286,,,6.885714285714285,1.6285714285714286,1.9428571428571428,1575,Malin Head
1972,6,16.585714285714285,,,7.585714285714286,1.7,1.5,1575,Malin Head
1972,7,18.071428571428573,,,6.828571428571428,3.5714285714285716,1.542857142857143,1575,Malin Head
1972,8,13.585714285714285,,,7.514285714285714,2.8714285714285714,0.24285714285714288,1575,Malin Head
1972,9,19.0,,,8.171428571428573,1.4428571428571428,3.0285714285714285,1575,Malin Head
1972,10,16.785714285714285,,,7.057142857142857,3.0714285714285716,0.4428571428571428,1575,Malin Head
1972,11,11.085714285714285,,,10.557142857142859,3.8714285714285714,2.085714285714286,1575,Malin Head
1972,12,13.985714285714286,,,10.614285714285714,4.485714285714286,4.1,1575,Malin Head
1972,13,18.185714285714287,,,9.485714285714286,4.585714285714286,9.185714285714287,1575,Malin Head
1972,14,18.114285714285717,,,10.0,4.828571428571428,4.257142857142857,1575,Malin Head
1972,15,16.142857142857142,,,10.12857142857143,5.742857142857143,2.7571428571428567,1575,Malin Head
1972,16,10.014285714285714,,,10.585714285714285,4.6571428571428575,0.04285714285714286,1575,Malin Head
1972,17,14.042857142857143,,,10.285714285714286,5.799999999999999,3.185714285714286,1575,Malin Head
1972,18,9.87142857142857,,,11.357142857142858,6.385714285714285,3.2285714285714286,1575,Malin Head
1972,19,17.8,,,10.842857142857143,6.028571428571429,2.557142857142857,1575,Malin Head
1972,20,13.385714285714284,,,12.942857142857141,7.385714285714286,1.0714285714285714,1575,Malin Head
1972,21,22.75714285714286,,,13.5,7.457142857142857,4.242857142857143,1575,Malin Head
1972,22,18.185714285714287,,,12.799999999999999,6.642857142857143,3.3428571428571425,1575,Malin Head
1972,23,12.157142857142857,,,12.385714285714286,7.785714285714286,1.4285714285714286,1575,Malin Head
1972,24,13.671428571428569,,,13.299999999999999,8.971428571428572,1.6714285714285715,1575,Malin Head
1972,25,19.085714285714285,,,13.057142857142855,8.642857142857142,4.257142857142857,1575,Malin Head
1972,26,12.799999999999999,,,13.642857142857142,7.971428571428571,3.2857142857142856,1575,Malin Head
1972,27,12.357142857142858,,,14.228571428571428,8.985714285714286,1.4142857142857144,1575,Malin Head
1972,28,10.771428571428572,,,16.571428571428573,10.585714285714285,0.6,1575,Malin Head
1972,29,5.257142857142858,,,15.928571428571429,11.942857142857141,2.8428571428571425,1575,Malin Head
1972,30,7.128571428571428,,,15.014285714285714,10.742857142857144,1.1714285714285715,1575,Malin Head
1972,31,14.914285714285713,,,15.085714285714285,10.957142857142857,4.185714285714285,1575,Malin Head
1972,32,13.557142857142859,,,14.87142857142857,10.042857142857143,6.8,1575,Malin Head
1972,33,14.6,,,15.071428571428571,10.671428571428573,1.3857142857142857,1575,Malin Head
1972,34,9.6,,,15.471428571428572,10.842857142857143,0.14285714285714285,1575,Malin Head
1972,35,8.242857142857144,,,16.4,10.457142857142857,0.0,1575,Malin Head
1972,36,11.514285714285714,,,13.214285714285714,8.128571428571428,2.314285714285714,1575,Malin Head
1972,37,9.328571428571427,,,13.885714285714286,8.785714285714286,0.6142857142857142,1575,Malin Head
1972,38,10.342857142857143,,,14.071428571428571,9.228571428571428,0.5714285714285714,1575,Malin Head
1972,39,13.414285714285715,,,14.757142857142856,8.471428571428572,0.1857142857142857,1575,Malin Head
1972,40,11.299999999999999,,,16.228571428571428,10.042857142857143,0.8714285714285713,1575,Malin Head
1972,41,9.842857142857142,,,13.671428571428573,9.057142857142857,2.028571428571429,1575,Malin Head
1972,42,15.071428571428571,,,12.528571428571428,9.385714285714286,0.028571428571428574,1575,Malin Head
1972,43,19.914285714285715,,,13.342857142857143,8.7,3.242857142857143,1575,Malin Head
1972,44,13.742857142857144,,,12.299999999999999,6.785714285714286,1.1428571428571428,1575,Malin Head
1972,45,22.62857142857143,,,10.185714285714285,5.528571428571429,5.628571428571429,1575,Malin Head
1972,46,15.342857142857142,,,7.285714285714286,2.457142857142857,4.542857142857143,1575,Malin Head
1972,47,16.099999999999998,,,8.671428571428573,4.5285714285714285,3.8000000000000003,1575,Malin Head
1972,48,20.014285714285712,,,8.685714285714285,4.071428571428571,6.885714285714286,1575,Malin Head
1972,49,18.7,,,6.8999999999999995,1.3857142857142857,6.114285714285714,1575,Malin Head
1972,50,23.642857142857142,,,11.214285714285714,6.1571428571428575,1.8714285714285714,1575,Malin Head
1972,51,17.428571428571427,,,9.1,5.271428571428571,0.38571428571428573,1575,Malin Head
1972,52,19.2,,,9.571428571428571,5.6000000000000005,3.228571428571428,1575,Malin Head
1973,1,7.585714285714286,,,8.885714285714286,4.314285714285714,1.7857142857142858,1575,Malin Head
1973,2,13.099999999999998,,,6.971428571428571,4.5,0.6857142857142857,1575,Malin Head
1973,3,21.028571428571432,,,6.457142857142857,1.9714285714285715,6.728571428571429,1575,Malin Head
1973,4,16.3,,,9.957142857142857,6.328571428571428,2.9857142857142853,1575,Malin Head
1973,5,13.242857142857144,,,9.285714285714286,6.271428571428571,2.685714285714286,1575,Malin Head
1973,6,22.642857142857142,,,8.614285714285714,4.857142857142857,2.971428571428571,1575,Malin Head
1973,7,18.37142857142857,,,6.114285714285714,0.19999999999999998,5.5,1575,Malin Head
1973,8,21.557142857142857,,,7.528571428571429,3.6142857142857143,2.3428571428571425,1575,Malin Head
1973,9,16.271428571428572,,,8.6,3.0285714285714285,1.8285714285714287,1575,Malin Head
1973,10,13.62857142857143,,,9.700000000000001,2.6714285714285713,1.342857142857143,1575,Malin Head
1973,11,8.814285714285715,,,8.571428571428571,2.7285714285714286,0.0,1575,Malin Head
1973,12,16.314285714285713,,,11.799999999999999,5.385714285714286,0.4714285714285714,1575,Malin Head
1973,13,21.414285714285715,,,9.585714285714285,3.8000000000000003,2.9571428571428577,1575,Malin Head
1973,14,23.87142857142857,,,8.5,2.5571428571428574,4.5285714285714285,1575,Malin Head
1973,15,12.914285714285713,,,9.242857142857144,5.6000000000000005,0.5714285714285714,1575,Malin Head
1973,16,17.3,,,10.085714285714287,6.414285714285714,0.5285714285714286,1575,Malin Head
1973,17,12.214285714285714,,,9.414285714285715,3.9857142857142853,0.4571428571428572,1575,Malin Head
1973,18,15.6,,,9.557142857142859,4.4714285714285715,5.6000000000000005,1575,Malin Head
1973,19,20.12857142857143,,,10.9,6.085714285714286,3.242857142857143,1575,Malin Head
1973,20,18.12857142857143,,,11.985714285714286,6.0,0.8714285714285713,1575,Malin Head
1973,21,11.62857142857143,,,14.028571428571428,8.985714285714286,1.4285714285714286,1575,Malin Head
1973,22,12.314285714285715,,,13.62857142857143,7.857142857142857,2.9857142857142853,1575,Malin Head
1973,23,11.857142857142858,,,15.014285714285714,9.5,0.5,1575,Malin Head
1973,24,17.757142857142856,,,16.6,9.757142857142856,1.9428571428571428,1575,Malin Head
1973,25,10.442857142857141,,,16.385714285714286,8.971428571428572,0.2857142857142857,1575,Malin Head
1973,26,11.357142857142858,,,16.857142857142858,8.914285714285715,5.485714285714286,1575,Malin Head
1973,27,11.585714285714285,,,16.714285714285715,10.485714285714286,0.8714285714285713,1575,Malin Head
1973,28,12.171428571428573,,,15.414285714285715,11.771428571428572,3.3142857142857145,1575,Malin Head
1973,29,15.37142857142857,,,15.114285714285714,11.428571428571429,4.785714285714286,1575,Malin Head
1973,30,7.242857142857143,,,15.799999999999999,11.700000000000001,0.12857142857142856,1575,Malin Head
1973,31,13.414285714285715,,,16.54285714285714,11.87142857142857,4.214285714285714,1575,Malin Head
1973,32,14.342857142857143,,,16.82857142857143,9.785714285714286,4.771428571428571,1575,Malin Head
1973,33,9.471428571428572,,,19.2,12.942857142857141,1.7714285714285716,1575,Malin Head
1973,34,9.142857142857142,,,17.67142857142857,13.285714285714286,1.3571428571428572,1575,Malin Head
1973,35,17.3,,,16.685714285714287,11.714285714285714,3.5714285714285716,1575,Malin Head
1973,36,9.671428571428573,,,18.97142857142857,12.614285714285714,1.5142857142857142,1575,Malin Head
1973,37,11.785714285714286,,,16.228571428571428,10.957142857142857,2.1,1575,Malin Head
1973,38,11.957142857142857,,,14.771428571428572,9.342857142857143,7.1000000000000005,1575,Malin Head
1973,39,20.32857142857143,,,13.185714285714285,8.142857142857142,6.1000000000000005,1575,Malin Head
1973,40,9.671428571428573,,,14.271428571428572,10.885714285714286,0.7999999999999999,1575,Malin Head
1973,41,16.585714285714285,,,10.87142857142857,7.442857142857143,1.5571428571428572,1575,Malin Head
1973,42,19.75714285714286,,,10.685714285714285,6.314285714285715,4.9142857142857155,1575,Malin Head
1973,43,15.114285714285716,,,12.914285714285715,8.585714285714285,2.157142857142857,1575,Malin Head
1973,44,12.271428571428572,,,12.657142857142857,7.385714285714286,3.0,1575,Malin Head
1973,45,20.7,,,10.442857142857141,6.2,5.514285714285714,1575,Malin Head
1973,46,23.071428571428573,,,9.471428571428572,4.628571428571428,4.714285714285714,1575,Malin Head
1973,47,17.414285714285715,,,9.428571428571429,3.742857142857143,0.7000000000000001,1575,Malin Head
1973,48,14.342857142857143,,,7.042857142857143,0.8428571428571429,3.6714285714285713,1575,Malin Head
1973,49,19.785714285714285,,,9.257142857142856,5.528571428571429,3.385714285714286,1575,Malin Head
1973,50,26.24285714285714,,,8.942857142857143,3.857142857142857,7.0,1575,Malin Head
1973,51,15.557142857142859,,,7.171428571428572,4.542857142857143,7.171428571428572,1575,Malin Head
1973,52,19.0,,,9.985714285714286,5.128571428571428,1.7857142857142858,1575,Malin Head
1974,1,22.771428571428572,,,9.014285714285714,4.4,1.8857142857142857,1575,Malin Head
1974,2,25.25714285714286,,,8.128571428571428,2.8714285714285714,6.985714285714286,1575,Malin Head
1974,3,26.042857142857144,,,9.428571428571429,5.114285714285714,3.4285714285714284,1575,Malin Head
1974,4,20.82857142857143,,,8.8,4.671428571428572,3.2142857142857144,1575,Malin Head
1974,5,23.8,,,8.271428571428572,2.857142857142857,3.9714285714285715,1575,Malin Head
1974,6,20.25714285714286,,,8.028571428571428,3.0714285714285716,2.857142857142857,1575,Malin Head
1974,7,16.8,,,8.014285714285714,2.4714285714285715,4.742857142857143,1575,Malin Head
1974,8,15.1,,,8.8,3.4571428571428577,1.1285714285714286,1575,Malin Head
1974,9,12.957142857142856,,,7.928571428571429,3.5142857142857147,3.857142857142857,1575,Malin Head
1974,10,18.157142857142855,,,7.957142857142857,3.2285714285714286,0.2857142857142857,1575,Malin Head
1974,11,17.985714285714288,,,8.028571428571428,3.742857142857143,2.357142857142857,1575,Malin Head
1974,12,16.62857142857143,,,9.114285714285714,3.8285714285714287,1.957142857142857,1575,Malin Head
1974,13,8.571428571428571,,,10.200000000000001,5.714285714285714,0.2285714285714286,1575,Malin Head
1974,14,12.742857142857144,,,12.671428571428569,6.514285714285714,0.0,1575,Malin Head
1974,15,11.357142857142858,,,10.157142857142857,5.0,1.1,1575,Malin Head
1974,16,6.485714285714286,,,10.742857142857144,4.185714285714286,0.0,1575,Malin Head
1974,17,9.214285714285714,,,10.257142857142856,3.942857142857143,0.2285714285714286,1575,Malin Head
1974,18,13.071428571428571,,,10.4,5.642857142857143,2.5857142857142854,1575,Malin Head
1974,19,17.385714285714283,,,12.700000000000001,6.8428571428571425,0.9857142857142858,1575,Malin Head
1974,20,15.657142857142857,,,15.357142857142858,8.1,1.7142857142857142,1575,Malin Head
1974,21,17.97142857142857,,,12.985714285714286,8.87142857142857,1.5142857142857145,1575,Malin Head
1974,22,15.757142857142856,,,13.928571428571429,8.757142857142858,1.5285714285714285,1575,Malin Head
1974,23,17.62857142857143,,,13.242857142857144,7.628571428571428,2.3857142857142857,1575,Malin Head
1974,24,12.12857142857143,,,14.085714285714285,8.8,0.4714285714285715,1575,Malin Head
1974,25,11.785714285714286,,,15.885714285714286,10.971428571428572,1.2857142857142858,1575,Malin Head
1974,26,8.914285714285715,,,14.585714285714285,9.171428571428573,1.7285714285714284,1575,Malin Head
1974,27,13.057142857142859,,,15.414285714285715,10.085714285714285,4.128571428571428,1575,Malin Head
1974,28,15.799999999999999,,,16.114285714285714,11.942857142857141,3.1142857142857143,1575,Malin Head
1974,29,18.67142857142857,,,15.87142857142857,11.728571428571428,2.357142857142857,1575,Malin Head
1974,30,16.114285714285714,,,15.442857142857141,10.714285714285714,2.914285714285714,1575,Malin Head
1974,31,11.457142857142857,,,15.714285714285714,10.071428571428571,1.4285714285714286,1575,Malin Head
1974,32,15.1,,,18.271428571428572,12.314285714285715,2.542857142857143,1575,Malin Head
1974,33,15.057142857142859,,,17.0,11.071428571428571,2.3000000000000003,1575,Malin Head
1974,34,15.799999999999999,,,17.37142857142857,11.442857142857141,3.3857142857142857,1575,Malin Head
1974,35,12.485714285714286,,,16.02857142857143,10.428571428571429,2.2,1575,Malin Head
1974,36,15.671428571428573,,,14.5,9.128571428571428,7.071428571428571,1575,Malin Head
1974,37,15.057142857142859,,,15.471428571428572,10.457142857142857,1.7285714285714284,1575,Malin Head
1974,38,19.614285714285717,,,13.671428571428573,9.671428571428573,5.114285714285714,1575,Malin Head
1974,39,15.62857142857143,,,11.428571428571429,5.571428571428571,3.585714285714286,1575,Malin Head
1974,40,20.042857142857144,,,11.285714285714286,8.27142857142857,2.442857142857143,1575,Malin Head
1974,41,16.985714285714288,,,11.657142857142857,8.77142857142857,1.2428571428571427,1575,Malin Head
1974,42,15.171428571428573,,,11.0,7.185714285714285,3.6285714285714286,1575,Malin Head
1974,43,22.52857142857143,,,10.285714285714286,7.671428571428571,1.2428571428571427,1575,Malin Head
1974,44,17.9,,,9.685714285714285,5.528571428571429,0.9142857142857143,1575,Malin Head
1974,45,18.214285714285715,,,10.928571428571429,5.214285714285714,3.857142857142857,1575,Malin Head
1974,46,19.557142857142857,,,8.814285714285713,4.542857142857143,5.042857142857143,1575,Malin Head
1974,47,13.571428571428571,,,7.914285714285714,3.4857142857142853,5.042857142857143,1575,Malin Head
1974,48,22.657142857142855,,,9.357142857142858,5.242857142857143,4.6,1575,Malin Head
1974,49,23.542857142857144,,,10.614285714285714,6.614285714285714,3.1285714285714286,1575,Malin Head
1974,50,23.314285714285713,,,7.685714285714285,3.557142857142857,5.1571428571428575,1575,Malin Head
1974,51,27.042857142857144,,,10.114285714285714,6.471428571428571,3.957142857142857,1575,Malin Head
1974,52,23.885714285714283,,,10.571428571428571,5.314285714285715,5.114285714285714,1575,Malin Head
1975,1,21.400000000000002,,,10.5,6.771428571428571,1.9857142857142858,1575,Malin Head
1975,2,20.185714285714287,,,9.857142857142858,5.428571428571429,5.457142857142857,1575,Malin Head
1975,3,18.442857142857143,,,8.77142857142857,2.3428571428571425,7.042857142857143,1575,Malin Head
1975,4,26.357142857142858,,,8.085714285714285,2.4857142857142853,6.285714285714286,1575,Malin Head
1975,5,20.071428571428573,,,9.914285714285715,3.8285714285714287,2.642857142857143,1575,Malin Head
1975,6,12.942857142857141,,,6.885714285714286,3.6,0.34285714285714286,1575,Malin Head
1975,7,11.728571428571428,,,7.8,2.942857142857143,0.9571428571428572,1575,Malin Head
1975,8,16.285714285714285,,,9.028571428571428,2.757142857142857,1.1714285714285713,1575,Malin Head
1975,9,14.057142857142859,,,9.757142857142856,4.871428571428572,1.0285714285714287,1575,Malin Head
1975,10,14.442857142857141,,,9.057142857142857,3.057142857142857,4.428571428571429,1575,Malin Head
1975,11,14.985714285714286,,,7.085714285714286,3.1,0.014285714285714287,1575,Malin Head
1975,12,15.5,,,7.542857142857143,2.6999999999999997,1.0714285714285714,1575,Malin Head
1975,13,18.185714285714287,,,6.614285714285714,2.6,1.9999999999999998,1575,Malin Head
1975,14,17.257142857142856,,,7.757142857142857,3.857142857142857,1.8285714285714287,1575,Malin Head
1975,15,20.928571428571427,,,8.471428571428572,3.8285714285714287,1.5142857142857142,1575,Malin Head
1975,16,11.6,,,11.757142857142856,5.957142857142857,3.0714285714285716,1575,Malin Head
1975,17,8.357142857142858,,,12.057142857142859,7.871428571428572,0.6714285714285715,1575,Malin Head
1975,18,15.514285714285716,,,10.314285714285715,4.857142857142857,2.0714285714285716,1575,Malin Head
1975,19,12.4,,,10.528571428571428,7.014285714285714,0.6285714285714287,1575,Malin Head
1975,20,9.314285714285715,,,11.5,5.542857142857143,1.3285714285714287,1575,Malin Head
1975,21,14.714285714285714,,,11.62857142857143,7.285714285714286,0.07142857142857142,1575,Malin Head
1975,22,10.571428571428571,,,11.728571428571428,7.228571428571428,0.41428571428571426,1575,Malin Head
1975,23,16.17142857142857,,,16.271428571428572,8.314285714285713,1.5,1575,Malin Head
1975,24,11.185714285714287,,,15.1,10.228571428571428,1.1,1575,Malin Head
1975,25,13.414285714285715,,,16.0,10.9,1.157142857142857,1575,Malin Head
1975,26,10.142857142857142,,,15.0,8.871428571428572,0.028571428571428574,1575,Malin Head
1975,27,8.128571428571428,,,16.728571428571428,10.728571428571428,0.14285714285714285,1575,Malin Head
1975,28,10.842857142857143,,,16.5,12.542857142857143,1.3571428571428572,1575,Malin Head
1975,29,10.12857142857143,,,18.61428571428571,13.085714285714285,1.6714285714285713,1575,Malin Head
1975,30,16.414285714285715,,,16.157142857142855,11.728571428571428,7.442857142857143,1575,Malin Head
1975,31,10.5,,,17.442857142857143,12.142857142857142,1.542857142857143,1575,Malin Head
1975,32,12.528571428571428,,,21.014285714285712,14.614285714285714,0.7285714285714285,1575,Malin Head
1975,33,7.871428571428572,,,18.271428571428572,12.457142857142857,3.6571428571428575,1575,Malin Head
1975,34,15.185714285714287,,,17.47142857142857,11.242857142857144,2.6142857142857143,1575,Malin Head
1975,35,11.514285714285714,,,17.87142857142857,11.828571428571431,1.3285714285714285,1575,Malin Head
1975,36,11.957142857142857,,,17.0,12.614285714285714,2.314285714285714,1575,Malin Head
1975,37,17.9,,,14.4,9.928571428571429,3.3000000000000003,1575,Malin Head
1975,38,17.185714285714287,,,14.871428571428572,10.085714285714285,2.5714285714285716,1575,Malin Head
1975,39,21.514285714285712,,,13.228571428571428,6.957142857142857,6.828571428571429,1575,Malin Head
1975,40,21.042857142857144,,,13.671428571428573,9.471428571428572,9.028571428571428,1575,Malin Head
1975,41,9.042857142857143,,,12.728571428571428,8.72857142857143,1.4714285714285715,1575,Malin Head
1975,42,13.071428571428571,,,12.200000000000001,5.3999999999999995,1.3142857142857143,1575,Malin Head
1975,43,25.428571428571427,,,14.342857142857143,10.728571428571428,2.085714285714286,1575,Malin Head
1975,44,17.314285714285713,,,13.985714285714286,8.957142857142857,2.4857142857142853,1575,Malin Head
1975,45,14.842857142857143,,,11.028571428571428,6.171428571428572,1.1285714285714286,1575,Malin Head
1975,46,15.742857142857144,,,9.271428571428572,4.671428571428572,4.057142857142857,1575,Malin Head
1975,47,17.5,,,10.542857142857143,5.7,2.3285714285714287,1575,Malin Head
1975,48,19.67142857142857,,,8.72857142857143,3.6571428571428575,6.085714285714286,1575,Malin Head
1975,49,21.02857142857143,,,9.885714285714286,6.485714285714286,2.5,1575,Malin Head
1975,50,15.085714285714285,,,8.428571428571429,4.514285714285714,1.7714285714285711,1575,Malin Head
1975,51,15.557142857142859,,,8.871428571428572,5.0,1.0142857142857142,1575,Malin Head
1975,52,21.2,,,9.571428571428571,6.714285714285714,2.7714285714285714,1575,Malin Head
1976,1,21.414285714285715,,,8.928571428571429,2.857142857142857,6.085714285714286,1575,Malin Head
1976,2,19.8,,,10.185714285714285,7.271428571428572,4.914285714285714,1575,Malin Head
1976,3,19.071428571428573,,,9.37142857142857,6.942857142857143,3.142857142857143,1575,Malin Head
1976,4,30.214285714285715,,,8.285714285714286,3.1,4.942857142857143,1575,Malin Head
1976,5,22.228571428571428,,,5.714285714285714,2.3428571428571425,2.8428571428571425,1575,Malin Head
1976,6,16.8,,,6.414285714285714,3.0285714285714285,0.39999999999999997,1575,Malin Head
1976,7,19.2,,,8.271428571428572,3.0142857142857147,4.542857142857143,1575,Malin Head
1976,8,16.7,,,7.642857142857143,2.2857142857142856,1.1714285714285713,1575,Malin Head
1976,9,18.214285714285715,,,10.385714285714286,6.471428571428571,0.8428571428571429,1575,Malin Head
1976,10,17.557142857142857,,,9.585714285714285,3.642857142857143,0.0,1575,Malin Head
1976,11,17.87142857142857,,,6.885714285714286,1.6285714285714286,1.8714285714285714,1575,Malin Head
1976,12,17.7,,,7.857142857142857,3.0714285714285716,2.7714285714285714,1575,Malin Head
1976,13,21.414285714285715,,,9.957142857142857,4.142857142857143,2.9714285714285715,1575,Malin Head
1976,14,21.071428571428573,,,8.671428571428573,3.2857142857142856,2.7857142857142856,1575,Malin Head
1976,15,17.52857142857143,,,10.414285714285715,6.442857142857143,1.1857142857142857,1575,Malin Head
1976,16,16.1,,,10.37142857142857,6.8428571428571425,0.8428571428571427,1575,Malin Head
1976,17,10.342857142857143,,,11.62857142857143,6.428571428571429,0.0,1575,Malin Head
1976,18,11.485714285714286,,,11.62857142857143,5.971428571428571,0.5571428571428572,1575,Malin Head
1976,19,12.028571428571428,,,12.857142857142858,6.771428571428571,1.5,1575,Malin Head
1976,20,18.185714285714287,,,12.342857142857143,6.271428571428571,7.285714285714286,1575,Malin Head
1976,21,12.9,,,13.285714285714286,7.214285714285714,2.742857142857143,1575,Malin Head
1976,22,12.12857142857143,,,14.028571428571428,7.857142857142857,3.442857142857143,1575,Malin Head
1976,23,11.214285714285714,,,14.928571428571429,9.657142857142857,2.0,1575,Malin Head
1976,24,16.54285714285714,,,18.071428571428573,10.885714285714286,1.8142857142857145,1575,Malin Head
1976,25,14.728571428571428,,,14.299999999999999,10.142857142857142,2.2857142857142856,1575,Malin Head
1976,26,13.271428571428572,,,18.742857142857144,12.271428571428572,2.4857142857142853,1575,Malin Head
1976,27,7.642857142857143,,,21.071428571428573,13.414285714285715,1.2571428571428573,1575,Malin Head
1976,28,9.971428571428572,,,18.542857142857144,13.37142857142857,6.542857142857143,1575,Malin Head
1976,29,12.757142857142856,,,18.214285714285715,12.357142857142858,3.9,1575,Malin Head
1976,30,12.871428571428572,,,15.257142857142856,11.814285714285715,0.7142857142857143,1575,Malin Head
1976,31,15.185714285714285,,,15.271428571428572,11.87142857142857,1.2714285714285716,1575,Malin Head
1976,32,11.385714285714286,,,16.271428571428572,12.071428571428571,0.8571428571428571,1575,Malin Head
1976,33,6.942857142857143,,,18.5,10.771428571428572,1.4000000000000001,1575,Malin Head
1976,34,8.842857142857143,,,20.47142857142857,12.971428571428572,0.0,1575,Malin Head
1976,35,8.185714285714285,,,19.014285714285712,13.585714285714285,0.0,1575,Malin Head
1976,36,14.6,,,15.857142857142858,12.585714285714285,0.18571428571428572,1575,Malin Head
1976,37,21.5,,,14.028571428571428,9.457142857142857,4.8,1575,Malin Head
1976,38,16.95714285714286,,,14.771428571428572,9.128571428571428,0.5428571428571428,1575,Malin Head
1976,39,18.27142857142857,,,15.62857142857143,10.9,2.857142857142857,1575,Malin Head
1976,40,11.1,,,14.471428571428572,11.571428571428571,2.0571428571428574,1575,Malin Head
1976,41,18.52857142857143,,,13.785714285714286,7.728571428571429,3.471428571428571,1575,Malin Head
1976,42,17.814285714285713,,,11.62857142857143,6.8999999999999995,9.87142857142857,1575,Malin Head
1976,43,14.742857142857142,,,11.62857142857143,6.871428571428572,5.014285714285714,1575,Malin Head
1976,44,10.9,,,11.114285714285714,6.3428571428571425,0.38571428571428573,1575,Malin Head
1976,45,18.7,,,9.642857142857142,4.6571428571428575,4.085714285714286,1575,Malin Head
1976,46,12.514285714285714,,,9.214285714285714,3.1285714285714286,1.4285714285714286,1575,Malin Head
1976,47,11.714285714285714,,,10.228571428571428,6.585714285714286,3.157142857142857,1575,Malin Head
1976,48,19.25714285714286,,,10.071428571428571,6.742857142857142,6.5,1575,Malin Head
1976,49,13.257142857142856,,,5.757142857142857,-0.17142857142857146,5.271428571428571,1575,Malin Head
1976,50,14.285714285714286,,,6.785714285714286,2.4,4.314285714285714,1575,Malin Head
1976,51,14.057142857142859,,,5.614285714285714,3.371428571428571,2.7714285714285714,1575,Malin Head
1976,52,12.914285714285713,,,7.057142857142857,3.885714285714286,1.385714285714286,1575,Malin Head
1976,53,18.585714285714285,,,5.642857142857143,1.4857142857142858,2.685714285714286,1575,Malin Head
1977,1,19.685714285714287,,,8.742857142857144,4.457142857142857,2.6,1575,Malin Head
1977,2,20.757142857142856,,,5.271428571428571,0.27142857142857146,1.0142857142857142,1575,Malin Head
1977,3,20.25714285714286,,,6.957142857142857,3.971428571428571,3.742857142857143,1575,Malin Head
1977,4,15.428571428571429,,,6.757142857142857,1.7428571428571427,1.4857142857142858,1575,Malin Head
1977,5,16.085714285714285,,,7.299999999999999,1.5714285714285714,3.3285714285714283,1575,Malin Head
1977,6,18.214285714285715,,,6.814285714285715,3.142857142857143,6.542857142857143,1575,Malin Head
1977,7,14.242857142857142,,,6.914285714285714,2.4285714285714284,10.571428571428571,1575,Malin Head
1977,8,20.442857142857143,,,5.8,2.1,0.6714285714285715,1575,Malin Head
1977,9,19.285714285714285,,,10.214285714285714,5.371428571428572,2.9714285714285715,1575,Malin Head
1977,10,20.957142857142856,,,10.557142857142859,4.057142857142857,2.0571428571428574,1575,Malin Head
1977,11,19.2,,,10.085714285714285,5.3428571428571425,2.257142857142857,1575,Malin Head
1977,12,16.285714285714285,,,7.585714285714286,4.628571428571428,0.8142857142857143,1575,Malin Head
1977,13,23.514285714285712,,,8.014285714285714,3.414285714285714,3.4428571428571426,1575,Malin Head
1977,14,16.928571428571427,,,8.871428571428572,3.0,1.3571428571428572,1575,Malin Head
1977,15,15.557142857142859,,,9.557142857142859,4.357142857142857,2.5285714285714285,1575,Malin Head
1977,16,16.485714285714288,,,10.642857142857142,5.971428571428572,4.485714285714286,1575,Malin Head
1977,17,19.0,,,10.471428571428572,4.828571428571428,2.814285714285714,1575,Malin Head
1977,18,14.842857142857143,,,10.62857142857143,5.985714285714286,1.9714285714285715,1575,Malin Head
1977,19,12.071428571428571,,,10.5,4.8,2.4142857142857146,1575,Malin Head
1977,20,9.885714285714286,,,12.799999999999999,7.1571428571428575,0.0,1575,Malin Head
1977,21,10.785714285714286,,,15.285714285714286,9.685714285714285,0.0,1575,Malin Head
1977,22,10.828571428571427,,,14.5,7.828571428571428,1.7142857142857142,1575,Malin Head
1977,23,16.02857142857143,,,11.428571428571429,7.571428571428571,1.6,1575,Malin Head
1977,24,10.528571428571428,,,12.985714285714286,8.628571428571428,0.0,1575,Malin Head
1977,25,7.542857142857143,,,16.257142857142856,8.885714285714286,1.5857142857142856,1575,Malin Head
1977,26,11.842857142857143,,,16.457142857142856,10.242857142857144,2.4714285714285715,1575,Malin Head
1977,27,7.685714285714285,,,17.585714285714285,12.657142857142857,0.7428571428571429,1575,Malin Head
1977,28,9.442857142857141,,,16.82857142857143,11.471428571428572,1.942857142857143,1575,Malin Head
1977,29,16.97142857142857,,,16.642857142857142,12.214285714285714,7.142857142857143,1575,Malin Head
1977,30,14.185714285714285,,,15.485714285714286,11.671428571428573,0.31428571428571433,1575,Malin Head
1977,31,10.514285714285714,,,16.485714285714284,10.114285714285714,4.057142857142857,1575,Malin Head
1977,32,10.828571428571427,,,20.114285714285717,11.714285714285714,0.0,1575,Malin Head
1977,33,9.014285714285714,,,16.17142857142857,11.6,0.4428571428571429,1575,Malin Head
1977,34,15.785714285714286,,,15.957142857142857,10.028571428571428,3.042857142857143,1575,Malin Head
1977,35,18.52857142857143,,,16.02857142857143,10.271428571428572,2.5714285714285716,1575,Malin Head
1977,36,17.714285714285715,,,14.799999999999999,10.171428571428573,9.62857142857143,1575,Malin Head
1977,37,12.514285714285714,,,14.0,8.057142857142857,0.042857142857142864,1575,Malin Head
1977,38,12.785714285714286,,,13.814285714285713,9.057142857142857,0.6142857142857142,1575,Malin Head
1977,39,22.542857142857144,,,14.485714285714286,8.9,5.628571428571428,1575,Malin Head
1977,40,16.67142857142857,,,12.842857142857143,8.685714285714285,8.342857142857143,1575,Malin Head
1977,41,20.914285714285715,,,14.914285714285715,10.299999999999999,1.2857142857142858,1575,Malin Head
1977,42,16.97142857142857,,,16.142857142857142,10.928571428571429,0.9142857142857144,1575,Malin Head
1977,43,23.87142857142857,,,13.728571428571428,9.728571428571428,1.8285714285714287,1575,Malin Head
1977,44,20.8,,,10.514285714285714,6.314285714285715,5.214285714285714,1575,Malin Head
1977,45,24.728571428571428,,,11.528571428571428,5.771428571428571,11.37142857142857,1575,Malin Head
1977,46,27.285714285714285,,,8.285714285714286,3.2142857142857144,5.571428571428571,1575,Malin Head
1977,47,21.400000000000002,,,7.8999999999999995,2.742857142857143,2.042857142857143,1575,Malin Head
1977,48,16.957142857142856,,,6.8,1.0857142857142856,0.05714285714285715,1575,Malin Head
1977,49,22.442857142857143,,,8.257142857142856,4.614285714285714,2.0714285714285716,1575,Malin Head
1977,50,13.014285714285714,,,9.542857142857143,6.971428571428571,0.48571428571428577,1575,Malin Head
1977,51,16.6,,,9.485714285714286,5.685714285714285,3.3000000000000003,1575,Malin Head
1977,52,22.442857142857143,,,8.6,5.285714285714286,3.6714285714285713,1575,Malin Head
1978,1,21.114285714285717,,,8.628571428571428,4.157142857142857,3.057142857142857,1575,Malin Head
1978,2,19.385714285714283,,,6.871428571428572,2.7857142857142856,4.271428571428571,1575,Malin Head
1978,3,16.942857142857143,,,6.385714285714286,1.2428571428571427,3.757142857142857,1575,Malin Head
1978,4,25.52857142857143,,,6.428571428571429,1.8571428571428572,11.071428571428571,1575,Malin Head
1978,5,17.514285714285712,,,7.885714285714286,3.2285714285714286,5.828571428571428,1575,Malin Head
1978,6,11.799999999999999,,,4.5285714285714285,0.3857142857142858,0.48571428571428577,1575,Malin Head
1978,7,21.52857142857143,,,3.957142857142857,0.3,0.05714285714285715,1575,Malin Head
1978,8,18.02857142857143,,,7.671428571428572,4.428571428571429,1.957142857142857,1575,Malin Head
1978,9,13.057142857142859,,,9.042857142857143,4.128571428571428,1.8857142857142857,1575,Malin Head
1978,10,16.342857142857145,,,10.657142857142857,5.785714285714286,2.1,1575,Malin Head
1978,11,17.62857142857143,,,8.842857142857143,2.314285714285714,4.971428571428571,1575,Malin Head
1978,12,22.3,,,8.071428571428571,2.5714285714285716,6.671428571428572,1575,Malin Head
1978,13,20.414285714285715,,,9.085714285714285,4.871428571428571,4.0,1575,Malin Head
1978,14,10.985714285714286,,,8.1,3.257142857142857,0.6428571428571429,1575,Malin Head
1978,15,14.37142857142857,,,7.928571428571429,2.4714285714285715,1.0285714285714287,1575,Malin Head
1978,16,14.357142857142858,,,11.528571428571428,6.057142857142857,0.35714285714285715,1575,Malin Head
1978,17,16.7,,,7.8,4.728571428571429,1.4857142857142858,1575,Malin Head
1978,18,15.157142857142857,,,10.028571428571428,6.285714285714286,2.1999999999999997,1575,Malin Head
1978,19,12.085714285714285,,,11.814285714285715,6.785714285714286,1.7428571428571427,1575,Malin Head
1978,20,7.185714285714285,,,13.357142857142858,6.357142857142857,0.0,1575,Malin Head
1978,21,9.071428571428571,,,14.528571428571428,9.357142857142858,0.4714285714285715,1575,Malin Head
1978,22,10.642857142857142,,,22.3,11.442857142857141,0.19999999999999998,1575,Malin Head
1978,23,17.67142857142857,,,14.028571428571428,9.942857142857141,1.7714285714285716,1575,Malin Head
1978,24,12.257142857142856,,,13.057142857142859,9.700000000000001,0.8142857142857142,1575,Malin Head
1978,25,16.557142857142857,,,12.885714285714286,9.042857142857143,2.3857142857142857,1575,Malin Head
1978,26,15.328571428571427,,,13.814285714285715,10.185714285714285,3.8428571428571425,1575,Malin Head
1978,27,18.3,,,12.828571428571427,9.642857142857142,2.5714285714285716,1575,Malin Head
1978,28,7.5,,,15.028571428571428,10.814285714285715,0.4857142857142857,1575,Malin Head
1978,29,14.971428571428572,,,15.828571428571427,10.771428571428572,0.8142857142857143,1575,Malin Head
1978,30,14.542857142857143,,,17.857142857142858,12.157142857142857,0.7142857142857143,1575,Malin Head
1978,31,11.5,,,15.114285714285714,12.142857142857142,0.2285714285714286,1575,Malin Head
1978,32,11.914285714285715,,,16.12857142857143,10.9,4.371428571428572,1575,Malin Head
1978,33,14.200000000000001,,,17.557142857142857,12.071428571428571,2.0714285714285716,1575,Malin Head
1978,34,10.799999999999999,,,15.114285714285714,11.700000000000001,3.4857142857142853,1575,Malin Head
1978,35,13.285714285714286,,,14.985714285714286,11.62857142857143,2.042857142857143,1575,Malin Head
1978,36,16.785714285714285,,,16.62857142857143,11.028571428571428,6.314285714285715,1575,Malin Head
1978,37,23.357142857142858,,,15.7,11.828571428571427,3.371428571428571,1575,Malin Head
1978,38,15.142857142857142,,,16.485714285714288,11.457142857142857,2.7714285714285714,1575,Malin Head
1978,39,24.285714285714285,,,13.5,9.828571428571427,10.314285714285715,1575,Malin Head
1978,40,20.62857142857143,,,15.5,11.028571428571428,1.2428571428571427,1575,Malin Head
1978,41,13.928571428571429,,,14.285714285714286,10.442857142857141,3.0142857142857147,1575,Malin Head
1978,42,17.62857142857143,,,12.4,8.771428571428572,2.185714285714286,1575,Malin Head
1978,43,16.771428571428572,,,13.814285714285715,10.842857142857143,3.3857142857142857,1575,Malin Head
1978,44,18.599999999999998,,,14.042857142857143,9.114285714285714,2.5,1575,Malin Head
1978,45,22.428571428571427,,,12.942857142857141,8.657142857142857,2.242857142857143,1575,Malin Head
1978,46,23.785714285714285,,,12.271428571428572,5.8999999999999995,11.657142857142858,1575,Malin Head
1978,47,19.442857142857143,,,10.057142857142859,5.1000000000000005,3.7142857142857144,1575,Malin Head
1978,48,18.442857142857143,,,6.957142857142857,2.8285714285714287,4.1000000000000005,1575,Malin Head
1978,49,23.02857142857143,,,9.785714285714286,5.385714285714286,5.3,1575,Malin Head
1978,50,15.5,,,8.8,4.771428571428571,1.2285714285714284,1575,Malin Head
1978,51,18.900000000000002,,,6.228571428571429,1.6714285714285713,1.5142857142857142,1575,Malin Head
1978,52,26.900000000000002,,,5.071428571428571,1.3857142857142857,7.057142857142857,1575,Malin Head
1979,1,18.74285714285714,,,6.042857142857143,0.10000000000000002,4.042857142857143,1575,Malin Head
1979,2,15.9,,,5.371428571428572,0.32857142857142857,6.857142857142857,1575,Malin Head
1979,3,22.185714285714287,,,6.528571428571429,3.3428571428571425,4.385714285714285,1575,Malin Head
1979,4,16.928571428571427,,,4.357142857142857,0.10000000000000002,2.585714285714286,1575,Malin Head
1979,5,16.485714285714284,,,5.957142857142857,2.2142857142857144,3.414285714285714,1575,Malin Head
1979,6,25.857142857142858,,,4.742857142857143,2.257142857142857,0.0,1575,Malin Head
1979,7,29.099999999999998,,,3.585714285714286,0.41428571428571426,0.7142857142857143,1575,Malin Head
1979,8,17.67142857142857,,,8.185714285714285,3.1142857142857143,1.0714285714285714,1575,Malin Head
1979,9,23.47142857142857,,,8.985714285714286,3.5285714285714285,3.142857142857143,1575,Malin Head
1979,10,24.3,,,8.571428571428571,2.2714285714285714,5.3428571428571425,1575,Malin Head
1979,11,24.514285714285712,,,5.871428571428572,2.314285714285714,0.8142857142857143,1575,Malin Head
1979,12,16.114285714285714,,,5.728571428571429,0.07142857142857142,3.8285714285714283,1575,Malin Head
1979,13,20.442857142857143,,,7.214285714285714,3.057142857142857,2.3285714285714287,1575,Malin Head
1979,14,16.157142857142855,,,6.914285714285714,2.185714285714286,0.7857142857142857,1575,Malin Head
1979,15,12.271428571428572,,,8.0,3.7142857142857144,2.6,1575,Malin Head
1979,16,13.457142857142857,,,11.171428571428573,5.714285714285714,1.7,1575,Malin Head
1979,17,18.585714285714285,,,10.057142857142859,5.628571428571428,1.0714285714285714,1575,Malin Head
1979,18,14.185714285714285,,,6.971428571428571,1.4142857142857144,2.2857142857142856,1575,Malin Head
1979,19,12.557142857142859,,,11.957142857142857,6.085714285714286,1.7428571428571427,1575,Malin Head
1979,20,15.114285714285716,,,11.071428571428571,5.285714285714286,3.1285714285714286,1575,Malin Head
1979,21,7.828571428571428,,,11.171428571428573,5.114285714285714,2.3714285714285714,1575,Malin Head
1979,22,11.928571428571429,,,14.814285714285715,8.271428571428572,2.9285714285714284,1575,Malin Head
1979,23,8.12857142857143,,,12.6,9.114285714285714,2.1999999999999997,1575,Malin Head
1979,24,11.299999999999999,,,14.314285714285715,9.642857142857142,3.2857142857142856,1575,Malin Head
1979,25,11.87142857142857,,,15.971428571428572,8.785714285714286,3.4285714285714284,1575,Malin Head
1979,26,16.685714285714287,,,14.171428571428573,8.528571428571428,0.8571428571428571,1575,Malin Head
1979,27,13.87142857142857,,,15.62857142857143,11.114285714285714,1.1428571428571428,1575,Malin Head
1979,28,10.828571428571427,,,16.685714285714287,10.642857142857142,0.5714285714285714,1575,Malin Head
1979,29,17.985714285714288,,,14.799999999999999,10.842857142857143,1.7142857142857142,1575,Malin Head
1979,30,9.985714285714286,,,17.842857142857145,12.700000000000001,4.485714285714286,1575,Malin Head
1979,31,13.157142857142857,,,15.614285714285714,10.814285714285715,2.457142857142857,1575,Malin Head
1979,32,12.214285714285714,,,16.257142857142856,11.328571428571427,2.314285714285714,1575,Malin Head
1979,33,15.757142857142856,,,15.557142857142859,11.1,2.742857142857143,1575,Malin Head
1979,34,16.04285714285714,,,14.6,10.085714285714285,5.285714285714286,1575,Malin Head
1979,35,11.071428571428571,,,17.52857142857143,10.185714285714285,3.4857142857142853,1575,Malin Head
1979,36,15.0,,,16.314285714285713,11.757142857142856,0.5714285714285714,1575,Malin Head
1979,37,19.32857142857143,,,15.228571428571428,10.0,1.8857142857142857,1575,Malin Head
1979,38,21.014285714285712,,,13.714285714285714,8.742857142857144,4.071428571428571,1575,Malin Head
1979,39,16.67142857142857,,,14.828571428571427,7.814285714285715,2.9571428571428577,1575,Malin Head
1979,40,16.285714285714285,,,14.642857142857142,10.171428571428573,3.757142857142857,1575,Malin Head
1979,41,16.257142857142856,,,15.614285714285714,11.171428571428573,1.1428571428571428,1575,Malin Head
1979,42,15.771428571428572,,,12.957142857142857,7.471428571428572,3.0714285714285716,1575,Malin Head
1979,43,16.557142857142857,,,11.714285714285714,6.928571428571429,3.9285714285714284,1575,Malin Head
1979,44,21.3,,,12.085714285714285,6.614285714285714,8.514285714285714,1575,Malin Head
1979,45,19.414285714285715,,,8.685714285714285,4.485714285714286,7.214285714285714,1575,Malin Head
1979,46,17.599999999999998,,,7.985714285714286,2.557142857142857,7.4,1575,Malin Head
1979,47,17.17142857142857,,,11.028571428571428,5.157142857142857,5.514285714285713,1575,Malin Head
1979,48,20.142857142857142,,,13.085714285714285,7.814285714285715,5.4,1575,Malin Head
1979,49,18.185714285714287,,,10.971428571428572,6.528571428571429,8.214285714285714,1575,Malin Head
1979,50,22.37142857142857,,,8.428571428571429,2.6714285714285713,2.3428571428571425,1575,Malin Head
1979,51,22.400000000000002,,,6.671428571428572,2.8,2.5142857142857147,1575,Malin Head
1979,52,18.357142857142858,,,6.628571428571428,2.1142857142857143,3.0142857142857147,1575,Malin Head
1980,1,18.0,,,7.528571428571429,3.1285714285714286,2.2285714285714286,1575,Malin Head
1980,2,15.0,,,7.228571428571429,1.7571428571428573,1.6857142857142857,1575,Malin Head
1980,3,15.328571428571427,,,4.8999999999999995,1.0571428571428572,1.9000000000000001,1575,Malin Head
1980,4,15.442857142857141,,,6.557142857142857,2.657142857142857,4.8,1575,Malin Head
1980,5,13.614285714285714,,,7.128571428571428,2.1142857142857143,2.585714285714286,1575,Malin Head
1980,6,16.314285714285713,,,7.442857142857143,3.185714285714286,4.542857142857143,1575,Malin Head
1980,7,16.314285714285713,,,10.485714285714286,5.871428571428572,2.642857142857143,1575,Malin Head
1980,8,10.757142857142856,,,8.457142857142857,3.1,1.9142857142857144,1575,Malin Head
1980,9,10.87142857142857,,,8.757142857142856,4.571428571428571,0.1285714285714286,1575,Malin Head
1980,10,13.442857142857141,,,8.514285714285714,3.3000000000000003,1.1285714285714286,1575,Malin Head
1980,11,14.214285714285714,,,7.628571428571428,2.442857142857143,6.385714285714286,1575,Malin Head
1980,12,22.599999999999998,,,4.728571428571429,0.3571428571428571,2.6571428571428575,1575,Malin Head
1980,13,13.299999999999999,,,8.885714285714284,3.314285714285714,1.8571428571428572,1575,Malin Head
1980,14,11.514285714285714,,,11.585714285714285,4.1,1.1714285714285713,1575,Malin Head
1980,15,14.700000000000001,,,11.6,5.457142857142857,0.5,1575,Malin Head
1980,16,16.142857142857142,,,10.057142857142859,5.6000000000000005,1.3,1575,Malin Head
1980,17,8.942857142857143,,,10.9,7.242857142857143,0.8,1575,Malin Head
1980,18,14.428571428571429,,,10.885714285714286,7.057142857142857,0.014285714285714287,1575,Malin Head
1980,19,14.857142857142858,,,13.071428571428571,6.685714285714285,0.19999999999999998,1575,Malin Head
1980,20,12.328571428571427,,,19.557142857142857,9.771428571428572,0.028571428571428574,1575,Malin Head
1980,21,12.242857142857144,,,12.342857142857143,8.542857142857143,1.3857142857142857,1575,Malin Head
1980,22,11.985714285714286,,,11.87142857142857,7.1571428571428575,1.2857142857142858,1575,Malin Head
1980,23,10.842857142857143,,,16.014285714285712,11.12857142857143,2.614285714285714,1575,Malin Head
1980,24,10.271428571428572,,,13.514285714285714,9.471428571428572,2.757142857142857,1575,Malin Head
1980,25,18.74285714285714,,,14.4,9.471428571428572,3.3714285714285714,1575,Malin Head
1980,26,9.914285714285715,,,14.314285714285715,10.085714285714285,1.4142857142857144,1575,Malin Head
1980,27,14.585714285714287,,,13.657142857142857,10.171428571428573,2.8857142857142857,1575,Malin Head
1980,28,13.857142857142858,,,14.242857142857144,10.828571428571427,1.5571428571428572,1575,Malin Head
1980,29,15.471428571428573,,,14.557142857142859,10.5,4.214285714285714,1575,Malin Head
1980,30,14.857142857142858,,,16.571428571428573,12.4,5.8,1575,Malin Head
1980,31,14.057142857142859,,,18.057142857142857,12.728571428571428,4.857142857142857,1575,Malin Head
1980,32,8.842857142857143,,,16.842857142857145,12.485714285714286,1.0285714285714285,1575,Malin Head
1980,33,14.414285714285715,,,18.32857142857143,12.642857142857142,3.9,1575,Malin Head
1980,34,17.285714285714285,,,15.171428571428573,10.971428571428572,3.985714285714286,1575,Malin Head
1980,35,9.257142857142856,,,17.685714285714287,11.528571428571428,1.9000000000000001,1575,Malin Head
1980,36,17.97142857142857,,,17.34285714285714,13.442857142857141,5.485714285714287,1575,Malin Head
1980,37,20.5,,,14.514285714285714,10.842857142857143,8.957142857142857,1575,Malin Head
1980,38,16.442857142857143,,,16.885714285714286,11.885714285714286,3.8000000000000003,1575,Malin Head
1980,39,15.828571428571427,,,15.342857142857143,9.571428571428571,2.6285714285714286,1575,Malin Head
1980,40,20.87142857142857,,,14.257142857142856,9.657142857142857,4.3428571428571425,1575,Malin Head
1980,41,21.74285714285714,,,11.085714285714285,6.285714285714286,7.285714285714286,1575,Malin Head
1980,42,20.071428571428573,,,10.37142857142857,5.385714285714286,1.8142857142857143,1575,Malin Head
1980,43,17.02857142857143,,,11.799999999999999,8.414285714285715,9.142857142857142,1575,Malin Head
1980,44,20.32857142857143,,,11.828571428571427,7.885714285714286,1.9142857142857144,1575,Malin Head
1980,45,19.728571428571428,,,8.685714285714285,4.871428571428572,0.21428571428571427,1575,Malin Head
1980,46,19.12857142857143,,,10.557142857142859,5.871428571428572,3.914285714285714,1575,Malin Head
1980,47,21.52857142857143,,,12.328571428571427,7.671428571428572,4.457142857142857,1575,Malin Head
1980,48,21.099999999999998,,,7.828571428571428,2.642857142857143,3.3857142857142857,1575,Malin Head
1980,49,21.82857142857143,,,8.642857142857142,4.271428571428571,1.5571428571428572,1575,Malin Head
1980,50,21.385714285714283,,,9.985714285714286,6.671428571428572,4.9,1575,Malin Head
1980,51,18.585714285714285,,,8.785714285714286,3.185714285714286,3.5285714285714285,1575,Malin Head
1980,52,19.24285714285714,,,9.6,4.628571428571428,5.242857142857143,1575,Malin Head
1981,1,29.271428571428572,,,9.057142857142857,5.457142857142856,6.271428571428572,1575,Malin Head
1981,2,19.157142857142855,,,8.714285714285714,3.9714285714285715,1.9428571428571428,1575,Malin Head
1981,3,25.657142857142855,,,7.985714285714287,1.3857142857142857,8.928571428571429,1575,Malin Head
1981,4,16.37142857142857,,,9.257142857142856,6.071428571428571,4.771428571428571,1575,Malin Head
1981,5,15.271428571428572,,,9.571428571428571,6.8,0.5714285714285714,1575,Malin Head
1981,6,23.185714285714287,,,9.342857142857143,4.871428571428572,5.557142857142857,1575,Malin Head
1981,7,14.728571428571428,,,6.828571428571428,1.5857142857142859,1.8285714285714285,1575,Malin Head
1981,8,16.242857142857144,,,5.871428571428572,0.5285714285714286,0.7857142857142857,1575,Malin Head
1981,9,24.714285714285715,,,5.7,2.0714285714285716,2.342857142857143,1575,Malin Head
1981,10,16.414285714285715,,,8.142857142857142,3.7285714285714286,4.257142857142857,1575,Malin Head
1981,11,13.857142857142858,,,10.657142857142857,6.3999999999999995,1.5714285714285714,1575,Malin Head
1981,12,18.185714285714287,,,7.1571428571428575,2.942857142857143,4.085714285714286,1575,Malin Head
1981,13,18.17142857142857,,,11.357142857142858,5.257142857142858,4.642857142857143,1575,Malin Head
1981,14,9.185714285714285,,,11.771428571428572,4.8999999999999995,0.0,1575,Malin Head
1981,15,12.12857142857143,,,11.914285714285715,5.728571428571429,0.6571428571428571,1575,Malin Head
1981,16,12.628571428571428,,,12.014285714285714,5.957142857142857,0.0,1575,Malin Head
1981,17,17.571428571428573,,,8.285714285714286,3.4857142857142853,2.5285714285714285,1575,Malin Head
1981,18,16.985714285714288,,,10.0,6.071428571428571,4.471428571428571,1575,Malin Head
1981,19,11.642857142857142,,,10.614285714285714,6.014285714285714,4.342857142857143,1575,Malin Head
1981,20,13.057142857142859,,,12.971428571428572,7.985714285714286,5.0,1575,Malin Head
1981,21,15.37142857142857,,,14.785714285714286,8.957142857142857,3.1,1575,Malin Head
1981,22,9.257142857142856,,,13.571428571428571,7.914285714285714,1.657142857142857,1575,Malin Head
1981,23,17.057142857142857,,,15.742857142857144,9.714285714285714,4.828571428571428,1575,Malin Head
1981,24,15.271428571428572,,,14.6,9.542857142857143,3.8000000000000003,1575,Malin Head
1981,25,16.571428571428573,,,13.328571428571427,9.714285714285714,1.7857142857142858,1575,Malin Head
1981,26,13.5,,,13.385714285714286,10.12857142857143,0.18571428571428572,1575,Malin Head
1981,27,15.271428571428572,,,15.085714285714285,10.442857142857141,3.385714285714286,1575,Malin Head
1981,28,12.142857142857142,,,16.47142857142857,10.528571428571428,1.9,1575,Malin Head
1981,29,15.557142857142859,,,15.37142857142857,11.471428571428572,2.2857142857142856,1575,Malin Head
1981,30,17.357142857142858,,,14.714285714285714,11.142857142857142,4.8428571428571425,1575,Malin Head
1981,31,12.042857142857143,,,15.971428571428573,10.842857142857143,0.4142857142857143,1575,Malin Head
1981,32,9.928571428571429,,,16.771428571428572,10.828571428571427,1.7857142857142858,1575,Malin Head
1981,33,10.914285714285715,,,16.557142857142857,11.385714285714286,2.8857142857142857,1575,Malin Head
1981,34,13.571428571428571,,,15.214285714285714,11.528571428571428,5.228571428571429,1575,Malin Head
1981,35,6.942857142857143,,,18.32857142857143,12.442857142857141,0.31428571428571433,1575,Malin Head
1981,36,12.571428571428571,,,18.242857142857144,11.485714285714286,1.342857142857143,1575,Malin Head
1981,37,14.314285714285715,,,17.6,9.728571428571428,1.8142857142857145,1575,Malin Head
1981,38,14.37142857142857,,,15.471428571428572,10.414285714285715,6.928571428571429,1575,Malin Head
1981,39,18.52857142857143,,,14.271428571428572,9.428571428571429,6.928571428571429,1575,Malin Head
1981,40,24.142857142857142,,,12.614285714285714,8.657142857142857,8.085714285714285,1575,Malin Head
1981,41,19.771428571428572,,,10.985714285714286,6.014285714285714,4.0285714285714285,1575,Malin Head
1981,42,15.457142857142856,,,10.0,4.3428571428571425,1.9428571428571428,1575,Malin Head
1981,43,17.9,,,10.071428571428571,6.028571428571429,4.214285714285714,1575,Malin Head
1981,44,20.74285714285714,,,10.471428571428572,5.7,6.742857142857143,1575,Malin Head
1981,45,14.714285714285714,,,11.928571428571429,7.028571428571428,0.7,1575,Malin Head
1981,46,19.75714285714286,,,10.614285714285714,7.271428571428571,3.185714285714286,1575,Malin Head
1981,47,21.47142857142857,,,10.200000000000001,5.457142857142857,5.114285714285715,1575,Malin Head
1981,48,24.25714285714286,,,9.828571428571427,4.328571428571428,4.242857142857143,1575,Malin Head
1981,49,18.02857142857143,,,9.714285714285714,6.585714285714286,4.085714285714286,1575,Malin Head
1981,50,12.700000000000001,,,4.142857142857143,-1.2857142857142858,4.614285714285714,1575,Malin Head
1981,51,14.985714285714286,,,4.628571428571428,-0.5714285714285714,0.8428571428571429,1575,Malin Head
1981,52,17.04285714285714,,,4.928571428571429,0.3857142857142858,1.8714285714285717,1575,Malin Head
1981,53,19.428571428571427,,,7.785714285714286,3.7714285714285714,5.485714285714286,1575,Malin Head
1982,1,19.942857142857143,,,3.914285714285714,-0.6142857142857141,3.8142857142857145,1575,Malin Head
1982,2,16.928571428571427,,,5.871428571428572,0.04285714285714289,0.028571428571428574,1575,Malin Head
1982,3,17.571428571428573,,,8.542857142857143,5.471428571428571,2.1,1575,Malin Head
1982,4,19.957142857142856,,,9.114285714285716,6.271428571428571,3.2142857142857144,1575,Malin Head
1982,5,21.214285714285715,,,8.942857142857143,4.7,2.5428571428571423,1575,Malin Head
1982,6,21.071428571428573,,,8.814285714285715,2.0142857142857142,2.3857142857142857,1575,Malin Head
1982,7,17.95714285714286,,,6.242857142857143,1.4142857142857144,1.0571428571428572,1575,Malin Head
1982,8,17.085714285714285,,,9.799999999999999,3.7714285714285714,3.0285714285714285,1575,Malin Head
1982,9,21.357142857142858,,,8.757142857142856,2.8285714285714283,4.642857142857143,1575,Malin Head
1982,10,23.057142857142857,,,7.114285714285714,1.6714285714285713,9.685714285714285,1575,Malin Head
1982,11,17.95714285714286,,,8.171428571428573,2.4285714285714284,3.7142857142857144,1575,Malin Head
1982,12,11.742857142857144,,,11.485714285714286,4.228571428571429,0.014285714285714287,1575,Malin Head
1982,13,14.557142857142859,,,10.314285714285715,5.142857142857143,0.4714285714285715,1575,Malin Head
1982,14,14.228571428571428,,,9.828571428571427,5.742857142857142,1.7142857142857142,1575,Malin Head
1982,15,8.485714285714286,,,10.728571428571428,4.414285714285714,0.014285714285714287,1575,Malin Head
1982,16,11.614285714285714,,,11.87142857142857,5.485714285714286,0.5142857142857143,1575,Malin Head
1982,17,19.62857142857143,,,10.485714285714286,6.128571428571428,2.6285714285714286,1575,Malin Head
1982,18,17.7,,,10.085714285714285,3.314285714285714,2.085714285714286,1575,Malin Head
1982,19,12.528571428571428,,,15.457142857142856,8.7,1.1714285714285715,1575,Malin Head
1982,20,9.1,,,14.457142857142857,7.528571428571429,4.428571428571429,1575,Malin Head
1982,21,16.942857142857143,,,16.185714285714287,8.842857142857143,1.9714285714285715,1575,Malin Head
1982,22,8.685714285714285,,,20.228571428571428,11.5,0.5,1575,Malin Head
1982,23,11.471428571428573,,,14.657142857142857,10.057142857142859,6.785714285714286,1575,Malin Head
1982,24,14.385714285714286,,,13.957142857142857,10.228571428571428,2.1142857142857143,1575,Malin Head
1982,25,17.071428571428573,,,13.37142857142857,10.028571428571428,3.814285714285714,1575,Malin Head
1982,26,15.771428571428572,,,16.32857142857143,10.757142857142856,1.7571428571428573,1575,Malin Head
1982,27,11.3,,,16.985714285714288,10.071428571428571,1.0714285714285714,1575,Malin Head
1982,28,10.785714285714286,,,16.285714285714285,12.242857142857144,0.9000000000000001,1575,Malin Head
1982,29,7.814285714285715,,,16.242857142857144,11.942857142857141,0.0,1575,Malin Head
1982,30,7.857142857142857,,,17.742857142857144,11.9,0.028571428571428574,1575,Malin Head
1982,31,9.457142857142857,,,17.3,13.428571428571429,1.0142857142857142,1575,Malin Head
1982,32,15.642857142857142,,,17.9,10.771428571428572,5.428571428571429,1575,Malin Head
1982,33,21.0,,,14.87142857142857,10.642857142857142,11.414285714285713,1575,Malin Head
1982,34,17.37142857142857,,,15.442857142857145,10.014285714285714,6.085714285714286,1575,Malin Head
1982,35,18.514285714285712,,,14.885714285714286,10.714285714285714,4.9142857142857155,1575,Malin Head
1982,36,19.842857142857145,,,16.2,10.542857142857143,1.6857142857142857,1575,Malin Head
1982,37,11.114285714285714,,,17.099999999999998,12.014285714285714,1.0857142857142856,1575,Malin Head
1982,38,16.485714285714288,,,13.471428571428572,6.857142857142857,6.242857142857143,1575,Malin Head
1982,39,18.47142857142857,,,14.085714285714285,7.814285714285715,3.6714285714285713,1575,Malin Head
1982,40,15.700000000000001,,,12.671428571428573,8.685714285714285,1.3714285714285717,1575,Malin Head
1982,41,18.599999999999998,,,12.457142857142857,7.228571428571429,5.614285714285714,1575,Malin Head
1982,42,17.257142857142856,,,11.9,6.371428571428572,2.5,1575,Malin Head
1982,43,22.485714285714288,,,13.37142857142857,8.1,2.3857142857142857,1575,Malin Head
1982,44,13.071428571428571,,,11.728571428571428,7.142857142857143,3.5285714285714285,1575,Malin Head
1982,45,23.271428571428572,,,10.528571428571428,5.957142857142857,5.814285714285715,1575,Malin Head
1982,46,28.728571428571428,,,10.257142857142856,4.785714285714286,5.628571428571428,1575,Malin Head
1982,47,18.02857142857143,,,7.328571428571428,3.1285714285714286,4.714285714285714,1575,Malin Head
1982,48,17.428571428571427,,,7.8999999999999995,3.1142857142857143,1.3,1575,Malin Head
1982,49,16.085714285714285,,,7.285714285714286,2.442857142857143,5.514285714285714,1575,Malin Head
1982,50,24.099999999999998,,,7.571428571428571,1.9142857142857144,7.285714285714286,1575,Malin Head
1982,51,20.74285714285714,,,8.5,4.157142857142857,3.357142857142857,1575,Malin Head
1982,52,20.12857142857143,,,9.028571428571428,3.957142857142857,4.185714285714286,1575,Malin Head
1983,1,25.87142857142857,,,8.985714285714286,4.071428571428571,4.6000000000000005,1575,Malin Head
1983,2,24.342857142857145,,,9.228571428571428,5.542857142857143,6.728571428571429,1575,Malin Head
1983,3,24.82857142857143,,,7.985714285714286,4.214285714285714,1.4142857142857144,1575,Malin Head
1983,4,24.400000000000002,,,9.37142857142857,4.442857142857142,5.857142857142857,1575,Malin Head
1983,5,26.485714285714288,,,7.357142857142857,0.35714285714285715,3.7714285714285714,1575,Malin Head
1983,6,19.457142857142856,,,6.442857142857143,2.4714285714285715,0.7142857142857143,1575,Malin Head
1983,7,13.6,,,6.1000000000000005,2.4714285714285715,0.028571428571428574,1575,Malin Head
1983,8,16.9,,,7.5857142857142845,2.914285714285714,2.028571428571429,1575,Malin Head
1983,9,18.400000000000002,,,9.614285714285714,5.214285714285714,0.5571428571428572,1575,Malin Head
1983,10,16.17142857142857,,,9.985714285714286,7.128571428571428,1.1857142857142857,1575,Malin Head
1983,11,15.942857142857141,,,9.799999999999999,5.257142857142857,5.628571428571428,1575,Malin Head
1983,12,22.87142857142857,,,7.557142857142857,2.5142857142857147,4.885714285714285,1575,Malin Head
1983,13,18.085714285714285,,,7.785714285714286,3.2285714285714286,3.9714285714285715,1575,Malin Head
1983,14,9.114285714285714,,,7.942857142857143,1.7571428571428573,0.7857142857142857,1575,Malin Head
1983,15,17.54285714285714,,,9.585714285714285,4.757142857142857,2.185714285714286,1575,Malin Head
1983,16,13.814285714285715,,,8.557142857142857,2.5285714285714285,3.0714285714285716,1575,Malin Head
1983,17,11.771428571428572,,,9.87142857142857,5.885714285714286,0.0,1575,Malin Head
1983,18,11.028571428571428,,,12.357142857142858,7.171428571428572,0.7571428571428571,1575,Malin Head
1983,19,15.471428571428572,,,11.314285714285715,5.642857142857143,4.857142857142857,1575,Malin Head
1983,20,13.457142857142857,,,10.714285714285714,7.385714285714286,1.0285714285714287,1575,Malin Head
1983,21,11.62857142857143,,,12.228571428571428,7.557142857142858,0.17142857142857143,1575,Malin Head
1983,22,11.971428571428572,,,12.6,8.985714285714286,3.957142857142857,1575,Malin Head
1983,23,15.771428571428572,,,14.914285714285715,9.542857142857143,0.6142857142857142,1575,Malin Head
1983,24,12.457142857142857,,,15.328571428571431,8.9,2.3000000000000003,1575,Malin Head
1983,25,11.299999999999999,,,14.914285714285715,10.271428571428572,0.0,1575,Malin Head
1983,26,17.085714285714285,,,14.728571428571428,10.885714285714286,1.8142857142857143,1575,Malin Head
1983,27,8.042857142857143,,,19.37142857142857,13.142857142857142,0.5571428571428572,1575,Malin Head
1983,28,7.471428571428571,,,17.728571428571428,11.757142857142856,0.04285714285714286,1575,Malin Head
1983,29,7.471428571428571,,,17.6,11.785714285714286,0.7857142857142857,1575,Malin Head
1983,30,12.642857142857142,,,17.87142857142857,13.257142857142856,0.7000000000000001,1575,Malin Head
1983,31,11.242857142857144,,,16.742857142857144,12.114285714285714,1.8714285714285714,1575,Malin Head
1983,32,8.614285714285714,,,18.02857142857143,12.114285714285714,0.04285714285714286,1575,Malin Head
1983,33,9.9,,,18.414285714285715,14.6,2.757142857142857,1575,Malin Head
1983,34,7.914285714285714,,,17.32857142857143,13.314285714285715,0.8571428571428571,1575,Malin Head
1983,35,18.657142857142855,,,18.228571428571428,11.528571428571428,1.957142857142857,1575,Malin Head
1983,36,20.071428571428573,,,14.671428571428573,9.157142857142857,2.8000000000000003,1575,Malin Head
1983,37,15.814285714285715,,,14.285714285714286,9.957142857142857,1.8571428571428572,1575,Malin Head
1983,38,17.02857142857143,,,15.214285714285714,8.285714285714286,2.757142857142857,1575,Malin Head
1983,39,17.5,,,16.67142857142857,13.1,0.8571428571428571,1575,Malin Head
1983,40,18.585714285714285,,,15.014285714285714,10.1,9.799999999999999,1575,Malin Head
1983,41,26.728571428571428,,,12.071428571428571,7.228571428571429,12.428571428571429,1575,Malin Head
1983,42,19.414285714285715,,,11.62857142857143,6.214285714285714,2.5714285714285716,1575,Malin Head
1983,43,20.685714285714287,,,11.414285714285715,6.200000000000001,1.4857142857142858,1575,Malin Head
1983,44,15.671428571428573,,,12.171428571428573,6.985714285714286,1.5714285714285714,1575,Malin Head
1983,45,16.7,,,12.757142857142856,9.528571428571428,0.0,1575,Malin Head
1983,46,15.200000000000001,,,10.0,6.728571428571429,0.7428571428571429,1575,Malin Head
1983,47,14.142857142857142,,,9.542857142857143,5.085714285714286,1.4285714285714286,1575,Malin Head
1983,48,21.542857142857144,,,11.314285714285715,8.471428571428572,0.5714285714285714,1575,Malin Head
1983,49,18.17142857142857,,,9.228571428571428,3.542857142857143,3.1,1575,Malin Head
1983,50,19.814285714285713,,,8.214285714285714,4.071428571428571,4.471428571428572,1575,Malin Head
1983,51,18.542857142857144,,,8.9,5.228571428571429,6.2,1575,Malin Head
1983,52,25.085714285714285,,,11.042857142857143,6.714285714285714,5.885714285714286,1575,Malin Head
1984,1,27.142857142857142,,,7.857142857142857,2.6142857142857143,4.957142857142857,1575,Malin Head
1984,2,26.514285714285712,,,8.714285714285714,1.8857142857142857,9.171428571428573,1575,Malin Head
1984,3,20.400000000000002,,,5.257142857142857,-0.014285714285714266,7.042857142857143,1575,Malin Head
1984,4,18.17142857142857,,,5.542857142857143,0.8428571428571427,3.4,1575,Malin Head
1984,5,21.557142857142857,,,7.814285714285715,2.457142857142857,7.6,1575,Malin Head
1984,6,20.614285714285717,,,8.785714285714286,3.857142857142857,2.771428571428572,1575,Malin Head
1984,7,17.514285714285712,,,8.057142857142857,3.3285714285714287,1.7428571428571427,1575,Malin Head
1984,8,15.171428571428573,,,6.985714285714286,3.542857142857143,3.6999999999999997,1575,Malin Head
1984,9,17.5,,,8.057142857142857,2.8000000000000003,2.0285714285714285,1575,Malin Head
1984,10,9.785714285714286,,,8.77142857142857,4.828571428571428,0.5142857142857143,1575,Malin Head
1984,11,14.114285714285714,,,6.514285714285714,1.157142857142857,1.1142857142857143,1575,Malin Head
1984,12,16.32857142857143,,,7.428571428571429,1.5999999999999999,2.1857142857142855,1575,Malin Head
1984,13,14.671428571428573,,,6.971428571428571,2.5285714285714285,0.32857142857142857,1575,Malin Head
1984,14,15.014285714285714,,,8.928571428571429,4.4,1.2,1575,Malin Head
1984,15,17.514285714285712,,,9.914285714285715,4.4714285714285715,2.057142857142857,1575,Malin Head
1984,16,15.157142857142857,,,11.428571428571429,5.7,1.9714285714285715,1575,Malin Head
1984,17,9.357142857142858,,,17.67142857142857,9.271428571428572,0.0,1575,Malin Head
1984,18,10.142857142857142,,,12.87142857142857,5.8428571428571425,0.37142857142857144,1575,Malin Head
1984,19,10.242857142857144,,,12.042857142857143,4.685714285714285,0.2571428571428572,1575,Malin Head
1984,20,8.742857142857142,,,11.200000000000001,5.485714285714286,2.3428571428571425,1575,Malin Head
1984,21,14.057142857142859,,,11.471428571428572,7.928571428571429,0.5142857142857143,1575,Malin Head
1984,22,13.571428571428571,,,13.799999999999999,7.571428571428571,1.4428571428571428,1575,Malin Head
1984,23,8.128571428571428,,,14.142857142857142,10.042857142857143,0.7714285714285714,1575,Malin Head
1984,24,9.857142857142858,,,14.928571428571429,11.414285714285715,3.4285714285714284,1575,Malin Head
1984,25,17.5,,,15.242857142857144,11.071428571428571,3.0,1575,Malin Head
1984,26,16.571428571428573,,,13.614285714285714,10.757142857142856,0.39999999999999997,1575,Malin Head
1984,27,8.171428571428573,,,16.7,10.457142857142857,0.6571428571428571,1575,Malin Head
1984,28,13.885714285714286,,,17.32857142857143,12.857142857142858,2.2,1575,Malin Head
1984,29,10.014285714285714,,,15.542857142857143,12.385714285714286,1.1285714285714286,1575,Malin Head
1984,30,11.4,,,17.25714285714286,13.085714285714285,2.2714285714285714,1575,Malin Head
1984,31,13.842857142857142,,,15.942857142857141,11.928571428571429,3.185714285714286,1575,Malin Head
1984,32,8.942857142857141,,,16.72857142857143,10.471428571428572,1.7285714285714289,1575,Malin Head
1984,33,7.742857142857143,,,18.942857142857143,11.514285714285714,1.2285714285714284,1575,Malin Head
1984,34,9.4,,,20.685714285714287,14.342857142857143,0.14285714285714285,1575,Malin Head
1984,35,14.528571428571428,,,17.942857142857143,13.4,7.7,1575,Malin Head
1984,36,16.4,,,15.328571428571427,11.271428571428572,1.4142857142857144,1575,Malin Head
1984,37,13.9,,,16.2,11.857142857142858,3.4142857142857146,1575,Malin Head
1984,38,21.67142857142857,,,13.87142857142857,8.514285714285714,5.542857142857144,1575,Malin Head
1984,39,12.714285714285714,,,14.471428571428572,8.628571428571428,1.8142857142857143,1575,Malin Head
1984,40,12.771428571428572,,,12.942857142857141,6.3428571428571425,1.6714285714285713,1575,Malin Head
1984,41,17.97142857142857,,,14.557142857142859,9.185714285714285,2.757142857142857,1575,Malin Head
1984,42,20.342857142857145,,,13.299999999999999,8.242857142857144,4.557142857142857,1575,Malin Head
1984,43,19.014285714285712,,,11.957142857142857,7.057142857142857,7.3,1575,Malin Head
1984,44,19.599999999999998,,,12.428571428571429,7.642857142857143,1.6857142857142857,1575,Malin Head
1984,45,15.842857142857143,,,10.014285714285714,5.942857142857143,2.8714285714285714,1575,Malin Head
1984,46,9.771428571428572,,,8.3,2.814285714285714,1.5142857142857142,1575,Malin Head
1984,47,18.785714285714285,,,9.457142857142857,5.1000000000000005,6.142857142857143,1575,Malin Head
1984,48,21.24285714285714,,,9.442857142857141,4.5285714285714285,4.714285714285714,1575,Malin Head
1984,49,17.37142857142857,,,9.814285714285715,5.585714285714286,3.757142857142857,1575,Malin Head
1984,50,16.385714285714286,,,9.071428571428571,6.285714285714286,2.414285714285714,1575,Malin Head
1984,51,21.385714285714283,,,9.314285714285715,4.328571428571428,6.3428571428571425,1575,Malin Head
1984,52,16.657142857142855,,,7.371428571428571,2.5142857142857147,1.9857142857142858,1575,Malin Head
1985,1,11.557142857142859,,,7.057142857142857,0.5857142857142856,0.24285714285714285,1575,Malin Head
1985,2,10.071428571428571,,,5.785714285714286,0.8142857142857143,0.6714285714285715,1575,Malin Head
1985,3,14.885714285714286,,,4.0285714285714285,-0.05714285714285713,4.242857142857143,1575,Malin Head
1985,4,19.47142857142857,,,4.785714285714286,0.028571428571428564,5.828571428571428,1575,Malin Head
1985,5,18.37142857142857,,,9.828571428571427,5.328571428571428,4.328571428571428,1575,Malin Head
1985,6,25.414285714285715,,,5.757142857142857,2.7714285714285714,2.942857142857143,1575,Malin Head
1985,7,20.62857142857143,,,3.0714285714285716,-1.0,0.0,1575,Malin Head
1985,8,18.87142857142857,,,8.885714285714286,3.914285714285714,1.7,1575,Malin Head
1985,9,16.985714285714288,,,9.228571428571428,4.057142857142857,2.8999999999999995,1575,Malin Head
1985,10,19.585714285714285,,,10.414285714285715,5.057142857142857,1.6857142857142855,1575,Malin Head
1985,11,16.67142857142857,,,7.285714285714286,1.9142857142857141,2.757142857142857,1575,Malin Head
1985,12,18.814285714285713,,,6.114285714285714,2.557142857142857,0.4,1575,Malin Head
1985,13,14.557142857142859,,,8.714285714285714,3.757142857142857,6.6571428571428575,1575,Malin Head
1985,14,16.685714285714287,,,12.700000000000001,6.542857142857143,3.8000000000000003,1575,Malin Head
1985,15,16.985714285714288,,,9.528571428571428,5.142857142857143,3.385714285714286,1575,Malin Head
1985,16,18.285714285714285,,,11.671428571428573,4.8999999999999995,0.9428571428571428,1575,Malin Head
1985,17,14.742857142857144,,,9.357142857142858,3.614285714285714,2.0142857142857147,1575,Malin Head
1985,18,14.242857142857144,,,9.528571428571428,6.514285714285714,1.4285714285714286,1575,Malin Head
1985,19,10.585714285714285,,,10.12857142857143,5.214285714285714,0.9857142857142858,1575,Malin Head
1985,20,13.942857142857141,,,12.799999999999999,9.271428571428572,0.8428571428571429,1575,Malin Head
1985,21,12.485714285714286,,,12.885714285714286,6.971428571428571,4.6000000000000005,1575,Malin Head
1985,22,10.642857142857142,,,14.928571428571429,7.128571428571428,1.1857142857142857,1575,Malin Head
1985,23,12.842857142857143,,,12.357142857142858,8.22857142857143,2.085714285714286,1575,Malin Head
1985,24,13.285714285714286,,,13.12857142857143,7.557142857142857,1.7714285714285716,1575,Malin Head
1985,25,13.914285714285715,,,15.185714285714285,9.728571428571428,2.5857142857142854,1575,Malin Head
1985,26,14.62857142857143,,,14.971428571428572,9.62857142857143,1.2285714285714284,1575,Malin Head
1985,27,10.328571428571427,,,17.057142857142857,11.671428571428573,3.8285714285714287,1575,Malin Head
1985,28,12.857142857142858,,,15.428571428571429,11.285714285714286,2.028571428571429,1575,Malin Head
1985,29,19.485714285714288,,,15.12857142857143,10.457142857142857,6.457142857142857,1575,Malin Head
1985,30,11.214285714285714,,,16.52857142857143,12.442857142857141,8.371428571428572,1575,Malin Head
1985,31,16.557142857142857,,,15.414285714285715,11.614285714285714,4.385714285714285,1575,Malin Head
1985,32,17.02857142857143,,,14.5,9.5,2.085714285714286,1575,Malin Head
1985,33,13.285714285714286,,,16.585714285714285,11.114285714285714,7.8428571428571425,1575,Malin Head
1985,34,17.585714285714285,,,15.542857142857143,11.585714285714285,6.8,1575,Malin Head
1985,35,17.085714285714285,,,15.385714285714286,10.414285714285715,7.414285714285714,1575,Malin Head
1985,36,10.842857142857143,,,14.214285714285714,9.657142857142857,9.842857142857143,1575,Malin Head
1985,37,18.17142857142857,,,16.442857142857143,11.414285714285715,2.5714285714285716,1575,Malin Head
1985,38,15.342857142857143,,,13.985714285714286,9.857142857142858,13.5,1575,Malin Head
1985,39,11.471428571428572,,,18.085714285714285,13.057142857142859,1.7142857142857142,1575,Malin Head
1985,40,21.599999999999998,,,16.54285714285714,12.057142857142859,3.3285714285714283,1575,Malin Head
1985,41,16.97142857142857,,,13.928571428571429,8.171428571428573,2.8285714285714287,1575,Malin Head
1985,42,8.057142857142857,,,14.314285714285715,8.72857142857143,0.0,1575,Malin Head
1985,43,12.514285714285714,,,12.471428571428572,7.114285714285714,0.0,1575,Malin Head
1985,44,14.671428571428573,,,9.985714285714286,4.4714285714285715,1.0142857142857142,1575,Malin Head
1985,45,24.842857142857145,,,9.9,4.928571428571429,5.042857142857144,1575,Malin Head
1985,46,16.914285714285715,,,8.22857142857143,3.314285714285714,1.842857142857143,1575,Malin Head
1985,47,14.442857142857141,,,7.942857142857143,4.385714285714285,0.41428571428571426,1575,Malin Head
1985,48,17.157142857142855,,,8.242857142857144,3.6857142857142855,3.5285714285714285,1575,Malin Head
1985,49,17.67142857142857,,,9.742857142857144,6.071428571428571,2.8285714285714287,1575,Malin Head
1985,50,17.45714285714286,,,10.514285714285714,5.714285714285714,0.9714285714285714,1575,Malin Head
1985,51,20.82857142857143,,,10.228571428571428,6.3999999999999995,6.185714285714286,1575,Malin Head
1985,52,17.95714285714286,,,5.514285714285714,1.9428571428571428,1.3571428571428572,1575,Malin Head
1986,1,19.599999999999998,,,6.885714285714286,1.7285714285714289,4.6571428571428575,1575,Malin Head
1986,2,25.614285714285717,,,7.357142857142857,3.3714285714285714,6.1571428571428575,1575,Malin Head
1986,3,22.942857142857143,,,8.27142857142857,3.6285714285714286,9.942857142857141,1575,Malin Head
1986,4,23.685714285714287,,,7.0857142857142845,2.414285714285714,3.9857142857142853,1575,Malin Head
1986,5,21.914285714285715,,,5.357142857142857,2.5,1.9285714285714286,1575,Malin Head
1986,6,18.685714285714287,,,4.2,1.2571428571428573,0.42857142857142855,1575,Malin Head
1986,7,25.12857142857143,,,4.271428571428571,0.9714285714285714,0.014285714285714287,1575,Malin Head
1986,8,14.62857142857143,,,4.285714285714286,-0.5000000000000001,0.9714285714285714,1575,Malin Head
1986,9,13.542857142857143,,,3.585714285714286,-1.3285714285714287,0.0,1575,Malin Head
1986,10,21.114285714285717,,,8.685714285714285,3.8000000000000003,3.642857142857143,1575,Malin Head
1986,11,19.62857142857143,,,10.414285714285715,5.614285714285714,2.1,1575,Malin Head
1986,12,24.857142857142858,,,9.157142857142857,2.2714285714285714,6.385714285714286,1575,Malin Head
1986,13,18.828571428571426,,,8.0,2.157142857142857,4.4714285714285715,1575,Malin Head
1986,14,11.785714285714286,,,7.714285714285714,2.0714285714285716,1.757142857142857,1575,Malin Head
1986,15,15.714285714285714,,,7.885714285714286,3.942857142857143,0.7999999999999999,1575,Malin Head
1986,16,22.3,,,7.971428571428571,2.642857142857143,4.871428571428572,1575,Malin Head
1986,17,10.728571428571428,,,9.285714285714286,3.814285714285714,0.9857142857142858,1575,Malin Head
1986,18,20.885714285714283,,,11.514285714285714,6.0,3.7142857142857144,1575,Malin Head
1986,19,16.97142857142857,,,11.857142857142858,7.428571428571429,3.6,1575,Malin Head
1986,20,17.62857142857143,,,11.857142857142858,6.071428571428571,2.6571428571428575,1575,Malin Head
1986,21,19.97142857142857,,,13.799999999999999,7.471428571428571,3.642857142857143,1575,Malin Head
1986,22,17.67142857142857,,,11.614285714285714,7.814285714285715,3.5714285714285716,1575,Malin Head
1986,23,14.228571428571428,,,12.085714285714285,8.2,1.7857142857142858,1575,Malin Head
1986,24,11.5,,,16.185714285714287,8.214285714285714,1.1999999999999997,1575,Malin Head
1986,25,14.885714285714286,,,14.4,10.314285714285715,1.1857142857142855,1575,Malin Head
1986,26,10.5,,,17.885714285714286,11.485714285714284,1.3,1575,Malin Head
1986,27,12.928571428571429,,,17.771428571428572,11.685714285714285,0.8714285714285716,1575,Malin Head
1986,28,9.37142857142857,,,15.328571428571431,11.614285714285714,1.342857142857143,1575,Malin Head
1986,29,17.17142857142857,,,16.97142857142857,12.085714285714285,2.1999999999999997,1575,Malin Head
1986,30,15.014285714285716,,,15.271428571428572,10.62857142857143,1.7,1575,Malin Head
1986,31,15.285714285714286,,,13.799999999999999,10.37142857142857,6.957142857142857,1575,Malin Head
1986,32,11.9,,,13.985714285714286,9.885714285714286,4.0285714285714285,1575,Malin Head
1986,33,12.957142857142857,,,15.442857142857141,10.957142857142857,4.2,1575,Malin Head
1986,34,11.200000000000001,,,13.700000000000001,10.414285714285715,0.37142857142857144,1575,Malin Head
1986,35,20.157142857142855,,,13.014285714285714,9.771428571428572,1.2571428571428573,1575,Malin Head
1986,36,17.057142857142857,,,14.12857142857143,10.485714285714286,2.4,1575,Malin Head
1986,37,11.457142857142857,,,12.257142857142856,7.2,0.09999999999999999,1575,Malin Head
1986,38,15.971428571428573,,,13.514285714285714,8.657142857142857,0.3857142857142857,1575,Malin Head
1986,39,13.428571428571429,,,14.785714285714286,10.028571428571428,1.2142857142857142,1575,Malin Head
1986,40,14.685714285714285,,,16.457142857142856,11.214285714285714,0.9428571428571428,1575,Malin Head
1986,41,17.7,,,15.657142857142857,10.0,0.4571428571428572,1575,Malin Head
1986,42,18.428571428571427,,,12.728571428571428,6.871428571428572,2.6,1575,Malin Head
1986,43,23.771428571428572,,,10.6,6.299999999999999,5.885714285714286,1575,Malin Head
1986,44,21.599999999999998,,,10.785714285714286,5.642857142857143,3.3,1575,Malin Head
1986,45,23.042857142857144,,,11.157142857142857,6.685714285714285,5.028571428571429,1575,Malin Head
1986,46,21.314285714285713,,,10.471428571428572,5.585714285714286,3.0285714285714285,1575,Malin Head
1986,47,21.914285714285715,,,7.8999999999999995,3.442857142857143,7.371428571428572,1575,Malin Head
1986,48,21.214285714285715,,,10.928571428571429,6.0857142857142845,3.9,1575,Malin Head
1986,49,22.271428571428572,,,10.528571428571428,5.185714285714286,11.014285714285716,1575,Malin Head
1986,50,18.428571428571427,,,7.914285714285714,2.1142857142857143,3.857142857142857,1575,Malin Head
1986,51,22.87142857142857,,,7.614285714285714,2.9857142857142853,8.22857142857143,1575,Malin Head
1986,52,20.02857142857143,,,8.6,5.085714285714286,2.5,1575,Malin Head
1987,1,17.04285714285714,,,8.928571428571429,4.185714285714285,7.8999999999999995,1575,Malin Head
1987,2,17.97142857142857,,,5.671428571428572,1.5,1.0571428571428572,1575,Malin Head
1987,3,23.657142857142855,,,3.8714285714285714,0.27142857142857146,1.6285714285714286,1575,Malin Head
1987,4,10.37142857142857,,,8.971428571428572,5.742857142857143,0.4857142857142857,1575,Malin Head
1987,5,10.714285714285714,,,5.957142857142857,0.4714285714285715,0.14285714285714285,1575,Malin Head
1987,6,18.257142857142856,,,10.042857142857143,5.271428571428571,2.6714285714285713,1575,Malin Head
1987,7,9.657142857142857,,,6.585714285714286,0.5571428571428572,4.957142857142857,1575,Malin Head
1987,8,10.200000000000001,,,6.914285714285714,2.442857142857143,0.31428571428571433,1575,Malin Head
1987,9,16.114285714285717,,,8.742857142857144,4.671428571428572,3.9,1575,Malin Head
1987,10,19.157142857142855,,,7.828571428571428,3.2142857142857144,2.7857142857142856,1575,Malin Head
1987,11,14.528571428571428,,,7.2,2.6285714285714286,0.6428571428571429,1575,Malin Head
1987,12,17.8,,,6.985714285714286,1.0714285714285716,4.628571428571428,1575,Malin Head
1987,13,20.585714285714285,,,8.285714285714286,2.8714285714285714,3.9714285714285715,1575,Malin Head
1987,14,19.114285714285717,,,8.27142857142857,4.914285714285714,1.842857142857143,1575,Malin Head
1987,15,15.314285714285715,,,8.871428571428572,3.642857142857143,1.7428571428571427,1575,Malin Head
1987,16,13.885714285714286,,,13.242857142857142,7.142857142857143,0.7285714285714285,1575,Malin Head
1987,17,10.914285714285715,,,14.085714285714285,7.628571428571428,0.17142857142857146,1575,Malin Head
1987,18,14.799999999999999,,,11.914285714285715,5.385714285714286,3.3,1575,Malin Head
1987,19,11.571428571428571,,,12.1,7.114285714285714,0.29999999999999993,1575,Malin Head
1987,20,18.04285714285714,,,10.757142857142856,6.7,2.871428571428571,1575,Malin Head
1987,21,11.914285714285715,,,11.757142857142856,7.685714285714286,0.07142857142857142,1575,Malin Head
1987,22,13.714285714285714,,,14.657142857142857,9.157142857142857,2.0714285714285716,1575,Malin Head
1987,23,15.071428571428571,,,12.5,9.5,6.228571428571429,1575,Malin Head
1987,24,14.157142857142857,,,11.442857142857141,7.3,0.7000000000000001,1575,Malin Head
1987,25,7.8999999999999995,,,13.385714285714286,7.528571428571429,1.0857142857142856,1575,Malin Head
1987,26,9.428571428571429,,,15.071428571428571,10.071428571428571,2.142857142857143,1575,Malin Head
1987,27,14.157142857142857,,,18.485714285714288,11.828571428571427,2.957142857142857,1575,Malin Head
1987,28,11.171428571428573,,,16.8,11.142857142857142,7.742857142857142,1575,Malin Head
1987,29,12.757142857142856,,,17.8,11.614285714285714,2.914285714285714,1575,Malin Head
1987,30,12.328571428571431,,,15.028571428571428,11.928571428571429,2.342857142857143,1575,Malin Head
1987,31,16.057142857142857,,,15.700000000000001,12.385714285714286,2.0714285714285716,1575,Malin Head
1987,32,12.9,,,14.471428571428572,10.857142857142858,0.6,1575,Malin Head
1987,33,15.3,,,18.17142857142857,13.185714285714285,5.499999999999999,1575,Malin Head
1987,34,9.085714285714285,,,18.642857142857142,12.257142857142856,3.5000000000000004,1575,Malin Head
1987,35,13.857142857142858,,,16.085714285714285,11.085714285714285,1.9571428571428573,1575,Malin Head
1987,36,16.7,,,17.6,11.114285714285714,1.4285714285714286,1575,Malin Head
1987,37,20.32857142857143,,,16.485714285714288,10.87142857142857,4.785714285714286,1575,Malin Head
1987,38,13.985714285714286,,,15.242857142857144,9.271428571428572,2.814285714285714,1575,Malin Head
1987,39,16.514285714285712,,,14.214285714285714,8.77142857142857,4.285714285714286,1575,Malin Head
1987,40,12.87142857142857,,,14.171428571428573,8.985714285714286,0.042857142857142864,1575,Malin Head
1987,41,17.314285714285713,,,11.914285714285715,6.114285714285714,6.714285714285714,1575,Malin Head
1987,42,16.45714285714286,,,11.814285714285715,6.0,4.885714285714286,1575,Malin Head
1987,43,17.257142857142856,,,10.971428571428572,5.442857142857143,10.828571428571427,1575,Malin Head
1987,44,11.257142857142856,,,11.5,6.685714285714285,1.3285714285714285,1575,Malin Head
1987,45,9.12857142857143,,,11.0,6.3999999999999995,0.8142857142857143,1575,Malin Head
1987,46,21.114285714285717,,,9.971428571428572,5.442857142857143,5.7,1575,Malin Head
1987,47,24.314285714285713,,,11.357142857142858,8.1,2.557142857142857,1575,Malin Head
1987,48,17.885714285714283,,,8.085714285714285,5.071428571428571,0.6285714285714287,1575,Malin Head
1987,49,17.142857142857142,,,8.414285714285715,5.1000000000000005,0.0,1575,Malin Head
1987,50,10.042857142857143,,,6.142857142857143,0.3428571428571429,0.0,1575,Malin Head
1987,51,17.228571428571428,,,9.885714285714286,6.071428571428571,3.085714285714286,1575,Malin Head
1987,52,20.02857142857143,,,11.071428571428571,7.7,2.5714285714285716,1575,Malin Head
1987,53,23.542857142857144,,,11.214285714285714,6.428571428571429,3.985714285714286,1575,Malin Head
1988,1,18.728571428571428,,,8.285714285714286,2.6,2.3857142857142857,1575,Malin Head
1988,2,19.314285714285713,,,8.314285714285715,3.957142857142857,2.442857142857143,1575,Malin Head
1988,3,17.17142857142857,,,6.742857142857143,1.5571428571428572,11.314285714285715,1575,Malin Head
1988,4,20.52857142857143,,,6.942857142857143,3.642857142857143,6.971428571428571,1575,Malin Head
1988,5,20.057142857142857,,,6.785714285714286,2.5285714285714285,6.428571428571429,1575,Malin Head
1988,6,24.17142857142857,,,7.857142857142857,2.1285714285714286,8.1,1575,Malin Head
1988,7,13.285714285714286,,,9.299999999999999,4.957142857142857,1.7285714285714284,1575,Malin Head
1988,8,19.67142857142857,,,8.357142857142858,4.571428571428571,0.8285714285714285,1575,Malin Head
1988,9,21.014285714285712,,,6.9142857142857155,2.914285714285714,2.5285714285714285,1575,Malin Head
1988,10,13.971428571428573,,,9.185714285714285,5.3428571428571425,5.542857142857143,1575,Malin Head
1988,11,14.87142857142857,,,9.971428571428572,4.428571428571429,3.6,1575,Malin Head
1988,12,21.24285714285714,,,10.614285714285714,5.2,3.9285714285714284,1575,Malin Head
1988,13,14.37142857142857,,,9.585714285714285,4.3428571428571425,3.757142857142857,1575,Malin Head
1988,14,11.057142857142859,,,9.771428571428572,4.671428571428572,0.4571428571428572,1575,Malin Head
1988,15,15.914285714285715,,,12.37142857142857,7.1571428571428575,1.7428571428571427,1575,Malin Head
1988,16,14.114285714285714,,,13.200000000000001,7.585714285714286,0.5428571428571429,1575,Malin Head
1988,17,15.271428571428572,,,10.1,5.357142857142857,1.0857142857142856,1575,Malin Head
1988,18,10.742857142857144,,,13.414285714285715,6.7,0.2285714285714286,1575,Malin Head
1988,19,14.285714285714286,,,15.657142857142857,9.542857142857143,0.08571428571428573,1575,Malin Head
1988,20,14.314285714285715,,,13.12857142857143,6.485714285714286,0.21428571428571427,1575,Malin Head
1988,21,16.642857142857142,,,14.728571428571428,7.571428571428571,2.585714285714286,1575,Malin Head
1988,22,12.342857142857143,,,14.214285714285714,9.171428571428573,2.085714285714286,1575,Malin Head
1988,23,9.814285714285715,,,14.314285714285715,9.299999999999999,3.085714285714286,1575,Malin Head
1988,24,5.742857142857143,,,14.328571428571427,10.4,0.0,1575,Malin Head
1988,25,12.4,,,15.828571428571427,11.942857142857141,0.4428571428571429,1575,Malin Head
1988,26,11.014285714285714,,,17.114285714285714,11.671428571428573,3.8428571428571425,1575,Malin Head
1988,27,15.114285714285714,,,15.714285714285714,11.442857142857141,7.328571428571428,1575,Malin Head
1988,28,16.414285714285715,,,15.657142857142858,11.071428571428571,3.1999999999999997,1575,Malin Head
1988,29,12.571428571428571,,,16.54285714285714,11.285714285714286,2.185714285714286,1575,Malin Head
1988,30,18.62857142857143,,,15.299999999999999,10.257142857142856,4.857142857142857,1575,Malin Head
1988,31,11.985714285714286,,,16.67142857142857,11.971428571428572,1.5285714285714285,1575,Malin Head
1988,32,15.642857142857142,,,17.6,12.042857142857143,6.642857142857143,1575,Malin Head
1988,33,14.185714285714285,,,16.214285714285715,11.714285714285714,3.8428571428571425,1575,Malin Head
1988,34,16.7,,,15.671428571428573,10.742857142857144,2.7285714285714286,1575,Malin Head
1988,35,22.02857142857143,,,15.471428571428572,10.771428571428572,9.242857142857144,1575,Malin Head
1988,36,14.200000000000001,,,17.12857142857143,11.742857142857144,4.057142857142857,1575,Malin Head
1988,37,16.428571428571427,,,13.942857142857141,10.971428571428572,0.7857142857142857,1575,Malin Head
1988,38,15.442857142857141,,,14.700000000000001,9.200000000000001,4.357142857142857,1575,Malin Head
1988,39,19.457142857142856,,,13.757142857142856,8.814285714285715,2.7142857142857144,1575,Malin Head
1988,40,22.685714285714287,,,12.657142857142857,8.042857142857143,7.2,1575,Malin Head
1988,41,11.671428571428573,,,13.571428571428571,7.528571428571429,0.7714285714285715,1575,Malin Head
1988,42,17.728571428571428,,,14.37142857142857,10.742857142857144,4.585714285714286,1575,Malin Head
1988,43,15.014285714285716,,,12.357142857142858,6.8,2.9571428571428577,1575,Malin Head
1988,44,10.657142857142857,,,10.4,3.9285714285714284,0.8857142857142858,1575,Malin Head
1988,45,19.342857142857145,,,11.542857142857143,7.042857142857143,2.257142857142857,1575,Malin Head
1988,46,13.485714285714286,,,10.828571428571427,6.171428571428572,1.1142857142857143,1575,Malin Head
1988,47,9.342857142857143,,,7.757142857142857,2.1714285714285713,0.9285714285714286,1575,Malin Head
1988,48,21.2,,,9.171428571428573,5.442857142857143,4.214285714285714,1575,Malin Head
1988,49,20.75714285714286,,,10.62857142857143,6.985714285714286,2.8857142857142857,1575,Malin Head
1988,50,15.471428571428572,,,10.485714285714286,8.22857142857143,2.7714285714285714,1575,Malin Head
1988,51,20.97142857142857,,,10.671428571428573,6.742857142857143,3.5714285714285716,1575,Malin Head
1988,52,20.74285714285714,,,11.757142857142856,8.142857142857142,0.7571428571428571,1575,Malin Head
1989,1,19.014285714285712,,,10.442857142857141,7.014285714285714,3.4857142857142853,1575,Malin Head
1989,2,25.728571428571428,,,9.87142857142857,4.314285714285715,4.457142857142857,1575,Malin Head
1989,3,20.942857142857143,,,10.028571428571428,5.114285714285714,1.5428571428571427,1575,Malin Head
1989,4,23.900000000000002,,,11.328571428571427,7.285714285714286,1.6857142857142857,1575,Malin Head
1989,5,21.685714285714287,,,10.814285714285715,6.271428571428571,3.2142857142857144,1575,Malin Head
1989,6,20.914285714285715,,,10.085714285714285,4.371428571428572,4.7,1575,Malin Head
1989,7,27.057142857142857,,,10.328571428571427,3.5,3.8285714285714287,1575,Malin Head
1989,8,19.142857142857142,,,7.014285714285714,1.3714285714285714,6.128571428571428,1575,Malin Head
1989,9,20.342857142857145,,,9.657142857142858,3.8000000000000003,2.685714285714286,1575,Malin Head
1989,10,21.185714285714287,,,10.214285714285714,3.7142857142857144,4.9142857142857155,1575,Malin Head
1989,11,17.642857142857142,,,8.72857142857143,2.6571428571428575,4.185714285714286,1575,Malin Head
1989,12,21.900000000000002,,,8.285714285714286,2.7142857142857144,8.785714285714286,1575,Malin Head
1989,13,17.62857142857143,,,11.242857142857144,5.414285714285714,4.957142857142857,1575,Malin Head
1989,14,16.87142857142857,,,7.414285714285714,4.1571428571428575,7.028571428571429,1575,Malin Head
1989,15,12.342857142857143,,,9.428571428571429,3.6714285714285713,2.8285714285714287,1575,Malin Head
1989,16,10.028571428571428,,,9.685714285714285,4.785714285714286,0.05714285714285715,1575,Malin Head
1989,17,14.342857142857143,,,9.414285714285715,3.6571428571428575,1.9142857142857144,1575,Malin Head
1989,18,11.62857142857143,,,14.085714285714285,6.8999999999999995,0.09999999999999999,1575,Malin Head
1989,19,14.742857142857142,,,11.728571428571428,5.585714285714286,2.457142857142857,1575,Malin Head
1989,20,15.342857142857143,,,17.385714285714283,8.357142857142858,0.8428571428571427,1575,Malin Head
1989,21,10.957142857142857,,,14.714285714285714,8.871428571428572,0.014285714285714287,1575,Malin Head
1989,22,13.228571428571428,,,11.1,6.871428571428572,1.6285714285714283,1575,Malin Head
1989,23,14.157142857142857,,,13.842857142857143,8.128571428571428,1.4857142857142858,1575,Malin Head
1989,24,8.385714285714286,,,18.385714285714283,10.057142857142859,0.1,1575,Malin Head
1989,25,13.585714285714285,,,16.12857142857143,11.142857142857142,1.3571428571428572,1575,Malin Head
1989,26,12.157142857142857,,,14.242857142857144,10.085714285714285,3.142857142857143,1575,Malin Head
1989,27,8.285714285714286,,,16.9,12.1,1.4285714285714286,1575,Malin Head
1989,28,14.228571428571428,,,15.842857142857143,11.857142857142858,1.0,1575,Malin Head
1989,29,6.457142857142856,,,19.228571428571428,13.085714285714285,0.2571428571428572,1575,Malin Head
1989,30,15.971428571428572,,,19.285714285714285,13.200000000000001,5.185714285714285,1575,Malin Head
1989,31,11.228571428571428,,,17.914285714285715,12.957142857142857,1.7571428571428573,1575,Malin Head
1989,32,16.657142857142855,,,17.642857142857142,11.914285714285715,6.8428571428571425,1575,Malin Head
1989,33,20.900000000000002,,,17.214285714285715,11.314285714285715,6.928571428571429,1575,Malin Head
1989,34,18.885714285714283,,,15.62857142857143,12.157142857142857,3.4714285714285715,1575,Malin Head
1989,35,14.528571428571428,,,16.45714285714286,10.671428571428573,0.8857142857142858,1575,Malin Head
1989,36,12.571428571428571,,,14.62857142857143,11.171428571428573,1.0571428571428572,1575,Malin Head
1989,37,14.385714285714286,,,15.885714285714286,9.614285714285714,1.457142857142857,1575,Malin Head
1989,38,17.485714285714288,,,17.057142857142857,11.185714285714285,3.1571428571428575,1575,Malin Head
1989,39,13.214285714285714,,,14.042857142857143,9.342857142857143,0.5714285714285714,1575,Malin Head
1989,40,16.62857142857143,,,13.228571428571428,10.62857142857143,4.228571428571429,1575,Malin Head
1989,41,18.257142857142856,,,13.357142857142858,9.985714285714284,3.042857142857143,1575,Malin Head
1989,42,16.6,,,14.1,9.457142857142857,2.957142857142857,1575,Malin Head
1989,43,19.228571428571428,,,12.671428571428573,7.742857142857143,13.828571428571427,1575,Malin Head
1989,44,21.74285714285714,,,11.385714285714286,6.628571428571428,7.085714285714286,1575,Malin Head
1989,45,14.385714285714284,,,9.214285714285714,5.1571428571428575,2.3428571428571425,1575,Malin Head
1989,46,14.028571428571428,,,11.414285714285715,8.414285714285715,0.38571428571428573,1575,Malin Head
1989,47,14.12857142857143,,,9.228571428571428,5.142857142857143,2.1,1575,Malin Head
1989,48,9.299999999999999,,,7.8999999999999995,3.542857142857143,0.0,1575,Malin Head
1989,49,6.514285714285714,,,7.214285714285714,1.957142857142857,0.4,1575,Malin Head
1989,50,20.957142857142856,,,7.3428571428571425,4.171428571428572,4.085714285714285,1575,Malin Head
1989,51,18.342857142857145,,,8.485714285714286,4.428571428571429,1.5714285714285714,1575,Malin Head
1989,52,16.885714285714286,,,7.385714285714286,3.5714285714285716,0.5285714285714286,1575,Malin Head
1990,1,14.1,,,8.714285714285714,3.9,1.0857142857142856,1575,Malin Head
1990,2,20.342857142857145,,,9.985714285714286,5.714285714285714,2.9857142857142853,1575,Malin Head
1990,3,24.657142857142855,,,9.700000000000001,5.385714285714286,5.214285714285714,1575,Malin Head
1990,4,23.714285714285715,,,6.442857142857143,2.1285714285714286,10.971428571428572,1575,Malin Head
1990,5,27.5,,,8.571428571428571,3.6285714285714286,6.6000000000000005,1575,Malin Head
1990,6,23.542857142857144,,,8.814285714285715,3.457142857142857,6.528571428571428,1575,Malin Head
1990,7,21.385714285714283,,,7.485714285714286,2.157142857142857,6.228571428571429,1575,Malin Head
1990,8,24.0,,,10.842857142857143,5.714285714285714,7.785714285714286,1575,Malin Head
1990,9,29.3,,,7.828571428571428,2.7714285714285714,5.242857142857143,1575,Malin Head
1990,10,26.857142857142858,,,10.085714285714285,6.371428571428572,4.114285714285714,1575,Malin Head
1990,11,21.47142857142857,,,12.542857142857143,8.171428571428573,2.8857142857142857,1575,Malin Head
1990,12,27.414285714285715,,,9.714285714285714,5.171428571428572,1.7571428571428573,1575,Malin Head
1990,13,12.314285714285715,,,11.028571428571428,6.8,1.4142857142857144,1575,Malin Head
1990,14,13.914285714285713,,,8.885714285714286,2.8428571428571425,1.5571428571428572,1575,Malin Head
1990,15,20.12857142857143,,,10.1,5.271428571428571,3.642857142857143,1575,Malin Head
1990,16,17.557142857142857,,,9.528571428571428,4.514285714285714,1.9,1575,Malin Head
1990,17,12.62857142857143,,,11.742857142857144,6.742857142857143,1.4428571428571428,1575,Malin Head
1990,18,10.042857142857143,,,16.257142857142856,9.771428571428572,0.2714285714285714,1575,Malin Head
1990,19,10.685714285714285,,,11.62857142857143,7.042857142857143,1.6142857142857143,1575,Malin Head
1990,20,12.928571428571429,,,13.157142857142857,8.328571428571427,1.4428571428571428,1575,Malin Head
1990,21,10.62857142857143,,,13.185714285714285,7.957142857142857,0.014285714285714287,1575,Malin Head
1990,22,14.814285714285715,,,15.185714285714285,11.042857142857143,1.9142857142857141,1575,Malin Head
1990,23,18.385714285714283,,,13.428571428571429,9.37142857142857,5.428571428571429,1575,Malin Head
1990,24,9.957142857142857,,,16.314285714285713,10.542857142857143,0.08571428571428572,1575,Malin Head
1990,25,12.857142857142858,,,15.457142857142856,9.771428571428572,4.985714285714286,1575,Malin Head
1990,26,14.028571428571428,,,14.657142857142857,10.285714285714286,5.0,1575,Malin Head
1990,27,18.114285714285714,,,14.828571428571427,11.057142857142859,5.5,1575,Malin Head
1990,28,16.271428571428572,,,16.67142857142857,12.5,1.3,1575,Malin Head
1990,29,8.485714285714286,,,18.400000000000002,12.471428571428572,0.17142857142857146,1575,Malin Head
1990,30,13.357142857142858,,,20.37142857142857,13.985714285714286,0.35714285714285715,1575,Malin Head
1990,31,15.828571428571427,,,19.214285714285715,13.557142857142859,1.4142857142857144,1575,Malin Head
1990,32,16.02857142857143,,,17.0,13.114285714285714,3.242857142857143,1575,Malin Head
1990,33,14.485714285714284,,,15.799999999999999,10.885714285714286,5.257142857142857,1575,Malin Head
1990,34,8.957142857142857,,,18.400000000000002,13.685714285714285,0.8,1575,Malin Head
1990,35,15.757142857142858,,,17.571428571428573,12.1,3.2142857142857144,1575,Malin Head
1990,36,18.47142857142857,,,15.114285714285716,11.028571428571428,1.5857142857142856,1575,Malin Head
1990,37,9.885714285714286,,,15.271428571428572,8.814285714285715,0.5714285714285714,1575,Malin Head
1990,38,23.599999999999998,,,13.37142857142857,8.971428571428572,5.985714285714286,1575,Malin Head
1990,39,14.085714285714285,,,13.87142857142857,9.771428571428572,1.2,1575,Malin Head
1990,40,20.357142857142858,,,13.342857142857143,8.957142857142857,11.771428571428572,1575,Malin Head
1990,41,21.614285714285717,,,15.114285714285714,10.685714285714285,2.5,1575,Malin Head
1990,42,17.842857142857145,,,13.057142857142859,9.6,7.8,1575,Malin Head
1990,43,17.771428571428572,,,12.242857142857144,8.185714285714285,8.542857142857143,1575,Malin Head
1990,44,21.785714285714285,,,9.814285714285715,6.285714285714286,6.042857142857143,1575,Malin Head
1990,45,11.614285714285714,,,10.485714285714286,6.757142857142857,0.5857142857142856,1575,Malin Head
1990,46,20.957142857142856,,,12.542857142857143,8.9,2.8857142857142857,1575,Malin Head
1990,47,20.214285714285715,,,8.1,4.428571428571429,5.285714285714286,1575,Malin Head
1990,48,10.457142857142856,,,8.72857142857143,3.942857142857143,0.2571428571428572,1575,Malin Head
1990,49,21.071428571428573,,,8.328571428571427,4.285714285714286,4.157142857142857,1575,Malin Head
1990,50,12.157142857142857,,,7.928571428571429,2.842857142857143,0.5285714285714286,1575,Malin Head
1990,51,16.571428571428573,,,9.057142857142857,4.8,3.585714285714286,1575,Malin Head
1990,52,28.47142857142857,,,6.871428571428572,1.7714285714285716,10.085714285714285,1575,Malin Head
1991,1,27.971428571428568,,,7.700000000000001,1.5285714285714285,9.057142857142857,1575,Malin Head
1991,2,18.228571428571428,,,5.114285714285714,0.6571428571428571,4.442857142857143,1575,Malin Head
1991,3,22.02857142857143,,,7.3,2.9714285714285715,1.2857142857142858,1575,Malin Head
1991,4,10.0,,,7.471428571428571,3.585714285714286,0.8142857142857143,1575,Malin Head
1991,5,14.342857142857143,,,5.542857142857143,0.8285714285714286,1.1714285714285713,1575,Malin Head
1991,6,17.657142857142855,,,4.057142857142857,0.6428571428571429,0.8571428571428571,1575,Malin Head
1991,7,9.585714285714285,,,7.2,2.442857142857143,2.2,1575,Malin Head
1991,8,15.585714285714285,,,8.314285714285715,2.942857142857143,1.657142857142857,1575,Malin Head
1991,9,15.271428571428572,,,7.471428571428571,2.857142857142857,2.357142857142857,1575,Malin Head
1991,10,12.071428571428571,,,8.685714285714285,5.542857142857143,2.2142857142857144,1575,Malin Head
1991,11,11.0,,,11.385714285714286,6.8999999999999995,2.9,1575,Malin Head
1991,12,15.514285714285714,,,10.028571428571428,5.3428571428571425,3.142857142857143,1575,Malin Head
1991,13,12.971428571428572,,,10.6,5.442857142857143,0.11428571428571428,1575,Malin Head
1991,14,22.885714285714283,,,10.342857142857143,5.357142857142857,7.042857142857143,1575,Malin Head
1991,15,16.12857142857143,,,10.814285714285715,6.757142857142857,2.6,1575,Malin Head
1991,16,17.914285714285715,,,8.72857142857143,4.914285714285714,1.157142857142857,1575,Malin Head
1991,17,14.671428571428573,,,11.7,5.314285714285715,2.3285714285714287,1575,Malin Head
1991,18,18.74285714285714,,,10.057142857142859,7.642857142857143,3.6571428571428575,1575,Malin Head
1991,19,11.657142857142858,,,11.957142857142857,5.971428571428571,1.2428571428571427,1575,Malin Head
1991,20,14.514285714285714,,,11.957142857142857,8.185714285714285,1.0,1575,Malin Head
1991,21,13.299999999999999,,,12.6,9.557142857142859,0.08571428571428572,1575,Malin Head
1991,22,8.871428571428572,,,13.042857142857143,8.8,0.05714285714285715,1575,Malin Head
1991,23,12.985714285714286,,,12.157142857142857,6.1571428571428575,4.085714285714286,1575,Malin Head
1991,24,17.057142857142857,,,13.142857142857142,9.1,4.785714285714286,1575,Malin Head
1991,25,10.614285714285714,,,13.657142857142857,8.285714285714286,3.914285714285714,1575,Malin Head
1991,26,8.871428571428572,,,15.857142857142858,10.042857142857143,2.0142857142857142,1575,Malin Head
1991,27,10.014285714285714,,,18.12857142857143,12.6,2.6714285714285713,1575,Malin Head
1991,28,16.8,,,16.6,12.5,3.5285714285714285,1575,Malin Head
1991,29,10.842857142857143,,,16.3,12.614285714285714,1.957142857142857,1575,Malin Head
1991,30,10.657142857142857,,,18.12857142857143,13.62857142857143,3.8,1575,Malin Head
1991,31,11.714285714285714,,,18.87142857142857,13.557142857142859,2.942857142857143,1575,Malin Head
1991,32,13.314285714285713,,,17.0,13.328571428571427,4.428571428571429,1575,Malin Head
1991,33,16.357142857142858,,,16.4,12.228571428571428,1.457142857142857,1575,Malin Head
1991,34,12.914285714285715,,,18.47142857142857,12.657142857142857,1.8142857142857143,1575,Malin Head
1991,35,6.642857142857143,,,18.7,13.428571428571429,0.41428571428571426,1575,Malin Head
1991,36,4.914285714285714,,,16.542857142857144,12.200000000000001,0.0,1575,Malin Head
1991,37,14.185714285714285,,,17.057142857142857,10.728571428571428,2.7857142857142856,1575,Malin Head
1991,38,22.728571428571428,,,16.142857142857142,11.257142857142856,4.814285714285715,1575,Malin Head
1991,39,16.54285714285714,,,13.728571428571428,8.328571428571427,2.871428571428571,1575,Malin Head
1991,40,24.085714285714285,,,13.242857142857144,7.942857142857143,6.5,1575,Malin Head
1991,41,14.87142857142857,,,13.714285714285714,10.028571428571428,0.042857142857142864,1575,Malin Head
1991,42,23.914285714285715,,,11.200000000000001,6.857142857142857,4.171428571428572,1575,Malin Head
1991,43,7.228571428571428,,,10.828571428571427,8.128571428571428,0.3,1575,Malin Head
1991,44,18.271428571428572,,,11.028571428571428,6.814285714285715,8.671428571428573,1575,Malin Head
1991,45,23.057142857142857,,,9.942857142857141,5.771428571428571,9.0,1575,Malin Head
1991,46,16.814285714285713,,,7.357142857142857,2.142857142857143,6.028571428571428,1575,Malin Head
1991,47,21.014285714285712,,,10.4,7.385714285714286,1.7714285714285716,1575,Malin Head
1991,48,18.814285714285713,,,10.671428571428573,5.8999999999999995,0.9428571428571428,1575,Malin Head
1991,49,10.714285714285714,,,8.242857142857144,5.3999999999999995,0.0,1575,Malin Head
1991,50,13.942857142857141,,,8.257142857142856,4.5,0.0,1575,Malin Head
1991,51,25.400000000000002,,,10.37142857142857,3.857142857142857,13.171428571428569,1575,Malin Head
1991,52,15.314285714285715,,,9.085714285714285,5.757142857142857,2.6714285714285713,1575,Malin Head
1992,1,22.47142857142857,,,10.042857142857143,6.571428571428571,7.828571428571428,1575,Malin Head
1992,2,16.614285714285714,,,8.414285714285715,4.1571428571428575,6.457142857142856,1575,Malin Head
1992,3,8.585714285714285,,,8.5,5.971428571428571,0.38571428571428573,1575,Malin Head
1992,4,17.4,,,7.614285714285714,3.185714285714286,1.8142857142857143,1575,Malin Head
1992,5,11.87142857142857,,,7.5,3.4285714285714284,0.8571428571428571,1575,Malin Head
1992,6,20.585714285714285,,,9.571428571428571,7.1571428571428575,3.6142857142857143,1575,Malin Head
1992,7,20.042857142857144,,,8.0,3.585714285714286,3.0,1575,Malin Head
1992,8,19.442857142857143,,,8.785714285714286,3.585714285714286,3.1,1575,Malin Head
1992,9,20.114285714285717,,,9.514285714285714,3.414285714285714,2.9,1575,Malin Head
1992,10,18.97142857142857,,,11.314285714285715,5.985714285714286,3.2,1575,Malin Head
1992,11,22.557142857142857,,,8.585714285714285,3.8142857142857145,8.757142857142856,1575,Malin Head
1992,12,19.47142857142857,,,10.971428571428572,6.628571428571428,3.542857142857143,1575,Malin Head
1992,13,21.257142857142856,,,9.085714285714285,4.828571428571428,2.5285714285714285,1575,Malin Head
1992,14,19.728571428571428,,,7.857142857142857,4.671428571428572,4.1,1575,Malin Head
1992,15,14.285714285714286,,,11.857142857142858,7.328571428571429,3.857142857142857,1575,Malin Head
1992,16,16.928571428571427,,,9.914285714285715,5.928571428571429,2.5285714285714285,1575,Malin Head
1992,17,17.257142857142856,,,11.542857142857143,6.314285714285714,2.957142857142857,1575,Malin Head
1992,18,18.557142857142857,,,10.557142857142859,6.6571428571428575,4.428571428571429,1575,Malin Head
1992,19,17.228571428571428,,,10.757142857142856,5.728571428571429,3.2285714285714286,1575,Malin Head
1992,20,17.385714285714286,,,15.4,7.542857142857143,1.3857142857142857,1575,Malin Head
1992,21,11.9,,,14.928571428571429,9.685714285714285,0.2714285714285714,1575,Malin Head
1992,22,15.471428571428572,,,16.87142857142857,11.528571428571428,0.9571428571428572,1575,Malin Head
1992,23,9.714285714285714,,,14.37142857142857,10.014285714285714,2.971428571428571,1575,Malin Head
1992,24,10.857142857142858,,,17.814285714285713,11.028571428571428,0.6285714285714287,1575,Malin Head
1992,25,14.185714285714285,,,14.471428571428572,11.742857142857144,0.07142857142857142,1575,Malin Head
1992,26,11.414285714285715,,,15.0,11.257142857142856,2.542857142857143,1575,Malin Head
1992,27,12.642857142857142,,,14.228571428571428,11.471428571428572,2.5571428571428574,1575,Malin Head
1992,28,9.257142857142856,,,16.071428571428573,11.299999999999999,2.085714285714286,1575,Malin Head
1992,29,14.299999999999999,,,18.8,12.857142857142858,4.257142857142857,1575,Malin Head
1992,30,15.142857142857142,,,17.485714285714288,11.728571428571428,2.7714285714285714,1575,Malin Head
1992,31,15.071428571428571,,,17.185714285714287,11.214285714285714,2.814285714285714,1575,Malin Head
1992,32,13.471428571428572,,,15.442857142857141,11.771428571428572,2.757142857142857,1575,Malin Head
1992,33,13.357142857142858,,,16.1,10.485714285714286,4.2,1575,Malin Head
1992,34,14.171428571428573,,,16.257142857142856,9.671428571428573,6.642857142857143,1575,Malin Head
1992,35,16.942857142857143,,,15.142857142857142,10.114285714285714,9.328571428571427,1575,Malin Head
1992,36,20.271428571428572,,,14.257142857142856,9.200000000000001,2.7857142857142856,1575,Malin Head
1992,37,23.785714285714285,,,14.114285714285714,9.928571428571429,6.6000000000000005,1575,Malin Head
1992,38,11.77142857142857,,,15.085714285714285,9.571428571428571,1.1142857142857143,1575,Malin Head
1992,39,7.185714285714285,,,12.87142857142857,7.871428571428571,2.1142857142857143,1575,Malin Head
1992,40,10.357142857142858,,,14.114285714285714,9.242857142857144,2.214285714285714,1575,Malin Head
1992,41,11.985714285714286,,,12.528571428571428,9.542857142857143,0.08571428571428573,1575,Malin Head
1992,42,17.485714285714288,,,10.171428571428573,6.357142857142857,4.342857142857143,1575,Malin Head
1992,43,19.400000000000002,,,9.514285714285714,5.571428571428571,4.185714285714286,1575,Malin Head
1992,44,16.714285714285715,,,9.128571428571428,3.942857142857143,5.628571428571428,1575,Malin Head
1992,45,17.6,,,12.071428571428571,7.014285714285714,4.114285714285715,1575,Malin Head
1992,46,18.771428571428572,,,8.542857142857143,4.371428571428572,4.242857142857143,1575,Malin Head
1992,47,20.599999999999998,,,9.557142857142859,4.642857142857143,6.957142857142857,1575,Malin Head
1992,48,22.342857142857145,,,9.9,4.414285714285714,6.671428571428572,1575,Malin Head
1992,49,18.114285714285714,,,7.885714285714286,3.0285714285714285,7.814285714285715,1575,Malin Head
1992,50,16.914285714285715,,,9.299999999999999,5.642857142857143,3.0142857142857147,1575,Malin Head
1992,51,19.542857142857144,,,7.557142857142857,2.7714285714285714,6.085714285714286,1575,Malin Head
1992,52,13.385714285714286,,,7.371428571428572,3.085714285714286,0.4428571428571429,1575,Malin Head
1992,53,20.642857142857142,,,7.257142857142857,2.857142857142857,1.2857142857142858,1575,Malin Head
1993,1,25.642857142857142,,,8.571428571428571,3.185714285714286,4.585714285714286,1575,Malin Head
1993,2,30.985714285714288,,,8.828571428571427,1.5285714285714285,6.7,1575,Malin Head
1993,3,29.857142857142858,,,9.557142857142859,3.085714285714286,7.228571428571429,1575,Malin Head
1993,4,13.314285714285715,,,8.671428571428573,4.4,3.3857142857142857,1575,Malin Head
1993,5,17.842857142857145,,,9.471428571428572,6.8999999999999995,0.6714285714285715,1575,Malin Head
1993,6,14.171428571428573,,,9.085714285714285,6.0,1.3142857142857143,1575,Malin Head
1993,7,19.842857142857145,,,8.8,6.185714285714285,1.157142857142857,1575,Malin Head
1993,8,18.842857142857145,,,7.614285714285714,4.242857142857143,1.6428571428571428,1575,Malin Head
1993,9,13.742857142857144,,,7.628571428571429,2.7285714285714286,0.37142857142857144,1575,Malin Head
1993,10,15.071428571428571,,,11.414285714285715,6.585714285714286,1.157142857142857,1575,Malin Head
1993,11,22.414285714285715,,,10.314285714285715,5.671428571428572,3.0714285714285716,1575,Malin Head
1993,12,15.87142857142857,,,8.857142857142858,2.6999999999999997,2.4,1575,Malin Head
1993,13,17.54285714285714,,,9.957142857142857,4.242857142857143,6.885714285714286,1575,Malin Head
1993,14,15.028571428571428,,,10.228571428571428,6.385714285714285,5.814285714285714,1575,Malin Head
1993,15,11.657142857142857,,,10.728571428571428,6.414285714285714,4.971428571428572,1575,Malin Head
1993,16,13.314285714285715,,,12.414285714285715,7.3428571428571425,2.157142857142857,1575,Malin Head
1993,17,7.785714285714286,,,10.385714285714286,6.9,0.17142857142857143,1575,Malin Head
1993,18,7.371428571428572,,,11.257142857142856,7.428571428571429,0.2857142857142857,1575,Malin Head
1993,19,18.400000000000002,,,10.842857142857143,6.328571428571429,3.4714285714285715,1575,Malin Head
1993,20,13.114285714285714,,,13.12857142857143,7.414285714285714,1.2,1575,Malin Head
1993,21,18.085714285714285,,,12.757142857142856,9.014285714285714,2.1857142857142855,1575,Malin Head
1993,22,11.542857142857143,,,14.828571428571427,9.4,1.3142857142857143,1575,Malin Head
1993,23,9.342857142857143,,,14.299999999999999,11.200000000000001,3.8,1575,Malin Head
1993,24,12.114285714285714,,,14.442857142857141,10.4,2.814285714285714,1575,Malin Head
1993,25,13.214285714285714,,,14.328571428571427,10.071428571428571,1.2142857142857142,1575,Malin Head
1993,26,12.985714285714286,,,16.3,11.857142857142858,2.142857142857143,1575,Malin Head
1993,27,19.228571428571428,,,14.057142857142859,10.114285714285714,2.957142857142857,1575,Malin Head
1993,28,10.714285714285714,,,16.314285714285713,10.799999999999999,4.7,1575,Malin Head
1993,29,14.885714285714286,,,15.442857142857145,11.414285714285715,1.5999999999999999,1575,Malin Head
1993,30,16.0,,,15.814285714285715,11.700000000000001,3.9714285714285715,1575,Malin Head
1993,31,14.5,,,15.042857142857143,11.785714285714286,2.957142857142857,1575,Malin Head
1993,32,13.842857142857143,,,14.828571428571427,9.557142857142859,3.9857142857142853,1575,Malin Head
1993,33,11.671428571428569,,,15.614285714285714,10.771428571428572,0.5142857142857143,1575,Malin Head
1993,34,11.228571428571428,,,14.885714285714286,10.857142857142858,0.31428571428571433,1575,Malin Head
1993,35,7.928571428571429,,,15.685714285714287,9.6,0.14285714285714285,1575,Malin Head
1993,36,17.571428571428573,,,14.485714285714286,10.700000000000001,7.285714285714286,1575,Malin Head
1993,37,16.428571428571427,,,14.857142857142858,9.700000000000001,0.7999999999999999,1575,Malin Head
1993,38,10.357142857142858,,,14.714285714285714,8.6,2.4,1575,Malin Head
1993,39,12.357142857142858,,,13.057142857142859,8.957142857142857,2.7285714285714286,1575,Malin Head
1993,40,17.857142857142858,,,12.685714285714285,8.314285714285715,1.2,1575,Malin Head
1993,41,14.357142857142858,,,9.828571428571427,5.6571428571428575,0.9,1575,Malin Head
1993,42,12.214285714285714,,,10.314285714285715,5.371428571428572,1.5571428571428572,1575,Malin Head
1993,43,7.8428571428571425,,,9.585714285714285,6.757142857142857,0.0,1575,Malin Head
1993,44,10.985714285714286,,,10.314285714285715,7.914285714285714,2.914285714285714,1575,Malin Head
1993,45,14.728571428571428,,,9.228571428571428,3.8000000000000003,3.9857142857142853,1575,Malin Head
1993,46,22.957142857142856,,,8.942857142857143,4.442857142857143,0.08571428571428572,1575,Malin Head
1993,47,17.2,,,6.685714285714285,1.6428571428571428,0.21428571428571427,1575,Malin Head
1993,48,20.714285714285715,,,9.414285714285715,5.7,6.057142857142857,1575,Malin Head
1993,49,22.885714285714283,,,7.914285714285714,3.257142857142857,10.514285714285714,1575,Malin Head
1993,50,23.542857142857144,,,9.114285714285714,4.0285714285714285,7.171428571428572,1575,Malin Head
1993,51,17.87142857142857,,,5.857142857142857,1.4571428571428573,5.014285714285714,1575,Malin Head
1993,52,18.057142857142857,,,7.114285714285714,2.0571428571428574,8.071428571428571,1575,Malin Head
1994,1,17.442857142857143,,,6.5857142857142845,2.4714285714285715,5.142857142857143,1575,Malin Head
1994,2,19.47142857142857,,,7.385714285714286,3.442857142857143,4.0285714285714285,1575,Malin Head
1994,3,23.814285714285713,,,8.614285714285714,4.085714285714286,3.3285714285714287,1575,Malin Head
1994,4,26.2,,,8.757142857142856,3.2857142857142856,5.6571428571428575,1575,Malin Head
1994,5,25.74285714285714,,,7.814285714285714,3.642857142857143,3.3714285714285714,1575,Malin Head
1994,6,19.214285714285715,,,7.271428571428571,3.0,3.8285714285714287,1575,Malin Head
1994,7,20.042857142857144,,,5.742857142857142,0.9285714285714286,1.614285714285714,1575,Malin Head
1994,8,23.842857142857145,,,4.814285714285715,1.6142857142857143,8.285714285714286,1575,Malin Head
1994,9,22.342857142857145,,,8.642857142857142,4.114285714285715,4.685714285714285,1575,Malin Head
1994,10,25.67142857142857,,,9.714285714285714,4.457142857142857,5.8,1575,Malin Head
1994,11,21.24285714285714,,,7.071428571428571,2.7857142857142856,4.485714285714286,1575,Malin Head
1994,12,21.099999999999998,,,10.157142857142857,4.428571428571429,4.257142857142857,1575,Malin Head
1994,13,25.900000000000002,,,9.928571428571429,3.9,4.1571428571428575,1575,Malin Head
1994,14,19.771428571428572,,,7.714285714285714,2.7285714285714286,5.914285714285714,1575,Malin Head
1994,15,12.285714285714286,,,9.328571428571427,5.1000000000000005,0.2285714285714286,1575,Malin Head
1994,16,14.314285714285715,,,10.0,4.971428571428571,2.8714285714285714,1575,Malin Head
1994,17,16.014285714285712,,,13.471428571428572,7.357142857142857,1.7428571428571427,1575,Malin Head
1994,18,16.571428571428573,,,12.685714285714285,6.514285714285714,2.142857142857143,1575,Malin Head
1994,19,18.642857142857142,,,13.914285714285715,7.971428571428571,0.18571428571428572,1575,Malin Head
1994,20,14.314285714285715,,,9.814285714285715,6.785714285714286,0.0,1575,Malin Head
1994,21,10.757142857142856,,,11.1,7.171428571428572,0.05714285714285715,1575,Malin Head
1994,22,14.828571428571427,,,13.385714285714284,8.0,3.1285714285714286,1575,Malin Head
1994,23,17.04285714285714,,,13.028571428571428,8.814285714285715,1.7,1575,Malin Head
1994,24,16.885714285714286,,,13.0,9.385714285714286,3.2285714285714286,1575,Malin Head
1994,25,15.4,,,14.814285714285715,9.685714285714285,4.385714285714285,1575,Malin Head
1994,26,15.6,,,17.842857142857145,12.028571428571428,1.657142857142857,1575,Malin Head
1994,27,10.185714285714285,,,16.314285714285713,10.942857142857141,4.457142857142857,1575,Malin Head
1994,28,9.685714285714285,,,16.67142857142857,10.87142857142857,2.2142857142857144,1575,Malin Head
1994,29,9.042857142857143,,,18.8,12.799999999999999,1.4714285714285713,1575,Malin Head
1994,30,12.428571428571429,,,17.7,12.785714285714286,1.457142857142857,1575,Malin Head
1994,31,8.428571428571429,,,16.97142857142857,13.042857142857143,0.8285714285714285,1575,Malin Head
1994,32,11.299999999999999,,,15.4,11.885714285714286,0.24285714285714285,1575,Malin Head
1994,33,13.37142857142857,,,16.314285714285713,11.1,2.5142857142857147,1575,Malin Head
1994,34,17.95714285714286,,,16.52857142857143,10.742857142857144,7.085714285714286,1575,Malin Head
1994,35,9.471428571428572,,,16.585714285714285,10.642857142857142,3.2142857142857144,1575,Malin Head
1994,36,14.828571428571427,,,15.1,9.814285714285715,5.257142857142857,1575,Malin Head
1994,37,16.428571428571427,,,13.057142857142859,9.742857142857144,4.414285714285714,1575,Malin Head
1994,38,10.728571428571428,,,15.071428571428571,10.085714285714285,0.8285714285714285,1575,Malin Head
1994,39,17.02857142857143,,,14.028571428571428,11.271428571428572,2.0142857142857147,1575,Malin Head
1994,40,16.485714285714288,,,13.271428571428572,8.2,1.1,1575,Malin Head
1994,41,8.342857142857143,,,14.985714285714286,8.857142857142858,0.21428571428571427,1575,Malin Head
1994,42,19.3,,,12.62857142857143,9.557142857142859,0.5714285714285714,1575,Malin Head
1994,43,16.271428571428572,,,11.571428571428571,7.042857142857143,6.1000000000000005,1575,Malin Head
1994,44,16.428571428571427,,,12.0,7.1571428571428575,1.5,1575,Malin Head
1994,45,13.799999999999999,,,12.828571428571427,9.37142857142857,4.314285714285714,1575,Malin Head
1994,46,20.557142857142857,,,12.342857142857143,8.299999999999999,8.414285714285715,1575,Malin Head
1994,47,15.957142857142857,,,13.085714285714285,8.428571428571429,0.4571428571428572,1575,Malin Head
1994,48,17.542857142857144,,,11.342857142857143,7.414285714285714,1.6142857142857143,1575,Malin Head
1994,49,27.214285714285715,,,10.142857142857142,5.314285714285715,9.057142857142857,1575,Malin Head
1994,50,19.97142857142857,,,9.157142857142857,3.9571428571428577,4.057142857142857,1575,Malin Head
1994,51,17.957142857142856,,,8.214285714285714,3.642857142857143,2.7142857142857144,1575,Malin Head
1994,52,23.37142857142857,,,7.6000000000000005,3.557142857142857,5.571428571428571,1575,Malin Head
1995,1,18.75714285714286,,,8.928571428571429,3.7142857142857144,2.8285714285714283,1575,Malin Head
1995,2,21.585714285714285,,,9.742857142857144,4.671428571428572,4.342857142857143,1575,Malin Head
1995,3,23.485714285714288,,,6.857142857142857,1.2142857142857142,11.77142857142857,1575,Malin Head
1995,4,15.885714285714286,,,7.271428571428571,2.3000000000000003,5.271428571428571,1575,Malin Head
1995,5,20.32857142857143,,,9.857142857142858,4.5285714285714285,4.571428571428571,1575,Malin Head
1995,6,19.8,,,7.714285714285714,4.257142857142857,3.6142857142857143,1575,Malin Head
1995,7,21.957142857142856,,,8.428571428571429,3.6571428571428575,7.6000000000000005,1575,Malin Head
1995,8,18.414285714285715,,,7.314285714285715,2.6285714285714286,4.642857142857143,1575,Malin Head
1995,9,19.685714285714287,,,6.685714285714285,1.157142857142857,8.457142857142857,1575,Malin Head
1995,10,20.771428571428572,,,8.128571428571428,2.3428571428571425,4.6571428571428575,1575,Malin Head
1995,11,22.285714285714285,,,8.042857142857143,2.6285714285714286,6.442857142857143,1575,Malin Head
1995,12,19.085714285714285,,,9.028571428571428,4.3999999999999995,3.3142857142857145,1575,Malin Head
1995,13,18.557142857142857,,,10.0,4.642857142857143,1.9857142857142858,1575,Malin Head
1995,14,14.1,,,10.571428571428571,6.442857142857143,1.6714285714285713,1575,Malin Head
1995,15,11.185714285714285,,,11.114285714285714,6.471428571428572,0.2285714285714286,1575,Malin Head
1995,16,18.82857142857143,,,8.72857142857143,3.3714285714285714,3.5714285714285716,1575,Malin Head
1995,17,13.5,,,11.37142857142857,5.2,0.6428571428571429,1575,Malin Head
1995,18,14.5,,,16.87142857142857,8.071428571428571,0.14285714285714285,1575,Malin Head
1995,19,16.614285714285714,,,9.585714285714285,5.1571428571428575,1.3857142857142857,1575,Malin Head
1995,20,13.757142857142856,,,10.528571428571428,5.628571428571428,4.5857142857142845,1575,Malin Head
1995,21,17.77142857142857,,,16.657142857142855,9.414285714285715,3.5285714285714285,1575,Malin Head
1995,22,14.857142857142858,,,13.085714285714285,9.442857142857141,1.7714285714285716,1575,Malin Head
1995,23,18.2,,,12.257142857142856,9.228571428571428,1.2428571428571427,1575,Malin Head
1995,24,12.671428571428573,,,13.285714285714286,9.485714285714286,1.1142857142857143,1575,Malin Head
1995,25,7.914285714285714,,,16.25714285714286,9.614285714285714,1.457142857142857,1575,Malin Head
1995,26,9.114285714285716,,,17.185714285714287,11.657142857142858,0.6571428571428571,1575,Malin Head
1995,27,14.485714285714286,,,16.52857142857143,11.1,1.1714285714285715,1575,Malin Head
1995,28,14.757142857142856,,,18.642857142857142,12.700000000000001,1.4857142857142858,1575,Malin Head
1995,29,15.457142857142857,,,18.1,11.914285714285715,2.6999999999999997,1575,Malin Head
1995,30,9.342857142857143,,,22.414285714285715,14.828571428571427,1.257142857142857,1575,Malin Head
1995,31,8.257142857142856,,,18.914285714285715,13.357142857142858,1.0,1575,Malin Head
1995,32,12.87142857142857,,,20.62857142857143,12.385714285714286,0.37142857142857144,1575,Malin Head
1995,33,9.4,,,21.485714285714288,15.171428571428573,0.028571428571428574,1575,Malin Head
1995,34,16.3,,,18.67142857142857,13.085714285714285,1.4428571428571428,1575,Malin Head
1995,35,13.928571428571429,,,16.985714285714288,13.114285714285714,0.9142857142857143,1575,Malin Head
1995,36,12.728571428571428,,,16.342857142857145,11.585714285714285,4.2,1575,Malin Head
1995,37,11.557142857142859,,,16.071428571428573,11.785714285714286,2.3285714285714283,1575,Malin Head
1995,38,14.5,,,16.02857142857143,11.37142857142857,3.4857142857142853,1575,Malin Head
1995,39,20.042857142857144,,,14.6,8.385714285714286,6.185714285714285,1575,Malin Head
1995,40,19.75714285714286,,,16.742857142857144,10.557142857142859,8.414285714285715,1575,Malin Head
1995,41,16.785714285714285,,,16.54285714285714,10.5,1.9142857142857144,1575,Malin Head
1995,42,18.314285714285713,,,14.085714285714285,9.385714285714286,4.757142857142857,1575,Malin Head
1995,43,17.4,,,13.085714285714285,6.971428571428571,10.585714285714285,1575,Malin Head
1995,44,15.242857142857144,,,13.285714285714286,9.271428571428572,0.11428571428571428,1575,Malin Head
1995,45,17.5,,,12.185714285714285,7.828571428571428,3.2857142857142856,1575,Malin Head
1995,46,16.8,,,10.5,5.3428571428571425,1.7714285714285716,1575,Malin Head
1995,47,19.542857142857144,,,11.385714285714286,6.557142857142857,5.457142857142856,1575,Malin Head
1995,48,20.357142857142858,,,12.014285714285714,8.171428571428573,2.5285714285714285,1575,Malin Head
1995,49,13.4,,,7.757142857142858,2.2714285714285714,1.0571428571428572,1575,Malin Head
1995,50,17.371428571428574,,,9.042857142857143,4.5,0.2857142857142857,1575,Malin Head
1995,51,18.885714285714283,,,6.828571428571428,2.314285714285714,7.671428571428572,1575,Malin Head
1995,52,21.514285714285712,,,3.6857142857142855,-1.2,1.8142857142857143,1575,Malin Head
1996,1,23.099999999999998,,,9.62857142857143,6.442857142857142,1.6857142857142857,1575,Malin Head
1996,2,19.442857142857143,,,10.442857142857141,6.228571428571429,1.7571428571428573,1575,Malin Head
1996,3,17.685714285714287,,,9.842857142857143,6.014285714285714,2.185714285714286,1575,Malin Head
1996,4,25.657142857142855,,,5.628571428571428,1.9857142857142858,0.6285714285714287,1575,Malin Head
1996,5,14.242857142857144,,,5.485714285714286,0.5428571428571429,0.042857142857142864,1575,Malin Head
1996,6,17.871428571428574,,,7.371428571428572,1.7285714285714284,5.571428571428571,1575,Malin Head
1996,7,22.271428571428572,,,8.328571428571427,3.257142857142857,2.814285714285714,1575,Malin Head
1996,8,17.085714285714285,,,6.914285714285714,1.6857142857142855,2.142857142857143,1575,Malin Head
1996,9,13.057142857142859,,,9.071428571428571,3.7714285714285714,0.08571428571428573,1575,Malin Head
1996,10,13.485714285714286,,,8.557142857142857,3.942857142857143,0.39999999999999997,1575,Malin Head
1996,11,22.057142857142857,,,6.142857142857143,2.642857142857143,2.0142857142857142,1575,Malin Head
1996,12,14.771428571428572,,,6.985714285714286,4.228571428571429,0.17142857142857146,1575,Malin Head
1996,13,14.857142857142858,,,7.428571428571429,2.8285714285714287,0.08571428571428572,1575,Malin Head
1996,14,12.642857142857142,,,11.271428571428572,2.3857142857142857,0.07142857142857142,1575,Malin Head
1996,15,16.685714285714287,,,12.142857142857142,5.557142857142857,2.357142857142857,1575,Malin Head
1996,16,14.657142857142857,,,13.057142857142859,6.7,5.014285714285714,1575,Malin Head
1996,17,17.614285714285717,,,11.942857142857141,7.414285714285714,2.257142857142857,1575,Malin Head
1996,18,15.971428571428572,,,9.057142857142857,4.6571428571428575,2.8000000000000003,1575,Malin Head
1996,19,8.542857142857143,,,10.285714285714286,3.557142857142857,0.0,1575,Malin Head
1996,20,11.428571428571429,,,10.928571428571429,5.214285714285714,0.6714285714285714,1575,Malin Head
1996,21,15.5,,,13.114285714285714,6.514285714285714,5.942857142857143,1575,Malin Head
1996,22,17.72857142857143,,,14.085714285714285,8.714285714285714,3.514285714285714,1575,Malin Head
1996,23,16.6,,,17.314285714285713,9.714285714285714,2.314285714285714,1575,Malin Head
1996,24,11.142857142857142,,,17.2,9.171428571428573,1.6857142857142857,1575,Malin Head
1996,25,12.914285714285715,,,13.6,10.085714285714285,0.0,1575,Malin Head
1996,26,14.057142857142859,,,15.542857142857143,10.457142857142857,2.585714285714286,1575,Malin Head
1996,27,15.728571428571428,,,14.1,9.9,3.1714285714285717,1575,Malin Head
1996,28,12.9,,,15.071428571428571,11.414285714285715,1.8,1575,Malin Head
1996,29,7.942857142857143,,,19.057142857142857,11.057142857142859,2.6285714285714286,1575,Malin Head
1996,30,11.428571428571429,,,16.514285714285712,12.671428571428573,1.7428571428571427,1575,Malin Head
1996,31,15.671428571428573,,,17.2,11.585714285714285,0.8857142857142858,1575,Malin Head
1996,32,12.442857142857141,,,16.757142857142856,10.542857142857143,7.857142857142857,1575,Malin Head
1996,33,7.714285714285714,,,18.414285714285715,13.857142857142858,1.6999999999999997,1575,Malin Head
1996,34,12.071428571428571,,,16.757142857142856,11.842857142857143,8.128571428571428,1575,Malin Head
1996,35,14.085714285714285,,,15.728571428571428,12.171428571428573,0.7571428571428571,1575,Malin Head
1996,36,7.8,,,16.685714285714287,12.342857142857143,0.07142857142857142,1575,Malin Head
1996,37,12.514285714285714,,,15.842857142857143,10.985714285714286,0.2285714285714286,1575,Malin Head
1996,38,17.614285714285714,,,16.37142857142857,10.642857142857142,0.0,1575,Malin Head
1996,39,18.785714285714285,,,15.542857142857143,10.299999999999999,5.885714285714286,1575,Malin Head
1996,40,19.25714285714286,,,14.157142857142857,9.142857142857142,4.642857142857143,1575,Malin Head
1996,41,17.714285714285715,,,14.028571428571428,9.657142857142857,3.628571428571429,1575,Malin Head
1996,42,17.142857142857142,,,13.6,7.885714285714286,2.9857142857142853,1575,Malin Head
1996,43,16.942857142857143,,,14.971428571428572,9.728571428571428,7.228571428571429,1575,Malin Head
1996,44,23.271428571428572,,,13.314285714285715,9.342857142857143,5.700000000000001,1575,Malin Head
1996,45,19.928571428571427,,,10.014285714285714,4.628571428571428,5.757142857142857,1575,Malin Head
1996,46,16.142857142857142,,,10.271428571428572,6.014285714285713,2.3000000000000003,1575,Malin Head
1996,47,19.642857142857142,,,6.914285714285714,1.6428571428571428,4.6000000000000005,1575,Malin Head
1996,48,20.37142857142857,,,8.685714285714285,3.957142857142857,4.671428571428572,1575,Malin Head
1996,49,19.32857142857143,,,8.6,4.3,3.742857142857143,1575,Malin Head
1996,50,12.9,,,8.72857142857143,5.414285714285714,0.8142857142857143,1575,Malin Head
1996,51,18.585714285714285,,,7.814285714285715,3.8000000000000003,2.0,1575,Malin Head
1996,52,11.971428571428572,,,6.585714285714286,1.0857142857142856,0.6428571428571429,1575,Malin Head
1997,1,17.342857142857145,,,5.571428571428571,2.8000000000000003,0.6571428571428571,1575,Malin Head
1997,2,13.271428571428572,,,6.771428571428571,2.9,1.0571428571428572,1575,Malin Head
1997,3,14.257142857142856,,,10.4,6.557142857142857,1.1428571428571428,1575,Malin Head
1997,4,12.028571428571428,,,7.114285714285714,1.442857142857143,0.1142857142857143,1575,Malin Head
1997,5,10.37142857142857,,,7.8999999999999995,3.457142857142857,1.0285714285714287,1575,Malin Head
1997,6,20.685714285714287,,,9.342857142857143,3.542857142857143,2.357142857142857,1575,Malin Head
1997,7,20.657142857142855,,,8.785714285714286,4.042857142857143,5.042857142857143,1575,Malin Head
1997,8,28.814285714285713,,,10.299999999999999,3.8285714285714287,7.385714285714286,1575,Malin Head
1997,9,24.928571428571427,,,9.285714285714286,3.3285714285714287,7.057142857142857,1575,Malin Head
1997,10,13.757142857142856,,,10.200000000000001,2.6571428571428575,2.542857142857143,1575,Malin Head
1997,11,14.428571428571429,,,11.442857142857141,6.971428571428571,1.9285714285714286,1575,Malin Head
1997,12,15.442857142857141,,,9.914285714285715,5.814285714285715,3.6142857142857143,1575,Malin Head
1997,13,20.228571428571428,,,10.700000000000001,6.057142857142857,2.1142857142857143,1575,Malin Head
1997,14,17.52857142857143,,,10.885714285714286,6.857142857142857,0.9714285714285714,1575,Malin Head
1997,15,9.571428571428571,,,11.385714285714286,7.228571428571429,0.07142857142857142,1575,Malin Head
1997,16,7.799999999999999,,,10.728571428571428,4.742857142857142,0.05714285714285715,1575,Malin Head
1997,17,16.97142857142857,,,10.528571428571428,6.214285714285714,5.142857142857143,1575,Malin Head
1997,18,12.757142857142856,,,15.585714285714285,9.128571428571428,1.5142857142857142,1575,Malin Head
1997,19,19.900000000000002,,,9.242857142857144,4.314285714285714,8.2,1575,Malin Head
1997,20,14.728571428571428,,,13.571428571428571,8.142857142857142,3.8428571428571425,1575,Malin Head
1997,21,11.799999999999999,,,12.62857142857143,7.628571428571428,0.07142857142857142,1575,Malin Head
1997,22,8.057142857142857,,,15.314285714285715,10.057142857142859,0.0,1575,Malin Head
1997,23,14.114285714285714,,,17.428571428571427,9.714285714285714,1.6142857142857143,1575,Malin Head
1997,24,11.828571428571427,,,13.799999999999999,8.285714285714286,1.8571428571428572,1575,Malin Head
1997,25,12.557142857142859,,,14.4,8.685714285714285,1.7142857142857142,1575,Malin Head
1997,26,18.557142857142857,,,13.228571428571428,9.771428571428572,2.3000000000000003,1575,Malin Head
1997,27,16.24285714285714,,,14.514285714285714,9.785714285714286,2.485714285714286,1575,Malin Head
1997,28,9.314285714285715,,,17.914285714285715,12.257142857142856,0.6857142857142857,1575,Malin Head
1997,29,10.228571428571428,,,17.5,11.142857142857142,1.4428571428571428,1575,Malin Head
1997,30,9.285714285714286,,,18.728571428571428,12.9,2.957142857142857,1575,Malin Head
1997,31,16.314285714285713,,,17.12857142857143,12.728571428571428,3.9,1575,Malin Head
1997,32,11.428571428571429,,,19.24285714285714,14.200000000000001,0.8714285714285713,1575,Malin Head
1997,33,11.171428571428573,,,21.557142857142857,14.885714285714286,2.4857142857142853,1575,Malin Head
1997,34,12.200000000000001,,,19.285714285714285,12.714285714285714,1.1285714285714286,1575,Malin Head
1997,35,17.257142857142856,,,18.185714285714287,11.285714285714286,6.0,1575,Malin Head
1997,36,20.085714285714285,,,16.814285714285713,12.071428571428571,3.7857142857142856,1575,Malin Head
1997,37,17.142857142857142,,,14.9,9.457142857142857,2.685714285714286,1575,Malin Head
1997,38,16.928571428571427,,,15.514285714285714,11.314285714285715,4.871428571428571,1575,Malin Head
1997,39,10.971428571428572,,,16.114285714285714,9.671428571428573,0.31428571428571433,1575,Malin Head
1997,40,16.37142857142857,,,15.799999999999999,11.671428571428573,0.6428571428571429,1575,Malin Head
1997,41,16.585714285714285,,,13.614285714285714,8.542857142857143,4.385714285714285,1575,Malin Head
1997,42,12.700000000000001,,,14.028571428571428,10.200000000000001,5.114285714285714,1575,Malin Head
1997,43,13.085714285714285,,,11.6,5.7,0.0,1575,Malin Head
1997,44,11.914285714285715,,,12.4,7.614285714285714,1.3,1575,Malin Head
1997,45,12.042857142857143,,,11.342857142857143,5.928571428571429,1.1714285714285713,1575,Malin Head
1997,46,16.285714285714285,,,12.942857142857141,7.214285714285714,2.5,1575,Malin Head
1997,47,18.7,,,11.9,6.742857142857142,3.871428571428571,1575,Malin Head
1997,48,13.514285714285714,,,10.928571428571429,8.214285714285714,2.5428571428571423,1575,Malin Head
1997,49,18.571428571428573,,,10.0,4.5285714285714285,2.8285714285714287,1575,Malin Head
1997,50,17.8,,,10.471428571428572,6.8,11.328571428571431,1575,Malin Head
1997,51,22.085714285714285,,,8.557142857142857,5.442857142857143,0.7714285714285715,1575,Malin Head
1997,52,17.314285714285713,,,9.62857142857143,5.728571428571429,6.728571428571428,1575,Malin Head
1998,1,22.67142857142857,,,9.228571428571428,3.7142857142857144,7.571428571428571,1575,Malin Head
1998,2,19.685714285714287,,,10.614285714285714,4.857142857142857,5.271428571428572,1575,Malin Head
1998,3,18.1,,,8.885714285714286,5.457142857142856,1.9428571428571428,1575,Malin Head
1998,4,17.514285714285716,,,8.442857142857143,3.085714285714286,3.685714285714286,1575,Malin Head
1998,5,8.685714285714285,,,6.114285714285714,0.014285714285714488,2.1,1575,Malin Head
1998,6,20.24285714285714,,,9.299999999999999,5.257142857142857,2.457142857142857,1575,Malin Head
1998,7,21.47142857142857,,,12.77142857142857,9.6,4.714285714285714,1575,Malin Head
1998,8,18.771428571428572,,,11.0,6.971428571428572,1.6857142857142857,1575,Malin Head
1998,9,23.342857142857145,,,9.299999999999999,4.928571428571429,5.285714285714286,1575,Malin Head
1998,10,16.114285714285717,,,8.485714285714286,3.085714285714286,6.071428571428571,1575,Malin Head
1998,11,16.942857142857143,,,10.314285714285715,5.885714285714286,1.1,1575,Malin Head
1998,12,11.685714285714285,,,10.299999999999999,6.428571428571429,0.5857142857142856,1575,Malin Head
1998,13,15.185714285714285,,,11.771428571428572,6.071428571428571,2.4,1575,Malin Head
1998,14,21.0,,,9.542857142857143,7.057142857142857,0.7142857142857143,1575,Malin Head
1998,15,19.8,,,7.914285714285714,3.085714285714286,1.7857142857142858,1575,Malin Head
1998,16,14.957142857142857,,,8.5,3.2285714285714286,1.6857142857142857,1575,Malin Head
1998,17,12.642857142857142,,,12.271428571428572,6.042857142857143,2.6571428571428575,1575,Malin Head
1998,18,9.942857142857141,,,11.271428571428572,6.314285714285715,0.8857142857142858,1575,Malin Head
1998,19,13.957142857142857,,,12.485714285714286,7.2,2.542857142857143,1575,Malin Head
1998,20,8.128571428571428,,,13.442857142857141,9.185714285714285,0.15714285714285717,1575,Malin Head
1998,21,10.042857142857143,,,13.457142857142857,9.042857142857143,0.18571428571428572,1575,Malin Head
1998,22,17.62857142857143,,,12.014285714285714,9.4,3.3000000000000003,1575,Malin Head
1998,23,15.671428571428573,,,12.7,9.028571428571428,1.2142857142857142,1575,Malin Head
1998,24,15.042857142857143,,,13.12857142857143,8.157142857142857,4.6571428571428575,1575,Malin Head
1998,25,11.914285714285715,,,15.757142857142856,10.028571428571428,1.3285714285714287,1575,Malin Head
1998,26,11.671428571428573,,,16.4,11.342857142857143,5.671428571428572,1575,Malin Head
1998,27,15.5,,,14.285714285714286,11.814285714285715,0.6428571428571429,1575,Malin Head
1998,28,14.885714285714286,,,14.87142857142857,11.385714285714286,5.542857142857143,1575,Malin Head
1998,29,15.728571428571428,,,16.314285714285713,11.171428571428573,7.014285714285713,1575,Malin Head
1998,30,14.885714285714286,,,16.571428571428573,12.185714285714285,3.857142857142857,1575,Malin Head
1998,31,14.87142857142857,,,15.514285714285714,12.314285714285715,3.485714285714286,1575,Malin Head
1998,32,15.428571428571429,,,17.25714285714286,13.4,9.657142857142857,1575,Malin Head
1998,33,15.928571428571429,,,17.485714285714288,12.528571428571428,8.12857142857143,1575,Malin Head
1998,34,17.04285714285714,,,15.885714285714286,11.971428571428572,4.157142857142857,1575,Malin Head
1998,35,11.542857142857143,,,16.228571428571428,10.542857142857143,0.38571428571428573,1575,Malin Head
1998,36,12.771428571428572,,,17.814285714285713,12.700000000000001,1.0285714285714285,1575,Malin Head
1998,37,16.54285714285714,,,15.471428571428572,11.228571428571428,5.685714285714285,1575,Malin Head
1998,38,15.27142857142857,,,16.714285714285715,10.9,0.8714285714285713,1575,Malin Head
1998,39,11.085714285714285,,,16.642857142857142,12.285714285714286,0.0,1575,Malin Head
1998,40,13.757142857142856,,,14.471428571428572,11.37142857142857,0.34285714285714286,1575,Malin Head
1998,41,17.0,,,13.814285714285715,8.6,2.757142857142857,1575,Malin Head
1998,42,20.67142857142857,,,12.9,7.128571428571428,6.771428571428571,1575,Malin Head
1998,43,20.771428571428572,,,12.785714285714286,7.771428571428571,7.471428571428571,1575,Malin Head
1998,44,20.74285714285714,,,10.385714285714286,5.528571428571429,7.728571428571429,1575,Malin Head
1998,45,22.414285714285715,,,10.457142857142857,6.085714285714286,7.685714285714286,1575,Malin Head
1998,46,20.97142857142857,,,10.514285714285714,6.357142857142857,3.3428571428571425,1575,Malin Head
1998,47,15.042857142857143,,,9.771428571428572,6.014285714285714,3.5285714285714285,1575,Malin Head
1998,48,16.7,,,10.614285714285714,6.457142857142857,5.7,1575,Malin Head
1998,49,11.542857142857143,,,9.357142857142858,5.214285714285714,0.4571428571428572,1575,Malin Head
1998,50,19.714285714285715,,,12.514285714285714,6.571428571428571,2.4857142857142853,1575,Malin Head
1998,51,19.071428571428573,,,10.514285714285714,5.585714285714286,6.5,1575,Malin Head
1998,52,22.3,,,8.77142857142857,2.3714285714285714,7.671428571428571,1575,Malin Head
1998,53,21.214285714285715,,,8.257142857142856,3.442857142857143,4.414285714285714,1575,Malin Head
1999,1,13.485714285714286,,,7.185714285714285,2.7857142857142856,3.914285714285714,1575,Malin Head
1999,2,24.8,,,7.214285714285714,1.6142857142857143,7.0,1575,Malin Head
1999,3,19.67142857142857,,,8.028571428571428,3.7571428571428567,4.8999999999999995,1575,Malin Head
1999,4,13.142857142857142,,,8.842857142857143,5.771428571428571,2.6285714285714286,1575,Malin Head
1999,5,22.5,,,9.4,5.714285714285714,3.1285714285714286,1575,Malin Head
1999,6,14.2,,,7.142857142857143,3.2714285714285714,1.842857142857143,1575,Malin Head
1999,7,23.942857142857143,,,9.200000000000001,5.057142857142857,3.4857142857142853,1575,Malin Head
1999,8,20.47142857142857,,,7.742857142857143,3.4714285714285715,7.8,1575,Malin Head
1999,9,19.771428571428572,,,7.885714285714286,3.5714285714285716,3.857142857142857,1575,Malin Head
1999,10,15.071428571428571,,,8.457142857142857,3.0285714285714285,0.32857142857142857,1575,Malin Head
1999,11,17.87142857142857,,,11.200000000000001,7.1000000000000005,1.8571428571428572,1575,Malin Head
1999,12,15.342857142857143,,,9.971428571428572,4.6571428571428575,3.1285714285714286,1575,Malin Head
1999,13,16.614285714285717,,,14.385714285714286,7.671428571428572,0.7285714285714285,1575,Malin Head
1999,14,18.942857142857143,,,11.928571428571429,8.357142857142858,4.371428571428572,1575,Malin Head
1999,15,17.885714285714286,,,8.142857142857142,2.4714285714285715,2.485714285714286,1575,Malin Head
1999,16,19.085714285714285,,,11.557142857142859,6.514285714285714,3.2714285714285714,1575,Malin Head
1999,17,7.871428571428572,,,11.328571428571427,7.571428571428571,0.17142857142857143,1575,Malin Head
1999,18,14.9,,,14.928571428571429,9.485714285714286,0.35714285714285715,1575,Malin Head
1999,19,9.9,,,13.828571428571427,9.614285714285714,3.4714285714285715,1575,Malin Head
1999,20,18.8,,,12.87142857142857,8.014285714285714,1.8285714285714287,1575,Malin Head
1999,21,16.485714285714288,,,12.928571428571429,8.857142857142858,2.2,1575,Malin Head
1999,22,12.071428571428571,,,13.228571428571428,7.6000000000000005,2.2714285714285714,1575,Malin Head
1999,23,13.014285714285714,,,13.071428571428571,9.200000000000001,2.5,1575,Malin Head
1999,24,16.485714285714288,,,15.157142857142857,9.114285714285714,4.928571428571429,1575,Malin Head
1999,25,10.957142857142857,,,15.757142857142856,9.885714285714286,3.585714285714286,1575,Malin Head
1999,26,12.271428571428572,,,16.385714285714286,11.428571428571429,3.585714285714286,1575,Malin Head
1999,27,8.114285714285714,,,18.557142857142857,13.671428571428573,1.2571428571428573,1575,Malin Head
1999,28,15.37142857142857,,,15.728571428571428,11.87142857142857,2.4714285714285715,1575,Malin Head
1999,29,18.242857142857144,,,16.414285714285715,12.285714285714286,3.8714285714285714,1575,Malin Head
1999,30,9.0,,,18.771428571428572,12.257142857142856,0.17142857142857143,1575,Malin Head
1999,31,14.957142857142857,,,17.97142857142857,14.271428571428572,2.6,1575,Malin Head
1999,32,12.87142857142857,,,16.4,11.185714285714285,3.1142857142857143,1575,Malin Head
1999,33,14.557142857142859,,,15.185714285714285,10.37142857142857,0.7428571428571429,1575,Malin Head
1999,34,16.614285714285714,,,16.642857142857142,12.828571428571427,1.9714285714285715,1575,Malin Head
1999,35,13.528571428571428,,,19.67142857142857,14.700000000000001,1.8142857142857145,1575,Malin Head
1999,36,16.357142857142858,,,17.04285714285714,9.4,9.857142857142858,1575,Malin Head
1999,37,16.657142857142855,,,15.785714285714286,9.857142857142858,6.6571428571428575,1575,Malin Head
1999,38,14.557142857142855,,,15.585714285714287,11.6,5.114285714285714,1575,Malin Head
1999,39,18.085714285714285,,,13.671428571428573,8.871428571428572,6.1,1575,Malin Head
1999,40,16.02857142857143,,,13.885714285714284,9.142857142857142,2.5,1575,Malin Head
1999,41,13.299999999999999,,,13.957142857142857,9.985714285714286,0.7714285714285715,1575,Malin Head
1999,42,20.514285714285712,,,12.642857142857142,9.071428571428571,0.6285714285714287,1575,Malin Head
1999,43,22.585714285714285,,,13.742857142857144,8.757142857142856,2.757142857142857,1575,Malin Head
1999,44,20.957142857142856,,,11.914285714285715,7.857142857142857,7.3428571428571425,1575,Malin Head
1999,45,7.828571428571429,,,11.271428571428572,8.385714285714286,0.1285714285714286,1575,Malin Head
1999,46,16.571428571428573,,,8.757142857142856,5.285714285714286,3.185714285714286,1575,Malin Head
1999,47,21.25714285714286,,,11.285714285714286,6.728571428571429,9.714285714285714,1575,Malin Head
1999,48,25.985714285714288,,,9.985714285714286,4.585714285714286,8.442857142857141,1575,Malin Head
1999,49,21.585714285714285,,,8.685714285714285,4.685714285714285,8.828571428571427,1575,Malin Head
1999,50,18.057142857142857,,,7.485714285714286,2.6714285714285713,4.928571428571429,1575,Malin Head
1999,51,22.142857142857142,,,8.157142857142857,3.1714285714285713,8.4,1575,Malin Head
1999,52,15.928571428571429,115.0,0.1,8.642857142857142,4.142857142857143,6.071428571428571,1575,Malin Head
2000,1,25.285714285714285,167.14285714285714,1.6428571428571428,8.5,3.2428571428571433,5.785714285714286,1575,Malin Head
2000,2,17.17142857142857,151.42857142857142,0.7142857142857143,7.685714285714285,4.0,1.8,1575,Malin Head
2000,3,14.228571428571428,184.28571428571428,0.7142857142857143,8.514285714285714,5.985714285714286,0.2285714285714286,1575,Malin Head
2000,4,18.1,175.71428571428572,0.6142857142857142,8.8,5.085714285714286,3.6142857142857143,1575,Malin Head
2000,5,21.642857142857142,228.57142857142858,0.8571428571428571,10.857142857142858,6.6000000000000005,4.971428571428572,1575,Malin Head
2000,6,27.571428571428573,374.2857142857143,2.057142857142857,8.642857142857142,3.442857142857143,6.114285714285714,1575,Malin Head
2000,7,19.157142857142855,345.7142857142857,1.9714285714285713,8.057142857142857,2.7142857142857144,5.014285714285714,1575,Malin Head
2000,8,21.02857142857143,510.0,2.357142857142857,9.357142857142858,3.5,4.1571428571428575,1575,Malin Head
2000,9,20.485714285714288,624.2857142857143,3.2285714285714286,7.928571428571429,2.542857142857143,4.671428571428572,1575,Malin Head
2000,10,20.385714285714283,321.42857142857144,0.05714285714285715,10.571428571428571,8.27142857142857,3.1,1575,Malin Head
2000,11,14.714285714285714,738.5714285714286,2.685714285714286,9.957142857142857,6.514285714285714,1.2571428571428573,1575,Malin Head
2000,12,13.557142857142859,892.8571428571429,2.914285714285714,9.528571428571428,4.928571428571429,0.9428571428571428,1575,Malin Head
2000,13,10.171428571428573,870.0,2.7714285714285714,8.285714285714286,4.257142857142857,3.885714285714286,1575,Malin Head
2000,14,14.5,1462.857142857143,7.814285714285715,8.9,3.7142857142857144,0.5142857142857143,1575,Malin Head
2000,15,20.3,1090.0,3.4142857142857146,7.957142857142857,3.7714285714285714,2.1571428571428575,1575,Malin Head
2000,16,13.614285714285714,1485.7142857142858,7.357142857142857,12.342857142857143,5.428571428571429,1.5142857142857142,1575,Malin Head
2000,17,14.87142857142857,854.2857142857143,2.7142857142857144,9.842857142857143,5.671428571428572,3.7857142857142856,1575,Malin Head
2000,18,6.357142857142857,2082.8571428571427,9.485714285714286,11.771428571428572,6.328571428571428,0.1142857142857143,1575,Malin Head
2000,19,13.114285714285714,2025.7142857142858,8.871428571428572,15.214285714285714,9.314285714285715,0.24285714285714285,1575,Malin Head
2000,20,13.885714285714286,1914.2857142857142,6.5,12.942857142857141,8.557142857142857,2.6571428571428575,1575,Malin Head
2000,21,11.985714285714286,2302.8571428571427,10.1,11.971428571428572,5.542857142857143,1.5142857142857142,1575,Malin Head
2000,22,14.042857142857143,2077.1428571428573,8.042857142857143,13.214285714285714,8.157142857142857,1.5142857142857142,1575,Malin Head
2000,23,15.385714285714286,1587.142857142857,4.042857142857143,13.728571428571428,9.057142857142857,2.7714285714285714,1575,Malin Head
2000,24,14.085714285714285,1997.142857142857,6.114285714285714,17.12857142857143,11.042857142857143,0.3285714285714286,1575,Malin Head
2000,25,12.414285714285715,1775.7142857142858,4.214285714285714,15.200000000000001,10.5,2.585714285714286,1575,Malin Head
2000,26,8.028571428571428,2271.4285714285716,8.0,15.414285714285715,11.414285714285715,0.0,1575,Malin Head
2000,27,11.814285714285715,1770.0,4.885714285714286,14.799999999999999,11.62857142857143,2.128571428571429,1575,Malin Head
2000,28,15.0,1634.2857142857142,3.3285714285714287,13.928571428571429,11.014285714285714,0.4,1575,Malin Head
2000,29,7.014285714285714,2142.8571428571427,7.942857142857142,16.928571428571427,12.0,0.0,1575,Malin Head
2000,30,6.385714285714286,1744.2857142857142,5.242857142857142,18.014285714285712,12.985714285714286,3.0428571428571423,1575,Malin Head
2000,31,12.6,1255.7142857142858,3.042857142857143,18.342857142857145,14.142857142857142,4.4,1575,Malin Head
2000,32,11.571428571428571,1227.142857142857,2.585714285714286,18.32857142857143,13.685714285714285,5.242857142857143,1575,Malin Head
2000,33,9.128571428571428,1790.0,9.1,16.557142857142857,10.785714285714286,4.285714285714286,1575,Malin Head
2000,34,8.428571428571429,1687.142857142857,8.8,17.014285714285712,10.928571428571429,0.7285714285714286,1575,Malin Head
2000,35,8.428571428571429,1625.7142857142858,8.657142857142857,17.257142857142856,10.657142857142857,1.3285714285714287,1575,Malin Head
2000,36,16.45714285714286,1018.5714285714286,3.8285714285714287,16.17142857142857,12.342857142857143,8.185714285714285,1575,Malin Head
2000,37,11.971428571428572,695.7142857142857,1.5714285714285714,15.785714285714286,11.785714285714286,4.971428571428572,1575,Malin Head
2000,38,14.9,822.8571428571429,4.3428571428571425,15.842857142857143,9.814285714285715,7.142857142857143,1575,Malin Head
2000,39,12.414285714285715,665.7142857142857,2.914285714285714,14.714285714285714,9.442857142857141,4.114285714285715,1575,Malin Head
2000,40,18.614285714285717,612.8571428571429,3.1571428571428575,13.685714285714285,8.22857142857143,4.5,1575,Malin Head
2000,41,19.785714285714285,537.1428571428571,2.314285714285714,12.457142857142857,8.6,5.271428571428571,1575,Malin Head
2000,42,19.657142857142855,492.85714285714283,3.685714285714286,12.071428571428571,6.942857142857143,2.0,1575,Malin Head
2000,43,23.557142857142857,322.85714285714283,1.6285714285714283,11.842857142857143,7.857142857142857,10.885714285714286,1575,Malin Head
2000,44,16.414285714285715,327.14285714285717,1.742857142857143,9.342857142857143,4.128571428571428,3.557142857142857,1575,Malin Head
2000,45,25.228571428571428,247.14285714285714,0.9285714285714286,9.228571428571428,5.928571428571429,2.157142857142857,1575,Malin Head
2000,46,20.24285714285714,178.57142857142858,0.5714285714285714,8.971428571428572,5.471428571428571,4.728571428571429,1575,Malin Head
2000,47,13.771428571428572,178.57142857142858,1.4857142857142858,7.928571428571429,4.114285714285715,4.214285714285714,1575,Malin Head
2000,48,21.0,130.0,0.9285714285714286,11.714285714285714,7.214285714285714,3.314285714285714,1575,Malin Head
2000,49,18.271428571428572,147.14285714285714,1.5142857142857142,10.142857142857142,7.442857142857143,7.185714285714285,1575,Malin Head
2000,50,16.485714285714288,135.71428571428572,1.5142857142857142,7.957142857142857,3.6,3.9857142857142853,1575,Malin Head
2000,51,15.742857142857144,120.0,1.4714285714285715,8.514285714285714,6.014285714285714,1.342857142857143,1575,Malin Head
2000,52,15.085714285714285,134.28571428571428,1.1428571428571428,5.1000000000000005,0.28571428571428575,3.5142857142857147,1575,Malin Head
2001,1,17.485714285714288,175.71428571428572,1.5,7.771428571428571,3.9857142857142853,3.0714285714285716,1575,Malin Head
2001,2,14.557142857142859,264.2857142857143,4.757142857142857,6.5,2.9285714285714284,0.37142857142857144,1575,Malin Head
2001,3,11.685714285714285,227.14285714285714,2.642857142857143,4.5285714285714285,-0.1857142857142857,0.07142857142857142,1575,Malin Head
2001,4,20.7,237.14285714285714,1.6714285714285713,7.457142857142857,3.3714285714285714,4.742857142857142,1575,Malin Head
2001,5,15.714285714285714,228.57142857142858,1.0857142857142856,7.8,3.9714285714285715,3.5714285714285716,1575,Malin Head
2001,6,20.32857142857143,388.57142857142856,3.1999999999999997,7.3,3.0142857142857147,5.471428571428571,1575,Malin Head
2001,7,12.728571428571428,625.7142857142857,5.357142857142857,8.571428571428571,2.557142857142857,0.19999999999999998,1575,Malin Head
2001,8,14.328571428571427,434.2857142857143,1.9142857142857144,7.471428571428571,3.4285714285714284,2.3285714285714287,1575,Malin Head
2001,9,19.214285714285715,640.0,3.2142857142857144,4.3428571428571425,-0.5428571428571428,1.9285714285714286,1575,Malin Head
2001,10,16.95714285714286,657.1428571428571,3.0714285714285716,10.457142857142857,5.214285714285714,1.0714285714285714,1575,Malin Head
2001,11,15.742857142857144,1122.857142857143,7.214285714285714,7.014285714285714,2.4,0.35714285714285715,1575,Malin Head
2001,12,20.62857142857143,770.0,3.3714285714285714,6.314285714285715,3.4857142857142853,0.014285714285714287,1575,Malin Head
2001,13,16.942857142857143,820.0,2.757142857142857,8.685714285714285,4.214285714285714,2.2142857142857144,1575,Malin Head
2001,14,17.242857142857144,1164.2857142857142,4.6000000000000005,9.6,3.8428571428571425,2.642857142857143,1575,Malin Head
2001,15,13.928571428571429,1202.857142857143,3.857142857142857,9.942857142857141,6.6000000000000005,1.4,1575,Malin Head
2001,16,14.385714285714286,1448.5714285714287,5.814285714285715,8.9,4.357142857142857,0.9571428571428572,1575,Malin Head
2001,17,10.657142857142857,1510.0,5.814285714285715,9.885714285714286,4.8,2.6571428571428575,1575,Malin Head
2001,18,7.514285714285714,1678.5714285714287,5.942857142857143,11.028571428571428,5.514285714285714,0.39999999999999997,1575,Malin Head
2001,19,7.8999999999999995,2050.0,9.514285714285714,13.299999999999999,7.528571428571429,0.35714285714285715,1575,Malin Head
2001,20,11.057142857142859,1522.857142857143,5.028571428571429,12.042857142857143,8.342857142857143,2.5,1575,Malin Head
2001,21,8.614285714285714,2132.8571428571427,9.814285714285715,19.32857142857143,10.271428571428572,0.14285714285714285,1575,Malin Head
2001,22,17.5,1667.142857142857,4.714285714285714,14.0,10.071428571428571,2.0142857142857142,1575,Malin Head
2001,23,15.357142857142858,1874.2857142857142,5.971428571428571,12.200000000000001,8.471428571428572,2.1714285714285713,1575,Malin Head
2001,24,14.185714285714285,1598.5714285714287,4.971428571428571,12.62857142857143,9.414285714285715,1.5571428571428572,1575,Malin Head
2001,25,13.414285714285715,1432.857142857143,3.4285714285714284,15.742857142857144,10.342857142857143,1.9571428571428573,1575,Malin Head
2001,26,12.342857142857143,1454.2857142857142,3.2142857142857144,17.057142857142857,12.285714285714286,2.242857142857143,1575,Malin Head
2001,27,10.4,1030.0,1.4000000000000001,14.928571428571429,12.457142857142857,0.31428571428571433,1575,Malin Head
2001,28,14.185714285714285,1847.142857142857,6.271428571428571,14.914285714285715,10.057142857142859,4.957142857142856,1575,Malin Head
2001,29,14.557142857142859,1777.142857142857,6.1571428571428575,15.771428571428572,10.728571428571428,0.9571428571428572,1575,Malin Head
2001,30,10.62857142857143,1442.857142857143,3.9571428571428577,17.571428571428573,12.299999999999999,2.9,1575,Malin Head
2001,31,10.62857142857143,1560.0,6.471428571428572,17.057142857142857,11.428571428571429,1.9714285714285713,1575,Malin Head
2001,32,12.785714285714286,1331.4285714285713,4.3,16.314285714285713,12.414285714285715,1.842857142857143,1575,Malin Head
2001,33,10.257142857142856,1158.5714285714287,3.542857142857143,17.228571428571428,13.085714285714285,5.071428571428571,1575,Malin Head
2001,34,14.200000000000001,1431.4285714285713,6.571428571428571,18.47142857142857,12.357142857142858,0.6142857142857142,1575,Malin Head
2001,35,13.957142857142857,1065.7142857142858,4.4714285714285715,16.3,11.62857142857143,5.328571428571428,1575,Malin Head
2001,36,18.685714285714287,962.8571428571429,3.2714285714285714,15.0,12.385714285714286,1.7428571428571427,1575,Malin Head
2001,37,20.442857142857143,901.4285714285714,3.1714285714285713,14.971428571428572,11.442857142857141,3.371428571428571,1575,Malin Head
2001,38,7.4142857142857155,1168.5714285714287,6.157142857142857,13.814285714285715,9.271428571428572,0.028571428571428574,1575,Malin Head
2001,39,18.02857142857143,822.8571428571429,4.2,16.228571428571428,11.742857142857144,1.957142857142857,1575,Malin Head
2001,40,20.5,622.8571428571429,2.5714285714285716,15.714285714285714,11.114285714285714,5.542857142857143,1575,Malin Head
2001,41,16.414285714285715,485.7142857142857,1.8571428571428572,15.071428571428571,11.200000000000001,2.942857142857143,1575,Malin Head
2001,42,17.385714285714286,482.85714285714283,2.557142857142857,14.657142857142858,9.528571428571428,2.685714285714286,1575,Malin Head
2001,43,15.928571428571429,381.42857142857144,2.5,13.557142857142859,10.214285714285714,1.2,1575,Malin Head
2001,44,21.428571428571427,295.7142857142857,1.6428571428571428,13.0,9.214285714285714,2.3000000000000003,1575,Malin Head
2001,45,21.7,178.57142857142858,0.19999999999999998,11.014285714285714,7.085714285714286,3.857142857142857,1575,Malin Head
2001,46,11.742857142857144,205.71428571428572,0.7142857142857143,10.785714285714286,7.871428571428572,1.2714285714285716,1575,Malin Head
2001,47,17.742857142857144,162.85714285714286,0.6714285714285714,11.785714285714286,7.1571428571428575,4.185714285714285,1575,Malin Head
2001,48,18.214285714285715,177.14285714285714,1.2,9.9,4.928571428571429,7.428571428571429,1575,Malin Head
2001,49,18.1,141.42857142857142,1.5714285714285714,10.957142857142857,6.314285714285715,7.2,1575,Malin Head
2001,50,10.657142857142858,190.0,3.757142857142857,9.614285714285714,4.442857142857143,0.07142857142857142,1575,Malin Head
2001,51,16.842857142857145,128.57142857142858,1.0142857142857142,9.014285714285714,3.9714285714285715,1.6571428571428573,1575,Malin Head
2001,52,22.728571428571428,135.71428571428572,0.7857142857142857,7.514285714285714,2.542857142857143,4.5,1575,Malin Head
2002,1,17.37142857142857,171.42857142857142,2.3285714285714287,7.371428571428572,3.6714285714285713,0.8142857142857143,1575,Malin Head
2002,2,14.799999999999999,138.57142857142858,1.4000000000000001,9.514285714285714,6.585714285714286,0.4857142857142857,1575,Malin Head
2002,3,19.8,197.14285714285714,2.0142857142857142,9.5,5.171428571428572,3.642857142857143,1575,Malin Head
2002,4,19.25714285714286,158.57142857142858,0.5857142857142856,10.085714285714285,4.985714285714286,5.628571428571428,1575,Malin Head
2002,5,23.214285714285715,254.28571428571428,1.4285714285714286,9.671428571428573,5.142857142857143,5.185714285714285,1575,Malin Head
2002,6,19.742857142857144,255.71428571428572,1.157142857142857,9.585714285714285,4.428571428571429,5.1000000000000005,1575,Malin Head
2002,7,16.67142857142857,464.2857142857143,3.142857142857143,9.542857142857143,4.814285714285715,2.3000000000000003,1575,Malin Head
2002,8,24.75714285714286,371.42857142857144,1.7,8.757142857142856,3.4285714285714284,8.485714285714286,1575,Malin Head
2002,9,18.942857142857143,650.0,3.8499999999999996,8.157142857142857,4.014285714285714,5.242857142857142,1575,Malin Head
2002,10,23.485714285714288,,,9.557142857142859,4.6000000000000005,5.5,1575,Malin Head
2002,11,19.82857142857143,,,8.242857142857144,4.571428571428571,2.985714285714286,1575,Malin Head
2002,12,11.542857142857143,,,11.828571428571427,6.442857142857143,1.842857142857143,1575,Malin Head
2002,13,13.557142857142859,,,12.142857142857142,4.971428571428571,0.014285714285714287,1575,Malin Head
2002,14,15.314285714285715,,,11.314285714285715,5.457142857142857,0.14285714285714285,1575,Malin Head
2002,15,8.585714285714285,,,10.085714285714285,4.571428571428571,0.9000000000000001,1575,Malin Head
2002,16,13.171428571428573,,,12.928571428571429,6.428571428571429,4.8,1575,Malin Head
2002,17,17.54285714285714,,,12.6,6.857142857142857,2.2,1575,Malin Head
2002,18,11.214285714285714,,,11.242857142857144,5.285714285714286,2.7714285714285714,1575,Malin Head
2002,19,8.828571428571427,,,11.657142857142857,6.871428571428572,2.342857142857143,1575,Malin Head
2002,20,17.47142857142857,,,14.771428571428572,9.028571428571428,3.2714285714285714,1575,Malin Head
2002,21,16.314285714285713,,,14.328571428571427,8.314285714285715,4.328571428571428,1575,Malin Head
2002,22,12.742857142857142,1010.0,0.35,14.214285714285714,9.214285714285714,2.6285714285714286,1575,Malin Head
2002,23,11.771428571428572,1827.142857142857,6.557142857142857,14.685714285714285,9.228571428571428,3.557142857142857,1575,Malin Head
2002,24,14.742857142857144,1615.7142857142858,4.942857142857143,14.771428571428572,9.985714285714286,6.571428571428571,1575,Malin Head
2002,25,16.771428571428572,2054.285714285714,8.6,16.342857142857145,11.228571428571428,1.7714285714285716,1575,Malin Head
2002,26,18.17142857142857,1437.142857142857,3.4714285714285715,13.728571428571428,10.885714285714286,2.257142857142857,1575,Malin Head
2002,27,12.171428571428573,1704.2857142857142,4.8999999999999995,14.185714285714285,10.571428571428571,2.7857142857142856,1575,Malin Head
2002,28,10.0,2160.0,9.257142857142856,15.37142857142857,9.457142857142857,1.5142857142857142,1575,Malin Head
2002,29,9.528571428571428,1884.2857142857142,6.285714285714286,14.957142857142857,10.985714285714286,1.9714285714285713,1575,Malin Head
2002,30,14.271428571428572,1048.5714285714287,1.7285714285714284,16.97142857142857,12.885714285714286,2.1285714285714286,1575,Malin Head
2002,31,5.985714285714286,1085.7142857142858,3.057142857142857,16.54285714285714,13.928571428571429,2.7142857142857144,1575,Malin Head
2002,32,10.4,1478.5714285714287,3.9,15.885714285714286,12.571428571428571,2.357142857142857,1575,Malin Head
2002,33,13.028571428571428,1128.5714285714287,3.471428571428571,18.057142857142857,11.671428571428573,1.3714285714285714,1575,Malin Head
2002,34,7.428571428571429,1474.2857142857142,5.757142857142857,16.057142857142857,11.37142857142857,0.7714285714285715,1575,Malin Head
2002,35,12.114285714285716,994.2857142857143,2.442857142857143,16.285714285714285,12.271428571428572,2.9428571428571426,1575,Malin Head
2002,36,14.728571428571428,1241.4285714285713,5.5,16.242857142857144,11.299999999999999,5.057142857142857,1575,Malin Head
2002,37,11.87142857142857,1152.857142857143,5.857142857142857,17.057142857142857,12.228571428571428,3.257142857142857,1575,Malin Head
2002,38,7.642857142857143,1010.0,4.714285714285714,14.814285714285715,10.5,0.04285714285714286,1575,Malin Head
2002,39,9.814285714285715,855.7142857142857,4.242857142857143,15.985714285714286,9.985714285714286,0.15714285714285717,1575,Malin Head
2002,40,12.299999999999999,447.14285714285717,1.9000000000000001,16.257142857142856,12.200000000000001,4.014285714285714,1575,Malin Head
2002,41,13.271428571428572,488.57142857142856,2.3000000000000003,13.714285714285714,10.142857142857142,2.2142857142857144,1575,Malin Head
2002,42,13.957142857142857,541.4285714285714,3.8714285714285714,10.200000000000001,7.171428571428572,2.4285714285714284,1575,Malin Head
2002,43,22.12857142857143,287.14285714285717,1.3857142857142857,9.785714285714286,5.785714285714286,10.457142857142857,1575,Malin Head
2002,44,13.771428571428572,331.42857142857144,1.9714285714285715,11.571428571428571,5.942857142857143,3.7142857142857144,1575,Malin Head
2002,45,17.32857142857143,281.42857142857144,1.8285714285714287,11.299999999999999,7.785714285714286,6.214285714285714,1575,Malin Head
2002,46,21.342857142857145,265.7142857142857,2.1285714285714286,9.171428571428573,5.442857142857143,2.314285714285714,1575,Malin Head
2002,47,18.82857142857143,234.28571428571428,1.8857142857142857,10.585714285714285,7.242857142857143,0.7285714285714285,1575,Malin Head
2002,48,17.8,184.28571428571428,1.4714285714285715,11.014285714285714,7.071428571428571,2.6571428571428575,1575,Malin Head
2002,49,16.17142857142857,138.57142857142858,0.9428571428571428,8.957142857142857,5.628571428571428,2.042857142857143,1575,Malin Head
2002,50,19.657142857142855,130.0,1.5571428571428572,6.857142857142857,4.814285714285715,0.0,1575,Malin Head
2002,51,10.1,155.71428571428572,2.142857142857143,7.3428571428571425,3.3285714285714287,1.2714285714285716,1575,Malin Head
2002,52,14.799999999999999,111.42857142857143,1.1857142857142857,9.971428571428572,6.628571428571428,1.957142857142857,1575,Malin Head
2003,1,15.928571428571429,144.28571428571428,2.3285714285714287,6.542857142857143,2.9714285714285715,3.285714285714285,1575,Malin Head
2003,2,16.342857142857145,180.0,2.257142857142857,6.242857142857143,2.6,0.5142857142857143,1575,Malin Head
2003,3,22.25714285714286,167.14285714285714,1.5714285714285714,9.585714285714285,6.585714285714286,3.0,1575,Malin Head
2003,4,19.342857142857145,187.14285714285714,1.2285714285714284,9.571428571428571,5.6000000000000005,3.414285714285714,1575,Malin Head
2003,5,26.657142857142855,227.14285714285714,1.1714285714285713,7.985714285714286,3.6142857142857143,4.428571428571429,1575,Malin Head
2003,6,18.0,302.85714285714283,1.7714285714285716,8.1,3.6571428571428575,2.2714285714285714,1575,Malin Head
2003,7,14.885714285714286,544.2857142857143,5.471428571428571,7.785714285714286,1.6285714285714286,0.6142857142857144,1575,Malin Head
2003,8,18.67142857142857,621.4285714285714,4.514285714285714,7.228571428571429,2.942857142857143,0.028571428571428574,1575,Malin Head
2003,9,16.1,497.14285714285717,2.6714285714285713,10.028571428571428,5.314285714285715,2.0285714285714285,1575,Malin Head
2003,10,18.12857142857143,580.0,2.414285714285714,10.9,5.371428571428572,3.242857142857143,1575,Malin Head
2003,11,16.557142857142857,1032.857142857143,6.028571428571429,9.328571428571427,3.0714285714285716,1.3428571428571427,1575,Malin Head
2003,12,8.614285714285714,1132.857142857143,6.471428571428571,11.657142857142857,4.814285714285715,0.028571428571428574,1575,Malin Head
2003,13,7.242857142857143,1107.142857142857,5.042857142857143,12.6,5.957142857142857,0.1142857142857143,1575,Malin Head
2003,14,14.157142857142858,1228.5714285714287,4.642857142857143,11.285714285714286,6.185714285714285,1.6428571428571428,1575,Malin Head
2003,15,11.885714285714286,1254.2857142857142,5.585714285714286,10.757142857142856,3.414285714285714,0.07142857142857142,1575,Malin Head
2003,16,14.200000000000001,1764.2857142857142,9.542857142857143,16.485714285714288,9.657142857142857,0.04285714285714286,1575,Malin Head
2003,17,15.085714285714285,1232.857142857143,4.971428571428571,11.942857142857141,7.214285714285714,2.6714285714285713,1575,Malin Head
2003,18,10.414285714285715,1322.857142857143,4.857142857142857,11.614285714285714,6.357142857142857,2.7857142857142856,1575,Malin Head
2003,19,19.542857142857144,1474.2857142857142,5.542857142857143,11.614285714285714,6.285714285714286,3.3714285714285714,1575,Malin Head
2003,20,15.714285714285714,1634.2857142857142,6.385714285714285,12.12857142857143,6.4,4.8,1575,Malin Head
2003,21,14.185714285714285,1648.5714285714287,4.8,13.042857142857143,8.685714285714287,5.228571428571429,1575,Malin Head
2003,22,8.7,1160.0,2.7142857142857144,16.414285714285715,10.942857142857141,0.7285714285714285,1575,Malin Head
2003,23,12.842857142857143,1744.2857142857142,6.828571428571428,16.4,9.6,2.685714285714286,1575,Malin Head
2003,24,13.042857142857143,1844.2857142857142,6.171428571428572,15.814285714285715,10.714285714285714,2.1,1575,Malin Head
2003,25,14.257142857142856,1665.7142857142858,4.885714285714286,16.514285714285712,11.814285714285715,0.7714285714285715,1575,Malin Head
2003,26,12.142857142857142,2048.5714285714284,8.385714285714286,17.3,11.071428571428571,3.8428571428571425,1575,Malin Head
2003,27,10.9,1472.857142857143,3.6714285714285717,15.614285714285714,12.471428571428572,0.0,1575,Malin Head
2003,28,12.657142857142857,1297.142857142857,2.7285714285714286,18.157142857142855,12.657142857142857,1.7285714285714284,1575,Malin Head
2003,29,9.0,1667.142857142857,6.6571428571428575,19.75714285714286,14.299999999999999,2.957142857142857,1575,Malin Head
2003,30,12.542857142857143,1462.857142857143,4.142857142857143,17.37142857142857,12.271428571428572,4.114285714285715,1575,Malin Head
2003,31,11.814285714285715,1207.142857142857,3.2714285714285714,17.642857142857142,12.242857142857144,4.8999999999999995,1575,Malin Head
2003,32,7.428571428571429,1541.4285714285713,6.471428571428571,20.314285714285713,14.214285714285714,1.542857142857143,1575,Malin Head
2003,33,8.77142857142857,1781.4285714285713,8.242857142857144,17.585714285714285,11.642857142857142,0.42857142857142855,1575,Malin Head
2003,34,13.985714285714286,1035.7142857142858,2.957142857142857,17.54285714285714,13.571428571428571,0.9142857142857143,1575,Malin Head
2003,35,14.228571428571428,1731.4285714285713,8.27142857142857,15.700000000000001,12.200000000000001,0.2285714285714286,1575,Malin Head
2003,36,8.1,997.1428571428571,2.857142857142857,16.842857142857145,11.042857142857143,2.0285714285714285,1575,Malin Head
2003,37,14.842857142857143,1018.5714285714286,4.228571428571429,17.642857142857142,11.87142857142857,2.457142857142857,1575,Malin Head
2003,38,10.200000000000001,627.1428571428571,1.842857142857143,16.628571428571426,11.842857142857143,2.5285714285714285,1575,Malin Head
2003,39,15.242857142857144,850.0,3.5142857142857147,13.942857142857141,8.6,1.9142857142857141,1575,Malin Head
2003,40,14.62857142857143,748.5714285714286,3.4857142857142853,13.542857142857143,8.442857142857143,2.914285714285714,1575,Malin Head
2003,41,19.842857142857145,425.7142857142857,1.042857142857143,13.885714285714286,10.414285714285715,4.114285714285714,1575,Malin Head
2003,42,14.12857142857143,721.4285714285714,5.628571428571428,13.157142857142857,8.785714285714286,0.014285714285714287,1575,Malin Head
2003,43,14.599999999999998,517.1428571428571,3.542857142857143,10.214285714285714,6.971428571428571,1.5857142857142856,1575,Malin Head
2003,44,17.114285714285714,294.2857142857143,1.2428571428571427,10.614285714285714,5.871428571428572,4.285714285714286,1575,Malin Head
2003,45,20.32857142857143,278.57142857142856,2.142857142857143,13.299999999999999,8.314285714285715,0.7285714285714285,1575,Malin Head
2003,46,16.4,284.2857142857143,2.5,11.4,7.685714285714285,2.9714285714285715,1575,Malin Head
2003,47,14.385714285714286,238.57142857142858,2.3714285714285714,10.771428571428572,6.128571428571428,2.9714285714285715,1575,Malin Head
2003,48,16.885714285714286,132.85714285714286,1.0571428571428572,9.27142857142857,3.9714285714285715,5.528571428571429,1575,Malin Head
2003,49,13.185714285714285,177.14285714285714,1.9000000000000001,9.785714285714286,4.742857142857143,0.34285714285714286,1575,Malin Head
2003,50,19.8,141.42857142857142,1.457142857142857,9.5,4.757142857142857,1.9428571428571428,1575,Malin Head
2003,51,17.6,115.71428571428571,0.37142857142857144,8.871428571428572,4.514285714285714,3.8285714285714287,1575,Malin Head
2003,52,18.942857142857143,82.85714285714286,0.3428571428571429,9.014285714285714,5.4,5.957142857142857,1575,Malin Head
2004,1,15.985714285714286,102.85714285714286,0.8571428571428571,7.585714285714286,3.3857142857142857,7.228571428571429,1575,Malin Head
2004,2,19.67142857142857,124.28571428571429,0.8857142857142858,10.214285714285714,5.871428571428572,4.371428571428571,1575,Malin Head
2004,3,16.3,164.28571428571428,1.0999999999999999,7.857142857142857,3.1999999999999997,4.5285714285714285,1575,Malin Head
2004,4,15.785714285714286,175.71428571428572,1.1999999999999997,9.085714285714285,6.357142857142857,3.2285714285714286,1575,Malin Head
2004,5,18.242857142857144,234.28571428571428,0.8142857142857143,6.971428571428571,3.2142857142857144,5.942857142857143,1575,Malin Head
2004,6,24.642857142857142,268.57142857142856,2.1,10.714285714285714,6.528571428571429,4.3,1575,Malin Head
2004,7,11.028571428571428,450.0,2.9857142857142853,9.585714285714285,4.328571428571428,0.08571428571428572,1575,Malin Head
2004,8,12.814285714285715,552.8571428571429,4.642857142857143,8.028571428571428,2.3714285714285714,0.08571428571428572,1575,Malin Head
2004,9,19.071428571428573,594.2857142857143,3.5142857142857147,6.2,1.6142857142857143,1.8285714285714287,1575,Malin Head
2004,10,12.842857142857143,841.4285714285714,5.614285714285714,9.185714285714285,2.814285714285714,0.9,1575,Malin Head
2004,11,18.571428571428573,808.5714285714286,4.585714285714286,7.814285714285715,2.357142857142857,0.942857142857143,1575,Malin Head
2004,12,20.057142857142857,774.2857142857143,3.557142857142857,10.614285714285714,5.557142857142857,4.685714285714285,1575,Malin Head
2004,13,16.585714285714285,1027.142857142857,4.228571428571429,9.314285714285715,6.1000000000000005,1.157142857142857,1575,Malin Head
2004,14,16.728571428571428,1157.142857142857,5.214285714285714,11.6,6.728571428571429,1.9285714285714286,1575,Malin Head
2004,15,14.571428571428571,1230.0,4.642857142857143,9.842857142857143,5.671428571428572,1.5142857142857142,1575,Malin Head
2004,16,13.042857142857143,1191.4285714285713,4.671428571428572,10.842857142857143,5.5,5.057142857142858,1575,Malin Head
2004,17,15.028571428571428,1184.2857142857142,4.342857142857143,13.171428571428573,7.485714285714286,1.9142857142857144,1575,Malin Head
2004,18,15.200000000000001,1701.4285714285713,7.0,11.614285714285714,7.785714285714286,0.4428571428571428,1575,Malin Head
2004,19,12.557142857142859,1622.857142857143,5.7,11.1,6.742857142857143,4.071428571428571,1575,Malin Head
2004,20,8.685714285714285,1285.7142857142858,2.585714285714286,12.799999999999999,9.442857142857141,0.014285714285714287,1575,Malin Head
2004,21,12.742857142857144,2448.5714285714284,10.828571428571427,13.085714285714285,8.0,0.5571428571428572,1575,Malin Head
2004,22,10.214285714285714,1841.4285714285713,6.914285714285714,15.428571428571429,8.6,0.2285714285714286,1575,Malin Head
2004,23,12.028571428571428,1768.5714285714287,4.628571428571428,15.528571428571428,11.042857142857143,1.957142857142857,1575,Malin Head
2004,24,13.1,1804.2857142857142,5.8,16.97142857142857,12.085714285714285,2.228571428571428,1575,Malin Head
2004,25,16.785714285714285,1560.0,3.5142857142857147,14.685714285714285,11.0,1.2714285714285716,1575,Malin Head
2004,26,16.185714285714287,1880.0,7.571428571428571,15.257142857142856,9.614285714285714,8.328571428571427,1575,Malin Head
2004,27,15.057142857142859,1734.2857142857142,4.714285714285714,15.62857142857143,10.957142857142857,5.314285714285714,1575,Malin Head
2004,28,10.057142857142859,2021.4285714285713,7.1571428571428575,14.971428571428572,10.9,1.1142857142857143,1575,Malin Head
2004,29,11.299999999999999,1720.0,5.2,16.785714285714285,10.842857142857143,2.4714285714285715,1575,Malin Head
2004,30,13.12857142857143,1314.2857142857142,3.414285714285714,17.014285714285712,11.442857142857141,5.471428571428571,1575,Malin Head
2004,31,8.042857142857143,1431.4285714285713,4.7,18.400000000000002,12.799999999999999,1.4000000000000001,1575,Malin Head
2004,32,12.200000000000001,1237.142857142857,3.5142857142857147,19.928571428571427,13.885714285714286,0.2571428571428572,1575,Malin Head
2004,33,7.257142857142857,1167.142857142857,4.228571428571429,18.32857142857143,13.9,2.685714285714286,1575,Malin Head
2004,34,13.671428571428569,1324.2857142857142,6.042857142857143,16.428571428571427,12.757142857142856,3.9285714285714284,1575,Malin Head
2004,35,14.471428571428572,1068.5714285714287,3.942857142857143,16.142857142857142,13.0,4.571428571428571,1575,Malin Head
2004,36,10.799999999999999,914.2857142857143,2.7,17.54285714285714,12.357142857142858,0.8857142857142858,1575,Malin Head
2004,37,13.200000000000001,1230.0,6.385714285714285,17.742857142857144,11.928571428571429,6.0,1575,Malin Head
2004,38,20.614285714285717,822.8571428571429,3.2142857142857144,14.9,10.142857142857142,6.742857142857142,1575,Malin Head
2004,39,19.542857142857144,717.1428571428571,2.914285714285714,13.971428571428572,10.928571428571429,3.542857142857143,1575,Malin Head
2004,40,15.299999999999999,541.4285714285714,1.757142857142857,14.771428571428572,9.771428571428572,5.542857142857144,1575,Malin Head
2004,41,17.15714285714286,811.4285714285714,5.271428571428571,12.285714285714286,8.828571428571427,3.257142857142857,1575,Malin Head
2004,42,15.571428571428571,400.0,1.2857142857142858,11.857142857142858,8.414285714285715,0.8571428571428571,1575,Malin Head
2004,43,12.414285714285715,482.85714285714283,2.4,10.657142857142857,4.785714285714286,6.828571428571428,1575,Malin Head
2004,44,15.057142857142855,358.57142857142856,2.2857142857142856,12.1,9.171428571428573,1.8857142857142857,1575,Malin Head
2004,45,12.757142857142856,197.14285714285714,0.5428571428571429,11.385714285714286,8.757142857142856,3.357142857142857,1575,Malin Head
2004,46,18.17142857142857,231.42857142857142,1.3571428571428572,11.057142857142859,8.742857142857144,1.7285714285714284,1575,Malin Head
2004,47,16.02857142857143,140.0,0.37142857142857144,9.757142857142856,5.614285714285714,6.885714285714285,1575,Malin Head
2004,48,14.62857142857143,140.0,0.6142857142857142,10.685714285714285,8.328571428571427,1.542857142857143,1575,Malin Head
2004,49,12.6,175.71428571428572,1.4857142857142858,9.757142857142856,5.914285714285714,1.5999999999999999,1575,Malin Head
2004,50,13.799999999999999,138.57142857142858,1.5,10.657142857142857,6.528571428571429,0.7000000000000001,1575,Malin Head
2004,51,20.885714285714283,130.0,1.4142857142857141,8.985714285714286,4.942857142857143,5.3999999999999995,1575,Malin Head
2004,52,23.37142857142857,105.71428571428571,0.2285714285714286,9.1,4.928571428571429,8.628571428571428,1575,Malin Head
2004,53,20.642857142857142,88.57142857142857,0.5142857142857142,9.928571428571429,3.957142857142857,7.5,1575,Malin Head
2005,1,23.485714285714288,108.57142857142857,0.5,10.885714285714286,5.828571428571428,8.842857142857143,1575,Malin Head
2005,2,21.457142857142856,191.42857142857142,1.8285714285714287,10.142857142857142,5.714285714285714,1.5999999999999999,1575,Malin Head
2005,3,20.099999999999998,142.85714285714286,0.4142857142857143,8.2,2.442857142857143,4.8999999999999995,1575,Malin Head
2005,4,17.1,244.28571428571428,1.3571428571428572,8.685714285714285,6.971428571428571,0.8857142857142858,1575,Malin Head
2005,5,14.014285714285714,235.71428571428572,0.5,8.814285714285715,5.671428571428572,1.9857142857142858,1575,Malin Head
2005,6,20.385714285714283,372.85714285714283,2.6,8.957142857142857,3.9714285714285715,6.314285714285715,1575,Malin Head
2005,7,14.742857142857144,448.57142857142856,2.314285714285714,7.971428571428571,4.914285714285714,1.1428571428571428,1575,Malin Head
2005,8,14.5,565.7142857142857,3.757142857142857,5.8999999999999995,3.442857142857143,0.6428571428571429,1575,Malin Head
2005,9,17.2,792.8571428571429,4.514285714285714,7.771428571428572,3.5,1.342857142857143,1575,Malin Head
2005,10,13.785714285714286,708.5714285714286,2.6571428571428575,7.642857142857143,4.114285714285715,1.0,1575,Malin Head
2005,11,13.357142857142858,735.7142857142857,3.1714285714285713,12.971428571428572,8.114285714285714,4.885714285714286,1575,Malin Head
2005,12,12.857142857142858,902.8571428571429,4.0285714285714285,12.5,8.785714285714286,2.1285714285714286,1575,Malin Head
2005,13,11.6,822.8571428571429,2.814285714285714,11.242857142857144,6.971428571428571,0.8142857142857143,1575,Malin Head
2005,14,18.985714285714288,1250.0,5.071428571428571,9.728571428571428,4.828571428571428,2.2857142857142856,1575,Malin Head
2005,15,14.571428571428571,1101.4285714285713,3.9,9.614285714285714,5.085714285714286,5.228571428571429,1575,Malin Head
2005,16,12.242857142857144,1405.7142857142858,6.071428571428571,10.285714285714286,5.442857142857143,1.8714285714285714,1575,Malin Head
2005,17,13.1,1518.5714285714287,6.814285714285715,13.87142857142857,7.542857142857143,2.142857142857143,1575,Malin Head
2005,18,14.685714285714285,1474.2857142857142,5.3999999999999995,11.828571428571427,7.957142857142857,2.757142857142857,1575,Malin Head
2005,19,8.985714285714286,2202.8571428571427,9.428571428571429,11.714285714285714,6.028571428571429,0.17142857142857143,1575,Malin Head
2005,20,10.357142857142858,1560.0,5.085714285714286,12.62857142857143,6.371428571428572,2.2,1575,Malin Head
2005,21,11.27142857142857,1602.857142857143,5.485714285714286,12.742857142857144,7.514285714285714,4.942857142857143,1575,Malin Head
2005,22,8.028571428571428,1548.5714285714287,4.242857142857143,14.214285714285714,8.985714285714286,7.714285714285714,1575,Malin Head
2005,23,8.985714285714286,1858.5714285714287,6.628571428571428,14.385714285714286,9.857142857142858,0.08571428571428572,1575,Malin Head
2005,24,8.342857142857143,1067.142857142857,2.042857142857143,15.742857142857144,11.5,2.4285714285714284,1575,Malin Head
2005,25,9.342857142857143,2105.714285714286,6.157142857142857,17.014285714285716,12.271428571428572,1.157142857142857,1575,Malin Head
2005,26,8.542857142857143,1525.7142857142858,3.5714285714285716,17.271428571428572,11.9,1.3285714285714287,1575,Malin Head
2005,27,7.071428571428571,1561.4285714285713,3.2285714285714286,15.914285714285715,11.700000000000001,0.8142857142857142,1575,Malin Head
2005,28,7.3999999999999995,1307.142857142857,2.342857142857143,17.128571428571426,13.314285714285715,1.1857142857142857,1575,Malin Head
2005,29,11.1,1645.7142857142858,3.971428571428571,15.914285714285715,12.442857142857141,1.0285714285714285,1575,Malin Head
2005,30,7.3428571428571425,1404.2857142857142,3.1142857142857143,14.928571428571429,11.214285714285714,0.24285714285714288,1575,Malin Head
2005,31,9.885714285714286,1745.7142857142858,6.885714285714286,16.157142857142855,11.785714285714286,0.9285714285714286,1575,Malin Head
2005,32,6.928571428571429,1232.857142857143,2.9428571428571426,16.614285714285714,12.728571428571428,2.5714285714285716,1575,Malin Head
2005,33,8.685714285714285,1062.857142857143,3.257142857142857,18.071428571428573,13.571428571428571,5.728571428571429,1575,Malin Head
2005,34,14.385714285714286,1180.0,4.257142857142857,16.0,11.742857142857144,7.2,1575,Malin Head
2005,35,8.971428571428572,1218.5714285714287,5.6000000000000005,19.057142857142857,11.799999999999999,1.8571428571428572,1575,Malin Head
2005,36,9.228571428571428,901.4285714285714,2.9428571428571426,17.17142857142857,13.014285714285714,1.5857142857142859,1575,Malin Head
2005,37,13.542857142857143,874.2857142857143,2.757142857142857,16.357142857142858,11.585714285714285,2.314285714285714,1575,Malin Head
2005,38,13.857142857142858,675.7142857142857,2.8285714285714287,16.485714285714284,11.185714285714285,2.3857142857142857,1575,Malin Head
2005,39,18.914285714285715,641.4285714285714,2.8285714285714287,14.585714285714285,9.9,7.385714285714286,1575,Malin Head
2005,40,13.957142857142856,522.8571428571429,2.3714285714285714,14.428571428571429,9.5,1.4714285714285715,1575,Malin Head
2005,41,11.6,552.8571428571429,3.1142857142857143,13.77142857142857,9.057142857142859,2.6999999999999997,1575,Malin Head
2005,42,9.714285714285714,421.42857142857144,2.257142857142857,13.571428571428571,9.5,4.871428571428572,1575,Malin Head
2005,43,15.857142857142858,317.14285714285717,1.8571428571428572,15.842857142857143,10.357142857142858,6.271428571428571,1575,Malin Head
2005,44,13.6,341.42857142857144,2.5714285714285716,12.714285714285714,7.828571428571428,4.3428571428571425,1575,Malin Head
2005,45,18.485714285714288,282.85714285714283,1.6285714285714286,11.414285714285715,6.957142857142857,6.671428571428572,1575,Malin Head
2005,46,11.671428571428573,292.85714285714283,3.1999999999999997,9.485714285714286,4.571428571428571,0.7428571428571429,1575,Malin Head
2005,47,20.599999999999998,217.14285714285714,2.414285714285714,9.6,3.2428571428571433,1.7714285714285716,1575,Malin Head
2005,48,12.385714285714286,124.28571428571429,0.6714285714285715,8.842857142857143,5.271428571428571,6.171428571428572,1575,Malin Head
2005,49,12.1,118.57142857142857,1.0142857142857142,10.342857142857143,6.428571428571429,3.4,1575,Malin Head
2005,50,16.157142857142855,90.0,0.24285714285714285,9.642857142857142,5.671428571428572,1.5999999999999999,1575,Malin Head
2005,51,13.142857142857142,150.0,1.5285714285714287,9.442857142857141,5.428571428571429,1.1714285714285713,1575,Malin Head
2005,52,15.714285714285714,144.28571428571428,1.5857142857142856,7.114285714285714,2.5285714285714285,4.428571428571429,1575,Malin Head
2006,1,14.200000000000001,141.42857142857142,0.7285714285714285,7.2,2.6142857142857143,0.8285714285714285,1575,Malin Head
2006,2,21.52857142857143,164.28571428571428,1.757142857142857,9.87142857142857,5.114285714285714,3.3000000000000003,1575,Malin Head
2006,3,18.114285714285714,141.42857142857142,0.38571428571428573,9.657142857142857,6.071428571428571,5.5,1575,Malin Head
2006,4,10.071428571428571,267.14285714285717,2.1285714285714286,7.542857142857143,3.5,0.028571428571428574,1575,Malin Head
2006,5,8.3,352.85714285714283,3.642857142857143,7.942857142857143,2.5714285714285716,0.0,1575,Malin Head
2006,6,18.428571428571427,347.14285714285717,2.2857142857142856,8.485714285714286,4.1,2.5428571428571423,1575,Malin Head
2006,7,15.142857142857142,545.7142857142857,4.271428571428571,9.242857142857144,3.557142857142857,2.5285714285714285,1575,Malin Head
2006,8,19.842857142857145,665.7142857142857,5.0,7.471428571428571,5.0,0.014285714285714287,1575,Malin Head
2006,9,16.985714285714288,625.0,2.95,5.571428571428571,1.2857142857142858,2.2714285714285714,1575,Malin Head
2006,10,13.37142857142857,,,9.042857142857143,4.1571428571428575,7.3999999999999995,1575,Malin Head
2006,11,20.47142857142857,,,7.814285714285715,5.085714285714286,1.3571428571428572,1575,Malin Head
2006,12,16.485714285714288,,,9.114285714285716,4.114285714285715,3.142857142857143,1575,Malin Head
2006,13,14.214285714285714,,,11.214285714285714,5.614285714285714,2.2857142857142856,1575,Malin Head
2006,14,19.385714285714283,,,8.542857142857143,3.1285714285714286,2.5285714285714285,1575,Malin Head
2006,15,16.47142857142857,,,10.957142857142857,5.928571428571429,2.871428571428571,1575,Malin Head
2006,16,10.071428571428571,,,11.200000000000001,5.357142857142857,2.0142857142857142,1575,Malin Head
2006,17,14.714285714285714,,,11.62857142857143,7.242857142857143,2.0714285714285716,1575,Malin Head
2006,18,18.442857142857143,,,13.757142857142856,7.1000000000000005,2.0,1575,Malin Head
2006,19,11.085714285714285,,,13.87142857142857,8.4,0.9,1575,Malin Head
2006,20,16.342857142857145,,,13.657142857142857,8.685714285714285,4.971428571428571,1575,Malin Head
2006,21,18.642857142857142,,,12.414285714285715,7.028571428571429,2.5285714285714285,1575,Malin Head
2006,22,13.428571428571429,,,13.357142857142858,8.914285714285715,0.15714285714285717,1575,Malin Head
2006,23,11.557142857142855,,,20.099999999999998,12.685714285714285,0.014285714285714287,1575,Malin Head
2006,24,9.728571428571428,,,16.428571428571427,11.37142857142857,4.5285714285714285,1575,Malin Head
2006,25,16.557142857142857,,,13.914285714285715,10.214285714285714,2.8,1575,Malin Head
2006,26,8.571428571428571,,,18.228571428571428,11.114285714285714,1.8571428571428572,1575,Malin Head
2006,27,11.12857142857143,,,16.514285714285712,12.085714285714285,2.242857142857143,1575,Malin Head
2006,28,11.771428571428572,,,18.3,11.385714285714286,0.6857142857142857,1575,Malin Head
2006,29,9.657142857142857,,,22.5,14.4,0.9714285714285714,1575,Malin Head
2006,30,8.7,,,19.62857142857143,14.1,5.142857142857143,1575,Malin Head
2006,31,15.085714285714285,,,18.114285714285717,13.757142857142856,2.6,1575,Malin Head
2006,32,16.314285714285713,,,15.700000000000001,12.528571428571428,1.8,1575,Malin Head
2006,33,9.742857142857144,,,16.32857142857143,12.785714285714286,1.4714285714285715,1575,Malin Head
2006,34,12.242857142857144,,,17.17142857142857,12.1,1.9000000000000001,1575,Malin Head
2006,35,14.1,,,16.928571428571427,12.014285714285714,5.514285714285714,1575,Malin Head
2006,36,11.385714285714286,,,18.214285714285715,11.571428571428571,3.8857142857142857,1575,Malin Head
2006,37,10.571428571428571,,,18.857142857142858,12.0,0.5714285714285714,1575,Malin Head
2006,38,16.885714285714286,,,17.8,12.685714285714285,7.8,1575,Malin Head
2006,39,12.885714285714284,,,16.642857142857142,11.271428571428572,2.3857142857142857,1575,Malin Head
2006,40,18.52857142857143,,,14.885714285714286,10.971428571428572,4.328571428571428,1575,Malin Head
2006,41,15.385714285714286,,,16.228571428571428,10.257142857142856,2.914285714285714,1575,Malin Head
2006,42,8.77142857142857,,,14.714285714285714,10.0,1.957142857142857,1575,Malin Head
2006,43,14.971428571428572,,,13.657142857142858,8.971428571428572,7.1000000000000005,1575,Malin Head
2006,44,17.97142857142857,,,12.4,7.6571428571428575,1.5142857142857142,1575,Malin Head
2006,45,18.857142857142858,,,12.185714285714285,8.328571428571427,4.1,1575,Malin Head
2006,46,18.900000000000002,,,9.342857142857143,4.385714285714285,8.242857142857142,1575,Malin Head
2006,47,21.071428571428573,,,10.042857142857143,5.514285714285714,9.442857142857141,1575,Malin Head
2006,48,24.357142857142858,,,11.471428571428572,6.8,5.385714285714286,1575,Malin Head
2006,49,20.214285714285715,,,10.028571428571428,6.014285714285714,7.171428571428572,1575,Malin Head
2006,50,20.428571428571427,,,10.014285714285714,5.742857142857143,9.785714285714286,1575,Malin Head
2006,51,9.257142857142856,,,7.457142857142857,2.4714285714285715,0.014285714285714287,1575,Malin Head
2006,52,16.857142857142858,,,9.114285714285716,5.671428571428572,5.9,1575,Malin Head
2007,1,20.599999999999998,148.57142857142858,1.6428571428571428,9.799999999999999,6.485714285714286,7.542857142857143,1575,Malin Head
2007,2,26.157142857142855,145.71428571428572,0.8857142857142858,10.885714285714286,5.514285714285714,6.757142857142857,1575,Malin Head
2007,3,21.614285714285717,157.14285714285714,0.8428571428571429,8.914285714285715,3.357142857142857,8.357142857142858,1575,Malin Head
2007,4,19.085714285714285,245.71428571428572,1.4714285714285713,8.371428571428572,5.242857142857143,0.8428571428571429,1575,Malin Head
2007,5,13.885714285714286,321.42857142857144,2.457142857142857,9.799999999999999,5.228571428571429,0.4428571428571429,1575,Malin Head
2007,6,17.514285714285712,420.0,3.1571428571428575,6.342857142857143,2.1,2.6285714285714286,1575,Malin Head
2007,7,15.428571428571429,437.14285714285717,2.6,9.471428571428572,4.314285714285714,1.2571428571428573,1575,Malin Head
2007,8,15.328571428571431,424.2857142857143,1.4285714285714286,10.471428571428572,6.542857142857143,1.2285714285714284,1575,Malin Head
2007,9,18.957142857142856,550.0,3.1,10.057142857142859,4.457142857142857,5.3999999999999995,1575,Malin Head
2007,10,20.585714285714285,524.2857142857143,1.7,10.528571428571428,5.542857142857143,3.185714285714286,1575,Malin Head
2007,11,21.914285714285715,671.4285714285714,3.1285714285714286,10.085714285714285,5.085714285714286,3.0,1575,Malin Head
2007,12,16.82857142857143,1048.5714285714287,5.742857142857142,9.485714285714286,2.942857142857143,1.3142857142857143,1575,Malin Head
2007,13,11.1,1417.142857142857,7.971428571428571,9.985714285714286,4.7,0.08571428571428572,1575,Malin Head
2007,14,8.771428571428572,1441.4285714285713,6.5,11.457142857142857,5.142857142857143,0.07142857142857142,1575,Malin Head
2007,15,11.285714285714286,1222.857142857143,4.671428571428572,15.37142857142857,8.242857142857144,0.24285714285714285,1575,Malin Head
2007,16,12.714285714285714,1330.0,5.614285714285714,13.642857142857142,8.285714285714286,1.5857142857142859,1575,Malin Head
2007,17,12.5,1548.5714285714287,7.014285714285714,14.5,8.071428571428571,2.757142857142857,1575,Malin Head
2007,18,11.914285714285715,2151.4285714285716,10.085714285714285,14.442857142857141,8.171428571428573,1.042857142857143,1575,Malin Head
2007,19,14.185714285714285,1912.857142857143,7.700000000000001,12.885714285714286,7.8999999999999995,4.6571428571428575,1575,Malin Head
2007,20,15.057142857142859,1595.7142857142858,5.757142857142857,12.985714285714286,8.685714285714285,7.957142857142857,1575,Malin Head
2007,21,15.257142857142856,2047.142857142857,7.457142857142857,13.257142857142856,8.285714285714286,0.8285714285714285,1575,Malin Head
2007,22,12.528571428571428,1898.5714285714287,8.342857142857143,15.314285714285715,8.757142857142856,2.2857142857142856,1575,Malin Head
2007,23,7.128571428571428,2838.5714285714284,13.728571428571428,15.985714285714286,11.228571428571428,0.0,1575,Malin Head
2007,24,12.828571428571427,1481.4285714285713,3.757142857142857,15.057142857142859,11.328571428571427,1.2,1575,Malin Head
2007,25,12.157142857142857,1795.7142857142858,5.1000000000000005,15.814285714285715,11.842857142857143,3.071428571428572,1575,Malin Head
2007,26,14.414285714285715,1758.5714285714287,4.985714285714286,14.757142857142856,9.842857142857143,5.428571428571429,1575,Malin Head
2007,27,11.4,1560.0,3.642857142857143,15.642857142857142,11.9,5.557142857142857,1575,Malin Head
2007,28,10.671428571428573,1718.5714285714287,6.014285714285714,15.585714285714285,11.62857142857143,4.128571428571429,1575,Malin Head
2007,29,6.828571428571428,2132.8571428571427,9.4,16.285714285714285,10.814285714285715,0.42857142857142855,1575,Malin Head
2007,30,11.62857142857143,1917.142857142857,8.22857142857143,16.771428571428572,12.214285714285714,3.857142857142857,1575,Malin Head
2007,31,12.457142857142857,1478.5714285714287,5.085714285714286,17.47142857142857,11.671428571428573,1.7285714285714284,1575,Malin Head
2007,32,10.471428571428572,1187.142857142857,3.4142857142857146,16.114285714285714,12.200000000000001,4.6,1575,Malin Head
2007,33,14.542857142857143,1180.0,4.128571428571428,15.328571428571427,11.342857142857143,2.685714285714286,1575,Malin Head
2007,34,12.428571428571429,1291.4285714285713,4.171428571428572,16.114285714285714,12.585714285714285,2.914285714285714,1575,Malin Head
2007,35,14.014285714285714,1108.5714285714287,3.5285714285714285,16.214285714285715,13.142857142857142,2.2142857142857144,1575,Malin Head
2007,36,10.5,994.2857142857143,3.3428571428571425,16.8,12.671428571428573,0.6714285714285715,1575,Malin Head
2007,37,13.471428571428573,885.7142857142857,3.2857142857142856,16.7,11.714285714285714,5.028571428571429,1575,Malin Head
2007,38,16.22857142857143,937.1428571428571,3.9285714285714284,15.228571428571428,10.114285714285714,3.4285714285714284,1575,Malin Head
2007,39,13.557142857142859,860.0,3.942857142857143,13.0,9.328571428571427,1.4571428571428573,1575,Malin Head
2007,40,10.557142857142859,681.4285714285714,3.4142857142857146,15.728571428571428,10.728571428571428,1.6857142857142855,1575,Malin Head
2007,41,11.328571428571427,598.5714285714286,3.1999999999999997,16.357142857142858,12.042857142857143,1.9,1575,Malin Head
2007,42,13.185714285714285,551.4285714285714,3.142857142857143,13.842857142857143,9.614285714285714,1.0714285714285714,1575,Malin Head
2007,43,14.828571428571427,442.85714285714283,3.385714285714286,13.514285714285714,8.585714285714285,5.6000000000000005,1575,Malin Head
2007,44,14.385714285714286,261.42857142857144,0.8285714285714285,13.885714285714286,10.057142857142859,1.0142857142857142,1575,Malin Head
2007,45,22.228571428571428,217.14285714285714,0.8142857142857142,12.828571428571427,9.214285714285714,1.6428571428571428,1575,Malin Head
2007,46,14.285714285714286,170.0,0.5,11.142857142857142,6.457142857142857,4.214285714285714,1575,Malin Head
2007,47,21.542857142857144,115.71428571428571,0.18571428571428572,9.814285714285715,6.971428571428571,2.2714285714285714,1575,Malin Head
2007,48,14.057142857142855,124.28571428571429,0.37142857142857144,11.014285714285714,7.257142857142857,8.5,1575,Malin Head
2007,49,20.67142857142857,101.42857142857143,0.37142857142857144,11.014285714285714,5.971428571428571,7.1000000000000005,1575,Malin Head
2007,50,17.5,130.0,0.8142857142857143,9.342857142857143,6.1000000000000005,0.21428571428571427,1575,Malin Head
2007,51,11.742857142857142,151.42857142857142,2.5285714285714285,7.042857142857143,2.5285714285714285,0.6428571428571429,1575,Malin Head
2007,52,16.128571428571426,137.14285714285714,1.0142857142857142,9.87142857142857,4.642857142857143,5.028571428571429,1575,Malin Head
2008,1,17.47142857142857,128.57142857142858,1.0857142857142859,7.942857142857143,3.6999999999999997,4.271428571428571,1575,Malin Head
2008,2,16.442857142857143,150.0,1.542857142857143,8.071428571428571,3.1999999999999997,4.8999999999999995,1575,Malin Head
2008,3,13.285714285714286,134.28571428571428,0.24285714285714285,8.542857142857143,4.557142857142857,4.585714285714286,1575,Malin Head
2008,4,21.928571428571427,134.28571428571428,0.5142857142857143,10.357142857142858,5.8428571428571425,9.1,1575,Malin Head
2008,5,24.728571428571428,225.71428571428572,0.8571428571428571,8.371428571428572,3.1999999999999997,6.771428571428571,1575,Malin Head
2008,6,18.04285714285714,297.14285714285717,1.7428571428571427,10.1,5.8,3.6571428571428575,1575,Malin Head
2008,7,9.614285714285714,571.4285714285714,6.571428571428571,9.385714285714286,3.2857142857142856,0.0,1575,Malin Head
2008,8,21.214285714285715,421.42857142857144,2.0571428571428574,9.114285714285714,3.871428571428571,3.3000000000000003,1575,Malin Head
2008,9,25.47142857142857,472.85714285714283,1.957142857142857,10.014285714285714,5.371428571428572,4.942857142857143,1575,Malin Head
2008,10,21.557142857142857,580.0,2.414285714285714,8.714285714285714,4.0,6.471428571428571,1575,Malin Head
2008,11,20.900000000000002,780.0,3.8285714285714287,8.700000000000001,4.142857142857143,5.857142857142857,1575,Malin Head
2008,12,21.514285714285712,858.5714285714286,3.8857142857142857,8.042857142857143,4.285714285714286,1.8571428571428572,1575,Malin Head
2008,13,16.7,975.7142857142857,3.8428571428571425,9.214285714285714,4.3428571428571425,4.214285714285714,1575,Malin Head
2008,14,21.685714285714287,974.2857142857143,3.7285714285714286,9.857142857142858,5.542857142857143,2.1142857142857143,1575,Malin Head
2008,15,13.0,1540.0,7.085714285714286,8.7,3.8428571428571425,1.5857142857142856,1575,Malin Head
2008,16,20.5,1905.7142857142858,9.928571428571429,9.5,4.957142857142857,0.4,1575,Malin Head
2008,17,15.228571428571428,1484.2857142857142,6.114285714285714,13.885714285714286,7.2,1.3,1575,Malin Head
2008,18,14.442857142857141,1668.5714285714287,7.071428571428571,13.228571428571428,7.614285714285714,3.2714285714285714,1575,Malin Head
2008,19,11.828571428571427,1852.857142857143,8.171428571428573,17.32857142857143,10.757142857142856,0.17142857142857146,1575,Malin Head
2008,20,12.042857142857143,2242.8571428571427,10.742857142857144,12.585714285714285,8.657142857142857,0.0,1575,Malin Head
2008,21,16.557142857142857,1748.5714285714287,6.928571428571429,14.214285714285714,8.4,0.5285714285714286,1575,Malin Head
2008,22,10.028571428571428,2271.4285714285716,9.028571428571428,14.942857142857141,9.671428571428573,0.0,1575,Malin Head
2008,23,9.557142857142859,2014.2857142857142,7.685714285714286,15.771428571428572,9.042857142857143,1.7857142857142858,1575,Malin Head
2008,24,14.885714285714286,1901.4285714285713,5.2,14.471428571428572,10.414285714285715,0.9857142857142858,1575,Malin Head
2008,25,16.6,1605.7142857142858,5.085714285714286,14.842857142857143,9.457142857142857,5.0857142857142845,1575,Malin Head
2008,26,17.7,1655.7142857142858,5.371428571428572,15.971428571428572,11.485714285714286,2.5285714285714285,1575,Malin Head
2008,27,14.357142857142858,1132.857142857143,3.3428571428571425,16.3,11.814285714285715,6.242857142857143,1575,Malin Head
2008,28,15.171428571428573,1657.142857142857,4.242857142857143,15.285714285714286,10.5,1.8857142857142857,1575,Malin Head
2008,29,17.4,1461.4285714285713,4.614285714285714,15.62857142857143,12.442857142857141,6.642857142857143,1575,Malin Head
2008,30,10.37142857142857,1315.7142857142858,4.128571428571428,18.985714285714288,13.971428571428572,0.7571428571428571,1575,Malin Head
2008,31,11.857142857142858,1368.5714285714287,5.085714285714286,18.814285714285713,13.87142857142857,6.371428571428572,1575,Malin Head
2008,32,13.028571428571428,1275.7142857142858,3.2285714285714286,16.514285714285712,12.885714285714286,2.8285714285714287,1575,Malin Head
2008,33,12.028571428571428,1205.7142857142858,3.585714285714286,16.914285714285715,11.814285714285715,6.771428571428571,1575,Malin Head
2008,34,14.4,1158.5714285714287,4.385714285714286,16.714285714285715,12.457142857142857,1.7,1575,Malin Head
2008,35,13.057142857142859,737.1428571428571,1.7,17.32857142857143,13.728571428571428,2.6714285714285713,1575,Malin Head
2008,36,12.942857142857141,1430.0,7.628571428571428,14.842857142857143,10.171428571428573,2.3000000000000003,1575,Malin Head
2008,37,12.671428571428573,788.5714285714286,2.6571428571428575,16.557142857142857,11.042857142857143,3.642857142857143,1575,Malin Head
2008,38,11.985714285714286,582.8571428571429,1.3285714285714287,15.257142857142856,11.814285714285715,1.8142857142857143,1575,Malin Head
2008,39,9.228571428571428,791.4285714285714,3.4571428571428577,15.171428571428573,10.171428571428573,0.6428571428571429,1575,Malin Head
2008,40,20.599999999999998,598.5714285714286,2.0714285714285716,12.285714285714286,8.22857142857143,6.914285714285714,1575,Malin Head
2008,41,15.22857142857143,481.42857142857144,2.2142857142857144,14.671428571428573,8.657142857142857,4.128571428571429,1575,Malin Head
2008,42,16.12857142857143,578.5714285714286,3.1,13.285714285714286,9.128571428571428,2.3000000000000003,1575,Malin Head
2008,43,24.47142857142857,415.7142857142857,2.5714285714285716,12.414285714285715,7.314285714285715,7.828571428571428,1575,Malin Head
2008,44,16.12857142857143,372.85714285714283,2.357142857142857,9.0,4.814285714285715,4.0,1575,Malin Head
2008,45,12.714285714285714,278.57142857142856,1.757142857142857,10.242857142857144,6.114285714285715,4.128571428571428,1575,Malin Head
2008,46,19.457142857142856,220.0,0.9142857142857144,11.028571428571428,7.714285714285714,4.5285714285714285,1575,Malin Head
2008,47,22.900000000000002,140.0,0.37142857142857144,10.614285714285714,7.242857142857143,3.1285714285714286,1575,Malin Head
2008,48,17.985714285714288,220.0,2.242857142857143,8.471428571428572,4.785714285714286,4.685714285714285,1575,Malin Head
2008,49,15.985714285714284,198.57142857142858,2.557142857142857,7.542857142857143,2.0,2.5714285714285716,1575,Malin Head
2008,50,15.557142857142859,124.28571428571429,0.6571428571428571,8.142857142857142,3.1142857142857143,5.357142857142857,1575,Malin Head
2008,51,22.7,81.42857142857143,0.1285714285714286,11.357142857142858,5.357142857142857,4.314285714285714,1575,Malin Head
2008,52,9.9,150.0,2.4285714285714284,8.314285714285713,4.614285714285714,0.0,1575,Malin Head
2009,1,10.071428571428571,161.42857142857142,1.8857142857142857,4.914285714285714,1.342857142857143,0.0,1575,Malin Head
2009,2,17.685714285714287,170.0,2.0833333333333335,7.471428571428571,2.5142857142857147,2.0,1575,Malin Head
2009,3,18.8,188.57142857142858,2.0142857142857147,9.0,3.5142857142857147,4.3428571428571425,1575,Malin Head
2009,4,17.942857142857143,202.85714285714286,1.6857142857142857,7.328571428571428,1.7142857142857142,5.871428571428572,1575,Malin Head
2009,5,16.585714285714285,240.0,1.7142857142857142,8.657142857142857,4.742857142857143,1.9000000000000001,1575,Malin Head
2009,6,20.071428571428573,300.0,2.2285714285714286,4.814285714285715,0.8857142857142858,2.3285714285714287,1575,Malin Head
2009,7,10.485714285714286,445.7142857142857,2.442857142857143,8.528571428571428,3.5285714285714285,1.3285714285714285,1575,Malin Head
2009,8,12.614285714285714,408.57142857142856,1.0857142857142856,9.957142857142857,6.085714285714286,0.29999999999999993,1575,Malin Head
2009,9,13.542857142857143,517.1428571428571,2.2714285714285714,10.071428571428571,6.985714285714286,2.3428571428571425,1575,Malin Head
2009,10,16.357142857142858,482.85714285714283,1.6285714285714286,8.157142857142857,2.342857142857143,5.014285714285713,1575,Malin Head
2009,11,15.471428571428572,721.4285714285714,3.2857142857142856,10.571428571428571,5.8999999999999995,2.157142857142857,1575,Malin Head
2009,12,11.185714285714285,1072.857142857143,5.8999999999999995,12.757142857142856,6.371428571428572,1.1285714285714286,1575,Malin Head
2009,13,23.014285714285712,942.8571428571429,4.242857142857143,8.828571428571427,4.742857142857143,3.642857142857143,1575,Malin Head
2009,14,11.742857142857144,1090.0,4.371428571428571,12.557142857142859,7.2,3.057142857142857,1575,Malin Head
2009,15,13.700000000000001,1087.142857142857,3.8714285714285714,11.585714285714285,5.2,5.514285714285714,1575,Malin Head
2009,16,14.4,1395.7142857142858,6.428571428571429,11.971428571428572,6.928571428571429,0.2714285714285714,1575,Malin Head
2009,17,9.4,1257.142857142857,4.3999999999999995,12.257142857142856,6.8999999999999995,3.6142857142857143,1575,Malin Head
2009,18,12.814285714285715,1698.5714285714287,7.257142857142857,11.842857142857143,7.485714285714286,2.4857142857142853,1575,Malin Head
2009,19,17.87142857142857,1408.5714285714287,5.442857142857142,11.671428571428573,6.242857142857143,8.528571428571428,1575,Malin Head
2009,20,17.085714285714285,1734.2857142857142,7.1000000000000005,12.614285714285714,7.6571428571428575,1.5714285714285714,1575,Malin Head
2009,21,11.299999999999999,1844.2857142857142,8.085714285714285,14.085714285714285,7.3999999999999995,0.9714285714285715,1575,Malin Head
2009,22,12.057142857142859,1862.857142857143,7.685714285714285,16.842857142857145,10.12857142857143,1.157142857142857,1575,Malin Head
2009,23,10.585714285714285,2641.4285714285716,12.514285714285714,13.928571428571429,10.071428571428571,0.0,1575,Malin Head
2009,24,8.042857142857143,2365.714285714286,9.985714285714286,14.385714285714286,7.942857142857143,2.057142857142857,1575,Malin Head
2009,25,12.87142857142857,1912.857142857143,6.071428571428571,15.485714285714286,10.314285714285715,4.5285714285714285,1575,Malin Head
2009,26,11.928571428571429,2331.4285714285716,9.9,18.62857142857143,12.985714285714286,0.014285714285714287,1575,Malin Head
2009,27,7.2,1394.2857142857142,3.8714285714285714,21.114285714285717,14.028571428571428,1.7285714285714289,1575,Malin Head
2009,28,11.700000000000001,2012.857142857143,6.085714285714286,16.757142857142856,11.685714285714285,0.8285714285714285,1575,Malin Head
2009,29,8.942857142857143,2057.1428571428573,8.457142857142857,17.385714285714286,11.87142857142857,1.8142857142857145,1575,Malin Head
2009,30,11.6,1677.142857142857,6.042857142857143,17.54285714285714,12.5,4.8999999999999995,1575,Malin Head
2009,31,15.385714285714286,1545.7142857142858,5.871428571428572,16.857142857142858,11.799999999999999,1.9571428571428573,1575,Malin Head
2009,32,9.914285714285715,1384.2857142857142,5.4,18.75714285714286,12.057142857142859,1.1571428571428573,1575,Malin Head
2009,33,12.299999999999999,1148.5714285714287,3.1857142857142855,16.67142857142857,13.285714285714286,5.428571428571429,1575,Malin Head
2009,34,11.885714285714286,1074.2857142857142,4.414285714285714,17.928571428571427,11.9,11.1,1575,Malin Head
2009,35,14.971428571428572,1142.857142857143,4.971428571428571,16.442857142857143,10.985714285714286,4.828571428571428,1575,Malin Head
2009,36,13.685714285714285,910.0,3.442857142857143,15.671428571428573,11.342857142857143,7.1,1575,Malin Head
2009,37,9.157142857142857,1287.142857142857,7.142857142857143,16.3,10.200000000000001,0.8428571428571429,1575,Malin Head
2009,38,8.77142857142857,1044.2857142857142,5.171428571428572,15.414285714285715,9.200000000000001,0.07142857142857142,1575,Malin Head
2009,39,17.142857142857142,555.7142857142857,1.2714285714285716,15.314285714285715,12.557142857142859,2.185714285714286,1575,Malin Head
2009,40,17.04285714285714,545.7142857142857,2.142857142857143,13.657142857142857,10.9,3.3714285714285714,1575,Malin Head
2009,41,11.528571428571428,597.1428571428571,3.157142857142857,12.728571428571428,8.9,1.2428571428571427,1575,Malin Head
2009,42,5.185714285714285,544.2857142857143,3.057142857142857,13.799999999999999,9.085714285714285,0.4571428571428572,1575,Malin Head
2009,43,16.04285714285714,302.85714285714283,1.0571428571428572,13.614285714285714,9.785714285714286,7.685714285714285,1575,Malin Head
2009,44,13.285714285714286,218.57142857142858,0.7857142857142857,15.185714285714285,11.614285714285714,8.071428571428571,1575,Malin Head
2009,45,14.8,315.7142857142857,2.1571428571428575,11.071428571428571,6.6000000000000005,6.014285714285714,1575,Malin Head
2009,46,12.671428571428573,301.42857142857144,3.142857142857143,10.485714285714286,5.485714285714286,5.428571428571429,1575,Malin Head
2009,47,17.042857142857144,131.42857142857142,0.7999999999999999,11.814285714285715,6.742857142857143,11.357142857142858,1575,Malin Head
2009,48,18.357142857142858,205.71428571428572,1.9428571428571428,9.557142857142859,4.857142857142857,5.357142857142857,1575,Malin Head
2009,49,13.942857142857141,153.0,2.0,8.614285714285714,3.8428571428571425,3.3857142857142857,1575,Malin Head
2009,50,9.385714285714286,149.57142857142858,,8.585714285714285,4.3,0.42857142857142855,1575,Malin Head
2009,51,15.0,105.71428571428571,,8.142857142857142,4.314285714285714,2.457142857142857,1575,Malin Head
2009,52,8.785714285714286,136.28571428571428,,4.614285714285714,-0.01428571428571433,1.8857142857142857,1575,Malin Head
2009,53,17.285714285714285,117.71428571428571,1.1,5.642857142857143,1.6857142857142857,0.8571428571428571,1575,Malin Head
2010,1,14.299999999999999,180.42857142857142,,4.742857142857143,-0.3714285714285715,0.8285714285714285,1575,Malin Head
2010,2,20.185714285714287,135.42857142857142,,6.814285714285715,2.8857142857142857,3.185714285714286,1575,Malin Head
2010,3,13.271428571428572,215.14285714285714,,8.185714285714285,3.6142857142857143,2.957142857142857,1575,Malin Head
2010,4,15.785714285714286,242.14285714285714,,6.8999999999999995,3.3000000000000003,2.357142857142857,1575,Malin Head
2010,5,11.6,252.71428571428572,,7.3999999999999995,2.9,2.1142857142857143,1575,Malin Head
2010,6,10.5,442.0,,6.6571428571428575,2.1714285714285713,1.2714285714285716,1575,Malin Head
2010,7,8.542857142857143,537.8571428571429,,5.757142857142858,-0.3714285714285714,1.7857142857142858,1575,Malin Head
2010,8,17.928571428571427,441.2857142857143,,4.942857142857143,0.7999999999999999,7.257142857142857,1575,Malin Head
2010,9,9.385714285714286,786.0,,7.942857142857143,-0.05714285714285711,0.48571428571428577,1575,Malin Head
2010,10,10.5,953.8571428571429,,8.514285714285714,2.0,0.32857142857142857,1575,Malin Head
2010,11,15.157142857142857,871.2857142857143,,11.12857142857143,5.3,0.1285714285714286,1575,Malin Head
2010,12,15.342857142857143,837.5714285714286,,9.685714285714285,4.928571428571429,3.7857142857142856,1575,Malin Head
2010,13,21.32857142857143,842.7142857142857,,6.885714285714286,2.4285714285714284,10.257142857142858,1575,Malin Head
2010,14,12.014285714285714,1241.142857142857,,13.200000000000001,5.8,1.6285714285714286,1575,Malin Head
2010,15,9.128571428571428,1557.142857142857,,10.37142857142857,4.614285714285714,0.42857142857142855,1575,Malin Head
2010,16,10.228571428571428,1299.142857142857,,11.299999999999999,5.3999999999999995,0.6142857142857142,1575,Malin Head
2010,17,12.885714285714286,1461.4285714285713,,12.928571428571429,8.528571428571428,1.9285714285714286,1575,Malin Head
2010,18,13.12857142857143,1737.7142857142858,,11.057142857142859,6.971428571428572,1.4857142857142855,1575,Malin Head
2010,19,12.728571428571428,1909.7142857142858,,11.085714285714285,6.085714285714286,1.742857142857143,1575,Malin Head
2010,20,7.114285714285714,1692.5714285714287,,16.757142857142856,9.928571428571429,1.8,1575,Malin Head
2010,21,11.87142857142857,1955.4285714285713,,12.200000000000001,7.428571428571429,1.2714285714285716,1575,Malin Head
2010,22,9.314285714285715,2094.714285714286,,17.342857142857145,9.799999999999999,1.9000000000000001,1575,Malin Head
2010,23,10.542857142857143,1805.2857142857142,,14.0,9.585714285714285,1.3714285714285714,1575,Malin Head
2010,24,8.9,2206.1428571428573,,15.6,10.6,0.0,1575,Malin Head
2010,25,9.9,1564.5714285714287,,18.62857142857143,11.828571428571427,0.5571428571428572,1575,Malin Head
2010,26,15.414285714285715,1645.7142857142858,,19.614285714285717,12.671428571428573,3.957142857142857,1575,Malin Head
2010,27,15.014285714285714,1637.0,,16.65714285714286,11.757142857142856,5.114285714285714,1575,Malin Head
2010,28,14.6,1399.4285714285713,,16.285714285714285,11.857142857142858,2.085714285714286,1575,Malin Head
2010,29,11.485714285714286,1204.142857142857,,16.257142857142856,11.942857142857141,4.957142857142857,1575,Malin Head
2010,30,13.342857142857143,1424.7142857142858,,16.842857142857145,13.071428571428571,2.6142857142857143,1575,Malin Head
2010,31,11.557142857142859,1279.0,,16.4,12.328571428571427,1.157142857142857,1575,Malin Head
2010,32,13.0,1454.5714285714287,,16.04285714285714,11.457142857142857,1.7142857142857142,1575,Malin Head
2010,33,12.900000000000002,1217.4285714285713,,17.057142857142857,12.071428571428571,5.3,1575,Malin Head
2010,34,14.271428571428572,1476.7142857142858,,15.428571428571429,11.414285714285715,1.3857142857142857,1575,Malin Head
2010,35,11.485714285714286,1279.142857142857,,18.8,11.171428571428573,0.7428571428571429,1575,Malin Head
2010,36,16.771428571428572,1016.8571428571429,,16.97142857142857,12.9,9.185714285714285,1575,Malin Head
2010,37,19.8,810.1428571428571,,15.12857142857143,11.342857142857143,5.271428571428571,1575,Malin Head
2010,38,13.085714285714285,745.8571428571429,,14.742857142857144,11.028571428571428,4.757142857142858,1575,Malin Head
2010,39,13.314285714285715,869.7142857142857,,15.142857142857142,8.528571428571428,1.457142857142857,1575,Malin Head
2010,40,19.071428571428573,725.0,,15.571428571428571,10.314285714285715,0.6142857142857142,1575,Malin Head
2010,41,9.257142857142856,593.1428571428571,,13.342857142857143,7.957142857142857,0.35714285714285715,1575,Malin Head
2010,42,16.685714285714287,434.14285714285717,,11.37142857142857,6.6000000000000005,3.0285714285714285,1575,Malin Head
2010,43,16.257142857142856,297.85714285714283,,12.614285714285714,6.257142857142858,4.971428571428571,1575,Malin Head
2010,44,18.142857142857142,174.42857142857142,,10.985714285714286,6.242857142857143,8.1,1575,Malin Head
2010,45,19.02857142857143,357.85714285714283,,9.314285714285715,3.7142857142857144,4.085714285714285,1575,Malin Head
2010,46,16.32857142857143,220.42857142857142,,9.128571428571428,4.7,2.0571428571428574,1575,Malin Head
2010,47,17.185714285714287,132.28571428571428,,7.042857142857143,3.3428571428571425,2.157142857142857,1575,Malin Head
2010,48,15.385714285714286,186.85714285714286,,5.0,1.042857142857143,2.5142857142857147,1575,Malin Head
2010,49,13.685714285714285,134.42857142857142,,7.557142857142857,3.8,2.1571428571428575,1575,Malin Head
2010,50,14.771428571428572,129.85714285714286,,5.857142857142857,0.3285714285714286,3.2714285714285714,1575,Malin Head
2010,51,10.285714285714286,180.14285714285714,,3.0,-2.8857142857142857,1.1428571428571428,1575,Malin Head
2010,52,10.685714285714285,108.14285714285714,,8.928571428571429,5.3999999999999995,1.9857142857142858,1575,Malin Head
2011,1,15.828571428571427,160.14285714285714,,6.1571428571428575,0.14285714285714293,6.028571428571429,1575,Malin Head
2011,2,17.057142857142857,161.14285714285714,,9.4,5.371428571428572,4.885714285714286,1575,Malin Head
2011,3,9.442857142857141,269.7142857142857,,7.114285714285714,1.6142857142857143,0.4714285714285714,1575,Malin Head
2011,4,12.442857142857141,208.28571428571428,,7.014285714285714,3.2142857142857144,0.9428571428571428,1575,Malin Head
2011,5,20.02857142857143,181.57142857142858,,9.242857142857144,4.3,6.571428571428571,1575,Malin Head
2011,6,12.742857142857144,383.7142857142857,,8.157142857142857,2.9714285714285715,5.171428571428572,1575,Malin Head
2011,7,15.085714285714285,505.85714285714283,,8.842857142857143,2.314285714285714,2.2,1575,Malin Head
2011,8,15.285714285714286,636.5714285714286,,11.214285714285714,6.171428571428572,1.542857142857143,1575,Malin Head
2011,9,7.057142857142857,537.1428571428571,,9.557142857142859,4.571428571428571,0.17142857142857143,1575,Malin Head
2011,10,21.271428571428572,463.2857142857143,,7.514285714285714,3.1,6.2,1575,Malin Head
2011,11,12.442857142857141,940.2857142857143,,9.200000000000001,2.1142857142857143,1.0,1575,Malin Head
2011,12,7.7,985.4285714285714,,10.700000000000001,4.714285714285714,0.14285714285714285,1575,Malin Head
2011,13,13.728571428571428,1001.7142857142857,,12.214285714285714,6.642857142857143,4.571428571428571,1575,Malin Head
2011,14,14.728571428571428,1179.7142857142858,,14.62857142857143,8.371428571428572,4.385714285714286,1575,Malin Head
2011,15,11.714285714285714,1231.7142857142858,,12.571428571428571,6.928571428571429,1.1857142857142857,1575,Malin Head
2011,16,9.271428571428572,1622.142857142857,,15.114285714285714,7.242857142857143,0.1142857142857143,1575,Malin Head
2011,17,13.357142857142858,2007.857142857143,,14.414285714285713,7.542857142857143,0.1142857142857143,1575,Malin Head
2011,18,17.37142857142857,1732.142857142857,,15.514285714285714,9.357142857142858,2.542857142857143,1575,Malin Head
2011,19,18.771428571428572,1518.0,,13.571428571428571,8.67142857142857,3.0428571428571423,1575,Malin Head
2011,20,19.414285714285715,1470.5714285714287,,13.142857142857142,8.057142857142857,4.7,1575,Malin Head
2011,21,23.114285714285717,1476.7142857142858,,12.299999999999999,7.642857142857143,3.7857142857142856,1575,Malin Head
2011,22,13.514285714285714,1865.2857142857142,,14.557142857142855,9.271428571428572,2.6571428571428575,1575,Malin Head
2011,23,11.014285714285714,1685.7142857142858,,12.799999999999999,6.3428571428571425,5.114285714285714,1575,Malin Head
2011,24,10.242857142857144,1527.857142857143,,15.128571428571428,8.4,1.9428571428571428,1575,Malin Head
2011,25,11.185714285714285,1275.2857142857142,,14.985714285714286,10.328571428571427,1.9428571428571428,1575,Malin Head
2011,26,9.4,1863.5714285714287,,15.9,9.857142857142858,0.6857142857142857,1575,Malin Head
2011,27,10.457142857142857,1799.2857142857142,,17.257142857142856,11.071428571428571,2.2142857142857144,1575,Malin Head
2011,28,11.5,1516.4285714285713,,16.428571428571427,11.4,3.3428571428571425,1575,Malin Head
2011,29,13.12857142857143,1746.2857142857142,,14.200000000000001,10.785714285714286,0.7857142857142857,1575,Malin Head
2011,30,9.157142857142857,1476.5714285714287,,17.314285714285713,10.428571428571429,0.7857142857142857,1575,Malin Head
2011,31,8.22857142857143,1286.857142857143,,16.242857142857144,10.814285714285715,0.9714285714285715,1575,Malin Head
2011,32,14.342857142857143,1224.857142857143,,16.585714285714285,12.12857142857143,4.828571428571428,1575,Malin Head
2011,33,11.12857142857143,1460.5714285714287,,16.357142857142858,9.814285714285715,2.6,1575,Malin Head
2011,34,11.085714285714285,1234.2857142857142,,15.885714285714286,9.799999999999999,2.642857142857143,1575,Malin Head
2011,35,11.771428571428572,940.0,,15.585714285714285,10.914285714285715,2.8714285714285714,1575,Malin Head
2011,36,18.97142857142857,922.8571428571429,,16.357142857142858,11.085714285714285,7.257142857142857,1575,Malin Head
2011,37,19.885714285714283,746.0,,14.885714285714286,10.37142857142857,4.828571428571429,1575,Malin Head
2011,38,18.414285714285715,835.0,,15.357142857142858,10.87142857142857,2.9857142857142853,1575,Malin Head
2011,39,12.971428571428572,754.0,,18.24285714285714,12.314285714285715,1.5142857142857145,1575,Malin Head
2011,40,23.057142857142857,495.2857142857143,,13.957142857142857,9.828571428571427,6.228571428571429,1575,Malin Head
2011,41,12.771428571428572,452.14285714285717,,14.228571428571428,10.328571428571427,6.142857142857143,1575,Malin Head
2011,42,19.32857142857143,279.57142857142856,,12.028571428571428,7.128571428571428,8.542857142857143,1575,Malin Head
2011,43,16.87142857142857,334.42857142857144,,13.485714285714286,8.357142857142858,3.9571428571428577,1575,Malin Head
2011,44,15.828571428571427,383.14285714285717,,13.185714285714285,7.7,1.5428571428571427,1575,Malin Head
2011,45,16.7,288.42857142857144,,12.828571428571427,8.971428571428572,1.0999999999999999,1575,Malin Head
2011,46,15.157142857142857,182.71428571428572,,12.728571428571428,8.22857142857143,2.2857142857142856,1575,Malin Head
2011,47,20.62857142857143,150.85714285714286,,11.557142857142859,5.928571428571429,6.3,1575,Malin Head
2011,48,23.02857142857143,140.85714285714286,,9.642857142857142,4.242857142857143,6.385714285714286,1575,Malin Head
2011,49,23.457142857142856,126.42857142857143,,7.814285714285715,3.0285714285714285,5.785714285714286,1575,Malin Head
2011,50,19.571428571428573,99.42857142857143,,7.071428571428571,2.7857142857142856,7.942857142857143,1575,Malin Head
2011,51,21.271428571428572,89.28571428571429,,10.857142857142858,7.128571428571428,4.014285714285714,1575,Malin Head
2011,52,24.714285714285715,87.42857142857143,,10.228571428571428,5.528571428571429,7.385714285714286,1575,Malin Head
2012,1,25.314285714285713,89.14285714285714,,9.457142857142857,5.385714285714286,6.771428571428571,1575,Malin Head
2012,2,14.042857142857143,198.14285714285714,,9.128571428571428,5.228571428571429,0.8285714285714285,1575,Malin Head
2012,3,22.2,174.42857142857142,,9.271428571428572,4.985714285714286,3.685714285714286,1575,Malin Head
2012,4,16.357142857142858,175.42857142857142,,8.014285714285714,3.1571428571428575,6.542857142857143,1575,Malin Head
2012,5,15.114285714285716,309.57142857142856,,5.571428571428571,1.8285714285714287,1.7714285714285716,1575,Malin Head
2012,6,12.242857142857144,250.85714285714286,,8.785714285714286,5.942857142857143,3.6571428571428575,1575,Malin Head
2012,7,19.314285714285713,314.0,,9.057142857142857,5.714285714285714,2.1571428571428575,1575,Malin Head
2012,8,19.12857142857143,289.14285714285717,,10.857142857142858,7.2,1.9000000000000001,1575,Malin Head
2012,9,15.571428571428571,573.5714285714286,,11.171428571428573,6.242857142857143,1.0142857142857142,1575,Malin Head
2012,10,18.17142857142857,499.42857142857144,,10.714285714285714,5.485714285714287,2.1,1575,Malin Head
2012,11,9.771428571428572,686.0,,10.457142857142857,6.057142857142857,0.7714285714285715,1575,Malin Head
2012,12,15.314285714285715,965.2857142857143,,14.228571428571428,7.728571428571428,0.5571428571428572,1575,Malin Head
2012,13,9.857142857142858,1006.4285714285714,,13.785714285714286,7.028571428571429,0.08571428571428573,1575,Malin Head
2012,14,16.47142857142857,765.8571428571429,,9.799999999999999,5.828571428571428,1.4714285714285715,1575,Malin Head
2012,15,12.742857142857144,1546.4285714285713,,9.62857142857143,4.4714285714285715,1.8857142857142857,1575,Malin Head
2012,16,10.757142857142856,1458.142857142857,,10.557142857142859,4.085714285714286,3.0285714285714285,1575,Malin Head
2012,17,17.585714285714285,1740.857142857143,,9.785714285714286,4.542857142857143,0.19999999999999998,1575,Malin Head
2012,18,13.200000000000001,1616.2857142857142,,10.528571428571428,5.542857142857143,0.05714285714285714,1575,Malin Head
2012,19,17.0,1431.857142857143,,10.37142857142857,5.614285714285714,3.9428571428571426,1575,Malin Head
2012,20,13.685714285714285,1558.857142857143,,11.0,6.257142857142857,2.3000000000000003,1575,Malin Head
2012,21,11.385714285714286,2175.8571428571427,,18.485714285714288,10.828571428571427,0.14285714285714285,1575,Malin Head
2012,22,9.271428571428572,1961.7142857142858,,15.342857142857143,9.985714285714284,0.8285714285714285,1575,Malin Head
2012,23,11.071428571428571,1445.4285714285713,,13.514285714285714,8.785714285714286,2.8142857142857145,1575,Malin Head
2012,24,15.200000000000001,1580.2857142857142,,12.857142857142858,8.77142857142857,2.885714285714286,1575,Malin Head
2012,25,12.442857142857141,1191.2857142857142,,13.87142857142857,8.614285714285714,11.2,1575,Malin Head
2012,26,11.642857142857142,1126.0,,16.02857142857143,11.014285714285714,3.557142857142857,1575,Malin Head
2012,27,9.357142857142858,1124.2857142857142,,15.671428571428573,11.771428571428572,3.314285714285714,1575,Malin Head
2012,28,11.714285714285714,1962.857142857143,,13.928571428571429,9.357142857142858,0.8571428571428571,1575,Malin Head
2012,29,11.785714285714286,1194.142857142857,,16.142857142857142,10.942857142857141,3.3714285714285714,1575,Malin Head
2012,30,11.742857142857144,1622.0,,15.728571428571428,10.614285714285714,3.8285714285714283,1575,Malin Head
2012,31,13.657142857142857,1572.5714285714287,,17.414285714285715,11.299999999999999,1.5,1575,Malin Head
2012,32,9.799999999999999,1662.142857142857,,16.428571428571427,11.228571428571428,0.2285714285714286,1575,Malin Head
2012,33,13.857142857142858,1390.7142857142858,,20.7,14.471428571428572,6.6000000000000005,1575,Malin Head
2012,34,12.457142857142857,1364.857142857143,,17.357142857142858,12.5,3.957142857142857,1575,Malin Head
2012,35,16.3,1007.6666666666666,,17.285714285714285,12.200000000000001,2.157142857142857,1575,Malin Head
2012,36,14.828571428571427,926.1428571428571,,17.385714285714286,11.87142857142857,2.914285714285714,1575,Malin Head
2012,37,19.114285714285717,869.0,,14.742857142857144,10.328571428571427,4.042857142857143,1575,Malin Head
2012,38,15.114285714285714,960.4285714285714,,13.671428571428573,7.685714285714285,7.171428571428572,1575,Malin Head
2012,39,23.085714285714285,701.4285714285714,,13.585714285714285,9.842857142857143,5.1571428571428575,1575,Malin Head
2012,40,12.271428571428572,755.2857142857143,,12.914285714285715,7.328571428571429,4.771428571428571,1575,Malin Head
2012,41,13.171428571428573,541.1428571428571,,12.4,7.442857142857143,3.6142857142857143,1575,Malin Head
2012,42,12.957142857142856,446.2857142857143,,12.028571428571428,7.128571428571428,2.8000000000000003,1575,Malin Head
2012,43,15.085714285714285,338.2857142857143,,11.299999999999999,8.242857142857144,3.0,1575,Malin Head
2012,44,16.32857142857143,297.7142857142857,,8.971428571428572,4.1571428571428575,4.7,1575,Malin Head
2012,45,17.214285714285715,272.42857142857144,,10.299999999999999,7.128571428571428,3.257142857142857,1575,Malin Head
2012,46,13.085714285714287,160.42857142857142,,9.928571428571429,5.457142857142857,4.4,1575,Malin Head
2012,47,15.700000000000001,250.71428571428572,,9.757142857142856,4.628571428571428,2.685714285714286,1575,Malin Head
2012,48,15.442857142857141,153.85714285714286,,8.171428571428573,3.8714285714285714,2.5285714285714285,1575,Malin Head
2012,49,19.400000000000002,124.28571428571429,,8.285714285714286,4.328571428571428,5.142857142857143,1575,Malin Head
2012,50,12.957142857142856,176.85714285714286,,6.771428571428572,2.2142857142857144,3.5,1575,Malin Head
2012,51,14.357142857142858,104.85714285714286,,9.5,5.1571428571428575,3.914285714285714,1575,Malin Head
2012,52,19.114285714285717,123.71428571428571,,9.128571428571428,3.6571428571428575,6.214285714285714,1575,Malin Head
2013,1,17.357142857142858,81.42857142857143,,10.62857142857143,6.3428571428571425,3.6285714285714286,1575,Malin Head
2013,2,12.414285714285715,151.0,,8.642857142857142,3.1857142857142855,3.814285714285714,1575,Malin Head
2013,3,18.914285714285715,122.71428571428571,,5.414285714285714,2.257142857142857,2.7,1575,Malin Head
2013,4,16.885714285714286,144.71428571428572,,5.885714285714286,2.1,6.542857142857143,1575,Malin Head
2013,5,22.02857142857143,257.14285714285717,,8.685714285714285,4.628571428571428,5.828571428571429,1575,Malin Head
2013,6,20.099999999999998,217.71428571428572,,8.0,3.8428571428571425,5.214285714285714,1575,Malin Head
2013,7,16.314285714285713,357.7142857142857,,8.585714285714285,4.7,3.8857142857142857,1575,Malin Head
2013,8,11.014285714285714,578.1428571428571,,6.071428571428571,0.6571428571428571,0.0,1575,Malin Head
2013,9,6.785714285714286,546.7142857142857,,7.771428571428571,2.0285714285714285,0.08571428571428573,1575,Malin Head
2013,10,22.428571428571427,415.85714285714283,,6.785714285714286,4.128571428571428,1.8428571428571427,1575,Malin Head
2013,11,14.085714285714285,783.5714285714286,,6.471428571428571,1.0571428571428572,3.0285714285714285,1575,Malin Head
2013,12,27.27142857142857,612.1428571428571,,4.728571428571429,2.1714285714285713,3.7714285714285714,1575,Malin Head
2013,13,16.985714285714284,787.8571428571429,,5.114285714285714,0.7142857142857143,0.1142857142857143,1575,Malin Head
2013,14,11.542857142857143,1475.142857142857,,7.385714285714286,1.2714285714285716,0.0,1575,Malin Head
2013,15,17.7,1313.7142857142858,,9.014285714285714,4.0285714285714285,1.457142857142857,1575,Malin Head
2013,16,17.4,1555.142857142857,,12.285714285714286,5.8999999999999995,3.9,1575,Malin Head
2013,17,17.342857142857145,1521.0,,10.271428571428572,5.728571428571429,3.0857142857142854,1575,Malin Head
2013,18,15.042857142857143,1317.5714285714287,,11.542857142857143,4.942857142857143,3.3714285714285714,1575,Malin Head
2013,19,16.2,1177.0,,13.12857142857143,7.057142857142857,3.9,1575,Malin Head
2013,20,15.257142857142856,1625.857142857143,,10.814285714285715,6.214285714285714,5.442857142857142,1575,Malin Head
2013,21,14.471428571428572,1557.857142857143,,12.171428571428569,7.042857142857143,1.2,1575,Malin Head
2013,22,11.014285714285714,1977.4285714285713,,13.571428571428571,8.042857142857143,1.9285714285714286,1575,Malin Head
2013,23,6.828571428571428,2495.5714285714284,,16.285714285714285,9.157142857142857,0.028571428571428574,1575,Malin Head
2013,24,12.357142857142858,1608.142857142857,,15.6,9.357142857142858,7.185714285714286,1575,Malin Head
2013,25,13.242857142857144,1666.5714285714287,,15.428571428571429,11.042857142857143,2.1714285714285713,1575,Malin Head
2013,26,14.37142857142857,1343.4285714285713,,15.014285714285714,10.285714285714286,1.9857142857142858,1575,Malin Head
2013,27,12.77142857142857,1443.857142857143,,16.97142857142857,11.37142857142857,3.1142857142857143,1575,Malin Head
2013,28,5.514285714285714,2273.8571428571427,,17.87142857142857,11.414285714285715,0.07142857142857142,1575,Malin Head
2013,29,10.457142857142857,2056.714285714286,,19.914285714285715,14.057142857142859,0.07142857142857142,1575,Malin Head
2013,30,7.942857142857143,1515.2857142857142,,19.62857142857143,13.87142857142857,2.6714285714285713,1575,Malin Head
2013,31,13.799999999999999,1491.857142857143,,19.085714285714285,12.357142857142858,4.985714285714286,1575,Malin Head
2013,32,11.671428571428573,1479.4285714285713,,17.185714285714287,11.014285714285714,3.6,1575,Malin Head
2013,33,14.442857142857145,1291.2857142857142,,17.52857142857143,12.700000000000001,3.6714285714285713,1575,Malin Head
2013,34,11.342857142857143,1084.4285714285713,,17.442857142857143,12.742857142857144,2.185714285714286,1575,Malin Head
2013,35,15.042857142857144,870.0,,16.185714285714287,12.342857142857143,0.9571428571428572,1575,Malin Head
2013,36,14.357142857142858,1176.4285714285713,,16.4,9.87142857142857,2.4714285714285715,1575,Malin Head
2013,37,14.971428571428573,850.0,,15.142857142857142,10.685714285714285,4.357142857142857,1575,Malin Head
2013,38,17.757142857142856,706.0,,14.914285714285715,10.257142857142856,3.0285714285714285,1575,Malin Head
2013,39,10.557142857142859,744.2857142857143,,17.0,12.885714285714286,0.08571428571428572,1575,Malin Head
2013,40,16.814285714285713,556.7142857142857,,16.885714285714286,12.757142857142856,1.6714285714285713,1575,Malin Head
2013,41,17.714285714285715,636.0,,13.299999999999999,9.271428571428572,0.37142857142857144,1575,Malin Head
2013,42,12.914285714285715,526.1428571428571,,14.12857142857143,10.357142857142858,2.642857142857143,1575,Malin Head
2013,43,16.12857142857143,352.57142857142856,,13.828571428571427,9.614285714285714,6.114285714285714,1575,Malin Head
2013,44,18.785714285714285,333.7142857142857,,10.714285714285714,6.114285714285715,6.128571428571428,1575,Malin Head
2013,45,15.414285714285715,381.42857142857144,,9.342857142857143,3.5142857142857147,7.185714285714285,1575,Malin Head
2013,46,18.685714285714287,204.14285714285714,,10.771428571428572,7.585714285714286,2.5142857142857147,1575,Malin Head
2013,47,17.7,208.71428571428572,,8.628571428571428,4.557142857142857,3.757142857142857,1575,Malin Head
2013,48,13.514285714285714,163.42857142857142,,10.042857142857143,7.585714285714286,1.4142857142857144,1575,Malin Head
2013,49,20.057142857142857,103.71428571428571,,9.914285714285715,6.128571428571428,4.514285714285714,1575,Malin Head
2013,50,21.657142857142855,115.57142857142857,,12.571428571428571,7.585714285714286,2.7857142857142856,1575,Malin Head
2013,51,24.74285714285714,95.85714285714286,,7.914285714285714,3.142857142857143,9.128571428571428,1575,Malin Head
2013,52,23.6,132.71428571428572,,8.2,3.3285714285714287,7.657142857142857,1575,Malin Head
2014,1,17.842857142857145,126.0,1.1400000000000001,7.742857142857143,3.3000000000000003,5.7,1575,Malin Head
2014,2,17.04285714285714,156.71428571428572,1.7142857142857142,8.1,3.8,3.185714285714286,1575,Malin Head
2014,3,10.571428571428571,156.57142857142858,1.242857142857143,7.028571428571429,2.557142857142857,2.8000000000000003,1575,Malin Head
2014,4,20.571428571428573,182.71428571428572,1.6142857142857143,8.442857142857143,3.9,7.314285714285715,1575,Malin Head
2014,5,19.87142857142857,223.85714285714286,1.3857142857142857,6.928571428571429,3.8000000000000003,6.028571428571429,1575,Malin Head
2014,6,18.814285714285713,372.14285714285717,3.1714285714285713,7.957142857142857,4.1,4.871428571428572,1575,Malin Head
2014,7,20.87142857142857,323.7142857142857,2.314285714285714,6.642857142857143,2.157142857142857,9.014285714285714,1575,Malin Head
2014,8,18.057142857142857,397.0,1.9714285714285715,9.685714285714285,5.271428571428571,7.057142857142858,1575,Malin Head
2014,9,17.142857142857142,526.1428571428571,3.1571428571428575,8.342857142857143,3.042857142857143,6.8999999999999995,1575,Malin Head
2014,10,14.557142857142859,487.42857142857144,2.5285714285714285,9.114285714285714,3.814285714285714,4.457142857142857,1575,Malin Head
2014,11,12.971428571428572,691.4285714285714,4.271428571428571,10.228571428571428,5.442857142857143,0.2857142857142857,1575,Malin Head
2014,12,20.62857142857143,858.8571428571429,4.8999999999999995,9.6,4.6,3.228571428571428,1575,Malin Head
2014,13,20.37142857142857,805.1428571428571,3.585714285714286,9.657142857142857,5.485714285714287,0.6714285714285715,1575,Malin Head
2014,14,14.685714285714285,923.0,3.457142857142857,13.114285714285714,7.728571428571429,2.314285714285714,1575,Malin Head
2014,15,17.5,1190.142857142857,5.5,11.12857142857143,6.857142857142857,1.6428571428571428,1575,Malin Head
2014,16,11.285714285714286,1770.0,10.12857142857143,12.5,4.514285714285714,0.2857142857142857,1575,Malin Head
2014,17,15.071428571428571,1844.142857142857,9.485714285714286,13.414285714285715,7.5,0.21428571428571427,1575,Malin Head
2014,18,11.614285714285714,1177.2857142857142,3.5,13.728571428571428,8.414285714285715,1.7142857142857142,1575,Malin Head
2014,19,14.657142857142858,1245.4285714285713,3.914285714285714,12.885714285714286,7.928571428571429,6.571428571428571,1575,Malin Head
2014,20,10.557142857142859,1541.0,5.828571428571428,14.0,8.671428571428573,3.5428571428571423,1575,Malin Head
2014,21,13.0,1560.0,5.114285714285714,12.628571428571428,9.042857142857143,0.6285714285714287,1575,Malin Head
2014,22,8.442857142857143,1792.142857142857,6.328571428571428,14.757142857142856,8.857142857142858,1.4000000000000001,1575,Malin Head
2014,23,11.228571428571428,1658.2857142857142,6.0,14.571428571428571,9.085714285714285,2.542857142857143,1575,Malin Head
2014,24,8.114285714285714,1672.142857142857,6.0,16.642857142857142,11.357142857142858,1.2,1575,Malin Head
2014,25,8.685714285714285,2042.0,6.542857142857143,16.014285714285712,11.728571428571428,0.2285714285714286,1575,Malin Head
2014,26,9.585714285714285,1707.857142857143,4.1571428571428575,15.314285714285715,11.814285714285715,1.8714285714285714,1575,Malin Head
2014,27,11.357142857142858,2076.714285714286,9.228571428571428,16.514285714285712,10.057142857142859,1.8571428571428572,1575,Malin Head
2014,28,9.671428571428573,1742.5714285714287,6.1000000000000005,17.271428571428572,12.342857142857143,3.9,1575,Malin Head
2014,29,12.642857142857142,1532.857142857143,5.085714285714286,18.457142857142856,13.042857142857143,2.2857142857142856,1575,Malin Head
2014,30,9.457142857142857,1679.7142857142858,7.471428571428571,21.7,14.37142857142857,2.242857142857143,1575,Malin Head
2014,31,12.714285714285714,1129.0,2.3857142857142857,16.900000000000002,12.957142857142857,4.871428571428572,1575,Malin Head
2014,32,9.557142857142859,1442.7142857142858,6.028571428571428,18.12857142857143,11.914285714285715,3.5714285714285716,1575,Malin Head
2014,33,19.514285714285712,1284.2857142857142,4.142857142857143,16.057142857142857,12.585714285714285,2.9714285714285715,1575,Malin Head
2014,34,16.9,1666.857142857143,7.700000000000001,14.557142857142859,9.985714285714286,1.9857142857142858,1575,Malin Head
2014,35,17.599999999999998,1298.4285714285713,5.857142857142857,16.785714285714285,12.057142857142859,2.2142857142857144,1575,Malin Head
2014,36,9.799999999999999,855.5714285714286,2.7857142857142856,16.5,12.685714285714285,0.7142857142857143,1575,Malin Head
2014,37,8.4,1223.2857142857142,7.314285714285715,16.757142857142856,10.385714285714286,0.0,1575,Malin Head
2014,38,8.542857142857143,1159.4285714285713,6.585714285714286,15.900000000000002,12.542857142857143,0.1285714285714286,1575,Malin Head
2014,39,13.685714285714285,671.1428571428571,2.2142857142857144,16.071428571428573,11.299999999999999,2.257142857142857,1575,Malin Head
2014,40,15.471428571428573,701.8571428571429,3.4285714285714284,15.700000000000001,9.700000000000001,2.8000000000000003,1575,Malin Head
2014,41,9.842857142857143,647.7142857142857,2.6,13.157142857142857,6.771428571428571,3.7714285714285714,1575,Malin Head
2014,42,18.514285714285712,547.8571428571429,3.542857142857143,14.514285714285714,11.014285714285714,3.2857142857142856,1575,Malin Head
2014,43,23.228571428571428,310.85714285714283,1.157142857142857,13.157142857142857,9.357142857142858,6.214285714285714,1575,Malin Head
2014,44,15.37142857142857,273.14285714285717,1.3714285714285717,13.914285714285713,9.0,5.028571428571429,1575,Malin Head
2014,45,13.671428571428573,327.7142857142857,3.2142857142857144,10.87142857142857,5.757142857142857,7.6,1575,Malin Head
2014,46,13.714285714285714,256.14285714285717,2.3142857142857145,11.985714285714286,6.3,6.3,1575,Malin Head
2014,47,13.957142857142857,232.14285714285714,2.042857142857143,11.414285714285715,7.228571428571429,2.3857142857142857,1575,Malin Head
2014,48,10.157142857142857,204.14285714285714,2.314285714285714,9.857142857142858,4.828571428571428,0.7714285714285715,1575,Malin Head
2014,49,17.1,120.71428571428571,0.9,8.9,5.328571428571428,3.942857142857143,1575,Malin Head
2014,50,25.585714285714285,89.42857142857143,0.2571428571428572,8.2,2.9714285714285715,5.185714285714285,1575,Malin Head
2014,51,21.142857142857142,93.71428571428571,0.38571428571428573,9.6,6.128571428571428,7.9,1575,Malin Head
2014,52,15.485714285714286,124.42857142857143,1.157142857142857,8.028571428571428,4.185714285714286,4.371428571428572,1575,Malin Head
2015,1,18.22857142857143,146.0,1.8714285714285714,8.828571428571427,3.642857142857143,2.814285714285714,1575,Malin Head
2015,2,25.814285714285713,113.42857142857143,0.9571428571428572,10.985714285714286,4.457142857142857,7.642857142857143,1575,Malin Head
2015,3,24.657142857142855,132.57142857142858,0.8714285714285713,6.871428571428572,1.7714285714285711,10.114285714285714,1575,Malin Head
2015,4,14.314285714285715,205.71428571428572,1.6142857142857143,6.928571428571429,1.842857142857143,1.2142857142857142,1575,Malin Head
2015,5,24.457142857142856,250.57142857142858,1.8285714285714287,7.142857142857143,3.1285714285714286,3.628571428571429,1575,Malin Head
2015,6,9.528571428571428,316.42857142857144,0.9571428571428572,6.728571428571429,2.9857142857142853,1.0571428571428572,1575,Malin Head
2015,7,12.157142857142857,265.7142857142857,1.0142857142857142,7.628571428571428,3.7142857142857144,1.742857142857143,1575,Malin Head
2015,8,18.599999999999998,426.14285714285717,2.3857142857142857,8.385714285714286,3.614285714285714,3.7857142857142856,1575,Malin Head
2015,9,22.185714285714287,427.42857142857144,1.8714285714285714,8.485714285714286,3.1,6.3,1575,Malin Head
2015,10,21.714285714285715,576.8571428571429,2.5,9.071428571428571,4.571428571428571,5.985714285714286,1575,Malin Head
2015,11,15.171428571428573,868.7142857142857,5.785714285714286,9.657142857142857,2.2285714285714286,3.1142857142857143,1575,Malin Head
2015,12,7.871428571428572,923.1428571428571,4.757142857142857,9.714285714285714,3.8000000000000003,0.15714285714285717,1575,Malin Head
2015,13,17.842857142857145,1115.2857142857142,5.385714285714286,9.5,3.742857142857143,5.857142857142857,1575,Malin Head
2015,14,16.885714285714286,841.0,1.9000000000000001,9.014285714285714,4.6000000000000005,4.414285714285714,1575,Malin Head
2015,15,12.171428571428569,1743.142857142857,10.157142857142857,13.385714285714286,4.442857142857142,1.7,1575,Malin Head
2015,16,12.0,1635.857142857143,8.828571428571427,10.714285714285714,4.042857142857143,0.7571428571428571,1575,Malin Head
2015,17,8.8,1508.7142857142858,5.928571428571429,9.528571428571428,4.785714285714286,1.1571428571428573,1575,Malin Head
2015,18,17.714285714285715,1525.142857142857,6.371428571428572,9.957142857142857,4.3,8.4,1575,Malin Head
2015,19,13.328571428571427,1396.5714285714287,5.014285714285714,11.242857142857144,6.242857142857143,5.342857142857143,1575,Malin Head
2015,20,19.714285714285715,1788.5714285714287,7.071428571428571,12.314285714285715,6.957142857142857,1.8142857142857143,1575,Malin Head
2015,21,15.700000000000001,1586.857142857143,3.457142857142857,11.985714285714286,7.957142857142857,2.8285714285714287,1575,Malin Head
2015,22,16.071428571428573,1654.142857142857,4.628571428571428,11.6,6.957142857142857,4.071428571428571,1575,Malin Head
2015,23,18.514285714285712,1866.5714285714287,5.942857142857143,12.62857142857143,7.714285714285714,4.257142857142857,1575,Malin Head
2015,24,9.085714285714285,2530.285714285714,10.0,12.357142857142858,6.985714285714286,0.0,1575,Malin Head
2015,25,14.314285714285713,1500.2857142857142,2.3285714285714287,14.285714285714286,9.442857142857141,1.7142857142857142,1575,Malin Head
2015,26,11.028571428571428,1684.2857142857142,5.0,16.2,10.542857142857143,1.9142857142857144,1575,Malin Head
2015,27,10.700000000000001,1557.7142857142858,4.871428571428572,19.0,12.514285714285714,3.3999999999999995,1575,Malin Head
2015,28,13.414285714285713,1451.142857142857,2.7285714285714286,16.571428571428573,11.62857142857143,3.685714285714286,1575,Malin Head
2015,29,13.671428571428573,1630.0,4.799999999999999,15.357142857142858,9.971428571428572,5.3428571428571425,1575,Malin Head
2015,30,14.214285714285714,1727.7142857142858,5.871428571428572,14.942857142857141,10.657142857142857,3.057142857142857,1575,Malin Head
2015,31,14.87142857142857,1356.4285714285713,3.3857142857142857,14.857142857142858,10.200000000000001,3.8714285714285714,1575,Malin Head
2015,32,14.614285714285716,1239.7142857142858,3.3857142857142857,16.728571428571428,10.614285714285714,3.1571428571428575,1575,Malin Head
2015,33,9.214285714285714,1480.4285714285713,4.942857142857143,15.857142857142858,10.571428571428571,2.0285714285714285,1575,Malin Head
2015,34,10.642857142857142,1272.2857142857142,4.728571428571429,18.228571428571428,12.057142857142859,7.200000000000001,1575,Malin Head
2015,35,12.814285714285715,1351.5714285714287,5.3999999999999995,16.942857142857143,10.5,3.1142857142857143,1575,Malin Head
2015,36,16.314285714285713,997.0,2.1142857142857143,13.885714285714286,10.62857142857143,0.5857142857142856,1575,Malin Head
2015,37,14.514285714285714,1121.142857142857,5.385714285714286,16.585714285714285,10.928571428571429,1.4000000000000001,1575,Malin Head
2015,38,10.299999999999999,955.8571428571429,4.1571428571428575,14.857142857142858,9.942857142857141,1.1857142857142857,1575,Malin Head
2015,39,12.700000000000001,830.7142857142857,3.1,14.9,9.642857142857142,1.157142857142857,1575,Malin Head
2015,40,7.642857142857143,940.4285714285714,6.614285714285714,15.142857142857142,8.200000000000001,0.042857142857142864,1575,Malin Head
2015,41,11.428571428571429,671.8571428571429,3.6,15.37142857142857,9.171428571428573,1.742857142857143,1575,Malin Head
2015,42,7.971428571428571,777.8571428571429,6.271428571428571,13.200000000000001,6.057142857142857,0.014285714285714287,1575,Malin Head
2015,43,17.628571428571426,310.0,1.1428571428571428,12.685714285714285,9.114285714285714,6.8,1575,Malin Head
2015,44,15.457142857142857,453.0,4.271428571428571,14.6,9.142857142857142,1.657142857142857,1575,Malin Head
2015,45,10.942857142857141,232.85714285714286,1.8,12.414285714285715,7.5,1.6285714285714283,1575,Malin Head
2015,46,21.185714285714287,149.57142857142858,0.5857142857142856,13.142857142857142,7.185714285714285,15.714285714285714,1575,Malin Head
2015,47,22.400000000000002,196.57142857142858,1.9000000000000001,9.428571428571429,4.628571428571428,6.1571428571428575,1575,Malin Head
2015,48,21.914285714285715,88.57142857142857,0.17142857142857146,10.428571428571429,5.514285714285714,7.257142857142857,1575,Malin Head
2015,49,17.47142857142857,94.28571428571429,0.7714285714285715,10.357142857142858,4.728571428571429,18.2,1575,Malin Head
2015,50,19.17142857142857,114.28571428571429,0.5714285714285714,10.071428571428571,3.542857142857143,7.6000000000000005,1575,Malin Head
2015,51,19.142857142857142,108.0,0.7571428571428571,13.12857142857143,9.014285714285714,1.1428571428571428,1575,Malin Head
2015,52,19.914285714285715,120.42857142857143,1.3857142857142857,9.485714285714286,4.1,5.442857142857143,1575,Malin Head
2015,53,18.04285714285714,82.71428571428571,0.17142857142857143,10.285714285714286,4.557142857142857,8.685714285714285,1575,Malin Head
2016,1,17.085714285714285,109.14285714285714,0.5857142857142856,7.242857142857143,3.957142857142857,6.128571428571428,1575,Malin Head
2016,2,17.014285714285712,133.14285714285714,0.4857142857142857,7.071428571428571,2.757142857142857,5.057142857142857,1575,Malin Head
2016,3,15.985714285714286,177.42857142857142,1.9142857142857141,10.442857142857141,6.314285714285715,2.1,1575,Malin Head
2016,4,23.52857142857143,190.71428571428572,1.2142857142857142,10.142857142857142,3.6285714285714286,9.471428571428572,1575,Malin Head
2016,5,24.585714285714285,201.28571428571428,0.9857142857142858,9.171428571428573,4.442857142857143,6.742857142857143,1575,Malin Head
2016,6,16.742857142857144,418.7142857142857,3.457142857142857,7.185714285714285,3.2142857142857144,5.142857142857143,1575,Malin Head
2016,7,19.12857142857143,339.0,1.7857142857142858,7.671428571428572,3.0142857142857147,3.3857142857142857,1575,Malin Head
2016,8,10.528571428571428,576.8571428571429,3.557142857142857,7.114285714285714,1.8714285714285714,0.8285714285714285,1575,Malin Head
2016,9,19.62857142857143,570.7142857142857,2.757142857142857,8.142857142857142,2.357142857142857,6.1000000000000005,1575,Malin Head
2016,10,13.471428571428572,621.1428571428571,2.414285714285714,10.6,6.285714285714286,3.4285714285714284,1575,Malin Head
2016,11,8.471428571428572,893.4285714285714,5.171428571428572,9.485714285714286,5.242857142857143,0.042857142857142864,1575,Malin Head
2016,12,13.671428571428573,677.0,1.9142857142857141,10.171428571428573,5.471428571428571,2.442857142857143,1575,Malin Head
2016,13,11.971428571428572,1094.2857142857142,4.985714285714286,9.957142857142857,3.542857142857143,2.4285714285714284,1575,Malin Head
2016,14,14.5,1128.2857142857142,4.957142857142857,9.214285714285714,3.685714285714286,2.9571428571428577,1575,Malin Head
2016,15,17.6,960.5714285714286,2.942857142857143,8.657142857142857,5.3999999999999995,1.042857142857143,1575,Malin Head
2016,16,11.62857142857143,1831.2857142857142,8.0,10.685714285714285,5.3428571428571425,0.39999999999999997,1575,Malin Head
2016,17,17.7,1726.2857142857142,7.028571428571429,9.257142857142856,3.7714285714285714,2.085714285714286,1575,Malin Head
2016,18,16.1,1638.0,6.928571428571429,12.542857142857143,6.5,3.2857142857142856,1575,Malin Head
2016,19,13.714285714285714,2303.0,11.342857142857143,14.87142857142857,8.814285714285715,0.0,1575,Malin Head
2016,20,10.685714285714285,1476.4285714285713,4.928571428571429,13.228571428571428,7.114285714285714,5.585714285714286,1575,Malin Head
2016,21,8.142857142857142,2296.0,9.4,12.814285714285715,7.685714285714285,0.07142857142857142,1575,Malin Head
2016,22,7.928571428571429,2427.0,10.457142857142857,14.299999999999999,9.457142857142857,0.014285714285714287,1575,Malin Head
2016,23,6.3999999999999995,1520.4285714285713,3.8857142857142857,17.54285714285714,11.714285714285714,3.557142857142857,1575,Malin Head
2016,24,12.257142857142856,1568.142857142857,3.5,14.642857142857142,10.785714285714286,1.8428571428571427,1575,Malin Head
2016,25,10.700000000000001,1482.142857142857,3.4714285714285715,16.214285714285715,11.285714285714286,2.5714285714285716,1575,Malin Head
2016,26,15.414285714285715,1598.857142857143,3.7714285714285714,14.985714285714286,10.314285714285715,5.328571428571428,1575,Malin Head
2016,27,11.328571428571427,1129.142857142857,1.5714285714285714,16.728571428571428,11.328571428571427,3.7285714285714286,1575,Malin Head
2016,28,14.914285714285715,1456.0,3.3999999999999995,16.54285714285714,12.071428571428571,3.5714285714285716,1575,Malin Head
2016,29,9.5,1650.142857142857,5.328571428571428,20.185714285714287,11.742857142857144,2.314285714285714,1575,Malin Head
2016,30,11.414285714285715,1487.142857142857,3.3428571428571425,16.114285714285717,11.771428571428572,3.1285714285714286,1575,Malin Head
2016,31,14.400000000000002,1063.4285714285713,2.485714285714286,17.842857142857145,12.257142857142856,2.7285714285714286,1575,Malin Head
2016,32,17.285714285714285,891.7142857142857,1.657142857142857,15.657142857142857,12.642857142857142,3.4857142857142853,1575,Malin Head
2016,33,11.557142857142859,1165.5714285714287,4.328571428571428,19.02857142857143,14.114285714285714,2.814285714285714,1575,Malin Head
2016,34,9.042857142857143,1330.4285714285713,5.142857142857143,17.442857142857143,11.12857142857143,3.457142857142857,1575,Malin Head
2016,35,13.828571428571427,1093.7142857142858,3.3000000000000003,17.842857142857145,12.357142857142858,1.7142857142857142,1575,Malin Head
2016,36,16.342857142857145,863.4285714285714,2.814285714285714,18.857142857142858,12.585714285714285,3.3714285714285714,1575,Malin Head
2016,37,10.842857142857143,770.5714285714286,3.6285714285714286,16.67142857142857,12.114285714285714,3.7857142857142856,1575,Malin Head
2016,38,14.614285714285714,710.4285714285714,2.9857142857142853,15.385714285714286,9.528571428571428,2.0714285714285716,1575,Malin Head
2016,39,16.45714285714286,880.2857142857143,4.757142857142857,15.200000000000001,8.785714285714286,2.9857142857142853,1575,Malin Head
2016,40,14.842857142857143,524.7142857142857,1.6428571428571428,15.085714285714285,11.0,0.4,1575,Malin Head
2016,41,15.799999999999999,590.5714285714286,3.528571428571429,12.985714285714286,8.828571428571427,1.457142857142857,1575,Malin Head
2016,42,13.314285714285713,563.7142857142857,3.357142857142857,12.857142857142858,7.4,2.242857142857143,1575,Malin Head
2016,43,12.357142857142858,310.7142857142857,1.5571428571428572,13.085714285714285,8.942857142857143,0.7714285714285715,1575,Malin Head
2016,44,17.842857142857145,357.14285714285717,2.2142857142857144,10.914285714285715,7.571428571428571,2.2857142857142856,1575,Malin Head
2016,45,15.957142857142857,223.71428571428572,1.1142857142857143,10.857142857142858,5.928571428571429,6.0,1575,Malin Head
2016,46,16.599999999999998,153.14285714285714,0.7000000000000001,9.514285714285714,5.1000000000000005,8.085714285714285,1575,Malin Head
2016,47,10.457142857142857,269.14285714285717,3.585714285714286,8.971428571428572,4.185714285714286,0.21428571428571427,1575,Malin Head
2016,48,9.87142857142857,143.14285714285714,0.5571428571428572,8.742857142857144,5.957142857142856,0.17142857142857143,1575,Malin Head
2016,49,15.700000000000001,123.57142857142857,0.9714285714285715,11.87142857142857,7.642857142857143,0.7571428571428571,1575,Malin Head
2016,50,13.1,123.42857142857143,1.342857142857143,10.314285714285715,4.8999999999999995,1.5857142857142856,1575,Malin Head
2016,51,23.24285714285714,93.28571428571429,0.7999999999999999,9.528571428571428,3.8857142857142857,6.928571428571429,1575,Malin Head
2016,52,20.728571428571428,131.85714285714286,1.6857142857142855,9.842857142857143,5.942857142857143,1.6428571428571428,1575,Malin Head
2017,1,13.4,153.14285714285714,1.3714285714285714,9.37142857142857,5.457142857142857,1.542857142857143,1575,Malin Head
2017,2,24.028571428571432,143.71428571428572,0.8857142857142856,8.985714285714286,4.628571428571428,4.757142857142857,1575,Malin Head
2017,3,9.485714285714286,192.0,2.142857142857143,8.4,4.242857142857143,0.12857142857142856,1575,Malin Head
2017,4,18.014285714285712,283.57142857142856,2.6999999999999997,8.557142857142857,4.0285714285714285,0.5714285714285714,1575,Malin Head
2017,5,16.02857142857143,356.2857142857143,3.1285714285714286,9.585714285714287,3.8000000000000003,1.7142857142857142,1575,Malin Head
2017,6,18.02857142857143,336.0,2.5142857142857147,6.671428571428572,2.357142857142857,0.5142857142857143,1575,Malin Head
2017,7,17.6,335.85714285714283,1.457142857142857,10.12857142857143,6.557142857142857,2.1142857142857143,1575,Malin Head
2017,8,19.142857142857142,358.85714285714283,1.1142857142857143,9.442857142857145,4.371428571428572,7.328571428571429,1575,Malin Head
2017,9,13.257142857142856,717.1428571428571,3.885714285714286,7.742857142857143,2.257142857142857,4.728571428571429,1575,Malin Head
2017,10,13.271428571428572,808.4285714285714,4.942857142857143,10.957142857142857,5.442857142857143,1.9000000000000001,1575,Malin Head
2017,11,18.514285714285712,724.4285714285714,3.057142857142857,11.257142857142856,6.5,4.428571428571429,1575,Malin Head
2017,12,13.785714285714286,1276.4285714285713,7.8428571428571425,9.342857142857143,1.9000000000000001,1.4285714285714286,1575,Malin Head
2017,13,10.457142857142857,1097.0,4.957142857142857,13.62857142857143,6.542857142857143,3.0285714285714285,1575,Malin Head
2017,14,12.971428571428572,1103.4285714285713,3.614285714285714,11.857142857142858,7.085714285714286,0.6857142857142858,1575,Malin Head
2017,15,16.9,1307.4285714285713,3.7142857142857144,10.6,6.671428571428572,3.6999999999999997,1575,Malin Head
2017,16,9.9,1327.857142857143,3.142857142857143,11.742857142857144,6.228571428571429,0.5571428571428572,1575,Malin Head
2017,17,18.428571428571427,1596.142857142857,4.614285714285714,11.271428571428572,5.871428571428572,0.7571428571428571,1575,Malin Head
2017,18,14.0,2477.285714285714,12.771428571428572,13.042857142857143,8.214285714285714,0.0,1575,Malin Head
2017,19,8.414285714285715,1763.857142857143,7.385714285714286,13.5,7.071428571428571,2.3,1575,Malin Head
2017,20,11.9,1598.2857142857142,5.685714285714285,15.485714285714286,7.414285714285714,3.1285714285714286,1575,Malin Head
2017,21,11.157142857142857,1505.5714285714287,4.728571428571429,18.885714285714283,10.457142857142857,1.2428571428571427,1575,Malin Head
2017,22,10.528571428571428,1477.142857142857,3.942857142857143,15.200000000000001,8.585714285714285,3.914285714285714,1575,Malin Head
2017,23,15.857142857142858,1625.4285714285713,3.4714285714285715,15.242857142857144,11.114285714285714,4.6000000000000005,1575,Malin Head
2017,24,14.342857142857143,1123.0,1.2714285714285716,17.12857142857143,12.62857142857143,2.0142857142857142,1575,Malin Head
2017,25,13.985714285714286,1679.4285714285713,3.2857142857142856,16.17142857142857,11.542857142857143,0.8857142857142858,1575,Malin Head
2017,26,16.885714285714283,1229.142857142857,1.3285714285714287,14.542857142857143,10.714285714285714,0.5,1575,Malin Head
2017,27,11.299999999999999,1510.0,3.8000000000000003,15.914285714285715,11.0,5.671428571428572,1575,Malin Head
2017,28,11.957142857142857,1940.2857142857142,7.357142857142857,16.314285714285713,11.057142857142859,2.1714285714285717,1575,Malin Head
2017,29,13.271428571428572,1938.5714285714287,7.914285714285714,18.457142857142856,11.37142857142857,3.7285714285714286,1575,Malin Head
2017,30,14.728571428571428,1515.857142857143,3.542857142857143,16.95714285714286,12.314285714285715,4.457142857142857,1575,Malin Head
2017,31,12.957142857142857,1678.142857142857,5.628571428571428,16.514285714285712,11.214285714285714,2.6,1575,Malin Head
2017,32,13.257142857142856,1834.7142857142858,6.985714285714286,16.72857142857143,11.62857142857143,0.8857142857142858,1575,Malin Head
2017,33,14.814285714285715,1298.2857142857142,3.514285714285714,17.371428571428574,11.442857142857141,7.671428571428572,1575,Malin Head
2017,34,10.914285714285715,960.5714285714286,2.1142857142857143,18.0,13.214285714285714,12.785714285714286,1575,Malin Head
2017,35,12.642857142857142,1284.4285714285713,5.542857142857143,16.67142857142857,10.585714285714285,1.6857142857142857,1575,Malin Head
2017,36,18.2,784.4285714285714,1.8714285714285714,15.414285714285715,11.928571428571429,3.9285714285714284,1575,Malin Head
2017,37,16.842857142857145,995.5714285714286,4.185714285714286,13.957142857142857,9.571428571428571,3.542857142857143,1575,Malin Head
2017,38,11.714285714285714,701.2857142857143,2.257142857142857,16.34285714285714,8.7,1.7285714285714284,1575,Malin Head
2017,39,16.0,705.1428571428571,3.585714285714286,15.214285714285714,9.328571428571427,3.6,1575,Malin Head
2017,40,19.642857142857142,493.14285714285717,1.2428571428571427,13.5,10.542857142857143,4.6571428571428575,1575,Malin Head
2017,41,17.47142857142857,406.7142857142857,1.0142857142857142,15.571428571428571,10.799999999999999,3.1714285714285713,1575,Malin Head
2017,42,19.214285714285715,406.42857142857144,2.0571428571428574,13.414285714285715,8.657142857142857,5.757142857142857,1575,Malin Head
2017,43,16.057142857142857,398.85714285714283,2.442857142857143,13.214285714285714,9.571428571428571,0.4857142857142857,1575,Malin Head
2017,44,13.700000000000001,260.57142857142856,1.2,11.5,7.514285714285713,3.685714285714286,1575,Malin Head
2017,45,18.442857142857143,257.42857142857144,1.6285714285714286,10.6,5.814285714285715,4.314285714285715,1575,Malin Head
2017,46,14.771428571428572,190.14285714285714,0.8857142857142856,10.671428571428573,6.471428571428571,3.457142857142857,1575,Malin Head
2017,47,16.514285714285712,141.71428571428572,0.6142857142857142,9.028571428571428,4.6000000000000005,7.442857142857143,1575,Malin Head
2017,48,19.47142857142857,163.42857142857142,0.9857142857142858,8.457142857142857,5.8,1.842857142857143,1575,Malin Head
2017,49,19.542857142857144,134.42857142857142,0.9142857142857144,8.257142857142856,4.142857142857143,3.8,1575,Malin Head
2017,50,18.585714285714285,113.57142857142857,0.7000000000000001,8.414285714285715,4.1571428571428575,4.4714285714285715,1575,Malin Head
2017,51,13.428571428571429,89.42857142857143,0.14285714285714285,11.571428571428571,7.657142857142857,1.4000000000000001,1575,Malin Head
2017,52,16.7,124.28571428571429,1.0285714285714287,7.428571428571429,2.4714285714285715,6.514285714285714,1575,Malin Head
2018,1,16.271428571428572,150.42857142857142,1.8428571428571427,7.257142857142857,3.0714285714285716,10.585714285714285,1575,Malin Head
2018,2,16.857142857142858,149.28571428571428,2.1142857142857143,7.242857142857143,3.242857142857143,1.8714285714285717,1575,Malin Head
2018,3,18.685714285714287,140.42857142857142,0.5714285714285714,6.671428571428572,1.542857142857143,9.214285714285714,1575,Malin Head
2018,4,20.400000000000002,198.28571428571428,1.2428571428571427,9.514285714285714,5.328571428571428,5.071428571428571,1575,Malin Head
2018,5,20.54285714285714,303.42857142857144,2.4714285714285715,7.814285714285715,3.757142857142857,3.357142857142857,1575,Malin Head
2018,6,17.314285714285713,333.2857142857143,1.9714285714285715,6.442857142857143,1.5,5.414285714285714,1575,Malin Head
2018,7,18.385714285714283,474.42857142857144,3.5714285714285716,7.371428571428572,2.042857142857143,3.9857142857142853,1575,Malin Head
2018,8,12.657142857142857,589.8571428571429,4.457142857142857,7.771428571428571,2.7714285714285714,0.15714285714285717,1575,Malin Head
2018,9,26.085714285714285,350.85714285714283,1.3714285714285717,3.4285714285714284,0.37142857142857144,0.4428571428571429,1575,Malin Head
2018,10,13.814285714285715,693.1428571428571,3.7857142857142856,7.542857142857143,3.3999999999999995,3.6285714285714286,1575,Malin Head
2018,11,22.400000000000002,613.4285714285714,2.0285714285714285,7.871428571428572,3.8857142857142857,0.8714285714285716,1575,Malin Head
2018,12,13.242857142857144,1121.5714285714287,6.385714285714286,8.357142857142858,2.257142857142857,2.157142857142857,1575,Malin Head
2018,13,13.957142857142857,1226.7142857142858,5.1000000000000005,8.142857142857142,2.0714285714285716,2.542857142857143,1575,Malin Head
2018,14,17.6,935.7142857142857,3.085714285714286,8.442857142857143,4.085714285714285,4.457142857142857,1575,Malin Head
2018,15,13.442857142857141,1067.857142857143,2.4714285714285715,11.171428571428573,6.614285714285714,0.15714285714285717,1575,Malin Head
2018,16,14.985714285714286,1403.4285714285713,6.357142857142857,15.62857142857143,7.885714285714286,1.4285714285714286,1575,Malin Head
2018,17,13.042857142857143,1845.2857142857142,8.171428571428573,10.685714285714285,5.485714285714286,3.0,1575,Malin Head
2018,18,13.4,1621.2857142857142,5.628571428571428,13.642857142857142,7.357142857142857,1.3285714285714285,1575,Malin Head
2018,19,12.585714285714285,1722.5714285714287,6.785714285714286,14.185714285714285,6.457142857142857,1.5285714285714285,1575,Malin Head
2018,20,10.728571428571428,1661.5714285714287,5.3428571428571425,15.414285714285715,8.328571428571427,0.4428571428571429,1575,Malin Head
2018,21,11.185714285714285,2140.5714285714284,8.928571428571429,14.700000000000001,8.971428571428572,2.6142857142857143,1575,Malin Head
2018,22,6.585714285714286,2118.0,8.0,16.428571428571427,11.428571428571429,0.6714285714285715,1575,Malin Head
2018,23,4.457142857142857,1851.5714285714287,4.4714285714285715,15.557142857142859,11.4,0.0,1575,Malin Head
2018,24,14.371428571428572,1420.7142857142858,2.7714285714285714,15.157142857142857,10.285714285714286,2.857142857142857,1575,Malin Head
2018,25,13.285714285714286,2312.8571428571427,9.028571428571428,14.514285714285714,9.457142857142857,3.7857142857142856,1575,Malin Head
2018,26,7.2,2339.5714285714284,10.828571428571427,19.099999999999998,12.228571428571428,0.014285714285714287,1575,Malin Head
2018,27,7.785714285714286,2520.1428571428573,10.157142857142857,18.04285714285714,10.700000000000001,0.14285714285714285,1575,Malin Head
2018,28,8.542857142857143,1333.0,1.0714285714285714,17.428571428571427,12.671428571428573,2.614285714285714,1575,Malin Head
2018,29,9.585714285714285,1343.5714285714287,1.442857142857143,17.085714285714285,12.328571428571427,3.028571428571429,1575,Malin Head
2018,30,12.385714285714286,1484.4285714285713,5.0,19.400000000000002,12.742857142857144,2.085714285714286,1575,Malin Head
2018,31,11.757142857142856,1220.142857142857,2.6,17.87142857142857,13.171428571428573,2.4285714285714284,1575,Malin Head
2018,32,12.571428571428571,1677.2857142857142,5.485714285714286,17.014285714285712,11.357142857142858,1.6428571428571428,1575,Malin Head
2018,33,14.428571428571429,876.4285714285714,1.6428571428571428,16.371428571428574,12.914285714285715,6.628571428571428,1575,Malin Head
2018,34,14.385714285714286,1230.2857142857142,3.3428571428571425,16.1,11.514285714285714,7.114285714285714,1575,Malin Head
2018,35,13.071428571428571,1130.857142857143,3.471428571428571,17.15714285714286,10.985714285714286,1.342857142857143,1575,Malin Head
2018,36,12.314285714285713,1153.142857142857,4.142857142857143,15.085714285714285,10.742857142857144,1.6142857142857143,1575,Malin Head
2018,37,18.82857142857143,702.0,1.6,15.071428571428571,10.457142857142857,5.785714285714286,1575,Malin Head
2018,38,17.685714285714287,876.1428571428571,4.085714285714286,14.328571428571427,8.77142857142857,6.442857142857143,1575,Malin Head
2018,39,17.714285714285715,637.1428571428571,1.7428571428571427,13.87142857142857,9.528571428571428,1.2428571428571427,1575,Malin Head
2018,40,16.157142857142855,561.1428571428571,1.8714285714285717,13.200000000000001,8.471428571428572,3.8142857142857145,1575,Malin Head
2018,41,18.057142857142857,477.7142857142857,3.1285714285714286,15.328571428571427,10.12857142857143,7.6571428571428575,1575,Malin Head
2018,42,13.342857142857143,597.0,3.5142857142857147,14.357142857142858,8.700000000000001,1.3285714285714287,1575,Malin Head
2018,43,20.642857142857142,399.2857142857143,2.5,11.014285714285714,6.742857142857143,2.142857142857143,1575,Malin Head
2018,44,15.528571428571428,364.57142857142856,2.414285714285714,10.171428571428573,4.542857142857143,2.257142857142857,1575,Malin Head
2018,45,14.585714285714285,290.2857142857143,2.5,10.685714285714285,5.442857142857143,4.228571428571429,1575,Malin Head
2018,46,17.114285714285714,254.28571428571428,2.5,12.87142857142857,8.371428571428572,2.685714285714286,1575,Malin Head
2018,47,18.142857142857142,217.57142857142858,2.085714285714286,8.757142857142856,5.285714285714286,2.3857142857142857,1575,Malin Head
2018,48,17.785714285714285,155.14285714285714,1.4714285714285713,9.171428571428573,5.457142857142857,4.542857142857143,1575,Malin Head
2018,49,16.7,121.57142857142857,0.6571428571428571,9.385714285714286,4.971428571428571,4.314285714285714,1575,Malin Head
2018,50,19.642857142857142,101.42857142857143,0.7428571428571429,8.685714285714285,5.985714285714286,3.314285714285714,1575,Malin Head
2018,51,14.842857142857143,124.42857142857143,1.0571428571428572,9.37142857142857,5.171428571428572,3.3714285714285714,1575,Malin Head
2018,52,13.457142857142857,116.85714285714286,1.0857142857142856,10.957142857142857,7.528571428571429,1.2428571428571427,1575,Malin Head
2019,1,11.114285714285714,102.28571428571429,0.6857142857142857,8.857142857142858,5.314285714285715,0.6428571428571429,1575,Malin Head
2019,2,16.8,141.57142857142858,0.8285714285714285,10.328571428571427,7.928571428571429,1.457142857142857,1575,Malin Head
2019,3,16.185714285714287,163.85714285714286,0.7571428571428572,8.1,4.371428571428572,1.8857142857142857,1575,Malin Head
2019,4,18.2,151.0,0.45714285714285713,7.614285714285714,4.057142857142857,4.714285714285714,1575,Malin Head
2019,5,14.299999999999999,338.85714285714283,2.8428571428571425,5.814285714285715,0.9571428571428572,4.285714285714286,1575,Malin Head
2019,6,17.97142857142857,330.7142857142857,2.257142857142857,9.085714285714285,3.457142857142857,4.985714285714286,1575,Malin Head
2019,7,17.285714285714285,387.2857142857143,2.457142857142857,11.614285714285714,6.8428571428571425,0.2285714285714286,1575,Malin Head
2019,8,17.12857142857143,316.14285714285717,0.7000000000000001,12.728571428571428,7.071428571428571,2.142857142857143,1575,Malin Head
2019,9,12.914285714285715,509.85714285714283,2.457142857142857,11.171428571428573,6.457142857142857,1.6285714285714283,1575,Malin Head
2019,10,20.557142857142857,606.8571428571429,2.557142857142857,8.2,3.3285714285714287,7.585714285714286,1575,Malin Head
2019,11,23.914285714285715,768.7142857142857,2.9428571428571426,8.714285714285714,4.228571428571429,8.971428571428572,1575,Malin Head
2019,12,16.62857142857143,825.1428571428571,2.7714285714285714,11.428571428571429,6.757142857142858,1.5999999999999999,1575,Malin Head
2019,13,12.4,1127.857142857143,4.6571428571428575,11.12857142857143,6.8428571428571425,0.05714285714285714,1575,Malin Head
2019,14,19.400000000000002,964.4285714285714,3.1714285714285713,8.814285714285715,4.871428571428572,3.1142857142857143,1575,Malin Head
2019,15,15.671428571428573,1345.0,6.257142857142857,10.1,4.285714285714286,0.04285714285714286,1575,Malin Head
2019,16,11.799999999999999,1160.142857142857,3.2285714285714286,15.028571428571427,7.485714285714286,0.5285714285714286,1575,Malin Head
2019,17,16.45714285714286,1183.4285714285713,3.7857142857142856,13.885714285714286,8.614285714285714,3.0,1575,Malin Head
2019,18,12.5,1803.857142857143,5.842857142857143,11.971428571428572,6.314285714285715,0.8142857142857142,1575,Malin Head
2019,19,11.342857142857143,1616.2857142857142,4.714285714285714,10.657142857142857,4.985714285714286,2.8999999999999995,1575,Malin Head
2019,20,10.485714285714286,1675.142857142857,6.257142857142857,16.142857142857142,9.057142857142857,1.1,1575,Malin Head
2019,21,9.228571428571428,2037.4285714285713,7.642857142857143,13.342857142857143,7.057142857142858,1.4428571428571428,1575,Malin Head
2019,22,13.028571428571428,1417.5714285714287,3.1999999999999997,14.642857142857142,9.142857142857142,6.5,1575,Malin Head
2019,23,11.299999999999999,1619.857142857143,4.328571428571428,13.857142857142858,8.414285714285715,5.142857142857143,1575,Malin Head
2019,24,12.642857142857142,1808.857142857143,5.3428571428571425,13.12857142857143,8.428571428571429,2.2714285714285714,1575,Malin Head
2019,25,12.971428571428572,1877.7142857142858,5.071428571428571,15.342857142857143,9.957142857142857,0.9857142857142857,1575,Malin Head
2019,26,11.142857142857142,2203.5714285714284,7.8999999999999995,16.757142857142856,12.4,0.31428571428571433,1575,Malin Head
2019,27,12.271428571428572,1906.857142857143,4.3999999999999995,15.342857142857143,10.799999999999999,0.8714285714285713,1575,Malin Head
2019,28,9.871428571428572,1390.142857142857,2.2857142857142856,17.0,12.742857142857144,3.314285714285714,1575,Malin Head
2019,29,11.685714285714285,1641.857142857143,5.5,18.057142857142857,12.828571428571427,3.8000000000000003,1575,Malin Head
2019,30,13.257142857142856,1407.7142857142858,3.414285714285714,21.2,15.157142857142857,3.0142857142857147,1575,Malin Head
2019,31,8.342857142857143,1621.5714285714287,5.628571428571428,18.52857142857143,13.414285714285713,2.6857142857142855,1575,Malin Head
2019,32,13.571428571428571,1432.857142857143,3.957142857142857,17.442857142857143,13.214285714285714,4.4714285714285715,1575,Malin Head
2019,33,15.62857142857143,1597.142857142857,5.857142857142857,17.442857142857143,11.928571428571429,5.5,1575,Malin Head
2019,34,13.328571428571427,1116.5714285714287,3.6714285714285713,18.0,12.700000000000001,3.3857142857142857,1575,Malin Head
2019,35,14.971428571428572,1040.2857142857142,3.6,16.82857142857143,11.885714285714286,9.328571428571427,1575,Malin Head
2019,36,17.742857142857144,825.7142857142857,1.614285714285714,15.571428571428571,11.342857142857143,4.042857142857143,1575,Malin Head
2019,37,16.071428571428573,1034.7142857142858,4.242857142857143,15.471428571428573,10.614285714285714,4.857142857142857,1575,Malin Head
2019,38,10.185714285714285,1148.142857142857,6.3,17.057142857142857,10.785714285714286,2.457142857142857,1575,Malin Head
2019,39,11.571428571428571,936.5714285714286,4.342857142857143,16.285714285714285,11.442857142857141,4.985714285714286,1575,Malin Head
2019,40,15.028571428571428,580.7142857142857,1.957142857142857,13.528571428571428,9.242857142857144,2.914285714285714,1575,Malin Head
2019,41,19.37142857142857,614.1428571428571,3.4857142857142853,13.642857142857142,8.77142857142857,6.185714285714285,1575,Malin Head
2019,42,14.785714285714286,594.1428571428571,3.542857142857143,12.799999999999999,8.085714285714285,1.4142857142857144,1575,Malin Head
2019,43,15.514285714285714,408.57142857142856,2.042857142857143,10.471428571428572,7.014285714285714,1.5142857142857142,1575,Malin Head
2019,44,13.342857142857143,396.2857142857143,2.642857142857143,11.12857142857143,7.571428571428571,3.257142857142857,1575,Malin Head
2019,45,14.528571428571428,256.57142857142856,1.5142857142857142,9.114285714285714,4.614285714285714,5.0,1575,Malin Head
2019,46,18.32857142857143,226.57142857142858,1.2428571428571427,8.328571428571427,4.557142857142857,2.3000000000000003,1575,Malin Head
2019,47,14.657142857142857,154.85714285714286,0.45714285714285713,9.157142857142857,5.357142857142857,2.2142857142857144,1575,Malin Head
2019,48,13.285714285714286,163.85714285714286,1.1714285714285713,9.285714285714286,5.7,0.7142857142857143,1575,Malin Head
2019,49,20.0,132.0,1.4142857142857141,10.314285714285715,6.914285714285714,4.871428571428572,1575,Malin Head
2019,50,20.085714285714285,135.14285714285714,1.3,7.857142857142857,3.5857142857142854,5.771428571428571,1575,Malin Head
2019,51,14.957142857142857,141.0,1.657142857142857,8.471428571428572,2.8285714285714287,4.3,1575,Malin Head
2019,52,17.6,117.0,0.8714285714285713,10.157142857142857,6.385714285714286,2.557142857142857,1575,Malin Head
2020,1,16.685714285714287,152.0,1.7285714285714284,9.914285714285715,6.285714285714286,1.157142857142857,1575,Malin Head
2020,2,19.099999999999998,141.42857142857142,1.2857142857142858,9.885714285714286,4.5285714285714285,4.3428571428571425,1575,Malin Head
2020,3,21.228571428571428,173.0,1.3571428571428572,7.671428571428572,3.3857142857142857,2.985714285714286,1575,Malin Head
2020,4,15.114285714285714,167.0,0.5285714285714286,9.157142857142857,6.614285714285714,0.8428571428571427,1575,Malin Head
2020,5,20.385714285714283,269.85714285714283,1.9142857142857141,9.200000000000001,4.042857142857143,3.614285714285714,1575,Malin Head
2020,6,19.485714285714288,380.85714285714283,3.0285714285714285,8.842857142857143,3.2714285714285714,6.485714285714286,1575,Malin Head
2020,7,27.285714285714285,362.85714285714283,2.4428571428571426,7.757142857142857,2.7285714285714286,6.328571428571428,1575,Malin Head
2020,8,24.314285714285713,402.85714285714283,2.2714285714285714,8.5,3.6,6.628571428571429,1575,Malin Head
2020,9,20.228571428571428,505.42857142857144,2.657142857142857,7.128571428571429,2.1999999999999997,10.6,1575,Malin Head
2020,10,14.9,778.0,5.085714285714286,8.642857142857142,2.7714285714285714,2.6999999999999997,1575,Malin Head
2020,11,20.185714285714287,675.8571428571429,3.0,9.157142857142857,3.9857142857142853,4.128571428571428,1575,Malin Head
2020,12,14.042857142857143,909.7142857142857,4.871428571428572,8.5,3.1571428571428575,2.414285714285714,1575,Malin Head
2020,13,15.87142857142857,1050.857142857143,4.3428571428571425,9.657142857142857,6.057142857142857,0.5999999999999999,1575,Malin Head
2020,14,16.32857142857143,942.1428571428571,1.9142857142857144,10.557142857142859,6.1000000000000005,1.5857142857142856,1575,Malin Head
2020,15,12.014285714285714,1358.4285714285713,5.542857142857143,12.971428571428572,7.428571428571429,0.35714285714285715,1575,Malin Head
2020,16,12.485714285714286,1942.2857142857142,10.171428571428573,11.042857142857143,5.171428571428572,0.0,1575,Malin Head
2020,17,11.014285714285714,1992.857142857143,8.72857142857143,11.685714285714285,6.828571428571428,0.19999999999999998,1575,Malin Head
2020,18,9.414285714285715,1848.0,8.185714285714285,10.885714285714286,3.942857142857143,0.9714285714285714,1575,Malin Head
2020,19,12.200000000000001,2005.2857142857142,8.285714285714286,12.9,7.214285714285714,1.2428571428571427,1575,Malin Head
2020,20,13.085714285714285,1897.4285714285713,5.885714285714286,11.557142857142859,5.871428571428571,0.8285714285714286,1575,Malin Head
2020,21,17.914285714285715,1484.0,3.8000000000000003,14.857142857142858,9.657142857142857,3.0285714285714285,1575,Malin Head
2020,22,11.357142857142858,2412.5714285714284,11.114285714285714,19.2,10.657142857142857,0.1285714285714286,1575,Malin Head
2020,23,16.6,1824.142857142857,5.6571428571428575,13.37142857142857,9.242857142857144,1.2714285714285716,1575,Malin Head
2020,24,9.928571428571429,1900.4285714285713,6.2,13.87142857142857,8.985714285714286,1.0857142857142856,1575,Malin Head
2020,25,9.585714285714285,1493.4285714285713,3.1571428571428575,15.442857142857141,10.814285714285715,1.5571428571428572,1575,Malin Head
2020,26,12.085714285714285,1480.7142857142858,3.942857142857143,16.2,11.328571428571427,10.114285714285714,1575,Malin Head
2020,27,12.742857142857144,1525.7142857142858,3.1,14.457142857142857,11.1,6.357142857142857,1575,Malin Head
2020,28,12.585714285714285,1730.7142857142858,4.285714285714286,15.142857142857142,10.200000000000001,1.1571428571428573,1575,Malin Head
2020,29,15.228571428571428,1533.7142857142858,2.971428571428571,15.62857142857143,11.914285714285715,3.8857142857142857,1575,Malin Head
2020,30,11.671428571428573,1555.142857142857,3.557142857142857,16.571428571428573,11.942857142857141,3.442857142857143,1575,Malin Head
2020,31,14.314285714285715,1442.7142857142858,3.4857142857142853,16.45714285714286,11.87142857142857,5.8999999999999995,1575,Malin Head
2020,32,11.700000000000001,1487.2857142857142,5.442857142857143,17.857142857142858,11.700000000000001,6.357142857142857,1575,Malin Head
2020,33,7.071428571428571,1651.142857142857,5.928571428571429,16.857142857142858,13.471428571428572,0.3142857142857142,1575,Malin Head
2020,34,12.6,1008.0,2.2142857142857144,17.04285714285714,13.114285714285714,4.771428571428571,1575,Malin Head
2020,35,14.671428571428573,1152.2857142857142,2.7285714285714286,15.357142857142858,11.342857142857143,5.671428571428571,1575,Malin Head
2020,36,15.542857142857143,1151.7142857142858,4.185714285714285,16.97142857142857,12.257142857142856,5.042857142857143,1575,Malin Head
2020,37,18.47142857142857,773.4285714285714,1.7428571428571427,16.6,12.242857142857144,8.4,1575,Malin Head
2020,38,8.314285714285715,1260.7142857142858,7.299999999999999,17.25714285714286,11.414285714285715,0.8142857142857143,1575,Malin Head
2020,39,13.799999999999999,958.2857142857143,5.128571428571428,13.914285714285715,6.871428571428572,1.2857142857142858,1575,Malin Head
2020,40,14.614285714285714,676.8571428571429,3.457142857142857,13.5,8.814285714285715,4.042857142857143,1575,Malin Head
2020,41,15.957142857142857,591.5714285714286,2.3428571428571425,13.271428571428572,8.885714285714286,3.942857142857143,1575,Malin Head
2020,42,14.057142857142859,530.2857142857143,2.6142857142857143,12.4,8.342857142857143,0.5428571428571428,1575,Malin Head
2020,43,19.814285714285713,395.7142857142857,2.4714285714285715,11.928571428571429,8.542857142857143,8.071428571428571,1575,Malin Head
2020,44,21.7,361.14285714285717,2.242857142857143,12.185714285714285,6.8428571428571425,5.928571428571429,1575,Malin Head
2020,45,12.528571428571428,298.2857142857143,1.8285714285714285,11.271428571428572,6.8999999999999995,4.371428571428572,1575,Malin Head
2020,46,16.5,199.28571428571428,1.0285714285714287,12.142857142857142,8.628571428571428,3.871428571428571,1575,Malin Head
2020,47,19.599999999999998,191.0,1.157142857142857,11.742857142857144,7.514285714285714,6.228571428571429,1575,Malin Head
2020,48,11.700000000000001,155.28571428571428,1.3,9.257142857142856,5.014285714285714,3.257142857142857,1575,Malin Head
2020,49,18.12857142857143,143.71428571428572,1.2285714285714289,8.928571428571429,3.8285714285714287,4.785714285714286,1575,Malin Head
2020,50,15.157142857142857,117.71428571428571,0.9571428571428572,8.77142857142857,4.885714285714286,4.642857142857143,1575,Malin Head
2020,51,17.34285714285714,143.85714285714286,1.7571428571428573,9.814285714285715,6.257142857142857,2.2285714285714286,1575,Malin Head
2020,52,18.514285714285712,94.71428571428571,0.5285714285714286,7.9142857142857155,3.914285714285714,5.7,1575,Malin Head
2020,53,20.014285714285712,132.85714285714286,1.2571428571428573,6.771428571428571,3.1285714285714286,4.228571428571429,1575,Malin Head
2021,1,13.971428571428572,190.0,2.0,6.371428571428572,2.6,1.3,1575,Malin Head
2021,2,16.685714285714287,134.14285714285714,0.4428571428571429,8.542857142857143,3.942857142857143,6.928571428571429,1575,Malin Head
2021,3,11.87142857142857,217.0,1.7571428571428573,5.8999999999999995,1.9285714285714286,5.042857142857143,1575,Malin Head
2021,4,17.585714285714285,213.85714285714286,0.7285714285714285,7.442857142857143,4.185714285714286,4.385714285714285,1575,Malin Head
2021,5,24.599999999999998,148.14285714285714,0.05714285714285715,5.871428571428572,3.814285714285714,6.6000000000000005,1575,Malin Head
2021,6,25.25714285714286,413.85714285714283,2.742857142857143,5.028571428571429,1.3571428571428572,1.3,1575,Malin Head
2021,7,19.085714285714285,501.2857142857143,3.5,10.471428571428572,5.3428571428571425,4.742857142857143,1575,Malin Head
2021,8,14.72857142857143,627.4285714285714,4.128571428571429,11.257142857142856,5.428571428571429,1.0857142857142856,1575,Malin Head
2021,9,9.314285714285715,570.4285714285714,2.5142857142857147,7.457142857142857,3.2857142857142856,0.2857142857142857,1575,Malin Head
2021,10,19.37142857142857,510.7142857142857,1.757142857142857,9.285714285714286,4.5285714285714285,5.328571428571428,1575,Malin Head
2021,11,10.471428571428572,895.4285714285714,2.5,10.014285714285714,5.942857142857143,0.5285714285714286,1575,Malin Head
2021,12,18.942857142857143,831.1428571428571,2.757142857142857,10.857142857142858,4.985714285714286,4.514285714285714,1575,Malin Head
2021,13,14.357142857142858,1128.5714285714287,4.4714285714285715,10.914285714285715,6.228571428571429,2.442857142857143,1575,Malin Head
2021,14,15.357142857142858,1370.5714285714287,5.1571428571428575,7.271428571428571,1.842857142857143,1.7714285714285711,1575,Malin Head
2021,15,9.771428571428572,1650.7142857142858,8.085714285714285,11.857142857142858,4.1571428571428575,1.3571428571428572,1575,Malin Head
2021,16,12.4,1893.0,9.085714285714285,11.814285714285715,6.057142857142857,0.7428571428571429,1575,Malin Head
2021,17,10.328571428571427,1887.857142857143,7.928571428571429,10.357142857142858,5.214285714285714,2.142857142857143,1575,Malin Head
2021,18,15.9,1744.2857142857142,6.557142857142857,10.971428571428572,4.414285714285714,5.328571428571428,1575,Malin Head
2021,19,9.757142857142856,1633.857142857143,4.785714285714286,12.428571428571429,7.171428571428572,4.385714285714285,1575,Malin Head
2021,20,15.442857142857141,1919.142857142857,7.814285714285715,11.62857142857143,5.885714285714286,1.942857142857143,1575,Malin Head
2021,21,9.942857142857141,2051.4285714285716,8.457142857142857,14.642857142857142,7.371428571428572,0.8857142857142858,1575,Malin Head
2021,22,10.828571428571427,1735.0,5.714285714285714,17.12857142857143,9.771428571428572,0.7142857142857143,1575,Malin Head
2021,23,14.0,1572.7142857142858,3.7142857142857144,19.014285714285712,12.185714285714285,1.6857142857142855,1575,Malin Head
2021,24,12.114285714285714,1871.857142857143,4.714285714285714,14.757142857142856,9.557142857142859,1.1428571428571428,1575,Malin Head
2021,25,14.200000000000001,1994.5714285714287,6.371428571428572,13.914285714285715,10.514285714285714,3.4285714285714284,1575,Malin Head
2021,26,6.585714285714286,1138.4285714285713,0.8857142857142859,14.957142857142857,11.571428571428571,3.642857142857143,1575,Malin Head
2021,27,7.3,1192.5714285714287,1.8285714285714287,16.3,12.528571428571428,0.1285714285714286,1575,Malin Head
2021,28,8.2,2083.714285714286,6.742857142857143,18.3,12.314285714285715,0.1,1575,Malin Head
2021,29,7.485714285714286,2392.4285714285716,10.542857142857143,18.599999999999998,12.985714285714286,0.028571428571428574,1575,Malin Head
2021,30,9.771428571428572,1016.8571428571429,0.7571428571428572,16.02857142857143,12.542857142857143,3.5571428571428574,1575,Malin Head
2021,31,9.114285714285714,1280.2857142857142,2.5285714285714285,17.057142857142857,12.87142857142857,6.3,1575,Malin Head
2021,32,12.885714285714286,1478.142857142857,5.0,17.057142857142857,11.514285714285714,1.2,1575,Malin Head
2021,33,10.342857142857143,901.4285714285714,0.6714285714285715,16.514285714285712,12.6,2.157142857142857,1575,Malin Head
2021,34,5.442857142857143,1227.142857142857,5.185714285714286,16.485714285714288,11.985714285714286,0.21428571428571427,1575,Malin Head
2021,35,7.257142857142857,1237.857142857143,5.671428571428571,16.9,11.457142857142857,0.5285714285714286,1575,Malin Head
2021,36,7.271428571428571,797.1428571428571,1.8,17.742857142857144,13.757142857142856,1.2857142857142858,1575,Malin Head
2021,37,9.5,906.4285714285714,3.2857142857142856,17.357142857142858,10.700000000000001,2.0428571428571427,1575,Malin Head
2021,38,16.414285714285715,545.8571428571429,1.542857142857143,17.085714285714285,12.357142857142858,3.0142857142857147,1575,Malin Head
2021,39,17.285714285714285,842.4285714285714,4.428571428571429,13.571428571428571,8.328571428571427,5.028571428571429,1575,Malin Head
2021,40,13.614285714285714,565.8571428571429,2.557142857142857,15.614285714285714,11.37142857142857,3.857142857142857,1575,Malin Head
2021,41,11.928571428571429,339.2857142857143,0.5714285714285714,13.700000000000001,9.87142857142857,4.014285714285714,1575,Malin Head
2021,42,18.67142857142857,500.85714285714283,3.4,14.214285714285714,9.428571428571429,5.857142857142857,1575,Malin Head
2021,43,13.799999999999999,398.7142857142857,2.4857142857142853,13.214285714285714,8.285714285714286,6.442857142857143,1575,Malin Head
2021,44,19.685714285714287,316.57142857142856,1.5857142857142856,11.314285714285715,8.0,3.1571428571428575,1575,Malin Head
2021,45,14.885714285714286,231.71428571428572,1.0714285714285714,13.1,8.7,2.6714285714285713,1575,Malin Head
2021,46,19.114285714285717,172.57142857142858,1.0142857142857142,12.085714285714285,9.128571428571428,1.842857142857143,1575,Malin Head
2021,47,20.485714285714288,173.42857142857142,0.8285714285714285,9.200000000000001,5.6000000000000005,2.257142857142857,1575,Malin Head
2021,48,19.7,128.57142857142858,0.5714285714285714,9.799999999999999,5.1000000000000005,6.985714285714286,1575,Malin Head
2021,49,19.900000000000002,97.57142857142857,0.41428571428571426,9.428571428571429,4.728571428571429,5.957142857142857,1575,Malin Head
2021,50,11.4,130.57142857142858,1.7,9.114285714285716,5.014285714285714,2.157142857142857,1575,Malin Head
2021,51,15.942857142857141,68.14285714285714,0.09999999999999999,8.142857142857142,5.085714285714286,3.257142857142857,1575,Malin Head
2021,52,15.214285714285714,153.42857142857142,1.5714285714285714,11.257142857142856,6.9,3.1285714285714286,1575,Malin Head
2022,1,20.17142857142857,143.28571428571428,0.9714285714285714,7.828571428571428,2.8714285714285714,9.314285714285715,1575,Malin Head
2022,2,13.4,135.0,0.39999999999999997,9.128571428571428,5.985714285714286,0.6857142857142857,1575,Malin Head
2022,3,15.485714285714286,202.42857142857142,1.5,8.9,5.542857142857143,0.6428571428571429,1575,Malin Head
2022,4,18.17142857142857,220.0,1.0285714285714287,10.057142857142859,5.985714285714286,0.6714285714285714,1575,Malin Head
2022,5,22.900000000000002,218.85714285714286,0.6428571428571429,9.185714285714285,5.471428571428571,5.985714285714286,1575,Malin Head
2022,6,19.157142857142855,317.57142857142856,1.7857142857142858,8.657142857142857,4.514285714285714,4.928571428571429,1575,Malin Head
2022,7,23.400000000000002,386.7142857142857,1.9714285714285715,9.171428571428573,3.457142857142857,9.957142857142857,1575,Malin Head
2022,8,23.87142857142857,407.7142857142857,1.7,9.771428571428572,4.8,4.771428571428572,1575,Malin Head
2022,9,11.9,815.7142857142857,6.314285714285715,9.114285714285714,3.1142857142857143,1.1142857142857143,1575,Malin Head
2022,10,17.585714285714285,675.0,3.5142857142857147,9.414285714285715,3.3428571428571425,1.4857142857142858,1575,Malin Head
2022,11,16.47142857142857,1011.4285714285714,6.9,11.442857142857141,4.442857142857142,0.9571428571428572,1575,Malin Head
2022,12,7.271428571428571,1225.142857142857,7.7,13.642857142857142,6.657142857142857,0.042857142857142864,1575,Malin Head
2022,13,11.657142857142858,1309.0,6.742857142857143,8.971428571428572,3.6571428571428575,1.3142857142857143,1575,Malin Head
2022,14,18.085714285714285,1114.142857142857,4.485714285714286,9.442857142857141,5.042857142857143,3.4714285714285715,1575,Malin Head
2022,15,11.157142857142857,894.0,2.442857142857143,13.200000000000001,8.1,3.885714285714286,1575,Malin Head
2022,16,13.514285714285714,2067.5714285714284,11.428571428571429,12.971428571428572,6.114285714285714,0.1142857142857143,1575,Malin Head
2022,17,11.12857142857143,1758.4285714285713,7.5,11.471428571428572,5.528571428571429,3.728571428571428,1575,Malin Head
2022,18,9.842857142857143,1357.7142857142858,3.3428571428571425,13.9,9.385714285714286,1.6857142857142857,1575,Malin Head
2022,19,16.714285714285715,1615.857142857143,5.628571428571428,14.528571428571428,9.214285714285714,1.9571428571428573,1575,Malin Head
2022,20,16.014285714285712,1332.142857142857,3.9428571428571426,16.5,9.771428571428572,4.414285714285714,1575,Malin Head
2022,21,16.47142857142857,2132.4285714285716,6.3428571428571425,13.457142857142857,9.514285714285714,1.5,1575,Malin Head
2022,22,10.171428571428573,2298.285714285714,9.799999999999999,13.685714285714285,8.857142857142858,1.4285714285714286,1575,Malin Head
2022,23,16.2,1760.857142857143,4.142857142857143,16.214285714285715,10.700000000000001,1.9857142857142855,1575,Malin Head
2022,24,14.442857142857145,1361.2857142857142,2.1999999999999997,15.585714285714285,11.471428571428572,1.6285714285714286,1575,Malin Head
2022,25,12.799999999999999,1679.5714285714287,3.8714285714285714,16.45714285714286,11.428571428571429,1.8285714285714287,1575,Malin Head
2022,26,13.314285714285715,1456.0,2.4,16.157142857142855,11.171428571428573,4.685714285714285,1575,Malin Head
2022,27,14.757142857142856,1378.857142857143,1.442857142857143,15.5,12.1,0.6285714285714287,1575,Malin Head
2022,28,10.914285714285715,1602.4285714285713,3.0142857142857147,18.385714285714283,12.914285714285715,1.1857142857142857,1575,Malin Head
2022,29,9.328571428571427,1573.5714285714287,4.228571428571429,17.914285714285715,13.271428571428572,4.8999999999999995,1575,Malin Head
2022,30,10.657142857142857,1817.0,5.371428571428571,16.8,11.328571428571427,1.4000000000000001,1575,Malin Head
2022,31,15.314285714285715,1473.142857142857,4.114285714285715,17.271428571428572,11.87142857142857,3.057142857142857,1575,Malin Head
2022,32,7.085714285714286,2009.4285714285713,9.22857142857143,18.857142857142858,12.214285714285714,0.042857142857142864,1575,Malin Head
2022,33,14.757142857142856,1345.5714285714287,4.285714285714286,16.428571428571427,12.4,1.2571428571428573,1575,Malin Head
2022,34,8.2,1122.5714285714287,2.9142857142857146,17.428571428571427,11.62857142857143,1.942857142857143,1575,Malin Head
2022,35,9.585714285714285,1275.7142857142858,6.357142857142857,17.5,11.62857142857143,5.742857142857143,1575,Malin Head
2022,36,12.257142857142856,1298.2857142857142,6.757142857142858,17.82857142857143,12.799999999999999,2.1714285714285713,1575,Malin Head
2022,37,12.828571428571427,1039.0,3.057142857142857,15.357142857142858,11.957142857142857,0.5285714285714286,1575,Malin Head
2022,38,12.457142857142857,812.0,2.7285714285714286,16.285714285714285,12.085714285714285,2.1714285714285713,1575,Malin Head
2022,39,19.657142857142855,802.7142857142857,3.257142857142857,14.242857142857144,10.514285714285714,4.057142857142857,1575,Malin Head
2022,40,18.842857142857145,397.14285714285717,1.2428571428571427,14.4,10.285714285714286,8.457142857142857,1575,Malin Head
2022,41,15.942857142857141,571.1428571428571,3.1,12.642857142857142,7.542857142857143,4.714285714285714,1575,Malin Head
2022,42,16.32857142857143,445.42857142857144,2.5,13.700000000000001,10.314285714285715,1.1714285714285713,1575,Malin Head
2022,43,15.571428571428571,409.2857142857143,2.142857142857143,15.185714285714285,10.385714285714286,7.457142857142857,1575,Malin Head
2022,44,15.6,380.42857142857144,3.4857142857142853,12.4,7.914285714285714,3.585714285714286,1575,Malin Head
2022,45,19.02857142857143,263.7142857142857,1.6285714285714286,14.857142857142858,9.771428571428572,4.485714285714286,1575,Malin Head
2022,46,12.828571428571427,291.0,2.557142857142857,10.299999999999999,5.042857142857143,2.7714285714285714,1575,Malin Head
2022,47,19.24285714285714,225.42857142857142,2.257142857142857,10.799999999999999,6.542857142857143,5.442857142857143,1575,Malin Head
2022,48,12.042857142857143,145.71428571428572,0.9571428571428572,9.62857142857143,5.485714285714286,0.6428571428571429,1575,Malin Head
2022,49,14.014285714285714,126.57142857142857,0.6571428571428571,7.128571428571428,3.957142857142857,3.0142857142857147,1575,Malin Head
2022,50,15.914285714285715,168.28571428571428,1.8857142857142857,6.285714285714286,1.0142857142857142,2.7,1575,Malin Head
2022,51,17.314285714285713,121.0,1.2571428571428573,9.271428571428572,4.485714285714286,5.200000000000001,1575,Malin Head
2022,52,15.4,124.42857142857143,0.7999999999999999,7.8,3.0857142857142854,4.271428571428571,1575,Malin Head
2023,1,17.914285714285715,130.42857142857142,1.2285714285714284,9.0,5.057142857142857,4.728571428571429,1575,Malin Head
2023,2,21.87142857142857,125.0,0.5714285714285714,8.72857142857143,4.485714285714286,6.557142857142857,1575,Malin Head
2023,3,15.014285714285714,232.14285714285714,2.0571428571428574,7.071428571428571,2.085714285714286,2.6714285714285713,1575,Malin Head
2023,4,13.5,246.71428571428572,1.5285714285714285,9.614285714285714,6.071428571428571,0.7000000000000001,1575,Malin Head
2023,5,20.271428571428572,271.42857142857144,1.4000000000000001,9.914285714285715,6.057142857142857,2.357142857142857,1575,Malin Head
2023,6,15.842857142857143,255.28571428571428,0.8857142857142858,9.471428571428572,5.828571428571428,1.3142857142857143,1575,Malin Head
2023,7,17.885714285714286,406.2857142857143,2.1142857142857143,11.700000000000001,6.671428571428572,3.1285714285714286,1575,Malin Head
2023,8,15.685714285714285,586.0,4.0,9.514285714285716,4.714285714285714,2.0714285714285716,1575,Malin Head
2023,9,9.185714285714285,560.1428571428571,0.9714285714285715,7.871428571428572,4.214285714285714,0.8428571428571429,1575,Malin Head
2023,10,15.271428571428572,773.4285714285714,3.8714285714285714,6.942857142857143,1.0571428571428572,2.3857142857142857,1575,Malin Head
2023,11,13.357142857142858,660.7142857142857,2.157142857142857,10.714285714285714,4.442857142857143,6.028571428571429,1575,Malin Head
2023,12,14.200000000000001,1006.4285714285714,4.671428571428572,11.571428571428571,6.085714285714286,3.1999999999999997,1575,Malin Head
2023,13,10.971428571428572,939.2857142857143,2.8428571428571425,11.9,7.057142857142857,3.1714285714285717,1575,Malin Head
2023,14,14.928571428571429,1120.7142857142858,4.257142857142857,12.62857142857143,5.814285714285715,1.4000000000000001,1575,Malin Head
2023,15,16.157142857142855,1228.2857142857142,4.8428571428571425,11.757142857142856,4.957142857142857,4.557142857142858,1575,Malin Head
2023,16,13.742857142857144,1894.7142857142858,8.828571428571427,13.442857142857141,7.642857142857143,0.08571428571428572,1575,Malin Head
2023,17,10.799999999999999,1530.5714285714287,5.6000000000000005,11.342857142857143,7.357142857142857,2.2,1575,Malin Head
2023,18,13.071428571428571,1377.142857142857,3.2714285714285714,15.585714285714285,8.5,1.4142857142857144,1575,Malin Head
2023,19,10.12857142857143,1758.0,5.228571428571429,14.728571428571428,9.014285714285714,4.614285714285714,1575,Malin Head
2023,20,10.385714285714286,1653.4285714285713,4.071428571428571,13.885714285714286,9.128571428571428,0.7571428571428571,1575,Malin Head
2023,21,10.62857142857143,1949.142857142857,5.142857142857143,14.528571428571428,9.057142857142857,0.07142857142857142,1575,Malin Head
2023,22,6.671428571428571,2795.8571428571427,13.257142857142856,14.471428571428572,8.514285714285714,0.042857142857142864,1575,Malin Head
2023,23,9.614285714285714,2437.4285714285716,10.642857142857142,16.428571428571427,10.757142857142856,0.09999999999999999,1575,Malin Head
2023,24,9.299999999999999,2133.4285714285716,8.4,20.52857142857143,12.885714285714286,1.8571428571428572,1575,Malin Head
2023,25,11.342857142857143,2007.857142857143,7.0,20.014285714285712,13.400000000000002,3.757142857142857,1575,Malin Head
2023,26,16.3,1671.142857142857,4.771428571428571,16.82857142857143,12.4,4.457142857142857,1575,Malin Head
2023,27,14.514285714285714,1862.5714285714287,6.014285714285713,18.97142857142857,12.514285714285714,4.785714285714286,1575,Malin Head
2023,28,13.6,1707.7142857142858,4.142857142857143,17.17142857142857,12.714285714285714,8.414285714285715,1575,Malin Head
2023,29,10.828571428571427,1626.142857142857,4.4,16.32857142857143,12.157142857142857,7.371428571428572,1575,Malin Head
2023,30,13.471428571428572,1502.7142857142858,3.8285714285714287,17.428571428571427,12.62857142857143,5.0,1575,Malin Head
2023,31,15.185714285714285,1455.5714285714287,3.7428571428571433,16.485714285714288,12.814285714285715,4.557142857142857,1575,Malin Head
2023,32,12.185714285714285,1557.4285714285713,5.885714285714286,18.928571428571427,12.814285714285715,2.7857142857142856,1575,Malin Head
2023,33,15.957142857142857,1407.7142857142858,4.5285714285714285,18.82857142857143,13.914285714285715,3.4857142857142853,1575,Malin Head
2023,34,15.757142857142856,1198.857142857143,3.542857142857143,17.071428571428573,12.857142857142858,6.028571428571429,1575,Malin Head
2023,35,11.885714285714286,1356.2857142857142,5.857142857142857,17.357142857142858,12.342857142857143,1.2285714285714284,1575,Malin Head
2023,36,8.414285714285715,1385.4285714285713,7.357142857142857,21.414285714285715,15.071428571428571,0.21428571428571433,1575,Malin Head
2023,37,11.914285714285715,889.5714285714286,3.8000000000000003,15.557142857142859,10.585714285714285,2.7714285714285714,1575,Malin Head
2023,38,18.3,701.7142857142857,1.8,15.057142857142859,10.62857142857143,7.757142857142858,1575,Malin Head
2023,39,17.857142857142858,738.5714285714286,3.9285714285714284,16.5,10.985714285714286,4.014285714285714,1575,Malin Head
2023,40,14.9,380.85714285714283,0.8714285714285713,15.942857142857141,12.299999999999999,9.114285714285716,1575,Malin Head
2023,41,14.728571428571428,594.4285714285714,3.6142857142857143,13.514285714285716,8.928571428571429,2.2714285714285714,1575,Malin Head
2023,42,19.228571428571428,446.0,2.085714285714286,13.142857142857142,7.685714285714285,2.542857142857143,1575,Malin Head
2023,43,18.114285714285714,509.0,3.257142857142857,13.171428571428573,8.942857142857143,1.8714285714285717,1575,Malin Head
2023,44,17.728571428571428,300.42857142857144,1.9285714285714286,11.114285714285714,6.571428571428571,4.671428571428572,1575,Malin Head
2023,45,15.057142857142859,324.85714285714283,2.914285714285714,10.557142857142859,5.371428571428572,2.642857142857143,1575,Malin Head
2023,46,15.257142857142856,183.85714285714286,0.942857142857143,10.814285714285715,6.642857142857143,9.242857142857144,1575,Malin Head
2023,47,17.257142857142856,144.42857142857142,0.2571428571428572,10.62857142857143,7.442857142857143,1.5999999999999999,1575,Malin Head
2023,48,10.842857142857143,221.14285714285714,2.5285714285714285,6.7,2.0,2.4285714285714284,1575,Malin Head
2023,49,16.785714285714285,126.85714285714286,0.9,9.314285714285715,5.1000000000000005,7.8999999999999995,1575,Malin Head
2023,50,17.62857142857143,120.71428571428571,1.0142857142857145,10.757142857142856,7.828571428571428,3.685714285714286,1575,Malin Head
2023,51,25.0,99.71428571428571,0.2571428571428571,11.357142857142858,8.185714285714285,5.385714285714286,1575,Malin Head
2023,52,18.75714285714286,112.0,0.8571428571428571,8.842857142857143,4.142857142857143,12.057142857142855,1575,Malin Head
2024,1,13.114285714285714,178.28571428571428,1.9428571428571428,8.842857142857143,4.942857142857143,3.228571428571428,1575,Malin Head
2024,2,12.728571428571428,153.85714285714286,1.2142857142857142,6.942857142857143,3.414285714285714,0.5285714285714286,1575,Malin Head
2024,3,18.071428571428573,185.0,1.2571428571428573,6.914285714285714,2.0142857142857142,5.5,1575,Malin Head
2024,4,23.585714285714285,221.0,1.6714285714285713,10.885714285714286,5.585714285714286,5.5,1575,Malin Head
2024,5,19.557142857142857,221.85714285714286,1.5285714285714287,10.057142857142859,5.828571428571428,2.6285714285714286,1575,Malin Head
2024,6,20.2,293.14285714285717,1.6857142857142857,7.728571428571429,3.685714285714286,6.371428571428572,1575,Malin Head
2024,7,11.700000000000001,333.2857142857143,1.5,10.485714285714284,6.128571428571428,2.5714285714285716,1575,Malin Head
2024,8,14.857142857142858,580.2857142857143,3.257142857142857,9.200000000000001,3.9428571428571426,3.7714285714285714,1575,Malin Head
2024,9,16.7,648.5714285714286,4.271428571428571,8.714285714285714,3.9571428571428577,2.2142857142857144,1575,Malin Head
2024,10,20.557142857142857,680.8571428571429,3.6285714285714286,9.242857142857144,5.385714285714286,0.11428571428571428,1575,Malin Head
2024,11,13.271428571428572,617.2857142857143,2.1142857142857143,11.071428571428571,4.971428571428571,2.8857142857142857,1575,Malin Head
2024,12,17.271428571428572,920.7142857142857,4.471428571428571,10.685714285714285,5.414285714285714,1.742857142857143,1575,Malin Head
2024,13,17.54285714285714,911.5714285714286,3.8857142857142857,9.585714285714285,4.114285714285715,7.0,1575,Malin Head
2024,14,19.042857142857144,993.7142857142857,2.7714285714285714,11.385714285714286,6.828571428571428,2.7142857142857144,1575,Malin Head
2024,15,17.67142857142857,1157.7142857142858,3.9285714285714284,12.685714285714285,6.6000000000000005,5.628571428571428,1575,Malin Head
2024,16,13.1,1576.5714285714287,7.142857142857143,10.528571428571428,4.571428571428571,1.8571428571428572,1575,Malin Head
2024,17,10.428571428571429,1961.0,7.871428571428572,10.214285714285714,6.171428571428572,0.42857142857142855,1575,Malin Head
2024,18,10.671428571428573,1295.0,3.685714285714286,13.357142857142858,8.157142857142857,2.185714285714286,1575,Malin Head
2024,19,8.27142857142857,1638.7142857142858,5.957142857142857,16.857142857142858,10.028571428571428,2.0285714285714285,1575,Malin Head
2024,20,8.642857142857142,1415.7142857142858,3.6285714285714286,13.671428571428573,9.985714285714286,1.1,1575,Malin Head
2024,21,12.37142857142857,1233.0,2.857142857142857,13.714285714285714,9.785714285714286,1.0857142857142856,1575,Malin Head
2024,22,12.814285714285715,1675.0,3.0,14.142857142857142,10.171428571428573,1.4285714285714286,1575,Malin Head
2024,23,17.628571428571426,1951.857142857143,5.328571428571428,13.12857142857143,8.757142857142856,2.942857142857143,1575,Malin Head
2024,24,13.828571428571427,1865.0,5.457142857142856,13.442857142857141,9.385714285714286,1.7285714285714289,1575,Malin Head
2024,25,12.642857142857142,1636.0,3.5428571428571423,15.742857142857142,10.700000000000001,2.185714285714286,1575,Malin Head
2024,26,14.571428571428571,1642.0,3.3714285714285714,16.714285714285715,10.12857142857143,1.7857142857142854,1575,Malin Head
2024,27,16.357142857142858,1820.2857142857142,4.814285714285715,14.700000000000001,9.771428571428572,4.0,1575,Malin Head
2024,28,11.571428571428571,1558.0,3.971428571428571,14.942857142857141,11.214285714285714,0.4857142857142857,1575,Malin Head
2024,29,10.185714285714285,1474.7142857142858,4.057142857142857,17.385714285714286,11.914285714285715,4.4714285714285715,1575,Malin Head
2024,30,8.742857142857142,1667.0,5.214285714285714,17.714285714285715,12.457142857142857,1.1,1575,Malin Head
2024,31,11.971428571428572,1309.7142857142858,3.8714285714285714,17.97142857142857,11.171428571428573,3.0,1575,Malin Head
2024,32,16.571428571428573,1562.0,5.314285714285714,18.157142857142855,11.714285714285714,3.3000000000000003,1575,Malin Head
2024,33,17.02857142857143,1295.142857142857,3.5285714285714285,17.37142857142857,12.357142857142858,4.499999999999999,1575,Malin Head
2024,34,17.8,884.4285714285714,2.042857142857143,15.142857142857142,10.885714285714286,11.4,1575,Malin Head
2024,35,12.614285714285714,1168.142857142857,4.3428571428571425,17.17142857142857,12.257142857142856,3.9,1575,Malin Head
2024,36,11.085714285714285,1294.7142857142858,6.914285714285714,15.685714285714285,11.742857142857144,0.9,1575,Malin Head
2024,37,18.67142857142857,973.0,4.057142857142857,14.299999999999999,9.428571428571429,3.2857142857142856,1575,Malin Head
2024,38,8.557142857142859,1247.5714285714287,7.642857142857143,17.571428571428573,11.557142857142859,0.0,1575,Malin Head
2024,39,16.728571428571428,731.0,2.8285714285714287,12.571428571428571,9.171428571428573,2.857142857142857,1575,Malin Head
2024,40,15.028571428571428,721.7142857142857,3.9714285714285715,14.528571428571428,10.171428571428573,2.242857142857143,1575,Malin Head
2024,41,16.099999999999998,585.2857142857143,2.1142857142857143,12.37142857142857,7.757142857142858,1.5714285714285714,1575,Malin Head
2024,42,15.728571428571428,497.57142857142856,3.4714285714285715,15.042857142857143,8.985714285714286,2.5714285714285716,1575,Malin Head
2024,43,16.32857142857143,355.2857142857143,2.257142857142857,13.700000000000001,9.728571428571428,3.4857142857142853,1575,Malin Head
2024,44,10.428571428571429,290.85714285714283,0.7571428571428571,13.12857142857143,10.685714285714285,0.6857142857142857,1575,Malin Head
2024,45,12.528571428571428,243.85714285714286,2.085714285714286,13.957142857142857,10.957142857142857,0.05714285714285715,1575,Malin Head
2024,46,12.042857142857143,232.0,1.7857142857142858,11.642857142857142,7.8999999999999995,1.8285714285714287,1575,Malin Head
2024,47,17.485714285714288,204.28571428571428,1.5142857142857145,8.414285714285715,3.414285714285714,8.214285714285714,1575,Malin Head
2024,48,16.4,136.42857142857142,0.7428571428571429,11.1,6.3,2.557142857142857,1575,Malin Head
2024,49,21.228571428571428,96.0,0.4571428571428572,10.12857142857143,4.1000000000000005,5.271428571428571,1575,Malin Head
2024,50,10.228571428571428,91.14285714285714,0.09999999999999999,7.971428571428571,4.742857142857143,0.6857142857142857,1575,Malin Head
2024,51,24.128571428571426,110.42857142857143,0.8428571428571427,10.9,5.628571428571428,4.228571428571429,1575,Malin Head
2024,52,15.4,81.71428571428571,0.14285714285714285,11.185714285714285,8.6,1.742857142857143,1575,Malin Head
2025,1,18.057142857142857,131.71428571428572,0.7428571428571429,7.957142857142857,4.357142857142857,3.7285714285714286,1575,Malin Head
2025,2,14.814285714285715,153.85714285714286,1.2571428571428573,6.771428571428571,2.0285714285714285,2.757142857142857,1575,Malin Head
2025,3,15.471428571428573,212.57142857142858,2.8285714285714287,11.299999999999999,7.728571428571429,0.07142857142857142,1575,Malin Head
2025,4,17.614285714285714,255.42857142857142,2.4857142857142853,7.828571428571429,2.8714285714285714,5.0,1575,Malin Head
2025,5,16.2,330.0,2.9428571428571426,9.0,4.542857142857143,2.2714285714285714,1575,Malin Head
2025,6,14.37142857142857,367.14285714285717,3.2857142857142856,8.72857142857143,3.814285714285714,2.1,1575,Malin Head
2025,7,18.75714285714286,211.57142857142858,0.2714285714285714,6.514285714285714,4.714285714285714,1.2428571428571427,1575,Malin Head
2025,8,21.099999999999998,408.7142857142857,2.6571428571428575,10.87142857142857,6.799999999999999,4.0285714285714285,1575,Malin Head
2025,9,14.071428571428571,743.7142857142857,5.128571428571428,9.657142857142857,3.1,1.4285714285714286,1575,Malin Head
2025,10,14.557142857142859,690.5714285714286,3.057142857142857,12.085714285714285,7.285714285714286,0.5714285714285714,1575,Malin Head
2025,11,12.271428571428572,1019.7142857142857,5.442857142857143,8.757142857142856,4.142857142857143,0.3857142857142857,1575,Malin Head
2025,12,13.514285714285714,885.7142857142857,4.328571428571428,11.442857142857141,5.257142857142857,1.3142857142857143,1575,Malin Head
2025,13,15.257142857142856,1007.1428571428571,3.8714285714285714,11.87142857142857,6.4142857142857155,2.5285714285714285,1575,Malin Head
2025,14,15.342857142857143,1701.4285714285713,10.4,14.342857142857143,7.571428571428571,0.0,1575,Malin Head
2025,15,7.871428571428572,1816.857142857143,10.5,13.442857142857145,5.414285714285714,0.7857142857142857,1575,Malin Head
2025,16,15.242857142857144,1012.2857142857143,3.857142857142857,10.085714285714285,6.214285714285714,5.557142857142857,1575,Malin Head
2025,17,13.62857142857143,1431.142857142857,5.671428571428572,14.085714285714285,7.871428571428571,2.3000000000000003,1575,Malin Head
2025,18,10.942857142857141,2003.857142857143,7.5857142857142845,15.671428571428573,9.557142857142859,0.17142857142857143,1575,Malin Head
2025,19,5.542857142857143,2461.0,11.914285714285715,13.542857142857143,6.085714285714286,0.028571428571428574,1575,Malin Head
2025,20,8.242857142857144,2592.285714285714,13.528571428571428,15.257142857142858,9.385714285714286,1.9142857142857144,1575,Malin Head
2025,21,11.814285714285715,2076.8571428571427,8.214285714285714,14.428571428571429,8.328571428571427,2.4428571428571426,1575,Malin Head
2025,22,15.114285714285714,1606.5714285714287,3.9714285714285715,15.042857142857143,10.514285714285714,3.9,1575,Malin Head
2025,23,16.12857142857143,1976.5714285714287,6.014285714285714,13.971428571428572,8.72857142857143,2.742857142857143,1575,Malin Head
2025,24,11.357142857142858,1367.5714285714287,3.2142857142857144,16.571428571428573,11.771428571428572,5.071428571428571,1575,Malin Head
2025,25,11.785714285714286,1879.5714285714287,5.757142857142857,19.428571428571427,13.12857142857143,2.0142857142857142,1575,Malin Head
2025,26,15.314285714285715,1650.2857142857142,3.442857142857143,18.071428571428573,12.514285714285714,1.4285714285714286,1575,Malin Head
2025,27,15.385714285714286,1467.7142857142858,4.271428571428571,16.32857142857143,11.442857142857141,7.0,1575,Malin Head
2025,28,11.971428571428572,2089.285714285714,8.114285714285714,21.114285714285717,13.785714285714286,0.7428571428571429,1575,Malin Head
2025,29,10.328571428571427,1699.0,5.814285714285715,18.714285714285715,13.185714285714285,5.728571428571429,1575,Malin Head
2025,30,12.77142857142857,995.4285714285714,1.0,17.057142857142857,13.914285714285715,1.5571428571428572,1575,Malin Head
2025,31,11.557142857142859,1274.7142857142858,1.2285714285714284,17.371428571428574,13.071428571428571,1.457142857142857,1575,Malin Head
2025,32,20.2,1632.4285714285713,5.057142857142857,17.957142857142856,12.757142857142856,4.085714285714286,1575,Malin Head
2025,33,7.285714285714286,1860.5714285714287,8.542857142857143,19.62857142857143,13.799999999999999,0.014285714285714287,1575,Malin Head
2025,34,7.357142857142857,1281.142857142857,4.514285714285714,18.82857142857143,14.142857142857142,0.0,1575,Malin Head
2025,35,16.45714285714286,885.0,2.2857142857142856,18.400000000000002,13.114285714285714,4.1,1575,Malin Head
2025,36,14.028571428571428,971.8571428571429,3.4428571428571426,17.014285714285712,12.157142857142857,4.871428571428572,1575,Malin Head
2025,37,16.414285714285715,969.8571428571429,4.071428571428571,15.771428571428572,10.085714285714287,5.885714285714285,1575,Malin Head
2025,38,17.74285714285714,948.7142857142857,3.6142857142857143,15.414285714285715,11.0,4.7,1575,Malin Head
2025,39,10.5,1102.2857142857142,7.114285714285714,15.685714285714285,8.042857142857143,0.9142857142857143,1575,Malin Head
2025,40,20.7,493.0,1.157142857142857,16.214285714285715,11.200000000000001,6.985714285714286,1575,Malin Head
2025,41,14.385714285714286,366.7142857142857,0.15714285714285717,13.957142857142857,11.214285714285714,0.5571428571428572,1575,Malin Head
2025,42,8.928571428571429,272.7142857142857,0.7142857142857143,12.342857142857143,9.471428571428572,3.157142857142857,1575,Malin Head
2025,43,17.642857142857142,440.57142857142856,2.1285714285714286,12.314285714285715,7.757142857142857,2.642857142857143,1575,Malin Head
2025,44,18.728571428571428,370.7142857142857,2.1142857142857143,11.928571428571429,7.114285714285714,4.985714285714286,1575,Malin Head
2025,45,11.957142857142857,312.0,2.6571428571428575,14.328571428571431,9.457142857142857,3.1714285714285713,1575,Malin Head
2025,46,21.328571428571426,186.28571428571428,0.6,10.857142857142858,7.057142857142857,6.457142857142857,1575,Malin Head
2025,47,17.599999999999998,191.71428571428572,1.2428571428571427,8.542857142857143,3.7285714285714286,3.8857142857142857,1575,Malin Head
2025,48,19.0,197.28571428571428,2.142857142857143,10.557142857142859,5.571428571428571,3.414285714285714,1575,Malin Head
2025,49,13.185714285714285,151.28571428571428,1.6428571428571428,9.171428571428573,5.1571428571428575,4.414285714285714,1575,Malin Head
2025,50,20.17142857142857,147.57142857142858,1.8285714285714285,11.700000000000001,6.871428571428571,4.0,1575,Malin Head
2025,51,17.12857142857143,156.42857142857142,2.2857142857142856,9.085714285714285,5.571428571428571,2.2285714285714286,1575,Malin Head
2025,52,11.171428571428573,152.71428571428572,2.357142857142857,8.742857142857142,5.271428571428572,0.32857142857142857,1575,Malin Head
2026,1,17.985714285714288,132.57142857142858,0.9142857142857144,6.671428571428572,2.7285714285714286,2.742857142857143,1575,Malin Head
2026,2,15.485714285714286,160.42857142857142,1.4714285714285713,7.485714285714286,2.442857142857143,3.3428571428571425,1575,Malin Head
2026,3,12.814285714285715,202.71428571428572,2.657142857142857,7.3999999999999995,3.6285714285714286,1.9857142857142858,1575,Malin Head
2026,4,21.400000000000002,134.57142857142858,0.4571428571428572,8.642857142857142,5.7,4.871428571428572,1575,Malin Head
2026,5,21.914285714285715,246.14285714285714,1.8142857142857143,8.114285714285714,4.057142857142857,3.6714285714285713,1575,Malin Head
2026,6,22.12857142857143,170.28571428571428,0.38571428571428573,7.728571428571428,4.757142857142857,0.942857142857143,1575,Malin Head
2026,7,18.1,290.7142857142857,1.957142857142857,6.957142857142857,3.8285714285714283,4.871428571428572,1575,Malin Head
2026,8,18.97142857142857,385.14285714285717,2.1,8.485714285714286,4.828571428571428,3.057142857142857,1575,Malin Head
2026,9,15.214285714285714,460.2857142857143,1.842857142857143,11.0,6.3,3.6714285714285713,1575,Malin Head
2026,10,13.685714285714285,764.1428571428571,4.828571428571428,11.214285714285714,4.157142857142857,0.9285714285714286,1575,Malin Head
2026,11,20.457142857142856,763.0,3.5,9.928571428571429,4.128571428571428,4.714285714285714,1575,Malin Head
2026,12,11.985714285714286,1034.857142857143,5.671428571428572,12.171428571428573,5.8999999999999995,0.8857142857142858,1575,Malin Head
2026,13,20.52857142857143,864.0,3.3714285714285714,9.914285714285715,3.685714285714286,5.028571428571429,1575,Malin Head
2026,14,17.12857142857143,962.4285714285714,2.971428571428571,10.114285714285714,4.471428571428571,4.314285714285715,1575,Malin Head
2026,15,17.514285714285712,1177.857142857143,4.242857142857143,12.014285714285716,4.671428571428572,2.142857142857143,1575,Malin Head
2026,16,14.12857142857143,1436.7142857142858,5.985714285714286,12.714285714285714,6.228571428571429,3.185714285714286,1575,Malin Head
2026,17,13.385714285714286,2065.285714285714,10.428571428571429,12.957142857142857,6.614285714285714,0.014285714285714287,1575,Malin Head
2026,18,8.814285714285715,1616.2857142857142,6.371428571428572,13.971428571428572,8.528571428571428,2.0571428571428574,1575,Malin Head
2026,19,11.485714285714286,2110.8571428571427,8.942857142857141,11.799999999999999,6.742857142857143,0.7285714285714285,1575,Malin Head
2026,20,16.17142857142857,2016.7142857142858,7.228571428571429,11.414285714285715,6.685714285714285,3.057142857142857,1575,Malin Head
2026,21,11.657142857142857,1321.142857142857,2.471428571428571,16.3,9.885714285714286,2.1714285714285713,1575,Malin Head
2026,22,11.428571428571429,1959.2857142857142,7.242857142857142,16.885714285714286,10.299999999999999,1.1285714285714286,1575,Malin Head
2026,23,13.014285714285714,1205.5714285714287,1.5,15.214285714285714,10.528571428571428,5.214285714285714,1575,Malin Head
2026,24,16.071428571428573,2112.5714285714284,6.742857142857143,14.571428571428571,9.442857142857141,3.6285714285714286,1575,Malin Head
2026,25,10.228571428571428,1872.7142857142858,6.528571428571429,17.271428571428572,11.214285714285714,1.6999999999999997,1575,Malin Head
2026,26,10.857142857142858,1770.2857142857142,5.171428571428572,18.557142857142857,12.542857142857143,2.457142857142857,1575,Malin Head
2026,27,16.185714285714287,1048.4285714285713,1.2285714285714284,16.45714285714286,12.728571428571428,4.571428571428571,1575,Malin Head
2026,28,11.114285714285714,1443.2857142857142,2.5285714285714285,17.057142857142857,13.5,0.1,1575,Malin Head
2026,29,9.928571428571429,2482.714285714286,11.028571428571428,17.571428571428573,13.0,0.014285714285714287,1575,Malin Head
2026,30,14.4,1342.0,1.8428571428571427,16.82857142857143,13.742857142857144,1.9857142857142858,1575,Malin Head
2026,31,12.379999999999999,1556.4,4.74,17.22,12.38,6.2,1575,Malin Head
