date,wdsp,hm,ddhm,hg,glorad,maxtp,mintp,rain,soil,cbl,pe,evap,station_no,station_name
2005-02-22,10.4,16,80.0,26,773.0,6.1,1.8,0.0,,1020.6,,,1175,Newport
2005-02-23,7.5,13,80.0,21,630.0,5.7,0.3,0.0,,1019.8,,,1175,Newport
2005-02-24,9.2,14,10.0,23,591.0,4.8,0.5,0.0,,1022.7,,,1175,Newport
2005-02-25,9.2,14,20.0,23,601.0,7.2,2.0,0.0,,1023.8,,,1175,Newport
2005-02-26,6.9,13,10.0,22,514.0,8.2,0.4,0.0,,1025.1,,,1175,Newport
2005-02-27,3.8,10,20.0,14,492.0,8.6,3.9,0.0,,1028.7,,,1175,Newport
2005-02-28,7.8,22,310.0,33,565.0,8.7,2.3,1.4,,1019.0,,,1175,Newport
2005-03-01,10.9,22,310.0,29,747.0,6.0,1.7,0.6,,1005.9,,,1175,Newport
2005-03-02,10.9,22,0.0,34,638.0,6.0,1.5,0.0,,1012.3,,,1175,Newport
2005-03-03,7.1,21,310.0,28,766.0,9.1,0.9,0.2,,1020.4,,,1175,Newport
2005-03-04,19.5,28,330.0,36,746.0,9.3,6.7,1.8,,1018.2,,,1175,Newport
2005-03-05,15.0,25,330.0,32,955.0,8.4,4.2,2.2,,1022.0,,,1175,Newport
2005-03-06,4.6,11,350.0,15,1228.0,10.6,1.5,0.0,,1028.9,,,1175,Newport
2005-03-07,4.8,14,350.0,21,736.0,9.0,2.1,0.4,,1032.1,,,1175,Newport
2005-03-08,5.4,13,340.0,18,674.0,8.4,2.9,0.1,,1033.7,,,1175,Newport
2005-03-09,4.8,15,350.0,19,683.0,9.1,2.5,0.3,,1034.7,,,1175,Newport
2005-03-10,7.7,17,290.0,24,276.0,9.3,4.9,0.0,,1029.2,,,1175,Newport
2005-03-11,14.2,23,280.0,32,507.0,8.9,5.4,1.4,,1019.5,,,1175,Newport
2005-03-12,7.2,23,340.0,32,651.0,6.8,2.1,1.0,,1014.5,,,1175,Newport
2005-03-13,3.9,12,0.0,15,865.0,7.9,1.9,0.0,,1009.6,,,1175,Newport
2005-03-14,11.8,20,210.0,31,189.0,10.4,3.2,11.8,,1000.2,,,1175,Newport
2005-03-15,17.5,30,210.0,41,182.0,13.5,9.5,5.0,,996.7,,,1175,Newport
2005-03-16,21.0,30,200.0,46,684.0,13.7,11.0,1.9,,999.9,,,1175,Newport
2005-03-17,13.9,20,210.0,29,285.0,12.8,10.5,4.4,,1011.4,,,1175,Newport
2005-03-18,8.6,16,210.0,23,719.0,14.5,9.1,0.4,,1019.5,,,1175,Newport
2005-03-19,11.3,20,120.0,28,1346.0,18.9,6.9,0.0,,1017.3,,,1175,Newport
2005-03-20,15.3,26,110.0,33,951.0,15.8,9.6,0.6,,1007.7,,,1175,Newport
2005-03-21,8.5,15,120.0,18,586.0,12.3,8.9,5.6,,994.2,,,1175,Newport
2005-03-22,14.7,27,200.0,38,773.0,13.6,9.4,1.4,,988.4,,,1175,Newport
2005-03-23,14.4,23,120.0,30,908.0,13.6,8.1,1.8,,997.9,,,1175,Newport
2005-03-24,12.8,22,190.0,30,499.0,14.0,9.6,3.2,,1000.3,,,1175,Newport
2005-03-25,8.7,15,140.0,19,1481.0,17.0,7.3,0.0,,1007.6,,,1175,Newport
2005-03-26,7.6,13,90.0,19,1155.0,14.5,7.2,0.0,,1007.5,,,1175,Newport
2005-03-27,4.9,10,80.0,15,714.0,11.6,6.5,0.0,,1007.8,,,1175,Newport
2005-03-28,5.3,11,340.0,14,417.0,10.9,7.5,1.3,,1008.2,,,1175,Newport
2005-03-29,4.4,9,140.0,13,457.0,10.6,7.0,3.4,,1009.3,,,1175,Newport
2005-03-30,3.7,9,80.0,13,792.0,12.7,6.5,1.8,,1015.4,,,1175,Newport
2005-03-31,13.4,23,160.0,30,813.0,11.1,6.1,9.0,,1014.9,,,1175,Newport
2005-04-01,7.5,14,120.0,19,1223.0,13.9,9.0,6.1,,1012.7,,,1175,Newport
2005-04-02,9.2,17,130.0,24,1608.0,16.8,7.5,0.0,,1012.3,,,1175,Newport
2005-04-03,8.8,22,340.0,26,1071.0,12.1,6.0,0.2,,1010.8,,,1175,Newport
2005-04-04,12.3,24,260.0,36,1018.0,9.1,4.2,6.8,,1014.0,,,1175,Newport
2005-04-05,9.2,18,200.0,29,760.0,9.6,5.3,20.4,,1008.2,,,1175,Newport
2005-04-06,16.6,32,290.0,43,1039.0,8.9,2.8,10.2,,995.9,,,1175,Newport
2005-04-07,24.4,37,320.0,50,1040.0,8.0,2.0,7.8,,1004.1,,,1175,Newport
2005-04-08,13.0,28,350.0,38,1176.0,6.6,1.8,1.6,,1021.1,,,1175,Newport
2005-04-09,11.5,22,300.0,31,907.0,10.8,3.8,2.9,,1024.4,,,1175,Newport
2005-04-10,9.6,16,280.0,25,1384.0,13.6,7.4,0.0,,1024.5,,,1175,Newport
2005-04-11,11.7,19,210.0,31,640.0,12.7,7.6,5.2,,1022.2,,,1175,Newport
2005-04-12,8.3,21,310.0,30,1087.0,10.7,5.6,2.7,,1015.2,,,1175,Newport
2005-04-13,6.8,19,330.0,25,679.0,8.7,4.1,13.0,,1003.2,,,1175,Newport
2005-04-14,16.3,28,350.0,34,1546.0,9.6,3.8,3.1,,1003.2,,,1175,Newport
2005-04-15,14.6,24,0.0,32,2071.0,9.2,4.1,0.3,,1012.7,,,1175,Newport
2005-04-16,5.4,14,130.0,19,1427.0,11.4,2.4,0.0,,1006.0,,,1175,Newport
2005-04-17,13.2,26,140.0,38,1010.0,11.4,4.8,12.1,,989.1,,,1175,Newport
2005-04-18,7.5,18,310.0,23,2161.0,12.1,4.0,2.4,,992.1,,,1175,Newport
2005-04-19,5.8,17,0.0,20,1782.0,14.1,2.0,0.0,,1004.6,,,1175,Newport
2005-04-20,9.6,17,90.0,22,1822.0,13.0,5.3,0.0,,1013.8,,,1175,Newport
2005-04-21,8.8,15,130.0,22,1881.0,14.5,4.1,0.0,,1012.7,,,1175,Newport
2005-04-22,12.5,19,100.0,31,598.0,13.7,6.4,1.7,,1005.9,,,1175,Newport
2005-04-23,7.2,13,80.0,20,596.0,12.3,8.1,0.0,,1005.4,,,1175,Newport
2005-04-24,6.6,12,120.0,16,1048.0,15.2,9.3,0.2,,1006.8,,,1175,Newport
2005-04-25,8.5,21,120.0,30,1710.0,16.5,7.5,8.4,,1004.0,,,1175,Newport
2005-04-26,10.1,20,180.0,26,1148.0,13.0,7.0,3.7,,999.3,,,1175,Newport
2005-04-27,8.9,15,220.0,24,1576.0,12.9,5.7,15.4,,1000.7,,,1175,Newport
2005-04-28,15.8,31,200.0,43,1319.0,13.0,8.8,3.8,,995.1,,,1175,Newport
2005-04-29,10.3,17,230.0,25,2460.0,14.2,8.9,0.0,,1009.2,,,1175,Newport
2005-04-30,6.0,11,90.0,15,604.0,12.9,7.5,3.1,,1006.3,,,1175,Newport
2005-05-01,12.2,22,170.0,30,562.0,14.4,10.2,1.5,,997.6,,,1175,Newport
2005-05-02,7.9,15,140.0,22,715.0,14.5,9.9,10.6,,998.8,,,1175,Newport
2005-05-03,16.2,36,340.0,42,1095.0,11.4,8.3,1.7,,1011.2,,,1175,Newport
2005-05-04,8.7,16,330.0,22,1797.0,13.6,6.4,0.1,,1023.7,,,1175,Newport
2005-05-05,11.7,24,290.0,33,725.0,11.8,9.6,4.4,,1022.5,,,1175,Newport
2005-05-06,11.2,26,280.0,35,695.0,11.8,8.1,4.5,,1016.4,,,1175,Newport
2005-05-07,13.0,26,310.0,33,2085.0,12.5,7.9,1.3,,1016.2,,,1175,Newport
2005-05-08,13.0,24,320.0,33,2663.0,11.9,5.3,2.7,,1017.5,,,1175,Newport
2005-05-09,8.5,19,10.0,25,2172.0,11.0,4.6,0.5,,1020.4,,,1175,Newport
2005-05-10,7.2,17,340.0,21,2113.0,13.8,4.3,0.0,,1022.8,,,1175,Newport
2005-05-11,5.4,12,140.0,19,2078.0,15.1,5.6,0.0,,1022.0,,,1175,Newport
2005-05-12,7.2,15,110.0,20,1680.0,14.6,6.7,0.0,,1018.7,,,1175,Newport
2005-05-13,13.4,20,100.0,30,2715.0,17.0,8.6,0.0,,1020.0,,,1175,Newport
2005-05-14,,17,60.0,26,,,,,,,,,1175,Newport
2005-05-18,7.8,15,120.0,20,851.0,12.1,6.1,3.2,,1006.9,,,1175,Newport
2005-05-19,12.6,19,140.0,30,868.0,13.8,10.2,5.6,,997.2,,,1175,Newport
2005-05-20,11.0,20,230.0,29,2006.0,13.7,8.8,2.5,,996.3,,,1175,Newport
2005-05-21,6.2,13,190.0,18,2133.0,14.1,6.6,2.0,,998.1,,,1175,Newport
2005-05-22,8.6,25,200.0,36,2031.0,13.0,6.2,4.9,,997.4,,,1175,Newport
2005-05-23,12.8,23,200.0,39,2029.0,13.9,5.8,8.3,,998.8,,,1175,Newport
2005-05-24,7.0,15,0.0,19,1293.0,13.8,8.0,2.0,,1004.0,,,1175,Newport
2005-05-25,10.7,21,200.0,29,277.0,13.8,9.7,33.0,,1004.7,,,1175,Newport
2005-05-26,11.2,19,200.0,29,1881.0,14.2,10.2,0.2,,1009.0,,,1175,Newport
2005-05-27,11.6,23,340.0,28,485.0,10.5,8.8,10.2,,1004.7,,,1175,Newport
2005-05-28,15.0,25,280.0,39,1132.0,11.8,7.7,11.4,,1002.2,,,1175,Newport
2005-05-29,7.2,15,340.0,19,2630.0,15.9,7.2,0.0,,1016.5,,,1175,Newport
2005-05-30,6.2,12,340.0,15,1294.0,15.0,8.0,0.2,,1020.6,,,1175,Newport
2005-05-31,7.2,12,150.0,17,1466.0,16.3,8.3,6.8,,1018.3,,,1175,Newport
2005-06-01,8.2,14,200.0,21,631.0,13.8,12.4,28.8,,1010.2,,,1175,Newport
2005-06-02,10.3,17,210.0,26,427.0,13.6,12.1,21.2,,1002.6,,,1175,Newport
2005-06-03,11.7,16,200.0,24,1627.0,15.3,10.8,3.4,,999.8,,,1175,Newport
2005-06-04,10.6,19,290.0,24,1101.0,13.8,10.2,1.3,,1006.9,,,1175,Newport
2005-06-05,5.5,16,340.0,19,1781.0,17.8,9.4,0.0,,1013.1,,,1175,Newport
2005-06-06,9.0,15,100.0,20,1962.0,17.5,11.5,0.0,,1021.2,,,1175,Newport
2005-06-07,7.6,14,160.0,18,798.0,17.0,11.7,0.0,,1029.2,,,1175,Newport
2005-06-08,6.0,10,250.0,14,1305.0,17.6,12.5,1.8,,1031.8,,,1175,Newport
2005-06-09,5.7,15,350.0,17,1680.0,19.7,12.4,0.0,,1030.8,,,1175,Newport
2005-06-10,11.5,20,350.0,25,1964.0,16.1,9.9,0.0,,1025.6,,,1175,Newport
2005-06-11,12.1,19,350.0,23,2604.0,15.5,6.9,0.0,,1018.7,,,1175,Newport
2005-06-12,10.7,19,0.0,24,1615.0,13.8,7.7,0.0,,1013.6,,,1175,Newport
2005-06-13,10.4,21,340.0,28,1390.0,14.3,8.0,0.0,,1008.7,,,1175,Newport
2005-06-14,11.6,18,290.0,26,1299.0,14.5,10.5,0.1,,1002.7,,,1175,Newport
2005-06-15,6.6,13,230.0,20,1773.0,15.9,9.9,0.7,,1002.3,,,1175,Newport
2005-06-16,9.1,17,220.0,29,825.0,15.0,10.8,15.2,,1007.7,,,1175,Newport
2005-06-17,7.0,11,240.0,20,631.0,17.5,12.6,9.5,,1017.3,,,1175,Newport
2005-06-18,9.7,16,150.0,21,577.0,19.9,14.1,1.1,,1016.3,,,1175,Newport
2005-06-19,10.7,16,230.0,25,2582.0,17.5,12.7,0.1,,1012.7,,,1175,Newport
2005-06-20,11.7,17,210.0,25,1739.0,17.2,12.9,2.9,,1011.1,,,1175,Newport
2005-06-21,9.0,18,200.0,25,846.0,15.0,12.3,7.7,,1012.4,,,1175,Newport
2005-06-22,14.5,20,210.0,30,1869.0,18.8,14.0,2.4,,1013.0,,,1175,Newport
2005-06-23,10.3,16,200.0,26,1735.0,15.8,12.7,1.1,,1012.8,,,1175,Newport
2005-06-24,8.9,23,350.0,29,1245.0,16.2,12.0,0.8,,1016.8,,,1175,Newport
2005-06-25,11.9,19,350.0,25,2593.0,16.5,10.9,0.0,,1023.2,,,1175,Newport
2005-06-26,7.6,16,330.0,19,2469.0,18.9,9.8,0.0,,1025.9,,,1175,Newport
2005-06-27,5.6,12,350.0,15,1146.0,17.6,9.9,0.0,,1022.0,,,1175,Newport
2005-06-28,6.9,11,0.0,15,1909.0,23.1,13.5,0.3,,1012.6,,,1175,Newport
2005-06-29,5.0,9,250.0,13,851.0,19.3,13.3,5.3,,1003.2,,,1175,Newport
2005-06-30,6.9,18,280.0,26,1476.0,16.9,11.1,3.6,,1000.7,,,1175,Newport
2005-07-01,8.3,14,340.0,17,1215.0,17.5,11.1,0.4,,1006.4,,,1175,Newport
2005-07-02,15.6,27,210.0,45,1016.0,19.0,11.3,2.4,,1004.6,,,1175,Newport
2005-07-03,10.5,20,240.0,36,2001.0,14.8,9.4,2.6,,1006.1,,,1175,Newport
2005-07-04,7.5,14,220.0,21,2841.0,16.6,8.8,0.2,,1006.9,,,1175,Newport
2005-07-05,13.8,27,310.0,36,1128.0,16.8,11.9,12.2,,1004.1,,,1175,Newport
2005-07-06,11.2,24,310.0,31,545.0,13.7,10.9,3.4,,1013.4,,,1175,Newport
2005-07-07,6.8,13,260.0,19,982.0,18.4,12.2,0.5,,1017.8,,,1175,Newport
2005-07-08,5.8,10,240.0,14,1055.0,17.8,13.3,7.4,,1020.7,,,1175,Newport
2005-07-09,6.5,12,210.0,15,2279.0,20.1,13.7,0.4,,1024.8,,,1175,Newport
2005-07-10,3.9,10,210.0,13,2669.0,24.8,12.6,0.2,,1028.8,,,1175,Newport
2005-07-11,6.1,16,350.0,19,2701.0,27.2,14.3,0.0,,1031.0,,,1175,Newport
2005-07-12,8.3,16,330.0,19,2525.0,23.6,13.0,0.0,,1029.9,,,1175,Newport
2005-07-13,5.1,11,260.0,15,2122.0,21.4,13.1,0.0,,1024.1,,,1175,Newport
2005-07-14,9.2,17,240.0,25,775.0,16.7,12.6,1.0,,1015.8,,,1175,Newport
2005-07-15,7.8,12,340.0,17,1397.0,16.6,11.5,0.0,,1014.8,,,1175,Newport
2005-07-16,6.2,11,210.0,17,2701.0,18.6,12.1,0.0,,1017.6,,,1175,Newport
2005-07-17,9.6,19,200.0,28,934.0,18.2,13.4,3.2,,1010.2,,,1175,Newport
2005-07-18,12.1,26,260.0,37,1687.0,16.6,11.9,2.6,,1004.7,,,1175,Newport
2005-07-19,12.0,20,260.0,30,1461.0,16.8,11.9,0.7,,1012.5,,,1175,Newport
2005-07-20,7.6,14,260.0,19,1290.0,17.6,12.4,0.8,,1020.2,,,1175,Newport
2005-07-21,4.9,10,350.0,15,1330.0,19.0,14.6,0.0,,1022.3,,,1175,Newport
2005-07-22,5.4,12,340.0,15,1188.0,19.3,14.2,0.8,,1015.3,,,1175,Newport
2005-07-23,9.4,13,0.0,20,638.0,17.8,13.8,5.3,,1005.7,,,1175,Newport
2005-07-24,16.0,25,340.0,31,2521.0,20.1,13.4,0.0,,1002.2,,,1175,Newport
2005-07-25,14.3,19,350.0,25,1171.0,15.8,11.3,0.0,,1007.6,,,1175,Newport
2005-07-26,7.3,13,350.0,17,1162.0,16.6,10.4,0.0,,1009.8,,,1175,Newport
2005-07-27,7.4,19,350.0,23,605.0,16.5,11.8,0.0,,1008.5,,,1175,Newport
2005-07-28,14.5,21,0.0,27,1995.0,18.0,11.2,0.0,,1009.8,,,1175,Newport
2005-07-29,14.9,24,350.0,30,967.0,15.5,12.4,1.2,,1012.0,,,1175,Newport
2005-07-30,13.1,21,350.0,25,1223.0,15.4,11.8,0.1,,1013.8,,,1175,Newport
2005-07-31,10.3,17,330.0,22,1180.0,15.6,11.5,0.0,,1015.2,,,1175,Newport
2005-08-01,4.4,10,250.0,17,2163.0,19.5,11.4,0.0,,1016.7,,,1175,Newport
2005-08-02,9.0,19,320.0,26,1471.0,18.5,12.3,4.2,,1014.7,,,1175,Newport
2005-08-03,12.3,20,250.0,32,1177.0,17.9,13.1,0.3,,1020.2,,,1175,Newport
2005-08-04,7.6,14,350.0,19,678.0,14.9,12.7,9.6,,1018.8,,,1175,Newport
2005-08-05,9.5,17,270.0,23,2161.0,17.4,11.3,0.0,,1019.5,,,1175,Newport
2005-08-06,5.4,12,340.0,16,797.0,16.8,12.0,3.4,,1020.1,,,1175,Newport
2005-08-07,4.9,11,340.0,13,1436.0,20.2,12.6,0.0,,1020.0,,,1175,Newport
2005-08-08,5.3,11,240.0,16,1874.0,21.5,11.1,0.0,,1019.2,,,1175,Newport
2005-08-09,4.4,9,330.0,14,1488.0,21.1,15.1,0.0,,1017.2,,,1175,Newport
2005-08-10,5.4,10,230.0,15,1896.0,20.6,14.9,0.0,,1016.1,,,1175,Newport
2005-08-11,7.3,15,340.0,19,921.0,17.7,13.3,1.9,,1015.3,,,1175,Newport
2005-08-12,6.6,14,270.0,20,1070.0,18.5,12.8,7.4,,1013.2,,,1175,Newport
2005-08-13,11.8,20,290.0,26,1215.0,17.2,14.0,1.0,,1012.5,,,1175,Newport
2005-08-14,8.7,18,330.0,25,782.0,16.7,12.8,0.0,,1020.7,,,1175,Newport
2005-08-15,6.3,13,240.0,20,942.0,19.8,13.9,0.8,,1023.2,,,1175,Newport
2005-08-16,7.7,14,230.0,21,1360.0,20.8,15.3,0.0,,1017.5,,,1175,Newport
2005-08-17,5.6,13,190.0,22,286.0,16.4,13.1,27.7,,1011.8,,,1175,Newport
2005-08-18,7.9,17,280.0,23,1875.0,18.3,12.7,1.6,,1012.8,,,1175,Newport
2005-08-19,13.2,19,310.0,27,838.0,15.9,12.8,0.8,,1018.9,,,1175,Newport
2005-08-20,4.6,10,240.0,15,1555.0,20.9,11.3,6.8,,1022.1,,,1175,Newport
2005-08-21,8.8,19,290.0,26,455.0,17.7,13.9,22.7,,1016.7,,,1175,Newport
2005-08-22,9.4,16,320.0,21,1805.0,17.9,12.2,0.2,,1017.7,,,1175,Newport
2005-08-23,16.9,35,200.0,49,574.0,17.1,14.6,12.4,,1004.9,,,1175,Newport
2005-08-24,11.8,23,290.0,34,1718.0,16.5,10.1,1.9,,996.9,,,1175,Newport
2005-08-25,12.3,23,320.0,40,1471.0,15.3,9.4,5.9,,1002.2,,,1175,Newport
2005-08-26,7.5,16,260.0,25,639.0,15.3,10.2,1.8,,1008.0,,,1175,Newport
2005-08-27,6.3,13,200.0,18,1280.0,17.0,11.6,0.0,,1011.6,,,1175,Newport
2005-08-28,17.1,23,200.0,34,314.0,17.7,13.1,4.3,,1009.7,,,1175,Newport
2005-08-29,6.7,13,220.0,20,2029.0,17.6,9.9,0.1,,1016.0,,,1175,Newport
2005-08-30,6.3,14,170.0,17,932.0,18.5,9.4,0.8,,1015.0,,,1175,Newport
2005-08-31,8.3,20,350.0,25,579.0,16.4,11.6,0.5,,1007.0,,,1175,Newport
2005-09-01,5.2,12,230.0,19,1944.0,17.6,8.6,1.0,,1011.8,,,1175,Newport
2005-09-02,7.2,14,130.0,19,1679.0,19.3,11.6,1.1,,1018.2,,,1175,Newport
2005-09-03,12.6,22,140.0,30,1735.0,21.2,11.9,0.0,,1017.5,,,1175,Newport
2005-09-04,8.1,21,120.0,26,786.0,21.2,15.3,0.0,,1012.6,,,1175,Newport
2005-09-05,3.4,8,210.0,11,1859.0,21.6,11.5,0.0,,1008.9,,,1175,Newport
2005-09-06,6.8,15,210.0,22,1167.0,20.0,11.8,1.1,,1005.2,,,1175,Newport
2005-09-07,9.9,21,210.0,31,358.0,17.2,13.6,6.9,,1001.0,,,1175,Newport
2005-09-08,5.4,13,340.0,19,818.0,17.1,12.7,0.9,,1006.2,,,1175,Newport
2005-09-09,11.0,18,330.0,30,392.0,14.7,12.4,5.2,,1009.2,,,1175,Newport
2005-09-10,11.9,19,340.0,25,1457.0,15.8,12.0,0.0,,1014.0,,,1175,Newport
2005-09-11,4.1,8,210.0,12,1245.0,17.8,9.3,0.0,,1018.3,,,1175,Newport
2005-09-12,8.4,16,230.0,26,1296.0,17.7,11.1,0.0,,1017.7,,,1175,Newport
2005-09-13,12.3,25,200.0,39,925.0,20.0,13.3,6.2,,1012.2,,,1175,Newport
2005-09-14,6.5,13,290.0,22,847.0,17.5,13.2,1.9,,1017.6,,,1175,Newport
2005-09-15,10.0,20,350.0,26,650.0,14.3,9.3,4.9,,1016.7,,,1175,Newport
2005-09-16,6.7,15,340.0,19,615.0,13.3,8.8,0.0,,1024.3,,,1175,Newport
2005-09-17,6.7,14,270.0,19,543.0,14.6,8.7,0.0,,1025.5,,,1175,Newport
2005-09-18,13.1,20,200.0,29,838.0,17.0,12.3,0.0,,1019.8,,,1175,Newport
2005-09-19,9.5,17,190.0,28,355.0,16.2,11.8,11.2,,1014.9,,,1175,Newport
2005-09-20,6.2,15,290.0,20,675.0,16.1,11.8,0.1,,1018.2,,,1175,Newport
2005-09-21,13.7,25,200.0,36,250.0,18.0,12.0,3.9,,1010.8,,,1175,Newport
2005-09-22,13.9,25,170.0,36,545.0,19.3,12.5,4.7,,1001.8,,,1175,Newport
2005-09-23,13.4,32,320.0,40,1001.0,14.8,6.4,1.6,,1006.7,,,1175,Newport
2005-09-24,13.3,23,150.0,31,143.0,13.4,6.6,9.5,,1005.8,,,1175,Newport
2005-09-25,9.8,22,310.0,31,1198.0,14.5,10.1,2.0,,1002.4,,,1175,Newport
2005-09-26,19.0,33,200.0,47,456.0,18.0,12.1,13.0,,998.5,,,1175,Newport
2005-09-27,14.1,22,240.0,34,939.0,13.3,8.7,7.8,,1004.1,,,1175,Newport
2005-09-28,16.4,28,200.0,44,681.0,13.9,8.2,14.8,,1007.3,,,1175,Newport
2005-09-29,8.0,14,290.0,20,309.0,15.4,9.7,10.5,,1011.8,,,1175,Newport
2005-09-30,15.0,23,250.0,39,789.0,15.8,10.6,5.4,,1006.3,,,1175,Newport
2005-10-01,22.3,36,320.0,48,961.0,13.4,8.8,8.6,,1016.4,,,1175,Newport
2005-10-02,7.5,15,270.0,21,586.0,15.4,11.0,0.0,,1026.6,,,1175,Newport
2005-10-03,6.8,13,210.0,21,387.0,14.8,11.4,0.0,,1026.6,,,1175,Newport
2005-10-04,11.3,17,160.0,22,582.0,14.1,10.4,0.0,,1024.4,,,1175,Newport
2005-10-05,10.6,18,160.0,23,409.0,16.0,11.4,0.0,,1022.2,,,1175,Newport
2005-10-06,12.3,21,170.0,27,967.0,16.4,10.6,0.0,,1016.1,,,1175,Newport
2005-10-07,13.6,29,160.0,40,243.0,16.4,9.7,6.2,,1006.3,,,1175,Newport
2005-10-08,8.5,16,290.0,31,818.0,12.7,6.4,8.4,,1007.7,,,1175,Newport
2005-10-09,20.0,31,190.0,52,66.0,15.1,9.6,4.2,,1003.7,,,1175,Newport
2005-10-10,7.4,20,160.0,26,191.0,13.5,7.9,18.3,,999.8,,,1175,Newport
2005-10-11,4.7,11,350.0,14,543.0,11.6,5.1,0.2,,1006.5,,,1175,Newport
2005-10-12,6.7,15,350.0,18,685.0,12.5,4.8,0.0,,1011.2,,,1175,Newport
2005-10-13,4.1,9,110.0,13,1021.0,14.6,3.8,0.1,,1019.2,,,1175,Newport
2005-10-14,12.6,22,150.0,29,937.0,14.1,6.1,0.0,,1019.7,,,1175,Newport
2005-10-15,15.8,28,130.0,37,511.0,17.8,13.9,0.0,,1014.6,,,1175,Newport
2005-10-16,11.6,17,130.0,24,277.0,17.4,13.1,0.6,,1013.9,,,1175,Newport
2005-10-17,12.7,21,120.0,29,366.0,16.0,12.1,2.0,,1011.3,,,1175,Newport
2005-10-18,12.4,17,110.0,25,195.0,14.0,10.9,3.4,,1006.4,,,1175,Newport
2005-10-19,5.4,13,110.0,20,323.0,12.4,9.3,1.0,,1000.3,,,1175,Newport
2005-10-20,9.2,18,200.0,28,822.0,14.3,9.3,1.6,,994.3,,,1175,Newport
2005-10-21,9.6,17,350.0,22,190.0,12.0,9.4,13.1,,990.4,,,1175,Newport
2005-10-22,2.8,9,340.0,12,493.0,13.8,7.2,10.2,,998.7,,,1175,Newport
2005-10-23,6.9,16,100.0,22,622.0,13.2,7.4,8.7,,1000.4,,,1175,Newport
2005-10-24,10.7,17,210.0,29,179.0,14.5,11.8,6.2,,991.1,,,1175,Newport
2005-10-25,13.2,21,190.0,34,428.0,14.0,9.6,4.7,,991.3,,,1175,Newport
2005-10-26,14.0,26,160.0,35,78.0,17.7,10.2,5.2,,994.7,,,1175,Newport
2005-10-27,20.3,28,150.0,36,51.0,16.4,13.4,13.7,,987.3,,,1175,Newport
2005-10-28,14.7,23,170.0,34,633.0,14.6,9.3,1.4,,991.2,,,1175,Newport
2005-10-29,16.0,24,120.0,33,111.0,15.2,9.0,8.5,,989.2,,,1175,Newport
2005-10-30,17.4,30,170.0,48,278.0,15.2,10.2,1.8,,985.9,,,1175,Newport
2005-10-31,10.9,21,120.0,27,206.0,11.8,8.3,7.2,,990.3,,,1175,Newport
2005-11-01,9.7,17,220.0,26,526.0,13.1,7.2,2.0,,994.5,,,1175,Newport
2005-11-02,12.1,18,100.0,27,159.0,13.8,9.1,28.2,,984.8,,,1175,Newport
2005-11-03,12.7,29,310.0,46,255.0,13.3,8.0,10.6,,990.4,,,1175,Newport
2005-11-04,12.7,22,300.0,33,600.0,10.8,6.9,5.2,,1005.9,,,1175,Newport
2005-11-05,11.2,25,170.0,40,477.0,13.6,8.3,7.6,,1002.4,,,1175,Newport
2005-11-06,16.4,25,210.0,37,434.0,11.9,6.4,7.6,,997.1,,,1175,Newport
2005-11-07,16.3,42,200.0,60,121.0,12.2,5.5,12.9,,993.0,,,1175,Newport
2005-11-08,7.6,20,260.0,32,523.0,12.4,4.8,6.4,,1003.6,,,1175,Newport
2005-11-09,13.0,26,290.0,37,133.0,12.8,4.7,12.6,,1013.5,,,1175,Newport
2005-11-10,10.9,22,200.0,31,202.0,13.3,10.1,6.2,,1014.2,,,1175,Newport
2005-11-11,23.6,39,200.0,56,237.0,14.6,5.8,9.9,,1001.1,,,1175,Newport
2005-11-12,11.8,28,350.0,39,336.0,9.9,5.9,7.4,,1013.0,,,1175,Newport
2005-11-13,3.7,11,290.0,17,356.0,10.9,4.8,0.6,,1027.7,,,1175,Newport
2005-11-14,12.3,22,290.0,29,113.0,13.1,7.9,7.9,,1021.7,,,1175,Newport
2005-11-15,9.7,20,330.0,24,268.0,12.6,8.1,0.3,,1014.2,,,1175,Newport
2005-11-16,4.3,15,320.0,19,165.0,8.8,5.2,0.2,,1013.0,,,1175,Newport
2005-11-17,8.7,14,100.0,19,419.0,7.0,2.9,0.0,,1013.1,,,1175,Newport
2005-11-18,10.2,19,120.0,24,247.0,11.7,5.4,0.0,,1018.8,,,1175,Newport
2005-11-19,6.2,10,100.0,14,375.0,8.2,4.0,0.0,,1026.5,,,1175,Newport
2005-11-20,3.6,6,0.0,8,401.0,8.9,2.1,0.1,,1028.8,,,1175,Newport
2005-11-21,8.2,15,110.0,20,434.0,8.4,3.7,0.3,,1029.9,,,1175,Newport
2005-11-22,5.8,18,90.0,24,423.0,8.4,1.5,0.1,,1034.0,,,1175,Newport
2005-11-23,4.2,15,270.0,19,101.0,10.5,-0.2,0.1,,1034.9,,,1175,Newport
2005-11-24,23.5,36,320.0,50,186.0,11.2,2.5,6.3,,1022.2,,,1175,Newport
2005-11-25,26.9,38,340.0,53,147.0,6.8,2.4,11.4,,1007.9,,,1175,Newport
2005-11-26,17.3,30,350.0,46,280.0,7.6,3.6,6.6,,1004.8,,,1175,Newport
2005-11-27,7.6,19,350.0,24,108.0,6.7,3.5,3.5,,1004.3,,,1175,Newport
2005-11-28,7.8,21,340.0,27,299.0,6.8,2.8,2.9,,1006.8,,,1175,Newport
2005-11-29,9.1,25,320.0,33,85.0,10.2,3.5,12.9,,1006.8,,,1175,Newport
2005-11-30,7.0,15,200.0,21,102.0,10.2,7.3,4.1,,996.1,,,1175,Newport
2005-12-01,5.9,15,0.0,20,317.0,7.6,4.5,4.0,,981.7,,,1175,Newport
2005-12-02,13.7,28,0.0,37,83.0,8.2,4.5,20.3,,974.6,,,1175,Newport
2005-12-03,6.4,19,320.0,26,132.0,8.8,5.1,4.3,,981.0,,,1175,Newport
2005-12-04,16.0,24,310.0,32,227.0,8.0,5.1,4.0,,990.8,,,1175,Newport
2005-12-05,16.4,27,320.0,38,222.0,7.8,4.3,5.4,,1000.4,,,1175,Newport
2005-12-06,2.7,8,330.0,12,225.0,9.5,4.5,0.9,,1007.4,,,1175,Newport
2005-12-07,14.3,24,300.0,41,53.0,9.4,4.2,16.9,,1003.9,,,1175,Newport
2005-12-08,7.6,15,120.0,21,46.0,8.3,4.0,7.1,,1014.1,,,1175,Newport
2005-12-09,7.7,15,200.0,22,29.0,12.3,8.3,6.3,,1023.1,,,1175,Newport
2005-12-10,10.8,17,200.0,26,262.0,12.9,10.5,0.0,,1029.1,,,1175,Newport
2005-12-11,10.3,20,210.0,27,58.0,11.2,5.9,1.7,,1035.1,,,1175,Newport
2005-12-12,5.5,10,330.0,13,258.0,8.4,1.2,0.2,,1041.7,,,1175,Newport
2005-12-13,4.3,11,270.0,14,142.0,9.9,0.8,0.0,,1040.6,,,1175,Newport
2005-12-14,12.8,20,330.0,25,110.0,10.4,9.0,0.2,,1036.6,,,1175,Newport
2005-12-15,17.0,27,290.0,38,138.0,12.0,10.0,0.9,,1027.6,,,1175,Newport
2005-12-16,19.0,33,300.0,52,106.0,12.3,7.8,5.8,,1020.3,,,1175,Newport
2005-12-17,3.3,10,340.0,12,98.0,8.5,6.7,0.8,,1022.8,,,1175,Newport
2005-12-18,10.8,28,290.0,35,92.0,9.8,6.4,4.7,,1015.0,,,1175,Newport
2005-12-19,5.5,14,210.0,21,188.0,10.2,6.2,0.4,,1018.7,,,1175,Newport
2005-12-20,14.6,25,200.0,34,178.0,11.8,8.5,0.1,,1018.8,,,1175,Newport
2005-12-21,7.7,28,210.0,40,174.0,11.9,5.8,4.7,,1020.1,,,1175,Newport
2005-12-22,19.2,29,200.0,39,78.0,11.6,10.0,2.1,,1019.3,,,1175,Newport
2005-12-23,4.3,15,210.0,24,72.0,10.7,7.7,4.4,,1019.3,,,1175,Newport
2005-12-24,3.3,8,360.0,10,68.0,9.9,6.9,3.9,,1022.8,,,1175,Newport
2005-12-25,5.2,11,110.0,14,147.0,8.2,2.6,0.1,,1024.8,,,1175,Newport
2005-12-26,6.2,11,110.0,14,259.0,5.8,1.0,0.0,,1021.8,,,1175,Newport
2005-12-27,6.8,14,100.0,17,296.0,4.6,-0.1,0.2,,1016.7,,,1175,Newport
2005-12-28,11.0,16,120.0,21,131.0,2.7,-0.3,0.0,,1012.3,,,1175,Newport
2005-12-29,11.4,19,120.0,27,41.0,10.1,0.6,11.0,,1000.4,,,1175,Newport
2005-12-30,13.1,30,270.0,45,154.0,10.8,6.8,19.3,,986.1,,,1175,Newport
2005-12-31,24.1,34,310.0,47,87.0,9.3,6.2,18.9,,990.4,,,1175,Newport
2006-01-01,17.7,36,320.0,50,116.0,9.0,5.3,5.0,,1008.3,,,1175,Newport
2006-01-02,7.5,17,200.0,25,86.0,10.9,6.0,5.5,,1016.5,,,1175,Newport
2006-01-03,5.0,13,270.0,26,253.0,10.2,5.3,0.0,,1022.1,,,1175,Newport
2006-01-04,12.2,18,130.0,25,57.0,8.5,6.8,0.5,,1022.0,,,1175,Newport
2006-01-05,12.2,20,120.0,26,23.0,7.2,1.0,11.1,,1013.6,,,1175,Newport
2006-01-06,3.8,9,120.0,12,137.0,5.9,2.1,1.9,,1017.6,,,1175,Newport
2006-01-07,10.5,14,110.0,21,111.0,4.0,1.6,0.0,,1019.3,,,1175,Newport
2006-01-08,9.1,13,100.0,19,302.0,4.5,0.7,0.0,,1020.5,,,1175,Newport
2006-01-09,12.7,25,200.0,35,27.0,10.2,0.9,6.4,,1014.7,,,1175,Newport
2006-01-10,14.3,33,200.0,48,61.0,12.6,6.7,6.3,,1000.8,,,1175,Newport
2006-01-11,14.3,27,290.0,40,303.0,9.1,4.9,5.0,,1007.8,,,1175,Newport
2006-01-12,17.3,33,180.0,44,33.0,12.3,7.8,5.3,,1007.0,,,1175,Newport
2006-01-13,12.7,24,310.0,31,101.0,10.6,3.5,6.1,,1002.3,,,1175,Newport
2006-01-14,12.4,26,150.0,36,289.0,8.0,1.8,0.2,,1003.6,,,1175,Newport
2006-01-15,16.0,31,330.0,38,101.0,9.7,6.0,5.3,,998.3,,,1175,Newport
2006-01-16,8.1,20,310.0,30,100.0,8.8,5.0,8.2,,999.6,,,1175,Newport
2006-01-17,16.8,30,280.0,46,113.0,11.5,7.5,2.0,,1002.6,,,1175,Newport
2006-01-18,9.8,22,280.0,33,47.0,11.6,10.0,12.7,,1010.8,,,1175,Newport
2006-01-19,19.2,31,320.0,43,84.0,11.6,5.4,13.0,,1003.7,,,1175,Newport
2006-01-20,15.7,27,280.0,42,203.0,8.7,4.1,6.1,,1012.2,,,1175,Newport
2006-01-21,6.0,13,290.0,18,319.0,10.0,5.0,0.0,,1024.8,,,1175,Newport
2006-01-22,7.2,13,200.0,17,119.0,9.8,7.2,0.0,,1026.6,,,1175,Newport
2006-01-23,13.5,20,140.0,28,107.0,9.4,7.0,0.0,,1024.6,,,1175,Newport
2006-01-24,7.2,11,90.0,15,235.0,8.9,5.5,0.0,,1025.0,,,1175,Newport
2006-01-25,9.6,15,110.0,22,167.0,7.8,3.9,0.0,,1025.8,,,1175,Newport
2006-01-26,9.3,16,120.0,22,209.0,5.7,2.4,0.0,,1028.7,,,1175,Newport
2006-01-27,5.2,8,0.0,15,154.0,5.6,0.8,0.0,,1030.2,,,1175,Newport
2006-01-28,5.9,10,110.0,16,442.0,7.8,1.5,0.0,,1029.3,,,1175,Newport
2006-01-29,7.3,16,100.0,21,550.0,7.6,1.2,0.0,,1029.8,,,1175,Newport
2006-01-30,8.7,16,100.0,21,474.0,3.1,-1.0,0.0,,1028.0,,,1175,Newport
2006-01-31,6.9,14,90.0,19,473.0,4.9,-0.6,0.0,,1022.2,,,1175,Newport
2006-02-01,10.7,16,120.0,20,152.0,7.3,4.0,0.5,,1016.7,,,1175,Newport
2006-02-02,10.4,15,110.0,20,286.0,10.4,6.7,0.0,,1017.3,,,1175,Newport
2006-02-03,4.1,10,100.0,13,235.0,9.6,5.9,0.0,,1022.9,,,1175,Newport
2006-02-04,4.7,12,160.0,16,113.0,8.1,6.2,0.0,,1027.7,,,1175,Newport
2006-02-05,6.1,12,210.0,16,77.0,8.3,5.6,0.0,,1028.9,,,1175,Newport
2006-02-06,6.7,13,250.0,20,96.0,9.6,7.9,0.0,,1024.9,,,1175,Newport
2006-02-07,14.2,27,310.0,38,93.0,9.7,6.0,10.1,,1015.8,,,1175,Newport
2006-02-08,10.3,22,340.0,33,424.0,8.5,3.5,2.6,,1015.3,,,1175,Newport
2006-02-09,4.1,9,80.0,12,438.0,8.1,2.1,0.2,,1020.2,,,1175,Newport
2006-02-10,9.8,14,130.0,19,302.0,6.0,1.5,0.1,,1018.8,,,1175,Newport
2006-02-11,9.6,22,200.0,30,387.0,10.3,5.2,10.5,,1013.9,,,1175,Newport
2006-02-12,9.7,17,210.0,27,116.0,11.3,7.9,19.5,,1011.8,,,1175,Newport
2006-02-13,8.8,19,180.0,24,231.0,11.8,6.7,14.4,,1004.6,,,1175,Newport
2006-02-14,12.3,33,200.0,48,365.0,10.5,6.6,6.9,,991.1,,,1175,Newport
2006-02-15,12.5,26,240.0,39,535.0,9.1,3.7,7.6,,979.8,,,1175,Newport
2006-02-16,12.9,26,320.0,37,298.0,8.6,3.2,8.2,,971.5,,,1175,Newport
2006-02-17,4.6,11,210.0,16,338.0,8.6,1.7,3.1,,980.1,,,1175,Newport
2006-02-18,5.5,13,260.0,19,673.0,9.5,1.4,0.5,,988.5,,,1175,Newport
2006-02-19,6.5,12,0.0,16,741.0,8.2,0.8,0.0,,1003.3,,,1175,Newport
2006-02-20,9.0,17,350.0,23,717.0,9.3,2.2,0.1,,1020.7,,,1175,Newport
2006-02-21,7.8,12,340.0,19,459.0,8.2,3.0,0.8,,1028.0,,,1175,Newport
2006-02-22,9.0,13,70.0,21,594.0,6.8,2.3,0.1,,1029.0,,,1175,Newport
2006-02-23,9.2,20,350.0,25,421.0,6.5,3.0,0.5,,1028.1,,,1175,Newport
2006-02-24,13.4,25,20.0,37,651.0,9.8,3.2,0.0,,1022.5,,,1175,Newport
2006-02-25,9.0,14,60.0,26,591.0,6.7,2.7,0.0,,1027.0,,,1175,Newport
2006-02-26,8.4,14,40.0,24,463.0,7.5,2.3,0.0,,1030.1,,,1175,Newport
2006-02-27,10.1,25,340.0,31,536.0,8.5,1.5,2.7,,1024.7,,,1175,Newport
2006-02-28,12.7,28,0.0,39,800.0,6.3,0.6,3.7,,1016.2,,,1175,Newport
2006-03-01,7.9,22,310.0,28,752.0,3.7,-0.7,5.6,,1009.2,,,1175,Newport
2006-03-02,4.3,9,90.0,12,1040.0,6.3,-2.4,0.6,,1000.6,,,1175,Newport
2006-03-03,5.2,15,340.0,21,772.0,5.9,-3.0,1.4,,999.6,,,1175,Newport
2006-03-04,8.0,21,330.0,27,1000.0,6.2,-1.7,3.2,,1004.7,,,1175,Newport
2006-03-05,6.6,20,320.0,34,629.0,8.1,2.0,2.9,,1011.8,,,1175,Newport
2006-03-06,4.8,12,100.0,18,491.0,8.6,1.5,3.7,,1013.9,,,1175,Newport
2006-03-07,7.2,18,250.0,27,203.0,10.4,6.7,11.8,,1003.8,,,1175,Newport
2006-03-08,10.7,28,330.0,36,847.0,10.5,4.9,12.7,,994.4,,,1175,Newport
2006-03-09,17.9,38,290.0,60,513.0,8.9,4.7,11.2,,990.9,,,1175,Newport
2006-03-10,15.9,32,300.0,42,1052.0,9.5,4.1,2.2,,1001.8,,,1175,Newport
2006-03-11,8.2,18,140.0,27,183.0,8.5,3.0,18.0,,1011.8,,,1175,Newport
2006-03-12,12.0,21,170.0,27,341.0,11.8,8.0,2.4,,1009.6,,,1175,Newport
2006-03-13,15.6,23,150.0,33,334.0,11.6,8.3,10.9,,1003.6,,,1175,Newport
2006-03-14,9.4,19,290.0,27,894.0,11.9,4.8,0.8,,1011.9,,,1175,Newport
2006-03-15,5.9,13,90.0,18,454.0,10.2,5.0,0.0,,1021.7,,,1175,Newport
2006-03-16,11.4,16,60.0,26,601.0,6.2,2.2,0.0,,1028.3,,,1175,Newport
2006-03-17,10.8,17,60.0,30,363.0,5.5,2.9,0.3,,1027.9,,,1175,Newport
2006-03-18,10.7,16,60.0,26,1022.0,9.4,2.5,0.0,,1022.4,,,1175,Newport
2006-03-19,7.3,13,70.0,21,907.0,8.4,2.0,0.0,,1017.1,,,1175,Newport
2006-03-20,8.8,13,60.0,22,477.0,7.8,5.1,0.0,,1013.7,,,1175,Newport
2006-03-21,8.7,14,60.0,21,563.0,5.4,0.8,0.0,,1014.5,,,1175,Newport
2006-03-22,7.9,14,150.0,19,1301.0,8.1,-1.4,0.0,,1009.8,,,1175,Newport
2006-03-23,12.1,19,90.0,28,377.0,6.4,1.4,0.2,,996.2,,,1175,Newport
2006-03-24,9.3,16,70.0,25,370.0,6.6,4.5,1.8,,984.1,,,1175,Newport
2006-03-25,11.2,19,200.0,29,667.0,12.1,5.6,3.6,,985.1,,,1175,Newport
2006-03-26,12.6,23,200.0,33,325.0,12.9,9.7,22.2,,982.8,,,1175,Newport
2006-03-27,9.3,20,270.0,29,521.0,11.3,8.1,3.8,,979.9,,,1175,Newport
2006-03-28,14.6,25,320.0,34,698.0,8.2,3.3,1.7,,990.9,,,1175,Newport
2006-03-29,7.4,16,350.0,23,1203.0,10.7,3.4,5.9,,990.0,,,1175,Newport
2006-03-30,8.4,21,340.0,28,566.0,10.7,5.8,7.1,,983.0,,,1175,Newport
2006-03-31,9.9,18,230.0,29,833.0,10.5,5.7,3.4,,988.9,,,1175,Newport
2006-04-01,10.6,20,190.0,29,1001.0,12.1,6.1,7.7,,989.1,,,1175,Newport
2006-04-02,17.3,33,330.0,42,983.0,9.5,5.5,10.1,,1000.2,,,1175,Newport
2006-04-03,10.2,18,330.0,26,1553.0,9.8,3.2,0.9,,1019.7,,,1175,Newport
2006-04-04,8.1,15,350.0,21,1659.0,9.7,0.9,0.0,,1023.4,,,1175,Newport
2006-04-05,8.1,15,270.0,23,1195.0,9.6,-0.5,3.6,,1017.8,,,1175,Newport
2006-04-06,11.4,25,330.0,31,637.0,9.8,5.6,5.4,,1011.7,,,1175,Newport
2006-04-07,13.8,28,300.0,40,787.0,9.9,3.0,8.3,,1007.2,,,1175,Newport
2006-04-08,15.7,29,330.0,40,1469.0,9.6,4.0,2.6,,1009.4,,,1175,Newport
2006-04-09,9.4,27,310.0,35,1567.0,9.9,2.4,2.5,,1019.2,,,1175,Newport
2006-04-10,10.5,22,210.0,32,1229.0,10.4,1.9,2.6,,1017.0,,,1175,Newport
2006-04-11,17.0,28,290.0,39,1396.0,11.6,7.9,18.4,,1008.3,,,1175,Newport
2006-04-12,12.5,27,260.0,38,432.0,12.0,7.5,2.2,,1009.0,,,1175,Newport
2006-04-13,15.5,23,290.0,32,1439.0,11.9,6.2,3.1,,1006.1,,,1175,Newport
2006-04-14,6.5,14,290.0,21,1638.0,12.8,5.3,0.6,,1007.8,,,1175,Newport
2006-04-15,5.8,13,260.0,18,700.0,12.9,6.7,0.5,,1004.5,,,1175,Newport
2006-04-16,9.3,18,280.0,25,1173.0,12.3,7.4,0.5,,1009.0,,,1175,Newport
2006-04-17,14.0,23,270.0,30,751.0,12.1,7.2,6.9,,1010.6,,,1175,Newport
2006-04-18,5.2,14,300.0,21,652.0,10.2,4.7,5.7,,1008.0,,,1175,Newport
2006-04-19,5.5,15,270.0,20,1439.0,12.7,4.2,2.1,,1006.2,,,1175,Newport
2006-04-20,9.1,18,350.0,21,1218.0,13.6,6.2,0.4,,1006.6,,,1175,Newport
2006-04-21,7.9,19,320.0,23,2044.0,17.1,6.5,0.0,,1014.9,,,1175,Newport
2006-04-22,10.5,26,340.0,30,455.0,11.6,7.3,6.5,,1013.2,,,1175,Newport
2006-04-23,4.3,10,270.0,16,1992.0,14.9,5.1,0.0,,1015.0,,,1175,Newport
2006-04-24,13.3,24,180.0,34,373.0,11.9,4.7,6.0,,1007.3,,,1175,Newport
2006-04-25,13.0,18,220.0,30,1763.0,13.0,7.7,1.0,,1006.5,,,1175,Newport
2006-04-26,7.3,14,260.0,25,969.0,11.9,7.2,2.0,,1017.2,,,1175,Newport
2006-04-27,7.0,14,340.0,19,2070.0,15.1,7.5,0.0,,1026.9,,,1175,Newport
2006-04-28,9.1,17,350.0,20,2175.0,14.1,7.1,0.0,,1029.4,,,1175,Newport
2006-04-29,7.6,13,340.0,17,1830.0,14.9,8.3,0.0,,1022.3,,,1175,Newport
2006-04-30,9.4,23,340.0,29,373.0,10.9,7.6,11.3,,1008.7,,,1175,Newport
2006-05-01,12.8,20,320.0,29,2108.0,12.5,6.2,1.0,,997.6,,,1175,Newport
2006-05-02,16.6,25,150.0,36,574.0,11.0,7.0,10.7,,989.4,,,1175,Newport
2006-05-03,17.0,28,180.0,42,1858.0,13.9,7.3,3.7,,997.2,,,1175,Newport
2006-05-04,18.8,26,120.0,34,1754.0,16.2,6.7,2.3,,1002.0,,,1175,Newport
2006-05-05,15.2,23,180.0,33,2356.0,16.4,5.8,0.1,,1007.7,,,1175,Newport
2006-05-06,15.5,27,140.0,40,1330.0,14.4,8.3,7.1,,1007.4,,,1175,Newport
2006-05-07,10.9,19,150.0,26,2086.0,16.2,7.4,1.9,,1011.3,,,1175,Newport
2006-05-08,5.8,11,340.0,14,434.0,12.6,7.6,2.4,,1010.8,,,1175,Newport
2006-05-09,5.5,12,0.0,15,2027.0,17.9,9.5,0.0,,1015.9,,,1175,Newport
2006-05-10,6.3,14,350.0,18,1873.0,21.3,9.4,0.0,,1017.9,,,1175,Newport
2006-05-11,4.7,17,330.0,21,1899.0,23.6,9.6,0.1,,1015.6,,,1175,Newport
2006-05-12,12.4,24,350.0,30,2023.0,15.5,8.6,0.0,,1013.4,,,1175,Newport
2006-05-13,7.8,17,350.0,21,2053.0,16.4,7.1,0.0,,1015.3,,,1175,Newport
2006-05-14,6.3,14,140.0,19,681.0,13.5,9.7,12.6,,1011.8,,,1175,Newport
2006-05-15,9.1,14,140.0,20,765.0,14.1,11.0,8.1,,1004.8,,,1175,Newport
2006-05-16,8.2,17,220.0,24,509.0,14.4,11.5,7.0,,1006.3,,,1175,Newport
2006-05-17,17.1,34,200.0,48,407.0,13.9,11.4,19.8,,995.4,,,1175,Newport
2006-05-18,18.4,30,290.0,42,1140.0,13.8,9.4,8.9,,987.8,,,1175,Newport
2006-05-19,12.0,25,290.0,35,1356.0,14.8,9.5,7.8,,990.7,,,1175,Newport
2006-05-20,13.4,23,0.0,28,1950.0,12.9,5.2,5.3,,991.2,,,1175,Newport
2006-05-21,12.9,23,0.0,36,553.0,8.7,4.9,12.8,,991.3,,,1175,Newport
2006-05-22,16.5,32,340.0,40,1958.0,10.1,4.5,4.8,,997.0,,,1175,Newport
2006-05-23,11.2,21,270.0,33,1748.0,11.9,4.0,10.1,,1004.3,,,1175,Newport
2006-05-24,10.0,22,290.0,34,2471.0,13.4,5.3,3.3,,1007.7,,,1175,Newport
2006-05-25,4.0,10,120.0,13,1781.0,14.8,4.1,3.9,,1010.7,,,1175,Newport
2006-05-26,11.9,18,240.0,28,1347.0,14.6,11.1,7.7,,1010.7,,,1175,Newport
2006-05-27,13.2,21,270.0,30,1793.0,15.1,11.0,1.7,,1016.3,,,1175,Newport
2006-05-28,11.5,16,290.0,23,1211.0,13.5,8.9,0.4,,1020.5,,,1175,Newport
2006-05-29,15.2,27,310.0,36,2232.0,12.7,6.5,0.8,,1022.6,,,1175,Newport
2006-05-30,9.2,16,320.0,22,2848.0,15.0,6.4,0.0,,1026.7,,,1175,Newport
2006-05-31,5.7,12,240.0,17,2388.0,15.4,5.5,0.0,,1026.9,,,1175,Newport
2006-06-01,7.4,13,200.0,19,2551.0,16.0,9.7,0.0,,1028.4,,,1175,Newport
2006-06-02,5.0,9,230.0,14,2808.0,19.9,8.4,0.0,,1030.1,,,1175,Newport
2006-06-03,5.0,10,240.0,15,2713.0,21.1,6.4,0.0,,1028.8,,,1175,Newport
2006-06-04,5.9,11,250.0,16,2572.0,20.6,11.8,0.0,,1025.3,,,1175,Newport
2006-06-05,4.2,11,250.0,14,2631.0,23.8,9.6,0.0,,1022.9,,,1175,Newport
2006-06-06,5.4,13,260.0,18,2639.0,21.5,11.4,0.0,,1025.8,,,1175,Newport
2006-06-07,4.9,10,210.0,13,2130.0,19.8,11.2,0.0,,1025.9,,,1175,Newport
2006-06-08,5.0,12,160.0,19,2675.0,25.2,11.1,0.0,,1021.5,,,1175,Newport
2006-06-09,13.0,22,130.0,31,2105.0,24.4,14.0,0.0,,1013.8,,,1175,Newport
2006-06-10,16.5,30,150.0,40,1378.0,22.1,14.8,0.1,,1005.8,,,1175,Newport
2006-06-11,16.9,23,180.0,31,1798.0,18.4,11.7,0.3,,1008.5,,,1175,Newport
2006-06-12,17.1,26,160.0,37,1208.0,15.9,12.0,1.9,,1010.8,,,1175,Newport
2006-06-13,8.1,14,280.0,19,1390.0,16.4,10.6,0.0,,1019.7,,,1175,Newport
2006-06-14,4.9,11,200.0,16,2390.0,19.0,9.0,0.0,,1022.5,,,1175,Newport
2006-06-15,7.1,12,240.0,19,1309.0,17.2,10.5,0.4,,1019.8,,,1175,Newport
2006-06-16,6.4,11,220.0,17,913.0,15.8,11.4,3.9,,1017.3,,,1175,Newport
2006-06-17,7.3,14,230.0,21,874.0,16.4,12.8,3.6,,1013.1,,,1175,Newport
2006-06-18,8.1,18,170.0,25,690.0,15.6,11.5,11.3,,1003.4,,,1175,Newport
2006-06-19,9.0,23,320.0,28,1375.0,17.6,11.9,1.8,,1004.4,,,1175,Newport
2006-06-20,16.0,26,200.0,37,937.0,15.4,10.5,7.0,,1001.9,,,1175,Newport
2006-06-21,20.1,28,280.0,45,1554.0,13.8,9.8,4.4,,1005.5,,,1175,Newport
2006-06-22,13.4,26,290.0,37,980.0,13.3,10.1,0.1,,1011.3,,,1175,Newport
2006-06-23,4.5,10,200.0,17,2492.0,17.2,7.9,0.0,,1014.0,,,1175,Newport
2006-06-24,5.7,13,350.0,16,1666.0,18.3,10.7,0.0,,1012.3,,,1175,Newport
2006-06-25,12.5,19,350.0,21,2502.0,16.7,10.4,0.0,,1015.8,,,1175,Newport
2006-06-26,10.6,16,340.0,21,1766.0,19.8,11.4,0.0,,1017.5,,,1175,Newport
2006-06-27,5.0,10,0.0,13,1801.0,19.8,9.1,0.0,,1016.8,,,1175,Newport
2006-06-28,7.9,18,160.0,24,1038.0,16.8,10.3,1.9,,1013.6,,,1175,Newport
2006-06-29,5.8,13,150.0,19,1363.0,17.0,11.2,4.9,,1012.7,,,1175,Newport
2006-06-30,6.8,16,210.0,22,2152.0,19.5,9.8,0.0,,1016.5,,,1175,Newport
2006-07-01,9.1,19,170.0,26,540.0,18.3,12.7,0.8,,1016.2,,,1175,Newport
2006-07-02,9.2,19,350.0,24,1359.0,18.7,12.4,0.1,,1018.8,,,1175,Newport
2006-07-03,17.9,22,340.0,26,2860.0,18.0,12.4,0.0,,1019.3,,,1175,Newport
2006-07-04,8.9,17,350.0,21,1105.0,21.2,12.1,0.0,,1015.3,,,1175,Newport
2006-07-05,7.6,15,250.0,21,2206.0,19.5,13.1,0.0,,1011.8,,,1175,Newport
2006-07-06,10.6,17,200.0,25,1243.0,17.4,12.9,4.6,,1010.3,,,1175,Newport
2006-07-07,8.0,18,250.0,26,1694.0,17.2,10.9,2.1,,1011.8,,,1175,Newport
2006-07-08,12.8,24,130.0,33,415.0,15.4,11.3,12.6,,1001.4,,,1175,Newport
2006-07-09,11.3,20,300.0,29,1399.0,17.5,13.0,3.0,,1001.6,,,1175,Newport
2006-07-10,12.7,20,210.0,32,1313.0,17.9,12.3,0.9,,1012.9,,,1175,Newport
2006-07-11,10.9,17,220.0,25,1640.0,17.2,11.7,0.3,,1018.2,,,1175,Newport
2006-07-12,8.5,16,280.0,22,1614.0,17.9,11.1,0.6,,1021.3,,,1175,Newport
2006-07-13,5.4,15,350.0,17,2138.0,19.4,9.1,0.0,,1027.4,,,1175,Newport
2006-07-14,6.7,12,110.0,18,2718.0,23.2,10.0,0.0,,1029.4,,,1175,Newport
2006-07-15,4.4,9,220.0,13,2603.0,24.8,10.8,0.0,,1027.8,,,1175,Newport
2006-07-16,6.1,12,220.0,19,1826.0,20.7,12.1,0.0,,1025.3,,,1175,Newport
2006-07-17,6.4,11,220.0,15,2374.0,24.3,14.4,0.0,,1022.7,,,1175,Newport
2006-07-18,7.1,15,350.0,20,2631.0,27.8,15.7,0.0,,1016.9,,,1175,Newport
2006-07-19,8.2,17,150.0,25,1296.0,27.3,16.4,0.1,,1010.8,,,1175,Newport
2006-07-20,5.2,10,340.0,15,1051.0,21.9,13.8,0.0,,1012.1,,,1175,Newport
2006-07-21,5.9,17,150.0,21,1713.0,23.0,10.9,0.3,,1013.3,,,1175,Newport
2006-07-22,9.8,19,130.0,26,1207.0,18.7,13.0,3.8,,1009.4,,,1175,Newport
2006-07-23,10.0,16,200.0,27,1353.0,18.2,14.1,1.6,,1012.6,,,1175,Newport
2006-07-24,7.1,16,130.0,20,647.0,19.3,15.1,11.5,,1014.5,,,1175,Newport
2006-07-25,5.4,10,100.0,14,680.0,21.2,15.6,0.1,,1012.7,,,1175,Newport
2006-07-26,4.6,11,260.0,16,1405.0,21.1,15.1,3.2,,1012.7,,,1175,Newport
2006-07-27,5.2,14,170.0,18,808.0,18.9,14.3,7.3,,1011.8,,,1175,Newport
2006-07-28,4.3,10,350.0,13,1449.0,20.8,14.2,0.1,,1006.4,,,1175,Newport
2006-07-29,15.0,29,170.0,43,872.0,20.1,14.7,4.0,,995.6,,,1175,Newport
2006-07-30,14.4,22,200.0,36,1359.0,18.9,13.0,4.6,,998.0,,,1175,Newport
2006-07-31,14.1,21,190.0,31,1663.0,19.0,13.5,4.7,,998.1,,,1175,Newport
2006-08-01,14.3,22,310.0,33,1559.0,18.6,13.8,0.4,,1006.2,,,1175,Newport
2006-08-02,11.3,20,350.0,25,1516.0,17.9,13.0,0.0,,1014.3,,,1175,Newport
2006-08-03,6.5,14,330.0,17,1159.0,18.7,13.0,0.0,,1018.1,,,1175,Newport
2006-08-04,7.7,16,240.0,20,506.0,18.8,14.8,2.3,,1017.4,,,1175,Newport
2006-08-05,8.5,15,210.0,23,1002.0,20.9,16.5,2.5,,1017.9,,,1175,Newport
2006-08-06,9.0,16,350.0,22,1601.0,18.2,13.9,5.7,,1020.6,,,1175,Newport
2006-08-07,5.2,10,350.0,14,1249.0,18.0,11.0,0.0,,1025.2,,,1175,Newport
2006-08-08,9.8,24,330.0,30,739.0,17.1,9.4,6.2,,1021.6,,,1175,Newport
2006-08-09,11.2,19,310.0,29,871.0,17.3,12.4,0.0,,1021.0,,,1175,Newport
2006-08-10,12.9,20,320.0,27,1472.0,18.4,13.8,0.0,,1019.4,,,1175,Newport
2006-08-11,14.1,19,330.0,24,842.0,16.9,12.7,0.0,,1019.2,,,1175,Newport
2006-08-12,12.2,21,0.0,27,1056.0,16.1,12.1,0.1,,1021.7,,,1175,Newport
2006-08-13,7.9,17,350.0,23,929.0,17.0,10.9,0.0,,1018.5,,,1175,Newport
2006-08-14,6.2,15,320.0,19,1453.0,17.5,12.2,0.0,,1014.2,,,1175,Newport
2006-08-15,7.4,14,290.0,21,830.0,16.6,11.6,2.8,,1004.6,,,1175,Newport
2006-08-16,11.6,22,340.0,27,1346.0,18.7,11.9,0.8,,999.8,,,1175,Newport
2006-08-17,8.7,14,340.0,17,898.0,16.2,12.1,0.6,,999.7,,,1175,Newport
2006-08-18,14.2,21,340.0,26,1024.0,17.4,13.3,0.0,,1001.8,,,1175,Newport
2006-08-19,14.4,23,330.0,29,575.0,17.1,13.8,0.3,,1006.5,,,1175,Newport
2006-08-20,8.4,19,320.0,22,1166.0,18.6,12.8,0.5,,1012.5,,,1175,Newport
2006-08-21,6.3,18,290.0,22,997.0,17.8,12.9,0.5,,1016.2,,,1175,Newport
2006-08-22,8.0,18,170.0,26,696.0,17.5,12.9,1.3,,1012.9,,,1175,Newport
2006-08-23,6.5,15,320.0,21,1669.0,18.4,10.2,1.2,,1009.4,,,1175,Newport
2006-08-24,5.0,10,210.0,15,1346.0,17.8,8.4,0.6,,1007.9,,,1175,Newport
2006-08-25,10.0,24,280.0,32,663.0,18.2,13.0,6.6,,1004.2,,,1175,Newport
2006-08-26,12.3,21,290.0,30,880.0,18.0,12.7,3.4,,1008.7,,,1175,Newport
2006-08-27,10.4,16,260.0,25,1211.0,17.9,12.5,0.8,,1009.9,,,1175,Newport
2006-08-28,11.0,19,260.0,32,1165.0,17.1,11.9,3.6,,1009.0,,,1175,Newport
2006-08-29,14.0,22,320.0,31,1564.0,17.5,11.6,1.6,,1011.6,,,1175,Newport
2006-08-30,7.7,17,130.0,22,234.0,16.8,10.7,26.9,,1011.6,,,1175,Newport
2006-08-31,10.3,19,210.0,28,813.0,19.0,14.5,1.9,,1006.2,,,1175,Newport
2006-09-01,11.4,18,210.0,27,1617.0,17.0,12.9,1.0,,1003.0,,,1175,Newport
2006-09-02,7.4,14,90.0,22,1337.0,19.7,11.4,8.5,,996.2,,,1175,Newport
2006-09-03,10.9,20,260.0,29,1281.0,17.8,12.5,3.6,,1003.9,,,1175,Newport
2006-09-04,6.1,13,90.0,18,700.0,18.1,13.2,11.2,,1016.0,,,1175,Newport
2006-09-05,12.0,22,200.0,32,217.0,18.0,14.7,29.4,,1011.3,,,1175,Newport
2006-09-06,10.1,18,320.0,23,1144.0,17.5,12.2,0.4,,1016.0,,,1175,Newport
2006-09-07,5.8,13,350.0,17,1342.0,17.7,10.4,0.0,,1024.0,,,1175,Newport
2006-09-08,8.9,16,160.0,22,1547.0,19.5,8.9,0.0,,1023.8,,,1175,Newport
2006-09-09,11.2,21,120.0,27,1471.0,21.0,10.5,0.0,,1016.6,,,1175,Newport
2006-09-10,13.9,19,150.0,26,791.0,20.6,15.1,4.5,,1010.8,,,1175,Newport
2006-09-11,6.2,14,120.0,18,905.0,21.0,16.2,1.6,,1008.2,,,1175,Newport
2006-09-12,5.6,21,130.0,29,862.0,20.0,14.5,0.6,,1002.6,,,1175,Newport
2006-09-13,14.9,24,140.0,33,1000.0,18.0,12.4,1.2,,995.0,,,1175,Newport
2006-09-14,5.1,10,210.0,16,1600.0,17.2,8.4,0.6,,1003.3,,,1175,Newport
2006-09-15,5.8,13,170.0,18,1590.0,18.3,7.5,0.0,,1010.2,,,1175,Newport
2006-09-16,12.4,22,130.0,27,470.0,18.6,11.2,2.0,,1006.1,,,1175,Newport
2006-09-17,7.7,15,210.0,24,1351.0,17.7,12.1,2.1,,1005.5,,,1175,Newport
2006-09-18,13.9,21,210.0,31,738.0,17.0,11.6,9.9,,1000.0,,,1175,Newport
2006-09-19,13.5,23,170.0,34,679.0,16.8,10.8,4.7,,998.2,,,1175,Newport
2006-09-20,10.6,27,150.0,36,350.0,16.2,10.8,16.6,,989.0,,,1175,Newport
2006-09-21,9.1,30,240.0,48,304.0,15.9,10.8,28.4,,981.3,,,1175,Newport
2006-09-22,11.6,20,200.0,30,1067.0,18.2,11.6,2.9,,990.0,,,1175,Newport
2006-09-23,10.5,19,120.0,27,811.0,17.7,11.8,1.5,,998.1,,,1175,Newport
2006-09-24,6.4,14,80.0,21,875.0,19.7,12.1,16.0,,999.5,,,1175,Newport
2006-09-25,4.4,13,290.0,17,792.0,17.9,11.5,2.3,,1006.3,,,1175,Newport
2006-09-26,6.9,16,150.0,20,247.0,16.7,12.2,13.8,,1008.4,,,1175,Newport
2006-09-27,17.8,30,200.0,43,340.0,17.9,12.4,6.9,,994.0,,,1175,Newport
2006-09-28,9.4,16,200.0,26,830.0,16.6,10.9,3.4,,996.2,,,1175,Newport
2006-09-29,7.7,13,110.0,16,1063.0,17.2,10.0,2.6,,993.8,,,1175,Newport
2006-09-30,10.8,18,130.0,25,544.0,16.8,10.5,4.1,,992.2,,,1175,Newport
2006-10-01,10.2,21,340.0,26,764.0,16.1,9.8,2.9,,993.9,,,1175,Newport
2006-10-02,10.5,20,340.0,26,884.0,14.8,9.7,1.7,,1000.1,,,1175,Newport
2006-10-03,5.1,14,340.0,18,907.0,14.9,7.8,0.0,,1004.8,,,1175,Newport
2006-10-04,5.0,15,260.0,23,708.0,15.3,6.9,4.9,,1007.2,,,1175,Newport
2006-10-05,12.5,18,230.0,34,245.0,15.5,9.9,34.8,,999.5,,,1175,Newport
2006-10-06,18.2,33,310.0,46,429.0,14.3,10.6,15.4,,996.7,,,1175,Newport
2006-10-07,14.6,23,210.0,34,253.0,14.9,10.3,0.1,,1007.5,,,1175,Newport
2006-10-08,14.5,22,200.0,31,310.0,14.4,9.9,4.0,,1000.7,,,1175,Newport
2006-10-09,7.5,15,240.0,26,990.0,16.0,8.6,2.0,,1005.8,,,1175,Newport
2006-10-10,13.1,26,130.0,35,1012.0,15.2,7.1,4.0,,1003.5,,,1175,Newport
2006-10-11,11.4,22,130.0,31,795.0,15.4,10.6,10.0,,998.0,,,1175,Newport
2006-10-12,14.0,25,190.0,39,990.0,16.5,11.1,2.6,,1007.9,,,1175,Newport
2006-10-13,16.5,25,130.0,34,758.0,17.9,12.7,0.0,,1019.0,,,1175,Newport
2006-10-14,12.1,24,140.0,31,903.0,17.3,10.9,0.0,,1020.2,,,1175,Newport
2006-10-15,9.8,16,120.0,23,508.0,18.2,11.6,0.1,,1021.1,,,1175,Newport
2006-10-16,6.0,10,70.0,18,255.0,13.3,9.0,0.0,,1012.9,,,1175,Newport
2006-10-17,10.4,16,80.0,24,107.0,14.2,11.5,10.6,,1000.9,,,1175,Newport
2006-10-18,10.3,16,120.0,21,236.0,15.6,12.1,0.0,,993.3,,,1175,Newport
2006-10-19,10.3,17,350.0,21,315.0,14.9,12.0,0.0,,983.9,,,1175,Newport
2006-10-20,3.7,8,230.0,12,478.0,17.3,12.2,0.0,,982.9,,,1175,Newport
2006-10-21,5.6,11,110.0,17,444.0,15.1,7.9,4.2,,981.7,,,1175,Newport
2006-10-22,5.6,13,220.0,20,410.0,13.4,7.7,16.4,,984.0,,,1175,Newport
2006-10-23,5.5,13,260.0,19,796.0,15.3,8.5,1.4,,987.2,,,1175,Newport
2006-10-24,4.7,13,260.0,18,546.0,14.8,7.3,0.2,,992.9,,,1175,Newport
2006-10-25,10.7,25,350.0,30,122.0,11.2,6.2,17.6,,990.3,,,1175,Newport
2006-10-26,16.3,26,270.0,39,486.0,12.9,9.1,2.9,,996.1,,,1175,Newport
2006-10-27,10.0,22,210.0,32,152.0,13.4,9.3,7.2,,1009.2,,,1175,Newport
2006-10-28,9.4,18,260.0,27,273.0,14.5,10.2,17.8,,1014.8,,,1175,Newport
2006-10-29,7.0,15,200.0,22,156.0,14.6,7.8,8.8,,1017.6,,,1175,Newport
2006-10-30,15.7,25,260.0,39,79.0,14.2,10.6,6.4,,1009.0,,,1175,Newport
2006-10-31,19.0,47,300.0,60,618.0,12.5,6.4,0.8,,1014.3,,,1175,Newport
2006-11-01,4.7,8,350.0,10,570.0,12.5,3.4,0.0,,1030.6,,,1175,Newport
2006-11-02,4.7,9,120.0,13,671.0,10.0,2.5,0.2,,1033.4,,,1175,Newport
2006-11-03,2.9,9,200.0,13,547.0,11.1,2.4,0.0,,1031.4,,,1175,Newport
2006-11-04,6.6,12,230.0,18,176.0,13.4,10.1,0.7,,1031.6,,,1175,Newport
2006-11-05,6.4,13,250.0,20,310.0,13.2,9.8,0.0,,1028.2,,,1175,Newport
2006-11-06,6.6,14,200.0,20,407.0,12.6,5.9,0.4,,1021.0,,,1175,Newport
2006-11-07,5.1,10,200.0,15,109.0,13.8,9.9,12.3,,1013.7,,,1175,Newport
2006-11-08,11.8,19,280.0,28,384.0,12.2,7.5,2.6,,1018.0,,,1175,Newport
2006-11-09,6.8,18,120.0,23,483.0,11.8,4.9,0.0,,1027.4,,,1175,Newport
2006-11-10,14.4,22,200.0,31,94.0,14.0,6.9,3.1,,1018.2,,,1175,Newport
2006-11-11,20.5,33,280.0,48,225.0,12.2,8.0,3.1,,1017.8,,,1175,Newport
2006-11-12,12.7,25,260.0,36,111.0,13.1,10.0,8.4,,1012.5,,,1175,Newport
2006-11-13,17.2,25,270.0,38,225.0,12.6,8.4,1.9,,1001.9,,,1175,Newport
2006-11-14,9.0,21,250.0,32,263.0,10.0,6.2,5.1,,998.0,,,1175,Newport
2006-11-15,5.4,16,250.0,24,76.0,7.5,5.1,10.1,,990.5,,,1175,Newport
2006-11-16,,17,250.0,27,,,,,,,,,1175,Newport
2006-11-17,6.2,19,210.0,30,195.0,6.1,1.8,11.7,,986.5,,,1175,Newport
2006-11-18,9.4,24,310.0,38,320.0,8.1,2.1,12.3,,997.9,,,1175,Newport
2006-11-19,15.6,34,200.0,47,27.0,12.1,2.4,12.8,,995.7,,,1175,Newport
2006-11-20,18.5,31,290.0,46,277.0,10.4,5.6,6.3,,992.9,,,1175,Newport
2006-11-21,16.4,31,280.0,52,310.0,9.6,4.3,7.7,,995.6,,,1175,Newport
2006-11-22,7.1,16,100.0,23,136.0,10.6,5.3,14.2,,979.8,,,1175,Newport
2006-11-23,17.1,27,270.0,41,170.0,9.3,6.0,8.8,,970.1,,,1175,Newport
2006-11-24,8.6,21,130.0,30,134.0,9.2,3.5,7.2,,973.8,,,1175,Newport
2006-11-25,13.5,24,260.0,37,261.0,10.8,5.1,8.3,,979.8,,,1175,Newport
2006-11-26,13.2,26,120.0,39,175.0,10.9,5.2,4.9,,988.7,,,1175,Newport
2006-11-27,22.4,32,200.0,50,173.0,12.0,8.1,4.3,,985.6,,,1175,Newport
2006-11-28,11.9,23,190.0,34,166.0,10.9,6.8,2.5,,997.7,,,1175,Newport
2006-11-29,18.2,29,160.0,40,176.0,12.9,10.0,0.7,,1008.4,,,1175,Newport
2006-11-30,19.1,39,180.0,57,14.0,13.1,7.5,16.6,,1000.8,,,1175,Newport
2006-12-01,14.9,38,200.0,56,128.0,10.2,3.9,11.4,,996.5,,,1175,Newport
2006-12-02,17.7,31,160.0,41,161.0,11.8,6.0,32.6,,980.1,,,1175,Newport
2006-12-03,22.8,37,280.0,54,97.0,10.3,6.2,13.7,,971.7,,,1175,Newport
2006-12-04,13.5,26,260.0,42,52.0,12.0,6.4,13.3,,,,,1175,Newport
2006-12-05,11.6,27,280.0,38,104.0,9.6,4.8,13.2,,,,,1175,Newport
2006-12-06,12.9,24,140.0,36,167.0,10.0,5.8,8.7,,,,,1175,Newport
2006-12-07,15.0,29,200.0,44,121.0,9.7,5.6,14.4,,972.7,,,1175,Newport
2006-12-08,17.3,34,310.0,44,161.0,8.4,5.0,11.8,,991.5,,,1175,Newport
2006-12-09,15.8,32,310.0,42,193.0,10.1,4.6,1.6,,1009.8,,,1175,Newport
2006-12-10,19.2,31,200.0,45,25.0,12.1,9.5,22.9,,1003.3,,,1175,Newport
2006-12-11,15.6,31,270.0,47,223.0,10.1,3.9,4.0,,1001.3,,,1175,Newport
2006-12-12,16.9,33,200.0,51,161.0,10.3,7.4,9.1,,1003.1,,,1175,Newport
2006-12-13,25.9,35,190.0,51,57.0,12.6,9.3,14.0,,1002.8,,,1175,Newport
2006-12-14,9.2,27,210.0,39,25.0,12.1,6.2,23.0,,1005.4,,,1175,Newport
2006-12-15,5.5,14,280.0,22,151.0,9.0,4.9,1.5,,1012.8,,,1175,Newport
2006-12-16,8.8,16,280.0,28,229.0,9.2,5.1,3.1,,1018.1,,,1175,Newport
2006-12-17,5.1,13,270.0,18,96.0,7.9,5.0,4.2,,1019.8,,,1175,Newport
2006-12-18,3.8,7,0.0,9,255.0,9.2,0.5,2.4,,1025.6,,,1175,Newport
2006-12-19,3.8,8,130.0,11,66.0,2.7,-0.5,0.0,,1034.3,,,1175,Newport
2006-12-20,7.1,13,140.0,16,166.0,6.4,0.7,0.0,,1034.9,,,1175,Newport
2006-12-21,10.9,20,210.0,32,79.0,10.6,5.0,0.6,,1035.4,,,1175,Newport
2006-12-22,7.1,12,210.0,21,73.0,9.7,6.3,0.5,,1037.8,,,1175,Newport
2006-12-23,8.6,13,120.0,17,281.0,7.8,3.9,0.1,,1036.6,,,1175,Newport
2006-12-24,10.9,17,120.0,22,246.0,5.9,3.1,0.0,,1033.1,,,1175,Newport
2006-12-25,10.0,15,100.0,23,64.0,6.6,3.1,0.0,,1029.9,,,1175,Newport
2006-12-26,8.1,17,130.0,23,95.0,7.7,5.7,0.0,,1024.8,,,1175,Newport
2006-12-27,7.5,20,130.0,25,134.0,8.4,6.0,0.2,,1018.7,,,1175,Newport
2006-12-28,17.7,26,140.0,38,95.0,11.6,6.7,2.8,,1005.4,,,1175,Newport
2006-12-29,20.1,34,310.0,48,163.0,12.2,6.4,26.6,,983.5,,,1175,Newport
2006-12-30,10.3,21,210.0,38,231.0,9.5,4.8,9.0,,993.3,,,1175,Newport
2006-12-31,19.7,38,200.0,61,114.0,11.3,4.7,13.3,,993.6,,,1175,Newport
2007-01-01,18.0,30,290.0,44,186.0,7.5,4.4,12.3,,1008.4,,,1175,Newport
2007-01-02,16.4,33,280.0,55,117.0,11.7,5.9,2.8,,1019.8,,,1175,Newport
2007-01-03,22.6,35,200.0,52,47.0,13.5,8.0,9.4,,1005.1,,,1175,Newport
2007-01-04,15.1,31,280.0,44,125.0,10.3,8.2,1.0,,1006.9,,,1175,Newport
2007-01-05,13.0,24,270.0,35,280.0,10.8,7.1,2.3,,1006.5,,,1175,Newport
2007-01-06,11.6,22,210.0,31,220.0,10.4,6.6,12.6,,1002.2,,,1175,Newport
2007-01-07,10.0,28,330.0,33,41.0,9.4,4.8,19.8,,992.1,,,1175,Newport
2007-01-08,15.8,31,200.0,45,29.0,11.7,5.1,23.8,,985.8,,,1175,Newport
2007-01-09,11.2,25,210.0,39,190.0,11.4,6.2,1.7,,987.5,,,1175,Newport
2007-01-10,18.9,37,210.0,54,255.0,10.6,4.7,12.8,,1000.7,,,1175,Newport
2007-01-11,23.1,34,260.0,54,217.0,10.9,6.9,3.9,,1001.1,,,1175,Newport
2007-01-12,15.1,24,210.0,39,52.0,11.6,7.6,4.5,,1008.6,,,1175,Newport
2007-01-13,20.4,42,320.0,52,90.0,11.3,4.5,12.4,,1005.1,,,1175,Newport
2007-01-14,18.3,27,200.0,39,190.0,10.6,5.3,1.8,,1014.2,,,1175,Newport
2007-01-15,19.6,32,200.0,46,93.0,10.9,4.7,3.7,,1005.6,,,1175,Newport
2007-01-16,8.7,21,140.0,31,213.0,8.3,0.6,3.8,,1000.8,,,1175,Newport
2007-01-17,14.5,29,210.0,48,253.0,7.9,2.1,19.4,,987.0,,,1175,Newport
2007-01-18,20.8,43,270.0,66,202.0,10.6,3.3,19.4,,983.4,,,1175,Newport
2007-01-19,15.4,36,210.0,56,123.0,12.5,6.9,4.5,,998.8,,,1175,Newport
2007-01-20,15.4,29,250.0,49,191.0,8.4,2.0,13.0,,998.3,,,1175,Newport
2007-01-21,14.9,34,310.0,47,138.0,7.1,2.5,13.6,,1009.0,,,1175,Newport
2007-01-22,11.4,20,0.0,33,379.0,6.6,2.6,1.0,,1025.0,,,1175,Newport
2007-01-23,10.3,25,330.0,33,254.0,7.8,1.8,3.5,,1025.9,,,1175,Newport
2007-01-24,7.5,22,340.0,31,281.0,7.9,4.2,1.3,,1022.3,,,1175,Newport
2007-01-25,5.3,13,330.0,17,378.0,7.6,0.2,0.7,,1028.6,,,1175,Newport
2007-01-26,7.5,18,330.0,23,158.0,8.1,5.2,0.4,,1029.8,,,1175,Newport
2007-01-27,6.2,13,280.0,18,196.0,7.8,4.8,0.1,,1033.7,,,1175,Newport
2007-01-28,10.2,19,290.0,28,203.0,9.9,7.6,0.5,,1031.2,,,1175,Newport
2007-01-29,4.9,10,190.0,13,195.0,8.0,5.6,0.5,,1027.8,,,1175,Newport
2007-01-30,10.7,18,240.0,28,161.0,9.6,5.6,0.2,,1022.0,,,1175,Newport
2007-01-31,8.5,19,230.0,30,107.0,11.1,9.4,2.1,,1020.9,,,1175,Newport
2007-02-01,7.3,14,200.0,23,229.0,11.2,7.9,0.8,,1025.6,,,1175,Newport
2007-02-02,5.9,20,310.0,28,528.0,11.1,1.6,0.8,,1032.4,,,1175,Newport
2007-02-03,4.7,11,100.0,14,552.0,8.3,1.1,0.0,,1035.7,,,1175,Newport
2007-02-04,3.7,13,340.0,14,431.0,9.4,-0.4,0.0,,1029.4,,,1175,Newport
2007-02-05,4.9,14,10.0,17,307.0,7.6,2.3,0.3,,1019.3,,,1175,Newport
2007-02-06,5.3,10,100.0,16,615.0,5.2,-1.5,0.0,,1007.8,,,1175,Newport
2007-02-07,12.9,24,90.0,40,237.0,2.7,-1.1,3.2,,990.7,,,1175,Newport
2007-02-08,19.0,30,110.0,44,182.0,7.2,0.9,14.6,,981.3,,,1175,Newport
2007-02-09,11.7,23,110.0,34,559.0,8.0,2.3,1.2,,991.3,,,1175,Newport
2007-02-10,14.3,19,100.0,28,227.0,6.5,2.3,7.4,,982.8,,,1175,Newport
2007-02-11,6.5,18,240.0,29,448.0,10.7,4.8,11.2,,978.3,,,1175,Newport
2007-02-12,14.5,31,300.0,44,429.0,10.1,5.5,7.4,,987.5,,,1175,Newport
2007-02-13,9.8,19,130.0,27,117.0,8.8,3.2,0.9,,994.4,,,1175,Newport
2007-02-14,11.2,31,170.0,43,342.0,11.3,0.9,0.4,,995.7,,,1175,Newport
2007-02-15,20.3,34,160.0,46,211.0,11.6,6.6,7.2,,988.7,,,1175,Newport
2007-02-16,9.9,31,180.0,47,491.0,11.7,4.6,1.9,,998.9,,,1175,Newport
2007-02-17,4.7,14,330.0,18,710.0,9.5,1.3,0.1,,1012.5,,,1175,Newport
2007-02-18,10.1,22,140.0,30,306.0,7.2,0.8,2.2,,1008.9,,,1175,Newport
2007-02-19,17.5,25,200.0,37,110.0,11.2,7.1,5.1,,991.0,,,1175,Newport
2007-02-20,8.4,23,200.0,37,579.0,12.1,6.0,2.2,,992.4,,,1175,Newport
2007-02-21,10.4,23,140.0,32,135.0,9.8,3.6,4.0,,991.7,,,1175,Newport
2007-02-22,11.3,19,170.0,25,398.0,11.4,7.0,2.0,,985.1,,,1175,Newport
2007-02-23,9.3,17,130.0,22,302.0,10.2,6.8,4.1,,982.4,,,1175,Newport
2007-02-24,5.0,12,280.0,17,483.0,11.1,6.8,1.5,,987.7,,,1175,Newport
2007-02-25,14.9,27,310.0,40,274.0,10.1,7.1,2.1,,1000.6,,,1175,Newport
2007-02-26,5.8,13,290.0,16,343.0,10.1,6.1,5.4,,1008.9,,,1175,Newport
2007-02-27,17.9,28,210.0,43,390.0,12.5,8.4,10.2,,993.0,,,1175,Newport
2007-02-28,19.7,37,290.0,53,361.0,9.4,4.5,11.0,,980.5,,,1175,Newport
2007-03-01,9.7,22,310.0,31,790.0,11.1,2.4,2.0,,993.5,,,1175,Newport
2007-03-02,7.0,13,220.0,22,807.0,11.8,2.6,3.5,,994.5,,,1175,Newport
2007-03-03,6.1,15,230.0,28,898.0,10.9,3.9,2.0,,998.9,,,1175,Newport
2007-03-04,25.6,40,170.0,58,578.0,11.2,3.9,10.2,,988.5,,,1175,Newport
2007-03-05,20.0,32,180.0,47,127.0,11.9,3.5,15.1,,979.5,,,1175,Newport
2007-03-06,12.4,22,280.0,37,869.0,11.0,4.4,3.6,,983.1,,,1175,Newport
2007-03-07,6.9,24,340.0,29,287.0,8.8,4.6,4.6,,1001.3,,,1175,Newport
2007-03-08,12.0,25,190.0,38,363.0,11.7,4.8,2.4,,1010.8,,,1175,Newport
2007-03-09,13.6,24,260.0,41,987.0,10.9,4.6,3.3,,1021.2,,,1175,Newport
2007-03-10,16.0,26,210.0,39,281.0,12.3,9.2,0.0,,1021.2,,,1175,Newport
2007-03-11,9.3,24,190.0,31,239.0,11.6,4.6,6.3,,1013.9,,,1175,Newport
2007-03-12,10.4,17,200.0,26,1171.0,10.9,4.8,2.8,,1015.5,,,1175,Newport
2007-03-13,7.6,15,300.0,22,819.0,13.4,6.7,3.6,,1024.9,,,1175,Newport
2007-03-14,15.0,25,200.0,33,555.0,11.6,8.5,0.0,,1025.8,,,1175,Newport
2007-03-15,13.8,25,300.0,34,1078.0,10.3,4.8,9.2,,1022.7,,,1175,Newport
2007-03-16,14.9,24,280.0,36,163.0,11.1,5.8,2.3,,1023.5,,,1175,Newport
2007-03-17,17.0,36,310.0,46,168.0,10.9,6.2,14.7,,1014.2,,,1175,Newport
2007-03-18,31.4,42,310.0,63,846.0,6.6,1.8,11.4,,1002.6,,,1175,Newport
2007-03-19,27.8,40,340.0,55,1161.0,6.9,2.3,5.7,,1011.3,,,1175,Newport
2007-03-20,8.8,23,0.0,33,996.0,7.3,1.6,1.8,,1023.3,,,1175,Newport
2007-03-21,5.9,12,280.0,18,213.0,10.3,1.4,2.3,,1019.0,,,1175,Newport
2007-03-22,6.1,14,330.0,21,1017.0,12.7,3.2,1.2,,1017.9,,,1175,Newport
2007-03-23,3.5,10,100.0,14,976.0,13.3,2.2,0.3,,1018.7,,,1175,Newport
2007-03-24,6.7,14,90.0,20,885.0,13.4,5.6,0.0,,1020.1,,,1175,Newport
2007-03-25,5.7,12,100.0,18,1315.0,12.2,2.7,0.0,,1021.0,,,1175,Newport
2007-03-26,6.8,12,120.0,17,1200.0,12.5,5.0,0.0,,1017.7,,,1175,Newport
2007-03-27,6.1,18,340.0,21,1290.0,14.6,3.3,0.0,,1015.0,,,1175,Newport
2007-03-28,10.4,22,340.0,28,1484.0,10.7,2.7,1.7,,1017.5,,,1175,Newport
2007-03-29,9.5,22,340.0,31,1382.0,9.2,1.7,0.4,,1016.2,,,1175,Newport
2007-03-30,10.3,18,350.0,24,1218.0,11.7,6.3,0.0,,1020.2,,,1175,Newport
2007-03-31,8.5,16,340.0,19,1390.0,14.6,5.2,0.0,,1028.6,,,1175,Newport
2007-04-01,9.7,16,0.0,20,1583.0,13.6,5.7,0.0,,1032.4,,,1175,Newport
2007-04-02,14.0,23,0.0,27,1579.0,15.7,6.0,0.0,,1031.5,,,1175,Newport
2007-04-03,10.1,20,330.0,23,1134.0,13.8,6.8,0.0,,1028.7,,,1175,Newport
2007-04-04,6.9,18,320.0,21,1773.0,16.7,2.4,0.0,,1026.7,,,1175,Newport
2007-04-05,7.2,14,340.0,17,1749.0,16.8,3.4,0.0,,1023.8,,,1175,Newport
2007-04-06,6.6,17,350.0,20,1754.0,16.0,3.6,0.0,,1024.5,,,1175,Newport
2007-04-07,5.2,9,240.0,13,1826.0,16.9,3.8,0.0,,1025.2,,,1175,Newport
2007-04-08,7.6,14,260.0,20,821.0,14.1,6.0,0.1,,1023.0,,,1175,Newport
2007-04-09,8.1,14,270.0,20,428.0,12.4,9.1,0.0,,1019.7,,,1175,Newport
2007-04-10,7.2,13,220.0,21,904.0,13.8,9.3,0.4,,1019.9,,,1175,Newport
2007-04-11,5.2,12,240.0,18,1093.0,15.4,7.1,0.0,,1020.1,,,1175,Newport
2007-04-12,4.9,12,230.0,17,1783.0,16.4,5.0,0.0,,1019.2,,,1175,Newport
2007-04-13,5.6,16,190.0,20,1852.0,18.1,5.3,0.0,,1017.3,,,1175,Newport
2007-04-14,7.0,16,140.0,21,1526.0,19.2,7.8,0.0,,1018.3,,,1175,Newport
2007-04-15,8.6,18,350.0,22,593.0,13.7,8.3,0.3,,1022.1,,,1175,Newport
2007-04-16,5.9,14,290.0,18,1419.0,14.9,5.5,0.0,,1027.7,,,1175,Newport
2007-04-17,6.1,15,330.0,18,1263.0,14.1,4.6,0.0,,1027.7,,,1175,Newport
2007-04-18,6.0,12,260.0,19,2211.0,15.2,3.0,0.0,,1023.6,,,1175,Newport
2007-04-19,6.3,12,270.0,16,1519.0,16.1,8.5,0.0,,1018.7,,,1175,Newport
2007-04-20,7.4,13,200.0,19,841.0,15.6,6.7,0.0,,1015.0,,,1175,Newport
2007-04-21,10.7,19,200.0,26,526.0,15.0,11.2,16.4,,1010.0,,,1175,Newport
2007-04-22,9.5,17,210.0,24,316.0,13.4,11.1,1.4,,1008.5,,,1175,Newport
2007-04-23,16.6,30,200.0,47,487.0,14.8,11.2,7.9,,1003.8,,,1175,Newport
2007-04-24,8.5,15,340.0,18,2041.0,17.4,9.6,2.9,,1002.5,,,1175,Newport
2007-04-25,13.9,33,320.0,42,1090.0,12.9,4.5,22.6,,1006.2,,,1175,Newport
2007-04-26,5.9,13,330.0,14,2382.0,16.9,3.2,0.0,,1021.3,,,1175,Newport
2007-04-27,7.3,12,90.0,17,1937.0,18.8,5.0,0.0,,1023.2,,,1175,Newport
2007-04-28,9.6,16,110.0,23,1504.0,19.6,10.5,0.0,,1019.8,,,1175,Newport
2007-04-29,10.5,17,110.0,23,752.0,15.7,10.6,0.0,,1015.1,,,1175,Newport
2007-04-30,9.0,16,80.0,24,1877.0,19.5,11.1,1.2,,1012.7,,,1175,Newport
2007-05-01,8.8,17,90.0,25,2350.0,20.7,7.8,0.0,,1011.8,,,1175,Newport
2007-05-02,5.4,10,140.0,15,2421.0,22.0,8.7,0.0,,1015.5,,,1175,Newport
2007-05-03,7.3,17,320.0,21,2319.0,23.6,6.9,0.0,,1017.0,,,1175,Newport
2007-05-04,5.5,11,10.0,15,2286.0,22.7,9.4,0.0,,1015.9,,,1175,Newport
2007-05-05,10.8,21,200.0,30,561.0,14.7,9.5,1.3,,1011.6,,,1175,Newport
2007-05-06,12.9,22,270.0,32,1354.0,13.9,8.5,4.3,,1007.9,,,1175,Newport
2007-05-07,13.4,23,240.0,35,1501.0,13.8,8.8,10.0,,1004.3,,,1175,Newport
2007-05-08,10.3,18,280.0,28,1487.0,14.7,8.8,3.6,,1004.4,,,1175,Newport
2007-05-09,11.1,26,200.0,39,1163.0,13.1,8.3,9.1,,1000.2,,,1175,Newport
2007-05-10,12.7,19,240.0,30,1311.0,13.8,8.5,5.9,,995.6,,,1175,Newport
2007-05-11,5.8,13,110.0,20,898.0,11.8,5.6,7.1,,994.1,,,1175,Newport
2007-05-12,6.4,13,340.0,16,828.0,13.1,7.8,3.1,,996.0,,,1175,Newport
2007-05-13,14.5,26,0.0,33,2104.0,11.9,6.4,0.0,,1003.3,,,1175,Newport
2007-05-14,6.6,15,240.0,25,1492.0,14.1,5.0,6.2,,1007.9,,,1175,Newport
2007-05-15,5.3,14,310.0,21,1130.0,15.9,8.1,0.2,,1008.9,,,1175,Newport
2007-05-16,11.3,22,270.0,33,430.0,14.0,8.9,23.8,,1008.8,,,1175,Newport
2007-05-17,13.1,23,280.0,34,617.0,14.1,12.2,1.0,,1008.5,,,1175,Newport
2007-05-18,19.4,28,210.0,46,1330.0,13.1,8.9,9.5,,998.3,,,1175,Newport
2007-05-19,15.4,25,250.0,40,1966.0,13.2,7.1,3.6,,1002.3,,,1175,Newport
2007-05-20,6.9,13,210.0,21,2410.0,14.8,6.0,3.9,,1012.4,,,1175,Newport
2007-05-21,9.9,20,200.0,29,2594.0,14.3,4.9,4.7,,1015.7,,,1175,Newport
2007-05-22,9.1,15,230.0,23,2250.0,14.4,8.9,1.6,,1016.7,,,1175,Newport
2007-05-23,13.3,18,240.0,28,1605.0,15.8,11.8,2.5,,1018.1,,,1175,Newport
2007-05-24,10.0,21,340.0,26,604.0,13.4,9.3,7.5,,1014.2,,,1175,Newport
2007-05-25,9.8,17,290.0,26,1945.0,13.1,6.4,0.9,,1010.1,,,1175,Newport
2007-05-26,5.9,16,230.0,21,1412.0,13.6,5.7,4.7,,1004.8,,,1175,Newport
2007-05-27,15.2,25,0.0,32,2663.0,12.1,5.9,2.4,,1007.2,,,1175,Newport
2007-05-28,8.8,19,330.0,23,2461.0,13.0,4.0,0.4,,1012.6,,,1175,Newport
2007-05-29,5.9,15,350.0,19,2189.0,15.7,3.6,0.0,,1007.0,,,1175,Newport
2007-05-30,7.1,13,110.0,18,1359.0,15.5,6.0,1.9,,996.7,,,1175,Newport
2007-05-31,4.8,9,250.0,15,1990.0,18.1,9.0,1.8,,1000.2,,,1175,Newport
2007-06-01,11.4,23,140.0,32,1954.0,18.6,9.2,6.3,,1009.6,,,1175,Newport
2007-06-02,12.4,20,160.0,26,507.0,16.4,11.6,13.7,,1012.4,,,1175,Newport
2007-06-03,9.7,16,330.0,21,2671.0,17.3,9.3,0.0,,1021.5,,,1175,Newport
2007-06-04,8.8,16,330.0,20,2642.0,17.3,8.2,0.0,,1027.4,,,1175,Newport
2007-06-05,7.1,12,100.0,17,2238.0,21.8,10.9,0.0,,1023.5,,,1175,Newport
2007-06-06,6.8,17,340.0,20,2075.0,22.8,13.1,0.1,,1020.4,,,1175,Newport
2007-06-07,6.9,16,340.0,18,2633.0,24.1,12.7,0.0,,1019.2,,,1175,Newport
2007-06-08,5.4,11,0.0,13,2806.0,23.6,13.5,0.0,,1017.3,,,1175,Newport
2007-06-09,6.0,13,320.0,17,2166.0,24.7,12.3,0.0,,1015.8,,,1175,Newport
2007-06-10,5.1,9,10.0,13,2449.0,25.1,14.7,0.0,,1013.3,,,1175,Newport
2007-06-11,5.5,16,140.0,25,2059.0,25.8,14.2,16.2,,1011.0,,,1175,Newport
2007-06-12,6.1,11,240.0,16,2063.0,20.5,14.8,4.5,,1007.8,,,1175,Newport
2007-06-13,4.5,11,350.0,16,632.0,17.9,13.7,10.0,,1002.6,,,1175,Newport
2007-06-14,9.3,16,80.0,25,642.0,16.6,11.7,5.0,,999.5,,,1175,Newport
2007-06-15,7.9,16,330.0,24,466.0,12.1,10.0,7.6,,1000.3,,,1175,Newport
2007-06-16,8.0,16,10.0,21,1242.0,14.8,9.6,0.1,,1001.3,,,1175,Newport
2007-06-17,4.8,11,350.0,13,1042.0,16.0,8.6,0.0,,1001.0,,,1175,Newport
2007-06-18,7.7,13,350.0,17,902.0,17.5,10.9,1.3,,1001.3,,,1175,Newport
2007-06-19,11.3,17,110.0,29,582.0,16.7,12.5,13.6,,999.6,,,1175,Newport
2007-06-20,10.2,16,100.0,23,1561.0,19.7,12.7,6.5,,995.0,,,1175,Newport
2007-06-21,11.8,20,340.0,25,1413.0,19.1,13.1,2.5,,1000.3,,,1175,Newport
2007-06-22,13.8,22,340.0,26,1265.0,15.9,12.1,0.0,,1007.5,,,1175,Newport
2007-06-23,9.8,22,320.0,29,678.0,14.0,10.8,1.7,,1007.2,,,1175,Newport
2007-06-24,11.3,22,0.0,30,1948.0,15.9,9.1,5.8,,1006.6,,,1175,Newport
2007-06-25,18.8,29,350.0,38,1816.0,14.2,9.5,0.2,,1012.8,,,1175,Newport
2007-06-26,12.8,19,330.0,24,1472.0,15.8,10.3,0.8,,1011.1,,,1175,Newport
2007-06-27,12.0,21,340.0,27,2623.0,14.8,8.2,1.4,,1006.0,,,1175,Newport
2007-06-28,8.8,19,250.0,28,731.0,15.3,8.9,15.0,,1001.8,,,1175,Newport
2007-06-29,7.5,14,290.0,19,1706.0,16.8,10.6,1.1,,1003.1,,,1175,Newport
2007-06-30,11.2,18,180.0,25,1482.0,20.3,11.5,7.5,,996.5,,,1175,Newport
2007-07-01,7.0,15,320.0,19,969.0,19.2,14.0,12.9,,991.8,,,1175,Newport
2007-07-02,10.3,16,290.0,24,1759.0,17.6,12.2,2.8,,994.6,,,1175,Newport
2007-07-03,12.6,20,270.0,28,1055.0,14.7,11.7,10.3,,995.5,,,1175,Newport
2007-07-04,16.0,26,280.0,41,577.0,15.2,12.4,11.8,,1002.7,,,1175,Newport
2007-07-05,13.9,41,300.0,56,802.0,15.8,11.7,8.2,,1000.5,,,1175,Newport
2007-07-06,15.1,22,290.0,30,1835.0,17.1,12.1,3.4,,1007.2,,,1175,Newport
2007-07-07,7.7,13,220.0,20,2894.0,17.9,9.9,0.0,,1013.5,,,1175,Newport
2007-07-08,6.6,12,220.0,21,2757.0,18.4,9.7,1.6,,1012.8,,,1175,Newport
2007-07-09,16.0,27,310.0,39,496.0,13.5,9.7,38.2,,1010.7,,,1175,Newport
2007-07-10,9.5,24,340.0,29,1795.0,17.8,11.4,0.1,,1013.3,,,1175,Newport
2007-07-11,5.5,10,240.0,15,1096.0,18.0,11.4,3.2,,1011.9,,,1175,Newport
2007-07-12,6.9,13,240.0,18,1613.0,18.3,13.5,0.7,,1008.9,,,1175,Newport
2007-07-13,7.5,19,350.0,22,705.0,15.9,12.9,1.7,,1003.5,,,1175,Newport
2007-07-14,5.8,12,210.0,17,2456.0,18.9,12.5,0.0,,1004.9,,,1175,Newport
2007-07-15,6.3,16,350.0,23,1624.0,21.2,10.8,13.3,,1006.7,,,1175,Newport
2007-07-16,5.0,12,350.0,14,1341.0,19.8,13.1,17.6,,1002.6,,,1175,Newport
2007-07-17,8.4,16,290.0,23,1428.0,18.2,12.6,5.7,,1004.4,,,1175,Newport
2007-07-18,11.1,19,350.0,24,1108.0,18.2,13.0,4.9,,1011.1,,,1175,Newport
2007-07-19,16.3,21,350.0,27,1583.0,16.0,12.6,0.8,,1015.4,,,1175,Newport
2007-07-20,6.1,13,350.0,19,1269.0,21.2,11.4,9.3,,1015.2,,,1175,Newport
2007-07-21,5.5,13,350.0,18,1169.0,18.8,12.0,9.5,,1011.2,,,1175,Newport
2007-07-22,7.1,17,350.0,21,1654.0,19.2,10.5,1.0,,1004.2,,,1175,Newport
2007-07-23,11.1,17,0.0,22,1564.0,17.2,12.2,0.0,,1004.0,,,1175,Newport
2007-07-24,7.8,14,140.0,20,1305.0,18.2,12.1,6.1,,1003.5,,,1175,Newport
2007-07-25,12.0,22,200.0,31,1216.0,17.7,12.0,8.1,,996.8,,,1175,Newport
2007-07-26,10.1,18,260.0,26,2024.0,18.0,11.7,10.4,,995.6,,,1175,Newport
2007-07-27,9.1,16,290.0,22,1974.0,18.6,12.4,0.0,,1005.0,,,1175,Newport
2007-07-28,3.9,10,340.0,13,1178.0,17.5,10.1,0.3,,1012.4,,,1175,Newport
2007-07-29,8.2,17,320.0,23,2042.0,17.8,9.3,0.3,,1018.4,,,1175,Newport
2007-07-30,3.6,9,240.0,13,2610.0,20.0,8.8,0.0,,1020.7,,,1175,Newport
2007-07-31,9.2,14,210.0,22,976.0,17.8,10.9,0.8,,1015.4,,,1175,Newport
2007-08-01,8.9,15,0.0,19,1481.0,19.2,13.3,7.2,,1010.7,,,1175,Newport
2007-08-02,6.3,13,230.0,18,2139.0,19.7,12.3,0.0,,1011.8,,,1175,Newport
2007-08-03,12.5,25,190.0,36,566.0,19.3,14.7,6.1,,1008.2,,,1175,Newport
2007-08-04,12.2,19,200.0,27,885.0,16.9,12.6,2.9,,1008.7,,,1175,Newport
2007-08-05,5.5,11,280.0,16,2066.0,19.7,12.5,1.5,,1006.2,,,1175,Newport
2007-08-06,10.1,24,320.0,29,1183.0,16.4,11.5,11.7,,1009.8,,,1175,Newport
2007-08-07,9.6,19,330.0,25,2094.0,18.4,11.0,0.7,,1017.3,,,1175,Newport
2007-08-08,5.6,12,110.0,17,1343.0,19.9,12.6,0.0,,1018.4,,,1175,Newport
2007-08-09,9.7,17,130.0,21,1037.0,18.5,12.5,6.6,,1014.8,,,1175,Newport
2007-08-10,4.5,11,210.0,19,773.0,17.0,12.8,4.6,,1013.1,,,1175,Newport
2007-08-11,6.4,16,330.0,20,432.0,15.2,11.3,14.4,,1009.5,,,1175,Newport
2007-08-12,8.4,20,330.0,23,1279.0,17.3,11.3,4.9,,1005.7,,,1175,Newport
2007-08-13,7.2,15,300.0,21,2151.0,18.5,11.3,1.4,,1001.3,,,1175,Newport
2007-08-14,11.8,21,0.0,27,497.0,14.6,11.1,7.2,,993.1,,,1175,Newport
2007-08-15,14.1,27,330.0,34,1791.0,15.7,10.8,1.7,,998.8,,,1175,Newport
2007-08-16,12.6,23,320.0,30,1593.0,16.8,11.2,1.2,,1008.7,,,1175,Newport
2007-08-17,9.3,15,130.0,21,535.0,15.2,11.5,5.7,,1005.2,,,1175,Newport
2007-08-18,14.9,28,340.0,36,1118.0,16.4,12.6,4.3,,1005.1,,,1175,Newport
2007-08-19,8.2,18,330.0,24,914.0,16.4,11.5,6.0,,1010.1,,,1175,Newport
2007-08-20,17.6,27,340.0,36,1560.0,16.6,11.3,4.6,,1012.5,,,1175,Newport
2007-08-21,12.5,22,350.0,28,897.0,16.3,10.7,0.0,,1022.8,,,1175,Newport
2007-08-22,10.2,15,0.0,18,1550.0,17.5,12.2,0.0,,1024.2,,,1175,Newport
2007-08-23,5.6,12,0.0,15,1223.0,19.8,11.6,0.0,,1023.3,,,1175,Newport
2007-08-24,7.6,13,240.0,21,1133.0,18.4,14.7,0.0,,1025.4,,,1175,Newport
2007-08-25,9.5,15,340.0,22,716.0,17.7,13.0,1.7,,1027.3,,,1175,Newport
2007-08-26,6.4,14,320.0,16,1124.0,17.9,12.2,0.0,,1030.1,,,1175,Newport
2007-08-27,7.9,15,330.0,18,1416.0,18.6,12.5,0.0,,1027.4,,,1175,Newport
2007-08-28,3.6,13,330.0,16,923.0,17.7,11.0,0.3,,1023.3,,,1175,Newport
2007-08-29,6.1,15,320.0,20,1208.0,19.2,11.8,0.1,,1023.9,,,1175,Newport
2007-08-30,10.5,17,270.0,26,929.0,19.1,14.0,0.7,,1024.9,,,1175,Newport
2007-08-31,12.1,22,280.0,28,548.0,17.4,14.1,0.0,,1022.9,,,1175,Newport
2007-09-01,8.4,15,220.0,22,733.0,17.3,13.8,1.3,,1018.6,,,1175,Newport
2007-09-02,9.6,16,310.0,23,702.0,17.9,13.7,7.4,,1015.7,,,1175,Newport
2007-09-03,6.9,13,320.0,17,1557.0,18.6,12.0,0.0,,1021.8,,,1175,Newport
2007-09-04,5.4,13,240.0,18,523.0,17.8,13.3,4.6,,1026.8,,,1175,Newport
2007-09-05,6.5,11,220.0,16,1478.0,20.0,13.8,0.1,,1029.7,,,1175,Newport
2007-09-06,3.1,6,250.0,9,961.0,20.0,12.8,0.0,,1031.7,,,1175,Newport
2007-09-07,4.4,11,320.0,13,1567.0,21.0,10.8,0.1,,1031.1,,,1175,Newport
2007-09-08,6.7,11,350.0,13,1480.0,19.4,11.2,0.1,,1029.4,,,1175,Newport
2007-09-09,7.2,20,280.0,28,905.0,18.5,9.4,0.2,,1025.4,,,1175,Newport
2007-09-10,10.4,17,320.0,24,733.0,16.8,14.7,0.4,,1024.0,,,1175,Newport
2007-09-11,4.4,10,290.0,14,315.0,17.4,14.6,0.2,,1026.6,,,1175,Newport
2007-09-12,3.3,7,210.0,10,679.0,18.8,14.0,0.0,,1026.8,,,1175,Newport
2007-09-13,8.1,19,340.0,25,858.0,18.2,13.0,7.6,,1020.0,,,1175,Newport
2007-09-14,9.1,16,310.0,25,1072.0,17.2,10.6,0.0,,1019.6,,,1175,Newport
2007-09-15,10.9,19,210.0,27,461.0,17.0,10.7,6.1,,1016.1,,,1175,Newport
2007-09-16,13.8,21,330.0,31,877.0,16.2,10.2,43.0,,1005.2,,,1175,Newport
2007-09-17,12.9,24,350.0,38,1307.0,12.7,6.9,2.3,,1017.5,,,1175,Newport
2007-09-18,8.4,20,210.0,30,483.0,14.4,6.2,11.5,,1018.5,,,1175,Newport
2007-09-19,8.3,16,250.0,28,829.0,16.2,11.8,4.0,,1009.6,,,1175,Newport
2007-09-20,9.1,19,260.0,27,1060.0,16.6,10.7,1.0,,1007.2,,,1175,Newport
2007-09-21,5.4,13,260.0,18,1109.0,17.0,10.3,7.4,,1009.7,,,1175,Newport
2007-09-22,12.3,22,210.0,33,934.0,17.8,10.8,0.1,,1008.8,,,1175,Newport
2007-09-23,9.8,18,200.0,29,868.0,16.4,9.2,6.6,,1001.6,,,1175,Newport
2007-09-24,18.1,26,280.0,43,828.0,14.4,9.9,8.1,,1002.4,,,1175,Newport
2007-09-25,12.9,24,310.0,35,962.0,13.8,8.7,3.8,,1017.8,,,1175,Newport
2007-09-26,6.1,15,0.0,22,666.0,12.3,7.4,0.2,,1028.0,,,1175,Newport
2007-09-27,5.6,9,170.0,14,1374.0,13.0,4.2,0.0,,1024.9,,,1175,Newport
2007-09-28,5.6,11,120.0,17,950.0,15.1,3.8,0.0,,1018.0,,,1175,Newport
2007-09-29,6.4,11,80.0,16,805.0,15.3,10.2,0.0,,1013.7,,,1175,Newport
2007-09-30,4.2,8,10.0,12,356.0,15.3,11.1,1.0,,1016.0,,,1175,Newport
2007-10-01,4.9,9,120.0,12,667.0,16.0,7.6,0.3,,1018.8,,,1175,Newport
2007-10-02,5.2,10,120.0,14,472.0,16.7,12.4,3.6,,1015.2,,,1175,Newport
2007-10-03,8.6,17,290.0,24,702.0,14.9,9.6,8.5,,1011.5,,,1175,Newport
2007-10-04,5.0,12,190.0,16,798.0,16.5,9.4,0.3,,1016.8,,,1175,Newport
2007-10-05,8.6,15,130.0,19,243.0,16.1,11.3,0.0,,1018.7,,,1175,Newport
2007-10-06,3.7,10,350.0,11,428.0,18.0,12.0,0.0,,1020.2,,,1175,Newport
2007-10-07,5.1,10,100.0,14,1008.0,16.5,9.7,0.0,,1020.0,,,1175,Newport
2007-10-08,8.6,15,130.0,20,186.0,15.9,10.0,12.7,,1017.3,,,1175,Newport
2007-10-09,5.5,14,260.0,22,830.0,18.0,11.5,0.6,,1020.8,,,1175,Newport
2007-10-10,7.1,15,200.0,23,551.0,18.3,10.1,0.0,,1024.0,,,1175,Newport
2007-10-11,8.4,15,210.0,25,296.0,16.1,14.4,10.7,,1022.5,,,1175,Newport
2007-10-12,8.1,13,210.0,19,249.0,15.5,13.4,0.0,,1021.2,,,1175,Newport
2007-10-13,9.3,16,160.0,20,264.0,15.6,12.8,0.9,,1016.5,,,1175,Newport
2007-10-14,6.0,13,210.0,19,758.0,16.8,10.6,2.8,,1009.7,,,1175,Newport
2007-10-15,10.6,21,200.0,31,761.0,15.6,10.6,5.6,,1002.7,,,1175,Newport
2007-10-16,7.2,15,280.0,19,921.0,15.5,8.3,1.3,,1008.6,,,1175,Newport
2007-10-17,4.1,13,280.0,20,649.0,15.0,7.9,0.4,,1020.8,,,1175,Newport
2007-10-18,6.4,13,140.0,17,526.0,13.6,7.0,0.0,,1027.8,,,1175,Newport
2007-10-19,9.4,14,130.0,18,492.0,15.1,9.8,0.3,,1028.3,,,1175,Newport
2007-10-20,13.1,18,130.0,25,652.0,15.0,10.6,0.0,,1026.2,,,1175,Newport
2007-10-21,13.9,18,140.0,24,149.0,13.9,11.5,0.0,,1017.9,,,1175,Newport
2007-10-22,6.2,15,120.0,20,303.0,14.6,8.5,10.6,,1012.0,,,1175,Newport
2007-10-23,6.7,15,140.0,23,166.0,13.3,8.2,0.8,,1018.4,,,1175,Newport
2007-10-24,7.2,13,100.0,19,759.0,13.1,6.8,0.1,,1024.0,,,1175,Newport
2007-10-25,10.1,18,160.0,23,618.0,13.1,4.9,0.0,,1018.3,,,1175,Newport
2007-10-26,8.5,20,170.0,28,508.0,15.9,9.0,2.2,,1012.2,,,1175,Newport
2007-10-27,14.2,25,200.0,40,102.0,16.0,9.1,15.9,,1008.2,,,1175,Newport
2007-10-28,10.1,23,260.0,34,433.0,12.1,7.2,9.5,,1003.7,,,1175,Newport
2007-10-29,9.9,18,270.0,27,357.0,12.2,6.4,2.8,,1011.5,,,1175,Newport
2007-10-30,8.9,18,240.0,26,212.0,14.0,9.8,0.2,,1018.9,,,1175,Newport
2007-10-31,13.2,19,210.0,27,235.0,15.4,12.8,0.0,,1021.3,,,1175,Newport
2007-11-01,11.4,18,210.0,28,194.0,15.3,13.8,0.1,,1025.7,,,1175,Newport
2007-11-02,7.6,14,200.0,20,189.0,15.0,13.1,0.0,,1030.4,,,1175,Newport
2007-11-03,3.6,10,350.0,12,226.0,13.5,10.8,2.3,,1029.8,,,1175,Newport
2007-11-04,3.0,10,190.0,15,223.0,13.1,7.4,1.7,,1025.8,,,1175,Newport
2007-11-05,10.5,23,320.0,31,296.0,13.1,9.2,1.9,,1027.6,,,1175,Newport
2007-11-06,7.9,15,280.0,21,365.0,14.0,9.0,0.0,,1032.7,,,1175,Newport
2007-11-07,12.7,23,290.0,36,211.0,14.2,10.8,0.3,,1025.8,,,1175,Newport
2007-11-08,20.2,35,330.0,48,427.0,13.1,8.4,7.1,,1021.4,,,1175,Newport
2007-11-09,10.4,20,340.0,28,381.0,13.2,8.4,0.0,,1029.4,,,1175,Newport
2007-11-10,13.1,20,280.0,29,368.0,13.4,10.9,0.0,,1024.8,,,1175,Newport
2007-11-11,10.4,22,280.0,33,211.0,13.0,4.5,0.8,,1022.5,,,1175,Newport
2007-11-12,6.3,21,310.0,28,200.0,12.2,3.0,4.8,,1022.2,,,1175,Newport
2007-11-13,15.2,23,330.0,31,123.0,11.8,9.7,0.6,,1020.2,,,1175,Newport
2007-11-14,12.0,25,320.0,32,145.0,13.4,10.1,0.2,,1021.8,,,1175,Newport
2007-11-15,3.0,11,350.0,13,181.0,11.4,8.2,0.6,,1022.8,,,1175,Newport
2007-11-16,7.7,21,200.0,29,115.0,12.6,9.4,1.4,,1019.4,,,1175,Newport
2007-11-17,9.9,24,200.0,40,83.0,12.9,6.9,16.0,,1008.2,,,1175,Newport
2007-11-18,10.6,22,0.0,32,140.0,8.7,5.7,15.2,,998.4,,,1175,Newport
2007-11-19,13.9,22,350.0,36,113.0,8.6,6.0,6.2,,997.7,,,1175,Newport
2007-11-20,8.3,12,50.0,20,212.0,9.7,6.7,0.0,,1000.8,,,1175,Newport
2007-11-21,5.3,13,320.0,22,254.0,10.9,5.2,1.1,,1001.2,,,1175,Newport
2007-11-22,9.5,22,0.0,28,212.0,8.4,4.2,3.4,,1011.4,,,1175,Newport
2007-11-23,7.0,21,200.0,32,192.0,8.4,4.1,0.5,,1023.8,,,1175,Newport
2007-11-24,16.1,26,290.0,36,104.0,11.6,8.2,11.5,,1019.5,,,1175,Newport
2007-11-25,6.0,16,310.0,28,122.0,12.4,9.2,0.0,,1025.9,,,1175,Newport
2007-11-26,2.5,9,0.0,12,156.0,11.8,9.5,0.9,,1029.4,,,1175,Newport
2007-11-27,6.7,16,190.0,22,63.0,12.4,9.1,3.7,,1020.6,,,1175,Newport
2007-11-28,9.5,18,280.0,28,248.0,11.3,7.6,15.0,,1006.9,,,1175,Newport
2007-11-29,8.7,20,300.0,28,155.0,12.5,6.0,7.2,,1001.5,,,1175,Newport
2007-11-30,9.0,19,260.0,29,92.0,12.5,5.4,12.3,,992.6,,,1175,Newport
2007-12-01,16.3,34,280.0,46,76.0,9.8,5.0,13.1,,987.8,,,1175,Newport
2007-12-02,13.7,35,270.0,48,72.0,9.6,6.5,17.5,,987.8,,,1175,Newport
2007-12-03,12.7,32,300.0,44,191.0,10.0,5.9,6.3,,1001.5,,,1175,Newport
2007-12-04,21.8,39,200.0,53,45.0,15.8,7.4,1.8,,995.6,,,1175,Newport
2007-12-05,16.6,27,270.0,44,130.0,12.4,8.1,6.1,,994.5,,,1175,Newport
2007-12-06,10.2,26,350.0,36,26.0,13.0,6.7,30.9,,994.2,,,1175,Newport
2007-12-07,15.8,32,300.0,42,195.0,8.4,5.1,13.3,,1000.5,,,1175,Newport
2007-12-08,17.4,32,260.0,46,72.0,11.6,4.5,31.2,,986.9,,,1175,Newport
2007-12-09,23.4,43,330.0,54,100.0,9.2,5.4,14.5,,985.8,,,1175,Newport
2007-12-10,5.2,17,330.0,25,233.0,8.8,4.0,0.5,,1015.2,,,1175,Newport
2007-12-11,12.6,21,140.0,27,118.0,11.1,4.8,0.0,,1020.7,,,1175,Newport
2007-12-12,16.8,25,140.0,34,61.0,11.4,9.8,0.7,,1020.1,,,1175,Newport
2007-12-13,17.3,29,180.0,40,12.0,11.8,8.8,0.9,,1023.5,,,1175,Newport
2007-12-14,14.8,26,160.0,31,124.0,11.2,7.8,0.3,,1024.8,,,1175,Newport
2007-12-15,13.0,20,140.0,27,228.0,8.4,5.3,0.0,,1025.2,,,1175,Newport
2007-12-16,14.0,20,120.0,28,128.0,7.8,5.1,0.0,,1027.0,,,1175,Newport
2007-12-17,8.4,21,120.0,26,305.0,6.2,2.4,0.0,,1029.8,,,1175,Newport
2007-12-18,7.7,17,110.0,23,132.0,5.8,2.0,0.0,,1033.8,,,1175,Newport
2007-12-19,6.6,12,110.0,19,180.0,5.6,2.2,0.0,,1032.9,,,1175,Newport
2007-12-20,10.5,18,100.0,24,77.0,6.7,1.2,0.0,,1025.2,,,1175,Newport
2007-12-21,13.2,20,120.0,27,139.0,6.3,1.6,0.0,,1016.2,,,1175,Newport
2007-12-22,7.8,20,260.0,29,241.0,8.1,1.8,7.7,,1016.2,,,1175,Newport
2007-12-23,17.1,29,190.0,39,55.0,11.5,1.9,5.7,,1012.9,,,1175,Newport
2007-12-24,4.6,16,260.0,23,230.0,9.4,2.1,2.2,,1010.1,,,1175,Newport
2007-12-25,10.2,24,190.0,39,96.0,8.6,1.7,6.0,,1005.9,,,1175,Newport
2007-12-26,18.6,33,200.0,48,101.0,12.1,6.5,3.7,,1006.8,,,1175,Newport
2007-12-27,8.3,35,200.0,48,79.0,11.5,7.8,7.4,,1006.0,,,1175,Newport
2007-12-28,13.6,25,210.0,38,151.0,11.4,3.5,10.6,,997.8,,,1175,Newport
2007-12-29,16.1,32,250.0,52,282.0,10.1,4.7,2.1,,1005.6,,,1175,Newport
2007-12-30,7.6,15,140.0,19,124.0,10.4,5.9,0.3,,1018.4,,,1175,Newport
2007-12-31,9.2,22,330.0,27,126.0,11.4,7.4,9.6,,1016.2,,,1175,Newport
2008-01-01,10.6,18,140.0,23,82.0,11.1,7.3,4.9,,1010.7,,,1175,Newport
2008-01-02,16.8,26,120.0,35,87.0,8.0,4.9,0.0,,1002.5,,,1175,Newport
2008-01-03,13.7,25,90.0,36,303.0,4.9,-1.4,0.0,,1000.4,,,1175,Newport
2008-01-04,8.7,18,250.0,34,111.0,7.5,-3.4,9.0,,988.7,,,1175,Newport
2008-01-05,18.7,30,280.0,53,214.0,8.1,4.4,3.3,,988.6,,,1175,Newport
2008-01-06,9.3,25,350.0,33,184.0,6.2,1.7,10.2,,991.4,,,1175,Newport
2008-01-07,12.4,23,260.0,40,227.0,8.9,3.5,8.0,,997.3,,,1175,Newport
2008-01-08,15.6,43,290.0,65,74.0,7.3,1.2,11.7,,991.2,,,1175,Newport
2008-01-09,11.3,28,280.0,45,150.0,6.7,1.8,6.7,,992.6,,,1175,Newport
2008-01-10,5.7,13,200.0,23,216.0,7.7,2.9,3.8,,988.1,,,1175,Newport
2008-01-11,4.8,14,290.0,20,310.0,6.8,-0.3,1.4,,994.9,,,1175,Newport
2008-01-12,9.3,22,100.0,30,86.0,11.0,2.9,14.3,,991.1,,,1175,Newport
2008-01-13,10.3,19,130.0,25,163.0,9.9,6.2,3.4,,980.0,,,1175,Newport
2008-01-14,9.0,19,280.0,27,200.0,8.8,4.9,4.9,,980.3,,,1175,Newport
2008-01-15,5.8,12,180.0,19,125.0,7.4,4.4,5.0,,974.1,,,1175,Newport
2008-01-16,6.5,15,340.0,21,293.0,8.4,3.8,1.1,,984.7,,,1175,Newport
2008-01-17,13.3,31,290.0,46,200.0,10.1,5.3,11.2,,990.5,,,1175,Newport
2008-01-18,11.6,22,210.0,34,45.0,11.9,5.5,15.8,,996.7,,,1175,Newport
2008-01-19,4.8,12,0.0,15,102.0,8.5,4.1,5.6,,1008.3,,,1175,Newport
2008-01-20,4.3,12,0.0,16,142.0,8.7,6.4,8.9,,1011.1,,,1175,Newport
2008-01-21,9.9,31,290.0,43,192.0,11.1,4.2,23.0,,1004.9,,,1175,Newport
2008-01-22,7.5,17,200.0,23,43.0,11.1,5.8,19.3,,1012.8,,,1175,Newport
2008-01-23,14.5,24,200.0,38,112.0,11.9,4.0,7.6,,1010.0,,,1175,Newport
2008-01-24,16.2,31,270.0,44,245.0,9.6,2.4,2.8,,1017.5,,,1175,Newport
2008-01-25,15.3,22,210.0,36,64.0,10.8,9.1,0.9,,1023.2,,,1175,Newport
2008-01-26,12.4,24,200.0,36,205.0,11.1,9.2,0.8,,1023.6,,,1175,Newport
2008-01-27,8.6,15,210.0,22,209.0,11.7,7.8,0.0,,1026.9,,,1175,Newport
2008-01-28,14.3,21,200.0,30,136.0,12.4,9.1,1.9,,1021.7,,,1175,Newport
2008-01-29,12.1,23,300.0,35,266.0,11.0,4.0,4.6,,1021.3,,,1175,Newport
2008-01-30,14.3,33,210.0,51,232.0,8.9,3.1,5.3,,1012.1,,,1175,Newport
2008-01-31,25.9,39,290.0,56,338.0,8.9,2.7,17.3,,994.8,,,1175,Newport
2008-02-01,9.9,24,310.0,36,212.0,5.9,0.2,7.8,,1002.3,,,1175,Newport
2008-02-02,15.4,32,190.0,48,90.0,9.7,0.9,8.7,,995.9,,,1175,Newport
2008-02-03,8.1,25,180.0,41,81.0,8.7,2.0,19.1,,980.1,,,1175,Newport
2008-02-04,11.9,26,200.0,36,490.0,10.2,3.5,9.5,,982.5,,,1175,Newport
2008-02-05,9.0,25,320.0,34,195.0,6.4,2.5,12.7,,992.2,,,1175,Newport
2008-02-06,10.4,20,140.0,28,454.0,12.0,1.6,2.4,,1013.2,,,1175,Newport
2008-02-07,20.2,31,210.0,41,185.0,14.0,11.1,4.1,,1013.4,,,1175,Newport
2008-02-08,14.9,33,200.0,46,482.0,12.9,8.4,4.3,,1013.5,,,1175,Newport
2008-02-09,14.8,23,180.0,34,210.0,14.1,6.4,0.7,,1019.0,,,1175,Newport
2008-02-10,8.2,13,340.0,17,233.0,8.7,6.5,0.1,,1026.8,,,1175,Newport
2008-02-11,10.7,15,100.0,22,604.0,10.1,4.2,0.0,,1025.2,,,1175,Newport
2008-02-12,7.7,12,130.0,17,752.0,9.5,4.7,0.0,,1029.4,,,1175,Newport
2008-02-13,6.5,12,80.0,17,735.0,13.0,4.8,0.0,,1033.0,,,1175,Newport
2008-02-14,6.8,13,100.0,20,422.0,8.5,3.8,0.0,,1034.4,,,1175,Newport
2008-02-15,5.9,12,100.0,15,172.0,5.4,3.9,0.0,,1035.9,,,1175,Newport
2008-02-16,5.3,10,140.0,15,230.0,6.7,4.1,0.0,,1037.7,,,1175,Newport
2008-02-17,4.1,9,100.0,13,480.0,5.2,0.1,0.0,,1035.8,,,1175,Newport
2008-02-18,6.9,12,110.0,17,595.0,6.6,-0.9,0.0,,1029.0,,,1175,Newport
2008-02-19,7.3,12,130.0,16,636.0,6.0,0.9,0.0,,1018.5,,,1175,Newport
2008-02-20,8.5,15,240.0,25,445.0,9.2,5.0,4.8,,1012.4,,,1175,Newport
2008-02-21,12.9,19,260.0,29,115.0,10.5,8.6,7.5,,1010.7,,,1175,Newport
2008-02-22,14.0,23,260.0,40,278.0,11.0,7.6,10.3,,1013.0,,,1175,Newport
2008-02-23,18.5,25,200.0,39,269.0,11.3,7.6,5.3,,1010.4,,,1175,Newport
2008-02-24,11.4,26,280.0,35,707.0,9.7,3.8,5.6,,1009.6,,,1175,Newport
2008-02-25,18.1,34,180.0,50,194.0,11.7,5.9,4.7,,1001.8,,,1175,Newport
2008-02-26,19.4,30,260.0,45,630.0,9.7,5.5,6.7,,1000.7,,,1175,Newport
2008-02-27,5.4,14,280.0,24,593.0,10.3,4.1,1.0,,1012.7,,,1175,Newport
2008-02-28,5.9,13,230.0,19,679.0,11.7,5.1,2.4,,1014.9,,,1175,Newport
2008-02-29,20.6,38,290.0,55,100.0,11.6,7.6,20.8,,1003.8,,,1175,Newport
2008-03-01,17.8,35,280.0,51,203.0,11.4,6.6,13.1,,1004.7,,,1175,Newport
2008-03-02,17.3,28,300.0,42,625.0,11.0,2.1,7.0,,1007.2,,,1175,Newport
2008-03-03,15.8,34,340.0,43,509.0,6.4,0.6,13.4,,1010.5,,,1175,Newport
2008-03-04,11.5,30,340.0,38,882.0,10.4,4.5,0.1,,1027.7,,,1175,Newport
2008-03-05,10.5,19,240.0,29,398.0,10.8,6.6,0.9,,1028.2,,,1175,Newport
2008-03-06,16.6,30,200.0,43,588.0,11.1,4.2,8.7,,1011.7,,,1175,Newport
2008-03-07,13.6,24,250.0,35,601.0,9.1,4.4,8.2,,1000.4,,,1175,Newport
2008-03-08,15.6,28,200.0,42,658.0,9.5,3.3,17.9,,991.2,,,1175,Newport
2008-03-09,14.4,33,140.0,48,827.0,8.5,2.2,16.3,,972.6,,,1175,Newport
2008-03-10,17.4,39,310.0,53,539.0,8.2,2.3,8.4,,964.9,,,1175,Newport
2008-03-11,18.9,47,270.0,65,536.0,10.1,3.9,6.8,,976.5,,,1175,Newport
2008-03-12,21.7,50,280.0,77,770.0,9.2,3.9,24.2,,990.9,,,1175,Newport
2008-03-13,9.4,22,320.0,33,832.0,9.6,4.0,12.4,,1003.1,,,1175,Newport
2008-03-14,7.2,15,80.0,23,287.0,8.0,2.5,8.9,,1003.7,,,1175,Newport
2008-03-15,10.3,13,100.0,22,138.0,9.2,7.4,13.4,,999.0,,,1175,Newport
2008-03-16,8.8,15,30.0,26,602.0,9.6,6.3,0.3,,1009.3,,,1175,Newport
2008-03-17,8.9,14,90.0,21,1086.0,10.8,3.1,0.0,,1018.8,,,1175,Newport
2008-03-18,5.2,12,330.0,15,1200.0,9.8,0.7,0.0,,1023.6,,,1175,Newport
2008-03-19,5.4,17,330.0,21,706.0,9.7,1.4,0.7,,1026.5,,,1175,Newport
2008-03-20,22.1,38,290.0,63,363.0,11.4,6.3,5.8,,1013.8,,,1175,Newport
2008-03-21,23.3,36,320.0,53,1092.0,9.5,4.4,8.8,,1005.2,,,1175,Newport
2008-03-22,14.9,24,0.0,36,1183.0,7.1,3.0,1.1,,1012.8,,,1175,Newport
2008-03-23,16.9,27,330.0,36,1238.0,9.3,5.7,3.7,,1007.0,,,1175,Newport
2008-03-24,11.4,28,320.0,39,835.0,9.4,4.1,4.4,,1004.4,,,1175,Newport
2008-03-25,7.2,17,320.0,24,982.0,11.5,3.8,5.1,,1003.9,,,1175,Newport
2008-03-26,8.6,20,280.0,29,976.0,8.8,2.7,1.5,,997.7,,,1175,Newport
2008-03-27,9.2,23,130.0,31,1026.0,10.0,0.7,7.6,,989.4,,,1175,Newport
2008-03-28,12.9,28,260.0,38,704.0,10.4,4.6,16.7,,986.3,,,1175,Newport
2008-03-29,14.2,27,280.0,40,742.0,11.0,4.7,8.5,,987.7,,,1175,Newport
2008-03-30,6.1,14,0.0,18,1467.0,12.6,3.0,1.3,,995.0,,,1175,Newport
2008-03-31,11.6,27,190.0,39,568.0,11.3,2.0,0.7,,1004.2,,,1175,Newport
2008-04-01,17.4,28,270.0,41,1056.0,12.4,7.3,3.1,,1010.0,,,1175,Newport
2008-04-02,7.6,16,260.0,24,624.0,13.4,7.2,1.4,,1023.2,,,1175,Newport
2008-04-03,5.2,10,220.0,18,1048.0,14.5,9.5,0.2,,1028.6,,,1175,Newport
2008-04-04,9.3,18,340.0,23,1281.0,15.1,5.9,1.0,,1025.4,,,1175,Newport
2008-04-05,11.7,24,0.0,32,1075.0,9.1,1.9,1.0,,1022.6,,,1175,Newport
2008-04-06,14.1,27,330.0,39,1371.0,8.0,1.1,5.3,,1015.2,,,1175,Newport
2008-04-07,11.4,24,340.0,34,1127.0,7.9,0.9,8.1,,1005.4,,,1175,Newport
2008-04-08,7.4,17,350.0,20,1095.0,10.0,3.4,3.6,,1001.3,,,1175,Newport
2008-04-09,6.1,13,230.0,18,1300.0,11.6,3.3,2.1,,997.3,,,1175,Newport
2008-04-10,9.8,19,270.0,26,1526.0,9.2,3.1,2.2,,989.6,,,1175,Newport
2008-04-11,7.4,18,210.0,26,1067.0,9.8,3.0,5.6,,991.5,,,1175,Newport
2008-04-12,6.9,15,280.0,21,980.0,10.2,3.7,7.9,,999.4,,,1175,Newport
2008-04-13,6.7,16,350.0,20,1512.0,11.3,3.3,0.1,,1010.7,,,1175,Newport
2008-04-14,4.8,12,20.0,17,1316.0,11.6,3.1,0.3,,1019.7,,,1175,Newport
2008-04-15,5.0,11,90.0,17,1921.0,14.7,2.1,0.4,,1019.4,,,1175,Newport
2008-04-16,16.7,27,130.0,38,2012.0,12.5,3.2,0.0,,1012.3,,,1175,Newport
2008-04-17,15.6,21,90.0,31,1130.0,9.4,4.5,0.0,,1005.8,,,1175,Newport
2008-04-18,12.9,21,70.0,31,1465.0,12.2,5.1,0.4,,1001.1,,,1175,Newport
2008-04-19,10.9,17,80.0,26,1339.0,11.9,5.9,0.2,,1001.0,,,1175,Newport
2008-04-20,7.3,11,70.0,19,344.0,9.0,6.4,0.0,,1004.8,,,1175,Newport
2008-04-21,5.9,11,120.0,16,844.0,12.3,7.8,0.0,,1007.3,,,1175,Newport
2008-04-22,10.2,21,140.0,31,662.0,13.0,6.6,1.2,,1003.6,,,1175,Newport
2008-04-23,12.1,23,170.0,31,1431.0,15.3,5.5,0.6,,1005.5,,,1175,Newport
2008-04-24,10.5,17,210.0,27,2344.0,14.0,7.6,1.0,,1009.4,,,1175,Newport
2008-04-25,14.6,26,210.0,38,811.0,15.9,9.0,5.0,,1011.8,,,1175,Newport
2008-04-26,11.8,23,200.0,33,2139.0,14.2,9.4,5.8,,1010.5,,,1175,Newport
2008-04-27,6.2,12,200.0,17,903.0,12.7,7.2,7.6,,1006.8,,,1175,Newport
2008-04-28,6.7,17,320.0,21,1635.0,12.5,4.1,1.3,,998.1,,,1175,Newport
2008-04-29,11.3,23,350.0,28,1517.0,11.6,2.1,1.5,,994.2,,,1175,Newport
2008-04-30,12.3,24,330.0,31,1776.0,11.5,6.0,1.8,,994.1,,,1175,Newport
2008-05-01,6.9,12,230.0,19,2494.0,13.8,5.7,0.8,,1000.2,,,1175,Newport
2008-05-02,8.8,18,150.0,26,1577.0,16.2,5.2,0.9,,1008.3,,,1175,Newport
2008-05-03,17.1,25,140.0,36,888.0,17.9,10.1,3.2,,1006.5,,,1175,Newport
2008-05-04,12.4,22,130.0,27,2339.0,16.8,11.0,0.6,,1010.4,,,1175,Newport
2008-05-05,10.7,18,140.0,23,2532.0,18.8,8.9,0.0,,1019.5,,,1175,Newport
2008-05-06,11.1,20,140.0,27,2067.0,21.0,8.4,0.0,,1017.1,,,1175,Newport
2008-05-07,7.5,15,110.0,19,1833.0,22.5,11.3,0.0,,1013.5,,,1175,Newport
2008-05-08,10.8,25,140.0,34,1520.0,23.3,12.2,0.6,,1007.5,,,1175,Newport
2008-05-09,6.8,14,330.0,18,1662.0,16.6,9.0,1.9,,1010.6,,,1175,Newport
2008-05-10,8.2,16,340.0,21,1472.0,16.1,8.7,0.0,,1017.5,,,1175,Newport
2008-05-11,9.5,15,350.0,19,1881.0,18.5,9.6,0.0,,1018.6,,,1175,Newport
2008-05-12,7.0,13,110.0,19,1627.0,23.2,12.9,0.0,,1016.3,,,1175,Newport
2008-05-13,7.3,13,110.0,20,2454.0,23.0,12.4,0.0,,1017.2,,,1175,Newport
2008-05-14,7.8,12,0.0,16,2326.0,21.2,11.4,0.0,,1015.2,,,1175,Newport
2008-05-15,5.5,14,350.0,16,1842.0,19.6,8.6,0.0,,1010.7,,,1175,Newport
2008-05-16,5.8,15,350.0,19,1955.0,19.7,9.6,0.0,,1007.1,,,1175,Newport
2008-05-17,7.0,12,90.0,18,1573.0,16.9,10.4,0.1,,1008.5,,,1175,Newport
2008-05-18,8.7,14,150.0,19,1022.0,15.8,9.6,0.0,,1012.7,,,1175,Newport
2008-05-19,10.6,17,130.0,25,1762.0,17.0,8.7,3.3,,1012.8,,,1175,Newport
2008-05-20,14.2,20,120.0,29,2182.0,15.6,7.2,0.1,,1011.1,,,1175,Newport
2008-05-21,13.8,18,130.0,26,348.0,13.0,9.8,4.2,,1006.9,,,1175,Newport
2008-05-22,8.8,16,120.0,25,717.0,14.4,10.5,10.6,,1005.2,,,1175,Newport
2008-05-23,8.9,16,70.0,26,1402.0,18.7,9.6,2.3,,1009.2,,,1175,Newport
2008-05-24,9.6,15,60.0,23,1807.0,19.4,10.8,0.0,,1015.1,,,1175,Newport
2008-05-25,12.8,20,20.0,32,2681.0,17.8,7.2,0.0,,1017.8,,,1175,Newport
2008-05-26,12.1,18,10.0,28,2452.0,17.3,11.5,0.0,,1017.3,,,1175,Newport
2008-05-27,7.9,14,350.0,22,1539.0,17.5,8.2,0.0,,1012.3,,,1175,Newport
2008-05-28,3.9,8,250.0,13,1163.0,17.9,9.5,0.0,,1005.3,,,1175,Newport
2008-05-29,4.6,10,160.0,15,1421.0,19.5,9.2,1.2,,1008.7,,,1175,Newport
2008-05-30,5.6,13,340.0,16,1234.0,21.6,10.0,1.2,,1012.8,,,1175,Newport
2008-05-31,6.0,15,350.0,18,2311.0,23.2,12.3,0.2,,1015.0,,,1175,Newport
2008-06-01,4.5,14,350.0,19,2324.0,24.1,11.3,0.0,,1013.8,,,1175,Newport
2008-06-02,5.7,15,240.0,23,1321.0,20.0,10.0,0.0,,1009.0,,,1175,Newport
2008-06-03,11.9,18,170.0,23,2830.0,16.6,10.9,0.1,,1009.9,,,1175,Newport
2008-06-04,9.2,16,120.0,20,2020.0,17.1,9.2,10.2,,1008.8,,,1175,Newport
2008-06-05,4.7,11,340.0,16,1435.0,15.2,8.3,5.4,,1014.2,,,1175,Newport
2008-06-06,6.2,13,260.0,18,1961.0,18.3,8.8,0.1,,1017.2,,,1175,Newport
2008-06-07,6.5,14,170.0,19,1747.0,18.0,7.3,0.3,,1017.9,,,1175,Newport
2008-06-08,5.5,13,260.0,20,2359.0,20.9,13.0,0.1,,1021.4,,,1175,Newport
2008-06-09,9.9,18,240.0,26,1249.0,17.5,13.2,0.5,,1024.2,,,1175,Newport
2008-06-10,7.3,14,280.0,19,1656.0,19.1,11.4,0.1,,1025.7,,,1175,Newport
2008-06-11,7.2,14,0.0,21,633.0,14.1,10.2,2.4,,1023.3,,,1175,Newport
2008-06-12,8.8,18,350.0,26,1424.0,14.5,9.6,0.0,,1022.2,,,1175,Newport
2008-06-13,9.4,16,330.0,22,1983.0,16.0,10.1,0.2,,1019.3,,,1175,Newport
2008-06-14,7.0,18,350.0,22,1407.0,15.7,9.5,3.6,,1015.3,,,1175,Newport
2008-06-15,9.5,19,320.0,25,1763.0,15.0,9.2,0.3,,1012.6,,,1175,Newport
2008-06-16,6.0,13,250.0,19,1129.0,15.2,8.5,0.1,,1009.7,,,1175,Newport
2008-06-17,12.3,20,210.0,31,1738.0,15.8,10.7,6.1,,1002.5,,,1175,Newport
2008-06-18,11.5,18,210.0,28,1812.0,16.3,10.1,1.7,,997.3,,,1175,Newport
2008-06-19,11.7,17,280.0,24,2253.0,17.4,9.8,2.2,,1005.0,,,1175,Newport
2008-06-20,6.5,14,210.0,20,2594.0,17.0,7.3,0.1,,1013.0,,,1175,Newport
2008-06-21,8.1,16,80.0,26,605.0,12.9,9.0,19.9,,1003.1,,,1175,Newport
2008-06-22,15.5,33,320.0,45,1052.0,14.3,10.4,20.1,,1001.2,,,1175,Newport
2008-06-23,4.8,11,70.0,15,2495.0,18.5,9.0,0.2,,1014.5,,,1175,Newport
2008-06-24,14.7,22,130.0,32,496.0,14.0,12.1,6.8,,1004.6,,,1175,Newport
2008-06-25,16.5,23,240.0,37,1840.0,16.4,11.3,19.6,,1001.7,,,1175,Newport
2008-06-26,10.0,23,300.0,31,1411.0,15.5,9.6,3.4,,1008.3,,,1175,Newport
2008-06-27,9.2,16,230.0,25,596.0,15.3,10.2,9.3,,1007.8,,,1175,Newport
2008-06-28,10.9,16,230.0,25,1115.0,17.1,12.5,1.6,,1009.5,,,1175,Newport
2008-06-29,11.6,18,240.0,32,1375.0,16.3,11.3,0.5,,1010.2,,,1175,Newport
2008-06-30,12.1,23,150.0,32,324.0,16.3,12.2,10.9,,1005.6,,,1175,Newport
2008-07-01,16.5,24,170.0,35,1922.0,18.1,13.1,5.4,,995.7,,,1175,Newport
2008-07-02,8.6,19,160.0,25,2488.0,17.7,9.8,7.7,,997.5,,,1175,Newport
2008-07-03,6.0,12,210.0,18,2850.0,18.6,8.6,0.0,,1005.6,,,1175,Newport
2008-07-04,7.9,15,120.0,26,1844.0,18.8,7.7,0.8,,1006.1,,,1175,Newport
2008-07-05,12.6,22,340.0,27,871.0,16.7,12.7,3.1,,1000.9,,,1175,Newport
2008-07-06,15.3,25,350.0,30,1343.0,16.5,12.9,1.2,,997.9,,,1175,Newport
2008-07-07,14.2,20,340.0,26,1308.0,15.7,12.0,0.2,,999.4,,,1175,Newport
2008-07-08,10.0,18,290.0,25,1267.0,16.4,11.1,0.0,,1003.6,,,1175,Newport
2008-07-09,8.2,14,70.0,21,688.0,16.4,12.3,3.8,,1000.9,,,1175,Newport
2008-07-10,14.4,20,0.0,27,1717.0,16.3,13.0,3.4,,1000.1,,,1175,Newport
2008-07-11,13.9,22,330.0,27,1444.0,14.9,11.7,0.1,,1006.9,,,1175,Newport
2008-07-12,7.0,15,330.0,20,1053.0,15.2,9.1,0.7,,1009.7,,,1175,Newport
2008-07-13,5.5,12,220.0,18,831.0,16.7,8.2,0.0,,1011.2,,,1175,Newport
2008-07-14,7.2,14,240.0,22,507.0,16.5,14.2,1.7,,1016.5,,,1175,Newport
2008-07-15,10.7,15,270.0,25,1427.0,17.7,13.1,2.9,,1021.5,,,1175,Newport
2008-07-16,10.7,16,270.0,25,851.0,16.4,12.2,0.6,,1019.2,,,1175,Newport
2008-07-17,9.0,21,300.0,32,960.0,18.0,13.5,1.4,,1011.5,,,1175,Newport
2008-07-18,11.2,18,260.0,25,1010.0,17.7,13.1,2.7,,1005.7,,,1175,Newport
2008-07-19,12.5,21,330.0,33,2423.0,17.1,11.3,0.8,,1010.7,,,1175,Newport
2008-07-20,7.9,14,320.0,22,1899.0,17.6,10.5,0.0,,1021.1,,,1175,Newport
2008-07-21,7.4,14,210.0,22,983.0,17.0,8.9,1.3,,1023.4,,,1175,Newport
2008-07-22,8.7,14,240.0,23,1104.0,18.3,14.2,4.3,,1021.3,,,1175,Newport
2008-07-23,5.2,13,150.0,18,1413.0,20.5,14.1,0.4,,1017.7,,,1175,Newport
2008-07-24,9.5,17,100.0,26,1177.0,23.2,15.3,0.2,,1010.0,,,1175,Newport
2008-07-25,8.4,17,110.0,25,1129.0,20.7,12.4,0.2,,1006.5,,,1175,Newport
2008-07-26,5.1,13,150.0,18,1684.0,21.4,13.0,0.0,,1011.7,,,1175,Newport
2008-07-27,5.8,13,160.0,16,1243.0,20.8,14.0,1.4,,1013.6,,,1175,Newport
2008-07-28,5.2,11,340.0,15,1251.0,23.4,14.6,0.1,,1010.5,,,1175,Newport
2008-07-29,10.2,18,150.0,24,1313.0,21.3,13.0,6.3,,1002.7,,,1175,Newport
2008-07-30,10.8,19,200.0,28,1867.0,20.3,13.0,3.6,,1001.7,,,1175,Newport
2008-07-31,6.5,17,350.0,20,746.0,17.5,12.5,8.1,,1001.7,,,1175,Newport
2008-08-01,8.4,16,260.0,22,1064.0,18.7,14.0,11.6,,1000.5,,,1175,Newport
2008-08-02,8.1,15,220.0,22,1960.0,19.1,13.4,15.6,,1003.8,,,1175,Newport
2008-08-03,7.9,15,210.0,25,1462.0,17.8,12.6,7.4,,1003.1,,,1175,Newport
2008-08-04,6.5,15,330.0,17,1339.0,19.8,12.8,0.0,,1006.1,,,1175,Newport
2008-08-05,8.0,13,80.0,21,663.0,16.2,14.4,1.6,,1004.8,,,1175,Newport
2008-08-06,8.3,21,350.0,25,1110.0,19.2,14.7,1.0,,1002.3,,,1175,Newport
2008-08-07,14.6,28,340.0,35,990.0,16.2,10.4,0.1,,1007.3,,,1175,Newport
2008-08-08,6.5,16,150.0,22,1694.0,19.2,9.9,0.0,,1008.0,,,1175,Newport
2008-08-09,11.9,18,130.0,25,1126.0,18.3,13.6,14.4,,997.6,,,1175,Newport
2008-08-10,11.5,23,300.0,32,876.0,16.9,12.6,14.3,,991.5,,,1175,Newport
2008-08-11,7.5,16,200.0,26,1017.0,18.2,11.6,13.3,,989.5,,,1175,Newport
2008-08-12,9.2,16,320.0,26,694.0,15.4,11.5,5.1,,985.0,,,1175,Newport
2008-08-13,8.7,18,320.0,25,350.0,14.8,11.8,47.6,,994.6,,,1175,Newport
2008-08-14,8.0,14,210.0,20,1429.0,17.3,11.4,5.7,,1005.4,,,1175,Newport
2008-08-15,5.3,14,100.0,23,719.0,16.1,11.2,14.2,,1002.6,,,1175,Newport
2008-08-16,8.3,17,100.0,24,951.0,17.2,11.2,16.0,,992.8,,,1175,Newport
2008-08-17,8.5,20,130.0,27,729.0,16.4,11.7,2.4,,992.6,,,1175,Newport
2008-08-18,10.3,17,340.0,20,537.0,16.1,12.4,6.2,,991.0,,,1175,Newport
2008-08-19,9.9,15,290.0,21,976.0,18.4,13.5,0.5,,999.1,,,1175,Newport
2008-08-20,5.9,10,320.0,14,1575.0,19.6,11.8,0.4,,1004.8,,,1175,Newport
2008-08-21,7.8,16,330.0,21,1643.0,18.0,12.2,0.0,,1011.4,,,1175,Newport
2008-08-22,8.2,13,320.0,19,1182.0,18.6,13.1,0.0,,1015.4,,,1175,Newport
2008-08-23,10.4,18,190.0,27,313.0,17.1,12.2,8.1,,1005.3,,,1175,Newport
2008-08-24,12.7,21,210.0,29,1091.0,17.4,12.8,5.9,,999.1,,,1175,Newport
2008-08-25,12.3,20,200.0,30,1380.0,18.7,13.6,5.7,,1002.4,,,1175,Newport
2008-08-26,11.9,18,200.0,26,185.0,15.5,12.3,9.5,,1010.5,,,1175,Newport
2008-08-27,8.9,14,230.0,21,721.0,17.1,14.5,3.7,,1015.2,,,1175,Newport
2008-08-28,8.8,16,240.0,24,797.0,18.2,14.0,2.0,,1017.0,,,1175,Newport
2008-08-29,4.5,10,230.0,17,762.0,20.8,14.0,0.5,,1014.1,,,1175,Newport
2008-08-30,6.7,17,340.0,22,493.0,18.2,11.1,6.0,,1009.0,,,1175,Newport
2008-08-31,5.9,13,140.0,18,1371.0,17.7,10.4,4.7,,1005.2,,,1175,Newport
2008-09-01,9.4,16,200.0,24,1677.0,16.6,10.1,2.8,,998.3,,,1175,Newport
2008-09-02,10.9,23,320.0,30,1120.0,15.6,9.6,11.5,,993.1,,,1175,Newport
2008-09-03,11.5,31,300.0,40,859.0,15.3,9.0,17.2,,989.3,,,1175,Newport
2008-09-04,5.4,14,320.0,21,1414.0,17.1,9.6,2.3,,992.2,,,1175,Newport
2008-09-05,15.5,24,0.0,33,961.0,15.1,9.7,7.9,,992.2,,,1175,Newport
2008-09-06,13.4,22,0.0,30,1597.0,16.0,10.4,0.4,,1001.1,,,1175,Newport
2008-09-07,3.4,11,350.0,14,599.0,14.7,10.7,0.0,,1008.2,,,1175,Newport
2008-09-08,9.1,16,140.0,22,830.0,16.8,10.3,5.2,,1005.1,,,1175,Newport
2008-09-09,11.0,27,280.0,37,314.0,15.0,10.9,16.3,,995.3,,,1175,Newport
2008-09-10,14.6,24,160.0,33,307.0,16.2,10.7,15.9,,990.7,,,1175,Newport
2008-09-11,11.1,28,300.0,36,726.0,16.0,11.6,8.9,,992.9,,,1175,Newport
2008-09-12,6.0,13,280.0,19,1195.0,18.6,9.1,2.5,,1009.5,,,1175,Newport
2008-09-13,6.7,11,90.0,16,438.0,15.1,8.6,2.7,,1015.0,,,1175,Newport
2008-09-14,4.7,12,100.0,17,268.0,15.7,12.0,23.4,,1018.1,,,1175,Newport
2008-09-15,9.4,16,330.0,21,1001.0,16.2,11.4,0.0,,1021.4,,,1175,Newport
2008-09-16,10.9,20,350.0,26,1404.0,15.1,9.0,0.0,,1022.8,,,1175,Newport
2008-09-17,3.8,7,190.0,11,1499.0,17.1,7.9,0.0,,1021.0,,,1175,Newport
2008-09-18,10.5,20,200.0,29,522.0,15.6,10.6,5.2,,1017.5,,,1175,Newport
2008-09-19,9.2,14,200.0,21,541.0,15.8,13.0,4.5,,1021.1,,,1175,Newport
2008-09-20,7.6,12,210.0,19,1328.0,18.5,11.9,0.0,,1022.9,,,1175,Newport
2008-09-21,8.8,21,350.0,26,566.0,15.6,9.0,0.1,,1025.1,,,1175,Newport
2008-09-22,6.5,12,0.0,16,911.0,14.8,7.2,0.0,,1030.2,,,1175,Newport
2008-09-23,5.1,9,80.0,14,1278.0,16.8,6.5,0.1,,1028.2,,,1175,Newport
2008-09-24,5.0,11,130.0,15,1393.0,16.6,8.1,0.0,,1027.9,,,1175,Newport
2008-09-25,3.9,9,120.0,12,974.0,17.5,9.5,0.0,,1030.0,,,1175,Newport
2008-09-26,5.9,12,240.0,20,1033.0,17.5,9.8,0.0,,1029.3,,,1175,Newport
2008-09-27,7.8,15,350.0,19,299.0,15.4,9.8,0.1,,1027.1,,,1175,Newport
2008-09-28,5.5,13,280.0,20,838.0,15.7,6.6,1.6,,1025.2,,,1175,Newport
2008-09-29,13.4,24,300.0,34,359.0,13.8,10.8,18.5,,1015.8,,,1175,Newport
2008-09-30,18.6,30,300.0,44,369.0,14.5,10.0,22.8,,1002.9,,,1175,Newport
2008-10-01,16.0,28,300.0,42,880.0,12.2,6.7,17.7,,1000.5,,,1175,Newport
2008-10-02,15.1,27,330.0,36,486.0,12.0,6.3,7.2,,1010.3,,,1175,Newport
2008-10-03,6.5,17,200.0,24,695.0,11.7,5.5,0.4,,1014.4,,,1175,Newport
2008-10-04,14.3,22,350.0,30,132.0,14.2,8.3,30.8,,1000.9,,,1175,Newport
2008-10-05,6.6,14,0.0,20,826.0,12.4,6.4,0.0,,999.2,,,1175,Newport
2008-10-06,10.0,19,120.0,24,777.0,17.5,6.9,5.5,,997.2,,,1175,Newport
2008-10-07,8.9,18,280.0,28,778.0,14.8,8.2,16.4,,999.2,,,1175,Newport
2008-10-08,5.9,11,220.0,17,1045.0,16.1,8.4,2.7,,1013.5,,,1175,Newport
2008-10-09,11.8,22,150.0,28,95.0,14.6,9.0,26.3,,1014.9,,,1175,Newport
2008-10-10,11.1,21,200.0,30,136.0,15.1,11.6,18.6,,1012.5,,,1175,Newport
2008-10-11,6.2,15,270.0,23,850.0,16.4,6.7,0.1,,1018.4,,,1175,Newport
2008-10-12,8.5,19,200.0,27,718.0,14.8,6.1,0.1,,1015.0,,,1175,Newport
2008-10-13,8.2,17,210.0,23,756.0,16.3,7.1,2.1,,1011.4,,,1175,Newport
2008-10-14,3.2,11,90.0,16,652.0,14.0,7.7,1.2,,1012.8,,,1175,Newport
2008-10-15,9.0,20,270.0,28,558.0,13.6,7.2,7.6,,1009.8,,,1175,Newport
2008-10-16,8.1,15,290.0,26,584.0,12.8,7.2,2.7,,1014.7,,,1175,Newport
2008-10-17,6.5,14,200.0,22,574.0,12.8,8.2,2.7,,1014.6,,,1175,Newport
2008-10-18,8.8,17,210.0,25,562.0,15.4,10.2,5.1,,1009.6,,,1175,Newport
2008-10-19,19.1,34,200.0,52,434.0,15.5,12.0,1.9,,998.7,,,1175,Newport
2008-10-20,16.6,27,210.0,41,447.0,12.9,5.5,12.0,,993.8,,,1175,Newport
2008-10-21,11.7,21,280.0,33,708.0,11.6,5.4,5.8,,1004.7,,,1175,Newport
2008-10-22,13.2,30,200.0,44,336.0,12.7,6.1,3.8,,1009.5,,,1175,Newport
2008-10-23,22.6,39,200.0,58,184.0,16.3,7.1,10.1,,997.9,,,1175,Newport
2008-10-24,14.5,22,270.0,37,658.0,12.3,5.9,3.8,,1011.8,,,1175,Newport
2008-10-25,17.7,31,210.0,49,58.0,13.8,9.8,18.9,,1010.2,,,1175,Newport
2008-10-26,14.3,24,270.0,36,506.0,11.6,5.3,5.1,,1009.2,,,1175,Newport
2008-10-27,8.9,21,0.0,30,309.0,8.7,4.1,4.7,,1012.3,,,1175,Newport
2008-10-28,11.5,26,340.0,33,605.0,7.3,1.9,5.0,,1014.7,,,1175,Newport
2008-10-29,13.3,32,310.0,43,437.0,10.6,2.5,20.2,,1002.2,,,1175,Newport
2008-10-30,12.3,19,20.0,33,618.0,8.8,4.7,0.8,,1001.6,,,1175,Newport
2008-10-31,8.5,15,350.0,22,453.0,9.6,4.2,2.6,,1014.5,,,1175,Newport
2008-11-01,4.2,9,350.0,12,376.0,9.2,3.3,0.0,,1016.7,,,1175,Newport
2008-11-02,2.3,6,330.0,8,329.0,12.3,5.8,0.0,,1019.7,,,1175,Newport
2008-11-03,1.9,5,180.0,8,256.0,11.3,8.3,0.4,,1019.0,,,1175,Newport
2008-11-04,5.4,10,100.0,14,343.0,10.0,7.7,0.0,,1018.9,,,1175,Newport
2008-11-05,3.6,7,100.0,10,107.0,10.5,7.6,0.0,,1017.3,,,1175,Newport
2008-11-06,9.9,20,140.0,26,159.0,10.9,7.4,8.1,,1004.1,,,1175,Newport
2008-11-07,9.2,21,230.0,37,223.0,8.8,5.5,14.8,,990.7,,,1175,Newport
2008-11-08,11.6,25,190.0,36,100.0,10.8,3.3,14.5,,987.8,,,1175,Newport
2008-11-09,13.8,24,250.0,44,283.0,8.0,3.2,8.7,,989.3,,,1175,Newport
2008-11-10,18.4,26,310.0,49,297.0,10.5,5.0,11.2,,989.6,,,1175,Newport
2008-11-11,16.1,29,300.0,44,328.0,10.6,5.3,9.8,,1003.2,,,1175,Newport
2008-11-12,6.9,15,200.0,21,370.0,11.3,6.6,4.2,,1015.0,,,1175,Newport
2008-11-13,9.4,16,260.0,25,145.0,12.1,10.4,19.4,,1015.4,,,1175,Newport
2008-11-14,13.8,22,210.0,34,140.0,13.1,11.0,4.9,,1015.8,,,1175,Newport
2008-11-15,4.3,13,260.0,20,219.0,11.9,7.8,1.7,,1020.4,,,1175,Newport
2008-11-16,4.9,11,90.0,15,138.0,9.9,7.7,8.1,,1027.7,,,1175,Newport
2008-11-17,15.8,35,320.0,51,101.0,12.2,8.6,9.3,,1020.9,,,1175,Newport
2008-11-18,11.1,19,300.0,28,313.0,11.4,9.1,1.5,,1021.7,,,1175,Newport
2008-11-19,12.3,28,310.0,40,124.0,13.0,8.1,1.6,,1023.0,,,1175,Newport
2008-11-20,13.3,30,290.0,47,123.0,12.5,10.7,3.0,,1020.3,,,1175,Newport
2008-11-21,17.2,27,310.0,44,157.0,11.0,8.6,0.7,,1021.7,,,1175,Newport
2008-11-22,13.3,27,310.0,37,94.0,10.9,9.5,9.6,,1017.0,,,1175,Newport
2008-11-23,29.7,41,320.0,57,154.0,11.1,5.4,10.8,,1003.1,,,1175,Newport
2008-11-24,17.9,45,340.0,57,221.0,9.0,4.9,3.6,,1010.5,,,1175,Newport
2008-11-25,6.9,16,330.0,23,142.0,11.0,5.6,1.2,,1026.4,,,1175,Newport
2008-11-26,10.9,20,210.0,30,162.0,11.1,9.2,2.0,,1019.2,,,1175,Newport
2008-11-27,12.7,25,200.0,39,198.0,10.1,2.7,9.1,,1003.0,,,1175,Newport
2008-11-28,4.5,16,330.0,21,261.0,6.1,0.6,2.1,,994.1,,,1175,Newport
2008-11-29,9.9,23,350.0,31,263.0,6.5,2.2,3.7,,996.7,,,1175,Newport
2008-11-30,7.0,19,350.0,25,230.0,6.2,1.9,1.9,,1003.0,,,1175,Newport
2008-12-01,6.5,22,290.0,30,272.0,8.7,3.1,3.4,,1009.7,,,1175,Newport
2008-12-02,8.1,23,300.0,33,99.0,7.1,2.6,3.0,,1003.2,,,1175,Newport
2008-12-03,7.1,27,200.0,41,158.0,9.0,0.7,10.4,,989.2,,,1175,Newport
2008-12-04,10.0,26,300.0,37,123.0,8.3,4.4,12.6,,972.6,,,1175,Newport
2008-12-05,14.4,29,320.0,43,136.0,9.1,3.6,7.0,,990.2,,,1175,Newport
2008-12-06,3.8,8,350.0,10,250.0,6.6,0.5,0.1,,1013.6,,,1175,Newport
2008-12-07,8.0,18,200.0,24,116.0,9.4,-1.3,1.1,,1018.5,,,1175,Newport
2008-12-08,9.5,20,310.0,27,169.0,9.3,4.0,6.6,,1019.8,,,1175,Newport
2008-12-09,11.5,23,320.0,33,124.0,7.9,4.9,3.2,,1025.8,,,1175,Newport
2008-12-10,1.9,6,280.0,10,112.0,8.5,5.4,0.8,,1019.2,,,1175,Newport
2008-12-11,7.9,27,330.0,33,79.0,8.0,4.8,4.2,,1009.1,,,1175,Newport
2008-12-12,10.3,24,200.0,34,26.0,10.8,4.8,16.1,,995.1,,,1175,Newport
2008-12-13,4.8,16,270.0,24,111.0,4.9,1.0,4.9,,987.2,,,1175,Newport
2008-12-14,5.6,16,340.0,19,276.0,6.7,1.1,0.6,,1002.6,,,1175,Newport
2008-12-15,8.1,17,200.0,23,49.0,10.6,1.4,3.4,,1010.3,,,1175,Newport
2008-12-16,14.6,28,300.0,41,127.0,11.3,5.3,6.6,,1004.7,,,1175,Newport
2008-12-17,12.1,21,250.0,31,43.0,10.5,4.2,4.3,,1006.8,,,1175,Newport
2008-12-18,15.2,26,210.0,39,92.0,10.9,4.3,10.5,,1010.5,,,1175,Newport
2008-12-19,14.7,31,200.0,45,6.0,11.2,4.8,6.2,,1011.4,,,1175,Newport
2008-12-20,9.9,22,210.0,34,31.0,11.3,7.5,10.9,,1017.1,,,1175,Newport
2008-12-21,11.9,21,200.0,34,141.0,11.3,9.4,3.5,,1022.0,,,1175,Newport
2008-12-22,6.6,11,210.0,18,186.0,11.4,5.4,1.8,,1027.1,,,1175,Newport
2008-12-23,4.9,15,200.0,21,49.0,10.0,4.4,0.2,,1028.4,,,1175,Newport
2008-12-24,4.9,10,90.0,13,79.0,8.6,6.7,0.0,,1029.9,,,1175,Newport
2008-12-25,5.4,9,140.0,13,47.0,7.2,6.0,0.0,,1031.3,,,1175,Newport
2008-12-26,5.7,9,80.0,16,61.0,7.1,3.8,0.0,,1034.5,,,1175,Newport
2008-12-27,7.4,16,90.0,22,288.0,5.7,2.1,0.0,,1032.9,,,1175,Newport
2008-12-28,7.8,14,80.0,22,240.0,5.4,2.1,0.0,,1027.6,,,1175,Newport
2008-12-29,10.6,17,110.0,25,210.0,3.8,2.0,0.0,,1023.2,,,1175,Newport
2008-12-30,10.9,18,120.0,24,63.0,5.7,2.2,0.0,,1021.6,,,1175,Newport
2008-12-31,11.1,18,120.0,24,179.0,5.7,3.0,0.0,,1022.3,,,1175,Newport
2009-01-01,10.2,17,90.0,25,141.0,4.0,1.2,0.0,,1024.4,,,1175,Newport
2009-01-02,12.0,17,110.0,25,139.0,4.0,2.0,0.0,,1026.9,,,1175,Newport
2009-01-03,5.2,11,110.0,15,87.0,3.3,-0.1,0.0,,1025.8,,,1175,Newport
2009-01-04,5.1,13,90.0,17,182.0,8.3,2.2,0.2,,1020.5,,,1175,Newport
2009-01-05,6.7,16,130.0,20,208.0,4.5,-0.2,0.0,,1021.9,,,1175,Newport
2009-01-06,3.9,10,100.0,13,338.0,2.8,-2.9,0.0,,1025.1,,,1175,Newport
2009-01-07,2.5,5,0.0,8,228.0,4.8,-3.1,0.0,,1023.4,,,1175,Newport
2009-01-08,8.4,15,130.0,19,133.0,7.0,-0.1,0.0,,1021.9,,,1175,Newport
2009-01-09,14.7,27,160.0,32,296.0,8.1,1.5,0.0,,1016.7,,,1175,Newport
2009-01-10,22.1,28,210.0,46,43.0,11.8,5.1,4.5,,1007.3,,,1175,Newport
2009-01-11,25.9,36,200.0,52,80.0,14.4,10.2,7.4,,996.5,,,1175,Newport
2009-01-12,7.3,24,210.0,34,203.0,10.4,4.6,6.2,,996.8,,,1175,Newport
2009-01-13,3.2,8,340.0,10,256.0,8.7,0.3,0.6,,1003.8,,,1175,Newport
2009-01-14,16.5,27,150.0,41,32.0,11.0,1.8,10.8,,995.7,,,1175,Newport
2009-01-15,15.4,28,200.0,39,161.0,11.2,6.0,0.3,,991.8,,,1175,Newport
2009-01-16,13.0,23,150.0,33,273.0,9.8,6.0,8.3,,993.9,,,1175,Newport
2009-01-17,18.8,47,150.0,64,75.0,8.4,1.4,13.6,,981.5,,,1175,Newport
2009-01-18,13.4,26,250.0,48,111.0,5.8,1.0,12.2,,978.8,,,1175,Newport
2009-01-19,12.5,38,300.0,51,147.0,5.8,0.3,7.6,,970.4,,,1175,Newport
2009-01-20,13.5,27,310.0,42,97.0,6.4,1.4,10.1,,982.0,,,1175,Newport
2009-01-21,9.6,17,120.0,29,86.0,10.0,1.8,14.7,,979.6,,,1175,Newport
2009-01-22,12.5,34,270.0,50,300.0,10.1,2.7,6.9,,972.5,,,1175,Newport
2009-01-23,11.7,27,290.0,38,329.0,7.1,1.8,3.7,,974.8,,,1175,Newport
2009-01-24,11.2,25,120.0,34,272.0,6.0,2.3,2.8,,973.8,,,1175,Newport
2009-01-25,8.5,26,330.0,37,423.0,8.6,3.5,5.3,,974.1,,,1175,Newport
2009-01-26,7.7,28,310.0,38,296.0,9.0,3.5,7.7,,992.6,,,1175,Newport
2009-01-27,2.8,10,220.0,15,308.0,9.8,3.3,0.4,,1002.4,,,1175,Newport
2009-01-28,9.3,21,140.0,28,403.0,11.5,1.9,0.0,,1004.9,,,1175,Newport
2009-01-29,18.9,28,150.0,38,95.0,10.1,5.4,6.8,,997.2,,,1175,Newport
2009-01-30,11.8,18,160.0,28,103.0,10.6,6.2,5.8,,994.4,,,1175,Newport
2009-01-31,5.2,11,100.0,16,228.0,7.8,5.3,4.0,,1000.7,,,1175,Newport
2009-02-01,11.2,23,100.0,32,319.0,6.3,2.4,0.1,,1008.0,,,1175,Newport
2009-02-02,8.9,15,10.0,22,417.0,3.7,-0.3,0.0,,1005.1,,,1175,Newport
2009-02-03,12.3,21,10.0,34,184.0,5.2,-0.1,4.0,,992.0,,,1175,Newport
2009-02-04,12.2,23,10.0,38,529.0,5.5,1.5,1.1,,989.5,,,1175,Newport
2009-02-05,13.8,24,0.0,34,443.0,4.6,0.7,0.7,,995.7,,,1175,Newport
2009-02-06,8.5,20,0.0,30,459.0,5.2,0.7,3.6,,998.3,,,1175,Newport
2009-02-07,5.9,14,20.0,20,518.0,6.6,-0.2,0.6,,1002.2,,,1175,Newport
2009-02-08,8.1,20,300.0,27,457.0,8.6,0.1,5.4,,996.6,,,1175,Newport
2009-02-09,5.0,13,0.0,16,567.0,6.6,-0.6,1.0,,993.5,,,1175,Newport
2009-02-10,4.9,14,0.0,18,604.0,10.2,1.4,6.7,,1003.7,,,1175,Newport
2009-02-11,4.4,11,110.0,15,373.0,9.4,2.1,0.2,,1016.8,,,1175,Newport
2009-02-12,7.2,15,290.0,20,351.0,11.8,4.6,2.6,,1021.3,,,1175,Newport
2009-02-13,3.0,8,210.0,14,399.0,10.9,5.9,0.6,,1021.9,,,1175,Newport
2009-02-14,6.7,14,210.0,19,279.0,11.0,6.2,1.7,,1022.1,,,1175,Newport
2009-02-15,5.6,10,240.0,17,422.0,11.2,7.4,3.8,,1023.7,,,1175,Newport
2009-02-16,5.4,11,250.0,18,275.0,10.4,7.4,0.2,,1023.9,,,1175,Newport
2009-02-17,2.6,8,200.0,12,228.0,9.7,5.4,0.0,,1026.0,,,1175,Newport
2009-02-18,7.0,12,150.0,16,130.0,8.8,6.8,0.3,,1023.0,,,1175,Newport
2009-02-19,5.0,14,330.0,18,446.0,10.1,1.7,1.3,,1026.1,,,1175,Newport
2009-02-20,4.5,10,220.0,16,411.0,9.8,0.4,0.0,,1029.2,,,1175,Newport
2009-02-21,8.0,14,250.0,23,230.0,10.5,7.5,2.2,,1029.2,,,1175,Newport
2009-02-22,8.7,18,300.0,25,316.0,10.0,7.7,2.4,,1028.9,,,1175,Newport
2009-02-23,6.0,19,280.0,25,255.0,11.6,7.6,0.8,,1026.7,,,1175,Newport
2009-02-24,3.4,12,250.0,17,202.0,9.4,6.8,0.0,,1024.8,,,1175,Newport
2009-02-25,9.0,17,310.0,23,761.0,11.9,6.0,1.1,,1023.8,,,1175,Newport
2009-02-26,7.3,15,260.0,23,114.0,9.7,6.3,11.8,,1020.5,,,1175,Newport
2009-02-27,10.5,17,200.0,23,584.0,11.1,7.7,1.0,,1012.8,,,1175,Newport
2009-02-28,8.2,15,200.0,21,239.0,10.4,5.3,2.7,,1004.5,,,1175,Newport
2009-03-01,9.9,20,300.0,28,835.0,10.5,4.2,5.2,,1006.2,,,1175,Newport
2009-03-02,9.9,20,270.0,28,332.0,10.2,4.7,7.4,,1008.8,,,1175,Newport
2009-03-03,9.3,22,290.0,32,384.0,6.7,-0.2,11.6,,991.9,,,1175,Newport
2009-03-04,8.1,20,340.0,26,460.0,4.7,0.1,5.2,,980.6,,,1175,Newport
2009-03-05,8.7,22,290.0,32,771.0,9.6,1.4,3.0,,993.1,,,1175,Newport
2009-03-06,7.6,19,280.0,29,333.0,10.8,2.3,3.7,,1000.9,,,1175,Newport
2009-03-07,12.4,29,210.0,43,177.0,10.1,2.6,11.6,,996.9,,,1175,Newport
2009-03-08,19.4,32,280.0,50,661.0,7.4,1.5,8.6,,997.2,,,1175,Newport
2009-03-09,14.8,31,300.0,44,556.0,9.0,4.6,13.7,,1002.5,,,1175,Newport
2009-03-10,7.1,19,280.0,31,785.0,12.3,6.1,2.3,,1006.1,,,1175,Newport
2009-03-11,11.5,21,200.0,31,263.0,11.2,8.1,13.4,,1012.2,,,1175,Newport
2009-03-12,7.1,16,250.0,25,834.0,13.1,5.0,0.2,,1014.6,,,1175,Newport
2009-03-13,14.5,29,200.0,39,166.0,11.2,5.7,0.6,,1005.9,,,1175,Newport
2009-03-14,13.1,25,260.0,38,565.0,11.4,6.6,1.2,,1011.8,,,1175,Newport
2009-03-15,11.2,20,200.0,26,515.0,10.9,6.9,0.1,,1024.6,,,1175,Newport
2009-03-16,8.5,16,200.0,24,322.0,9.7,7.7,3.9,,1026.8,,,1175,Newport
2009-03-17,10.2,19,130.0,24,1272.0,14.8,8.0,0.0,,1028.0,,,1175,Newport
2009-03-18,8.0,12,90.0,17,1449.0,16.6,5.8,0.0,,1025.8,,,1175,Newport
2009-03-19,8.6,16,130.0,21,1489.0,14.5,2.1,0.0,,1022.8,,,1175,Newport
2009-03-20,9.1,18,120.0,24,1480.0,14.8,5.0,0.0,,1024.5,,,1175,Newport
2009-03-21,9.8,20,340.0,24,1311.0,12.4,8.0,0.0,,1031.6,,,1175,Newport
2009-03-22,9.0,16,260.0,27,821.0,14.1,7.2,0.0,,1031.3,,,1175,Newport
2009-03-23,18.6,30,280.0,45,832.0,10.4,5.3,1.4,,1023.6,,,1175,Newport
2009-03-24,13.5,40,300.0,52,577.0,12.7,4.0,2.9,,1014.6,,,1175,Newport
2009-03-25,18.6,36,300.0,48,613.0,10.6,7.2,6.0,,1005.4,,,1175,Newport
2009-03-26,22.7,31,290.0,49,1183.0,9.8,4.6,12.5,,998.2,,,1175,Newport
2009-03-27,20.6,36,340.0,47,940.0,8.5,4.0,6.5,,998.8,,,1175,Newport
2009-03-28,14.8,33,340.0,43,1151.0,8.1,2.9,0.2,,1007.3,,,1175,Newport
2009-03-29,7.3,15,160.0,19,813.0,12.9,2.9,4.4,,1006.4,,,1175,Newport
2009-03-30,5.7,11,240.0,17,907.0,14.5,7.7,0.4,,1013.9,,,1175,Newport
2009-03-31,6.2,12,240.0,18,878.0,15.0,8.6,0.0,,1017.8,,,1175,Newport
2009-04-01,8.1,16,160.0,22,851.0,14.6,7.8,0.0,,1018.2,,,1175,Newport
2009-04-02,10.5,17,140.0,23,1880.0,15.7,5.8,0.0,,1015.1,,,1175,Newport
2009-04-03,9.4,15,110.0,20,328.0,12.4,6.4,4.8,,1008.6,,,1175,Newport
2009-04-04,12.0,20,320.0,29,1601.0,12.2,6.5,1.7,,1012.8,,,1175,Newport
2009-04-05,11.7,17,170.0,24,950.0,12.7,6.4,0.2,,1011.5,,,1175,Newport
2009-04-06,17.0,27,160.0,35,795.0,11.5,6.1,12.1,,999.0,,,1175,Newport
2009-04-07,13.9,40,330.0,51,691.0,10.4,5.5,15.9,,986.7,,,1175,Newport
2009-04-08,12.0,24,280.0,37,1693.0,13.3,6.4,3.4,,994.9,,,1175,Newport
2009-04-09,9.3,26,160.0,33,548.0,11.5,5.7,9.3,,988.6,,,1175,Newport
2009-04-10,5.3,18,260.0,24,1057.0,11.4,4.1,3.7,,996.1,,,1175,Newport
2009-04-11,7.7,13,210.0,18,1943.0,13.7,3.5,2.0,,1004.9,,,1175,Newport
2009-04-12,8.9,16,140.0,22,1601.0,14.1,1.8,1.6,,1006.8,,,1175,Newport
2009-04-13,8.8,18,130.0,24,1124.0,16.0,7.5,2.0,,1000.7,,,1175,Newport
2009-04-14,9.4,17,100.0,25,1313.0,14.6,6.0,0.0,,1003.4,,,1175,Newport
2009-04-15,9.1,18,340.0,23,327.0,11.8,6.7,0.9,,1006.8,,,1175,Newport
2009-04-16,12.8,22,70.0,33,1622.0,18.5,10.3,0.0,,1006.3,,,1175,Newport
2009-04-17,9.8,15,90.0,24,559.0,12.0,8.3,0.0,,1010.7,,,1175,Newport
2009-04-18,7.2,11,100.0,16,1556.0,16.6,7.9,0.0,,1016.9,,,1175,Newport
2009-04-19,7.3,13,150.0,17,1873.0,16.6,5.0,0.7,,1021.1,,,1175,Newport
2009-04-20,6.8,13,220.0,21,679.0,14.2,9.7,0.8,,1022.9,,,1175,Newport
2009-04-21,6.9,21,330.0,26,1770.0,14.4,6.9,3.3,,1022.6,,,1175,Newport
2009-04-22,12.0,24,160.0,32,555.0,13.7,6.3,6.7,,1017.3,,,1175,Newport
2009-04-23,5.9,12,190.0,16,869.0,13.3,7.6,7.5,,1011.2,,,1175,Newport
2009-04-24,7.7,15,310.0,19,1185.0,11.5,5.6,3.1,,1007.2,,,1175,Newport
2009-04-25,18.8,33,0.0,41,1782.0,11.0,5.8,0.0,,1005.3,,,1175,Newport
2009-04-26,7.7,19,270.0,28,505.0,10.9,5.4,12.2,,1000.0,,,1175,Newport
2009-04-27,8.8,22,320.0,29,1464.0,11.2,4.0,4.0,,994.2,,,1175,Newport
2009-04-28,10.2,18,340.0,24,1179.0,13.8,5.4,0.1,,1001.2,,,1175,Newport
2009-04-29,6.8,15,150.0,21,930.0,14.0,4.8,5.7,,999.2,,,1175,Newport
2009-04-30,8.2,21,160.0,30,2097.0,14.9,7.2,0.0,,1005.5,,,1175,Newport
2009-05-01,13.5,24,150.0,33,1900.0,13.3,7.2,8.2,,1013.4,,,1175,Newport
2009-05-02,9.4,19,290.0,33,2055.0,14.1,5.3,3.7,,1022.7,,,1175,Newport
2009-05-03,11.0,16,250.0,26,1613.0,13.3,4.5,3.2,,1025.8,,,1175,Newport
2009-05-04,13.2,20,270.0,29,307.0,12.0,8.9,15.7,,1021.1,,,1175,Newport
2009-05-05,13.8,18,250.0,30,342.0,11.6,10.0,7.3,,1015.2,,,1175,Newport
2009-05-06,15.2,26,210.0,38,420.0,12.0,7.0,8.2,,1007.5,,,1175,Newport
2009-05-07,19.9,34,200.0,49,902.0,11.4,4.9,6.3,,997.2,,,1175,Newport
2009-05-08,15.1,23,280.0,41,1910.0,12.8,6.6,11.1,,998.4,,,1175,Newport
2009-05-09,9.1,16,250.0,27,2211.0,14.2,5.1,6.0,,1008.0,,,1175,Newport
2009-05-10,6.0,18,350.0,22,1960.0,17.0,3.7,0.1,,1017.2,,,1175,Newport
2009-05-11,10.3,16,120.0,26,2517.0,17.6,8.0,0.0,,1021.8,,,1175,Newport
2009-05-12,11.0,17,100.0,24,2713.0,15.7,6.5,0.0,,1019.5,,,1175,Newport
2009-05-13,9.9,17,130.0,25,1580.0,16.4,5.8,0.4,,1011.9,,,1175,Newport
2009-05-14,5.7,9,0.0,13,340.0,13.4,9.5,8.3,,1005.0,,,1175,Newport
2009-05-15,8.5,17,200.0,23,386.0,11.0,5.7,11.6,,996.8,,,1175,Newport
2009-05-16,10.9,23,160.0,29,996.0,12.1,6.0,11.6,,986.5,,,1175,Newport
2009-05-17,9.8,20,150.0,27,1098.0,11.5,6.1,4.7,,991.3,,,1175,Newport
2009-05-18,4.5,9,340.0,13,810.0,12.7,6.9,0.1,,997.9,,,1175,Newport
2009-05-19,5.5,12,220.0,18,2248.0,16.1,6.4,0.4,,1006.0,,,1175,Newport
2009-05-20,6.3,13,230.0,19,2622.0,15.5,7.5,0.5,,1010.0,,,1175,Newport
2009-05-21,7.1,14,240.0,22,1764.0,15.0,7.1,1.6,,1010.0,,,1175,Newport
2009-05-22,6.6,13,260.0,21,1915.0,17.3,8.8,3.2,,1008.1,,,1175,Newport
2009-05-23,10.4,20,340.0,28,1837.0,15.1,8.7,3.4,,1010.3,,,1175,Newport
2009-05-24,14.5,22,210.0,31,444.0,13.1,10.0,0.0,,1013.7,,,1175,Newport
2009-05-25,8.6,15,270.0,21,1100.0,14.7,7.2,3.7,,1012.7,,,1175,Newport
2009-05-26,11.7,20,270.0,30,2090.0,14.2,7.0,2.6,,1012.8,,,1175,Newport
2009-05-27,11.8,19,260.0,28,379.0,13.6,9.1,5.2,,1013.2,,,1175,Newport
2009-05-28,9.7,15,240.0,24,1298.0,16.3,11.1,0.8,,1024.0,,,1175,Newport
2009-05-29,11.6,23,120.0,30,2307.0,20.7,10.3,0.0,,1022.6,,,1175,Newport
2009-05-30,8.8,17,110.0,23,1803.0,20.7,12.4,0.0,,1020.9,,,1175,Newport
2009-05-31,6.3,13,330.0,16,2317.0,24.9,11.9,0.0,,1024.1,,,1175,Newport
2009-06-01,4.8,13,350.0,16,2740.0,25.1,11.5,0.0,,1024.2,,,1175,Newport
2009-06-02,6.7,16,340.0,20,2445.0,27.0,12.6,0.0,,1024.4,,,1175,Newport
2009-06-03,13.3,21,340.0,27,2857.0,20.0,11.4,0.0,,1021.5,,,1175,Newport
2009-06-04,12.3,19,350.0,24,2701.0,17.8,8.8,0.0,,1016.7,,,1175,Newport
2009-06-05,12.5,20,0.0,30,2162.0,13.4,8.0,0.0,,1011.4,,,1175,Newport
2009-06-06,14.3,23,0.0,33,2458.0,13.4,7.4,2.1,,1006.5,,,1175,Newport
2009-06-07,9.7,17,340.0,21,1754.0,15.3,8.5,0.0,,1004.7,,,1175,Newport
2009-06-08,7.4,12,20.0,20,1862.0,16.9,9.0,0.0,,1006.3,,,1175,Newport
2009-06-09,9.8,15,0.0,19,1222.0,15.6,8.2,0.0,,1008.8,,,1175,Newport
2009-06-10,11.2,17,350.0,22,2159.0,15.6,8.7,0.0,,1011.5,,,1175,Newport
2009-06-11,6.4,19,340.0,23,1863.0,17.1,7.7,0.0,,1015.8,,,1175,Newport
2009-06-12,8.9,14,110.0,20,1085.0,19.3,9.1,2.5,,1013.5,,,1175,Newport
2009-06-13,6.5,17,170.0,24,1397.0,17.3,9.9,3.7,,1011.5,,,1175,Newport
2009-06-14,6.1,11,120.0,15,1826.0,18.3,11.0,10.2,,1012.6,,,1175,Newport
2009-06-15,6.1,12,0.0,17,1812.0,19.6,10.0,7.7,,1013.9,,,1175,Newport
2009-06-16,8.0,18,170.0,26,1676.0,19.2,7.8,13.7,,1012.2,,,1175,Newport
2009-06-17,10.2,19,270.0,27,1977.0,16.3,10.0,7.3,,1007.8,,,1175,Newport
2009-06-18,15.0,26,250.0,39,1813.0,15.2,10.0,5.5,,1011.8,,,1175,Newport
2009-06-19,14.2,21,280.0,29,1610.0,16.2,11.3,0.4,,1018.8,,,1175,Newport
2009-06-20,8.9,17,280.0,26,2382.0,17.8,11.8,0.8,,1023.7,,,1175,Newport
2009-06-21,5.2,12,210.0,17,876.0,17.7,12.8,0.7,,1024.6,,,1175,Newport
2009-06-22,5.3,9,200.0,13,1842.0,21.9,13.3,0.0,,1025.9,,,1175,Newport
2009-06-23,6.0,13,130.0,19,1943.0,25.5,14.1,3.0,,1023.6,,,1175,Newport
2009-06-24,8.5,17,130.0,24,2306.0,23.2,14.3,0.0,,1017.8,,,1175,Newport
2009-06-25,8.1,13,110.0,20,2157.0,22.4,11.6,0.0,,1011.9,,,1175,Newport
2009-06-26,7.4,12,80.0,19,1285.0,21.1,14.6,0.9,,1009.6,,,1175,Newport
2009-06-27,5.5,12,140.0,18,2039.0,23.7,15.6,0.0,,1010.8,,,1175,Newport
2009-06-28,11.0,18,110.0,25,1665.0,21.5,13.1,1.2,,1010.0,,,1175,Newport
2009-06-29,5.3,13,130.0,17,2491.0,22.8,12.6,0.0,,1011.3,,,1175,Newport
2009-06-30,7.9,16,110.0,20,411.0,18.2,13.2,4.7,,1015.2,,,1175,Newport
2009-07-01,4.3,9,0.0,11,981.0,19.9,11.3,2.6,,1016.6,,,1175,Newport
2009-07-02,5.1,11,140.0,30,727.0,21.8,15.5,60.2,,1011.5,,,1175,Newport
2009-07-03,8.2,17,180.0,23,2215.0,20.4,14.1,1.1,,1005.8,,,1175,Newport
2009-07-04,9.0,13,120.0,19,1783.0,20.0,12.6,3.4,,1002.3,,,1175,Newport
2009-07-05,7.2,14,140.0,19,1622.0,21.6,11.6,22.7,,998.7,,,1175,Newport
2009-07-06,10.6,18,330.0,31,759.0,17.2,13.0,25.6,,1001.7,,,1175,Newport
2009-07-07,13.6,21,330.0,27,1770.0,17.8,13.7,1.2,,1009.5,,,1175,Newport
2009-07-08,8.6,18,340.0,23,1326.0,17.2,12.2,0.0,,1015.7,,,1175,Newport
2009-07-09,5.7,12,330.0,15,1204.0,17.8,10.6,0.0,,1016.9,,,1175,Newport
2009-07-10,7.7,13,110.0,19,798.0,15.9,8.2,4.1,,1012.3,,,1175,Newport
2009-07-11,12.1,25,200.0,39,590.0,17.8,14.1,6.0,,997.3,,,1175,Newport
2009-07-12,13.6,25,210.0,36,2318.0,17.9,12.2,4.0,,994.2,,,1175,Newport
2009-07-13,7.6,15,120.0,20,936.0,17.6,11.0,6.0,,997.4,,,1175,Newport
2009-07-14,4.5,11,350.0,14,1291.0,19.3,9.3,4.8,,999.3,,,1175,Newport
2009-07-15,7.7,15,310.0,19,2193.0,20.3,12.7,2.2,,1006.2,,,1175,Newport
2009-07-16,8.1,17,340.0,21,2246.0,18.6,10.3,0.4,,1012.9,,,1175,Newport
2009-07-17,11.6,20,320.0,27,1870.0,17.9,10.6,0.0,,1013.8,,,1175,Newport
2009-07-18,4.0,9,230.0,14,972.0,16.2,11.7,2.0,,1009.2,,,1175,Newport
2009-07-19,8.0,18,280.0,27,2072.0,18.6,11.1,1.9,,1006.4,,,1175,Newport
2009-07-20,8.5,15,230.0,23,1769.0,18.9,11.4,2.0,,1005.1,,,1175,Newport
2009-07-21,8.5,18,70.0,26,989.0,17.2,11.9,5.9,,995.3,,,1175,Newport
2009-07-22,7.9,14,240.0,22,1577.0,18.4,10.8,1.7,,989.8,,,1175,Newport
2009-07-23,4.4,10,350.0,17,523.0,15.2,12.4,25.2,,995.8,,,1175,Newport
2009-07-24,6.3,15,290.0,23,2252.0,19.0,10.3,3.8,,1007.4,,,1175,Newport
2009-07-25,8.9,21,160.0,31,1472.0,20.0,8.4,7.6,,1009.5,,,1175,Newport
2009-07-26,15.0,26,200.0,39,1190.0,17.3,13.1,5.7,,1001.1,,,1175,Newport
2009-07-27,11.2,17,220.0,27,2035.0,16.9,11.4,9.4,,1002.6,,,1175,Newport
2009-07-28,14.7,22,200.0,31,1006.0,16.6,12.2,3.2,,1000.7,,,1175,Newport
2009-07-29,8.4,14,290.0,21,2097.0,18.5,10.1,3.2,,1004.9,,,1175,Newport
2009-07-30,8.5,15,270.0,22,2360.0,17.9,9.1,4.9,,1012.2,,,1175,Newport
2009-07-31,17.7,24,150.0,34,422.0,16.9,12.1,5.2,,1005.5,,,1175,Newport
2009-08-01,15.2,24,210.0,34,904.0,16.6,11.9,6.8,,1001.5,,,1175,Newport
2009-08-02,8.7,17,120.0,24,976.0,16.6,10.8,6.4,,1003.1,,,1175,Newport
2009-08-03,12.3,19,170.0,26,767.0,18.4,13.6,3.2,,998.4,,,1175,Newport
2009-08-04,13.5,23,160.0,32,1313.0,18.2,13.2,0.7,,1000.3,,,1175,Newport
2009-08-05,13.7,21,210.0,31,713.0,16.5,12.8,1.9,,1006.5,,,1175,Newport
2009-08-06,7.5,14,240.0,22,1791.0,18.5,11.2,0.5,,1014.4,,,1175,Newport
2009-08-07,7.5,15,160.0,20,1110.0,17.4,11.2,2.4,,1015.9,,,1175,Newport
2009-08-08,6.9,14,210.0,20,1549.0,19.0,13.1,0.8,,1015.3,,,1175,Newport
2009-08-09,7.5,14,150.0,21,608.0,15.6,12.6,5.3,,1011.0,,,1175,Newport
2009-08-10,7.8,16,350.0,21,1340.0,18.9,14.1,2.2,,1012.0,,,1175,Newport
2009-08-11,7.4,18,230.0,27,469.0,16.4,13.2,13.6,,1018.2,,,1175,Newport
2009-08-12,6.9,14,300.0,20,1228.0,19.0,13.2,1.2,,1017.9,,,1175,Newport
2009-08-13,2.7,6,210.0,9,1114.0,19.2,12.7,0.4,,1016.0,,,1175,Newport
2009-08-14,11.4,19,210.0,28,213.0,16.5,13.1,25.7,,1007.5,,,1175,Newport
2009-08-15,10.4,17,240.0,27,1445.0,17.9,13.2,2.2,,1004.9,,,1175,Newport
2009-08-16,11.8,17,240.0,28,635.0,17.4,13.3,13.3,,1008.3,,,1175,Newport
2009-08-17,8.1,13,240.0,23,1726.0,18.3,13.7,5.6,,1009.8,,,1175,Newport
2009-08-18,10.1,16,150.0,24,774.0,18.6,14.5,8.9,,1005.5,,,1175,Newport
2009-08-19,8.2,16,200.0,21,656.0,17.1,13.1,13.5,,1001.1,,,1175,Newport
2009-08-20,9.3,18,240.0,29,1606.0,17.6,10.9,5.3,,1002.4,,,1175,Newport
2009-08-21,9.3,18,230.0,29,1670.0,17.0,9.7,4.6,,1012.2,,,1175,Newport
2009-08-22,9.3,21,140.0,28,793.0,15.6,9.5,9.9,,1010.3,,,1175,Newport
2009-08-23,8.8,16,210.0,26,641.0,16.2,10.8,23.2,,1001.0,,,1175,Newport
2009-08-24,12.3,19,200.0,29,1159.0,15.9,9.8,7.5,,996.9,,,1175,Newport
2009-08-25,9.6,19,130.0,25,1388.0,17.2,10.6,4.5,,996.6,,,1175,Newport
2009-08-26,11.3,26,350.0,37,855.0,16.0,10.5,10.4,,996.6,,,1175,Newport
2009-08-27,12.3,26,200.0,40,706.0,16.0,9.9,6.3,,1000.4,,,1175,Newport
2009-08-28,14.7,29,300.0,41,955.0,15.5,9.7,13.3,,1009.3,,,1175,Newport
2009-08-29,8.5,14,260.0,22,1515.0,18.0,10.9,2.5,,1014.8,,,1175,Newport
2009-08-30,7.8,16,210.0,25,450.0,16.3,11.6,13.9,,1006.1,,,1175,Newport
2009-08-31,6.6,15,190.0,21,823.0,16.3,10.9,16.5,,996.1,,,1175,Newport
2009-09-01,10.3,18,250.0,26,1202.0,17.0,10.5,8.4,,996.3,,,1175,Newport
2009-09-02,7.4,15,300.0,25,696.0,15.8,11.3,5.5,,997.3,,,1175,Newport
2009-09-03,14.6,21,290.0,32,1285.0,15.1,10.7,14.9,,999.3,,,1175,Newport
2009-09-04,14.2,23,290.0,34,1158.0,15.0,10.3,5.2,,1008.5,,,1175,Newport
2009-09-05,11.1,17,230.0,27,714.0,15.7,11.8,0.5,,1014.8,,,1175,Newport
2009-09-06,11.3,18,220.0,28,243.0,15.8,11.3,10.7,,1008.5,,,1175,Newport
2009-09-07,10.0,24,160.0,33,688.0,17.1,11.2,10.9,,1004.7,,,1175,Newport
2009-09-08,13.3,24,200.0,35,666.0,18.1,9.3,8.4,,1008.9,,,1175,Newport
2009-09-09,6.4,11,210.0,18,1694.0,17.7,9.4,0.0,,1027.7,,,1175,Newport
2009-09-10,4.1,11,340.0,15,1356.0,19.6,8.7,0.0,,1036.1,,,1175,Newport
2009-09-11,4.7,9,110.0,12,1760.0,20.4,8.7,0.0,,1035.0,,,1175,Newport
2009-09-12,5.7,12,330.0,14,1625.0,21.0,8.4,0.1,,1030.6,,,1175,Newport
2009-09-13,4.8,10,350.0,12,1662.0,22.6,8.3,0.0,,1028.4,,,1175,Newport
2009-09-14,5.4,11,350.0,14,1355.0,19.6,11.2,0.0,,1028.3,,,1175,Newport
2009-09-15,10.9,17,0.0,20,797.0,15.4,11.6,0.6,,1028.3,,,1175,Newport
2009-09-16,8.0,14,350.0,19,1145.0,15.6,9.6,0.0,,1027.2,,,1175,Newport
2009-09-17,3.6,11,120.0,14,1011.0,17.5,7.8,0.0,,1021.6,,,1175,Newport
2009-09-18,7.9,14,150.0,19,635.0,16.3,9.4,0.0,,1013.7,,,1175,Newport
2009-09-19,8.5,15,270.0,22,1092.0,15.6,8.4,0.7,,1013.9,,,1175,Newport
2009-09-20,10.5,19,210.0,27,789.0,16.7,7.8,3.0,,1018.8,,,1175,Newport
2009-09-21,15.8,25,210.0,37,208.0,15.5,12.6,8.8,,1014.7,,,1175,Newport
2009-09-22,10.0,19,230.0,36,809.0,16.1,10.8,2.7,,1016.0,,,1175,Newport
2009-09-23,9.5,16,260.0,24,936.0,16.5,10.3,0.9,,1020.9,,,1175,Newport
2009-09-24,8.0,13,210.0,21,584.0,15.3,10.6,0.0,,1022.8,,,1175,Newport
2009-09-25,8.5,14,270.0,22,489.0,15.4,12.9,0.0,,1023.0,,,1175,Newport
2009-09-26,7.0,13,220.0,19,690.0,17.4,13.0,1.2,,1024.8,,,1175,Newport
2009-09-27,7.3,12,230.0,21,250.0,14.5,13.4,1.8,,1025.4,,,1175,Newport
2009-09-28,9.7,18,270.0,23,290.0,14.9,12.8,1.3,,1025.2,,,1175,Newport
2009-09-29,6.6,13,300.0,19,186.0,14.9,11.4,0.3,,1022.6,,,1175,Newport
2009-09-30,6.3,13,350.0,19,580.0,16.1,10.6,1.2,,1019.8,,,1175,Newport
2009-10-01,4.6,12,320.0,16,471.0,13.8,8.7,0.0,,1020.8,,,1175,Newport
2009-10-02,11.2,21,240.0,34,360.0,15.0,10.5,5.1,,1013.7,,,1175,Newport
2009-10-03,16.5,27,290.0,39,800.0,14.3,8.9,4.6,,1004.3,,,1175,Newport
2009-10-04,5.7,13,280.0,18,875.0,15.6,7.6,1.5,,1008.2,,,1175,Newport
2009-10-05,6.7,13,160.0,16,391.0,15.5,8.6,0.0,,1003.8,,,1175,Newport
2009-10-06,9.6,22,350.0,28,830.0,12.6,7.0,0.4,,1002.9,,,1175,Newport
2009-10-07,4.4,14,320.0,17,460.0,13.1,5.3,0.0,,1010.5,,,1175,Newport
2009-10-08,5.3,14,140.0,20,793.0,15.2,5.0,0.0,,1014.6,,,1175,Newport
2009-10-09,10.8,23,140.0,30,294.0,14.9,8.9,2.8,,1006.7,,,1175,Newport
2009-10-10,5.9,13,260.0,20,670.0,15.5,10.9,0.6,,1010.3,,,1175,Newport
2009-10-11,8.8,23,340.0,27,1017.0,13.5,8.6,5.2,,1017.7,,,1175,Newport
2009-10-12,3.6,8,100.0,11,611.0,15.0,5.6,1.0,,1025.7,,,1175,Newport
2009-10-13,4.8,10,230.0,15,547.0,17.7,12.3,0.7,,1026.2,,,1175,Newport
2009-10-14,3.5,8,90.0,10,731.0,18.2,10.5,0.1,,1027.4,,,1175,Newport
2009-10-15,5.4,13,350.0,16,785.0,16.3,8.9,0.0,,1032.1,,,1175,Newport
2009-10-16,4.4,8,0.0,11,504.0,15.4,7.9,0.0,,1034.2,,,1175,Newport
2009-10-17,5.2,10,150.0,14,827.0,13.7,7.4,0.2,,1026.9,,,1175,Newport
2009-10-18,8.7,16,350.0,20,175.0,12.9,9.1,9.2,,1014.8,,,1175,Newport
2009-10-19,12.7,23,130.0,38,123.0,12.4,9.1,4.3,,996.0,,,1175,Newport
2009-10-20,11.2,24,130.0,33,648.0,15.2,7.7,3.5,,981.9,,,1175,Newport
2009-10-21,15.0,22,120.0,31,455.0,14.8,7.9,3.3,,980.9,,,1175,Newport
2009-10-22,5.9,14,100.0,23,559.0,16.7,8.4,0.2,,988.3,,,1175,Newport
2009-10-23,5.9,13,100.0,18,612.0,15.5,8.2,0.6,,997.2,,,1175,Newport
2009-10-24,18.8,32,260.0,47,103.0,14.4,11.9,25.6,,987.9,,,1175,Newport
2009-10-25,13.7,21,290.0,31,549.0,14.2,10.3,7.0,,1004.1,,,1175,Newport
2009-10-26,7.6,14,110.0,21,396.0,13.2,10.1,12.6,,1010.3,,,1175,Newport
2009-10-27,14.2,21,140.0,29,99.0,15.2,12.7,8.5,,1003.2,,,1175,Newport
2009-10-28,10.0,17,210.0,24,253.0,16.5,11.9,0.0,,1006.3,,,1175,Newport
2009-10-29,15.3,22,150.0,29,208.0,16.6,12.3,0.4,,1007.5,,,1175,Newport
2009-10-30,14.6,27,140.0,39,151.0,15.9,13.3,10.5,,1003.8,,,1175,Newport
2009-10-31,13.3,22,210.0,35,501.0,15.6,10.3,3.2,,1007.8,,,1175,Newport
2009-11-01,10.6,20,310.0,32,498.0,12.1,8.1,17.1,,998.7,,,1175,Newport
2009-11-02,10.0,21,280.0,32,198.0,11.4,7.0,20.0,,990.4,,,1175,Newport
2009-11-03,15.0,24,270.0,38,313.0,11.5,7.0,13.1,,980.9,,,1175,Newport
2009-11-04,24.3,34,300.0,53,264.0,11.3,7.6,15.0,,983.7,,,1175,Newport
2009-11-05,18.8,32,310.0,49,149.0,9.9,7.1,10.4,,995.4,,,1175,Newport
2009-11-06,12.1,25,270.0,43,388.0,11.2,4.7,22.8,,993.3,,,1175,Newport
2009-11-07,17.2,29,330.0,38,287.0,10.5,5.6,14.0,,991.6,,,1175,Newport
2009-11-08,7.3,25,330.0,33,388.0,12.4,6.2,0.0,,1008.2,,,1175,Newport
2009-11-09,9.4,21,340.0,26,67.0,10.2,6.5,11.2,,1011.6,,,1175,Newport
2009-11-10,5.7,16,0.0,20,366.0,11.7,3.8,0.6,,1009.2,,,1175,Newport
2009-11-11,8.5,18,120.0,25,163.0,8.5,2.0,8.2,,996.8,,,1175,Newport
2009-11-12,11.4,24,200.0,39,168.0,9.6,6.2,12.7,,982.8,,,1175,Newport
2009-11-13,9.5,17,210.0,29,372.0,10.8,6.9,1.4,,981.6,,,1175,Newport
2009-11-14,9.3,18,350.0,28,436.0,11.1,5.6,6.2,,981.0,,,1175,Newport
2009-11-15,9.3,17,160.0,22,159.0,11.4,6.0,3.5,,989.5,,,1175,Newport
2009-11-16,9.7,22,290.0,29,133.0,10.1,6.8,14.9,,988.4,,,1175,Newport
2009-11-17,6.7,24,280.0,45,181.0,9.8,5.0,19.9,,993.5,,,1175,Newport
2009-11-18,15.7,33,210.0,47,19.0,13.5,5.1,11.5,,991.1,,,1175,Newport
2009-11-19,11.5,28,200.0,42,44.0,13.5,10.1,16.0,,985.7,,,1175,Newport
2009-11-20,9.3,21,270.0,34,395.0,11.9,6.4,2.0,,996.3,,,1175,Newport
2009-11-21,19.4,31,200.0,45,212.0,12.6,7.2,14.2,,991.4,,,1175,Newport
2009-11-22,24.4,35,190.0,51,112.0,10.6,6.8,18.4,,981.6,,,1175,Newport
2009-11-23,11.4,23,260.0,37,241.0,11.1,7.6,1.3,,992.0,,,1175,Newport
2009-11-24,19.2,35,210.0,50,58.0,13.0,5.7,19.6,,987.2,,,1175,Newport
2009-11-25,18.3,37,210.0,57,212.0,9.4,5.1,16.0,,980.8,,,1175,Newport
2009-11-26,8.6,16,290.0,28,172.0,8.1,4.9,8.2,,989.0,,,1175,Newport
2009-11-27,4.8,14,310.0,22,94.0,7.1,1.8,11.3,,991.1,,,1175,Newport
2009-11-28,3.4,12,0.0,15,320.0,6.2,-0.9,0.0,,988.6,,,1175,Newport
2009-11-29,12.1,19,0.0,31,289.0,8.1,1.9,1.3,,996.7,,,1175,Newport
2009-11-30,4.7,15,350.0,21,303.0,8.3,0.9,0.9,,1007.4,,,1175,Newport
2009-12-01,11.5,22,150.0,30,78.0,10.1,2.1,6.7,,996.9,,,1175,Newport
2009-12-02,9.1,26,320.0,39,258.0,10.3,5.5,5.2,,990.1,,,1175,Newport
2009-12-03,13.7,25,300.0,35,230.0,7.2,2.7,6.9,,999.7,,,1175,Newport
2009-12-04,7.1,18,140.0,25,63.0,10.6,1.9,3.3,,995.0,,,1175,Newport
2009-12-05,11.7,27,200.0,37,62.0,10.7,4.7,8.2,,979.8,,,1175,Newport
2009-12-06,17.0,25,200.0,45,184.0,9.7,5.3,5.2,,979.1,,,1175,Newport
2009-12-07,7.7,16,200.0,23,209.0,8.5,3.2,12.8,,988.4,,,1175,Newport
2009-12-08,15.7,25,200.0,40,105.0,12.0,5.9,2.6,,993.8,,,1175,Newport
2009-12-09,7.5,26,200.0,37,227.0,10.7,4.5,12.4,,1006.2,,,1175,Newport
2009-12-10,7.6,24,110.0,29,302.0,8.9,4.3,0.1,,1019.3,,,1175,Newport
2009-12-11,10.6,17,110.0,27,136.0,9.8,6.5,7.4,,1024.8,,,1175,Newport
2009-12-12,9.2,17,110.0,28,270.0,7.6,2.7,0.0,,1029.2,,,1175,Newport
2009-12-13,4.5,12,110.0,15,288.0,6.8,0.2,0.0,,1030.4,,,1175,Newport
2009-12-14,4.1,14,0.0,17,67.0,8.4,-0.6,2.4,,1025.4,,,1175,Newport
2009-12-15,7.4,18,20.0,28,266.0,8.8,3.6,1.0,,1020.4,,,1175,Newport
2009-12-16,7.7,17,350.0,21,106.0,8.3,3.4,1.7,,1016.2,,,1175,Newport
2009-12-17,7.4,13,20.0,22,202.0,7.9,2.9,0.1,,1017.8,,,1175,Newport
2009-12-18,3.8,9,260.0,11,123.0,3.4,0.7,0.1,,1022.2,,,1175,Newport
2009-12-19,8.1,23,320.0,33,156.0,7.4,0.4,4.6,,1012.6,,,1175,Newport
2009-12-20,6.3,17,330.0,25,146.0,3.9,-0.3,3.3,,997.9,,,1175,Newport
2009-12-21,5.8,14,330.0,19,299.0,5.9,1.0,2.2,,986.6,,,1175,Newport
2009-12-22,5.1,15,330.0,19,188.0,5.3,0.4,0.5,,983.5,,,1175,Newport
2009-12-23,2.6,5,0.0,8,268.0,4.1,-2.7,0.0,,984.0,,,1175,Newport
2009-12-24,2.7,6,340.0,8,291.0,3.6,-4.8,0.1,,987.8,,,1175,Newport
2009-12-25,9.5,19,110.0,26,74.0,3.1,-2.3,4.3,,989.5,,,1175,Newport
2009-12-26,8.4,26,320.0,38,113.0,6.6,1.7,14.0,,986.4,,,1175,Newport
2009-12-27,8.9,30,320.0,43,206.0,7.9,-0.6,3.1,,994.7,,,1175,Newport
2009-12-28,5.9,13,60.0,22,155.0,3.6,-2.3,0.1,,999.2,,,1175,Newport
2009-12-29,14.4,19,30.0,34,101.0,4.7,2.9,1.0,,994.8,,,1175,Newport
2009-12-30,19.4,30,40.0,51,61.0,3.8,2.1,11.2,,996.5,,,1175,Newport
2009-12-31,14.4,26,30.0,49,171.0,4.3,0.6,0.6,,1004.8,,,1175,Newport
2010-01-01,4.9,12,350.0,16,272.0,2.5,-2.6,0.1,,1010.5,,,1175,Newport
2010-01-02,5.2,13,60.0,20,228.0,6.2,-2.5,1.0,,1017.2,,,1175,Newport
2010-01-03,10.3,16,60.0,26,271.0,2.9,0.3,0.0,,1022.3,,,1175,Newport
2010-01-04,3.6,10,350.0,13,172.0,4.1,-3.1,2.9,,1017.6,,,1175,Newport
2010-01-05,10.1,20,340.0,29,123.0,3.3,-0.4,8.3,,1008.7,,,1175,Newport
2010-01-06,7.7,18,30.0,29,281.0,3.0,-2.2,1.1,,1012.3,,,1175,Newport
2010-01-07,3.4,9,90.0,15,227.0,3.9,-1.5,1.2,,1015.4,,,1175,Newport
2010-01-08,3.6,10,90.0,14,329.0,3.2,-4.0,0.0,,1024.0,,,1175,Newport
2010-01-09,3.4,8,350.0,12,277.0,3.4,-6.5,0.1,,1028.9,,,1175,Newport
2010-01-10,9.9,14,30.0,23,150.0,3.0,-1.0,0.2,,1023.3,,,1175,Newport
2010-01-11,10.2,15,110.0,22,91.0,2.4,1.0,2.1,,1012.1,,,1175,Newport
2010-01-12,20.2,31,110.0,45,30.0,4.0,0.7,11.7,,996.4,,,1175,Newport
2010-01-13,9.9,16,100.0,24,135.0,3.6,1.2,2.0,,991.8,,,1175,Newport
2010-01-14,7.4,23,140.0,35,202.0,6.2,-1.4,2.1,,995.5,,,1175,Newport
2010-01-15,14.7,28,140.0,38,90.0,11.4,6.0,7.6,,989.7,,,1175,Newport
2010-01-16,11.7,28,210.0,40,307.0,11.4,4.1,4.5,,990.3,,,1175,Newport
2010-01-17,9.4,17,280.0,25,344.0,10.5,4.7,0.9,,1006.1,,,1175,Newport
2010-01-18,6.0,14,240.0,23,247.0,11.2,5.0,1.4,,1015.4,,,1175,Newport
2010-01-19,16.0,28,120.0,38,57.0,7.0,3.9,4.1,,1007.0,,,1175,Newport
2010-01-20,4.2,12,120.0,18,378.0,10.0,1.9,0.3,,1003.5,,,1175,Newport
2010-01-21,15.1,26,140.0,39,62.0,10.0,2.9,5.7,,999.9,,,1175,Newport
2010-01-22,3.4,8,220.0,14,424.0,10.7,0.9,0.4,,1011.2,,,1175,Newport
2010-01-23,3.1,6,340.0,7,432.0,8.4,-0.8,0.1,,1021.5,,,1175,Newport
2010-01-24,2.1,5,340.0,7,155.0,3.9,-1.3,0.7,,1024.1,,,1175,Newport
2010-01-25,7.9,12,120.0,18,307.0,5.5,2.7,0.1,,1030.6,,,1175,Newport
2010-01-26,4.5,10,240.0,15,200.0,8.1,0.8,0.0,,1037.2,,,1175,Newport
2010-01-27,10.4,24,310.0,33,137.0,10.5,6.5,4.0,,1032.4,,,1175,Newport
2010-01-28,11.8,31,290.0,48,181.0,9.0,6.0,10.8,,1011.3,,,1175,Newport
2010-01-29,16.7,32,340.0,43,367.0,8.4,2.4,4.7,,1000.3,,,1175,Newport
2010-01-30,2.7,11,10.0,16,351.0,6.2,-0.1,0.3,,1004.0,,,1175,Newport
2010-01-31,4.4,14,330.0,23,336.0,5.3,-0.1,2.0,,1008.8,,,1175,Newport
2010-02-01,4.0,11,260.0,18,221.0,7.6,-0.1,2.0,,1009.7,,,1175,Newport
2010-02-02,9.8,19,310.0,27,334.0,9.7,5.2,7.4,,1004.0,,,1175,Newport
2010-02-03,8.1,16,100.0,23,298.0,9.4,2.5,6.2,,1001.1,,,1175,Newport
2010-02-04,10.6,20,110.0,30,119.0,9.1,2.7,3.0,,989.7,,,1175,Newport
2010-02-05,8.9,15,100.0,20,369.0,7.9,3.6,0.0,,994.2,,,1175,Newport
2010-02-06,4.6,12,130.0,18,611.0,11.7,1.0,0.2,,1012.0,,,1175,Newport
2010-02-07,12.6,23,120.0,30,197.0,6.8,2.4,0.0,,1017.3,,,1175,Newport
2010-02-08,8.9,15,120.0,21,373.0,6.3,2.2,0.0,,1015.0,,,1175,Newport
2010-02-09,5.8,9,90.0,15,217.0,5.3,-0.4,0.0,,1018.1,,,1175,Newport
2010-02-10,4.8,9,350.0,12,309.0,6.0,-1.9,0.0,,1022.2,,,1175,Newport
2010-02-11,4.2,8,50.0,11,700.0,7.7,-2.6,0.0,,1025.9,,,1175,Newport
2010-02-12,7.5,14,0.0,17,724.0,7.8,-1.1,0.2,,1027.9,,,1175,Newport
2010-02-13,4.9,9,10.0,11,460.0,6.7,0.1,0.1,,1025.9,,,1175,Newport
2010-02-14,3.9,13,320.0,16,302.0,7.3,-1.3,1.5,,1017.7,,,1175,Newport
2010-02-15,10.1,21,310.0,30,481.0,9.0,2.1,6.7,,1002.3,,,1175,Newport
2010-02-16,6.1,15,330.0,26,301.0,6.4,0.9,6.4,,987.9,,,1175,Newport
2010-02-17,7.3,13,0.0,18,507.0,6.0,-0.6,0.0,,988.0,,,1175,Newport
2010-02-18,7.3,22,350.0,29,418.0,5.2,-1.0,2.8,,992.5,,,1175,Newport
2010-02-19,3.8,17,330.0,20,593.0,6.5,-0.8,1.2,,994.5,,,1175,Newport
2010-02-20,3.2,6,120.0,8,519.0,4.2,-2.2,2.5,,992.5,,,1175,Newport
2010-02-21,4.5,9,110.0,13,654.0,1.4,-3.4,0.0,,988.3,,,1175,Newport
2010-02-22,5.4,9,60.0,14,823.0,5.5,-2.4,0.0,,988.2,,,1175,Newport
2010-02-23,10.0,16,80.0,23,503.0,4.8,0.8,0.4,,987.1,,,1175,Newport
2010-02-24,10.9,18,10.0,29,370.0,4.7,1.6,0.2,,986.7,,,1175,Newport
2010-02-25,8.7,20,340.0,26,721.0,5.8,-0.2,2.8,,985.7,,,1175,Newport
2010-02-26,8.0,19,330.0,26,544.0,6.9,2.3,5.4,,985.4,,,1175,Newport
2010-02-27,8.6,20,140.0,25,550.0,6.8,1.1,4.9,,986.4,,,1175,Newport
2010-02-28,8.2,19,270.0,27,864.0,8.8,0.0,8.5,,994.8,,,1175,Newport
2010-03-01,4.3,8,200.0,12,1057.0,10.2,-1.2,0.0,,1008.3,,,1175,Newport
2010-03-02,8.6,17,120.0,22,556.0,7.6,-0.0,0.0,,1016.5,,,1175,Newport
2010-03-03,6.2,10,120.0,14,316.0,6.7,2.5,2.2,,1015.9,,,1175,Newport
2010-03-04,6.0,11,0.0,14,981.0,8.7,0.1,0.0,,1024.9,,,1175,Newport
2010-03-05,4.4,11,340.0,13,1131.0,12.1,-1.1,0.0,,1030.8,,,1175,Newport
2010-03-06,4.2,9,80.0,12,547.0,9.6,0.4,0.0,,1027.8,,,1175,Newport
2010-03-07,8.9,17,150.0,24,1112.0,8.2,0.8,0.0,,1027.7,,,1175,Newport
2010-03-08,8.7,14,110.0,20,1293.0,8.2,-1.9,0.0,,1027.7,,,1175,Newport
2010-03-09,4.4,9,120.0,13,1277.0,11.0,-1.5,0.0,,1030.1,,,1175,Newport
2010-03-10,5.0,8,130.0,13,1233.0,10.1,-1.8,0.0,,1030.1,,,1175,Newport
2010-03-11,5.7,14,280.0,20,923.0,10.3,-1.9,0.8,,1026.9,,,1175,Newport
2010-03-12,6.5,16,350.0,22,795.0,9.7,3.9,0.1,,1027.7,,,1175,Newport
2010-03-13,4.6,14,330.0,19,638.0,9.9,3.5,0.4,,1031.9,,,1175,Newport
2010-03-14,5.1,14,290.0,19,1014.0,12.7,2.3,1.2,,1030.9,,,1175,Newport
2010-03-15,4.6,11,230.0,16,1051.0,12.4,4.2,0.0,,1025.1,,,1175,Newport
2010-03-16,13.6,24,150.0,34,668.0,10.5,4.9,1.2,,1014.2,,,1175,Newport
2010-03-17,12.9,19,210.0,27,831.0,13.6,7.8,0.0,,1006.0,,,1175,Newport
2010-03-18,18.8,36,200.0,49,367.0,13.0,7.9,3.1,,996.5,,,1175,Newport
2010-03-19,8.4,15,240.0,26,973.0,12.3,6.3,1.3,,1002.5,,,1175,Newport
2010-03-20,6.5,19,350.0,21,987.0,12.2,4.0,0.0,,1003.5,,,1175,Newport
2010-03-21,11.0,27,170.0,37,1194.0,14.1,5.6,2.8,,1003.7,,,1175,Newport
2010-03-22,13.4,27,150.0,36,1036.0,10.8,5.4,4.5,,1002.4,,,1175,Newport
2010-03-23,11.6,22,160.0,28,152.0,9.6,6.6,6.2,,1001.4,,,1175,Newport
2010-03-24,6.3,13,230.0,19,1539.0,12.4,3.0,4.3,,994.1,,,1175,Newport
2010-03-25,9.1,15,110.0,23,505.0,12.5,4.6,3.7,,991.7,,,1175,Newport
2010-03-26,5.0,14,320.0,16,890.0,12.9,5.8,7.5,,993.3,,,1175,Newport
2010-03-27,8.1,18,260.0,27,874.0,11.1,5.9,3.0,,1002.6,,,1175,Newport
2010-03-28,6.3,14,320.0,21,1020.0,9.4,3.1,0.2,,1002.9,,,1175,Newport
2010-03-29,12.7,24,0.0,35,306.0,5.1,2.9,14.1,,993.9,,,1175,Newport
2010-03-30,22.7,31,340.0,44,420.0,5.4,3.1,14.7,,990.8,,,1175,Newport
2010-03-31,15.9,31,310.0,39,1358.0,6.1,1.6,6.0,,999.7,,,1175,Newport
2010-04-01,5.8,18,110.0,23,1561.0,10.3,1.0,4.8,,998.6,,,1175,Newport
2010-04-02,10.9,19,100.0,27,617.0,8.9,3.8,4.9,,990.7,,,1175,Newport
2010-04-03,12.2,26,340.0,37,1095.0,8.6,1.8,8.4,,1000.3,,,1175,Newport
2010-04-04,10.9,31,190.0,44,759.0,10.4,1.0,9.0,,1004.6,,,1175,Newport
2010-04-05,22.4,33,180.0,47,337.0,12.9,7.2,10.1,,997.7,,,1175,Newport
2010-04-06,8.7,21,320.0,26,1413.0,13.1,4.5,2.3,,1005.1,,,1175,Newport
2010-04-07,8.2,18,240.0,28,1593.0,12.7,4.5,1.2,,1018.7,,,1175,Newport
2010-04-08,6.8,13,240.0,19,1477.0,14.1,8.1,0.0,,1026.3,,,1175,Newport
2010-04-09,10.9,21,150.0,26,1530.0,15.3,6.4,0.0,,1026.5,,,1175,Newport
2010-04-10,8.9,17,140.0,22,1905.0,18.6,6.4,0.0,,1027.9,,,1175,Newport
2010-04-11,7.5,17,310.0,20,1937.0,19.0,4.0,0.0,,1028.1,,,1175,Newport
2010-04-12,9.6,22,340.0,27,1914.0,19.2,5.2,0.0,,1028.3,,,1175,Newport
2010-04-13,11.5,19,340.0,25,1755.0,17.5,7.0,0.0,,1026.4,,,1175,Newport
2010-04-14,9.3,19,340.0,23,1470.0,14.1,5.8,0.0,,1023.9,,,1175,Newport
2010-04-15,12.3,22,330.0,26,1682.0,13.0,6.1,0.0,,1026.2,,,1175,Newport
2010-04-16,7.0,13,350.0,16,2024.0,17.2,4.3,0.0,,1025.9,,,1175,Newport
2010-04-17,5.4,12,200.0,17,1692.0,14.0,2.8,0.0,,1019.4,,,1175,Newport
2010-04-18,7.8,17,0.0,24,1361.0,12.8,5.8,2.2,,1015.8,,,1175,Newport
2010-04-19,6.6,15,320.0,19,1867.0,14.1,3.6,0.0,,1017.7,,,1175,Newport
2010-04-20,5.9,12,0.0,17,1367.0,11.6,3.4,0.2,,1020.3,,,1175,Newport
2010-04-21,5.6,13,0.0,18,2024.0,13.5,1.1,0.0,,1020.5,,,1175,Newport
2010-04-22,3.8,7,190.0,11,1502.0,14.6,4.8,0.0,,1015.2,,,1175,Newport
2010-04-23,6.6,15,220.0,22,1187.0,14.6,7.0,0.0,,1010.2,,,1175,Newport
2010-04-24,10.2,18,150.0,24,689.0,15.7,7.4,2.2,,1007.5,,,1175,Newport
2010-04-25,6.8,12,230.0,19,1372.0,15.2,9.7,0.8,,1011.8,,,1175,Newport
2010-04-26,6.9,14,230.0,21,1287.0,17.9,9.8,0.1,,1019.2,,,1175,Newport
2010-04-27,14.0,27,160.0,35,264.0,14.0,10.6,3.3,,1014.4,,,1175,Newport
2010-04-28,13.4,24,210.0,35,709.0,14.3,9.2,1.7,,1007.5,,,1175,Newport
2010-04-29,7.0,14,210.0,21,1393.0,14.6,8.0,1.5,,1005.7,,,1175,Newport
2010-04-30,6.9,15,310.0,21,2021.0,15.4,7.8,2.9,,1004.2,,,1175,Newport
2010-05-01,7.5,17,350.0,22,1409.0,12.9,7.5,3.1,,1009.8,,,1175,Newport
2010-05-02,13.7,23,350.0,30,1853.0,11.2,6.2,1.1,,1019.7,,,1175,Newport
2010-05-03,8.3,16,10.0,23,1772.0,11.6,5.0,0.4,,1028.2,,,1175,Newport
2010-05-04,7.4,16,330.0,20,1285.0,13.7,5.5,0.0,,1029.5,,,1175,Newport
2010-05-05,11.7,22,330.0,26,801.0,13.0,9.8,0.3,,1022.8,,,1175,Newport
2010-05-06,14.4,20,350.0,26,1138.0,11.8,8.8,0.9,,1016.6,,,1175,Newport
2010-05-07,10.3,19,350.0,22,1410.0,14.0,7.2,0.0,,1016.0,,,1175,Newport
2010-05-08,10.4,18,350.0,23,2331.0,14.3,4.8,0.0,,1017.8,,,1175,Newport
2010-05-09,11.6,18,350.0,23,1807.0,13.2,5.8,0.0,,1015.6,,,1175,Newport
2010-05-10,10.3,18,350.0,27,1750.0,10.5,4.0,0.7,,1016.4,,,1175,Newport
2010-05-11,5.9,13,340.0,17,1187.0,11.9,3.6,1.0,,1016.0,,,1175,Newport
2010-05-12,6.3,15,320.0,20,2139.0,12.2,3.2,0.7,,1014.5,,,1175,Newport
2010-05-13,9.1,17,280.0,21,1006.0,13.0,6.8,3.1,,1007.5,,,1175,Newport
2010-05-14,12.5,23,310.0,32,1856.0,12.7,7.8,2.0,,1009.5,,,1175,Newport
2010-05-15,10.1,21,290.0,30,1182.0,13.8,6.4,5.1,,1012.2,,,1175,Newport
2010-05-16,8.7,17,290.0,24,1812.0,14.3,6.3,0.6,,1015.8,,,1175,Newport
2010-05-17,4.5,11,240.0,15,1542.0,15.2,7.2,0.3,,1020.7,,,1175,Newport
2010-05-18,10.6,18,150.0,23,610.0,15.4,8.8,13.6,,1020.0,,,1175,Newport
2010-05-19,6.2,12,210.0,17,1136.0,17.6,10.8,1.9,,1022.4,,,1175,Newport
2010-05-20,6.8,11,250.0,18,1499.0,20.9,12.1,1.0,,1027.1,,,1175,Newport
2010-05-21,3.9,8,230.0,12,1014.0,20.1,12.2,0.0,,1027.3,,,1175,Newport
2010-05-22,5.4,15,350.0,17,2308.0,25.0,12.1,0.0,,1024.7,,,1175,Newport
2010-05-23,6.8,16,340.0,19,2703.0,23.3,11.4,0.0,,1020.7,,,1175,Newport
2010-05-24,12.5,20,330.0,25,2350.0,16.8,10.0,0.0,,1016.3,,,1175,Newport
2010-05-25,15.2,21,340.0,26,2706.0,14.0,7.3,0.0,,1014.2,,,1175,Newport
2010-05-26,10.0,20,350.0,25,2405.0,13.7,7.2,0.1,,1012.8,,,1175,Newport
2010-05-27,8.9,16,280.0,24,2079.0,14.4,6.3,0.8,,1010.3,,,1175,Newport
2010-05-28,4.3,10,240.0,15,1898.0,16.1,6.0,0.3,,1008.5,,,1175,Newport
2010-05-29,6.9,18,350.0,21,854.0,14.4,8.5,1.8,,1006.0,,,1175,Newport
2010-05-30,3.8,9,350.0,13,1757.0,16.7,6.6,0.0,,1013.0,,,1175,Newport
2010-05-31,10.8,17,150.0,23,915.0,16.2,11.5,14.6,,1012.7,,,1175,Newport
2010-06-01,7.1,13,210.0,19,2050.0,17.4,9.6,0.0,,1013.5,,,1175,Newport
2010-06-02,6.3,10,200.0,14,2579.0,19.8,11.3,0.0,,1018.1,,,1175,Newport
2010-06-03,11.7,24,160.0,31,2116.0,20.6,11.0,0.0,,1015.2,,,1175,Newport
2010-06-04,8.9,15,230.0,22,2384.0,18.8,11.1,2.3,,1013.7,,,1175,Newport
2010-06-05,6.0,12,340.0,14,1774.0,19.1,10.7,0.0,,1015.7,,,1175,Newport
2010-06-06,5.6,12,220.0,19,2399.0,19.4,10.1,0.0,,1012.3,,,1175,Newport
2010-06-07,8.3,15,110.0,22,1083.0,18.2,10.4,0.0,,1004.2,,,1175,Newport
2010-06-08,13.1,20,350.0,30,1172.0,16.8,12.3,2.0,,1001.0,,,1175,Newport
2010-06-09,12.6,23,340.0,28,748.0,15.5,11.2,0.4,,1007.9,,,1175,Newport
2010-06-10,11.0,18,340.0,24,2714.0,18.4,9.3,0.0,,1013.7,,,1175,Newport
2010-06-11,11.9,21,340.0,28,1617.0,15.2,11.0,0.4,,1014.0,,,1175,Newport
2010-06-12,7.6,15,320.0,21,1655.0,16.7,10.8,0.0,,1017.3,,,1175,Newport
2010-06-13,13.4,23,320.0,33,1226.0,14.6,11.1,6.8,,1015.4,,,1175,Newport
2010-06-14,13.1,19,320.0,25,2004.0,16.7,10.5,0.1,,1022.8,,,1175,Newport
2010-06-15,6.0,12,330.0,16,2292.0,20.5,9.2,0.0,,1028.1,,,1175,Newport
2010-06-16,4.3,9,210.0,13,1126.0,17.6,10.4,0.0,,1026.3,,,1175,Newport
2010-06-17,6.5,15,350.0,19,1582.0,19.8,12.3,2.4,,1023.6,,,1175,Newport
2010-06-18,10.6,21,350.0,26,1423.0,17.8,10.9,0.0,,1022.7,,,1175,Newport
2010-06-19,12.0,19,350.0,25,2968.0,15.8,9.6,0.0,,1021.8,,,1175,Newport
2010-06-20,6.9,12,340.0,15,2662.0,21.0,9.1,0.0,,1021.6,,,1175,Newport
2010-06-21,7.3,14,240.0,23,2845.0,21.6,9.2,0.0,,1019.7,,,1175,Newport
2010-06-22,6.5,11,200.0,18,619.0,18.0,12.1,0.0,,1017.2,,,1175,Newport
2010-06-23,7.2,14,210.0,23,1316.0,18.3,13.6,0.7,,1015.7,,,1175,Newport
2010-06-24,5.8,12,250.0,18,2289.0,20.3,11.4,0.1,,1016.5,,,1175,Newport
2010-06-25,5.5,11,250.0,17,1584.0,22.6,10.3,4.2,,1013.3,,,1175,Newport
2010-06-26,8.8,19,170.0,28,1932.0,21.3,12.5,2.3,,1009.0,,,1175,Newport
2010-06-27,14.1,21,210.0,30,1803.0,18.9,13.7,0.3,,1010.5,,,1175,Newport
2010-06-28,7.5,18,320.0,21,1216.0,18.5,12.0,2.0,,1013.9,,,1175,Newport
2010-06-29,4.2,10,210.0,15,2066.0,21.1,10.4,0.0,,1016.7,,,1175,Newport
2010-06-30,10.8,22,140.0,31,738.0,19.2,13.4,19.2,,1006.3,,,1175,Newport
2010-07-01,14.2,24,210.0,35,2043.0,19.1,13.4,5.6,,996.5,,,1175,Newport
2010-07-02,13.8,23,210.0,34,2020.0,17.7,12.8,1.6,,1002.3,,,1175,Newport
2010-07-03,11.5,19,200.0,29,1320.0,17.6,12.2,4.3,,1010.8,,,1175,Newport
2010-07-04,15.0,28,200.0,43,1415.0,17.0,11.8,8.8,,1008.7,,,1175,Newport
2010-07-05,9.9,17,260.0,25,2060.0,18.1,11.3,1.1,,1019.8,,,1175,Newport
2010-07-06,11.6,22,210.0,32,455.0,18.1,12.0,7.6,,1015.5,,,1175,Newport
2010-07-07,13.1,20,220.0,34,1269.0,16.3,11.3,1.2,,1008.8,,,1175,Newport
2010-07-08,7.6,14,200.0,26,1182.0,17.0,11.3,4.8,,1009.5,,,1175,Newport
2010-07-09,6.2,11,350.0,16,1434.0,18.1,12.1,3.7,,1008.7,,,1175,Newport
2010-07-10,13.7,36,330.0,44,605.0,16.4,11.7,7.6,,1005.2,,,1175,Newport
2010-07-11,7.4,20,330.0,27,1864.0,18.0,11.1,2.0,,1008.5,,,1175,Newport
2010-07-12,4.1,9,340.0,12,1297.0,18.5,11.5,4.3,,1009.8,,,1175,Newport
2010-07-13,8.0,14,130.0,21,697.0,17.0,12.2,5.0,,1001.6,,,1175,Newport
2010-07-14,7.7,12,80.0,22,1082.0,19.6,13.7,14.6,,992.4,,,1175,Newport
2010-07-15,8.1,24,350.0,31,1889.0,20.5,13.2,4.1,,991.6,,,1175,Newport
2010-07-16,14.3,21,330.0,32,1610.0,16.5,11.2,4.4,,1000.9,,,1175,Newport
2010-07-17,11.7,17,150.0,25,1662.0,17.4,11.4,5.5,,1011.4,,,1175,Newport
2010-07-18,7.1,13,220.0,19,1691.0,18.9,13.3,0.2,,1011.6,,,1175,Newport
2010-07-19,7.2,12,240.0,20,708.0,17.4,13.2,8.2,,1008.9,,,1175,Newport
2010-07-20,7.4,15,350.0,20,1636.0,19.3,12.0,7.0,,1005.2,,,1175,Newport
2010-07-21,15.6,23,340.0,31,616.0,16.0,12.3,11.6,,1005.5,,,1175,Newport
2010-07-22,13.1,24,340.0,32,2148.0,17.6,11.4,0.0,,1013.8,,,1175,Newport
2010-07-23,5.8,12,160.0,16,909.0,17.6,10.2,0.4,,1017.4,,,1175,Newport
2010-07-24,7.9,13,230.0,21,1094.0,17.6,14.0,1.2,,1015.5,,,1175,Newport
2010-07-25,7.2,12,240.0,17,684.0,17.6,14.5,2.3,,1016.8,,,1175,Newport
2010-07-26,7.7,12,230.0,21,451.0,17.0,13.7,4.4,,1016.2,,,1175,Newport
2010-07-27,8.2,14,260.0,21,1509.0,17.8,12.4,3.0,,1014.8,,,1175,Newport
2010-07-28,8.1,15,260.0,23,824.0,17.3,12.1,3.4,,1016.6,,,1175,Newport
2010-07-29,4.6,8,220.0,13,820.0,17.2,12.9,0.8,,1014.8,,,1175,Newport
2010-07-30,7.7,17,340.0,21,767.0,17.1,12.2,8.4,,1009.2,,,1175,Newport
2010-07-31,8.7,19,280.0,26,1345.0,18.3,12.4,2.6,,1008.3,,,1175,Newport
2010-08-01,6.2,15,330.0,17,1028.0,17.8,12.6,0.5,,1013.4,,,1175,Newport
2010-08-02,5.0,12,300.0,17,609.0,15.8,12.5,3.2,,1015.8,,,1175,Newport
2010-08-03,6.5,14,260.0,19,655.0,15.6,11.4,10.9,,1010.3,,,1175,Newport
2010-08-04,10.6,18,320.0,26,1180.0,16.6,11.8,0.7,,1008.9,,,1175,Newport
2010-08-05,9.5,16,260.0,21,861.0,17.5,13.1,4.9,,1007.8,,,1175,Newport
2010-08-06,8.1,14,220.0,22,735.0,16.0,13.2,7.4,,1005.0,,,1175,Newport
2010-08-07,11.4,19,340.0,25,1356.0,17.5,11.5,0.7,,1014.1,,,1175,Newport
2010-08-08,7.2,14,200.0,22,919.0,17.7,9.1,4.7,,1014.9,,,1175,Newport
2010-08-09,8.7,18,250.0,25,1496.0,17.3,12.7,1.1,,1006.9,,,1175,Newport
2010-08-10,8.9,17,260.0,26,2040.0,18.5,12.0,4.1,,1006.9,,,1175,Newport
2010-08-11,9.1,19,320.0,22,758.0,16.8,11.9,0.3,,1014.2,,,1175,Newport
2010-08-12,13.6,19,320.0,25,835.0,15.9,12.4,0.2,,1020.9,,,1175,Newport
2010-08-13,9.3,17,320.0,22,1151.0,16.4,12.2,0.4,,1023.5,,,1175,Newport
2010-08-14,3.3,11,310.0,14,756.0,16.8,12.4,1.1,,1021.5,,,1175,Newport
2010-08-15,3.4,9,220.0,13,2184.0,22.5,11.0,0.0,,1022.2,,,1175,Newport
2010-08-16,7.5,26,320.0,32,392.0,16.7,13.3,18.2,,1015.4,,,1175,Newport
2010-08-17,9.6,26,330.0,30,1130.0,17.5,11.8,0.0,,1008.5,,,1175,Newport
2010-08-18,8.4,16,230.0,24,1516.0,18.0,11.5,5.3,,1002.9,,,1175,Newport
2010-08-19,7.2,13,130.0,18,1272.0,21.0,11.9,12.8,,998.2,,,1175,Newport
2010-08-20,14.5,25,200.0,38,1642.0,18.5,14.6,6.8,,999.3,,,1175,Newport
2010-08-21,9.9,18,200.0,26,1690.0,19.0,12.9,3.8,,1009.0,,,1175,Newport
2010-08-22,7.8,13,200.0,20,1473.0,19.0,12.8,0.1,,1005.3,,,1175,Newport
2010-08-23,12.8,24,320.0,34,1512.0,16.1,11.0,9.6,,997.7,,,1175,Newport
2010-08-24,13.5,31,280.0,46,1351.0,17.1,8.6,10.8,,1004.8,,,1175,Newport
2010-08-25,6.3,16,330.0,21,1612.0,18.0,7.1,0.0,,1009.2,,,1175,Newport
2010-08-26,9.0,16,320.0,19,1611.0,17.6,8.9,0.0,,1008.7,,,1175,Newport
2010-08-27,7.3,16,260.0,22,1280.0,17.8,9.9,0.0,,1014.5,,,1175,Newport
2010-08-28,14.0,20,280.0,30,1371.0,17.9,12.5,1.4,,1020.7,,,1175,Newport
2010-08-29,11.5,18,280.0,27,1699.0,15.7,8.7,2.3,,1021.6,,,1175,Newport
2010-08-30,4.8,8,140.0,15,1794.0,18.3,7.3,0.0,,1024.2,,,1175,Newport
2010-08-31,7.8,13,160.0,19,1615.0,19.2,9.0,0.0,,1019.8,,,1175,Newport
2010-09-01,9.5,15,150.0,19,1451.0,20.0,11.4,0.0,,1016.0,,,1175,Newport
2010-09-02,10.4,16,130.0,23,1606.0,21.9,12.0,0.0,,1014.8,,,1175,Newport
2010-09-03,12.3,19,150.0,27,1508.0,21.6,12.1,0.0,,1012.8,,,1175,Newport
2010-09-04,8.0,21,140.0,29,1564.0,20.1,11.8,2.3,,1010.9,,,1175,Newport
2010-09-05,12.2,25,120.0,36,536.0,18.2,11.6,8.0,,1002.6,,,1175,Newport
2010-09-06,5.6,17,140.0,23,525.0,17.3,13.0,21.0,,994.2,,,1175,Newport
2010-09-07,8.0,14,220.0,23,501.0,15.2,11.8,61.4,,990.7,,,1175,Newport
2010-09-08,8.4,14,130.0,21,1290.0,19.0,13.2,11.6,,997.6,,,1175,Newport
2010-09-09,7.9,18,200.0,26,836.0,18.4,12.3,9.8,,1006.9,,,1175,Newport
2010-09-10,7.6,17,200.0,29,1481.0,19.5,13.6,1.5,,1004.8,,,1175,Newport
2010-09-11,9.5,20,280.0,30,1194.0,16.4,11.4,9.8,,1010.8,,,1175,Newport
2010-09-12,10.3,20,200.0,29,563.0,15.9,11.9,2.9,,1019.8,,,1175,Newport
2010-09-13,12.7,18,250.0,30,104.0,16.6,14.3,34.6,,1013.9,,,1175,Newport
2010-09-14,16.6,25,280.0,40,1216.0,16.2,11.0,5.1,,1010.8,,,1175,Newport
2010-09-15,13.4,23,290.0,36,397.0,14.4,11.1,1.1,,1011.5,,,1175,Newport
2010-09-16,9.8,17,320.0,22,1082.0,16.6,9.1,1.5,,1015.0,,,1175,Newport
2010-09-17,3.8,9,340.0,14,794.0,15.2,8.1,0.2,,1018.5,,,1175,Newport
2010-09-18,8.8,15,220.0,23,327.0,15.4,8.9,24.5,,1013.4,,,1175,Newport
2010-09-19,8.3,14,200.0,23,613.0,17.5,13.4,5.7,,1005.2,,,1175,Newport
2010-09-20,7.5,14,140.0,20,953.0,19.1,13.4,4.0,,1005.7,,,1175,Newport
2010-09-21,12.8,18,160.0,27,162.0,17.6,13.7,14.0,,1007.1,,,1175,Newport
2010-09-22,4.8,15,350.0,18,940.0,19.5,12.7,33.5,,1004.6,,,1175,Newport
2010-09-23,16.2,27,340.0,34,536.0,13.3,11.4,2.1,,1007.0,,,1175,Newport
2010-09-24,8.4,19,340.0,25,687.0,12.4,8.5,0.5,,1015.5,,,1175,Newport
2010-09-25,3.2,8,340.0,10,461.0,12.2,8.9,0.0,,1019.9,,,1175,Newport
2010-09-26,8.3,14,110.0,18,638.0,11.6,8.0,0.0,,1015.3,,,1175,Newport
2010-09-27,11.5,18,130.0,22,806.0,15.1,8.8,0.0,,1009.9,,,1175,Newport
2010-09-28,8.4,18,110.0,24,854.0,16.7,8.0,5.4,,1007.3,,,1175,Newport
2010-09-29,4.1,10,210.0,15,1174.0,17.1,7.4,1.4,,1009.2,,,1175,Newport
2010-09-30,10.1,18,130.0,24,429.0,15.0,8.7,1.1,,999.1,,,1175,Newport
2010-10-01,12.6,19,130.0,29,932.0,14.3,8.8,4.6,,986.8,,,1175,Newport
2010-10-02,10.5,19,200.0,32,739.0,14.9,10.1,10.4,,988.4,,,1175,Newport
2010-10-03,6.4,14,260.0,21,890.0,16.8,8.6,2.3,,989.0,,,1175,Newport
2010-10-04,15.4,26,170.0,37,428.0,15.3,9.2,4.4,,986.7,,,1175,Newport
2010-10-05,16.8,25,200.0,38,885.0,14.4,8.1,4.8,,985.1,,,1175,Newport
2010-10-06,9.7,17,200.0,25,971.0,16.3,9.6,4.5,,995.0,,,1175,Newport
2010-10-07,15.3,26,150.0,38,1044.0,16.9,11.2,0.1,,1003.6,,,1175,Newport
2010-10-08,15.7,21,110.0,31,272.0,19.1,13.7,0.3,,1004.5,,,1175,Newport
2010-10-09,15.8,21,90.0,32,592.0,16.8,12.8,0.0,,1009.4,,,1175,Newport
2010-10-10,7.9,14,80.0,21,185.0,13.9,11.9,0.0,,1013.7,,,1175,Newport
2010-10-11,5.8,12,90.0,18,1017.0,17.8,9.4,0.0,,1018.5,,,1175,Newport
2010-10-12,3.5,9,80.0,11,970.0,17.9,5.6,0.0,,1020.2,,,1175,Newport
2010-10-13,4.4,13,350.0,16,760.0,15.9,6.7,0.0,,1021.3,,,1175,Newport
2010-10-14,2.9,7,350.0,10,365.0,12.5,8.8,0.8,,1022.7,,,1175,Newport
2010-10-15,7.2,16,320.0,21,397.0,14.8,9.2,2.2,,1022.0,,,1175,Newport
2010-10-16,3.6,8,340.0,10,674.0,15.8,6.7,0.2,,1023.1,,,1175,Newport
2010-10-17,7.9,17,290.0,24,440.0,14.7,7.0,1.9,,1022.1,,,1175,Newport
2010-10-18,10.4,20,270.0,31,240.0,13.0,9.3,2.4,,1017.7,,,1175,Newport
2010-10-19,11.7,24,310.0,37,658.0,12.4,5.1,1.7,,1017.0,,,1175,Newport
2010-10-20,5.1,14,220.0,20,585.0,12.0,3.3,2.2,,1021.2,,,1175,Newport
2010-10-21,5.5,14,280.0,21,451.0,14.4,5.0,1.5,,1017.4,,,1175,Newport
2010-10-22,7.4,16,330.0,25,189.0,11.2,6.5,15.8,,1008.6,,,1175,Newport
2010-10-23,5.5,18,320.0,24,689.0,11.9,4.8,1.8,,1006.8,,,1175,Newport
2010-10-24,3.9,8,340.0,14,556.0,12.4,2.0,0.1,,1018.2,,,1175,Newport
2010-10-25,11.2,19,140.0,26,287.0,12.1,3.1,5.5,,1016.2,,,1175,Newport
2010-10-26,12.9,29,200.0,40,101.0,15.6,11.2,25.2,,1004.4,,,1175,Newport
2010-10-27,10.2,21,260.0,37,235.0,12.3,7.8,13.9,,1003.9,,,1175,Newport
2010-10-28,15.9,30,190.0,46,78.0,15.2,9.1,6.1,,994.7,,,1175,Newport
2010-10-29,8.9,31,200.0,45,155.0,13.1,6.3,5.2,,983.1,,,1175,Newport
2010-10-30,4.1,9,340.0,13,517.0,13.3,6.0,2.6,,988.3,,,1175,Newport
2010-10-31,5.7,12,360.0,16,360.0,12.2,4.4,0.1,,1001.5,,,1175,Newport
2010-11-01,10.6,23,190.0,32,75.0,13.6,4.8,18.6,,1004.4,,,1175,Newport
2010-11-02,12.1,24,270.0,35,49.0,11.9,8.9,16.2,,997.0,,,1175,Newport
2010-11-03,6.9,16,280.0,27,184.0,13.7,7.8,21.6,,1002.8,,,1175,Newport
2010-11-04,9.3,16,250.0,25,55.0,13.8,10.4,23.0,,1006.9,,,1175,Newport
2010-11-05,8.7,16,260.0,26,172.0,11.4,6.8,7.5,,1014.8,,,1175,Newport
2010-11-06,8.1,21,320.0,34,366.0,8.7,3.4,9.0,,1015.3,,,1175,Newport
2010-11-07,10.9,30,280.0,40,184.0,10.3,3.6,17.2,,991.9,,,1175,Newport
2010-11-08,7.8,19,280.0,32,236.0,11.3,5.9,15.6,,965.2,,,1175,Newport
2010-11-09,10.9,22,30.0,37,463.0,10.3,3.3,0.1,,984.9,,,1175,Newport
2010-11-10,7.3,22,150.0,29,348.0,9.2,1.4,4.2,,987.6,,,1175,Newport
2010-11-11,24.4,38,260.0,61,228.0,12.1,7.1,10.5,,975.1,,,1175,Newport
2010-11-12,12.1,29,280.0,41,278.0,10.7,5.1,5.9,,984.5,,,1175,Newport
2010-11-13,4.1,9,270.0,17,215.0,7.8,2.2,8.8,,985.1,,,1175,Newport
2010-11-14,3.8,11,340.0,14,336.0,8.4,2.2,1.0,,993.2,,,1175,Newport
2010-11-15,5.3,13,270.0,20,388.0,10.4,3.8,5.7,,1006.2,,,1175,Newport
2010-11-16,17.6,32,130.0,49,143.0,9.2,5.3,17.5,,998.0,,,1175,Newport
2010-11-17,19.1,29,140.0,40,233.0,9.6,6.0,7.8,,981.3,,,1175,Newport
2010-11-18,10.2,18,230.0,33,205.0,10.6,6.2,16.2,,989.0,,,1175,Newport
2010-11-19,5.7,9,80.0,15,294.0,8.9,5.4,3.6,,1003.6,,,1175,Newport
2010-11-20,6.7,11,90.0,17,293.0,9.2,6.2,0.0,,1012.6,,,1175,Newport
2010-11-21,5.6,12,0.0,16,358.0,7.6,2.9,0.0,,1016.6,,,1175,Newport
2010-11-22,4.9,9,320.0,11,277.0,8.2,1.6,0.1,,1014.1,,,1175,Newport
2010-11-23,4.0,11,340.0,15,335.0,9.2,1.2,1.1,,1014.8,,,1175,Newport
2010-11-24,6.4,14,340.0,21,212.0,6.6,2.3,2.3,,1014.3,,,1175,Newport
2010-11-25,9.5,25,320.0,33,212.0,6.8,2.0,11.4,,1015.5,,,1175,Newport
2010-11-26,8.1,19,0.0,32,160.0,6.3,0.3,13.3,,1010.0,,,1175,Newport
2010-11-27,9.7,20,340.0,32,203.0,4.0,0.2,7.2,,1009.4,,,1175,Newport
2010-11-28,6.1,19,340.0,23,342.0,1.5,-1.6,0.8,,1006.7,,,1175,Newport
2010-11-29,6.3,10,350.0,17,329.0,2.8,-1.5,0.0,,1013.2,,,1175,Newport
2010-11-30,10.0,15,40.0,24,276.0,2.9,-0.6,0.0,,1018.4,,,1175,Newport
2010-12-01,6.0,10,350.0,16,300.0,1.5,-2.5,0.0,,1017.6,,,1175,Newport
2010-12-02,5.4,11,340.0,18,328.0,2.6,-1.7,0.0,,1014.8,,,1175,Newport
2010-12-03,8.2,18,200.0,26,224.0,5.1,1.3,10.2,,1005.3,,,1175,Newport
2010-12-04,5.1,17,350.0,22,269.0,5.4,1.1,0.8,,1002.3,,,1175,Newport
2010-12-05,3.2,10,350.0,12,303.0,5.6,-1.6,0.5,,1004.5,,,1175,Newport
2010-12-06,6.7,25,350.0,33,115.0,4.3,-2.4,7.3,,999.1,,,1175,Newport
2010-12-07,6.1,11,340.0,15,276.0,4.2,-0.1,2.1,,1007.5,,,1175,Newport
2010-12-08,3.7,11,350.0,15,270.0,4.2,-0.5,1.8,,1020.7,,,1175,Newport
2010-12-09,6.5,13,290.0,19,100.0,8.6,0.2,0.1,,1030.3,,,1175,Newport
2010-12-10,4.9,12,280.0,18,186.0,9.3,5.3,0.3,,1031.3,,,1175,Newport
2010-12-11,2.6,7,350.0,9,170.0,8.2,2.8,0.5,,1026.8,,,1175,Newport
2010-12-12,9.3,16,90.0,23,271.0,6.5,2.7,0.0,,1022.3,,,1175,Newport
2010-12-13,6.8,12,120.0,17,297.0,5.6,0.5,0.0,,1026.2,,,1175,Newport
2010-12-14,3.3,7,340.0,9,257.0,5.4,-0.3,0.0,,1035.8,,,1175,Newport
2010-12-15,4.4,16,300.0,20,71.0,8.7,3.4,0.6,,1036.2,,,1175,Newport
2010-12-16,17.0,31,330.0,46,109.0,9.8,0.1,4.3,,1019.8,,,1175,Newport
2010-12-17,14.0,27,310.0,36,154.0,2.6,-0.6,8.3,,1000.3,,,1175,Newport
2010-12-18,7.1,22,320.0,29,71.0,1.2,-2.2,0.8,,989.9,,,1175,Newport
2010-12-19,9.5,14,100.0,20,170.0,0.9,-1.8,0.0,,993.4,,,1175,Newport
2010-12-20,3.6,11,340.0,15,275.0,0.1,-6.6,0.0,,999.8,,,1175,Newport
2010-12-21,3.5,8,120.0,10,180.0,-0.6,-6.5,3.8,,1003.9,,,1175,Newport
2010-12-22,2.6,6,0.0,8,312.0,-0.3,-8.8,0.0,,1010.7,,,1175,Newport
2010-12-23,4.4,7,0.0,10,311.0,1.3,-4.9,0.0,,1018.1,,,1175,Newport
2010-12-24,4.1,7,340.0,9,285.0,0.2,-8.4,0.0,,1023.6,,,1175,Newport
2010-12-25,6.5,15,120.0,18,224.0,-0.2,-9.0,0.0,,1023.3,,,1175,Newport
2010-12-26,14.8,21,140.0,29,27.0,5.6,-1.4,13.1,,1010.6,,,1175,Newport
2010-12-27,11.2,18,110.0,25,74.0,9.1,5.4,5.9,,997.7,,,1175,Newport
2010-12-28,11.5,16,190.0,25,98.0,11.1,7.9,4.4,,999.7,,,1175,Newport
2010-12-29,7.6,13,200.0,18,50.0,9.2,8.1,2.7,,1010.0,,,1175,Newport
2010-12-30,4.6,11,120.0,14,83.0,9.5,6.0,0.0,,1019.7,,,1175,Newport
2010-12-31,2.6,7,0.0,10,42.0,7.9,5.7,0.0,,1024.3,,,1175,Newport
2011-01-01,2.8,10,340.0,14,167.0,8.7,3.1,0.2,,1027.2,,,1175,Newport
2011-01-02,4.1,9,80.0,11,135.0,3.7,0.2,0.0,,1028.1,,,1175,Newport
2011-01-03,3.0,10,230.0,15,314.0,4.6,-3.1,0.0,,1020.3,,,1175,Newport
2011-01-04,11.3,19,280.0,29,57.0,7.2,2.9,7.4,,1004.3,,,1175,Newport
2011-01-05,7.2,20,280.0,33,282.0,7.1,0.5,5.8,,991.6,,,1175,Newport
2011-01-06,6.3,16,0.0,22,198.0,5.1,-1.0,1.5,,996.1,,,1175,Newport
2011-01-07,6.9,15,350.0,18,294.0,3.0,-1.9,0.0,,995.4,,,1175,Newport
2011-01-08,11.0,30,300.0,41,226.0,6.2,-2.8,4.9,,995.7,,,1175,Newport
2011-01-09,6.7,17,310.0,28,299.0,7.3,2.0,3.9,,1004.1,,,1175,Newport
2011-01-10,10.7,25,340.0,33,85.0,6.5,3.3,5.4,,996.2,,,1175,Newport
2011-01-11,8.8,24,340.0,31,152.0,7.3,1.7,13.5,,1002.5,,,1175,Newport
2011-01-12,7.4,14,210.0,20,50.0,10.5,7.0,6.9,,998.8,,,1175,Newport
2011-01-13,7.4,16,200.0,22,54.0,10.0,8.9,5.8,,997.8,,,1175,Newport
2011-01-14,12.8,29,180.0,41,236.0,11.0,5.6,6.0,,994.6,,,1175,Newport
2011-01-15,22.2,33,190.0,45,48.0,11.8,9.6,11.6,,990.4,,,1175,Newport
2011-01-16,14.1,29,200.0,42,348.0,10.3,5.0,1.4,,1000.9,,,1175,Newport
2011-01-17,4.5,13,260.0,18,341.0,9.7,1.5,0.5,,1016.3,,,1175,Newport
2011-01-18,3.4,14,300.0,19,391.0,9.5,-0.2,1.0,,1027.1,,,1175,Newport
2011-01-19,5.3,11,100.0,16,410.0,5.0,-1.1,0.0,,1031.9,,,1175,Newport
2011-01-20,3.4,6,120.0,11,401.0,5.7,-1.7,0.0,,1035.4,,,1175,Newport
2011-01-21,3.1,7,80.0,11,393.0,7.6,-0.4,0.0,,1038.9,,,1175,Newport
2011-01-22,4.8,8,350.0,11,346.0,8.1,-1.5,0.0,,1040.4,,,1175,Newport
2011-01-23,6.1,11,350.0,13,414.0,7.8,1.6,0.0,,1039.6,,,1175,Newport
2011-01-24,6.6,16,300.0,24,169.0,8.6,2.3,1.8,,1033.7,,,1175,Newport
2011-01-25,18.0,25,330.0,32,120.0,9.6,7.3,7.2,,1021.7,,,1175,Newport
2011-01-26,8.3,17,350.0,23,201.0,8.3,2.5,0.5,5.384,1017.2,0.5,0.6,1175,Newport
2011-01-27,6.6,11,60.0,16,314.0,5.7,0.9,0.0,3.049,1022.0,0.5,0.6,1175,Newport
2011-01-28,3.8,8,110.0,12,424.0,4.4,-1.6,0.0,2.603,1023.6,0.3,0.5,1175,Newport
2011-01-29,4.4,9,320.0,12,467.0,5.7,-2.3,0.0,1.212,1023.6,0.4,0.5,1175,Newport
2011-01-30,5.2,11,230.0,17,169.0,7.1,-0.3,0.0,1.992,1021.2,0.5,0.7,1175,Newport
2011-01-31,13.0,21,200.0,31,97.0,10.0,6.3,5.6,5.453,1015.5,0.4,0.6,1175,Newport
2011-02-01,7.8,25,210.0,39,444.0,11.2,5.7,2.4,6.312,1015.5,0.4,0.6,1175,Newport
2011-02-02,17.2,29,200.0,41,337.0,10.8,3.0,12.7,7.467,1009.4,0.6,0.9,1175,Newport
2011-02-03,19.2,40,200.0,57,77.0,9.6,2.1,5.9,5.113,1005.8,0.5,0.8,1175,Newport
2011-02-04,16.8,33,200.0,49,30.0,11.4,5.9,23.2,7.207,998.8,0.8,1.1,1175,Newport
2011-02-05,5.1,13,200.0,21,136.0,8.5,5.7,13.2,7.208,1004.0,0.3,0.4,1175,Newport
2011-02-06,3.5,9,70.0,15,258.0,7.8,4.2,18.6,6.641,1002.9,0.3,0.4,1175,Newport
2011-02-07,14.2,34,350.0,41,430.0,8.5,1.2,30.7,5.164,1002.0,0.7,1.0,1175,Newport
2011-02-08,11.1,20,130.0,27,275.0,8.8,1.0,0.0,3.595,1008.1,0.4,0.6,1175,Newport
2011-02-09,4.7,13,210.0,21,128.0,9.6,3.3,11.0,6.719,1004.9,0.3,0.4,1175,Newport
2011-02-10,7.7,17,110.0,23,612.0,7.8,-0.1,0.0,4.626,1004.3,0.3,0.5,1175,Newport
2011-02-11,7.9,19,130.0,24,340.0,11.1,3.5,3.8,6.521,1001.9,0.4,0.6,1175,Newport
2011-02-12,10.1,24,170.0,34,290.0,7.9,1.1,1.8,4.381,997.7,0.5,0.7,1175,Newport
2011-02-13,4.6,11,340.0,13,418.0,7.6,2.0,8.1,5.091,990.2,0.4,0.6,1175,Newport
2011-02-14,7.3,17,200.0,24,679.0,7.2,0.8,8.6,4.399,988.5,0.6,0.9,1175,Newport
2011-02-15,10.3,22,110.0,29,201.0,6.3,1.0,7.9,3.781,979.6,0.4,0.6,1175,Newport
2011-02-16,5.7,10,50.0,16,708.0,9.0,2.1,0.2,4.773,986.1,0.5,0.8,1175,Newport
2011-02-17,6.0,10,110.0,13,676.0,9.7,0.3,0.0,4.233,999.2,0.6,0.8,1175,Newport
2011-02-18,11.4,19,130.0,27,114.0,7.9,3.7,3.3,5.163,998.2,0.4,0.6,1175,Newport
2011-02-19,10.0,21,140.0,27,652.0,11.9,6.0,1.7,6.778,999.0,0.8,1.1,1175,Newport
2011-02-20,14.2,25,150.0,36,161.0,10.8,7.0,4.3,6.825,1000.9,0.8,1.1,1175,Newport
2011-02-21,4.7,13,120.0,17,807.0,13.0,5.1,4.0,7.653,1004.4,0.7,1.0,1175,Newport
2011-02-22,5.3,12,250.0,18,153.0,10.5,7.6,11.8,8.395,1006.2,0.4,0.5,1175,Newport
2011-02-23,12.7,22,200.0,33,411.0,12.6,9.6,2.4,9.67,1004.9,0.8,1.1,1175,Newport
2011-02-24,16.1,24,210.0,33,575.0,14.1,9.9,0.1,9.995,1009.7,1.0,1.5,1175,Newport
2011-02-25,15.3,30,190.0,43,845.0,12.7,7.0,9.8,10.045,1009.1,0.6,1.1,1175,Newport
2011-02-26,10.3,19,270.0,32,638.0,9.8,4.9,2.1,7.134,1014.3,0.9,1.3,1175,Newport
2011-02-27,11.3,27,280.0,36,977.0,9.8,1.6,4.8,6.496,1023.9,0.8,1.2,1175,Newport
2011-02-28,4.1,9,250.0,13,657.0,10.1,0.5,0.0,5.526,1032.2,0.7,1.0,1175,Newport
2011-03-01,3.8,10,120.0,12,509.0,10.9,3.4,0.6,7.684,1035.4,0.7,1.0,1175,Newport
2011-03-02,4.5,9,250.0,12,655.0,11.8,2.1,1.1,6.191,1033.6,0.8,1.1,1175,Newport
2011-03-03,3.3,7,160.0,10,920.0,13.5,5.9,0.1,8.829,1034.7,0.9,1.3,1175,Newport
2011-03-04,3.1,9,330.0,11,474.0,12.2,5.7,0.0,9.24,1031.4,0.8,1.1,1175,Newport
2011-03-05,4.4,9,110.0,13,713.0,14.2,6.4,0.0,9.458,1029.0,1.1,1.5,1175,Newport
2011-03-06,5.8,10,130.0,14,311.0,9.1,5.6,0.0,7.945,1027.2,0.8,1.1,1175,Newport
2011-03-07,6.1,13,210.0,18,497.0,10.2,5.5,4.9,7.642,1023.0,0.8,1.1,1175,Newport
2011-03-08,13.1,21,270.0,31,366.0,9.6,5.0,3.5,7.094,1014.3,0.8,1.2,1175,Newport
2011-03-09,17.5,27,280.0,42,638.0,11.2,4.7,7.2,6.733,1008.0,1.2,1.9,1175,Newport
2011-03-10,16.6,27,260.0,40,691.0,8.9,3.3,10.2,6.818,1005.7,0.8,1.3,1175,Newport
2011-03-11,5.9,18,280.0,26,328.0,5.4,1.9,11.6,5.304,1004.2,0.6,0.8,1175,Newport
2011-03-12,7.0,15,340.0,22,743.0,6.0,1.0,2.8,5.082,997.0,0.7,1.1,1175,Newport
2011-03-13,14.9,28,340.0,37,585.0,6.2,1.6,7.8,4.057,1002.4,0.8,1.4,1175,Newport
2011-03-14,8.8,20,10.0,33,535.0,5.9,0.9,7.7,4.989,1011.5,0.6,0.9,1175,Newport
2011-03-15,4.6,9,200.0,13,1241.0,11.4,-0.4,0.0,5.03,1014.2,1.2,1.8,1175,Newport
2011-03-16,7.1,16,320.0,22,1429.0,12.2,-0.1,0.7,5.772,1011.6,1.3,1.9,1175,Newport
2011-03-17,7.5,21,300.0,27,887.0,9.1,1.0,0.5,6.561,1013.6,1.0,1.5,1175,Newport
2011-03-18,4.6,16,210.0,22,701.0,10.6,0.0,0.8,4.885,1021.8,0.9,1.3,1175,Newport
2011-03-19,7.8,16,140.0,22,725.0,10.7,1.3,5.3,5.925,1023.4,0.9,1.3,1175,Newport
2011-03-20,7.6,14,220.0,21,1071.0,12.8,8.2,4.5,9.387,1022.9,1.1,1.7,1175,Newport
2011-03-21,7.3,16,210.0,24,818.0,12.9,9.3,0.0,10.22,1028.8,1.2,1.7,1175,Newport
2011-03-22,6.1,11,240.0,16,1191.0,16.8,9.3,0.0,11.407,1034.4,1.7,2.4,1175,Newport
2011-03-23,4.7,12,350.0,13,1581.0,18.2,4.4,0.1,11.243,1035.9,1.9,2.7,1175,Newport
2011-03-24,5.8,16,330.0,20,1503.0,17.0,3.3,0.0,10.365,1030.3,1.9,2.7,1175,Newport
2011-03-25,7.8,18,340.0,22,1356.0,14.5,4.0,0.0,9.736,1021.2,1.8,2.5,1175,Newport
2011-03-26,7.1,15,330.0,24,648.0,11.9,4.1,0.0,8.62,1014.8,1.2,1.7,1175,Newport
2011-03-27,7.8,14,320.0,16,595.0,12.5,5.7,0.0,9.135,1013.6,1.3,1.7,1175,Newport
2011-03-28,5.7,10,350.0,14,1361.0,15.0,5.6,0.0,9.747,1011.2,2.0,2.7,1175,Newport
2011-03-29,7.3,14,150.0,18,609.0,13.0,8.3,0.1,10.033,1004.5,1.3,1.7,1175,Newport
2011-03-30,10.4,16,120.0,25,1361.0,13.9,8.1,5.4,11.052,996.5,1.7,2.5,1175,Newport
2011-03-31,16.3,43,280.0,66,1057.0,13.8,9.2,7.6,10.99,993.3,1.6,2.5,1175,Newport
2011-04-01,17.6,28,200.0,43,151.0,13.9,6.6,16.0,11.195,996.0,0.7,1.1,1175,Newport
2011-04-02,9.3,18,200.0,25,1633.0,13.5,5.9,1.5,10.675,1000.2,1.8,2.8,1175,Newport
2011-04-03,10.4,18,210.0,32,1712.0,12.1,3.5,0.9,9.762,1006.7,1.9,2.9,1175,Newport
2011-04-04,18.3,33,190.0,47,1046.0,14.2,8.4,7.9,10.455,1003.8,1.7,2.8,1175,Newport
2011-04-05,14.0,20,200.0,34,373.0,13.5,11.3,9.9,,1005.3,,,1175,Newport
2011-04-06,12.3,23,200.0,31,403.0,14.3,9.5,14.9,11.715,,0.8,1.2,1175,Newport
2011-04-07,5.3,11,230.0,15,1904.0,14.9,5.3,0.0,12.58,,2.1,3.0,1175,Newport
2011-04-08,6.6,15,110.0,20,1695.0,18.7,3.9,0.1,12.0,,2.3,3.2,1175,Newport
2011-04-09,11.0,18,130.0,24,1224.0,19.1,9.1,0.0,12.358,,2.8,3.7,1175,Newport
2011-04-10,7.5,16,240.0,24,952.0,16.3,10.6,0.0,12.827,,1.6,2.3,1175,Newport
2011-04-11,12.7,23,270.0,31,1491.0,12.1,5.3,4.6,11.153,,1.5,2.6,1175,Newport
2011-04-12,10.7,20,200.0,29,1474.0,12.4,5.2,8.8,9.685,,2.0,3.0,1175,Newport
2011-04-13,8.9,18,140.0,23,1390.0,16.6,6.0,15.3,11.645,,2.8,3.8,1175,Newport
2011-04-14,5.2,13,350.0,15,1474.0,15.0,6.8,0.0,12.718,1013.6,2.9,3.7,1175,Newport
2011-04-15,8.4,16,340.0,22,942.0,15.8,8.5,0.3,11.932,1016.3,2.0,2.7,1175,Newport
2011-04-16,6.5,11,210.0,17,1212.0,13.1,7.7,0.0,11.958,1020.3,1.9,2.7,1175,Newport
2011-04-17,5.2,11,140.0,17,1785.0,17.9,7.1,0.0,13.355,1020.4,2.6,3.5,1175,Newport
2011-04-18,6.7,17,150.0,23,1807.0,18.3,6.4,0.0,13.365,1013.1,2.7,3.8,1175,Newport
2011-04-19,6.0,16,340.0,19,1559.0,19.0,7.3,0.0,14.148,1011.8,2.6,3.5,1175,Newport
2011-04-20,4.3,9,90.0,14,787.0,16.6,10.0,1.4,13.747,1013.3,1.7,2.2,1175,Newport
2011-04-21,7.5,13,100.0,18,1213.0,20.3,9.3,0.5,14.273,1008.3,2.3,3.1,1175,Newport
2011-04-22,9.1,17,200.0,24,528.0,16.7,8.6,3.0,13.158,1002.8,1.5,2.0,1175,Newport
2011-04-23,8.8,14,290.0,20,2196.0,14.1,5.1,0.3,12.852,1011.0,2.6,4.0,1175,Newport
2011-04-24,7.3,13,190.0,20,1424.0,16.4,6.6,1.6,13.493,1019.5,2.2,3.1,1175,Newport
2011-04-25,7.1,14,340.0,18,1487.0,14.3,6.7,0.0,13.037,1026.8,2.6,3.5,1175,Newport
2011-04-26,6.8,15,110.0,21,1932.0,16.6,7.3,0.0,13.995,1026.0,2.9,4.0,1175,Newport
2011-04-27,6.7,11,240.0,18,1401.0,17.5,8.7,7.2,14.388,1023.4,2.1,2.9,1175,Newport
2011-04-28,5.1,10,100.0,15,1692.0,20.4,9.6,0.1,16.112,1019.5,2.9,3.8,1175,Newport
2011-04-29,6.2,11,120.0,18,2052.0,20.1,6.9,0.0,15.21,1014.0,3.4,4.6,1175,Newport
2011-04-30,11.2,21,90.0,31,1861.0,20.3,9.9,0.0,15.403,1010.2,3.9,5.3,1175,Newport
2011-05-01,11.8,22,100.0,37,1868.0,19.0,9.0,0.0,14.743,1008.6,4.2,5.5,1175,Newport
2011-05-02,15.1,20,100.0,31,2321.0,18.1,9.2,0.0,14.818,1008.8,4.6,6.6,1175,Newport
2011-05-03,15.7,21,110.0,29,1390.0,14.2,7.3,0.0,13.62,1010.8,3.0,4.3,1175,Newport
2011-05-04,13.3,19,120.0,28,433.0,12.5,8.0,13.9,11.988,1008.5,1.3,1.8,1175,Newport
2011-05-05,11.7,19,140.0,27,1003.0,15.8,9.7,2.4,12.882,1004.0,1.7,2.5,1175,Newport
2011-05-06,13.3,24,170.0,32,1660.0,17.5,9.9,1.6,13.863,1001.0,2.7,4.0,1175,Newport
2011-05-07,12.7,22,130.0,30,837.0,17.4,10.5,2.4,13.493,997.8,1.9,2.7,1175,Newport
2011-05-08,18.3,30,150.0,43,1733.0,15.8,9.3,1.1,13.225,996.0,2.4,4.2,1175,Newport
2011-05-09,16.9,23,170.0,31,1131.0,15.8,10.1,3.3,13.07,1001.0,2.1,3.3,1175,Newport
2011-05-10,16.0,25,200.0,37,1986.0,15.0,9.7,4.3,13.675,1008.6,2.4,4.2,1175,Newport
2011-05-11,11.9,18,260.0,29,1328.0,13.1,8.9,5.8,12.975,1014.8,1.8,2.9,1175,Newport
2011-05-12,12.6,19,260.0,28,1502.0,14.7,7.7,7.0,12.693,1015.8,2.3,3.6,1175,Newport
2011-05-13,8.6,17,250.0,31,1785.0,14.2,6.7,3.3,12.68,1016.3,2.3,3.5,1175,Newport
2011-05-14,12.5,22,280.0,32,1457.0,13.2,8.6,2.8,12.068,1022.0,2.4,3.7,1175,Newport
2011-05-15,10.8,17,260.0,26,435.0,12.6,9.0,11.4,11.84,1023.2,1.0,1.4,1175,Newport
2011-05-16,10.3,15,230.0,25,163.0,11.6,10.7,14.2,11.698,1019.2,0.6,0.9,1175,Newport
2011-05-17,8.7,13,240.0,23,574.0,13.5,9.2,4.6,12.648,1012.6,1.0,1.5,1175,Newport
2011-05-18,14.3,24,260.0,34,2185.0,13.5,6.9,1.1,12.71,1010.6,2.8,4.6,1175,Newport
2011-05-19,12.3,19,210.0,30,1610.0,13.1,6.2,1.6,12.007,1011.4,2.2,3.5,1175,Newport
2011-05-20,12.9,21,240.0,33,2324.0,13.4,7.4,2.8,12.823,1010.2,2.8,4.6,1175,Newport
2011-05-21,14.6,23,200.0,38,605.0,12.7,6.8,14.9,11.903,1002.6,0.9,1.5,1175,Newport
2011-05-22,15.4,28,270.0,40,1790.0,14.0,7.2,10.1,11.78,1003.1,2.3,3.9,1175,Newport
2011-05-23,22.0,35,190.0,51,1583.0,12.8,7.2,11.4,11.833,1005.5,1.6,3.3,1175,Newport
2011-05-24,13.6,22,270.0,35,2222.0,14.3,7.4,0.7,11.985,1019.0,3.1,4.9,1175,Newport
2011-05-25,16.0,30,300.0,39,476.0,12.1,9.6,11.3,11.543,1008.0,1.3,1.9,1175,Newport
2011-05-26,25.3,38,320.0,49,1731.0,11.6,8.5,7.6,11.568,1010.2,2.0,4.1,1175,Newport
2011-05-27,10.3,16,260.0,26,477.0,11.4,7.8,10.5,10.72,1014.3,1.0,1.5,1175,Newport
2011-05-28,12.6,20,250.0,29,1470.0,14.2,8.5,1.6,12.045,1004.1,2.2,3.5,1175,Newport
2011-05-29,13.5,25,270.0,36,1485.0,14.0,6.5,2.1,12.502,1002.5,1.8,3.1,1175,Newport
2011-05-30,8.5,18,220.0,28,2084.0,14.5,5.6,3.6,12.548,1008.4,2.8,4.2,1175,Newport
2011-05-31,13.2,18,280.0,29,1644.0,14.2,7.7,1.7,12.79,1015.2,2.1,3.5,1175,Newport
2011-06-01,12.2,19,210.0,29,896.0,13.5,11.5,2.1,13.363,1023.7,1.2,2.0,1175,Newport
2011-06-02,5.7,10,250.0,15,2483.0,20.9,11.4,0.1,16.743,1031.2,3.7,5.2,1175,Newport
2011-06-03,9.0,21,350.0,27,2566.0,22.1,9.5,0.0,17.835,1031.8,3.8,5.6,1175,Newport
2011-06-04,13.8,22,350.0,28,1877.0,13.8,7.8,0.0,15.855,1026.2,2.2,3.8,1175,Newport
2011-06-05,12.5,21,350.0,28,1696.0,12.7,7.8,0.1,13.495,1015.4,2.3,3.7,1175,Newport
2011-06-06,7.5,14,200.0,22,957.0,13.0,5.6,3.0,12.52,1003.0,1.4,2.1,1175,Newport
2011-06-07,9.9,23,320.0,29,1711.0,15.8,7.2,5.6,13.955,994.8,2.4,3.7,1175,Newport
2011-06-08,19.5,30,320.0,42,1790.0,11.9,7.4,7.6,12.805,1002.3,1.9,3.8,1175,Newport
2011-06-09,8.0,20,320.0,27,1911.0,13.4,5.7,2.4,12.51,1009.3,2.7,3.9,1175,Newport
2011-06-10,6.0,13,250.0,20,1854.0,14.2,5.7,4.2,13.175,1011.5,2.5,3.6,1175,Newport
2011-06-11,5.0,11,330.0,15,2362.0,15.9,4.8,0.3,14.542,1012.4,3.1,4.4,1175,Newport
2011-06-12,9.4,16,60.0,27,906.0,11.2,8.2,3.8,12.74,1004.9,1.6,2.3,1175,Newport
2011-06-13,8.7,16,290.0,23,2681.0,17.2,7.7,0.0,15.153,1007.8,3.7,5.5,1175,Newport
2011-06-14,11.2,22,150.0,30,1888.0,17.6,6.1,5.1,14.552,1008.6,2.6,4.0,1175,Newport
2011-06-15,12.2,17,200.0,25,2452.0,16.4,10.8,0.6,15.788,1004.0,3.1,5.0,1175,Newport
2011-06-16,11.5,17,200.0,26,1981.0,15.2,8.9,1.3,14.517,1001.1,2.8,4.3,1175,Newport
2011-06-17,7.3,12,210.0,21,2274.0,16.9,8.6,2.6,15.51,994.8,3.1,4.5,1175,Newport
2011-06-18,8.7,18,310.0,24,1042.0,13.7,8.6,10.0,14.535,998.9,1.5,2.3,1175,Newport
2011-06-19,6.1,13,220.0,19,1801.0,17.2,7.8,0.0,14.955,1008.0,2.7,3.8,1175,Newport
2011-06-20,5.9,11,110.0,18,805.0,15.0,7.4,3.5,14.307,1005.9,1.5,2.0,1175,Newport
2011-06-21,7.4,16,340.0,21,1675.0,18.4,10.2,15.3,15.317,1000.2,2.5,3.7,1175,Newport
2011-06-22,12.4,21,300.0,29,1175.0,15.1,10.8,5.7,14.827,1006.6,2.1,3.1,1175,Newport
2011-06-23,9.2,16,310.0,22,1862.0,15.8,7.3,1.8,14.297,1014.7,2.8,4.1,1175,Newport
2011-06-24,10.3,21,130.0,30,643.0,13.8,7.2,15.4,12.602,1011.5,0.9,1.5,1175,Newport
2011-06-25,10.2,15,210.0,25,374.0,14.6,13.0,2.0,14.08,1009.8,0.7,1.1,1175,Newport
2011-06-26,9.2,18,200.0,24,623.0,15.5,9.6,2.8,14.575,1011.9,1.2,1.8,1175,Newport
2011-06-27,5.5,12,220.0,18,2158.0,16.8,7.8,0.5,15.003,1014.3,3.0,4.3,1175,Newport
2011-06-28,7.1,13,230.0,20,2709.0,16.3,8.4,0.9,16.025,1016.8,3.4,5.0,1175,Newport
2011-06-29,7.6,15,280.0,21,1494.0,15.0,8.1,1.8,14.995,1021.0,2.2,3.3,1175,Newport
2011-06-30,6.6,14,270.0,19,1616.0,18.0,10.1,0.2,15.398,1024.9,3.0,4.0,1175,Newport
2011-07-01,5.5,11,240.0,18,1989.0,18.5,10.8,0.0,16.648,1022.8,3.1,4.2,1175,Newport
2011-07-02,7.8,14,210.0,19,1939.0,19.3,10.0,0.0,17.02,1016.8,3.1,4.4,1175,Newport
2011-07-03,4.1,10,260.0,15,1223.0,17.0,11.6,2.1,17.095,1013.7,2.0,2.7,1175,Newport
2011-07-04,10.2,22,140.0,28,1453.0,19.3,11.9,0.4,17.335,1006.6,2.7,3.8,1175,Newport
2011-07-05,9.6,18,140.0,26,1071.0,16.6,9.9,4.9,16.36,998.9,1.7,2.5,1175,Newport
2011-07-06,9.7,19,350.0,26,2208.0,17.3,9.0,0.1,15.895,995.8,3.2,4.8,1175,Newport
2011-07-07,4.3,9,120.0,12,796.0,14.6,11.5,7.8,16.135,991.3,1.4,1.9,1175,Newport
2011-07-08,9.5,17,350.0,21,1435.0,17.7,12.0,1.4,16.23,997.8,2.4,3.5,1175,Newport
2011-07-09,5.9,12,320.0,16,894.0,17.5,10.3,0.0,15.475,1009.0,1.8,2.5,1175,Newport
2011-07-10,6.7,19,320.0,22,1572.0,18.2,11.6,0.2,16.065,1016.7,2.6,3.6,1175,Newport
2011-07-11,7.0,12,350.0,15,1275.0,16.7,10.7,0.0,16.375,1020.0,2.4,3.3,1175,Newport
2011-07-12,6.1,12,330.0,14,1764.0,21.7,10.6,0.0,17.465,1019.6,3.2,4.2,1175,Newport
2011-07-13,6.8,12,220.0,18,2425.0,21.9,11.9,0.0,18.507,1018.4,3.8,5.3,1175,Newport
2011-07-14,4.4,10,210.0,14,1066.0,18.6,11.3,0.1,17.44,1017.1,2.0,2.6,1175,Newport
2011-07-15,7.3,12,220.0,21,441.0,16.2,12.3,3.0,16.112,1007.0,1.1,1.5,1175,Newport
2011-07-16,16.7,32,310.0,45,723.0,14.3,11.6,26.2,14.82,994.4,1.1,1.9,1175,Newport
2011-07-17,24.0,31,310.0,41,595.0,13.4,11.8,8.0,13.555,995.7,1.0,2.0,1175,Newport
2011-07-18,20.9,27,320.0,38,723.0,13.7,11.2,9.1,13.068,999.5,1.3,2.3,1175,Newport
2011-07-19,11.6,23,320.0,29,1426.0,16.0,11.3,0.1,14.395,1005.6,2.4,3.6,1175,Newport
2011-07-20,8.0,17,350.0,24,1106.0,14.8,10.9,0.0,14.422,1010.7,2.1,2.9,1175,Newport
2011-07-21,6.2,13,350.0,17,984.0,14.7,9.9,0.0,14.48,1017.3,1.9,2.6,1175,Newport
2011-07-22,5.9,14,330.0,20,2185.0,17.1,9.9,0.2,15.922,1018.3,3.3,4.5,1175,Newport
2011-07-23,3.1,8,250.0,11,1263.0,19.1,10.4,0.2,16.833,1014.6,2.2,2.9,1175,Newport
2011-07-24,3.3,11,330.0,14,1029.0,21.1,12.4,0.6,18.225,1010.7,1.9,2.5,1175,Newport
2011-07-25,8.3,21,330.0,25,987.0,18.2,12.8,0.1,17.815,1010.7,1.7,2.4,1175,Newport
2011-07-26,6.1,15,320.0,20,1852.0,20.8,12.3,0.0,18.083,1015.7,3.1,4.2,1175,Newport
2011-07-27,7.5,23,340.0,27,554.0,17.4,11.8,1.0,17.14,1020.3,1.1,1.5,1175,Newport
2011-07-28,8.7,16,340.0,21,984.0,15.3,11.4,0.0,15.847,1025.1,1.9,2.7,1175,Newport
2011-07-29,6.1,11,350.0,16,1094.0,18.2,11.9,0.0,16.462,1023.2,2.1,2.8,1175,Newport
2011-07-30,9.8,17,140.0,24,977.0,17.8,13.2,1.7,16.788,1013.1,1.8,2.6,1175,Newport
2011-07-31,8.3,15,170.0,22,930.0,18.1,11.0,0.1,16.815,1006.9,1.7,2.4,1175,Newport
2011-08-01,3.6,8,220.0,13,1382.0,17.3,10.2,0.0,16.99,1008.8,2.2,2.9,1175,Newport
2011-08-02,4.0,10,210.0,16,1333.0,17.2,8.8,0.0,16.485,1011.2,2.1,2.8,1175,Newport
2011-08-03,7.9,15,120.0,22,1211.0,18.4,9.1,0.2,16.327,1007.8,1.9,2.7,1175,Newport
2011-08-04,8.2,18,320.0,24,902.0,18.8,10.7,0.9,16.528,1006.2,1.8,2.5,1175,Newport
2011-08-05,5.8,10,230.0,16,1270.0,16.8,10.3,0.3,16.182,1007.7,2.1,2.9,1175,Newport
2011-08-06,4.8,12,230.0,17,1153.0,17.9,9.4,6.9,16.78,1001.2,1.9,2.6,1175,Newport
2011-08-07,6.4,17,340.0,21,1466.0,17.9,9.6,0.0,16.21,999.5,2.3,3.2,1175,Newport
2011-08-08,14.8,24,320.0,31,1936.0,16.1,11.4,0.9,15.93,1011.8,2.6,4.2,1175,Newport
2011-08-09,6.5,13,200.0,24,1267.0,17.5,11.5,0.6,16.13,1021.3,2.4,3.2,1175,Newport
2011-08-10,10.8,21,200.0,31,229.0,15.7,14.6,38.9,15.84,1010.7,0.7,1.0,1175,Newport
2011-08-11,7.4,13,260.0,18,607.0,17.1,13.7,1.8,16.292,1004.6,1.1,1.6,1175,Newport
2011-08-12,8.3,15,200.0,23,555.0,16.4,12.7,7.6,15.958,1001.8,0.9,1.4,1175,Newport
2011-08-13,9.4,15,210.0,24,1076.0,16.9,12.2,3.2,15.92,998.8,1.7,2.5,1175,Newport
2011-08-14,9.7,15,220.0,25,1719.0,16.8,10.6,4.7,15.602,1004.3,2.4,3.5,1175,Newport
2011-08-15,6.3,11,150.0,15,774.0,15.3,9.9,9.9,14.81,1007.7,1.3,1.8,1175,Newport
2011-08-16,9.6,26,330.0,34,1651.0,17.4,8.9,1.4,15.635,1010.4,2.2,3.3,1175,Newport
2011-08-17,5.0,14,310.0,16,1395.0,15.4,7.8,0.0,14.665,1016.1,1.9,2.6,1175,Newport
2011-08-18,4.2,10,350.0,13,1534.0,17.1,9.4,0.6,15.792,1015.5,2.2,3.0,1175,Newport
2011-08-19,11.3,23,200.0,33,591.0,15.5,9.3,6.9,13.995,1009.3,1.1,1.7,1175,Newport
2011-08-20,9.3,15,200.0,24,1198.0,18.2,11.9,3.1,15.097,1007.0,2.0,2.9,1175,Newport
2011-08-21,6.5,13,300.0,19,1218.0,18.3,11.9,3.5,15.99,1010.8,2.1,2.8,1175,Newport
2011-08-22,4.1,7,210.0,15,1523.0,18.8,10.2,0.0,16.585,1016.6,2.4,3.2,1175,Newport
2011-08-23,5.5,13,150.0,19,1005.0,19.3,10.4,10.8,15.663,1010.3,2.0,2.6,1175,Newport
2011-08-24,6.8,13,180.0,20,1553.0,16.7,8.9,1.8,15.33,1003.2,2.2,3.1,1175,Newport
2011-08-25,9.2,18,120.0,24,1024.0,15.6,8.8,5.6,13.872,1000.7,1.7,2.4,1175,Newport
2011-08-26,12.7,22,310.0,31,1109.0,15.2,10.4,3.5,13.882,1006.5,1.8,2.7,1175,Newport
2011-08-27,12.2,20,290.0,29,661.0,14.7,11.4,9.0,13.41,1012.2,1.4,2.1,1175,Newport
2011-08-28,9.1,18,320.0,24,1369.0,15.0,10.3,0.8,13.472,1017.0,2.2,3.1,1175,Newport
2011-08-29,6.1,14,310.0,18,628.0,14.0,8.1,0.0,12.328,1018.9,1.5,1.9,1175,Newport
2011-08-30,4.5,11,330.0,15,915.0,16.2,10.3,0.0,13.94,1016.2,1.8,2.3,1175,Newport
2011-08-31,4.9,8,100.0,13,746.0,16.4,11.3,0.0,14.247,1012.8,1.7,2.3,1175,Newport
2011-09-01,9.5,16,150.0,23,521.0,16.1,9.7,4.9,13.925,1006.3,1.1,1.6,1175,Newport
2011-09-02,9.1,15,210.0,24,737.0,15.7,12.1,10.0,14.557,999.7,1.4,1.9,1175,Newport
2011-09-03,7.0,17,280.0,24,1032.0,16.8,9.6,4.0,14.852,998.2,1.5,2.1,1175,Newport
2011-09-04,9.1,20,120.0,28,979.0,16.4,9.1,4.4,13.727,996.7,1.9,2.5,1175,Newport
2011-09-05,11.8,22,200.0,33,491.0,15.2,10.1,21.3,13.085,998.1,1.1,1.6,1175,Newport
2011-09-06,17.4,26,260.0,40,947.0,14.8,11.5,13.2,13.49,997.4,1.6,2.5,1175,Newport
2011-09-07,12.6,19,270.0,29,612.0,13.8,10.9,9.5,12.827,1003.6,1.3,1.8,1175,Newport
2011-09-08,6.6,19,330.0,22,620.0,15.5,11.3,2.5,13.92,1000.8,1.2,1.7,1175,Newport
2011-09-09,13.6,20,140.0,28,779.0,19.5,13.1,4.9,15.645,993.9,1.5,2.1,1175,Newport
2011-09-10,18.7,31,190.0,42,503.0,17.0,11.9,6.1,15.33,985.1,1.2,1.9,1175,Newport
2011-09-11,17.4,26,200.0,38,368.0,15.8,11.9,23.0,13.59,985.2,1.1,1.6,1175,Newport
2011-09-12,21.1,30,200.0,53,356.0,15.5,10.9,1.8,13.45,988.8,0.9,1.5,1175,Newport
2011-09-13,15.7,26,260.0,37,1339.0,15.1,9.8,3.8,12.5,1005.7,2.4,3.5,1175,Newport
2011-09-14,6.8,13,260.0,20,663.0,15.5,10.5,0.4,13.113,1014.0,1.4,1.8,1175,Newport
2011-09-15,10.8,18,120.0,25,1196.0,17.5,8.8,3.0,13.452,1012.3,2.0,2.8,1175,Newport
2011-09-16,10.4,18,200.0,25,648.0,15.2,10.6,10.0,13.773,1003.3,1.1,1.6,1175,Newport
2011-09-17,17.0,30,300.0,41,827.0,14.1,9.6,18.9,12.715,1000.1,1.4,2.2,1175,Newport
2011-09-18,13.9,28,320.0,36,779.0,15.8,10.8,1.9,13.045,1006.1,1.7,2.3,1175,Newport
2011-09-19,8.5,14,260.0,22,677.0,15.9,10.3,14.9,13.52,1005.7,1.2,1.7,1175,Newport
2011-09-20,11.0,21,200.0,31,1155.0,15.1,10.0,2.0,12.85,1008.5,1.8,2.5,1175,Newport
2011-09-21,16.0,26,210.0,39,796.0,14.7,10.1,7.6,12.568,1006.3,1.7,2.5,1175,Newport
2011-09-22,9.4,18,200.0,25,684.0,15.1,8.9,0.7,12.035,1011.5,1.4,1.9,1175,Newport
2011-09-23,15.7,21,200.0,32,314.0,15.5,12.5,5.8,13.25,1004.7,1.4,1.8,1175,Newport
2011-09-24,13.2,20,150.0,25,1117.0,16.5,11.8,0.2,13.5,1002.2,1.9,2.7,1175,Newport
2011-09-25,13.0,25,210.0,33,788.0,16.1,8.3,7.5,13.167,1002.2,1.4,2.0,1175,Newport
2011-09-26,7.2,14,150.0,18,822.0,17.0,8.5,1.8,12.335,1010.7,1.5,1.9,1175,Newport
2011-09-27,13.8,20,150.0,28,423.0,19.5,12.8,0.8,14.557,1014.8,1.4,1.8,1175,Newport
2011-09-28,14.9,20,140.0,28,382.0,18.2,14.9,0.4,15.24,1011.0,1.4,1.8,1175,Newport
2011-09-29,11.5,23,130.0,31,747.0,18.5,13.3,1.2,15.795,1010.2,1.2,1.7,1175,Newport
2011-09-30,9.5,21,130.0,27,478.0,16.7,10.8,8.1,15.48,1012.5,0.8,1.2,1175,Newport
2011-10-01,8.3,14,350.0,17,647.0,15.4,9.8,1.4,13.337,1020.2,1.1,1.5,1175,Newport
2011-10-02,5.9,15,220.0,22,591.0,17.7,11.7,0.0,14.33,1016.2,1.3,1.6,1175,Newport
2011-10-03,11.7,21,260.0,31,728.0,15.1,10.5,1.2,13.257,1009.4,1.3,1.8,1175,Newport
2011-10-04,11.4,22,200.0,31,441.0,15.2,11.2,5.7,12.265,1010.0,1.3,1.7,1175,Newport
2011-10-05,16.4,22,210.0,36,368.0,14.6,8.1,10.6,13.325,1003.8,0.9,1.4,1175,Newport
2011-10-06,23.8,37,280.0,55,701.0,12.3,7.8,9.4,9.94,1010.9,1.7,2.7,1175,Newport
2011-10-07,12.5,23,280.0,35,1004.0,13.9,9.5,4.2,11.222,1021.0,1.7,2.2,1175,Newport
2011-10-08,10.1,16,250.0,25,146.0,14.9,11.3,7.0,12.618,1019.2,0.7,0.9,1175,Newport
2011-10-09,12.0,19,240.0,29,137.0,14.5,13.4,28.2,13.7,1011.2,0.5,0.8,1175,Newport
2011-10-10,11.2,18,240.0,30,338.0,15.5,12.0,34.6,14.225,1007.8,0.8,1.1,1175,Newport
2011-10-11,9.4,15,240.0,24,128.0,14.4,13.6,14.2,14.14,1011.9,0.5,0.7,1175,Newport
2011-10-12,6.6,12,290.0,20,736.0,16.6,11.4,4.5,14.658,1017.6,1.0,1.4,1175,Newport
2011-10-13,7.6,14,110.0,18,447.0,14.7,10.0,0.0,13.445,1022.1,0.7,1.0,1175,Newport
2011-10-14,11.3,17,140.0,24,307.0,16.0,13.2,0.9,13.91,1018.1,1.1,1.3,1175,Newport
2011-10-15,7.4,15,160.0,21,681.0,14.9,10.0,2.9,13.323,1015.6,0.9,1.3,1175,Newport
2011-10-16,12.6,23,200.0,32,646.0,13.9,8.9,5.7,11.852,1012.4,1.2,1.6,1175,Newport
2011-10-17,13.9,31,330.0,41,269.0,11.4,4.8,51.7,10.092,1003.0,0.7,1.0,1175,Newport
2011-10-18,16.0,28,290.0,40,580.0,11.5,5.8,10.8,8.34,1009.2,1.4,1.9,1175,Newport
2011-10-19,10.1,21,310.0,30,632.0,10.6,5.3,2.8,7.697,1020.1,1.1,1.5,1175,Newport
2011-10-20,9.7,20,200.0,28,210.0,12.5,6.2,7.2,8.82,1019.1,0.5,0.8,1175,Newport
2011-10-21,18.5,24,150.0,35,123.0,13.9,11.8,0.6,11.573,1007.3,1.2,1.6,1175,Newport
2011-10-22,9.1,24,150.0,34,375.0,13.6,7.9,8.0,11.198,997.2,1.0,1.2,1175,Newport
2011-10-23,10.8,21,120.0,30,143.0,13.8,9.0,16.8,10.275,983.1,0.7,0.9,1175,Newport
2011-10-24,8.6,18,120.0,28,289.0,14.0,7.9,1.8,11.57,978.5,0.6,0.8,1175,Newport
2011-10-25,3.3,11,250.0,15,242.0,10.1,5.2,0.7,9.16,987.4,0.5,0.6,1175,Newport
2011-10-26,11.0,24,200.0,30,272.0,10.7,5.3,2.7,8.125,991.5,0.5,0.8,1175,Newport
2011-10-27,6.8,15,260.0,20,507.0,12.3,6.4,1.1,8.79,1003.0,0.8,1.0,1175,Newport
2011-10-28,14.4,22,150.0,30,181.0,13.6,8.1,2.4,9.238,1008.8,1.0,1.2,1175,Newport
2011-10-29,14.5,23,190.0,33,286.0,14.1,11.1,6.2,11.405,1002.5,0.8,1.0,1175,Newport
2011-10-30,10.6,19,150.0,26,28.0,15.4,11.2,2.5,11.903,1001.7,0.7,0.9,1175,Newport
2011-10-31,11.6,20,140.0,28,255.0,15.3,7.5,10.1,12.135,995.6,0.6,0.8,1175,Newport
2011-11-01,12.2,23,130.0,33,567.0,13.6,7.4,1.9,9.938,993.8,0.9,1.1,1175,Newport
2011-11-02,19.4,29,140.0,41,35.0,13.2,11.1,11.1,11.55,982.0,0.6,0.9,1175,Newport
2011-11-03,11.7,21,130.0,30,358.0,14.2,8.9,2.2,11.497,978.4,0.7,0.9,1175,Newport
2011-11-04,6.2,14,190.0,22,442.0,12.4,5.8,5.7,9.315,991.0,0.5,0.7,1175,Newport
2011-11-05,3.0,8,250.0,13,599.0,12.9,4.0,0.2,7.685,1009.7,0.3,0.6,1175,Newport
2011-11-06,6.1,11,120.0,15,485.0,14.5,4.6,0.0,8.359,1021.1,0.7,0.8,1175,Newport
2011-11-07,8.6,15,120.0,19,581.0,10.4,5.1,0.2,7.66,1017.7,0.6,0.7,1175,Newport
2011-11-08,10.8,21,120.0,28,123.0,11.1,6.3,0.1,8.302,1006.6,0.8,1.0,1175,Newport
2011-11-09,11.1,20,120.0,27,335.0,13.6,8.4,0.0,9.615,1000.0,0.8,0.9,1175,Newport
2011-11-10,13.3,18,110.0,26,492.0,13.9,8.4,0.0,9.345,1004.5,0.9,1.1,1175,Newport
2011-11-11,20.4,29,140.0,39,233.0,14.8,10.3,2.4,10.515,998.4,1.4,1.8,1175,Newport
2011-11-12,12.9,28,200.0,38,407.0,12.3,8.6,0.9,9.413,1008.5,0.9,1.0,1175,Newport
2011-11-13,13.6,21,100.0,32,234.0,15.4,10.4,0.6,11.035,1015.9,1.0,1.1,1175,Newport
2011-11-14,11.0,24,110.0,30,126.0,13.9,9.0,0.0,11.623,1014.8,0.8,1.0,1175,Newport
2011-11-15,11.2,18,100.0,24,116.0,11.3,8.7,0.0,10.215,1011.6,0.8,1.0,1175,Newport
2011-11-16,8.6,15,130.0,22,127.0,12.9,8.0,0.6,9.685,1007.3,0.7,0.8,1175,Newport
2011-11-17,12.2,23,130.0,33,48.0,12.9,6.8,17.7,9.435,999.4,0.5,0.7,1175,Newport
2011-11-18,11.1,18,160.0,26,145.0,13.2,11.0,6.4,11.24,998.7,0.7,0.9,1175,Newport
2011-11-19,4.0,12,120.0,15,397.0,14.0,7.4,3.5,10.825,1006.0,0.1,0.3,1175,Newport
2011-11-20,8.1,14,140.0,19,141.0,11.6,6.5,1.7,9.765,1008.2,0.4,0.5,1175,Newport
2011-11-21,5.1,11,210.0,17,241.0,10.1,3.7,0.9,9.11,1009.5,0.2,0.3,1175,Newport
2011-11-22,11.0,22,200.0,30,306.0,12.1,2.6,0.4,7.106,1014.0,0.5,0.6,1175,Newport
2011-11-23,12.7,22,200.0,34,63.0,12.2,8.9,18.4,10.07,1013.4,0.5,0.7,1175,Newport
2011-11-24,18.2,35,200.0,48,40.0,14.1,6.0,8.6,9.895,1008.3,1.1,1.5,1175,Newport
2011-11-25,14.6,29,270.0,46,252.0,10.6,5.3,3.3,7.082,1015.2,0.8,1.0,1175,Newport
2011-11-26,19.5,31,200.0,46,17.0,12.8,9.5,23.9,9.8,1007.4,0.7,1.0,1175,Newport
2011-11-27,15.7,31,300.0,45,267.0,10.9,6.8,3.9,8.217,1010.7,0.8,1.0,1175,Newport
2011-11-28,13.7,24,160.0,33,38.0,12.5,7.8,19.2,8.517,1004.0,0.8,1.1,1175,Newport
2011-11-29,12.7,24,280.0,38,189.0,10.6,3.9,14.2,7.705,995.2,0.5,0.6,1175,Newport
2011-11-30,18.8,33,190.0,49,57.0,11.2,4.5,15.4,6.987,996.5,1.1,1.5,1175,Newport
2011-12-01,6.2,18,270.0,32,278.0,9.8,3.4,1.9,5.59,1001.1,0.5,0.6,1175,Newport
2011-12-02,11.3,23,290.0,36,38.0,10.3,3.0,17.6,5.961,1002.4,0.4,0.6,1175,Newport
2011-12-03,16.5,24,270.0,35,163.0,9.0,5.5,8.8,6.739,999.2,0.9,1.1,1175,Newport
2011-12-04,18.4,32,280.0,44,113.0,6.9,2.4,12.6,4.988,998.9,1.0,1.3,1175,Newport
2011-12-05,18.3,31,300.0,44,141.0,5.8,2.9,14.8,3.635,1002.3,1.0,1.4,1175,Newport
2011-12-06,13.5,25,270.0,40,81.0,8.6,3.3,9.3,4.499,1000.6,0.8,1.0,1175,Newport
2011-12-07,19.6,34,280.0,54,214.0,7.6,4.1,9.6,4.513,1004.6,0.9,1.2,1175,Newport
2011-12-08,23.7,36,280.0,51,136.0,10.5,3.0,19.1,,997.8,,,1175,Newport
2011-12-09,15.0,25,280.0,36,226.0,6.0,2.1,6.9,3.304,1007.8,1.0,1.1,1175,Newport
2011-12-10,9.0,19,200.0,29,87.0,9.1,2.3,5.4,4.073,1006.5,0.4,0.5,1175,Newport
2011-12-11,8.1,20,270.0,28,114.0,7.1,3.6,11.5,4.983,997.3,0.5,0.7,1175,Newport
2011-12-12,12.9,24,190.0,38,33.0,9.4,3.3,14.8,4.173,984.4,0.8,1.1,1175,Newport
2011-12-13,22.4,32,240.0,57,171.0,5.7,1.9,8.6,3.404,974.7,1.0,1.5,1175,Newport
2011-12-14,8.2,23,240.0,31,175.0,6.8,1.9,3.7,3.077,983.0,0.6,0.7,1175,Newport
2011-12-15,8.5,18,280.0,29,97.0,7.2,0.1,5.7,3.102,990.8,0.5,0.7,1175,Newport
2011-12-16,13.1,30,330.0,40,113.0,6.8,0.2,8.7,2.47,996.0,0.5,0.7,1175,Newport
2011-12-17,14.3,29,300.0,49,209.0,7.2,2.4,4.0,3.02,1011.9,1.0,1.1,1175,Newport
2011-12-18,6.7,15,280.0,20,193.0,8.3,3.6,5.2,3.336,1015.8,0.3,0.4,1175,Newport
2011-12-19,12.9,25,290.0,36,108.0,10.3,6.4,19.0,6.067,1009.5,0.5,0.7,1175,Newport
2011-12-20,9.0,19,260.0,32,55.0,11.4,6.4,16.3,6.569,1011.8,0.7,0.8,1175,Newport
2011-12-21,11.3,18,250.0,31,135.0,12.2,9.8,0.6,9.057,1015.0,0.4,0.5,1175,Newport
2011-12-22,14.0,25,200.0,36,82.0,12.2,8.1,8.6,9.485,1013.3,0.6,0.8,1175,Newport
2011-12-23,13.9,27,290.0,40,203.0,8.2,4.5,2.4,6.485,1016.3,0.5,0.6,1175,Newport
2011-12-24,12.7,18,200.0,32,23.0,9.9,6.0,9.4,6.923,1018.2,0.6,0.8,1175,Newport
2011-12-25,15.2,22,210.0,34,16.0,11.8,9.8,3.6,9.315,1014.1,0.6,0.8,1175,Newport
2011-12-26,19.6,30,200.0,45,38.0,12.5,6.8,5.2,10.048,1019.5,0.8,1.1,1175,Newport
2011-12-27,12.6,24,160.0,36,117.0,11.1,6.2,8.1,8.51,1015.5,0.6,0.8,1175,Newport
2011-12-28,23.4,36,290.0,63,173.0,8.1,4.5,10.4,6.193,1014.5,1.2,1.7,1175,Newport
2011-12-29,22.1,33,300.0,50,87.0,9.4,6.1,14.8,6.533,1018.3,1.0,1.5,1175,Newport
2011-12-30,10.6,19,250.0,30,23.0,10.9,8.0,13.1,8.177,1011.5,0.7,0.9,1175,Newport
2011-12-31,12.1,23,190.0,34,49.0,10.8,6.5,17.2,9.365,999.1,0.4,0.6,1175,Newport
2012-01-01,11.8,26,240.0,39,148.0,8.1,1.9,7.7,6.317,992.0,0.4,0.5,1175,Newport
2012-01-02,12.9,30,190.0,45,170.0,10.5,1.8,12.4,3.9,987.8,1.0,1.1,1175,Newport
2012-01-03,26.2,37,290.0,55,193.0,11.5,4.4,3.0,5.566,991.7,1.1,1.5,1175,Newport
2012-01-04,20.4,33,270.0,47,21.0,10.8,5.4,14.4,5.968,1006.4,1.0,1.5,1175,Newport
2012-01-05,22.8,38,290.0,60,200.0,10.9,7.1,0.3,6.863,1010.8,1.7,2.2,1175,Newport
2012-01-06,10.6,21,270.0,35,49.0,10.3,6.7,9.3,7.372,1019.8,0.6,0.8,1175,Newport
2012-01-07,10.5,23,270.0,36,54.0,9.0,7.9,0.1,6.843,1021.2,0.9,1.0,1175,Newport
2012-01-08,9.6,21,200.0,32,97.0,10.1,8.4,3.4,8.263,1021.9,0.4,0.5,1175,Newport
2012-01-09,8.6,18,300.0,28,267.0,10.0,7.1,4.1,7.894,1023.0,0.4,0.5,1175,Newport
2012-01-10,6.9,15,200.0,23,99.0,10.1,8.3,14.6,8.39,1024.3,0.5,0.6,1175,Newport
2012-01-11,9.0,21,250.0,32,135.0,10.3,7.9,2.6,9.153,1024.5,0.3,0.4,1175,Newport
2012-01-12,8.2,22,260.0,33,244.0,10.4,3.7,0.7,8.092,1026.4,0.2,0.3,1175,Newport
2012-01-13,5.7,14,130.0,18,116.0,8.9,5.1,0.3,7.233,1028.0,0.4,0.5,1175,Newport
2012-01-14,11.2,20,110.0,27,148.0,7.5,4.9,0.0,6.574,1019.3,0.5,0.7,1175,Newport
2012-01-15,13.2,25,110.0,32,217.0,7.0,3.3,0.0,5.127,1014.2,0.8,1.0,1175,Newport
2012-01-16,11.4,19,140.0,25,198.0,8.2,2.4,0.0,4.378,1015.3,0.7,0.8,1175,Newport
2012-01-17,12.7,18,130.0,24,95.0,11.1,7.2,7.2,7.022,1012.9,0.6,0.7,1175,Newport
2012-01-18,9.5,21,280.0,32,211.0,11.0,6.7,2.2,7.577,1014.9,0.5,0.6,1175,Newport
2012-01-19,16.9,28,280.0,40,189.0,8.1,5.0,6.5,5.748,1017.0,1.1,1.4,1175,Newport
2012-01-20,16.5,29,270.0,42,115.0,10.4,7.2,4.6,7.372,1016.0,0.7,1.0,1175,Newport
2012-01-21,19.7,29,280.0,47,166.0,9.9,6.8,1.1,7.22,1012.9,1.0,1.4,1175,Newport
2012-01-22,16.5,39,290.0,52,219.0,9.9,5.9,0.8,6.684,1013.3,1.1,1.4,1175,Newport
2012-01-23,5.3,12,210.0,20,253.0,9.8,5.2,6.5,6.412,1015.1,0.4,0.5,1175,Newport
2012-01-24,11.7,26,200.0,35,75.0,11.0,9.2,15.3,8.592,1008.5,0.6,0.8,1175,Newport
2012-01-25,16.2,31,170.0,44,56.0,11.3,1.7,11.7,7.881,997.6,0.8,1.1,1175,Newport
2012-01-26,15.8,30,320.0,43,247.0,6.9,1.2,14.3,4.51,1000.9,0.8,1.0,1175,Newport
2012-01-27,13.8,26,290.0,36,254.0,7.8,2.0,3.3,4.247,1017.5,0.9,1.2,1175,Newport
2012-01-28,4.5,9,240.0,14,95.0,9.4,1.9,18.0,4.716,1025.8,0.4,0.5,1175,Newport
2012-01-29,4.2,10,270.0,14,216.0,10.0,7.4,6.6,7.943,1021.6,0.3,0.4,1175,Newport
2012-01-30,11.6,17,100.0,26,72.0,7.6,4.5,1.1,6.987,1016.8,0.4,0.6,1175,Newport
2012-01-31,10.3,15,110.0,23,145.0,5.1,0.1,1.1,5.124,1022.2,0.5,0.7,1175,Newport
2012-02-01,9.8,16,120.0,20,488.0,4.2,0.1,0.0,2.964,1031.1,0.7,0.9,1175,Newport
2012-02-02,12.0,17,120.0,22,540.0,4.3,-2.0,0.0,1.234,1032.1,0.7,0.9,1175,Newport
2012-02-03,11.8,16,120.0,21,42.0,7.8,-1.1,0.7,1.56,1029.9,0.6,0.8,1175,Newport
2012-02-04,11.8,24,200.0,35,196.0,9.6,5.4,5.2,5.52,1023.8,0.8,1.1,1175,Newport
2012-02-05,4.7,10,270.0,15,132.0,9.7,6.1,3.5,5.885,1026.6,0.6,0.7,1175,Newport
2012-02-06,3.1,9,230.0,12,227.0,10.7,7.7,0.3,8.0,1030.1,0.3,0.5,1175,Newport
2012-02-07,12.1,18,130.0,27,200.0,8.9,7.2,0.0,7.908,1030.7,0.5,0.7,1175,Newport
2012-02-08,11.9,18,120.0,24,45.0,8.8,6.7,26.8,7.407,1029.6,0.6,0.8,1175,Newport
2012-02-09,5.7,9,250.0,17,34.0,10.6,8.7,28.4,8.64,1030.6,0.5,0.6,1175,Newport
2012-02-10,4.4,10,200.0,15,156.0,10.9,6.5,4.4,8.945,1028.3,0.4,0.6,1175,Newport
2012-02-11,3.6,14,350.0,16,239.0,10.1,2.9,4.4,7.41,1029.3,0.4,0.6,1175,Newport
2012-02-12,4.3,11,290.0,16,432.0,10.4,1.7,0.1,6.425,1033.3,0.5,0.7,1175,Newport
2012-02-13,13.0,22,330.0,29,307.0,8.7,6.1,0.8,7.012,1033.6,0.9,1.1,1175,Newport
2012-02-14,18.6,29,340.0,36,238.0,8.9,6.6,0.0,6.7,1033.5,1.0,1.5,1175,Newport
2012-02-15,15.9,25,330.0,32,645.0,10.6,7.6,0.2,7.756,1032.5,1.4,1.9,1175,Newport
2012-02-16,9.4,15,250.0,25,88.0,10.0,8.1,4.2,8.055,1026.4,0.9,1.1,1175,Newport
2012-02-17,8.5,15,210.0,27,94.0,10.0,8.0,6.0,8.84,1014.1,0.5,0.7,1175,Newport
2012-02-18,17.7,29,290.0,54,656.0,8.8,2.6,17.4,6.477,1010.6,0.7,1.2,1175,Newport
2012-02-19,7.0,18,330.0,28,685.0,9.7,1.9,2.1,5.324,1022.7,0.8,1.1,1175,Newport
2012-02-20,12.5,19,210.0,27,108.0,9.8,6.5,12.7,7.328,1019.9,0.6,0.8,1175,Newport
2012-02-21,15.5,25,200.0,35,238.0,11.9,9.4,4.0,9.198,1014.0,0.7,1.0,1175,Newport
2012-02-22,14.5,28,200.0,45,182.0,11.8,9.9,9.8,10.137,1009.2,0.6,0.9,1175,Newport
2012-02-23,10.1,16,210.0,27,115.0,11.3,9.3,7.3,10.18,1016.8,0.5,0.7,1175,Newport
2012-02-24,7.1,18,280.0,25,617.0,11.2,6.3,2.5,9.535,1023.2,0.9,1.2,1175,Newport
2012-02-25,5.4,11,260.0,18,448.0,9.9,6.0,0.4,8.185,1025.9,0.8,1.1,1175,Newport
2012-02-26,9.5,18,200.0,27,192.0,10.6,6.5,3.4,8.74,1021.7,0.5,0.7,1175,Newport
2012-02-27,10.2,15,210.0,24,96.0,10.5,9.6,9.5,9.725,1017.4,0.4,0.6,1175,Newport
2012-02-28,9.7,15,210.0,22,383.0,11.2,8.3,0.3,10.095,1018.1,0.8,1.1,1175,Newport
2012-02-29,10.1,15,120.0,21,239.0,12.0,8.6,0.0,9.337,1014.9,1.1,1.4,1175,Newport
2012-03-01,7.7,18,210.0,26,419.0,11.4,3.6,0.3,9.35,1018.0,0.7,1.0,1175,Newport
2012-03-02,15.0,28,130.0,38,723.0,11.5,6.0,0.0,7.998,1012.4,1.2,1.8,1175,Newport
2012-03-03,13.9,26,150.0,37,760.0,10.7,2.0,5.8,8.297,1006.0,1.1,1.7,1175,Newport
2012-03-04,7.6,17,250.0,25,930.0,9.1,0.6,2.6,5.877,1019.2,1.0,1.5,1175,Newport
2012-03-05,5.6,16,310.0,24,920.0,11.4,3.4,1.6,6.856,1025.1,1.1,1.5,1175,Newport
2012-03-06,13.7,25,210.0,38,114.0,11.6,5.1,11.4,7.61,1013.4,0.9,1.2,1175,Newport
2012-03-07,18.9,26,280.0,42,921.0,10.0,3.5,5.6,7.314,1012.6,1.0,1.7,1175,Newport
2012-03-08,12.8,21,200.0,30,249.0,10.5,5.8,0.4,7.228,1022.4,1.0,1.4,1175,Newport
2012-03-09,11.1,19,210.0,29,188.0,11.2,9.8,2.2,9.54,1026.0,0.6,0.8,1175,Newport
2012-03-10,7.2,11,240.0,19,630.0,12.0,7.8,2.6,10.675,1033.8,0.7,1.1,1175,Newport
2012-03-11,6.9,11,240.0,16,577.0,10.9,7.5,0.8,10.33,1035.2,0.8,1.1,1175,Newport
2012-03-12,4.1,8,200.0,11,327.0,10.8,7.4,0.2,9.745,1032.1,0.9,1.1,1175,Newport
2012-03-13,4.5,8,100.0,11,274.0,10.0,7.4,0.0,9.335,1029.3,0.8,1.1,1175,Newport
2012-03-14,8.6,16,200.0,21,324.0,11.7,7.1,0.0,9.05,1023.8,1.1,1.4,1175,Newport
2012-03-15,5.4,13,200.0,17,294.0,12.6,7.1,9.8,9.038,1014.7,0.8,1.1,1175,Newport
2012-03-16,7.7,20,180.0,29,660.0,10.7,4.1,3.9,9.307,1007.3,0.9,1.3,1175,Newport
2012-03-17,5.6,17,0.0,21,359.0,8.1,1.6,14.7,6.202,1009.8,0.8,1.1,1175,Newport
2012-03-18,5.1,15,310.0,20,1198.0,11.7,1.5,0.3,6.745,1019.2,1.4,1.9,1175,Newport
2012-03-19,12.9,21,210.0,32,503.0,11.7,5.1,2.4,8.008,1025.2,1.1,1.6,1175,Newport
2012-03-20,16.3,25,200.0,33,804.0,12.6,9.6,0.3,9.52,1026.3,1.8,2.6,1175,Newport
2012-03-21,11.7,19,200.0,26,464.0,11.6,8.4,0.0,9.432,1026.8,1.5,2.0,1175,Newport
2012-03-22,10.0,19,110.0,26,1306.0,15.4,4.0,0.0,9.284,1023.3,2.0,2.8,1175,Newport
2012-03-23,11.5,17,140.0,24,723.0,11.9,6.8,0.4,9.688,1018.2,1.3,1.9,1175,Newport
2012-03-24,11.4,18,120.0,27,626.0,16.0,7.1,0.0,9.417,1019.8,1.9,2.5,1175,Newport
2012-03-25,6.5,12,100.0,18,1408.0,18.1,7.5,0.0,11.24,1025.8,2.0,2.8,1175,Newport
2012-03-26,9.7,19,120.0,22,1643.0,18.5,8.3,0.0,11.65,1030.2,2.9,3.8,1175,Newport
2012-03-27,7.0,15,90.0,20,1608.0,20.0,7.1,0.0,12.193,1031.9,2.8,3.7,1175,Newport
2012-03-28,6.1,15,330.0,17,1593.0,21.1,4.3,0.0,11.645,1031.9,2.7,3.5,1175,Newport
2012-03-29,7.9,16,350.0,19,1206.0,18.3,4.8,0.0,10.66,1031.3,2.4,3.1,1175,Newport
2012-03-30,9.8,15,320.0,18,490.0,11.4,8.1,0.0,10.288,1027.3,1.2,1.7,1175,Newport
2012-03-31,9.6,14,330.0,23,1207.0,12.4,6.2,0.0,11.055,1022.8,1.6,2.4,1175,Newport
2012-04-01,5.1,12,350.0,14,797.0,12.4,4.0,0.0,9.667,1019.5,1.3,1.8,1175,Newport
2012-04-02,4.9,13,290.0,17,796.0,13.6,7.2,1.9,10.243,1011.2,1.5,2.0,1175,Newport
2012-04-03,14.2,23,0.0,36,1440.0,8.9,2.5,4.2,,1010.2,,,1175,Newport
2012-04-04,10.3,19,30.0,30,1174.0,7.9,2.1,0.6,,1020.5,,,1175,Newport
2012-04-05,5.4,15,350.0,20,996.0,10.1,2.8,2.1,7.72,1022.7,1.1,1.7,1175,Newport
2012-04-06,8.8,19,330.0,24,598.0,10.6,5.1,0.9,8.481,1017.7,0.9,1.3,1175,Newport
2012-04-07,13.7,28,340.0,32,1089.0,12.3,8.4,0.7,10.302,1016.1,1.3,2.2,1175,Newport
2012-04-08,8.6,16,290.0,24,448.0,10.5,7.6,2.7,9.538,1008.1,1.0,1.4,1175,Newport
2012-04-09,9.2,19,270.0,31,759.0,10.1,4.4,14.2,9.13,989.2,1.1,1.6,1175,Newport
2012-04-10,8.4,20,330.0,25,1741.0,11.9,3.7,4.1,8.867,987.0,2.2,3.2,1175,Newport
2012-04-11,9.1,23,330.0,28,1593.0,11.5,2.5,1.6,8.45,997.5,1.7,2.7,1175,Newport
2012-04-12,6.8,17,310.0,21,1081.0,10.0,5.3,5.1,8.568,1004.0,1.4,2.0,1175,Newport
2012-04-13,7.8,18,0.0,22,1625.0,11.2,1.3,0.7,8.536,1005.7,1.9,2.9,1175,Newport
2012-04-14,9.7,16,0.0,23,1981.0,10.7,3.1,0.0,8.612,1013.8,2.4,3.7,1175,Newport
2012-04-15,4.6,8,10.0,12,1466.0,12.4,2.5,0.0,8.865,1022.5,2.1,2.8,1175,Newport
2012-04-16,14.0,25,250.0,40,419.0,10.9,5.8,13.0,8.655,1009.2,1.0,1.5,1175,Newport
2012-04-17,12.6,24,210.0,34,942.0,9.7,5.3,11.5,8.455,985.2,1.4,2.2,1175,Newport
2012-04-18,11.2,28,330.0,35,1367.0,10.8,5.1,4.5,9.137,984.1,1.7,2.7,1175,Newport
2012-04-19,9.1,18,320.0,24,1488.0,12.2,4.6,2.4,9.052,989.9,2.0,2.9,1175,Newport
2012-04-20,9.9,18,330.0,24,1608.0,11.6,4.4,1.9,9.517,992.1,2.1,3.2,1175,Newport
2012-04-21,11.0,17,300.0,26,1648.0,13.8,5.8,2.1,9.948,996.6,2.5,3.7,1175,Newport
2012-04-22,7.8,14,310.0,19,1450.0,13.8,6.3,0.8,10.455,997.5,2.1,3.0,1175,Newport
2012-04-23,8.3,17,330.0,23,1700.0,12.2,4.2,0.5,10.575,996.3,2.1,3.1,1175,Newport
2012-04-24,6.0,12,350.0,22,1864.0,14.5,3.8,1.5,11.288,994.8,2.4,3.5,1175,Newport
2012-04-25,16.2,27,20.0,40,1427.0,10.4,4.4,1.8,9.352,987.1,1.9,3.2,1175,Newport
2012-04-26,18.2,24,10.0,39,911.0,9.4,4.4,1.7,8.637,998.2,1.7,2.8,1175,Newport
2012-04-27,10.5,18,0.0,30,1658.0,9.9,3.5,0.7,7.967,1014.2,2.3,3.5,1175,Newport
2012-04-28,11.7,18,340.0,24,2285.0,11.1,3.6,0.1,8.908,1021.1,2.7,4.3,1175,Newport
2012-04-29,14.2,25,0.0,38,2376.0,10.6,2.8,0.0,8.997,1015.4,2.5,4.4,1175,Newport
2012-04-30,12.6,20,90.0,32,1532.0,14.9,6.4,0.2,10.122,1012.5,2.7,3.9,1175,Newport
2012-05-01,10.8,16,80.0,29,980.0,16.3,8.2,0.6,11.15,1018.6,2.4,3.2,1175,Newport
2012-05-02,6.4,12,340.0,16,1209.0,15.9,9.0,0.0,12.125,1020.3,2.3,3.1,1175,Newport
2012-05-03,14.0,24,0.0,29,1848.0,15.2,8.4,0.0,13.165,1013.5,2.6,4.1,1175,Newport
2012-05-04,13.7,21,0.0,32,1634.0,10.6,5.0,2.4,11.373,1009.8,1.8,3.2,1175,Newport
2012-05-05,8.2,14,20.0,21,1000.0,9.8,4.4,0.0,8.903,1011.5,2.0,2.7,1175,Newport
2012-05-06,6.9,13,100.0,22,1699.0,12.2,3.1,0.0,10.217,1009.8,2.6,3.6,1175,Newport
2012-05-07,8.4,15,70.0,26,1460.0,12.7,3.8,9.1,10.53,1003.6,1.9,2.9,1175,Newport
2012-05-08,11.3,24,350.0,30,2185.0,10.9,3.8,1.5,11.06,1002.8,2.5,4.1,1175,Newport
2012-05-09,6.9,14,10.0,21,1659.0,13.3,2.2,0.5,10.467,1002.6,2.3,3.3,1175,Newport
2012-05-10,13.1,20,340.0,27,365.0,8.2,6.4,11.2,9.185,1005.4,1.1,1.6,1175,Newport
2012-05-11,12.6,25,350.0,36,2689.0,11.8,4.9,0.8,10.297,1024.6,3.1,5.1,1175,Newport
2012-05-12,8.7,14,230.0,22,2411.0,14.7,5.6,0.0,11.685,1035.0,3.0,4.5,1175,Newport
2012-05-13,16.3,24,210.0,38,593.0,11.1,6.5,15.2,10.422,1022.5,1.2,1.9,1175,Newport
2012-05-14,16.9,28,310.0,38,1895.0,11.7,3.8,6.0,9.788,1013.1,2.4,4.2,1175,Newport
2012-05-15,14.7,25,320.0,37,2178.0,10.6,4.2,4.2,9.624,1019.9,2.6,4.4,1175,Newport
2012-05-16,5.8,13,210.0,19,1359.0,11.8,4.6,2.7,10.29,1021.2,1.9,2.8,1175,Newport
2012-05-17,6.3,13,340.0,16,1355.0,12.1,5.8,3.0,11.772,1012.8,1.9,2.7,1175,Newport
2012-05-18,9.5,16,10.0,25,1350.0,12.1,7.0,0.6,11.267,1008.5,2.0,3.0,1175,Newport
2012-05-19,5.8,14,350.0,20,852.0,12.4,7.6,0.0,11.105,1010.5,1.7,2.3,1175,Newport
2012-05-20,7.7,14,230.0,22,1553.0,16.2,8.3,0.2,12.825,1008.8,2.5,3.5,1175,Newport
2012-05-21,9.2,18,140.0,25,947.0,16.9,10.3,0.5,13.562,1006.5,1.9,2.7,1175,Newport
2012-05-22,12.3,19,120.0,25,1002.0,18.4,12.6,2.5,14.548,1011.3,2.1,3.0,1175,Newport
2012-05-23,13.3,25,140.0,34,1947.0,19.1,11.7,0.3,15.34,1019.7,3.1,4.7,1175,Newport
2012-05-24,6.8,12,350.0,16,2248.0,22.2,12.7,0.0,17.945,1024.3,3.7,5.1,1175,Newport
2012-05-25,9.4,15,90.0,22,2541.0,26.8,14.2,0.0,19.698,1020.5,4.9,6.6,1175,Newport
2012-05-26,13.0,21,100.0,33,2851.0,24.9,14.5,0.0,20.485,1016.5,5.6,7.7,1175,Newport
2012-05-27,8.3,14,140.0,22,2730.0,25.3,14.3,0.0,21.81,1015.0,5.1,6.8,1175,Newport
2012-05-28,8.7,19,160.0,25,2656.0,22.6,13.0,0.0,22.225,1013.2,4.5,6.3,1175,Newport
2012-05-29,5.3,11,170.0,15,1628.0,19.8,11.1,2.1,20.097,1013.3,2.7,3.7,1175,Newport
2012-05-30,7.0,13,250.0,20,1731.0,18.9,12.6,2.8,18.677,1013.6,2.9,4.0,1175,Newport
2012-05-31,4.6,9,200.0,15,685.0,15.8,11.8,8.7,16.81,1015.2,1.2,1.7,1175,Newport
2012-06-01,4.9,12,350.0,16,1203.0,19.6,12.4,6.6,17.72,1015.8,2.1,2.8,1175,Newport
2012-06-02,6.7,14,90.0,20,555.0,15.8,11.1,6.4,15.997,1009.5,1.4,1.9,1175,Newport
2012-06-03,5.8,12,0.0,17,797.0,13.5,10.2,6.8,14.257,1008.7,1.5,2.1,1175,Newport
2012-06-04,6.2,13,140.0,17,1809.0,17.6,8.2,0.0,15.295,1013.2,3.1,4.2,1175,Newport
2012-06-05,6.7,13,120.0,18,683.0,14.2,8.3,3.3,13.948,1004.1,1.3,1.8,1175,Newport
2012-06-06,5.3,14,330.0,17,2041.0,19.4,10.5,0.1,16.815,995.3,3.1,4.3,1175,Newport
2012-06-07,14.0,33,330.0,43,454.0,13.1,11.2,23.8,14.328,989.8,1.1,1.7,1175,Newport
2012-06-08,23.0,34,330.0,45,505.0,11.4,9.7,28.9,11.335,995.3,1.3,2.3,1175,Newport
2012-06-09,9.2,16,300.0,26,2770.0,16.6,8.7,0.0,14.39,1006.0,3.8,5.7,1175,Newport
2012-06-10,5.8,12,330.0,16,2832.0,17.7,5.1,0.0,16.423,1005.7,3.6,5.2,1175,Newport
2012-06-11,9.2,15,350.0,19,1589.0,17.5,8.7,2.4,15.64,1005.1,2.6,3.7,1175,Newport
2012-06-12,13.7,19,350.0,24,2222.0,14.4,9.6,1.0,15.328,1010.0,2.8,4.7,1175,Newport
2012-06-13,7.3,13,350.0,17,1053.0,14.2,9.2,0.3,14.36,1012.2,2.0,2.8,1175,Newport
2012-06-14,11.6,18,70.0,31,746.0,13.2,9.9,10.7,13.507,1003.6,1.4,2.1,1175,Newport
2012-06-15,12.9,19,70.0,31,932.0,15.7,10.9,6.4,13.57,992.7,1.8,2.7,1175,Newport
2012-06-16,14.3,21,350.0,28,657.0,12.4,9.0,0.3,12.972,1000.5,1.2,2.0,1175,Newport
2012-06-17,5.1,11,340.0,16,2965.0,17.6,7.6,0.3,15.55,1011.6,4.2,5.8,1175,Newport
2012-06-18,5.8,13,140.0,17,1274.0,13.9,8.0,5.6,14.56,1011.4,1.9,2.7,1175,Newport
2012-06-19,4.9,9,210.0,15,2457.0,17.6,8.1,0.5,16.263,1012.7,3.4,4.8,1175,Newport
2012-06-20,6.7,14,150.0,18,1337.0,17.0,10.6,0.8,16.202,1010.0,2.3,3.2,1175,Newport
2012-06-21,8.3,17,350.0,23,511.0,12.3,10.4,14.9,14.358,1002.8,0.9,1.4,1175,Newport
2012-06-22,16.1,22,290.0,33,1261.0,15.8,11.2,1.1,13.878,1005.0,2.4,3.7,1175,Newport
2012-06-23,9.1,16,200.0,24,814.0,14.5,10.8,9.0,14.155,1008.2,1.4,2.0,1175,Newport
2012-06-24,6.6,14,330.0,17,2197.0,18.5,9.9,0.1,16.49,1010.8,3.2,4.6,1175,Newport
2012-06-25,5.8,12,120.0,17,1912.0,19.5,9.2,0.0,16.725,1013.3,3.1,4.2,1175,Newport
2012-06-26,9.8,17,250.0,26,1487.0,17.8,12.3,3.5,17.67,1010.7,2.2,3.3,1175,Newport
2012-06-27,6.9,12,210.0,17,649.0,17.7,14.2,8.6,16.985,1007.0,1.3,1.8,1175,Newport
2012-06-28,8.4,16,220.0,24,1636.0,17.7,12.0,10.8,17.288,995.4,2.3,3.5,1175,Newport
2012-06-29,9.6,16,220.0,23,1060.0,16.0,10.7,7.5,16.343,990.7,1.7,2.5,1175,Newport
2012-06-30,14.3,22,270.0,33,1509.0,14.4,9.7,10.2,14.675,1000.8,2.3,3.7,1175,Newport
2012-07-01,8.4,15,120.0,23,894.0,14.1,10.1,5.7,14.493,1004.3,1.5,2.2,1175,Newport
2012-07-02,4.4,10,230.0,14,1643.0,20.2,12.9,0.7,17.347,1003.2,2.7,3.6,1175,Newport
2012-07-03,7.9,13,130.0,18,501.0,17.3,11.9,7.8,16.62,1001.4,1.1,1.5,1175,Newport
2012-07-04,7.1,12,350.0,18,1218.0,17.6,11.7,3.0,16.43,1002.4,2.1,2.9,1175,Newport
2012-07-05,5.7,10,0.0,14,1710.0,21.3,12.5,3.6,18.308,1007.2,2.9,4.0,1175,Newport
2012-07-06,9.7,18,0.0,22,1162.0,18.9,13.4,0.0,18.18,1008.3,1.9,2.8,1175,Newport
2012-07-07,13.3,19,0.0,25,818.0,16.0,12.7,0.2,16.833,1008.4,1.3,2.1,1175,Newport
2012-07-08,13.6,18,340.0,25,942.0,13.4,10.6,0.4,15.325,1009.8,1.4,2.3,1175,Newport
2012-07-09,12.3,23,350.0,29,749.0,13.4,10.2,3.4,14.198,1011.4,1.5,2.2,1175,Newport
2012-07-10,13.2,24,330.0,32,2311.0,15.6,10.1,1.2,15.435,1011.4,2.7,4.6,1175,Newport
2012-07-11,9.0,20,320.0,27,1768.0,15.2,9.4,0.2,15.163,1010.7,2.7,3.9,1175,Newport
2012-07-12,6.7,14,120.0,20,1825.0,17.2,7.3,0.4,15.655,1006.4,2.6,3.7,1175,Newport
2012-07-13,10.7,21,0.0,27,1820.0,16.7,10.2,0.0,16.215,1002.4,2.8,4.2,1175,Newport
2012-07-14,8.6,17,350.0,22,1211.0,14.3,9.5,0.1,14.76,1007.6,2.2,3.1,1175,Newport
2012-07-15,7.8,13,240.0,20,2181.0,17.8,8.4,0.1,16.167,1011.1,2.9,4.3,1175,Newport
2012-07-16,6.7,12,240.0,19,853.0,17.5,12.4,2.2,16.622,1012.5,1.4,2.0,1175,Newport
2012-07-17,7.4,13,330.0,19,286.0,15.5,12.9,19.9,15.605,1013.5,0.7,1.0,1175,Newport
2012-07-18,10.2,16,270.0,23,1663.0,19.1,12.1,2.1,16.42,1008.5,2.6,3.8,1175,Newport
2012-07-19,8.4,14,330.0,20,1097.0,15.0,9.9,0.1,15.047,1011.8,2.0,2.8,1175,Newport
2012-07-20,5.1,13,0.0,20,1302.0,16.6,9.5,0.0,15.177,1017.3,2.4,3.2,1175,Newport
2012-07-21,5.8,13,180.0,19,1330.0,18.8,8.9,0.4,15.565,1018.5,2.3,3.1,1175,Newport
2012-07-22,14.2,24,210.0,34,383.0,19.6,15.0,4.6,16.292,1014.4,1.5,2.0,1175,Newport
2012-07-23,5.9,11,200.0,16,1001.0,17.2,13.0,12.4,16.66,1012.6,1.7,2.3,1175,Newport
2012-07-24,4.0,8,360.0,11,798.0,16.6,11.4,6.0,16.398,1015.3,1.4,1.9,1175,Newport
2012-07-25,6.7,13,350.0,18,1962.0,19.0,10.4,0.1,16.802,1018.5,2.9,4.1,1175,Newport
2012-07-26,7.1,16,300.0,21,2431.0,19.9,11.5,0.9,18.14,1017.2,3.6,5.0,1175,Newport
2012-07-27,12.3,21,280.0,28,1627.0,16.6,11.2,0.6,16.66,1013.7,2.6,4.0,1175,Newport
2012-07-28,11.8,22,330.0,29,1117.0,14.1,10.4,8.2,14.698,1010.2,1.9,2.9,1175,Newport
2012-07-29,9.6,16,310.0,23,1609.0,15.7,9.8,2.0,14.245,1009.8,2.5,3.7,1175,Newport
2012-07-30,4.6,9,350.0,13,2385.0,18.9,8.1,0.1,16.37,1009.8,3.3,4.6,1175,Newport
2012-07-31,10.6,20,150.0,26,386.0,15.8,10.4,18.2,15.305,1000.2,0.9,1.4,1175,Newport
2012-08-01,13.3,19,130.0,29,1487.0,17.9,11.2,1.7,,992.2,,,1175,Newport
2012-08-02,13.5,20,150.0,28,697.0,16.3,11.5,0.6,14.76,998.1,1.6,2.3,1175,Newport
2012-08-03,7.9,14,130.0,20,1133.0,18.0,12.5,4.5,15.967,999.7,2.0,2.8,1175,Newport
2012-08-04,12.8,19,350.0,25,1561.0,19.2,13.1,0.4,16.448,1003.5,2.7,4.0,1175,Newport
2012-08-05,10.3,18,340.0,23,911.0,15.1,11.2,0.0,15.41,1005.9,1.7,2.5,1175,Newport
2012-08-06,4.8,10,280.0,15,1153.0,16.7,10.8,1.1,16.007,1008.3,1.8,2.5,1175,Newport
2012-08-07,4.5,11,0.0,15,1534.0,20.9,12.3,0.0,17.778,1014.4,2.6,3.5,1175,Newport
2012-08-08,5.0,9,20.0,12,2037.0,23.7,13.0,0.0,19.44,1020.3,3.4,4.5,1175,Newport
2012-08-09,4.3,9,210.0,13,2068.0,23.7,14.1,0.0,20.89,1023.5,3.3,4.4,1175,Newport
2012-08-10,7.7,13,100.0,18,2147.0,26.0,14.3,0.0,21.365,1021.3,3.7,5.0,1175,Newport
2012-08-11,11.5,19,130.0,27,1327.0,23.0,15.2,0.0,20.042,1012.4,3.0,4.0,1175,Newport
2012-08-12,7.1,13,140.0,17,1188.0,21.2,14.8,2.0,19.403,1002.6,2.2,2.9,1175,Newport
2012-08-13,9.8,17,210.0,25,1411.0,20.4,14.0,1.7,18.85,997.1,2.5,3.5,1175,Newport
2012-08-14,6.4,14,150.0,18,1673.0,21.4,14.3,6.4,19.565,1000.7,2.7,3.7,1175,Newport
2012-08-15,15.1,26,110.0,38,562.0,18.8,13.7,8.4,17.46,990.7,1.5,2.1,1175,Newport
2012-08-16,12.7,22,190.0,32,1329.0,20.2,13.8,2.5,17.075,991.8,2.6,3.7,1175,Newport
2012-08-17,5.5,13,130.0,18,1968.0,21.8,13.1,1.3,19.38,999.6,2.9,4.0,1175,Newport
2012-08-18,9.3,16,170.0,23,1066.0,20.5,13.9,1.4,18.702,1004.8,2.0,2.8,1175,Newport
2012-08-19,10.8,17,150.0,22,780.0,19.4,15.3,4.8,17.817,1008.5,1.7,2.3,1175,Newport
2012-08-20,9.1,15,210.0,23,1397.0,19.9,13.3,1.8,18.192,1010.7,2.1,3.1,1175,Newport
2012-08-21,10.2,17,210.0,26,1465.0,18.3,13.0,11.4,17.385,1010.2,2.2,3.2,1175,Newport
2012-08-22,9.2,17,240.0,24,1598.0,18.7,12.5,5.6,17.228,1010.7,2.3,3.4,1175,Newport
2012-08-23,5.8,14,220.0,21,697.0,16.3,11.5,15.2,16.192,1006.2,1.2,1.7,1175,Newport
2012-08-24,8.2,14,350.0,18,625.0,16.1,12.2,2.5,15.548,998.8,1.3,1.7,1175,Newport
2012-08-25,9.5,19,330.0,25,1346.0,17.0,10.3,1.3,15.825,1004.7,2.0,2.9,1175,Newport
2012-08-26,10.4,25,140.0,34,1069.0,18.6,8.7,1.6,14.873,1004.6,1.8,2.6,1175,Newport
2012-08-27,13.7,23,140.0,32,1477.0,18.1,12.3,3.9,16.288,997.0,2.1,3.3,1175,Newport
2012-08-28,12.7,20,120.0,28,1238.0,16.9,11.2,10.9,15.238,999.4,2.0,3.0,1175,Newport
2012-08-29,12.7,22,350.0,31,941.0,16.8,11.4,5.8,15.02,1002.6,1.6,2.3,1175,Newport
2012-08-30,8.6,23,350.0,30,1300.0,16.7,9.1,0.0,14.033,1019.7,2.2,3.1,1175,Newport
2012-08-31,10.0,17,240.0,24,612.0,17.5,11.4,3.0,14.85,1025.2,1.5,2.0,1175,Newport
2012-09-01,12.5,20,210.0,31,329.0,16.4,13.1,11.2,15.085,1019.0,0.8,1.2,1175,Newport
2012-09-02,5.2,10,240.0,14,813.0,17.1,11.4,0.1,15.548,1020.9,1.3,1.8,1175,Newport
2012-09-03,7.6,15,220.0,26,261.0,18.8,12.3,6.3,15.365,1020.8,0.9,1.1,1175,Newport
2012-09-04,8.6,16,300.0,23,1641.0,17.4,11.5,0.0,15.35,1023.8,2.4,3.4,1175,Newport
2012-09-05,4.3,10,330.0,15,1308.0,18.2,9.4,0.0,15.372,1027.7,2.0,2.7,1175,Newport
2012-09-06,13.4,20,240.0,32,507.0,15.4,8.7,1.6,14.17,1023.0,0.7,1.2,1175,Newport
2012-09-07,6.7,14,240.0,23,756.0,18.2,14.1,3.0,16.208,1020.2,1.2,1.7,1175,Newport
2012-09-08,6.0,14,240.0,21,1036.0,17.5,11.1,0.6,16.507,1012.3,1.5,2.0,1175,Newport
2012-09-09,10.7,18,130.0,25,442.0,18.1,11.5,3.8,14.983,1000.8,1.1,1.5,1175,Newport
2012-09-10,6.1,17,280.0,25,506.0,13.2,8.7,7.1,14.195,1002.7,0.9,1.2,1175,Newport
2012-09-11,12.4,22,300.0,34,1233.0,14.7,7.8,11.5,12.533,1009.6,1.7,2.6,1175,Newport
2012-09-12,9.2,18,320.0,28,1252.0,15.0,9.6,2.9,14.02,1013.5,1.5,2.3,1175,Newport
2012-09-13,13.7,26,260.0,37,587.0,16.0,10.9,6.9,14.017,1012.2,1.1,1.7,1175,Newport
2012-09-14,12.3,21,280.0,33,1281.0,16.9,11.6,0.4,14.355,1011.6,2.2,3.0,1175,Newport
2012-09-15,8.8,14,250.0,25,575.0,15.7,12.6,0.1,14.057,1010.8,1.4,1.8,1175,Newport
2012-09-16,11.0,23,270.0,34,1056.0,15.6,10.3,5.4,14.222,1004.7,1.3,2.0,1175,Newport
2012-09-17,12.4,22,270.0,34,1020.0,15.1,9.1,7.6,12.663,1005.3,1.7,2.4,1175,Newport
2012-09-18,11.9,20,320.0,29,1096.0,14.4,9.0,0.7,11.443,1013.8,2.0,2.8,1175,Newport
2012-09-19,5.5,11,300.0,16,860.0,14.7,7.9,3.8,12.135,1017.4,1.3,1.8,1175,Newport
2012-09-20,8.2,14,210.0,21,282.0,14.2,10.6,22.4,13.012,1013.2,0.6,0.9,1175,Newport
2012-09-21,7.0,12,0.0,16,1160.0,13.9,6.9,0.1,12.65,1016.7,1.4,2.0,1175,Newport
2012-09-22,5.9,12,150.0,16,1204.0,14.8,4.9,0.0,11.265,1015.0,1.6,2.2,1175,Newport
2012-09-23,8.2,17,130.0,23,1110.0,15.7,7.4,19.4,12.215,1004.3,1.5,2.1,1175,Newport
2012-09-24,7.6,15,350.0,22,314.0,10.8,8.7,9.4,11.545,992.9,0.7,1.0,1175,Newport
2012-09-25,15.3,25,0.0,37,309.0,12.4,8.6,15.4,10.858,989.8,1.0,1.4,1175,Newport
2012-09-26,14.8,21,0.0,31,747.0,13.5,9.4,1.5,11.727,999.8,1.3,2.0,1175,Newport
2012-09-27,7.6,16,220.0,23,476.0,13.6,9.0,2.4,11.445,1005.5,0.9,1.2,1175,Newport
2012-09-28,12.8,22,280.0,35,899.0,15.5,9.1,10.8,11.443,1008.4,1.9,2.6,1175,Newport
2012-09-29,12.1,20,200.0,32,746.0,15.9,8.6,10.2,11.245,1011.8,1.5,2.0,1175,Newport
2012-09-30,12.9,21,210.0,31,836.0,15.6,10.0,11.0,13.4,1005.0,0.9,1.5,1175,Newport
2012-10-01,11.2,19,260.0,30,766.0,13.4,8.8,6.9,11.827,1001.1,1.1,1.6,1175,Newport
2012-10-02,9.3,17,210.0,26,517.0,12.7,7.2,10.7,10.807,995.6,1.0,1.3,1175,Newport
2012-10-03,6.8,17,270.0,24,683.0,13.4,7.7,12.6,10.533,997.1,0.9,1.2,1175,Newport
2012-10-04,7.3,18,190.0,28,620.0,12.1,6.1,3.5,10.02,999.2,0.8,1.2,1175,Newport
2012-10-05,7.0,12,300.0,18,876.0,13.8,6.1,0.7,9.83,1002.8,1.2,1.6,1175,Newport
2012-10-06,4.5,15,330.0,18,757.0,15.3,5.9,0.2,9.793,1013.0,1.0,1.4,1175,Newport
2012-10-07,6.8,12,120.0,17,809.0,12.1,4.7,0.2,9.15,1017.0,0.9,1.3,1175,Newport
2012-10-08,8.5,16,70.0,23,707.0,13.5,7.2,0.0,10.137,1013.5,1.2,1.6,1175,Newport
2012-10-09,5.4,9,100.0,13,867.0,13.4,6.2,0.0,9.275,1013.9,1.0,1.4,1175,Newport
2012-10-10,7.7,14,140.0,19,379.0,13.6,6.0,6.4,9.2,1005.5,0.5,0.8,1175,Newport
2012-10-11,13.3,26,340.0,32,843.0,13.4,5.3,8.4,10.778,1000.6,0.6,1.1,1175,Newport
2012-10-12,4.6,12,290.0,17,864.0,13.4,4.3,0.9,8.793,1002.2,0.9,1.3,1175,Newport
2012-10-13,4.5,12,270.0,17,806.0,13.0,3.9,1.1,8.144,1002.3,0.8,1.2,1175,Newport
2012-10-14,6.3,17,300.0,26,394.0,12.6,5.0,2.5,8.635,1002.1,0.6,0.8,1175,Newport
2012-10-15,8.4,20,0.0,27,452.0,10.0,4.2,4.3,7.953,993.1,0.6,0.9,1175,Newport
2012-10-16,6.6,17,340.0,23,1010.0,13.4,6.0,1.2,9.318,991.7,1.1,1.5,1175,Newport
2012-10-17,11.1,17,20.0,30,471.0,10.4,7.6,8.5,9.425,984.1,0.7,1.0,1175,Newport
2012-10-18,13.2,20,10.0,30,423.0,12.8,9.6,3.3,10.32,992.5,0.8,1.2,1175,Newport
2012-10-19,8.7,18,340.0,23,427.0,10.8,8.2,0.1,9.842,1004.4,0.8,1.1,1175,Newport
2012-10-20,7.4,13,120.0,17,551.0,14.5,7.4,0.1,9.898,1007.5,0.9,1.1,1175,Newport
2012-10-21,11.6,18,140.0,26,946.0,15.7,9.6,0.0,10.875,1012.8,1.2,1.5,1175,Newport
2012-10-22,7.4,14,90.0,20,853.0,14.5,8.0,0.0,10.365,1019.2,0.8,1.1,1175,Newport
2012-10-23,5.9,11,320.0,17,346.0,14.2,9.9,0.0,11.6,1024.1,0.6,0.8,1175,Newport
2012-10-24,9.0,14,0.0,23,350.0,13.5,9.3,0.0,10.708,1021.9,0.8,1.1,1175,Newport
2012-10-25,8.7,15,20.0,23,638.0,12.2,9.2,0.0,10.4,1017.9,1.0,1.3,1175,Newport
2012-10-26,9.5,15,40.0,28,577.0,9.6,3.2,1.5,8.071,1020.8,1.0,1.3,1175,Newport
2012-10-27,7.2,14,270.0,23,615.0,10.4,3.1,0.5,6.628,1022.7,0.5,0.8,1175,Newport
2012-10-28,10.2,18,260.0,31,255.0,9.8,5.7,20.3,8.36,1009.8,0.3,0.5,1175,Newport
2012-10-29,7.7,19,340.0,24,479.0,10.5,5.2,2.7,7.72,1007.2,0.5,0.7,1175,Newport
2012-10-30,11.0,21,210.0,33,495.0,10.9,5.8,3.0,8.208,995.5,0.5,0.8,1175,Newport
2012-10-31,5.8,20,210.0,30,681.0,10.1,3.3,9.8,8.363,977.7,0.4,0.6,1175,Newport
2012-11-01,11.6,27,300.0,37,339.0,8.2,1.1,5.6,5.83,975.2,0.6,0.8,1175,Newport
2012-11-02,11.9,30,300.0,41,496.0,9.1,2.9,5.4,6.052,982.0,0.8,1.0,1175,Newport
2012-11-03,12.6,24,180.0,36,296.0,7.3,2.8,6.4,5.131,982.9,0.6,0.8,1175,Newport
2012-11-04,8.9,15,120.0,19,325.0,8.1,4.6,1.2,6.151,990.2,0.4,0.6,1175,Newport
2012-11-05,6.7,16,330.0,24,589.0,10.8,2.8,1.1,5.674,1009.8,0.4,0.5,1175,Newport
2012-11-06,10.9,20,280.0,30,620.0,11.7,8.1,0.3,7.81,1020.2,0.6,0.8,1175,Newport
2012-11-07,12.1,19,250.0,30,368.0,11.8,9.0,6.2,8.975,1018.4,0.5,0.7,1175,Newport
2012-11-08,10.5,19,210.0,32,484.0,12.8,7.9,9.3,8.962,1010.1,0.7,0.8,1175,Newport
2012-11-09,9.4,22,200.0,32,399.0,10.3,5.6,11.8,8.458,997.3,0.3,0.4,1175,Newport
2012-11-10,9.3,21,280.0,28,459.0,8.9,5.9,6.6,6.848,996.1,0.6,0.7,1175,Newport
2012-11-11,6.1,15,130.0,21,317.0,10.2,5.7,3.6,6.521,1007.0,0.5,0.6,1175,Newport
2012-11-12,8.5,15,220.0,23,131.0,12.1,6.5,9.6,8.84,1007.2,0.3,0.4,1175,Newport
2012-11-13,9.2,23,210.0,33,261.0,13.4,8.6,15.5,10.333,1010.2,0.4,0.5,1175,Newport
2012-11-14,3.4,7,330.0,9,189.0,9.4,7.0,3.3,9.055,1018.1,0.2,0.3,1175,Newport
2012-11-15,5.1,10,240.0,18,322.0,11.2,7.5,3.0,8.773,1016.5,0.4,0.5,1175,Newport
2012-11-16,6.7,13,200.0,20,168.0,9.1,5.0,1.8,8.21,1008.7,0.3,0.4,1175,Newport
2012-11-17,7.4,16,300.0,25,357.0,8.3,3.9,1.3,5.812,1005.4,0.6,0.7,1175,Newport
2012-11-18,8.8,21,130.0,30,124.0,11.8,2.0,14.9,4.596,997.8,0.3,0.4,1175,Newport
2012-11-19,13.7,24,220.0,39,153.0,12.1,8.3,7.8,8.795,988.5,0.3,0.4,1175,Newport
2012-11-20,11.6,21,190.0,34,214.0,10.2,5.1,6.4,8.332,991.9,0.4,0.5,1175,Newport
2012-11-21,12.8,23,200.0,33,261.0,10.6,4.1,8.0,6.599,994.6,0.5,0.7,1175,Newport
2012-11-22,12.5,24,190.0,34,178.0,9.2,5.8,9.7,6.945,990.2,0.6,0.8,1175,Newport
2012-11-23,7.1,21,250.0,32,252.0,7.9,4.0,4.0,5.203,1002.3,0.5,0.6,1175,Newport
2012-11-24,3.6,9,100.0,12,258.0,5.6,0.3,0.0,3.49,1005.0,0.1,0.2,1175,Newport
2012-11-25,5.0,12,330.0,17,165.0,5.0,-0.2,0.2,2.575,1000.2,0.2,0.3,1175,Newport
2012-11-26,15.9,27,340.0,36,331.0,8.9,5.0,2.5,4.335,1009.2,0.6,0.7,1175,Newport
2012-11-27,10.1,20,340.0,27,272.0,7.2,3.2,2.3,3.941,1017.7,0.5,0.6,1175,Newport
2012-11-28,3.4,8,320.0,13,308.0,9.0,1.4,0.4,2.936,1020.2,0.1,0.2,1175,Newport
2012-11-29,3.7,8,100.0,11,101.0,4.7,0.8,2.1,3.029,1013.2,0.2,0.3,1175,Newport
2012-11-30,6.1,15,350.0,19,222.0,6.4,2.8,4.5,4.476,1009.7,0.1,0.1,1175,Newport
2012-12-01,3.7,12,340.0,16,216.0,8.1,3.8,1.4,4.543,1016.5,0.2,0.3,1175,Newport
2012-12-02,7.1,12,110.0,20,65.0,9.9,4.1,19.8,5.261,1009.7,0.3,0.4,1175,Newport
2012-12-03,12.8,24,290.0,40,185.0,8.5,4.1,5.4,5.123,1003.8,0.7,0.8,1175,Newport
2012-12-04,10.7,25,310.0,34,89.0,7.0,3.4,7.3,4.209,1004.0,0.7,0.9,1175,Newport
2012-12-05,3.6,10,330.0,14,248.0,6.8,1.1,0.5,2.563,1011.5,0.2,0.3,1175,Newport
2012-12-06,18.3,35,290.0,48,46.0,8.1,3.3,22.3,4.216,1004.6,0.7,1.1,1175,Newport
2012-12-07,11.8,24,350.0,31,235.0,8.7,2.9,0.8,4.053,1012.4,0.7,0.7,1175,Newport
2012-12-08,6.3,15,270.0,22,156.0,9.1,3.0,0.6,4.827,1023.4,0.2,0.3,1175,Newport
2012-12-09,6.7,15,270.0,20,117.0,9.1,2.6,1.5,6.141,1021.3,0.3,0.4,1175,Newport
2012-12-10,6.9,13,100.0,18,229.0,5.3,0.9,0.0,3.099,1024.4,0.2,0.2,1175,Newport
2012-12-11,8.9,15,130.0,19,215.0,3.5,0.5,0.0,1.91,1021.6,0.2,0.3,1175,Newport
2012-12-12,9.5,13,130.0,19,68.0,6.0,2.4,4.8,3.2,1009.2,0.4,0.5,1175,Newport
2012-12-13,13.9,25,130.0,34,192.0,6.0,2.2,0.0,3.762,991.6,0.3,0.3,1175,Newport
2012-12-14,8.7,23,110.0,35,88.0,7.3,4.4,4.0,4.888,975.4,0.3,0.4,1175,Newport
2012-12-15,8.1,17,210.0,23,290.0,10.0,6.5,1.8,5.665,978.9,0.0,0.0,1175,Newport
2012-12-16,10.2,24,290.0,35,124.0,8.9,5.6,10.1,5.966,984.8,0.4,0.5,1175,Newport
2012-12-17,7.6,22,280.0,33,169.0,9.8,5.0,4.1,6.188,997.7,0.2,0.3,1175,Newport
2012-12-18,8.2,19,120.0,29,136.0,6.7,3.3,0.2,5.029,1007.3,0.1,0.2,1175,Newport
2012-12-19,12.4,32,130.0,45,192.0,11.0,6.6,4.2,6.607,998.6,0.5,0.5,1175,Newport
2012-12-20,4.8,12,90.0,16,80.0,8.0,5.6,1.1,6.77,997.2,0.2,0.3,1175,Newport
2012-12-21,7.9,20,130.0,29,142.0,8.4,3.8,1.1,6.27,999.8,0.1,0.2,1175,Newport
2012-12-22,11.9,18,210.0,28,66.0,12.1,7.3,21.5,8.361,986.0,0.3,0.4,1175,Newport
2012-12-23,12.9,38,270.0,55,324.0,10.8,6.5,2.1,8.005,985.7,0.2,0.1,1175,Newport
2012-12-24,8.1,18,120.0,23,216.0,9.6,4.9,3.6,6.684,988.5,0.3,0.3,1175,Newport
2012-12-25,6.7,17,270.0,28,136.0,7.7,4.4,4.6,5.567,989.9,0.4,0.5,1175,Newport
2012-12-26,13.1,27,270.0,43,90.0,7.6,5.2,7.6,5.162,992.4,0.6,0.7,1175,Newport
2012-12-27,6.4,18,140.0,27,196.0,9.0,3.8,2.9,4.469,999.1,0.3,0.4,1175,Newport
2012-12-28,25.6,41,210.0,60,35.0,13.9,6.3,0.7,7.888,991.6,1.2,1.8,1175,Newport
2012-12-29,13.5,26,210.0,40,171.0,9.5,1.8,10.8,5.866,988.4,0.7,0.8,1175,Newport
2012-12-30,17.8,31,210.0,43,44.0,10.3,2.0,18.6,4.978,992.6,0.5,0.8,1175,Newport
2012-12-31,16.6,29,210.0,42,198.0,10.7,3.9,2.8,6.72,990.3,0.5,0.6,1175,Newport
2013-01-01,11.0,26,290.0,39,217.0,9.8,3.5,3.2,4.927,1005.6,0.5,0.6,1175,Newport
2013-01-02,9.2,13,250.0,22,86.0,10.5,7.9,11.2,7.934,1017.3,0.2,0.3,1175,Newport
2013-01-03,9.2,18,240.0,26,57.0,10.5,9.7,4.2,9.062,1025.6,0.3,0.4,1175,Newport
2013-01-04,9.2,18,220.0,27,155.0,11.6,6.6,0.0,8.74,1027.1,0.3,0.4,1175,Newport
2013-01-05,9.3,22,210.0,32,62.0,11.9,5.9,8.4,8.127,1023.4,0.3,0.4,1175,Newport
2013-01-06,8.9,18,120.0,23,35.0,11.3,5.9,23.7,7.979,1021.3,0.4,0.5,1175,Newport
2013-01-07,10.0,17,140.0,22,36.0,11.6,9.8,20.9,9.423,1012.2,0.3,0.5,1175,Newport
2013-01-08,6.8,17,210.0,27,268.0,12.1,3.1,1.0,8.264,1014.7,0.0,0.1,1175,Newport
2013-01-09,6.4,14,90.0,18,225.0,4.8,1.2,0.0,4.419,1016.8,0.0,0.0,1175,Newport
2013-01-10,9.2,18,200.0,31,180.0,8.3,2.3,1.3,4.493,1009.3,0.3,0.4,1175,Newport
2013-01-11,10.0,17,130.0,22,149.0,8.1,2.6,0.0,4.519,1007.8,0.3,0.4,1175,Newport
2013-01-12,7.2,13,110.0,19,217.0,8.5,1.4,0.0,5.123,1009.9,0.3,0.4,1175,Newport
2013-01-13,5.4,15,310.0,19,287.0,8.8,-0.1,2.3,4.024,1017.6,0.1,0.2,1175,Newport
2013-01-14,14.1,25,320.0,38,188.0,8.2,3.3,7.5,4.764,1014.2,0.4,0.5,1175,Newport
2013-01-15,6.9,17,100.0,24,154.0,4.9,1.0,6.3,2.964,1007.8,0.2,0.3,1175,Newport
2013-01-16,6.2,13,110.0,19,129.0,6.4,2.9,1.4,4.431,1004.9,0.2,0.3,1175,Newport
2013-01-17,10.6,20,130.0,28,196.0,8.6,5.3,8.3,5.662,998.1,0.1,0.2,1175,Newport
2013-01-18,7.3,19,130.0,26,127.0,8.6,3.8,20.5,6.092,987.3,0.3,0.4,1175,Newport
2013-01-19,7.3,13,100.0,18,227.0,4.8,1.3,0.9,4.04,993.1,0.2,0.3,1175,Newport
2013-01-20,11.1,18,120.0,25,280.0,3.9,-0.4,0.0,2.125,994.5,0.6,0.7,1175,Newport
2013-01-21,6.6,12,100.0,16,276.0,4.2,0.2,0.0,2.252,991.6,0.4,0.5,1175,Newport
2013-01-22,5.8,11,100.0,16,139.0,1.9,-0.3,4.2,1.706,997.4,0.2,0.3,1175,Newport
2013-01-23,10.2,15,120.0,22,325.0,3.9,-0.0,0.0,1.918,1004.4,0.3,0.4,1175,Newport
2013-01-24,10.7,16,120.0,21,89.0,5.1,-0.5,1.6,1.161,1008.0,0.3,0.4,1175,Newport
2013-01-25,14.2,28,300.0,39,87.0,9.2,4.9,12.4,4.287,997.6,0.6,0.8,1175,Newport
2013-01-26,10.9,29,200.0,45,46.0,12.0,3.3,14.4,4.356,989.9,0.8,1.0,1175,Newport
2013-01-27,13.4,27,250.0,43,169.0,6.7,2.6,11.3,4.349,984.1,0.5,0.7,1175,Newport
2013-01-28,18.4,39,200.0,58,208.0,10.3,4.6,5.8,4.956,985.0,0.7,1.0,1175,Newport
2013-01-29,13.4,33,210.0,46,165.0,12.7,5.9,5.0,6.294,985.1,0.7,1.0,1175,Newport
2013-01-30,14.5,28,260.0,55,337.0,9.3,5.0,9.6,5.548,996.5,0.9,1.2,1175,Newport
2013-01-31,16.0,33,210.0,48,342.0,9.6,4.9,5.1,5.666,996.6,0.9,1.2,1175,Newport
2013-02-01,15.5,33,320.0,45,390.0,8.4,4.1,3.7,5.103,1004.1,0.8,1.1,1175,Newport
2013-02-02,5.6,13,210.0,18,510.0,9.4,1.8,8.8,4.257,1017.9,0.3,0.5,1175,Newport
2013-02-03,12.0,32,290.0,46,168.0,10.4,7.6,7.0,7.364,1012.2,0.5,0.8,1175,Newport
2013-02-04,22.8,35,300.0,55,378.0,8.5,1.9,7.2,5.648,1006.8,1.3,1.9,1175,Newport
2013-02-05,27.0,37,340.0,53,305.0,8.7,1.2,11.0,3.59,1004.4,1.3,2.1,1175,Newport
2013-02-06,9.7,32,350.0,48,395.0,7.1,1.5,1.4,3.656,1018.0,0.6,0.8,1175,Newport
2013-02-07,16.3,34,320.0,48,330.0,8.7,0.9,11.6,3.762,1020.0,0.4,0.7,1175,Newport
2013-02-08,8.7,18,340.0,24,624.0,11.3,6.1,0.0,5.741,1022.2,0.8,1.0,1175,Newport
2013-02-09,6.5,15,130.0,20,139.0,9.4,7.6,4.2,7.101,1009.5,0.4,0.5,1175,Newport
2013-02-10,12.2,27,340.0,36,525.0,8.8,5.3,3.6,6.978,993.7,0.5,0.7,1175,Newport
2013-02-11,6.7,20,340.0,30,188.0,6.6,4.0,6.8,6.004,998.0,0.4,0.6,1175,Newport
2013-02-12,6.8,14,120.0,18,153.0,5.5,3.3,3.4,5.317,1008.3,0.3,0.4,1175,Newport
2013-02-13,9.8,21,210.0,31,78.0,10.3,4.5,13.0,6.649,1003.6,0.3,0.5,1175,Newport
2013-02-14,11.8,20,300.0,31,465.0,10.1,5.9,2.6,6.385,1008.3,0.9,1.2,1175,Newport
2013-02-15,6.2,12,120.0,18,405.0,10.1,3.9,1.2,6.271,1014.8,0.5,0.7,1175,Newport
2013-02-16,13.6,25,150.0,34,246.0,11.4,7.5,0.2,7.701,1010.8,0.8,1.0,1175,Newport
2013-02-17,16.0,26,130.0,38,178.0,10.0,5.7,0.0,7.247,1006.9,1.1,1.5,1175,Newport
2013-02-18,15.3,23,100.0,31,609.0,9.2,3.6,0.0,5.498,1010.3,1.0,1.5,1175,Newport
2013-02-19,8.9,17,110.0,23,271.0,9.4,3.3,0.0,5.951,1012.7,0.8,1.0,1175,Newport
2013-02-20,13.4,22,120.0,27,475.0,7.8,1.5,0.0,4.309,1013.1,0.8,1.1,1175,Newport
2013-02-21,17.1,26,120.0,35,196.0,5.9,0.9,0.0,3.98,1014.3,1.2,1.7,1175,Newport
2013-02-22,10.6,18,110.0,25,665.0,3.6,-0.0,0.0,2.524,1019.4,1.1,1.5,1175,Newport
2013-02-23,3.8,7,120.0,11,217.0,3.6,-0.7,0.0,2.513,1023.7,0.7,1.0,1175,Newport
2013-02-24,7.6,13,130.0,17,1003.0,6.7,-1.3,0.0,2.365,1026.9,1.1,1.5,1175,Newport
2013-02-25,6.6,14,130.0,19,1028.0,8.1,-1.7,0.0,2.346,1030.6,1.0,1.4,1175,Newport
2013-02-26,4.8,10,140.0,13,633.0,5.8,-0.7,0.0,2.728,1033.8,0.5,0.8,1175,Newport
2013-02-27,4.3,15,0.0,18,359.0,7.2,2.1,0.0,4.533,1035.3,0.5,0.8,1175,Newport
2013-02-28,8.9,15,350.0,19,429.0,7.9,3.8,0.0,4.933,1032.8,0.6,0.9,1175,Newport
2013-03-01,5.1,11,350.0,14,334.0,9.8,5.2,0.0,5.929,1030.2,0.6,0.8,1175,Newport
2013-03-02,2.8,7,160.0,9,362.0,8.6,4.9,0.0,6.819,1026.2,0.6,0.9,1175,Newport
2013-03-03,5.6,13,120.0,17,651.0,9.3,2.8,0.0,6.579,1018.3,0.9,1.3,1175,Newport
2013-03-04,7.8,14,130.0,18,192.0,5.3,1.9,0.2,5.015,1008.0,0.5,0.8,1175,Newport
2013-03-05,8.2,14,120.0,21,732.0,10.5,3.3,0.8,6.158,999.3,1.0,1.4,1175,Newport
2013-03-06,10.2,17,90.0,25,82.0,8.7,5.4,1.2,6.324,994.4,0.6,0.9,1175,Newport
2013-03-07,11.6,16,100.0,23,167.0,9.8,7.3,1.8,7.343,989.2,0.6,0.8,1175,Newport
2013-03-08,12.6,19,110.0,28,367.0,12.2,7.4,3.6,8.323,989.1,0.7,1.0,1175,Newport
2013-03-09,13.4,20,90.0,30,487.0,10.0,4.7,0.4,7.977,997.2,0.9,1.3,1175,Newport
2013-03-10,13.3,22,90.0,33,450.0,5.3,0.5,0.2,5.316,1007.8,1.2,1.7,1175,Newport
2013-03-11,10.5,15,50.0,27,890.0,3.2,-1.4,0.0,2.667,1016.6,1.5,2.1,1175,Newport
2013-03-12,5.8,17,320.0,23,800.0,8.1,-2.5,1.2,2.576,1017.5,1.0,1.5,1175,Newport
2013-03-13,6.2,19,340.0,27,1035.0,8.5,0.8,1.4,4.295,1016.1,0.9,1.4,1175,Newport
2013-03-14,7.3,20,200.0,33,719.0,10.6,1.3,8.4,5.259,1008.5,1.0,1.4,1175,Newport
2013-03-15,8.5,18,260.0,25,1039.0,9.5,1.4,5.0,6.2,994.5,1.0,1.6,1175,Newport
2013-03-16,4.9,15,350.0,20,1034.0,7.9,-0.8,0.0,4.744,990.8,1.0,1.4,1175,Newport
2013-03-17,12.5,27,350.0,36,922.0,6.3,1.9,7.2,5.185,988.0,0.8,1.4,1175,Newport
2013-03-18,7.2,14,60.0,23,729.0,8.4,2.7,1.4,5.485,991.9,1.1,1.5,1175,Newport
2013-03-19,7.5,14,10.0,21,556.0,5.8,1.1,0.4,4.769,997.8,1.1,1.5,1175,Newport
2013-03-20,5.1,9,150.0,14,936.0,10.3,-0.1,0.0,5.259,1002.5,1.2,1.7,1175,Newport
2013-03-21,18.9,28,90.0,44,252.0,6.2,1.8,14.0,4.038,998.6,0.8,1.4,1175,Newport
2013-03-22,20.5,32,100.0,47,217.0,7.0,4.2,6.6,5.224,993.4,0.5,1.0,1175,Newport
2013-03-23,15.2,21,100.0,31,395.0,5.6,2.9,0.0,5.15,1003.7,0.8,1.2,1175,Newport
2013-03-24,14.9,22,110.0,32,301.0,3.4,2.1,0.0,3.579,1011.6,1.1,1.6,1175,Newport
2013-03-25,11.6,17,90.0,28,537.0,4.8,0.6,0.0,2.965,1015.8,1.4,2.0,1175,Newport
2013-03-26,8.3,13,80.0,21,680.0,4.5,0.1,0.0,2.755,1016.3,1.3,1.8,1175,Newport
2013-03-27,7.7,13,70.0,20,900.0,6.3,-0.2,0.0,3.055,1014.4,1.6,2.2,1175,Newport
2013-03-28,12.6,19,100.0,28,866.0,4.8,-0.9,0.0,2.353,1010.8,1.4,2.1,1175,Newport
2013-03-29,15.3,22,100.0,33,1641.0,6.7,0.4,0.0,3.444,1006.4,2.3,3.6,1175,Newport
2013-03-30,12.5,19,150.0,28,1299.0,6.8,-0.6,0.0,3.712,1008.8,1.9,2.9,1175,Newport
2013-03-31,15.8,24,130.0,33,327.0,5.5,0.6,0.0,3.443,1005.8,1.2,1.8,1175,Newport
2013-04-01,19.8,27,120.0,38,1252.0,6.6,1.3,0.0,3.978,1006.7,2.1,3.5,1175,Newport
2013-04-02,14.4,21,130.0,30,1898.0,9.6,1.9,0.0,5.785,1014.2,2.9,4.4,1175,Newport
2013-04-03,8.6,13,90.0,20,1674.0,11.3,0.5,0.0,6.247,1020.3,2.2,3.2,1175,Newport
2013-04-04,9.1,15,0.0,21,1438.0,9.3,0.5,0.0,6.129,1021.2,1.9,2.8,1175,Newport
2013-04-05,7.7,12,350.0,15,1009.0,9.1,0.4,0.0,5.862,1021.6,1.5,2.1,1175,Newport
2013-04-06,6.3,12,150.0,18,1778.0,13.1,0.7,0.0,7.235,1020.3,2.3,3.2,1175,Newport
2013-04-07,11.9,20,110.0,27,908.0,8.6,2.1,0.0,6.763,1011.2,1.8,2.6,1175,Newport
2013-04-08,14.5,24,120.0,36,1219.0,10.8,3.2,0.0,6.596,999.8,2.4,3.5,1175,Newport
2013-04-09,12.9,19,130.0,29,1892.0,10.4,3.0,0.0,7.416,997.1,2.6,3.9,1175,Newport
2013-04-10,9.3,13,100.0,19,1061.0,11.7,3.5,1.2,8.092,996.0,1.7,2.4,1175,Newport
2013-04-11,8.9,18,110.0,28,660.0,13.0,4.9,5.4,8.688,989.9,1.3,1.9,1175,Newport
2013-04-12,7.4,16,340.0,22,984.0,10.4,1.8,1.2,8.185,996.0,1.3,1.9,1175,Newport
2013-04-13,11.9,23,120.0,34,429.0,11.7,1.3,5.4,6.917,994.0,0.7,1.1,1175,Newport
2013-04-14,21.0,36,200.0,53,785.0,13.2,8.2,4.7,8.873,989.8,1.8,2.8,1175,Newport
2013-04-15,14.1,41,190.0,57,1320.0,15.4,6.8,4.6,10.185,992.9,2.1,3.2,1175,Newport
2013-04-16,16.4,39,200.0,58,2055.0,13.0,6.3,2.6,10.432,995.7,2.4,4.1,1175,Newport
2013-04-17,15.5,31,310.0,48,412.0,13.9,6.1,27.0,9.587,992.5,1.2,1.8,1175,Newport
2013-04-18,15.7,28,260.0,44,1021.0,10.9,5.8,10.7,8.62,1005.1,1.7,2.7,1175,Newport
2013-04-19,6.8,13,240.0,19,2233.0,13.5,2.7,0.1,9.628,1023.6,2.4,3.6,1175,Newport
2013-04-20,15.4,25,200.0,34,1276.0,12.6,6.1,5.5,9.74,1021.2,1.9,3.1,1175,Newport
2013-04-21,8.9,17,250.0,25,1589.0,12.3,5.0,16.9,10.165,1012.8,1.8,2.8,1175,Newport
2013-04-22,13.2,18,260.0,29,1144.0,14.2,7.6,8.4,10.82,1008.2,1.6,2.5,1175,Newport
2013-04-23,8.5,18,280.0,30,1134.0,14.1,7.8,6.9,10.898,1014.2,1.7,2.5,1175,Newport
2013-04-24,9.3,24,330.0,29,1024.0,11.5,5.4,4.0,11.31,1017.2,1.1,1.9,1175,Newport
2013-04-25,7.4,18,290.0,26,1558.0,12.8,4.7,2.7,10.557,1019.8,2.1,3.0,1175,Newport
2013-04-26,15.7,29,320.0,40,1948.0,9.0,3.6,3.6,8.613,1019.8,2.3,3.9,1175,Newport
2013-04-27,9.5,18,350.0,28,1702.0,12.3,3.2,0.8,8.714,1018.7,2.3,3.4,1175,Newport
2013-04-28,17.1,29,310.0,41,1206.0,11.1,5.4,6.0,9.265,1012.4,1.8,3.0,1175,Newport
2013-04-29,14.0,25,300.0,41,1168.0,10.9,4.5,4.8,8.29,1017.5,1.9,3.0,1175,Newport
2013-04-30,6.5,13,230.0,21,2188.0,13.4,2.1,3.7,9.986,1023.4,2.4,3.5,1175,Newport
2013-05-01,8.6,15,320.0,20,2097.0,13.0,6.6,1.4,11.65,1022.0,2.7,4.0,1175,Newport
2013-05-02,11.7,18,220.0,26,935.0,13.0,6.6,0.3,11.017,1018.5,1.7,2.6,1175,Newport
2013-05-03,13.6,24,210.0,38,480.0,10.6,6.6,14.2,10.672,1010.8,0.6,1.2,1175,Newport
2013-05-04,10.2,18,220.0,28,935.0,12.0,4.5,0.3,9.778,1009.2,1.2,2.0,1175,Newport
2013-05-05,12.0,19,200.0,29,596.0,12.5,10.1,11.1,11.173,1011.7,1.0,1.6,1175,Newport
2013-05-06,5.8,11,260.0,16,574.0,14.9,10.3,8.4,11.495,1012.2,1.4,1.8,1175,Newport
2013-05-07,10.0,20,130.0,31,446.0,15.3,8.7,0.2,11.318,1005.4,1.4,1.8,1175,Newport
2013-05-08,14.7,24,200.0,41,966.0,12.8,6.7,18.6,11.477,990.9,1.2,2.2,1175,Newport
2013-05-09,14.3,30,330.0,40,1450.0,10.7,7.0,2.9,10.745,990.7,1.5,2.7,1175,Newport
2013-05-10,12.0,20,270.0,34,1692.0,12.4,7.4,7.1,11.443,1001.2,2.0,3.3,1175,Newport
2013-05-11,18.1,29,290.0,44,2164.0,11.1,6.9,6.9,10.795,1007.4,2.2,4.2,1175,Newport
2013-05-12,15.2,26,270.0,38,1523.0,13.9,5.5,9.3,11.292,1008.9,2.0,3.4,1175,Newport
2013-05-13,17.3,27,280.0,46,1929.0,11.3,4.1,14.2,9.733,1005.0,2.3,4.2,1175,Newport
2013-05-14,14.7,32,340.0,42,1067.0,10.0,3.7,9.2,8.525,997.9,1.4,2.5,1175,Newport
2013-05-15,13.8,28,350.0,36,2007.0,10.6,5.8,3.3,9.345,998.7,2.6,4.2,1175,Newport
2013-05-16,6.9,16,310.0,20,1813.0,11.2,5.0,7.0,11.198,997.9,1.9,3.0,1175,Newport
2013-05-17,12.3,17,330.0,22,2520.0,13.9,7.1,2.1,12.387,1007.9,3.1,5.0,1175,Newport
2013-05-18,15.2,26,350.0,33,400.0,9.7,7.5,14.5,10.108,1008.9,0.7,1.2,1175,Newport
2013-05-19,5.6,14,340.0,17,1648.0,17.1,8.9,0.1,12.898,1010.6,2.4,3.4,1175,Newport
2013-05-20,13.5,22,350.0,27,1084.0,12.3,9.0,0.0,12.73,1018.6,1.4,2.4,1175,Newport
2013-05-21,10.6,20,330.0,26,1989.0,14.3,8.8,0.0,13.195,1021.3,2.5,4.0,1175,Newport
2013-05-22,13.9,19,340.0,26,1972.0,13.9,8.3,0.0,12.887,1023.7,2.9,4.6,1175,Newport
2013-05-23,18.7,25,330.0,32,2477.0,11.7,7.3,0.0,11.837,1021.7,3.3,5.7,1175,Newport
2013-05-24,10.0,19,350.0,25,2512.0,12.8,7.8,0.0,13.257,1019.9,3.4,5.1,1175,Newport
2013-05-25,5.7,11,230.0,19,864.0,12.2,7.0,6.7,12.995,1019.4,1.3,1.9,1175,Newport
2013-05-26,11.1,25,200.0,38,761.0,13.0,9.3,3.6,12.458,1008.0,1.5,2.3,1175,Newport
2013-05-27,10.3,25,200.0,36,2347.0,13.8,7.2,8.3,13.083,995.3,2.7,4.4,1175,Newport
2013-05-28,7.9,16,280.0,23,1464.0,14.3,7.5,7.9,12.773,999.8,2.0,3.0,1175,Newport
2013-05-29,9.9,19,350.0,26,2802.0,17.4,7.8,0.1,14.35,1011.5,3.7,5.6,1175,Newport
2013-05-30,7.9,18,350.0,23,2206.0,16.1,7.0,0.0,14.42,1018.7,2.8,4.2,1175,Newport
2013-05-31,8.7,18,320.0,23,1782.0,15.9,8.6,0.5,14.435,1021.6,2.7,3.9,1175,Newport
2013-06-01,8.5,16,290.0,24,1541.0,16.2,8.0,0.9,13.985,1025.1,2.5,3.6,1175,Newport
2013-06-02,6.0,10,240.0,16,1199.0,15.8,8.6,0.9,14.595,1027.8,1.8,2.6,1175,Newport
2013-06-03,3.9,8,90.0,11,1437.0,20.8,11.2,0.0,15.965,1028.6,2.7,3.5,1175,Newport
2013-06-04,6.0,11,150.0,18,2939.0,22.9,12.0,0.0,18.925,1024.3,4.7,6.4,1175,Newport
2013-06-05,6.2,13,150.0,20,2508.0,23.3,9.9,0.0,19.575,1018.8,4.3,5.8,1175,Newport
2013-06-06,5.4,11,320.0,16,2421.0,22.6,11.4,0.0,19.698,1019.9,4.1,5.5,1175,Newport
2013-06-07,8.0,20,340.0,24,2806.0,23.6,11.1,0.0,20.347,1022.4,4.9,6.6,1175,Newport
2013-06-08,4.5,9,20.0,14,2846.0,25.4,10.7,0.0,21.355,1019.2,4.8,6.4,1175,Newport
2013-06-09,5.3,11,260.0,16,2592.0,23.6,10.2,0.0,21.545,1011.8,4.4,5.9,1175,Newport
2013-06-10,14.1,23,150.0,30,652.0,15.9,10.6,0.2,17.592,1005.0,1.7,2.5,1175,Newport
2013-06-11,8.2,16,130.0,22,1009.0,17.6,10.7,7.4,16.49,1001.2,1.9,2.6,1175,Newport
2013-06-12,6.6,14,350.0,19,2287.0,18.5,9.0,1.1,17.245,1001.1,3.6,5.0,1175,Newport
2013-06-13,9.3,16,280.0,24,1864.0,17.0,10.4,1.0,16.15,1004.4,3.0,4.3,1175,Newport
2013-06-14,9.1,19,160.0,26,394.0,12.8,8.9,18.8,14.087,1000.5,0.9,1.3,1175,Newport
2013-06-15,7.3,15,290.0,22,2170.0,17.8,7.2,0.5,14.667,999.7,3.1,4.5,1175,Newport
2013-06-16,5.9,16,340.0,21,825.0,16.0,8.8,0.1,14.7,1007.7,1.6,2.2,1175,Newport
2013-06-17,5.4,14,330.0,17,1407.0,19.8,11.6,0.0,15.898,1012.9,2.6,3.5,1175,Newport
2013-06-18,6.3,13,340.0,17,2077.0,18.9,10.5,0.0,16.83,1013.6,3.3,4.6,1175,Newport
2013-06-19,8.0,13,210.0,20,2302.0,17.4,9.0,0.0,16.812,1013.9,3.1,4.7,1175,Newport
2013-06-20,7.7,15,120.0,20,872.0,16.1,11.1,3.4,16.245,1009.2,1.4,2.0,1175,Newport
2013-06-21,11.0,20,330.0,31,1804.0,16.2,9.8,1.6,16.157,1001.8,2.7,4.1,1175,Newport
2013-06-22,17.2,31,310.0,43,1670.0,16.4,10.3,9.3,15.345,997.6,2.3,4.0,1175,Newport
2013-06-23,20.7,30,310.0,42,1153.0,13.7,10.8,5.8,13.695,1013.0,2.1,3.6,1175,Newport
2013-06-24,4.8,10,230.0,15,2245.0,17.5,9.6,0.1,15.215,1022.3,3.3,4.6,1175,Newport
2013-06-25,5.4,14,340.0,17,1405.0,17.4,10.5,0.9,16.132,1026.4,2.4,3.2,1175,Newport
2013-06-26,4.8,11,230.0,17,2674.0,18.8,8.1,0.0,16.812,1030.7,3.7,5.1,1175,Newport
2013-06-27,10.1,16,250.0,22,1469.0,18.3,10.9,0.6,16.927,1026.9,1.9,3.1,1175,Newport
2013-06-28,9.9,17,280.0,26,907.0,15.8,11.2,4.1,15.833,1021.0,1.5,2.3,1175,Newport
2013-06-29,11.1,20,240.0,27,1929.0,18.8,11.3,2.4,16.565,1020.4,2.7,4.2,1175,Newport
2013-06-30,13.8,21,210.0,32,1073.0,14.3,11.1,2.2,15.72,1016.0,1.7,2.7,1175,Newport
2013-07-01,9.0,13,270.0,20,1568.0,17.0,10.3,1.7,15.347,1009.6,2.9,4.0,1175,Newport
2013-07-02,11.0,17,160.0,26,383.0,13.8,10.6,14.3,14.288,1000.1,0.8,1.2,1175,Newport
2013-07-03,8.9,20,310.0,27,920.0,15.7,11.6,4.2,14.67,1002.2,1.5,2.2,1175,Newport
2013-07-04,12.6,18,270.0,27,1092.0,14.7,11.8,8.1,15.07,1012.5,1.5,2.4,1175,Newport
2013-07-05,10.7,15,250.0,23,2350.0,19.2,12.2,0.0,16.388,1022.8,3.5,5.3,1175,Newport
2013-07-06,7.5,13,220.0,21,622.0,15.9,11.4,1.9,15.457,1025.8,1.2,1.8,1175,Newport
2013-07-07,4.0,9,240.0,14,2106.0,23.1,13.8,0.1,18.445,1031.1,3.4,4.5,1175,Newport
2013-07-08,5.8,13,0.0,15,2926.0,28.1,14.2,0.0,21.43,1031.1,4.9,6.6,1175,Newport
2013-07-09,6.9,16,350.0,20,2686.0,28.1,15.5,0.0,22.7,1027.7,4.7,6.3,1175,Newport
2013-07-10,6.2,12,350.0,17,2882.0,27.7,14.0,0.0,22.998,1025.0,5.0,6.6,1175,Newport
2013-07-11,4.3,11,350.0,14,2660.0,29.0,15.0,0.0,23.792,1022.8,4.8,6.3,1175,Newport
2013-07-12,5.5,13,0.0,18,2556.0,25.5,15.8,0.0,23.98,1022.8,4.4,5.9,1175,Newport
2013-07-13,9.4,14,0.0,18,2467.0,19.0,11.9,0.0,22.66,1025.1,3.2,4.9,1175,Newport
2013-07-14,6.5,11,220.0,18,2835.0,21.4,10.7,0.0,21.835,1023.8,4.0,5.7,1175,Newport
2013-07-15,6.6,12,210.0,17,1841.0,20.7,14.1,0.0,21.475,1022.1,3.1,4.3,1175,Newport
2013-07-16,6.1,13,270.0,18,2230.0,22.2,15.3,0.0,22.263,1021.6,3.5,4.8,1175,Newport
2013-07-17,6.7,13,250.0,18,2669.0,23.2,14.3,0.0,22.555,1024.0,3.9,5.6,1175,Newport
2013-07-18,5.5,15,350.0,19,2507.0,26.8,14.8,0.0,23.592,1025.5,4.3,5.7,1175,Newport
2013-07-19,6.1,12,140.0,18,2797.0,28.3,14.9,0.0,24.295,1023.0,4.9,6.5,1175,Newport
2013-07-20,7.7,13,120.0,18,2345.0,29.0,18.1,0.0,25.147,1019.1,4.9,6.3,1175,Newport
2013-07-21,7.2,12,120.0,16,1255.0,23.0,15.8,0.0,23.335,1015.6,2.6,3.5,1175,Newport
2013-07-22,5.5,13,130.0,19,1040.0,23.9,15.6,0.0,21.888,1010.8,2.4,3.1,1175,Newport
2013-07-23,5.8,15,180.0,21,1334.0,22.5,15.5,5.8,21.41,1006.2,2.6,3.4,1175,Newport
2013-07-24,7.4,17,210.0,24,856.0,20.1,13.6,24.5,19.2,1003.3,1.7,2.3,1175,Newport
2013-07-25,4.9,12,200.0,15,2273.0,22.4,12.2,0.1,20.042,1005.9,3.5,4.7,1175,Newport
2013-07-26,5.1,11,0.0,15,2200.0,23.7,12.0,0.0,20.53,1006.3,3.6,4.8,1175,Newport
2013-07-27,6.3,13,130.0,19,1695.0,23.0,13.8,5.3,20.472,1002.3,3.1,4.1,1175,Newport
2013-07-28,5.1,12,240.0,19,2391.0,22.7,14.1,0.0,20.878,997.7,3.7,5.0,1175,Newport
2013-07-29,6.8,16,280.0,23,1920.0,19.7,12.1,5.3,20.163,1002.3,2.7,3.9,1175,Newport
2013-07-30,7.0,14,230.0,22,1798.0,19.5,11.8,8.7,18.945,1006.6,2.7,3.8,1175,Newport
2013-07-31,6.0,13,150.0,20,691.0,17.5,11.0,15.5,17.235,1003.5,1.2,1.6,1175,Newport
2013-08-01,9.8,22,150.0,32,719.0,19.6,15.4,3.4,18.062,994.5,1.4,2.0,1175,Newport
2013-08-02,17.2,24,200.0,36,1308.0,18.4,12.2,6.2,17.552,994.3,2.1,3.4,1175,Newport
2013-08-03,9.1,15,220.0,24,1967.0,18.8,11.1,4.0,17.135,1004.1,2.9,4.2,1175,Newport
2013-08-04,5.8,11,210.0,16,2766.0,20.7,11.2,0.5,18.642,1008.6,3.8,5.3,1175,Newport
2013-08-05,6.8,16,330.0,23,1635.0,19.1,9.7,0.2,17.735,1010.4,2.6,3.7,1175,Newport
2013-08-06,5.3,13,230.0,19,1163.0,18.2,11.7,8.2,17.56,1010.3,2.0,2.7,1175,Newport
2013-08-07,5.3,12,350.0,15,1776.0,19.9,12.2,0.0,18.05,1012.6,2.7,3.7,1175,Newport
2013-08-08,9.5,19,160.0,28,944.0,19.5,12.3,2.4,17.49,1011.4,1.7,2.5,1175,Newport
2013-08-09,9.4,17,290.0,25,1185.0,17.1,12.7,0.3,16.658,1016.2,2.4,3.3,1175,Newport
2013-08-10,6.6,15,240.0,22,1382.0,17.9,11.9,0.9,17.0,1017.5,2.3,3.2,1175,Newport
2013-08-11,10.9,19,260.0,28,973.0,16.3,12.0,2.8,15.86,1015.0,2.1,2.9,1175,Newport
2013-08-12,12.2,18,310.0,26,2139.0,18.6,12.1,3.6,16.493,1016.3,3.2,4.8,1175,Newport
2013-08-13,5.6,12,300.0,17,1373.0,18.6,13.2,2.5,17.532,1017.6,2.1,2.9,1175,Newport
2013-08-14,8.2,12,240.0,19,806.0,18.4,14.4,7.4,17.528,1012.8,1.6,2.2,1175,Newport
2013-08-15,8.1,16,220.0,26,935.0,19.6,13.2,10.2,17.603,1007.8,1.7,2.4,1175,Newport
2013-08-16,9.1,19,200.0,26,2158.0,19.8,13.9,1.3,18.438,1007.3,3.1,4.5,1175,Newport
2013-08-17,12.4,23,200.0,35,1442.0,19.0,12.3,4.2,18.11,1000.3,2.2,3.4,1175,Newport
2013-08-18,8.8,17,260.0,27,1872.0,17.6,10.5,0.6,17.075,1005.2,2.7,3.9,1175,Newport
2013-08-19,8.6,17,250.0,26,2136.0,19.3,12.5,0.6,17.753,1015.7,3.0,4.4,1175,Newport
2013-08-20,11.8,21,210.0,30,413.0,17.5,15.0,21.0,17.055,1017.2,1.1,1.6,1175,Newport
2013-08-21,9.8,19,220.0,31,1193.0,18.2,12.5,5.0,17.522,1015.1,1.7,2.5,1175,Newport
2013-08-22,5.7,14,140.0,18,1545.0,20.8,12.6,0.8,18.042,1012.2,2.4,3.3,1175,Newport
2013-08-23,8.6,15,310.0,20,1014.0,17.1,12.3,7.5,17.597,1009.9,1.7,2.4,1175,Newport
2013-08-24,7.1,15,290.0,22,606.0,16.5,11.2,5.6,15.86,1011.8,1.2,1.6,1175,Newport
2013-08-25,7.3,13,330.0,16,1033.0,16.7,12.8,0.1,16.155,1017.3,1.8,2.5,1175,Newport
2013-08-26,4.6,12,240.0,17,814.0,19.7,12.4,0.0,16.795,1019.2,1.6,2.1,1175,Newport
2013-08-27,7.9,14,0.0,20,1740.0,17.9,11.7,0.5,17.638,1020.1,2.3,3.4,1175,Newport
2013-08-28,7.3,15,230.0,22,1483.0,18.4,11.3,0.8,17.065,1019.6,2.1,3.0,1175,Newport
2013-08-29,8.2,13,240.0,20,1282.0,18.8,13.7,1.2,17.833,1015.6,1.9,2.7,1175,Newport
2013-08-30,12.7,26,290.0,35,983.0,16.3,12.1,1.0,16.665,1016.7,1.8,2.6,1175,Newport
2013-08-31,10.6,20,290.0,31,1614.0,16.9,10.6,0.6,15.673,1025.9,2.7,3.8,1175,Newport
2013-09-01,11.3,19,240.0,30,973.0,17.7,12.5,2.8,15.655,1026.6,1.9,2.6,1175,Newport
2013-09-02,10.2,14,240.0,23,337.0,16.8,14.9,4.6,16.257,1023.5,0.7,1.1,1175,Newport
2013-09-03,10.8,17,210.0,24,954.0,18.6,13.1,0.0,16.333,1020.3,1.7,2.5,1175,Newport
2013-09-04,8.6,16,350.0,23,398.0,18.1,10.4,4.4,15.618,1013.4,1.1,1.5,1175,Newport
2013-09-05,5.3,12,290.0,19,1552.0,16.1,7.5,1.2,14.118,1012.2,2.0,2.8,1175,Newport
2013-09-06,7.6,18,350.0,25,1569.0,14.2,7.1,3.1,13.363,1012.9,2.0,2.9,1175,Newport
2013-09-07,11.5,19,300.0,30,428.0,11.3,9.0,7.6,11.802,1011.9,1.2,1.7,1175,Newport
2013-09-08,6.0,17,300.0,24,946.0,16.1,9.9,1.1,12.845,1011.2,1.7,2.3,1175,Newport
2013-09-09,5.8,16,350.0,23,1064.0,15.6,11.1,1.0,14.302,1019.0,1.6,2.2,1175,Newport
2013-09-10,8.2,15,340.0,20,828.0,15.5,11.7,0.0,13.94,1026.0,1.6,2.1,1175,Newport
2013-09-11,6.0,14,280.0,21,644.0,19.5,12.8,1.0,15.427,1022.2,1.4,1.9,1175,Newport
2013-09-12,8.6,19,340.0,25,507.0,16.7,10.4,7.9,15.695,1015.9,1.0,1.4,1175,Newport
2013-09-13,3.3,10,340.0,13,980.0,15.9,9.2,0.4,14.115,1017.7,1.5,2.1,1175,Newport
2013-09-14,7.0,19,220.0,29,1499.0,17.6,8.5,1.3,14.417,1014.0,2.0,2.8,1175,Newport
2013-09-15,21.4,32,290.0,46,1103.0,15.2,7.7,15.5,14.18,1003.2,1.1,2.2,1175,Newport
2013-09-16,22.4,33,300.0,54,1255.0,13.0,7.9,10.0,11.17,1001.3,2.3,3.7,1175,Newport
2013-09-17,9.8,25,280.0,37,542.0,15.2,9.1,8.4,11.882,997.0,1.1,1.6,1175,Newport
2013-09-18,9.4,19,330.0,25,714.0,14.1,9.1,0.2,11.743,1003.9,1.7,2.2,1175,Newport
2013-09-19,14.1,27,280.0,42,613.0,14.6,10.1,16.0,12.12,1004.6,1.1,1.7,1175,Newport
2013-09-20,5.7,13,240.0,20,867.0,17.6,11.3,0.0,12.86,1012.5,1.6,2.1,1175,Newport
2013-09-21,6.5,15,210.0,24,480.0,17.7,13.4,1.6,14.577,1016.0,0.9,1.3,1175,Newport
2013-09-22,9.6,18,120.0,23,1279.0,22.4,15.1,0.1,16.757,1020.3,2.1,2.9,1175,Newport
2013-09-23,11.5,18,120.0,24,1264.0,22.5,13.6,0.0,16.815,1016.0,2.0,2.8,1175,Newport
2013-09-24,7.7,16,110.0,21,635.0,19.1,13.8,0.1,16.632,1011.3,1.3,1.7,1175,Newport
2013-09-25,4.8,9,70.0,13,421.0,17.8,12.2,0.1,15.365,1008.7,0.9,1.1,1175,Newport
2013-09-26,5.9,10,110.0,14,235.0,16.0,13.4,1.4,14.925,1010.2,0.7,1.0,1175,Newport
2013-09-27,7.4,11,110.0,17,1163.0,20.6,12.8,0.1,16.007,1008.8,1.7,2.3,1175,Newport
2013-09-28,7.0,13,100.0,24,1157.0,21.5,14.1,0.0,16.507,1004.8,2.0,2.6,1175,Newport
2013-09-29,9.6,16,90.0,23,196.0,16.7,13.1,0.0,14.618,1002.1,1.3,1.6,1175,Newport
2013-09-30,11.2,19,120.0,25,227.0,16.1,13.2,2.8,14.225,999.3,1.1,1.3,1175,Newport
2013-10-01,12.8,18,110.0,26,550.0,20.0,14.9,0.0,15.395,997.1,1.4,1.8,1175,Newport
2013-10-02,13.2,20,150.0,28,853.0,20.3,14.6,2.4,16.28,995.1,1.7,2.3,1175,Newport
2013-10-03,9.1,18,160.0,22,836.0,20.9,13.2,0.1,15.985,996.2,1.6,2.1,1175,Newport
2013-10-04,5.6,14,290.0,20,617.0,16.0,11.6,0.3,15.252,1004.3,1.1,1.4,1175,Newport
2013-10-05,9.1,19,210.0,28,707.0,18.5,11.5,1.5,15.042,1012.8,1.1,1.5,1175,Newport
2013-10-06,9.3,16,210.0,24,758.0,20.0,15.1,0.1,16.603,1014.8,1.2,1.7,1175,Newport
2013-10-07,12.3,20,200.0,32,287.0,18.1,13.4,4.1,16.13,1013.7,0.8,1.1,1175,Newport
2013-10-08,7.6,13,290.0,23,542.0,15.2,10.8,0.3,14.668,1020.3,1.1,1.4,1175,Newport
2013-10-09,10.6,23,330.0,31,592.0,12.9,6.5,0.8,12.565,1024.4,1.1,1.5,1175,Newport
2013-10-10,6.3,13,350.0,20,815.0,12.7,6.1,0.1,10.618,1027.6,1.2,1.6,1175,Newport
2013-10-11,6.6,13,130.0,18,1144.0,14.0,5.2,0.0,10.007,1027.3,1.2,1.7,1175,Newport
2013-10-12,6.8,11,80.0,16,382.0,11.6,7.8,0.0,10.23,1023.0,0.9,1.2,1175,Newport
2013-10-13,4.3,9,340.0,12,389.0,13.9,7.2,1.0,11.435,1016.8,0.8,1.0,1175,Newport
2013-10-14,5.3,10,60.0,15,917.0,15.4,6.8,0.0,10.89,1011.6,1.1,1.5,1175,Newport
2013-10-15,9.4,15,110.0,22,910.0,15.1,5.2,0.0,10.19,1006.8,1.2,1.6,1175,Newport
2013-10-16,9.3,17,120.0,25,421.0,14.5,9.7,13.1,11.385,1000.7,0.9,1.2,1175,Newport
2013-10-17,5.9,14,130.0,19,697.0,18.1,10.1,0.1,12.548,1004.4,1.0,1.3,1175,Newport
2013-10-18,13.2,21,130.0,32,94.0,14.1,12.6,4.4,12.77,998.9,0.7,0.9,1175,Newport
2013-10-19,6.8,15,170.0,21,359.0,15.2,10.0,6.7,12.948,991.0,0.7,0.9,1175,Newport
2013-10-20,5.1,12,120.0,17,636.0,17.0,9.6,0.0,12.507,991.3,0.8,1.1,1175,Newport
2013-10-21,7.3,15,120.0,20,323.0,13.7,9.0,2.7,11.958,988.8,0.4,0.6,1175,Newport
2013-10-22,10.2,18,320.0,30,350.0,15.2,11.4,7.1,12.76,980.4,0.8,1.0,1175,Newport
2013-10-23,10.7,22,310.0,34,713.0,13.0,5.2,3.1,11.047,992.9,0.7,1.0,1175,Newport
2013-10-24,7.8,15,100.0,23,325.0,14.0,5.0,7.8,9.995,1000.7,0.6,0.8,1175,Newport
2013-10-25,9.2,19,330.0,25,407.0,16.0,9.8,8.1,12.405,992.6,0.7,0.9,1175,Newport
2013-10-26,10.7,22,160.0,33,451.0,14.0,8.4,9.9,11.423,987.7,0.8,1.1,1175,Newport
2013-10-27,13.7,22,240.0,39,453.0,14.5,8.2,11.9,10.667,978.6,1.0,1.2,1175,Newport
2013-10-28,16.0,28,300.0,41,431.0,12.1,8.1,10.0,9.658,990.4,1.3,1.6,1175,Newport
2013-10-29,10.9,23,300.0,36,613.0,11.9,6.7,3.7,8.722,1006.6,1.0,1.3,1175,Newport
2013-10-30,11.4,26,290.0,35,402.0,13.5,7.1,3.1,9.082,1004.6,0.7,0.9,1175,Newport
2013-10-31,10.5,20,290.0,37,442.0,12.1,6.8,10.3,9.03,1005.0,0.8,1.0,1175,Newport
2013-11-01,7.5,19,260.0,30,532.0,12.6,4.7,2.1,8.243,999.7,0.8,1.0,1175,Newport
2013-11-02,16.4,38,310.0,59,312.0,9.1,5.1,16.9,7.325,986.5,0.7,1.0,1175,Newport
2013-11-03,9.0,30,300.0,38,602.0,12.3,3.5,2.6,7.317,993.1,0.8,1.0,1175,Newport
2013-11-04,4.8,12,140.0,17,402.0,9.1,1.8,2.4,5.913,991.6,0.4,0.5,1175,Newport
2013-11-05,13.4,29,290.0,42,283.0,10.0,4.3,9.1,6.91,989.0,0.7,0.9,1175,Newport
2013-11-06,7.3,16,280.0,27,134.0,8.2,5.4,3.5,6.92,994.1,0.6,0.8,1175,Newport
2013-11-07,11.2,23,210.0,42,453.0,12.3,4.6,6.9,6.631,995.7,0.9,1.1,1175,Newport
2013-11-08,7.4,21,270.0,30,350.0,9.4,4.2,7.3,6.481,998.1,0.6,0.8,1175,Newport
2013-11-09,5.2,15,310.0,21,227.0,8.6,2.6,5.3,5.634,1002.0,0.4,0.6,1175,Newport
2013-11-10,7.6,19,130.0,27,143.0,12.4,2.9,16.0,5.695,1009.8,0.2,0.4,1175,Newport
2013-11-11,7.4,17,290.0,27,401.0,13.8,8.5,6.3,9.467,1012.3,0.4,0.5,1175,Newport
2013-11-12,9.7,18,280.0,30,475.0,12.2,6.4,1.5,7.591,1024.4,0.9,1.1,1175,Newport
2013-11-13,17.7,36,290.0,52,139.0,11.6,7.1,11.1,7.679,1022.0,0.9,1.3,1175,Newport
2013-11-14,15.6,32,300.0,50,164.0,10.0,7.3,2.4,7.232,1027.5,1.4,1.8,1175,Newport
2013-11-15,5.8,10,240.0,23,152.0,11.8,8.9,0.0,8.3,1031.1,0.8,0.9,1175,Newport
2013-11-16,7.7,19,350.0,23,72.0,12.1,8.0,0.8,9.36,1026.8,0.4,0.6,1175,Newport
2013-11-17,3.7,11,340.0,14,178.0,9.6,5.9,1.4,8.98,1019.8,0.3,0.4,1175,Newport
2013-11-18,11.8,25,320.0,36,406.0,8.4,2.8,5.2,6.912,1012.7,0.5,0.5,1175,Newport
2013-11-19,11.2,28,330.0,37,336.0,8.5,2.2,3.3,4.999,1015.8,0.5,0.6,1175,Newport
2013-11-20,21.9,33,310.0,47,247.0,9.3,4.8,6.4,6.309,1010.5,1.1,1.5,1175,Newport
2013-11-21,8.0,18,350.0,26,261.0,6.6,2.9,1.6,5.195,1016.8,0.3,0.4,1175,Newport
2013-11-22,3.0,7,330.0,10,424.0,8.8,2.9,0.1,5.126,1022.1,0.0,0.1,1175,Newport
2013-11-23,4.0,11,0.0,15,279.0,9.0,4.3,0.7,5.992,1027.2,0.1,0.2,1175,Newport
2013-11-24,2.1,7,330.0,8,258.0,9.9,4.4,1.3,6.576,1033.1,0.1,0.2,1175,Newport
2013-11-25,2.3,6,240.0,9,221.0,8.5,5.7,0.8,7.12,1037.9,0.1,0.2,1175,Newport
2013-11-26,5.0,12,270.0,19,261.0,11.8,6.8,0.9,7.612,1037.9,0.3,0.4,1175,Newport
2013-11-27,4.9,10,290.0,15,184.0,12.7,7.6,0.0,7.937,1035.2,0.5,0.6,1175,Newport
2013-11-28,3.2,12,280.0,19,163.0,10.6,7.8,0.1,8.625,1033.5,0.3,0.4,1175,Newport
2013-11-29,12.1,20,330.0,32,105.0,10.7,7.4,0.8,8.005,1029.9,0.9,1.1,1175,Newport
2013-11-30,4.2,19,320.0,25,197.0,10.0,5.8,0.3,7.194,1031.1,0.2,0.3,1175,Newport
2013-12-01,3.0,8,160.0,11,178.0,10.7,6.8,0.1,7.651,1032.2,0.3,0.4,1175,Newport
2013-12-02,7.6,13,200.0,17,92.0,10.0,6.5,0.5,7.597,1028.1,0.5,0.6,1175,Newport
2013-12-03,9.3,23,340.0,30,83.0,11.1,5.4,5.4,8.42,1023.1,0.6,0.8,1175,Newport
2013-12-04,10.6,20,260.0,34,299.0,9.8,4.9,0.4,6.084,1028.0,0.8,0.8,1175,Newport
2013-12-05,18.9,42,300.0,56,121.0,9.8,6.0,3.7,6.835,1022.2,0.8,1.0,1175,Newport
2013-12-06,8.9,17,270.0,25,146.0,10.6,6.1,1.4,7.074,1024.8,0.6,0.7,1175,Newport
2013-12-07,8.6,15,210.0,22,141.0,10.4,6.7,0.9,7.387,1019.2,0.4,0.5,1175,Newport
2013-12-08,12.9,20,200.0,29,20.0,11.7,10.3,7.0,9.323,1014.8,0.5,0.7,1175,Newport
2013-12-09,14.1,21,200.0,28,145.0,12.6,8.9,0.0,9.342,1014.8,0.8,0.9,1175,Newport
2013-12-10,16.9,23,160.0,31,12.0,13.8,10.6,1.0,9.423,1012.7,1.1,1.4,1175,Newport
2013-12-11,18.6,26,160.0,33,108.0,13.6,10.2,1.6,9.52,1010.2,1.0,1.3,1175,Newport
2013-12-12,14.3,23,190.0,33,42.0,14.8,11.6,2.3,10.82,1003.8,0.9,1.1,1175,Newport
2013-12-13,14.2,22,220.0,37,218.0,12.2,4.9,9.3,9.15,1004.3,0.4,0.4,1175,Newport
2013-12-14,19.1,41,200.0,63,52.0,12.7,5.8,15.1,8.216,1000.1,0.9,1.2,1175,Newport
2013-12-15,12.5,33,190.0,48,77.0,11.0,4.0,9.8,6.829,1001.3,0.8,1.0,1175,Newport
2013-12-16,10.3,23,240.0,36,214.0,8.8,3.9,1.7,5.686,1004.8,0.7,0.8,1175,Newport
2013-12-17,16.7,30,160.0,43,81.0,10.8,4.5,4.0,5.151,1003.8,1.0,1.3,1175,Newport
2013-12-18,19.9,37,190.0,63,70.0,11.5,4.2,11.3,7.119,978.5,0.8,1.1,1175,Newport
2013-12-19,13.2,33,260.0,47,112.0,6.7,1.1,6.6,4.013,990.6,0.9,1.1,1175,Newport
2013-12-20,18.2,36,200.0,55,16.0,11.6,4.5,8.5,5.786,997.2,0.7,1.1,1175,Newport
2013-12-21,15.0,26,200.0,41,73.0,9.1,3.3,11.9,5.947,993.1,0.6,0.9,1175,Newport
2013-12-22,11.9,27,240.0,51,128.0,6.3,1.8,7.2,3.872,995.1,0.7,0.9,1175,Newport
2013-12-23,17.6,30,200.0,51,183.0,10.6,2.6,13.6,4.888,975.5,0.5,0.6,1175,Newport
2013-12-24,17.8,34,210.0,51,129.0,7.2,1.9,6.1,4.127,960.3,0.8,1.1,1175,Newport
2013-12-25,7.3,15,290.0,21,222.0,8.9,2.7,5.1,3.725,975.5,0.6,0.6,1175,Newport
2013-12-26,14.2,36,190.0,55,135.0,9.2,2.2,13.4,3.626,968.9,0.6,0.7,1175,Newport
2013-12-27,19.2,35,210.0,52,95.0,8.3,4.1,12.5,5.392,963.3,0.6,0.8,1175,Newport
2013-12-28,11.2,20,280.0,35,130.0,7.0,2.5,7.4,3.932,991.9,0.6,0.8,1175,Newport
2013-12-29,10.1,25,160.0,32,58.0,9.1,2.6,9.4,3.725,998.2,0.5,0.7,1175,Newport
2013-12-30,10.6,25,150.0,34,258.0,9.5,5.2,2.8,5.304,991.0,0.4,0.4,1175,Newport
2013-12-31,13.9,27,210.0,39,170.0,8.1,2.5,13.4,4.651,982.4,0.3,0.4,1175,Newport
2014-01-01,9.4,18,130.0,23,93.0,7.0,3.6,2.4,4.621,976.8,0.4,0.6,1175,Newport
2014-01-02,11.7,29,170.0,44,242.0,9.1,4.2,11.2,4.862,972.3,0.4,0.5,1175,Newport
2014-01-03,18.1,43,200.0,68,118.0,8.0,4.0,25.8,5.798,969.0,0.5,0.7,1175,Newport
2014-01-04,6.9,18,190.0,25,146.0,5.8,1.9,5.2,4.173,983.9,0.3,0.4,1175,Newport
2014-01-05,15.0,26,140.0,38,109.0,11.9,4.2,4.6,4.945,978.9,0.8,1.0,1175,Newport
2014-01-06,19.5,29,210.0,47,164.0,10.1,6.0,12.4,6.066,968.3,0.9,1.2,1175,Newport
2014-01-07,11.7,22,210.0,30,230.0,9.9,6.2,8.8,6.708,985.2,0.4,0.4,1175,Newport
2014-01-08,4.8,17,290.0,26,288.0,9.2,1.5,0.5,5.476,1000.6,0.1,0.2,1175,Newport
2014-01-09,4.2,10,280.0,15,349.0,9.6,0.6,1.3,3.757,1003.3,0.0,0.1,1175,Newport
2014-01-10,5.6,16,290.0,23,245.0,9.1,2.6,10.8,5.187,1003.9,0.2,0.3,1175,Newport
2014-01-11,6.8,20,130.0,26,320.0,7.5,1.4,0.6,3.474,1012.0,0.2,0.3,1175,Newport
2014-01-12,13.0,25,150.0,39,36.0,8.6,4.1,12.5,5.044,1000.8,0.6,0.9,1175,Newport
2014-01-13,6.2,17,200.0,26,196.0,6.8,1.2,4.7,4.135,993.9,0.3,0.4,1175,Newport
2014-01-14,8.6,17,130.0,23,42.0,9.9,1.5,21.3,3.704,991.8,0.3,0.5,1175,Newport
2014-01-15,13.2,23,200.0,34,317.0,11.1,5.0,7.8,7.089,981.7,0.3,0.3,1175,Newport
2014-01-16,7.5,17,130.0,23,168.0,6.7,4.3,0.0,5.536,976.1,0.3,0.4,1175,Newport
2014-01-17,3.3,11,250.0,17,299.0,9.3,3.3,5.8,5.255,980.8,0.1,0.2,1175,Newport
2014-01-18,2.5,8,80.0,11,218.0,5.6,1.7,0.1,3.705,982.7,0.2,0.3,1175,Newport
2014-01-19,6.4,23,320.0,32,116.0,6.6,1.5,10.2,3.119,989.9,0.3,0.4,1175,Newport
2014-01-20,8.7,20,150.0,27,350.0,8.4,2.3,2.8,4.087,1000.4,0.4,0.5,1175,Newport
2014-01-21,10.9,23,160.0,29,119.0,9.0,5.8,4.6,5.528,993.0,0.6,0.8,1175,Newport
2014-01-22,11.8,23,270.0,34,317.0,9.6,5.2,7.7,5.559,998.4,0.5,0.7,1175,Newport
2014-01-23,15.4,32,320.0,46,136.0,7.7,4.1,18.8,5.166,1007.0,0.8,1.1,1175,Newport
2014-01-24,11.3,24,260.0,35,61.0,10.7,6.6,33.3,7.475,1001.7,0.3,0.4,1175,Newport
2014-01-25,17.1,35,300.0,54,278.0,9.6,3.7,11.1,6.613,1004.3,0.7,0.9,1175,Newport
2014-01-26,22.7,32,270.0,50,225.0,10.6,2.8,12.3,5.448,991.0,0.7,1.1,1175,Newport
2014-01-27,26.9,37,300.0,59,148.0,8.4,5.3,26.6,5.373,975.5,1.0,1.6,1175,Newport
2014-01-28,14.0,28,330.0,37,414.0,7.6,3.3,5.5,5.604,982.2,0.4,0.5,1175,Newport
2014-01-29,9.2,23,330.0,32,367.0,8.3,3.8,2.4,4.274,995.6,0.6,0.7,1175,Newport
2014-01-30,8.1,13,140.0,19,200.0,6.5,3.7,1.2,4.747,997.7,0.4,0.5,1175,Newport
2014-01-31,12.7,24,150.0,34,341.0,8.9,0.2,14.1,4.909,982.0,0.7,0.9,1175,Newport
2014-02-01,21.6,38,280.0,55,235.0,8.6,3.0,7.2,4.511,969.3,1.0,1.4,1175,Newport
2014-02-02,17.0,28,150.0,40,410.0,9.8,4.0,3.3,5.344,986.4,1.0,1.3,1175,Newport
2014-02-03,12.4,29,160.0,43,340.0,8.6,3.3,11.4,5.998,981.5,0.5,0.7,1175,Newport
2014-02-04,13.0,25,90.0,42,431.0,6.3,1.3,1.9,3.958,971.1,0.4,0.6,1175,Newport
2014-02-05,11.8,25,280.0,40,238.0,7.9,6.2,7.8,5.726,966.0,0.6,0.8,1175,Newport
2014-02-06,9.3,19,260.0,29,526.0,8.8,3.9,1.2,5.431,980.8,0.7,0.9,1175,Newport
2014-02-07,11.7,25,160.0,43,265.0,6.3,0.9,3.9,3.601,971.8,0.5,0.7,1175,Newport
2014-02-08,15.8,26,140.0,38,285.0,8.2,3.7,13.9,5.102,952.3,0.5,0.8,1175,Newport
2014-02-09,12.3,30,310.0,41,503.0,8.4,1.9,12.5,5.2,970.6,0.7,1.0,1175,Newport
2014-02-10,11.5,29,150.0,39,540.0,8.4,1.7,17.2,4.366,985.7,0.9,1.1,1175,Newport
2014-02-11,14.0,28,270.0,42,282.0,5.1,1.3,5.0,2.741,983.0,0.8,1.1,1175,Newport
2014-02-12,17.4,53,290.0,75,141.0,5.8,0.7,25.8,2.311,969.9,0.6,1.0,1175,Newport
2014-02-13,11.3,28,280.0,41,263.0,7.4,2.0,12.4,2.811,981.3,0.8,1.0,1175,Newport
2014-02-14,14.9,34,350.0,44,101.0,5.2,1.2,21.0,2.858,972.4,0.5,0.7,1175,Newport
2014-02-15,17.0,27,330.0,38,573.0,8.1,3.1,2.2,3.924,982.5,1.2,1.7,1175,Newport
2014-02-16,9.3,19,140.0,26,438.0,6.8,0.4,1.4,3.234,994.1,0.5,0.7,1175,Newport
2014-02-17,5.4,17,140.0,25,668.0,11.5,3.8,0.0,6.373,993.1,0.5,0.8,1175,Newport
2014-02-18,6.0,12,230.0,18,697.0,11.9,4.0,1.0,6.743,1001.3,0.6,0.9,1175,Newport
2014-02-19,6.1,14,130.0,19,256.0,9.7,6.8,26.8,7.564,994.2,0.4,0.6,1175,Newport
2014-02-20,12.0,29,340.0,34,490.0,8.6,3.9,11.1,6.681,986.1,0.5,0.8,1175,Newport
2014-02-21,13.7,24,260.0,39,464.0,8.7,3.7,12.3,5.569,990.3,0.9,1.3,1175,Newport
2014-02-22,15.4,29,210.0,42,99.0,11.1,5.6,4.3,6.016,990.4,0.9,1.2,1175,Newport
2014-02-23,13.0,26,200.0,36,560.0,9.9,5.9,10.3,7.492,986.5,0.7,1.1,1175,Newport
2014-02-24,12.0,24,150.0,34,268.0,7.0,3.0,4.7,5.62,982.9,0.6,0.9,1175,Newport
2014-02-25,15.4,28,150.0,42,627.0,9.3,4.1,10.1,5.979,981.9,0.9,1.4,1175,Newport
2014-02-26,14.4,24,170.0,35,669.0,9.8,5.3,3.7,6.422,997.7,1.2,1.7,1175,Newport
2014-02-27,9.3,18,280.0,30,746.0,8.8,3.8,2.8,6.001,996.8,1.0,1.4,1175,Newport
2014-02-28,9.7,20,330.0,29,692.0,9.9,2.7,3.6,5.5,999.3,1.2,1.6,1175,Newport
2014-03-01,9.2,23,300.0,31,330.0,8.9,2.8,7.3,5.672,994.7,0.6,0.9,1175,Newport
2014-03-02,8.7,18,260.0,25,698.0,9.0,2.0,5.7,5.598,981.6,0.8,1.2,1175,Newport
2014-03-03,13.0,33,300.0,47,865.0,10.1,1.0,5.9,5.277,983.3,1.0,1.6,1175,Newport
2014-03-04,5.9,16,300.0,24,755.0,11.8,3.9,0.4,6.169,1001.3,1.1,1.5,1175,Newport
2014-03-05,11.4,23,210.0,35,283.0,10.0,6.4,2.3,7.014,1009.0,0.6,0.9,1175,Newport
2014-03-06,4.5,11,10.0,16,172.0,10.6,6.1,9.2,8.12,1008.6,0.4,0.6,1175,Newport
2014-03-07,11.6,23,140.0,37,1056.0,9.3,4.2,0.3,7.149,1012.9,1.1,1.7,1175,Newport
2014-03-08,18.7,30,180.0,47,142.0,11.5,5.6,3.7,7.37,1007.2,1.3,1.8,1175,Newport
2014-03-09,4.7,12,190.0,18,474.0,9.1,4.3,1.7,7.496,1014.7,0.7,1.0,1175,Newport
2014-03-10,3.7,9,240.0,13,1130.0,11.7,2.1,0.0,6.863,1026.6,1.1,1.6,1175,Newport
2014-03-11,5.6,12,150.0,16,1409.0,12.6,1.5,0.0,6.61,1030.6,1.4,2.0,1175,Newport
2014-03-12,4.4,10,250.0,13,316.0,9.2,1.6,0.0,5.851,1029.1,0.6,0.8,1175,Newport
2014-03-13,3.6,7,240.0,12,332.0,9.9,6.9,0.2,7.969,1028.4,0.6,0.8,1175,Newport
2014-03-14,7.7,16,260.0,22,404.0,12.6,6.7,0.1,8.185,1026.7,0.9,1.2,1175,Newport
2014-03-15,9.5,17,210.0,23,1103.0,14.7,6.8,0.0,8.818,1028.3,1.5,2.1,1175,Newport
2014-03-16,9.3,16,260.0,24,399.0,11.5,7.9,0.6,8.83,1024.9,0.9,1.3,1175,Newport
2014-03-17,8.7,19,210.0,29,1035.0,12.3,6.5,0.0,9.128,1015.3,1.4,2.0,1175,Newport
2014-03-18,16.7,29,280.0,44,945.0,12.2,7.9,6.3,9.25,1010.2,1.5,2.3,1175,Newport
2014-03-19,20.8,32,200.0,51,252.0,11.9,9.1,0.2,9.13,1005.0,1.1,1.7,1175,Newport
2014-03-20,16.0,38,210.0,56,1107.0,11.7,3.5,19.2,8.847,992.8,1.3,2.1,1175,Newport
2014-03-21,9.9,24,250.0,37,446.0,6.8,1.0,14.2,5.637,992.2,0.8,1.2,1175,Newport
2014-03-22,19.9,31,320.0,53,893.0,8.8,2.5,13.6,5.097,993.7,1.5,2.5,1175,Newport
2014-03-23,10.3,26,330.0,38,1295.0,11.6,3.0,3.1,6.313,1006.3,1.9,2.7,1175,Newport
2014-03-24,18.5,37,290.0,53,216.0,9.3,3.4,5.4,5.936,994.5,0.7,1.2,1175,Newport
2014-03-25,11.3,20,320.0,28,1390.0,11.0,5.1,0.4,7.234,1008.5,1.9,2.8,1175,Newport
2014-03-26,6.3,14,350.0,18,1029.0,11.0,4.0,0.6,6.756,1019.2,1.4,2.0,1175,Newport
2014-03-27,5.7,11,70.0,16,873.0,9.7,3.4,0.6,7.17,1012.8,1.3,1.8,1175,Newport
2014-03-28,8.8,14,50.0,21,750.0,9.1,2.6,0.0,6.05,1015.0,1.3,1.8,1175,Newport
2014-03-29,9.3,18,120.0,27,623.0,10.1,4.9,12.7,6.781,1007.2,1.1,1.6,1175,Newport
2014-03-30,9.7,20,100.0,31,1353.0,13.4,5.4,4.6,9.297,1003.6,1.6,2.4,1175,Newport
2014-03-31,8.9,17,130.0,24,870.0,13.8,7.6,2.4,10.092,1004.5,1.5,2.1,1175,Newport
2014-04-01,7.5,16,80.0,21,1737.0,15.2,3.6,0.1,10.008,1003.7,2.0,3.0,1175,Newport
2014-04-02,12.3,19,100.0,37,255.0,12.6,7.9,7.8,9.577,996.5,1.1,1.4,1175,Newport
2014-04-03,9.1,18,160.0,24,674.0,13.4,7.5,0.0,9.868,995.8,1.2,1.7,1175,Newport
2014-04-04,8.8,20,150.0,26,991.0,14.9,8.1,2.2,10.4,999.3,1.8,2.5,1175,Newport
2014-04-05,9.0,18,150.0,23,669.0,13.8,9.0,3.4,11.19,996.9,1.1,1.6,1175,Newport
2014-04-06,14.3,27,210.0,40,1506.0,12.8,7.2,4.4,11.59,994.7,1.4,2.6,1175,Newport
2014-04-07,8.2,20,260.0,33,1209.0,12.0,3.9,3.4,9.85,1002.5,1.6,2.3,1175,Newport
2014-04-08,10.3,16,250.0,27,1001.0,12.3,4.5,2.1,8.825,1012.7,1.5,2.2,1175,Newport
2014-04-09,10.5,17,230.0,25,900.0,12.4,9.3,0.0,10.395,1019.0,1.5,2.2,1175,Newport
2014-04-10,7.9,15,270.0,20,1641.0,13.0,5.8,1.9,10.653,,1.9,3.0,1175,Newport
2014-04-11,9.1,18,200.0,29,1124.0,10.9,4.7,0.1,9.61,1017.7,1.3,2.1,1175,Newport
2014-04-12,13.5,20,290.0,33,1210.0,11.9,7.9,3.6,10.078,1014.7,1.8,2.8,1175,Newport
2014-04-13,11.7,23,260.0,32,1079.0,13.0,8.2,0.1,9.845,1021.0,2.1,3.0,1175,Newport
2014-04-14,5.6,17,300.0,22,1368.0,15.0,6.8,0.0,10.34,1024.4,2.3,3.1,1175,Newport
2014-04-15,11.7,22,150.0,29,1975.0,17.3,5.6,0.0,10.765,1021.5,3.3,4.7,1175,Newport
2014-04-16,8.6,16,210.0,23,449.0,11.9,7.8,1.1,10.047,1018.1,1.3,1.8,1175,Newport
2014-04-17,8.8,16,280.0,23,1006.0,14.4,7.2,1.4,10.378,1018.9,1.7,2.4,1175,Newport
2014-04-18,3.6,9,230.0,14,1504.0,15.8,6.1,0.0,11.943,1019.0,2.0,2.8,1175,Newport
2014-04-19,4.6,13,80.0,19,1043.0,17.0,8.6,0.0,12.795,1014.6,2.1,2.7,1175,Newport
2014-04-20,9.5,18,0.0,25,2296.0,14.8,5.9,0.0,12.765,1010.1,3.0,4.5,1175,Newport
2014-04-21,12.9,25,340.0,32,1449.0,17.8,8.4,0.7,12.505,1004.8,3.0,4.2,1175,Newport
2014-04-22,8.7,16,110.0,23,817.0,13.4,9.8,0.5,12.055,1002.6,1.6,2.2,1175,Newport
2014-04-23,8.9,17,130.0,29,1506.0,15.2,6.9,7.3,12.802,1004.8,2.0,3.0,1175,Newport
2014-04-24,7.1,14,120.0,20,1955.0,17.0,6.0,0.1,12.79,1012.0,2.9,4.0,1175,Newport
2014-04-25,11.8,19,110.0,29,1266.0,13.9,5.4,1.2,11.722,1002.9,1.8,2.8,1175,Newport
2014-04-26,9.5,18,50.0,29,1507.0,14.2,8.1,4.8,12.225,994.9,2.2,3.3,1175,Newport
2014-04-27,6.2,12,350.0,16,1861.0,19.1,8.2,0.0,13.573,1005.4,3.1,4.2,1175,Newport
2014-04-28,5.2,10,340.0,13,1978.0,20.4,5.3,0.0,14.172,1009.6,3.0,4.1,1175,Newport
2014-04-29,4.7,10,230.0,15,1949.0,19.9,8.7,0.0,15.61,1007.8,2.9,4.0,1175,Newport
2014-04-30,7.9,14,110.0,21,884.0,14.1,8.6,7.4,13.525,1004.4,1.4,2.0,1175,Newport
2014-05-01,4.5,11,90.0,17,1438.0,17.1,9.7,1.7,14.727,1010.1,2.1,2.9,1175,Newport
2014-05-02,9.6,13,150.0,17,714.0,14.6,9.6,0.0,13.507,1019.8,1.4,2.0,1175,Newport
2014-05-03,7.6,13,110.0,17,929.0,16.2,10.9,2.1,14.003,1019.7,1.5,2.2,1175,Newport
2014-05-04,8.7,17,160.0,22,400.0,12.8,10.8,7.4,13.413,1011.0,0.9,1.3,1175,Newport
2014-05-05,13.9,22,140.0,33,613.0,12.9,9.8,4.3,11.91,999.1,1.2,1.9,1175,Newport
2014-05-06,13.9,20,200.0,40,819.0,14.2,7.7,12.9,11.405,994.0,1.6,2.5,1175,Newport
2014-05-07,13.4,25,270.0,38,1632.0,13.5,7.8,3.8,11.693,999.8,2.0,3.4,1175,Newport
2014-05-08,10.6,22,200.0,42,660.0,12.1,8.8,4.3,11.78,1000.7,1.0,1.6,1175,Newport
2014-05-09,12.0,20,270.0,32,1058.0,13.2,8.0,7.3,11.432,1000.3,1.7,2.6,1175,Newport
2014-05-10,14.0,22,290.0,31,1281.0,13.6,9.4,14.4,12.132,992.4,1.8,2.9,1175,Newport
2014-05-11,12.5,18,280.0,25,1209.0,13.8,7.2,6.9,11.778,1000.8,1.9,2.9,1175,Newport
2014-05-12,8.0,15,340.0,21,1471.0,13.6,6.6,4.2,11.943,1009.4,2.0,3.0,1175,Newport
2014-05-13,8.7,15,280.0,22,2088.0,16.1,8.6,1.2,13.14,1019.9,3.1,4.5,1175,Newport
2014-05-14,7.4,13,200.0,18,737.0,14.0,9.8,2.6,13.015,1028.5,1.3,1.8,1175,Newport
2014-05-15,7.0,13,240.0,20,2265.0,16.7,9.8,0.0,14.865,1032.0,3.1,4.4,1175,Newport
2014-05-16,9.3,16,230.0,25,1789.0,15.9,9.6,0.6,14.415,1027.0,2.5,3.8,1175,Newport
2014-05-17,11.7,21,200.0,33,282.0,13.8,9.8,16.1,13.057,1014.3,0.8,1.2,1175,Newport
2014-05-18,7.6,12,200.0,24,2394.0,14.0,6.9,11.7,13.71,1003.8,2.8,4.2,1175,Newport
2014-05-19,12.1,19,330.0,25,1222.0,13.9,6.5,2.9,12.462,1001.4,1.7,2.8,1175,Newport
2014-05-20,7.8,18,340.0,23,804.0,16.1,11.0,13.1,13.438,1000.8,1.4,2.1,1175,Newport
2014-05-21,7.9,20,0.0,28,1004.0,13.0,8.6,3.8,13.875,1004.0,1.4,2.1,1175,Newport
2014-05-22,17.4,25,340.0,34,1366.0,11.1,7.5,5.8,12.087,1005.1,1.6,3.0,1175,Newport
2014-05-23,14.4,19,0.0,30,1670.0,11.2,7.9,4.3,11.76,1009.2,2.1,3.6,1175,Newport
2014-05-24,16.3,22,340.0,29,1477.0,12.5,8.1,0.2,11.535,1011.7,2.0,3.4,1175,Newport
2014-05-25,10.7,16,340.0,21,1738.0,13.8,8.6,0.0,12.717,1013.5,2.3,3.6,1175,Newport
2014-05-26,4.3,11,210.0,15,1993.0,17.0,10.1,2.4,14.61,1014.1,3.0,4.1,1175,Newport
2014-05-27,5.5,12,340.0,15,2283.0,20.0,9.4,0.0,16.487,1014.4,3.6,4.9,1175,Newport
2014-05-28,5.9,15,320.0,19,2122.0,22.3,7.9,0.0,16.948,1015.4,3.6,4.8,1175,Newport
2014-05-29,6.2,12,340.0,17,1954.0,18.4,9.7,0.0,16.497,1018.4,3.0,4.2,1175,Newport
2014-05-30,4.1,9,330.0,12,1691.0,19.8,7.3,0.0,16.44,1022.1,2.8,3.7,1175,Newport
2014-05-31,6.6,13,210.0,21,1856.0,17.5,8.1,0.0,16.48,1021.2,2.6,3.7,1175,Newport
2014-06-01,8.3,16,170.0,22,621.0,16.3,11.8,3.4,15.89,1015.4,1.2,1.8,1175,Newport
2014-06-02,8.0,15,290.0,21,989.0,13.7,9.7,1.4,14.735,1012.4,1.5,2.3,1175,Newport
2014-06-03,7.1,14,230.0,21,2297.0,15.3,7.6,2.3,15.645,1008.2,3.1,4.5,1175,Newport
2014-06-04,7.1,15,330.0,21,2283.0,15.4,6.8,0.6,15.257,1006.7,3.1,4.5,1175,Newport
2014-06-05,5.7,13,350.0,18,1649.0,14.5,4.7,0.0,14.288,1007.5,2.2,3.2,1175,Newport
2014-06-06,10.6,18,100.0,30,785.0,15.3,9.4,2.9,13.392,1004.3,1.6,2.3,1175,Newport
2014-06-07,10.2,23,160.0,33,1824.0,19.8,11.1,5.1,16.062,1003.3,3.1,4.4,1175,Newport
2014-06-08,8.8,17,130.0,23,1285.0,19.1,10.3,7.5,15.352,1007.1,2.4,3.4,1175,Newport
2014-06-09,8.6,17,120.0,23,1481.0,18.6,11.0,7.0,15.67,1008.2,2.6,3.6,1175,Newport
2014-06-10,3.9,11,340.0,14,1565.0,19.2,10.7,4.2,16.79,1010.2,2.6,3.4,1175,Newport
2014-06-11,5.7,13,240.0,18,1919.0,18.2,10.4,0.0,16.805,1019.1,2.8,3.9,1175,Newport
2014-06-12,8.4,14,240.0,21,1101.0,18.7,11.1,0.3,15.972,1022.8,2.0,2.9,1175,Newport
2014-06-13,6.6,11,320.0,15,2032.0,19.8,13.4,9.6,17.865,1023.9,3.0,4.3,1175,Newport
2014-06-14,6.4,14,350.0,18,1753.0,20.0,11.7,0.1,18.23,1027.3,2.9,4.0,1175,Newport
2014-06-15,7.1,11,10.0,17,2581.0,18.6,11.0,0.0,18.782,1029.4,3.7,5.3,1175,Newport
2014-06-16,9.6,15,340.0,21,3000.0,20.3,10.9,0.0,19.975,1029.0,4.1,6.2,1175,Newport
2014-06-17,6.9,15,330.0,21,2709.0,27.1,12.9,0.0,22.097,1028.4,4.8,6.4,1175,Newport
2014-06-18,8.5,19,350.0,24,2910.0,24.1,12.5,0.0,22.725,1027.4,4.5,6.4,1175,Newport
2014-06-19,7.6,13,340.0,19,1684.0,18.0,12.2,0.0,20.195,1026.1,2.8,4.0,1175,Newport
2014-06-20,6.3,13,350.0,18,1543.0,17.4,11.7,0.0,19.44,1023.7,2.7,3.7,1175,Newport
2014-06-21,6.4,13,0.0,18,1340.0,17.9,11.4,0.0,18.318,1022.0,2.3,3.2,1175,Newport
2014-06-22,6.0,13,340.0,17,1141.0,18.0,12.3,0.0,18.275,1022.4,2.2,3.0,1175,Newport
2014-06-23,6.7,13,330.0,17,2193.0,20.8,9.4,0.0,19.125,1023.6,3.4,4.8,1175,Newport
2014-06-24,4.4,8,210.0,12,1953.0,21.7,12.1,0.0,20.778,1019.8,3.3,4.4,1175,Newport
2014-06-25,5.0,10,100.0,15,784.0,19.5,14.3,21.2,18.735,1013.4,1.8,2.3,1175,Newport
2014-06-26,9.4,18,120.0,24,914.0,18.3,12.7,4.5,17.225,1008.6,2.0,2.8,1175,Newport
2014-06-27,6.5,11,350.0,18,1639.0,19.8,12.5,9.4,17.497,1008.6,2.8,3.8,1175,Newport
2014-06-28,10.8,16,0.0,23,2794.0,17.6,10.5,0.1,17.997,1011.6,3.8,5.9,1175,Newport
2014-06-29,6.4,12,340.0,16,2325.0,18.2,8.7,0.0,17.632,1013.5,3.5,4.9,1175,Newport
2014-06-30,7.4,15,330.0,20,2263.0,21.1,12.2,0.0,19.3,1014.4,4.0,5.4,1175,Newport
2014-07-01,4.3,9,150.0,12,2896.0,23.7,9.5,0.0,21.4,1017.6,4.5,6.0,1175,Newport
2014-07-02,10.0,17,200.0,29,955.0,18.3,10.9,2.2,18.472,1014.9,1.7,2.5,1175,Newport
2014-07-03,9.2,17,200.0,25,930.0,16.8,11.0,0.7,16.26,1007.8,1.5,2.3,1175,Newport
2014-07-04,10.7,19,210.0,26,1503.0,16.1,11.1,11.1,16.625,997.5,2.1,3.3,1175,Newport
2014-07-05,6.2,16,240.0,26,2481.0,17.6,9.1,8.9,16.958,998.5,3.4,4.8,1175,Newport
2014-07-06,7.1,15,270.0,23,1750.0,17.0,9.4,3.5,16.185,1003.2,2.6,3.7,1175,Newport
2014-07-07,6.4,13,350.0,19,1883.0,18.2,10.4,1.6,16.552,1010.0,3.0,4.1,1175,Newport
2014-07-08,9.7,17,320.0,23,1943.0,16.9,11.4,1.6,16.718,1018.6,2.9,4.4,1175,Newport
2014-07-09,5.1,10,200.0,14,891.0,16.1,10.4,2.2,15.89,1022.5,1.4,1.9,1175,Newport
2014-07-10,5.1,9,210.0,13,1248.0,20.6,13.9,1.1,17.497,1019.4,2.2,3.0,1175,Newport
2014-07-11,5.2,9,220.0,15,766.0,17.9,14.4,1.6,17.705,1015.3,1.4,1.9,1175,Newport
2014-07-12,8.8,16,280.0,21,590.0,17.1,13.1,3.0,16.79,1009.3,1.3,1.8,1175,Newport
2014-07-13,7.8,13,270.0,18,1840.0,18.9,12.1,0.4,17.075,1008.2,3.1,4.3,1175,Newport
2014-07-14,11.1,18,200.0,26,1038.0,17.1,13.0,19.1,16.823,1006.9,1.7,2.5,1175,Newport
2014-07-15,6.1,12,140.0,17,1442.0,19.2,10.8,12.1,17.273,1011.7,2.3,3.2,1175,Newport
2014-07-16,9.5,17,210.0,26,1809.0,18.7,12.9,2.5,18.165,1012.0,2.5,3.8,1175,Newport
2014-07-17,6.1,14,340.0,19,993.0,20.5,12.1,0.6,17.677,1014.2,1.9,2.5,1175,Newport
2014-07-18,6.6,13,70.0,25,918.0,22.6,15.2,2.3,17.835,1007.9,2.3,2.9,1175,Newport
2014-07-19,6.3,12,330.0,17,2310.0,22.4,15.0,0.0,20.272,1006.1,3.8,5.1,1175,Newport
2014-07-20,6.7,13,260.0,20,1846.0,19.6,14.2,0.0,20.403,1010.8,2.9,4.1,1175,Newport
2014-07-21,6.8,13,240.0,18,1116.0,22.0,15.2,0.0,19.435,1015.5,2.2,2.9,1175,Newport
2014-07-22,6.0,12,120.0,16,765.0,21.2,17.1,6.9,20.198,1018.9,1.5,2.0,1175,Newport
2014-07-23,6.1,11,350.0,14,1515.0,24.5,17.1,0.7,21.205,1018.3,2.9,3.8,1175,Newport
2014-07-24,7.7,14,350.0,18,1168.0,23.5,16.4,1.5,20.85,1017.2,2.4,3.2,1175,Newport
2014-07-25,3.9,9,0.0,14,2270.0,26.2,14.7,0.0,22.255,1016.0,3.8,5.0,1175,Newport
2014-07-26,8.2,14,320.0,20,1724.0,21.3,14.4,1.7,21.605,1016.3,3.0,4.1,1175,Newport
2014-07-27,10.0,17,330.0,24,1578.0,19.7,12.8,0.0,19.255,1017.8,2.8,4.0,1175,Newport
2014-07-28,8.5,16,330.0,21,1210.0,19.2,14.7,0.4,18.815,1018.0,2.3,3.1,1175,Newport
2014-07-29,8.6,14,280.0,22,950.0,18.7,13.7,0.0,18.045,1016.8,1.9,2.6,1175,Newport
2014-07-30,8.2,15,270.0,22,1125.0,19.3,13.4,0.3,17.73,1013.0,2.0,2.8,1175,Newport
2014-07-31,7.4,13,240.0,21,1379.0,19.4,13.5,0.8,18.477,1007.5,2.3,3.2,1175,Newport
2014-08-01,5.2,14,350.0,18,1207.0,18.2,11.5,4.1,18.132,1002.7,2.1,2.9,1175,Newport
2014-08-02,9.3,17,320.0,23,1256.0,16.9,10.0,4.4,16.218,1001.2,2.0,2.9,1175,Newport
2014-08-03,12.9,21,310.0,32,1044.0,17.3,10.5,6.3,15.97,1003.9,1.9,2.8,1175,Newport
2014-08-04,3.8,11,270.0,15,1963.0,21.4,8.8,0.6,17.2,1009.0,3.0,4.0,1175,Newport
2014-08-05,5.5,13,230.0,21,1482.0,21.7,14.2,1.0,19.022,1007.8,2.6,3.4,1175,Newport
2014-08-06,6.5,15,260.0,24,1393.0,18.6,11.7,2.9,18.345,1007.8,2.3,3.1,1175,Newport
2014-08-07,5.9,15,240.0,19,1907.0,19.4,10.9,0.9,17.65,1009.5,2.9,4.0,1175,Newport
2014-08-08,8.9,15,210.0,24,2179.0,18.8,11.3,5.7,18.038,1004.1,3.1,4.5,1175,Newport
2014-08-09,6.0,12,230.0,20,2270.0,19.1,10.8,5.8,18.335,999.0,3.1,4.4,1175,Newport
2014-08-10,7.7,20,300.0,29,1341.0,16.9,9.8,8.1,16.557,997.2,2.0,2.9,1175,Newport
2014-08-11,11.1,18,270.0,27,1678.0,17.6,11.5,9.1,16.195,999.4,2.5,3.7,1175,Newport
2014-08-12,9.1,17,320.0,24,1508.0,18.4,10.3,4.7,16.33,1000.6,2.3,3.4,1175,Newport
2014-08-13,8.5,15,300.0,22,1388.0,18.7,12.7,1.9,16.81,1004.9,2.4,3.4,1175,Newport
2014-08-14,7.5,18,310.0,24,1605.0,16.8,12.2,5.9,17.115,1011.4,2.5,3.5,1175,Newport
2014-08-15,8.1,14,320.0,18,1378.0,18.7,12.1,0.2,16.405,1018.2,2.7,3.6,1175,Newport
2014-08-16,10.2,19,270.0,28,603.0,16.0,12.5,1.2,15.712,1015.6,1.5,2.1,1175,Newport
2014-08-17,14.8,22,310.0,31,1570.0,15.9,11.7,2.2,15.247,1010.7,2.6,3.9,1175,Newport
2014-08-18,11.0,19,310.0,28,1640.0,15.8,10.3,0.9,15.068,1013.3,2.5,3.7,1175,Newport
2014-08-19,6.9,16,310.0,21,1523.0,15.5,9.6,1.6,14.945,1015.5,2.3,3.2,1175,Newport
2014-08-20,6.0,15,330.0,20,1372.0,16.3,9.1,0.1,14.95,1016.3,2.2,3.0,1175,Newport
2014-08-21,7.8,17,260.0,25,1181.0,16.6,10.4,1.7,15.21,1011.0,1.9,2.7,1175,Newport
2014-08-22,6.5,18,340.0,25,1490.0,15.6,8.6,0.2,15.18,1013.2,2.2,3.0,1175,Newport
2014-08-23,5.7,13,320.0,18,1632.0,17.6,7.5,0.1,14.68,1015.8,2.5,3.4,1175,Newport
2014-08-24,9.2,15,120.0,22,722.0,15.1,7.0,0.9,13.738,1009.0,1.1,1.6,1175,Newport
2014-08-25,11.4,15,90.0,26,524.0,16.4,13.7,11.4,15.2,997.7,1.0,1.5,1175,Newport
2014-08-26,9.4,16,90.0,24,657.0,16.3,13.0,0.0,15.238,1003.9,1.4,2.0,1175,Newport
2014-08-27,13.7,22,100.0,37,230.0,15.7,13.4,1.5,14.37,1001.3,0.9,1.3,1175,Newport
2014-08-28,14.0,26,200.0,43,586.0,16.0,10.9,23.0,14.19,994.2,1.2,1.8,1175,Newport
2014-08-29,12.6,20,240.0,33,813.0,18.5,12.9,6.6,15.028,1000.5,1.7,2.4,1175,Newport
2014-08-30,10.1,25,300.0,33,1098.0,16.9,10.4,1.3,15.302,1012.2,1.7,2.5,1175,Newport
2014-08-31,6.6,13,210.0,22,516.0,17.2,10.4,4.9,14.86,1013.5,0.9,1.3,1175,Newport
2014-09-01,5.4,10,210.0,15,855.0,17.4,12.8,0.0,15.32,1018.4,1.8,2.4,1175,Newport
2014-09-02,3.6,9,150.0,13,529.0,16.0,12.2,0.0,15.158,1020.4,1.3,1.7,1175,Newport
2014-09-03,4.4,10,140.0,15,1134.0,18.1,11.6,0.0,15.93,1017.7,1.8,2.5,1175,Newport
2014-09-04,3.0,7,230.0,11,715.0,20.1,13.2,0.0,16.558,1015.5,1.4,1.8,1175,Newport
2014-09-05,9.0,13,340.0,19,494.0,16.1,11.6,0.0,15.908,1016.1,1.0,1.5,1175,Newport
2014-09-06,6.3,12,10.0,19,1026.0,15.9,8.8,0.0,13.895,1016.9,1.7,2.3,1175,Newport
2014-09-07,6.5,11,0.0,16,918.0,15.9,8.4,0.0,13.573,1018.0,1.6,2.2,1175,Newport
2014-09-08,3.9,9,350.0,11,1042.0,18.1,7.0,0.0,13.7,1019.9,1.6,2.2,1175,Newport
2014-09-09,3.9,7,350.0,10,1571.0,19.6,8.1,0.0,15.08,1019.5,2.1,2.9,1175,Newport
2014-09-10,5.3,10,140.0,14,1808.0,19.9,8.4,0.0,15.695,1016.8,2.3,3.2,1175,Newport
2014-09-11,5.3,10,120.0,15,1016.0,20.8,11.2,0.0,16.13,1018.2,1.8,2.4,1175,Newport
2014-09-12,7.3,13,140.0,18,1239.0,19.4,10.9,0.0,16.125,1020.7,2.0,2.7,1175,Newport
2014-09-13,6.0,11,130.0,16,1438.0,21.2,13.3,0.0,17.06,1023.0,2.3,3.1,1175,Newport
2014-09-14,7.2,13,110.0,20,1134.0,18.8,12.3,0.0,16.615,1020.4,1.9,2.6,1175,Newport
2014-09-15,4.9,11,120.0,14,833.0,18.8,11.3,0.0,15.855,1016.5,1.5,2.0,1175,Newport
2014-09-16,5.0,10,80.0,14,912.0,19.0,11.4,0.0,16.052,1012.5,1.5,2.0,1175,Newport
2014-09-17,6.7,14,100.0,19,527.0,18.5,13.4,0.0,15.61,1010.0,1.2,1.6,1175,Newport
2014-09-18,6.4,10,80.0,15,1042.0,20.2,13.8,0.0,16.312,1008.3,1.8,2.3,1175,Newport
2014-09-19,12.0,19,350.0,26,735.0,16.9,13.3,0.0,16.045,1012.2,1.2,1.7,1175,Newport
2014-09-20,6.8,12,10.0,19,936.0,16.2,10.0,0.0,15.565,1019.8,1.4,2.0,1175,Newport
2014-09-21,3.4,8,150.0,11,1609.0,18.9,7.7,0.1,15.023,1024.0,1.8,2.6,1175,Newport
2014-09-22,5.8,12,240.0,19,1289.0,19.6,9.0,2.0,15.525,1021.8,1.7,2.3,1175,Newport
2014-09-23,6.7,14,330.0,20,420.0,14.5,8.6,5.0,14.365,1015.7,0.6,0.9,1175,Newport
2014-09-24,7.5,13,300.0,20,1228.0,18.2,10.4,0.9,14.7,1014.4,1.5,2.2,1175,Newport
2014-09-25,9.9,21,200.0,31,361.0,16.8,14.1,4.6,15.525,1013.1,0.8,1.1,1175,Newport
2014-09-26,7.7,16,280.0,26,1358.0,17.8,9.7,1.9,14.958,1017.3,1.6,2.3,1175,Newport
2014-09-27,7.0,20,200.0,29,500.0,17.5,9.9,0.1,13.855,1019.1,1.1,1.4,1175,Newport
2014-09-28,5.2,11,240.0,17,853.0,19.5,13.1,0.0,15.835,1016.3,1.2,1.7,1175,Newport
2014-09-29,5.2,12,150.0,17,532.0,19.3,11.3,0.0,15.542,1014.0,1.0,1.3,1175,Newport
2014-09-30,10.4,17,200.0,27,707.0,17.8,14.3,0.8,15.725,1011.6,1.2,1.6,1175,Newport
2014-10-01,7.8,15,350.0,27,1171.0,16.8,8.9,1.7,14.587,1019.4,1.3,1.9,1175,Newport
2014-10-02,13.7,30,190.0,51,425.0,17.6,7.4,0.1,12.575,1016.1,1.2,1.7,1175,Newport
2014-10-03,7.7,35,200.0,52,454.0,17.3,8.1,12.0,13.312,1007.9,1.0,1.4,1175,Newport
2014-10-04,9.1,16,270.0,25,932.0,15.1,7.8,1.2,11.025,1009.8,1.5,2.0,1175,Newport
2014-10-05,15.9,29,130.0,41,153.0,12.8,10.4,8.4,11.335,997.1,0.7,1.0,1175,Newport
2014-10-06,7.4,19,280.0,30,725.0,12.5,5.4,2.7,10.698,987.7,0.9,1.3,1175,Newport
2014-10-07,7.2,16,120.0,23,840.0,12.9,4.0,1.4,9.324,988.6,0.8,1.2,1175,Newport
2014-10-08,8.4,14,100.0,21,672.0,15.3,8.4,0.0,11.047,983.2,1.2,1.6,1175,Newport
2014-10-09,6.1,14,330.0,21,466.0,13.3,7.1,4.1,11.048,989.5,0.8,1.1,1175,Newport
2014-10-10,3.1,9,240.0,13,1078.0,16.1,5.2,0.3,11.148,1000.2,0.9,1.4,1175,Newport
2014-10-11,3.8,7,160.0,10,1082.0,16.1,5.4,0.8,11.273,1006.6,0.9,1.3,1175,Newport
2014-10-12,4.2,8,160.0,14,933.0,16.9,5.9,0.1,11.545,1009.3,1.0,1.4,1175,Newport
2014-10-13,6.0,10,10.0,16,566.0,13.5,5.7,0.0,10.445,1009.6,0.9,1.2,1175,Newport
2014-10-14,8.6,15,100.0,24,675.0,12.6,5.5,0.0,9.655,1005.3,0.9,1.3,1175,Newport
2014-10-15,12.3,20,110.0,30,130.0,12.2,9.1,8.6,10.53,994.7,0.5,0.7,1175,Newport
2014-10-16,11.1,17,120.0,22,539.0,17.1,10.0,0.7,11.71,989.4,1.0,1.3,1175,Newport
2014-10-17,13.6,24,160.0,32,187.0,15.2,10.1,8.3,11.863,988.9,0.5,0.8,1175,Newport
2014-10-18,18.4,32,200.0,48,427.0,16.8,13.1,2.0,12.84,987.7,1.7,2.2,1175,Newport
2014-10-19,12.5,28,210.0,43,461.0,15.8,10.6,9.0,12.765,999.7,1.0,1.3,1175,Newport
2014-10-20,13.4,37,290.0,52,389.0,14.1,10.1,12.8,12.23,999.2,0.5,0.8,1175,Newport
2014-10-21,21.3,36,290.0,56,659.0,11.6,8.2,9.2,10.033,1007.0,1.2,1.8,1175,Newport
2014-10-22,11.3,18,240.0,28,140.0,12.6,10.4,6.1,10.38,1016.8,0.8,1.1,1175,Newport
2014-10-23,11.2,20,200.0,31,169.0,13.3,8.5,9.9,11.673,1008.2,0.5,0.7,1175,Newport
2014-10-24,9.4,17,240.0,31,329.0,12.4,7.8,4.5,9.994,1006.2,0.8,1.0,1175,Newport
2014-10-25,15.2,22,240.0,39,349.0,13.1,9.5,5.6,10.405,1005.0,0.9,1.2,1175,Newport
2014-10-26,16.2,24,210.0,36,137.0,13.9,10.9,8.3,11.212,1004.7,0.6,0.9,1175,Newport
2014-10-27,13.5,21,210.0,30,88.0,15.1,13.4,8.8,12.69,1002.0,0.6,0.9,1175,Newport
2014-10-28,9.5,19,330.0,26,471.0,14.5,4.4,15.4,11.315,1005.6,0.3,0.5,1175,Newport
2014-10-29,8.9,17,120.0,23,445.0,10.9,3.8,0.0,8.151,1009.5,0.5,0.7,1175,Newport
2014-10-30,11.7,18,150.0,25,57.0,15.3,9.8,4.9,11.26,1003.1,0.6,0.8,1175,Newport
2014-10-31,8.9,16,140.0,28,131.0,15.1,10.4,12.5,12.675,999.2,0.6,0.7,1175,Newport
2014-11-01,12.8,20,140.0,30,122.0,13.2,9.2,4.9,10.67,996.5,0.8,1.0,1175,Newport
2014-11-02,8.0,18,200.0,30,189.0,9.8,5.5,21.7,9.083,989.5,0.4,0.6,1175,Newport
2014-11-03,6.0,20,330.0,32,413.0,9.7,3.9,18.4,7.604,983.2,0.4,0.6,1175,Newport
2014-11-04,9.4,18,350.0,26,344.0,11.3,7.1,5.8,8.138,996.2,0.6,0.8,1175,Newport
2014-11-05,6.6,19,140.0,26,364.0,10.0,3.9,5.4,7.254,1001.4,0.4,0.5,1175,Newport
2014-11-06,9.1,21,200.0,30,107.0,13.4,8.1,27.6,9.84,987.3,0.5,0.7,1175,Newport
2014-11-07,8.4,18,260.0,31,316.0,12.0,7.0,6.0,8.329,984.6,0.7,0.8,1175,Newport
2014-11-08,5.4,13,260.0,22,387.0,11.2,3.8,3.1,7.418,989.7,0.4,0.5,1175,Newport
2014-11-09,8.7,19,330.0,25,263.0,11.4,5.5,4.6,7.936,995.7,0.4,0.5,1175,Newport
2014-11-10,9.6,17,120.0,24,90.0,9.1,5.5,1.9,7.39,989.5,0.3,0.5,1175,Newport
2014-11-11,5.0,12,110.0,16,193.0,9.6,3.9,0.3,7.936,984.2,0.3,0.4,1175,Newport
2014-11-12,5.5,16,110.0,22,185.0,10.1,3.4,2.8,6.607,983.3,0.3,0.4,1175,Newport
2014-11-13,11.8,20,130.0,28,143.0,8.9,5.4,5.3,7.191,984.1,0.4,0.6,1175,Newport
2014-11-14,11.3,23,140.0,31,370.0,11.1,4.9,12.7,7.15,984.2,0.4,0.5,1175,Newport
2014-11-15,7.4,14,90.0,18,220.0,11.6,7.0,0.0,7.565,992.0,0.4,0.5,1175,Newport
2014-11-16,5.3,12,340.0,16,397.0,11.5,6.0,0.1,7.45,1001.4,0.2,0.3,1175,Newport
2014-11-17,6.0,19,350.0,23,366.0,11.1,5.9,0.5,6.952,1006.6,0.1,0.2,1175,Newport
2014-11-18,10.7,18,100.0,27,316.0,11.3,7.5,0.0,8.151,1006.0,0.5,0.6,1175,Newport
2014-11-19,12.3,22,90.0,38,226.0,11.7,6.4,1.2,7.805,1011.7,0.5,0.7,1175,Newport
2014-11-20,4.4,10,100.0,15,255.0,7.1,2.0,0.0,5.889,1018.3,0.1,0.1,1175,Newport
2014-11-21,11.2,21,120.0,28,26.0,11.0,7.0,4.8,7.632,1006.4,0.4,0.5,1175,Newport
2014-11-22,6.1,18,270.0,27,269.0,10.4,3.7,2.4,7.271,1006.4,0.2,0.3,1175,Newport
2014-11-23,3.9,10,240.0,16,283.0,10.0,1.4,0.9,4.735,1016.7,0.3,0.4,1175,Newport
2014-11-24,5.0,12,90.0,17,95.0,9.0,2.1,2.5,5.002,1020.0,0.3,0.4,1175,Newport
2014-11-25,5.3,10,90.0,13,208.0,7.9,0.5,1.6,4.17,1018.3,0.1,0.1,1175,Newport
2014-11-26,7.6,18,130.0,23,312.0,8.2,4.0,0.0,5.471,1007.3,0.2,0.2,1175,Newport
2014-11-27,13.1,17,120.0,25,336.0,9.6,5.1,0.0,5.813,996.2,0.4,0.5,1175,Newport
2014-11-28,10.3,17,70.0,26,238.0,11.4,6.8,0.0,6.645,999.7,0.6,0.7,1175,Newport
2014-11-29,6.1,16,280.0,23,201.0,11.0,7.1,0.4,6.831,1007.8,0.2,0.3,1175,Newport
2014-11-30,4.2,11,210.0,17,368.0,13.2,6.8,0.0,7.872,1013.3,0.1,0.1,1175,Newport
2014-12-01,9.9,21,340.0,28,69.0,9.4,5.7,2.8,7.693,1015.3,0.6,0.8,1175,Newport
2014-12-02,4.7,17,340.0,28,327.0,9.5,3.1,0.2,5.001,1024.4,0.2,0.3,1175,Newport
2014-12-03,3.5,7,90.0,10,196.0,10.6,4.3,0.8,6.116,1023.7,0.2,0.3,1175,Newport
2014-12-04,8.8,31,330.0,41,185.0,8.9,5.4,4.9,6.713,1015.4,0.4,0.5,1175,Newport
2014-12-05,10.8,23,310.0,33,185.0,8.0,4.6,5.1,5.083,1022.6,0.8,0.9,1175,Newport
2014-12-06,8.7,17,260.0,26,43.0,10.3,6.8,9.0,6.957,1019.3,0.4,0.6,1175,Newport
2014-12-07,17.5,28,280.0,42,155.0,8.6,2.4,17.3,5.272,1013.6,0.5,0.7,1175,Newport
2014-12-08,12.7,28,280.0,40,220.0,7.6,3.0,4.3,4.126,1018.9,0.6,0.7,1175,Newport
2014-12-09,18.8,29,200.0,56,43.0,12.0,3.4,15.2,6.726,1011.9,0.6,0.8,1175,Newport
2014-12-10,24.0,33,290.0,53,148.0,7.3,3.0,17.8,4.491,1005.9,1.0,1.4,1175,Newport
2014-12-11,16.5,33,310.0,50,53.0,6.5,1.9,17.6,4.169,997.2,0.6,0.9,1175,Newport
2014-12-12,5.9,20,340.0,32,144.0,6.6,0.5,4.3,3.187,999.1,0.3,0.4,1175,Newport
2014-12-13,7.1,15,240.0,26,157.0,8.1,1.8,3.4,3.1,1005.8,0.3,0.3,1175,Newport
2014-12-14,15.7,25,290.0,35,117.0,9.1,5.0,12.3,5.844,1000.7,0.4,0.6,1175,Newport
2014-12-15,8.5,17,290.0,28,188.0,7.9,4.5,3.3,5.027,1008.5,0.5,0.6,1175,Newport
2014-12-16,9.8,27,270.0,40,48.0,10.9,6.0,19.3,6.042,1006.5,0.5,0.6,1175,Newport
2014-12-17,11.9,22,270.0,33,60.0,10.9,10.1,15.2,8.965,1000.7,0.3,0.4,1175,Newport
2014-12-18,12.7,20,270.0,30,57.0,11.1,5.5,18.0,9.005,1000.2,0.4,0.6,1175,Newport
2014-12-19,17.1,25,280.0,39,175.0,8.3,5.2,6.6,5.728,1012.0,0.8,1.0,1175,Newport
2014-12-20,11.2,21,290.0,36,123.0,8.6,6.4,3.7,6.126,1022.3,0.5,0.6,1175,Newport
2014-12-21,13.5,19,210.0,30,45.0,10.8,8.2,17.7,8.522,1014.2,0.3,0.4,1175,Newport
2014-12-22,10.9,15,230.0,26,19.0,10.7,9.8,38.9,9.685,1006.3,0.3,0.4,1175,Newport
2014-12-23,11.8,22,290.0,29,88.0,10.6,5.3,16.1,9.091,1005.6,0.4,0.5,1175,Newport
2014-12-24,13.3,24,280.0,41,278.0,8.7,4.0,3.0,5.617,1016.0,0.9,0.9,1175,Newport
2014-12-25,6.4,14,310.0,24,217.0,8.5,2.7,1.1,4.63,1026.8,0.4,0.4,1175,Newport
2014-12-26,7.6,17,340.0,24,85.0,5.6,1.5,15.1,3.847,1020.3,0.3,0.4,1175,Newport
2014-12-27,11.9,22,300.0,32,157.0,6.5,2.6,6.4,3.544,1018.4,0.6,0.7,1175,Newport
2014-12-28,5.2,16,350.0,21,259.0,6.9,1.0,0.1,2.122,1029.6,0.1,0.2,1175,Newport
2014-12-29,8.6,15,180.0,19,188.0,8.9,0.1,0.0,1.997,1033.6,0.3,0.4,1175,Newport
2014-12-30,12.9,22,170.0,31,198.0,9.8,4.7,0.0,4.879,1025.3,0.5,0.6,1175,Newport
2014-12-31,15.0,23,160.0,34,55.0,12.0,8.5,6.1,7.165,1015.4,0.7,1.0,1175,Newport
2015-01-01,19.1,32,200.0,47,47.0,13.3,4.7,15.8,8.778,1008.0,0.6,0.9,1175,Newport
2015-01-02,14.3,28,280.0,40,245.0,8.6,3.6,3.6,5.451,1021.1,0.8,0.9,1175,Newport
2015-01-03,4.3,16,210.0,23,330.0,8.5,1.6,5.7,5.224,1021.1,0.0,0.0,1175,Newport
2015-01-04,7.9,13,150.0,18,299.0,9.8,1.5,1.6,4.452,1023.8,0.0,0.0,1175,Newport
2015-01-05,13.5,22,210.0,34,59.0,11.8,4.3,7.0,7.336,1013.9,0.7,0.9,1175,Newport
2015-01-06,10.0,25,210.0,36,248.0,10.0,3.2,2.2,5.647,1011.8,0.4,0.5,1175,Newport
2015-01-07,18.8,30,200.0,44,48.0,11.6,6.1,15.0,7.83,1003.3,0.7,1.0,1175,Newport
2015-01-08,14.4,34,190.0,48,156.0,10.8,4.1,6.5,5.683,1009.6,0.5,0.6,1175,Newport
2015-01-09,15.2,29,200.0,46,8.0,11.9,8.2,26.8,7.687,1005.4,0.8,1.1,1175,Newport
2015-01-10,21.9,31,270.0,46,216.0,11.7,2.9,16.0,6.055,1006.3,0.6,0.8,1175,Newport
2015-01-11,18.8,28,200.0,43,86.0,9.1,4.0,3.0,5.014,1008.0,1.0,1.4,1175,Newport
2015-01-12,17.3,30,210.0,47,282.0,9.8,1.5,18.2,5.766,995.7,0.4,0.5,1175,Newport
2015-01-13,10.2,24,270.0,37,165.0,4.2,0.2,11.2,2.433,991.6,0.5,0.7,1175,Newport
2015-01-14,18.3,33,200.0,53,28.0,10.4,0.8,17.3,2.424,977.4,0.7,1.1,1175,Newport
2015-01-15,23.2,32,220.0,57,88.0,7.5,2.8,10.7,3.977,977.4,1.0,1.5,1175,Newport
2015-01-16,11.1,27,290.0,50,292.0,6.2,1.2,7.6,2.697,998.8,0.7,0.9,1175,Newport
2015-01-17,8.2,20,290.0,31,282.0,6.6,0.2,5.2,2.239,1007.5,0.3,0.4,1175,Newport
2015-01-18,6.1,16,350.0,28,257.0,6.8,0.1,2.9,1.696,1016.2,0.3,0.5,1175,Newport
2015-01-19,8.6,15,120.0,23,82.0,2.1,-0.8,3.0,0.877,1011.0,0.3,0.4,1175,Newport
2015-01-20,6.9,17,310.0,27,202.0,5.1,1.5,6.4,2.373,1000.5,0.3,0.4,1175,Newport
2015-01-21,5.4,17,330.0,25,166.0,6.0,1.9,11.4,3.009,1006.6,0.3,0.4,1175,Newport
2015-01-22,4.4,10,130.0,13,304.0,7.6,1.0,0.0,3.286,1014.5,0.1,0.2,1175,Newport
2015-01-23,14.0,27,290.0,41,126.0,9.6,3.9,8.3,5.625,1014.5,0.6,0.8,1175,Newport
2015-01-24,10.9,27,300.0,37,209.0,8.2,4.1,0.4,4.217,1022.8,0.9,1.1,1175,Newport
2015-01-25,11.5,22,200.0,37,82.0,10.8,7.1,7.5,7.018,1020.1,0.8,1.0,1175,Newport
2015-01-26,10.2,17,270.0,27,324.0,9.0,5.4,1.5,5.965,1023.5,0.8,0.9,1175,Newport
2015-01-27,8.5,17,210.0,26,115.0,9.0,6.3,4.8,6.211,1016.9,0.4,0.5,1175,Newport
2015-01-28,23.7,34,290.0,54,344.0,9.1,2.5,13.6,4.904,999.1,0.6,0.9,1175,Newport
2015-01-29,28.3,42,290.0,63,191.0,6.8,0.9,23.0,2.534,986.0,0.9,1.5,1175,Newport
2015-01-30,18.9,32,310.0,47,322.0,6.4,3.0,6.8,3.585,985.4,0.8,1.1,1175,Newport
2015-01-31,19.1,30,350.0,47,390.0,6.2,1.8,7.8,2.571,998.5,1.0,1.3,1175,Newport
2015-02-01,3.8,22,350.0,34,440.0,5.9,0.5,0.5,2.175,1008.0,0.3,0.5,1175,Newport
2015-02-02,3.2,7,340.0,9,314.0,5.5,0.4,2.8,2.485,1006.8,0.3,0.5,1175,Newport
2015-02-03,12.4,25,0.0,38,366.0,5.5,0.2,8.2,2.909,1013.8,0.7,0.9,1175,Newport
2015-02-04,3.8,8,290.0,11,601.0,8.7,-0.3,0.0,2.086,1025.7,0.4,0.6,1175,Newport
2015-02-05,4.3,13,330.0,16,568.0,9.1,1.1,0.4,3.3,1030.3,0.3,0.4,1175,Newport
2015-02-06,3.8,7,350.0,12,277.0,7.2,4.7,0.0,4.819,1034.2,0.5,0.7,1175,Newport
2015-02-07,6.1,12,350.0,17,320.0,8.5,4.4,0.2,5.346,1039.2,0.4,0.6,1175,Newport
2015-02-08,4.7,12,350.0,15,265.0,5.4,2.0,0.1,4.714,1039.6,0.2,0.4,1175,Newport
2015-02-09,5.0,9,250.0,13,172.0,8.3,3.0,0.0,5.456,1034.5,0.5,0.7,1175,Newport
2015-02-10,6.2,11,130.0,14,280.0,6.9,1.4,0.0,5.559,1026.5,0.5,0.6,1175,Newport
2015-02-11,5.7,10,80.0,15,170.0,7.4,1.4,0.0,4.655,1018.6,0.5,0.7,1175,Newport
2015-02-12,11.7,28,150.0,36,352.0,8.4,4.9,0.3,5.209,1003.7,0.7,1.0,1175,Newport
2015-02-13,7.9,25,140.0,38,522.0,9.6,4.8,3.3,6.065,992.1,0.7,0.9,1175,Newport
2015-02-14,7.5,14,130.0,18,549.0,8.4,3.2,0.1,5.543,1001.8,0.5,0.7,1175,Newport
2015-02-15,9.2,18,160.0,23,96.0,8.8,4.5,16.9,5.575,1003.9,0.5,0.7,1175,Newport
2015-02-16,9.2,23,280.0,31,594.0,7.0,1.1,8.5,4.724,1015.6,0.6,0.8,1175,Newport
2015-02-17,12.1,24,200.0,36,259.0,10.2,3.6,0.4,4.991,1027.9,0.7,0.9,1175,Newport
2015-02-18,15.8,27,190.0,39,106.0,11.9,7.8,6.2,8.171,1019.7,0.7,1.0,1175,Newport
2015-02-19,8.6,20,250.0,30,704.0,9.7,2.7,5.9,7.022,1009.3,0.6,0.9,1175,Newport
2015-02-20,11.9,26,300.0,39,551.0,8.2,2.8,7.7,4.937,1003.4,0.9,1.3,1175,Newport
2015-02-21,14.1,28,300.0,41,571.0,7.1,2.6,7.5,4.084,1002.8,1.1,1.5,1175,Newport
2015-02-22,13.3,29,270.0,45,214.0,9.7,2.5,17.6,5.023,991.6,0.6,0.9,1175,Newport
2015-02-23,22.6,54,290.0,74,331.0,8.1,1.9,13.4,3.743,980.6,1.3,2.0,1175,Newport
2015-02-24,17.1,36,290.0,53,533.0,8.7,3.0,15.1,4.594,996.9,1.0,1.5,1175,Newport
2015-02-25,8.4,15,270.0,24,101.0,10.4,7.1,10.1,7.125,1005.1,0.4,0.6,1175,Newport
2015-02-26,18.1,28,300.0,41,798.0,10.3,2.9,9.9,6.248,1006.9,0.6,1.2,1175,Newport
2015-02-27,10.5,22,280.0,33,206.0,9.1,2.7,2.0,4.491,1007.9,0.7,0.9,1175,Newport
2015-02-28,15.6,32,270.0,52,168.0,11.1,4.9,8.5,6.374,991.2,0.6,1.0,1175,Newport
2015-03-01,13.5,26,260.0,40,537.0,8.2,1.4,3.9,4.831,991.5,1.1,1.6,1175,Newport
2015-03-02,13.9,37,300.0,52,539.0,6.0,0.5,11.9,2.971,998.0,1.2,1.7,1175,Newport
2015-03-03,14.4,26,280.0,42,434.0,6.7,0.3,12.4,2.201,1011.1,0.9,1.4,1175,Newport
2015-03-04,12.7,26,290.0,35,807.0,10.6,2.4,0.8,4.499,1024.5,1.2,1.7,1175,Newport
2015-03-05,16.5,24,210.0,32,232.0,10.2,7.2,0.2,6.689,1027.3,0.9,1.3,1175,Newport
2015-03-06,22.3,33,200.0,52,414.0,12.2,9.1,3.1,7.53,1015.5,1.6,2.4,1175,Newport
2015-03-07,22.9,33,200.0,49,118.0,11.9,7.9,12.5,9.08,1004.5,0.4,0.8,1175,Newport
2015-03-08,11.1,25,270.0,35,1090.0,10.5,3.5,0.7,7.52,1013.5,1.2,1.8,1175,Newport
2015-03-09,19.0,36,200.0,57,587.0,12.1,4.1,7.3,6.5,1009.2,1.4,2.1,1175,Newport
2015-03-10,9.5,22,160.0,27,1197.0,11.9,2.3,0.0,6.665,1021.6,1.6,2.2,1175,Newport
2015-03-11,13.7,28,160.0,51,981.0,10.7,3.3,7.7,7.188,1011.2,1.1,1.8,1175,Newport
2015-03-12,13.0,27,130.0,35,510.0,10.1,1.8,13.2,6.181,1011.0,0.7,1.1,1175,Newport
2015-03-13,3.9,10,290.0,14,1352.0,11.1,0.6,0.0,5.698,1024.5,1.3,1.9,1175,Newport
2015-03-14,9.0,13,100.0,19,682.0,11.0,1.4,0.0,5.0,1030.3,1.4,1.9,1175,Newport
2015-03-15,9.3,18,120.0,25,929.0,9.1,0.7,0.0,4.806,1027.9,1.3,1.9,1175,Newport
2015-03-16,6.2,13,120.0,18,519.0,8.6,1.5,0.0,5.688,1021.5,0.9,1.2,1175,Newport
2015-03-17,5.4,10,100.0,15,1143.0,12.1,3.2,0.0,7.051,1023.7,1.4,2.0,1175,Newport
2015-03-18,3.8,8,200.0,12,1402.0,14.6,1.5,0.0,7.58,1030.7,1.5,2.1,1175,Newport
2015-03-19,5.3,12,240.0,19,987.0,12.9,1.8,0.6,7.292,1031.9,1.1,1.6,1175,Newport
2015-03-20,7.1,16,340.0,20,866.0,11.4,6.2,0.5,9.448,1028.7,1.0,1.5,1175,Newport
2015-03-21,4.3,11,350.0,13,1207.0,14.1,3.2,0.0,9.404,1028.1,1.5,2.1,1175,Newport
2015-03-22,8.8,17,220.0,27,666.0,11.5,1.7,0.9,7.543,1020.1,1.0,1.4,1175,Newport
2015-03-23,10.6,21,280.0,31,1307.0,11.4,3.7,4.5,8.229,1014.2,1.5,2.3,1175,Newport
2015-03-24,11.7,26,340.0,39,1415.0,8.7,3.2,3.7,6.894,1012.9,1.5,2.4,1175,Newport
2015-03-25,9.0,25,290.0,34,347.0,8.8,0.5,11.6,5.078,1003.5,0.5,0.8,1175,Newport
2015-03-26,14.5,29,310.0,40,704.0,9.2,5.0,3.0,6.484,1003.7,1.4,2.0,1175,Newport
2015-03-27,6.2,18,190.0,28,855.0,14.1,4.2,7.8,7.672,1008.5,1.5,2.0,1175,Newport
2015-03-28,18.1,27,200.0,40,763.0,11.8,7.7,14.4,9.493,999.0,1.2,2.0,1175,Newport
2015-03-29,15.2,28,290.0,40,705.0,8.6,4.6,12.6,7.281,995.8,1.3,2.0,1175,Newport
2015-03-30,14.7,33,270.0,48,205.0,10.5,4.4,15.0,6.35,997.7,1.0,1.4,1175,Newport
2015-03-31,26.0,34,290.0,56,1192.0,8.8,4.4,11.7,6.537,1008.2,1.7,3.1,1175,Newport
2015-04-01,13.7,24,260.0,34,434.0,10.5,4.7,12.4,6.539,1018.7,0.9,1.4,1175,Newport
2015-04-02,7.2,17,320.0,26,483.0,11.1,6.1,22.7,9.223,1013.9,0.7,1.1,1175,Newport
2015-04-03,14.7,24,310.0,35,705.0,10.0,7.1,4.3,8.557,1018.0,1.2,1.9,1175,Newport
2015-04-04,5.1,13,350.0,18,1296.0,17.1,8.1,0.0,10.84,1024.2,1.9,2.6,1175,Newport
2015-04-05,6.8,14,140.0,19,1189.0,15.9,6.6,0.0,11.417,1025.2,1.9,2.6,1175,Newport
2015-04-06,4.4,11,250.0,18,1693.0,16.1,3.8,0.0,10.498,1030.8,2.1,2.9,1175,Newport
2015-04-07,4.8,10,200.0,13,1947.0,17.6,3.7,0.0,11.483,1032.9,2.4,3.4,1175,Newport
2015-04-08,6.1,14,120.0,19,1957.0,17.3,4.7,0.1,11.708,1027.2,2.4,3.4,1175,Newport
2015-04-09,5.5,11,230.0,17,1985.0,17.4,3.2,0.1,11.77,1019.3,2.5,3.6,1175,Newport
2015-04-10,10.5,18,130.0,29,1835.0,17.0,4.3,6.0,11.245,1007.9,2.7,3.9,1175,Newport
2015-04-11,11.2,19,220.0,35,1508.0,10.3,3.2,6.9,8.736,1009.9,1.9,2.9,1175,Newport
2015-04-12,7.4,15,0.0,21,1652.0,12.5,2.1,12.4,8.738,1017.9,2.0,2.9,1175,Newport
2015-04-13,12.8,22,210.0,32,459.0,12.1,1.9,2.5,8.318,1020.8,0.8,1.3,1175,Newport
2015-04-14,13.6,19,210.0,30,375.0,11.7,9.2,1.3,10.017,1015.8,1.0,1.4,1175,Newport
2015-04-15,8.3,18,340.0,22,1433.0,13.2,4.2,5.2,10.74,1014.4,1.7,2.6,1175,Newport
2015-04-16,6.0,15,340.0,20,1766.0,14.8,4.2,0.0,10.592,1014.1,2.4,3.3,1175,Newport
2015-04-17,7.3,17,80.0,27,2101.0,15.6,3.6,0.0,11.358,1019.0,2.7,3.9,1175,Newport
2015-04-18,11.6,19,70.0,30,2253.0,15.3,6.7,0.0,12.017,1024.8,3.3,4.8,1175,Newport
2015-04-19,5.7,12,100.0,17,2117.0,17.4,4.3,0.0,12.375,1024.5,2.9,4.1,1175,Newport
2015-04-20,5.5,11,130.0,17,2247.0,16.9,4.7,0.0,13.378,1028.1,3.0,4.2,1175,Newport
2015-04-21,6.8,18,330.0,24,2314.0,19.2,3.7,0.0,14.052,1033.2,3.2,4.5,1175,Newport
2015-04-22,6.0,14,330.0,18,2223.0,19.8,5.8,0.0,14.9,1027.4,3.2,4.4,1175,Newport
2015-04-23,5.3,11,10.0,14,2273.0,21.3,4.2,0.0,15.403,1016.0,3.2,4.5,1175,Newport
2015-04-24,3.7,12,200.0,20,754.0,13.8,4.3,3.6,13.21,1003.6,1.2,1.6,1175,Newport
2015-04-25,11.6,23,350.0,31,2146.0,10.5,3.4,15.8,11.93,1004.2,1.8,3.3,1175,Newport
2015-04-26,7.1,19,310.0,26,1674.0,9.9,1.9,1.5,9.282,1011.2,2.0,3.0,1175,Newport
2015-04-27,15.1,29,300.0,43,1694.0,9.8,1.5,3.0,8.081,1008.7,2.2,3.6,1175,Newport
2015-04-28,11.3,23,200.0,35,952.0,9.5,2.4,13.3,7.041,1007.2,1.5,2.3,1175,Newport
2015-04-29,10.7,23,240.0,37,1411.0,10.9,2.8,10.1,7.773,1005.9,1.7,2.7,1175,Newport
2015-04-30,6.1,12,60.0,19,2064.0,12.8,4.1,1.5,9.841,1009.8,2.5,3.7,1175,Newport
2015-05-01,11.3,17,120.0,25,1680.0,13.5,5.4,0.0,9.861,1007.1,2.9,4.2,1175,Newport
2015-05-02,13.3,18,110.0,28,336.0,11.2,5.3,5.4,8.382,996.6,0.9,1.4,1175,Newport
2015-05-03,10.5,19,200.0,29,1092.0,14.5,8.2,2.1,11.802,987.4,1.6,2.4,1175,Newport
2015-05-04,9.6,18,200.0,27,1062.0,13.3,8.0,1.7,10.87,989.9,1.9,2.7,1175,Newport
2015-05-05,7.3,16,250.0,24,775.0,9.6,6.1,15.4,9.95,984.9,1.2,1.7,1175,Newport
2015-05-06,15.8,29,310.0,42,1200.0,11.4,6.3,17.3,9.93,996.9,1.6,2.8,1175,Newport
2015-05-07,4.9,11,330.0,15,2231.0,14.4,3.4,0.1,11.368,1011.1,2.8,4.0,1175,Newport
2015-05-08,5.9,12,120.0,16,683.0,10.1,2.8,0.0,9.227,1008.0,1.0,1.5,1175,Newport
2015-05-09,7.0,18,170.0,24,1274.0,15.0,6.4,2.2,11.097,1009.8,2.1,2.9,1175,Newport
2015-05-10,15.8,26,200.0,36,754.0,15.9,10.1,15.0,11.618,1005.4,1.8,2.6,1175,Newport
2015-05-11,20.4,28,220.0,42,2069.0,13.7,7.7,1.5,12.055,1002.7,2.6,4.7,1175,Newport
2015-05-12,12.4,22,260.0,32,1642.0,14.1,5.6,3.9,11.182,1012.1,2.2,3.5,1175,Newport
2015-05-13,9.0,17,100.0,26,2310.0,16.3,2.7,0.0,12.09,1012.4,3.1,4.6,1175,Newport
2015-05-14,11.0,20,90.0,29,1513.0,16.8,8.5,0.0,12.757,1008.8,3.0,4.2,1175,Newport
2015-05-15,9.7,19,260.0,29,500.0,12.7,7.9,6.6,12.15,1015.3,0.9,1.4,1175,Newport
2015-05-16,15.1,24,260.0,34,2035.0,13.0,6.5,2.4,11.405,1021.2,2.7,4.5,1175,Newport
2015-05-17,12.7,20,270.0,28,1074.0,12.6,7.3,7.1,10.82,1013.5,1.7,2.7,1175,Newport
2015-05-18,17.2,31,290.0,42,1745.0,11.6,5.4,13.3,10.605,1000.6,2.1,3.7,1175,Newport
2015-05-19,17.1,25,310.0,36,2024.0,11.8,6.7,5.9,10.278,1006.6,2.7,4.6,1175,Newport
2015-05-20,9.0,15,280.0,22,1683.0,15.2,7.1,0.3,11.24,1017.1,2.6,3.8,1175,Newport
2015-05-21,8.3,13,240.0,21,606.0,11.9,8.8,5.6,11.427,1021.7,1.1,1.6,1175,Newport
2015-05-22,7.5,13,350.0,18,1376.0,13.7,7.2,4.2,13.02,1023.9,1.5,2.4,1175,Newport
2015-05-23,6.0,14,250.0,22,567.0,13.4,7.0,6.4,12.202,1021.8,0.9,1.3,1175,Newport
2015-05-24,8.9,16,310.0,21,1415.0,14.1,8.0,0.2,12.407,1019.1,2.2,3.2,1175,Newport
2015-05-25,8.0,19,280.0,24,1348.0,14.1,8.2,1.5,13.045,1020.1,1.9,2.8,1175,Newport
2015-05-26,8.7,15,320.0,21,2181.0,14.9,8.8,0.0,13.907,1025.2,3.0,4.5,1175,Newport
2015-05-27,11.8,22,270.0,33,647.0,12.4,7.8,10.8,12.03,1018.6,1.1,1.8,1175,Newport
2015-05-28,11.6,19,260.0,31,1792.0,14.2,6.4,6.8,11.538,1009.1,2.5,4.0,1175,Newport
2015-05-29,11.1,18,280.0,27,2590.0,13.7,6.4,2.7,12.677,1007.2,3.2,5.1,1175,Newport
2015-05-30,9.0,21,290.0,33,819.0,11.8,5.2,13.1,11.195,1002.8,1.1,1.8,1175,Newport
2015-05-31,14.9,23,280.0,38,1918.0,12.1,6.3,2.6,11.115,1001.9,2.6,4.4,1175,Newport
2015-06-01,16.8,33,190.0,46,990.0,11.6,6.1,15.8,9.76,993.5,1.3,2.4,1175,Newport
2015-06-02,9.6,20,240.0,31,1903.0,14.3,6.8,1.6,11.177,998.1,2.6,4.0,1175,Newport
2015-06-03,7.0,11,240.0,17,2859.0,17.2,6.7,0.0,13.905,1013.9,3.8,5.5,1175,Newport
2015-06-04,7.6,16,140.0,21,603.0,13.1,9.5,6.2,13.045,1013.9,1.3,1.8,1175,Newport
2015-06-05,18.1,28,210.0,41,1919.0,13.1,9.1,1.5,12.528,1006.6,2.3,4.2,1175,Newport
2015-06-06,15.6,23,270.0,38,1500.0,14.4,8.1,3.0,12.093,1016.9,2.4,3.9,1175,Newport
2015-06-07,8.2,14,330.0,19,2193.0,15.6,6.9,0.0,12.945,1031.9,3.2,4.6,1175,Newport
2015-06-08,7.3,13,350.0,18,2795.0,14.8,5.3,0.0,14.273,1036.6,3.4,5.0,1175,Newport
2015-06-09,6.1,12,350.0,16,2748.0,19.0,5.9,0.0,15.745,1034.4,3.8,5.4,1175,Newport
2015-06-10,8.6,15,10.0,21,2544.0,17.4,8.1,0.0,16.403,1028.5,3.4,5.0,1175,Newport
2015-06-11,8.7,16,0.0,20,2710.0,20.7,8.6,0.0,17.605,1019.1,4.1,5.9,1175,Newport
2015-06-12,11.7,17,0.0,22,752.0,12.7,9.5,0.6,15.198,1011.9,1.3,2.0,1175,Newport
2015-06-13,7.7,13,20.0,18,1059.0,12.6,6.9,0.0,13.53,1011.9,1.7,2.4,1175,Newport
2015-06-14,6.4,11,20.0,16,2527.0,14.8,7.0,0.0,15.4,1015.7,3.4,4.9,1175,Newport
2015-06-15,6.1,14,250.0,22,1977.0,18.0,8.9,0.0,16.775,1018.3,3.2,4.4,1175,Newport
2015-06-16,8.7,16,260.0,25,491.0,17.8,12.3,7.3,15.585,1019.0,1.4,1.9,1175,Newport
2015-06-17,8.6,14,320.0,23,1066.0,15.6,9.9,7.5,15.115,1019.9,1.9,2.8,1175,Newport
2015-06-18,9.0,14,240.0,22,2730.0,17.7,9.6,0.0,15.608,1022.4,4.0,5.8,1175,Newport
2015-06-19,6.6,11,260.0,17,833.0,15.9,8.8,1.9,14.983,1021.4,1.5,2.1,1175,Newport
2015-06-20,9.2,17,280.0,25,1820.0,17.4,9.7,1.6,16.358,1017.2,2.5,3.8,1175,Newport
2015-06-21,12.3,18,280.0,27,1997.0,16.9,9.5,0.8,15.472,1013.0,3.2,4.8,1175,Newport
2015-06-22,8.6,14,350.0,19,1625.0,15.3,9.2,0.1,15.27,1013.4,2.5,3.7,1175,Newport
2015-06-23,4.7,9,260.0,14,2054.0,20.7,8.6,0.0,16.798,1015.1,3.3,4.4,1175,Newport
2015-06-24,5.4,11,270.0,16,1943.0,18.9,13.1,1.4,18.263,1014.0,3.1,4.2,1175,Newport
2015-06-25,10.6,22,180.0,33,843.0,18.6,12.6,3.8,16.878,1010.0,1.9,2.6,1175,Newport
2015-06-26,12.0,20,170.0,25,2508.0,17.6,13.2,1.0,17.9,1007.7,3.3,5.2,1175,Newport
2015-06-27,11.9,20,180.0,30,704.0,18.4,13.5,3.2,16.61,1007.8,1.8,2.5,1175,Newport
2015-06-28,12.9,18,210.0,28,1771.0,17.5,12.7,0.6,16.535,1008.9,2.6,4.1,1175,Newport
2015-06-29,10.9,17,140.0,24,811.0,18.6,13.4,1.3,16.37,1010.7,1.8,2.5,1175,Newport
2015-06-30,11.1,21,170.0,29,534.0,18.8,14.2,0.0,16.698,1007.3,1.5,2.0,1175,Newport
2015-07-01,4.3,13,270.0,21,1337.0,20.6,11.8,6.0,17.33,1006.7,2.4,3.1,1175,Newport
2015-07-02,5.9,12,230.0,20,2033.0,20.8,12.0,0.0,17.895,1012.0,3.3,4.6,1175,Newport
2015-07-03,13.2,22,160.0,28,1767.0,22.0,13.1,0.5,18.092,1011.7,3.6,5.1,1175,Newport
2015-07-04,12.4,20,220.0,29,1669.0,18.8,11.2,1.7,17.533,1006.2,2.7,4.1,1175,Newport
2015-07-05,7.7,13,270.0,21,2530.0,19.5,10.6,0.2,18.007,1009.5,3.7,5.3,1175,Newport
2015-07-06,10.2,18,130.0,27,882.0,20.6,11.0,7.1,16.595,1004.1,2.0,2.7,1175,Newport
2015-07-07,12.6,18,320.0,29,667.0,15.0,12.6,13.2,15.502,1001.2,1.2,1.9,1175,Newport
2015-07-08,11.2,20,340.0,29,1441.0,15.2,10.8,0.7,15.115,1012.3,2.3,3.4,1175,Newport
2015-07-09,5.5,13,140.0,16,764.0,16.5,9.5,12.7,15.015,1016.7,1.3,1.8,1175,Newport
2015-07-10,8.2,15,200.0,21,545.0,17.7,12.4,10.6,15.812,1009.8,1.3,1.8,1175,Newport
2015-07-11,14.2,24,210.0,34,418.0,15.2,12.4,7.1,14.618,1006.5,0.9,1.4,1175,Newport
2015-07-12,7.5,14,290.0,21,1834.0,18.0,10.9,0.1,16.347,1009.1,2.7,3.9,1175,Newport
2015-07-13,6.3,13,350.0,17,1284.0,16.0,10.7,10.5,16.655,1009.7,2.0,2.8,1175,Newport
2015-07-14,5.4,10,0.0,19,1679.0,18.7,10.2,0.0,16.035,1016.3,3.0,4.0,1175,Newport
2015-07-15,4.6,9,20.0,14,1978.0,17.1,8.4,0.0,16.695,1018.3,3.0,4.0,1175,Newport
2015-07-16,10.5,23,130.0,33,439.0,16.3,10.8,4.9,14.405,1005.4,1.2,1.6,1175,Newport
2015-07-17,16.2,22,250.0,38,1026.0,15.5,11.4,5.5,14.552,999.8,1.6,2.7,1175,Newport
2015-07-18,7.7,16,350.0,24,761.0,15.9,8.5,17.5,14.09,1005.4,1.3,1.9,1175,Newport
2015-07-19,6.4,18,310.0,25,954.0,16.4,8.9,2.2,14.123,1005.2,1.7,2.4,1175,Newport
2015-07-20,12.7,19,230.0,31,1193.0,16.6,11.2,3.2,14.895,1000.1,1.7,2.8,1175,Newport
2015-07-21,7.4,14,10.0,19,1165.0,16.4,10.3,5.2,15.115,1004.0,2.0,2.8,1175,Newport
2015-07-22,7.6,14,260.0,24,2164.0,17.6,10.8,0.7,15.863,1010.9,3.2,4.6,1175,Newport
2015-07-23,7.1,13,270.0,22,1832.0,17.9,9.6,0.7,15.925,1012.4,3.0,4.1,1175,Newport
2015-07-24,5.9,14,350.0,19,1173.0,14.3,9.6,3.4,14.943,1012.9,1.9,2.6,1175,Newport
2015-07-25,4.5,17,140.0,23,1396.0,16.8,8.3,0.1,14.87,1009.3,2.3,3.1,1175,Newport
2015-07-26,10.4,19,140.0,27,1269.0,19.5,10.3,21.8,15.6,996.4,2.2,3.2,1175,Newport
2015-07-27,10.2,24,330.0,36,692.0,16.2,11.6,7.8,15.205,997.3,1.4,2.0,1175,Newport
2015-07-28,9.5,18,290.0,28,1466.0,15.6,10.4,4.1,14.618,1007.0,2.4,3.5,1175,Newport
2015-07-29,9.9,19,330.0,25,2316.0,15.2,9.6,0.6,14.823,1014.4,3.0,4.6,1175,Newport
2015-07-30,7.9,14,230.0,21,1629.0,16.9,9.8,1.6,15.29,1016.7,2.5,3.6,1175,Newport
2015-07-31,11.5,19,210.0,28,1370.0,16.5,10.2,8.4,14.995,1011.3,2.2,3.3,1175,Newport
2015-08-01,8.6,16,250.0,24,1578.0,16.9,9.4,3.6,14.892,1008.1,2.5,3.6,1175,Newport
2015-08-02,13.6,21,150.0,33,251.0,16.1,11.1,10.8,14.042,1000.0,0.9,1.3,1175,Newport
2015-08-03,20.1,29,180.0,44,1287.0,17.1,11.9,14.4,14.762,991.7,2.0,3.5,1175,Newport
2015-08-04,14.8,20,250.0,36,473.0,15.1,12.2,6.6,13.76,996.7,1.3,1.9,1175,Newport
2015-08-05,6.0,13,0.0,17,1089.0,15.6,10.8,6.4,14.475,1001.4,1.7,2.4,1175,Newport
2015-08-06,6.5,11,250.0,17,1817.0,17.6,9.2,0.3,15.507,1008.9,2.7,3.7,1175,Newport
2015-08-07,5.5,12,230.0,19,2445.0,19.0,8.1,0.0,16.375,1016.8,3.3,4.6,1175,Newport
2015-08-08,11.2,19,210.0,28,491.0,15.6,9.8,2.2,14.602,1015.4,1.0,1.5,1175,Newport
2015-08-09,10.9,17,230.0,25,1049.0,16.8,13.0,2.1,15.443,1009.9,1.7,2.5,1175,Newport
2015-08-10,9.4,16,270.0,22,1051.0,15.3,11.9,16.5,15.328,1010.3,1.5,2.3,1175,Newport
2015-08-11,5.4,12,320.0,16,1189.0,16.6,11.1,0.1,15.328,1018.6,2.2,2.9,1175,Newport
2015-08-12,6.7,10,220.0,15,780.0,16.1,9.6,0.0,15.11,1021.3,1.6,2.1,1175,Newport
2015-08-13,5.8,12,260.0,20,1792.0,18.6,9.7,0.1,16.193,1015.1,2.6,3.6,1175,Newport
2015-08-14,6.6,13,300.0,18,1380.0,17.4,9.2,1.8,16.38,1009.1,2.2,3.0,1175,Newport
2015-08-15,7.3,15,260.0,21,1302.0,16.6,10.2,0.1,15.02,1009.3,2.3,3.1,1175,Newport
2015-08-16,3.7,8,270.0,12,1880.0,20.2,9.0,0.0,16.715,1012.8,2.8,3.7,1175,Newport
2015-08-17,3.5,9,140.0,12,1107.0,20.0,11.5,0.3,17.015,1015.1,1.9,2.5,1175,Newport
2015-08-18,5.8,13,150.0,17,1731.0,21.6,11.0,0.0,18.052,1010.5,2.7,3.7,1175,Newport
2015-08-19,8.9,14,150.0,22,926.0,17.9,13.1,6.1,17.198,1005.1,1.7,2.3,1175,Newport
2015-08-20,12.4,18,220.0,28,554.0,17.6,13.4,2.5,16.08,1005.6,1.2,1.7,1175,Newport
2015-08-21,12.8,20,230.0,29,1518.0,18.7,13.2,1.0,16.218,1006.4,2.4,3.6,1175,Newport
2015-08-22,6.7,12,220.0,22,1581.0,20.3,13.4,0.4,17.337,1006.6,2.7,3.6,1175,Newport
2015-08-23,10.5,19,330.0,25,438.0,15.2,12.0,12.5,15.338,999.4,1.1,1.6,1175,Newport
2015-08-24,10.1,18,240.0,29,1038.0,15.1,10.8,1.7,14.198,997.6,1.9,2.6,1175,Newport
2015-08-25,7.7,15,230.0,23,492.0,14.8,8.3,10.1,13.033,996.5,1.0,1.4,1175,Newport
2015-08-26,7.5,19,250.0,31,1423.0,18.2,9.2,7.4,14.445,991.2,2.1,3.0,1175,Newport
2015-08-27,10.6,17,220.0,28,1477.0,16.8,11.0,11.8,14.753,997.2,2.0,3.0,1175,Newport
2015-08-28,11.8,18,210.0,27,1119.0,16.5,11.2,3.4,14.708,1004.7,1.7,2.6,1175,Newport
2015-08-29,8.7,13,240.0,23,1178.0,16.8,11.7,2.0,15.167,1011.3,1.9,2.7,1175,Newport
2015-08-30,4.4,10,230.0,16,1211.0,18.6,11.7,1.3,15.698,1015.9,2.0,2.7,1175,Newport
2015-08-31,7.3,17,0.0,23,1285.0,16.2,10.0,2.5,15.458,1018.7,1.8,2.6,1175,Newport
2015-09-01,6.4,16,340.0,24,1174.0,14.3,9.4,0.2,14.255,1021.8,1.8,2.4,1175,Newport
2015-09-02,6.2,14,330.0,22,1162.0,14.9,8.7,0.2,13.778,1021.4,1.9,2.6,1175,Newport
2015-09-03,9.4,17,350.0,24,766.0,14.3,9.1,0.1,13.21,1021.1,1.6,2.2,1175,Newport
2015-09-04,10.5,17,0.0,24,995.0,14.8,10.7,0.3,13.855,1022.3,1.5,2.2,1175,Newport
2015-09-05,7.4,16,10.0,23,1545.0,15.1,10.0,0.2,14.472,1026.1,2.1,3.0,1175,Newport
2015-09-06,3.3,9,340.0,12,543.0,14.9,9.6,0.0,13.9,1029.6,1.2,1.5,1175,Newport
2015-09-07,4.2,9,150.0,11,824.0,15.0,10.0,0.0,14.4,1028.7,1.5,2.0,1175,Newport
2015-09-08,11.2,20,150.0,25,1652.0,19.5,10.4,0.0,15.148,1022.2,2.7,3.8,1175,Newport
2015-09-09,11.9,19,150.0,26,1309.0,18.2,11.2,0.0,15.24,1015.8,2.2,3.1,1175,Newport
2015-09-10,12.4,22,150.0,30,864.0,18.7,11.1,10.0,14.958,1011.0,1.7,2.4,1175,Newport
2015-09-11,10.6,19,350.0,27,177.0,14.9,12.6,79.4,14.42,1002.2,0.6,0.9,1175,Newport
2015-09-12,11.2,24,310.0,37,1218.0,16.3,9.0,2.6,13.74,998.0,1.9,2.7,1175,Newport
2015-09-13,5.3,12,120.0,18,522.0,14.9,9.3,14.3,13.203,996.5,1.0,1.3,1175,Newport
2015-09-14,6.8,13,10.0,20,749.0,15.5,10.5,11.4,13.577,993.6,1.2,1.7,1175,Newport
2015-09-15,6.5,15,330.0,21,715.0,14.5,7.7,0.0,12.988,994.4,1.1,1.6,1175,Newport
2015-09-16,4.5,10,260.0,14,945.0,14.6,5.5,1.5,12.105,991.6,1.2,1.7,1175,Newport
2015-09-17,6.7,15,340.0,21,927.0,16.2,11.0,4.7,14.165,997.4,1.4,1.9,1175,Newport
2015-09-18,6.9,14,330.0,21,826.0,15.6,11.8,0.6,14.275,1011.7,1.4,1.9,1175,Newport
2015-09-19,5.4,11,180.0,16,689.0,16.3,11.2,0.1,14.525,1020.1,1.3,1.7,1175,Newport
2015-09-20,7.6,14,140.0,19,148.0,15.6,10.1,7.7,13.63,1014.4,0.7,0.9,1175,Newport
2015-09-21,8.6,20,300.0,32,1181.0,16.8,10.0,4.0,13.797,1005.5,1.6,2.3,1175,Newport
2015-09-22,8.3,16,320.0,23,1184.0,14.6,9.2,0.8,12.705,1005.9,1.6,2.3,1175,Newport
2015-09-23,9.9,16,260.0,28,887.0,16.1,8.0,6.9,13.458,1005.2,1.2,1.8,1175,Newport
2015-09-24,12.5,21,280.0,33,1022.0,14.7,8.3,5.1,11.935,1008.9,1.6,2.3,1175,Newport
2015-09-25,5.3,11,310.0,15,406.0,13.9,9.4,0.2,11.807,1018.5,0.9,1.2,1175,Newport
2015-09-26,9.8,16,160.0,22,600.0,16.1,11.7,0.0,13.18,1022.6,1.4,1.8,1175,Newport
2015-09-27,12.4,19,150.0,23,910.0,17.1,10.1,0.0,12.858,1026.3,1.5,2.2,1175,Newport
2015-09-28,13.1,20,160.0,28,1050.0,17.7,8.6,0.0,12.342,1027.3,1.8,2.5,1175,Newport
2015-09-29,8.0,17,140.0,22,1290.0,18.5,9.6,0.1,13.203,1030.7,1.6,2.3,1175,Newport
2015-09-30,5.4,10,100.0,15,939.0,16.5,9.2,0.0,13.038,1032.2,1.3,1.7,1175,Newport
2015-10-01,3.9,8,160.0,11,1102.0,16.9,7.8,0.0,13.08,1030.2,1.2,1.7,1175,Newport
2015-10-02,3.6,8,0.0,11,905.0,16.4,6.8,0.2,12.507,1023.7,1.1,1.6,1175,Newport
2015-10-03,3.1,6,120.0,9,417.0,12.9,6.8,0.0,12.052,1014.9,0.8,1.1,1175,Newport
2015-10-04,9.3,17,140.0,24,597.0,14.2,5.8,0.0,10.9,1004.5,1.2,1.6,1175,Newport
2015-10-05,6.4,14,110.0,20,296.0,14.7,11.4,5.9,12.295,992.6,0.7,1.0,1175,Newport
2015-10-06,9.3,24,350.0,35,448.0,16.2,9.8,3.6,13.09,995.1,1.1,1.4,1175,Newport
2015-10-07,4.5,11,230.0,16,859.0,15.8,7.8,1.2,11.847,1008.5,1.1,1.5,1175,Newport
2015-10-08,5.5,11,180.0,15,984.0,16.7,5.9,0.2,11.667,1014.0,1.2,1.6,1175,Newport
2015-10-09,7.9,12,140.0,16,494.0,15.7,11.1,5.0,12.812,1015.5,0.9,1.2,1175,Newport
2015-10-10,6.4,12,140.0,16,350.0,14.0,10.1,1.6,12.5,1016.4,0.8,1.0,1175,Newport
2015-10-11,5.0,14,10.0,18,831.0,17.3,9.2,2.0,12.608,1017.7,1.1,1.5,1175,Newport
2015-10-12,5.1,10,330.0,15,824.0,13.4,6.1,0.0,11.215,1023.4,1.0,1.3,1175,Newport
2015-10-13,4.7,11,160.0,15,1034.0,14.1,4.7,0.1,10.085,1025.1,0.9,1.3,1175,Newport
2015-10-14,7.1,15,170.0,20,842.0,14.6,5.4,0.1,9.693,1021.9,1.0,1.4,1175,Newport
2015-10-15,5.6,11,140.0,15,613.0,13.9,6.9,0.0,10.538,1022.3,0.9,1.3,1175,Newport
2015-10-16,4.3,6,20.0,10,883.0,14.4,5.1,0.1,9.682,1025.1,0.9,1.2,1175,Newport
2015-10-17,4.2,8,80.0,11,449.0,12.0,5.8,0.1,9.448,1023.1,0.7,1.0,1175,Newport
2015-10-18,4.0,8,340.0,11,263.0,11.4,8.3,0.0,9.805,1022.3,0.9,1.1,1175,Newport
2015-10-19,4.3,13,320.0,18,374.0,14.4,8.1,0.0,10.363,1024.5,0.8,1.0,1175,Newport
2015-10-20,8.7,18,220.0,27,229.0,13.4,9.3,16.2,10.642,1020.4,0.6,0.8,1175,Newport
2015-10-21,13.9,26,280.0,42,141.0,13.6,10.3,5.4,12.275,1010.4,0.7,1.0,1175,Newport
2015-10-22,12.1,26,280.0,43,495.0,14.5,9.0,0.8,10.932,1011.7,1.5,1.8,1175,Newport
2015-10-23,10.2,21,230.0,34,82.0,13.4,9.5,22.3,10.935,1008.3,0.7,0.9,1175,Newport
2015-10-24,9.3,19,280.0,28,668.0,12.1,7.0,5.0,9.868,1010.2,0.9,1.1,1175,Newport
2015-10-25,12.5,21,160.0,31,211.0,11.7,7.2,1.1,9.427,1009.4,0.9,1.1,1175,Newport
2015-10-26,14.8,21,150.0,32,116.0,13.7,10.4,8.3,10.59,998.0,0.9,1.1,1175,Newport
2015-10-27,7.5,11,130.0,17,176.0,12.9,8.6,4.4,10.885,999.8,0.5,0.7,1175,Newport
2015-10-28,13.6,20,160.0,28,390.0,13.8,8.8,0.5,10.388,994.0,0.8,1.1,1175,Newport
2015-10-29,12.1,21,160.0,35,576.0,13.2,8.5,1.9,10.102,994.8,0.9,1.2,1175,Newport
2015-10-30,13.3,22,170.0,30,176.0,16.0,9.4,4.9,10.475,1000.8,1.0,1.2,1175,Newport
2015-10-31,8.8,19,180.0,27,688.0,15.0,6.4,0.0,11.363,1011.7,0.6,0.8,1175,Newport
2015-11-01,4.6,10,140.0,14,684.0,15.6,4.4,0.2,9.311,1021.7,0.4,0.7,1175,Newport
2015-11-02,6.3,12,120.0,17,370.0,16.2,9.6,0.0,11.06,1015.8,0.7,0.9,1175,Newport
2015-11-03,4.0,8,110.0,11,327.0,12.7,6.4,0.2,10.007,1010.7,0.4,0.6,1175,Newport
2015-11-04,5.7,10,110.0,16,330.0,11.8,5.7,0.1,8.948,1007.7,0.4,0.6,1175,Newport
2015-11-05,7.3,12,130.0,17,160.0,13.9,8.9,7.9,10.057,1001.1,0.6,0.7,1175,Newport
2015-11-06,10.1,20,160.0,27,299.0,13.8,9.7,2.1,10.592,1000.2,0.6,0.8,1175,Newport
2015-11-07,6.8,18,210.0,28,271.0,12.8,9.3,7.4,10.112,1007.7,0.5,0.7,1175,Newport
2015-11-08,15.1,26,220.0,37,324.0,12.6,6.9,6.7,9.58,1004.6,0.8,1.0,1175,Newport
2015-11-09,19.3,32,220.0,50,48.0,14.8,10.0,15.4,10.97,1002.5,0.8,1.1,1175,Newport
2015-11-10,13.8,25,220.0,36,156.0,15.4,11.5,2.7,12.658,1007.1,0.6,0.8,1175,Newport
2015-11-11,10.9,23,220.0,34,301.0,12.8,9.1,4.2,11.11,1008.4,0.7,0.9,1175,Newport
2015-11-12,15.7,32,210.0,47,123.0,13.2,3.2,17.4,9.193,1001.5,1.1,1.4,1175,Newport
2015-11-13,14.7,26,300.0,46,276.0,9.4,3.2,7.9,6.376,1010.5,1.0,1.2,1175,Newport
2015-11-14,10.4,21,240.0,41,42.0,13.4,6.3,66.2,7.647,1007.6,0.5,0.7,1175,Newport
2015-11-15,19.6,36,300.0,49,53.0,14.2,7.6,28.6,11.783,992.2,0.5,0.8,1175,Newport
2015-11-16,12.5,24,290.0,37,310.0,10.0,4.9,1.6,7.813,998.4,1.1,1.3,1175,Newport
2015-11-17,11.1,46,330.0,60,97.0,12.0,5.1,16.2,7.047,990.7,0.8,1.0,1175,Newport
2015-11-18,16.9,31,210.0,43,228.0,12.4,7.6,10.1,8.648,998.1,0.7,0.8,1175,Newport
2015-11-19,12.5,23,290.0,33,235.0,9.3,5.5,7.5,7.278,1008.0,0.6,0.8,1175,Newport
2015-11-20,18.2,29,350.0,41,231.0,7.6,2.4,6.1,5.353,1010.4,1.0,1.3,1175,Newport
2015-11-21,12.1,31,0.0,44,143.0,7.1,4.2,6.6,4.938,1016.3,0.8,1.0,1175,Newport
2015-11-22,6.0,14,0.0,20,329.0,10.2,3.8,0.4,5.531,1017.7,0.3,0.4,1175,Newport
2015-11-23,9.6,26,340.0,33,36.0,11.4,4.2,8.9,6.735,1016.7,0.3,0.5,1175,Newport
2015-11-24,20.8,29,300.0,45,142.0,10.5,7.9,20.4,7.716,1010.9,0.9,1.3,1175,Newport
2015-11-25,16.1,31,310.0,45,212.0,12.1,10.1,4.6,8.677,1016.0,1.1,1.3,1175,Newport
2015-11-26,9.8,19,230.0,28,161.0,12.4,10.7,4.3,9.945,1014.6,0.3,0.4,1175,Newport
2015-11-27,17.7,30,320.0,42,123.0,11.2,3.7,20.1,8.287,1003.9,0.7,0.9,1175,Newport
2015-11-28,16.7,27,280.0,42,105.0,8.9,4.7,18.6,6.332,1001.3,0.9,1.2,1175,Newport
2015-11-29,18.1,34,280.0,50,170.0,10.8,4.6,8.4,6.752,1000.2,1.1,1.4,1175,Newport
2015-11-30,7.7,22,350.0,28,124.0,11.1,4.4,20.3,5.997,1004.9,0.3,0.4,1175,Newport
2015-12-01,20.9,34,210.0,52,65.0,14.5,4.9,18.2,8.483,1005.2,0.9,1.2,1175,Newport
2015-12-02,10.1,32,210.0,47,250.0,13.5,3.7,5.4,9.021,1007.4,0.3,0.3,1175,Newport
2015-12-03,4.6,18,260.0,27,87.0,8.9,3.6,2.1,5.949,1011.3,0.5,0.6,1175,Newport
2015-12-04,23.5,39,220.0,56,56.0,12.2,7.0,20.7,7.508,1005.2,0.9,1.3,1175,Newport
2015-12-05,25.7,36,220.0,56,25.0,12.5,7.5,57.7,10.39,993.2,0.4,0.8,1175,Newport
2015-12-06,8.3,19,350.0,28,241.0,9.7,5.3,11.4,7.644,1001.3,0.5,0.5,1175,Newport
2015-12-07,17.9,28,170.0,39,47.0,13.5,5.6,5.0,8.484,1002.2,0.8,1.1,1175,Newport
2015-12-08,15.8,26,310.0,39,169.0,11.9,4.6,12.2,7.491,1006.6,1.3,1.5,1175,Newport
2015-12-09,22.8,41,220.0,60,43.0,13.2,6.6,17.6,8.058,1010.1,1.0,1.5,1175,Newport
2015-12-10,11.0,19,290.0,34,133.0,7.6,3.4,8.4,5.988,1012.1,0.7,0.8,1175,Newport
2015-12-11,11.2,22,250.0,42,217.0,9.3,3.8,2.2,4.82,1014.4,0.8,0.9,1175,Newport
2015-12-12,6.9,18,10.0,23,128.0,5.9,1.1,23.3,4.225,1011.4,0.3,0.4,1175,Newport
2015-12-13,11.0,17,150.0,25,19.0,10.3,1.8,4.5,3.85,1009.9,0.5,0.7,1175,Newport
2015-12-14,12.5,18,120.0,27,54.0,10.4,9.2,3.0,7.192,1003.7,0.6,0.7,1175,Newport
2015-12-15,14.8,22,140.0,32,41.0,12.1,9.4,3.9,8.298,999.2,0.6,0.8,1175,Newport
2015-12-16,9.5,20,160.0,29,52.0,13.6,9.9,2.0,9.592,1001.3,0.4,0.6,1175,Newport
2015-12-17,18.6,25,220.0,39,113.0,13.3,10.8,13.8,10.37,998.5,0.6,0.8,1175,Newport
2015-12-18,15.2,21,170.0,28,23.0,14.5,10.9,9.2,10.465,996.8,0.7,0.9,1175,Newport
2015-12-19,20.4,30,230.0,46,164.0,14.9,8.6,1.9,10.32,988.3,1.0,1.2,1175,Newport
2015-12-20,13.2,25,210.0,36,145.0,10.7,6.9,1.9,7.868,993.9,0.8,1.0,1175,Newport
2015-12-21,15.0,28,210.0,43,239.0,11.9,7.0,3.9,7.291,996.2,1.0,1.0,1175,Newport
2015-12-22,15.3,34,220.0,54,190.0,14.2,6.1,11.5,8.137,991.9,0.6,0.7,1175,Newport
2015-12-23,18.2,32,190.0,48,70.0,11.3,4.2,12.9,6.389,995.6,1.1,1.4,1175,Newport
2015-12-24,13.2,27,320.0,42,112.0,8.4,3.3,7.6,5.524,996.9,0.8,1.0,1175,Newport
2015-12-25,8.3,14,10.0,20,56.0,5.3,3.2,3.0,4.276,1005.7,0.4,0.6,1175,Newport
2015-12-26,3.3,11,0.0,14,64.0,6.3,1.4,0.0,4.75,1004.8,0.3,0.4,1175,Newport
2015-12-27,13.8,26,140.0,35,110.0,11.4,1.6,0.6,4.291,1003.9,0.4,0.6,1175,Newport
2015-12-28,12.5,27,160.0,39,24.0,12.3,6.9,7.7,7.69,995.0,0.7,0.9,1175,Newport
2015-12-29,17.0,36,210.0,51,39.0,14.1,5.3,13.8,6.879,989.5,0.9,1.2,1175,Newport
2015-12-30,10.7,32,210.0,44,159.0,10.1,2.8,18.2,6.703,986.6,0.6,0.7,1175,Newport
2015-12-31,10.8,23,300.0,37,85.0,5.7,1.1,14.3,3.902,999.6,0.7,0.9,1175,Newport
2016-01-01,14.6,23,130.0,37,49.0,8.5,1.8,7.3,3.806,998.9,0.5,0.7,1175,Newport
2016-01-02,10.6,25,340.0,32,137.0,8.3,2.9,2.4,5.945,993.8,0.3,0.4,1175,Newport
2016-01-03,12.5,22,130.0,34,138.0,8.3,4.4,8.1,5.72,979.9,0.5,0.6,1175,Newport
2016-01-04,5.9,11,0.0,14,120.0,7.8,6.1,0.8,6.531,973.4,0.3,0.4,1175,Newport
2016-01-05,7.2,14,0.0,21,115.0,7.9,3.3,1.1,6.231,985.4,0.3,0.4,1175,Newport
2016-01-06,11.7,24,140.0,34,90.0,6.9,1.8,9.5,4.712,982.0,0.3,0.4,1175,Newport
2016-01-07,11.4,23,280.0,35,202.0,7.2,3.2,1.4,4.338,980.5,0.7,0.8,1175,Newport
2016-01-08,5.3,10,110.0,16,263.0,7.6,2.1,3.7,3.745,986.9,0.2,0.2,1175,Newport
2016-01-09,7.5,15,120.0,21,165.0,5.7,1.7,1.5,3.405,980.2,0.3,0.4,1175,Newport
2016-01-10,5.7,15,280.0,23,236.0,8.2,2.5,1.2,3.26,974.6,0.4,0.5,1175,Newport
2016-01-11,12.4,25,330.0,34,91.0,7.0,3.0,9.1,3.915,984.4,0.8,1.0,1175,Newport
2016-01-12,15.9,28,350.0,41,329.0,6.4,2.8,1.6,3.351,1003.7,0.9,1.0,1175,Newport
2016-01-13,5.5,14,290.0,19,98.0,4.7,2.0,10.9,3.086,1006.0,0.3,0.5,1175,Newport
2016-01-14,10.7,25,330.0,39,189.0,5.2,2.1,5.3,2.269,1011.9,0.7,0.8,1175,Newport
2016-01-15,10.9,25,310.0,38,282.0,7.4,0.5,0.9,2.5,1024.2,0.7,0.9,1175,Newport
2016-01-16,2.5,6,270.0,10,132.0,7.8,0.0,1.3,3.031,1024.7,0.2,0.3,1175,Newport
2016-01-17,10.2,18,150.0,25,48.0,7.4,4.4,9.2,4.461,1012.3,0.4,0.6,1175,Newport
2016-01-18,4.5,11,110.0,15,95.0,7.8,6.6,2.0,5.949,1006.6,0.4,0.5,1175,Newport
2016-01-19,4.0,9,130.0,13,150.0,7.4,5.5,0.9,6.318,1011.1,0.3,0.3,1175,Newport
2016-01-20,11.0,21,140.0,28,162.0,6.2,3.5,0.9,5.363,1008.2,0.4,0.6,1175,Newport
2016-01-21,15.3,23,160.0,32,85.0,11.7,6.2,11.3,7.182,998.6,0.5,0.7,1175,Newport
2016-01-22,15.2,25,220.0,41,329.0,11.9,6.4,13.2,8.352,1003.0,0.3,0.4,1175,Newport
2016-01-23,10.7,20,220.0,27,65.0,11.7,8.2,1.8,7.525,1010.8,0.6,0.8,1175,Newport
2016-01-24,18.2,25,190.0,38,94.0,14.3,11.5,5.7,9.99,1005.3,0.8,1.1,1175,Newport
2016-01-25,15.6,27,200.0,40,313.0,13.2,6.1,8.5,9.269,1001.7,0.8,1.0,1175,Newport
2016-01-26,18.0,40,210.0,59,215.0,12.1,6.3,14.2,8.679,993.1,0.5,0.8,1175,Newport
2016-01-27,12.2,25,300.0,37,277.0,7.7,3.3,9.3,6.318,999.2,0.7,0.9,1175,Newport
2016-01-28,16.5,28,220.0,43,129.0,10.9,4.4,10.4,6.326,1006.0,0.6,0.9,1175,Newport
2016-01-29,20.4,35,230.0,56,219.0,10.6,2.9,10.6,7.03,1000.2,0.7,1.1,1175,Newport
2016-01-30,15.1,31,300.0,44,304.0,6.2,1.6,7.8,3.7,1003.3,1.0,1.3,1175,Newport
2016-01-31,11.4,22,280.0,34,41.0,10.7,4.2,20.7,6.262,998.5,0.4,0.6,1175,Newport
2016-02-01,22.0,30,250.0,53,252.0,11.4,4.4,4.5,7.371,1001.0,0.9,1.3,1175,Newport
2016-02-02,17.2,29,300.0,43,239.0,6.5,3.1,9.0,4.591,1009.6,1.2,1.6,1175,Newport
2016-02-03,16.8,33,310.0,46,313.0,10.5,5.1,10.9,4.886,1018.9,0.9,1.2,1175,Newport
2016-02-04,12.5,27,220.0,40,53.0,10.6,8.9,2.7,7.786,1016.6,0.5,0.8,1175,Newport
2016-02-05,13.1,29,220.0,42,226.0,10.7,4.1,6.7,7.142,1001.9,0.9,1.1,1175,Newport
2016-02-06,17.8,34,220.0,48,175.0,7.6,3.4,6.3,5.582,978.9,0.6,0.9,1175,Newport
2016-02-07,15.5,25,290.0,38,116.0,8.9,4.2,11.3,4.836,971.6,0.9,1.2,1175,Newport
2016-02-08,18.0,28,280.0,42,197.0,7.8,3.7,18.8,5.49,972.7,0.6,1.0,1175,Newport
2016-02-09,17.5,34,300.0,50,93.0,6.0,1.9,56.2,4.069,985.8,0.6,1.0,1175,Newport
2016-02-10,3.8,9,240.0,14,661.0,9.5,1.1,1.2,3.958,995.8,0.4,0.6,1175,Newport
2016-02-11,5.4,12,350.0,15,656.0,8.7,0.9,0.0,3.931,995.7,0.6,0.9,1175,Newport
2016-02-12,7.4,12,80.0,18,388.0,5.1,0.1,0.2,2.893,987.4,0.3,0.5,1175,Newport
2016-02-13,12.0,17,110.0,25,135.0,5.3,3.4,6.7,4.424,984.4,0.5,0.8,1175,Newport
2016-02-14,8.6,16,20.0,25,604.0,6.9,1.7,0.0,3.553,1004.6,0.9,1.2,1175,Newport
2016-02-15,8.0,21,180.0,26,659.0,9.2,0.5,0.3,3.179,1026.0,0.8,1.1,1175,Newport
2016-02-16,15.3,29,220.0,43,59.0,10.9,2.6,15.0,5.589,1016.3,0.5,0.8,1175,Newport
2016-02-17,5.9,16,260.0,26,789.0,8.9,2.3,3.2,5.177,1009.2,0.8,1.1,1175,Newport
2016-02-18,6.3,19,310.0,33,721.0,9.4,1.5,3.8,4.432,1009.5,0.7,1.0,1175,Newport
2016-02-19,12.8,23,280.0,36,252.0,9.8,4.7,2.1,5.945,1004.6,0.6,0.9,1175,Newport
2016-02-20,14.4,22,280.0,34,201.0,8.6,6.3,5.6,6.233,1002.3,0.9,1.2,1175,Newport
2016-02-21,13.3,22,330.0,31,306.0,10.4,4.7,20.1,7.574,1002.6,0.8,1.2,1175,Newport
2016-02-22,7.9,17,300.0,26,681.0,9.1,2.6,2.7,5.506,1010.0,1.0,1.3,1175,Newport
2016-02-23,5.2,14,350.0,18,961.0,9.6,0.5,0.9,5.08,1017.4,0.8,1.2,1175,Newport
2016-02-24,4.4,14,20.0,21,793.0,8.4,-0.8,1.6,4.049,1018.7,0.6,1.0,1175,Newport
2016-02-25,5.0,12,120.0,16,503.0,7.4,-0.2,0.3,4.001,1011.0,0.6,0.8,1175,Newport
2016-02-26,8.2,21,340.0,28,360.0,5.9,2.9,8.8,4.865,1002.7,0.5,0.8,1175,Newport
2016-02-27,4.1,9,120.0,12,648.0,9.8,1.4,0.0,4.97,1011.8,0.8,1.2,1175,Newport
2016-02-28,6.1,11,170.0,16,924.0,9.0,0.2,0.1,4.762,1021.1,1.1,1.5,1175,Newport
2016-02-29,10.6,19,240.0,31,104.0,10.2,4.7,38.6,6.143,1012.0,0.6,0.8,1175,Newport
2016-03-01,16.7,36,310.0,57,480.0,9.9,1.7,15.4,7.566,999.1,0.7,1.1,1175,Newport
2016-03-02,25.9,41,300.0,63,677.0,8.6,2.2,18.4,5.146,1000.7,1.2,2.1,1175,Newport
2016-03-03,11.0,26,300.0,40,362.0,7.7,0.9,7.6,5.248,1001.2,0.8,1.1,1175,Newport
2016-03-04,12.4,24,0.0,36,953.0,8.4,0.6,4.4,4.684,999.2,1.0,1.6,1175,Newport
2016-03-05,6.5,18,0.0,26,826.0,6.9,1.8,2.5,4.792,1009.8,0.9,1.3,1175,Newport
2016-03-06,8.1,27,340.0,38,259.0,6.6,0.8,12.1,3.89,1007.8,0.5,0.8,1175,Newport
2016-03-07,10.5,23,0.0,31,790.0,8.7,4.7,1.5,5.73,1011.2,1.2,1.7,1175,Newport
2016-03-08,9.1,25,310.0,33,301.0,8.4,3.9,14.9,6.255,1003.7,0.6,0.9,1175,Newport
2016-03-09,14.9,26,350.0,37,953.0,9.6,3.9,2.7,5.606,1007.8,1.5,2.2,1175,Newport
2016-03-10,2.4,6,170.0,10,433.0,12.1,5.6,0.0,7.206,1018.2,0.8,1.1,1175,Newport
2016-03-11,6.4,14,220.0,20,168.0,11.7,8.3,7.5,8.559,1018.6,0.7,0.9,1175,Newport
2016-03-12,9.9,17,220.0,26,294.0,11.6,8.0,0.2,8.943,1021.7,0.9,1.2,1175,Newport
2016-03-13,7.5,14,180.0,18,566.0,13.5,8.5,0.1,9.27,1028.1,1.4,1.8,1175,Newport
2016-03-14,8.8,14,130.0,19,1341.0,14.1,5.2,0.0,9.525,1028.8,1.8,2.5,1175,Newport
2016-03-15,8.2,14,130.0,21,1403.0,13.9,3.2,0.0,8.149,1029.1,1.8,2.5,1175,Newport
2016-03-16,6.4,13,120.0,18,942.0,16.1,7.2,0.0,9.435,1029.7,1.7,2.2,1175,Newport
2016-03-17,7.5,14,140.0,20,1209.0,10.5,1.8,0.0,8.619,1028.2,1.3,1.9,1175,Newport
2016-03-18,8.8,20,10.0,24,1481.0,11.2,0.7,0.0,7.603,1027.0,1.4,2.2,1175,Newport
2016-03-19,6.0,10,10.0,14,651.0,10.3,5.8,0.0,8.067,1027.8,1.1,1.5,1175,Newport
2016-03-20,5.0,12,340.0,16,1289.0,12.4,5.9,0.0,9.208,1025.9,1.6,2.2,1175,Newport
2016-03-21,3.7,10,220.0,14,481.0,10.4,5.3,0.0,8.721,1021.6,1.0,1.4,1175,Newport
2016-03-22,5.4,10,150.0,13,290.0,8.9,6.6,0.0,8.183,1016.0,1.0,1.3,1175,Newport
2016-03-23,9.2,21,220.0,30,832.0,12.0,6.6,1.1,8.57,1009.4,1.4,2.0,1175,Newport
2016-03-24,11.2,23,220.0,33,864.0,11.6,6.5,5.6,8.959,1003.5,1.4,2.0,1175,Newport
2016-03-25,15.0,26,220.0,43,448.0,12.0,3.6,5.6,7.873,1000.0,1.2,1.8,1175,Newport
2016-03-26,12.7,26,220.0,40,563.0,10.8,4.2,10.6,7.901,982.7,1.2,1.8,1175,Newport
2016-03-27,10.1,18,280.0,30,897.0,9.1,3.4,11.6,6.834,980.2,1.1,1.8,1175,Newport
2016-03-28,5.5,16,260.0,23,1400.0,12.3,1.6,2.4,7.084,986.0,1.7,2.4,1175,Newport
2016-03-29,6.3,14,220.0,22,1043.0,10.0,3.0,9.9,7.59,993.5,1.3,1.9,1175,Newport
2016-03-30,9.0,23,310.0,32,1254.0,11.3,2.4,6.8,7.392,1004.2,1.6,2.3,1175,Newport
2016-03-31,9.6,21,180.0,31,1625.0,11.3,3.1,1.3,7.971,1010.4,2.0,3.0,1175,Newport
2016-04-01,12.1,24,190.0,34,497.0,10.6,5.6,20.0,8.234,1001.1,0.9,1.3,1175,Newport
2016-04-02,5.5,13,110.0,19,951.0,11.7,4.2,0.2,8.379,1000.5,1.3,1.9,1175,Newport
2016-04-03,5.4,12,0.0,15,634.0,11.5,6.9,1.3,9.34,996.1,1.1,1.5,1175,Newport
2016-04-04,9.8,17,10.0,21,1331.0,11.5,5.4,0.0,9.602,1000.1,1.6,2.5,1175,Newport
2016-04-05,8.3,21,270.0,31,1436.0,13.5,5.0,4.6,9.865,1003.0,2.0,2.9,1175,Newport
2016-04-06,22.0,32,310.0,46,1151.0,9.4,4.5,10.2,7.85,1003.1,1.9,3.3,1175,Newport
2016-04-07,16.5,27,340.0,39,852.0,10.6,5.1,4.8,7.604,1011.0,1.6,2.5,1175,Newport
2016-04-08,9.3,22,280.0,29,968.0,10.3,1.5,10.1,7.997,1006.2,1.2,1.9,1175,Newport
2016-04-09,4.9,12,290.0,17,1769.0,9.8,0.4,4.4,7.835,997.4,1.8,2.6,1175,Newport
2016-04-10,12.8,22,80.0,35,651.0,10.1,0.8,0.2,5.991,1001.0,1.6,2.3,1175,Newport
2016-04-11,10.8,20,90.0,28,393.0,9.1,5.9,6.0,6.928,1004.5,1.1,1.5,1175,Newport
2016-04-12,4.8,11,90.0,16,471.0,9.7,4.5,5.8,7.888,1003.4,0.9,1.2,1175,Newport
2016-04-13,6.1,13,100.0,17,1724.0,14.7,3.4,0.2,9.214,1004.8,2.1,3.1,1175,Newport
2016-04-14,8.1,15,340.0,19,1003.0,12.8,7.2,0.1,9.98,1007.4,1.7,2.4,1175,Newport
2016-04-15,10.0,19,10.0,31,1439.0,9.7,2.7,3.0,9.115,1005.4,1.7,2.7,1175,Newport
2016-04-16,7.1,16,10.0,23,1872.0,9.2,1.6,1.5,8.423,1010.6,2.0,3.0,1175,Newport
2016-04-17,7.0,16,290.0,22,1030.0,11.7,2.0,0.0,8.309,1014.7,1.5,2.2,1175,Newport
2016-04-18,7.2,14,260.0,22,942.0,11.3,6.7,0.8,9.398,1019.2,1.5,2.1,1175,Newport
2016-04-19,4.4,12,0.0,15,1730.0,15.8,6.3,0.0,11.445,1025.5,2.5,3.5,1175,Newport
2016-04-20,5.9,11,100.0,16,2299.0,18.2,3.9,0.0,12.045,1025.6,3.1,4.3,1175,Newport
2016-04-21,11.6,20,350.0,27,2069.0,14.6,6.7,0.0,12.05,1023.0,3.0,4.4,1175,Newport
2016-04-22,12.0,21,10.0,27,2122.0,16.3,5.3,0.0,11.987,1021.9,3.0,4.6,1175,Newport
2016-04-23,7.6,15,20.0,22,1949.0,11.1,3.7,0.0,10.78,1024.3,2.4,3.6,1175,Newport
2016-04-24,7.7,14,320.0,20,1223.0,11.9,5.8,0.6,10.71,1021.6,1.9,2.8,1175,Newport
2016-04-25,12.4,19,350.0,30,1765.0,11.7,4.4,1.0,10.967,1016.6,2.3,3.6,1175,Newport
2016-04-26,11.5,22,10.0,33,1877.0,8.7,2.8,2.5,9.553,1016.7,2.1,3.4,1175,Newport
2016-04-27,7.0,16,330.0,27,1534.0,8.7,1.2,3.0,8.836,1015.4,1.7,2.6,1175,Newport
2016-04-28,18.1,30,330.0,48,1471.0,8.5,2.9,14.4,7.913,1009.7,1.8,3.2,1175,Newport
2016-04-29,11.7,21,330.0,30,1932.0,9.9,3.6,2.0,7.997,1011.8,2.4,3.8,1175,Newport
2016-04-30,8.9,15,340.0,22,1527.0,11.9,4.4,6.7,9.6,1016.5,1.9,2.9,1175,Newport
2016-05-01,11.3,26,220.0,34,566.0,13.1,9.1,9.8,10.967,1010.7,1.2,1.8,1175,Newport
2016-05-02,15.2,26,270.0,43,1826.0,12.8,6.6,8.1,11.075,1011.7,2.1,3.7,1175,Newport
2016-05-03,11.7,18,290.0,30,1711.0,13.1,5.7,0.9,10.58,1018.8,2.5,3.8,1175,Newport
2016-05-04,14.9,24,220.0,32,778.0,13.0,9.2,1.9,10.693,1013.9,1.9,2.7,1175,Newport
2016-05-05,10.2,19,230.0,28,2512.0,14.4,5.9,0.9,12.193,1012.8,3.0,4.7,1175,Newport
2016-05-06,7.9,17,0.0,25,1713.0,12.9,3.7,0.1,11.36,1012.0,2.3,3.4,1175,Newport
2016-05-07,11.8,18,0.0,26,614.0,11.7,6.5,5.6,10.137,1004.6,1.0,1.7,1175,Newport
2016-05-08,10.6,17,150.0,26,1745.0,20.5,11.5,0.6,13.588,1001.1,3.1,4.4,1175,Newport
2016-05-09,11.8,18,90.0,28,1732.0,24.4,16.2,0.0,15.302,1005.2,4.7,5.9,1175,Newport
2016-05-10,7.5,15,70.0,25,1063.0,19.1,13.4,1.8,14.83,1006.0,2.5,3.2,1175,Newport
2016-05-11,8.4,14,70.0,23,1125.0,18.7,13.3,0.4,14.915,1004.8,2.4,3.2,1175,Newport
2016-05-12,8.5,13,0.0,20,1876.0,20.0,10.9,0.0,15.443,1007.5,3.2,4.5,1175,Newport
2016-05-13,9.7,16,10.0,21,2501.0,19.8,9.4,0.0,16.265,1012.8,3.9,5.6,1175,Newport
2016-05-14,8.8,16,10.0,21,2757.0,18.1,6.7,0.0,16.272,1019.2,3.9,5.6,1175,Newport
2016-05-15,6.8,13,10.0,18,2741.0,18.8,5.3,0.0,15.935,1021.6,3.9,5.5,1175,Newport
2016-05-16,5.5,11,250.0,18,2750.0,18.3,4.9,0.0,16.218,1018.2,3.8,5.3,1175,Newport
2016-05-17,5.9,15,270.0,22,776.0,15.4,8.1,3.3,15.005,1006.7,1.4,1.9,1175,Newport
2016-05-18,6.5,15,330.0,20,1550.0,14.7,7.8,0.2,14.023,1002.7,2.5,3.5,1175,Newport
2016-05-19,10.0,18,260.0,29,1055.0,13.8,8.6,8.3,13.432,1003.2,1.6,2.5,1175,Newport
2016-05-20,7.3,17,220.0,26,739.0,13.1,8.7,5.8,13.055,1000.6,1.1,1.7,1175,Newport
2016-05-21,7.5,13,260.0,22,2225.0,15.1,7.8,5.0,14.507,997.2,2.8,4.2,1175,Newport
2016-05-22,7.4,18,340.0,24,1379.0,12.8,7.0,1.2,13.118,1008.1,2.1,3.0,1175,Newport
2016-05-23,4.4,9,350.0,15,1523.0,15.4,6.2,0.0,13.195,1018.6,2.5,3.3,1175,Newport
2016-05-24,7.1,12,130.0,22,2327.0,19.3,6.6,0.0,14.695,1019.1,3.6,5.1,1175,Newport
2016-05-25,7.5,13,0.0,21,2436.0,17.6,8.2,0.0,15.677,1018.3,3.7,5.2,1175,Newport
2016-05-26,4.8,8,60.0,14,939.0,15.2,7.1,0.0,14.035,1015.5,1.8,2.4,1175,Newport
2016-05-27,4.4,9,0.0,13,1135.0,18.2,10.2,0.3,15.013,1014.3,2.2,2.9,1175,Newport
2016-05-28,5.2,13,10.0,17,1219.0,19.0,9.8,6.4,15.253,1013.0,2.3,3.1,1175,Newport
2016-05-29,6.2,13,340.0,18,2281.0,19.3,9.4,0.0,16.667,1015.3,3.3,4.7,1175,Newport
2016-05-30,10.6,16,0.0,23,2875.0,18.8,10.4,0.0,17.61,1020.9,3.9,5.9,1175,Newport
2016-05-31,12.1,16,10.0,22,2961.0,17.0,10.8,0.0,17.618,1025.4,3.9,6.1,1175,Newport
2016-06-01,10.3,15,0.0,19,2913.0,20.5,10.6,0.0,18.222,1026.5,4.2,6.3,1175,Newport
2016-06-02,9.2,20,10.0,25,2756.0,21.7,10.5,0.0,19.355,1022.3,4.3,6.2,1175,Newport
2016-06-03,7.4,16,10.0,21,2902.0,21.6,8.9,0.0,19.403,1016.3,4.3,6.1,1175,Newport
2016-06-04,5.0,11,220.0,20,2860.0,24.4,10.1,0.0,20.98,1015.8,4.6,6.2,1175,Newport
2016-06-05,5.6,12,150.0,17,2397.0,24.4,14.1,0.0,21.712,1016.2,4.2,5.6,1175,Newport
2016-06-06,6.3,14,160.0,19,2005.0,22.1,12.7,0.0,21.458,1016.7,3.5,4.7,1175,Newport
2016-06-07,4.6,9,230.0,14,1572.0,21.7,14.6,0.0,21.07,1020.3,2.9,3.9,1175,Newport
2016-06-08,5.2,9,110.0,14,2219.0,24.4,14.0,0.0,21.975,1021.0,3.9,5.1,1175,Newport
2016-06-09,5.2,10,130.0,14,1402.0,21.5,15.3,0.0,21.397,1015.5,2.8,3.6,1175,Newport
2016-06-10,3.5,10,80.0,16,814.0,18.4,13.5,19.4,19.335,1009.7,1.6,2.1,1175,Newport
2016-06-11,4.3,8,260.0,14,1745.0,20.4,12.7,3.1,19.658,1004.5,2.9,3.9,1175,Newport
2016-06-12,6.2,12,250.0,19,1156.0,18.2,12.0,5.9,18.37,1002.3,2.1,2.8,1175,Newport
2016-06-13,7.7,17,330.0,21,1756.0,22.6,12.0,2.2,18.655,998.5,3.3,4.4,1175,Newport
2016-06-14,11.4,17,350.0,24,1130.0,17.0,12.5,5.7,17.465,994.7,2.0,3.0,1175,Newport
2016-06-15,13.0,20,10.0,29,1194.0,16.2,12.1,0.0,15.91,998.6,2.0,3.1,1175,Newport
2016-06-16,14.6,23,10.0,31,2254.0,15.1,10.4,0.0,16.3,1005.5,3.0,5.0,1175,Newport
2016-06-17,6.9,16,340.0,23,946.0,14.5,9.3,0.5,14.762,1013.4,1.8,2.5,1175,Newport
2016-06-18,4.5,10,220.0,15,1122.0,16.7,10.3,5.5,15.562,1018.1,1.9,2.6,1175,Newport
2016-06-19,9.5,21,220.0,33,536.0,16.3,12.7,23.9,16.075,1010.7,0.9,1.4,1175,Newport
2016-06-20,9.0,14,280.0,22,1605.0,17.4,11.4,0.9,16.335,1007.3,2.6,3.8,1175,Newport
2016-06-21,12.0,19,220.0,27,1642.0,18.9,12.0,1.7,16.433,1007.9,2.9,4.2,1175,Newport
2016-06-22,10.1,15,240.0,23,2187.0,17.9,11.6,0.2,16.71,1009.9,3.3,4.9,1175,Newport
2016-06-23,7.9,14,250.0,21,1573.0,17.8,11.8,3.1,16.84,1010.1,2.6,3.7,1175,Newport
2016-06-24,11.0,19,330.0,28,953.0,14.8,11.3,9.8,15.462,1014.2,1.7,2.5,1175,Newport
2016-06-25,8.9,16,340.0,22,1138.0,18.7,11.8,1.0,15.193,1018.7,2.4,3.3,1175,Newport
2016-06-26,8.6,20,280.0,27,731.0,16.3,12.3,4.1,15.738,1015.4,1.7,2.3,1175,Newport
2016-06-27,10.1,15,280.0,23,1568.0,17.6,11.3,0.7,15.422,1015.1,3.0,4.2,1175,Newport
2016-06-28,8.0,19,270.0,26,1423.0,17.4,10.9,7.6,15.53,1007.8,2.6,3.6,1175,Newport
2016-06-29,7.9,18,320.0,27,1806.0,16.9,10.3,7.3,15.855,1000.0,2.8,4.0,1175,Newport
2016-06-30,8.0,19,320.0,26,868.0,15.6,10.3,3.4,14.977,1000.9,1.6,2.2,1175,Newport
2016-07-01,10.6,20,260.0,34,1743.0,15.4,9.4,6.7,14.69,1002.2,2.7,4.0,1175,Newport
2016-07-02,10.8,18,310.0,26,1363.0,16.5,10.3,4.1,14.41,1008.0,2.4,3.5,1175,Newport
2016-07-03,6.7,12,290.0,19,1599.0,16.9,10.9,0.0,15.467,1013.8,2.9,3.9,1175,Newport
2016-07-04,9.4,21,0.0,28,1197.0,14.3,10.0,5.8,14.895,1012.1,1.8,2.7,1175,Newport
2016-07-05,5.3,10,220.0,16,1395.0,17.1,10.8,0.0,15.477,1018.0,2.5,3.4,1175,Newport
2016-07-06,7.6,22,190.0,30,593.0,17.0,12.7,2.2,15.602,1014.7,1.4,1.9,1175,Newport
2016-07-07,9.0,14,210.0,23,1629.0,19.8,12.3,1.3,16.55,1010.0,2.8,4.0,1175,Newport
2016-07-08,9.0,15,200.0,22,1266.0,18.8,12.1,5.7,16.837,1008.9,2.1,3.0,1175,Newport
2016-07-09,12.3,20,200.0,31,793.0,17.7,14.6,5.0,16.805,1003.1,1.4,2.1,1175,Newport
2016-07-10,8.7,19,200.0,30,622.0,17.4,13.8,9.0,16.198,994.4,1.4,1.9,1175,Newport
2016-07-11,10.8,20,330.0,28,1304.0,16.2,11.9,3.3,15.815,1003.6,2.3,3.3,1175,Newport
2016-07-12,7.5,15,290.0,21,1519.0,16.9,10.7,3.1,15.493,1013.0,2.6,3.6,1175,Newport
2016-07-13,11.5,19,280.0,28,2340.0,17.7,10.7,2.4,16.267,1019.5,3.4,5.2,1175,Newport
2016-07-14,6.0,14,140.0,19,1279.0,17.6,11.7,4.1,16.238,1020.8,2.3,3.1,1175,Newport
2016-07-15,8.4,15,260.0,22,367.0,18.2,12.9,7.3,16.188,1017.5,1.0,1.4,1175,Newport
2016-07-16,8.5,14,230.0,22,2352.0,17.8,11.9,0.0,16.765,1019.9,3.5,5.1,1175,Newport
2016-07-17,7.2,13,240.0,19,1445.0,20.2,12.5,0.1,17.167,1018.6,2.6,3.5,1175,Newport
2016-07-18,7.0,14,260.0,21,2429.0,22.0,12.6,0.0,19.278,1016.4,3.8,5.3,1175,Newport
2016-07-19,6.3,13,150.0,18,1932.0,26.9,10.8,0.0,19.43,1010.0,3.7,4.9,1175,Newport
2016-07-20,7.2,13,240.0,21,1844.0,19.4,13.8,0.7,19.757,1006.7,2.9,4.0,1175,Newport
2016-07-21,8.3,16,180.0,23,547.0,18.2,13.6,3.5,17.78,1009.7,1.3,1.8,1175,Newport
2016-07-22,4.7,10,240.0,15,1081.0,18.8,12.4,0.2,17.272,1014.8,2.1,2.8,1175,Newport
2016-07-23,6.5,12,260.0,19,959.0,17.8,12.2,2.4,17.22,1015.1,1.6,2.3,1175,Newport
2016-07-24,7.8,15,270.0,20,955.0,17.2,12.3,2.6,16.735,1012.8,1.6,2.3,1175,Newport
2016-07-25,5.7,11,280.0,15,748.0,16.7,11.6,8.7,15.815,1015.2,1.4,1.9,1175,Newport
2016-07-26,4.9,12,210.0,18,584.0,17.1,11.7,11.4,15.83,1013.3,1.2,1.6,1175,Newport
2016-07-27,4.7,9,330.0,13,1147.0,18.0,13.1,0.0,16.6,1013.2,2.1,2.8,1175,Newport
2016-07-28,8.9,16,350.0,21,1227.0,18.6,12.9,14.1,17.282,1007.6,1.9,2.8,1175,Newport
2016-07-29,7.9,18,350.0,23,1181.0,17.5,12.2,0.3,16.935,1010.7,2.1,2.9,1175,Newport
2016-07-30,5.3,15,280.0,21,1051.0,17.0,11.3,0.0,16.43,1014.1,2.0,2.7,1175,Newport
2016-07-31,5.5,12,240.0,18,1222.0,18.8,10.7,0.3,16.202,1015.7,2.3,3.0,1175,Newport
2016-08-01,9.3,15,120.0,22,847.0,17.2,12.6,0.1,16.257,1009.2,1.7,2.4,1175,Newport
2016-08-02,10.4,18,210.0,27,1341.0,19.7,14.4,4.3,17.535,1000.2,2.1,3.1,1175,Newport
2016-08-03,16.7,25,210.0,38,777.0,16.5,13.8,7.6,16.532,996.1,1.3,2.2,1175,Newport
2016-08-04,8.4,15,320.0,22,1398.0,17.7,12.9,3.0,16.97,1007.9,2.1,3.1,1175,Newport
2016-08-05,5.3,10,240.0,15,1560.0,18.8,12.1,0.1,17.335,1017.2,2.4,3.3,1175,Newport
2016-08-06,11.5,21,220.0,35,826.0,21.1,13.6,0.2,17.452,1016.7,1.9,2.6,1175,Newport
2016-08-07,17.2,24,270.0,35,671.0,16.2,12.6,5.7,15.672,1015.3,1.5,2.3,1175,Newport
2016-08-08,11.8,17,290.0,27,1420.0,17.0,12.0,0.4,15.033,1022.4,2.8,3.9,1175,Newport
2016-08-09,10.9,17,300.0,25,1029.0,16.0,11.4,3.4,14.545,1027.4,2.0,2.8,1175,Newport
2016-08-10,9.2,15,320.0,23,730.0,16.7,12.6,1.3,14.953,1024.3,1.7,2.3,1175,Newport
2016-08-11,10.9,15,210.0,23,321.0,16.2,13.8,4.0,15.163,1020.4,1.0,1.4,1175,Newport
2016-08-12,12.0,18,210.0,30,342.0,16.0,13.5,13.0,15.395,1015.9,0.9,1.3,1175,Newport
2016-08-13,7.4,13,290.0,20,1028.0,18.0,12.0,1.0,15.738,1019.6,1.8,2.5,1175,Newport
2016-08-14,4.8,10,120.0,14,633.0,16.6,13.0,0.1,16.077,1022.0,1.4,1.8,1175,Newport
2016-08-15,11.8,19,150.0,26,2303.0,22.2,12.2,0.0,17.23,1016.8,3.5,5.2,1175,Newport
2016-08-16,11.3,19,150.0,26,1977.0,25.0,14.1,0.1,18.548,1010.2,3.7,5.0,1175,Newport
2016-08-17,9.1,17,350.0,23,295.0,18.0,14.3,29.5,17.548,1008.3,0.9,1.3,1175,Newport
2016-08-18,8.4,17,340.0,23,517.0,18.5,13.9,1.4,16.622,1004.7,1.3,1.7,1175,Newport
2016-08-19,14.9,23,130.0,32,989.0,19.9,13.2,8.0,16.545,990.8,2.0,2.9,1175,Newport
2016-08-20,12.6,21,280.0,30,700.0,17.1,14.4,4.3,16.312,993.8,1.3,1.9,1175,Newport
2016-08-21,10.3,20,270.0,28,635.0,17.3,13.1,11.5,16.44,1007.7,1.1,1.7,1175,Newport
2016-08-22,7.6,14,210.0,22,1661.0,19.5,13.2,1.6,17.677,1013.0,2.3,3.4,1175,Newport
2016-08-23,5.3,11,230.0,17,1475.0,19.4,11.9,0.2,17.288,1017.2,2.3,3.1,1175,Newport
2016-08-24,6.9,13,230.0,20,1567.0,19.8,11.3,0.0,16.847,1016.8,2.5,3.4,1175,Newport
2016-08-25,7.0,15,200.0,20,784.0,16.7,10.2,8.4,15.007,1012.5,1.3,1.8,1175,Newport
2016-08-26,8.6,18,210.0,26,1831.0,19.2,11.5,13.1,16.14,1011.5,2.5,3.6,1175,Newport
2016-08-27,5.2,12,320.0,16,703.0,16.9,12.4,1.8,15.863,1012.3,1.4,1.8,1175,Newport
2016-08-28,7.8,14,350.0,20,1859.0,20.0,10.9,0.0,17.525,1013.9,2.6,3.7,1175,Newport
2016-08-29,7.5,14,220.0,22,617.0,18.9,10.6,0.0,15.91,1017.8,1.3,1.7,1175,Newport
2016-08-30,12.3,20,200.0,32,953.0,20.1,14.6,5.0,16.72,1013.9,1.9,2.7,1175,Newport
2016-08-31,8.6,16,210.0,24,817.0,16.6,11.3,1.2,15.718,1014.7,1.5,2.1,1175,Newport
2016-09-01,8.6,19,210.0,28,371.0,17.1,12.0,15.6,14.773,1014.2,0.9,1.3,1175,Newport
2016-09-02,10.4,18,210.0,27,1412.0,18.0,11.9,3.1,15.84,1009.8,2.0,3.0,1175,Newport
2016-09-03,8.8,18,200.0,31,794.0,19.1,12.9,11.4,16.087,1003.0,1.6,2.1,1175,Newport
2016-09-04,7.6,19,120.0,25,1079.0,18.7,13.4,11.3,16.382,1006.6,1.9,2.6,1175,Newport
2016-09-05,9.8,16,210.0,25,1265.0,20.5,14.1,19.1,17.675,1007.4,1.8,2.7,1175,Newport
2016-09-06,6.5,13,0.0,18,759.0,20.1,14.3,3.4,18.32,1014.0,1.4,1.9,1175,Newport
2016-09-07,11.1,21,130.0,30,473.0,19.6,14.2,2.9,17.62,1005.6,1.3,1.7,1175,Newport
2016-09-08,9.3,20,200.0,30,634.0,16.9,12.9,3.1,15.995,999.0,1.4,1.9,1175,Newport
2016-09-09,13.6,24,210.0,40,563.0,18.1,11.3,4.3,14.792,996.6,1.3,1.9,1175,Newport
2016-09-10,9.2,20,220.0,28,1032.0,16.5,9.7,7.8,13.67,1005.7,1.8,2.5,1175,Newport
2016-09-11,17.9,30,160.0,43,243.0,17.2,12.1,11.1,13.555,998.7,0.8,1.2,1175,Newport
2016-09-12,6.4,17,160.0,24,1085.0,17.6,10.8,24.2,16.27,997.2,1.4,2.0,1175,Newport
2016-09-13,4.6,10,340.0,15,1428.0,20.0,8.9,0.0,15.243,1010.1,2.0,2.7,1175,Newport
2016-09-14,7.7,15,350.0,21,575.0,15.9,10.8,1.4,14.025,1011.7,1.0,1.4,1175,Newport
2016-09-15,4.9,15,250.0,25,536.0,17.0,10.8,1.2,15.035,1009.7,1.1,1.5,1175,Newport
2016-09-16,9.5,18,270.0,25,1211.0,16.8,11.0,1.3,14.153,1016.5,1.8,2.6,1175,Newport
2016-09-17,8.8,17,210.0,25,667.0,18.1,11.6,0.0,14.3,1018.6,1.6,2.0,1175,Newport
2016-09-18,8.3,15,250.0,21,813.0,17.2,12.4,4.8,15.202,1017.5,1.4,1.9,1175,Newport
2016-09-19,6.1,11,220.0,15,811.0,17.3,11.6,0.0,14.52,1021.4,1.7,2.2,1175,Newport
2016-09-20,7.6,16,130.0,21,520.0,16.9,11.4,1.1,14.275,1014.4,1.2,1.6,1175,Newport
2016-09-21,10.0,23,160.0,30,799.0,15.7,8.8,6.2,13.703,1007.2,1.4,1.9,1175,Newport
2016-09-22,8.0,23,210.0,32,548.0,14.8,7.7,11.1,11.69,1011.6,1.1,1.5,1175,Newport
2016-09-23,14.4,22,170.0,35,150.0,15.9,8.7,6.3,11.64,1006.2,1.0,1.3,1175,Newport
2016-09-24,12.9,21,150.0,30,508.0,16.3,10.3,16.7,14.137,996.2,1.1,1.5,1175,Newport
2016-09-25,9.9,17,250.0,29,909.0,15.0,9.4,10.0,12.573,1003.5,1.5,2.1,1175,Newport
2016-09-26,6.2,14,120.0,18,836.0,16.9,9.8,6.1,13.113,1009.3,1.3,1.8,1175,Newport
2016-09-27,12.3,22,280.0,30,584.0,15.9,12.3,0.7,13.655,1011.3,1.1,1.6,1175,Newport
2016-09-28,13.2,23,210.0,35,179.0,16.2,12.6,9.3,14.528,1011.9,0.8,1.1,1175,Newport
2016-09-29,11.8,21,250.0,33,1008.0,15.4,9.2,4.0,13.073,1006.7,1.3,2.0,1175,Newport
2016-09-30,5.4,12,210.0,20,824.0,14.1,7.5,7.7,11.865,1004.2,1.1,1.5,1175,Newport
2016-10-01,5.6,14,330.0,19,1102.0,14.3,6.9,1.0,11.388,1007.7,1.2,1.7,1175,Newport
2016-10-02,9.7,20,150.0,31,1008.0,14.7,5.2,0.2,10.658,1011.0,1.2,1.8,1175,Newport
2016-10-03,16.5,21,140.0,32,139.0,15.0,11.9,9.7,12.427,1014.1,0.9,1.2,1175,Newport
2016-10-04,9.3,15,130.0,24,420.0,15.7,11.4,2.6,12.855,1020.8,1.0,1.3,1175,Newport
2016-10-05,13.9,23,120.0,33,931.0,17.2,10.9,0.0,12.698,1022.0,1.6,2.2,1175,Newport
2016-10-06,12.0,19,110.0,28,901.0,15.1,8.6,0.0,11.717,1021.2,1.6,2.1,1175,Newport
2016-10-07,9.5,18,130.0,25,972.0,15.5,8.8,0.0,11.475,1018.5,1.5,2.0,1175,Newport
2016-10-08,5.8,12,100.0,19,330.0,13.4,9.6,1.5,11.61,1024.1,0.7,0.9,1175,Newport
2016-10-09,4.3,7,100.0,11,432.0,14.6,9.9,0.0,12.238,1027.5,0.7,1.0,1175,Newport
2016-10-10,5.9,18,100.0,27,500.0,15.0,7.6,0.0,12.5,1024.5,0.9,1.2,1175,Newport
2016-10-11,10.7,16,110.0,26,640.0,13.1,7.5,0.0,10.188,1020.5,1.1,1.5,1175,Newport
2016-10-12,7.6,12,110.0,19,415.0,14.6,9.3,0.0,10.878,1020.1,1.1,1.4,1175,Newport
2016-10-13,7.6,13,100.0,20,956.0,14.8,7.4,0.0,10.908,1011.9,1.2,1.6,1175,Newport
2016-10-14,9.4,13,80.0,21,617.0,12.5,5.9,0.0,9.615,1002.2,1.1,1.5,1175,Newport
2016-10-15,7.9,14,70.0,23,363.0,11.8,7.3,3.2,10.215,998.3,0.8,1.1,1175,Newport
2016-10-16,6.0,12,230.0,20,522.0,12.7,8.0,3.3,10.08,995.5,0.7,1.0,1175,Newport
2016-10-17,10.4,19,290.0,29,566.0,15.3,8.3,4.0,11.108,1006.0,1.2,1.5,1175,Newport
2016-10-18,10.6,21,290.0,33,590.0,13.9,6.8,1.2,9.87,1018.5,1.4,1.8,1175,Newport
2016-10-19,3.9,11,330.0,18,449.0,13.8,8.1,0.1,10.398,1024.4,0.8,1.0,1175,Newport
2016-10-20,2.4,6,90.0,9,416.0,13.3,8.2,0.0,10.94,1022.2,0.6,0.9,1175,Newport
2016-10-21,6.8,10,120.0,14,429.0,14.9,8.2,0.4,10.872,1017.4,1.0,1.3,1175,Newport
2016-10-22,8.1,13,80.0,19,581.0,14.4,8.2,0.0,10.613,1013.5,1.1,1.3,1175,Newport
2016-10-23,9.5,14,70.0,21,445.0,11.4,7.6,0.0,8.741,1011.9,1.1,1.4,1175,Newport
2016-10-24,6.3,11,60.0,17,854.0,13.2,4.1,0.1,8.922,1014.4,0.8,1.1,1175,Newport
2016-10-25,5.1,14,200.0,18,469.0,11.6,2.4,0.4,7.73,1017.2,0.4,0.6,1175,Newport
2016-10-26,8.5,16,210.0,25,373.0,15.9,11.2,2.5,11.153,1020.5,0.9,1.1,1175,Newport
2016-10-27,10.5,18,200.0,28,102.0,13.3,11.4,13.4,11.892,1023.0,0.4,0.6,1175,Newport
2016-10-28,4.8,12,220.0,18,157.0,13.5,11.2,2.9,12.188,1027.8,0.5,0.6,1175,Newport
2016-10-29,7.0,12,130.0,16,587.0,14.2,9.3,0.0,11.837,1027.2,0.6,0.8,1175,Newport
2016-10-30,4.6,9,110.0,14,359.0,15.6,10.6,0.0,11.81,1023.6,0.7,0.9,1175,Newport
2016-10-31,6.1,14,10.0,24,222.0,13.8,10.2,0.1,11.72,1025.4,0.7,0.9,1175,Newport
2016-11-01,6.8,14,20.0,25,422.0,12.1,6.8,0.0,9.765,1028.3,1.0,1.2,1175,Newport
2016-11-02,2.4,6,200.0,10,199.0,11.0,7.8,0.1,9.335,1024.1,0.6,0.9,1175,Newport
2016-11-03,8.8,14,330.0,23,319.0,13.7,7.1,7.9,9.725,1015.7,0.8,1.0,1175,Newport
2016-11-04,8.4,17,270.0,29,444.0,10.9,6.1,6.3,8.56,1008.4,0.5,0.7,1175,Newport
2016-11-05,8.2,18,0.0,33,498.0,9.6,5.1,5.4,7.286,1014.1,0.5,0.6,1175,Newport
2016-11-06,6.4,20,0.0,30,434.0,9.2,4.0,3.8,6.234,1017.8,0.5,0.7,1175,Newport
2016-11-07,3.3,10,300.0,14,466.0,10.6,3.2,0.1,5.631,1016.6,0.4,0.7,1175,Newport
2016-11-08,11.5,22,340.0,32,119.0,9.7,5.7,21.2,6.796,1004.9,0.6,0.9,1175,Newport
2016-11-09,10.9,21,290.0,30,341.0,10.8,6.6,8.1,7.033,1000.7,0.8,1.0,1175,Newport
2016-11-10,8.0,20,270.0,31,380.0,10.8,5.5,2.5,7.282,1008.7,0.6,0.8,1175,Newport
2016-11-11,9.7,22,150.0,32,41.0,13.0,5.2,23.9,7.533,1008.2,0.4,0.6,1175,Newport
2016-11-12,8.5,15,290.0,22,200.0,11.6,7.9,1.5,9.087,1012.8,0.6,0.7,1175,Newport
2016-11-13,9.1,16,210.0,25,174.0,13.0,9.7,3.1,9.56,1023.0,0.5,0.6,1175,Newport
2016-11-14,7.9,13,240.0,21,108.0,13.2,12.1,15.1,11.337,1022.5,0.3,0.5,1175,Newport
2016-11-15,7.9,16,200.0,27,302.0,13.2,8.0,1.1,10.65,1017.7,0.1,0.2,1175,Newport
2016-11-16,13.9,25,210.0,35,270.0,11.2,5.6,16.8,8.994,1006.3,0.4,0.5,1175,Newport
2016-11-17,11.7,23,310.0,37,183.0,6.6,2.5,11.3,6.314,992.9,0.5,0.7,1175,Newport
2016-11-18,9.3,24,320.0,38,147.0,7.0,1.5,7.4,4.515,991.7,0.6,0.8,1175,Newport
2016-11-19,4.6,17,280.0,26,284.0,6.4,0.6,1.8,3.786,993.5,0.3,0.4,1175,Newport
2016-11-20,5.0,14,350.0,19,352.0,6.3,0.9,0.0,3.134,992.3,0.1,0.2,1175,Newport
2016-11-21,8.1,15,350.0,21,300.0,7.2,2.4,5.9,3.404,998.3,0.3,0.4,1175,Newport
2016-11-22,7.7,16,350.0,28,267.0,8.1,2.5,8.2,4.152,1008.2,0.4,0.5,1175,Newport
2016-11-23,4.3,7,350.0,11,409.0,8.0,1.0,0.1,3.178,1020.6,0.1,0.2,1175,Newport
2016-11-24,5.2,8,340.0,11,425.0,8.8,0.3,0.0,2.299,1026.4,0.2,0.2,1175,Newport
2016-11-25,6.0,11,10.0,17,423.0,7.3,-0.9,0.0,1.764,1025.0,0.2,0.2,1175,Newport
2016-11-26,4.7,10,70.0,13,125.0,5.4,-0.7,0.2,2.404,1022.2,0.2,0.2,1175,Newport
2016-11-27,5.1,12,100.0,19,103.0,10.0,4.5,0.0,5.308,1023.6,0.4,0.5,1175,Newport
2016-11-28,7.1,13,110.0,20,97.0,8.1,5.6,0.0,5.636,1026.9,0.7,0.9,1175,Newport
2016-11-29,2.6,5,240.0,9,207.0,8.6,2.9,0.0,5.503,1030.6,0.2,0.3,1175,Newport
2016-11-30,2.5,7,240.0,10,195.0,8.6,2.0,0.1,6.289,1031.8,0.1,0.1,1175,Newport
2016-12-01,4.7,9,100.0,13,386.0,7.4,1.1,0.1,3.613,1029.0,0.0,0.0,1175,Newport
2016-12-02,5.9,10,100.0,14,89.0,5.3,3.2,0.0,4.106,1024.8,0.4,0.5,1175,Newport
2016-12-03,4.6,9,130.0,13,133.0,7.8,5.2,0.0,5.044,1021.1,0.5,0.7,1175,Newport
2016-12-04,8.8,14,120.0,23,93.0,6.0,3.8,0.0,4.51,1018.6,0.6,0.8,1175,Newport
2016-12-05,6.7,13,110.0,18,234.0,7.7,3.3,0.0,4.392,1016.8,0.2,0.3,1175,Newport
2016-12-06,13.8,21,130.0,28,24.0,13.7,7.6,9.8,7.687,1012.0,0.5,0.8,1175,Newport
2016-12-07,15.3,23,160.0,33,100.0,14.4,10.8,1.7,10.622,1008.6,0.5,0.7,1175,Newport
2016-12-08,8.5,20,140.0,30,285.0,14.2,9.1,0.4,9.97,1012.5,0.3,0.3,1175,Newport
2016-12-09,17.3,24,200.0,38,174.0,13.7,10.3,1.0,9.818,1009.6,0.7,0.9,1175,Newport
2016-12-10,9.2,17,200.0,25,223.0,12.2,7.3,1.0,8.705,1015.1,0.4,0.5,1175,Newport
2016-12-11,8.0,16,130.0,20,139.0,10.7,6.1,0.1,7.99,1017.0,0.3,0.4,1175,Newport
2016-12-12,8.9,17,130.0,23,76.0,9.4,5.9,2.8,7.319,1012.9,0.3,0.4,1175,Newport
2016-12-13,12.0,20,150.0,29,223.0,12.6,9.0,1.0,8.845,1004.8,0.3,0.3,1175,Newport
2016-12-14,6.1,19,140.0,28,212.0,12.4,3.2,4.2,7.952,1005.3,0.1,0.2,1175,Newport
2016-12-15,9.6,21,120.0,29,30.0,8.5,3.0,1.8,5.423,1006.0,0.4,0.6,1175,Newport
2016-12-16,3.1,9,300.0,11,267.0,9.6,1.5,0.1,5.387,1019.7,0.0,0.1,1175,Newport
2016-12-17,8.2,17,210.0,29,208.0,10.6,1.8,0.0,5.271,1030.3,0.4,0.4,1175,Newport
2016-12-18,7.0,16,210.0,23,229.0,11.4,7.7,1.6,7.495,1027.0,0.3,0.3,1175,Newport
2016-12-19,5.7,18,320.0,24,292.0,10.9,1.8,0.3,6.896,1024.0,0.0,0.0,1175,Newport
2016-12-20,10.0,24,190.0,37,22.0,10.2,2.9,7.4,5.671,1011.6,0.4,0.6,1175,Newport
2016-12-21,11.0,26,270.0,38,196.0,7.7,4.0,9.5,5.095,1007.9,0.5,0.5,1175,Newport
2016-12-22,11.7,22,240.0,38,180.0,8.8,4.8,7.5,5.013,1015.8,0.5,0.6,1175,Newport
2016-12-23,18.9,39,200.0,56,133.0,13.0,5.1,13.2,6.589,1007.7,1.0,1.2,1175,Newport
2016-12-24,13.9,23,260.0,35,76.0,11.3,6.5,12.7,6.488,1014.4,0.7,0.9,1175,Newport
2016-12-25,16.2,27,270.0,45,98.0,12.4,4.5,5.7,8.608,1012.4,0.6,0.8,1175,Newport
2016-12-26,11.9,28,280.0,43,154.0,8.0,3.5,2.7,5.186,1026.0,1.0,1.2,1175,Newport
2016-12-27,9.9,16,160.0,20,301.0,10.1,4.4,0.0,5.682,1033.8,0.4,0.4,1175,Newport
2016-12-28,9.6,16,130.0,21,107.0,9.6,7.6,0.0,6.955,1031.0,0.6,0.7,1175,Newport
2016-12-29,11.2,20,200.0,29,262.0,13.0,7.9,0.0,7.819,1026.5,0.5,0.5,1175,Newport
2016-12-30,12.6,19,200.0,30,46.0,12.1,10.9,0.0,9.37,1025.8,0.8,1.0,1175,Newport
2016-12-31,13.2,20,330.0,29,151.0,12.3,4.6,10.8,9.0,1021.7,0.6,0.7,1175,Newport
2017-01-01,11.0,22,10.0,35,243.0,6.6,2.8,4.5,5.416,1025.7,0.5,0.5,1175,Newport
2017-01-02,3.7,11,30.0,20,236.0,7.4,1.5,0.1,3.371,1032.6,0.2,0.3,1175,Newport
2017-01-03,3.7,12,270.0,18,156.0,7.8,4.2,0.0,4.64,1029.3,0.3,0.4,1175,Newport
2017-01-04,3.3,8,320.0,11,268.0,10.2,5.5,0.0,5.757,1027.5,0.2,0.3,1175,Newport
2017-01-05,10.6,17,150.0,22,128.0,8.4,5.1,1.1,5.955,1025.1,0.5,0.6,1175,Newport
2017-01-06,5.0,13,100.0,17,74.0,11.1,8.3,11.1,8.19,1025.0,0.3,0.4,1175,Newport
2017-01-07,3.1,8,200.0,13,154.0,11.0,8.2,1.8,8.825,1028.4,0.2,0.2,1175,Newport
2017-01-08,10.2,28,200.0,40,50.0,11.1,8.8,3.4,9.1,1021.3,0.5,0.7,1175,Newport
2017-01-09,19.7,35,200.0,50,191.0,11.3,5.1,17.6,7.258,1010.8,0.6,0.9,1175,Newport
2017-01-10,17.3,29,310.0,44,207.0,11.7,7.8,2.2,7.404,1009.0,0.8,1.0,1175,Newport
2017-01-11,23.8,35,290.0,51,233.0,10.7,4.1,4.1,6.471,1010.8,1.3,1.8,1175,Newport
2017-01-12,18.0,31,280.0,46,188.0,5.4,1.9,9.6,3.974,1004.8,0.9,1.2,1175,Newport
2017-01-13,13.0,21,350.0,32,294.0,6.4,1.6,4.6,3.069,1015.7,0.6,0.8,1175,Newport
2017-01-14,12.6,21,310.0,33,295.0,9.6,5.5,3.5,5.09,1022.4,0.7,0.8,1175,Newport
2017-01-15,7.1,15,280.0,21,117.0,11.0,8.4,1.4,7.355,1024.8,0.4,0.6,1175,Newport
2017-01-16,4.5,12,250.0,18,232.0,12.1,8.9,0.7,8.526,1027.1,0.2,0.3,1175,Newport
2017-01-17,5.1,11,150.0,14,164.0,10.4,7.7,0.6,8.757,1028.9,0.3,0.4,1175,Newport
2017-01-18,5.3,11,210.0,17,205.0,11.8,7.0,0.0,8.093,1031.0,0.5,0.6,1175,Newport
2017-01-19,6.3,10,160.0,13,417.0,9.3,4.6,0.1,7.132,1032.4,0.3,0.3,1175,Newport
2017-01-20,8.3,12,90.0,17,299.0,8.0,1.4,0.0,5.09,1028.1,0.5,0.6,1175,Newport
2017-01-21,8.8,15,100.0,20,383.0,5.3,0.5,0.0,3.034,1021.9,0.5,0.6,1175,Newport
2017-01-22,3.7,10,90.0,14,139.0,5.3,0.6,0.0,2.669,1020.4,0.4,0.5,1175,Newport
2017-01-23,9.0,15,160.0,20,384.0,10.0,0.4,0.8,3.214,1017.7,0.3,0.4,1175,Newport
2017-01-24,9.4,19,170.0,26,359.0,12.6,6.4,0.2,6.84,1012.5,0.4,0.5,1175,Newport
2017-01-25,22.6,30,150.0,43,36.0,11.3,9.0,0.1,8.084,1006.3,1.2,1.7,1175,Newport
2017-01-26,21.0,33,150.0,46,68.0,9.2,5.6,2.2,6.444,999.1,1.3,1.9,1175,Newport
2017-01-27,9.3,21,140.0,29,379.0,9.1,3.1,5.3,6.771,997.2,0.4,0.5,1175,Newport
2017-01-28,3.9,12,280.0,18,397.0,9.0,0.5,5.6,4.792,1003.1,0.2,0.4,1175,Newport
2017-01-29,7.1,11,120.0,17,119.0,7.9,2.7,6.8,4.751,1002.4,0.3,0.5,1175,Newport
2017-01-30,12.2,26,130.0,36,68.0,11.4,6.3,6.4,6.951,996.7,0.4,0.6,1175,Newport
2017-01-31,6.1,12,220.0,18,485.0,11.3,4.4,0.5,7.573,999.4,0.3,0.5,1175,Newport
2017-02-01,14.5,28,120.0,36,192.0,9.9,4.2,1.0,6.169,990.2,0.4,0.6,1175,Newport
2017-02-02,16.3,26,120.0,35,194.0,11.3,7.5,8.3,8.143,971.2,0.5,0.7,1175,Newport
2017-02-03,11.3,20,210.0,37,410.0,8.5,2.8,3.5,6.705,977.5,0.5,0.7,1175,Newport
2017-02-04,4.8,15,270.0,24,316.0,5.9,0.7,4.0,4.68,987.9,0.3,0.5,1175,Newport
2017-02-05,4.1,14,270.0,24,416.0,8.4,-0.1,2.7,3.557,999.9,0.4,0.5,1175,Newport
2017-02-06,14.4,28,130.0,40,164.0,11.5,2.2,3.0,4.554,999.5,0.7,1.0,1175,Newport
2017-02-07,4.7,12,330.0,18,579.0,9.1,1.0,5.0,4.946,1011.3,0.4,0.6,1175,Newport
2017-02-08,9.7,20,150.0,27,287.0,7.8,0.4,0.0,3.632,1020.0,0.4,0.6,1175,Newport
2017-02-09,15.2,24,110.0,33,381.0,7.7,2.0,0.0,5.666,1019.6,0.8,1.1,1175,Newport
2017-02-10,7.3,12,110.0,17,351.0,4.9,1.4,0.0,3.681,1026.1,0.8,1.0,1175,Newport
2017-02-11,11.0,22,20.0,36,767.0,6.3,2.1,0.0,3.581,1031.0,1.2,1.5,1175,Newport
2017-02-12,13.1,21,20.0,33,369.0,5.9,2.7,0.1,3.045,1023.9,1.2,1.6,1175,Newport
2017-02-13,13.4,17,80.0,29,233.0,8.7,3.2,0.0,4.355,1014.7,1.0,1.3,1175,Newport
2017-02-14,10.2,17,110.0,25,199.0,9.5,5.5,1.0,5.189,1013.0,0.8,1.0,1175,Newport
2017-02-15,11.3,20,200.0,29,183.0,10.4,5.5,5.2,6.161,1016.4,0.5,0.8,1175,Newport
2017-02-16,7.2,15,210.0,24,218.0,10.3,6.9,6.8,7.152,1020.7,0.6,0.8,1175,Newport
2017-02-17,10.2,16,140.0,20,145.0,11.7,7.2,2.4,8.047,1016.4,0.5,0.7,1175,Newport
2017-02-18,7.0,13,210.0,20,408.0,10.4,8.0,1.7,9.07,1015.1,0.4,0.7,1175,Newport
2017-02-19,8.1,15,270.0,24,187.0,10.9,8.6,3.1,9.288,1016.9,0.3,0.5,1175,Newport
2017-02-20,9.6,19,290.0,28,488.0,12.6,8.3,3.1,9.993,1016.7,0.6,0.8,1175,Newport
2017-02-21,10.0,26,290.0,36,48.0,10.6,7.8,27.8,9.312,1009.2,0.4,0.6,1175,Newport
2017-02-22,10.2,26,200.0,38,252.0,10.3,7.1,17.0,8.71,995.0,0.6,0.8,1175,Newport
2017-02-23,24.5,52,290.0,73,738.0,10.2,4.3,18.6,7.307,992.5,0.9,1.6,1175,Newport
2017-02-24,12.9,26,200.0,41,201.0,10.4,3.5,1.0,6.197,1006.4,0.7,1.0,1175,Newport
2017-02-25,14.0,32,210.0,50,458.0,11.3,6.5,4.2,8.665,996.5,0.9,1.3,1175,Newport
2017-02-26,14.0,30,200.0,44,398.0,9.7,1.2,15.3,7.383,990.5,0.6,1.0,1175,Newport
2017-02-27,6.6,20,180.0,30,548.0,7.8,0.9,5.2,5.077,981.6,0.7,1.0,1175,Newport
2017-02-28,18.8,32,300.0,47,719.0,8.8,1.1,11.0,5.018,988.4,0.9,1.5,1175,Newport
2017-03-01,10.2,30,290.0,45,423.0,8.8,3.9,15.8,5.57,991.5,1.1,1.4,1175,Newport
2017-03-02,9.1,28,290.0,44,330.0,7.5,3.7,9.0,5.218,998.4,0.9,1.2,1175,Newport
2017-03-03,10.9,22,10.0,35,159.0,6.2,3.6,26.3,5.21,990.2,0.5,0.7,1175,Newport
2017-03-04,12.5,21,350.0,30,479.0,7.6,4.1,7.3,5.785,982.7,0.9,1.3,1175,Newport
2017-03-05,8.3,21,260.0,34,659.0,10.1,2.3,6.1,5.689,986.1,0.9,1.3,1175,Newport
2017-03-06,5.3,20,260.0,28,484.0,7.4,3.2,10.1,5.295,1002.6,0.7,1.0,1175,Newport
2017-03-07,7.7,18,130.0,26,217.0,10.6,3.2,14.4,5.573,1006.4,0.6,0.8,1175,Newport
2017-03-08,9.7,16,240.0,24,1183.0,13.0,6.7,0.6,8.231,1006.5,1.2,1.8,1175,Newport
2017-03-09,7.7,15,280.0,24,875.0,13.7,5.9,0.3,8.491,1013.7,1.3,1.7,1175,Newport
2017-03-10,10.3,17,180.0,25,374.0,13.2,9.1,4.1,9.555,1012.1,1.0,1.3,1175,Newport
2017-03-11,6.9,12,150.0,18,1309.0,14.9,8.4,3.4,10.797,1007.9,1.5,2.2,1175,Newport
2017-03-12,9.1,20,280.0,32,930.0,11.7,6.4,4.0,9.368,1012.5,1.2,1.7,1175,Newport
2017-03-13,9.0,22,210.0,32,561.0,12.6,7.1,2.0,9.58,1022.8,0.8,1.2,1175,Newport
2017-03-14,9.4,21,250.0,30,900.0,13.6,7.0,3.8,10.095,1026.8,1.2,1.7,1175,Newport
2017-03-15,9.4,19,210.0,28,464.0,12.8,8.5,0.0,9.765,1024.6,1.0,1.4,1175,Newport
2017-03-16,13.6,22,300.0,32,1029.0,10.2,4.7,1.4,9.34,1017.3,1.2,2.0,1175,Newport
2017-03-17,15.7,24,270.0,34,142.0,10.9,6.5,32.0,8.373,1010.4,0.7,1.1,1175,Newport
2017-03-18,13.1,23,270.0,34,209.0,11.1,9.9,22.8,10.05,1004.2,0.4,0.7,1175,Newport
2017-03-19,10.3,20,210.0,31,905.0,13.3,8.0,21.1,11.055,998.3,1.2,1.8,1175,Newport
2017-03-20,14.5,26,270.0,38,941.0,10.1,1.8,7.1,8.736,996.0,1.1,1.8,1175,Newport
2017-03-21,8.5,24,270.0,42,943.0,9.7,1.0,3.8,5.885,999.0,1.5,2.1,1175,Newport
2017-03-22,12.7,23,340.0,38,1444.0,8.5,1.6,1.7,6.078,1008.2,1.4,2.3,1175,Newport
2017-03-23,9.7,18,20.0,27,897.0,9.1,3.4,0.0,5.761,1022.3,1.4,2.0,1175,Newport
2017-03-24,5.5,11,120.0,16,1577.0,14.6,1.5,0.1,7.404,1029.8,1.9,2.7,1175,Newport
2017-03-25,5.0,10,350.0,14,1738.0,19.2,2.0,0.0,8.852,1028.8,2.4,3.2,1175,Newport
2017-03-26,7.4,13,70.0,21,1682.0,18.0,3.8,0.0,9.495,1022.0,2.7,3.6,1175,Newport
2017-03-27,6.6,13,80.0,17,1666.0,17.5,5.2,0.0,10.255,1016.3,2.5,3.3,1175,Newport
2017-03-28,7.7,17,170.0,25,719.0,14.4,6.2,0.6,9.715,1009.9,1.4,1.9,1175,Newport
2017-03-29,10.1,18,140.0,25,1052.0,15.5,9.8,2.8,11.22,1005.2,1.6,2.4,1175,Newport
2017-03-30,10.4,17,170.0,24,911.0,16.4,9.8,8.4,11.75,1000.2,1.8,2.5,1175,Newport
2017-03-31,5.7,15,170.0,20,1016.0,14.6,7.3,7.2,12.015,997.4,1.4,1.9,1175,Newport
2017-04-01,8.7,19,310.0,30,1299.0,12.2,6.2,3.4,10.738,1008.6,1.5,2.3,1175,Newport
2017-04-02,8.5,23,150.0,28,998.0,15.1,4.7,0.0,10.255,1015.1,1.6,2.3,1175,Newport
2017-04-03,15.1,25,320.0,34,385.0,12.9,7.8,5.2,10.648,1014.4,1.2,1.7,1175,Newport
2017-04-04,8.8,17,290.0,24,687.0,11.8,6.5,0.0,9.43,1026.9,1.7,2.2,1175,Newport
2017-04-05,6.0,11,280.0,16,570.0,12.2,7.5,0.1,9.635,1032.5,1.4,1.8,1175,Newport
2017-04-06,4.9,11,210.0,15,550.0,10.7,7.6,0.0,9.63,1029.6,1.3,1.7,1175,Newport
2017-04-07,6.3,11,210.0,17,971.0,12.9,7.0,0.0,9.855,1023.4,1.8,2.4,1175,Newport
2017-04-08,5.4,13,150.0,18,1806.0,17.1,5.9,0.0,11.43,1016.1,2.4,3.3,1175,Newport
2017-04-09,6.4,16,330.0,23,480.0,13.1,6.4,0.2,10.13,1019.0,1.2,1.5,1175,Newport
2017-04-10,7.5,15,330.0,23,1261.0,13.1,5.8,0.2,9.602,1027.1,2.1,2.8,1175,Newport
2017-04-11,9.4,17,260.0,25,892.0,12.7,7.8,0.0,9.903,1023.9,1.8,2.4,1175,Newport
2017-04-12,9.3,17,280.0,26,1133.0,12.5,7.7,2.9,10.887,1018.4,1.8,2.6,1175,Newport
2017-04-13,6.9,13,230.0,20,808.0,12.5,7.4,1.7,10.57,1015.9,1.4,2.0,1175,Newport
2017-04-14,8.5,16,280.0,24,753.0,11.7,6.5,2.3,10.663,1013.6,1.3,1.8,1175,Newport
2017-04-15,10.1,15,280.0,26,1443.0,13.1,6.0,1.7,10.025,1018.3,2.3,3.3,1175,Newport
2017-04-16,10.9,21,260.0,31,801.0,12.2,7.5,2.4,10.29,1020.3,1.4,2.0,1175,Newport
2017-04-17,5.0,11,340.0,15,1194.0,13.2,6.3,0.8,10.95,1024.5,1.7,2.3,1175,Newport
2017-04-18,4.5,9,220.0,16,1553.0,16.0,5.5,0.0,12.13,1029.3,2.1,2.9,1175,Newport
2017-04-19,6.7,13,280.0,17,864.0,16.0,10.3,0.0,12.837,1032.7,1.8,2.4,1175,Newport
2017-04-20,5.6,9,270.0,14,709.0,14.4,10.1,0.0,12.233,1033.8,1.6,2.1,1175,Newport
2017-04-21,6.3,12,330.0,16,711.0,13.8,9.9,0.0,11.925,1031.8,1.6,2.2,1175,Newport
2017-04-22,3.9,12,340.0,15,683.0,13.6,9.5,0.0,11.875,1029.3,1.5,2.0,1175,Newport
2017-04-23,4.3,11,330.0,16,890.0,16.9,8.6,0.2,12.06,1023.8,1.8,2.4,1175,Newport
2017-04-24,9.8,19,330.0,28,1651.0,11.6,2.4,2.6,11.727,1019.5,1.9,3.0,1175,Newport
2017-04-25,9.7,19,0.0,30,1558.0,8.6,3.0,5.6,9.435,1022.0,1.7,2.8,1175,Newport
2017-04-26,7.1,16,330.0,22,1676.0,10.2,3.1,1.2,9.858,1022.9,1.9,2.9,1175,Newport
2017-04-27,6.6,17,320.0,23,1103.0,11.8,6.6,0.2,10.468,1020.8,1.9,2.6,1175,Newport
2017-04-28,8.3,16,160.0,22,1437.0,14.6,6.8,0.1,11.365,1012.5,2.5,3.4,1175,Newport
2017-04-29,17.4,26,140.0,37,873.0,12.4,7.8,0.1,10.892,999.7,1.9,2.9,1175,Newport
2017-04-30,14.3,25,130.0,38,1025.0,14.7,8.7,0.2,10.823,993.2,2.4,3.4,1175,Newport
2017-05-01,4.2,9,210.0,16,2257.0,18.5,6.7,0.0,13.368,1004.7,3.1,4.2,1175,Newport
2017-05-02,7.5,12,130.0,18,2287.0,20.7,6.8,0.0,14.243,1017.3,3.5,4.9,1175,Newport
2017-05-03,9.0,15,90.0,22,2391.0,17.2,8.2,0.0,14.315,1024.1,3.8,5.3,1175,Newport
2017-05-04,11.7,20,90.0,31,2478.0,17.8,9.3,0.0,13.957,1023.4,4.5,6.2,1175,Newport
2017-05-05,13.7,23,100.0,35,2609.0,16.9,7.2,0.0,13.738,1019.0,4.1,6.2,1175,Newport
2017-05-06,10.2,16,90.0,26,1980.0,16.8,8.1,0.0,13.887,1016.0,3.5,4.9,1175,Newport
2017-05-07,5.9,11,340.0,15,2617.0,22.5,5.6,0.0,15.562,1021.5,4.0,5.5,1175,Newport
2017-05-08,6.2,11,100.0,16,2355.0,22.0,6.4,0.0,16.677,1025.4,3.7,5.1,1175,Newport
2017-05-09,6.0,11,110.0,15,2686.0,20.3,6.8,0.0,16.825,1018.9,4.1,5.6,1175,Newport
2017-05-10,5.5,10,200.0,14,2582.0,18.8,5.0,0.0,16.997,1004.5,3.5,4.9,1175,Newport
2017-05-11,6.1,15,340.0,19,2562.0,21.2,5.0,0.0,17.163,993.7,3.8,5.3,1175,Newport
2017-05-12,6.2,13,330.0,18,1421.0,19.1,9.4,0.3,16.695,992.2,2.6,3.5,1175,Newport
2017-05-13,8.0,17,140.0,24,993.0,15.4,8.5,2.6,14.97,997.2,1.8,2.5,1175,Newport
2017-05-14,12.0,21,150.0,34,1834.0,16.1,8.4,2.1,14.023,1005.4,2.9,4.3,1175,Newport
2017-05-15,13.8,19,130.0,29,805.0,19.2,9.7,21.8,14.565,1002.9,2.0,2.8,1175,Newport
2017-05-16,14.0,23,210.0,33,2113.0,15.9,11.2,0.2,15.542,1008.2,2.8,4.6,1175,Newport
2017-05-17,11.4,19,200.0,29,2527.0,15.7,7.3,5.6,15.278,1010.7,3.1,4.9,1175,Newport
2017-05-18,5.8,11,240.0,18,2519.0,16.3,6.2,3.1,15.693,1008.2,3.3,4.7,1175,Newport
2017-05-19,6.0,14,250.0,19,1926.0,16.4,6.6,0.6,15.278,1008.5,2.8,3.9,1175,Newport
2017-05-20,7.1,14,210.0,22,2625.0,16.5,7.6,0.3,15.45,1010.2,3.5,5.0,1175,Newport
2017-05-21,14.9,25,170.0,34,905.0,15.8,8.9,10.7,14.56,1008.6,1.8,2.7,1175,Newport
2017-05-22,10.6,19,140.0,27,1422.0,15.9,10.1,2.3,14.363,1008.2,2.4,3.5,1175,Newport
2017-05-23,7.0,14,220.0,20,837.0,19.0,9.7,0.2,14.408,1016.6,1.8,2.4,1175,Newport
2017-05-24,7.5,15,230.0,23,2121.0,19.7,12.3,0.2,16.532,1021.2,3.1,4.4,1175,Newport
2017-05-25,9.0,18,130.0,23,2655.0,24.6,13.3,0.0,18.6,1016.3,4.4,6.2,1175,Newport
2017-05-26,8.3,17,120.0,23,883.0,21.1,13.8,4.2,17.79,1009.3,1.9,2.6,1175,Newport
2017-05-27,10.2,18,310.0,23,1138.0,16.0,10.4,7.7,16.215,1011.2,1.7,2.7,1175,Newport
2017-05-28,4.8,13,350.0,19,2041.0,18.7,10.4,0.0,16.778,1014.9,3.3,4.5,1175,Newport
2017-05-29,4.8,8,10.0,13,1194.0,19.4,10.8,0.0,16.655,1010.2,2.4,3.1,1175,Newport
2017-05-30,8.4,17,300.0,23,2373.0,18.6,7.0,2.3,16.865,1012.1,3.3,4.8,1175,Newport
2017-05-31,8.9,17,180.0,23,2166.0,20.6,6.5,0.0,16.665,1013.7,3.4,4.9,1175,Newport
2017-06-01,11.1,19,220.0,28,1347.0,16.8,11.2,4.2,16.515,1010.0,2.1,3.2,1175,Newport
2017-06-02,9.1,15,220.0,25,2402.0,17.1,9.7,1.4,16.335,1010.8,3.4,5.1,1175,Newport
2017-06-03,8.7,14,210.0,26,2096.0,16.2,9.1,11.7,16.347,1008.2,2.8,4.2,1175,Newport
2017-06-04,9.9,16,200.0,24,1444.0,15.6,7.9,10.5,15.295,1002.8,2.2,3.3,1175,Newport
2017-06-05,9.1,16,310.0,22,1330.0,13.9,8.5,3.3,14.42,995.8,2.0,3.0,1175,Newport
2017-06-06,11.5,19,310.0,28,1935.0,15.6,9.6,1.3,14.533,1001.8,2.8,4.4,1175,Newport
2017-06-07,7.1,16,130.0,21,911.0,16.2,8.5,4.4,14.077,1003.8,1.6,2.3,1175,Newport
2017-06-08,7.3,15,220.0,26,1578.0,17.2,11.4,10.7,15.39,997.0,2.3,3.3,1175,Newport
2017-06-09,8.4,20,120.0,33,1333.0,17.0,10.5,12.3,15.898,1000.8,2.2,3.1,1175,Newport
2017-06-10,15.7,26,200.0,37,1207.0,18.0,12.1,2.5,15.465,997.9,2.4,3.6,1175,Newport
2017-06-11,15.4,22,200.0,34,1051.0,14.7,11.7,4.8,14.64,1002.0,1.7,2.7,1175,Newport
2017-06-12,10.3,20,260.0,32,1014.0,17.2,11.3,0.5,14.623,1010.1,2.0,2.9,1175,Newport
2017-06-13,11.1,16,170.0,23,896.0,17.3,12.9,1.7,15.125,1011.8,2.2,3.0,1175,Newport
2017-06-14,13.2,19,180.0,29,710.0,19.8,12.3,6.0,14.84,1006.4,2.5,3.2,1175,Newport
2017-06-15,13.4,19,240.0,33,1690.0,16.7,11.5,4.1,15.235,1009.0,2.4,3.9,1175,Newport
2017-06-16,9.3,13,210.0,21,550.0,16.8,13.0,2.1,15.315,1018.4,1.1,1.6,1175,Newport
2017-06-17,9.3,14,230.0,23,366.0,16.0,13.5,0.6,15.25,1021.8,0.9,1.3,1175,Newport
2017-06-18,6.7,11,250.0,17,1566.0,20.3,11.9,3.5,16.425,1020.1,2.5,3.5,1175,Newport
2017-06-19,7.7,16,350.0,23,2373.0,18.9,10.5,0.1,17.843,1019.1,3.2,4.7,1175,Newport
2017-06-20,7.5,13,350.0,18,2248.0,23.1,11.0,0.0,18.507,1015.4,3.7,5.1,1175,Newport
2017-06-21,8.2,14,120.0,20,993.0,19.6,12.2,0.0,18.2,1009.2,2.0,2.7,1175,Newport
2017-06-22,10.7,21,210.0,32,694.0,14.3,10.1,4.0,16.095,1008.4,1.3,1.9,1175,Newport
2017-06-23,10.2,19,220.0,31,1364.0,16.8,11.8,4.1,16.24,1007.5,2.2,3.3,1175,Newport
2017-06-24,8.2,15,260.0,22,1442.0,18.2,11.5,2.0,16.448,1009.2,2.7,3.7,1175,Newport
2017-06-25,7.4,14,270.0,20,1407.0,15.8,10.3,0.3,15.91,1010.3,2.4,3.4,1175,Newport
2017-06-26,6.8,15,70.0,23,1003.0,14.4,9.0,9.0,15.24,1008.1,1.6,2.3,1175,Newport
2017-06-27,6.2,12,90.0,18,2108.0,21.0,11.6,0.2,17.15,1000.1,3.3,4.6,1175,Newport
2017-06-28,4.6,12,70.0,18,807.0,19.6,10.9,2.8,17.182,999.4,1.8,2.3,1175,Newport
2017-06-29,15.1,22,330.0,33,1065.0,14.2,11.8,0.1,15.573,1005.2,1.8,2.9,1175,Newport
2017-06-30,13.3,22,340.0,33,2116.0,16.5,8.9,0.1,15.28,1012.6,3.2,4.9,1175,Newport
2017-07-01,9.9,17,240.0,27,969.0,16.6,10.0,1.8,15.298,1015.9,1.6,2.4,1175,Newport
2017-07-02,7.7,14,220.0,22,705.0,14.8,10.8,1.5,14.78,1017.3,1.2,1.7,1175,Newport
2017-07-03,4.5,9,350.0,13,1057.0,17.5,11.7,16.0,15.805,1015.1,1.9,2.6,1175,Newport
2017-07-04,8.6,14,350.0,19,1496.0,15.9,12.0,10.8,16.413,1014.7,2.0,3.1,1175,Newport
2017-07-05,5.0,11,230.0,17,1473.0,19.2,12.1,0.1,17.2,1015.8,2.6,3.4,1175,Newport
2017-07-06,7.9,14,240.0,20,1272.0,19.6,13.5,1.5,17.755,1012.5,2.3,3.2,1175,Newport
2017-07-07,5.8,11,350.0,15,1522.0,18.4,10.1,0.2,17.39,1014.7,2.5,3.4,1175,Newport
2017-07-08,5.8,11,240.0,17,1983.0,20.0,9.4,0.0,17.612,1015.0,3.0,4.1,1175,Newport
2017-07-09,6.8,12,220.0,21,431.0,14.8,12.1,2.3,16.597,1010.1,0.9,1.3,1175,Newport
2017-07-10,3.9,9,350.0,13,785.0,15.6,10.4,5.8,16.025,1007.1,1.5,2.0,1175,Newport
2017-07-11,8.7,14,0.0,21,1070.0,15.9,11.4,1.6,15.77,1007.6,2.0,2.8,1175,Newport
2017-07-12,5.1,11,230.0,17,2546.0,21.1,9.5,0.0,17.045,1014.4,3.8,5.2,1175,Newport
2017-07-13,8.4,16,270.0,26,1243.0,18.8,11.0,0.5,17.028,1016.9,2.2,3.1,1175,Newport
2017-07-14,10.5,19,200.0,28,854.0,16.6,12.1,2.2,16.183,1016.2,1.6,2.3,1175,Newport
2017-07-15,8.6,14,230.0,26,479.0,17.0,12.0,7.2,16.305,1014.6,1.0,1.4,1175,Newport
2017-07-16,7.8,13,220.0,19,2005.0,19.7,11.4,0.0,17.013,1020.7,3.3,4.6,1175,Newport
2017-07-17,5.3,10,260.0,16,2761.0,23.8,10.8,0.0,18.515,1020.3,4.2,5.8,1175,Newport
2017-07-18,9.3,18,140.0,24,2041.0,24.6,12.3,0.0,19.315,1009.2,3.8,5.2,1175,Newport
2017-07-19,9.9,18,290.0,26,836.0,19.0,9.8,7.6,18.44,999.7,1.5,2.2,1175,Newport
2017-07-20,6.9,14,210.0,23,1916.0,16.8,8.7,5.9,16.93,1000.1,2.7,3.8,1175,Newport
2017-07-21,11.0,24,350.0,36,659.0,15.5,9.6,27.8,15.47,994.7,1.3,1.9,1175,Newport
2017-07-22,7.0,15,320.0,22,1533.0,20.3,10.9,0.0,15.823,1003.7,2.6,3.6,1175,Newport
2017-07-23,7.0,14,310.0,19,1861.0,21.2,12.7,0.0,17.073,1013.1,3.1,4.3,1175,Newport
2017-07-24,6.4,11,310.0,15,2392.0,21.0,13.0,0.0,18.452,1018.4,3.7,5.1,1175,Newport
2017-07-25,5.9,13,170.0,17,1670.0,22.1,11.6,4.5,19.045,1008.9,2.8,3.8,1175,Newport
2017-07-26,12.5,22,270.0,32,1739.0,18.5,11.5,20.6,18.517,997.0,2.2,3.7,1175,Newport
2017-07-27,13.4,22,200.0,34,1380.0,17.2,11.4,8.1,16.917,995.5,2.2,3.4,1175,Newport
2017-07-28,11.9,17,220.0,28,1389.0,17.5,11.8,3.1,16.405,995.6,2.1,3.3,1175,Newport
2017-07-29,10.5,14,220.0,29,1067.0,16.1,12.1,6.0,16.305,998.2,1.7,2.6,1175,Newport
2017-07-30,8.1,14,270.0,22,1313.0,17.7,11.1,11.5,16.448,996.5,2.0,2.9,1175,Newport
2017-07-31,9.2,15,220.0,23,2025.0,18.2,11.3,17.4,16.995,1001.2,2.7,4.1,1175,Newport
2017-08-01,7.8,15,250.0,22,1796.0,19.0,12.1,11.5,17.34,1005.2,2.7,3.9,1175,Newport
2017-08-02,8.8,18,120.0,26,789.0,18.1,12.7,12.1,16.835,997.7,1.6,2.2,1175,Newport
2017-08-03,6.8,13,280.0,19,1393.0,19.0,12.6,0.6,17.095,997.7,2.3,3.2,1175,Newport
2017-08-04,5.7,12,300.0,18,1620.0,19.2,11.3,0.0,17.062,1008.6,2.8,3.7,1175,Newport
2017-08-05,6.2,13,240.0,20,1508.0,18.2,10.1,19.3,16.538,1014.4,2.3,3.2,1175,Newport
2017-08-06,10.5,17,240.0,29,1295.0,17.1,11.0,14.1,16.308,1012.6,1.8,2.8,1175,Newport
2017-08-07,6.9,12,310.0,18,1516.0,18.2,11.0,1.4,16.388,1012.8,2.5,3.5,1175,Newport
2017-08-08,6.2,15,340.0,21,1732.0,16.5,10.5,2.6,16.305,1016.0,2.6,3.6,1175,Newport
2017-08-09,7.7,12,10.0,20,1854.0,17.8,10.2,0.0,16.448,1023.2,2.6,3.8,1175,Newport
2017-08-10,9.6,18,220.0,27,950.0,16.3,10.8,0.2,15.917,1020.5,1.6,2.4,1175,Newport
2017-08-11,10.8,18,260.0,25,735.0,16.5,13.1,10.5,16.177,1011.8,1.3,1.9,1175,Newport
2017-08-12,8.0,12,320.0,18,1413.0,17.2,9.3,1.7,16.233,1015.3,2.1,3.0,1175,Newport
2017-08-13,5.0,16,120.0,23,1094.0,18.0,7.6,5.5,15.67,1013.4,1.8,2.5,1175,Newport
2017-08-14,8.0,13,270.0,19,1793.0,19.4,11.3,9.8,17.108,1006.1,2.5,3.7,1175,Newport
2017-08-15,7.4,15,260.0,24,1832.0,19.0,11.2,5.1,17.118,1009.5,2.7,3.8,1175,Newport
2017-08-16,12.8,18,200.0,27,547.0,17.5,12.2,2.9,16.085,1005.3,1.2,1.8,1175,Newport
2017-08-17,11.5,25,280.0,34,1187.0,18.6,11.0,7.8,16.327,1000.6,1.9,2.9,1175,Newport
2017-08-18,10.0,21,310.0,32,952.0,15.3,9.9,10.3,15.158,1006.0,1.6,2.3,1175,Newport
2017-08-19,10.0,21,270.0,32,1120.0,16.6,10.4,2.1,14.875,1014.2,2.0,2.8,1175,Newport
2017-08-20,7.2,11,110.0,17,425.0,16.0,10.2,5.1,14.417,1015.5,0.9,1.2,1175,Newport
2017-08-21,6.4,10,150.0,18,383.0,18.6,15.9,31.4,16.318,1013.1,0.9,1.2,1175,Newport
2017-08-22,8.8,20,140.0,28,860.0,20.4,11.6,0.3,17.2,1008.8,1.6,2.2,1175,Newport
2017-08-23,9.1,14,200.0,21,1287.0,18.1,12.8,3.1,16.525,1006.7,2.0,2.9,1175,Newport
2017-08-24,11.1,20,200.0,29,421.0,16.4,12.6,10.2,15.722,1008.6,0.8,1.2,1175,Newport
2017-08-25,7.3,12,210.0,19,1634.0,20.0,10.7,9.6,16.897,1011.2,2.3,3.3,1175,Newport
2017-08-26,4.8,11,260.0,15,1158.0,20.2,12.1,0.0,16.645,1013.9,2.2,2.9,1175,Newport
2017-08-27,7.7,17,210.0,25,1309.0,19.8,12.0,0.0,17.032,1012.4,2.1,2.9,1175,Newport
2017-08-28,9.9,16,230.0,25,884.0,17.1,11.0,4.9,16.97,1011.3,1.5,2.2,1175,Newport
2017-08-29,8.1,16,280.0,25,1168.0,17.6,10.7,3.5,15.468,1012.3,2.1,2.9,1175,Newport
2017-08-30,5.6,12,200.0,21,1608.0,18.5,10.3,6.2,15.782,1010.8,2.3,3.2,1175,Newport
2017-08-31,3.8,10,350.0,15,1414.0,18.0,9.6,5.6,15.967,1016.5,2.0,2.7,1175,Newport
2017-09-01,3.9,10,260.0,16,1122.0,18.1,8.2,0.0,14.892,1022.2,1.7,2.3,1175,Newport
2017-09-02,11.2,21,130.0,29,488.0,14.3,8.1,13.2,13.7,1010.7,0.7,1.2,1175,Newport
2017-09-03,6.3,14,120.0,19,1419.0,22.0,13.7,1.6,16.485,999.7,2.1,2.9,1175,Newport
2017-09-04,10.6,15,210.0,23,857.0,17.6,14.8,1.4,16.823,1002.7,1.5,2.2,1175,Newport
2017-09-05,8.8,18,250.0,27,1193.0,17.6,11.7,1.9,15.89,1008.1,2.0,2.7,1175,Newport
2017-09-06,8.1,14,240.0,21,838.0,17.2,11.7,1.5,14.852,1014.3,1.8,2.3,1175,Newport
2017-09-07,10.4,18,270.0,26,452.0,15.7,12.3,9.6,15.005,1005.5,1.0,1.4,1175,Newport
2017-09-08,13.4,22,290.0,33,1084.0,17.0,11.5,7.9,14.377,997.1,2.1,3.0,1175,Newport
2017-09-09,14.0,26,320.0,35,990.0,15.5,11.9,3.2,14.075,1000.1,1.6,2.4,1175,Newport
2017-09-10,19.0,31,280.0,48,862.0,14.8,9.8,18.0,13.892,990.0,1.2,2.1,1175,Newport
2017-09-11,18.8,30,300.0,46,1245.0,15.3,11.2,9.2,13.523,992.2,2.1,3.3,1175,Newport
2017-09-12,6.5,14,350.0,21,427.0,12.5,8.9,8.0,12.712,995.6,0.9,1.2,1175,Newport
2017-09-13,9.2,16,270.0,26,1197.0,14.6,8.7,11.7,12.28,999.3,1.8,2.5,1175,Newport
2017-09-14,11.9,18,300.0,26,1369.0,15.2,10.6,4.1,12.877,1011.5,2.1,3.0,1175,Newport
2017-09-15,9.1,16,330.0,23,1376.0,14.8,9.6,1.6,13.257,1018.3,1.8,2.6,1175,Newport
2017-09-16,6.1,12,350.0,21,505.0,13.3,8.3,0.8,12.443,1015.7,1.0,1.4,1175,Newport
2017-09-17,4.8,10,350.0,14,1275.0,16.7,6.8,0.1,12.363,1016.3,1.7,2.4,1175,Newport
2017-09-18,4.3,9,240.0,14,1580.0,18.3,6.3,0.0,12.913,1018.1,1.9,2.6,1175,Newport
2017-09-19,9.8,20,170.0,29,392.0,16.1,11.5,1.3,13.845,1011.9,1.1,1.5,1175,Newport
2017-09-20,8.2,19,160.0,28,433.0,16.0,8.9,7.4,13.615,1007.5,0.9,1.3,1175,Newport
2017-09-21,6.7,15,210.0,24,1143.0,16.0,6.5,2.7,12.25,1008.3,1.5,2.1,1175,Newport
2017-09-22,10.6,23,130.0,33,1002.0,15.8,9.6,6.8,13.102,1004.3,1.4,2.0,1175,Newport
2017-09-23,16.3,28,150.0,37,191.0,16.4,10.6,3.1,13.097,1004.5,1.0,1.4,1175,Newport
2017-09-24,5.8,15,210.0,20,972.0,17.5,8.8,1.7,13.743,1011.6,1.3,1.9,1175,Newport
2017-09-25,7.1,14,140.0,19,1143.0,17.8,7.5,0.2,13.135,1016.2,1.5,2.1,1175,Newport
2017-09-26,16.0,26,160.0,37,612.0,18.0,12.4,0.0,13.635,1011.2,1.7,2.3,1175,Newport
2017-09-27,8.0,17,140.0,25,263.0,14.1,9.2,24.6,13.645,1006.8,0.6,0.9,1175,Newport
2017-09-28,12.1,27,140.0,43,256.0,14.1,7.9,1.9,11.868,1004.7,0.7,1.0,1175,Newport
2017-09-29,15.3,25,200.0,41,970.0,14.5,9.3,7.7,12.238,1002.6,1.5,2.2,1175,Newport
2017-09-30,5.3,14,270.0,27,1177.0,15.9,8.1,2.1,12.015,1005.2,1.5,2.1,1175,Newport
2017-10-01,15.5,23,270.0,35,534.0,15.7,9.8,7.6,12.79,998.2,1.0,1.5,1175,Newport
2017-10-02,16.2,26,270.0,39,1042.0,14.9,10.3,6.0,12.282,1010.7,1.9,2.6,1175,Newport
2017-10-03,11.0,17,270.0,27,715.0,14.7,9.7,0.2,11.688,1021.5,1.8,2.2,1175,Newport
2017-10-04,12.8,23,270.0,34,182.0,14.6,11.0,28.8,12.118,1013.2,0.7,1.0,1175,Newport
2017-10-05,6.1,13,320.0,20,1379.0,15.3,7.0,0.0,12.815,1019.0,1.3,1.8,1175,Newport
2017-10-06,6.3,16,200.0,24,242.0,14.1,6.3,4.9,11.432,1021.3,0.5,0.7,1175,Newport
2017-10-07,6.4,13,270.0,19,343.0,13.8,11.3,1.1,12.557,1016.4,0.8,1.0,1175,Newport
2017-10-08,3.9,10,210.0,15,529.0,14.8,10.4,0.5,13.0,1017.7,0.8,1.1,1175,Newport
2017-10-09,8.5,15,210.0,25,468.0,16.2,10.9,6.9,13.417,1012.0,0.8,1.1,1175,Newport
2017-10-10,13.6,23,200.0,35,371.0,13.6,9.8,11.2,12.6,1002.2,0.7,1.0,1175,Newport
2017-10-11,12.0,22,300.0,35,712.0,13.7,8.4,19.1,12.57,1000.8,0.8,1.2,1175,Newport
2017-10-12,13.0,25,200.0,39,281.0,17.0,9.8,0.9,11.642,1005.5,1.0,1.3,1175,Newport
2017-10-13,11.5,23,200.0,35,267.0,16.1,12.2,5.4,13.778,1006.5,0.6,0.9,1175,Newport
2017-10-14,8.9,20,160.0,31,154.0,16.2,11.2,1.8,13.035,1008.2,0.8,1.0,1175,Newport
2017-10-15,11.0,23,210.0,36,306.0,17.1,9.6,1.8,13.293,1005.3,1.0,1.2,1175,Newport
2017-10-16,16.0,27,10.0,43,215.0,14.9,9.5,25.6,11.695,989.1,1.0,1.3,1175,Newport
2017-10-17,8.3,20,270.0,34,814.0,14.8,6.4,0.2,11.565,1008.1,1.1,1.4,1175,Newport
2017-10-18,8.1,15,130.0,21,311.0,12.9,6.0,4.6,9.86,1003.3,0.6,0.8,1175,Newport
2017-10-19,10.9,26,330.0,38,251.0,12.2,7.8,13.6,11.15,994.3,0.7,1.0,1175,Newport
2017-10-20,11.1,23,120.0,35,242.0,11.8,7.1,6.2,9.48,988.4,0.8,1.0,1175,Newport
2017-10-21,20.6,35,310.0,62,235.0,12.3,8.4,26.2,10.305,989.5,1.2,1.6,1175,Newport
2017-10-22,13.5,28,300.0,50,481.0,14.6,9.0,4.0,9.97,1008.1,1.6,1.9,1175,Newport
2017-10-23,9.9,17,200.0,25,362.0,14.1,9.6,2.6,11.64,1005.9,0.6,0.8,1175,Newport
2017-10-24,9.4,16,200.0,24,270.0,14.5,9.7,7.0,11.387,1004.0,0.7,0.9,1175,Newport
2017-10-25,8.6,16,210.0,26,548.0,14.2,9.4,0.6,11.127,1012.3,0.7,1.0,1175,Newport
2017-10-26,3.9,10,340.0,15,523.0,15.3,7.8,0.0,11.387,1023.8,0.6,0.9,1175,Newport
2017-10-27,4.5,11,230.0,16,815.0,13.8,4.9,0.3,9.81,1031.7,0.4,0.6,1175,Newport
2017-10-28,9.2,17,260.0,26,171.0,14.1,11.8,1.1,11.767,1027.3,0.5,0.7,1175,Newport
2017-10-29,6.3,12,320.0,18,642.0,13.4,6.9,0.5,12.15,1026.1,0.3,0.5,1175,Newport
2017-10-30,8.6,18,200.0,25,193.0,12.8,6.5,0.1,10.035,1024.2,0.5,0.7,1175,Newport
2017-10-31,11.9,19,210.0,27,143.0,14.0,12.5,1.3,11.98,1017.0,0.8,1.0,1175,Newport
2017-11-01,7.5,14,210.0,20,434.0,16.6,10.2,1.1,12.18,1013.7,0.7,0.9,1175,Newport
2017-11-02,2.8,6,330.0,9,273.0,11.4,8.8,0.0,11.16,1013.8,0.6,0.8,1175,Newport
2017-11-03,5.8,16,310.0,23,271.0,12.5,7.7,1.8,10.51,1007.5,0.7,0.8,1175,Newport
2017-11-04,13.8,24,300.0,40,411.0,10.3,5.0,9.7,8.422,1005.3,1.0,1.3,1175,Newport
2017-11-05,9.9,23,320.0,35,516.0,11.0,5.8,3.4,7.371,1014.0,0.9,1.0,1175,Newport
2017-11-06,15.9,23,330.0,35,79.0,13.5,6.6,15.1,9.34,1010.2,0.8,1.1,1175,Newport
2017-11-07,6.3,18,280.0,27,359.0,9.4,3.9,5.5,7.54,1012.8,0.6,0.8,1175,Newport
2017-11-08,6.8,14,220.0,23,105.0,12.1,2.8,10.4,7.241,1019.1,0.4,0.5,1175,Newport
2017-11-09,12.3,26,290.0,38,447.0,13.4,9.9,7.2,9.773,1020.4,0.9,1.1,1175,Newport
2017-11-10,10.6,26,300.0,42,185.0,12.3,7.7,22.4,8.812,1015.2,0.8,1.0,1175,Newport
2017-11-11,6.4,19,270.0,28,133.0,12.3,5.9,8.6,9.472,1011.4,0.4,0.5,1175,Newport
2017-11-12,11.0,22,340.0,34,448.0,9.6,2.8,0.7,7.131,1021.0,0.7,0.9,1175,Newport
2017-11-13,7.4,14,210.0,23,102.0,11.6,2.3,12.2,6.935,1022.0,0.3,0.5,1175,Newport
2017-11-14,4.7,11,330.0,14,183.0,11.6,7.1,9.7,9.733,1018.5,0.3,0.4,1175,Newport
2017-11-15,8.5,19,210.0,28,136.0,11.8,6.7,0.2,8.885,1016.2,0.4,0.6,1175,Newport
2017-11-16,9.7,23,290.0,36,435.0,11.7,3.8,5.3,8.272,1019.1,0.4,0.5,1175,Newport
2017-11-17,3.8,10,290.0,14,180.0,9.5,3.8,1.4,6.99,1024.9,0.4,0.5,1175,Newport
2017-11-18,1.7,4,340.0,5,165.0,9.1,6.6,1.0,7.992,1021.6,0.3,0.4,1175,Newport
2017-11-19,9.6,23,200.0,34,112.0,12.3,6.1,13.5,8.087,1014.4,0.4,0.6,1175,Newport
2017-11-20,8.8,17,250.0,28,121.0,12.6,11.3,16.8,10.45,1006.2,0.4,0.5,1175,Newport
2017-11-21,10.0,17,200.0,25,87.0,12.8,10.9,3.9,11.202,998.3,0.4,0.6,1175,Newport
2017-11-22,11.4,22,350.0,29,144.0,11.4,2.7,8.1,8.527,985.3,0.6,0.7,1175,Newport
2017-11-23,11.4,23,320.0,35,326.0,8.8,3.6,5.0,5.927,990.2,0.8,0.9,1175,Newport
2017-11-24,5.5,20,300.0,29,226.0,7.0,1.8,6.8,4.239,1009.1,0.4,0.5,1175,Newport
2017-11-25,12.3,24,320.0,33,359.0,7.3,2.0,3.3,3.975,1018.7,0.7,0.8,1175,Newport
2017-11-26,10.2,20,280.0,31,78.0,10.4,4.5,13.3,5.658,1018.2,0.5,0.7,1175,Newport
2017-11-27,16.8,24,310.0,38,136.0,8.2,5.1,5.0,6.166,1012.1,0.8,1.0,1175,Newport
2017-11-28,8.0,19,350.0,30,219.0,6.5,3.4,5.9,4.507,1016.3,0.4,0.5,1175,Newport
2017-11-29,5.2,16,350.0,26,337.0,6.1,2.3,3.4,3.701,1020.1,0.1,0.2,1175,Newport
2017-11-30,6.6,18,350.0,27,185.0,8.4,3.7,2.3,3.862,1022.2,0.5,0.6,1175,Newport
2017-12-01,2.8,6,320.0,11,190.0,7.3,3.4,0.8,4.266,1027.5,0.1,0.2,1175,Newport
2017-12-02,5.7,11,310.0,18,181.0,9.6,6.3,2.3,6.061,1028.5,0.2,0.3,1175,Newport
2017-12-03,3.1,8,330.0,11,205.0,9.9,7.0,1.7,6.878,1030.2,0.1,0.2,1175,Newport
2017-12-04,4.5,9,280.0,15,142.0,9.1,6.4,0.5,6.966,1032.5,0.2,0.3,1175,Newport
2017-12-05,13.1,19,200.0,26,146.0,11.1,7.4,0.9,7.653,1026.0,0.6,0.8,1175,Newport
2017-12-06,15.9,29,190.0,41,41.0,14.1,9.5,10.7,9.173,1008.1,0.9,1.2,1175,Newport
2017-12-07,21.3,30,350.0,48,188.0,9.4,2.7,7.6,6.712,1006.8,0.8,1.0,1175,Newport
2017-12-08,13.8,30,300.0,44,242.0,5.9,2.2,3.6,3.642,1019.7,0.9,1.0,1175,Newport
2017-12-09,4.7,16,110.0,23,173.0,5.8,1.7,0.4,3.322,1006.4,0.3,0.4,1175,Newport
2017-12-10,8.7,19,80.0,29,227.0,3.4,-0.5,12.6,2.086,985.4,0.4,0.4,1175,Newport
2017-12-11,7.3,21,350.0,29,175.0,5.5,2.0,6.8,2.285,994.7,0.3,0.4,1175,Newport
2017-12-12,8.2,24,290.0,37,75.0,8.9,2.7,4.4,3.208,998.8,0.5,0.7,1175,Newport
2017-12-13,18.1,35,290.0,52,92.0,8.1,2.5,14.1,4.266,991.5,0.7,1.0,1175,Newport
2017-12-14,17.6,31,300.0,45,92.0,8.1,3.7,13.4,3.826,989.7,1.0,1.4,1175,Newport
2017-12-15,11.0,28,320.0,43,253.0,7.7,2.4,2.4,4.018,1007.6,0.5,0.5,1175,Newport
2017-12-16,4.1,11,280.0,16,175.0,9.4,1.6,5.4,3.948,1018.0,0.1,0.2,1175,Newport
2017-12-17,6.4,16,320.0,25,171.0,10.6,3.2,8.7,6.879,1016.6,0.1,0.1,1175,Newport
2017-12-18,3.5,7,100.0,10,111.0,10.2,2.0,1.1,4.867,1024.2,0.2,0.2,1175,Newport
2017-12-19,10.6,19,210.0,27,66.0,12.6,9.9,3.0,8.388,1025.1,0.4,0.5,1175,Newport
2017-12-20,4.0,11,250.0,18,109.0,11.6,7.8,10.2,8.878,1028.3,0.2,0.2,1175,Newport
2017-12-21,4.7,11,210.0,18,25.0,10.9,9.1,7.8,8.99,1027.9,0.4,0.5,1175,Newport
2017-12-22,6.0,14,240.0,19,121.0,10.5,9.2,1.7,9.372,1030.5,0.1,0.2,1175,Newport
2017-12-23,8.4,14,220.0,25,73.0,11.3,10.0,5.3,9.725,1025.9,0.3,0.4,1175,Newport
2017-12-24,11.8,21,200.0,35,36.0,11.1,8.8,10.8,9.792,1010.5,0.4,0.6,1175,Newport
2017-12-25,6.3,18,320.0,25,106.0,8.9,3.4,8.5,7.439,996.9,0.3,0.3,1175,Newport
2017-12-26,7.0,18,330.0,26,268.0,5.7,2.0,2.6,4.283,990.9,0.2,0.2,1175,Newport
2017-12-27,10.8,24,340.0,34,234.0,6.7,0.9,1.7,3.209,998.4,0.5,0.6,1175,Newport
2017-12-28,6.3,17,110.0,22,130.0,3.2,-0.6,1.6,2.004,995.8,0.2,0.3,1175,Newport
2017-12-29,14.8,31,280.0,45,199.0,7.8,0.7,16.1,3.89,985.7,0.4,0.5,1175,Newport
2017-12-30,9.7,31,200.0,46,165.0,9.8,1.6,4.8,4.189,981.1,0.5,0.6,1175,Newport
2017-12-31,13.6,38,200.0,60,190.0,9.7,4.4,8.2,5.162,978.2,0.7,0.8,1175,Newport
2018-01-01,16.0,33,290.0,51,269.0,9.1,4.1,4.2,4.872,995.7,0.9,1.1,1175,Newport
2018-01-02,13.9,46,260.0,75,48.0,9.5,3.9,16.0,5.307,986.8,0.5,0.7,1175,Newport
2018-01-03,18.7,28,280.0,48,116.0,9.7,5.7,3.0,5.822,988.0,1.1,1.4,1175,Newport
2018-01-04,10.3,26,310.0,40,232.0,8.9,3.9,10.0,5.273,985.2,0.7,0.7,1175,Newport
2018-01-05,5.6,14,230.0,24,154.0,6.9,2.9,1.3,3.777,990.5,0.4,0.5,1175,Newport
2018-01-06,9.4,16,70.0,24,329.0,6.3,2.0,0.5,3.438,1011.6,0.5,0.5,1175,Newport
2018-01-07,5.3,12,100.0,19,317.0,3.1,-1.7,0.0,1.192,1026.3,0.1,0.2,1175,Newport
2018-01-08,9.8,22,120.0,32,271.0,3.5,-2.1,0.0,0.742,1012.4,0.2,0.2,1175,Newport
2018-01-09,13.4,25,130.0,35,39.0,7.5,3.4,9.8,2.81,993.9,0.3,0.5,1175,Newport
2018-01-10,5.2,12,350.0,15,168.0,5.1,2.5,9.8,3.348,1002.3,0.2,0.2,1175,Newport
2018-01-11,6.8,20,120.0,25,232.0,6.6,1.3,0.2,3.265,1015.2,0.2,0.3,1175,Newport
2018-01-12,17.1,25,150.0,37,45.0,8.8,3.6,6.1,4.577,1009.3,0.4,0.7,1175,Newport
2018-01-13,7.6,20,140.0,27,220.0,9.5,4.9,4.2,6.764,1004.9,0.2,0.2,1175,Newport
2018-01-14,12.2,28,200.0,41,57.0,9.9,3.8,9.0,5.984,1002.3,0.3,0.4,1175,Newport
2018-01-15,18.0,30,280.0,45,159.0,9.0,2.8,16.4,6.214,991.2,0.5,0.7,1175,Newport
2018-01-16,24.1,34,280.0,56,131.0,5.1,1.3,16.8,2.769,990.3,1.2,1.8,1175,Newport
2018-01-17,18.9,38,300.0,57,111.0,9.6,3.3,18.1,3.129,993.6,0.8,1.2,1175,Newport
2018-01-18,13.2,24,300.0,36,264.0,6.4,0.8,13.4,3.6,997.3,0.4,0.5,1175,Newport
2018-01-19,12.1,21,280.0,38,249.0,6.6,1.2,9.2,2.455,1001.4,0.7,0.8,1175,Newport
2018-01-20,6.4,14,70.0,22,125.0,4.1,2.7,6.7,3.308,999.5,0.3,0.4,1175,Newport
2018-01-21,11.6,22,270.0,32,66.0,10.5,2.9,26.5,5.349,1001.1,0.3,0.5,1175,Newport
2018-01-22,8.8,20,200.0,30,159.0,11.0,6.8,0.5,6.12,1004.9,0.8,0.9,1175,Newport
2018-01-23,15.0,38,200.0,59,250.0,12.2,5.9,17.0,7.587,992.1,0.6,0.8,1175,Newport
2018-01-24,13.8,30,210.0,48,346.0,10.4,4.3,15.6,6.346,986.3,0.4,0.5,1175,Newport
2018-01-25,13.6,24,200.0,35,225.0,9.1,5.0,5.5,5.047,1000.5,0.9,1.2,1175,Newport
2018-01-26,5.5,15,200.0,21,125.0,9.3,3.9,4.1,4.261,1015.9,0.3,0.4,1175,Newport
2018-01-27,12.9,24,270.0,36,305.0,11.8,8.3,12.3,7.69,1015.1,0.6,0.8,1175,Newport
2018-01-28,12.3,20,220.0,33,75.0,10.7,9.1,8.0,8.535,1019.2,0.4,0.6,1175,Newport
2018-01-29,9.6,20,300.0,28,466.0,10.1,4.0,6.5,7.267,1022.6,0.4,0.5,1175,Newport
2018-01-30,11.4,22,260.0,39,164.0,8.3,5.3,9.0,5.998,1015.5,0.5,0.7,1175,Newport
2018-01-31,23.7,39,300.0,54,259.0,8.0,2.2,14.9,4.407,1000.4,1.2,1.8,1175,Newport
2018-02-01,13.5,24,350.0,40,474.0,7.4,3.7,3.4,4.365,1011.1,1.0,1.2,1175,Newport
2018-02-02,5.8,18,310.0,27,198.0,7.1,1.9,3.5,3.381,1013.1,0.5,0.7,1175,Newport
2018-02-03,13.6,22,300.0,33,421.0,7.0,3.6,4.2,4.195,1014.3,0.9,1.1,1175,Newport
2018-02-04,5.8,9,0.0,14,615.0,9.5,0.6,0.2,3.733,1026.0,0.4,0.6,1175,Newport
2018-02-05,6.9,25,340.0,33,212.0,6.1,-0.5,4.3,2.734,1024.8,0.4,0.6,1175,Newport
2018-02-06,11.0,25,330.0,35,529.0,5.2,0.4,5.2,2.484,1023.3,0.7,0.9,1175,Newport
2018-02-07,5.2,13,190.0,20,128.0,8.4,1.3,8.7,3.027,1017.1,0.3,0.5,1175,Newport
2018-02-08,8.2,27,290.0,40,295.0,8.0,2.2,8.6,5.238,1005.2,0.4,0.6,1175,Newport
2018-02-09,13.1,25,290.0,39,437.0,6.6,1.6,7.2,3.305,1008.4,0.8,1.1,1175,Newport
2018-02-10,13.1,25,280.0,35,299.0,10.2,2.5,43.1,5.82,996.5,0.4,0.7,1175,Newport
2018-02-11,18.1,28,280.0,45,397.0,4.3,0.6,12.2,2.445,1004.5,0.9,1.4,1175,Newport
2018-02-12,12.3,25,160.0,36,499.0,6.7,0.8,13.2,2.583,997.5,0.6,0.9,1175,Newport
2018-02-13,10.5,24,330.0,37,631.0,6.8,0.7,4.4,3.33,992.5,0.7,1.0,1175,Newport
2018-02-14,15.7,30,150.0,43,532.0,9.4,3.0,5.4,4.659,984.3,0.9,1.3,1175,Newport
2018-02-15,13.2,27,250.0,44,514.0,6.8,1.7,5.0,3.141,999.5,1.0,1.4,1175,Newport
2018-02-16,7.9,18,150.0,24,167.0,6.3,3.2,8.9,3.366,1010.3,0.5,0.7,1175,Newport
2018-02-17,3.9,10,290.0,17,833.0,10.6,2.9,2.6,4.882,1012.8,0.6,0.8,1175,Newport
2018-02-18,7.0,13,100.0,19,106.0,9.9,4.2,12.8,5.751,1012.9,0.5,0.6,1175,Newport
2018-02-19,6.4,16,300.0,23,233.0,10.0,6.9,1.5,7.318,1018.4,0.7,0.9,1175,Newport
2018-02-20,4.5,16,280.0,22,558.0,10.2,1.5,0.7,5.497,1025.7,0.7,1.0,1175,Newport
2018-02-21,5.7,10,140.0,15,914.0,10.5,0.4,0.0,4.566,1024.0,0.8,1.1,1175,Newport
2018-02-22,13.2,20,150.0,27,472.0,8.4,4.7,0.0,5.487,1016.0,1.2,1.6,1175,Newport
2018-02-23,15.7,23,150.0,34,311.0,7.2,3.9,0.0,4.831,1010.5,1.2,1.7,1175,Newport
2018-02-24,13.7,20,150.0,28,356.0,5.6,0.7,0.0,4.039,1013.5,0.9,1.3,1175,Newport
2018-02-25,10.2,18,140.0,27,635.0,7.4,-0.2,0.0,2.62,1021.6,1.2,1.6,1175,Newport
2018-02-26,12.8,20,110.0,28,887.0,5.1,-0.8,0.0,2.435,1027.6,1.2,1.8,1175,Newport
2018-02-27,8.2,17,20.0,28,920.0,6.3,-0.8,0.0,2.154,1026.7,1.3,1.7,1175,Newport
2018-02-28,11.6,19,60.0,34,817.0,2.1,-3.5,0.5,0.884,1018.6,1.1,1.6,1175,Newport
2018-03-01,13.9,18,60.0,37,759.0,1.3,-3.6,0.0,0.55,1006.0,1.2,1.8,1175,Newport
2018-03-02,13.6,20,30.0,38,322.0,2.1,-0.5,4.6,0.52,993.7,0.9,1.3,1175,Newport
2018-03-03,11.7,18,80.0,27,385.0,2.3,-0.1,2.6,0.584,989.5,0.7,1.1,1175,Newport
2018-03-04,9.3,13,70.0,22,236.0,3.3,1.3,0.0,1.279,985.5,0.6,0.9,1175,Newport
2018-03-05,5.7,12,350.0,15,448.0,6.0,2.7,0.0,3.501,982.3,0.7,0.9,1175,Newport
2018-03-06,4.8,13,280.0,18,703.0,9.3,2.8,0.9,4.905,982.8,0.9,1.2,1175,Newport
2018-03-07,8.3,17,270.0,29,1225.0,10.2,2.5,6.2,5.697,985.6,1.3,1.9,1175,Newport
2018-03-08,6.5,16,310.0,26,862.0,8.6,0.2,1.9,4.89,991.5,0.9,1.3,1175,Newport
2018-03-09,6.1,11,60.0,19,813.0,7.9,-1.4,0.3,3.613,992.8,0.9,1.3,1175,Newport
2018-03-10,9.4,16,200.0,27,231.0,9.7,4.7,3.8,5.347,982.8,0.7,0.9,1175,Newport
2018-03-11,6.9,14,110.0,21,449.0,10.9,4.8,0.0,6.021,985.8,0.9,1.2,1175,Newport
2018-03-12,6.7,19,280.0,28,717.0,11.3,1.7,1.9,5.401,993.7,1.2,1.6,1175,Newport
2018-03-13,11.3,23,130.0,31,982.0,11.0,2.5,1.1,6.082,995.1,1.3,1.9,1175,Newport
2018-03-14,18.5,27,120.0,40,177.0,10.4,8.4,8.8,7.816,980.1,0.8,1.3,1175,Newport
2018-03-15,11.0,21,130.0,31,621.0,13.0,7.3,13.4,8.366,978.3,1.4,1.9,1175,Newport
2018-03-16,8.8,15,110.0,22,1149.0,12.7,5.1,0.7,8.747,991.8,1.5,2.1,1175,Newport
2018-03-17,13.5,25,100.0,36,655.0,8.0,-0.8,0.0,6.191,1008.1,1.2,1.7,1175,Newport
2018-03-18,10.8,15,70.0,29,1105.0,5.2,-1.1,0.0,3.167,1016.4,1.8,2.6,1175,Newport
2018-03-19,7.8,13,30.0,22,1123.0,8.0,0.5,0.0,3.698,1023.1,1.7,2.4,1175,Newport
2018-03-20,4.4,9,250.0,13,1618.0,11.1,-2.0,0.0,4.359,1030.3,1.6,2.3,1175,Newport
2018-03-21,7.2,15,240.0,24,646.0,11.4,4.2,0.0,6.31,1025.5,1.3,1.7,1175,Newport
2018-03-22,11.1,18,200.0,25,186.0,9.9,7.2,5.5,6.825,1004.6,0.8,1.1,1175,Newport
2018-03-23,8.1,32,310.0,45,874.0,10.4,4.2,7.2,7.469,992.9,1.1,1.6,1175,Newport
2018-03-24,5.0,12,220.0,18,1691.0,12.2,0.8,0.0,7.231,1002.5,1.6,2.4,1175,Newport
2018-03-25,4.1,12,240.0,19,1130.0,12.4,1.5,0.8,6.967,1010.4,1.4,1.9,1175,Newport
2018-03-26,8.4,16,240.0,26,327.0,10.0,1.7,12.8,6.367,1006.2,0.5,0.8,1175,Newport
2018-03-27,13.1,23,270.0,33,885.0,9.7,3.4,5.3,7.602,1001.6,0.8,1.5,1175,Newport
2018-03-28,6.3,18,240.0,26,1397.0,9.9,1.7,3.5,7.034,998.9,1.5,2.2,1175,Newport
2018-03-29,7.6,11,80.0,18,859.0,9.8,1.7,1.4,6.15,992.7,1.4,2.0,1175,Newport
2018-03-30,11.3,20,30.0,32,1388.0,8.0,3.4,2.9,6.822,997.8,1.7,2.6,1175,Newport
2018-03-31,7.8,16,350.0,22,1306.0,9.8,2.5,0.6,6.329,1005.5,1.6,2.4,1175,Newport
2018-04-01,10.8,16,80.0,27,1100.0,8.9,2.6,0.0,5.797,1004.6,1.8,2.6,1175,Newport
2018-04-02,9.5,17,60.0,28,381.0,4.6,3.2,3.9,5.149,992.0,0.9,1.3,1175,Newport
2018-04-03,13.1,20,0.0,26,390.0,6.2,3.6,8.4,5.578,984.8,0.6,1.0,1175,Newport
2018-04-04,11.7,21,350.0,33,1768.0,7.8,0.3,2.2,6.376,997.8,1.7,2.8,1175,Newport
2018-04-05,12.4,23,130.0,33,842.0,9.2,-1.0,4.2,4.941,1002.8,0.9,1.6,1175,Newport
2018-04-06,15.2,28,180.0,43,328.0,11.1,7.5,21.1,7.657,991.9,1.0,1.5,1175,Newport
2018-04-07,4.0,10,350.0,15,1806.0,15.7,5.2,1.0,10.203,1000.7,2.1,2.9,1175,Newport
2018-04-08,4.5,8,150.0,12,1300.0,15.8,4.4,0.7,10.685,1005.4,1.8,2.5,1175,Newport
2018-04-09,6.4,16,180.0,23,957.0,13.2,5.8,1.3,10.38,1001.1,1.5,2.1,1175,Newport
2018-04-10,8.6,14,350.0,21,596.0,11.3,7.2,0.0,9.108,1002.6,1.3,1.8,1175,Newport
2018-04-11,5.3,9,110.0,14,542.0,11.9,7.0,0.0,9.365,1006.4,1.2,1.6,1175,Newport
2018-04-12,7.0,13,100.0,21,524.0,11.6,7.9,0.0,9.532,1003.3,1.3,1.7,1175,Newport
2018-04-13,3.9,10,240.0,14,1425.0,15.2,4.3,0.0,10.918,1004.1,1.9,2.7,1175,Newport
2018-04-14,13.4,24,140.0,34,1328.0,15.0,7.5,1.8,11.385,1003.1,2.2,3.3,1175,Newport
2018-04-15,16.8,25,130.0,36,896.0,14.2,8.9,4.6,11.19,994.4,1.7,2.6,1175,Newport
2018-04-16,19.7,28,140.0,43,369.0,10.6,7.5,10.9,9.667,991.8,1.1,1.7,1175,Newport
2018-04-17,18.1,26,190.0,39,1104.0,16.0,9.6,2.7,10.892,996.7,2.4,3.6,1175,Newport
2018-04-18,14.8,31,160.0,44,333.0,16.2,10.6,1.3,10.965,1008.9,1.7,2.2,1175,Newport
2018-04-19,9.4,15,220.0,25,2134.0,17.0,8.9,0.3,12.815,1016.3,2.9,4.3,1175,Newport
2018-04-20,8.6,15,210.0,23,2174.0,15.8,6.7,0.0,13.033,1021.1,2.6,3.9,1175,Newport
2018-04-21,6.5,14,190.0,18,1111.0,15.0,5.1,7.8,11.44,1012.3,1.8,2.5,1175,Newport
2018-04-22,10.5,19,200.0,29,1425.0,13.5,7.7,2.6,11.557,1005.4,1.8,2.9,1175,Newport
2018-04-23,11.5,22,250.0,33,778.0,12.6,8.3,2.6,10.845,1006.6,1.4,2.1,1175,Newport
2018-04-24,8.5,14,220.0,23,877.0,12.0,7.7,1.9,10.385,1006.4,1.4,2.1,1175,Newport
2018-04-25,12.2,21,260.0,33,1783.0,13.0,6.5,3.7,10.797,1005.8,2.4,3.7,1175,Newport
2018-04-26,9.3,19,280.0,30,1197.0,12.4,4.0,4.1,9.71,1009.8,1.9,2.7,1175,Newport
2018-04-27,6.0,14,350.0,20,1891.0,11.6,2.2,0.9,9.933,1008.7,2.2,3.2,1175,Newport
2018-04-28,4.7,9,300.0,14,1319.0,12.7,1.9,6.1,9.138,1011.5,1.7,2.5,1175,Newport
2018-04-29,5.4,11,0.0,16,1377.0,13.2,2.2,0.1,9.241,1013.9,1.9,2.7,1175,Newport
2018-04-30,6.9,14,200.0,20,2654.0,14.9,2.7,0.1,11.078,1009.6,3.0,4.5,1175,Newport
2018-05-01,11.3,18,150.0,25,460.0,11.6,7.4,12.7,10.278,997.4,1.1,1.6,1175,Newport
2018-05-02,11.1,20,310.0,32,1330.0,12.0,5.6,1.5,9.477,1002.9,2.2,3.3,1175,Newport
2018-05-03,10.1,19,200.0,27,901.0,13.7,8.0,3.5,10.682,1011.5,1.4,2.2,1175,Newport
2018-05-04,8.0,15,240.0,24,905.0,15.0,9.1,2.7,12.062,1016.8,1.4,2.1,1175,Newport
2018-05-05,10.7,19,210.0,27,1866.0,17.8,10.4,0.1,13.227,1019.3,2.9,4.2,1175,Newport
2018-05-06,7.1,17,230.0,25,1852.0,18.2,10.4,0.0,14.845,1018.4,2.8,3.9,1175,Newport
2018-05-07,8.0,15,220.0,23,2088.0,18.0,10.4,0.1,15.072,1010.7,3.0,4.3,1175,Newport
2018-05-08,10.6,16,210.0,25,1739.0,15.1,8.9,3.0,14.512,1004.8,2.3,3.6,1175,Newport
2018-05-09,13.5,22,210.0,33,1554.0,13.9,6.0,4.6,12.65,999.7,2.1,3.5,1175,Newport
2018-05-10,11.8,23,150.0,35,2216.0,14.2,5.1,1.9,12.21,1005.9,2.9,4.5,1175,Newport
2018-05-11,14.0,26,150.0,36,1751.0,13.0,6.0,5.5,11.913,1000.4,2.4,3.8,1175,Newport
2018-05-12,9.2,14,210.0,24,2204.0,15.4,4.1,0.0,11.913,1007.8,3.0,4.5,1175,Newport
2018-05-13,9.5,13,210.0,21,1959.0,15.8,7.4,4.0,13.218,1011.0,2.7,4.1,1175,Newport
2018-05-14,6.9,11,150.0,17,1700.0,17.0,9.6,0.5,14.53,1016.6,2.5,3.6,1175,Newport
2018-05-15,7.7,16,330.0,23,1321.0,13.1,5.8,2.9,13.54,1024.1,1.7,2.6,1175,Newport
2018-05-16,8.7,18,310.0,26,2727.0,13.5,5.5,0.0,12.762,1029.6,3.3,5.0,1175,Newport
2018-05-17,5.0,11,140.0,19,2568.0,18.8,4.9,0.0,14.62,1025.1,3.6,4.9,1175,Newport
2018-05-18,8.3,13,240.0,22,1684.0,17.5,9.9,0.0,15.163,1020.6,2.7,3.9,1175,Newport
2018-05-19,8.4,17,160.0,23,1642.0,17.6,9.6,1.6,15.48,1015.5,2.7,3.8,1175,Newport
2018-05-20,7.6,15,350.0,20,431.0,14.6,10.4,12.8,14.477,1012.1,0.9,1.2,1175,Newport
2018-05-21,11.8,17,0.0,26,2099.0,12.9,6.3,8.9,13.67,1017.8,2.4,4.0,1175,Newport
2018-05-22,7.2,12,350.0,21,2820.0,16.9,6.0,0.0,14.335,1021.2,3.6,5.3,1175,Newport
2018-05-23,4.5,8,130.0,13,2807.0,22.1,6.6,0.0,17.142,1020.9,4.0,5.5,1175,Newport
2018-05-24,7.0,15,350.0,21,2837.0,20.8,9.6,0.0,18.65,1020.7,4.2,5.9,1175,Newport
2018-05-25,15.7,21,340.0,30,2143.0,15.8,11.2,0.0,17.103,1023.2,3.0,4.9,1175,Newport
2018-05-26,9.1,17,320.0,23,2094.0,22.2,11.2,0.0,18.195,1021.0,3.8,5.2,1175,Newport
2018-05-27,8.3,16,70.0,25,1973.0,23.6,15.6,0.0,19.538,1015.0,4.3,5.5,1175,Newport
2018-05-28,5.5,10,20.0,14,2330.0,23.5,13.9,0.0,20.62,1017.4,3.9,5.2,1175,Newport
2018-05-29,5.1,10,20.0,14,2392.0,26.1,13.1,0.0,21.56,1016.8,4.3,5.6,1175,Newport
2018-05-30,7.2,14,330.0,20,2791.0,23.5,13.9,0.0,22.308,1012.6,4.6,6.3,1175,Newport
2018-05-31,4.5,9,10.0,13,1262.0,23.4,14.2,4.1,20.56,1011.7,2.6,3.4,1175,Newport
2018-06-01,5.8,11,220.0,16,2230.0,21.5,13.0,0.0,20.368,1013.8,3.6,4.9,1175,Newport
2018-06-02,6.6,12,340.0,17,1120.0,19.8,13.2,0.0,19.443,1014.6,2.1,2.8,1175,Newport
2018-06-03,5.7,11,350.0,15,1375.0,22.0,12.8,0.0,19.783,1016.1,2.5,3.4,1175,Newport
2018-06-04,6.6,12,10.0,17,1574.0,22.1,11.9,0.1,19.75,1016.3,2.6,3.6,1175,Newport
2018-06-05,6.4,11,0.0,16,1603.0,22.2,12.9,0.0,20.01,1015.6,2.8,3.8,1175,Newport
2018-06-06,6.0,12,220.0,16,2934.0,25.1,12.3,0.0,22.022,1013.9,4.7,6.4,1175,Newport
2018-06-07,6.3,15,350.0,20,2609.0,25.7,12.6,0.0,22.667,1015.3,4.6,6.1,1175,Newport
2018-06-08,8.7,14,0.0,19,2221.0,21.8,12.6,0.0,21.847,1015.1,3.7,5.2,1175,Newport
2018-06-09,6.7,11,0.0,16,2188.0,21.5,12.3,0.0,21.845,1014.2,3.8,5.1,1175,Newport
2018-06-10,7.6,12,0.0,17,974.0,16.7,12.4,0.0,19.32,1014.9,2.2,2.9,1175,Newport
2018-06-11,7.5,14,350.0,19,1151.0,17.3,11.6,0.0,18.035,1017.5,2.2,3.0,1175,Newport
2018-06-12,6.0,11,340.0,16,1438.0,16.6,10.3,0.0,18.312,1018.4,2.5,3.4,1175,Newport
2018-06-13,12.4,32,200.0,52,287.0,16.6,9.5,10.3,15.997,1003.2,1.0,1.4,1175,Newport
2018-06-14,17.3,33,200.0,51,2087.0,17.8,9.5,3.1,16.217,999.1,3.0,5.0,1175,Newport
2018-06-15,9.4,17,150.0,22,1365.0,15.8,9.0,7.4,15.062,1007.1,2.2,3.3,1175,Newport
2018-06-16,9.9,15,250.0,26,1527.0,16.1,10.0,5.4,15.545,1005.4,2.3,3.5,1175,Newport
2018-06-17,9.2,15,230.0,23,551.0,13.8,10.2,4.4,14.575,1007.6,1.0,1.5,1175,Newport
2018-06-18,10.0,17,240.0,26,1491.0,16.4,9.1,0.2,14.842,1014.1,2.3,3.5,1175,Newport
2018-06-19,7.9,17,210.0,26,417.0,15.3,9.4,33.2,13.92,1012.8,1.1,1.5,1175,Newport
2018-06-20,12.0,22,340.0,31,1735.0,15.9,9.4,1.8,15.448,1016.9,2.2,3.7,1175,Newport
2018-06-21,7.7,12,310.0,18,2319.0,15.6,7.8,0.0,15.36,1029.6,3.3,4.8,1175,Newport
2018-06-22,5.3,10,200.0,15,3072.0,19.0,6.3,0.0,17.128,1031.7,4.0,5.7,1175,Newport
2018-06-23,4.8,9,240.0,14,3054.0,20.9,7.3,0.0,18.438,1027.2,4.5,6.1,1175,Newport
2018-06-24,4.4,9,230.0,13,3152.0,24.1,7.2,0.0,19.753,1023.2,5.0,6.7,1175,Newport
2018-06-25,4.3,10,350.0,15,2933.0,26.6,8.7,0.0,20.805,1023.8,5.1,6.7,1175,Newport
2018-06-26,5.1,10,340.0,15,2733.0,27.1,13.8,0.0,22.517,1021.8,5.1,6.7,1175,Newport
2018-06-27,6.1,15,340.0,21,2879.0,29.8,14.7,0.0,23.923,1022.4,5.6,7.2,1175,Newport
2018-06-28,7.5,16,330.0,23,2997.0,29.8,14.7,0.0,24.675,1023.4,6.0,7.7,1175,Newport
2018-06-29,6.5,12,10.0,17,2995.0,29.6,16.0,0.0,25.69,1019.8,6.0,7.7,1175,Newport
2018-06-30,9.2,15,330.0,23,2838.0,26.4,14.6,0.0,25.485,1014.0,5.4,7.2,1175,Newport
2018-07-01,13.3,17,0.0,25,1805.0,16.2,12.3,0.0,22.483,1017.5,2.6,4.1,1175,Newport
2018-07-02,13.5,17,0.0,25,3118.0,19.0,12.5,0.0,21.73,1019.7,4.4,6.9,1175,Newport
2018-07-03,6.8,13,10.0,19,2823.0,26.3,12.5,0.0,23.745,1016.5,5.2,6.8,1175,Newport
2018-07-04,6.3,14,200.0,19,2947.0,22.9,13.4,0.0,24.52,1012.8,4.7,6.4,1175,Newport
2018-07-05,5.9,11,0.0,16,1824.0,21.7,12.5,0.2,23.158,1016.2,3.4,4.5,1175,Newport
2018-07-06,5.8,13,240.0,20,2631.0,24.3,12.4,0.0,24.028,1019.3,4.5,6.0,1175,Newport
2018-07-07,5.9,11,250.0,18,878.0,20.9,15.1,0.1,22.327,1022.1,2.0,2.6,1175,Newport
2018-07-08,5.7,12,220.0,19,2130.0,23.6,15.7,0.1,23.452,1025.9,3.7,4.9,1175,Newport
2018-07-09,7.9,12,10.0,18,2244.0,20.0,11.5,0.0,23.535,1027.6,3.4,4.8,1175,Newport
2018-07-10,5.8,12,10.0,17,996.0,19.5,10.6,0.2,20.81,1024.8,2.0,2.6,1175,Newport
2018-07-11,9.1,14,350.0,20,1728.0,19.6,13.6,1.3,20.57,1022.4,2.9,4.1,1175,Newport
2018-07-12,5.2,10,350.0,15,954.0,17.8,11.7,0.0,19.318,1022.3,1.9,2.5,1175,Newport
2018-07-13,3.8,8,230.0,13,1802.0,21.1,12.4,0.0,20.995,1019.7,3.1,4.1,1175,Newport
2018-07-14,8.0,14,220.0,21,438.0,18.4,12.7,5.8,19.248,1013.9,1.1,1.5,1175,Newport
2018-07-15,6.5,13,200.0,21,830.0,19.1,12.3,6.9,18.75,1009.2,1.5,2.1,1175,Newport
2018-07-16,6.0,13,210.0,20,1892.0,19.0,10.5,0.3,18.647,1010.7,2.9,4.0,1175,Newport
2018-07-17,4.3,11,230.0,16,1776.0,19.9,10.7,0.7,18.878,1011.8,2.8,3.8,1175,Newport
2018-07-18,3.8,9,270.0,17,2010.0,21.4,10.4,0.0,19.03,1015.6,3.4,4.4,1175,Newport
2018-07-19,6.3,12,210.0,19,1453.0,20.0,10.3,0.9,18.657,1015.9,2.5,3.4,1175,Newport
2018-07-20,8.2,13,340.0,20,1271.0,18.3,13.1,4.8,18.487,1012.4,2.1,3.0,1175,Newport
2018-07-21,6.8,13,230.0,19,1353.0,19.8,12.6,0.1,18.14,1014.3,2.3,3.2,1175,Newport
2018-07-22,6.9,13,240.0,19,1883.0,21.8,15.4,0.8,20.108,1013.3,3.0,4.2,1175,Newport
2018-07-23,6.0,11,210.0,18,1415.0,20.0,13.1,1.6,20.248,1011.2,2.3,3.2,1175,Newport
2018-07-24,6.3,13,210.0,20,1826.0,19.3,10.6,0.0,19.0,1011.3,3.0,4.1,1175,Newport
2018-07-25,8.5,16,200.0,21,1561.0,22.3,12.0,0.4,18.747,1009.8,2.9,4.0,1175,Newport
2018-07-26,9.5,17,140.0,26,515.0,19.1,14.1,2.9,18.295,1005.0,1.3,1.7,1175,Newport
2018-07-27,7.3,17,170.0,25,1035.0,20.1,11.6,11.2,17.27,999.5,2.2,2.9,1175,Newport
2018-07-28,8.3,16,260.0,25,1615.0,18.8,10.6,0.4,16.69,995.2,2.8,3.9,1175,Newport
2018-07-29,6.2,13,200.0,18,1907.0,18.5,9.7,0.8,16.737,994.1,2.9,4.1,1175,Newport
2018-07-30,9.2,15,190.0,24,2280.0,18.4,10.9,7.2,17.382,999.5,3.2,4.8,1175,Newport
2018-07-31,13.6,24,200.0,35,508.0,14.8,11.1,11.9,15.323,1004.4,1.2,1.8,1175,Newport
2018-08-01,8.6,15,120.0,22,320.0,17.1,12.4,19.8,15.398,1008.7,0.7,1.0,1175,Newport
2018-08-02,6.8,12,220.0,20,718.0,19.9,15.6,1.9,17.362,1014.4,1.4,1.9,1175,Newport
2018-08-03,5.2,10,190.0,13,1181.0,20.5,14.6,0.1,18.415,1020.4,2.2,2.9,1175,Newport
2018-08-04,5.1,10,290.0,15,1600.0,19.7,11.4,0.2,18.228,1023.7,2.6,3.5,1175,Newport
2018-08-05,7.1,15,220.0,22,1097.0,18.4,12.2,0.0,17.243,1018.3,2.0,2.7,1175,Newport
2018-08-06,7.6,12,210.0,19,1839.0,20.1,12.4,2.3,18.872,1010.8,2.7,3.9,1175,Newport
2018-08-07,8.5,18,210.0,26,1580.0,18.0,11.5,1.7,17.405,1005.5,2.5,3.6,1175,Newport
2018-08-08,9.4,16,290.0,24,2190.0,18.5,10.2,1.8,16.908,1006.1,3.3,4.7,1175,Newport
2018-08-09,6.2,14,240.0,23,2039.0,18.2,9.9,5.1,16.93,1010.0,2.9,4.1,1175,Newport
2018-08-10,5.5,12,260.0,19,1891.0,18.8,8.1,0.8,16.35,1014.8,2.9,4.0,1175,Newport
2018-08-11,8.2,18,130.0,23,687.0,19.7,7.7,3.9,15.355,1010.1,1.2,1.7,1175,Newport
2018-08-12,3.9,8,340.0,12,1472.0,22.1,11.6,0.0,17.735,1003.8,2.5,3.3,1175,Newport
2018-08-13,5.6,12,250.0,16,1028.0,19.5,13.4,0.5,17.882,1007.8,1.9,2.6,1175,Newport
2018-08-14,11.6,16,210.0,25,251.0,16.3,14.5,20.0,16.718,1009.6,0.6,1.0,1175,Newport
2018-08-15,10.5,17,200.0,27,688.0,18.8,11.1,4.1,16.013,1006.0,1.5,2.1,1175,Newport
2018-08-16,10.7,18,280.0,27,1394.0,17.5,11.1,5.3,15.375,1008.4,2.1,3.1,1175,Newport
2018-08-17,11.1,19,240.0,29,178.0,15.5,11.7,37.0,14.66,1011.4,0.6,0.9,1175,Newport
2018-08-18,8.3,14,120.0,23,241.0,17.4,15.1,19.3,15.785,1008.7,0.6,0.9,1175,Newport
2018-08-19,4.6,8,200.0,13,967.0,19.9,14.5,0.5,17.622,1011.0,1.6,2.2,1175,Newport
2018-08-20,5.6,10,210.0,15,1711.0,21.8,14.8,1.2,19.278,1015.5,2.7,3.6,1175,Newport
2018-08-21,8.8,17,190.0,26,660.0,20.0,14.4,7.0,18.083,1012.6,1.4,2.0,1175,Newport
2018-08-22,8.1,15,330.0,21,1248.0,17.7,12.4,8.2,17.302,1011.9,1.9,2.7,1175,Newport
2018-08-23,11.8,20,220.0,34,1350.0,15.6,10.7,14.4,15.582,1010.5,2.0,3.0,1175,Newport
2018-08-24,11.5,18,210.0,29,1366.0,15.1,9.1,2.9,14.055,1012.3,2.1,3.2,1175,Newport
2018-08-25,4.5,10,100.0,15,1694.0,19.1,9.8,1.0,15.1,1010.6,2.6,3.5,1175,Newport
2018-08-26,12.7,21,230.0,31,680.0,16.0,10.4,13.1,14.668,1000.7,1.0,1.6,1175,Newport
2018-08-27,11.0,17,260.0,27,1052.0,16.5,12.4,2.0,15.017,1006.3,1.9,2.7,1175,Newport
2018-08-28,10.1,18,150.0,28,403.0,15.9,10.0,2.2,14.3,1009.6,1.1,1.5,1175,Newport
2018-08-29,7.2,14,240.0,19,1272.0,17.7,9.9,0.0,14.015,1015.9,2.3,3.1,1175,Newport
2018-08-30,5.6,10,100.0,16,1500.0,19.1,9.6,0.8,15.493,1019.3,2.4,3.2,1175,Newport
2018-08-31,9.5,16,30.0,25,626.0,18.3,10.6,2.0,14.76,1015.2,1.4,1.9,1175,Newport
2018-09-01,4.6,8,190.0,13,890.0,20.0,13.5,1.0,16.265,1016.8,1.5,2.0,1175,Newport
2018-09-02,8.1,17,60.0,24,634.0,18.5,9.3,2.0,15.842,1017.9,1.2,1.7,1175,Newport
2018-09-03,4.3,11,280.0,16,1182.0,17.1,7.1,0.0,13.615,1024.0,1.8,2.5,1175,Newport
2018-09-04,3.7,9,200.0,14,921.0,16.8,10.7,0.2,14.318,1023.9,1.6,2.2,1175,Newport
2018-09-05,6.0,12,140.0,17,529.0,16.7,11.8,8.3,14.917,1021.2,1.1,1.4,1175,Newport
2018-09-06,5.4,10,170.0,15,557.0,13.6,9.2,4.9,14.288,1017.5,0.9,1.3,1175,Newport
2018-09-07,4.5,10,120.0,16,635.0,14.8,7.9,2.9,13.26,1012.8,1.1,1.4,1175,Newport
2018-09-08,4.7,11,120.0,18,354.0,15.1,11.1,17.0,14.193,1006.8,0.7,1.0,1175,Newport
2018-09-09,12.5,21,150.0,32,1284.0,16.6,11.3,3.2,14.542,1009.5,2.0,2.9,1175,Newport
2018-09-10,9.9,17,150.0,27,214.0,16.0,11.3,13.2,13.488,1010.0,0.8,1.0,1175,Newport
2018-09-11,10.2,18,190.0,29,978.0,16.5,9.7,0.7,13.5,1013.5,1.7,2.4,1175,Newport
2018-09-12,7.9,15,170.0,24,1425.0,17.0,8.8,3.0,13.69,1019.4,2.0,2.8,1175,Newport
2018-09-13,9.2,17,150.0,26,515.0,14.6,10.4,6.2,13.363,1016.0,1.1,1.5,1175,Newport
2018-09-14,7.8,16,150.0,25,598.0,15.9,10.4,6.1,13.347,1014.3,1.2,1.6,1175,Newport
2018-09-15,10.7,27,120.0,41,481.0,16.4,11.7,4.6,13.628,1008.8,0.9,1.3,1175,Newport
2018-09-16,9.7,19,130.0,33,788.0,15.9,12.1,0.5,14.09,1006.2,1.4,2.0,1175,Newport
2018-09-17,12.1,23,90.0,33,202.0,17.9,11.0,28.8,13.938,1000.0,0.8,1.1,1175,Newport
2018-09-18,13.4,29,170.0,47,1039.0,17.2,10.2,5.0,14.257,994.0,1.5,2.3,1175,Newport
2018-09-19,18.5,41,170.0,67,1130.0,14.5,8.6,18.8,12.688,991.3,1.6,2.6,1175,Newport
2018-09-20,5.0,17,260.0,28,598.0,13.5,7.3,4.7,11.58,1000.0,1.1,1.5,1175,Newport
2018-09-21,12.4,26,270.0,41,1030.0,15.9,6.9,3.7,11.298,1005.7,2.0,2.7,1175,Newport
2018-09-22,4.3,11,310.0,15,935.0,14.2,7.4,0.0,11.465,1015.0,1.4,1.9,1175,Newport
2018-09-23,7.9,21,290.0,30,1558.0,12.8,5.9,0.5,10.95,1026.0,1.7,2.5,1175,Newport
2018-09-24,4.7,11,190.0,18,1254.0,16.0,4.7,0.8,10.97,1034.2,1.5,2.1,1175,Newport
2018-09-25,11.0,17,200.0,29,97.0,15.1,8.4,5.6,11.445,1027.1,0.7,0.9,1175,Newport
2018-09-26,6.6,11,220.0,20,117.0,15.3,12.5,4.0,13.483,1024.8,0.5,0.7,1175,Newport
2018-09-27,8.1,16,350.0,23,533.0,13.8,7.9,1.2,12.677,1026.5,0.8,1.2,1175,Newport
2018-09-28,3.7,6,340.0,10,965.0,14.1,5.1,0.0,11.208,1032.1,1.2,1.7,1175,Newport
2018-09-29,7.2,16,320.0,24,508.0,13.3,4.2,1.0,10.345,1024.7,0.7,1.0,1175,Newport
2018-09-30,9.9,16,300.0,25,668.0,13.7,8.1,0.4,10.885,1023.2,1.6,2.1,1175,Newport
2018-10-01,9.1,17,260.0,29,460.0,15.4,8.7,10.3,11.135,1023.7,1.0,1.3,1175,Newport
2018-10-02,11.0,19,280.0,29,406.0,15.2,12.1,2.4,13.05,1020.9,0.8,1.1,1175,Newport
2018-10-03,8.8,14,230.0,21,377.0,14.5,11.4,0.3,13.003,1021.2,0.7,1.0,1175,Newport
2018-10-04,9.7,18,100.0,24,497.0,16.1,8.6,1.3,13.125,1016.8,1.0,1.4,1175,Newport
2018-10-05,4.2,12,290.0,18,920.0,12.9,5.8,0.2,10.718,1015.2,1.1,1.6,1175,Newport
2018-10-06,5.6,13,280.0,19,1095.0,13.5,5.0,0.6,9.655,1017.5,1.4,1.9,1175,Newport
2018-10-07,16.8,23,110.0,37,133.0,13.9,9.3,13.5,10.557,1013.9,0.9,1.3,1175,Newport
2018-10-08,20.1,28,150.0,43,112.0,14.7,13.0,13.6,12.423,1005.3,0.8,1.1,1175,Newport
2018-10-09,18.0,27,,43,107.0,16.8,13.9,20.1,13.465,1001.4,1.1,1.4,1175,Newport
2018-10-10,13.1,20,160.0,29,794.0,20.3,13.2,0.0,13.733,996.2,2.0,2.4,1175,Newport
2018-10-11,11.9,27,120.0,39,607.0,15.8,8.8,4.9,13.087,986.2,1.2,1.6,1175,Newport
2018-10-12,22.3,38,190.0,58,573.0,16.4,10.2,8.1,11.488,984.4,2.1,2.9,1175,Newport
2018-10-13,7.1,12,340.0,18,165.0,10.9,7.2,14.5,10.658,998.5,0.6,0.8,1175,Newport
2018-10-14,4.1,10,190.0,15,995.0,14.7,5.0,0.1,9.544,1006.6,1.0,1.4,1175,Newport
2018-10-15,6.7,15,150.0,20,1035.0,15.0,5.6,0.0,10.09,1009.0,1.1,1.5,1175,Newport
2018-10-16,12.4,23,200.0,33,896.0,16.1,9.8,3.8,11.653,1004.9,1.3,1.7,1175,Newport
2018-10-17,6.4,14,310.0,20,995.0,14.3,5.6,0.5,11.265,1017.7,0.8,1.2,1175,Newport
2018-10-18,5.9,12,190.0,20,588.0,14.6,5.1,0.1,9.615,1022.8,0.9,1.2,1175,Newport
2018-10-19,7.0,16,200.0,29,317.0,14.3,10.6,4.3,11.495,1019.4,0.7,0.9,1175,Newport
2018-10-20,8.0,16,230.0,24,117.0,14.3,13.2,0.6,12.887,1022.7,0.4,0.6,1175,Newport
2018-10-21,10.0,17,350.0,26,662.0,14.0,7.6,7.1,12.342,1028.1,0.7,1.0,1175,Newport
2018-10-22,8.0,16,260.0,23,691.0,15.1,7.4,0.0,10.1,1037.3,1.3,1.6,1175,Newport
2018-10-23,11.0,18,280.0,29,622.0,15.2,8.9,0.0,10.333,1033.9,1.2,1.5,1175,Newport
2018-10-24,7.0,12,250.0,20,369.0,12.4,8.5,0.0,9.948,1029.4,0.8,1.0,1175,Newport
2018-10-25,10.0,20,300.0,32,478.0,14.2,7.4,3.4,10.73,1021.4,1.2,1.4,1175,Newport
2018-10-26,12.4,21,330.0,36,606.0,9.9,4.4,12.2,8.187,1019.6,0.8,1.1,1175,Newport
2018-10-27,9.7,19,330.0,32,619.0,8.6,2.9,9.9,6.673,1024.4,0.7,0.9,1175,Newport
2018-10-28,4.2,9,120.0,14,758.0,11.1,2.5,0.1,5.981,1020.5,0.6,0.9,1175,Newport
2018-10-29,12.5,19,130.0,26,185.0,7.4,4.5,0.2,6.085,1005.4,0.8,1.1,1175,Newport
2018-10-30,7.0,15,140.0,20,334.0,10.7,3.7,0.2,6.463,996.0,0.8,1.0,1175,Newport
2018-10-31,4.3,11,250.0,19,610.0,11.8,2.7,8.6,6.784,997.5,0.4,0.7,1175,Newport
2018-11-01,4.3,16,280.0,25,651.0,10.9,2.6,1.7,5.7,1007.7,0.5,0.7,1175,Newport
2018-11-02,9.7,19,190.0,28,133.0,14.6,1.4,13.3,5.05,1010.6,0.5,0.7,1175,Newport
2018-11-03,20.8,29,200.0,42,408.0,14.6,9.3,13.2,10.172,998.9,0.7,1.0,1175,Newport
2018-11-04,11.1,26,210.0,37,516.0,13.2,6.6,0.2,8.712,997.5,1.0,1.1,1175,Newport
2018-11-05,4.2,12,140.0,17,500.0,12.8,6.7,0.3,8.465,994.8,0.4,0.6,1175,Newport
2018-11-06,9.9,21,150.0,33,133.0,11.5,6.5,6.4,8.486,982.8,0.4,0.6,1175,Newport
2018-11-07,7.3,17,310.0,24,224.0,9.0,3.6,1.4,7.15,987.7,0.5,0.7,1175,Newport
2018-11-08,12.8,18,190.0,27,331.0,11.3,5.0,7.4,6.933,994.6,0.8,1.0,1175,Newport
2018-11-09,15.0,28,130.0,40,60.0,10.2,6.8,18.9,7.497,982.8,0.6,0.9,1175,Newport
2018-11-10,7.7,13,190.0,26,456.0,11.6,5.4,1.3,7.352,978.7,0.6,0.7,1175,Newport
2018-11-11,9.9,17,210.0,26,235.0,9.6,5.3,9.1,6.734,984.3,0.4,0.5,1175,Newport
2018-11-12,10.1,17,210.0,27,244.0,11.1,8.0,4.5,8.028,994.9,0.5,0.6,1175,Newport
2018-11-13,10.3,18,160.0,25,145.0,11.6,7.5,5.3,7.926,1005.0,0.4,0.6,1175,Newport
2018-11-14,13.4,25,170.0,37,148.0,15.2,10.7,20.0,10.882,1001.9,0.8,1.0,1175,Newport
2018-11-15,10.0,20,200.0,32,113.0,12.2,6.6,14.4,9.878,1005.9,0.5,0.7,1175,Newport
2018-11-16,15.3,23,130.0,32,122.0,12.9,5.6,0.1,8.424,1012.8,0.5,0.7,1175,Newport
2018-11-17,15.4,25,130.0,31,156.0,13.3,8.7,0.0,10.453,1016.8,0.8,1.1,1175,Newport
2018-11-18,12.8,20,100.0,29,491.0,11.9,5.4,0.0,7.477,1021.2,0.8,0.9,1175,Newport
2018-11-19,9.9,16,100.0,26,207.0,9.2,6.7,0.0,6.197,1020.3,0.9,1.1,1175,Newport
2018-11-20,10.0,19,40.0,33,402.0,8.4,5.0,0.0,5.592,1013.9,0.7,0.8,1175,Newport
2018-11-21,8.1,14,130.0,23,176.0,7.2,3.2,6.1,5.527,1006.0,0.5,0.6,1175,Newport
2018-11-22,10.1,20,100.0,28,296.0,8.7,2.4,0.2,5.146,1011.0,0.4,0.5,1175,Newport
2018-11-23,9.9,17,80.0,24,322.0,7.6,4.2,0.0,4.225,1009.6,0.4,0.5,1175,Newport
2018-11-24,8.8,13,70.0,19,168.0,9.0,6.8,0.0,5.995,1010.2,0.7,0.8,1175,Newport
2018-11-25,7.9,13,100.0,26,372.0,7.7,4.3,0.0,5.009,1011.1,0.4,0.4,1175,Newport
2018-11-26,11.0,25,130.0,34,242.0,8.4,3.8,0.0,4.545,1007.3,0.6,0.7,1175,Newport
2018-11-27,14.8,28,110.0,45,175.0,10.7,6.5,15.3,6.671,994.8,0.6,0.8,1175,Newport
2018-11-28,18.9,29,200.0,41,44.0,12.6,7.4,21.2,8.551,977.8,0.5,0.8,1175,Newport
2018-11-29,10.7,20,240.0,35,167.0,10.2,6.7,8.1,7.618,984.2,0.6,0.7,1175,Newport
2018-11-30,11.4,24,270.0,39,205.0,8.0,5.0,4.2,5.854,994.0,0.7,0.8,1175,Newport
2018-12-01,4.6,9,90.0,14,116.0,8.0,5.7,4.6,6.332,992.8,0.4,0.5,1175,Newport
2018-12-02,7.2,17,330.0,27,70.0,10.9,6.7,13.6,7.607,987.5,0.3,0.4,1175,Newport
2018-12-03,3.2,12,310.0,18,404.0,9.2,1.9,0.2,6.465,1001.5,0.0,0.0,1175,Newport
2018-12-04,5.6,14,110.0,21,101.0,5.7,1.6,0.2,3.758,1013.3,0.3,0.4,1175,Newport
2018-12-05,6.0,14,100.0,24,113.0,9.1,4.1,6.4,5.826,1005.6,0.3,0.4,1175,Newport
2018-12-06,11.9,25,210.0,44,181.0,12.5,8.6,7.1,8.485,996.9,0.3,0.4,1175,Newport
2018-12-07,19.9,29,270.0,44,194.0,11.6,5.0,5.6,6.883,994.5,0.7,0.9,1175,Newport
2018-12-08,16.3,28,280.0,44,108.0,10.1,7.3,15.1,7.397,995.5,0.5,0.7,1175,Newport
2018-12-09,17.8,30,290.0,43,173.0,9.9,7.1,4.7,7.006,1008.2,0.9,1.1,1175,Newport
2018-12-10,6.0,14,120.0,19,54.0,9.7,4.3,0.2,5.852,1019.9,0.3,0.5,1175,Newport
2018-12-11,12.1,25,140.0,34,45.0,10.3,5.7,4.5,7.056,1011.0,0.4,0.6,1175,Newport
2018-12-12,9.7,21,120.0,32,110.0,7.4,3.5,2.6,5.648,1004.5,0.3,0.4,1175,Newport
2018-12-13,14.9,23,140.0,33,43.0,8.2,5.6,4.1,6.355,1003.8,0.5,0.7,1175,Newport
2018-12-14,15.3,25,150.0,33,48.0,9.6,6.4,0.8,6.819,1004.5,0.4,0.6,1175,Newport
2018-12-15,13.5,32,320.0,47,39.0,11.4,5.5,39.8,7.779,988.7,0.5,0.7,1175,Newport
2018-12-16,5.5,15,240.0,24,235.0,8.8,4.5,7.5,5.873,997.0,0.1,0.2,1175,Newport
2018-12-17,15.3,28,160.0,37,50.0,11.2,5.3,15.2,6.459,993.9,0.5,0.8,1175,Newport
2018-12-18,12.9,29,150.0,41,197.0,11.0,5.8,14.8,7.46,983.9,0.3,0.3,1175,Newport
2018-12-19,12.6,21,240.0,33,156.0,8.7,6.1,7.6,6.143,989.0,0.5,0.6,1175,Newport
2018-12-20,10.2,18,280.0,27,207.0,10.2,6.1,5.9,6.465,993.6,0.4,0.5,1175,Newport
2018-12-21,5.2,17,270.0,26,127.0,10.1,5.4,14.1,6.813,995.3,0.2,0.3,1175,Newport
2018-12-22,6.6,15,290.0,27,166.0,9.2,6.4,6.4,6.315,1006.9,0.3,0.3,1175,Newport
2018-12-23,5.4,11,80.0,17,162.0,7.9,6.3,4.4,6.396,1015.8,0.2,0.3,1175,Newport
2018-12-24,10.1,13,100.0,19,37.0,9.8,6.2,5.2,6.337,1023.6,0.5,0.6,1175,Newport
2018-12-25,10.1,20,140.0,27,199.0,11.9,9.7,0.0,8.15,1023.1,0.3,0.3,1175,Newport
2018-12-26,7.0,13,240.0,21,83.0,11.3,9.2,0.0,8.246,1021.2,0.5,0.6,1175,Newport
2018-12-27,3.4,9,170.0,13,78.0,10.3,7.7,0.4,8.194,1020.6,0.3,0.4,1175,Newport
2018-12-28,7.3,17,210.0,25,184.0,11.5,6.0,3.4,8.422,1022.6,0.1,0.1,1175,Newport
2018-12-29,7.5,24,270.0,35,136.0,11.5,8.5,6.5,9.338,1025.7,0.3,0.4,1175,Newport
2018-12-30,9.6,16,210.0,24,192.0,11.8,9.5,0.1,9.667,1029.4,0.3,0.3,1175,Newport
2018-12-31,7.8,14,210.0,21,60.0,10.7,9.7,0.0,9.123,1030.8,0.6,0.7,1175,Newport
2019-01-01,4.3,9,0.0,12,184.0,12.2,6.9,0.3,9.185,1035.9,0.2,0.3,1175,Newport
2019-01-02,7.0,10,100.0,14,95.0,7.7,5.9,0.1,7.836,1038.4,0.4,0.5,1175,Newport
2019-01-03,8.3,13,150.0,19,145.0,8.8,6.3,0.0,7.526,1036.2,0.5,0.6,1175,Newport
2019-01-04,9.6,12,140.0,17,111.0,7.3,3.5,0.0,6.576,1035.9,0.5,0.6,1175,Newport
2019-01-05,7.0,13,200.0,19,62.0,9.9,2.6,2.3,5.361,1032.9,0.3,0.4,1175,Newport
2019-01-06,5.4,13,200.0,19,31.0,10.9,9.4,16.6,8.403,1031.1,0.3,0.4,1175,Newport
2019-01-07,9.0,16,260.0,24,155.0,11.2,7.4,5.0,8.96,1029.4,0.4,0.5,1175,Newport
2019-01-08,3.5,9,350.0,13,144.0,10.0,7.4,0.1,7.409,1032.4,0.4,0.5,1175,Newport
2019-01-09,4.1,9,320.0,14,110.0,11.2,8.9,1.3,8.903,1031.4,0.2,0.3,1175,Newport
2019-01-10,2.7,7,0.0,11,137.0,10.9,7.5,0.0,8.965,1031.4,0.3,0.4,1175,Newport
2019-01-11,5.7,17,240.0,25,220.0,11.6,7.4,3.6,8.665,1028.9,0.2,0.3,1175,Newport
2019-01-12,12.3,20,270.0,29,163.0,11.0,8.1,1.8,8.807,1023.3,0.5,0.6,1175,Newport
2019-01-13,15.5,27,280.0,42,150.0,11.4,8.3,0.8,8.495,1018.3,1.0,1.3,1175,Newport
2019-01-14,7.9,16,310.0,23,99.0,9.7,7.0,2.0,7.372,1019.3,0.7,0.8,1175,Newport
2019-01-15,12.3,19,200.0,30,179.0,10.5,6.5,6.0,8.568,1008.6,0.3,0.5,1175,Newport
2019-01-16,11.8,28,310.0,42,164.0,7.0,3.6,8.7,6.28,1003.4,0.4,0.6,1175,Newport
2019-01-17,6.0,16,0.0,24,212.0,5.8,2.2,0.8,4.146,1011.3,0.5,0.6,1175,Newport
2019-01-18,7.7,16,130.0,23,185.0,9.1,1.1,12.6,5.102,1002.0,0.3,0.4,1175,Newport
2019-01-19,2.3,7,340.0,10,199.0,8.1,5.6,2.6,6.553,1004.3,0.2,0.2,1175,Newport
2019-01-20,10.1,26,330.0,35,305.0,7.9,1.5,1.7,5.763,1017.1,0.1,0.2,1175,Newport
2019-01-21,14.0,28,210.0,42,56.0,8.0,1.6,9.6,4.226,1013.3,0.6,0.8,1175,Newport
2019-01-22,10.6,19,280.0,30,204.0,5.8,1.6,6.4,3.326,1000.8,0.5,0.7,1175,Newport
2019-01-23,4.8,15,290.0,21,93.0,8.0,3.8,4.8,4.206,1002.8,0.4,0.5,1175,Newport
2019-01-24,12.0,22,290.0,34,109.0,11.1,7.9,5.0,7.345,1009.1,0.4,0.6,1175,Newport
2019-01-25,10.3,20,300.0,28,119.0,11.2,8.4,4.7,8.472,1010.0,0.5,0.6,1175,Newport
2019-01-26,16.9,33,340.0,52,181.0,9.9,4.1,16.4,8.16,994.2,0.7,1.0,1175,Newport
2019-01-27,10.8,29,350.0,43,212.0,6.0,3.1,3.2,4.91,1003.9,0.8,1.0,1175,Newport
2019-01-28,6.0,14,290.0,27,420.0,8.5,2.0,6.5,5.05,1005.6,0.3,0.5,1175,Newport
2019-01-29,11.3,26,300.0,40,295.0,5.6,0.3,9.5,3.599,996.7,0.5,0.7,1175,Newport
2019-01-30,4.5,16,280.0,26,541.0,7.9,1.3,2.5,2.8,991.4,0.4,0.5,1175,Newport
2019-01-31,14.3,24,90.0,37,98.0,2.6,0.7,11.9,2.228,982.5,0.6,0.8,1175,Newport
2019-02-01,5.6,12,40.0,23,577.0,6.0,-0.5,0.0,1.867,997.5,0.4,0.5,1175,Newport
2019-02-02,3.6,12,350.0,18,470.0,6.6,-0.7,1.8,1.404,1011.0,0.3,0.4,1175,Newport
2019-02-03,7.3,20,210.0,29,125.0,9.7,1.5,10.9,3.304,1008.6,0.3,0.5,1175,Newport
2019-02-04,8.7,21,280.0,28,554.0,11.4,2.2,0.2,5.199,1009.1,0.5,0.6,1175,Newport
2019-02-05,11.3,21,130.0,29,138.0,11.3,3.5,11.0,5.029,1007.7,0.6,0.8,1175,Newport
2019-02-06,9.8,19,220.0,36,362.0,9.0,1.6,15.1,5.239,1002.2,0.6,0.8,1175,Newport
2019-02-07,10.0,21,210.0,33,337.0,9.2,2.9,4.8,4.751,992.4,0.3,0.5,1175,Newport
2019-02-08,24.2,42,210.0,64,466.0,11.6,6.0,9.6,6.932,976.6,1.2,1.7,1175,Newport
2019-02-09,10.0,28,260.0,46,278.0,7.3,3.1,9.6,5.587,986.4,0.5,0.7,1175,Newport
2019-02-10,15.5,34,280.0,52,333.0,8.4,2.0,7.6,4.257,1001.7,0.8,1.1,1175,Newport
2019-02-11,6.4,16,170.0,23,247.0,9.8,2.6,0.0,5.037,1017.8,0.4,0.6,1175,Newport
2019-02-12,12.6,23,210.0,38,350.0,13.4,8.7,2.2,8.171,1019.1,0.8,1.1,1175,Newport
2019-02-13,14.8,23,210.0,32,139.0,12.1,9.5,1.2,8.685,1016.7,1.0,1.3,1175,Newport
2019-02-14,15.0,27,140.0,34,508.0,11.9,8.2,0.0,8.63,1016.7,0.9,1.2,1175,Newport
2019-02-15,16.1,24,210.0,39,200.0,13.2,7.1,1.4,7.559,1009.9,1.0,1.3,1175,Newport
2019-02-16,14.7,21,170.0,31,120.0,10.9,7.2,1.6,7.745,1002.6,0.9,1.2,1175,Newport
2019-02-17,13.8,22,200.0,34,451.0,11.0,6.1,7.2,8.012,996.0,0.8,1.1,1175,Newport
2019-02-18,11.7,20,210.0,33,491.0,10.6,5.5,9.2,7.407,1003.7,0.8,1.1,1175,Newport
2019-02-19,11.4,20,210.0,29,87.0,11.6,5.1,16.4,6.882,1004.1,0.6,0.8,1175,Newport
2019-02-20,13.3,27,200.0,40,373.0,13.0,9.5,1.0,9.215,1000.8,0.8,1.1,1175,Newport
2019-02-21,18.1,28,140.0,38,235.0,13.4,11.1,0.0,10.12,1008.5,1.0,1.4,1175,Newport
2019-02-22,19.1,29,160.0,40,120.0,13.6,11.3,0.5,9.962,1014.5,1.4,1.8,1175,Newport
2019-02-23,10.9,23,200.0,34,535.0,13.3,5.6,0.4,9.358,1020.1,0.8,1.1,1175,Newport
2019-02-24,11.2,17,140.0,25,233.0,12.3,5.4,2.8,7.792,1025.0,0.6,0.9,1175,Newport
2019-02-25,10.3,18,130.0,26,542.0,15.2,8.9,0.1,9.212,1024.7,1.4,1.7,1175,Newport
2019-02-26,7.9,14,90.0,22,877.0,15.2,8.1,0.0,9.785,1023.5,1.3,1.7,1175,Newport
2019-02-27,5.4,14,120.0,21,944.0,12.8,4.0,0.0,8.8,1015.9,0.9,1.3,1175,Newport
2019-02-28,4.9,13,130.0,19,503.0,12.8,5.8,0.4,8.727,1012.4,0.7,1.0,1175,Newport
2019-03-01,5.0,12,110.0,16,175.0,9.6,4.6,7.6,7.852,1010.4,0.4,0.6,1175,Newport
2019-03-02,16.2,30,210.0,52,474.0,11.2,4.0,8.6,7.358,997.5,0.9,1.4,1175,Newport
2019-03-03,7.5,22,250.0,35,327.0,8.1,4.1,0.6,6.269,987.8,0.9,1.2,1175,Newport
2019-03-04,7.2,22,200.0,34,392.0,8.8,3.0,16.4,5.18,987.1,0.9,1.2,1175,Newport
2019-03-05,10.2,19,250.0,31,765.0,12.5,4.7,16.3,7.305,986.4,1.1,1.5,1175,Newport
2019-03-06,14.5,23,320.0,31,625.0,9.4,4.3,11.7,6.613,980.8,1.1,1.7,1175,Newport
2019-03-07,13.7,24,310.0,39,1010.0,10.0,2.9,1.6,6.439,994.8,1.4,2.0,1175,Newport
2019-03-08,11.8,27,290.0,42,393.0,10.2,3.2,6.4,6.442,1000.9,0.6,1.0,1175,Newport
2019-03-09,13.2,29,280.0,45,653.0,9.2,4.2,9.3,6.683,1005.0,1.0,1.6,1175,Newport
2019-03-10,19.0,32,270.0,46,794.0,7.8,2.1,12.9,5.304,1008.1,1.4,2.2,1175,Newport
2019-03-11,15.6,32,200.0,50,477.0,12.3,3.3,10.2,5.464,1007.0,1.2,1.7,1175,Newport
2019-03-12,21.6,38,280.0,60,678.0,8.9,3.6,10.7,5.969,996.2,1.4,2.2,1175,Newport
2019-03-13,21.8,39,300.0,62,328.0,9.0,6.0,21.1,6.208,1006.6,1.2,1.9,1175,Newport
2019-03-14,17.0,31,280.0,51,571.0,10.7,6.8,19.4,8.012,1001.1,0.8,1.4,1175,Newport
2019-03-15,12.5,22,260.0,45,782.0,10.5,2.8,11.9,8.262,1000.4,0.6,1.1,1175,Newport
2019-03-16,13.4,24,200.0,40,601.0,10.6,1.8,29.9,7.383,990.3,0.6,1.1,1175,Newport
2019-03-17,16.8,28,290.0,52,880.0,10.2,1.7,10.5,5.947,1006.7,1.3,2.1,1175,Newport
2019-03-18,7.9,17,300.0,27,197.0,9.9,5.3,8.9,7.039,1018.0,0.6,0.9,1175,Newport
2019-03-19,7.1,13,250.0,21,570.0,11.3,6.9,2.5,8.846,1021.4,0.7,1.1,1175,Newport
2019-03-20,9.0,19,220.0,30,474.0,12.7,9.1,4.5,9.988,1024.1,0.7,1.1,1175,Newport
2019-03-21,11.9,22,200.0,30,731.0,13.1,10.0,1.3,10.667,1022.2,1.2,1.8,1175,Newport
2019-03-22,14.2,27,200.0,37,839.0,11.5,4.9,3.9,9.767,1019.9,1.4,2.1,1175,Newport
2019-03-23,6.7,14,300.0,19,1076.0,12.0,4.6,0.2,8.156,1029.6,1.8,2.4,1175,Newport
2019-03-24,9.8,18,280.0,28,640.0,11.6,4.2,0.9,7.255,1030.8,1.5,2.0,1175,Newport
2019-03-25,3.9,9,270.0,14,858.0,14.0,5.5,0.0,8.589,1033.1,1.4,1.9,1175,Newport
2019-03-26,4.9,13,210.0,20,791.0,12.7,6.8,0.0,9.101,1032.4,1.4,1.9,1175,Newport
2019-03-27,6.2,13,220.0,20,726.0,11.9,8.5,0.0,9.552,1032.3,1.4,1.8,1175,Newport
2019-03-28,10.0,15,240.0,26,1707.0,15.2,7.9,0.0,10.635,1029.7,2.3,3.3,1175,Newport
2019-03-29,8.8,15,210.0,25,607.0,12.0,9.1,0.0,10.21,1022.8,1.4,1.8,1175,Newport
2019-03-30,8.1,16,0.0,24,548.0,9.1,4.3,1.2,9.35,1021.9,0.9,1.3,1175,Newport
2019-03-31,5.7,14,330.0,18,1617.0,12.1,2.4,0.0,8.672,1023.6,1.9,2.7,1175,Newport
2019-04-01,7.5,16,200.0,23,685.0,11.8,3.6,5.4,7.874,1015.0,1.4,1.8,1175,Newport
2019-04-02,15.8,29,320.0,46,924.0,7.7,1.8,14.6,5.628,1005.7,1.2,2.1,1175,Newport
2019-04-03,16.5,25,340.0,40,1392.0,8.0,3.2,11.0,6.019,1001.5,1.3,2.4,1175,Newport
2019-04-04,8.3,13,70.0,22,1216.0,9.8,3.8,1.5,7.185,991.1,1.6,2.3,1175,Newport
2019-04-05,7.5,14,130.0,19,1802.0,12.5,3.4,1.3,9.057,994.3,2.3,3.3,1175,Newport
2019-04-06,8.1,15,70.0,21,1125.0,13.6,5.3,0.4,9.426,1003.9,1.8,2.6,1175,Newport
2019-04-07,7.1,14,100.0,20,1756.0,14.8,2.1,0.0,9.4,1006.5,2.3,3.2,1175,Newport
2019-04-08,8.3,14,80.0,22,888.0,12.8,7.3,0.3,9.64,1008.2,1.5,2.1,1175,Newport
2019-04-09,7.5,14,100.0,21,1220.0,15.0,7.2,0.1,10.75,1013.8,2.1,2.9,1175,Newport
2019-04-10,6.3,11,140.0,17,1814.0,15.2,3.1,0.0,10.725,1018.6,2.4,3.4,1175,Newport
2019-04-11,5.6,10,160.0,15,1134.0,15.3,7.1,0.0,11.337,1020.5,2.0,2.6,1175,Newport
2019-04-12,12.7,21,140.0,28,1130.0,14.5,4.8,0.0,9.83,1018.4,2.1,3.0,1175,Newport
2019-04-13,18.8,32,130.0,45,583.0,10.9,5.9,11.1,8.568,1014.2,1.7,2.6,1175,Newport
2019-04-14,16.1,22,140.0,31,397.0,7.8,3.8,6.5,7.301,1014.3,0.8,1.4,1175,Newport
2019-04-15,19.0,29,130.0,42,322.0,8.4,3.6,6.1,6.749,1006.4,0.8,1.3,1175,Newport
2019-04-16,8.2,12,110.0,17,1712.0,16.7,7.0,0.0,10.596,1009.8,2.5,3.6,1175,Newport
2019-04-17,10.3,16,110.0,25,1403.0,15.4,6.0,0.0,10.96,1015.1,2.2,3.2,1175,Newport
2019-04-18,7.3,15,140.0,20,2069.0,20.2,6.8,0.0,13.168,1019.8,3.1,4.3,1175,Newport
2019-04-19,8.8,14,130.0,22,1797.0,20.1,10.2,0.0,13.58,1025.1,3.0,4.2,1175,Newport
2019-04-20,5.3,9,210.0,14,1564.0,17.4,9.9,0.0,14.347,1025.6,2.3,3.1,1175,Newport
2019-04-21,7.3,15,210.0,20,682.0,17.3,10.0,0.0,13.535,1011.8,1.6,2.1,1175,Newport
2019-04-22,13.9,26,150.0,37,2186.0,21.4,8.4,0.0,14.245,997.2,4.0,5.7,1175,Newport
2019-04-23,8.2,14,130.0,21,917.0,19.5,10.7,0.1,13.837,991.1,2.4,3.1,1175,Newport
2019-04-24,8.5,14,100.0,23,581.0,14.8,8.9,11.7,12.892,985.8,1.3,1.8,1175,Newport
2019-04-25,6.2,13,120.0,18,1762.0,17.6,7.7,3.3,13.25,988.8,2.7,3.7,1175,Newport
2019-04-26,14.1,39,310.0,59,925.0,10.8,5.9,15.5,11.75,990.3,1.2,2.1,1175,Newport
2019-04-27,17.7,37,290.0,58,1923.0,12.1,5.8,3.9,10.087,1006.9,2.9,4.7,1175,Newport
2019-04-28,8.8,14,210.0,20,890.0,15.0,7.2,2.8,11.28,1016.8,1.7,2.4,1175,Newport
2019-04-29,12.7,19,160.0,26,894.0,14.5,9.6,0.2,12.217,1016.3,1.7,2.6,1175,Newport
2019-04-30,9.1,16,130.0,24,1955.0,15.4,7.8,4.9,13.165,1014.8,2.6,3.9,1175,Newport
2019-05-01,8.1,16,220.0,23,1155.0,13.0,4.8,3.4,11.753,1015.1,1.6,2.4,1175,Newport
2019-05-02,6.8,11,290.0,19,1497.0,17.1,7.8,0.0,12.535,1014.4,2.4,3.4,1175,Newport
2019-05-03,7.4,13,0.0,21,1639.0,11.4,4.8,0.1,11.988,1018.4,2.0,3.0,1175,Newport
2019-05-04,6.8,11,0.0,19,2583.0,12.0,2.6,0.5,11.483,1024.5,3.0,4.4,1175,Newport
2019-05-05,5.4,11,250.0,16,2606.0,16.4,1.7,0.0,12.177,1025.4,3.3,4.7,1175,Newport
2019-05-06,4.4,11,0.0,15,1818.0,14.8,2.6,0.0,12.205,1019.2,2.6,3.6,1175,Newport
2019-05-07,7.8,15,80.0,21,1538.0,15.7,6.0,0.0,12.247,1006.2,2.7,3.7,1175,Newport
2019-05-08,10.9,18,10.0,29,1407.0,11.7,6.6,0.0,11.302,994.3,2.2,3.3,1175,Newport
2019-05-09,7.0,14,310.0,20,2468.0,16.0,5.2,0.0,12.26,999.2,3.3,4.8,1175,Newport
2019-05-10,6.4,14,350.0,21,1552.0,12.2,3.4,2.6,11.535,1007.7,1.9,2.8,1175,Newport
2019-05-11,5.5,9,0.0,15,2283.0,13.5,3.6,0.1,12.055,1021.6,2.9,4.2,1175,Newport
2019-05-12,8.0,15,160.0,21,1508.0,18.1,4.9,0.0,12.382,1029.9,2.8,3.9,1175,Newport
2019-05-13,13.1,19,150.0,27,2499.0,20.2,7.0,0.0,14.503,1030.5,4.3,6.3,1175,Newport
2019-05-14,11.3,19,130.0,26,2437.0,20.2,7.7,0.0,15.587,1026.1,4.5,6.2,1175,Newport
2019-05-15,10.8,19,150.0,26,2067.0,20.5,8.7,0.0,16.068,1019.8,3.9,5.4,1175,Newport
2019-05-16,6.2,13,130.0,17,954.0,16.7,10.1,4.5,15.453,1014.8,2.2,2.8,1175,Newport
2019-05-17,5.7,10,0.0,14,1604.0,17.6,9.1,0.3,15.02,1011.6,2.9,3.8,1175,Newport
2019-05-18,9.9,16,340.0,21,782.0,13.4,9.5,0.3,13.135,1009.3,1.7,2.3,1175,Newport
2019-05-19,10.3,15,320.0,22,1793.0,15.0,9.2,0.6,13.892,1011.1,2.8,4.1,1175,Newport
2019-05-20,6.3,10,10.0,16,1694.0,15.5,6.6,0.0,14.202,1014.9,2.6,3.6,1175,Newport
2019-05-21,4.7,9,0.0,14,2600.0,20.1,5.0,0.0,16.01,1017.7,3.8,5.2,1175,Newport
2019-05-22,4.3,9,240.0,14,1829.0,19.1,8.0,0.0,17.343,1016.0,3.0,4.0,1175,Newport
2019-05-23,4.1,8,210.0,13,1221.0,18.1,9.7,0.8,16.718,1014.2,2.2,2.9,1175,Newport
2019-05-24,4.9,12,280.0,17,1665.0,21.0,11.6,0.0,17.785,1016.8,3.0,4.0,1175,Newport
2019-05-25,7.2,14,230.0,20,485.0,13.8,11.4,14.9,15.677,1014.2,0.9,1.4,1175,Newport
2019-05-26,12.1,19,290.0,29,1038.0,15.4,10.4,4.6,14.385,1010.5,1.8,2.7,1175,Newport
2019-05-27,12.8,19,300.0,29,1502.0,15.9,9.9,5.1,13.825,1008.2,2.7,4.0,1175,Newport
2019-05-28,6.2,16,340.0,22,2191.0,18.3,7.6,1.6,14.75,1012.5,3.4,4.7,1175,Newport
2019-05-29,8.4,16,240.0,27,457.0,13.6,9.0,21.7,13.583,1009.8,1.0,1.4,1175,Newport
2019-05-30,10.1,14,250.0,25,322.0,13.9,12.9,26.8,13.943,1011.3,0.6,1.0,1175,Newport
2019-05-31,10.1,19,200.0,29,690.0,14.7,11.8,24.6,14.375,1012.5,1.1,1.7,1175,Newport
2019-06-01,6.5,17,150.0,23,1510.0,20.0,10.0,8.3,15.76,1006.0,2.6,3.5,1175,Newport
2019-06-02,16.5,27,200.0,39,1072.0,14.4,10.3,10.3,14.615,996.3,1.5,2.6,1175,Newport
2019-06-03,10.2,17,230.0,30,1863.0,15.8,9.5,1.3,14.392,1002.5,2.7,4.1,1175,Newport
2019-06-04,7.2,14,340.0,23,1074.0,12.4,8.0,0.3,13.577,1002.2,1.6,2.4,1175,Newport
2019-06-05,9.3,14,330.0,23,1571.0,12.8,8.2,1.8,12.945,1003.1,2.3,3.5,1175,Newport
2019-06-06,8.4,13,330.0,20,1148.0,12.7,8.0,7.1,12.557,1002.9,1.7,2.6,1175,Newport
2019-06-07,6.5,14,330.0,20,1299.0,14.4,8.5,0.5,13.243,1003.7,2.1,2.9,1175,Newport
2019-06-08,7.6,15,270.0,22,1528.0,15.5,8.7,1.8,13.585,1009.9,2.2,3.3,1175,Newport
2019-06-09,6.4,12,240.0,19,2749.0,16.7,7.1,1.8,14.95,1014.4,3.6,5.2,1175,Newport
2019-06-10,5.9,15,0.0,24,2390.0,16.6,6.5,1.1,14.73,1019.1,3.3,4.6,1175,Newport
2019-06-11,9.0,16,10.0,27,1369.0,13.7,8.4,0.2,13.377,1021.9,2.3,3.3,1175,Newport
2019-06-12,13.8,24,0.0,37,1617.0,14.1,10.3,0.4,13.36,1016.1,2.5,3.9,1175,Newport
2019-06-13,11.0,19,350.0,29,1022.0,11.9,8.4,1.7,12.483,1007.0,1.7,2.6,1175,Newport
2019-06-14,3.8,10,0.0,16,1656.0,13.9,7.0,6.5,13.727,1001.5,2.3,3.2,1175,Newport
2019-06-15,5.2,10,260.0,16,2569.0,18.0,5.5,0.1,14.903,1004.0,3.5,4.9,1175,Newport
2019-06-16,7.0,14,170.0,24,894.0,13.0,8.2,7.9,13.685,1003.0,1.4,2.1,1175,Newport
2019-06-17,11.0,20,210.0,30,2239.0,18.4,10.1,2.4,15.423,1005.8,3.1,4.8,1175,Newport
2019-06-18,8.3,13,220.0,21,1788.0,17.4,10.0,0.1,15.38,1008.4,2.7,4.0,1175,Newport
2019-06-19,8.3,13,210.0,21,1607.0,17.1,8.6,2.0,15.555,1006.2,2.5,3.7,1175,Newport
2019-06-20,8.7,14,220.0,23,2483.0,18.1,7.8,1.3,15.385,1009.6,3.5,5.2,1175,Newport
2019-06-21,3.9,9,210.0,14,2750.0,19.0,7.7,0.0,16.708,1014.9,4.0,5.4,1175,Newport
2019-06-22,7.0,13,120.0,18,1421.0,19.2,11.0,0.0,16.608,1014.2,2.9,3.8,1175,Newport
2019-06-23,10.7,17,80.0,26,400.0,14.7,11.9,14.2,14.56,1011.7,1.4,1.8,1175,Newport
2019-06-24,8.5,14,350.0,21,1199.0,18.5,12.3,1.5,15.685,1015.0,2.1,3.0,1175,Newport
2019-06-25,9.9,16,0.0,23,1450.0,18.9,12.1,0.0,15.952,1022.0,2.5,3.6,1175,Newport
2019-06-26,13.2,19,330.0,28,2586.0,18.4,12.2,0.0,17.238,1027.4,3.5,5.6,1175,Newport
2019-06-27,10.7,17,350.0,24,2835.0,25.5,11.6,0.0,18.29,1024.3,5.3,7.3,1175,Newport
2019-06-28,9.1,23,120.0,30,887.0,20.8,14.5,0.0,17.438,1016.4,2.4,3.1,1175,Newport
2019-06-29,7.6,16,210.0,24,1317.0,22.5,12.0,1.1,17.497,1010.2,2.8,3.7,1175,Newport
2019-06-30,10.3,16,240.0,26,1314.0,17.0,12.4,2.9,16.628,1010.3,2.1,3.2,1175,Newport
2019-07-01,9.3,17,320.0,24,1654.0,18.2,12.0,0.9,16.343,1019.7,3.0,4.2,1175,Newport
2019-07-02,5.3,10,310.0,14,1286.0,17.0,10.7,0.0,16.17,1026.6,2.4,3.2,1175,Newport
2019-07-03,4.3,12,340.0,16,2614.0,21.5,7.6,0.0,17.907,1027.2,3.9,5.3,1175,Newport
2019-07-04,5.8,11,240.0,17,1608.0,18.3,9.5,0.0,17.365,1023.8,2.6,3.5,1175,Newport
2019-07-05,7.9,12,270.0,18,2160.0,21.9,13.2,0.4,19.42,1018.1,3.5,5.0,1175,Newport
2019-07-06,6.7,12,10.0,18,1250.0,18.1,12.2,1.4,18.03,1014.0,2.3,3.1,1175,Newport
2019-07-07,4.6,9,0.0,13,1765.0,18.8,9.9,0.0,17.82,1016.3,3.0,4.0,1175,Newport
2019-07-08,4.4,9,230.0,17,1070.0,19.0,12.6,0.6,18.05,1017.3,2.1,2.7,1175,Newport
2019-07-09,7.5,13,210.0,20,2117.0,21.4,14.1,0.0,19.618,1016.3,3.4,4.8,1175,Newport
2019-07-10,8.0,15,200.0,21,823.0,19.0,15.6,8.0,18.84,1010.8,1.5,2.2,1175,Newport
2019-07-11,7.6,14,280.0,22,1770.0,19.6,13.0,0.7,18.472,1010.1,2.7,3.9,1175,Newport
2019-07-12,6.7,13,300.0,19,1192.0,18.5,13.0,0.0,17.513,1018.3,2.3,3.1,1175,Newport
2019-07-13,5.6,10,330.0,16,2155.0,22.1,12.8,0.0,18.528,1024.2,3.7,4.9,1175,Newport
2019-07-14,4.5,9,20.0,13,2188.0,22.1,10.2,0.0,19.632,1022.0,3.5,4.7,1175,Newport
2019-07-15,5.1,11,250.0,18,1805.0,23.2,13.2,0.0,20.105,1017.7,3.3,4.3,1175,Newport
2019-07-16,7.7,15,210.0,22,1657.0,21.7,13.6,0.0,19.913,1013.4,3.0,4.1,1175,Newport
2019-07-17,10.1,17,210.0,25,1250.0,18.7,13.3,19.6,18.17,1007.0,1.8,2.8,1175,Newport
2019-07-18,7.9,14,280.0,21,1711.0,19.8,12.5,1.2,17.93,1005.5,2.8,3.9,1175,Newport
2019-07-19,7.9,19,340.0,26,763.0,15.9,12.5,5.4,17.013,1000.2,1.4,2.0,1175,Newport
2019-07-20,8.2,12,220.0,20,1295.0,19.4,13.2,0.3,16.76,1004.1,2.5,3.4,1175,Newport
2019-07-21,11.8,22,210.0,35,333.0,18.5,13.8,33.3,16.573,1006.2,0.9,1.4,1175,Newport
2019-07-22,14.8,21,210.0,31,760.0,20.9,17.6,1.1,18.1,1007.5,1.8,2.6,1175,Newport
2019-07-23,12.7,19,160.0,30,1592.0,23.5,17.4,0.0,19.858,1006.6,3.3,4.5,1175,Newport
2019-07-24,8.8,17,110.0,26,1168.0,20.9,16.0,4.3,19.288,1002.7,2.3,3.2,1175,Newport
2019-07-25,15.1,23,140.0,34,1105.0,22.7,16.4,4.3,19.04,998.6,2.4,3.4,1175,Newport
2019-07-26,10.3,15,140.0,23,1529.0,19.1,13.0,0.5,18.802,1001.8,2.3,3.5,1175,Newport
2019-07-27,5.6,12,240.0,18,1917.0,21.7,11.9,0.5,18.497,1008.4,3.2,4.3,1175,Newport
2019-07-28,6.3,11,350.0,16,1090.0,17.5,12.4,0.0,17.36,1007.8,2.1,2.8,1175,Newport
2019-07-29,6.2,13,320.0,19,1204.0,18.5,13.5,0.2,17.165,1005.4,2.2,3.0,1175,Newport
2019-07-30,7.1,12,320.0,17,1126.0,17.1,11.4,0.0,16.917,1008.0,1.9,2.7,1175,Newport
2019-07-31,4.1,12,310.0,16,1438.0,18.7,10.1,0.0,16.452,1013.4,2.3,3.1,1175,Newport
2019-08-01,4.2,9,30.0,13,2032.0,23.9,10.0,0.0,17.478,1017.5,3.4,4.5,1175,Newport
2019-08-02,6.2,13,140.0,20,2138.0,23.3,12.3,0.0,19.1,1015.5,3.5,4.7,1175,Newport
2019-08-03,9.0,18,130.0,24,570.0,18.8,14.4,0.9,18.042,1010.1,1.5,2.0,1175,Newport
2019-08-04,7.5,18,150.0,28,1046.0,20.2,13.4,8.2,17.86,1004.2,1.9,2.6,1175,Newport
2019-08-05,8.8,17,210.0,26,879.0,16.9,13.0,11.1,16.673,999.2,1.5,2.1,1175,Newport
2019-08-06,6.6,13,270.0,20,1283.0,19.0,12.9,16.4,17.005,997.2,2.1,3.0,1175,Newport
2019-08-07,5.7,15,290.0,21,2007.0,21.7,13.0,0.0,18.37,1002.1,3.2,4.4,1175,Newport
2019-08-08,6.7,18,70.0,29,1222.0,20.3,13.9,2.1,18.44,999.8,2.5,3.2,1175,Newport
2019-08-09,9.4,21,70.0,31,1072.0,20.5,13.7,14.2,18.195,986.9,2.0,2.8,1175,Newport
2019-08-10,9.2,15,350.0,22,680.0,17.2,13.2,0.9,17.642,993.7,1.3,1.8,1175,Newport
2019-08-11,8.0,15,320.0,21,1506.0,17.1,9.4,0.0,16.24,1008.7,2.3,3.3,1175,Newport
2019-08-12,6.5,16,280.0,24,1868.0,18.8,8.9,2.5,15.98,1013.0,2.7,3.8,1175,Newport
2019-08-13,3.2,7,110.0,10,1486.0,19.9,8.8,1.4,16.485,1010.7,2.3,3.1,1175,Newport
2019-08-14,10.0,24,270.0,35,930.0,19.5,14.1,4.6,17.355,1004.0,1.9,2.7,1175,Newport
2019-08-15,9.7,17,210.0,27,959.0,17.7,11.8,2.1,16.415,1006.0,1.7,2.4,1175,Newport
2019-08-16,12.6,19,200.0,29,1124.0,19.0,11.9,19.8,16.925,996.1,1.8,2.7,1175,Newport
2019-08-17,13.6,23,220.0,35,1783.0,17.7,10.6,5.2,16.067,993.4,2.5,3.9,1175,Newport
2019-08-18,10.7,17,250.0,28,1620.0,18.6,11.9,15.2,16.347,998.2,2.6,3.8,1175,Newport
2019-08-19,10.7,17,280.0,27,1468.0,17.1,10.8,3.9,15.735,1009.8,2.4,3.4,1175,Newport
2019-08-20,7.1,14,260.0,21,889.0,17.9,9.9,11.4,15.2,1016.7,1.5,2.1,1175,Newport
2019-08-21,11.2,24,210.0,42,1077.0,19.0,12.2,9.9,15.773,1014.3,2.0,2.8,1175,Newport
2019-08-22,11.1,16,210.0,27,397.0,17.1,13.8,6.2,15.852,1013.6,1.0,1.4,1175,Newport
2019-08-23,11.9,18,210.0,26,1329.0,20.7,15.1,0.1,16.975,1013.4,2.7,3.7,1175,Newport
2019-08-24,6.6,14,130.0,19,548.0,18.1,14.1,2.0,16.587,1011.7,1.3,1.7,1175,Newport
2019-08-25,5.9,12,210.0,15,1509.0,21.8,11.7,0.1,17.63,1015.1,2.5,3.3,1175,Newport
2019-08-26,7.6,14,210.0,23,508.0,16.3,11.6,4.5,16.118,1013.2,1.1,1.5,1175,Newport
2019-08-27,6.9,19,340.0,28,568.0,15.7,11.7,23.3,16.165,1006.8,1.0,1.4,1175,Newport
2019-08-28,8.4,18,340.0,26,1710.0,18.6,9.3,2.1,16.025,1006.2,2.2,3.3,1175,Newport
2019-08-29,16.4,22,210.0,33,1054.0,18.5,13.3,2.5,16.155,1006.2,2.0,3.0,1175,Newport
2019-08-30,13.5,22,220.0,34,223.0,16.4,13.1,48.7,16.015,1001.4,0.4,0.8,1175,Newport
2019-08-31,12.3,22,340.0,31,1631.0,16.7,10.6,9.6,15.597,1005.4,2.2,3.4,1175,Newport
2019-09-01,9.0,17,300.0,26,917.0,16.5,10.6,6.7,14.562,1015.7,1.8,2.4,1175,Newport
2019-09-02,10.0,16,230.0,26,472.0,16.1,12.6,11.1,14.835,1016.7,1.0,1.4,1175,Newport
2019-09-03,9.9,17,300.0,25,580.0,17.3,10.7,8.8,15.665,1013.8,1.1,1.6,1175,Newport
2019-09-04,14.3,25,320.0,42,1192.0,14.8,9.8,2.7,14.0,1018.5,1.9,2.9,1175,Newport
2019-09-05,11.3,18,270.0,28,1252.0,18.5,10.8,3.1,14.118,1022.8,2.3,3.2,1175,Newport
2019-09-06,11.4,22,290.0,33,790.0,17.8,11.9,2.4,14.618,1019.6,1.9,2.5,1175,Newport
2019-09-07,4.8,11,300.0,14,1000.0,18.0,11.7,0.0,14.903,1024.9,1.8,2.4,1175,Newport
2019-09-08,7.1,18,0.0,29,686.0,17.7,12.1,12.1,15.475,1017.0,1.2,1.7,1175,Newport
2019-09-09,9.3,17,0.0,25,1616.0,15.8,10.1,0.8,14.792,1013.7,2.1,3.1,1175,Newport
2019-09-10,8.6,16,230.0,29,314.0,16.0,9.4,28.7,13.927,1013.1,0.7,1.0,1175,Newport
2019-09-11,10.8,23,280.0,31,903.0,18.0,12.2,3.0,14.932,1012.5,1.4,2.1,1175,Newport
2019-09-12,8.6,17,0.0,23,1019.0,16.4,9.5,11.3,15.245,1022.1,1.2,1.9,1175,Newport
2019-09-13,5.1,10,300.0,15,1648.0,18.7,8.5,0.0,14.712,1032.8,2.1,2.9,1175,Newport
2019-09-14,10.1,17,210.0,28,630.0,17.6,10.1,4.0,14.477,1026.3,1.2,1.7,1175,Newport
2019-09-15,4.4,9,10.0,14,294.0,13.6,10.1,11.6,14.305,1021.0,0.7,0.9,1175,Newport
2019-09-16,5.0,8,340.0,12,1130.0,16.5,9.3,0.0,14.72,1022.6,1.6,2.2,1175,Newport
2019-09-17,3.4,7,30.0,10,1667.0,19.0,7.2,0.0,14.58,1025.8,2.0,2.7,1175,Newport
2019-09-18,3.9,6,220.0,10,1606.0,20.7,7.8,0.1,14.952,1027.3,2.0,2.7,1175,Newport
2019-09-19,5.2,11,120.0,14,1621.0,21.2,9.3,0.2,15.273,1025.3,2.3,3.0,1175,Newport
2019-09-20,14.1,24,130.0,34,1485.0,20.6,10.4,0.0,15.015,1013.9,2.6,3.6,1175,Newport
2019-09-21,12.6,21,140.0,30,590.0,18.7,12.2,4.0,14.295,999.6,1.7,2.2,1175,Newport
2019-09-22,7.0,15,130.0,21,705.0,18.8,9.8,0.0,15.417,997.0,1.2,1.7,1175,Newport
2019-09-23,8.5,19,130.0,26,363.0,15.7,9.4,6.0,13.748,995.7,0.6,0.9,1175,Newport
2019-09-24,7.2,14,130.0,20,530.0,17.0,13.1,3.1,14.71,991.2,0.9,1.3,1175,Newport
2019-09-25,6.9,16,220.0,27,386.0,16.6,12.8,11.6,14.97,991.7,0.9,1.1,1175,Newport
2019-09-26,9.8,19,210.0,29,838.0,16.2,10.7,11.8,14.385,989.7,1.2,1.7,1175,Newport
2019-09-27,8.9,19,270.0,28,836.0,16.1,9.5,8.3,13.78,993.3,1.2,1.7,1175,Newport
2019-09-28,7.1,17,270.0,29,681.0,16.1,12.2,6.4,14.52,997.0,1.0,1.4,1175,Newport
2019-09-29,6.6,14,320.0,21,476.0,15.1,8.7,2.0,13.708,999.9,0.9,1.2,1175,Newport
2019-09-30,8.2,16,80.0,25,233.0,11.7,7.8,15.7,11.53,999.9,0.6,0.8,1175,Newport
2019-10-01,9.7,18,0.0,29,1107.0,13.9,8.5,1.4,12.355,1004.7,1.5,2.1,1175,Newport
2019-10-02,4.0,11,120.0,16,525.0,13.2,8.4,0.0,11.865,1017.0,1.1,1.5,1175,Newport
2019-10-03,17.9,27,210.0,41,212.0,15.4,8.0,14.7,11.31,1002.0,1.1,1.5,1175,Newport
2019-10-04,14.1,38,290.0,57,604.0,16.9,11.5,10.5,12.94,997.9,1.2,1.7,1175,Newport
2019-10-05,9.6,16,130.0,22,476.0,17.6,11.2,2.2,13.485,1004.2,0.9,1.3,1175,Newport
2019-10-06,9.5,21,140.0,31,824.0,17.1,10.5,10.8,12.84,1006.5,1.6,2.0,1175,Newport
2019-10-07,15.1,23,210.0,34,920.0,16.6,11.3,0.8,13.337,999.0,1.4,2.0,1175,Newport
2019-10-08,14.8,22,230.0,38,646.0,14.0,9.1,7.8,12.315,995.7,1.4,1.9,1175,Newport
2019-10-09,12.4,20,280.0,33,725.0,14.7,8.1,15.1,11.208,999.4,1.2,1.7,1175,Newport
2019-10-10,13.2,25,210.0,37,619.0,15.8,9.4,10.7,11.833,997.9,1.1,1.5,1175,Newport
2019-10-11,9.6,18,250.0,32,894.0,15.1,8.1,5.1,11.658,996.5,1.3,1.7,1175,Newport
2019-10-12,4.2,11,210.0,16,870.0,15.0,7.4,6.3,11.405,999.0,0.9,1.3,1175,Newport
2019-10-13,4.3,9,230.0,15,473.0,12.2,6.0,2.8,10.432,998.8,0.6,0.9,1175,Newport
2019-10-14,5.7,13,0.0,20,168.0,10.9,7.0,17.8,9.895,1000.3,0.5,0.6,1175,Newport
2019-10-15,9.2,18,150.0,27,384.0,12.2,7.5,1.1,10.73,993.3,0.5,0.8,1175,Newport
2019-10-16,9.2,18,160.0,26,858.0,13.8,7.3,5.4,10.413,993.5,1.0,1.4,1175,Newport
2019-10-17,10.9,17,130.0,23,311.0,10.8,7.6,13.6,10.182,988.8,0.5,0.8,1175,Newport
2019-10-18,6.4,11,100.0,16,492.0,11.7,7.7,2.0,10.03,991.4,0.7,0.9,1175,Newport
2019-10-19,7.0,14,0.0,23,637.0,13.2,6.9,5.4,9.917,1004.0,0.7,1.0,1175,Newport
2019-10-20,6.6,15,350.0,25,529.0,11.1,7.5,1.7,9.625,1016.9,0.8,1.0,1175,Newport
2019-10-21,4.5,12,190.0,18,424.0,11.2,7.7,0.0,9.895,1020.8,0.9,1.2,1175,Newport
2019-10-22,13.2,20,210.0,28,309.0,12.5,9.5,0.1,10.255,1013.3,1.1,1.4,1175,Newport
2019-10-23,11.2,19,160.0,27,165.0,12.8,10.1,12.9,10.637,1002.3,0.8,1.0,1175,Newport
2019-10-24,6.4,15,200.0,23,679.0,11.6,3.2,3.4,10.048,1001.1,0.5,0.7,1175,Newport
2019-10-25,3.4,8,350.0,12,309.0,7.4,2.2,1.0,7.663,1004.1,0.4,0.6,1175,Newport
2019-10-26,6.6,16,290.0,28,651.0,10.1,1.6,3.3,6.579,1010.5,0.7,1.0,1175,Newport
2019-10-27,5.9,11,310.0,16,664.0,11.7,5.2,1.0,6.975,1021.4,0.8,1.1,1175,Newport
2019-10-28,6.9,12,50.0,22,779.0,10.8,4.6,0.4,6.815,1025.4,0.8,1.0,1175,Newport
2019-10-29,11.3,17,80.0,28,687.0,10.7,5.5,0.0,6.255,1023.5,1.3,1.6,1175,Newport
2019-10-30,13.8,19,120.0,30,392.0,11.2,6.5,0.1,6.663,1018.3,1.3,1.6,1175,Newport
2019-10-31,9.4,15,110.0,22,73.0,11.4,8.4,3.3,8.143,1006.5,0.6,0.8,1175,Newport
2019-11-01,6.0,15,210.0,23,184.0,12.1,9.9,12.9,9.998,985.2,0.4,0.5,1175,Newport
2019-11-02,10.3,19,320.0,27,92.0,11.4,9.7,26.8,10.113,972.9,0.5,0.7,1175,Newport
2019-11-03,3.9,10,240.0,16,227.0,11.6,7.3,5.7,10.03,977.7,0.4,0.6,1175,Newport
2019-11-04,7.5,16,10.0,24,354.0,12.5,7.2,1.8,9.472,987.7,0.6,0.7,1175,Newport
2019-11-05,6.7,13,0.0,20,291.0,10.6,4.2,0.0,8.834,1004.2,0.5,0.6,1175,Newport
2019-11-06,5.3,14,110.0,23,173.0,7.5,4.2,4.2,7.467,997.6,0.3,0.5,1175,Newport
2019-11-07,8.2,15,0.0,25,573.0,9.7,4.2,1.4,7.207,997.4,0.5,0.6,1175,Newport
2019-11-08,6.4,16,140.0,21,488.0,8.9,2.8,0.6,6.63,1006.0,0.4,0.5,1175,Newport
2019-11-09,9.8,22,300.0,35,404.0,10.3,5.3,7.7,6.706,1004.4,0.7,0.9,1175,Newport
2019-11-10,11.4,26,300.0,43,182.0,8.4,1.1,12.0,4.994,1005.3,0.5,0.7,1175,Newport
2019-11-11,21.9,28,290.0,49,360.0,9.2,4.8,14.7,5.635,1000.9,1.3,1.8,1175,Newport
2019-11-12,14.5,25,300.0,42,410.0,9.2,4.3,4.7,5.082,1002.8,1.0,1.2,1175,Newport
2019-11-13,8.6,22,30.0,35,168.0,7.4,4.1,14.8,5.352,992.9,0.5,0.7,1175,Newport
2019-11-14,9.5,20,10.0,31,410.0,8.4,3.8,3.2,4.991,1005.5,0.6,0.8,1175,Newport
2019-11-15,5.3,11,20.0,21,440.0,8.6,2.8,1.8,4.287,1015.2,0.4,0.5,1175,Newport
2019-11-16,2.4,18,340.0,28,182.0,7.3,2.0,1.1,4.252,1009.4,0.3,0.4,1175,Newport
2019-11-17,8.5,20,350.0,30,387.0,9.0,1.2,3.6,5.248,1013.4,0.4,0.5,1175,Newport
2019-11-18,9.1,18,130.0,25,325.0,6.4,0.6,0.0,3.497,1012.3,0.3,0.4,1175,Newport
2019-11-19,9.7,17,130.0,26,376.0,10.9,5.9,4.1,5.552,1002.0,0.5,0.6,1175,Newport
2019-11-20,11.2,19,100.0,29,173.0,9.1,5.7,5.1,6.142,995.9,0.6,0.7,1175,Newport
2019-11-21,11.7,19,110.0,29,92.0,8.1,6.1,3.6,6.734,992.9,0.5,0.7,1175,Newport
2019-11-22,7.6,14,70.0,20,159.0,8.1,5.9,0.7,6.427,990.2,0.5,0.6,1175,Newport
2019-11-23,6.5,12,330.0,16,291.0,9.4,3.7,0.1,6.344,996.1,0.2,0.3,1175,Newport
2019-11-24,7.7,15,100.0,22,144.0,8.9,3.5,0.1,5.613,995.4,0.4,0.5,1175,Newport
2019-11-25,5.8,14,90.0,23,171.0,11.8,7.8,9.2,7.957,990.9,0.3,0.4,1175,Newport
2019-11-26,9.2,18,30.0,32,210.0,10.1,7.9,4.7,8.158,981.9,0.3,0.4,1175,Newport
2019-11-27,6.5,11,350.0,16,126.0,9.9,7.3,0.1,8.041,984.5,0.4,0.5,1175,Newport
2019-11-28,5.4,12,90.0,17,222.0,10.7,6.3,3.4,8.006,998.9,0.4,0.5,1175,Newport
2019-11-29,8.6,15,100.0,22,357.0,7.4,3.3,0.0,6.208,1010.9,0.5,0.5,1175,Newport
2019-11-30,9.0,17,80.0,26,196.0,8.1,3.5,0.0,4.94,1017.5,0.7,0.8,1175,Newport
2019-12-01,3.4,8,40.0,15,315.0,8.1,1.3,0.0,5.012,1026.8,0.1,0.2,1175,Newport
2019-12-02,5.5,12,210.0,19,160.0,8.9,0.1,0.0,4.541,1028.4,0.4,0.5,1175,Newport
2019-12-03,9.6,19,150.0,25,288.0,10.9,5.3,0.0,5.857,1017.3,0.6,0.7,1175,Newport
2019-12-04,7.9,17,200.0,27,259.0,10.8,6.0,7.5,6.59,1010.3,0.3,0.3,1175,Newport
2019-12-05,13.3,20,200.0,31,25.0,11.2,7.5,22.0,7.623,1005.7,0.5,0.7,1175,Newport
2019-12-06,11.9,24,270.0,36,112.0,10.8,6.9,10.6,8.513,1000.9,0.3,0.4,1175,Newport
2019-12-07,11.7,27,210.0,40,61.0,12.4,7.7,16.5,8.601,997.4,0.5,0.7,1175,Newport
2019-12-08,22.5,42,300.0,69,106.0,9.2,4.1,18.8,7.154,990.0,0.7,1.0,1175,Newport
2019-12-09,13.5,35,320.0,51,286.0,11.1,7.2,0.9,6.79,1008.0,0.8,0.9,1175,Newport
2019-12-10,18.2,29,200.0,47,63.0,12.9,4.4,17.0,7.637,995.3,0.6,0.9,1175,Newport
2019-12-11,9.3,22,220.0,34,160.0,6.9,2.8,6.5,5.135,994.0,0.4,0.5,1175,Newport
2019-12-12,11.2,29,290.0,52,133.0,9.5,4.6,22.6,5.629,980.2,0.3,0.4,1175,Newport
2019-12-13,18.9,33,280.0,51,122.0,7.4,3.6,9.6,5.439,976.1,0.6,0.9,1175,Newport
2019-12-14,12.9,27,290.0,41,270.0,7.3,0.7,8.9,4.033,978.7,0.6,0.7,1175,Newport
2019-12-15,7.1,13,290.0,20,105.0,3.8,0.9,8.3,2.915,981.6,0.3,0.4,1175,Newport
2019-12-16,7.6,19,300.0,30,57.0,5.8,1.6,18.1,3.135,989.2,0.3,0.5,1175,Newport
2019-12-17,3.4,11,110.0,16,266.0,7.8,1.9,1.4,3.253,994.7,0.0,0.0,1175,Newport
2019-12-18,18.0,40,200.0,61,41.0,10.7,2.5,11.6,4.249,981.2,0.6,0.9,1175,Newport
2019-12-19,10.4,29,200.0,43,233.0,9.7,5.9,0.1,5.969,978.8,0.4,0.4,1175,Newport
2019-12-20,3.2,8,110.0,12,286.0,8.7,3.4,0.4,5.316,974.3,0.0,0.0,1175,Newport
2019-12-21,4.6,9,120.0,13,103.0,5.8,3.2,0.1,5.043,970.8,0.2,0.3,1175,Newport
2019-12-22,7.8,21,280.0,32,223.0,10.1,4.2,7.8,5.344,982.8,0.2,0.2,1175,Newport
2019-12-23,10.0,22,290.0,34,215.0,10.1,5.1,6.4,5.361,997.9,0.6,0.6,1175,Newport
2019-12-24,7.3,17,300.0,26,246.0,8.5,4.6,1.9,5.373,1006.7,0.3,0.3,1175,Newport
2019-12-25,8.5,23,130.0,31,143.0,7.2,1.3,0.0,4.022,1012.9,0.5,0.6,1175,Newport
2019-12-26,10.7,24,120.0,35,64.0,10.9,6.6,12.4,5.829,1005.7,0.6,0.7,1175,Newport
2019-12-27,9.9,21,210.0,31,65.0,12.4,10.3,6.6,8.278,1015.9,0.4,0.6,1175,Newport
2019-12-28,13.9,21,140.0,29,89.0,12.5,9.3,1.1,8.535,1017.9,1.0,1.2,1175,Newport
2019-12-29,11.4,21,170.0,29,94.0,13.8,10.5,0.0,8.359,1016.9,1.1,1.3,1175,Newport
2019-12-30,8.1,17,0.0,22,73.0,12.1,4.6,3.5,8.414,1022.5,0.5,0.7,1175,Newport
2019-12-31,5.5,11,70.0,19,103.0,7.1,4.5,0.0,5.799,1027.5,0.5,0.6,1175,Newport
2020-01-01,8.4,17,160.0,21,221.0,11.1,6.2,0.0,6.535,1017.6,0.5,0.6,1175,Newport
2020-01-02,16.5,29,210.0,43,142.0,12.5,5.7,6.6,7.409,1004.6,1.0,1.2,1175,Newport
2020-01-03,8.4,16,290.0,26,277.0,10.6,5.3,1.1,6.467,1020.2,0.7,0.7,1175,Newport
2020-01-04,10.8,17,250.0,26,168.0,9.8,6.4,1.8,6.841,1026.2,0.3,0.4,1175,Newport
2020-01-05,16.3,22,210.0,38,57.0,11.2,8.7,0.0,8.073,1016.1,0.7,0.9,1175,Newport
2020-01-06,14.3,28,160.0,47,249.0,11.0,5.7,1.8,7.86,1004.7,0.6,0.7,1175,Newport
2020-01-07,16.9,30,200.0,51,61.0,14.4,7.1,5.1,8.51,1004.2,0.9,1.1,1175,Newport
2020-01-08,8.2,18,280.0,31,208.0,9.5,4.3,0.9,6.743,1011.5,0.7,0.8,1175,Newport
2020-01-09,5.2,20,320.0,30,318.0,6.8,1.0,1.9,4.89,1008.6,0.1,0.1,1175,Newport
2020-01-10,15.2,32,210.0,50,54.0,13.4,2.8,9.7,5.005,1010.4,0.9,1.2,1175,Newport
2020-01-11,14.4,33,210.0,48,111.0,13.3,5.7,12.8,8.106,1003.7,0.6,0.8,1175,Newport
2020-01-12,10.1,21,200.0,30,235.0,8.8,3.9,2.5,5.906,1007.1,0.5,0.6,1175,Newport
2020-01-13,23.6,41,150.0,61,115.0,9.2,3.1,15.6,5.818,984.5,1.0,1.5,1175,Newport
2020-01-14,13.9,25,210.0,44,207.0,7.4,2.6,7.8,4.332,978.8,0.8,1.0,1175,Newport
2020-01-15,14.2,23,200.0,47,271.0,9.1,4.9,2.5,4.622,990.6,1.0,1.1,1175,Newport
2020-01-16,15.0,28,140.0,39,187.0,9.2,4.7,12.4,5.93,991.4,0.6,0.7,1175,Newport
2020-01-17,7.6,19,300.0,27,189.0,7.4,2.9,2.9,4.208,1008.5,0.5,0.7,1175,Newport
2020-01-18,3.5,6,10.0,8,364.0,7.4,-0.4,0.0,2.464,1027.5,0.1,0.3,1175,Newport
2020-01-19,9.3,20,200.0,28,344.0,9.2,-0.1,0.1,2.292,1038.5,0.5,0.5,1175,Newport
2020-01-20,11.0,21,210.0,29,162.0,9.7,8.4,0.0,5.543,1041.0,0.9,1.0,1175,Newport
2020-01-21,5.2,11,230.0,19,94.0,9.5,7.7,1.0,6.799,1039.2,0.3,0.4,1175,Newport
2020-01-22,2.2,6,250.0,9,177.0,10.0,6.4,0.2,7.35,1036.2,0.2,0.3,1175,Newport
2020-01-23,3.8,8,250.0,14,152.0,8.4,6.2,1.3,7.37,1028.5,0.2,0.3,1175,Newport
2020-01-24,7.9,13,210.0,18,358.0,9.5,6.8,1.3,7.568,1017.6,0.2,0.3,1175,Newport
2020-01-25,12.3,19,160.0,27,94.0,9.7,6.9,2.3,7.366,1003.7,0.7,0.9,1175,Newport
2020-01-26,11.3,26,170.0,35,320.0,8.9,1.4,10.8,6.401,994.0,0.3,0.4,1175,Newport
2020-01-27,8.6,22,240.0,36,115.0,5.3,0.2,9.8,4.024,986.7,0.5,0.7,1175,Newport
2020-01-28,13.7,23,280.0,36,269.0,7.1,1.0,15.6,3.385,991.4,0.5,0.7,1175,Newport
2020-01-29,11.9,18,230.0,33,253.0,9.9,3.6,3.4,4.935,999.1,0.5,0.7,1175,Newport
2020-01-30,11.7,24,280.0,39,220.0,11.6,7.0,0.6,6.684,994.3,0.7,0.9,1175,Newport
2020-01-31,16.3,29,210.0,41,271.0,11.4,8.3,7.7,7.98,989.8,0.7,1.0,1175,Newport
2020-02-01,11.3,20,320.0,40,331.0,10.1,5.8,5.6,7.42,994.4,0.6,0.8,1175,Newport
2020-02-02,13.8,25,210.0,36,364.0,11.1,4.8,7.3,7.139,997.4,0.6,0.8,1175,Newport
2020-02-03,16.6,32,290.0,50,382.0,8.4,3.2,9.3,5.959,1008.2,0.8,1.1,1175,Newport
2020-02-04,11.8,32,290.0,50,382.0,9.6,3.1,0.7,5.156,1023.9,1.1,1.3,1175,Newport
2020-02-05,5.5,13,230.0,23,455.0,11.1,3.9,0.0,5.504,1030.0,0.6,0.7,1175,Newport
2020-02-06,10.6,22,140.0,30,417.0,10.1,2.9,0.0,4.986,1020.3,0.7,1.0,1175,Newport
2020-02-07,14.5,25,140.0,37,94.0,9.4,3.4,12.0,5.329,1002.1,0.5,0.7,1175,Newport
2020-02-08,14.6,41,200.0,59,77.0,9.1,3.0,32.9,5.278,990.2,0.6,0.8,1175,Newport
2020-02-09,18.7,29,240.0,51,206.0,10.3,3.9,17.4,6.869,975.7,0.6,0.9,1175,Newport
2020-02-10,23.2,34,270.0,55,302.0,6.2,2.0,8.4,4.25,989.6,1.2,1.9,1175,Newport
2020-02-11,20.8,33,290.0,60,321.0,5.9,1.9,17.0,2.906,1000.3,1.2,1.9,1175,Newport
2020-02-12,13.3,26,120.0,40,402.0,7.5,1.9,11.3,3.404,994.5,0.8,1.1,1175,Newport
2020-02-13,7.1,18,20.0,27,385.0,7.5,3.2,2.7,4.564,992.0,0.5,0.7,1175,Newport
2020-02-14,15.7,29,210.0,45,540.0,10.8,5.2,2.7,5.709,997.5,0.8,1.2,1175,Newport
2020-02-15,20.4,33,200.0,53,150.0,10.5,5.2,13.2,6.125,982.4,0.8,1.2,1175,Newport
2020-02-16,19.6,34,200.0,56,369.0,8.0,3.5,6.0,5.151,976.8,1.1,1.6,1175,Newport
2020-02-17,16.6,29,270.0,47,511.0,8.2,3.3,7.1,4.943,996.1,0.9,1.3,1175,Newport
2020-02-18,15.0,26,300.0,47,376.0,6.8,2.9,12.8,4.432,1010.1,0.9,1.3,1175,Newport
2020-02-19,12.3,24,200.0,37,96.0,9.5,3.5,31.4,5.467,1004.8,0.5,0.8,1175,Newport
2020-02-20,14.8,25,270.0,42,590.0,7.8,2.4,5.2,5.748,1002.7,0.5,0.9,1175,Newport
2020-02-21,18.7,25,210.0,38,88.0,9.8,6.6,31.5,6.929,1003.7,0.5,0.8,1175,Newport
2020-02-22,14.4,25,250.0,45,318.0,7.7,4.3,10.0,6.206,1005.0,0.9,1.2,1175,Newport
2020-02-23,8.5,17,320.0,26,673.0,9.1,1.0,12.6,5.832,1010.3,0.9,1.3,1175,Newport
2020-02-24,14.3,26,270.0,36,548.0,9.1,0.6,26.5,5.229,1000.3,0.3,0.7,1175,Newport
2020-02-25,16.2,31,290.0,51,308.0,5.5,1.7,15.8,3.784,996.2,0.8,1.2,1175,Newport
2020-02-26,10.8,28,300.0,46,638.0,8.3,2.0,7.3,3.69,1001.5,1.1,1.5,1175,Newport
2020-02-27,6.1,16,270.0,25,718.0,9.4,0.7,1.7,4.316,1002.0,0.9,1.2,1175,Newport
2020-02-28,11.5,23,240.0,34,464.0,10.9,4.1,20.0,6.06,987.8,0.6,1.0,1175,Newport
2020-02-29,21.3,34,200.0,55,303.0,7.5,1.2,14.4,5.17,966.8,0.7,1.2,1175,Newport
2020-03-01,14.0,30,260.0,48,701.0,8.3,1.3,5.7,4.546,975.9,1.0,1.5,1175,Newport
2020-03-02,12.4,21,260.0,39,808.0,8.1,1.3,9.2,4.012,984.7,0.9,1.4,1175,Newport
2020-03-03,10.0,22,290.0,31,877.0,10.0,2.8,3.4,4.807,997.1,1.3,1.8,1175,Newport
2020-03-04,3.4,8,270.0,11,1163.0,12.0,0.5,0.0,5.079,1002.8,1.0,1.5,1175,Newport
2020-03-05,4.8,14,170.0,18,697.0,8.8,0.0,3.4,4.526,996.6,0.8,1.1,1175,Newport
2020-03-06,10.8,30,310.0,43,781.0,9.6,3.3,7.6,5.635,999.4,1.0,1.4,1175,Newport
2020-03-07,19.3,32,210.0,53,184.0,11.5,5.8,7.0,7.622,996.5,0.6,1.1,1175,Newport
2020-03-08,14.3,29,280.0,49,692.0,9.7,4.4,8.1,6.799,996.6,1.1,1.6,1175,Newport
2020-03-09,10.0,25,290.0,37,84.0,10.4,5.6,26.0,6.762,1000.2,0.6,0.9,1175,Newport
2020-03-10,12.5,21,260.0,34,693.0,10.8,5.5,6.6,8.103,996.2,0.9,1.4,1175,Newport
2020-03-11,13.3,27,250.0,43,409.0,8.7,1.2,15.0,6.343,995.4,0.8,1.3,1175,Newport
2020-03-12,18.0,30,290.0,50,628.0,9.2,1.6,13.4,5.214,1000.6,1.0,1.7,1175,Newport
2020-03-13,7.6,16,150.0,24,875.0,10.3,2.8,0.8,6.471,1008.1,1.0,1.5,1175,Newport
2020-03-14,12.3,24,200.0,36,465.0,11.0,5.8,8.8,7.055,997.7,0.8,1.2,1175,Newport
2020-03-15,13.4,21,310.0,34,1262.0,9.6,2.2,5.7,6.917,1001.9,1.4,2.2,1175,Newport
2020-03-16,13.1,28,200.0,41,210.0,9.6,1.9,4.8,5.848,1010.8,0.5,0.9,1175,Newport
2020-03-17,6.8,14,350.0,21,228.0,8.5,4.1,13.7,6.625,1013.8,0.6,0.9,1175,Newport
2020-03-18,8.1,16,280.0,25,964.0,11.0,2.9,0.4,6.26,1021.2,1.6,2.2,1175,Newport
2020-03-19,6.1,15,350.0,25,1347.0,9.0,0.7,2.0,5.772,1028.4,1.2,1.9,1175,Newport
2020-03-20,6.4,13,100.0,23,1394.0,10.3,0.2,0.0,5.797,1028.9,1.6,2.3,1175,Newport
2020-03-21,9.0,16,100.0,26,238.0,5.4,3.5,7.2,5.288,1023.0,0.8,1.2,1175,Newport
2020-03-22,8.1,16,150.0,22,1495.0,11.0,4.0,0.2,7.063,1020.2,1.7,2.5,1175,Newport
2020-03-23,11.2,18,160.0,23,250.0,10.4,6.4,1.6,7.315,1015.6,1.0,1.4,1175,Newport
2020-03-24,15.9,23,160.0,32,314.0,11.3,7.5,8.4,8.067,1010.8,1.0,1.5,1175,Newport
2020-03-25,10.0,16,0.0,24,275.0,10.7,6.6,19.0,8.575,1016.9,0.7,1.0,1175,Newport
2020-03-26,11.0,15,350.0,20,432.0,8.7,6.1,0.0,7.725,1023.5,0.9,1.4,1175,Newport
2020-03-27,11.0,16,350.0,23,1720.0,10.9,4.4,0.0,7.949,1027.8,1.8,2.8,1175,Newport
2020-03-28,13.0,20,20.0,33,1528.0,10.4,4.6,0.0,8.035,1036.5,1.9,2.9,1175,Newport
2020-03-29,8.0,16,30.0,26,1731.0,7.5,2.2,0.0,6.958,1044.6,1.9,2.8,1175,Newport
2020-03-30,9.0,17,0.0,27,1070.0,10.2,3.9,0.0,6.958,1041.5,1.7,2.4,1175,Newport
2020-03-31,6.8,13,20.0,20,1030.0,10.2,4.6,0.2,7.833,1034.3,1.5,2.1,1175,Newport
2020-04-01,6.6,14,320.0,20,1012.0,10.4,4.3,0.4,7.839,1025.7,1.2,1.8,1175,Newport
2020-04-02,10.7,19,290.0,30,455.0,10.1,6.1,2.4,8.141,1017.7,1.0,1.5,1175,Newport
2020-04-03,6.9,13,220.0,22,1258.0,12.8,5.9,2.0,8.969,1013.3,1.7,2.4,1175,Newport
2020-04-04,14.2,25,150.0,35,703.0,11.8,6.3,0.0,8.676,1006.3,1.5,2.2,1175,Newport
2020-04-05,18.5,26,150.0,38,355.0,13.5,8.3,4.8,8.788,993.3,1.3,1.9,1175,Newport
2020-04-06,10.7,21,200.0,30,1730.0,13.5,5.9,1.4,9.634,1006.5,2.3,3.4,1175,Newport
2020-04-07,9.9,18,200.0,26,1807.0,15.2,5.0,0.0,9.547,1020.5,2.5,3.6,1175,Newport
2020-04-08,6.2,13,260.0,19,1388.0,17.0,8.2,0.0,11.118,1021.0,2.1,2.9,1175,Newport
2020-04-09,6.8,13,120.0,19,1426.0,18.5,6.9,0.0,11.83,1019.7,2.2,3.0,1175,Newport
2020-04-10,5.3,11,240.0,16,764.0,15.7,10.3,1.8,12.222,1018.5,1.5,1.9,1175,Newport
2020-04-11,6.4,14,250.0,20,1786.0,15.6,6.4,0.7,12.755,1018.7,2.1,3.1,1175,Newport
2020-04-12,10.8,21,0.0,31,800.0,10.1,6.8,0.0,10.778,1016.6,1.3,2.0,1175,Newport
2020-04-13,7.6,17,350.0,23,2247.0,13.4,4.9,0.0,10.51,1025.1,2.7,3.9,1175,Newport
2020-04-14,4.9,9,240.0,15,2225.0,16.6,2.1,0.0,10.638,1025.1,2.7,3.8,1175,Newport
2020-04-15,7.2,16,340.0,26,2017.0,17.5,4.0,0.1,11.595,1019.2,2.7,3.8,1175,Newport
2020-04-16,9.3,17,340.0,23,2202.0,16.1,6.7,0.0,12.1,1014.1,2.7,4.1,1175,Newport
2020-04-17,9.0,16,100.0,22,2030.0,19.8,9.4,0.0,12.745,1012.0,3.5,4.7,1175,Newport
2020-04-18,8.6,16,90.0,23,565.0,12.5,8.8,0.0,11.65,1014.4,1.5,2.0,1175,Newport
2020-04-19,9.5,18,130.0,25,1179.0,17.0,8.1,0.0,11.843,1016.4,2.3,3.1,1175,Newport
2020-04-20,8.2,12,100.0,19,1900.0,16.6,7.1,0.0,11.773,1017.8,3.2,4.4,1175,Newport
2020-04-21,9.8,15,80.0,23,2073.0,18.3,6.6,0.0,11.677,1018.7,3.7,5.0,1175,Newport
2020-04-22,7.2,12,100.0,20,1817.0,17.6,9.4,0.0,12.375,1021.0,3.2,4.3,1175,Newport
2020-04-23,5.5,10,340.0,14,1817.0,20.2,9.0,0.0,13.247,1018.3,3.1,4.1,1175,Newport
2020-04-24,5.4,13,340.0,18,2129.0,21.6,8.9,0.0,14.515,1013.7,3.6,4.8,1175,Newport
2020-04-25,10.2,15,350.0,22,2252.0,16.8,8.7,0.0,14.753,1011.2,3.0,4.5,1175,Newport
2020-04-26,7.3,12,0.0,19,2275.0,13.8,6.2,0.0,14.217,1010.6,2.9,4.2,1175,Newport
2020-04-27,4.7,11,0.0,18,1396.0,13.7,3.8,1.1,12.825,1007.8,1.9,2.6,1175,Newport
2020-04-28,4.4,9,330.0,13,1889.0,17.8,5.2,0.2,12.91,1001.4,2.8,3.8,1175,Newport
2020-04-29,7.9,18,120.0,27,1298.0,13.8,7.0,9.6,12.422,991.8,2.2,3.0,1175,Newport
2020-04-30,6.7,14,320.0,20,1397.0,13.2,5.4,1.0,11.81,990.2,2.0,2.8,1175,Newport
2020-05-01,8.0,18,330.0,26,1825.0,12.8,6.1,3.3,11.733,999.9,2.4,3.6,1175,Newport
2020-05-02,4.7,13,0.0,19,1882.0,16.0,4.4,0.0,12.203,1008.6,2.6,3.6,1175,Newport
2020-05-03,7.8,16,0.0,23,1918.0,15.3,6.6,0.0,12.677,1014.5,2.7,3.9,1175,Newport
2020-05-04,8.4,13,80.0,21,2648.0,17.3,5.8,0.0,13.295,1017.9,3.7,5.3,1175,Newport
2020-05-05,12.6,18,90.0,26,2338.0,17.0,8.3,0.0,13.593,1017.2,3.7,5.5,1175,Newport
2020-05-06,10.2,16,120.0,22,1991.0,19.8,9.5,1.4,14.497,1018.6,3.6,4.9,1175,Newport
2020-05-07,8.2,13,120.0,20,749.0,14.2,10.1,7.3,13.845,1015.5,1.3,1.9,1175,Newport
2020-05-08,4.3,9,200.0,13,1496.0,19.4,9.8,0.0,14.852,1014.2,2.4,3.2,1175,Newport
2020-05-09,5.8,15,10.0,22,2154.0,23.6,8.2,0.0,15.92,1011.5,3.6,4.9,1175,Newport
2020-05-10,13.0,20,20.0,31,2409.0,12.4,6.0,0.2,15.06,1017.2,2.7,4.5,1175,Newport
2020-05-11,9.3,17,20.0,26,2696.0,10.7,4.0,0.0,13.363,1025.3,3.2,4.9,1175,Newport
2020-05-12,5.3,10,10.0,18,1473.0,12.9,2.0,0.0,12.462,1022.5,2.1,2.9,1175,Newport
2020-05-13,8.8,15,330.0,23,2235.0,12.1,4.7,0.0,13.122,1020.8,2.8,4.2,1175,Newport
2020-05-14,5.9,12,350.0,18,2632.0,18.1,2.6,0.0,13.755,1024.2,3.6,5.1,1175,Newport
2020-05-15,4.9,12,280.0,17,1193.0,14.1,5.5,0.0,13.238,1025.0,2.1,2.8,1175,Newport
2020-05-16,7.7,13,200.0,19,1225.0,16.4,8.5,0.3,13.5,1021.3,2.3,3.2,1175,Newport
2020-05-17,12.3,18,210.0,29,363.0,12.6,10.2,7.1,12.908,1016.5,0.8,1.3,1175,Newport
2020-05-18,9.9,17,210.0,24,932.0,15.5,11.2,14.9,13.597,1015.1,1.5,2.3,1175,Newport
2020-05-19,7.5,14,240.0,22,1439.0,17.1,12.1,3.8,14.677,1016.9,2.1,3.1,1175,Newport
2020-05-20,11.1,20,140.0,27,1761.0,19.1,10.7,0.0,15.58,1013.1,3.1,4.4,1175,Newport
2020-05-21,11.5,26,150.0,47,1597.0,17.9,9.5,7.8,15.01,1004.8,2.9,4.2,1175,Newport
2020-05-22,23.5,37,200.0,64,1189.0,14.3,9.4,1.0,13.37,996.3,2.0,3.6,1175,Newport
2020-05-23,16.2,25,260.0,42,1205.0,14.5,8.2,6.0,12.833,1012.2,1.9,3.1,1175,Newport
2020-05-24,9.9,17,240.0,28,2359.0,17.1,8.6,0.0,14.577,1024.6,3.0,4.7,1175,Newport
2020-05-25,8.6,16,170.0,26,905.0,14.8,8.3,1.6,13.64,1027.9,1.4,2.2,1175,Newport
2020-05-26,5.1,11,200.0,14,2882.0,19.3,6.7,0.0,15.14,1033.2,3.9,5.4,1175,Newport
2020-05-27,4.3,9,240.0,13,2557.0,23.9,9.3,0.0,17.225,1033.4,4.1,5.5,1175,Newport
2020-05-28,8.6,18,160.0,25,2686.0,25.9,11.5,0.0,18.73,1026.7,4.8,6.5,1175,Newport
2020-05-29,9.8,19,160.0,26,2369.0,24.2,13.2,0.0,18.593,1019.2,4.6,6.2,1175,Newport
2020-05-30,9.2,17,120.0,22,2966.0,25.2,11.4,0.0,19.035,1016.1,5.5,7.4,1175,Newport
2020-05-31,7.3,11,100.0,17,2402.0,26.5,13.4,0.0,19.365,1018.7,5.1,6.5,1175,Newport
2020-06-01,4.6,10,10.0,15,2774.0,27.1,12.0,0.0,19.775,1021.7,5.0,6.5,1175,Newport
2020-06-02,7.1,15,330.0,22,1778.0,20.5,10.4,0.0,18.458,1019.4,3.0,4.2,1175,Newport
2020-06-03,12.9,20,0.0,33,2370.0,14.6,10.9,0.0,17.225,1015.6,3.1,5.1,1175,Newport
2020-06-04,9.8,14,330.0,22,740.0,13.6,10.0,1.7,15.5,1008.3,1.5,2.1,1175,Newport
2020-06-05,13.4,23,330.0,36,2289.0,13.6,6.8,3.6,15.14,1002.9,2.8,4.7,1175,Newport
2020-06-06,16.9,23,310.0,36,757.0,11.3,6.6,6.0,12.802,1005.4,1.2,2.1,1175,Newport
2020-06-07,8.0,12,340.0,21,776.0,12.6,8.9,0.2,13.095,1013.2,1.6,2.3,1175,Newport
2020-06-08,3.4,12,270.0,18,1430.0,15.4,8.3,0.0,14.2,1018.6,2.5,3.3,1175,Newport
2020-06-09,6.3,12,340.0,19,723.0,15.9,7.6,2.2,13.665,1016.4,1.6,2.1,1175,Newport
2020-06-10,7.3,15,350.0,25,1504.0,14.8,7.7,3.9,14.05,1012.4,2.2,3.2,1175,Newport
2020-06-11,11.8,18,10.0,30,2312.0,17.3,9.9,0.0,15.148,1016.2,3.4,5.2,1175,Newport
2020-06-12,11.7,17,0.0,30,1842.0,19.3,10.1,0.0,15.93,1012.1,3.1,4.6,1175,Newport
2020-06-13,7.2,11,10.0,17,919.0,16.2,12.2,0.0,15.725,1008.0,1.8,2.5,1175,Newport
2020-06-14,8.8,16,10.0,24,1783.0,21.9,12.5,3.0,16.702,1011.8,3.1,4.4,1175,Newport
2020-06-15,8.5,13,0.0,18,1978.0,20.8,12.0,5.9,17.897,1013.8,3.1,4.4,1175,Newport
2020-06-16,6.4,11,0.0,15,895.0,16.1,11.7,0.1,16.722,1014.3,1.8,2.5,1175,Newport
2020-06-17,8.2,13,350.0,18,1557.0,17.1,11.6,0.2,16.72,1013.4,2.6,3.7,1175,Newport
2020-06-18,5.0,10,220.0,15,1377.0,20.1,12.1,0.0,17.282,1010.2,2.5,3.4,1175,Newport
2020-06-19,8.3,13,240.0,21,2102.0,19.9,10.0,1.3,17.57,1008.4,3.4,4.8,1175,Newport
2020-06-20,15.5,28,150.0,42,628.0,16.4,9.9,6.0,15.545,1002.4,1.6,2.4,1175,Newport
2020-06-21,13.5,19,200.0,32,2737.0,17.5,11.7,1.7,16.372,1004.8,3.7,6.0,1175,Newport
2020-06-22,8.8,21,190.0,33,747.0,17.1,11.0,23.6,15.823,1008.2,1.7,2.3,1175,Newport
2020-06-23,6.6,12,210.0,19,1210.0,17.6,11.3,0.1,15.977,1012.5,2.3,3.1,1175,Newport
2020-06-24,6.3,11,260.0,17,2811.0,20.6,10.8,0.0,17.347,1016.5,4.2,5.8,1175,Newport
2020-06-25,5.5,11,350.0,16,1962.0,22.4,12.0,0.0,18.647,1012.9,3.5,4.6,1175,Newport
2020-06-26,5.1,11,230.0,17,816.0,19.1,12.4,5.7,17.555,1002.1,1.7,2.2,1175,Newport
2020-06-27,11.1,24,280.0,35,772.0,13.2,10.6,22.0,15.745,994.4,1.1,1.8,1175,Newport
2020-06-28,20.0,27,280.0,39,313.0,11.2,10.5,53.6,13.253,998.2,0.6,1.2,1175,Newport
2020-06-29,14.1,25,270.0,37,496.0,13.6,10.9,21.6,12.923,1001.9,0.9,1.5,1175,Newport
2020-06-30,5.4,9,230.0,16,1139.0,17.7,10.7,2.1,14.512,1001.3,2.0,2.8,1175,Newport
2020-07-01,5.1,12,350.0,17,996.0,17.6,11.5,4.7,15.398,1004.0,1.9,2.5,1175,Newport
2020-07-02,6.1,20,200.0,30,1408.0,17.0,8.5,4.6,15.135,1008.1,2.3,3.2,1175,Newport
2020-07-03,8.8,21,210.0,38,568.0,15.3,12.0,17.7,15.055,1003.0,0.9,1.4,1175,Newport
2020-07-04,8.9,24,270.0,35,825.0,17.2,11.7,6.0,15.555,998.3,1.5,2.1,1175,Newport
2020-07-05,18.0,29,290.0,45,1213.0,14.2,9.9,6.4,14.155,1007.1,1.7,3.0,1175,Newport
2020-07-06,9.6,17,290.0,30,2027.0,19.1,11.2,0.9,15.392,1018.3,3.5,4.9,1175,Newport
2020-07-07,6.9,14,120.0,20,823.0,15.1,10.0,22.9,15.258,1014.5,1.2,1.8,1175,Newport
2020-07-08,6.6,12,80.0,20,876.0,14.7,11.9,9.4,15.347,1010.1,1.6,2.2,1175,Newport
2020-07-09,9.2,13,0.0,21,1845.0,15.9,9.7,0.0,15.24,1014.0,2.7,4.0,1175,Newport
2020-07-10,6.5,13,320.0,20,1250.0,15.3,9.4,0.6,14.547,1021.6,2.0,2.8,1175,Newport
2020-07-11,3.8,11,270.0,14,2245.0,20.6,7.9,0.0,15.715,1024.9,3.5,4.7,1175,Newport
2020-07-12,6.4,16,220.0,25,325.0,15.5,9.5,6.2,15.042,1021.1,0.8,1.1,1175,Newport
2020-07-13,7.6,13,260.0,18,1299.0,18.2,11.4,1.3,15.917,1018.5,2.2,3.1,1175,Newport
2020-07-14,8.9,18,280.0,25,394.0,14.2,11.3,4.7,14.757,1017.0,1.0,1.4,1175,Newport
2020-07-15,12.6,21,290.0,28,1852.0,19.4,11.8,0.3,15.99,1016.3,2.8,4.3,1175,Newport
2020-07-16,8.5,15,230.0,23,1133.0,20.1,13.8,3.9,16.843,1017.5,2.1,2.9,1175,Newport
2020-07-17,5.4,11,210.0,18,927.0,16.3,12.1,15.8,16.722,1014.6,1.5,2.1,1175,Newport
2020-07-18,6.6,14,310.0,23,2324.0,18.4,10.1,0.0,16.95,1015.8,3.3,4.7,1175,Newport
2020-07-19,4.3,12,280.0,19,2387.0,19.7,8.7,0.0,16.747,1020.7,3.6,4.8,1175,Newport
2020-07-20,4.2,9,210.0,15,2077.0,20.4,8.0,0.0,16.548,1023.3,3.2,4.3,1175,Newport
2020-07-21,7.3,15,210.0,22,1670.0,20.0,11.8,0.1,17.305,1021.3,2.8,3.9,1175,Newport
2020-07-22,9.2,15,240.0,24,965.0,19.4,13.4,24.2,17.222,1015.2,1.7,2.5,1175,Newport
2020-07-23,5.5,10,270.0,18,1010.0,18.1,13.1,1.2,17.248,1011.0,1.8,2.4,1175,Newport
2020-07-24,8.0,16,210.0,24,485.0,16.4,12.5,13.9,16.497,1005.1,1.0,1.4,1175,Newport
2020-07-25,8.2,13,260.0,20,1112.0,17.8,12.1,2.9,16.345,1000.5,1.8,2.6,1175,Newport
2020-07-26,8.0,13,230.0,22,1843.0,18.8,12.0,6.1,16.778,1001.1,3.0,4.2,1175,Newport
2020-07-27,11.7,18,350.0,28,1604.0,17.8,10.6,11.9,16.25,1001.6,2.5,3.8,1175,Newport
2020-07-28,9.6,18,280.0,26,1848.0,18.8,10.9,0.2,15.967,1013.2,3.2,4.5,1175,Newport
2020-07-29,8.4,15,120.0,22,768.0,15.3,10.2,11.2,15.623,1011.9,1.1,1.7,1175,Newport
2020-07-30,13.0,24,160.0,33,960.0,19.3,15.3,8.2,16.475,1003.7,1.8,2.7,1175,Newport
2020-07-31,9.1,19,140.0,29,1156.0,20.7,11.6,2.6,17.13,1004.3,2.2,3.0,1175,Newport
2020-08-01,6.9,13,220.0,22,1249.0,17.1,10.4,4.8,16.468,1010.8,1.9,2.7,1175,Newport
2020-08-02,6.8,12,280.0,19,1530.0,17.7,9.5,0.3,16.108,1013.5,2.3,3.2,1175,Newport
2020-08-03,6.9,13,220.0,20,1729.0,19.4,10.3,3.5,16.573,1012.5,3.0,4.0,1175,Newport
2020-08-04,14.1,24,210.0,37,270.0,17.1,12.4,10.0,16.118,1003.1,0.7,1.1,1175,Newport
2020-08-05,7.8,13,210.0,20,1448.0,19.6,13.8,1.5,16.87,1002.7,2.3,3.2,1175,Newport
2020-08-06,8.9,16,150.0,22,940.0,19.6,12.8,0.0,16.907,1007.4,1.7,2.4,1175,Newport
2020-08-07,7.4,14,170.0,21,2065.0,20.0,11.0,3.3,18.125,1013.5,2.8,4.1,1175,Newport
2020-08-08,3.9,8,210.0,12,2527.0,23.1,10.1,0.0,18.538,1020.8,3.7,5.0,1175,Newport
2020-08-09,4.5,9,10.0,14,2106.0,23.0,13.3,0.0,19.278,1018.6,3.4,4.5,1175,Newport
2020-08-10,4.9,9,350.0,14,1245.0,22.2,12.5,0.0,18.47,1016.0,2.4,3.1,1175,Newport
2020-08-11,3.8,10,10.0,15,1499.0,22.8,14.0,0.0,19.065,1014.8,2.5,3.3,1175,Newport
2020-08-12,10.7,18,350.0,27,1927.0,19.6,14.4,0.0,18.995,1014.4,2.7,4.1,1175,Newport
2020-08-13,10.0,17,340.0,25,1248.0,21.9,14.1,3.0,18.64,1013.6,2.2,3.1,1175,Newport
2020-08-14,6.2,10,0.0,16,1549.0,23.6,16.2,0.0,19.733,1013.3,2.7,3.6,1175,Newport
2020-08-15,4.8,11,110.0,15,1568.0,23.0,14.9,0.0,20.228,1012.7,2.6,3.5,1175,Newport
2020-08-16,5.9,10,120.0,15,1351.0,22.3,15.5,0.0,19.688,1009.3,2.5,3.3,1175,Newport
2020-08-17,3.3,7,80.0,10,409.0,19.1,15.8,17.3,18.858,1003.7,1.1,1.4,1175,Newport
2020-08-18,6.0,11,240.0,17,1649.0,22.2,15.1,3.1,19.135,1000.2,2.7,3.6,1175,Newport
2020-08-19,8.2,16,80.0,29,729.0,19.1,13.8,8.2,18.195,985.1,1.3,1.9,1175,Newport
2020-08-20,16.8,30,200.0,41,1204.0,18.8,13.2,28.8,17.292,975.5,2.2,3.3,1175,Newport
2020-08-21,11.2,17,230.0,27,1154.0,18.6,13.4,4.0,17.045,984.7,1.7,2.6,1175,Newport
2020-08-22,11.1,21,190.0,34,1048.0,18.9,13.2,5.5,16.61,1003.2,1.7,2.6,1175,Newport
2020-08-23,7.8,16,270.0,23,968.0,19.0,11.7,1.6,16.64,1012.2,1.8,2.4,1175,Newport
2020-08-24,6.0,17,110.0,25,1365.0,19.5,11.8,7.4,17.188,1003.6,2.1,2.9,1175,Newport
2020-08-25,14.1,24,320.0,34,580.0,15.2,12.9,23.3,15.892,991.0,1.1,1.7,1175,Newport
2020-08-26,7.7,14,240.0,24,1821.0,19.9,13.1,1.1,16.833,1008.4,2.6,3.7,1175,Newport
2020-08-27,6.3,12,340.0,17,713.0,15.9,12.4,4.6,16.528,1006.7,1.3,1.8,1175,Newport
2020-08-28,9.9,17,10.0,25,1004.0,15.4,9.8,6.1,15.565,1009.6,1.5,2.3,1175,Newport
2020-08-29,7.2,15,20.0,28,1499.0,15.4,9.9,0.4,14.913,1018.0,2.3,3.1,1175,Newport
2020-08-30,3.5,8,130.0,11,930.0,15.9,10.6,0.1,15.295,1018.6,1.6,2.1,1175,Newport
2020-08-31,8.6,15,160.0,21,1231.0,19.3,9.1,0.0,15.562,1014.5,2.1,2.9,1175,Newport
2020-09-01,9.2,16,160.0,22,1429.0,20.2,12.9,3.5,16.7,1010.1,2.2,3.2,1175,Newport
2020-09-02,9.9,16,160.0,25,229.0,17.0,14.2,43.7,16.14,1005.0,0.7,1.0,1175,Newport
2020-09-03,9.4,17,250.0,29,1366.0,18.3,12.0,3.4,16.195,1008.9,2.2,3.1,1175,Newport
2020-09-04,10.9,18,280.0,29,1021.0,17.6,11.3,1.2,15.243,1016.3,2.0,2.8,1175,Newport
2020-09-05,9.6,15,260.0,23,699.0,15.7,11.3,4.1,14.62,1018.3,1.4,1.9,1175,Newport
2020-09-06,6.9,12,300.0,20,955.0,20.3,12.1,0.8,15.323,1018.6,1.9,2.5,1175,Newport
2020-09-07,10.6,18,240.0,28,782.0,18.8,13.6,28.0,16.042,1016.5,1.2,1.8,1175,Newport
2020-09-08,8.8,14,230.0,23,440.0,17.4,12.0,13.9,16.597,1017.8,0.8,1.2,1175,Newport
2020-09-09,7.2,17,270.0,25,917.0,17.7,11.0,0.1,15.488,1022.5,1.9,2.5,1175,Newport
2020-09-10,8.1,17,210.0,26,511.0,15.2,11.1,1.0,14.738,1017.2,1.3,1.7,1175,Newport
2020-09-11,12.3,21,200.0,32,1125.0,18.2,11.0,7.6,15.015,1007.2,2.0,2.8,1175,Newport
2020-09-12,13.7,25,210.0,42,522.0,16.1,10.3,3.6,14.167,1009.2,1.0,1.5,1175,Newport
2020-09-13,16.3,21,200.0,33,409.0,17.3,15.2,0.0,15.125,1011.3,1.4,1.9,1175,Newport
2020-09-14,6.8,15,130.0,21,355.0,17.6,13.9,0.9,15.14,1013.6,1.1,1.4,1175,Newport
2020-09-15,4.0,9,110.0,15,505.0,21.1,14.6,1.4,15.8,1016.0,1.2,1.5,1175,Newport
2020-09-16,5.1,11,120.0,17,680.0,22.1,15.7,2.3,17.315,1022.9,1.4,1.8,1175,Newport
2020-09-17,5.8,9,100.0,14,336.0,16.9,14.2,0.0,16.59,1024.9,0.9,1.1,1175,Newport
2020-09-18,5.9,12,80.0,17,1493.0,21.5,11.3,0.0,17.108,1022.3,2.3,3.0,1175,Newport
2020-09-19,7.3,11,70.0,18,1413.0,17.6,10.7,0.0,15.27,1020.2,2.2,2.9,1175,Newport
2020-09-20,4.8,10,140.0,13,1570.0,18.6,8.3,0.2,14.932,1018.8,1.9,2.6,1175,Newport
2020-09-21,7.4,14,210.0,21,443.0,14.7,10.1,0.0,14.342,1012.1,0.9,1.3,1175,Newport
2020-09-22,12.6,22,190.0,33,258.0,14.9,8.5,4.0,14.08,1002.6,0.6,0.9,1175,Newport
2020-09-23,5.7,13,110.0,19,1402.0,15.9,6.9,0.3,13.267,994.7,1.8,2.5,1175,Newport
2020-09-24,10.5,17,310.0,25,909.0,13.8,6.9,15.7,12.102,995.0,1.5,2.1,1175,Newport
2020-09-25,9.2,19,320.0,30,1473.0,13.4,5.2,4.8,11.812,1011.3,1.6,2.4,1175,Newport
2020-09-26,4.9,8,0.0,13,1349.0,13.3,4.4,0.1,11.297,1018.0,1.5,2.1,1175,Newport
2020-09-27,3.6,8,140.0,11,616.0,15.8,4.4,2.0,11.458,1013.2,0.8,1.1,1175,Newport
2020-09-28,6.9,16,270.0,22,1095.0,17.6,8.0,1.2,13.63,1009.9,1.3,1.8,1175,Newport
2020-09-29,10.4,22,160.0,33,478.0,15.5,7.5,6.4,12.145,1003.8,1.0,1.4,1175,Newport
2020-09-30,7.4,17,330.0,26,778.0,13.5,5.9,3.2,12.445,996.9,0.8,1.2,1175,Newport
2020-10-01,4.6,11,140.0,16,695.0,12.6,4.5,3.1,10.708,993.8,1.0,1.3,1175,Newport
2020-10-02,8.0,17,340.0,26,723.0,12.8,6.5,1.6,10.462,998.0,1.1,1.5,1175,Newport
2020-10-03,4.2,9,310.0,16,1075.0,16.8,7.0,0.0,11.525,996.2,1.4,1.9,1175,Newport
2020-10-04,18.0,27,320.0,41,313.0,12.7,8.5,5.0,10.705,991.6,1.1,1.6,1175,Newport
2020-10-05,8.9,18,330.0,28,574.0,15.6,10.8,4.1,12.105,993.6,1.3,1.7,1175,Newport
2020-10-06,12.1,23,300.0,35,695.0,13.6,10.4,3.0,11.95,997.7,1.3,1.8,1175,Newport
2020-10-07,4.9,12,350.0,21,536.0,14.4,7.3,9.5,11.238,1006.3,0.9,1.2,1175,Newport
2020-10-08,10.8,18,240.0,31,948.0,13.4,9.2,3.3,11.093,1008.9,1.3,1.8,1175,Newport
2020-10-09,10.8,19,330.0,27,749.0,12.2,7.1,8.3,10.345,1017.7,1.2,1.7,1175,Newport
2020-10-10,8.1,16,290.0,27,627.0,13.6,8.2,2.3,10.795,1025.4,1.0,1.4,1175,Newport
2020-10-11,3.2,7,240.0,12,1010.0,16.0,8.1,1.9,11.47,1024.0,0.9,1.3,1175,Newport
2020-10-12,12.5,20,320.0,29,794.0,13.3,9.2,5.5,11.78,1017.4,0.9,1.3,1175,Newport
2020-10-13,9.0,17,310.0,28,652.0,13.2,7.7,1.7,10.54,1018.3,0.9,1.3,1175,Newport
2020-10-14,6.3,11,40.0,18,691.0,14.1,7.4,0.2,9.932,1024.5,0.9,1.2,1175,Newport
2020-10-15,6.9,13,130.0,19,906.0,14.4,6.1,0.0,10.323,1025.4,1.0,1.3,1175,Newport
2020-10-16,9.6,17,130.0,24,920.0,13.3,7.1,0.0,9.792,1022.8,1.3,1.7,1175,Newport
2020-10-17,7.8,13,70.0,20,473.0,12.4,6.9,0.2,9.3,1021.2,1.0,1.3,1175,Newport
2020-10-18,6.1,10,100.0,14,578.0,14.6,6.4,0.4,9.782,1015.4,0.7,1.0,1175,Newport
2020-10-19,10.2,16,110.0,26,70.0,13.0,10.9,41.3,11.425,997.4,0.4,0.6,1175,Newport
2020-10-20,8.6,14,120.0,24,215.0,14.0,10.3,11.6,11.592,981.2,0.4,0.7,1175,Newport
2020-10-21,13.5,21,350.0,32,576.0,12.4,7.8,2.3,11.23,994.6,0.8,1.1,1175,Newport
2020-10-22,8.1,17,170.0,22,486.0,12.5,5.8,9.7,9.517,1000.2,0.8,1.1,1175,Newport
2020-10-23,10.3,28,160.0,37,578.0,12.0,6.2,11.2,9.455,991.5,0.6,0.9,1175,Newport
2020-10-24,16.9,29,210.0,46,683.0,12.2,6.6,11.2,9.405,980.9,0.7,1.1,1175,Newport
2020-10-25,13.7,26,290.0,39,477.0,12.3,6.5,10.4,8.835,980.6,0.8,1.1,1175,Newport
2020-10-26,13.8,27,320.0,42,483.0,11.9,7.7,2.7,9.227,990.7,1.0,1.3,1175,Newport
2020-10-27,11.7,20,210.0,37,600.0,13.0,6.3,9.9,9.153,986.2,0.8,1.1,1175,Newport
2020-10-28,11.9,20,260.0,37,362.0,10.5,6.4,11.1,8.219,990.8,0.7,1.0,1175,Newport
2020-10-29,15.8,25,200.0,39,56.0,13.6,8.8,31.2,10.153,994.7,0.4,0.7,1175,Newport
2020-10-30,8.1,15,130.0,24,669.0,13.0,6.9,2.0,9.92,1003.0,0.7,0.9,1175,Newport
2020-10-31,17.9,28,240.0,50,273.0,14.1,7.3,23.3,9.623,987.0,0.6,0.9,1175,Newport
2020-11-01,13.4,27,180.0,46,137.0,11.8,6.9,13.4,8.943,982.2,0.6,0.9,1175,Newport
2020-11-02,9.0,25,270.0,38,177.0,9.6,4.8,14.5,8.093,993.7,0.6,0.8,1175,Newport
2020-11-03,9.3,21,290.0,32,441.0,9.9,4.8,5.5,7.012,1015.1,0.7,0.9,1175,Newport
2020-11-04,4.3,8,320.0,13,348.0,11.9,5.8,0.0,6.577,1032.2,0.6,0.7,1175,Newport
2020-11-05,4.9,11,260.0,16,210.0,11.2,7.7,0.0,8.434,1033.4,0.4,0.6,1175,Newport
2020-11-06,6.1,11,120.0,16,651.0,11.9,6.4,0.1,8.697,1023.2,0.4,0.6,1175,Newport
2020-11-07,6.7,12,100.0,20,225.0,11.2,6.2,1.6,8.274,1013.8,0.5,0.6,1175,Newport
2020-11-08,8.1,14,130.0,20,247.0,15.3,10.2,1.8,10.342,1009.1,0.6,0.7,1175,Newport
2020-11-09,7.3,15,130.0,21,431.0,16.1,11.3,0.3,11.523,1009.9,0.5,0.6,1175,Newport
2020-11-10,8.7,20,160.0,27,160.0,11.7,8.8,18.0,10.885,1009.4,0.4,0.5,1175,Newport
2020-11-11,10.7,26,160.0,38,59.0,12.8,6.9,24.8,10.493,998.9,0.5,0.7,1175,Newport
2020-11-12,14.0,25,160.0,35,51.0,12.1,7.1,5.3,9.062,996.3,0.8,1.0,1175,Newport
2020-11-13,11.4,19,210.0,33,329.0,10.3,6.5,4.3,8.205,996.7,0.5,0.7,1175,Newport
2020-11-14,12.4,20,120.0,32,123.0,12.3,8.7,8.8,9.167,986.7,0.5,0.7,1175,Newport
2020-11-15,11.0,25,290.0,39,314.0,11.3,7.2,10.1,8.988,988.3,0.4,0.6,1175,Newport
2020-11-16,9.9,20,190.0,30,85.0,12.6,7.6,14.3,9.08,1000.6,0.6,0.7,1175,Newport
2020-11-17,17.9,26,210.0,37,60.0,14.4,12.4,1.7,11.267,1001.4,0.6,0.9,1175,Newport
2020-11-18,17.3,34,280.0,54,269.0,14.3,6.8,15.4,10.16,1006.7,0.6,0.8,1175,Newport
2020-11-19,9.2,27,310.0,38,273.0,10.6,4.1,4.8,7.586,1023.6,0.2,0.3,1175,Newport
2020-11-20,12.4,19,220.0,30,84.0,11.4,10.6,18.4,9.892,1019.3,0.2,0.4,1175,Newport
2020-11-21,8.8,16,220.0,29,304.0,11.3,5.1,4.7,9.102,1017.6,0.3,0.3,1175,Newport
2020-11-22,6.5,14,200.0,22,240.0,9.3,5.4,4.6,6.821,1021.2,0.4,0.5,1175,Newport
2020-11-23,13.6,25,200.0,40,38.0,11.6,7.6,7.5,8.062,1013.2,0.7,0.9,1175,Newport
2020-11-24,3.9,10,250.0,18,103.0,10.0,5.0,19.1,8.165,1003.4,0.3,0.4,1175,Newport
2020-11-25,5.2,14,330.0,22,272.0,9.7,4.0,0.7,6.011,1011.2,0.2,0.3,1175,Newport
2020-11-26,4.1,10,190.0,15,179.0,8.4,3.4,0.2,5.674,1018.3,0.2,0.3,1175,Newport
2020-11-27,7.4,11,120.0,16,148.0,8.5,3.3,0.0,6.644,1014.0,0.4,0.5,1175,Newport
2020-11-28,6.7,14,80.0,19,107.0,8.9,2.1,0.5,5.176,1015.3,0.3,0.4,1175,Newport
2020-11-29,2.2,6,100.0,10,190.0,10.0,7.0,1.9,7.411,1022.2,0.1,0.2,1175,Newport
2020-11-30,7.3,18,300.0,29,64.0,10.8,8.4,4.3,8.223,1024.2,0.4,0.5,1175,Newport
2020-12-01,5.4,15,270.0,20,164.0,11.0,8.4,1.2,8.64,1024.5,0.2,0.2,1175,Newport
2020-12-02,12.7,22,280.0,35,240.0,9.5,4.4,6.4,7.264,1010.0,0.2,0.2,1175,Newport
2020-12-03,5.6,19,300.0,32,283.0,5.2,1.1,9.5,5.184,990.5,0.1,0.1,1175,Newport
2020-12-04,16.9,30,330.0,49,186.0,8.3,1.8,9.4,4.283,989.2,0.7,0.9,1175,Newport
2020-12-05,15.3,25,340.0,44,148.0,8.2,5.6,9.8,5.788,998.2,0.7,0.8,1175,Newport
2020-12-06,3.7,8,100.0,11,294.0,9.8,1.8,0.6,5.813,1000.4,0.0,0.1,1175,Newport
2020-12-07,3.0,8,100.0,11,310.0,5.6,-1.4,0.4,3.894,999.8,0.0,0.0,1175,Newport
2020-12-08,7.2,16,320.0,25,210.0,8.5,3.1,2.4,3.601,1004.3,0.4,0.5,1175,Newport
2020-12-09,6.8,15,120.0,20,60.0,9.1,3.6,7.1,4.737,997.5,0.4,0.6,1175,Newport
2020-12-10,7.4,17,210.0,24,78.0,10.1,5.7,7.8,6.194,984.6,0.2,0.3,1175,Newport
2020-12-11,7.6,16,270.0,28,223.0,10.4,5.2,8.5,7.199,983.7,0.2,0.2,1175,Newport
2020-12-12,9.8,17,150.0,26,237.0,9.1,4.7,9.7,5.75,995.7,0.4,0.4,1175,Newport
2020-12-13,9.2,15,100.0,21,67.0,10.0,5.3,27.5,6.886,982.4,0.2,0.4,1175,Newport
2020-12-14,14.0,20,200.0,33,184.0,9.2,6.5,5.0,7.245,980.1,0.3,0.3,1175,Newport
2020-12-15,8.9,17,150.0,24,129.0,8.4,4.6,12.0,6.212,988.2,0.4,0.5,1175,Newport
2020-12-16,9.1,19,110.0,30,107.0,9.1,6.8,9.7,6.652,987.7,0.3,0.4,1175,Newport
2020-12-17,11.7,22,200.0,33,71.0,11.1,6.2,3.1,6.986,995.9,0.3,0.5,1175,Newport
2020-12-18,12.6,21,130.0,30,196.0,11.1,6.4,4.4,7.595,988.9,0.3,0.3,1175,Newport
2020-12-19,10.0,17,150.0,30,87.0,8.1,6.1,17.6,6.615,987.2,0.4,0.5,1175,Newport
2020-12-20,10.1,21,210.0,32,187.0,9.0,4.4,2.4,5.97,997.8,0.4,0.5,1175,Newport
2020-12-21,5.5,13,340.0,18,122.0,7.1,2.7,3.0,5.584,1000.7,0.3,0.3,1175,Newport
2020-12-22,3.2,9,340.0,12,139.0,5.4,1.8,0.7,3.847,1006.9,0.1,0.2,1175,Newport
2020-12-23,8.9,16,350.0,24,162.0,7.7,3.9,3.1,4.571,1017.2,0.4,0.5,1175,Newport
2020-12-24,5.3,14,350.0,27,255.0,6.8,2.6,1.2,3.853,1030.5,0.1,0.1,1175,Newport
2020-12-25,6.7,19,290.0,27,125.0,9.0,2.6,3.0,4.685,1027.6,0.2,0.2,1175,Newport
2020-12-26,16.9,30,260.0,51,27.0,8.9,4.8,26.5,6.191,998.1,0.7,1.0,1175,Newport
2020-12-27,19.8,31,290.0,47,94.0,7.4,2.3,17.2,4.293,970.8,0.9,1.3,1175,Newport
2020-12-28,22.5,34,330.0,58,219.0,7.8,3.9,11.8,4.454,979.2,0.8,1.1,1175,Newport
2020-12-29,16.3,30,340.0,48,231.0,6.6,2.5,4.9,4.03,996.0,0.6,0.8,1175,Newport
2020-12-30,3.4,12,350.0,18,190.0,5.0,0.7,0.9,2.888,1003.6,0.1,0.2,1175,Newport
2020-12-31,8.2,17,350.0,27,184.0,6.9,1.0,5.9,2.304,1010.3,0.3,0.4,1175,Newport
2021-01-01,6.5,17,0.0,26,218.0,6.3,1.6,4.6,2.859,1017.5,0.2,0.2,1175,Newport
2021-01-02,4.5,9,350.0,14,176.0,6.6,0.7,1.2,2.217,1021.4,0.1,0.2,1175,Newport
2021-01-03,4.6,8,20.0,14,303.0,5.8,0.9,0.0,1.829,1024.3,0.1,0.1,1175,Newport
2021-01-04,6.8,11,30.0,18,342.0,5.1,0.1,0.0,0.937,1027.0,0.2,0.2,1175,Newport
2021-01-05,6.2,9,20.0,13,325.0,5.2,-0.2,0.0,0.778,1028.0,0.2,0.2,1175,Newport
2021-01-06,2.8,7,0.0,9,190.0,2.7,-1.1,1.3,0.593,1022.6,0.1,0.1,1175,Newport
2021-01-07,3.8,14,330.0,25,286.0,6.7,1.8,5.5,1.023,1019.4,0.1,0.2,1175,Newport
2021-01-08,4.8,12,320.0,17,268.0,4.6,0.4,1.2,1.395,1022.7,0.1,0.1,1175,Newport
2021-01-09,4.0,12,210.0,18,122.0,6.6,-0.6,4.1,1.609,1023.1,0.2,0.2,1175,Newport
2021-01-10,6.7,15,250.0,28,134.0,7.3,3.8,1.7,3.596,1020.2,0.2,0.3,1175,Newport
2021-01-11,12.8,20,280.0,29,51.0,10.2,7.3,29.6,6.311,1011.5,0.3,0.5,1175,Newport
2021-01-12,5.9,18,280.0,27,63.0,10.2,4.9,21.1,7.202,1010.6,0.3,0.4,1175,Newport
2021-01-13,6.6,13,270.0,19,38.0,10.5,7.9,19.0,7.789,1011.9,0.3,0.4,1175,Newport
2021-01-14,5.8,15,310.0,24,313.0,8.9,2.9,0.5,6.708,1019.2,0.0,0.1,1175,Newport
2021-01-15,12.3,21,160.0,28,58.0,10.7,2.5,13.2,4.918,1014.6,0.2,0.4,1175,Newport
2021-01-16,17.1,25,300.0,39,202.0,9.2,5.5,5.2,6.217,1012.7,0.6,0.8,1175,Newport
2021-01-17,7.8,19,300.0,28,145.0,8.0,4.3,3.2,5.047,1021.4,0.5,0.7,1175,Newport
2021-01-18,4.1,10,270.0,16,85.0,8.6,5.2,12.1,5.562,1010.2,0.3,0.4,1175,Newport
2021-01-19,6.4,13,330.0,21,50.0,10.0,4.6,41.4,7.057,991.9,0.3,0.4,1175,Newport
2021-01-20,3.9,10,300.0,17,460.0,7.4,1.1,0.8,4.819,980.5,0.0,0.1,1175,Newport
2021-01-21,4.5,17,290.0,30,206.0,7.1,1.3,5.8,3.712,982.1,0.3,0.4,1175,Newport
2021-01-22,4.7,13,320.0,20,305.0,5.5,0.4,3.6,2.77,990.2,0.2,0.3,1175,Newport
2021-01-23,4.3,18,160.0,23,226.0,3.0,-0.5,3.2,1.329,992.5,0.2,0.3,1175,Newport
2021-01-24,3.9,11,0.0,16,431.0,3.8,-1.2,0.1,1.421,997.0,0.1,0.1,1175,Newport
2021-01-25,4.9,11,100.0,17,448.0,7.5,-1.7,1.3,1.031,1006.0,0.2,0.3,1175,Newport
2021-01-26,8.7,15,110.0,21,175.0,10.0,3.1,4.1,3.843,1003.6,0.2,0.4,1175,Newport
2021-01-27,6.0,14,120.0,18,133.0,10.1,5.5,14.9,5.455,999.5,0.3,0.4,1175,Newport
2021-01-28,11.3,19,200.0,32,152.0,11.2,7.8,5.0,7.696,989.9,0.3,0.5,1175,Newport
2021-01-29,9.6,21,280.0,33,344.0,10.9,6.1,5.7,7.34,992.8,0.5,0.6,1175,Newport
2021-01-30,14.1,19,90.0,30,262.0,6.2,3.7,10.4,5.717,994.5,0.6,0.8,1175,Newport
2021-01-31,13.1,18,110.0,28,109.0,4.2,2.0,5.8,4.301,991.2,0.4,0.6,1175,Newport
2021-02-01,10.0,14,80.0,20,96.0,7.7,4.0,15.5,4.824,987.3,0.3,0.4,1175,Newport
2021-02-02,10.4,17,90.0,25,199.0,10.1,6.2,20.0,6.564,980.3,0.3,0.5,1175,Newport
2021-02-03,7.0,12,250.0,22,338.0,9.0,5.6,21.3,7.066,986.0,0.2,0.3,1175,Newport
2021-02-04,6.3,14,350.0,23,232.0,7.5,4.7,0.2,6.607,996.7,0.4,0.6,1175,Newport
2021-02-05,7.4,14,330.0,20,195.0,7.1,3.8,0.8,5.428,1004.6,0.4,0.6,1175,Newport
2021-02-06,6.0,11,0.0,17,262.0,6.7,4.6,0.0,5.396,1008.6,0.5,0.7,1175,Newport
2021-02-07,15.0,23,100.0,35,268.0,5.0,2.0,0.3,4.481,1006.8,0.9,1.2,1175,Newport
2021-02-08,12.2,20,120.0,30,463.0,3.8,0.4,0.0,2.835,1006.4,1.0,1.4,1175,Newport
2021-02-09,11.2,17,100.0,27,533.0,3.4,-0.2,0.0,1.714,1008.4,1.0,1.3,1175,Newport
2021-02-10,10.2,15,80.0,23,658.0,4.0,-0.7,0.0,1.006,1014.9,1.0,1.3,1175,Newport
2021-02-11,17.7,25,120.0,40,276.0,2.6,-0.3,10.3,0.68,1015.2,0.9,1.4,1175,Newport
2021-02-12,17.6,30,130.0,41,175.0,3.8,0.0,8.9,0.742,1014.7,0.6,1.0,1175,Newport
2021-02-13,18.4,25,130.0,39,74.0,9.4,0.6,6.5,1.468,1007.4,0.5,0.8,1175,Newport
2021-02-14,22.3,35,200.0,54,498.0,11.5,9.1,4.6,6.077,994.5,0.8,1.3,1175,Newport
2021-02-15,14.6,32,170.0,47,542.0,12.4,7.8,6.6,7.236,994.9,1.0,1.3,1175,Newport
2021-02-16,15.6,41,190.0,60,768.0,11.8,6.6,6.9,7.446,990.9,1.2,1.6,1175,Newport
2021-02-17,13.9,27,210.0,42,479.0,8.9,3.9,7.8,6.121,988.3,0.8,1.2,1175,Newport
2021-02-18,10.3,21,140.0,29,702.0,11.7,3.5,7.6,6.137,987.6,0.9,1.3,1175,Newport
2021-02-19,14.8,25,200.0,37,399.0,12.2,5.3,2.9,6.953,981.6,0.8,1.2,1175,Newport
2021-02-20,14.3,28,200.0,40,208.0,10.8,5.6,8.4,6.691,977.9,0.7,1.0,1175,Newport
2021-02-21,11.8,23,200.0,34,570.0,10.6,5.7,1.5,6.629,993.4,1.1,1.4,1175,Newport
2021-02-22,15.3,25,150.0,37,619.0,11.4,4.5,1.0,6.203,1001.5,1.1,1.6,1175,Newport
2021-02-23,18.3,32,210.0,49,529.0,12.8,8.7,12.6,8.378,991.9,1.1,1.6,1175,Newport
2021-02-24,15.2,30,200.0,50,680.0,12.3,5.6,0.4,8.427,1005.2,1.2,1.7,1175,Newport
2021-02-25,6.6,16,240.0,26,965.0,11.4,3.2,1.4,7.114,1020.3,1.0,1.3,1175,Newport
2021-02-26,10.2,17,190.0,25,685.0,13.3,6.3,0.2,7.332,1030.0,1.2,1.6,1175,Newport
2021-02-27,5.7,11,240.0,16,902.0,13.7,7.4,1.9,8.894,1034.7,0.8,1.2,1175,Newport
2021-02-28,4.8,12,130.0,17,1032.0,12.7,2.8,0.0,9.116,1033.5,0.9,1.3,1175,Newport
2021-03-01,5.0,10,110.0,15,1032.0,11.2,0.0,0.0,6.587,1028.2,0.9,1.3,1175,Newport
2021-03-02,6.0,11,110.0,14,878.0,8.6,4.1,0.0,7.096,1025.9,0.8,1.2,1175,Newport
2021-03-03,6.0,11,0.0,19,395.0,7.4,2.8,0.0,6.343,1026.0,0.6,0.9,1175,Newport
2021-03-04,5.3,10,70.0,15,201.0,5.3,0.8,0.0,4.603,1026.1,0.5,0.7,1175,Newport
2021-03-05,8.6,13,160.0,19,712.0,10.4,3.9,0.0,5.749,1028.9,1.3,1.7,1175,Newport
2021-03-06,6.4,13,110.0,16,1086.0,12.1,3.2,0.0,6.611,1028.8,1.4,1.9,1175,Newport
2021-03-07,3.2,7,190.0,10,187.0,8.2,4.9,1.4,6.919,1024.5,0.5,0.7,1175,Newport
2021-03-08,7.7,14,220.0,22,148.0,8.9,6.8,2.1,7.073,1018.6,0.5,0.8,1175,Newport
2021-03-09,13.4,31,210.0,49,97.0,11.1,6.1,7.0,7.558,1005.0,0.6,0.9,1175,Newport
2021-03-10,16.0,30,210.0,47,477.0,12.3,4.9,10.7,7.474,983.1,0.9,1.4,1175,Newport
2021-03-11,16.5,31,300.0,45,697.0,9.9,3.8,9.7,6.861,981.6,1.1,1.7,1175,Newport
2021-03-12,11.3,21,210.0,38,453.0,8.5,2.9,17.0,5.556,986.4,0.8,1.2,1175,Newport
2021-03-13,21.5,30,290.0,46,563.0,8.4,2.9,22.7,4.854,994.3,1.3,2.1,1175,Newport
2021-03-14,15.3,26,290.0,40,407.0,11.1,5.7,4.5,6.412,1013.1,1.1,1.6,1175,Newport
2021-03-15,6.5,12,280.0,19,582.0,13.1,8.5,2.7,8.807,1021.6,1.0,1.3,1175,Newport
2021-03-16,7.4,16,320.0,25,1476.0,13.7,4.5,2.1,10.257,1030.8,1.3,2.0,1175,Newport
2021-03-17,5.0,10,340.0,14,911.0,11.4,1.9,0.1,8.208,1035.9,0.9,1.3,1175,Newport
2021-03-18,6.3,12,350.0,17,658.0,11.8,6.7,0.0,9.292,1034.0,0.9,1.2,1175,Newport
2021-03-19,9.1,17,340.0,24,1495.0,14.3,4.9,0.0,10.368,1031.4,1.5,2.3,1175,Newport
2021-03-20,4.0,13,320.0,18,1055.0,11.0,2.2,0.2,9.102,1032.4,1.0,1.4,1175,Newport
2021-03-21,5.1,14,200.0,19,538.0,10.6,7.6,0.8,9.645,1028.7,0.8,1.2,1175,Newport
2021-03-22,10.0,15,220.0,22,965.0,13.0,7.4,0.0,9.71,1020.4,1.5,2.1,1175,Newport
2021-03-23,13.0,26,210.0,40,643.0,11.7,6.5,1.6,9.087,1011.3,1.3,1.8,1175,Newport
2021-03-24,9.0,19,210.0,29,922.0,12.9,4.5,1.7,8.487,1010.7,1.3,1.9,1175,Newport
2021-03-25,13.3,24,200.0,34,729.0,11.8,5.6,7.4,8.983,1002.6,1.1,1.7,1175,Newport
2021-03-26,15.1,27,270.0,40,936.0,7.5,2.1,12.4,6.913,1001.4,1.1,1.9,1175,Newport
2021-03-27,17.0,30,200.0,45,438.0,10.8,3.1,3.0,6.183,1005.0,1.1,1.7,1175,Newport
2021-03-28,15.7,28,200.0,43,321.0,12.3,7.4,19.5,8.861,1002.5,0.6,1.0,1175,Newport
2021-03-29,17.6,24,210.0,36,331.0,13.5,11.3,4.5,10.475,1011.2,1.1,1.6,1175,Newport
2021-03-30,10.0,19,210.0,28,502.0,13.7,9.8,2.2,10.685,1018.2,1.2,1.7,1175,Newport
2021-03-31,7.4,13,350.0,18,535.0,9.9,6.6,7.8,9.908,1017.1,0.7,1.1,1175,Newport
2021-04-01,9.3,17,90.0,26,1485.0,15.8,7.9,0.0,10.64,1023.1,2.0,2.9,1175,Newport
2021-04-02,9.7,17,350.0,24,1983.0,13.4,5.4,0.0,10.51,1030.8,2.3,3.5,1175,Newport
2021-04-03,5.6,14,350.0,18,1907.0,17.0,3.8,0.1,10.315,1032.1,2.4,3.3,1175,Newport
2021-04-04,7.8,15,260.0,23,1397.0,13.6,2.7,0.3,9.637,1025.9,1.7,2.5,1175,Newport
2021-04-05,9.8,17,340.0,28,1185.0,7.5,1.7,1.5,8.438,1025.3,1.4,2.2,1175,Newport
2021-04-06,9.4,18,0.0,33,1526.0,8.4,1.6,1.5,7.306,1026.3,1.5,2.4,1175,Newport
2021-04-07,6.2,18,280.0,27,1502.0,12.7,2.7,2.1,8.361,1022.3,1.6,2.4,1175,Newport
2021-04-08,9.4,16,260.0,27,975.0,10.5,5.0,4.8,9.12,1014.9,1.3,2.0,1175,Newport
2021-04-09,6.2,15,20.0,24,1512.0,8.9,1.2,0.6,8.043,1013.6,1.7,2.5,1175,Newport
2021-04-10,6.2,17,310.0,24,1542.0,7.4,0.2,2.6,6.713,1017.8,1.5,2.3,1175,Newport
2021-04-11,6.6,16,270.0,23,1376.0,11.7,0.3,1.9,6.792,1021.8,1.7,2.5,1175,Newport
2021-04-12,4.6,12,280.0,19,1034.0,13.3,4.4,3.6,8.271,1026.5,1.5,2.0,1175,Newport
2021-04-13,4.8,10,340.0,14,2195.0,15.3,2.3,0.1,9.799,1029.6,2.4,3.5,1175,Newport
2021-04-14,5.2,11,170.0,15,2082.0,17.5,3.3,0.1,10.82,1029.7,2.8,3.9,1175,Newport
2021-04-15,8.2,14,170.0,21,2234.0,16.3,4.2,0.0,11.002,1027.3,3.1,4.4,1175,Newport
2021-04-16,10.5,14,140.0,20,749.0,10.7,6.1,0.7,9.558,1024.6,1.6,2.2,1175,Newport
2021-04-17,11.4,17,140.0,24,619.0,12.0,5.8,5.1,9.198,1021.3,1.3,1.9,1175,Newport
2021-04-18,5.6,10,130.0,14,477.0,11.5,8.2,8.0,10.11,1017.5,0.9,1.2,1175,Newport
2021-04-19,8.9,13,150.0,18,421.0,10.0,8.2,6.0,10.078,1015.1,0.7,1.1,1175,Newport
2021-04-20,6.5,14,350.0,22,661.0,10.0,6.0,0.7,9.913,1017.2,1.0,1.4,1175,Newport
2021-04-21,6.7,12,110.0,20,1922.0,15.9,3.6,0.0,10.175,1018.9,2.5,3.6,1175,Newport
2021-04-22,8.3,14,120.0,21,2086.0,17.8,6.8,0.0,11.895,1021.1,3.1,4.4,1175,Newport
2021-04-23,8.8,15,130.0,23,1639.0,17.5,5.7,0.0,11.315,1020.9,3.1,4.2,1175,Newport
2021-04-24,8.4,18,120.0,25,2442.0,19.6,9.3,0.0,12.36,1023.4,4.5,5.9,1175,Newport
2021-04-25,5.3,10,120.0,17,2231.0,19.6,5.7,0.0,12.65,1025.4,3.5,4.7,1175,Newport
2021-04-26,6.3,13,320.0,19,2224.0,18.8,4.5,0.1,12.762,1020.0,3.2,4.4,1175,Newport
2021-04-27,10.4,18,0.0,30,1489.0,11.7,8.0,2.7,12.055,1012.4,1.9,3.0,1175,Newport
2021-04-28,8.0,12,350.0,20,1785.0,12.6,4.7,0.0,11.157,1012.8,2.5,3.6,1175,Newport
2021-04-29,5.7,14,320.0,24,1664.0,12.2,3.1,3.1,10.73,1013.3,2.0,2.9,1175,Newport
2021-04-30,5.8,10,350.0,15,1350.0,15.0,4.4,0.0,10.438,1015.2,2.4,3.2,1175,Newport
2021-05-01,5.2,12,0.0,18,1741.0,13.0,1.8,0.0,9.784,1016.6,2.3,3.2,1175,Newport
2021-05-02,6.3,12,210.0,19,1685.0,15.1,1.5,3.4,10.305,1014.9,2.3,3.3,1175,Newport
2021-05-03,17.7,33,310.0,45,1337.0,11.7,6.8,18.9,10.45,996.7,1.4,2.7,1175,Newport
2021-05-04,15.1,24,320.0,34,1957.0,9.7,4.7,5.4,9.335,1005.5,2.2,3.9,1175,Newport
2021-05-05,7.1,15,0.0,22,2017.0,9.9,1.8,0.9,9.249,1009.7,2.3,3.4,1175,Newport
2021-05-06,5.7,15,10.0,29,2191.0,10.9,0.2,0.1,9.229,1010.4,2.4,3.6,1175,Newport
2021-05-07,7.8,18,120.0,31,2478.0,14.5,0.7,0.5,10.639,1006.6,3.1,4.6,1175,Newport
2021-05-08,12.3,20,90.0,33,1279.0,16.1,4.6,12.6,10.988,990.6,2.0,3.1,1175,Newport
2021-05-09,12.5,22,170.0,32,849.0,13.5,9.2,5.1,11.58,979.0,1.3,2.1,1175,Newport
2021-05-10,8.0,15,200.0,23,1905.0,15.8,9.4,6.2,13.372,985.0,2.5,3.7,1175,Newport
2021-05-11,11.3,17,160.0,25,1609.0,15.4,7.2,0.0,13.003,995.7,2.4,3.7,1175,Newport
2021-05-12,5.8,12,350.0,18,2132.0,15.8,4.3,0.0,12.568,1003.8,2.9,4.1,1175,Newport
2021-05-13,4.5,10,320.0,15,1065.0,14.9,7.3,4.6,12.475,1007.9,1.8,2.4,1175,Newport
2021-05-14,4.2,15,200.0,22,1421.0,15.6,4.9,0.3,12.262,1002.8,2.1,2.9,1175,Newport
2021-05-15,6.6,12,130.0,19,980.0,12.7,7.4,3.3,12.387,993.9,1.5,2.1,1175,Newport
2021-05-16,7.0,14,340.0,21,1907.0,14.8,7.5,0.0,13.09,996.8,2.6,3.8,1175,Newport
2021-05-17,5.4,13,240.0,21,1728.0,15.9,6.0,1.0,13.045,1004.5,2.5,3.5,1175,Newport
2021-05-18,5.8,12,230.0,19,2627.0,15.9,6.5,5.2,14.07,1009.8,3.3,4.7,1175,Newport
2021-05-19,6.3,13,190.0,20,2825.0,16.3,6.8,0.3,14.642,1012.9,3.6,5.2,1175,Newport
2021-05-20,14.5,24,110.0,40,744.0,13.0,8.2,19.5,13.087,994.4,1.1,1.9,1175,Newport
2021-05-21,12.4,19,350.0,29,739.0,10.9,6.0,1.8,11.423,996.1,1.2,2.0,1175,Newport
2021-05-22,6.8,12,240.0,21,2130.0,14.7,4.5,2.0,11.63,1002.4,2.8,4.1,1175,Newport
2021-05-23,7.6,17,190.0,27,2210.0,14.0,6.7,9.8,12.815,995.0,2.9,4.3,1175,Newport
2021-05-24,9.2,18,280.0,28,1427.0,12.6,6.2,5.0,12.233,1003.6,1.9,3.0,1175,Newport
2021-05-25,6.5,14,310.0,21,2051.0,15.1,7.2,0.0,13.243,1014.7,2.8,4.1,1175,Newport
2021-05-26,3.7,9,10.0,13,1820.0,16.8,4.5,0.0,13.16,1015.2,2.6,3.6,1175,Newport
2021-05-27,7.0,14,120.0,20,702.0,12.5,6.8,7.4,12.33,1015.1,1.1,1.6,1175,Newport
2021-05-28,3.9,10,240.0,15,3028.0,19.4,5.5,0.0,14.698,1018.3,4.0,5.5,1175,Newport
2021-05-29,3.5,9,210.0,13,2285.0,19.7,7.8,0.0,16.295,1022.8,3.3,4.5,1175,Newport
2021-05-30,6.4,12,230.0,18,2954.0,23.1,7.7,0.0,17.432,1021.9,4.4,6.1,1175,Newport
2021-05-31,8.4,21,150.0,27,1867.0,21.5,11.3,0.2,17.188,1013.5,3.5,4.8,1175,Newport
2021-06-01,7.8,15,350.0,22,789.0,12.1,9.1,4.3,15.023,1011.1,1.2,1.8,1175,Newport
2021-06-02,9.1,14,350.0,21,693.0,14.6,10.0,3.9,13.798,1009.9,1.2,1.8,1175,Newport
2021-06-03,9.2,19,210.0,29,1468.0,19.6,10.2,6.3,15.172,1010.4,2.6,3.6,1175,Newport
2021-06-04,7.4,13,170.0,19,962.0,16.1,10.3,3.5,14.767,1015.5,1.6,2.3,1175,Newport
2021-06-05,4.9,11,230.0,18,1452.0,17.2,7.1,0.2,15.298,1020.2,2.3,3.1,1175,Newport
2021-06-06,4.4,9,240.0,15,2284.0,18.1,6.7,0.0,15.665,1021.5,3.2,4.5,1175,Newport
2021-06-07,9.4,16,170.0,24,1105.0,16.6,9.6,0.0,15.3,1016.8,2.1,2.9,1175,Newport
2021-06-08,7.5,16,180.0,22,796.0,18.8,12.9,1.3,15.4,1012.8,1.9,2.5,1175,Newport
2021-06-09,7.6,15,210.0,21,782.0,16.5,14.0,3.3,16.045,1011.0,1.3,1.9,1175,Newport
2021-06-10,12.3,20,210.0,29,1311.0,18.9,13.1,3.9,16.387,1009.3,2.2,3.4,1175,Newport
2021-06-11,8.6,15,220.0,24,1315.0,16.7,10.7,0.2,15.922,1014.0,2.1,3.1,1175,Newport
2021-06-12,6.3,10,230.0,19,853.0,16.1,10.6,1.9,15.41,1021.3,1.5,2.1,1175,Newport
2021-06-13,8.0,13,220.0,22,889.0,18.6,10.4,5.0,15.825,1020.8,1.6,2.3,1175,Newport
2021-06-14,7.1,15,270.0,19,1093.0,15.2,8.7,0.0,14.795,1020.2,1.8,2.6,1175,Newport
2021-06-15,8.4,16,210.0,24,572.0,15.5,7.7,16.3,13.87,1013.4,0.9,1.4,1175,Newport
2021-06-16,9.9,15,220.0,24,2159.0,17.1,9.7,1.0,15.235,1006.2,2.9,4.5,1175,Newport
2021-06-17,7.5,15,320.0,22,2272.0,15.0,8.6,0.2,15.787,1013.4,3.0,4.4,1175,Newport
2021-06-18,4.3,8,330.0,13,2023.0,17.5,6.1,0.0,15.5,1016.5,3.1,4.2,1175,Newport
2021-06-19,6.5,14,140.0,21,1608.0,17.2,8.6,0.0,15.618,1009.4,2.8,3.8,1175,Newport
2021-06-20,10.3,20,0.0,30,1661.0,17.9,11.1,0.0,16.202,1010.5,2.8,4.1,1175,Newport
2021-06-21,8.6,14,0.0,22,2188.0,14.7,8.4,0.0,15.4,1018.8,3.0,4.5,1175,Newport
2021-06-22,5.7,11,230.0,18,833.0,14.6,6.2,5.8,14.038,1022.8,1.4,2.0,1175,Newport
2021-06-23,8.1,14,220.0,20,2290.0,19.4,10.6,0.5,16.285,1022.3,3.1,4.6,1175,Newport
2021-06-24,7.4,12,240.0,20,491.0,14.7,10.8,6.5,15.552,1020.8,0.9,1.3,1175,Newport
2021-06-25,9.0,15,0.0,26,1451.0,14.2,10.0,0.0,14.595,1021.6,2.4,3.5,1175,Newport
2021-06-26,10.6,16,350.0,23,3050.0,17.2,9.2,0.0,16.005,1020.8,3.9,6.1,1175,Newport
2021-06-27,8.5,13,340.0,19,2653.0,18.4,9.3,0.0,17.11,1019.6,3.8,5.5,1175,Newport
2021-06-28,7.6,12,0.0,18,2336.0,19.0,11.3,0.0,17.475,1017.7,3.7,5.1,1175,Newport
2021-06-29,7.9,11,0.0,17,1667.0,17.1,11.5,0.0,16.993,1018.4,2.6,3.8,1175,Newport
2021-06-30,7.1,12,0.0,17,2442.0,19.5,10.8,0.0,17.593,1017.0,3.7,5.2,1175,Newport
2021-07-01,5.6,10,220.0,17,2055.0,19.9,10.6,0.0,17.932,1015.7,3.2,4.4,1175,Newport
2021-07-02,4.3,10,140.0,14,1117.0,18.8,11.8,2.2,17.92,1011.1,2.1,2.8,1175,Newport
2021-07-03,6.4,12,120.0,18,572.0,18.4,13.1,6.8,16.99,1003.6,1.3,1.8,1175,Newport
2021-07-04,5.9,11,240.0,17,1377.0,19.3,12.4,4.0,17.73,999.6,2.2,3.1,1175,Newport
2021-07-05,5.0,11,280.0,16,1393.0,17.8,11.8,5.8,17.3,997.0,2.2,3.1,1175,Newport
2021-07-06,7.4,13,330.0,19,561.0,14.6,12.5,5.7,16.315,997.1,1.0,1.4,1175,Newport
2021-07-07,6.2,11,290.0,16,990.0,17.5,12.8,0.0,16.265,1008.5,1.9,2.5,1175,Newport
2021-07-08,3.4,7,200.0,13,1273.0,18.0,12.1,0.2,17.007,1016.9,2.2,2.9,1175,Newport
2021-07-09,5.9,10,130.0,14,1089.0,18.8,12.4,0.0,17.33,1015.5,2.0,2.7,1175,Newport
2021-07-10,4.6,10,240.0,16,1159.0,21.7,13.8,7.0,18.042,1010.9,2.3,3.0,1175,Newport
2021-07-11,5.5,11,350.0,17,1095.0,17.0,13.6,2.0,17.915,1007.8,1.8,2.5,1175,Newport
2021-07-12,6.4,14,330.0,20,1558.0,20.0,13.7,0.1,18.087,1012.4,2.6,3.6,1175,Newport
2021-07-13,4.5,10,230.0,16,1687.0,21.7,14.1,0.4,18.612,1016.7,3.0,4.0,1175,Newport
2021-07-14,6.0,11,240.0,18,899.0,17.9,12.4,0.0,17.987,1020.2,1.7,2.3,1175,Newport
2021-07-15,5.7,10,230.0,16,1608.0,21.0,13.5,0.1,18.415,1024.5,2.6,3.6,1175,Newport
2021-07-16,5.9,10,210.0,14,2676.0,23.9,13.6,0.1,20.282,1027.3,4.1,5.7,1175,Newport
2021-07-17,4.5,9,350.0,14,2782.0,27.2,12.8,0.0,21.41,1027.3,4.6,6.1,1175,Newport
2021-07-18,6.2,13,0.0,19,2783.0,25.7,12.6,0.0,21.897,1023.6,4.4,6.1,1175,Newport
2021-07-19,6.4,13,350.0,18,2318.0,28.1,13.6,0.0,22.218,1019.2,4.2,5.5,1175,Newport
2021-07-20,4.0,8,200.0,13,2701.0,29.0,15.3,0.0,23.237,1017.9,4.7,6.1,1175,Newport
2021-07-21,4.0,10,100.0,14,2507.0,30.0,16.0,0.0,23.987,1019.1,4.6,5.9,1175,Newport
2021-07-22,5.3,11,130.0,14,2190.0,29.0,19.3,0.0,24.37,1017.7,4.6,5.8,1175,Newport
2021-07-23,4.4,15,150.0,23,2121.0,29.6,17.4,7.4,23.765,1013.2,4.2,5.4,1175,Newport
2021-07-24,4.6,12,290.0,18,2161.0,27.6,14.9,0.0,23.163,1008.9,3.9,5.1,1175,Newport
2021-07-25,5.3,10,0.0,16,2586.0,25.7,14.9,0.0,23.058,1009.4,4.2,5.6,1175,Newport
2021-07-26,4.0,9,350.0,15,487.0,18.4,14.9,2.3,20.515,1008.9,1.2,1.5,1175,Newport
2021-07-27,8.4,15,290.0,20,1249.0,20.1,12.3,0.2,18.96,1005.9,2.3,3.2,1175,Newport
2021-07-28,9.2,17,300.0,26,1419.0,17.2,11.9,11.0,17.75,1003.5,2.4,3.4,1175,Newport
2021-07-29,6.4,12,290.0,22,739.0,17.0,12.8,3.4,16.478,1005.5,1.7,2.2,1175,Newport
2021-07-30,7.4,15,270.0,23,1334.0,19.7,13.8,0.8,17.185,1005.6,2.5,3.4,1175,Newport
2021-07-31,5.3,11,350.0,16,969.0,17.3,12.6,0.2,17.628,1008.9,1.9,2.5,1175,Newport
2021-08-01,6.4,13,350.0,19,2046.0,17.6,12.0,0.0,17.47,1013.0,3.2,4.4,1175,Newport
2021-08-02,3.6,9,200.0,15,1113.0,19.7,11.6,10.6,17.28,1013.0,1.9,2.5,1175,Newport
2021-08-03,4.1,10,250.0,15,1791.0,21.9,12.3,0.0,18.323,1009.8,2.9,3.8,1175,Newport
2021-08-04,5.2,10,140.0,14,1307.0,19.4,13.9,4.6,18.76,1003.7,2.3,3.1,1175,Newport
2021-08-05,9.0,19,120.0,27,1564.0,22.2,13.4,18.8,18.708,993.1,2.6,3.7,1175,Newport
2021-08-06,9.5,17,280.0,25,743.0,18.9,14.0,26.2,17.9,989.5,1.4,2.0,1175,Newport
2021-08-07,17.4,22,310.0,39,412.0,15.7,14.1,27.3,16.25,993.4,1.0,1.6,1175,Newport
2021-08-08,13.0,22,280.0,39,1351.0,18.9,12.7,7.9,16.142,999.7,2.4,3.5,1175,Newport
2021-08-09,7.7,12,320.0,19,1526.0,19.6,13.3,9.9,17.065,1006.0,2.4,3.4,1175,Newport
2021-08-10,4.5,10,140.0,15,911.0,18.4,12.7,0.1,17.245,1009.3,1.7,2.3,1175,Newport
2021-08-11,9.4,15,260.0,22,2418.0,19.3,11.1,9.8,18.317,1006.9,3.0,4.6,1175,Newport
2021-08-12,16.3,23,210.0,36,1595.0,17.6,12.5,6.9,16.597,1004.4,2.3,3.8,1175,Newport
2021-08-13,11.5,19,220.0,31,1247.0,19.1,12.0,1.6,16.417,1011.0,2.1,3.1,1175,Newport
2021-08-14,5.5,12,70.0,18,674.0,16.2,10.8,6.6,15.628,1012.1,1.2,1.7,1175,Newport
2021-08-15,10.0,15,320.0,26,1246.0,16.9,12.9,1.8,16.18,1012.5,2.1,3.0,1175,Newport
2021-08-16,10.5,15,270.0,23,783.0,17.5,12.5,0.2,15.577,1019.1,1.8,2.5,1175,Newport
2021-08-17,7.4,16,260.0,24,755.0,16.8,12.4,0.4,15.595,1020.9,1.5,2.0,1175,Newport
2021-08-18,4.8,10,240.0,14,971.0,17.2,11.9,0.1,16.062,1015.7,1.7,2.3,1175,Newport
2021-08-19,4.4,11,230.0,17,1175.0,20.2,11.1,0.4,16.705,1008.9,2.0,2.6,1175,Newport
2021-08-20,9.0,16,130.0,23,624.0,19.2,14.5,18.0,17.312,1005.2,1.1,1.6,1175,Newport
2021-08-21,7.4,13,220.0,21,1465.0,19.8,14.2,4.1,17.685,1009.8,2.2,3.1,1175,Newport
2021-08-22,3.4,9,260.0,13,996.0,20.0,13.1,0.0,17.983,1019.2,1.8,2.3,1175,Newport
2021-08-23,3.0,7,20.0,11,1309.0,24.2,14.6,0.3,18.845,1026.5,2.3,3.0,1175,Newport
2021-08-24,5.1,9,150.0,14,2128.0,24.9,14.0,0.0,19.573,1028.0,3.3,4.5,1175,Newport
2021-08-25,5.9,13,340.0,18,1895.0,24.9,13.8,0.0,19.81,1025.5,3.2,4.2,1175,Newport
2021-08-26,4.8,10,20.0,15,1917.0,25.0,13.1,0.0,19.915,1022.1,3.0,4.0,1175,Newport
2021-08-27,3.4,7,20.0,10,1822.0,25.8,11.9,0.0,20.4,1022.6,2.8,3.7,1175,Newport
2021-08-28,5.9,12,0.0,18,1693.0,24.3,13.6,0.0,20.15,1025.5,2.8,3.7,1175,Newport
2021-08-29,6.9,10,0.0,17,710.0,17.2,13.9,0.0,18.323,1026.2,1.4,1.9,1175,Newport
2021-08-30,5.8,11,80.0,16,872.0,18.5,13.9,0.0,17.61,1027.6,1.8,2.4,1175,Newport
2021-08-31,6.3,10,70.0,17,1431.0,18.7,13.2,0.0,17.51,1030.8,2.4,3.2,1175,Newport
2021-09-01,5.0,9,80.0,14,831.0,18.1,12.3,0.0,16.837,1031.6,1.8,2.3,1175,Newport
2021-09-02,5.0,11,100.0,15,782.0,17.4,12.1,0.0,16.305,1027.8,1.6,2.1,1175,Newport
2021-09-03,3.8,8,100.0,14,521.0,17.2,13.1,0.0,16.323,1020.9,1.3,1.7,1175,Newport
2021-09-04,5.8,10,120.0,15,995.0,19.7,13.1,0.0,16.657,1014.8,1.9,2.5,1175,Newport
2021-09-05,4.1,12,120.0,16,628.0,18.9,14.1,15.9,16.933,1014.7,1.3,1.7,1175,Newport
2021-09-06,4.9,10,260.0,17,595.0,19.6,15.7,1.2,17.455,1017.9,1.1,1.5,1175,Newport
2021-09-07,5.0,8,350.0,14,1236.0,24.7,15.7,0.0,18.513,1015.1,2.1,2.8,1175,Newport
2021-09-08,5.7,12,350.0,17,451.0,20.2,16.2,17.1,18.118,1007.6,1.1,1.4,1175,Newport
2021-09-09,5.3,9,350.0,14,855.0,21.2,16.1,7.3,18.42,1002.4,1.4,1.8,1175,Newport
2021-09-10,6.1,9,340.0,16,534.0,17.0,14.5,1.6,17.86,1007.6,1.0,1.4,1175,Newport
2021-09-11,5.6,15,290.0,20,836.0,17.5,10.4,0.1,16.715,1014.7,1.3,1.8,1175,Newport
2021-09-12,3.6,8,70.0,12,795.0,17.0,8.8,0.1,15.34,1017.0,1.4,1.8,1175,Newport
2021-09-13,6.2,14,120.0,19,629.0,16.8,11.4,0.6,15.343,1011.7,1.0,1.4,1175,Newport
2021-09-14,5.0,10,10.0,14,520.0,18.5,14.5,9.3,16.353,1009.8,1.0,1.4,1175,Newport
2021-09-15,4.6,9,220.0,14,1021.0,18.0,11.8,0.0,16.43,1012.7,1.5,2.0,1175,Newport
2021-09-16,8.1,15,140.0,21,331.0,18.3,12.6,10.5,16.253,1007.8,0.8,1.1,1175,Newport
2021-09-17,5.4,12,130.0,22,1461.0,20.5,11.2,2.7,17.193,1006.2,1.8,2.6,1175,Newport
2021-09-18,6.0,14,130.0,20,334.0,14.5,10.1,1.7,15.355,1008.5,0.8,1.1,1175,Newport
2021-09-19,6.0,12,260.0,20,1256.0,19.6,10.0,3.3,15.372,1012.4,1.7,2.3,1175,Newport
2021-09-20,5.7,10,260.0,16,652.0,19.0,12.1,0.6,15.743,1022.7,1.3,1.7,1175,Newport
2021-09-21,8.9,16,200.0,25,774.0,17.9,13.4,0.5,15.642,1025.5,1.3,1.8,1175,Newport
2021-09-22,10.6,17,210.0,25,209.0,16.5,12.6,5.5,15.457,1020.8,0.6,0.8,1175,Newport
2021-09-23,6.9,16,270.0,21,1052.0,19.2,11.9,1.3,15.41,1015.8,1.5,2.0,1175,Newport
2021-09-24,9.5,17,260.0,25,498.0,18.3,15.2,0.7,16.272,1011.6,0.8,1.2,1175,Newport
2021-09-25,9.0,16,210.0,21,853.0,19.7,14.8,1.9,16.692,1005.2,1.5,2.1,1175,Newport
2021-09-26,8.4,19,160.0,27,557.0,16.5,10.6,4.1,15.85,997.8,1.1,1.5,1175,Newport
2021-09-27,8.0,15,210.0,26,942.0,15.9,7.6,13.6,13.682,1000.5,1.4,2.0,1175,Newport
2021-09-28,8.4,16,290.0,29,1022.0,14.8,7.3,10.0,12.385,1007.6,1.3,1.8,1175,Newport
2021-09-29,10.2,18,150.0,26,914.0,14.0,7.8,11.4,11.898,1013.5,1.1,1.6,1175,Newport
2021-09-30,10.8,26,200.0,39,329.0,15.2,11.1,16.0,13.297,1001.8,0.6,0.9,1175,Newport
2021-10-01,13.0,27,270.0,51,849.0,13.5,7.2,14.2,11.785,999.2,1.1,1.7,1175,Newport
2021-10-02,8.4,17,120.0,28,1143.0,14.8,7.5,15.4,11.595,988.4,1.4,2.0,1175,Newport
2021-10-03,10.8,23,290.0,37,730.0,14.4,8.5,14.8,11.568,987.9,1.1,1.5,1175,Newport
2021-10-04,5.2,11,210.0,21,851.0,15.7,7.4,4.2,11.533,997.6,1.1,1.5,1175,Newport
2021-10-05,7.1,16,290.0,22,1263.0,14.8,7.5,0.7,11.398,1006.8,1.3,1.9,1175,Newport
2021-10-06,9.0,17,210.0,28,122.0,16.6,8.6,19.1,11.788,1011.7,0.6,0.8,1175,Newport
2021-10-07,8.1,15,200.0,24,186.0,16.6,14.6,26.9,14.425,1012.3,0.5,0.7,1175,Newport
2021-10-08,8.9,14,120.0,20,131.0,16.9,14.1,45.9,14.88,1017.6,0.5,0.7,1175,Newport
2021-10-09,5.2,9,210.0,14,1060.0,18.6,9.8,5.2,15.18,1024.0,1.1,1.6,1175,Newport
2021-10-10,3.5,11,260.0,18,990.0,17.5,7.4,0.1,12.845,1030.8,1.0,1.4,1175,Newport
2021-10-11,3.7,9,210.0,15,758.0,16.5,8.0,0.0,12.342,1030.0,0.9,1.3,1175,Newport
2021-10-12,2.5,6,250.0,9,381.0,14.8,10.4,0.0,12.778,1027.2,0.8,1.0,1175,Newport
2021-10-13,4.9,10,190.0,16,501.0,16.6,10.7,0.0,13.005,1023.9,1.1,1.4,1175,Newport
2021-10-14,8.3,13,240.0,21,310.0,15.3,11.4,4.6,13.033,1018.7,0.9,1.1,1175,Newport
2021-10-15,5.3,9,130.0,15,680.0,13.4,8.0,0.1,12.538,1018.1,0.9,1.2,1175,Newport
2021-10-16,8.2,15,140.0,23,161.0,14.9,10.2,3.7,12.21,1010.1,0.5,0.7,1175,Newport
2021-10-17,7.1,17,140.0,24,406.0,14.6,11.6,1.3,13.427,1005.7,0.5,0.8,1175,Newport
2021-10-18,11.9,20,210.0,31,296.0,16.3,13.6,5.7,14.05,1000.8,0.7,0.9,1175,Newport
2021-10-19,12.7,23,210.0,37,395.0,17.2,9.1,14.4,14.323,997.4,1.0,1.3,1175,Newport
2021-10-20,7.6,16,290.0,25,677.0,15.5,7.2,3.2,11.702,997.7,1.2,1.5,1175,Newport
2021-10-21,8.3,16,310.0,24,708.0,12.6,4.7,1.2,9.92,1009.7,1.0,1.3,1175,Newport
2021-10-22,8.7,15,290.0,23,553.0,14.4,8.7,2.2,10.615,1016.3,0.9,1.2,1175,Newport
2021-10-23,12.8,20,160.0,28,87.0,13.4,10.1,9.1,11.298,1007.8,0.6,0.9,1175,Newport
2021-10-24,11.8,18,220.0,31,532.0,14.7,8.2,7.8,11.632,1001.7,0.8,1.1,1175,Newport
2021-10-25,8.3,15,200.0,24,702.0,14.2,7.1,8.7,10.64,1005.2,0.8,1.0,1175,Newport
2021-10-26,17.7,28,200.0,44,109.0,15.6,10.1,13.3,12.35,1001.6,0.6,0.8,1175,Newport
2021-10-27,9.2,17,190.0,27,180.0,14.5,10.4,2.5,12.92,998.1,0.5,0.7,1175,Newport
2021-10-28,3.9,9,100.0,16,453.0,14.2,7.8,3.0,11.142,993.1,0.5,0.7,1175,Newport
2021-10-29,4.1,10,200.0,17,480.0,13.1,5.2,10.7,9.955,987.1,0.4,0.6,1175,Newport
2021-10-30,6.0,22,100.0,34,425.0,11.3,4.9,11.1,8.958,983.0,0.4,0.6,1175,Newport
2021-10-31,12.0,27,310.0,40,239.0,10.2,7.0,16.6,9.205,978.3,0.5,0.7,1175,Newport
2021-11-01,11.4,22,300.0,35,477.0,12.2,5.7,11.4,8.8,988.9,0.9,1.1,1175,Newport
2021-11-02,4.5,11,310.0,17,359.0,10.8,5.2,4.8,7.939,999.0,0.4,0.6,1175,Newport
2021-11-03,5.9,13,350.0,24,530.0,11.0,5.2,1.8,7.656,1011.9,0.5,0.7,1175,Newport
2021-11-04,4.5,14,300.0,20,386.0,10.9,5.3,0.4,7.702,1021.3,0.5,0.7,1175,Newport
2021-11-05,6.1,11,230.0,21,198.0,11.6,8.4,1.2,9.04,1023.0,0.5,0.7,1175,Newport
2021-11-06,15.1,23,280.0,38,271.0,13.4,9.1,7.4,10.062,1017.1,0.8,1.0,1175,Newport
2021-11-07,6.7,11,290.0,21,462.0,14.5,8.7,0.0,9.275,1018.9,0.9,1.1,1175,Newport
2021-11-08,9.2,19,200.0,30,66.0,14.4,10.5,25.4,11.18,1013.1,0.4,0.6,1175,Newport
2021-11-09,5.7,13,200.0,20,341.0,14.0,7.5,3.8,10.86,1014.6,0.4,0.6,1175,Newport
2021-11-10,3.6,10,190.0,15,288.0,11.3,5.3,0.0,9.273,1018.6,0.3,0.5,1175,Newport
2021-11-11,14.0,29,200.0,40,146.0,14.0,8.0,8.0,9.715,1007.3,0.6,0.8,1175,Newport
2021-11-12,13.8,24,200.0,36,174.0,11.8,9.7,9.6,10.467,1002.2,0.3,0.5,1175,Newport
2021-11-13,4.2,9,250.0,15,93.0,13.9,10.4,1.6,10.943,1014.2,0.4,0.6,1175,Newport
2021-11-14,5.4,13,230.0,21,115.0,14.5,10.7,13.4,12.03,1019.5,0.4,0.5,1175,Newport
2021-11-15,4.8,11,200.0,17,261.0,11.3,6.8,0.0,10.523,1022.9,0.2,0.3,1175,Newport
2021-11-16,12.6,20,290.0,28,125.0,11.9,7.8,9.2,10.177,1016.2,0.6,0.8,1175,Newport
2021-11-17,8.8,15,250.0,23,231.0,13.2,8.6,7.4,9.745,1019.5,0.6,0.7,1175,Newport
2021-11-18,9.0,14,240.0,23,109.0,13.1,12.0,1.2,11.363,1022.2,0.5,0.6,1175,Newport
2021-11-19,8.9,13,200.0,22,272.0,12.7,10.4,2.7,11.673,1023.7,0.2,0.3,1175,Newport
2021-11-20,6.7,14,340.0,22,228.0,11.5,5.4,4.3,10.627,1022.4,0.3,0.4,1175,Newport
2021-11-21,5.3,12,10.0,22,434.0,9.8,4.6,1.1,7.634,1027.8,0.3,0.4,1175,Newport
2021-11-22,2.7,6,340.0,9,277.0,10.0,3.3,0.0,6.991,1032.8,0.2,0.4,1175,Newport
2021-11-23,3.0,8,220.0,13,173.0,9.6,6.1,0.0,7.859,1030.0,0.4,0.5,1175,Newport
2021-11-24,8.5,17,320.0,34,268.0,9.8,3.9,7.2,7.567,1022.3,0.3,0.4,1175,Newport
2021-11-25,9.1,27,290.0,44,193.0,8.8,3.9,5.7,6.145,1017.6,0.5,0.6,1175,Newport
2021-11-26,20.3,32,290.0,50,216.0,10.0,3.2,13.2,6.906,1006.2,0.8,1.0,1175,Newport
2021-11-27,9.6,21,340.0,33,174.0,6.4,3.4,2.0,5.17,1013.1,0.7,0.9,1175,Newport
2021-11-28,5.3,15,320.0,25,111.0,10.1,3.9,5.1,6.293,1010.2,0.4,0.5,1175,Newport
2021-11-29,7.4,14,290.0,25,207.0,10.5,6.8,4.9,7.684,1012.5,0.1,0.2,1175,Newport
2021-11-30,13.6,30,320.0,42,50.0,11.2,8.3,30.5,8.79,1006.0,0.6,0.8,1175,Newport
2021-12-01,16.5,28,310.0,44,228.0,8.8,5.2,6.6,7.054,1008.3,0.9,1.0,1175,Newport
2021-12-02,6.9,19,270.0,30,116.0,11.2,5.9,19.7,6.828,1009.8,0.3,0.4,1175,Newport
2021-12-03,8.0,25,300.0,38,97.0,9.3,4.9,5.2,7.807,999.8,0.5,0.6,1175,Newport
2021-12-04,18.0,29,280.0,42,221.0,7.7,4.2,5.5,5.622,1003.2,1.1,1.3,1175,Newport
2021-12-05,5.8,16,340.0,26,290.0,9.5,3.9,4.5,4.834,1011.1,0.2,0.3,1175,Newport
2021-12-06,12.2,29,280.0,43,194.0,8.4,2.5,5.1,5.071,1001.9,0.3,0.4,1175,Newport
2021-12-07,22.5,43,300.0,65,81.0,6.9,0.8,31.0,4.369,977.6,0.4,0.6,1175,Newport
2021-12-08,24.7,44,300.0,63,119.0,7.4,4.5,2.0,4.309,987.3,1.6,2.4,1175,Newport
2021-12-09,13.4,28,290.0,44,131.0,9.3,3.9,8.5,5.077,994.1,0.7,0.9,1175,Newport
2021-12-10,11.9,24,310.0,40,205.0,8.5,3.8,13.4,4.247,1000.6,0.7,0.8,1175,Newport
2021-12-11,6.9,12,250.0,20,50.0,11.5,6.8,13.0,6.673,1004.4,0.4,0.5,1175,Newport
2021-12-12,10.7,28,150.0,48,76.0,12.4,6.9,2.2,7.344,1001.9,0.6,0.7,1175,Newport
2021-12-13,3.6,11,260.0,16,185.0,8.9,2.9,0.5,6.011,1014.2,0.2,0.3,1175,Newport
2021-12-14,12.6,17,200.0,28,52.0,10.2,4.4,0.0,6.129,1016.6,0.6,0.8,1175,Newport
2021-12-15,8.7,16,210.0,24,68.0,10.9,9.4,6.4,8.347,1022.0,0.3,0.4,1175,Newport
2021-12-16,7.1,14,190.0,21,84.0,11.4,8.5,0.0,8.575,1031.2,0.6,0.7,1175,Newport
2021-12-17,9.4,14,110.0,20,83.0,8.9,6.3,0.0,7.638,1035.7,0.6,0.7,1175,Newport
2021-12-18,7.5,13,120.0,18,48.0,7.0,5.1,0.0,6.904,1034.7,0.5,0.6,1175,Newport
2021-12-19,5.3,10,60.0,14,88.0,6.9,3.3,0.0,6.704,1031.1,0.3,0.4,1175,Newport
2021-12-20,6.6,11,130.0,17,37.0,5.9,2.7,0.1,6.035,1024.7,0.3,0.4,1175,Newport
2021-12-21,9.5,18,110.0,23,76.0,7.3,5.3,0.0,6.032,1016.6,0.6,0.8,1175,Newport
2021-12-22,12.8,19,120.0,28,37.0,11.4,6.5,8.5,6.678,1003.9,0.6,0.8,1175,Newport
2021-12-23,7.6,15,130.0,22,153.0,11.9,7.4,3.1,8.705,994.5,0.2,0.2,1175,Newport
2021-12-24,10.5,18,100.0,27,110.0,9.9,7.5,2.4,7.682,993.8,0.3,0.4,1175,Newport
2021-12-25,13.4,22,100.0,34,63.0,9.4,7.1,7.3,7.566,990.2,0.4,0.6,1175,Newport
2021-12-26,6.1,12,130.0,17,171.0,10.8,5.9,7.0,8.111,989.8,0.1,0.1,1175,Newport
2021-12-27,4.7,8,70.0,12,213.0,7.5,5.0,0.0,7.383,986.3,0.0,0.1,1175,Newport
2021-12-28,5.2,11,130.0,16,238.0,9.5,4.2,0.2,6.907,989.2,0.1,0.1,1175,Newport
2021-12-29,12.1,27,190.0,42,86.0,12.2,7.7,5.8,8.104,985.9,0.4,0.5,1175,Newport
2021-12-30,7.0,17,200.0,26,75.0,12.3,10.9,20.6,9.663,996.4,0.3,0.4,1175,Newport
2021-12-31,14.2,25,200.0,40,105.0,12.9,11.3,8.0,10.323,999.1,0.6,0.7,1175,Newport
2022-01-01,22.1,41,200.0,62,198.0,14.1,8.6,1.2,9.785,993.6,1.1,1.4,1175,Newport
2022-01-02,17.3,25,200.0,37,224.0,11.5,8.0,6.5,8.585,995.6,0.8,0.9,1175,Newport
2022-01-03,12.4,24,10.0,42,135.0,10.0,3.5,9.6,8.001,999.2,0.6,0.7,1175,Newport
2022-01-04,7.2,21,320.0,33,229.0,6.5,2.2,2.7,5.056,1008.1,0.5,0.6,1175,Newport
2022-01-05,4.6,15,110.0,20,301.0,6.8,0.6,0.0,3.585,1013.0,0.1,0.2,1175,Newport
2022-01-06,14.3,23,160.0,40,121.0,8.9,1.7,11.2,4.656,1002.3,0.4,0.6,1175,Newport
2022-01-07,11.4,24,270.0,35,175.0,8.9,1.5,10.6,3.967,1002.5,0.3,0.4,1175,Newport
2022-01-08,16.7,26,300.0,38,176.0,10.2,3.5,14.9,5.601,994.6,0.4,0.5,1175,Newport
2022-01-09,10.4,21,270.0,36,102.0,8.2,4.5,4.0,4.952,997.6,0.6,0.7,1175,Newport
2022-01-10,9.1,19,210.0,27,107.0,11.5,4.9,1.9,7.211,1010.2,0.5,0.7,1175,Newport
2022-01-11,3.9,12,280.0,17,362.0,11.6,4.2,0.3,6.134,1025.9,0.2,0.3,1175,Newport
2022-01-12,6.8,14,200.0,21,261.0,11.4,7.1,0.0,6.739,1035.0,0.5,0.5,1175,Newport
2022-01-13,6.4,12,200.0,18,195.0,10.6,7.5,0.0,7.388,1035.5,0.5,0.6,1175,Newport
2022-01-14,6.6,10,80.0,15,106.0,7.6,5.6,0.0,6.945,1029.2,0.5,0.6,1175,Newport
2022-01-15,3.5,8,100.0,13,133.0,7.6,5.4,0.1,6.406,1020.0,0.3,0.4,1175,Newport
2022-01-16,4.5,15,340.0,22,232.0,8.6,1.3,0.8,6.412,1026.3,0.1,0.2,1175,Newport
2022-01-17,8.3,17,110.0,27,297.0,6.6,0.7,0.0,4.221,1032.0,0.2,0.2,1175,Newport
2022-01-18,10.7,20,130.0,30,109.0,11.2,5.5,6.3,5.824,1026.5,0.4,0.6,1175,Newport
2022-01-19,8.7,16,310.0,28,210.0,9.9,5.9,1.0,7.008,1029.7,0.4,0.5,1175,Newport
2022-01-20,2.2,6,350.0,11,370.0,9.8,4.0,0.2,6.009,1038.2,0.1,0.2,1175,Newport
2022-01-21,3.6,9,240.0,17,233.0,9.1,4.5,1.5,6.28,1037.5,0.2,0.3,1175,Newport
2022-01-22,7.4,13,200.0,20,342.0,10.5,6.7,1.1,7.186,1033.0,0.3,0.4,1175,Newport
2022-01-23,11.5,16,200.0,25,93.0,8.5,7.4,0.0,7.05,1026.7,0.9,1.1,1175,Newport
2022-01-24,7.7,13,160.0,17,327.0,10.6,6.2,1.3,7.263,1026.1,0.5,0.6,1175,Newport
2022-01-25,3.2,7,110.0,11,213.0,8.9,4.9,0.0,6.809,1029.4,0.3,0.4,1175,Newport
2022-01-26,9.6,14,210.0,26,70.0,10.8,7.7,9.5,7.619,1025.5,0.5,0.7,1175,Newport
2022-01-27,5.3,14,310.0,21,327.0,10.7,4.1,0.0,8.278,1026.3,0.3,0.4,1175,Newport
2022-01-28,7.7,15,240.0,25,144.0,10.1,3.5,5.8,7.578,1026.9,0.3,0.4,1175,Newport
2022-01-29,11.3,31,280.0,51,244.0,11.0,4.4,0.9,8.167,1026.8,0.4,0.6,1175,Newport
2022-01-30,13.3,28,290.0,45,131.0,9.8,4.0,7.4,6.792,1025.6,0.5,0.7,1175,Newport
2022-01-31,14.0,24,300.0,38,144.0,10.0,7.2,0.0,6.651,1026.5,1.1,1.4,1175,Newport
2022-02-01,18.8,28,270.0,41,163.0,11.1,9.4,1.0,8.167,1023.1,0.6,0.9,1175,Newport
2022-02-02,8.3,16,270.0,23,225.0,12.6,8.4,0.5,8.685,1016.4,0.7,0.8,1175,Newport
2022-02-03,14.0,24,210.0,41,184.0,11.2,3.6,6.6,8.496,1005.1,0.9,1.1,1175,Newport
2022-02-04,12.8,22,290.0,38,506.0,9.0,2.4,9.7,5.834,1010.2,0.9,1.1,1175,Newport
2022-02-05,14.5,23,280.0,36,78.0,9.0,5.1,15.1,6.462,1007.5,0.6,0.8,1175,Newport
2022-02-06,17.2,29,310.0,46,419.0,8.9,5.4,6.5,6.515,1008.5,1.0,1.4,1175,Newport
2022-02-07,10.1,18,220.0,31,153.0,10.9,6.3,7.0,7.38,1016.1,0.6,0.8,1175,Newport
2022-02-08,9.1,15,270.0,23,216.0,9.2,6.6,0.9,8.033,1017.0,0.5,0.6,1175,Newport
2022-02-09,12.1,19,280.0,30,439.0,7.9,2.1,3.7,6.39,1017.8,0.8,1.1,1175,Newport
2022-02-10,12.2,23,290.0,35,542.0,8.1,2.6,3.5,4.839,1021.9,1.0,1.3,1175,Newport
2022-02-11,13.2,29,200.0,48,212.0,10.9,1.5,2.8,4.735,1016.9,0.7,0.9,1175,Newport
2022-02-12,11.6,20,200.0,29,414.0,10.6,7.4,4.7,7.236,1001.9,0.5,0.8,1175,Newport
2022-02-13,6.0,14,0.0,22,343.0,8.6,4.6,15.3,7.175,992.0,0.4,0.6,1175,Newport
2022-02-14,10.7,20,190.0,31,654.0,10.1,5.6,6.0,6.473,998.7,0.8,1.1,1175,Newport
2022-02-15,10.9,21,220.0,34,227.0,11.2,4.9,25.2,6.747,991.0,0.6,0.8,1175,Newport
2022-02-16,16.1,29,290.0,51,464.0,12.3,6.5,7.0,8.449,989.5,1.0,1.4,1175,Newport
2022-02-17,9.6,24,270.0,41,347.0,7.3,1.8,12.1,6.52,995.9,0.7,1.0,1175,Newport
2022-02-18,19.5,36,310.0,56,419.0,6.8,0.7,18.6,4.19,989.9,1.2,1.8,1175,Newport
2022-02-19,8.2,19,260.0,29,350.0,10.0,0.6,32.2,4.656,999.6,0.4,0.6,1175,Newport
2022-02-20,22.2,39,290.0,65,321.0,10.7,2.8,20.9,7.062,994.1,0.9,1.4,1175,Newport
2022-02-21,17.9,39,290.0,63,291.0,10.3,5.6,4.7,6.028,1007.8,0.9,1.3,1175,Newport
2022-02-22,15.5,29,290.0,44,624.0,11.2,5.7,12.4,7.307,1010.0,0.8,1.2,1175,Newport
2022-02-23,16.2,25,200.0,40,270.0,9.8,1.2,9.2,6.741,1007.3,1.0,1.5,1175,Newport
2022-02-24,17.6,29,280.0,44,614.0,8.0,0.4,16.4,4.379,1007.5,1.1,1.7,1175,Newport
2022-02-25,13.5,25,280.0,41,544.0,10.9,4.4,1.9,5.593,1017.6,1.1,1.6,1175,Newport
2022-02-26,19.8,26,150.0,36,213.0,10.5,8.1,0.2,6.934,1009.8,1.5,2.1,1175,Newport
2022-02-27,14.9,22,150.0,32,630.0,11.4,5.1,15.6,7.431,1005.1,1.0,1.4,1175,Newport
2022-02-28,6.8,16,190.0,24,894.0,10.2,2.4,0.7,7.434,1014.5,0.8,1.2,1175,Newport
2022-03-01,5.7,13,90.0,17,1163.0,10.3,0.4,0.0,5.845,1023.4,1.0,1.5,1175,Newport
2022-03-02,9.2,16,270.0,29,129.0,9.0,1.8,2.3,5.659,1010.3,0.5,0.7,1175,Newport
2022-03-03,6.6,20,300.0,29,794.0,9.1,2.6,2.7,6.41,1011.8,0.8,1.2,1175,Newport
2022-03-04,3.7,13,280.0,20,1018.0,9.7,0.9,0.3,5.615,1023.0,0.9,1.3,1175,Newport
2022-03-05,4.3,7,140.0,13,1259.0,11.3,-0.5,0.0,5.263,1028.7,1.1,1.6,1175,Newport
2022-03-06,7.6,15,150.0,21,1283.0,9.8,0.6,0.0,5.073,1027.6,1.3,1.9,1175,Newport
2022-03-07,14.1,26,130.0,37,1242.0,8.9,1.5,0.0,5.316,1013.9,1.6,2.4,1175,Newport
2022-03-08,18.3,31,130.0,49,571.0,10.6,3.4,4.8,5.459,995.2,1.6,2.4,1175,Newport
2022-03-09,10.1,30,140.0,41,821.0,9.5,0.6,10.5,6.379,997.5,0.8,1.3,1175,Newport
2022-03-10,15.8,29,150.0,40,337.0,9.1,0.2,0.0,4.671,999.2,1.1,1.6,1175,Newport
2022-03-11,9.5,24,130.0,34,592.0,11.6,4.9,4.4,6.646,989.0,1.0,1.4,1175,Newport
2022-03-12,7.8,18,40.0,33,833.0,9.0,3.1,8.2,6.651,990.3,1.0,1.5,1175,Newport
2022-03-13,12.1,19,260.0,33,663.0,9.6,5.5,9.1,7.025,992.6,1.0,1.5,1175,Newport
2022-03-14,13.0,24,280.0,34,1225.0,11.2,6.1,10.7,7.63,1012.8,1.8,2.6,1175,Newport
2022-03-15,8.8,18,200.0,26,182.0,8.9,4.2,12.2,7.014,1011.8,0.8,1.0,1175,Newport
2022-03-16,5.3,13,200.0,21,1286.0,10.1,1.1,0.1,6.358,1017.0,1.2,1.7,1175,Newport
2022-03-17,9.5,20,200.0,31,856.0,10.9,3.2,2.5,7.032,1023.8,1.2,1.7,1175,Newport
2022-03-18,10.2,18,140.0,25,1532.0,15.4,3.3,0.0,7.417,1032.9,2.1,3.0,1175,Newport
2022-03-19,13.0,26,130.0,39,1389.0,14.8,5.8,0.0,7.798,1027.3,2.5,3.4,1175,Newport
2022-03-20,10.8,15,120.0,28,539.0,11.6,8.0,0.0,7.972,1019.9,1.5,2.0,1175,Newport
2022-03-21,11.5,19,120.0,27,1229.0,15.9,7.6,0.0,9.135,1017.5,2.0,2.8,1175,Newport
2022-03-22,10.0,22,130.0,30,1269.0,17.0,8.0,0.0,10.235,1019.5,2.0,2.8,1175,Newport
2022-03-23,7.6,14,130.0,21,1304.0,17.9,7.6,0.0,10.28,1023.5,2.3,3.0,1175,Newport
2022-03-24,4.5,9,240.0,15,1067.0,14.2,6.5,0.0,10.755,1026.9,1.4,1.9,1175,Newport
2022-03-25,4.7,10,10.0,15,1464.0,17.3,4.7,0.0,10.602,1029.2,1.9,2.6,1175,Newport
2022-03-26,6.8,13,150.0,19,1673.0,18.3,5.1,0.0,10.605,1030.5,2.6,3.4,1175,Newport
2022-03-27,4.9,11,150.0,15,1701.0,18.9,5.0,0.0,10.757,1027.5,2.4,3.2,1175,Newport
2022-03-28,4.2,9,350.0,14,1741.0,18.2,5.1,0.0,11.44,1019.2,2.4,3.2,1175,Newport
2022-03-29,4.8,9,190.0,13,1781.0,16.4,3.1,0.0,10.927,1011.6,2.1,3.0,1175,Newport
2022-03-30,9.6,17,10.0,27,911.0,11.1,3.1,0.0,9.47,1010.5,1.7,2.4,1175,Newport
2022-03-31,6.6,14,350.0,23,1545.0,9.2,0.7,0.0,7.679,1018.6,1.8,2.6,1175,Newport
2022-04-01,5.8,13,310.0,21,1400.0,11.0,2.1,0.5,7.768,1023.6,1.8,2.5,1175,Newport
2022-04-02,7.0,17,30.0,27,1582.0,10.8,3.9,1.7,8.376,1024.6,1.8,2.6,1175,Newport
2022-04-03,7.4,17,310.0,30,764.0,11.0,0.9,7.1,7.798,1021.9,0.8,1.3,1175,Newport
2022-04-04,15.0,22,300.0,33,658.0,11.6,9.8,7.4,9.798,1014.6,1.2,1.9,1175,Newport
2022-04-05,11.7,19,260.0,31,404.0,11.2,7.8,9.0,9.597,1003.0,0.9,1.3,1175,Newport
2022-04-06,18.5,36,300.0,59,1320.0,10.9,6.0,7.4,9.208,985.5,1.7,3.0,1175,Newport
2022-04-07,13.3,34,310.0,52,1149.0,9.4,3.0,5.1,8.411,990.1,1.7,2.6,1175,Newport
2022-04-08,8.6,18,340.0,28,1696.0,8.3,2.6,1.5,7.963,1006.4,1.9,2.9,1175,Newport
2022-04-09,4.5,10,120.0,13,2028.0,13.3,1.1,0.0,8.554,1014.0,2.3,3.3,1175,Newport
2022-04-10,13.9,30,130.0,38,298.0,10.9,5.3,0.0,8.142,1006.6,1.7,2.2,1175,Newport
2022-04-11,15.9,28,120.0,37,385.0,11.0,8.0,2.3,8.205,997.4,1.2,1.8,1175,Newport
2022-04-12,6.2,13,110.0,17,918.0,16.1,9.9,10.6,10.52,1000.7,1.7,2.2,1175,Newport
2022-04-13,5.7,12,240.0,19,1631.0,16.0,9.8,0.7,12.295,1009.2,2.1,3.0,1175,Newport
2022-04-14,10.4,19,140.0,26,610.0,12.8,9.7,6.4,11.68,1013.4,1.1,1.6,1175,Newport
2022-04-15,6.5,13,210.0,19,1665.0,14.7,7.7,1.4,12.663,1017.9,1.9,2.9,1175,Newport
2022-04-16,9.4,20,180.0,27,631.0,14.1,6.8,3.0,11.132,1019.3,1.3,1.8,1175,Newport
2022-04-17,9.6,15,140.0,21,553.0,12.0,6.4,9.0,11.083,1012.7,1.0,1.5,1175,Newport
2022-04-18,7.4,14,230.0,25,1950.0,11.8,5.4,3.6,10.565,1012.6,2.3,3.4,1175,Newport
2022-04-19,5.6,13,320.0,19,1219.0,12.9,3.9,2.7,10.198,1016.7,1.7,2.4,1175,Newport
2022-04-20,7.9,19,140.0,30,1162.0,12.7,2.8,0.5,9.818,1013.5,1.6,2.4,1175,Newport
2022-04-21,9.5,16,100.0,22,2021.0,17.5,7.8,0.0,11.335,1009.3,3.2,4.5,1175,Newport
2022-04-22,9.7,15,70.0,23,2299.0,16.7,9.4,0.0,12.188,1010.7,3.6,5.0,1175,Newport
2022-04-23,8.6,15,50.0,24,1872.0,18.1,6.3,0.0,12.188,1009.5,3.1,4.3,1175,Newport
2022-04-24,8.0,13,110.0,21,2444.0,17.3,7.0,0.0,12.57,1012.8,3.6,5.0,1175,Newport
2022-04-25,7.0,11,90.0,17,1879.0,16.5,7.9,0.0,12.538,1015.8,3.1,4.2,1175,Newport
2022-04-26,6.9,12,110.0,17,1599.0,16.3,5.6,0.0,12.368,1019.9,2.7,3.7,1175,Newport
2022-04-27,5.4,10,100.0,16,1652.0,18.1,8.0,0.0,13.057,1025.3,2.9,3.9,1175,Newport
2022-04-28,5.2,9,340.0,13,1891.0,17.4,6.7,0.0,13.38,1029.3,2.9,4.0,1175,Newport
2022-04-29,5.4,9,230.0,15,2050.0,17.4,6.0,0.0,13.358,1029.4,2.9,4.0,1175,Newport
2022-04-30,8.8,14,220.0,24,825.0,12.1,8.9,4.1,13.08,1023.7,1.2,1.8,1175,Newport
2022-05-01,7.1,14,300.0,21,782.0,13.3,9.2,0.4,12.887,1017.7,1.3,1.9,1175,Newport
2022-05-02,5.1,10,340.0,13,714.0,15.1,8.4,0.0,12.757,1019.3,1.4,1.9,1175,Newport
2022-05-03,6.3,13,270.0,20,1230.0,15.1,6.8,1.7,12.755,1017.7,1.7,2.5,1175,Newport
2022-05-04,8.0,18,270.0,24,1919.0,15.3,9.1,0.2,13.767,1017.6,2.6,3.8,1175,Newport
2022-05-05,8.4,15,210.0,26,1350.0,15.9,11.2,0.9,14.295,1019.8,1.9,2.8,1175,Newport
2022-05-06,6.7,14,200.0,20,991.0,15.6,9.1,18.6,14.06,1021.1,1.5,2.2,1175,Newport
2022-05-07,4.0,9,240.0,14,1875.0,18.8,6.9,0.0,14.493,1024.5,2.7,3.7,1175,Newport
2022-05-08,8.7,15,200.0,20,1201.0,16.5,10.4,0.0,14.887,1019.0,2.1,3.0,1175,Newport
2022-05-09,12.7,22,200.0,33,723.0,14.2,11.5,19.4,13.823,1009.4,1.5,2.2,1175,Newport
2022-05-10,13.5,22,210.0,34,2062.0,14.0,8.9,10.0,13.667,1002.6,2.4,4.1,1175,Newport
2022-05-11,10.1,18,260.0,28,1370.0,13.8,8.1,6.2,12.855,1005.8,2.2,3.2,1175,Newport
2022-05-12,10.2,18,210.0,28,1205.0,13.6,8.2,2.4,12.25,1010.6,2.0,2.9,1175,Newport
2022-05-13,11.7,17,200.0,28,1328.0,15.3,11.4,0.0,13.01,1012.1,2.4,3.5,1175,Newport
2022-05-14,7.8,12,230.0,18,2572.0,17.7,9.7,0.0,14.83,1015.9,3.5,5.1,1175,Newport
2022-05-15,8.6,13,110.0,20,2447.0,20.0,9.9,0.0,15.805,1008.7,3.7,5.2,1175,Newport
2022-05-16,9.9,19,130.0,30,2044.0,19.4,13.0,4.9,16.585,1002.4,3.2,4.7,1175,Newport
2022-05-17,14.5,22,130.0,32,1388.0,16.1,9.7,4.5,15.677,1002.1,2.3,3.6,1175,Newport
2022-05-18,13.3,25,130.0,37,910.0,15.5,9.8,6.7,13.863,1003.4,2.1,3.0,1175,Newport
2022-05-19,15.1,22,200.0,33,1116.0,16.0,11.2,0.0,13.425,1007.2,2.6,3.7,1175,Newport
2022-05-20,11.2,18,250.0,31,2303.0,15.0,11.0,11.9,14.648,1009.4,3.0,4.7,1175,Newport
2022-05-21,12.0,20,200.0,29,1258.0,16.5,10.5,0.7,14.592,1010.5,2.3,3.3,1175,Newport
2022-05-22,12.1,18,200.0,30,1605.0,15.3,10.9,1.4,14.725,1004.3,2.4,3.7,1175,Newport
2022-05-23,7.2,19,270.0,27,2239.0,15.2,9.0,2.6,15.078,1001.5,3.1,4.5,1175,Newport
2022-05-24,7.8,20,190.0,29,1625.0,15.1,8.4,3.3,14.737,1003.0,2.4,3.5,1175,Newport
2022-05-25,13.4,19,260.0,31,1804.0,15.5,10.7,4.4,14.498,1005.9,2.7,4.2,1175,Newport
2022-05-26,12.6,21,270.0,29,2432.0,14.8,10.2,5.1,15.007,1016.1,3.1,5.0,1175,Newport
2022-05-27,6.9,13,270.0,19,2784.0,16.9,7.9,0.0,15.633,1024.8,3.9,5.6,1175,Newport
2022-05-28,6.1,13,350.0,20,2910.0,19.3,6.8,0.0,16.472,1025.6,4.0,5.7,1175,Newport
2022-05-29,9.5,17,10.0,26,2787.0,15.6,8.1,0.0,15.998,1020.8,3.7,5.6,1175,Newport
2022-05-30,7.4,15,300.0,22,1499.0,13.2,7.4,1.6,14.358,1013.7,2.1,3.1,1175,Newport
2022-05-31,6.5,14,300.0,20,1096.0,13.7,7.4,0.1,13.403,1013.1,1.9,2.6,1175,Newport
2022-06-01,3.5,10,210.0,16,2938.0,19.4,8.1,0.0,15.827,1015.8,4.2,5.6,1175,Newport
2022-06-02,4.2,11,320.0,18,1584.0,15.9,10.4,4.6,16.22,1015.4,2.5,3.3,1175,Newport
2022-06-03,6.0,11,10.0,20,1622.0,17.6,9.3,0.0,15.618,1018.8,2.7,3.7,1175,Newport
2022-06-04,7.6,12,70.0,19,2901.0,19.7,11.3,0.0,16.615,1019.8,4.5,6.3,1175,Newport
2022-06-05,6.3,12,110.0,16,1953.0,19.4,11.9,0.0,16.967,1015.6,3.5,4.6,1175,Newport
2022-06-06,6.0,11,120.0,16,908.0,16.1,10.7,0.2,15.778,1012.1,1.9,2.5,1175,Newport
2022-06-07,8.7,15,120.0,21,1270.0,18.8,12.8,2.1,16.26,1002.2,2.4,3.4,1175,Newport
2022-06-08,12.3,18,270.0,32,679.0,14.5,11.6,14.4,14.96,999.5,1.3,2.0,1175,Newport
2022-06-09,15.4,27,200.0,42,1540.0,17.5,11.4,2.0,14.755,1002.9,2.4,3.9,1175,Newport
2022-06-10,19.5,25,200.0,39,1489.0,15.9,11.7,2.8,14.68,1004.6,2.5,4.1,1175,Newport
2022-06-11,13.4,20,200.0,32,1477.0,15.6,11.4,1.7,14.65,1012.3,2.5,3.8,1175,Newport
2022-06-12,10.0,17,260.0,27,1228.0,15.4,10.2,3.0,14.342,1020.5,2.4,3.4,1175,Newport
2022-06-13,8.0,15,260.0,23,1423.0,14.9,10.7,0.0,14.65,1020.9,2.4,3.4,1175,Newport
2022-06-14,9.9,15,200.0,23,1160.0,16.4,12.3,0.1,14.85,1016.9,2.3,3.2,1175,Newport
2022-06-15,7.0,13,210.0,19,645.0,15.8,11.7,2.8,14.642,1015.5,1.6,2.1,1175,Newport
2022-06-16,7.5,14,190.0,20,1135.0,18.7,13.6,7.4,15.628,1013.2,2.5,3.3,1175,Newport
2022-06-17,9.1,17,210.0,24,2027.0,17.4,11.1,22.4,16.638,1014.4,3.0,4.4,1175,Newport
2022-06-18,10.8,16,310.0,29,1710.0,16.2,10.6,0.6,15.6,1020.0,3.2,4.5,1175,Newport
2022-06-19,10.9,16,340.0,26,2131.0,15.6,10.2,0.3,15.495,1019.6,2.9,4.5,1175,Newport
2022-06-20,6.3,13,200.0,18,2678.0,18.7,9.3,0.0,16.75,1018.3,3.7,5.2,1175,Newport
2022-06-21,5.2,11,0.0,15,1515.0,17.8,12.4,0.5,17.67,1013.5,2.4,3.3,1175,Newport
2022-06-22,6.2,11,220.0,17,2746.0,17.8,12.4,0.0,18.597,1012.4,3.8,5.4,1175,Newport
2022-06-23,7.0,14,240.0,21,2080.0,18.5,12.1,1.1,18.765,1004.4,3.0,4.3,1175,Newport
2022-06-24,7.3,18,280.0,26,907.0,15.7,10.4,22.6,17.533,993.5,1.4,2.1,1175,Newport
2022-06-25,12.8,24,190.0,36,564.0,13.7,10.1,28.1,15.49,986.4,0.9,1.6,1175,Newport
2022-06-26,10.1,18,280.0,30,1558.0,16.4,9.8,6.6,15.318,996.8,2.5,3.7,1175,Newport
2022-06-27,10.7,17,160.0,26,971.0,14.2,8.5,12.9,14.35,1004.0,1.5,2.3,1175,Newport
2022-06-28,10.6,20,220.0,30,1495.0,14.9,10.2,10.0,14.995,998.4,1.8,3.0,1175,Newport
2022-06-29,5.5,12,260.0,17,1282.0,16.1,10.0,0.9,15.43,1004.6,2.1,2.9,1175,Newport
2022-06-30,5.4,11,230.0,18,1630.0,16.4,9.6,0.9,15.89,1008.9,2.4,3.3,1175,Newport
2022-07-01,7.9,14,250.0,20,1146.0,15.3,11.6,5.5,15.53,1008.2,1.8,2.6,1175,Newport
2022-07-02,7.7,13,280.0,20,2335.0,18.0,10.8,1.3,16.68,1012.1,3.4,4.9,1175,Newport
2022-07-03,8.8,15,240.0,24,1001.0,15.2,11.2,1.6,15.858,1017.8,2.0,2.7,1175,Newport
2022-07-04,9.6,16,290.0,24,1186.0,16.9,11.2,1.1,15.198,1019.6,2.2,3.1,1175,Newport
2022-07-05,9.2,17,290.0,24,2253.0,18.7,13.4,0.4,17.17,1025.1,3.2,4.7,1175,Newport
2022-07-06,8.9,16,270.0,25,680.0,15.8,13.3,1.3,16.733,1027.9,1.2,1.8,1175,Newport
2022-07-07,6.4,14,190.0,19,2325.0,19.8,12.6,0.0,17.97,1031.2,3.3,4.7,1175,Newport
2022-07-08,7.6,14,190.0,20,2599.0,18.2,11.7,0.0,18.885,1032.9,3.4,5.0,1175,Newport
2022-07-09,5.1,11,230.0,16,1533.0,19.6,13.2,0.0,19.142,1030.8,2.5,3.3,1175,Newport
2022-07-10,5.1,10,130.0,14,2684.0,24.1,13.1,0.0,20.157,1024.5,4.2,5.7,1175,Newport
2022-07-11,6.5,15,130.0,21,1214.0,22.5,13.2,1.0,19.36,1017.1,2.5,3.3,1175,Newport
2022-07-12,6.3,14,280.0,19,1938.0,19.8,13.4,0.2,19.32,1018.3,3.3,4.4,1175,Newport
2022-07-13,7.8,13,270.0,21,1807.0,18.4,12.6,0.0,18.438,1022.5,3.0,4.2,1175,Newport
2022-07-14,8.0,11,280.0,18,1058.0,16.6,12.7,1.0,17.355,1023.6,2.0,2.8,1175,Newport
2022-07-15,6.0,12,270.0,17,1749.0,19.3,12.4,0.1,17.88,1022.3,2.8,3.8,1175,Newport
2022-07-16,2.8,8,110.0,11,1268.0,20.7,11.8,0.2,18.247,1020.6,2.2,2.9,1175,Newport
2022-07-17,5.9,13,240.0,19,2436.0,25.1,15.4,0.0,19.9,1016.7,4.3,5.7,1175,Newport
2022-07-18,4.4,11,200.0,17,2103.0,23.5,16.0,0.0,21.18,1011.4,3.6,4.7,1175,Newport
2022-07-19,7.0,11,350.0,18,1014.0,18.4,13.8,0.0,19.53,1010.9,2.0,2.7,1175,Newport
2022-07-20,7.1,12,300.0,17,1137.0,16.9,13.1,0.1,18.0,1018.5,2.2,3.0,1175,Newport
2022-07-21,4.0,7,350.0,11,1071.0,17.7,12.2,0.0,17.625,1022.2,2.1,2.7,1175,Newport
2022-07-22,5.0,11,120.0,16,2008.0,21.9,11.2,4.8,18.673,1015.5,3.2,4.4,1175,Newport
2022-07-23,9.5,16,210.0,25,807.0,20.2,15.5,14.7,18.717,1005.6,1.6,2.3,1175,Newport
2022-07-24,9.4,15,200.0,24,1031.0,18.3,14.9,5.9,18.263,1000.2,1.8,2.6,1175,Newport
2022-07-25,9.9,17,310.0,24,1315.0,16.2,11.5,0.9,17.385,1011.5,1.9,2.9,1175,Newport
2022-07-26,3.8,10,320.0,15,1184.0,16.5,11.0,0.0,16.93,1020.7,2.1,2.8,1175,Newport
2022-07-27,4.6,10,140.0,15,1252.0,19.0,10.2,2.7,16.85,1017.3,2.3,3.0,1175,Newport
2022-07-28,5.0,9,110.0,15,2526.0,22.2,11.1,0.0,17.99,1013.4,4.0,5.3,1175,Newport
2022-07-29,6.8,13,220.0,22,513.0,18.7,12.6,7.0,17.772,1012.4,1.3,1.7,1175,Newport
2022-07-30,6.4,12,0.0,17,885.0,18.8,13.6,9.4,18.14,1011.8,1.5,2.1,1175,Newport
2022-07-31,5.9,11,330.0,18,2381.0,20.4,12.3,0.0,18.425,1015.2,3.7,5.1,1175,Newport
2022-08-01,9.1,15,120.0,22,393.0,17.8,12.2,47.5,17.215,1010.2,1.2,1.6,1175,Newport
2022-08-02,13.0,20,200.0,30,909.0,17.4,14.2,7.6,17.505,1003.1,1.4,2.3,1175,Newport
2022-08-03,9.8,17,220.0,28,1077.0,17.8,12.1,2.2,16.838,1007.6,2.1,3.0,1175,Newport
2022-08-04,9.9,16,310.0,25,2115.0,16.7,11.7,0.5,16.2,1016.9,3.2,4.7,1175,Newport
2022-08-05,7.5,13,280.0,21,1940.0,18.4,11.7,3.2,16.542,1023.7,3.2,4.4,1175,Newport
2022-08-06,7.1,13,200.0,22,2205.0,18.6,12.3,0.2,17.61,1026.7,3.2,4.6,1175,Newport
2022-08-07,6.9,11,230.0,17,2037.0,19.7,13.3,0.0,18.128,1025.2,3.0,4.3,1175,Newport
2022-08-08,6.0,13,200.0,19,2186.0,20.2,12.3,0.0,18.423,1026.0,3.1,4.3,1175,Newport
2022-08-09,5.2,13,230.0,18,2413.0,20.9,13.4,0.0,19.47,1026.7,3.5,4.8,1175,Newport
2022-08-10,4.9,10,200.0,15,2448.0,21.2,12.6,0.0,19.608,1023.6,3.5,4.8,1175,Newport
2022-08-11,5.0,10,0.0,14,2554.0,23.6,10.8,0.0,19.683,1020.4,3.8,5.1,1175,Newport
2022-08-12,6.0,12,20.0,17,2515.0,28.5,12.2,0.0,20.93,1017.8,4.3,5.7,1175,Newport
2022-08-13,5.9,12,10.0,16,2363.0,27.4,14.5,0.0,21.325,1012.7,4.4,5.7,1175,Newport
2022-08-14,6.2,13,0.0,19,1306.0,23.7,16.0,0.1,20.788,1006.0,2.7,3.4,1175,Newport
2022-08-15,10.2,15,350.0,23,1546.0,17.4,13.3,1.0,19.467,1004.8,2.1,3.2,1175,Newport
2022-08-16,8.3,14,330.0,25,1325.0,16.6,10.4,0.0,17.385,1013.0,2.2,3.1,1175,Newport
2022-08-17,5.4,11,230.0,17,1504.0,17.3,9.2,0.3,16.685,1013.0,2.2,3.1,1175,Newport
2022-08-18,8.4,16,230.0,26,1707.0,18.6,12.9,6.3,17.702,1006.6,2.3,3.4,1175,Newport
2022-08-19,9.7,19,210.0,28,1653.0,17.6,12.5,6.1,17.185,1008.1,2.4,3.6,1175,Newport
2022-08-20,10.3,18,250.0,29,1640.0,17.5,12.5,18.2,17.13,1007.9,2.5,3.6,1175,Newport
2022-08-21,4.2,11,270.0,18,1472.0,18.1,11.6,0.0,16.968,1009.7,2.5,3.3,1175,Newport
2022-08-22,6.9,11,190.0,20,689.0,18.2,13.7,4.0,17.325,1005.6,1.4,1.8,1175,Newport
2022-08-23,6.4,12,210.0,18,1561.0,18.7,12.8,1.3,18.03,1006.2,2.4,3.3,1175,Newport
2022-08-24,10.0,18,200.0,28,1827.0,18.1,12.8,0.2,17.38,1011.1,2.6,3.9,1175,Newport
2022-08-25,7.1,17,330.0,26,845.0,16.9,11.3,4.8,16.57,1014.3,1.5,2.1,1175,Newport
2022-08-26,5.4,12,10.0,23,1727.0,18.1,11.2,0.0,16.683,1017.4,2.6,3.6,1175,Newport
2022-08-27,4.3,7,20.0,10,969.0,19.4,12.7,0.6,17.035,1018.0,1.8,2.4,1175,Newport
2022-08-28,5.0,9,100.0,14,1038.0,20.6,14.0,0.0,17.552,1019.6,2.0,2.7,1175,Newport
2022-08-29,6.5,14,100.0,20,1554.0,23.3,14.5,0.0,18.212,1021.0,3.0,3.8,1175,Newport
2022-08-30,5.9,10,80.0,15,1853.0,23.0,15.1,0.0,18.948,1024.2,3.1,4.1,1175,Newport
2022-08-31,5.0,10,0.0,19,1798.0,21.2,11.6,0.0,18.483,1025.0,2.6,3.6,1175,Newport
2022-09-01,4.1,8,10.0,13,1591.0,22.7,9.5,0.0,17.82,1019.8,2.5,3.3,1175,Newport
2022-09-02,4.6,12,350.0,18,654.0,19.6,9.7,11.7,16.9,1008.9,1.4,1.8,1175,Newport
2022-09-03,,5,10.0,9,,,,,,,,,1175,Newport
2022-09-07,7.3,11,70.0,17,1123.0,20.3,13.4,2.6,16.565,997.3,2.0,2.6,1175,Newport
2022-09-08,7.2,13,340.0,19,1539.0,20.4,13.8,0.1,17.035,1002.8,2.3,3.1,1175,Newport
2022-09-09,7.3,14,320.0,21,591.0,17.3,14.4,0.0,16.462,1010.3,1.3,1.7,1175,Newport
2022-09-10,6.1,12,120.0,18,1760.0,20.8,14.4,0.0,17.413,1014.2,2.6,3.5,1175,Newport
2022-09-11,6.3,12,100.0,19,479.0,18.3,13.1,0.6,16.538,1008.8,1.2,1.5,1175,Newport
2022-09-12,8.0,13,0.0,21,1409.0,17.2,13.3,0.0,16.97,1009.7,1.9,2.7,1175,Newport
2022-09-13,5.8,10,20.0,16,1623.0,17.9,11.3,0.0,16.64,1012.1,2.2,3.1,1175,Newport
2022-09-14,7.1,12,340.0,19,891.0,16.6,12.8,0.0,15.965,1012.0,1.7,2.2,1175,Newport
2022-09-15,4.9,13,310.0,21,974.0,16.3,10.3,0.0,15.61,1017.2,1.6,2.2,1175,Newport
2022-09-16,4.4,10,350.0,17,1473.0,17.3,8.0,0.1,14.932,1022.5,1.9,2.7,1175,Newport
2022-09-17,3.2,8,240.0,11,1641.0,17.5,6.9,0.0,14.75,1023.5,1.9,2.7,1175,Newport
2022-09-18,2.8,7,240.0,11,401.0,16.0,11.3,0.0,14.922,1021.8,1.0,1.3,1175,Newport
2022-09-19,4.7,12,230.0,18,814.0,18.7,9.7,0.0,15.055,1021.9,1.5,1.9,1175,Newport
2022-09-20,5.2,10,210.0,17,286.0,16.5,12.5,0.0,14.878,1020.5,1.0,1.3,1175,Newport
2022-09-21,8.6,17,200.0,26,308.0,17.3,13.1,16.5,14.86,1015.0,0.9,1.2,1175,Newport
2022-09-22,4.5,12,280.0,18,1355.0,18.6,10.9,0.9,15.795,1013.1,1.6,2.3,1175,Newport
2022-09-23,5.2,14,310.0,20,1102.0,16.6,9.8,0.6,14.71,1017.5,1.6,2.2,1175,Newport
2022-09-24,4.3,11,0.0,19,1244.0,16.5,9.9,0.0,14.238,1022.0,1.7,2.3,1175,Newport
2022-09-25,10.0,30,300.0,48,490.0,15.8,10.7,2.5,14.198,1015.5,1.0,1.4,1175,Newport
2022-09-26,13.4,24,300.0,40,613.0,14.9,11.9,0.0,13.405,1008.6,1.8,2.3,1175,Newport
2022-09-27,8.1,20,330.0,34,314.0,13.6,10.1,10.4,12.802,1005.1,1.0,1.3,1175,Newport
2022-09-28,7.0,12,350.0,20,1079.0,13.8,9.3,1.0,12.77,1005.4,1.3,1.8,1175,Newport
2022-09-29,4.0,12,180.0,24,865.0,16.9,8.6,0.1,12.727,1005.5,1.3,1.7,1175,Newport
2022-09-30,15.1,25,200.0,40,653.0,17.3,10.9,25.8,13.958,994.1,1.2,1.7,1175,Newport
2022-10-01,11.8,20,270.0,30,854.0,15.5,11.0,7.5,12.908,1002.5,1.5,2.0,1175,Newport
2022-10-02,6.1,12,270.0,18,981.0,16.1,10.6,0.1,13.043,1016.0,1.5,2.0,1175,Newport
2022-10-03,13.7,20,190.0,32,128.0,18.3,11.4,7.3,13.403,1010.6,1.0,1.3,1175,Newport
2022-10-04,8.1,23,190.0,34,356.0,16.6,11.2,25.5,14.34,1000.2,0.7,1.0,1175,Newport
2022-10-05,10.6,26,270.0,44,772.0,13.8,8.4,11.5,12.745,1004.7,1.1,1.5,1175,Newport
2022-10-06,14.1,21,200.0,36,326.0,16.0,11.7,8.2,12.908,1012.0,0.9,1.3,1175,Newport
2022-10-07,10.4,20,260.0,37,976.0,13.8,9.2,11.8,12.6,1012.1,1.2,1.7,1175,Newport
2022-10-08,7.7,17,160.0,24,807.0,14.8,8.0,0.1,11.842,1013.7,1.1,1.5,1175,Newport
2022-10-09,12.2,21,350.0,33,416.0,15.0,11.0,3.3,12.073,1004.1,1.3,1.6,1175,Newport
2022-10-10,7.3,15,270.0,26,866.0,14.9,9.8,0.1,11.398,1016.9,1.5,1.9,1175,Newport
2022-10-11,9.1,16,210.0,25,289.0,14.4,9.6,12.3,11.677,1015.5,0.7,1.0,1175,Newport
2022-10-12,6.7,19,280.0,26,764.0,14.8,7.9,3.2,12.512,1011.1,0.8,1.1,1175,Newport
2022-10-13,7.0,12,190.0,19,513.0,15.8,7.2,8.7,11.632,1009.0,0.8,1.1,1175,Newport
2022-10-14,7.2,14,200.0,24,982.0,13.9,7.6,8.6,11.755,998.6,1.0,1.4,1175,Newport
2022-10-15,8.4,17,220.0,29,368.0,11.7,6.7,14.7,10.512,989.7,0.8,1.1,1175,Newport
2022-10-16,10.1,22,120.0,34,302.0,11.4,7.1,12.0,9.127,994.2,0.7,1.0,1175,Newport
2022-10-17,11.3,23,210.0,36,761.0,13.9,6.8,4.3,10.59,1002.5,0.8,1.2,1175,Newport
2022-10-18,9.5,18,80.0,30,831.0,15.4,7.0,0.2,10.342,1019.4,1.0,1.3,1175,Newport
2022-10-19,14.2,22,100.0,33,409.0,13.9,11.5,9.4,11.672,1008.7,0.9,1.2,1175,Newport
2022-10-20,10.7,18,130.0,24,442.0,16.1,12.1,0.1,12.273,996.6,0.9,1.2,1175,Newport
2022-10-21,12.0,17,60.0,29,467.0,16.1,12.2,3.1,12.525,987.8,0.9,1.2,1175,Newport
2022-10-22,3.9,8,60.0,13,361.0,14.9,12.1,11.7,13.59,994.5,0.5,0.6,1175,Newport
2022-10-23,3.4,9,100.0,14,128.0,12.9,10.2,15.2,12.688,994.3,0.4,0.6,1175,Newport
2022-10-24,5.7,11,210.0,20,494.0,14.3,10.2,6.0,12.202,994.5,0.5,0.8,1175,Newport
2022-10-25,9.4,19,130.0,27,268.0,14.5,10.6,8.8,12.182,991.8,0.6,0.8,1175,Newport
2022-10-26,17.1,33,180.0,51,670.0,14.9,10.9,5.9,12.352,990.1,0.8,1.2,1175,Newport
2022-10-27,13.4,21,140.0,33,361.0,16.8,11.1,4.7,12.137,996.7,0.9,1.2,1175,Newport
2022-10-28,7.7,18,200.0,28,269.0,14.9,9.9,7.4,11.93,999.4,0.7,0.9,1175,Newport
2022-10-29,12.5,19,140.0,32,185.0,14.6,10.6,3.6,11.81,997.7,0.6,0.8,1175,Newport
2022-10-30,11.8,23,150.0,35,452.0,14.6,10.9,9.5,11.837,994.9,0.9,1.1,1175,Newport
2022-10-31,6.4,17,140.0,25,190.0,12.8,6.3,9.1,11.525,995.3,0.4,0.5,1175,Newport
2022-11-01,9.4,18,200.0,32,321.0,12.3,6.8,3.0,9.91,995.2,0.9,1.1,1175,Newport
2022-11-02,14.8,28,190.0,46,308.0,13.3,6.9,24.4,9.365,991.1,1.0,1.3,1175,Newport
2022-11-03,5.3,14,180.0,23,272.0,10.1,5.9,9.6,8.842,997.5,0.4,0.6,1175,Newport
2022-11-04,5.1,11,140.0,17,294.0,12.2,6.1,1.7,8.421,1008.5,0.5,0.7,1175,Newport
2022-11-05,10.2,21,200.0,29,559.0,13.9,9.2,6.0,9.778,999.1,0.6,0.8,1175,Newport
2022-11-06,13.1,22,190.0,32,343.0,12.4,8.4,6.9,9.738,988.3,0.7,0.9,1175,Newport
2022-11-07,12.0,23,200.0,32,76.0,13.1,8.3,10.7,10.542,979.9,0.6,0.8,1175,Newport
2022-11-08,9.2,17,260.0,25,285.0,11.9,7.7,7.9,9.587,981.4,0.5,0.6,1175,Newport
2022-11-09,11.7,21,200.0,31,340.0,13.9,7.4,2.9,9.535,993.0,0.6,0.7,1175,Newport
2022-11-10,25.3,35,200.0,53,81.0,16.7,13.7,2.1,11.685,998.5,1.3,1.8,1175,Newport
2022-11-11,13.7,30,200.0,47,223.0,17.5,9.7,0.4,12.623,1007.1,0.9,1.1,1175,Newport
2022-11-12,13.2,26,140.0,38,164.0,14.3,10.2,3.5,11.568,1010.9,0.6,0.8,1175,Newport
2022-11-13,11.4,23,130.0,31,53.0,13.6,9.9,2.7,11.597,1003.9,0.6,0.8,1175,Newport
2022-11-14,11.6,25,110.0,36,414.0,12.1,8.2,7.6,10.34,991.6,0.5,0.6,1175,Newport
2022-11-15,9.9,17,140.0,27,307.0,10.2,4.2,0.2,8.77,982.8,0.6,0.7,1175,Newport
2022-11-16,6.4,10,90.0,15,465.0,10.9,4.3,0.1,8.146,982.3,0.2,0.3,1175,Newport
2022-11-17,3.7,16,300.0,23,501.0,11.9,2.8,3.4,7.22,989.7,0.0,0.1,1175,Newport
2022-11-18,5.9,19,280.0,29,394.0,10.6,2.8,0.8,7.228,1002.9,0.4,0.5,1175,Newport
2022-11-19,8.7,20,140.0,32,78.0,8.5,2.2,6.2,5.967,1004.4,0.3,0.5,1175,Newport
2022-11-20,9.4,18,250.0,30,309.0,9.8,5.8,7.5,6.546,997.0,0.6,0.7,1175,Newport
2022-11-21,10.8,25,130.0,36,192.0,9.3,5.9,16.4,7.188,985.6,0.5,0.6,1175,Newport
2022-11-22,5.7,13,120.0,18,371.0,10.5,4.7,3.3,7.133,982.3,0.2,0.3,1175,Newport
2022-11-23,12.1,22,200.0,39,165.0,9.8,5.8,21.3,6.971,977.2,0.7,0.9,1175,Newport
2022-11-24,15.1,30,190.0,46,140.0,10.2,6.3,16.7,7.122,982.7,0.8,1.0,1175,Newport
2022-11-25,11.8,21,220.0,36,273.0,11.9,6.2,5.5,7.416,1000.2,0.5,0.6,1175,Newport
2022-11-26,16.8,28,190.0,48,94.0,13.4,9.9,4.7,9.217,999.8,1.1,1.3,1175,Newport
2022-11-27,13.7,21,210.0,37,181.0,11.3,7.2,6.8,8.295,996.1,0.8,1.0,1175,Newport
2022-11-28,8.4,25,290.0,37,280.0,12.3,5.4,3.4,7.919,1003.2,0.3,0.4,1175,Newport
2022-11-29,7.4,15,120.0,19,194.0,8.0,4.5,0.5,7.02,1013.6,0.2,0.2,1175,Newport
2022-11-30,8.9,13,110.0,20,192.0,11.9,7.1,1.3,8.316,1016.3,0.2,0.2,1175,Newport
2022-12-01,9.4,16,140.0,22,84.0,11.4,6.9,0.0,9.312,1019.9,0.5,0.6,1175,Newport
2022-12-02,7.2,14,110.0,19,138.0,9.1,6.6,0.0,7.927,1022.3,0.5,0.6,1175,Newport
2022-12-03,4.7,10,90.0,15,80.0,7.9,5.3,0.6,7.473,1021.3,0.4,0.5,1175,Newport
2022-12-04,9.0,13,70.0,24,360.0,7.1,4.1,0.0,6.164,1018.9,0.3,0.3,1175,Newport
2022-12-05,8.9,12,40.0,22,269.0,8.3,5.4,0.0,5.748,1024.0,0.7,0.7,1175,Newport
2022-12-06,6.5,12,60.0,22,328.0,7.2,2.7,0.0,4.886,1026.8,0.4,0.4,1175,Newport
2022-12-07,3.3,7,0.0,12,211.0,6.4,2.4,1.3,4.484,1022.4,0.1,0.2,1175,Newport
2022-12-08,4.4,10,0.0,16,179.0,4.6,0.8,2.5,3.831,1014.4,0.1,0.2,1175,Newport
2022-12-09,3.9,10,340.0,14,324.0,5.3,0.5,0.4,2.823,1009.4,0.0,0.0,1175,Newport
2022-12-10,3.4,8,340.0,14,362.0,6.9,1.2,4.3,2.605,1007.6,0.0,0.0,1175,Newport
2022-12-11,4.0,7,330.0,11,310.0,5.7,-1.0,0.0,2.105,1007.5,0.0,0.0,1175,Newport
2022-12-12,5.7,12,110.0,16,214.0,1.1,-3.0,0.5,1.479,1003.7,0.1,0.1,1175,Newport
2022-12-13,7.6,16,10.0,28,256.0,4.4,-3.2,0.0,1.047,1005.8,0.2,0.2,1175,Newport
2022-12-14,6.2,12,40.0,20,355.0,4.9,0.8,0.7,0.899,1010.0,0.2,0.2,1175,Newport
2022-12-15,3.1,7,0.0,12,259.0,5.6,-1.3,1.3,0.96,1014.4,0.0,0.1,1175,Newport
2022-12-16,4.5,16,200.0,25,189.0,6.3,-2.0,7.5,0.918,1012.3,0.1,0.2,1175,Newport
2022-12-17,6.4,18,120.0,22,336.0,6.3,0.3,1.2,1.232,1009.1,0.0,0.0,1175,Newport
2022-12-18,13.6,20,120.0,29,20.0,11.9,2.9,6.8,3.346,994.2,0.4,0.6,1175,Newport
2022-12-19,14.4,26,200.0,42,179.0,12.3,6.8,13.2,7.016,983.2,0.5,0.6,1175,Newport
2022-12-20,16.9,24,180.0,43,207.0,8.8,3.6,13.2,5.334,990.2,0.6,0.7,1175,Newport
2022-12-21,10.8,25,190.0,39,141.0,9.4,6.5,11.1,5.924,992.3,0.7,0.8,1175,Newport
2022-12-22,2.4,6,210.0,9,212.0,10.3,2.5,0.2,5.793,998.1,0.0,0.1,1175,Newport
2022-12-23,10.5,19,100.0,28,84.0,10.2,3.8,16.1,5.788,992.5,0.3,0.4,1175,Newport
2022-12-24,10.0,17,190.0,24,77.0,9.8,6.1,12.7,6.276,992.7,0.6,0.7,1175,Newport
2022-12-25,7.8,21,350.0,30,90.0,7.9,3.2,16.3,6.026,998.5,0.4,0.5,1175,Newport
2022-12-26,8.2,22,290.0,33,162.0,6.0,2.7,5.7,4.176,1009.6,0.4,0.5,1175,Newport
2022-12-27,11.0,18,190.0,29,139.0,9.7,3.6,5.1,5.228,1006.0,0.3,0.4,1175,Newport
2022-12-28,10.2,19,290.0,30,93.0,9.6,5.3,12.7,6.124,988.7,0.3,0.4,1175,Newport
2022-12-29,12.9,24,270.0,39,202.0,9.4,4.8,12.4,5.516,986.4,0.8,1.0,1175,Newport
2022-12-30,8.3,18,190.0,28,138.0,8.4,3.1,8.1,5.939,980.9,0.2,0.3,1175,Newport
2022-12-31,3.0,6,350.0,9,169.0,5.9,1.3,0.7,4.798,989.8,0.1,0.2,1175,Newport
2023-01-01,3.6,8,290.0,10,312.0,6.3,-0.1,0.2,3.225,999.9,0.0,0.0,1175,Newport
2023-01-02,8.5,21,140.0,30,334.0,7.2,-0.1,0.1,2.9,1006.7,0.2,0.2,1175,Newport
2023-01-03,11.2,24,210.0,34,55.0,11.6,6.3,15.1,5.787,997.3,0.4,0.6,1175,Newport
2023-01-04,8.6,14,260.0,23,57.0,10.6,8.0,3.1,7.732,1004.0,0.4,0.6,1175,Newport
2023-01-05,12.0,29,200.0,42,93.0,12.5,6.9,4.5,7.502,1005.4,0.8,0.9,1175,Newport
2023-01-06,10.5,18,130.0,26,109.0,9.0,5.0,7.5,6.6,995.8,0.4,0.5,1175,Newport
2023-01-07,15.5,33,200.0,47,136.0,9.4,3.8,6.0,5.697,979.5,1.0,1.2,1175,Newport
2023-01-08,15.1,28,290.0,41,212.0,9.1,6.0,3.8,5.571,979.7,1.2,1.4,1175,Newport
2023-01-09,16.6,30,280.0,45,134.0,8.2,4.8,6.9,5.249,994.8,1.1,1.4,1175,Newport
2023-01-10,14.8,25,290.0,40,61.0,11.6,4.3,28.4,6.54,991.3,0.4,0.6,1175,Newport
2023-01-11,11.6,22,240.0,40,121.0,10.8,4.5,23.7,5.901,991.8,0.5,0.7,1175,Newport
2023-01-12,18.8,29,270.0,52,92.0,10.6,6.2,20.6,6.592,990.2,0.7,1.0,1175,Newport
2023-01-13,14.1,27,290.0,48,158.0,9.6,5.5,21.4,6.119,999.1,0.6,0.7,1175,Newport
2023-01-14,14.7,29,290.0,42,161.0,7.8,3.0,8.6,5.202,992.0,0.7,0.9,1175,Newport
2023-01-15,6.8,21,310.0,32,198.0,6.9,1.6,7.2,4.379,993.1,0.3,0.4,1175,Newport
2023-01-16,3.3,10,0.0,16,264.0,3.4,-0.3,0.4,2.855,990.0,0.1,0.2,1175,Newport
2023-01-17,7.0,18,300.0,28,279.0,5.4,-0.7,1.1,1.803,991.2,0.4,0.5,1175,Newport
2023-01-18,9.6,23,300.0,35,202.0,6.5,0.7,2.3,2.392,1000.7,0.6,0.8,1175,Newport
2023-01-19,3.1,6,350.0,10,426.0,6.8,-0.1,0.9,2.104,1008.3,0.0,0.1,1175,Newport
2023-01-20,8.8,13,100.0,19,176.0,6.7,1.0,0.2,2.752,1015.7,0.3,0.4,1175,Newport
2023-01-21,7.9,14,150.0,20,140.0,10.3,6.7,0.3,5.426,1020.3,0.4,0.5,1175,Newport
2023-01-22,5.4,14,160.0,22,229.0,11.2,6.8,2.2,7.179,1022.5,0.2,0.3,1175,Newport
2023-01-23,3.9,8,230.0,14,178.0,10.4,4.2,1.0,6.656,1029.1,0.2,0.3,1175,Newport
2023-01-24,5.2,11,250.0,18,148.0,9.8,8.4,2.2,7.964,1032.9,0.2,0.3,1175,Newport
2023-01-25,6.2,17,340.0,27,373.0,9.9,5.8,4.4,7.867,1033.4,0.2,0.3,1175,Newport
2023-01-26,2.3,8,10.0,13,224.0,8.8,5.2,0.0,6.64,1035.7,0.4,0.6,1175,Newport
2023-01-27,4.0,10,200.0,16,191.0,8.1,4.5,3.0,6.358,1031.6,0.4,0.5,1175,Newport
2023-01-28,4.4,11,350.0,16,421.0,10.0,5.3,2.1,7.059,1028.8,0.2,0.3,1175,Newport
2023-01-29,9.0,19,290.0,31,138.0,10.6,6.1,0.7,7.149,1022.4,0.8,1.0,1175,Newport
2023-01-30,8.5,16,200.0,25,186.0,9.6,7.0,2.4,6.859,1021.8,0.8,0.9,1175,Newport
2023-01-31,16.3,23,270.0,35,437.0,9.7,6.0,2.9,6.843,1021.1,0.6,0.8,1175,Newport
2023-02-01,12.7,20,270.0,32,196.0,10.4,7.4,2.8,6.932,1020.9,0.7,0.9,1175,Newport
2023-02-02,9.2,17,200.0,32,232.0,10.6,9.0,6.7,8.207,1020.1,0.5,0.6,1175,Newport
2023-02-03,10.0,16,200.0,26,393.0,11.9,9.1,3.9,8.962,1024.5,0.5,0.7,1175,Newport
2023-02-04,11.2,20,210.0,28,261.0,10.9,0.9,1.9,7.848,1034.1,0.6,0.9,1175,Newport
2023-02-05,8.3,15,200.0,20,398.0,9.5,0.1,0.0,5.174,1039.1,0.5,0.6,1175,Newport
2023-02-06,11.5,20,200.0,29,136.0,10.3,5.9,0.3,6.3,1032.3,0.7,0.9,1175,Newport
2023-02-07,4.8,13,200.0,18,671.0,11.1,2.8,1.8,7.306,1031.7,0.3,0.5,1175,Newport
2023-02-08,14.2,27,190.0,38,100.0,10.2,2.8,3.7,6.333,1023.4,1.0,1.4,1175,Newport
2023-02-09,8.1,14,220.0,21,317.0,9.2,5.3,0.1,5.806,1028.0,1.1,1.3,1175,Newport
2023-02-10,7.9,15,200.0,26,408.0,10.5,8.2,2.0,7.621,1028.9,0.5,0.7,1175,Newport
2023-02-11,6.4,11,180.0,16,159.0,10.5,8.0,0.4,7.86,1030.1,0.8,1.0,1175,Newport
2023-02-12,11.0,18,130.0,25,317.0,10.5,6.7,0.0,7.551,1027.3,1.0,1.3,1175,Newport
2023-02-13,14.2,24,150.0,34,553.0,11.8,6.7,0.0,6.752,1020.9,1.4,1.7,1175,Newport
2023-02-14,15.7,21,140.0,28,141.0,13.3,8.1,4.1,8.075,1013.5,1.1,1.4,1175,Newport
2023-02-15,10.6,22,190.0,32,534.0,11.0,5.8,12.0,8.065,1009.9,0.7,1.0,1175,Newport
2023-02-16,7.3,14,230.0,26,152.0,11.1,6.4,7.3,8.161,1010.2,0.4,0.5,1175,Newport
2023-02-17,11.0,19,270.0,29,299.0,11.1,9.4,14.1,9.343,1013.4,0.6,0.9,1175,Newport
2023-02-18,13.3,23,280.0,38,372.0,10.7,8.1,2.3,9.365,1017.6,0.6,0.9,1175,Newport
2023-02-19,11.0,16,210.0,30,293.0,10.8,7.7,2.8,8.935,1020.0,0.5,0.8,1175,Newport
2023-02-20,9.9,15,200.0,22,218.0,10.7,9.8,6.2,9.695,1014.9,0.4,0.6,1175,Newport
2023-02-21,11.1,20,280.0,31,181.0,11.2,4.8,7.3,9.245,1008.8,0.7,1.0,1175,Newport
2023-02-22,9.3,20,340.0,33,551.0,8.2,2.3,10.9,6.647,1016.7,0.8,1.2,1175,Newport
2023-02-23,5.5,13,310.0,19,522.0,9.4,3.6,0.4,6.196,1023.0,0.7,1.0,1175,Newport
2023-02-24,6.8,13,320.0,22,530.0,10.9,6.2,0.5,7.504,1019.0,0.8,1.1,1175,Newport
2023-02-25,5.6,9,330.0,15,797.0,10.2,2.6,0.1,6.983,1021.6,1.0,1.3,1175,Newport
2023-02-26,9.7,16,120.0,24,747.0,8.2,3.3,0.0,5.911,1027.6,1.3,1.7,1175,Newport
2023-02-27,7.7,17,140.0,24,639.0,8.3,1.2,0.0,5.037,1032.8,0.9,1.2,1175,Newport
2023-02-28,4.6,9,20.0,17,522.0,8.3,4.2,0.0,6.046,1036.4,1.0,1.3,1175,Newport
2023-03-01,5.5,9,70.0,14,303.0,7.2,4.3,0.0,5.883,1033.3,1.0,1.3,1175,Newport
2023-03-02,5.4,9,40.0,15,516.0,9.4,5.8,0.0,6.44,1027.6,1.1,1.5,1175,Newport
2023-03-03,3.4,7,100.0,11,351.0,8.1,5.2,0.0,6.586,1029.9,0.9,1.2,1175,Newport
2023-03-04,2.7,7,60.0,14,469.0,7.4,3.9,0.0,6.538,1028.8,0.8,1.2,1175,Newport
2023-03-05,4.5,12,280.0,18,740.0,10.4,3.2,0.8,6.71,1018.5,1.0,1.3,1175,Newport
2023-03-06,5.1,11,340.0,17,631.0,9.2,2.2,1.0,7.302,1006.5,0.8,1.1,1175,Newport
2023-03-07,6.2,12,50.0,17,1157.0,6.5,-0.7,0.1,5.58,998.2,1.1,1.6,1175,Newport
2023-03-08,9.0,13,60.0,22,986.0,5.7,0.2,0.0,3.921,991.1,1.5,2.1,1175,Newport
2023-03-09,13.2,23,10.0,41,194.0,2.5,1.2,14.2,2.964,991.9,0.8,1.2,1175,Newport
2023-03-10,5.7,12,0.0,20,1018.0,6.9,-0.9,0.1,3.401,1002.0,1.0,1.4,1175,Newport
2023-03-11,10.5,16,250.0,26,268.0,9.9,1.0,7.7,4.111,999.2,0.7,1.1,1175,Newport
2023-03-12,10.1,18,200.0,27,212.0,11.4,8.6,19.2,7.129,987.8,0.5,0.8,1175,Newport
2023-03-13,12.4,23,350.0,41,808.0,10.8,2.2,17.6,8.406,982.2,0.7,1.2,1175,Newport
2023-03-14,7.0,18,290.0,32,1216.0,8.2,0.5,3.0,5.97,1001.7,1.2,1.8,1175,Newport
2023-03-15,8.1,17,120.0,24,192.0,10.7,0.5,19.1,5.519,1000.9,0.5,0.7,1175,Newport
2023-03-16,9.4,17,210.0,25,839.0,14.1,8.8,11.8,9.18,989.3,1.2,1.7,1175,Newport
2023-03-17,6.6,13,120.0,17,563.0,13.8,7.9,3.3,9.865,992.2,0.8,1.1,1175,Newport
2023-03-18,9.3,21,320.0,31,803.0,9.4,4.8,5.0,8.842,1004.8,1.0,1.5,1175,Newport
2023-03-19,6.1,16,120.0,21,264.0,10.6,3.9,16.2,7.04,1009.7,0.6,0.8,1175,Newport
2023-03-20,6.3,13,150.0,19,234.0,12.1,9.5,11.6,9.327,1001.9,0.6,0.8,1175,Newport
2023-03-21,11.3,29,200.0,46,338.0,11.7,8.2,20.0,9.467,987.8,0.7,1.0,1175,Newport
2023-03-22,13.3,23,230.0,46,813.0,11.1,5.4,4.5,8.41,981.4,1.5,2.2,1175,Newport
2023-03-23,10.0,21,210.0,32,690.0,11.7,6.0,4.0,8.22,977.9,1.3,1.8,1175,Newport
2023-03-24,15.1,25,280.0,37,870.0,10.7,6.6,5.1,8.261,983.8,1.5,2.2,1175,Newport
2023-03-25,7.9,17,280.0,27,1442.0,13.5,7.2,0.2,9.234,995.5,1.9,2.7,1175,Newport
2023-03-26,7.7,12,0.0,18,1149.0,12.7,4.4,0.2,8.813,1009.7,1.6,2.3,1175,Newport
2023-03-27,10.5,19,150.0,27,998.0,11.8,3.0,3.2,8.044,1014.9,1.4,2.1,1175,Newport
2023-03-28,10.4,19,120.0,26,687.0,14.0,6.9,10.1,9.392,1003.5,1.1,1.7,1175,Newport
2023-03-29,14.8,28,190.0,40,634.0,12.6,9.9,1.5,10.403,993.1,1.1,1.8,1175,Newport
2023-03-30,10.1,18,210.0,25,1400.0,15.3,9.3,0.5,11.31,986.7,2.0,2.9,1175,Newport
2023-03-31,5.9,15,270.0,22,644.0,12.1,8.8,8.4,10.835,991.6,1.1,1.5,1175,Newport
2023-04-01,11.0,18,320.0,29,967.0,10.6,4.8,1.5,9.69,1011.9,1.3,2.0,1175,Newport
2023-04-02,6.9,14,150.0,20,1406.0,13.0,3.1,0.0,8.95,1024.3,1.8,2.6,1175,Newport
2023-04-03,12.7,18,160.0,28,413.0,12.4,6.5,3.9,8.772,1020.5,1.3,1.7,1175,Newport
2023-04-04,11.3,17,160.0,24,266.0,11.5,8.1,17.7,9.15,1015.0,0.6,1.0,1175,Newport
2023-04-05,7.2,14,190.0,21,915.0,13.5,7.1,7.0,10.833,1010.6,1.4,2.0,1175,Newport
2023-04-06,3.8,11,270.0,15,1209.0,12.4,3.8,2.5,9.99,1014.1,1.5,2.0,1175,Newport
2023-04-07,11.4,19,130.0,25,1446.0,13.8,3.6,0.0,9.262,1015.1,2.0,3.0,1175,Newport
2023-04-08,13.3,19,130.0,27,503.0,12.8,7.1,0.0,9.153,1013.4,1.5,2.1,1175,Newport
2023-04-09,14.2,21,150.0,32,445.0,11.9,7.2,3.8,9.64,1005.3,0.8,1.3,1175,Newport
2023-04-10,10.0,20,250.0,34,1216.0,11.1,5.6,3.7,9.297,1001.7,1.7,2.6,1175,Newport
2023-04-11,9.9,24,250.0,38,452.0,7.8,3.6,12.5,7.485,993.9,0.9,1.3,1175,Newport
2023-04-12,18.7,34,300.0,55,796.0,9.7,1.7,14.3,6.471,986.7,1.4,2.3,1175,Newport
2023-04-13,10.5,18,290.0,29,1767.0,12.2,4.1,0.7,7.717,997.7,2.6,3.7,1175,Newport
2023-04-14,6.3,17,280.0,24,2201.0,13.5,2.5,0.2,9.146,1004.5,2.4,3.5,1175,Newport
2023-04-15,8.5,20,140.0,29,669.0,11.1,3.2,25.5,8.711,1013.5,0.7,1.2,1175,Newport
2023-04-16,5.4,11,260.0,18,1728.0,17.1,10.9,2.8,12.157,1016.8,2.3,3.2,1175,Newport
2023-04-17,9.5,14,140.0,19,951.0,17.2,10.6,0.0,12.873,1021.7,1.9,2.6,1175,Newport
2023-04-18,9.2,14,100.0,21,1380.0,17.4,7.9,0.0,12.16,1025.2,2.5,3.4,1175,Newport
2023-04-19,9.8,15,80.0,22,1131.0,12.7,6.7,0.0,10.557,1024.2,2.0,2.8,1175,Newport
2023-04-20,13.1,20,100.0,28,2429.0,15.4,7.2,0.0,11.078,1020.4,3.7,5.5,1175,Newport
2023-04-21,10.8,17,70.0,27,1995.0,18.6,6.9,0.3,11.193,1013.2,3.5,4.9,1175,Newport
2023-04-22,6.4,14,10.0,26,749.0,11.1,6.7,1.2,10.812,1003.8,1.3,1.9,1175,Newport
2023-04-23,7.7,14,340.0,21,1507.0,15.1,6.2,3.6,10.665,1003.7,2.4,3.3,1175,Newport
2023-04-24,9.6,18,10.0,27,2064.0,10.3,4.5,6.3,10.78,1012.2,2.3,3.6,1175,Newport
2023-04-25,6.3,12,90.0,18,1629.0,11.8,2.3,0.2,9.785,1014.8,2.1,3.0,1175,Newport
2023-04-26,8.7,13,130.0,20,1408.0,13.9,6.7,0.0,11.038,1011.4,2.2,3.2,1175,Newport
2023-04-27,7.5,15,130.0,20,1156.0,16.1,9.1,3.1,12.083,1006.1,2.0,2.8,1175,Newport
2023-04-28,4.9,9,230.0,15,1865.0,16.5,10.6,1.3,13.882,1008.8,2.5,3.5,1175,Newport
2023-04-29,3.8,10,180.0,14,1299.0,17.5,11.0,2.2,14.78,1014.3,2.0,2.7,1175,Newport
2023-04-30,7.3,14,280.0,23,1315.0,15.1,11.1,6.8,14.67,1014.3,1.9,2.7,1175,Newport
2023-05-01,4.8,10,290.0,15,1278.0,14.4,9.6,0.1,14.233,1018.0,1.9,2.6,1175,Newport
2023-05-02,7.5,13,170.0,20,1600.0,18.0,9.4,0.0,14.342,1019.2,2.6,3.6,1175,Newport
2023-05-03,11.1,20,100.0,30,1116.0,17.7,10.8,0.0,14.015,1015.8,2.4,3.3,1175,Newport
2023-05-04,12.1,19,90.0,28,1316.0,16.1,10.4,4.9,13.382,1007.1,2.5,3.6,1175,Newport
2023-05-05,6.1,12,250.0,19,1287.0,16.3,9.9,4.8,13.66,1002.5,1.9,2.7,1175,Newport
2023-05-06,6.7,12,230.0,20,2120.0,18.5,10.5,1.0,15.068,1007.1,3.0,4.2,1175,Newport
2023-05-07,8.3,17,150.0,25,1001.0,16.7,11.0,11.5,14.75,1007.6,1.7,2.4,1175,Newport
2023-05-08,8.8,14,200.0,21,1016.0,15.1,11.4,1.9,14.65,1007.3,1.4,2.2,1175,Newport
2023-05-09,10.0,16,200.0,26,2097.0,15.1,10.3,1.6,14.895,1007.0,2.6,4.1,1175,Newport
2023-05-10,11.2,17,290.0,27,481.0,11.9,10.1,8.1,13.188,1008.2,1.1,1.6,1175,Newport
2023-05-11,11.4,17,280.0,28,1522.0,14.1,10.2,2.1,13.238,1017.3,2.1,3.3,1175,Newport
2023-05-12,5.3,9,350.0,15,2530.0,19.7,10.0,0.0,15.488,1025.8,3.6,5.0,1175,Newport
2023-05-13,6.0,13,240.0,22,2068.0,17.1,7.8,0.2,15.67,1022.9,2.7,3.9,1175,Newport
2023-05-14,9.1,16,290.0,24,2127.0,14.4,8.9,8.2,15.1,1019.5,2.7,4.2,1175,Newport
2023-05-15,6.7,11,280.0,17,1428.0,13.6,6.9,1.3,13.33,1024.0,2.3,3.2,1175,Newport
2023-05-16,4.1,12,200.0,19,2467.0,16.7,5.6,0.0,14.25,1026.4,3.2,4.4,1175,Newport
2023-05-17,6.7,13,230.0,20,1915.0,15.5,7.1,0.0,14.655,1025.9,2.6,3.8,1175,Newport
2023-05-18,7.4,15,210.0,23,1405.0,17.9,10.1,0.7,14.4,1025.2,2.3,3.2,1175,Newport
2023-05-19,6.8,11,220.0,18,1277.0,16.7,9.9,0.0,14.77,1028.0,2.1,3.0,1175,Newport
2023-05-20,4.1,10,270.0,14,624.0,15.7,12.1,2.1,15.025,1025.7,1.2,1.6,1175,Newport
2023-05-21,8.2,13,0.0,21,1916.0,15.9,8.4,0.0,15.38,1023.8,2.5,3.8,1175,Newport
2023-05-22,6.1,13,310.0,19,2356.0,16.4,7.2,0.0,15.087,1027.0,3.3,4.6,1175,Newport
2023-05-23,5.7,12,280.0,18,2031.0,17.0,8.5,0.0,15.48,1027.9,2.9,4.1,1175,Newport
2023-05-24,5.1,10,310.0,16,1199.0,15.8,9.7,0.0,15.142,1028.4,2.0,2.8,1175,Newport
2023-05-25,5.1,11,310.0,17,2081.0,18.0,10.9,0.0,16.253,1031.4,3.1,4.2,1175,Newport
2023-05-26,4.7,10,330.0,14,1698.0,19.9,10.5,0.0,16.817,1030.5,2.9,3.9,1175,Newport
2023-05-27,5.8,11,350.0,17,2282.0,20.1,10.1,0.0,17.495,1026.3,3.5,4.8,1175,Newport
2023-05-28,7.7,12,10.0,19,2530.0,15.8,8.9,0.0,17.048,1026.3,3.4,5.0,1175,Newport
2023-05-29,6.6,12,350.0,21,2947.0,21.3,6.8,0.0,17.405,1027.6,4.2,5.9,1175,Newport
2023-05-30,5.8,12,330.0,20,3013.0,23.4,10.5,0.0,19.013,1028.8,4.8,6.5,1175,Newport
2023-05-31,9.1,17,310.0,24,3004.0,22.1,12.6,0.0,19.405,1026.5,4.8,6.8,1175,Newport
2023-06-01,7.7,12,340.0,19,2992.0,22.9,11.6,0.0,19.97,1024.1,4.6,6.5,1175,Newport
2023-06-02,7.5,13,350.0,21,3001.0,22.9,11.5,0.0,20.345,1023.5,4.7,6.5,1175,Newport
2023-06-03,6.9,12,350.0,19,2993.0,23.0,12.8,0.0,21.122,1022.4,4.9,6.7,1175,Newport
2023-06-04,5.2,10,150.0,16,2951.0,25.1,11.7,0.0,21.37,1022.4,5.1,6.7,1175,Newport
2023-06-05,5.8,11,30.0,21,2586.0,24.7,12.0,0.0,21.162,1022.2,4.6,6.1,1175,Newport
2023-06-06,6.2,13,0.0,21,2502.0,24.0,12.8,0.0,21.022,1021.2,4.7,6.2,1175,Newport
2023-06-07,6.7,10,100.0,19,2767.0,20.4,10.3,0.0,20.783,1019.1,4.1,5.8,1175,Newport
2023-06-08,7.9,13,100.0,18,2734.0,22.2,10.3,0.0,20.743,1015.0,4.4,6.1,1175,Newport
2023-06-09,7.6,13,130.0,21,2032.0,23.3,13.0,0.0,20.85,1010.5,3.9,5.2,1175,Newport
2023-06-10,6.9,15,100.0,22,566.0,19.8,16.6,0.1,19.49,1008.8,1.8,2.3,1175,Newport
2023-06-11,6.6,10,250.0,16,1416.0,22.1,15.7,0.0,19.967,1011.8,2.7,3.6,1175,Newport
2023-06-12,4.9,9,340.0,14,1716.0,22.3,15.5,1.8,20.647,1014.4,3.1,4.1,1175,Newport
2023-06-13,5.0,10,0.0,14,1121.0,23.5,16.0,2.2,20.528,1013.8,2.3,3.0,1175,Newport
2023-06-14,5.5,11,150.0,17,2691.0,27.2,15.7,0.0,21.817,1014.9,4.9,6.4,1175,Newport
2023-06-15,4.4,9,10.0,13,2426.0,23.3,14.4,0.0,22.0,1016.3,4.2,5.5,1175,Newport
2023-06-16,7.8,18,120.0,25,1130.0,20.4,15.3,1.4,20.75,1012.5,2.2,3.0,1175,Newport
2023-06-17,3.7,10,240.0,14,890.0,20.2,14.9,17.7,19.688,1007.8,1.9,2.4,1175,Newport
2023-06-18,5.7,12,130.0,16,1253.0,20.5,13.7,5.3,19.057,1003.7,2.3,3.1,1175,Newport
2023-06-19,4.7,11,230.0,17,2318.0,20.6,12.7,1.6,19.765,1002.3,3.5,4.7,1175,Newport
2023-06-20,6.2,13,240.0,21,2430.0,21.3,12.6,0.4,20.38,1004.2,3.7,5.2,1175,Newport
2023-06-21,5.2,13,190.0,20,2249.0,20.3,11.9,0.1,20.318,1011.1,3.6,4.8,1175,Newport
2023-06-22,6.6,12,130.0,17,2530.0,23.2,9.9,0.1,20.175,1015.2,4.0,5.5,1175,Newport
2023-06-23,8.5,15,140.0,22,667.0,20.4,16.5,6.8,19.658,1011.9,1.7,2.2,1175,Newport
2023-06-24,12.0,22,140.0,33,1330.0,23.5,16.6,1.9,20.118,1007.8,2.9,3.9,1175,Newport
2023-06-25,8.9,23,140.0,33,2809.0,19.4,11.7,12.6,20.2,1006.5,3.7,5.6,1175,Newport
2023-06-26,8.0,14,220.0,22,1999.0,18.8,12.2,1.1,19.53,1013.7,3.2,4.5,1175,Newport
2023-06-27,10.5,18,200.0,27,777.0,18.5,14.2,3.9,18.64,1011.3,1.5,2.2,1175,Newport
2023-06-28,6.8,13,290.0,19,1574.0,17.8,12.6,4.3,18.497,1013.9,2.7,3.7,1175,Newport
2023-06-29,8.5,14,210.0,23,1566.0,18.4,12.5,5.6,17.997,1012.2,2.8,3.9,1175,Newport
2023-06-30,10.7,18,290.0,32,457.0,15.6,13.0,11.0,17.035,1004.6,1.0,1.5,1175,Newport
2023-07-01,12.1,19,290.0,32,1218.0,15.9,12.4,0.8,16.378,1006.3,2.6,3.7,1175,Newport
2023-07-02,10.8,21,250.0,33,2016.0,16.6,10.4,1.7,16.647,1008.2,3.2,4.7,1175,Newport
2023-07-03,8.3,17,260.0,26,1974.0,17.0,9.6,5.8,16.998,1006.0,3.0,4.3,1175,Newport
2023-07-04,7.2,15,320.0,22,1141.0,15.2,9.8,2.5,16.435,1006.0,1.8,2.6,1175,Newport
2023-07-05,8.3,15,250.0,25,2160.0,17.5,10.7,1.9,17.112,1007.0,3.0,4.5,1175,Newport
2023-07-06,11.9,22,200.0,33,368.0,17.2,11.4,17.0,16.175,1000.7,1.0,1.5,1175,Newport
2023-07-07,12.2,23,150.0,35,1192.0,21.2,12.8,3.3,16.733,999.3,2.3,3.3,1175,Newport
2023-07-08,12.5,27,130.0,38,1726.0,20.3,13.7,0.2,17.775,1001.5,3.0,4.4,1175,Newport
2023-07-09,5.0,11,110.0,17,1840.0,19.2,11.4,4.4,18.135,1009.9,2.9,3.9,1175,Newport
2023-07-10,4.9,8,340.0,13,1298.0,18.8,11.6,7.1,18.022,1007.6,2.3,3.0,1175,Newport
2023-07-11,7.2,15,260.0,22,1617.0,18.1,12.2,2.6,17.71,1004.6,2.7,3.7,1175,Newport
2023-07-12,9.0,15,290.0,24,1820.0,18.3,11.1,1.1,17.55,1007.3,2.9,4.2,1175,Newport
2023-07-13,4.3,10,200.0,15,1273.0,18.1,12.3,2.2,17.792,1008.0,2.2,2.9,1175,Newport
2023-07-14,8.3,13,330.0,23,447.0,15.0,13.2,21.6,16.847,996.0,0.9,1.4,1175,Newport
2023-07-15,16.2,23,300.0,39,804.0,15.6,13.1,25.2,15.81,991.8,1.5,2.4,1175,Newport
2023-07-16,8.9,19,300.0,29,1731.0,16.9,12.2,5.5,16.6,1002.8,2.7,3.9,1175,Newport
2023-07-17,4.4,11,200.0,15,2526.0,18.5,11.4,0.6,18.233,1011.3,3.6,4.9,1175,Newport
2023-07-18,6.1,11,350.0,19,1631.0,20.4,12.0,2.1,18.875,1013.0,2.8,3.8,1175,Newport
2023-07-19,5.3,11,280.0,17,1143.0,17.5,11.9,0.0,17.66,1016.2,2.3,3.0,1175,Newport
2023-07-20,5.4,12,310.0,20,1260.0,16.4,11.6,2.0,17.035,1016.0,2.2,2.9,1175,Newport
2023-07-21,7.9,15,200.0,25,628.0,15.5,12.2,21.2,16.47,1009.5,1.2,1.7,1175,Newport
2023-07-22,4.4,8,210.0,13,452.0,17.1,15.0,16.6,16.92,999.6,1.0,1.3,1175,Newport
2023-07-23,9.3,16,20.0,25,1301.0,17.6,14.2,2.1,17.378,1001.7,2.2,3.1,1175,Newport
2023-07-24,6.2,11,340.0,19,1787.0,17.7,11.1,0.1,17.552,1009.4,2.8,3.8,1175,Newport
2023-07-25,5.2,11,220.0,18,2385.0,19.6,9.7,0.0,18.292,1008.7,3.3,4.6,1175,Newport
2023-07-26,8.2,13,140.0,20,551.0,17.1,14.1,14.2,18.057,1000.6,1.1,1.6,1175,Newport
2023-07-27,6.3,11,200.0,17,1233.0,18.5,14.1,0.1,18.305,997.5,2.3,3.1,1175,Newport
2023-07-28,11.5,19,210.0,32,957.0,16.3,12.7,6.8,17.355,996.1,1.8,2.6,1175,Newport
2023-07-29,13.3,20,240.0,31,1926.0,18.0,12.8,10.5,17.173,997.6,2.9,4.4,1175,Newport
2023-07-30,9.2,17,190.0,27,435.0,16.8,12.7,22.2,16.625,999.9,0.9,1.4,1175,Newport
2023-07-31,11.3,19,260.0,29,957.0,18.0,13.7,5.4,16.853,997.4,1.8,2.7,1175,Newport
2023-08-01,6.9,15,110.0,22,1486.0,18.8,12.1,8.6,17.435,990.6,2.4,3.3,1175,Newport
2023-08-02,9.8,15,350.0,25,1128.0,18.2,13.5,1.6,17.397,992.2,2.0,2.9,1175,Newport
2023-08-03,9.6,15,330.0,24,1385.0,16.4,12.8,0.3,17.01,1011.5,2.3,3.3,1175,Newport
2023-08-04,6.8,16,120.0,22,806.0,16.4,10.9,19.3,16.24,1011.8,1.6,2.2,1175,Newport
2023-08-05,8.3,15,50.0,26,1933.0,17.7,11.0,7.4,16.205,1009.5,2.8,4.0,1175,Newport
2023-08-06,6.1,14,290.0,22,1600.0,18.7,12.8,0.4,17.028,1018.1,2.8,3.7,1175,Newport
2023-08-07,4.6,11,240.0,17,1610.0,19.4,11.9,3.8,17.613,1016.5,2.6,3.5,1175,Newport
2023-08-08,3.5,6,10.0,10,1352.0,19.8,12.4,0.2,18.185,1012.4,2.3,3.0,1175,Newport
2023-08-09,4.6,11,120.0,18,1533.0,23.8,14.1,1.0,18.875,1011.7,2.8,3.6,1175,Newport
2023-08-10,11.4,20,140.0,30,718.0,21.0,15.4,7.2,18.66,1007.6,1.6,2.2,1175,Newport
2023-08-11,9.5,21,190.0,31,688.0,17.9,13.4,14.8,17.483,1002.1,1.4,2.0,1175,Newport
2023-08-12,11.7,18,210.0,28,860.0,17.7,14.6,6.0,17.142,1000.2,1.6,2.3,1175,Newport
2023-08-13,8.6,14,230.0,22,1148.0,18.0,13.8,6.8,16.98,1003.7,2.1,2.9,1175,Newport
2023-08-14,5.9,12,320.0,18,1398.0,19.5,14.1,0.2,17.698,1007.3,2.4,3.3,1175,Newport
2023-08-15,4.2,8,320.0,14,1246.0,19.4,12.8,0.6,18.165,1014.8,2.1,2.8,1175,Newport
2023-08-16,3.8,9,120.0,14,1574.0,21.4,12.8,0.0,18.905,1017.9,2.7,3.5,1175,Newport
2023-08-17,11.8,20,130.0,31,1394.0,22.2,12.7,0.0,18.407,1011.7,2.8,3.8,1175,Newport
2023-08-18,12.4,20,110.0,31,666.0,20.4,14.9,18.8,18.108,996.8,1.6,2.3,1175,Newport
2023-08-19,12.2,20,210.0,31,1169.0,18.9,15.3,7.6,18.122,996.8,1.9,2.8,1175,Newport
2023-08-20,13.4,21,210.0,33,1032.0,20.0,14.7,0.9,17.507,1009.4,2.4,3.2,1175,Newport
2023-08-21,16.5,23,190.0,37,571.0,17.9,14.9,1.7,16.923,1009.6,1.6,2.3,1175,Newport
2023-08-22,7.6,12,260.0,21,1314.0,18.8,13.6,3.0,17.462,1012.7,2.1,3.0,1175,Newport
2023-08-23,7.1,14,250.0,20,959.0,18.0,11.0,3.5,17.228,1013.9,1.8,2.4,1175,Newport
2023-08-24,6.6,14,250.0,24,1234.0,17.5,10.6,0.3,16.118,1011.0,2.0,2.7,1175,Newport
2023-08-25,6.2,15,320.0,22,1456.0,17.4,12.1,5.3,16.485,1009.0,2.1,2.9,1175,Newport
2023-08-26,8.6,13,0.0,22,1249.0,17.5,12.1,1.1,16.552,1011.4,1.9,2.8,1175,Newport
2023-08-27,8.0,15,310.0,24,1137.0,17.0,12.1,5.0,16.435,1012.1,1.7,2.5,1175,Newport
2023-08-28,5.0,11,250.0,15,791.0,17.6,12.8,0.7,16.378,1013.4,1.6,2.1,1175,Newport
2023-08-29,9.0,15,300.0,25,1049.0,16.2,12.7,0.4,15.75,1010.7,2.0,2.7,1175,Newport
2023-08-30,4.6,11,110.0,17,857.0,15.8,11.9,1.5,15.757,1006.3,1.5,2.0,1175,Newport
2023-08-31,6.4,14,120.0,20,1514.0,19.6,11.5,11.8,16.733,1001.5,2.1,2.9,1175,Newport
2023-09-01,3.9,8,130.0,13,1865.0,22.8,11.8,0.0,18.132,1008.9,2.7,3.7,1175,Newport
2023-09-02,5.1,10,250.0,19,1400.0,20.8,13.1,0.0,18.528,1018.5,2.1,2.9,1175,Newport
2023-09-03,8.3,14,240.0,22,1488.0,19.4,12.8,0.0,18.122,1022.2,2.2,3.1,1175,Newport
2023-09-04,4.0,9,0.0,15,1607.0,24.4,9.9,0.1,17.923,1018.5,2.4,3.2,1175,Newport
2023-09-05,8.4,16,80.0,29,1164.0,26.0,17.9,0.0,19.045,1013.8,3.1,3.7,1175,Newport
2023-09-06,8.1,16,140.0,23,709.0,22.6,15.4,0.0,18.378,1012.4,1.7,2.2,1175,Newport
2023-09-07,7.3,16,120.0,21,1701.0,27.9,17.5,0.0,19.802,1012.4,3.3,4.2,1175,Newport
2023-09-08,4.3,8,210.0,13,1529.0,24.7,17.2,0.2,20.365,1012.9,2.5,3.2,1175,Newport
2023-09-09,5.1,10,210.0,14,1472.0,21.4,15.8,3.1,20.59,1012.8,2.1,2.8,1175,Newport
2023-09-10,4.0,9,240.0,15,961.0,21.9,14.5,0.0,19.97,1011.0,1.7,2.2,1175,Newport
2023-09-11,4.6,13,340.0,22,743.0,17.2,11.1,2.4,18.158,1011.1,1.4,1.8,1175,Newport
2023-09-12,4.5,10,330.0,17,1217.0,17.7,8.6,0.1,16.163,1017.5,1.8,2.5,1175,Newport
2023-09-13,9.2,17,140.0,30,245.0,16.1,7.8,6.9,14.285,1015.0,0.7,0.9,1175,Newport
2023-09-14,4.9,11,210.0,18,1256.0,17.7,11.1,0.8,15.237,1014.7,1.8,2.5,1175,Newport
2023-09-15,4.9,11,10.0,18,683.0,15.0,9.7,0.4,14.688,1015.4,1.3,1.7,1175,Newport
2023-09-16,8.5,15,20.0,24,1457.0,16.4,10.1,0.1,14.597,1016.6,1.9,2.7,1175,Newport
2023-09-17,4.5,8,0.0,14,329.0,16.2,11.6,0.7,15.023,1006.8,0.9,1.2,1175,Newport
2023-09-18,11.0,21,270.0,30,1230.0,16.1,10.7,10.0,14.46,997.2,1.9,2.7,1175,Newport
2023-09-19,12.0,26,200.0,39,243.0,17.3,10.5,31.8,14.293,987.3,0.7,1.0,1175,Newport
2023-09-20,10.6,21,260.0,33,970.0,15.9,9.0,3.6,14.722,981.9,1.1,1.8,1175,Newport
2023-09-21,6.9,16,290.0,25,1178.0,15.9,6.4,3.5,12.665,992.1,1.4,2.0,1175,Newport
2023-09-22,7.8,16,320.0,26,1335.0,14.5,9.1,0.7,12.407,1003.6,1.8,2.5,1175,Newport
2023-09-23,9.7,18,110.0,26,353.0,15.7,7.6,3.5,11.88,1004.2,0.7,1.1,1175,Newport
2023-09-24,10.3,24,200.0,39,204.0,16.2,12.8,33.3,14.087,995.4,0.8,1.0,1175,Newport
2023-09-25,15.6,21,200.0,33,980.0,18.2,13.8,0.8,14.42,1001.6,2.1,2.9,1175,Newport
2023-09-26,9.2,17,150.0,27,1007.0,16.4,9.9,12.4,14.145,1003.6,1.3,1.9,1175,Newport
2023-09-27,13.9,25,110.0,37,367.0,16.5,10.0,9.9,13.115,994.4,1.1,1.5,1175,Newport
2023-09-28,12.0,18,160.0,28,294.0,16.1,12.1,9.6,13.057,999.9,1.3,1.7,1175,Newport
2023-09-29,8.2,16,220.0,28,1164.0,17.1,11.1,4.0,13.743,1010.9,1.5,2.1,1175,Newport
2023-09-30,10.0,20,110.0,30,187.0,16.1,10.6,4.5,12.9,1010.9,0.7,1.0,1175,Newport
2023-10-01,11.2,16,190.0,30,1084.0,17.0,12.0,1.7,14.155,1009.5,1.3,2.0,1175,Newport
2023-10-02,9.2,15,210.0,23,950.0,16.7,10.7,3.8,13.807,1010.2,1.4,2.0,1175,Newport
2023-10-03,9.9,17,250.0,26,844.0,16.6,10.6,3.3,13.115,1013.4,1.4,1.9,1175,Newport
2023-10-04,11.8,19,200.0,30,557.0,16.1,13.7,1.9,13.985,1015.4,1.1,1.5,1175,Newport
2023-10-05,11.6,24,200.0,36,384.0,17.4,13.4,15.4,14.667,1010.4,0.7,1.1,1175,Newport
2023-10-06,9.4,19,210.0,28,167.0,16.6,14.6,22.9,15.362,1011.8,0.5,0.7,1175,Newport
2023-10-07,8.5,14,240.0,22,445.0,18.6,15.4,0.5,15.925,1014.6,1.1,1.4,1175,Newport
2023-10-08,6.4,15,240.0,22,455.0,18.7,14.1,0.0,15.64,1018.0,1.0,1.3,1175,Newport
2023-10-09,7.1,15,250.0,23,921.0,20.5,14.1,0.3,16.405,1015.9,1.5,2.0,1175,Newport
2023-10-10,8.8,14,220.0,23,107.0,17.2,12.3,5.4,15.55,1009.5,0.6,0.8,1175,Newport
2023-10-11,4.2,10,10.0,17,576.0,12.7,8.1,0.1,13.195,1009.5,0.7,1.0,1175,Newport
2023-10-12,3.4,8,170.0,13,807.0,14.1,6.5,0.0,11.925,1006.2,1.0,1.4,1175,Newport
2023-10-13,8.5,16,300.0,29,924.0,13.9,8.2,3.6,11.605,1004.1,1.3,1.7,1175,Newport
2023-10-14,6.7,14,300.0,24,960.0,12.1,5.1,1.7,9.932,1018.1,1.0,1.4,1175,Newport
2023-10-15,3.7,7,130.0,11,824.0,11.9,2.9,0.1,8.993,1023.0,0.8,1.1,1175,Newport
2023-10-16,6.0,11,120.0,17,968.0,13.6,5.4,0.0,9.241,1016.9,1.2,1.6,1175,Newport
2023-10-17,11.7,18,100.0,28,229.0,11.4,6.6,14.3,8.488,1005.1,0.9,1.2,1175,Newport
2023-10-18,13.4,19,110.0,30,125.0,13.2,10.2,16.0,10.812,986.9,0.5,0.7,1175,Newport
2023-10-19,5.5,13,90.0,19,280.0,13.8,12.0,2.3,12.613,974.5,0.5,0.7,1175,Newport
2023-10-20,7.8,17,70.0,26,287.0,15.5,9.0,10.0,12.812,980.3,0.8,1.0,1175,Newport
2023-10-21,4.3,12,20.0,21,647.0,12.7,6.3,0.5,10.497,989.6,0.8,1.0,1175,Newport
2023-10-22,5.3,13,100.0,21,713.0,15.1,5.1,0.1,9.757,997.1,0.8,1.1,1175,Newport
2023-10-23,8.6,14,100.0,21,182.0,11.6,9.3,10.3,10.477,997.3,0.6,0.8,1175,Newport
2023-10-24,6.1,11,100.0,19,562.0,14.1,9.0,0.1,11.245,994.9,0.7,0.9,1175,Newport
2023-10-25,10.0,18,120.0,28,268.0,11.2,8.0,3.6,10.31,989.1,0.5,0.7,1175,Newport
2023-10-26,6.8,16,120.0,22,191.0,12.7,8.7,18.4,10.573,980.8,0.5,0.6,1175,Newport
2023-10-27,8.4,14,90.0,21,273.0,12.6,7.8,1.3,10.025,978.9,0.6,0.8,1175,Newport
2023-10-28,9.5,15,130.0,22,440.0,13.9,9.3,0.9,10.747,976.0,0.7,0.9,1175,Newport
2023-10-29,5.4,12,40.0,22,519.0,12.1,8.2,3.2,10.648,978.7,0.5,0.7,1175,Newport
2023-10-30,6.7,10,80.0,17,349.0,12.1,7.5,0.5,10.21,987.3,0.5,0.7,1175,Newport
2023-10-31,10.0,18,100.0,30,187.0,11.0,8.4,2.5,9.925,987.4,0.5,0.7,1175,Newport
2023-11-01,8.8,22,270.0,39,213.0,11.4,6.2,11.5,9.663,975.2,0.6,0.8,1175,Newport
2023-11-02,6.5,14,250.0,25,460.0,12.8,5.5,5.9,8.75,971.9,0.5,0.7,1175,Newport
2023-11-03,5.0,13,270.0,20,375.0,12.0,5.7,1.1,8.558,978.1,0.5,0.7,1175,Newport
2023-11-04,6.5,11,70.0,18,244.0,10.1,6.1,3.9,7.938,969.0,0.4,0.6,1175,Newport
2023-11-05,9.0,18,290.0,32,425.0,11.9,8.0,5.8,8.777,979.5,0.7,0.8,1175,Newport
2023-11-06,12.3,19,280.0,30,363.0,11.8,7.6,16.8,8.715,993.7,0.8,1.0,1175,Newport
2023-11-07,9.7,17,280.0,31,468.0,13.2,7.0,6.1,8.923,998.0,0.8,1.0,1175,Newport
2023-11-08,12.2,26,280.0,37,359.0,10.8,5.1,6.7,8.024,991.0,0.6,0.7,1175,Newport
2023-11-09,8.9,18,180.0,33,229.0,11.4,5.2,21.1,7.269,984.6,0.8,0.9,1175,Newport
2023-11-10,9.0,19,300.0,32,369.0,11.3,5.8,5.7,7.422,995.2,0.6,0.7,1175,Newport
2023-11-11,7.0,17,100.0,27,347.0,8.1,3.2,0.2,5.783,1001.2,0.3,0.4,1175,Newport
2023-11-12,11.3,17,100.0,26,247.0,12.3,6.7,8.8,7.464,990.2,0.6,0.7,1175,Newport
2023-11-13,12.9,25,280.0,40,323.0,12.9,7.1,45.9,9.142,981.4,0.5,0.6,1175,Newport
2023-11-14,12.6,21,260.0,30,396.0,12.3,9.0,8.5,9.593,999.0,0.6,0.8,1175,Newport
2023-11-15,7.5,18,290.0,27,396.0,12.2,6.3,0.2,8.153,1011.2,0.7,0.8,1175,Newport
2023-11-16,7.2,14,210.0,28,224.0,10.6,5.2,7.6,6.923,1009.1,0.4,0.5,1175,Newport
2023-11-17,10.7,21,120.0,34,131.0,10.5,5.3,18.7,6.772,1005.8,0.4,0.5,1175,Newport
2023-11-18,15.7,21,200.0,33,227.0,13.9,10.5,8.0,10.155,995.0,0.5,0.6,1175,Newport
2023-11-19,10.1,19,260.0,28,120.0,11.8,9.3,8.8,10.375,995.8,0.4,0.5,1175,Newport
2023-11-20,10.4,18,320.0,34,268.0,11.5,7.9,4.9,9.613,1013.8,0.3,0.4,1175,Newport
2023-11-21,5.3,15,230.0,25,136.0,10.9,6.9,0.5,8.208,1027.4,0.4,0.5,1175,Newport
2023-11-22,11.7,16,240.0,27,82.0,11.9,10.7,4.2,10.21,1025.7,0.5,0.7,1175,Newport
2023-11-23,12.2,22,280.0,37,116.0,13.5,9.7,1.3,10.725,1025.3,0.6,0.8,1175,Newport
2023-11-24,3.7,8,280.0,14,251.0,10.4,6.1,0.0,8.918,1024.7,0.3,0.4,1175,Newport
2023-11-25,8.3,16,130.0,21,124.0,8.1,4.8,0.3,7.084,1016.8,0.5,0.7,1175,Newport
2023-11-26,5.5,12,120.0,16,170.0,10.9,8.0,5.7,8.706,1006.6,0.2,0.3,1175,Newport
2023-11-27,4.1,11,0.0,18,330.0,10.2,4.9,0.9,8.566,1007.0,0.1,0.1,1175,Newport
2023-11-28,2.4,9,270.0,12,205.0,10.5,4.0,0.4,6.425,1009.0,0.3,0.4,1175,Newport
2023-11-29,5.9,11,80.0,18,393.0,6.7,1.9,0.1,5.801,1004.6,0.2,0.2,1175,Newport
2023-11-30,5.3,11,20.0,20,335.0,6.7,1.5,0.0,3.435,1006.2,0.4,0.5,1175,Newport
2023-12-01,2.7,6,0.0,9,332.0,8.4,1.3,0.6,3.822,1008.2,0.0,0.1,1175,Newport
2023-12-02,2.7,6,10.0,9,312.0,7.1,-0.9,2.4,3.066,1007.8,0.0,0.0,1175,Newport
2023-12-03,5.5,10,330.0,18,92.0,2.3,-1.8,0.0,2.086,1005.4,0.2,0.3,1175,Newport
2023-12-04,4.7,14,340.0,21,216.0,6.5,0.3,3.8,1.795,1007.4,0.2,0.3,1175,Newport
2023-12-05,5.4,13,110.0,20,273.0,6.9,0.7,0.5,1.913,1011.2,0.2,0.2,1175,Newport
2023-12-06,16.3,25,130.0,37,34.0,9.2,2.6,14.4,4.46,1000.7,0.4,0.6,1175,Newport
2023-12-07,12.2,19,190.0,40,133.0,11.0,7.4,10.5,7.4,987.7,0.5,0.6,1175,Newport
2023-12-08,15.1,28,200.0,45,38.0,10.3,8.1,25.4,8.103,986.9,0.5,0.7,1175,Newport
2023-12-09,14.9,29,290.0,48,233.0,10.9,7.7,14.3,8.014,987.9,0.5,0.6,1175,Newport
2023-12-10,10.8,21,190.0,33,105.0,10.7,6.7,23.7,7.342,984.9,0.5,0.6,1175,Newport
2023-12-11,6.4,13,110.0,20,76.0,9.3,4.1,12.4,6.847,994.4,0.2,0.3,1175,Newport
2023-12-12,6.8,16,350.0,24,173.0,8.9,7.1,5.9,7.535,996.1,0.2,0.2,1175,Newport
2023-12-13,5.9,14,200.0,22,204.0,10.5,5.9,3.2,6.976,1008.0,0.2,0.2,1175,Newport
2023-12-14,7.5,21,280.0,30,87.0,10.5,8.1,0.5,7.73,1016.9,0.7,0.8,1175,Newport
2023-12-15,10.3,16,200.0,26,136.0,11.4,8.2,1.1,8.573,1026.3,0.4,0.5,1175,Newport
2023-12-16,14.6,21,200.0,32,211.0,12.0,10.3,0.3,9.523,1024.2,0.3,0.4,1175,Newport
2023-12-17,12.4,20,200.0,34,24.0,13.4,11.2,18.0,10.185,1018.3,0.8,1.0,1175,Newport
2023-12-18,4.9,12,220.0,17,118.0,11.2,7.7,3.7,10.285,1018.1,0.2,0.2,1175,Newport
2023-12-19,12.6,25,280.0,37,214.0,10.1,7.0,4.3,7.86,1019.9,0.8,0.9,1175,Newport
2023-12-20,23.6,33,280.0,49,104.0,12.1,9.7,9.7,8.88,1016.6,0.9,1.3,1175,Newport
2023-12-21,28.1,36,280.0,55,113.0,12.0,10.2,11.6,9.712,1012.5,1.3,1.8,1175,Newport
2023-12-22,20.8,33,290.0,54,129.0,11.2,9.4,2.7,8.977,1014.5,0.8,1.1,1175,Newport
2023-12-23,13.5,20,270.0,34,34.0,12.1,9.7,22.2,9.727,1006.3,0.5,0.7,1175,Newport
2023-12-24,12.3,22,270.0,36,126.0,11.7,8.7,16.3,10.132,998.0,0.2,0.3,1175,Newport
2023-12-25,12.7,20,290.0,34,157.0,10.0,7.2,5.6,8.549,1000.8,0.7,0.8,1175,Newport
2023-12-26,7.5,23,90.0,36,118.0,7.9,3.5,6.3,6.055,1003.3,0.3,0.4,1175,Newport
2023-12-27,9.1,20,110.0,31,78.0,10.0,5.0,17.4,7.118,987.0,0.3,0.5,1175,Newport
2023-12-28,15.6,25,190.0,42,163.0,10.2,6.2,9.2,6.663,989.0,0.8,1.0,1175,Newport
2023-12-29,12.1,25,270.0,41,177.0,8.5,3.4,3.9,5.516,998.3,0.7,0.8,1175,Newport
2023-12-30,12.8,23,140.0,38,123.0,8.6,3.6,21.1,5.299,984.0,0.5,0.7,1175,Newport
2023-12-31,20.0,30,300.0,44,78.0,8.6,6.1,22.8,6.184,979.1,0.8,1.1,1175,Newport
2024-01-01,9.6,21,270.0,32,48.0,10.1,3.3,11.1,4.956,984.7,0.5,0.7,1175,Newport
2024-01-02,6.8,16,210.0,27,71.0,10.2,7.7,9.3,7.412,976.2,0.4,0.5,1175,Newport
2024-01-03,5.2,16,270.0,25,202.0,10.3,6.2,10.3,7.207,985.1,0.1,0.2,1175,Newport
2024-01-04,5.3,14,260.0,22,216.0,9.0,5.1,6.6,6.371,995.9,0.2,0.2,1175,Newport
2024-01-05,5.3,14,300.0,21,226.0,8.3,4.3,2.6,4.977,1006.8,0.3,0.4,1175,Newport
2024-01-06,2.7,5,20.0,10,323.0,9.7,3.7,0.8,4.009,1019.2,0.0,0.1,1175,Newport
2024-01-07,3.4,6,10.0,9,354.0,7.3,0.9,0.1,3.564,1027.6,0.0,0.0,1175,Newport
2024-01-08,7.7,15,100.0,21,228.0,5.1,0.4,0.0,2.47,1031.2,0.4,0.5,1175,Newport
2024-01-09,9.3,14,90.0,23,208.0,5.1,1.8,0.0,2.175,1032.1,0.8,0.9,1175,Newport
2024-01-10,7.1,16,80.0,24,370.0,6.0,1.9,0.0,1.656,1034.3,0.4,0.4,1175,Newport
2024-01-11,4.8,9,90.0,15,109.0,6.4,4.6,0.0,3.483,1038.6,0.6,0.8,1175,Newport
2024-01-12,2.2,6,310.0,10,59.0,4.6,2.1,0.1,3.93,1036.2,0.4,0.5,1175,Newport
2024-01-13,3.4,9,330.0,14,194.0,8.4,2.5,1.4,4.381,1025.6,0.2,0.3,1175,Newport
2024-01-14,4.0,11,10.0,23,267.0,7.1,1.6,1.1,3.763,1017.4,0.1,0.2,1175,Newport
2024-01-15,3.3,11,20.0,19,224.0,5.8,0.6,0.6,2.889,1013.1,0.3,0.4,1175,Newport
2024-01-16,6.1,14,250.0,22,166.0,7.5,0.9,5.2,3.496,1003.2,0.3,0.5,1175,Newport
2024-01-17,3.6,8,350.0,14,296.0,3.9,-2.0,3.1,1.705,997.6,0.1,0.2,1175,Newport
2024-01-18,2.8,8,300.0,12,436.0,4.6,-2.7,0.4,1.202,1008.3,0.0,0.1,1175,Newport
2024-01-19,9.7,20,190.0,33,204.0,8.6,-1.4,1.6,1.883,1009.9,0.5,0.6,1175,Newport
2024-01-20,13.3,26,200.0,39,171.0,11.5,7.1,2.6,5.83,999.1,0.9,1.1,1175,Newport
2024-01-21,23.9,43,210.0,64,52.0,13.7,6.0,17.0,7.071,981.1,0.9,1.4,1175,Newport
2024-01-22,17.3,27,280.0,45,276.0,8.4,5.1,7.6,5.554,998.2,1.1,1.4,1175,Newport
2024-01-23,19.6,29,200.0,48,111.0,13.0,6.2,14.4,7.283,1001.7,0.7,1.1,1175,Newport
2024-01-24,10.8,27,270.0,43,364.0,10.9,6.8,0.5,7.092,1011.5,0.9,1.0,1175,Newport
2024-01-25,15.8,28,190.0,43,451.0,12.8,5.4,12.5,8.576,1007.5,0.4,0.5,1175,Newport
2024-01-26,15.6,25,280.0,37,390.0,9.9,3.7,3.3,6.342,1014.2,0.9,1.1,1175,Newport
2024-01-27,14.7,20,200.0,31,101.0,10.9,8.1,0.3,7.385,1013.8,0.9,1.1,1175,Newport
2024-01-28,15.4,32,200.0,50,117.0,14.8,5.3,0.4,8.094,1006.1,1.4,1.8,1175,Newport
2024-01-29,3.9,7,340.0,13,509.0,8.8,0.6,0.0,5.062,1019.9,0.3,0.5,1175,Newport
2024-01-30,9.5,20,200.0,31,433.0,9.4,0.5,0.2,4.045,1023.7,0.6,0.7,1175,Newport
2024-01-31,16.6,31,190.0,47,72.0,10.7,6.1,12.6,6.538,1019.4,1.0,1.3,1175,Newport
2024-02-01,8.2,19,220.0,29,223.0,10.6,5.6,0.3,6.517,1026.4,0.6,0.8,1175,Newport
2024-02-02,12.8,17,210.0,27,70.0,11.0,9.8,11.2,8.972,1022.0,0.3,0.5,1175,Newport
2024-02-03,7.5,19,280.0,29,347.0,11.4,7.1,0.6,8.183,1022.1,0.5,0.7,1175,Newport
2024-02-04,12.3,20,250.0,32,177.0,12.0,8.0,5.6,8.858,1018.3,0.4,0.6,1175,Newport
2024-02-05,12.5,17,220.0,29,206.0,10.2,9.2,8.1,9.23,1008.8,0.4,0.6,1175,Newport
2024-02-06,6.0,14,220.0,25,359.0,10.6,3.5,14.7,8.459,1002.8,0.3,0.5,1175,Newport
2024-02-07,4.8,15,80.0,23,372.0,6.6,2.7,0.0,5.473,1001.1,0.6,0.8,1175,Newport
2024-02-08,15.0,21,70.0,32,181.0,4.5,1.1,16.6,3.876,983.7,0.4,0.7,1175,Newport
2024-02-09,9.7,15,90.0,24,130.0,6.2,4.5,5.3,5.153,970.8,0.4,0.5,1175,Newport
2024-02-10,3.8,11,280.0,15,460.0,9.0,4.7,1.3,6.089,978.6,0.4,0.6,1175,Newport
2024-02-11,10.4,18,280.0,30,576.0,9.2,3.5,6.3,5.838,989.1,0.8,1.1,1175,Newport
2024-02-12,9.9,22,270.0,33,452.0,8.7,3.9,3.7,4.613,997.7,0.9,1.1,1175,Newport
2024-02-13,3.9,8,70.0,14,577.0,9.9,3.2,5.4,5.349,1000.4,0.5,0.7,1175,Newport
2024-02-14,5.4,13,200.0,20,200.0,11.4,7.6,8.7,8.021,998.0,0.4,0.6,1175,Newport
2024-02-15,5.8,12,210.0,18,579.0,12.7,9.2,4.1,9.703,998.0,0.5,0.8,1175,Newport
2024-02-16,5.4,11,200.0,17,383.0,12.3,8.9,3.5,9.86,1008.0,0.5,0.7,1175,Newport
2024-02-17,7.3,17,120.0,21,108.0,12.1,7.7,8.9,9.592,1015.1,0.4,0.6,1175,Newport
2024-02-18,6.6,14,210.0,24,554.0,13.0,9.1,17.9,10.275,1021.2,0.5,0.8,1175,Newport
2024-02-19,10.2,19,210.0,29,579.0,12.5,8.5,0.2,9.565,1023.3,0.9,1.3,1175,Newport
2024-02-20,11.3,24,200.0,36,781.0,12.6,6.1,6.1,10.168,1012.2,0.7,1.1,1175,Newport
2024-02-21,12.2,24,280.0,38,634.0,11.7,5.4,9.5,9.007,993.0,0.6,0.9,1175,Newport
2024-02-22,9.8,22,280.0,34,546.0,8.6,2.0,5.7,6.5,978.6,0.8,1.1,1175,Newport
2024-02-23,7.7,18,300.0,27,484.0,8.8,3.1,11.9,5.65,980.5,0.8,1.1,1175,Newport
2024-02-24,4.7,13,320.0,22,792.0,11.1,3.7,1.1,6.22,988.5,0.8,1.1,1175,Newport
2024-02-25,9.0,15,70.0,23,621.0,8.6,3.9,0.5,6.483,999.4,0.9,1.2,1175,Newport
2024-02-26,6.5,17,200.0,25,875.0,10.9,3.5,0.5,5.992,1016.4,1.0,1.4,1175,Newport
2024-02-27,10.7,21,290.0,34,564.0,12.5,6.7,11.2,7.829,1013.6,1.2,1.6,1175,Newport
2024-02-28,10.4,20,210.0,29,150.0,10.9,6.3,16.3,8.095,1005.4,0.6,0.8,1175,Newport
2024-02-29,9.7,22,250.0,34,421.0,7.5,1.6,12.3,5.763,992.1,0.8,1.1,1175,Newport
2024-03-01,8.5,22,20.0,38,625.0,7.3,1.2,5.7,4.569,989.6,0.8,1.2,1175,Newport
2024-03-02,12.4,20,340.0,37,584.0,7.5,3.1,11.9,4.534,995.5,1.1,1.5,1175,Newport
2024-03-03,5.9,17,300.0,30,988.0,11.5,2.7,6.0,6.256,997.0,1.1,1.5,1175,Newport
2024-03-04,14.6,24,110.0,36,410.0,8.8,3.7,0.9,5.704,992.5,0.9,1.3,1175,Newport
2024-03-05,12.8,25,270.0,35,735.0,12.2,5.4,0.9,7.469,997.0,1.4,1.9,1175,Newport
2024-03-06,15.0,23,140.0,32,449.0,12.6,7.4,0.0,8.321,1009.2,1.3,1.8,1175,Newport
2024-03-07,13.2,19,130.0,28,765.0,11.9,5.4,0.1,8.773,1011.5,1.3,1.9,1175,Newport
2024-03-08,14.6,21,100.0,31,784.0,9.9,5.0,0.0,6.445,1003.7,1.7,2.3,1175,Newport
2024-03-09,9.7,16,70.0,26,684.0,8.9,4.6,0.3,5.765,996.3,1.4,1.8,1175,Newport
2024-03-10,5.1,8,340.0,12,481.0,8.7,6.1,0.2,7.155,998.9,0.9,1.2,1175,Newport
2024-03-11,4.7,14,70.0,26,588.0,10.9,5.8,6.7,8.073,1001.6,0.9,1.2,1175,Newport
2024-03-12,10.8,29,200.0,41,396.0,12.1,6.9,10.5,8.776,995.9,0.6,1.0,1175,Newport
2024-03-13,6.7,13,230.0,21,1318.0,11.6,5.3,2.6,9.8,996.7,1.2,1.8,1175,Newport
2024-03-14,5.5,11,210.0,18,385.0,11.9,5.3,9.0,8.858,992.3,0.7,0.9,1175,Newport
2024-03-15,6.0,12,350.0,18,1207.0,12.2,3.0,0.3,9.649,1000.4,1.1,1.7,1175,Newport
2024-03-16,8.9,17,140.0,23,209.0,12.7,2.9,11.2,7.608,1006.8,0.6,0.8,1175,Newport
2024-03-17,8.3,20,200.0,28,1061.0,13.2,8.9,3.6,10.427,1002.9,1.4,2.0,1175,Newport
2024-03-18,13.6,25,210.0,38,208.0,12.7,7.6,7.3,8.98,997.6,0.9,1.3,1175,Newport
2024-03-19,5.4,12,240.0,21,728.0,12.3,7.1,0.4,10.01,1005.0,1.1,1.5,1175,Newport
2024-03-20,4.5,9,220.0,15,1570.0,13.9,4.5,0.0,9.842,1016.5,1.7,2.5,1175,Newport
2024-03-21,11.3,20,220.0,32,169.0,11.3,6.7,5.2,9.26,1015.9,0.8,1.1,1175,Newport
2024-03-22,18.0,29,270.0,48,1226.0,10.6,5.1,8.6,7.676,1015.8,2.1,3.2,1175,Newport
2024-03-23,16.2,28,300.0,57,888.0,9.4,3.9,9.8,6.414,1012.6,1.6,2.5,1175,Newport
2024-03-24,8.9,15,130.0,20,442.0,8.2,6.4,13.4,7.436,1002.9,0.8,1.2,1175,Newport
2024-03-25,7.7,17,10.0,27,489.0,11.7,7.1,20.0,8.671,988.5,0.9,1.3,1175,Newport
2024-03-26,9.6,18,10.0,28,538.0,8.0,5.1,9.5,8.265,980.4,0.9,1.3,1175,Newport
2024-03-27,10.6,19,150.0,27,872.0,9.8,2.7,5.5,7.914,966.1,1.2,1.8,1175,Newport
2024-03-28,4.9,9,80.0,16,1417.0,11.5,1.5,0.1,7.291,969.3,1.6,2.3,1175,Newport
2024-03-29,6.6,11,100.0,17,1281.0,12.9,3.5,0.1,7.98,975.6,1.7,2.4,1175,Newport
2024-03-30,8.6,24,140.0,36,753.0,11.8,3.2,0.9,6.907,984.0,1.3,1.9,1175,Newport
2024-03-31,10.0,20,120.0,27,782.0,11.9,5.2,1.8,7.948,988.3,1.3,1.8,1175,Newport
2024-04-01,7.8,12,60.0,19,741.0,12.1,7.2,0.0,8.57,991.8,1.5,2.1,1175,Newport
2024-04-02,6.0,12,130.0,17,1096.0,12.8,6.2,0.0,9.47,995.5,1.6,2.2,1175,Newport
2024-04-03,4.6,9,230.0,14,1668.0,15.3,5.8,0.0,10.958,995.6,2.1,2.9,1175,Newport
2024-04-04,7.8,14,80.0,23,570.0,11.4,5.4,7.0,10.04,989.4,0.9,1.3,1175,Newport
2024-04-05,13.2,23,200.0,37,479.0,13.2,9.9,8.1,10.625,982.2,1.1,1.6,1175,Newport
2024-04-06,23.9,34,140.0,51,779.0,13.1,9.5,4.5,10.855,972.4,1.7,2.8,1175,Newport
2024-04-07,20.0,33,200.0,51,1744.0,12.2,6.7,4.7,9.838,986.9,2.3,4.0,1175,Newport
2024-04-08,6.7,17,300.0,25,858.0,10.6,5.5,6.5,9.071,999.1,1.4,2.0,1175,Newport
2024-04-09,10.4,19,310.0,33,1662.0,12.6,5.9,2.9,9.168,1009.1,2.4,3.5,1175,Newport
2024-04-10,12.7,20,200.0,32,191.0,12.8,6.8,24.8,9.778,1010.0,0.8,1.1,1175,Newport
2024-04-11,9.9,16,200.0,25,1027.0,17.7,10.8,14.6,12.587,1016.3,1.8,2.6,1175,Newport
2024-04-12,10.1,21,190.0,30,806.0,14.3,9.8,3.7,12.377,1016.3,1.2,1.9,1175,Newport
2024-04-13,13.5,21,200.0,32,1424.0,12.1,7.3,2.9,10.845,1014.8,1.9,3.0,1175,Newport
2024-04-14,11.7,29,260.0,48,875.0,11.4,6.5,9.1,9.547,1010.5,1.5,2.3,1175,Newport
2024-04-15,21.5,30,290.0,49,1520.0,10.2,5.0,10.0,8.614,1009.4,2.0,3.6,1175,Newport
2024-04-16,11.1,19,310.0,31,1796.0,12.3,6.3,0.8,9.646,1019.3,2.4,3.6,1175,Newport
2024-04-17,8.2,19,300.0,29,844.0,11.7,6.5,2.0,9.395,1019.5,1.5,2.1,1175,Newport
2024-04-18,7.9,17,290.0,25,892.0,14.9,7.5,0.6,10.208,1020.8,1.7,2.3,1175,Newport
2024-04-19,6.8,13,270.0,21,1037.0,13.6,5.5,0.6,11.43,1022.6,1.5,2.1,1175,Newport
2024-04-20,4.0,7,150.0,12,2335.0,17.7,3.8,0.1,12.142,1026.9,2.9,4.0,1175,Newport
2024-04-21,4.8,10,340.0,15,2398.0,20.1,5.0,0.0,13.73,1029.3,3.2,4.4,1175,Newport
2024-04-22,7.5,12,350.0,20,2390.0,15.0,8.2,0.0,13.745,1029.7,2.9,4.3,1175,Newport
2024-04-23,5.9,11,340.0,18,1340.0,13.9,7.9,0.1,13.337,1026.0,1.9,2.7,1175,Newport
2024-04-24,4.3,11,210.0,15,1979.0,14.5,7.2,0.0,13.582,1017.1,2.6,3.6,1175,Newport
2024-04-25,5.2,15,20.0,24,793.0,10.2,5.2,4.1,11.51,1005.8,1.3,1.8,1175,Newport
2024-04-26,8.5,14,0.0,26,2277.0,11.5,4.2,0.7,10.682,1003.7,2.6,3.9,1175,Newport
2024-04-27,5.1,13,20.0,17,1572.0,12.9,4.0,1.2,10.448,1005.0,2.1,3.0,1175,Newport
2024-04-28,6.4,14,210.0,21,1784.0,13.6,3.6,0.0,11.24,1002.5,2.2,3.2,1175,Newport
2024-04-29,7.6,16,330.0,26,1605.0,13.2,7.4,7.8,11.94,997.0,2.1,3.1,1175,Newport
2024-04-30,5.5,11,0.0,19,1203.0,12.3,6.9,2.6,12.057,997.9,1.7,2.4,1175,Newport
2024-05-01,9.6,15,150.0,21,1577.0,17.5,7.0,1.3,12.408,1003.8,2.7,3.8,1175,Newport
2024-05-02,5.0,11,350.0,17,526.0,15.5,8.8,1.6,12.062,1005.2,1.3,1.7,1175,Newport
2024-05-03,6.3,9,240.0,16,399.0,12.0,10.5,3.2,12.42,1004.8,0.9,1.2,1175,Newport
2024-05-04,5.4,12,260.0,18,898.0,14.2,9.1,0.0,12.665,1005.3,1.5,2.0,1175,Newport
2024-05-05,4.1,8,10.0,13,1605.0,18.9,7.2,0.0,13.85,1005.5,2.6,3.5,1175,Newport
2024-05-06,5.1,9,10.0,15,679.0,12.5,9.4,0.2,13.118,1012.5,1.3,1.8,1175,Newport
2024-05-07,3.0,7,210.0,10,1026.0,14.6,8.8,0.0,13.172,1021.0,1.9,2.5,1175,Newport
2024-05-08,6.0,12,240.0,20,1297.0,15.6,8.3,0.3,13.74,1023.1,1.9,2.7,1175,Newport
2024-05-09,5.4,10,130.0,14,1856.0,18.9,10.4,0.1,15.495,1021.3,2.8,3.9,1175,Newport
2024-05-10,6.8,12,140.0,17,2514.0,21.8,11.7,0.0,16.8,1017.5,4.2,5.6,1175,Newport
2024-05-11,5.2,13,140.0,19,2245.0,22.0,8.5,0.0,16.972,1013.6,3.5,4.8,1175,Newport
2024-05-12,4.9,11,210.0,18,2156.0,18.0,10.9,0.0,17.68,1005.9,3.1,4.3,1175,Newport
2024-05-13,7.7,13,90.0,23,613.0,13.4,11.2,7.0,15.29,996.3,1.1,1.6,1175,Newport
2024-05-14,7.0,12,0.0,19,1318.0,18.9,9.7,13.1,15.22,995.1,2.3,3.2,1175,Newport
2024-05-15,5.4,11,100.0,21,1732.0,19.2,11.4,1.4,15.958,1000.1,2.8,3.8,1175,Newport
2024-05-16,6.7,16,350.0,23,2061.0,20.6,9.2,0.1,16.468,1005.7,3.3,4.5,1175,Newport
2024-05-17,14.3,22,340.0,33,1436.0,14.3,11.4,0.2,15.753,1011.0,1.8,3.1,1175,Newport
2024-05-18,9.6,15,0.0,25,1652.0,15.1,9.6,0.0,14.952,1016.3,2.3,3.5,1175,Newport
2024-05-19,6.6,12,20.0,17,2658.0,21.1,9.2,0.0,16.802,1015.5,3.8,5.4,1175,Newport
2024-05-20,4.7,11,220.0,17,2615.0,24.1,9.7,0.0,18.763,1011.7,4.1,5.5,1175,Newport
2024-05-21,5.1,10,350.0,15,707.0,15.2,11.4,0.0,16.8,1009.3,1.4,1.8,1175,Newport
2024-05-22,8.7,16,350.0,26,1576.0,14.8,10.0,0.3,15.93,1013.3,2.4,3.5,1175,Newport
2024-05-23,8.1,13,320.0,23,1751.0,14.3,8.1,0.2,14.7,1017.0,2.8,4.0,1175,Newport
2024-05-24,4.5,10,190.0,17,2367.0,17.7,7.2,0.0,15.835,1014.9,3.5,4.7,1175,Newport
2024-05-25,12.0,18,130.0,28,1206.0,15.4,8.6,0.7,14.91,1008.9,2.0,3.1,1175,Newport
2024-05-26,7.6,13,270.0,19,1685.0,18.0,9.4,0.0,15.782,1005.5,2.7,3.9,1175,Newport
2024-05-27,6.8,12,220.0,19,1402.0,15.9,8.9,0.2,15.577,1005.3,2.2,3.1,1175,Newport
2024-05-28,8.7,14,240.0,24,660.0,13.7,10.9,12.8,14.712,1002.3,1.1,1.6,1175,Newport
2024-05-29,8.6,16,320.0,24,768.0,14.4,10.9,4.9,14.02,1009.1,1.6,2.2,1175,Newport
2024-05-30,9.9,17,310.0,27,1302.0,13.4,8.1,1.2,13.673,1018.4,1.9,2.9,1175,Newport
2024-05-31,5.9,10,350.0,16,3046.0,16.2,7.4,0.0,15.435,1025.6,3.8,5.5,1175,Newport
2024-06-01,5.9,10,320.0,16,3080.0,18.8,7.7,0.0,16.778,1028.8,4.1,5.8,1175,Newport
2024-06-02,6.2,13,270.0,20,1450.0,18.6,9.7,0.0,16.702,1027.7,2.4,3.3,1175,Newport
2024-06-03,7.6,13,280.0,18,1204.0,19.0,11.6,1.1,16.493,1019.3,2.4,3.2,1175,Newport
2024-06-04,11.2,19,290.0,31,2176.0,13.9,9.3,2.6,16.112,1009.9,2.9,4.5,1175,Newport
2024-06-05,10.2,17,280.0,26,2449.0,15.1,6.1,2.3,15.153,1012.4,3.3,5.1,1175,Newport
2024-06-06,7.5,13,280.0,21,1707.0,14.4,7.2,1.5,14.48,1014.8,2.5,3.7,1175,Newport
2024-06-07,7.7,12,260.0,19,1077.0,15.2,9.0,0.2,14.312,1013.5,2.0,2.8,1175,Newport
2024-06-08,9.5,15,280.0,24,2181.0,15.4,9.9,0.2,15.133,1013.8,3.3,4.9,1175,Newport
2024-06-09,10.0,18,300.0,31,593.0,13.2,8.1,12.0,13.78,1012.6,1.2,1.7,1175,Newport
2024-06-10,5.8,11,0.0,20,2682.0,15.6,6.8,0.1,14.89,1017.1,3.4,4.9,1175,Newport
2024-06-11,5.0,11,10.0,18,1585.0,15.4,6.9,0.0,14.455,1021.6,2.5,3.4,1175,Newport
2024-06-12,6.1,11,130.0,18,2728.0,17.8,5.1,0.0,15.722,1014.9,3.6,5.1,1175,Newport
2024-06-13,10.4,17,120.0,23,1110.0,17.5,10.8,12.3,15.58,999.6,1.9,2.8,1175,Newport
2024-06-14,8.4,13,220.0,21,2730.0,15.9,8.7,3.7,16.507,992.6,3.5,5.3,1175,Newport
2024-06-15,4.8,12,270.0,19,1523.0,16.0,7.7,5.1,15.675,994.7,2.3,3.2,1175,Newport
2024-06-16,5.3,10,0.0,15,1596.0,17.3,8.1,1.8,15.663,1002.1,2.3,3.2,1175,Newport
2024-06-17,6.2,13,0.0,18,1256.0,14.7,9.9,0.3,15.705,1011.2,2.1,2.9,1175,Newport
2024-06-18,6.8,11,0.0,20,2371.0,15.3,8.5,0.0,16.073,1019.2,3.3,4.7,1175,Newport
2024-06-19,5.4,11,210.0,20,2686.0,17.4,7.2,0.0,17.132,1021.0,3.5,5.0,1175,Newport
2024-06-20,6.4,13,210.0,20,529.0,15.6,12.1,5.0,16.16,1014.4,1.1,1.6,1175,Newport
2024-06-21,8.6,14,170.0,22,1086.0,16.4,11.3,11.7,15.868,1005.2,1.8,2.6,1175,Newport
2024-06-22,6.4,12,210.0,20,713.0,16.1,11.2,0.6,15.52,1009.8,1.4,1.9,1175,Newport
2024-06-23,6.1,12,240.0,18,2263.0,20.8,11.7,3.5,17.752,1015.0,3.5,4.8,1175,Newport
2024-06-24,7.2,13,230.0,22,767.0,21.1,12.9,2.6,18.07,1013.1,1.8,2.4,1175,Newport
2024-06-25,6.2,11,320.0,18,2208.0,19.1,9.6,0.1,17.932,1016.6,3.3,4.6,1175,Newport
2024-06-26,10.6,22,210.0,37,996.0,17.2,7.1,0.4,15.81,1007.2,1.7,2.6,1175,Newport
2024-06-27,17.1,25,200.0,39,413.0,13.3,11.5,10.3,14.007,1002.8,1.2,1.8,1175,Newport
2024-06-28,8.4,16,280.0,30,1498.0,16.4,11.1,1.5,14.735,1010.5,2.6,3.7,1175,Newport
2024-06-29,8.3,13,350.0,20,2458.0,16.3,10.6,1.0,16.462,1012.6,3.4,5.1,1175,Newport
2024-06-30,6.8,13,260.0,19,1251.0,15.8,11.1,0.8,15.823,1015.4,2.2,3.1,1175,Newport
2024-07-01,7.3,14,340.0,24,1731.0,15.9,10.9,0.8,16.128,1018.2,2.5,3.7,1175,Newport
2024-07-02,8.0,15,200.0,21,1219.0,16.1,10.3,1.0,15.205,1014.3,2.3,3.1,1175,Newport
2024-07-03,13.1,23,300.0,40,1666.0,16.1,10.4,4.0,15.202,1004.0,2.6,4.0,1175,Newport
2024-07-04,13.6,24,270.0,34,2963.0,16.6,9.8,1.6,15.438,1005.2,3.8,6.2,1175,Newport
2024-07-05,6.0,11,210.0,18,1757.0,15.4,9.1,0.8,15.762,1002.2,2.7,3.7,1175,Newport
2024-07-06,6.3,14,300.0,22,1200.0,16.3,8.5,1.1,14.67,1002.4,2.1,2.9,1175,Newport
2024-07-07,3.2,10,330.0,15,1492.0,16.1,9.1,2.4,15.77,1006.4,2.4,3.2,1175,Newport
2024-07-08,5.8,11,80.0,17,1941.0,20.6,10.3,0.1,16.82,1008.9,3.3,4.4,1175,Newport
2024-07-09,8.7,14,10.0,24,1751.0,18.9,11.4,0.0,16.773,1007.7,3.2,4.4,1175,Newport
2024-07-10,8.5,14,320.0,20,2103.0,17.7,12.7,0.0,17.052,1013.2,3.2,4.7,1175,Newport
2024-07-11,7.9,12,340.0,22,1712.0,16.5,12.2,0.0,16.987,1020.1,2.9,4.0,1175,Newport
2024-07-12,4.6,9,340.0,15,1302.0,17.8,11.4,0.0,17.007,1019.8,2.4,3.2,1175,Newport
2024-07-13,5.7,10,10.0,16,1361.0,17.9,12.1,0.1,17.068,1014.2,2.4,3.2,1175,Newport
2024-07-14,3.7,9,210.0,16,2038.0,21.7,11.7,0.0,18.792,1008.9,3.4,4.4,1175,Newport
2024-07-15,5.5,11,350.0,17,2164.0,23.3,12.6,0.2,20.052,1005.7,3.7,4.9,1175,Newport
2024-07-16,6.9,12,240.0,18,1845.0,19.3,12.4,1.1,19.488,1010.4,3.0,4.1,1175,Newport
2024-07-17,7.6,13,140.0,21,773.0,18.3,13.8,7.1,18.245,1011.9,1.7,2.3,1175,Newport
2024-07-18,5.6,11,340.0,19,2365.0,20.2,11.9,7.7,18.888,1011.3,3.6,5.0,1175,Newport
2024-07-19,6.8,16,200.0,24,726.0,17.4,11.4,15.4,17.145,1006.8,1.5,2.0,1175,Newport
2024-07-20,8.2,15,0.0,22,1812.0,17.9,12.4,8.5,17.017,1003.7,2.9,4.1,1175,Newport
2024-07-21,4.6,9,340.0,15,841.0,15.7,12.6,6.3,16.887,1005.1,1.5,2.1,1175,Newport
2024-07-22,4.3,9,240.0,14,1030.0,16.9,13.6,4.8,17.403,1009.2,1.7,2.3,1175,Newport
2024-07-23,4.2,9,340.0,15,2200.0,20.6,12.7,0.2,19.007,1016.3,3.4,4.6,1175,Newport
2024-07-24,7.1,13,150.0,21,655.0,18.7,13.7,0.9,18.125,1012.1,1.4,1.9,1175,Newport
2024-07-25,9.1,16,230.0,24,1567.0,18.5,12.0,2.8,17.737,1004.7,2.4,3.5,1175,Newport
2024-07-26,8.0,13,220.0,21,2150.0,18.4,11.6,7.4,17.968,1005.1,3.0,4.4,1175,Newport
2024-07-27,5.6,10,260.0,16,1365.0,17.7,10.8,3.6,17.632,1012.1,2.2,3.0,1175,Newport
2024-07-28,5.9,12,230.0,19,1994.0,21.7,8.7,0.1,17.743,1018.9,3.2,4.3,1175,Newport
2024-07-29,6.3,15,200.0,24,751.0,17.7,11.7,0.3,17.23,1015.6,1.4,2.0,1175,Newport
2024-07-30,4.3,9,210.0,14,1833.0,20.4,11.5,1.1,18.44,1017.5,2.8,3.8,1175,Newport
2024-07-31,4.0,10,260.0,15,1325.0,21.0,11.2,1.4,18.397,1014.3,2.3,3.1,1175,Newport
2024-08-01,8.5,18,210.0,26,857.0,19.2,14.0,0.7,18.035,1008.7,1.6,2.2,1175,Newport
2024-08-02,9.9,17,210.0,25,1407.0,17.8,12.4,6.6,17.898,1003.0,2.2,3.2,1175,Newport
2024-08-03,8.5,16,220.0,25,1298.0,17.2,12.3,2.2,17.02,1007.1,2.3,3.2,1175,Newport
2024-08-04,11.4,19,200.0,29,180.0,18.0,13.7,34.6,16.267,1002.5,0.7,1.0,1175,Newport
2024-08-05,10.4,22,210.0,31,2402.0,18.8,13.3,15.4,19.035,998.4,2.9,4.6,1175,Newport
2024-08-06,12.2,18,200.0,30,1479.0,17.1,13.0,5.7,17.435,1000.4,2.3,3.5,1175,Newport
2024-08-07,9.4,17,220.0,27,1021.0,17.1,12.5,4.0,16.55,1003.2,1.9,2.7,1175,Newport
2024-08-08,7.7,17,270.0,25,495.0,17.0,13.0,17.0,16.688,1001.9,1.0,1.4,1175,Newport
2024-08-09,12.9,18,240.0,30,1562.0,18.4,12.5,0.9,16.823,1006.2,2.3,3.6,1175,Newport
2024-08-10,7.7,13,200.0,21,2057.0,19.9,12.5,0.0,18.325,1013.7,3.1,4.4,1175,Newport
2024-08-11,10.2,19,130.0,26,1209.0,21.4,11.6,6.0,17.91,1008.5,2.1,3.0,1175,Newport
2024-08-12,13.0,19,220.0,30,1830.0,19.0,13.6,12.6,18.663,998.8,2.2,3.7,1175,Newport
2024-08-13,10.8,19,200.0,31,1778.0,18.4,11.5,1.0,18.317,1002.0,2.4,3.7,1175,Newport
2024-08-14,8.5,17,200.0,27,899.0,17.9,12.2,3.7,17.205,1007.7,1.5,2.1,1175,Newport
2024-08-15,8.1,16,280.0,24,1472.0,18.2,11.5,12.8,17.673,1006.0,2.2,3.1,1175,Newport
2024-08-16,9.8,17,200.0,26,1102.0,16.9,11.4,0.8,16.468,1010.4,2.2,3.0,1175,Newport
2024-08-17,7.4,12,240.0,22,679.0,16.4,12.8,2.1,15.975,1007.9,1.6,2.1,1175,Newport
2024-08-18,7.2,12,270.0,20,1691.0,18.3,12.5,0.0,16.855,1009.9,2.7,3.7,1175,Newport
2024-08-19,8.2,17,260.0,27,580.0,17.1,11.0,21.1,16.282,1002.6,1.2,1.7,1175,Newport
2024-08-20,12.3,24,270.0,39,1748.0,16.3,10.1,4.4,15.625,1005.3,2.6,3.9,1175,Newport
2024-08-21,16.2,28,190.0,41,311.0,17.3,11.9,13.0,15.015,999.7,1.1,1.6,1175,Newport
2024-08-22,8.3,20,280.0,31,717.0,16.2,10.7,14.5,15.305,993.5,1.2,1.7,1175,Newport
2024-08-23,9.9,17,280.0,26,1205.0,16.6,10.5,10.3,14.835,993.5,2.1,2.9,1175,Newport
2024-08-24,9.5,18,280.0,32,1505.0,16.8,8.1,1.4,14.578,1000.7,2.2,3.2,1175,Newport
2024-08-25,12.2,20,210.0,32,324.0,14.6,12.2,18.1,14.25,1005.2,1.1,1.5,1175,Newport
2024-08-26,8.7,18,140.0,25,679.0,17.0,12.6,15.5,15.128,1004.4,1.1,1.6,1175,Newport
2024-08-27,10.5,19,210.0,31,1157.0,19.3,13.7,16.1,16.948,1001.4,1.7,2.6,1175,Newport
2024-08-28,8.0,15,210.0,24,1527.0,17.1,11.6,10.6,16.717,1006.0,2.1,3.0,1175,Newport
2024-08-29,6.9,12,250.0,21,1164.0,17.0,11.2,6.3,15.925,1013.7,1.8,2.6,1175,Newport
2024-08-30,3.8,11,150.0,16,1950.0,19.5,9.2,0.0,16.49,1020.3,2.6,3.5,1175,Newport
2024-08-31,7.5,14,140.0,20,1918.0,21.6,9.3,0.1,17.042,1017.8,2.9,4.0,1175,Newport
2024-09-01,6.8,12,130.0,18,877.0,18.7,11.5,1.4,16.577,1011.2,1.5,2.1,1175,Newport
2024-09-02,7.3,14,330.0,23,1703.0,18.1,12.5,2.2,16.903,1010.1,2.4,3.4,1175,Newport
2024-09-03,8.3,13,300.0,20,963.0,16.8,11.1,1.1,16.44,1013.1,1.9,2.5,1175,Newport
2024-09-04,9.4,16,290.0,23,985.0,15.4,10.5,2.0,14.97,1019.4,1.7,2.4,1175,Newport
2024-09-05,8.8,14,10.0,23,1844.0,18.4,10.5,0.1,15.45,1019.7,2.5,3.6,1175,Newport
2024-09-06,10.1,16,350.0,25,1814.0,21.5,13.4,0.0,16.98,1013.7,2.6,3.7,1175,Newport
2024-09-07,6.6,12,0.0,19,1748.0,21.9,12.0,0.0,17.92,1009.4,2.4,3.4,1175,Newport
2024-09-08,8.5,13,330.0,23,1093.0,15.2,11.2,0.2,17.045,1010.1,1.6,2.3,1175,Newport
2024-09-09,9.4,15,250.0,24,631.0,16.5,10.9,0.8,14.95,1010.4,1.6,2.1,1175,Newport
2024-09-10,14.1,23,300.0,37,840.0,14.5,9.4,5.8,14.14,1007.4,1.4,2.2,1175,Newport
2024-09-11,11.2,21,300.0,36,1314.0,14.0,9.0,3.7,12.833,1012.4,2.0,2.9,1175,Newport
2024-09-12,5.2,11,10.0,17,1566.0,14.2,5.4,1.7,13.33,1020.2,1.8,2.6,1175,Newport
2024-09-13,6.3,13,190.0,21,488.0,15.1,5.6,8.5,13.085,1021.7,0.8,1.1,1175,Newport
2024-09-14,12.7,27,200.0,38,477.0,17.1,12.6,1.6,14.932,1017.2,0.9,1.4,1175,Newport
2024-09-15,4.4,11,210.0,16,1143.0,18.2,11.1,1.2,15.56,1021.4,1.6,2.2,1175,Newport
2024-09-16,5.4,12,270.0,17,722.0,19.2,11.0,0.0,15.712,1025.6,1.3,1.7,1175,Newport
2024-09-17,4.6,11,140.0,17,1507.0,22.1,13.5,0.1,17.278,1027.4,2.1,2.9,1175,Newport
2024-09-18,5.2,9,90.0,14,1685.0,21.7,11.4,0.0,16.935,1026.3,2.3,3.1,1175,Newport
2024-09-19,4.2,8,100.0,13,1569.0,22.5,9.3,0.0,16.445,1024.6,2.1,2.8,1175,Newport
2024-09-20,4.2,14,100.0,19,1473.0,23.1,11.0,0.1,16.39,1022.1,2.2,2.9,1175,Newport
2024-09-21,6.1,11,70.0,17,525.0,17.6,13.0,0.0,15.87,1019.0,1.4,1.7,1175,Newport
2024-09-22,5.8,9,340.0,15,311.0,15.9,13.4,0.6,15.525,1013.7,1.0,1.2,1175,Newport
2024-09-23,4.9,9,320.0,15,338.0,14.1,10.5,0.2,14.905,1007.9,0.9,1.1,1175,Newport
2024-09-24,5.6,11,350.0,20,1075.0,14.5,7.9,1.1,13.69,1003.4,1.3,1.9,1175,Newport
2024-09-25,7.9,16,20.0,26,1067.0,13.4,6.6,0.0,12.76,994.3,1.5,2.1,1175,Newport
2024-09-26,10.3,21,20.0,35,354.0,10.6,9.1,6.0,11.915,994.1,0.9,1.3,1175,Newport
2024-09-27,8.5,14,10.0,25,1284.0,13.0,8.4,1.5,11.855,1010.9,1.6,2.3,1175,Newport
2024-09-28,6.1,12,220.0,18,891.0,14.7,9.0,0.0,12.392,1018.3,1.4,1.9,1175,Newport
2024-09-29,11.1,18,90.0,32,393.0,13.2,9.0,2.8,11.86,1007.5,1.1,1.5,1175,Newport
2024-09-30,5.5,13,310.0,20,771.0,15.1,9.8,1.4,12.707,1008.0,1.1,1.5,1175,Newport
2024-10-01,6.1,10,0.0,17,1188.0,16.5,9.9,0.0,13.142,1015.2,1.6,2.2,1175,Newport
2024-10-02,7.2,12,110.0,18,924.0,16.2,8.7,0.0,12.18,1017.8,1.5,2.0,1175,Newport
2024-10-03,10.1,16,130.0,22,327.0,14.2,9.7,3.1,12.148,1013.6,0.9,1.2,1175,Newport
2024-10-04,10.8,17,140.0,24,350.0,16.6,12.6,0.5,13.47,1005.8,1.0,1.3,1175,Newport
2024-10-05,13.8,21,140.0,31,72.0,15.4,12.2,1.7,13.818,996.2,0.8,1.0,1175,Newport
2024-10-06,8.6,15,140.0,23,1124.0,17.4,9.7,2.9,13.715,987.3,1.3,1.9,1175,Newport
2024-10-07,8.9,15,120.0,19,915.0,18.6,12.2,2.3,14.45,986.1,1.5,1.9,1175,Newport
2024-10-08,8.1,13,10.0,23,637.0,15.3,11.1,2.1,13.765,989.3,1.0,1.4,1175,Newport
2024-10-09,8.2,15,0.0,29,678.0,12.8,5.8,3.5,12.688,997.7,0.9,1.3,1175,Newport
2024-10-10,4.6,12,310.0,20,857.0,10.8,3.9,0.9,10.577,1008.9,0.9,1.3,1175,Newport
2024-10-11,4.5,11,210.0,18,970.0,14.0,3.9,7.4,10.32,1009.9,0.9,1.4,1175,Newport
2024-10-12,7.8,16,260.0,33,874.0,11.4,3.5,7.9,10.535,1007.6,0.8,1.2,1175,Newport
2024-10-13,8.2,14,120.0,20,272.0,8.9,3.9,0.8,9.035,1011.2,0.6,0.9,1175,Newport
2024-10-14,7.6,12,140.0,16,893.0,15.1,8.1,0.0,10.295,1009.7,1.0,1.4,1175,Newport
2024-10-15,11.9,18,140.0,26,141.0,15.2,9.4,4.4,11.132,1000.5,0.6,0.9,1175,Newport
2024-10-16,5.6,12,140.0,18,628.0,18.2,11.0,4.4,13.315,992.0,0.9,1.2,1175,Newport
2024-10-17,7.0,13,260.0,19,625.0,15.5,8.6,2.7,12.618,999.4,0.8,1.1,1175,Newport
2024-10-18,14.3,24,170.0,35,370.0,15.4,10.2,13.8,12.438,997.5,0.8,1.1,1175,Newport
2024-10-19,8.9,23,130.0,33,796.0,15.2,9.2,1.3,11.778,997.3,1.1,1.5,1175,Newport
2024-10-20,22.3,43,200.0,69,221.0,13.9,10.5,11.3,11.448,988.4,1.4,2.0,1175,Newport
2024-10-21,10.5,20,200.0,32,480.0,13.9,8.9,5.2,11.22,1008.0,0.9,1.2,1175,Newport
2024-10-22,6.1,13,200.0,19,546.0,14.3,8.9,0.0,10.945,1019.3,0.8,1.0,1175,Newport
2024-10-23,13.2,22,160.0,32,235.0,14.3,12.4,0.0,11.743,1014.4,1.1,1.4,1175,Newport
2024-10-24,13.7,24,0.0,36,125.0,15.2,9.6,27.8,11.965,1003.4,0.9,1.1,1175,Newport
2024-10-25,11.1,22,350.0,37,281.0,15.5,8.9,3.9,11.672,1006.8,0.7,0.9,1175,Newport
2024-10-26,5.4,21,270.0,33,232.0,11.9,5.7,4.4,10.13,1011.7,0.5,0.6,1175,Newport
2024-10-27,7.0,15,200.0,23,68.0,13.5,5.7,32.6,10.03,1013.2,0.5,0.6,1175,Newport
2024-10-28,6.4,12,280.0,22,629.0,16.0,10.8,4.0,12.417,1015.1,0.5,0.8,1175,Newport
2024-10-29,3.9,8,300.0,12,351.0,14.2,9.9,0.2,12.193,1022.6,0.4,0.6,1175,Newport
2024-10-30,5.1,10,250.0,16,334.0,14.6,11.7,0.4,12.845,1024.9,0.4,0.6,1175,Newport
2024-10-31,7.2,12,210.0,19,485.0,14.6,11.3,1.2,12.863,1022.1,0.5,0.7,1175,Newport
2024-11-01,4.2,10,230.0,16,175.0,13.6,11.5,0.0,12.6,1022.6,0.6,0.8,1175,Newport
2024-11-02,6.5,11,140.0,16,164.0,12.4,10.7,0.0,12.14,1025.4,0.7,0.8,1175,Newport
2024-11-03,6.7,10,120.0,13,126.0,11.6,10.2,0.3,11.785,1023.3,0.5,0.6,1175,Newport
2024-11-04,6.0,10,130.0,13,301.0,12.9,10.2,0.0,11.75,1019.3,0.5,0.7,1175,Newport
2024-11-05,8.7,13,120.0,18,196.0,14.2,7.7,0.0,11.435,1015.1,0.6,0.7,1175,Newport
2024-11-06,12.3,20,150.0,30,228.0,17.2,13.2,0.0,12.762,1018.4,0.8,1.0,1175,Newport
2024-11-07,15.2,25,140.0,35,90.0,16.0,13.3,0.0,12.985,1017.8,1.0,1.2,1175,Newport
2024-11-08,9.5,18,120.0,25,165.0,14.0,11.8,0.0,12.62,1017.0,0.8,0.9,1175,Newport
2024-11-09,9.1,14,120.0,18,88.0,14.2,11.5,3.1,12.19,1016.4,0.7,0.9,1175,Newport
2024-11-10,4.3,10,350.0,14,474.0,14.6,6.5,0.7,12.182,1024.1,0.1,0.2,1175,Newport
2024-11-11,3.9,8,90.0,13,536.0,13.9,5.3,0.2,9.858,1034.8,0.2,0.4,1175,Newport
2024-11-12,2.3,6,100.0,11,177.0,10.6,4.8,0.3,9.877,1037.8,0.3,0.4,1175,Newport
2024-11-13,2.4,7,230.0,11,179.0,13.0,9.1,0.0,10.948,1036.4,0.3,0.4,1175,Newport
2024-11-14,2.2,4,320.0,7,182.0,14.0,11.1,0.1,11.835,1031.8,0.4,0.5,1175,Newport
2024-11-15,5.6,11,210.0,18,253.0,12.7,10.9,0.9,11.935,1022.9,0.3,0.4,1175,Newport
2024-11-16,6.5,12,300.0,21,177.0,11.8,8.0,0.9,10.943,1017.9,0.5,0.7,1175,Newport
2024-11-17,6.8,13,290.0,22,119.0,10.8,8.0,5.1,10.085,1014.0,0.6,0.7,1175,Newport
2024-11-18,8.4,16,70.0,23,93.0,8.0,1.2,15.8,8.935,1004.6,0.3,0.4,1175,Newport
2024-11-19,5.7,17,70.0,25,229.0,4.4,1.1,8.7,6.447,1004.1,0.3,0.4,1175,Newport
2024-11-20,5.6,14,70.0,22,164.0,4.5,0.1,9.8,5.079,1009.2,0.4,0.5,1175,Newport
2024-11-21,7.3,17,300.0,27,346.0,5.0,0.2,17.6,4.403,1003.3,0.3,0.4,1175,Newport
2024-11-22,6.9,21,120.0,30,300.0,6.4,2.0,5.9,3.984,1000.3,0.5,0.6,1175,Newport
2024-11-23,14.8,27,200.0,42,168.0,14.2,0.6,40.4,5.824,980.9,0.5,0.7,1175,Newport
2024-11-24,19.3,34,200.0,49,277.0,11.4,7.2,8.7,7.563,975.4,1.0,1.2,1175,Newport
2024-11-25,10.8,21,270.0,34,412.0,9.0,3.3,4.3,6.712,992.8,0.5,0.5,1175,Newport
2024-11-26,3.3,9,290.0,13,407.0,8.9,1.3,0.5,5.346,1008.3,0.0,0.1,1175,Newport
2024-11-27,3.3,7,90.0,10,401.0,8.2,-1.1,0.0,4.061,1015.5,0.0,0.0,1175,Newport
2024-11-28,12.7,19,120.0,26,24.0,13.3,0.3,7.9,4.562,1013.9,0.5,0.7,1175,Newport
2024-11-29,11.8,20,140.0,31,39.0,12.9,11.6,9.9,8.354,1006.3,0.5,0.7,1175,Newport
2024-11-30,13.6,21,210.0,36,96.0,14.2,9.7,2.2,9.405,1003.4,0.6,0.7,1175,Newport
2024-12-01,11.0,22,310.0,34,210.0,12.8,7.6,7.0,9.773,1005.3,0.5,0.6,1175,Newport
2024-12-02,4.2,13,330.0,21,279.0,9.0,1.9,0.3,7.612,1015.0,0.1,0.2,1175,Newport
2024-12-03,7.4,16,290.0,23,91.0,10.0,3.1,4.1,6.257,1017.9,0.5,0.7,1175,Newport
2024-12-04,11.1,25,200.0,46,31.0,13.1,3.2,2.6,6.508,1009.9,0.4,0.6,1175,Newport
2024-12-05,13.4,29,250.0,50,83.0,11.5,7.0,8.0,7.72,1002.6,0.8,1.0,1175,Newport
2024-12-06,13.7,44,320.0,68,26.0,13.1,4.9,30.8,6.992,995.4,0.8,1.0,1175,Newport
2024-12-07,23.5,40,320.0,59,239.0,9.0,5.6,5.3,6.647,1010.2,1.1,1.5,1175,Newport
2024-12-08,6.8,15,350.0,24,157.0,8.5,5.0,0.3,5.963,1034.6,0.6,0.7,1175,Newport
2024-12-09,4.1,10,30.0,12,353.0,8.1,0.2,0.0,4.641,1040.2,0.0,0.0,1175,Newport
2024-12-10,4.4,7,20.0,10,312.0,5.6,0.0,0.0,3.738,1037.8,0.0,0.0,1175,Newport
2024-12-11,4.0,7,110.0,12,96.0,4.6,1.7,0.0,4.282,1033.9,0.4,0.6,1175,Newport
2024-12-12,4.5,9,70.0,12,61.0,4.4,3.5,0.0,4.694,1029.4,0.5,0.7,1175,Newport
2024-12-13,3.7,12,310.0,18,140.0,7.1,3.8,0.7,5.173,1024.9,0.2,0.3,1175,Newport
2024-12-14,6.7,13,260.0,21,75.0,11.2,4.3,6.9,5.585,1022.0,0.3,0.5,1175,Newport
2024-12-15,10.0,16,250.0,27,84.0,11.1,9.7,6.2,8.052,1023.0,0.3,0.4,1175,Newport
2024-12-16,9.3,16,210.0,25,175.0,12.1,9.4,1.5,8.705,1020.6,0.4,0.5,1175,Newport
2024-12-17,15.5,27,200.0,39,15.0,14.1,8.8,4.6,8.84,1002.3,0.8,1.0,1175,Newport
2024-12-18,12.1,26,200.0,41,121.0,12.9,4.9,6.8,8.93,995.3,0.6,0.7,1175,Newport
2024-12-19,10.4,22,310.0,34,246.0,8.9,4.0,5.3,6.366,1011.3,0.5,0.5,1175,Newport
2024-12-20,11.5,21,220.0,33,187.0,10.9,7.5,14.4,7.066,1011.5,0.5,0.5,1175,Newport
2024-12-21,19.5,31,280.0,50,116.0,11.3,4.8,19.7,7.46,1005.5,0.8,1.1,1175,Newport
2024-12-22,19.6,35,300.0,65,178.0,8.7,3.2,9.6,5.452,1014.0,1.2,1.5,1175,Newport
2024-12-23,7.5,15,250.0,24,77.0,12.6,6.8,9.5,6.936,1021.5,0.6,0.7,1175,Newport
2024-12-24,9.8,16,200.0,26,58.0,11.2,10.6,7.6,8.92,1020.1,0.3,0.4,1175,Newport
2024-12-25,11.6,17,200.0,25,127.0,11.8,10.6,0.0,9.49,1023.3,0.4,0.5,1175,Newport
2024-12-26,3.8,9,210.0,13,93.0,11.0,8.5,2.2,9.632,1027.0,0.2,0.3,1175,Newport
2024-12-27,3.9,8,200.0,12,141.0,11.0,9.4,1.9,9.658,1025.8,0.1,0.2,1175,Newport
2024-12-28,5.7,13,210.0,18,171.0,11.9,7.8,1.7,9.475,1024.2,0.4,0.4,1175,Newport
2024-12-29,10.1,19,250.0,31,72.0,11.0,9.2,2.1,9.062,1022.4,0.6,0.8,1175,Newport
2024-12-30,16.8,27,200.0,38,39.0,12.2,10.0,1.3,9.37,1014.4,0.9,1.2,1175,Newport
2024-12-31,17.2,32,200.0,47,68.0,11.7,6.2,13.3,9.613,1003.9,0.6,0.8,1175,Newport
2025-01-01,7.5,16,280.0,25,276.0,8.4,3.3,2.5,7.969,1005.8,0.3,0.3,1175,Newport
2025-01-02,3.7,8,10.0,18,248.0,4.7,1.2,2.9,5.753,1020.5,0.0,0.1,1175,Newport
2025-01-03,2.4,8,240.0,12,262.0,7.1,0.6,0.6,4.096,1021.8,0.0,0.1,1175,Newport
2025-01-04,5.5,12,60.0,19,165.0,2.9,0.4,1.6,3.757,1006.1,0.3,0.4,1175,Newport
2025-01-05,9.4,18,20.0,30,121.0,4.8,1.8,1.1,3.88,990.1,0.6,0.7,1175,Newport
2025-01-06,11.6,25,300.0,39,138.0,5.1,1.1,22.2,3.391,989.6,0.7,0.9,1175,Newport
2025-01-07,5.3,13,310.0,23,223.0,6.4,1.0,0.7,3.198,999.1,0.4,0.5,1175,Newport
2025-01-08,4.9,10,0.0,15,265.0,4.7,-0.6,0.0,2.409,1001.3,0.1,0.2,1175,Newport
2025-01-09,3.9,14,90.0,22,369.0,6.2,-0.8,1.3,2.023,1008.7,0.0,0.1,1175,Newport
2025-01-10,11.1,17,100.0,27,119.0,4.2,-0.7,1.0,2.096,1012.7,0.4,0.6,1175,Newport
2025-01-11,4.0,13,100.0,20,232.0,8.3,3.5,0.8,3.644,1021.3,0.1,0.2,1175,Newport
2025-01-12,12.0,17,120.0,24,48.0,13.3,3.9,0.4,4.517,1025.0,0.7,0.9,1175,Newport
2025-01-13,10.8,22,200.0,30,57.0,13.6,10.4,2.2,7.438,1023.0,0.7,0.9,1175,Newport
2025-01-14,6.2,14,220.0,20,248.0,13.6,9.8,1.3,8.49,1026.1,0.2,0.3,1175,Newport
2025-01-15,5.9,10,200.0,15,356.0,12.6,5.8,0.0,7.786,1025.1,0.4,0.5,1175,Newport
2025-01-16,10.2,20,200.0,27,173.0,12.6,6.0,0.0,7.373,1021.7,0.8,0.9,1175,Newport
2025-01-17,8.8,18,160.0,23,245.0,12.7,7.8,2.3,8.265,1021.4,0.5,0.6,1175,Newport
2025-01-18,12.6,21,160.0,27,194.0,11.3,6.9,0.0,7.288,1016.5,1.0,1.1,1175,Newport
2025-01-19,7.1,14,120.0,19,112.0,9.8,8.2,2.4,7.67,1010.8,0.4,0.6,1175,Newport
2025-01-20,1.8,4,170.0,6,203.0,8.6,5.6,0.6,7.795,1011.2,0.2,0.2,1175,Newport
2025-01-21,2.3,9,270.0,15,270.0,10.4,2.6,1.8,6.883,1007.0,0.2,0.3,1175,Newport
2025-01-22,3.1,10,270.0,14,433.0,10.8,2.3,1.8,6.302,1000.3,0.0,0.1,1175,Newport
2025-01-23,13.0,32,110.0,44,266.0,8.3,1.0,15.4,6.173,979.1,0.5,0.7,1175,Newport
2025-01-24,23.4,43,240.0,73,308.0,10.4,1.2,7.3,5.554,967.5,1.1,1.6,1175,Newport
2025-01-25,8.3,21,150.0,34,184.0,6.2,1.6,5.2,4.166,993.9,0.6,0.8,1175,Newport
2025-01-26,14.0,24,60.0,37,125.0,7.6,1.0,4.2,3.973,976.4,0.5,0.7,1175,Newport
2025-01-27,12.7,19,110.0,28,194.0,8.7,5.1,8.6,5.435,963.0,0.6,0.7,1175,Newport
2025-01-28,9.4,17,330.0,30,220.0,8.4,4.3,7.4,6.049,984.5,0.5,0.6,1175,Newport
2025-01-29,4.2,17,330.0,31,459.0,8.5,2.6,4.2,4.869,1007.5,0.3,0.4,1175,Newport
2025-01-30,7.8,22,290.0,37,305.0,9.7,1.4,5.2,4.2,1015.6,0.4,0.5,1175,Newport
2025-01-31,6.3,16,300.0,29,490.0,10.7,4.0,0.0,5.184,1020.2,0.5,0.7,1175,Newport
2025-02-01,13.4,20,140.0,32,109.0,11.9,6.5,16.1,6.482,1012.2,0.8,1.0,1175,Newport
2025-02-02,7.8,16,160.0,26,559.0,10.5,5.1,3.9,6.954,1010.5,0.5,0.6,1175,Newport
2025-02-03,16.5,24,200.0,39,57.0,12.5,8.5,9.6,7.902,1006.1,0.8,1.1,1175,Newport
2025-02-04,9.9,18,220.0,35,451.0,10.3,4.2,6.1,7.826,1011.4,0.6,0.8,1175,Newport
2025-02-05,5.3,13,280.0,23,595.0,11.3,2.6,1.2,6.129,1030.0,0.6,0.8,1175,Newport
2025-02-06,9.5,16,110.0,22,704.0,8.3,1.7,0.1,4.901,1036.8,0.6,0.8,1175,Newport
2025-02-07,6.1,14,100.0,20,637.0,6.6,0.4,0.0,4.138,1028.0,0.5,0.7,1175,Newport
2025-02-08,5.9,10,100.0,15,565.0,7.5,1.5,0.0,4.237,1022.4,0.8,1.0,1175,Newport
2025-02-09,6.6,11,20.0,16,248.0,7.1,1.4,0.0,4.073,1030.0,0.7,0.9,1175,Newport
2025-02-10,7.2,12,80.0,20,264.0,6.7,3.3,0.0,4.967,1028.2,0.8,1.0,1175,Newport
2025-02-11,10.0,14,100.0,24,242.0,6.6,3.1,0.7,4.772,1018.8,0.7,1.0,1175,Newport
2025-02-12,13.2,19,120.0,26,106.0,6.2,4.7,0.7,5.054,1015.0,0.8,1.1,1175,Newport
2025-02-13,14.9,23,100.0,35,227.0,6.6,2.8,2.9,5.016,1014.0,0.9,1.2,1175,Newport
2025-02-14,11.9,21,120.0,33,217.0,7.8,3.3,2.5,5.074,1011.9,0.6,0.9,1175,Newport
2025-02-15,10.3,18,100.0,27,176.0,8.1,6.2,0.3,6.149,1011.3,0.5,0.7,1175,Newport
2025-02-16,13.5,19,100.0,29,77.0,7.6,6.5,1.8,6.455,1009.7,0.7,0.9,1175,Newport
2025-02-17,14.5,21,130.0,28,74.0,8.4,5.6,2.6,6.271,1007.8,0.6,0.9,1175,Newport
2025-02-18,13.5,26,130.0,36,58.0,10.0,6.8,0.3,7.035,1003.2,0.8,1.0,1175,Newport
2025-02-19,14.8,28,200.0,39,230.0,12.3,7.2,8.2,7.371,994.5,0.8,1.2,1175,Newport
2025-02-20,18.0,30,200.0,44,527.0,13.1,7.8,11.0,8.515,989.6,1.0,1.5,1175,Newport
2025-02-21,16.7,25,170.0,37,621.0,12.2,7.9,6.2,9.095,985.2,0.8,1.2,1175,Newport
2025-02-22,10.2,19,160.0,25,833.0,12.6,7.0,1.6,8.476,,1.0,1.4,1175,Newport
2025-02-23,23.0,40,200.0,54,567.0,13.6,7.7,10.4,8.943,,1.1,1.7,1175,Newport
2025-02-24,10.4,18,210.0,34,744.0,10.5,4.7,6.0,8.248,,1.0,1.4,1175,Newport
2025-02-25,8.9,18,280.0,28,850.0,10.4,3.8,9.9,7.224,1007.1,1.1,1.5,1175,Newport
2025-02-26,13.3,27,300.0,40,614.0,8.5,3.7,8.2,6.536,1009.6,1.1,1.6,1175,Newport
2025-02-27,3.3,12,270.0,18,792.0,11.1,1.4,1.8,5.832,1021.1,0.7,1.1,1175,Newport
2025-02-28,8.4,15,160.0,23,811.0,11.2,2.5,0.3,6.347,1022.7,1.0,1.4,1175,Newport
2025-03-01,4.2,8,330.0,12,567.0,11.5,6.0,4.7,7.536,1028.0,0.9,1.2,1175,Newport
2025-03-02,9.7,18,220.0,28,565.0,11.8,6.0,0.0,8.064,1027.6,1.1,1.5,1175,Newport
2025-03-03,9.4,14,200.0,21,442.0,12.2,8.9,2.6,8.895,1023.3,0.9,1.3,1175,Newport
2025-03-04,16.8,24,210.0,35,297.0,11.1,7.0,0.9,8.672,1017.0,0.9,1.3,1175,Newport
2025-03-05,12.9,20,200.0,30,145.0,11.7,9.4,4.0,9.18,1008.4,0.7,1.0,1175,Newport
2025-03-06,11.0,22,170.0,32,273.0,11.7,6.5,3.4,8.9,999.9,0.9,1.2,1175,Newport
2025-03-07,5.7,13,130.0,19,619.0,10.8,5.1,0.6,8.644,1001.5,0.6,0.9,1175,Newport
2025-03-08,9.0,16,110.0,24,600.0,14.4,9.0,0.0,9.403,1000.6,1.2,1.6,1175,Newport
2025-03-09,9.0,19,350.0,26,1206.0,15.6,7.9,0.0,9.735,1002.2,1.6,2.2,1175,Newport
2025-03-10,12.4,21,350.0,29,1100.0,11.9,5.9,0.1,9.798,1006.6,1.3,2.0,1175,Newport
2025-03-11,5.9,12,40.0,21,1116.0,8.9,2.6,0.0,8.542,1012.0,1.2,1.7,1175,Newport
2025-03-12,7.3,17,10.0,26,1034.0,9.4,4.5,0.8,8.141,1009.2,1.2,1.8,1175,Newport
2025-03-13,3.0,9,330.0,15,731.0,10.2,3.9,1.3,8.034,1007.8,1.0,1.4,1175,Newport
2025-03-14,6.0,10,340.0,19,905.0,10.8,3.8,0.7,8.032,1013.0,1.2,1.7,1175,Newport
2025-03-15,4.4,8,0.0,13,1148.0,11.1,0.0,0.0,7.386,1022.9,1.2,1.7,1175,Newport
2025-03-16,4.8,9,90.0,15,543.0,9.9,3.0,0.0,7.554,1026.2,1.1,1.4,1175,Newport
2025-03-17,8.8,15,110.0,22,425.0,9.8,5.7,0.0,7.715,1024.6,1.5,1.9,1175,Newport
2025-03-18,10.5,19,120.0,27,925.0,10.0,4.3,0.0,7.307,1018.6,1.8,2.4,1175,Newport
2025-03-19,5.5,11,150.0,16,1523.0,15.4,1.2,0.0,7.234,1015.2,1.8,2.5,1175,Newport
2025-03-20,9.4,20,150.0,27,1266.0,17.9,6.4,0.0,8.617,1009.1,2.2,3.0,1175,Newport
2025-03-21,10.4,21,150.0,27,1214.0,17.3,8.9,13.0,10.27,997.6,2.0,2.7,1175,Newport
2025-03-22,12.8,21,330.0,33,901.0,10.3,4.3,4.0,9.583,1000.4,1.0,1.7,1175,Newport
2025-03-23,7.1,16,0.0,23,1339.0,11.0,2.9,0.1,8.323,1013.0,1.6,2.3,1175,Newport
2025-03-24,5.8,13,220.0,19,826.0,11.7,1.5,2.3,8.121,1017.9,0.9,1.3,1175,Newport
2025-03-25,3.8,11,320.0,16,766.0,12.8,7.3,0.0,9.562,1021.2,1.1,1.5,1175,Newport
2025-03-26,6.4,15,210.0,23,946.0,14.8,7.1,0.8,10.065,1019.1,1.5,2.0,1175,Newport
2025-03-27,13.4,21,200.0,33,258.0,11.5,6.7,8.2,10.472,1009.6,0.7,1.1,1175,Newport
2025-03-28,13.3,24,280.0,35,1190.0,10.5,4.8,6.6,8.805,1009.9,1.9,2.8,1175,Newport
2025-03-29,10.5,22,260.0,36,515.0,12.8,6.1,4.5,8.962,1012.9,1.0,1.4,1175,Newport
2025-03-30,6.8,12,280.0,22,825.0,12.9,8.5,0.7,9.948,1020.1,1.3,1.8,1175,Newport
2025-03-31,6.8,13,160.0,20,1220.0,17.4,9.0,0.0,11.375,1021.0,2.1,2.8,1175,Newport
2025-04-01,12.1,25,140.0,33,1597.0,16.9,7.0,0.0,10.993,1016.1,3.0,4.1,1175,Newport
2025-04-02,9.7,14,110.0,21,1941.0,16.9,6.0,0.0,10.693,1018.3,3.1,4.2,1175,Newport
2025-04-03,11.8,17,60.0,26,1856.0,18.1,8.2,0.0,10.865,1017.0,3.5,4.7,1175,Newport
2025-04-04,11.7,17,120.0,29,886.0,17.7,10.7,0.0,11.577,1015.2,2.5,3.2,1175,Newport
2025-04-05,9.8,21,100.0,33,1910.0,17.8,7.4,0.0,11.457,1016.7,3.2,4.4,1175,Newport
2025-04-06,7.6,16,140.0,22,1949.0,18.6,6.1,0.0,11.305,1019.7,3.1,4.2,1175,Newport
2025-04-07,4.2,9,120.0,13,1916.0,18.2,5.6,0.0,11.903,1021.8,2.4,3.4,1175,Newport
2025-04-08,5.2,10,130.0,15,1927.0,20.2,5.7,0.0,12.385,1024.4,2.9,3.9,1175,Newport
2025-04-09,4.9,9,160.0,13,2052.0,21.8,5.0,0.0,12.798,1028.2,3.1,4.1,1175,Newport
2025-04-10,4.3,9,210.0,13,2070.0,21.3,6.3,0.0,13.305,1027.4,2.9,4.0,1175,Newport
2025-04-11,4.6,9,220.0,13,2075.0,19.2,5.1,0.0,13.307,1017.2,2.7,3.7,1175,Newport
2025-04-12,7.9,17,250.0,27,849.0,12.6,5.7,1.3,12.202,1003.9,1.4,2.0,1175,Newport
2025-04-13,8.6,19,200.0,32,1545.0,11.9,4.1,6.4,11.337,996.7,2.0,2.9,1175,Newport
2025-04-14,9.2,16,210.0,26,1755.0,12.3,4.3,3.4,11.31,992.9,2.2,3.3,1175,Newport
2025-04-15,6.0,13,270.0,20,1852.0,12.4,4.1,0.3,11.087,997.3,2.5,3.5,1175,Newport
2025-04-16,5.5,14,310.0,20,1516.0,12.3,3.1,0.0,10.477,1002.7,2.1,2.9,1175,Newport
2025-04-17,4.8,11,350.0,17,1604.0,14.3,2.1,2.6,10.637,1006.7,2.1,2.9,1175,Newport
2025-04-18,15.9,27,30.0,43,470.0,8.6,6.1,31.5,9.887,1004.4,0.9,1.5,1175,Newport
2025-04-19,6.4,14,0.0,26,344.0,10.6,8.5,2.9,9.955,1004.7,0.8,1.1,1175,Newport
2025-04-20,3.5,9,230.0,15,1015.0,14.0,7.9,0.5,11.278,1002.5,1.7,2.2,1175,Newport
2025-04-21,7.1,13,270.0,21,1895.0,14.0,7.4,2.0,12.16,1004.1,2.4,3.5,1175,Newport
2025-04-22,10.2,20,140.0,31,452.0,11.8,7.4,11.6,11.493,1003.5,0.9,1.4,1175,Newport
2025-04-23,4.5,9,120.0,13,1064.0,15.2,7.9,0.1,11.828,1009.8,1.8,2.4,1175,Newport
2025-04-24,10.9,17,110.0,25,793.0,14.9,9.2,23.2,12.382,1013.8,1.4,2.1,1175,Newport
2025-04-25,5.5,13,140.0,20,1508.0,15.8,8.6,6.7,13.512,1013.0,1.9,2.7,1175,Newport
2025-04-26,8.0,17,200.0,25,1397.0,15.8,8.2,8.1,13.765,1014.7,2.0,2.9,1175,Newport
2025-04-27,12.3,18,210.0,28,661.0,15.8,12.2,2.2,13.618,1015.1,1.7,2.3,1175,Newport
2025-04-28,7.3,15,150.0,20,1457.0,18.4,12.0,0.0,14.68,1019.1,2.6,3.6,1175,Newport
2025-04-29,7.2,12,100.0,17,1957.0,21.6,10.6,0.0,15.293,1020.1,3.4,4.6,1175,Newport
2025-04-30,5.2,10,100.0,14,2302.0,25.7,11.2,0.0,16.91,1017.7,4.1,5.4,1175,Newport
2025-05-01,6.1,10,350.0,18,1697.0,15.9,7.9,0.0,16.362,1017.1,2.4,3.4,1175,Newport
2025-05-02,4.0,11,350.0,17,2538.0,17.5,6.9,0.0,16.087,1018.4,3.4,4.6,1175,Newport
2025-05-03,6.9,15,10.0,26,2126.0,15.2,6.7,0.0,15.467,1018.8,2.8,4.0,1175,Newport
2025-05-04,9.1,13,350.0,22,2197.0,13.6,6.6,0.0,14.985,1021.7,3.0,4.4,1175,Newport
2025-05-05,4.9,8,10.0,14,2245.0,17.7,4.0,0.0,15.245,1024.4,3.1,4.3,1175,Newport
2025-05-06,4.8,9,230.0,14,2609.0,18.7,4.4,0.0,15.953,1024.2,3.4,4.8,1175,Newport
2025-05-07,5.6,12,340.0,19,2417.0,19.3,8.3,0.0,16.55,1023.2,3.5,4.9,1175,Newport
2025-05-08,4.6,8,0.0,14,2224.0,20.8,8.3,0.0,16.78,1020.3,3.5,4.7,1175,Newport
2025-05-09,4.3,9,230.0,13,2324.0,20.4,8.8,0.0,17.708,1017.3,3.5,4.7,1175,Newport
2025-05-10,4.7,11,230.0,20,2403.0,19.4,8.2,0.0,17.397,1013.6,3.4,4.7,1175,Newport
2025-05-11,5.3,10,350.0,18,922.0,13.0,7.6,0.8,15.748,1010.6,1.4,2.0,1175,Newport
2025-05-12,6.1,10,350.0,18,2068.0,18.2,8.3,0.0,16.022,1012.3,3.0,4.2,1175,Newport
2025-05-13,7.8,14,120.0,22,2662.0,24.8,12.0,0.0,17.628,1016.1,4.9,6.5,1175,Newport
2025-05-14,6.7,15,130.0,20,2760.0,24.0,11.6,0.0,18.378,1020.6,4.8,6.4,1175,Newport
2025-05-15,5.1,9,100.0,13,2747.0,24.3,10.5,0.0,18.837,1024.5,4.5,6.0,1175,Newport
2025-05-16,5.3,9,110.0,14,2799.0,23.4,11.1,0.0,19.212,1025.3,4.7,6.3,1175,Newport
2025-05-17,5.5,9,20.0,15,2838.0,24.5,8.3,0.0,19.2,1022.2,4.8,6.4,1175,Newport
2025-05-18,6.1,11,20.0,20,2759.0,23.8,11.4,0.0,19.365,1019.1,4.9,6.5,1175,Newport
2025-05-19,7.3,15,120.0,19,2474.0,21.8,10.4,0.0,19.215,1018.2,4.3,5.8,1175,Newport
2025-05-20,4.9,10,10.0,15,2149.0,21.7,8.4,1.3,18.743,1018.7,3.7,4.9,1175,Newport
2025-05-21,5.7,10,310.0,17,2903.0,21.2,10.5,0.0,18.855,1019.1,4.4,6.0,1175,Newport
2025-05-22,5.3,11,200.0,18,2963.0,20.6,9.2,0.1,19.25,1019.1,4.3,5.9,1175,Newport
2025-05-23,5.6,12,240.0,20,515.0,16.6,7.8,7.5,17.18,1014.1,1.1,1.4,1175,Newport
2025-05-24,11.7,21,290.0,34,571.0,16.4,10.6,13.3,16.795,1002.7,1.2,1.8,1175,Newport
2025-05-25,13.9,21,260.0,34,2161.0,15.5,8.3,6.4,15.903,1004.2,3.1,4.9,1175,Newport
2025-05-26,10.4,18,210.0,28,853.0,14.0,8.6,13.6,14.483,1002.6,1.3,2.1,1175,Newport
2025-05-27,3.5,9,270.0,15,954.0,15.1,10.0,8.4,14.695,1004.7,1.8,2.4,1175,Newport
2025-05-28,7.0,17,220.0,29,1858.0,17.9,8.4,14.4,16.235,1009.0,2.7,3.9,1175,Newport
2025-05-29,13.1,17,200.0,28,632.0,15.8,13.5,16.8,15.91,1006.5,1.3,1.9,1175,Newport
2025-05-30,8.4,16,220.0,26,1878.0,18.9,12.2,0.6,16.995,1010.3,2.9,4.2,1175,Newport
2025-05-31,13.3,20,200.0,31,2259.0,17.0,10.8,5.0,17.445,1006.2,3.2,5.0,1175,Newport
2025-06-01,10.8,17,200.0,28,1936.0,15.4,10.3,5.3,16.41,1009.6,2.9,4.4,1175,Newport
2025-06-02,12.0,24,190.0,35,1221.0,15.8,8.7,15.5,15.215,1005.8,1.9,3.0,1175,Newport
2025-06-03,11.4,18,290.0,33,1788.0,14.6,9.0,5.6,14.757,997.4,2.8,4.3,1175,Newport
2025-06-04,9.3,15,240.0,26,1884.0,15.6,8.9,1.6,14.863,997.5,3.1,4.4,1175,Newport
2025-06-05,6.2,12,280.0,19,1440.0,14.9,8.3,7.5,15.235,996.8,2.3,3.2,1175,Newport
2025-06-06,6.4,11,230.0,19,1889.0,16.3,7.4,2.8,15.547,1000.8,2.7,3.9,1175,Newport
2025-06-07,6.0,15,340.0,21,1802.0,14.7,8.8,3.1,15.792,1005.7,2.8,3.9,1175,Newport
2025-06-08,7.5,13,270.0,19,663.0,14.0,10.4,0.5,14.903,1013.5,1.6,2.1,1175,Newport
2025-06-09,8.6,16,210.0,27,442.0,14.2,10.6,18.3,14.39,1012.6,1.0,1.4,1175,Newport
2025-06-10,4.0,8,270.0,13,2435.0,18.2,10.5,0.0,16.55,1014.0,3.6,4.9,1175,Newport
2025-06-11,8.1,16,150.0,22,1420.0,19.3,12.6,0.8,17.805,1010.7,2.5,3.5,1175,Newport
2025-06-12,6.7,14,120.0,21,296.0,17.9,14.1,12.5,16.862,1003.6,1.0,1.3,1175,Newport
2025-06-13,7.3,16,200.0,27,2440.0,19.5,13.0,9.1,18.23,1007.3,3.6,5.2,1175,Newport
2025-06-14,6.4,12,200.0,18,2096.0,19.1,12.7,1.0,18.87,1012.5,3.3,4.6,1175,Newport
2025-06-15,8.5,13,200.0,21,1398.0,18.6,13.2,1.2,18.272,1018.2,2.4,3.4,1175,Newport
2025-06-16,13.4,20,220.0,33,1208.0,18.1,14.2,3.3,17.757,1019.6,2.3,3.4,1175,Newport
2025-06-17,7.7,16,200.0,27,1989.0,18.4,12.8,1.0,18.278,1020.0,3.0,4.3,1175,Newport
2025-06-18,4.8,11,260.0,18,1594.0,20.9,11.9,0.1,18.63,1021.8,3.0,3.9,1175,Newport
2025-06-19,5.0,13,150.0,19,2507.0,25.3,12.0,0.0,19.735,1019.0,4.2,5.6,1175,Newport
2025-06-20,7.4,13,120.0,20,2669.0,27.1,14.5,0.0,21.148,1014.9,4.9,6.5,1175,Newport
2025-06-21,6.1,14,230.0,21,1566.0,21.9,14.0,1.6,20.3,1009.3,2.9,3.9,1175,Newport
2025-06-22,11.3,18,270.0,26,1789.0,18.1,11.4,8.0,19.142,1005.1,2.7,4.1,1175,Newport
2025-06-23,9.8,16,240.0,26,950.0,16.9,11.7,6.8,17.395,1008.3,1.9,2.7,1175,Newport
2025-06-24,8.6,14,210.0,26,1601.0,18.4,12.8,9.9,18.077,1004.8,2.4,3.6,1175,Newport
2025-06-25,6.5,13,210.0,20,920.0,17.3,12.4,3.3,17.975,1003.4,1.7,2.4,1175,Newport
2025-06-26,10.2,19,210.0,29,1625.0,17.6,10.1,4.7,17.557,1003.9,2.5,3.8,1175,Newport
2025-06-27,13.3,19,200.0,30,262.0,17.6,15.5,5.5,17.18,1007.0,0.9,1.3,1175,Newport
2025-06-28,8.7,15,220.0,24,2382.0,19.4,12.6,0.6,18.407,1015.2,3.4,5.1,1175,Newport
2025-06-29,7.4,15,210.0,24,766.0,20.0,12.7,0.1,18.138,1017.2,1.8,2.3,1175,Newport
2025-06-30,6.1,16,220.0,26,487.0,17.6,11.8,24.1,17.655,1012.3,1.1,1.5,1175,Newport
2025-07-01,3.5,8,140.0,13,1569.0,18.9,8.5,4.3,17.048,1016.5,2.6,3.4,1175,Newport
2025-07-02,5.8,13,270.0,20,1682.0,16.6,8.2,8.1,16.682,1020.3,2.4,3.4,1175,Newport
2025-07-03,10.0,15,230.0,26,1012.0,16.7,12.3,5.6,16.63,1023.1,1.8,2.6,1175,Newport
2025-07-04,14.3,22,200.0,35,367.0,15.5,14.0,32.2,16.09,1017.1,1.0,1.5,1175,Newport
2025-07-05,8.0,14,260.0,23,716.0,16.8,12.9,3.8,16.375,1008.6,1.5,2.0,1175,Newport
2025-07-06,8.7,14,300.0,21,1089.0,16.5,12.2,1.0,16.35,1010.8,2.0,2.8,1175,Newport
2025-07-07,6.8,13,280.0,20,1844.0,18.8,12.2,0.3,17.138,1017.4,3.0,4.2,1175,Newport
2025-07-08,5.2,10,210.0,15,1775.0,22.3,13.4,0.5,18.815,1017.6,3.0,4.0,1175,Newport
2025-07-09,6.8,12,220.0,19,2016.0,19.5,13.4,0.1,19.577,1019.6,3.0,4.3,1175,Newport
2025-07-10,6.0,13,250.0,21,2411.0,22.7,15.1,0.0,20.562,1019.5,3.9,5.3,1175,Newport
2025-07-11,4.8,12,260.0,19,2688.0,23.0,13.1,0.0,20.86,1016.0,4.2,5.6,1175,Newport
2025-07-12,7.1,16,130.0,22,2551.0,27.6,13.3,0.0,21.463,1011.3,4.5,6.0,1175,Newport
2025-07-13,8.1,16,100.0,27,1678.0,26.9,15.5,11.1,21.78,1006.0,3.5,4.6,1175,Newport
2025-07-14,7.3,17,210.0,30,1376.0,17.5,13.1,14.2,20.032,1001.0,2.1,3.1,1175,Newport
2025-07-15,6.5,14,310.0,20,1953.0,19.7,12.6,6.1,19.48,1005.8,3.0,4.2,1175,Newport
2025-07-16,7.3,13,150.0,18,1760.0,20.7,10.5,2.1,19.16,1012.1,2.7,3.9,1175,Newport
2025-07-17,10.1,15,220.0,24,892.0,19.3,15.7,22.2,18.915,1008.5,1.7,2.5,1175,Newport
2025-07-18,6.7,13,200.0,18,1384.0,18.7,13.9,4.4,19.225,1006.5,2.2,3.1,1175,Newport
2025-07-19,5.3,10,110.0,15,1152.0,19.4,13.7,0.2,19.205,1001.0,2.2,2.9,1175,Newport
2025-07-20,8.2,13,340.0,22,1977.0,21.3,15.0,2.7,20.118,997.3,3.3,4.6,1175,Newport
2025-07-21,8.8,14,310.0,25,1092.0,17.3,13.9,0.1,19.16,1002.3,1.9,2.7,1175,Newport
2025-07-22,4.8,11,280.0,17,1095.0,19.2,13.2,0.2,18.812,1010.4,2.1,2.8,1175,Newport
2025-07-23,6.6,12,310.0,19,1347.0,19.7,12.9,0.1,18.667,1017.0,2.5,3.3,1175,Newport
2025-07-24,5.8,11,200.0,18,1703.0,21.5,10.3,0.2,18.935,1017.8,2.8,3.8,1175,Newport
2025-07-25,6.6,12,240.0,19,1376.0,19.5,14.3,0.0,19.425,1015.7,2.4,3.3,1175,Newport
2025-07-26,7.5,14,250.0,23,1715.0,20.5,12.8,0.2,19.493,1016.1,2.9,4.0,1175,Newport
2025-07-27,6.0,13,230.0,20,1483.0,20.9,13.1,1.6,19.448,1016.6,2.6,3.5,1175,Newport
2025-07-28,6.2,12,220.0,18,824.0,18.7,14.2,2.0,19.013,1018.6,1.6,2.2,1175,Newport
2025-07-29,6.4,13,280.0,18,1835.0,23.0,14.2,0.2,20.195,1018.6,3.1,4.2,1175,Newport
2025-07-30,5.8,9,240.0,15,850.0,19.3,14.5,1.4,19.823,1017.8,1.6,2.1,1175,Newport
2025-07-31,6.3,13,350.0,21,2190.0,18.8,13.8,5.1,20.575,1018.4,3.2,4.5,1175,Newport
2025-08-01,5.2,9,280.0,16,1001.0,18.0,12.4,0.0,19.15,1020.2,2.2,2.8,1175,Newport
2025-08-02,7.8,13,210.0,20,747.0,20.2,12.7,10.4,18.528,1015.9,1.8,2.3,1175,Newport
2025-08-03,8.6,16,140.0,22,1069.0,18.3,12.7,4.1,18.595,1011.0,1.8,2.6,1175,Newport
2025-08-04,18.8,30,200.0,43,1920.0,18.0,12.6,11.9,18.23,1006.5,2.2,4.1,1175,Newport
2025-08-05,11.5,17,270.0,30,1421.0,18.2,13.1,0.1,17.385,1019.9,3.0,4.1,1175,Newport
2025-08-06,9.0,20,210.0,30,982.0,18.1,13.1,2.0,17.46,1013.4,1.8,2.6,1175,Newport
2025-08-07,8.5,16,250.0,28,1200.0,18.1,13.4,0.4,17.7,1007.2,2.3,3.2,1175,Newport
2025-08-08,13.8,21,210.0,31,2147.0,19.2,13.5,0.5,18.07,1010.8,3.3,5.0,1175,Newport
2025-08-09,9.4,20,210.0,31,1673.0,18.6,11.2,3.8,17.985,1015.1,2.7,3.9,1175,Newport
2025-08-10,5.0,11,240.0,19,639.0,19.3,10.3,6.1,17.205,1020.6,1.3,1.8,1175,Newport
2025-08-11,3.6,11,140.0,15,1598.0,24.5,15.6,1.0,19.128,1016.9,2.9,3.7,1175,Newport
2025-08-12,4.8,9,20.0,13,2221.0,26.6,14.8,0.0,20.623,1010.9,3.8,5.0,1175,Newport
2025-08-13,4.9,9,220.0,14,2112.0,23.0,14.6,1.3,21.007,1008.7,3.3,4.4,1175,Newport
2025-08-14,4.2,10,220.0,16,1721.0,22.5,14.3,2.3,21.105,1015.9,2.7,3.6,1175,Newport
2025-08-15,4.1,10,310.0,17,1900.0,24.6,13.3,0.0,20.592,1024.3,3.2,4.2,1175,Newport
2025-08-16,7.3,15,120.0,20,1477.0,21.5,14.0,0.0,19.897,1023.9,2.5,3.4,1175,Newport
2025-08-17,7.2,15,110.0,22,1849.0,23.0,15.8,0.0,20.15,1019.7,3.4,4.5,1175,Newport
2025-08-18,4.8,10,70.0,14,786.0,21.0,13.9,0.4,19.375,1017.7,1.7,2.2,1175,Newport
2025-08-19,5.8,13,80.0,18,1249.0,22.4,15.4,0.0,19.347,1017.4,2.5,3.2,1175,Newport
2025-08-20,4.1,8,80.0,11,769.0,18.8,14.6,0.0,18.945,1018.8,1.7,2.2,1175,Newport
2025-08-21,3.5,7,230.0,10,925.0,19.8,12.8,0.0,18.74,1019.2,1.7,2.3,1175,Newport
2025-08-22,4.1,10,210.0,16,1045.0,22.3,11.5,2.0,18.653,1018.6,1.9,2.5,1175,Newport
2025-08-23,4.5,10,220.0,17,1284.0,23.3,15.7,3.0,19.625,1015.6,2.4,3.1,1175,Newport
2025-08-24,8.8,13,150.0,18,1535.0,22.5,14.4,0.0,19.247,1011.1,2.7,3.7,1175,Newport
2025-08-25,13.8,20,150.0,30,663.0,20.0,14.8,4.2,18.497,1002.7,1.7,2.4,1175,Newport
2025-08-26,11.1,17,210.0,28,1040.0,17.6,12.4,4.4,17.8,995.2,1.8,2.6,1175,Newport
2025-08-27,9.9,17,210.0,25,783.0,16.2,12.0,21.0,16.925,991.5,1.4,2.0,1175,Newport
2025-08-28,10.2,19,210.0,29,482.0,16.4,12.3,23.9,16.115,990.1,1.1,1.6,1175,Newport
2025-08-29,10.4,17,270.0,26,1086.0,16.8,11.7,6.8,16.262,992.8,1.5,2.3,1175,Newport
2025-08-30,13.3,21,210.0,34,479.0,17.3,12.1,16.6,15.765,987.8,1.0,1.5,1175,Newport
2025-08-31,14.1,27,190.0,41,665.0,16.4,12.5,22.0,15.425,983.5,1.3,1.9,1175,Newport
2025-09-01,9.7,18,270.0,27,927.0,17.6,11.3,12.6,15.775,991.4,1.5,2.2,1175,Newport
2025-09-02,5.1,11,200.0,19,1115.0,17.4,10.3,9.7,16.092,992.7,1.7,2.3,1175,Newport
2025-09-03,6.2,16,290.0,23,1250.0,18.6,11.4,5.4,16.41,991.7,2.0,2.7,1175,Newport
2025-09-04,7.5,17,240.0,26,1535.0,18.7,11.2,4.5,16.388,1003.1,2.2,3.1,1175,Newport
2025-09-05,6.9,13,210.0,22,915.0,17.5,11.4,0.7,16.5,1011.9,1.8,2.4,1175,Newport
2025-09-06,13.4,22,130.0,32,320.0,16.8,13.2,6.3,15.997,1000.5,1.1,1.5,1175,Newport
2025-09-07,11.1,21,140.0,30,1253.0,17.6,11.0,1.8,16.587,996.6,1.7,2.6,1175,Newport
2025-09-08,7.4,16,260.0,28,967.0,15.6,9.4,13.8,15.472,1005.0,1.6,2.2,1175,Newport
2025-09-09,8.5,14,130.0,20,1409.0,20.1,11.3,1.5,16.163,999.0,2.1,2.9,1175,Newport
2025-09-10,11.3,23,270.0,36,879.0,15.9,10.8,13.6,16.247,991.6,1.2,1.9,1175,Newport
2025-09-11,10.0,19,270.0,29,875.0,14.9,9.5,16.4,14.815,993.9,1.5,2.1,1175,Newport
2025-09-12,9.7,19,200.0,27,910.0,14.6,9.5,13.2,14.352,997.6,1.4,2.1,1175,Newport
2025-09-13,9.6,18,260.0,33,1403.0,17.6,8.9,9.8,14.298,999.0,2.0,2.8,1175,Newport
2025-09-14,11.7,21,200.0,30,745.0,17.0,9.8,11.9,14.467,993.3,1.3,1.9,1175,Newport
2025-09-15,19.7,30,280.0,49,890.0,15.7,11.8,19.1,14.36,997.3,1.6,2.5,1175,Newport
2025-09-16,9.6,21,120.0,32,879.0,16.1,11.3,17.2,14.472,1006.8,1.6,2.2,1175,Newport
2025-09-17,14.0,20,210.0,34,560.0,16.2,11.8,12.0,14.525,1001.9,1.0,1.5,1175,Newport
2025-09-18,10.6,23,210.0,35,336.0,17.3,11.8,7.2,14.39,1005.2,0.9,1.2,1175,Newport
2025-09-19,6.9,13,210.0,22,1293.0,17.1,9.3,0.2,15.102,1007.8,1.6,2.3,1175,Newport
2025-09-20,7.0,14,350.0,26,720.0,13.3,7.6,1.9,13.915,1012.7,1.0,1.5,1175,Newport
2025-09-21,5.7,10,0.0,20,1396.0,13.8,6.3,1.0,13.128,1023.1,1.7,2.3,1175,Newport
2025-09-22,3.2,5,10.0,8,1157.0,15.9,5.0,0.1,12.733,1028.9,1.5,2.0,1175,Newport
2025-09-23,5.0,12,140.0,18,1477.0,16.9,6.0,0.1,13.02,1026.5,1.8,2.5,1175,Newport
2025-09-24,7.9,14,110.0,18,1008.0,17.4,7.9,0.0,13.26,1023.6,1.7,2.3,1175,Newport
2025-09-25,11.2,19,130.0,25,1251.0,17.9,10.0,0.0,13.877,1020.0,2.0,2.8,1175,Newport
2025-09-26,14.9,21,140.0,33,537.0,15.3,9.6,0.0,13.432,1011.2,1.5,2.0,1175,Newport
2025-09-27,6.8,19,150.0,27,1067.0,17.4,9.5,9.9,13.875,1008.8,1.6,2.1,1175,Newport
2025-09-28,3.4,8,220.0,13,1263.0,16.4,7.9,6.5,13.798,1017.0,1.3,1.9,1175,Newport
2025-09-29,7.0,17,200.0,26,344.0,15.4,10.3,7.2,13.835,1018.0,0.9,1.1,1175,Newport
2025-09-30,7.1,14,190.0,23,483.0,17.5,13.5,11.3,14.8,1014.8,0.8,1.2,1175,Newport
2025-10-01,9.3,17,200.0,26,275.0,17.0,14.5,23.0,15.255,1014.1,0.7,1.0,1175,Newport
2025-10-02,7.0,15,210.0,27,138.0,15.7,12.3,27.6,15.16,1006.2,0.6,0.7,1175,Newport
2025-10-03,18.4,39,210.0,64,267.0,17.6,9.3,28.7,14.185,987.9,0.9,1.3,1175,Newport
2025-10-04,22.5,33,290.0,60,648.0,14.4,8.7,14.9,12.61,999.7,1.7,2.5,1175,Newport
2025-10-05,12.0,19,280.0,31,482.0,14.6,10.7,1.5,12.688,1014.8,1.1,1.5,1175,Newport
2025-10-06,13.4,24,210.0,37,477.0,16.0,13.1,7.0,13.577,1015.2,1.2,1.6,1175,Newport
2025-10-07,7.3,16,210.0,24,660.0,15.5,10.8,2.2,13.95,1017.4,1.1,1.5,1175,Newport
2025-10-08,6.4,15,250.0,21,389.0,15.6,10.7,0.0,13.483,1022.5,1.3,1.6,1175,Newport
2025-10-09,6.4,11,270.0,16,527.0,16.6,11.1,0.4,13.573,1027.2,1.2,1.5,1175,Newport
2025-10-10,5.2,8,270.0,13,248.0,12.9,10.6,0.0,13.38,1031.3,1.0,1.2,1175,Newport
2025-10-11,3.4,8,200.0,12,319.0,13.2,10.0,0.0,13.28,1032.6,0.8,1.1,1175,Newport
2025-10-12,6.1,10,90.0,14,244.0,10.2,8.1,0.0,12.665,1029.9,0.8,1.0,1175,Newport
2025-10-13,5.5,9,130.0,12,249.0,12.6,9.6,0.1,12.395,1027.0,0.8,1.0,1175,Newport
2025-10-14,3.9,7,110.0,10,252.0,13.4,11.4,0.4,12.91,1028.6,0.6,0.8,1175,Newport
2025-10-15,4.7,8,90.0,11,238.0,11.8,9.8,0.0,12.988,1028.3,0.6,0.8,1175,Newport
2025-10-16,5.7,9,110.0,13,204.0,11.6,9.6,0.0,12.555,1025.3,0.8,1.0,1175,Newport
2025-10-17,8.7,14,130.0,21,384.0,13.9,9.5,0.0,12.4,1019.8,1.0,1.3,1175,Newport
2025-10-18,13.5,22,130.0,35,165.0,14.6,11.4,2.2,12.6,1005.3,1.0,1.3,1175,Newport
2025-10-19,7.6,20,130.0,27,715.0,17.5,11.1,3.0,13.085,989.2,0.9,1.3,1175,Newport
2025-10-20,5.4,10,270.0,17,374.0,14.7,10.6,1.7,13.01,985.3,0.7,0.9,1175,Newport
2025-10-21,11.0,19,310.0,31,434.0,13.6,7.5,9.2,12.747,989.7,0.7,1.0,1175,Newport
2025-10-22,3.4,11,270.0,15,432.0,13.3,7.2,2.2,11.865,990.4,0.7,0.9,1175,Newport
2025-10-23,11.6,22,280.0,35,497.0,11.4,6.7,7.7,10.965,992.9,1.1,1.4,1175,Newport
2025-10-24,10.1,19,260.0,31,780.0,12.9,8.4,7.0,10.953,997.7,0.7,1.0,1175,Newport
2025-10-25,10.1,17,310.0,29,375.0,11.2,6.3,2.0,10.378,1010.7,0.9,1.2,1175,Newport
2025-10-26,15.6,28,300.0,44,275.0,12.7,7.8,9.4,10.462,1009.3,0.9,1.2,1175,Newport
2025-10-27,11.6,25,300.0,37,127.0,12.7,10.1,10.3,10.755,1004.5,0.8,1.0,1175,Newport
2025-10-28,11.8,20,260.0,30,530.0,13.9,7.2,5.1,10.818,998.4,1.1,1.4,1175,Newport
2025-10-29,8.8,21,280.0,35,454.0,11.9,5.0,3.3,10.073,995.0,0.7,0.9,1175,Newport
2025-10-30,15.4,28,140.0,44,78.0,13.5,4.8,13.2,9.608,986.9,0.5,0.8,1175,Newport
2025-10-31,12.4,21,180.0,34,490.0,14.1,8.8,4.3,10.538,979.6,1.1,1.4,1175,Newport
2025-11-01,9.0,20,200.0,30,491.0,11.7,5.8,12.8,10.042,987.1,0.7,0.9,1175,Newport
2025-11-02,10.5,21,200.0,32,397.0,13.4,6.1,7.3,9.64,996.7,0.4,0.6,1175,Newport
2025-11-03,17.7,29,220.0,40,189.0,15.6,12.1,8.6,11.55,991.8,0.9,1.2,1175,Newport
2025-11-04,7.3,16,200.0,23,448.0,16.0,10.5,0.6,11.615,994.7,0.7,0.9,1175,Newport
2025-11-05,3.0,11,80.0,15,262.0,14.7,11.4,5.1,12.182,994.0,0.4,0.5,1175,Newport
2025-11-06,3.8,11,150.0,16,176.0,14.2,11.8,3.2,12.733,995.5,0.4,0.5,1175,Newport
2025-11-07,7.0,13,120.0,22,146.0,12.3,8.9,7.2,12.32,996.9,0.4,0.6,1175,Newport
2025-11-08,7.8,18,120.0,24,182.0,11.9,8.1,10.7,11.247,1002.6,0.4,0.5,1175,Newport
2025-11-09,7.3,16,150.0,23,553.0,13.8,7.2,5.0,11.153,1001.0,0.2,0.4,1175,Newport
2025-11-10,4.2,10,90.0,14,408.0,10.4,5.5,4.0,10.21,996.3,0.2,0.4,1175,Newport
2025-11-11,9.7,17,60.0,27,66.0,12.6,7.1,14.6,10.078,987.4,0.4,0.6,1175,Newport
2025-11-12,6.9,17,40.0,30,161.0,11.1,8.6,6.7,10.28,993.2,0.4,0.6,1175,Newport
2025-11-13,7.3,15,20.0,22,184.0,9.5,7.7,6.4,10.048,999.3,0.4,0.6,1175,Newport
2025-11-14,14.0,19,40.0,36,259.0,8.9,6.8,0.1,9.345,1003.6,1.0,1.3,1175,Newport
2025-11-15,11.6,20,60.0,33,254.0,9.8,7.3,0.3,8.93,1008.2,0.8,1.0,1175,Newport
2025-11-16,5.5,10,10.0,18,181.0,10.6,6.1,0.1,9.49,1017.0,0.5,0.7,1175,Newport
2025-11-17,3.0,6,280.0,11,213.0,9.0,4.9,5.3,8.788,1023.8,0.3,0.4,1175,Newport
2025-11-18,9.7,18,280.0,33,212.0,10.2,4.6,6.1,8.575,1016.9,0.5,0.6,1175,Newport
2025-11-19,6.6,14,350.0,25,305.0,6.8,2.0,4.1,7.107,1020.2,0.4,0.5,1175,Newport
2025-11-20,3.7,10,310.0,18,347.0,7.7,0.5,3.2,6.05,1022.1,0.2,0.3,1175,Newport
2025-11-21,5.0,13,270.0,21,115.0,10.4,0.5,9.6,5.865,1018.7,0.3,0.4,1175,Newport
2025-11-22,5.5,20,270.0,29,269.0,11.4,5.9,14.3,7.108,1003.7,0.3,0.4,1175,Newport
2025-11-23,19.2,34,290.0,51,344.0,10.4,6.4,21.4,7.445,991.1,1.1,1.3,1175,Newport
2025-11-24,5.2,15,340.0,25,331.0,10.6,5.3,1.7,7.259,1002.5,0.3,0.4,1175,Newport
2025-11-25,4.0,11,120.0,16,367.0,10.6,2.9,0.1,6.441,1016.0,0.1,0.2,1175,Newport
2025-11-26,8.1,12,100.0,19,69.0,12.5,7.8,19.2,8.028,1008.8,0.3,0.5,1175,Newport
2025-11-27,17.0,25,220.0,42,276.0,13.1,6.9,5.2,9.767,999.9,0.4,0.5,1175,Newport
2025-11-28,12.8,24,210.0,45,208.0,10.2,6.7,7.2,8.415,996.0,0.9,1.1,1175,Newport
2025-11-29,4.3,12,350.0,20,220.0,8.3,3.0,5.3,7.555,1003.2,0.3,0.4,1175,Newport
2025-11-30,6.5,15,140.0,21,103.0,10.3,1.7,12.4,6.394,1000.5,0.3,0.4,1175,Newport
2025-12-01,3.4,15,270.0,25,56.0,10.2,5.5,15.5,7.177,987.1,0.4,0.5,1175,Newport
2025-12-02,9.8,17,200.0,32,228.0,9.3,5.7,7.2,6.857,989.7,0.5,0.5,1175,Newport
2025-12-03,6.3,15,140.0,23,147.0,8.7,4.6,6.4,6.883,992.3,0.2,0.3,1175,Newport
2025-12-04,5.9,12,210.0,19,280.0,8.8,3.6,10.2,6.497,991.0,0.1,0.2,1175,Newport
2025-12-05,12.7,24,130.0,35,60.0,9.9,5.6,10.8,6.953,982.3,0.4,0.6,1175,Newport
2025-12-06,7.6,16,240.0,27,115.0,11.2,8.1,15.4,8.178,983.1,0.3,0.4,1175,Newport
2025-12-07,6.9,15,130.0,22,131.0,11.6,6.7,7.6,8.3,989.4,0.4,0.5,1175,Newport
2025-12-08,10.7,23,200.0,35,183.0,12.4,8.3,1.2,8.09,990.6,0.7,0.8,1175,Newport
2025-12-09,17.0,26,150.0,42,71.0,14.6,8.7,14.4,9.343,977.4,0.8,1.0,1175,Newport
2025-12-10,15.2,24,200.0,35,155.0,12.0,8.0,1.4,8.925,997.5,0.9,1.1,1175,Newport
2025-12-11,11.9,30,170.0,43,114.0,12.5,5.6,6.4,8.65,999.1,0.8,1.0,1175,Newport
2025-12-12,9.0,17,160.0,27,188.0,10.5,5.5,5.0,7.365,1008.7,0.6,0.6,1175,Newport
2025-12-13,19.8,31,200.0,50,22.0,12.8,7.5,9.0,7.87,1008.8,0.9,1.3,1175,Newport
2025-12-14,11.0,28,210.0,41,80.0,13.6,6.9,13.0,9.77,997.4,0.6,0.7,1175,Newport
2025-12-15,3.7,12,230.0,19,255.0,10.1,3.5,1.8,8.221,999.3,0.1,0.2,1175,Newport
2025-12-16,7.3,21,160.0,29,339.0,10.3,2.6,3.8,6.373,1003.3,0.1,0.1,1175,Newport
2025-12-17,13.7,21,190.0,34,125.0,12.4,6.0,5.8,7.533,995.1,0.6,0.7,1175,Newport
2025-12-18,10.2,21,200.0,37,63.0,9.1,4.6,22.9,7.051,990.7,0.7,0.8,1175,Newport
2025-12-19,10.8,23,250.0,34,200.0,10.0,6.6,5.2,6.93,997.7,0.5,0.6,1175,Newport
2025-12-20,13.8,22,150.0,33,134.0,9.8,6.6,0.3,7.306,995.1,0.5,0.7,1175,Newport
2025-12-21,5.3,11,110.0,16,158.0,8.0,3.5,0.6,6.942,1000.9,0.2,0.3,1175,Newport
2025-12-22,4.9,8,0.0,12,175.0,9.6,6.3,0.1,7.079,1006.3,0.2,0.2,1175,Newport
2025-12-23,3.8,9,70.0,12,59.0,9.8,7.7,0.0,7.755,1019.0,0.4,0.5,1175,Newport
2025-12-24,7.0,13,90.0,23,147.0,8.5,4.2,0.0,7.51,1031.6,0.4,0.5,1175,Newport
2025-12-25,8.4,13,100.0,20,191.0,6.7,3.5,0.0,5.674,1031.7,0.7,0.8,1175,Newport
2025-12-26,6.6,9,50.0,17,93.0,6.5,3.3,0.0,4.75,1031.7,0.6,0.8,1175,Newport
2025-12-27,6.6,10,50.0,19,309.0,7.5,2.7,0.0,4.172,1035.6,0.3,0.3,1175,Newport
2025-12-28,5.8,13,100.0,20,43.0,7.0,5.0,0.0,4.915,1032.6,0.7,0.9,1175,Newport
2025-12-29,5.1,8,40.0,15,74.0,5.6,3.7,0.0,5.309,1030.2,0.6,0.8,1175,Newport
2025-12-30,6.4,9,70.0,15,69.0,6.8,4.4,0.0,5.39,1033.2,0.7,0.8,1175,Newport
2025-12-31,2.9,12,280.0,17,177.0,6.2,2.9,0.2,5.267,1026.7,0.3,0.4,1175,Newport
2026-01-01,6.3,13,280.0,20,258.0,8.4,4.6,1.4,5.488,1014.8,0.3,0.3,1175,Newport
2026-01-02,4.8,13,320.0,25,295.0,7.1,1.8,1.6,4.977,1012.6,0.1,0.2,1175,Newport
2026-01-03,3.2,12,10.0,23,236.0,5.1,0.9,1.4,3.843,1017.2,0.2,0.3,1175,Newport
2026-01-04,3.6,10,340.0,18,292.0,5.1,0.2,2.5,2.997,1015.4,0.0,0.1,1175,Newport
2026-01-05,3.0,11,0.0,19,215.0,4.8,0.1,2.5,2.726,1017.5,0.1,0.2,1175,Newport
2026-01-06,8.5,16,330.0,28,192.0,10.1,1.0,9.2,3.418,1011.5,0.5,0.6,1175,Newport
2026-01-07,7.4,22,280.0,36,102.0,8.5,4.8,2.1,4.52,1005.2,0.7,0.8,1175,Newport
2026-01-08,3.8,9,280.0,17,128.0,7.5,2.7,0.3,4.525,998.5,0.4,0.5,1175,Newport
2026-01-09,3.7,12,250.0,21,243.0,7.0,0.7,4.1,3.787,1002.7,0.2,0.2,1175,Newport
2026-01-10,7.2,19,140.0,28,96.0,8.3,1.8,9.4,3.787,1005.7,0.4,0.5,1175,Newport
2026-01-11,13.1,26,210.0,42,63.0,11.6,8.1,17.5,6.201,986.9,0.5,0.7,1175,Newport
2026-01-12,6.5,16,200.0,23,166.0,9.8,5.7,8.2,6.729,989.0,0.3,0.4,1175,Newport
2026-01-13,6.7,15,280.0,24,325.0,8.6,2.9,1.1,5.775,1000.2,0.3,0.4,1175,Newport
2026-01-14,8.0,16,160.0,27,43.0,8.1,3.7,16.4,5.214,998.7,0.5,0.7,1175,Newport
2026-01-15,7.0,18,200.0,25,326.0,8.6,3.3,7.0,4.992,991.5,0.3,0.3,1175,Newport
2026-01-16,7.2,14,110.0,21,271.0,6.8,3.1,0.0,4.815,994.5,0.3,0.3,1175,Newport
2026-01-17,3.2,7,20.0,10,176.0,7.4,4.3,0.4,5.232,1006.5,0.3,0.4,1175,Newport
2026-01-18,8.5,14,130.0,19,191.0,6.4,4.1,4.3,5.564,1008.2,0.3,0.4,1175,Newport
2026-01-19,3.3,10,80.0,16,279.0,8.7,0.6,1.7,5.692,1003.0,0.2,0.3,1175,Newport
2026-01-20,12.9,21,90.0,34,113.0,7.1,2.2,8.5,4.871,989.9,0.5,0.7,1175,Newport
2026-01-21,8.2,13,130.0,23,105.0,6.2,4.2,13.2,5.332,977.1,0.4,0.5,1175,Newport
2026-01-22,3.4,8,130.0,12,338.0,7.7,2.8,0.8,5.482,978.4,0.1,0.2,1175,Newport
2026-01-23,7.5,14,60.0,22,229.0,7.5,2.8,0.2,5.535,979.1,0.4,0.5,1175,Newport
2026-01-24,8.3,12,70.0,20,106.0,7.6,6.1,8.5,5.474,982.1,0.6,0.8,1175,Newport
2026-01-25,8.2,14,110.0,20,148.0,7.8,5.4,0.2,5.985,985.6,0.4,0.6,1175,Newport
2026-01-26,10.6,25,130.0,39,134.0,8.7,2.9,6.6,5.969,985.1,0.4,0.6,1175,Newport
2026-01-27,12.3,21,200.0,33,317.0,9.2,3.5,28.8,5.718,969.4,0.5,0.6,1175,Newport
2026-01-28,12.5,19,210.0,29,297.0,9.4,4.3,0.2,5.695,979.0,0.8,0.9,1175,Newport
2026-01-29,15.0,21,100.0,34,153.0,8.2,6.2,1.5,5.935,981.0,0.7,1.0,1175,Newport
2026-01-30,11.7,19,120.0,28,385.0,9.9,6.2,2.4,6.497,977.1,0.5,0.7,1175,Newport
2026-01-31,3.5,9,90.0,13,519.0,10.4,3.4,0.7,6.143,988.3,0.2,0.4,1175,Newport
2026-02-01,6.1,15,270.0,25,530.0,11.5,1.5,3.2,6.368,995.5,0.4,0.5,1175,Newport
2026-02-02,13.3,18,100.0,27,175.0,8.0,3.3,0.0,5.32,991.2,0.7,1.0,1175,Newport
2026-02-03,13.9,21,90.0,32,119.0,7.3,4.6,0.9,5.731,985.6,0.8,1.0,1175,Newport
2026-02-04,11.8,16,110.0,24,389.0,10.2,4.8,0.6,6.194,982.4,0.7,0.9,1175,Newport
2026-02-05,13.8,20,70.0,34,113.0,7.7,5.1,0.7,6.044,979.3,0.9,1.2,1175,Newport
2026-02-06,10.5,18,80.0,27,178.0,7.0,5.0,0.2,5.926,980.6,0.6,0.8,1175,Newport
2026-02-07,4.2,9,80.0,14,230.0,9.1,6.7,0.1,6.685,988.2,0.5,0.6,1175,Newport
2026-02-08,5.3,9,130.0,13,401.0,10.4,5.4,0.0,7.028,993.6,0.5,0.7,1175,Newport
2026-02-09,8.1,11,120.0,20,148.0,8.4,5.1,4.9,6.679,988.9,0.4,0.6,1175,Newport
2026-02-10,8.9,13,120.0,19,174.0,9.1,7.3,5.7,7.281,979.5,0.4,0.6,1175,Newport
2026-02-11,4.5,10,130.0,14,467.0,11.7,8.3,29.2,8.223,972.7,0.4,0.5,1175,Newport
2026-02-12,10.7,23,10.0,38,248.0,8.4,4.1,11.3,7.95,981.4,0.4,0.6,1175,Newport
2026-02-13,9.5,23,20.0,39,590.0,7.0,-0.5,0.4,6.191,1000.0,0.7,0.9,1175,Newport
2026-02-14,7.6,21,140.0,28,158.0,5.1,-0.8,2.9,4.381,1005.2,0.4,0.6,1175,Newport
2026-02-15,7.5,21,250.0,41,434.0,10.3,3.9,11.5,5.212,992.9,0.7,0.9,1175,Newport
2026-02-16,10.3,23,280.0,39,297.0,8.6,1.1,10.4,5.422,1000.5,0.7,0.9,1175,Newport
2026-02-17,11.1,26,130.0,38,357.0,4.6,0.5,0.8,4.296,1004.6,0.6,0.8,1175,Newport
2026-02-18,11.6,25,120.0,34,187.0,8.8,4.2,7.6,5.259,991.1,0.5,0.8,1175,Newport
2026-02-19,8.6,19,290.0,30,517.0,9.6,5.7,6.3,6.365,999.7,0.8,1.1,1175,Newport
2026-02-20,11.3,22,200.0,34,480.0,11.9,7.7,3.4,7.216,1003.8,1.0,1.3,1175,Newport
2026-02-21,7.3,16,200.0,26,80.0,11.3,8.8,10.3,8.007,1007.5,0.5,0.7,1175,Newport
2026-02-22,9.8,20,200.0,33,505.0,10.7,6.9,6.1,8.293,1005.6,0.6,0.9,1175,Newport
2026-02-23,9.7,21,200.0,35,193.0,11.4,8.1,7.8,8.206,1004.2,0.6,0.9,1175,Newport
2026-02-24,13.7,19,160.0,26,136.0,11.4,9.9,1.5,8.727,1000.5,0.9,1.2,1175,Newport
2026-02-25,6.8,14,210.0,23,382.0,12.1,9.6,1.9,9.34,1002.5,0.6,0.8,1175,Newport
2026-02-26,10.3,21,200.0,31,452.0,12.8,6.7,3.9,9.462,1000.3,0.8,1.2,1175,Newport
2026-02-27,5.1,14,320.0,22,790.0,10.1,1.2,1.1,8.374,1008.3,0.7,1.1,1175,Newport
2026-02-28,7.5,14,150.0,19,502.0,9.9,0.2,1.2,6.707,1008.6,0.7,1.0,1175,Newport
2026-03-01,12.3,20,150.0,33,133.0,11.2,6.3,13.6,7.765,994.4,0.6,0.9,1175,Newport
2026-03-02,9.4,22,200.0,36,633.0,12.1,3.2,1.3,7.738,1007.4,1.1,1.5,1175,Newport
2026-03-03,6.1,13,160.0,19,1227.0,10.8,0.9,0.0,6.797,1022.4,1.1,1.6,1175,Newport
2026-03-04,8.0,13,160.0,17,434.0,11.9,4.8,2.9,7.195,1012.4,0.9,1.2,1175,Newport
2026-03-05,7.8,16,340.0,24,626.0,8.3,1.3,3.5,7.66,1013.5,0.7,1.0,1175,Newport
2026-03-06,7.3,15,160.0,22,833.0,12.2,0.1,0.2,6.68,1020.7,1.0,1.5,1175,Newport
2026-03-07,11.8,16,120.0,23,212.0,11.4,8.5,0.0,7.836,1017.2,1.2,1.6,1175,Newport
2026-03-08,11.6,20,150.0,27,213.0,10.5,7.8,3.0,8.146,1013.2,0.7,1.0,1175,Newport
2026-03-09,8.0,21,200.0,31,1031.0,11.2,5.9,1.5,8.543,1008.2,1.3,1.8,1175,Newport
2026-03-10,12.1,26,200.0,39,561.0,12.4,6.2,4.0,8.93,996.5,0.9,1.3,1175,Newport
2026-03-11,16.8,27,200.0,45,906.0,11.4,5.4,2.4,8.509,999.8,1.6,2.4,1175,Newport
2026-03-12,17.3,34,200.0,58,440.0,10.9,2.6,14.9,8.323,991.5,1.1,1.6,1175,Newport
2026-03-13,8.6,20,240.0,35,550.0,9.8,3.2,14.6,7.008,991.1,1.2,1.6,1175,Newport
2026-03-14,5.9,14,190.0,23,1106.0,11.4,1.8,7.3,7.337,1001.6,1.2,1.7,1175,Newport
2026-03-15,16.0,27,270.0,47,718.0,9.8,3.8,8.8,7.898,1001.4,0.8,1.4,1175,Newport
2026-03-16,14.2,24,200.0,35,266.0,12.1,5.2,8.8,7.601,1000.8,0.9,1.3,1175,Newport
2026-03-17,15.3,25,200.0,38,637.0,12.3,7.9,0.8,8.837,999.6,1.4,2.1,1175,Newport
2026-03-18,4.7,11,350.0,17,644.0,12.0,5.1,0.2,8.5,1015.9,1.1,1.4,1175,Newport
2026-03-19,5.4,9,0.0,15,1484.0,17.8,6.2,0.0,9.119,1023.2,1.9,2.6,1175,Newport
2026-03-20,4.3,9,230.0,15,1511.0,16.0,4.1,0.0,9.587,1018.7,1.7,2.4,1175,Newport
2026-03-21,6.3,13,250.0,22,1389.0,14.8,4.9,0.0,9.993,1014.9,1.7,2.4,1175,Newport
2026-03-22,6.3,12,340.0,18,1216.0,13.2,5.4,0.9,10.702,1015.9,1.5,2.1,1175,Newport
2026-03-23,10.1,21,210.0,32,361.0,12.2,4.3,4.9,9.583,1013.1,0.8,1.1,1175,Newport
2026-03-24,12.7,31,290.0,51,411.0,11.2,3.6,26.0,9.73,1001.7,0.8,1.2,1175,Newport
2026-03-25,17.7,29,290.0,47,1307.0,8.8,2.6,7.8,7.838,1013.2,1.8,3.0,1175,Newport
2026-03-26,8.8,14,330.0,24,347.0,10.1,6.1,13.4,8.14,1017.5,0.9,1.2,1175,Newport
2026-03-27,12.1,23,260.0,41,1318.0,10.8,3.0,4.7,8.873,1017.3,1.5,2.4,1175,Newport
2026-03-28,12.5,21,280.0,33,1133.0,11.4,3.3,5.9,7.928,1024.3,1.8,2.7,1175,Newport
2026-03-29,16.2,25,280.0,37,1126.0,13.2,8.0,16.8,8.983,1020.9,1.8,2.8,1175,Newport
2026-03-30,10.6,20,290.0,34,386.0,12.0,8.0,0.3,8.88,1024.3,1.3,1.7,1175,Newport
2026-03-31,6.9,11,230.0,19,575.0,11.9,9.3,0.2,9.825,1025.6,0.9,1.3,1175,Newport
2026-04-01,9.2,18,320.0,26,1072.0,11.5,3.5,4.0,10.295,1021.0,1.1,1.7,1175,Newport
2026-04-02,9.0,19,200.0,27,342.0,10.4,2.5,12.1,8.77,1012.1,0.5,0.8,1175,Newport
2026-04-03,9.2,19,260.0,34,1510.0,11.5,3.7,2.3,9.523,1003.9,1.6,2.5,1175,Newport
2026-04-04,11.0,24,310.0,38,221.0,10.2,2.8,36.1,8.265,995.4,0.8,1.1,1175,Newport
2026-04-05,9.9,20,270.0,31,1766.0,11.7,2.8,1.9,8.128,1008.4,2.3,3.4,1175,Newport
2026-04-06,15.9,24,150.0,32,902.0,14.1,5.3,0.1,8.832,1012.0,1.7,2.6,1175,Newport
2026-04-07,8.2,18,120.0,25,234.0,13.1,8.2,3.1,9.507,1013.5,0.8,1.0,1175,Newport
2026-04-08,7.6,15,240.0,24,1347.0,14.1,4.6,1.7,9.958,1017.1,1.7,2.5,1175,Newport
2026-04-09,11.3,25,270.0,40,1539.0,10.6,3.8,4.6,10.09,1015.1,1.6,2.6,1175,Newport
2026-04-10,14.3,34,150.0,49,252.0,7.6,2.9,5.7,8.062,1003.6,0.8,1.2,1175,Newport
2026-04-11,17.7,32,190.0,51,1350.0,10.9,4.0,5.9,8.146,985.4,1.9,3.1,1175,Newport
2026-04-12,12.2,21,260.0,34,1514.0,12.7,4.3,7.4,9.04,997.0,2.2,3.3,1175,Newport
2026-04-13,5.7,12,180.0,20,1694.0,13.6,2.7,0.6,9.248,1004.9,2.1,3.0,1175,Newport
2026-04-14,9.4,16,120.0,24,528.0,15.7,6.7,6.4,9.983,1001.6,1.3,1.8,1175,Newport
2026-04-15,9.5,20,170.0,31,941.0,14.1,8.1,18.8,10.858,997.9,1.5,2.1,1175,Newport
2026-04-16,12.3,18,150.0,25,817.0,13.0,8.5,5.0,10.698,1003.5,1.4,2.1,1175,Newport
2026-04-17,15.4,24,190.0,35,1813.0,13.2,7.9,3.0,11.352,1006.0,2.0,3.5,1175,Newport
2026-04-18,7.4,16,300.0,24,1750.0,14.0,4.9,6.2,11.578,1018.9,2.3,3.3,1175,Newport
2026-04-19,4.0,9,20.0,13,2245.0,15.6,3.0,0.0,11.625,1024.0,2.7,3.8,1175,Newport
2026-04-20,6.8,13,20.0,21,1448.0,13.7,5.2,0.0,11.552,1021.9,2.2,3.0,1175,Newport
2026-04-21,11.2,18,80.0,30,1285.0,14.0,7.7,0.0,11.175,1023.4,2.6,3.6,1175,Newport
2026-04-22,14.4,21,90.0,30,1501.0,14.3,6.8,0.0,10.682,1021.5,3.0,4.3,1175,Newport
2026-04-23,12.0,19,110.0,29,1510.0,18.4,9.9,0.0,11.415,1021.9,3.5,4.7,1175,Newport
2026-04-24,10.2,16,150.0,24,2248.0,20.9,9.6,0.0,12.257,1019.5,4.3,5.7,1175,Newport
2026-04-25,5.4,13,110.0,19,1045.0,16.2,9.4,1.2,12.785,1017.7,2.1,2.7,1175,Newport
2026-04-26,5.4,10,210.0,16,2097.0,17.4,10.0,0.0,13.965,1021.8,3.0,4.1,1175,Newport
2026-04-27,4.9,10,330.0,16,1626.0,17.3,10.0,0.3,14.688,1025.4,2.5,3.4,1175,Newport
2026-04-28,5.5,9,80.0,15,2082.0,20.0,7.6,0.1,14.538,1025.7,3.2,4.3,1175,Newport
2026-04-29,8.0,14,90.0,22,2608.0,18.8,7.2,0.0,14.212,1022.9,3.9,5.5,1175,Newport
2026-04-30,6.7,15,120.0,21,654.0,14.5,9.8,3.3,13.233,1016.7,1.8,2.3,1175,Newport
2026-05-01,5.3,10,130.0,15,1292.0,17.2,9.2,0.0,13.81,1013.3,2.1,2.8,1175,Newport
2026-05-02,4.7,9,340.0,16,865.0,14.2,8.0,2.5,13.425,1011.1,1.4,1.9,1175,Newport
2026-05-03,8.3,13,10.0,21,1414.0,15.6,9.9,0.4,13.667,1011.3,2.1,3.1,1175,Newport
2026-05-04,6.3,12,310.0,18,1475.0,14.5,9.1,0.0,13.802,1014.9,2.4,3.3,1175,Newport
2026-05-05,5.4,11,20.0,17,1993.0,14.3,6.7,0.3,13.84,1015.5,2.7,3.8,1175,Newport
2026-05-06,4.4,9,200.0,14,2770.0,15.9,3.4,0.0,13.88,1012.3,3.4,4.8,1175,Newport
2026-05-07,4.8,11,210.0,20,1285.0,13.6,4.9,4.3,13.368,1009.4,1.8,2.5,1175,Newport
2026-05-08,6.1,12,350.0,22,1612.0,13.0,7.2,0.0,13.385,1015.5,2.3,3.3,1175,Newport
2026-05-09,9.9,17,10.0,28,2244.0,12.0,6.2,0.1,12.825,1022.7,2.9,4.5,1175,Newport
2026-05-10,6.6,12,320.0,20,1903.0,13.8,4.7,1.4,12.532,1020.9,2.5,3.7,1175,Newport
2026-05-11,6.6,11,320.0,18,2032.0,15.3,8.6,0.4,13.612,1015.6,2.9,4.1,1175,Newport
2026-05-12,12.7,25,300.0,39,1564.0,14.5,8.5,3.3,13.472,1011.7,2.7,4.0,1175,Newport
2026-05-13,16.7,24,300.0,39,2054.0,12.4,7.4,6.1,12.59,1007.9,2.5,4.4,1175,Newport
2026-05-14,9.6,15,350.0,28,1817.0,12.2,6.0,2.0,12.477,1010.0,2.4,3.7,1175,Newport
2026-05-15,4.2,12,210.0,18,914.0,12.6,7.3,0.6,12.427,1008.8,1.6,2.1,1175,Newport
2026-05-16,8.3,15,270.0,25,1660.0,14.5,6.3,5.5,13.185,1004.2,2.3,3.4,1175,Newport
2026-05-17,6.6,14,250.0,24,1226.0,12.7,5.8,7.0,12.642,1003.2,1.8,2.6,1175,Newport
2026-05-18,9.1,18,130.0,27,985.0,11.6,4.1,5.7,12.153,997.6,1.1,1.8,1175,Newport
2026-05-19,8.0,14,200.0,20,1014.0,13.6,10.8,4.0,12.672,994.2,1.5,2.3,1175,Newport
2026-05-20,9.0,15,210.0,22,1699.0,15.3,10.5,4.4,13.795,1005.6,2.3,3.5,1175,Newport
2026-05-21,9.7,18,140.0,25,442.0,15.4,12.7,5.5,14.062,1012.2,1.0,1.4,1175,Newport
2026-05-22,10.5,16,170.0,27,766.0,16.2,12.1,0.6,14.193,1014.7,1.7,2.4,1175,Newport
2026-05-23,10.6,15,200.0,28,1727.0,16.6,11.2,0.0,14.548,1021.2,2.5,3.8,1175,Newport
2026-05-24,8.2,12,240.0,20,1916.0,19.3,11.0,0.0,15.303,1025.1,2.9,4.2,1175,Newport
2026-05-25,5.1,12,360.0,19,2758.0,24.0,10.8,0.0,16.692,1025.9,4.2,5.7,1175,Newport
2026-05-26,8.6,12,350.0,17,2794.0,22.1,11.5,0.0,17.635,1024.6,4.0,5.9,1175,Newport
2026-05-27,7.5,13,110.0,19,2821.0,27.2,14.3,0.0,18.405,1019.0,5.2,6.9,1175,Newport
2026-05-28,10.1,20,200.0,30,771.0,18.2,13.3,0.3,17.767,1011.9,1.9,2.5,1175,Newport
2026-05-29,10.7,19,200.0,27,2418.0,17.5,12.7,1.0,17.272,1014.6,3.4,5.2,1175,Newport
2026-05-30,10.7,15,200.0,26,2046.0,19.1,12.4,4.8,17.45,1013.2,3.3,4.8,1175,Newport
2026-05-31,8.4,14,220.0,22,1483.0,17.8,11.8,11.4,17.285,1009.0,2.3,3.3,1175,Newport
2026-06-01,7.9,14,220.0,22,858.0,15.7,12.7,4.1,16.795,1002.3,1.3,1.9,1175,Newport
2026-06-02,7.8,14,270.0,22,1022.0,14.6,11.3,2.0,16.307,1000.6,1.6,2.3,1175,Newport
2026-06-03,12.9,19,210.0,30,1115.0,14.9,11.1,12.8,15.568,991.2,1.7,2.8,1175,Newport
2026-06-04,14.7,23,290.0,37,1372.0,15.7,9.0,7.2,14.78,993.7,2.4,3.7,1175,Newport
2026-06-05,7.9,15,150.0,22,1406.0,15.2,8.4,5.3,14.705,998.9,2.3,3.3,1175,Newport
2026-06-06,9.5,17,200.0,28,1387.0,15.6,10.0,7.0,14.845,998.9,2.1,3.2,1175,Newport
2026-06-07,11.2,23,200.0,35,1608.0,16.7,8.5,7.2,15.435,1004.8,2.4,3.7,1175,Newport
2026-06-08,9.5,20,210.0,31,1989.0,15.2,7.6,6.4,15.15,1006.9,2.7,4.1,1175,Newport
2026-06-09,10.7,20,270.0,35,1594.0,14.9,8.1,6.9,14.588,1007.8,2.5,3.8,1175,Newport
2026-06-10,7.6,14,290.0,22,1724.0,15.4,7.8,3.4,14.858,1012.4,2.4,3.5,1175,Newport
2026-06-11,10.3,16,250.0,28,912.0,15.2,10.8,22.1,15.023,1009.0,1.3,2.1,1175,Newport
2026-06-12,14.3,22,260.0,34,1791.0,15.8,11.3,4.9,15.438,1015.0,2.5,4.1,1175,Newport
2026-06-13,7.3,14,270.0,23,2073.0,17.6,10.6,0.0,15.79,1020.4,3.3,4.7,1175,Newport
2026-06-14,6.9,13,120.0,18,2832.0,22.2,10.0,0.0,17.212,1016.8,4.4,6.2,1175,Newport
2026-06-15,6.2,11,120.0,16,1894.0,20.0,11.3,0.0,17.8,1009.5,3.2,4.3,1175,Newport
2026-06-16,6.0,11,210.0,19,1031.0,17.3,12.4,1.4,17.49,1006.0,1.9,2.6,1175,Newport
2026-06-17,11.1,18,200.0,26,1115.0,17.6,12.6,0.9,16.84,1007.5,2.1,3.1,1175,Newport
2026-06-18,5.3,12,120.0,18,912.0,16.3,12.7,11.3,16.635,1004.3,1.7,2.2,1175,Newport
2026-06-19,5.6,12,220.0,17,2657.0,18.3,11.2,3.2,17.763,1004.3,3.6,5.1,1175,Newport
2026-06-20,5.8,10,210.0,17,3083.0,19.4,9.5,0.1,18.507,1015.7,4.2,5.9,1175,Newport
2026-06-21,5.0,11,150.0,16,2825.0,23.5,8.6,0.0,18.915,1023.5,4.3,5.9,1175,Newport
2026-06-22,4.7,8,160.0,12,2443.0,24.9,14.1,0.7,19.8,1021.2,4.4,5.7,1175,Newport
2026-06-23,5.2,10,260.0,16,1652.0,21.1,13.5,0.0,19.472,1017.5,2.9,3.8,1175,Newport
2026-06-24,4.2,10,0.0,15,1565.0,22.2,13.5,0.0,19.565,1017.8,2.8,3.6,1175,Newport
2026-06-25,8.2,17,350.0,24,2358.0,28.4,14.8,0.3,20.243,1012.3,4.5,6.0,1175,Newport
2026-06-26,9.8,16,330.0,27,1363.0,20.5,15.2,12.0,19.96,1007.7,2.2,3.2,1175,Newport
2026-06-27,9.2,15,240.0,26,422.0,18.7,12.3,5.6,18.98,1003.1,1.2,1.6,1175,Newport
2026-06-28,11.5,18,200.0,30,1941.0,16.8,10.7,4.2,17.967,1010.6,2.9,4.4,1175,Newport
2026-06-29,9.1,15,210.0,22,619.0,16.8,11.6,9.0,17.35,1016.0,1.4,2.0,1175,Newport
2026-06-30,7.6,15,140.0,22,1427.0,19.1,13.2,5.6,17.502,1016.9,2.4,3.4,1175,Newport
2026-07-01,9.4,20,270.0,31,418.0,16.0,12.6,8.3,17.05,1017.8,1.1,1.5,1175,Newport
2026-07-02,6.6,11,270.0,19,1096.0,15.7,12.7,0.0,16.7,1021.9,2.1,2.9,1175,Newport
2026-07-03,7.3,13,220.0,24,487.0,16.0,12.4,2.6,16.488,1024.1,1.1,1.6,1175,Newport
2026-07-04,10.2,15,240.0,24,605.0,15.3,14.3,7.0,16.557,1022.9,0.9,1.5,1175,Newport
2026-07-05,10.6,16,230.0,24,1151.0,16.8,13.9,1.0,16.94,1020.5,1.6,2.5,1175,Newport
2026-07-06,8.1,13,230.0,23,868.0,16.6,13.5,0.7,17.052,1015.5,1.6,2.3,1175,Newport
2026-07-07,8.0,14,230.0,21,2073.0,18.7,13.6,0.7,18.022,1015.7,2.8,4.2,1175,Newport
2026-07-08,5.6,12,260.0,21,1893.0,20.9,13.1,0.3,18.88,1017.5,3.0,4.1,1175,Newport
2026-07-09,5.3,11,230.0,18,1755.0,21.6,14.3,0.1,19.487,1016.5,2.9,3.9,1175,Newport
2026-07-10,7.6,14,340.0,20,1571.0,20.6,13.9,0.0,19.47,1018.7,2.7,3.7,1175,Newport
2026-07-11,10.6,13,350.0,23,2898.0,19.3,13.8,0.0,19.597,1023.0,4.0,6.1,1175,Newport
2026-07-12,8.7,12,90.0,19,2749.0,27.6,14.7,0.0,20.435,1023.1,4.9,6.7,1175,Newport
2026-07-13,8.4,16,90.0,23,2812.0,26.5,17.2,0.0,21.212,1022.0,5.3,7.0,1175,Newport
2026-07-14,7.8,15,110.0,23,2908.0,26.4,15.8,0.0,21.217,1021.1,5.5,7.2,1175,Newport
2026-07-15,4.7,9,80.0,15,2423.0,27.6,14.8,0.0,21.215,1021.3,4.6,5.9,1175,Newport
2026-07-16,5.8,11,350.0,18,2815.0,28.0,15.4,0.0,21.812,1020.0,5.1,6.7,1175,Newport
2026-07-17,9.5,15,350.0,25,2687.0,19.9,13.6,0.0,21.432,1020.3,3.8,5.7,1175,Newport
2026-07-18,7.8,13,10.0,22,2104.0,18.9,13.9,0.0,20.39,1023.5,3.5,4.9,1175,Newport
2026-07-19,8.1,11,340.0,20,2719.0,20.2,12.7,0.0,20.405,1026.4,4.1,5.8,1175,Newport
2026-07-20,5.8,10,10.0,16,1224.0,19.1,12.4,0.0,19.58,1029.0,2.2,3.0,1175,Newport
2026-07-21,6.0,11,10.0,19,976.0,17.5,13.2,0.5,19.108,1030.8,1.9,2.6,1175,Newport
2026-07-22,6.0,11,350.0,19,2330.0,21.6,12.9,0.0,19.493,1028.9,3.7,5.0,1175,Newport
2026-07-23,4.3,8,270.0,13,1831.0,21.6,13.5,0.0,19.57,1024.4,3.2,4.2,1175,Newport
2026-07-24,7.3,15,200.0,21,2025.0,21.5,14.1,0.0,19.83,1017.1,3.4,4.7,1175,Newport
2026-07-25,9.4,15,270.0,25,1021.0,20.7,14.6,11.3,19.312,1007.8,2.1,2.9,1175,Newport
2026-07-26,9.7,15,270.0,28,723.0,16.5,13.0,2.9,18.403,1008.3,1.5,2.1,1175,Newport
2026-07-27,6.7,13,210.0,20,575.0,17.5,13.1,11.0,18.06,1012.7,1.1,1.5,1175,Newport
2026-07-28,8.8,18,210.0,26,655.0,17.5,15.6,17.5,18.285,1010.3,1.1,1.7,1175,Newport
2026-07-29,5.9,10,230.0,19,1528.0,19.2,10.9,6.8,18.327,1010.3,2.4,3.3,1175,Newport
2026-07-30,6.9,13,270.0,22,2117.0,19.0,11.2,1.6,18.15,1014.5,3.2,4.5,1175,Newport
2026-07-31,7.8,15,270.0,21,1837.0,18.2,11.3,2.9,18.088,1016.7,2.9,4.1,1175,Newport
