iso_year,iso_week,station_no,station_name,parameter,mean_value,n_days,unit,role
2000,44,30031,Cong Weir,Q,70.1218,5,m3/s,mask_to_corrib_inflow
2000,45,30031,Cong Weir,Q,72.327143,7,m3/s,mask_to_corrib_inflow
2000,46,30031,Cong Weir,Q,71.934,7,m3/s,mask_to_corrib_inflow
2000,47,30031,Cong Weir,Q,72.903429,7,m3/s,mask_to_corrib_inflow
2000,48,30031,Cong Weir,Q,78.558429,7,m3/s,mask_to_corrib_inflow
2000,52,30031,Cong Weir,Q,78.688,6,m3/s,mask_to_corrib_inflow
2001,1,30031,Cong Weir,Q,82.197,6,m3/s,mask_to_corrib_inflow
2001,2,30031,Cong Weir,Q,72.025286,7,m3/s,mask_to_corrib_inflow
2001,3,30031,Cong Weir,Q,60.133714,7,m3/s,mask_to_corrib_inflow
2001,4,30031,Cong Weir,Q,60.828429,7,m3/s,mask_to_corrib_inflow
2001,5,30031,Cong Weir,Q,61.123286,7,m3/s,mask_to_corrib_inflow
2001,6,30031,Cong Weir,Q,63.279857,7,m3/s,mask_to_corrib_inflow
2001,7,30031,Cong Weir,Q,60.812857,7,m3/s,mask_to_corrib_inflow
2001,8,30031,Cong Weir,Q,52.560714,7,m3/s,mask_to_corrib_inflow
2001,9,30031,Cong Weir,Q,45.988714,7,m3/s,mask_to_corrib_inflow
2001,10,30031,Cong Weir,Q,41.106143,7,m3/s,mask_to_corrib_inflow
2001,11,30031,Cong Weir,Q,41.129571,7,m3/s,mask_to_corrib_inflow
2001,12,30031,Cong Weir,Q,37.409857,7,m3/s,mask_to_corrib_inflow
2001,13,30031,Cong Weir,Q,34.317714,7,m3/s,mask_to_corrib_inflow
2001,14,30031,Cong Weir,Q,37.478571,7,m3/s,mask_to_corrib_inflow
2001,15,30031,Cong Weir,Q,38.796571,7,m3/s,mask_to_corrib_inflow
2001,16,30031,Cong Weir,Q,33.837714,7,m3/s,mask_to_corrib_inflow
2001,17,30031,Cong Weir,Q,28.267714,7,m3/s,mask_to_corrib_inflow
2001,18,30031,Cong Weir,Q,26.087714,7,m3/s,mask_to_corrib_inflow
2001,19,30031,Cong Weir,Q,20.262286,7,m3/s,mask_to_corrib_inflow
2001,20,30031,Cong Weir,Q,17.749571,7,m3/s,mask_to_corrib_inflow
2001,21,30031,Cong Weir,Q,15.839286,7,m3/s,mask_to_corrib_inflow
2001,22,30031,Cong Weir,Q,14.117143,7,m3/s,mask_to_corrib_inflow
2001,23,30031,Cong Weir,Q,13.111143,7,m3/s,mask_to_corrib_inflow
2001,24,30031,Cong Weir,Q,12.277286,7,m3/s,mask_to_corrib_inflow
2001,25,30031,Cong Weir,Q,14.812429,7,m3/s,mask_to_corrib_inflow
2001,26,30031,Cong Weir,Q,15.986,7,m3/s,mask_to_corrib_inflow
2001,27,30031,Cong Weir,Q,18.262429,7,m3/s,mask_to_corrib_inflow
2001,28,30031,Cong Weir,Q,16.681,7,m3/s,mask_to_corrib_inflow
2001,29,30031,Cong Weir,Q,15.997429,7,m3/s,mask_to_corrib_inflow
2001,30,30031,Cong Weir,Q,15.111429,7,m3/s,mask_to_corrib_inflow
2001,31,30031,Cong Weir,Q,14.153286,7,m3/s,mask_to_corrib_inflow
2001,32,30031,Cong Weir,Q,13.005143,7,m3/s,mask_to_corrib_inflow
2001,33,30031,Cong Weir,Q,15.993571,7,m3/s,mask_to_corrib_inflow
2001,34,30031,Cong Weir,Q,21.249286,7,m3/s,mask_to_corrib_inflow
2001,35,30031,Cong Weir,Q,20.932286,7,m3/s,mask_to_corrib_inflow
2001,36,30031,Cong Weir,Q,18.043429,7,m3/s,mask_to_corrib_inflow
2001,37,30031,Cong Weir,Q,15.621,7,m3/s,mask_to_corrib_inflow
2001,38,30031,Cong Weir,Q,13.510571,7,m3/s,mask_to_corrib_inflow
2001,39,30031,Cong Weir,Q,11.957143,7,m3/s,mask_to_corrib_inflow
2001,40,30031,Cong Weir,Q,21.151714,7,m3/s,mask_to_corrib_inflow
2001,41,30031,Cong Weir,Q,34.121571,7,m3/s,mask_to_corrib_inflow
2001,42,30031,Cong Weir,Q,37.352143,7,m3/s,mask_to_corrib_inflow
2001,43,30031,Cong Weir,Q,37.327429,7,m3/s,mask_to_corrib_inflow
2001,44,30031,Cong Weir,Q,39.114429,7,m3/s,mask_to_corrib_inflow
2001,45,30031,Cong Weir,Q,38.002857,7,m3/s,mask_to_corrib_inflow
2001,46,30031,Cong Weir,Q,36.159143,7,m3/s,mask_to_corrib_inflow
2001,47,30031,Cong Weir,Q,33.339143,7,m3/s,mask_to_corrib_inflow
2001,48,30031,Cong Weir,Q,40.626429,7,m3/s,mask_to_corrib_inflow
2001,49,30031,Cong Weir,Q,57.276,7,m3/s,mask_to_corrib_inflow
2001,50,30031,Cong Weir,Q,56.252857,7,m3/s,mask_to_corrib_inflow
2001,51,30031,Cong Weir,Q,49.357429,7,m3/s,mask_to_corrib_inflow
2001,52,30031,Cong Weir,Q,41.543571,7,m3/s,mask_to_corrib_inflow
2002,1,30031,Cong Weir,Q,35.677,7,m3/s,mask_to_corrib_inflow
2002,2,30031,Cong Weir,Q,34.930714,7,m3/s,mask_to_corrib_inflow
2002,3,30031,Cong Weir,Q,38.257286,7,m3/s,mask_to_corrib_inflow
2002,4,30031,Cong Weir,Q,53.152857,7,m3/s,mask_to_corrib_inflow
2002,5,30031,Cong Weir,Q,67.28,7,m3/s,mask_to_corrib_inflow
2002,6,30031,Cong Weir,Q,79.516429,7,m3/s,mask_to_corrib_inflow
2002,7,30031,Cong Weir,Q,83.758,1,m3/s,mask_to_corrib_inflow
2002,8,30031,Cong Weir,Q,82.43,3,m3/s,mask_to_corrib_inflow
2002,10,30031,Cong Weir,Q,83.975,2,m3/s,mask_to_corrib_inflow
2002,11,30031,Cong Weir,Q,81.888,3,m3/s,mask_to_corrib_inflow
2002,12,30031,Cong Weir,Q,73.725857,7,m3/s,mask_to_corrib_inflow
2002,13,30031,Cong Weir,Q,63.278286,7,m3/s,mask_to_corrib_inflow
2002,14,30031,Cong Weir,Q,55.826429,7,m3/s,mask_to_corrib_inflow
2002,15,30031,Cong Weir,Q,46.859571,7,m3/s,mask_to_corrib_inflow
2002,16,30031,Cong Weir,Q,38.494714,7,m3/s,mask_to_corrib_inflow
2002,17,30031,Cong Weir,Q,39.049143,7,m3/s,mask_to_corrib_inflow
2002,18,30031,Cong Weir,Q,42.095286,7,m3/s,mask_to_corrib_inflow
2002,19,30031,Cong Weir,Q,35.564429,7,m3/s,mask_to_corrib_inflow
2002,20,30031,Cong Weir,Q,30.737143,7,m3/s,mask_to_corrib_inflow
2002,21,30031,Cong Weir,Q,37.437286,7,m3/s,mask_to_corrib_inflow
2002,22,30031,Cong Weir,Q,47.524714,7,m3/s,mask_to_corrib_inflow
2002,23,30031,Cong Weir,Q,45.803714,7,m3/s,mask_to_corrib_inflow
2002,24,30031,Cong Weir,Q,44.163143,7,m3/s,mask_to_corrib_inflow
2002,25,30031,Cong Weir,Q,49.367571,7,m3/s,mask_to_corrib_inflow
2002,26,30031,Cong Weir,Q,46.795286,7,m3/s,mask_to_corrib_inflow
2002,27,30031,Cong Weir,Q,39.767143,7,m3/s,mask_to_corrib_inflow
2002,28,30031,Cong Weir,Q,34.426,7,m3/s,mask_to_corrib_inflow
2002,29,30031,Cong Weir,Q,26.238571,7,m3/s,mask_to_corrib_inflow
2002,30,30031,Cong Weir,Q,20.040286,7,m3/s,mask_to_corrib_inflow
2002,31,30031,Cong Weir,Q,17.221429,7,m3/s,mask_to_corrib_inflow
2002,32,30031,Cong Weir,Q,15.722571,7,m3/s,mask_to_corrib_inflow
2002,33,30031,Cong Weir,Q,17.892857,7,m3/s,mask_to_corrib_inflow
2002,34,30031,Cong Weir,Q,19.265286,7,m3/s,mask_to_corrib_inflow
2002,35,30031,Cong Weir,Q,16.699143,7,m3/s,mask_to_corrib_inflow
2002,36,30031,Cong Weir,Q,15.801857,7,m3/s,mask_to_corrib_inflow
2002,37,30031,Cong Weir,Q,15.369429,7,m3/s,mask_to_corrib_inflow
2002,38,30031,Cong Weir,Q,14.547143,7,m3/s,mask_to_corrib_inflow
2002,39,30031,Cong Weir,Q,12.514143,7,m3/s,mask_to_corrib_inflow
2002,40,30031,Cong Weir,Q,11.501286,7,m3/s,mask_to_corrib_inflow
2002,41,30031,Cong Weir,Q,12.492571,7,m3/s,mask_to_corrib_inflow
2002,42,30031,Cong Weir,Q,13.230429,7,m3/s,mask_to_corrib_inflow
2002,43,30031,Cong Weir,Q,28.743429,7,m3/s,mask_to_corrib_inflow
2002,44,30031,Cong Weir,Q,53.527857,7,m3/s,mask_to_corrib_inflow
2002,45,30031,Cong Weir,Q,64.171286,7,m3/s,mask_to_corrib_inflow
2002,46,30031,Cong Weir,Q,71.659571,7,m3/s,mask_to_corrib_inflow
2002,47,30031,Cong Weir,Q,68.426429,7,m3/s,mask_to_corrib_inflow
2002,48,30031,Cong Weir,Q,67.268143,7,m3/s,mask_to_corrib_inflow
2002,49,30031,Cong Weir,Q,75.277857,7,m3/s,mask_to_corrib_inflow
2002,50,30031,Cong Weir,Q,67.212857,7,m3/s,mask_to_corrib_inflow
2002,51,30031,Cong Weir,Q,58.229714,7,m3/s,mask_to_corrib_inflow
2002,52,30031,Cong Weir,Q,58.54,7,m3/s,mask_to_corrib_inflow
2003,1,30031,Cong Weir,Q,61.276286,7,m3/s,mask_to_corrib_inflow
2003,2,30031,Cong Weir,Q,55.371571,7,m3/s,mask_to_corrib_inflow
2003,3,30031,Cong Weir,Q,55.100857,7,m3/s,mask_to_corrib_inflow
2003,4,30031,Cong Weir,Q,58.114143,7,m3/s,mask_to_corrib_inflow
2003,5,30031,Cong Weir,Q,58.256571,7,m3/s,mask_to_corrib_inflow
2003,6,30031,Cong Weir,Q,55.899429,7,m3/s,mask_to_corrib_inflow
2003,7,30031,Cong Weir,Q,55.544429,7,m3/s,mask_to_corrib_inflow
2003,8,30031,Cong Weir,Q,49.594571,7,m3/s,mask_to_corrib_inflow
2003,9,30031,Cong Weir,Q,42.227714,7,m3/s,mask_to_corrib_inflow
2003,10,30031,Cong Weir,Q,46.318857,7,m3/s,mask_to_corrib_inflow
2003,11,30031,Cong Weir,Q,56.710429,7,m3/s,mask_to_corrib_inflow
2003,12,30031,Cong Weir,Q,50.532571,7,m3/s,mask_to_corrib_inflow
2003,13,30031,Cong Weir,Q,42.226571,7,m3/s,mask_to_corrib_inflow
2003,14,30031,Cong Weir,Q,34.119429,7,m3/s,mask_to_corrib_inflow
2003,15,30031,Cong Weir,Q,24.804286,7,m3/s,mask_to_corrib_inflow
2003,16,30031,Cong Weir,Q,24.945143,7,m3/s,mask_to_corrib_inflow
2003,17,30031,Cong Weir,Q,21.845429,7,m3/s,mask_to_corrib_inflow
2003,18,30031,Cong Weir,Q,25.678,7,m3/s,mask_to_corrib_inflow
2003,19,30031,Cong Weir,Q,27.670571,7,m3/s,mask_to_corrib_inflow
2003,20,30031,Cong Weir,Q,27.172714,7,m3/s,mask_to_corrib_inflow
2003,21,30031,Cong Weir,Q,39.024429,7,m3/s,mask_to_corrib_inflow
2003,22,30031,Cong Weir,Q,39.584857,7,m3/s,mask_to_corrib_inflow
2003,23,30031,Cong Weir,Q,34.989,7,m3/s,mask_to_corrib_inflow
2003,24,30031,Cong Weir,Q,37.628429,7,m3/s,mask_to_corrib_inflow
2003,25,30031,Cong Weir,Q,32.994714,7,m3/s,mask_to_corrib_inflow
2003,26,30031,Cong Weir,Q,24.588,7,m3/s,mask_to_corrib_inflow
2003,27,30031,Cong Weir,Q,23.158857,7,m3/s,mask_to_corrib_inflow
2003,28,30031,Cong Weir,Q,19.500143,7,m3/s,mask_to_corrib_inflow
2003,29,30031,Cong Weir,Q,16.727,7,m3/s,mask_to_corrib_inflow
2003,30,30031,Cong Weir,Q,18.248714,7,m3/s,mask_to_corrib_inflow
2003,31,30031,Cong Weir,Q,20.692571,7,m3/s,mask_to_corrib_inflow
2003,32,30031,Cong Weir,Q,20.088,7,m3/s,mask_to_corrib_inflow
2003,33,30031,Cong Weir,Q,16.647429,7,m3/s,mask_to_corrib_inflow
2003,34,30031,Cong Weir,Q,13.464857,7,m3/s,mask_to_corrib_inflow
2003,35,30031,Cong Weir,Q,11.833571,7,m3/s,mask_to_corrib_inflow
2003,36,30031,Cong Weir,Q,10.516143,7,m3/s,mask_to_corrib_inflow
2003,37,30031,Cong Weir,Q,9.428857,7,m3/s,mask_to_corrib_inflow
2003,38,30031,Cong Weir,Q,9.436571,7,m3/s,mask_to_corrib_inflow
2003,39,30031,Cong Weir,Q,8.093571,7,m3/s,mask_to_corrib_inflow
2003,40,30031,Cong Weir,Q,7.298714,7,m3/s,mask_to_corrib_inflow
2003,41,30031,Cong Weir,Q,6.841286,7,m3/s,mask_to_corrib_inflow
2003,42,30031,Cong Weir,Q,6.282571,7,m3/s,mask_to_corrib_inflow
2003,43,30031,Cong Weir,Q,5.651857,7,m3/s,mask_to_corrib_inflow
2003,44,30031,Cong Weir,Q,6.946429,7,m3/s,mask_to_corrib_inflow
2003,45,30031,Cong Weir,Q,13.301,7,m3/s,mask_to_corrib_inflow
2003,46,30031,Cong Weir,Q,21.916571,7,m3/s,mask_to_corrib_inflow
2003,47,30031,Cong Weir,Q,30.811714,7,m3/s,mask_to_corrib_inflow
2003,48,30031,Cong Weir,Q,32.366429,7,m3/s,mask_to_corrib_inflow
2003,49,30031,Cong Weir,Q,33.972,7,m3/s,mask_to_corrib_inflow
2003,50,30031,Cong Weir,Q,30.661286,7,m3/s,mask_to_corrib_inflow
2003,51,30031,Cong Weir,Q,29.902571,7,m3/s,mask_to_corrib_inflow
2003,52,30031,Cong Weir,Q,29.777714,7,m3/s,mask_to_corrib_inflow
2004,1,30031,Cong Weir,Q,30.779,7,m3/s,mask_to_corrib_inflow
2004,2,30031,Cong Weir,Q,32.519,7,m3/s,mask_to_corrib_inflow
2004,3,30031,Cong Weir,Q,40.164571,7,m3/s,mask_to_corrib_inflow
2004,4,30031,Cong Weir,Q,39.957714,7,m3/s,mask_to_corrib_inflow
2004,5,30031,Cong Weir,Q,37.517143,7,m3/s,mask_to_corrib_inflow
2004,6,30031,Cong Weir,Q,47.650571,7,m3/s,mask_to_corrib_inflow
2004,7,30031,Cong Weir,Q,45.247857,7,m3/s,mask_to_corrib_inflow
2004,8,30031,Cong Weir,Q,38.486,7,m3/s,mask_to_corrib_inflow
2004,9,30031,Cong Weir,Q,32.208286,7,m3/s,mask_to_corrib_inflow
2004,10,30031,Cong Weir,Q,28.197143,7,m3/s,mask_to_corrib_inflow
2004,11,30031,Cong Weir,Q,24.427714,7,m3/s,mask_to_corrib_inflow
2004,12,30031,Cong Weir,Q,35.238,7,m3/s,mask_to_corrib_inflow
2004,13,30031,Cong Weir,Q,39.416429,7,m3/s,mask_to_corrib_inflow
2004,14,30031,Cong Weir,Q,36.058429,7,m3/s,mask_to_corrib_inflow
2004,15,30031,Cong Weir,Q,32.636429,7,m3/s,mask_to_corrib_inflow
2004,16,30031,Cong Weir,Q,28.423286,7,m3/s,mask_to_corrib_inflow
2004,17,30031,Cong Weir,Q,28.810286,7,m3/s,mask_to_corrib_inflow
2004,18,30031,Cong Weir,Q,26.233,7,m3/s,mask_to_corrib_inflow
2004,19,30031,Cong Weir,Q,24.201143,7,m3/s,mask_to_corrib_inflow
2004,20,30031,Cong Weir,Q,20.218286,7,m3/s,mask_to_corrib_inflow
2004,21,30031,Cong Weir,Q,14.847429,7,m3/s,mask_to_corrib_inflow
2004,22,30031,Cong Weir,Q,11.409714,7,m3/s,mask_to_corrib_inflow
2004,23,30031,Cong Weir,Q,9.958143,7,m3/s,mask_to_corrib_inflow
2004,24,30031,Cong Weir,Q,8.665571,7,m3/s,mask_to_corrib_inflow
2004,25,30031,Cong Weir,Q,7.528429,7,m3/s,mask_to_corrib_inflow
2004,26,30031,Cong Weir,Q,8.119714,7,m3/s,mask_to_corrib_inflow
2004,27,30031,Cong Weir,Q,11.577429,7,m3/s,mask_to_corrib_inflow
2004,28,30031,Cong Weir,Q,11.975714,7,m3/s,mask_to_corrib_inflow
2004,29,30031,Cong Weir,Q,10.329286,7,m3/s,mask_to_corrib_inflow
2004,30,30031,Cong Weir,Q,9.516429,7,m3/s,mask_to_corrib_inflow
2004,31,30031,Cong Weir,Q,9.128571,7,m3/s,mask_to_corrib_inflow
2004,32,30031,Cong Weir,Q,8.365143,7,m3/s,mask_to_corrib_inflow
2004,33,30031,Cong Weir,Q,7.772571,7,m3/s,mask_to_corrib_inflow
2004,34,30031,Cong Weir,Q,8.199429,7,m3/s,mask_to_corrib_inflow
2004,35,30031,Cong Weir,Q,8.721143,7,m3/s,mask_to_corrib_inflow
2004,36,30031,Cong Weir,Q,8.937571,7,m3/s,mask_to_corrib_inflow
2004,37,30031,Cong Weir,Q,9.345429,7,m3/s,mask_to_corrib_inflow
2004,38,30031,Cong Weir,Q,19.643,7,m3/s,mask_to_corrib_inflow
2004,39,30031,Cong Weir,Q,28.838143,7,m3/s,mask_to_corrib_inflow
2004,40,30031,Cong Weir,Q,27.243857,7,m3/s,mask_to_corrib_inflow
2004,41,30031,Cong Weir,Q,29.082,7,m3/s,mask_to_corrib_inflow
2004,42,30031,Cong Weir,Q,25.998143,7,m3/s,mask_to_corrib_inflow
2004,43,30031,Cong Weir,Q,24.982286,7,m3/s,mask_to_corrib_inflow
2004,44,30031,Cong Weir,Q,30.778286,7,m3/s,mask_to_corrib_inflow
2004,45,30031,Cong Weir,Q,28.952286,7,m3/s,mask_to_corrib_inflow
2004,46,30031,Cong Weir,Q,23.838714,7,m3/s,mask_to_corrib_inflow
2004,47,30031,Cong Weir,Q,22.166143,7,m3/s,mask_to_corrib_inflow
2004,48,30031,Cong Weir,Q,26.313286,7,m3/s,mask_to_corrib_inflow
2004,49,30031,Cong Weir,Q,23.179571,7,m3/s,mask_to_corrib_inflow
2004,50,30031,Cong Weir,Q,22.990429,7,m3/s,mask_to_corrib_inflow
2004,51,30031,Cong Weir,Q,29.873571,7,m3/s,mask_to_corrib_inflow
2004,52,30031,Cong Weir,Q,37.579143,7,m3/s,mask_to_corrib_inflow
2004,53,30031,Cong Weir,Q,41.39,7,m3/s,mask_to_corrib_inflow
2005,1,30031,Cong Weir,Q,48.771714,7,m3/s,mask_to_corrib_inflow
2005,2,30031,Cong Weir,Q,64.502714,7,m3/s,mask_to_corrib_inflow
2005,3,30031,Cong Weir,Q,71.195857,7,m3/s,mask_to_corrib_inflow
2005,4,30031,Cong Weir,Q,68.953143,7,m3/s,mask_to_corrib_inflow
2005,5,30031,Cong Weir,Q,58.394857,7,m3/s,mask_to_corrib_inflow
2005,6,30031,Cong Weir,Q,54.182,7,m3/s,mask_to_corrib_inflow
2005,7,30031,Cong Weir,Q,49.601571,7,m3/s,mask_to_corrib_inflow
2005,8,30031,Cong Weir,Q,42.362429,7,m3/s,mask_to_corrib_inflow
2005,9,30031,Cong Weir,Q,36.012857,7,m3/s,mask_to_corrib_inflow
2005,10,30031,Cong Weir,Q,30.157571,7,m3/s,mask_to_corrib_inflow
2005,11,30031,Cong Weir,Q,28.600714,7,m3/s,mask_to_corrib_inflow
2005,12,30031,Cong Weir,Q,28.631857,7,m3/s,mask_to_corrib_inflow
2005,13,30031,Cong Weir,Q,26.349714,7,m3/s,mask_to_corrib_inflow
2005,14,30031,Cong Weir,Q,26.599571,7,m3/s,mask_to_corrib_inflow
2005,15,30031,Cong Weir,Q,26.561,7,m3/s,mask_to_corrib_inflow
2005,16,30031,Cong Weir,Q,27.663571,7,m3/s,mask_to_corrib_inflow
2005,17,30031,Cong Weir,Q,26.413571,7,m3/s,mask_to_corrib_inflow
2005,18,30031,Cong Weir,Q,27.237143,7,m3/s,mask_to_corrib_inflow
2005,19,30031,Cong Weir,Q,21.696714,7,m3/s,mask_to_corrib_inflow
2005,20,30031,Cong Weir,Q,15.970286,7,m3/s,mask_to_corrib_inflow
2005,21,30031,Cong Weir,Q,22.921857,7,m3/s,mask_to_corrib_inflow
2005,22,30031,Cong Weir,Q,34.161429,7,m3/s,mask_to_corrib_inflow
2005,23,30031,Cong Weir,Q,31.734,7,m3/s,mask_to_corrib_inflow
2005,24,30031,Cong Weir,Q,25.378571,7,m3/s,mask_to_corrib_inflow
2005,25,30031,Cong Weir,Q,19.801,7,m3/s,mask_to_corrib_inflow
2005,26,30031,Cong Weir,Q,15.104857,7,m3/s,mask_to_corrib_inflow
2005,27,30031,Cong Weir,Q,13.153714,7,m3/s,mask_to_corrib_inflow
2005,28,30031,Cong Weir,Q,11.587286,7,m3/s,mask_to_corrib_inflow
2005,29,30031,Cong Weir,Q,9.405714,7,m3/s,mask_to_corrib_inflow
2005,30,30031,Cong Weir,Q,8.427857,7,m3/s,mask_to_corrib_inflow
2005,31,30031,Cong Weir,Q,7.398571,7,m3/s,mask_to_corrib_inflow
2005,32,30031,Cong Weir,Q,6.660714,7,m3/s,mask_to_corrib_inflow
2005,33,30031,Cong Weir,Q,6.202143,7,m3/s,mask_to_corrib_inflow
2005,34,30031,Cong Weir,Q,7.431429,7,m3/s,mask_to_corrib_inflow
2005,35,30031,Cong Weir,Q,8.724143,7,m3/s,mask_to_corrib_inflow
2005,36,30031,Cong Weir,Q,8.070857,7,m3/s,mask_to_corrib_inflow
2005,37,30031,Cong Weir,Q,8.048571,7,m3/s,mask_to_corrib_inflow
2005,38,30031,Cong Weir,Q,9.584714,7,m3/s,mask_to_corrib_inflow
2005,39,30031,Cong Weir,Q,18.839429,7,m3/s,mask_to_corrib_inflow
2005,40,30031,Cong Weir,Q,20.828714,7,m3/s,mask_to_corrib_inflow
2005,41,30031,Cong Weir,Q,20.063429,7,m3/s,mask_to_corrib_inflow
2005,42,30031,Cong Weir,Q,20.382,7,m3/s,mask_to_corrib_inflow
2005,43,30031,Cong Weir,Q,33.819286,7,m3/s,mask_to_corrib_inflow
2005,44,30031,Cong Weir,Q,41.323,7,m3/s,mask_to_corrib_inflow
2005,45,30031,Cong Weir,Q,48.372714,7,m3/s,mask_to_corrib_inflow
2005,46,30031,Cong Weir,Q,47.604,7,m3/s,mask_to_corrib_inflow
2005,47,30031,Cong Weir,Q,41.471,7,m3/s,mask_to_corrib_inflow
2005,48,30031,Cong Weir,Q,38.044857,7,m3/s,mask_to_corrib_inflow
2005,49,30031,Cong Weir,Q,39.745571,7,m3/s,mask_to_corrib_inflow
2005,50,30031,Cong Weir,Q,39.227714,7,m3/s,mask_to_corrib_inflow
2005,51,30031,Cong Weir,Q,36.606571,7,m3/s,mask_to_corrib_inflow
2005,52,30031,Cong Weir,Q,35.188714,7,m3/s,mask_to_corrib_inflow
2006,1,30031,Cong Weir,Q,40.207286,7,m3/s,mask_to_corrib_inflow
2006,2,30031,Cong Weir,Q,44.873286,7,m3/s,mask_to_corrib_inflow
2006,3,30031,Cong Weir,Q,48.516429,7,m3/s,mask_to_corrib_inflow
2006,4,30031,Cong Weir,Q,45.31,7,m3/s,mask_to_corrib_inflow
2006,5,30031,Cong Weir,Q,38.019286,7,m3/s,mask_to_corrib_inflow
2006,6,30031,Cong Weir,Q,31.598571,7,m3/s,mask_to_corrib_inflow
2006,7,30031,Cong Weir,Q,33.000429,7,m3/s,mask_to_corrib_inflow
2006,8,30031,Cong Weir,Q,30.325429,7,m3/s,mask_to_corrib_inflow
2006,9,30031,Cong Weir,Q,23.987143,7,m3/s,mask_to_corrib_inflow
2006,10,30031,Cong Weir,Q,21.899429,7,m3/s,mask_to_corrib_inflow
2006,11,30031,Cong Weir,Q,29.225143,7,m3/s,mask_to_corrib_inflow
2006,12,30031,Cong Weir,Q,25.969,7,m3/s,mask_to_corrib_inflow
2006,13,30031,Cong Weir,Q,30.328429,7,m3/s,mask_to_corrib_inflow
2006,14,30031,Cong Weir,Q,30.700714,7,m3/s,mask_to_corrib_inflow
2006,15,30031,Cong Weir,Q,27.543143,7,m3/s,mask_to_corrib_inflow
2006,16,30031,Cong Weir,Q,22.268714,7,m3/s,mask_to_corrib_inflow
2006,17,30031,Cong Weir,Q,18.081286,7,m3/s,mask_to_corrib_inflow
2006,18,30031,Cong Weir,Q,18.019714,7,m3/s,mask_to_corrib_inflow
2006,19,30031,Cong Weir,Q,18.337857,7,m3/s,mask_to_corrib_inflow
2006,20,30031,Cong Weir,Q,24.046571,7,m3/s,mask_to_corrib_inflow
2006,21,30031,Cong Weir,Q,37.481571,7,m3/s,mask_to_corrib_inflow
2006,22,30031,Cong Weir,Q,32.853143,7,m3/s,mask_to_corrib_inflow
2006,23,30031,Cong Weir,Q,24.994857,7,m3/s,mask_to_corrib_inflow
2006,24,30031,Cong Weir,Q,17.899571,7,m3/s,mask_to_corrib_inflow
2006,25,30031,Cong Weir,Q,14.971,7,m3/s,mask_to_corrib_inflow
2006,26,30031,Cong Weir,Q,12.648,7,m3/s,mask_to_corrib_inflow
2006,27,30031,Cong Weir,Q,11.154857,7,m3/s,mask_to_corrib_inflow
2006,28,30031,Cong Weir,Q,10.562143,7,m3/s,mask_to_corrib_inflow
2006,29,30031,Cong Weir,Q,9.359571,7,m3/s,mask_to_corrib_inflow
2006,30,30031,Cong Weir,Q,8.286286,7,m3/s,mask_to_corrib_inflow
2006,31,30031,Cong Weir,Q,8.889714,7,m3/s,mask_to_corrib_inflow
2006,32,30031,Cong Weir,Q,7.994143,7,m3/s,mask_to_corrib_inflow
2006,33,30031,Cong Weir,Q,6.919,7,m3/s,mask_to_corrib_inflow
2006,34,30031,Cong Weir,Q,6.085,7,m3/s,mask_to_corrib_inflow
2006,35,30031,Cong Weir,Q,6.124429,7,m3/s,mask_to_corrib_inflow
2006,36,30031,Cong Weir,Q,8.533714,7,m3/s,mask_to_corrib_inflow
2006,37,30031,Cong Weir,Q,8.470429,7,m3/s,mask_to_corrib_inflow
2006,38,30031,Cong Weir,Q,14.293,7,m3/s,mask_to_corrib_inflow
2006,39,30031,Cong Weir,Q,27.855429,7,m3/s,mask_to_corrib_inflow
2006,40,30031,Cong Weir,Q,32.058,7,m3/s,mask_to_corrib_inflow
2006,41,30031,Cong Weir,Q,32.824429,7,m3/s,mask_to_corrib_inflow
2006,42,30031,Cong Weir,Q,29.856143,7,m3/s,mask_to_corrib_inflow
2006,43,30031,Cong Weir,Q,30.553571,7,m3/s,mask_to_corrib_inflow
2006,44,30031,Cong Weir,Q,34.859857,7,m3/s,mask_to_corrib_inflow
2006,45,30031,Cong Weir,Q,30.601571,7,m3/s,mask_to_corrib_inflow
2006,46,30031,Cong Weir,Q,29.911571,7,m3/s,mask_to_corrib_inflow
2006,47,30031,Cong Weir,Q,44.809714,7,m3/s,mask_to_corrib_inflow
2006,48,30031,Cong Weir,Q,54.634286,7,m3/s,mask_to_corrib_inflow
2006,49,30031,Cong Weir,Q,86.241,7,m3/s,mask_to_corrib_inflow
2006,50,30031,Cong Weir,Q,103.845286,7,m3/s,mask_to_corrib_inflow
2006,51,30031,Cong Weir,Q,99.576429,7,m3/s,mask_to_corrib_inflow
2006,52,30031,Cong Weir,Q,88.757714,7,m3/s,mask_to_corrib_inflow
2007,1,30031,Cong Weir,Q,88.839286,7,m3/s,mask_to_corrib_inflow
2007,2,30031,Cong Weir,Q,96.370286,7,m3/s,mask_to_corrib_inflow
2007,3,30031,Cong Weir,Q,95.901,7,m3/s,mask_to_corrib_inflow
2007,4,30031,Cong Weir,Q,90.870286,7,m3/s,mask_to_corrib_inflow
2007,5,30031,Cong Weir,Q,77.622714,7,m3/s,mask_to_corrib_inflow
2007,6,30031,Cong Weir,Q,65.096714,7,m3/s,mask_to_corrib_inflow
2007,7,30031,Cong Weir,Q,61.288714,7,m3/s,mask_to_corrib_inflow
2007,8,30031,Cong Weir,Q,62.345714,7,m3/s,mask_to_corrib_inflow
2007,9,30031,Cong Weir,Q,63.024857,7,m3/s,mask_to_corrib_inflow
2007,10,30031,Cong Weir,Q,70.21,7,m3/s,mask_to_corrib_inflow
2007,11,30031,Cong Weir,Q,67.173714,7,m3/s,mask_to_corrib_inflow
2007,12,30031,Cong Weir,Q,60.018714,7,m3/s,mask_to_corrib_inflow
2007,13,30031,Cong Weir,Q,50.733571,7,m3/s,mask_to_corrib_inflow
2007,14,30031,Cong Weir,Q,43.074286,7,m3/s,mask_to_corrib_inflow
2007,15,30031,Cong Weir,Q,34.716,7,m3/s,mask_to_corrib_inflow
2007,16,30031,Cong Weir,Q,25.726571,7,m3/s,mask_to_corrib_inflow
2007,17,30031,Cong Weir,Q,25.354714,7,m3/s,mask_to_corrib_inflow
2007,18,30031,Cong Weir,Q,21.345143,7,m3/s,mask_to_corrib_inflow
2007,19,30031,Cong Weir,Q,16.972571,7,m3/s,mask_to_corrib_inflow
2007,20,30031,Cong Weir,Q,17.136571,7,m3/s,mask_to_corrib_inflow
2007,21,30031,Cong Weir,Q,16.945429,7,m3/s,mask_to_corrib_inflow
2007,22,30031,Cong Weir,Q,13.899286,7,m3/s,mask_to_corrib_inflow
2007,23,30031,Cong Weir,Q,14.652,7,m3/s,mask_to_corrib_inflow
2007,24,30031,Cong Weir,Q,13.326429,7,m3/s,mask_to_corrib_inflow
2007,25,30031,Cong Weir,Q,15.401286,7,m3/s,mask_to_corrib_inflow
2007,26,30031,Cong Weir,Q,15.084571,7,m3/s,mask_to_corrib_inflow
2007,27,30031,Cong Weir,Q,16.281571,7,m3/s,mask_to_corrib_inflow
2007,28,30031,Cong Weir,Q,17.420714,7,m3/s,mask_to_corrib_inflow
2007,29,30031,Cong Weir,Q,20.272857,7,m3/s,mask_to_corrib_inflow
2007,30,30031,Cong Weir,Q,23.782429,7,m3/s,mask_to_corrib_inflow
2007,31,30031,Cong Weir,Q,19.893143,7,m3/s,mask_to_corrib_inflow
2007,32,30031,Cong Weir,Q,18.198,7,m3/s,mask_to_corrib_inflow
2007,33,30031,Cong Weir,Q,19.278857,7,m3/s,mask_to_corrib_inflow
2007,34,30031,Cong Weir,Q,20.774571,7,m3/s,mask_to_corrib_inflow
2007,35,30031,Cong Weir,Q,16.629857,7,m3/s,mask_to_corrib_inflow
2007,36,30031,Cong Weir,Q,13.781714,7,m3/s,mask_to_corrib_inflow
2007,37,30031,Cong Weir,Q,12.336143,7,m3/s,mask_to_corrib_inflow
2007,38,30031,Cong Weir,Q,13.502286,7,m3/s,mask_to_corrib_inflow
2007,39,30031,Cong Weir,Q,13.233,7,m3/s,mask_to_corrib_inflow
2007,40,30031,Cong Weir,Q,12.537571,7,m3/s,mask_to_corrib_inflow
2007,41,30031,Cong Weir,Q,12.743286,7,m3/s,mask_to_corrib_inflow
2007,42,30031,Cong Weir,Q,12.991857,7,m3/s,mask_to_corrib_inflow
2007,43,30031,Cong Weir,Q,13.966143,7,m3/s,mask_to_corrib_inflow
2007,44,30031,Cong Weir,Q,21.565857,7,m3/s,mask_to_corrib_inflow
2007,45,30031,Cong Weir,Q,20.372429,7,m3/s,mask_to_corrib_inflow
2007,46,30031,Cong Weir,Q,18.048714,7,m3/s,mask_to_corrib_inflow
2007,47,30031,Cong Weir,Q,21.107286,7,m3/s,mask_to_corrib_inflow
2007,48,30031,Cong Weir,Q,26.501714,7,m3/s,mask_to_corrib_inflow
2007,49,30031,Cong Weir,Q,43.215143,7,m3/s,mask_to_corrib_inflow
2007,50,30031,Cong Weir,Q,53.991714,7,m3/s,mask_to_corrib_inflow
2007,51,30031,Cong Weir,Q,49.842429,7,m3/s,mask_to_corrib_inflow
2007,52,30031,Cong Weir,Q,49.769,7,m3/s,mask_to_corrib_inflow
2008,1,30031,Cong Weir,Q,54.077,7,m3/s,mask_to_corrib_inflow
2008,2,30031,Cong Weir,Q,58.937857,7,m3/s,mask_to_corrib_inflow
2008,3,30031,Cong Weir,Q,64.976571,7,m3/s,mask_to_corrib_inflow
2008,4,30031,Cong Weir,Q,73.765571,7,m3/s,mask_to_corrib_inflow
2008,5,30031,Cong Weir,Q,70.971571,7,m3/s,mask_to_corrib_inflow
2008,6,30031,Cong Weir,Q,84.104571,7,m3/s,mask_to_corrib_inflow
2008,7,30031,Cong Weir,Q,77.015,7,m3/s,mask_to_corrib_inflow
2008,8,30031,Cong Weir,Q,65.600857,7,m3/s,mask_to_corrib_inflow
2008,9,30031,Cong Weir,Q,65.110857,7,m3/s,mask_to_corrib_inflow
2008,10,30031,Cong Weir,Q,62.305286,7,m3/s,mask_to_corrib_inflow
2008,11,30031,Cong Weir,Q,64.956571,7,m3/s,mask_to_corrib_inflow
2008,12,30031,Cong Weir,Q,65.098714,7,m3/s,mask_to_corrib_inflow
2008,13,30031,Cong Weir,Q,59.948286,7,m3/s,mask_to_corrib_inflow
2008,14,30031,Cong Weir,Q,60.071143,7,m3/s,mask_to_corrib_inflow
2008,15,30031,Cong Weir,Q,52.638,7,m3/s,mask_to_corrib_inflow
2008,16,30031,Cong Weir,Q,46.141714,7,m3/s,mask_to_corrib_inflow
2008,17,30031,Cong Weir,Q,39.422143,7,m3/s,mask_to_corrib_inflow
2008,18,30031,Cong Weir,Q,37.881,7,m3/s,mask_to_corrib_inflow
2008,19,30031,Cong Weir,Q,31.789571,7,m3/s,mask_to_corrib_inflow
2008,20,30031,Cong Weir,Q,23.407143,7,m3/s,mask_to_corrib_inflow
2008,21,30031,Cong Weir,Q,17.825143,7,m3/s,mask_to_corrib_inflow
2008,22,30031,Cong Weir,Q,15.377143,7,m3/s,mask_to_corrib_inflow
2008,23,30031,Cong Weir,Q,13.465571,7,m3/s,mask_to_corrib_inflow
2008,24,30031,Cong Weir,Q,11.826429,7,m3/s,mask_to_corrib_inflow
2008,25,30031,Cong Weir,Q,10.812429,7,m3/s,mask_to_corrib_inflow
2008,26,30031,Cong Weir,Q,13.172714,7,m3/s,mask_to_corrib_inflow
2008,27,30031,Cong Weir,Q,14.704,7,m3/s,mask_to_corrib_inflow
2008,28,30031,Cong Weir,Q,14.388714,7,m3/s,mask_to_corrib_inflow
2008,29,30031,Cong Weir,Q,12.824571,7,m3/s,mask_to_corrib_inflow
2008,30,30031,Cong Weir,Q,11.248286,7,m3/s,mask_to_corrib_inflow
2008,31,30031,Cong Weir,Q,10.647571,7,m3/s,mask_to_corrib_inflow
2008,32,30031,Cong Weir,Q,10.974143,7,m3/s,mask_to_corrib_inflow
2008,33,30031,Cong Weir,Q,18.358143,7,m3/s,mask_to_corrib_inflow
2008,34,30031,Cong Weir,Q,31.309429,7,m3/s,mask_to_corrib_inflow
2008,35,30031,Cong Weir,Q,30.318857,7,m3/s,mask_to_corrib_inflow
2008,36,30031,Cong Weir,Q,29.239286,7,m3/s,mask_to_corrib_inflow
2008,37,30031,Cong Weir,Q,32.605714,7,m3/s,mask_to_corrib_inflow
2008,38,30031,Cong Weir,Q,36.462714,7,m3/s,mask_to_corrib_inflow
2008,39,30031,Cong Weir,Q,31.316571,7,m3/s,mask_to_corrib_inflow
2008,40,30031,Cong Weir,Q,28.248286,7,m3/s,mask_to_corrib_inflow
2008,41,30031,Cong Weir,Q,35.544714,7,m3/s,mask_to_corrib_inflow
2008,42,30031,Cong Weir,Q,38.483286,7,m3/s,mask_to_corrib_inflow
2008,43,30031,Cong Weir,Q,45.367714,7,m3/s,mask_to_corrib_inflow
2008,44,30031,Cong Weir,Q,52.734,7,m3/s,mask_to_corrib_inflow
2008,45,30031,Cong Weir,Q,49.527714,7,m3/s,mask_to_corrib_inflow
2008,46,30031,Cong Weir,Q,52.504286,7,m3/s,mask_to_corrib_inflow
2008,47,30031,Cong Weir,Q,50.556286,7,m3/s,mask_to_corrib_inflow
2008,48,30031,Cong Weir,Q,46.471286,7,m3/s,mask_to_corrib_inflow
2008,49,30031,Cong Weir,Q,44.121571,7,m3/s,mask_to_corrib_inflow
2008,50,30031,Cong Weir,Q,43.942286,7,m3/s,mask_to_corrib_inflow
2008,51,30031,Cong Weir,Q,45.084143,7,m3/s,mask_to_corrib_inflow
2008,52,30031,Cong Weir,Q,42.890429,7,m3/s,mask_to_corrib_inflow
2009,1,30031,Cong Weir,Q,36.391,6,m3/s,mask_to_corrib_inflow
2009,2,30031,Cong Weir,Q,31.043143,7,m3/s,mask_to_corrib_inflow
2009,3,30031,Cong Weir,Q,38.545143,7,m3/s,mask_to_corrib_inflow
2009,4,30031,Cong Weir,Q,48.468857,7,m3/s,mask_to_corrib_inflow
2009,5,30031,Cong Weir,Q,51.336,7,m3/s,mask_to_corrib_inflow
2009,6,30031,Cong Weir,Q,48.217143,7,m3/s,mask_to_corrib_inflow
2009,7,30031,Cong Weir,Q,42.806429,7,m3/s,mask_to_corrib_inflow
2009,8,30031,Cong Weir,Q,37.226857,7,m3/s,mask_to_corrib_inflow
2009,9,30031,Cong Weir,Q,31.254286,7,m3/s,mask_to_corrib_inflow
2009,10,30031,Cong Weir,Q,27.822429,7,m3/s,mask_to_corrib_inflow
2009,11,30031,Cong Weir,Q,28.743429,7,m3/s,mask_to_corrib_inflow
2009,12,30031,Cong Weir,Q,25.082286,7,m3/s,mask_to_corrib_inflow
2009,13,30031,Cong Weir,Q,20.268714,7,m3/s,mask_to_corrib_inflow
2009,14,30031,Cong Weir,Q,16.848429,7,m3/s,mask_to_corrib_inflow
2009,15,30031,Cong Weir,Q,19.379571,7,m3/s,mask_to_corrib_inflow
2009,16,30031,Cong Weir,Q,23.453,7,m3/s,mask_to_corrib_inflow
2009,17,30031,Cong Weir,Q,20.445,7,m3/s,mask_to_corrib_inflow
2009,18,30031,Cong Weir,Q,19.606,7,m3/s,mask_to_corrib_inflow
2009,19,30031,Cong Weir,Q,20.726714,7,m3/s,mask_to_corrib_inflow
2009,20,30031,Cong Weir,Q,21.314714,7,m3/s,mask_to_corrib_inflow
2009,21,30031,Cong Weir,Q,26.237714,7,m3/s,mask_to_corrib_inflow
2009,22,30031,Cong Weir,Q,24.137,7,m3/s,mask_to_corrib_inflow
2009,23,30031,Cong Weir,Q,19.701857,7,m3/s,mask_to_corrib_inflow
2009,24,30031,Cong Weir,Q,15.124857,7,m3/s,mask_to_corrib_inflow
2009,25,30031,Cong Weir,Q,13.700286,7,m3/s,mask_to_corrib_inflow
2009,26,30031,Cong Weir,Q,12.493143,7,m3/s,mask_to_corrib_inflow
2009,27,30031,Cong Weir,Q,11.640286,7,m3/s,mask_to_corrib_inflow
2009,28,30031,Cong Weir,Q,13.243429,7,m3/s,mask_to_corrib_inflow
2009,29,30031,Cong Weir,Q,15.009857,7,m3/s,mask_to_corrib_inflow
2009,30,30031,Cong Weir,Q,14.537429,7,m3/s,mask_to_corrib_inflow
2009,31,30031,Cong Weir,Q,17.526286,7,m3/s,mask_to_corrib_inflow
2009,32,30031,Cong Weir,Q,21.966,7,m3/s,mask_to_corrib_inflow
2009,33,30031,Cong Weir,Q,21.411571,7,m3/s,mask_to_corrib_inflow
2009,34,30031,Cong Weir,Q,26.355286,7,m3/s,mask_to_corrib_inflow
2009,35,30031,Cong Weir,Q,38.128286,7,m3/s,mask_to_corrib_inflow
2009,36,30031,Cong Weir,Q,42.064857,7,m3/s,mask_to_corrib_inflow
2009,37,30031,Cong Weir,Q,44.44,7,m3/s,mask_to_corrib_inflow
2009,38,30031,Cong Weir,Q,39.420571,7,m3/s,mask_to_corrib_inflow
2009,39,30031,Cong Weir,Q,33.426143,7,m3/s,mask_to_corrib_inflow
2009,40,30031,Cong Weir,Q,26.338714,7,m3/s,mask_to_corrib_inflow
2009,41,30031,Cong Weir,Q,19.583857,7,m3/s,mask_to_corrib_inflow
2009,42,30031,Cong Weir,Q,16.47,7,m3/s,mask_to_corrib_inflow
2009,43,30031,Cong Weir,Q,18.023857,7,m3/s,mask_to_corrib_inflow
2009,44,30031,Cong Weir,Q,27.559857,7,m3/s,mask_to_corrib_inflow
2009,45,30031,Cong Weir,Q,41.069286,7,m3/s,mask_to_corrib_inflow
2009,46,30031,Cong Weir,Q,69.751286,7,m3/s,mask_to_corrib_inflow
2009,47,30031,Cong Weir,Q,91.237,7,m3/s,mask_to_corrib_inflow
2009,48,30031,Cong Weir,Q,92.214429,7,m3/s,mask_to_corrib_inflow
2009,49,30031,Cong Weir,Q,87.638714,7,m3/s,mask_to_corrib_inflow
2009,50,30031,Cong Weir,Q,85.140714,7,m3/s,mask_to_corrib_inflow
2009,51,30031,Cong Weir,Q,73.090286,7,m3/s,mask_to_corrib_inflow
2009,52,30031,Cong Weir,Q,60.524143,7,m3/s,mask_to_corrib_inflow
2009,53,30031,Cong Weir,Q,53.613857,7,m3/s,mask_to_corrib_inflow
2010,1,30031,Cong Weir,Q,46.266857,7,m3/s,mask_to_corrib_inflow
2010,2,30031,Cong Weir,Q,41.508429,7,m3/s,mask_to_corrib_inflow
2010,3,30031,Cong Weir,Q,43.690714,7,m3/s,mask_to_corrib_inflow
2010,4,30031,Cong Weir,Q,41.194571,7,m3/s,mask_to_corrib_inflow
2010,5,30031,Cong Weir,Q,37.562429,7,m3/s,mask_to_corrib_inflow
2010,6,30031,Cong Weir,Q,33.640714,7,m3/s,mask_to_corrib_inflow
2010,7,30031,Cong Weir,Q,27.987143,7,m3/s,mask_to_corrib_inflow
2010,8,30031,Cong Weir,Q,22.084714,7,m3/s,mask_to_corrib_inflow
2010,9,30031,Cong Weir,Q,18.377571,7,m3/s,mask_to_corrib_inflow
2010,10,30031,Cong Weir,Q,15.529286,7,m3/s,mask_to_corrib_inflow
2010,11,30031,Cong Weir,Q,13.942,7,m3/s,mask_to_corrib_inflow
2010,12,30031,Cong Weir,Q,14.257571,7,m3/s,mask_to_corrib_inflow
2010,13,30031,Cong Weir,Q,18.244857,7,m3/s,mask_to_corrib_inflow
2010,14,30031,Cong Weir,Q,35.859,7,m3/s,mask_to_corrib_inflow
2010,15,30031,Cong Weir,Q,33.265571,7,m3/s,mask_to_corrib_inflow
2010,16,30031,Cong Weir,Q,26.700714,7,m3/s,mask_to_corrib_inflow
2010,17,30031,Cong Weir,Q,22.259286,7,m3/s,mask_to_corrib_inflow
2010,18,30031,Cong Weir,Q,18.909143,7,m3/s,mask_to_corrib_inflow
2010,19,30031,Cong Weir,Q,15.198857,7,m3/s,mask_to_corrib_inflow
2010,20,30031,Cong Weir,Q,13.747,7,m3/s,mask_to_corrib_inflow
2010,21,30031,Cong Weir,Q,12.437571,7,m3/s,mask_to_corrib_inflow
2010,22,30031,Cong Weir,Q,11.336429,7,m3/s,mask_to_corrib_inflow
2010,23,30031,Cong Weir,Q,10.541714,7,m3/s,mask_to_corrib_inflow
2010,24,30031,Cong Weir,Q,9.376286,7,m3/s,mask_to_corrib_inflow
2010,25,30031,Cong Weir,Q,7.524571,7,m3/s,mask_to_corrib_inflow
2010,26,30031,Cong Weir,Q,6.966429,7,m3/s,mask_to_corrib_inflow
2010,27,30031,Cong Weir,Q,10.161857,7,m3/s,mask_to_corrib_inflow
2010,28,30031,Cong Weir,Q,12.608429,7,m3/s,mask_to_corrib_inflow
2010,29,30031,Cong Weir,Q,15.730714,7,m3/s,mask_to_corrib_inflow
2010,30,30031,Cong Weir,Q,14.688286,7,m3/s,mask_to_corrib_inflow
2010,31,30031,Cong Weir,Q,13.084857,7,m3/s,mask_to_corrib_inflow
2010,32,30031,Cong Weir,Q,12.239571,7,m3/s,mask_to_corrib_inflow
2010,33,30031,Cong Weir,Q,11.399714,7,m3/s,mask_to_corrib_inflow
2010,34,30031,Cong Weir,Q,11.5262,5,m3/s,mask_to_corrib_inflow
2010,35,30031,Cong Weir,Q,10.1654,5,m3/s,mask_to_corrib_inflow
2010,36,30031,Cong Weir,Q,14.962429,7,m3/s,mask_to_corrib_inflow
2010,37,30031,Cong Weir,Q,21.650286,7,m3/s,mask_to_corrib_inflow
2010,38,30031,Cong Weir,Q,24.172714,7,m3/s,mask_to_corrib_inflow
2010,39,30031,Cong Weir,Q,23.534714,7,m3/s,mask_to_corrib_inflow
2010,40,30031,Cong Weir,Q,26.984,7,m3/s,mask_to_corrib_inflow
2010,41,30031,Cong Weir,Q,23.186714,7,m3/s,mask_to_corrib_inflow
2010,42,30031,Cong Weir,Q,18.950857,7,m3/s,mask_to_corrib_inflow
2010,43,30031,Cong Weir,Q,24.998571,7,m3/s,mask_to_corrib_inflow
2010,44,30031,Cong Weir,Q,37.265857,7,m3/s,mask_to_corrib_inflow
2010,45,30031,Cong Weir,Q,50.013714,7,m3/s,mask_to_corrib_inflow
2010,46,30031,Cong Weir,Q,53.581429,7,m3/s,mask_to_corrib_inflow
2010,47,30031,Cong Weir,Q,51.571,7,m3/s,mask_to_corrib_inflow
2010,48,30031,Cong Weir,Q,48.257333,3,m3/s,mask_to_corrib_inflow
2010,49,30031,Cong Weir,Q,40.515571,7,m3/s,mask_to_corrib_inflow
2010,50,30031,Cong Weir,Q,34.756143,7,m3/s,mask_to_corrib_inflow
2010,51,30031,Cong Weir,Q,28.689,7,m3/s,mask_to_corrib_inflow
2010,52,30031,Cong Weir,Q,32.673143,7,m3/s,mask_to_corrib_inflow
2011,1,30031,Cong Weir,Q,30.707286,7,m3/s,mask_to_corrib_inflow
2011,2,30031,Cong Weir,Q,33.709429,7,m3/s,mask_to_corrib_inflow
2011,3,30031,Cong Weir,Q,42.428429,7,m3/s,mask_to_corrib_inflow
2011,4,30031,Cong Weir,Q,37.948,7,m3/s,mask_to_corrib_inflow
2011,5,30031,Cong Weir,Q,42.166143,7,m3/s,mask_to_corrib_inflow
2011,6,30031,Cong Weir,Q,59.580143,7,m3/s,mask_to_corrib_inflow
2011,7,30031,Cong Weir,Q,57.806143,7,m3/s,mask_to_corrib_inflow
2011,8,30031,Cong Weir,Q,54.508429,7,m3/s,mask_to_corrib_inflow
2011,9,30031,Cong Weir,Q,49.602571,7,m3/s,mask_to_corrib_inflow
2011,10,30031,Cong Weir,Q,43.448,7,m3/s,mask_to_corrib_inflow
2011,11,30031,Cong Weir,Q,39.692143,7,m3/s,mask_to_corrib_inflow
2011,12,30031,Cong Weir,Q,34.302,7,m3/s,mask_to_corrib_inflow
2011,13,30031,Cong Weir,Q,30.693143,7,m3/s,mask_to_corrib_inflow
2011,14,30031,Cong Weir,Q,40.956143,7,m3/s,mask_to_corrib_inflow
2011,15,30031,Cong Weir,Q,39.917571,7,m3/s,mask_to_corrib_inflow
2011,16,30031,Cong Weir,Q,35.334714,7,m3/s,mask_to_corrib_inflow
2011,17,30031,Cong Weir,Q,29.228143,7,m3/s,mask_to_corrib_inflow
2011,18,30031,Cong Weir,Q,23.5525,6,m3/s,mask_to_corrib_inflow
2011,19,30031,Cong Weir,Q,22.599857,7,m3/s,mask_to_corrib_inflow
2011,20,30031,Cong Weir,Q,20.484286,7,m3/s,mask_to_corrib_inflow
2011,21,30031,Cong Weir,Q,32.211857,7,m3/s,mask_to_corrib_inflow
2011,22,30031,Cong Weir,Q,33.925857,7,m3/s,mask_to_corrib_inflow
2011,23,30031,Cong Weir,Q,27.277857,7,m3/s,mask_to_corrib_inflow
2011,24,30031,Cong Weir,Q,22.773714,7,m3/s,mask_to_corrib_inflow
2011,25,30031,Cong Weir,Q,22.780143,7,m3/s,mask_to_corrib_inflow
2011,26,30031,Cong Weir,Q,23.502143,7,m3/s,mask_to_corrib_inflow
2011,27,30031,Cong Weir,Q,19.968571,7,m3/s,mask_to_corrib_inflow
2011,28,30031,Cong Weir,Q,19.242286,7,m3/s,mask_to_corrib_inflow
2011,29,30031,Cong Weir,Q,19.010857,7,m3/s,mask_to_corrib_inflow
2011,30,30031,Cong Weir,Q,16.739143,7,m3/s,mask_to_corrib_inflow
2011,31,30031,Cong Weir,Q,14.095143,7,m3/s,mask_to_corrib_inflow
2011,32,30031,Cong Weir,Q,14.073857,7,m3/s,mask_to_corrib_inflow
2011,33,30031,Cong Weir,Q,15.265571,7,m3/s,mask_to_corrib_inflow
2011,34,30031,Cong Weir,Q,15.108714,7,m3/s,mask_to_corrib_inflow
2011,35,30031,Cong Weir,Q,15.145714,7,m3/s,mask_to_corrib_inflow
2011,36,30031,Cong Weir,Q,25.075,7,m3/s,mask_to_corrib_inflow
2011,37,30031,Cong Weir,Q,35.552857,7,m3/s,mask_to_corrib_inflow
2011,38,30031,Cong Weir,Q,28.477286,7,m3/s,mask_to_corrib_inflow
2011,39,30031,Cong Weir,Q,28.958286,7,m3/s,mask_to_corrib_inflow
2011,40,30031,Cong Weir,Q,30.732857,7,m3/s,mask_to_corrib_inflow
2011,41,30031,Cong Weir,Q,32.027143,7,m3/s,mask_to_corrib_inflow
2011,42,30031,Cong Weir,Q,36.197,7,m3/s,mask_to_corrib_inflow
2011,43,30031,Cong Weir,Q,43.9795,4,m3/s,mask_to_corrib_inflow
2011,44,30031,Cong Weir,Q,51.956833,6,m3/s,mask_to_corrib_inflow
2011,45,30031,Cong Weir,Q,47.849714,7,m3/s,mask_to_corrib_inflow
2011,46,30031,Cong Weir,Q,46.949857,7,m3/s,mask_to_corrib_inflow
2011,47,30031,Cong Weir,Q,54.913143,7,m3/s,mask_to_corrib_inflow
2011,48,30031,Cong Weir,Q,73.375429,7,m3/s,mask_to_corrib_inflow
2011,49,30031,Cong Weir,Q,82.410571,7,m3/s,mask_to_corrib_inflow
2011,50,30031,Cong Weir,Q,85.755714,7,m3/s,mask_to_corrib_inflow
2011,51,30031,Cong Weir,Q,84.287,7,m3/s,mask_to_corrib_inflow
2011,52,30031,Cong Weir,Q,88.990429,7,m3/s,mask_to_corrib_inflow
2012,1,30031,Cong Weir,Q,92.212286,7,m3/s,mask_to_corrib_inflow
2012,2,30031,Cong Weir,Q,83.942714,7,m3/s,mask_to_corrib_inflow
2012,3,30031,Cong Weir,Q,72.832,6,m3/s,mask_to_corrib_inflow
2012,4,30031,Cong Weir,Q,67.777286,7,m3/s,mask_to_corrib_inflow
2012,5,30031,Cong Weir,Q,68.319333,6,m3/s,mask_to_corrib_inflow
2012,6,30031,Cong Weir,Q,60.370833,6,m3/s,mask_to_corrib_inflow
2012,7,30031,Cong Weir,Q,54.941667,6,m3/s,mask_to_corrib_inflow
2012,8,30031,Cong Weir,Q,55.459286,7,m3/s,mask_to_corrib_inflow
2012,9,30031,Cong Weir,Q,51.552,5,m3/s,mask_to_corrib_inflow
2012,10,30031,Cong Weir,Q,45.0128,5,m3/s,mask_to_corrib_inflow
2012,11,30031,Cong Weir,Q,40.524286,7,m3/s,mask_to_corrib_inflow
2012,12,30031,Cong Weir,Q,36.833429,7,m3/s,mask_to_corrib_inflow
2012,13,30031,Cong Weir,Q,29.713143,7,m3/s,mask_to_corrib_inflow
2012,14,30031,Cong Weir,Q,22.266,7,m3/s,mask_to_corrib_inflow
2012,15,30031,Cong Weir,Q,17.915,7,m3/s,mask_to_corrib_inflow
2012,16,30031,Cong Weir,Q,17.740714,7,m3/s,mask_to_corrib_inflow
2012,17,30031,Cong Weir,Q,16.2572,5,m3/s,mask_to_corrib_inflow
2012,18,30031,Cong Weir,Q,14.290714,7,m3/s,mask_to_corrib_inflow
2012,19,30031,Cong Weir,Q,13.547286,7,m3/s,mask_to_corrib_inflow
2012,20,30031,Cong Weir,Q,13.652429,7,m3/s,mask_to_corrib_inflow
2012,21,30031,Cong Weir,Q,12.651857,7,m3/s,mask_to_corrib_inflow
2012,22,30031,Cong Weir,Q,11.715,7,m3/s,mask_to_corrib_inflow
2012,23,30031,Cong Weir,Q,14.857,7,m3/s,mask_to_corrib_inflow
2012,24,30031,Cong Weir,Q,21.744286,7,m3/s,mask_to_corrib_inflow
2012,25,30031,Cong Weir,Q,24.633714,7,m3/s,mask_to_corrib_inflow
2012,26,30031,Cong Weir,Q,27.404429,7,m3/s,mask_to_corrib_inflow
2012,27,30031,Cong Weir,Q,28.223,7,m3/s,mask_to_corrib_inflow
2012,28,30031,Cong Weir,Q,23.935571,7,m3/s,mask_to_corrib_inflow
2012,29,30031,Cong Weir,Q,20.870571,7,m3/s,mask_to_corrib_inflow
2012,30,30031,Cong Weir,Q,20.987429,7,m3/s,mask_to_corrib_inflow
2012,31,30031,Cong Weir,Q,23.519143,7,m3/s,mask_to_corrib_inflow
2012,32,30031,Cong Weir,Q,26.022714,7,m3/s,mask_to_corrib_inflow
2012,33,30031,Cong Weir,Q,22.477571,7,m3/s,mask_to_corrib_inflow
2012,34,30031,Cong Weir,Q,23.119429,7,m3/s,mask_to_corrib_inflow
2012,35,30031,Cong Weir,Q,24.996143,7,m3/s,mask_to_corrib_inflow
2012,36,30031,Cong Weir,Q,22.746286,7,m3/s,mask_to_corrib_inflow
2012,37,30031,Cong Weir,Q,19.269714,7,m3/s,mask_to_corrib_inflow
2012,38,30031,Cong Weir,Q,16.885429,7,m3/s,mask_to_corrib_inflow
2012,39,30031,Cong Weir,Q,16.421286,7,m3/s,mask_to_corrib_inflow
2012,40,30031,Cong Weir,Q,21.616571,7,m3/s,mask_to_corrib_inflow
2012,41,30031,Cong Weir,Q,24.170286,7,m3/s,mask_to_corrib_inflow
2012,42,30031,Cong Weir,Q,26.949857,7,m3/s,mask_to_corrib_inflow
2012,43,30031,Cong Weir,Q,27.025,7,m3/s,mask_to_corrib_inflow
2012,44,30031,Cong Weir,Q,26.625143,7,m3/s,mask_to_corrib_inflow
2012,45,30031,Cong Weir,Q,30.875,7,m3/s,mask_to_corrib_inflow
2012,46,30031,Cong Weir,Q,40.088,7,m3/s,mask_to_corrib_inflow
2012,47,30031,Cong Weir,Q,55.762429,7,m3/s,mask_to_corrib_inflow
2012,48,30031,Cong Weir,Q,53.962286,7,m3/s,mask_to_corrib_inflow
2012,49,30031,Cong Weir,Q,52.757714,7,m3/s,mask_to_corrib_inflow
2012,50,30031,Cong Weir,Q,50.023,7,m3/s,mask_to_corrib_inflow
2012,51,30031,Cong Weir,Q,53.356286,7,m3/s,mask_to_corrib_inflow
2012,52,30031,Cong Weir,Q,58.852857,7,m3/s,mask_to_corrib_inflow
2013,1,30031,Cong Weir,Q,66.123,7,m3/s,mask_to_corrib_inflow
2013,2,30031,Cong Weir,Q,75.066143,7,m3/s,mask_to_corrib_inflow
2013,3,30031,Cong Weir,Q,70.054714,7,m3/s,mask_to_corrib_inflow
2013,4,30031,Cong Weir,Q,68.219143,7,m3/s,mask_to_corrib_inflow
2013,5,30031,Cong Weir,Q,81.099571,7,m3/s,mask_to_corrib_inflow
2013,6,30031,Cong Weir,Q,78.555857,7,m3/s,mask_to_corrib_inflow
2013,7,30031,Cong Weir,Q,73.32,7,m3/s,mask_to_corrib_inflow
2013,8,30031,Cong Weir,Q,63.419571,7,m3/s,mask_to_corrib_inflow
2013,9,30031,Cong Weir,Q,53.681143,7,m3/s,mask_to_corrib_inflow
2013,10,30031,Cong Weir,Q,45.392857,7,m3/s,mask_to_corrib_inflow
2013,11,30031,Cong Weir,Q,38.203571,7,m3/s,mask_to_corrib_inflow
2013,12,30031,Cong Weir,Q,32.653429,7,m3/s,mask_to_corrib_inflow
2013,13,30031,Cong Weir,Q,28.363714,7,m3/s,mask_to_corrib_inflow
2013,14,30031,Cong Weir,Q,21.379429,7,m3/s,mask_to_corrib_inflow
2013,15,30031,Cong Weir,Q,17.740429,7,m3/s,mask_to_corrib_inflow
2013,16,30031,Cong Weir,Q,31.086857,7,m3/s,mask_to_corrib_inflow
2013,17,30031,Cong Weir,Q,37.816286,7,m3/s,mask_to_corrib_inflow
2013,18,30031,Cong Weir,Q,33.853857,7,m3/s,mask_to_corrib_inflow
2013,19,30031,Cong Weir,Q,42.458714,7,m3/s,mask_to_corrib_inflow
2013,20,30031,Cong Weir,Q,44.204714,7,m3/s,mask_to_corrib_inflow
2013,21,30031,Cong Weir,Q,40.300857,7,m3/s,mask_to_corrib_inflow
2013,22,30031,Cong Weir,Q,35.304714,7,m3/s,mask_to_corrib_inflow
2013,23,30031,Cong Weir,Q,27.601429,7,m3/s,mask_to_corrib_inflow
2013,24,30031,Cong Weir,Q,23.647857,7,m3/s,mask_to_corrib_inflow
2013,25,30031,Cong Weir,Q,24.205571,7,m3/s,mask_to_corrib_inflow
2013,26,30031,Cong Weir,Q,20.217143,7,m3/s,mask_to_corrib_inflow
2013,27,30031,Cong Weir,Q,17.889857,7,m3/s,mask_to_corrib_inflow
2013,28,30031,Cong Weir,Q,16.181286,7,m3/s,mask_to_corrib_inflow
2013,29,30031,Cong Weir,Q,13.416,7,m3/s,mask_to_corrib_inflow
2013,30,30031,Cong Weir,Q,11.730571,7,m3/s,mask_to_corrib_inflow
2013,31,30031,Cong Weir,Q,11.456571,7,m3/s,mask_to_corrib_inflow
2013,32,30031,Cong Weir,Q,12.701,7,m3/s,mask_to_corrib_inflow
2013,33,30031,Cong Weir,Q,11.712286,7,m3/s,mask_to_corrib_inflow
2013,34,30031,Cong Weir,Q,12.429571,7,m3/s,mask_to_corrib_inflow
2013,35,30031,Cong Weir,Q,12.327,7,m3/s,mask_to_corrib_inflow
2013,36,30031,Cong Weir,Q,10.671143,7,m3/s,mask_to_corrib_inflow
2013,37,30031,Cong Weir,Q,9.437857,7,m3/s,mask_to_corrib_inflow
2013,38,30031,Cong Weir,Q,10.347,7,m3/s,mask_to_corrib_inflow
2013,39,30031,Cong Weir,Q,10.456,7,m3/s,mask_to_corrib_inflow
2013,40,30031,Cong Weir,Q,8.830143,7,m3/s,mask_to_corrib_inflow
2013,41,30031,Cong Weir,Q,9.330143,7,m3/s,mask_to_corrib_inflow
2013,42,30031,Cong Weir,Q,9.390857,7,m3/s,mask_to_corrib_inflow
2013,43,30031,Cong Weir,Q,12.678286,7,m3/s,mask_to_corrib_inflow
2013,44,30031,Cong Weir,Q,21.466286,7,m3/s,mask_to_corrib_inflow
2013,45,30031,Cong Weir,Q,25.849571,7,m3/s,mask_to_corrib_inflow
2013,46,30031,Cong Weir,Q,28.009714,7,m3/s,mask_to_corrib_inflow
2013,47,30031,Cong Weir,Q,26.467857,7,m3/s,mask_to_corrib_inflow
2013,48,30031,Cong Weir,Q,22.414857,7,m3/s,mask_to_corrib_inflow
2013,49,30031,Cong Weir,Q,19.384714,7,m3/s,mask_to_corrib_inflow
2013,50,30031,Cong Weir,Q,22.315857,7,m3/s,mask_to_corrib_inflow
2013,51,30031,Cong Weir,Q,42.169714,7,m3/s,mask_to_corrib_inflow
2013,52,30031,Cong Weir,Q,59.024429,7,m3/s,mask_to_corrib_inflow
2014,1,30031,Cong Weir,Q,77.28,7,m3/s,mask_to_corrib_inflow
2014,2,30031,Cong Weir,Q,90.308429,7,m3/s,mask_to_corrib_inflow
2014,3,30031,Cong Weir,Q,91.092286,7,m3/s,mask_to_corrib_inflow
2014,4,30031,Cong Weir,Q,87.611,7,m3/s,mask_to_corrib_inflow
2014,5,30031,Cong Weir,Q,94.678571,7,m3/s,mask_to_corrib_inflow
2014,6,30031,Cong Weir,Q,97.063714,7,m3/s,mask_to_corrib_inflow
2014,7,30031,Cong Weir,Q,99.600286,7,m3/s,mask_to_corrib_inflow
2014,8,30031,Cong Weir,Q,103.113714,7,m3/s,mask_to_corrib_inflow
2014,9,30031,Cong Weir,Q,111.041286,7,m3/s,mask_to_corrib_inflow
2014,10,30031,Cong Weir,Q,103.862714,7,m3/s,mask_to_corrib_inflow
2014,11,30031,Cong Weir,Q,92.578857,7,m3/s,mask_to_corrib_inflow
2014,12,30031,Cong Weir,Q,83.043143,7,m3/s,mask_to_corrib_inflow
2014,13,30031,Cong Weir,Q,77.430667,3,m3/s,mask_to_corrib_inflow
2014,14,30031,Cong Weir,Q,67.795,6,m3/s,mask_to_corrib_inflow
2014,15,30031,Cong Weir,Q,61.707571,7,m3/s,mask_to_corrib_inflow
2014,16,30031,Cong Weir,Q,51.274714,7,m3/s,mask_to_corrib_inflow
2014,17,30031,Cong Weir,Q,42.477857,7,m3/s,mask_to_corrib_inflow
2014,18,30031,Cong Weir,Q,35.490714,7,m3/s,mask_to_corrib_inflow
2014,19,30031,Cong Weir,Q,32.040286,7,m3/s,mask_to_corrib_inflow
2014,20,30031,Cong Weir,Q,33.073,7,m3/s,mask_to_corrib_inflow
2014,21,30031,Cong Weir,Q,33.567286,7,m3/s,mask_to_corrib_inflow
2014,22,30031,Cong Weir,Q,28.515714,7,m3/s,mask_to_corrib_inflow
2014,23,30031,Cong Weir,Q,22.079429,7,m3/s,mask_to_corrib_inflow
2014,24,30031,Cong Weir,Q,21.854,7,m3/s,mask_to_corrib_inflow
2014,25,30031,Cong Weir,Q,18.182429,7,m3/s,mask_to_corrib_inflow
2014,26,30031,Cong Weir,Q,15.19,7,m3/s,mask_to_corrib_inflow
2014,27,30031,Cong Weir,Q,13.385714,7,m3/s,mask_to_corrib_inflow
2014,28,30031,Cong Weir,Q,12.041714,7,m3/s,mask_to_corrib_inflow
2014,29,30031,Cong Weir,Q,11.890143,7,m3/s,mask_to_corrib_inflow
2014,30,30031,Cong Weir,Q,11.589571,7,m3/s,mask_to_corrib_inflow
2014,31,30031,Cong Weir,Q,10.372286,7,m3/s,mask_to_corrib_inflow
2014,32,30031,Cong Weir,Q,9.218571,7,m3/s,mask_to_corrib_inflow
2014,33,30031,Cong Weir,Q,8.529143,7,m3/s,mask_to_corrib_inflow
2014,34,30031,Cong Weir,Q,7.380714,7,m3/s,mask_to_corrib_inflow
2014,35,30031,Cong Weir,Q,8.842,7,m3/s,mask_to_corrib_inflow
2014,36,30031,Cong Weir,Q,12.286857,7,m3/s,mask_to_corrib_inflow
2014,37,30031,Cong Weir,Q,11.061571,7,m3/s,mask_to_corrib_inflow
2014,38,30031,Cong Weir,Q,9.761429,7,m3/s,mask_to_corrib_inflow
2014,39,30031,Cong Weir,Q,8.450286,7,m3/s,mask_to_corrib_inflow
2014,40,30031,Cong Weir,Q,7.157,7,m3/s,mask_to_corrib_inflow
2014,41,30031,Cong Weir,Q,8.187857,7,m3/s,mask_to_corrib_inflow
2014,42,30031,Cong Weir,Q,9.491571,7,m3/s,mask_to_corrib_inflow
2014,43,30031,Cong Weir,Q,15.356,5,m3/s,mask_to_corrib_inflow
2014,44,30031,Cong Weir,Q,24.222667,6,m3/s,mask_to_corrib_inflow
2014,45,30031,Cong Weir,Q,35.238143,7,m3/s,mask_to_corrib_inflow
2014,46,30031,Cong Weir,Q,40.520714,7,m3/s,mask_to_corrib_inflow
2014,47,30031,Cong Weir,Q,39.304429,7,m3/s,mask_to_corrib_inflow
2014,48,30031,Cong Weir,Q,35.027429,7,m3/s,mask_to_corrib_inflow
2014,49,30031,Cong Weir,Q,29.829714,7,m3/s,mask_to_corrib_inflow
2014,50,30031,Cong Weir,Q,33.427143,7,m3/s,mask_to_corrib_inflow
2014,51,30031,Cong Weir,Q,39.303143,7,m3/s,mask_to_corrib_inflow
2014,52,30031,Cong Weir,Q,46.430857,7,m3/s,mask_to_corrib_inflow
2015,1,30031,Cong Weir,Q,47.583857,7,m3/s,mask_to_corrib_inflow
2015,2,30031,Cong Weir,Q,59.822286,7,m3/s,mask_to_corrib_inflow
2015,3,30031,Cong Weir,Q,77.486714,7,m3/s,mask_to_corrib_inflow
2015,4,30031,Cong Weir,Q,77.372714,7,m3/s,mask_to_corrib_inflow
2015,5,30031,Cong Weir,Q,72.828714,7,m3/s,mask_to_corrib_inflow
2015,6,30031,Cong Weir,Q,65.148,7,m3/s,mask_to_corrib_inflow
2015,7,30031,Cong Weir,Q,55.098714,7,m3/s,mask_to_corrib_inflow
2015,8,30031,Cong Weir,Q,51.963286,7,m3/s,mask_to_corrib_inflow
2015,9,30031,Cong Weir,Q,58.186,7,m3/s,mask_to_corrib_inflow
2015,10,30031,Cong Weir,Q,64.360571,7,m3/s,mask_to_corrib_inflow
2015,11,30031,Cong Weir,Q,70.040143,7,m3/s,mask_to_corrib_inflow
2015,12,30031,Cong Weir,Q,62.719429,7,m3/s,mask_to_corrib_inflow
2015,13,30031,Cong Weir,Q,55.561714,7,m3/s,mask_to_corrib_inflow
2015,14,30031,Cong Weir,Q,57.652,7,m3/s,mask_to_corrib_inflow
2015,15,30031,Cong Weir,Q,52.997429,7,m3/s,mask_to_corrib_inflow
2015,16,30031,Cong Weir,Q,46.794429,7,m3/s,mask_to_corrib_inflow
2015,17,30031,Cong Weir,Q,38.601143,7,m3/s,mask_to_corrib_inflow
2015,18,30031,Cong Weir,Q,32.360429,7,m3/s,mask_to_corrib_inflow
2015,19,30031,Cong Weir,Q,35.952429,7,m3/s,mask_to_corrib_inflow
2015,20,30031,Cong Weir,Q,39.642286,7,m3/s,mask_to_corrib_inflow
2015,21,30031,Cong Weir,Q,34.864143,7,m3/s,mask_to_corrib_inflow
2015,22,30031,Cong Weir,Q,27.820143,7,m3/s,mask_to_corrib_inflow
2015,23,30031,Cong Weir,Q,28.199429,7,m3/s,mask_to_corrib_inflow
2015,24,30031,Cong Weir,Q,23.742286,7,m3/s,mask_to_corrib_inflow
2015,25,30031,Cong Weir,Q,18.623571,7,m3/s,mask_to_corrib_inflow
2015,26,30031,Cong Weir,Q,16.181857,7,m3/s,mask_to_corrib_inflow
2015,27,30031,Cong Weir,Q,16.040143,7,m3/s,mask_to_corrib_inflow
2015,28,30031,Cong Weir,Q,16.570286,7,m3/s,mask_to_corrib_inflow
2015,29,30031,Cong Weir,Q,20.449714,7,m3/s,mask_to_corrib_inflow
2015,30,30031,Cong Weir,Q,24.089571,7,m3/s,mask_to_corrib_inflow
2015,31,30031,Cong Weir,Q,26.135,7,m3/s,mask_to_corrib_inflow
2015,32,30031,Cong Weir,Q,30.675143,7,m3/s,mask_to_corrib_inflow
2015,33,30031,Cong Weir,Q,29.686286,7,m3/s,mask_to_corrib_inflow
2015,34,30031,Cong Weir,Q,23.990714,7,m3/s,mask_to_corrib_inflow
2015,35,30031,Cong Weir,Q,24.611571,7,m3/s,mask_to_corrib_inflow
2015,36,30031,Cong Weir,Q,24.187,7,m3/s,mask_to_corrib_inflow
2015,37,30031,Cong Weir,Q,24.252571,7,m3/s,mask_to_corrib_inflow
2015,38,30031,Cong Weir,Q,43.554571,7,m3/s,mask_to_corrib_inflow
2015,39,30031,Cong Weir,Q,40.856143,7,m3/s,mask_to_corrib_inflow
2015,40,30031,Cong Weir,Q,33.196,7,m3/s,mask_to_corrib_inflow
2015,41,30031,Cong Weir,Q,25.122857,7,m3/s,mask_to_corrib_inflow
2015,42,30031,Cong Weir,Q,19.952286,7,m3/s,mask_to_corrib_inflow
2015,43,30031,Cong Weir,Q,17.592143,7,m3/s,mask_to_corrib_inflow
2015,44,30031,Cong Weir,Q,22.456429,7,m3/s,mask_to_corrib_inflow
2015,45,30031,Cong Weir,Q,25.769286,7,m3/s,mask_to_corrib_inflow
2015,46,30031,Cong Weir,Q,47.922714,7,m3/s,mask_to_corrib_inflow
2015,47,30031,Cong Weir,Q,71.177143,7,m3/s,mask_to_corrib_inflow
2015,48,30031,Cong Weir,Q,70.777571,7,m3/s,mask_to_corrib_inflow
2015,49,30031,Cong Weir,Q,95.962286,7,m3/s,mask_to_corrib_inflow
2015,50,30031,Cong Weir,Q,136.28,7,m3/s,mask_to_corrib_inflow
2015,51,30031,Cong Weir,Q,141.788286,7,m3/s,mask_to_corrib_inflow
2015,52,30031,Cong Weir,Q,145.735714,7,m3/s,mask_to_corrib_inflow
2015,53,30031,Cong Weir,Q,145.2775,2,m3/s,mask_to_corrib_inflow
2016,1,30031,Cong Weir,Q,153.715,7,m3/s,mask_to_corrib_inflow
2016,2,30031,Cong Weir,Q,141.438857,7,m3/s,mask_to_corrib_inflow
2016,3,30031,Cong Weir,Q,130.944857,7,m3/s,mask_to_corrib_inflow
2016,4,30031,Cong Weir,Q,140.971571,7,m3/s,mask_to_corrib_inflow
2016,5,30031,Cong Weir,Q,139.145429,7,m3/s,mask_to_corrib_inflow
2016,6,30031,Cong Weir,Q,138.485143,7,m3/s,mask_to_corrib_inflow
2016,7,30031,Cong Weir,Q,134.384429,7,m3/s,mask_to_corrib_inflow
2016,8,30031,Cong Weir,Q,124.083286,7,m3/s,mask_to_corrib_inflow
2016,9,30031,Cong Weir,Q,116.568,2,m3/s,mask_to_corrib_inflow
2017,2,30031,Cong Weir,Q,28.0115,6,m3/s,mask_to_corrib_inflow
2017,3,30031,Cong Weir,Q,25.656,7,m3/s,mask_to_corrib_inflow
2017,4,30031,Cong Weir,Q,23.289571,7,m3/s,mask_to_corrib_inflow
2017,5,30031,Cong Weir,Q,25.069429,7,m3/s,mask_to_corrib_inflow
2017,6,30031,Cong Weir,Q,27.405,7,m3/s,mask_to_corrib_inflow
2017,7,30031,Cong Weir,Q,23.607714,7,m3/s,mask_to_corrib_inflow
2017,8,30031,Cong Weir,Q,28.780429,7,m3/s,mask_to_corrib_inflow
2017,9,30031,Cong Weir,Q,42.915857,7,m3/s,mask_to_corrib_inflow
2017,10,30031,Cong Weir,Q,51.914714,7,m3/s,mask_to_corrib_inflow
2017,11,30031,Cong Weir,Q,49.955143,7,m3/s,mask_to_corrib_inflow
2017,12,30031,Cong Weir,Q,50.756571,7,m3/s,mask_to_corrib_inflow
2017,13,30031,Cong Weir,Q,44.349571,7,m3/s,mask_to_corrib_inflow
2017,14,30031,Cong Weir,Q,40.312143,7,m3/s,mask_to_corrib_inflow
2017,15,30031,Cong Weir,Q,34.140571,7,m3/s,mask_to_corrib_inflow
2017,16,30031,Cong Weir,Q,26.064286,7,m3/s,mask_to_corrib_inflow
2017,17,30031,Cong Weir,Q,19.065429,7,m3/s,mask_to_corrib_inflow
2017,18,30031,Cong Weir,Q,14.399143,7,m3/s,mask_to_corrib_inflow
2017,19,30031,Cong Weir,Q,11.860429,7,m3/s,mask_to_corrib_inflow
2017,20,30031,Cong Weir,Q,12.829286,7,m3/s,mask_to_corrib_inflow
2017,21,30031,Cong Weir,Q,12.539714,7,m3/s,mask_to_corrib_inflow
2017,22,30031,Cong Weir,Q,11.622571,7,m3/s,mask_to_corrib_inflow
2017,23,30031,Cong Weir,Q,12.522857,7,m3/s,mask_to_corrib_inflow
2017,24,30031,Cong Weir,Q,16.304,7,m3/s,mask_to_corrib_inflow
2017,25,30031,Cong Weir,Q,14.874714,7,m3/s,mask_to_corrib_inflow
2017,26,30031,Cong Weir,Q,13.001857,7,m3/s,mask_to_corrib_inflow
2017,27,30031,Cong Weir,Q,10.919714,7,m3/s,mask_to_corrib_inflow
2017,28,30031,Cong Weir,Q,9.616286,7,m3/s,mask_to_corrib_inflow
2017,29,30031,Cong Weir,Q,9.849286,7,m3/s,mask_to_corrib_inflow
2017,30,30031,Cong Weir,Q,12.056286,7,m3/s,mask_to_corrib_inflow
2017,31,30031,Cong Weir,Q,13.701429,7,m3/s,mask_to_corrib_inflow
2017,32,30031,Cong Weir,Q,12.868429,7,m3/s,mask_to_corrib_inflow
2017,33,30031,Cong Weir,Q,13.953857,7,m3/s,mask_to_corrib_inflow
2017,34,30031,Cong Weir,Q,19.622714,7,m3/s,mask_to_corrib_inflow
2017,35,30031,Cong Weir,Q,19.698429,7,m3/s,mask_to_corrib_inflow
2017,36,30031,Cong Weir,Q,18.015857,7,m3/s,mask_to_corrib_inflow
2017,37,30031,Cong Weir,Q,19.909714,7,m3/s,mask_to_corrib_inflow
2017,38,30031,Cong Weir,Q,20.619571,7,m3/s,mask_to_corrib_inflow
2017,39,30031,Cong Weir,Q,26.710714,7,m3/s,mask_to_corrib_inflow
2017,40,30031,Cong Weir,Q,29.086571,7,m3/s,mask_to_corrib_inflow
2017,41,30031,Cong Weir,Q,30.726857,7,m3/s,mask_to_corrib_inflow
2017,42,30031,Cong Weir,Q,36.815857,7,m3/s,mask_to_corrib_inflow
2017,43,30031,Cong Weir,Q,39.963286,7,m3/s,mask_to_corrib_inflow
2017,44,30031,Cong Weir,Q,35.3558,5,m3/s,mask_to_corrib_inflow
2017,45,30031,Cong Weir,Q,34.640571,7,m3/s,mask_to_corrib_inflow
2017,46,30031,Cong Weir,Q,34.528714,7,m3/s,mask_to_corrib_inflow
2017,47,30031,Cong Weir,Q,34.593,1,m3/s,mask_to_corrib_inflow
2017,48,30031,Cong Weir,Q,35.652,7,m3/s,mask_to_corrib_inflow
2017,49,30031,Cong Weir,Q,34.760714,7,m3/s,mask_to_corrib_inflow
2017,50,30031,Cong Weir,Q,39.655143,7,m3/s,mask_to_corrib_inflow
2017,51,30031,Cong Weir,Q,41.477571,7,m3/s,mask_to_corrib_inflow
2017,52,30031,Cong Weir,Q,44.269286,7,m3/s,mask_to_corrib_inflow
2018,1,30031,Cong Weir,Q,49.323571,7,m3/s,mask_to_corrib_inflow
2018,2,30031,Cong Weir,Q,49.919714,7,m3/s,mask_to_corrib_inflow
2018,3,30031,Cong Weir,Q,60.285857,7,m3/s,mask_to_corrib_inflow
2018,4,30031,Cong Weir,Q,69.455286,7,m3/s,mask_to_corrib_inflow
2018,5,30031,Cong Weir,Q,69.204429,7,m3/s,mask_to_corrib_inflow
2018,6,30031,Cong Weir,Q,62.565857,7,m3/s,mask_to_corrib_inflow
2018,7,30031,Cong Weir,Q,64.391,7,m3/s,mask_to_corrib_inflow
2018,8,30031,Cong Weir,Q,58.277857,7,m3/s,mask_to_corrib_inflow
2018,9,30031,Cong Weir,Q,47.012143,7,m3/s,mask_to_corrib_inflow
2018,10,30031,Cong Weir,Q,40.035,7,m3/s,mask_to_corrib_inflow
2018,11,30031,Cong Weir,Q,36.560286,7,m3/s,mask_to_corrib_inflow
2018,12,30031,Cong Weir,Q,32.706429,7,m3/s,mask_to_corrib_inflow
2018,13,30031,Cong Weir,Q,29.100571,7,m3/s,mask_to_corrib_inflow
2018,14,30031,Cong Weir,Q,28.507429,7,m3/s,mask_to_corrib_inflow
2018,15,30031,Cong Weir,Q,28.822857,7,m3/s,mask_to_corrib_inflow
2018,16,30031,Cong Weir,Q,29.543,7,m3/s,mask_to_corrib_inflow
2018,17,30031,Cong Weir,Q,27.830143,7,m3/s,mask_to_corrib_inflow
2018,18,30031,Cong Weir,Q,24.875429,7,m3/s,mask_to_corrib_inflow
2018,19,30031,Cong Weir,Q,21.761571,7,m3/s,mask_to_corrib_inflow
2018,20,30031,Cong Weir,Q,18.297286,7,m3/s,mask_to_corrib_inflow
2018,21,30031,Cong Weir,Q,16.258857,7,m3/s,mask_to_corrib_inflow
2018,22,30031,Cong Weir,Q,13.957,7,m3/s,mask_to_corrib_inflow
2018,23,30031,Cong Weir,Q,12.284143,7,m3/s,mask_to_corrib_inflow
2018,24,30031,Cong Weir,Q,10.999286,7,m3/s,mask_to_corrib_inflow
2018,25,30031,Cong Weir,Q,11.9438,5,m3/s,mask_to_corrib_inflow
2018,37,30031,Cong Weir,Q,11.364,3,m3/s,mask_to_corrib_inflow
2018,38,30031,Cong Weir,Q,16.549857,7,m3/s,mask_to_corrib_inflow
2018,39,30031,Cong Weir,Q,18.962286,7,m3/s,mask_to_corrib_inflow
2018,40,30031,Cong Weir,Q,15.918286,7,m3/s,mask_to_corrib_inflow
2018,41,30031,Cong Weir,Q,22.392,7,m3/s,mask_to_corrib_inflow
2018,42,30031,Cong Weir,Q,24.490571,7,m3/s,mask_to_corrib_inflow
2018,43,30031,Cong Weir,Q,21.200286,7,m3/s,mask_to_corrib_inflow
2018,44,30031,Cong Weir,Q,19.887429,7,m3/s,mask_to_corrib_inflow
2018,45,30031,Cong Weir,Q,27.182286,7,m3/s,mask_to_corrib_inflow
2018,46,30031,Cong Weir,Q,41.215714,7,m3/s,mask_to_corrib_inflow
2018,47,30031,Cong Weir,Q,42.355286,7,m3/s,mask_to_corrib_inflow
2018,48,30031,Cong Weir,Q,43.518714,7,m3/s,mask_to_corrib_inflow
2018,49,30031,Cong Weir,Q,47.716714,7,m3/s,mask_to_corrib_inflow
2018,50,30031,Cong Weir,Q,48.042143,7,m3/s,mask_to_corrib_inflow
2018,51,30031,Cong Weir,Q,62.781286,7,m3/s,mask_to_corrib_inflow
2018,52,30031,Cong Weir,Q,62.92,7,m3/s,mask_to_corrib_inflow
2019,1,30031,Cong Weir,Q,52.490143,7,m3/s,mask_to_corrib_inflow
2019,2,30031,Cong Weir,Q,44.134286,7,m3/s,mask_to_corrib_inflow
2019,3,30031,Cong Weir,Q,38.442857,7,m3/s,mask_to_corrib_inflow
2019,4,30031,Cong Weir,Q,37.658714,7,m3/s,mask_to_corrib_inflow
2019,5,30031,Cong Weir,Q,37.777143,7,m3/s,mask_to_corrib_inflow
2019,6,30031,Cong Weir,Q,42.807286,7,m3/s,mask_to_corrib_inflow
2019,7,30031,Cong Weir,Q,46.387429,7,m3/s,mask_to_corrib_inflow
2019,8,30031,Cong Weir,Q,47.119857,7,m3/s,mask_to_corrib_inflow
2019,9,30031,Cong Weir,Q,43.191571,7,m3/s,mask_to_corrib_inflow
2019,10,30031,Cong Weir,Q,44.424286,7,m3/s,mask_to_corrib_inflow
2019,11,30031,Cong Weir,Q,53.016857,7,m3/s,mask_to_corrib_inflow
2019,12,30031,Cong Weir,Q,59.381429,7,m3/s,mask_to_corrib_inflow
2019,13,30031,Cong Weir,Q,49.290857,7,m3/s,mask_to_corrib_inflow
2019,14,30031,Cong Weir,Q,41.91,7,m3/s,mask_to_corrib_inflow
2019,15,30031,Cong Weir,Q,35.560286,7,m3/s,mask_to_corrib_inflow
2019,16,30031,Cong Weir,Q,32.701571,7,m3/s,mask_to_corrib_inflow
2019,17,30031,Cong Weir,Q,28.638429,7,m3/s,mask_to_corrib_inflow
2019,18,30031,Cong Weir,Q,26.148,7,m3/s,mask_to_corrib_inflow
2019,19,30031,Cong Weir,Q,20.944857,7,m3/s,mask_to_corrib_inflow
2019,20,30031,Cong Weir,Q,15.800286,7,m3/s,mask_to_corrib_inflow
2019,21,30031,Cong Weir,Q,13.123,7,m3/s,mask_to_corrib_inflow
2019,22,30031,Cong Weir,Q,12.821143,7,m3/s,mask_to_corrib_inflow
2019,23,30031,Cong Weir,Q,15.747143,7,m3/s,mask_to_corrib_inflow
2019,24,30031,Cong Weir,Q,14.168714,7,m3/s,mask_to_corrib_inflow
2019,25,30031,Cong Weir,Q,13.084,7,m3/s,mask_to_corrib_inflow
2019,26,30031,Cong Weir,Q,12.962,7,m3/s,mask_to_corrib_inflow
2019,27,30031,Cong Weir,Q,11.612857,7,m3/s,mask_to_corrib_inflow
2019,28,30031,Cong Weir,Q,10.045571,7,m3/s,mask_to_corrib_inflow
2019,29,30031,Cong Weir,Q,9.140857,7,m3/s,mask_to_corrib_inflow
2019,30,30031,Cong Weir,Q,12.068286,7,m3/s,mask_to_corrib_inflow
2019,31,30031,Cong Weir,Q,11.616143,7,m3/s,mask_to_corrib_inflow
2019,32,30031,Cong Weir,Q,12.303857,7,m3/s,mask_to_corrib_inflow
2019,33,30031,Cong Weir,Q,15.398571,7,m3/s,mask_to_corrib_inflow
2019,34,30031,Cong Weir,Q,19.392714,7,m3/s,mask_to_corrib_inflow
2019,35,30031,Cong Weir,Q,25.920714,7,m3/s,mask_to_corrib_inflow
2019,36,30031,Cong Weir,Q,33.950429,7,m3/s,mask_to_corrib_inflow
2019,37,30031,Cong Weir,Q,31.515143,7,m3/s,mask_to_corrib_inflow
2019,38,30031,Cong Weir,Q,28.267429,7,m3/s,mask_to_corrib_inflow
2019,39,30031,Cong Weir,Q,28.207571,7,m3/s,mask_to_corrib_inflow
2019,40,30031,Cong Weir,Q,33.935714,7,m3/s,mask_to_corrib_inflow
2019,41,30031,Cong Weir,Q,36.969714,7,m3/s,mask_to_corrib_inflow
2019,42,30031,Cong Weir,Q,42.377857,7,m3/s,mask_to_corrib_inflow
2019,43,30031,Cong Weir,Q,43.394429,7,m3/s,mask_to_corrib_inflow
2019,44,30031,Cong Weir,Q,40.046714,7,m3/s,mask_to_corrib_inflow
2019,45,30031,Cong Weir,Q,41.661714,7,m3/s,mask_to_corrib_inflow
2019,46,30031,Cong Weir,Q,41.751429,7,m3/s,mask_to_corrib_inflow
2019,47,30031,Cong Weir,Q,39.451286,7,m3/s,mask_to_corrib_inflow
2019,48,30031,Cong Weir,Q,38.766143,7,m3/s,mask_to_corrib_inflow
2019,49,30031,Cong Weir,Q,36.332143,7,m3/s,mask_to_corrib_inflow
2019,50,30031,Cong Weir,Q,44.091,7,m3/s,mask_to_corrib_inflow
2019,51,30031,Cong Weir,Q,47.320429,7,m3/s,mask_to_corrib_inflow
2019,52,30031,Cong Weir,Q,46.747714,7,m3/s,mask_to_corrib_inflow
2020,1,30031,Cong Weir,Q,44.617286,7,m3/s,mask_to_corrib_inflow
2020,2,30031,Cong Weir,Q,47.215571,7,m3/s,mask_to_corrib_inflow
2020,3,30031,Cong Weir,Q,56.185286,7,m3/s,mask_to_corrib_inflow
2020,4,30031,Cong Weir,Q,50.829429,7,m3/s,mask_to_corrib_inflow
2020,5,30031,Cong Weir,Q,49.874143,7,m3/s,mask_to_corrib_inflow
2020,6,30031,Cong Weir,Q,50.439429,7,m3/s,mask_to_corrib_inflow
2020,7,30031,Cong Weir,Q,65.334,7,m3/s,mask_to_corrib_inflow
2020,8,30031,Cong Weir,Q,82.456286,7,m3/s,mask_to_corrib_inflow
2020,9,30031,Cong Weir,Q,97.847857,7,m3/s,mask_to_corrib_inflow
2020,10,30031,Cong Weir,Q,93.160857,7,m3/s,mask_to_corrib_inflow
2020,11,30031,Cong Weir,Q,90.891143,7,m3/s,mask_to_corrib_inflow
2020,12,30031,Cong Weir,Q,86.712571,7,m3/s,mask_to_corrib_inflow
2020,13,30031,Cong Weir,Q,76.479,7,m3/s,mask_to_corrib_inflow
2020,14,30031,Cong Weir,Q,64.310286,7,m3/s,mask_to_corrib_inflow
2020,15,30031,Cong Weir,Q,54.2795,4,m3/s,mask_to_corrib_inflow
2020,19,30031,Cong Weir,Q,20.747,5,m3/s,mask_to_corrib_inflow
2020,20,30031,Cong Weir,Q,16.696429,7,m3/s,mask_to_corrib_inflow
2020,21,30031,Cong Weir,Q,14.503429,7,m3/s,mask_to_corrib_inflow
2020,22,30031,Cong Weir,Q,13.238714,7,m3/s,mask_to_corrib_inflow
2020,23,30031,Cong Weir,Q,11.225286,7,m3/s,mask_to_corrib_inflow
2020,24,30031,Cong Weir,Q,9.552429,7,m3/s,mask_to_corrib_inflow
2020,25,30031,Cong Weir,Q,8.856714,7,m3/s,mask_to_corrib_inflow
2020,26,30031,Cong Weir,Q,10.955143,7,m3/s,mask_to_corrib_inflow
2020,27,30031,Cong Weir,Q,15.280857,7,m3/s,mask_to_corrib_inflow
2020,28,30031,Cong Weir,Q,18.028571,7,m3/s,mask_to_corrib_inflow
2020,29,30031,Cong Weir,Q,17.032429,7,m3/s,mask_to_corrib_inflow
2020,30,30031,Cong Weir,Q,15.202714,7,m3/s,mask_to_corrib_inflow
2020,31,30031,Cong Weir,Q,17.504,7,m3/s,mask_to_corrib_inflow
2020,32,30031,Cong Weir,Q,20.67925,4,m3/s,mask_to_corrib_inflow
2020,33,30031,Cong Weir,Q,12.225286,7,m3/s,mask_to_corrib_inflow
2020,34,30031,Cong Weir,Q,15.017714,7,m3/s,mask_to_corrib_inflow
2020,35,30031,Cong Weir,Q,27.690429,7,m3/s,mask_to_corrib_inflow
2020,36,30031,Cong Weir,Q,30.645,7,m3/s,mask_to_corrib_inflow
2020,37,30031,Cong Weir,Q,29.983857,7,m3/s,mask_to_corrib_inflow
2020,38,30031,Cong Weir,Q,26.238571,7,m3/s,mask_to_corrib_inflow
2020,39,30031,Cong Weir,Q,21.506714,7,m3/s,mask_to_corrib_inflow
2020,41,30031,Cong Weir,Q,17.95,4,m3/s,mask_to_corrib_inflow
2020,42,30031,Cong Weir,Q,16.813,5,m3/s,mask_to_corrib_inflow
2020,43,30031,Cong Weir,Q,26.162571,7,m3/s,mask_to_corrib_inflow
2020,44,30031,Cong Weir,Q,42.736571,7,m3/s,mask_to_corrib_inflow
2020,45,30031,Cong Weir,Q,53.866143,7,m3/s,mask_to_corrib_inflow
2020,46,30031,Cong Weir,Q,56.828,7,m3/s,mask_to_corrib_inflow
2020,47,30031,Cong Weir,Q,68.493143,7,m3/s,mask_to_corrib_inflow
2020,48,30031,Cong Weir,Q,70.200286,7,m3/s,mask_to_corrib_inflow
2020,49,30031,Cong Weir,Q,62.414571,7,m3/s,mask_to_corrib_inflow
2020,50,30031,Cong Weir,Q,58.486571,7,m3/s,mask_to_corrib_inflow
2020,51,30031,Cong Weir,Q,67.100286,7,m3/s,mask_to_corrib_inflow
2020,52,30031,Cong Weir,Q,66.132429,7,m3/s,mask_to_corrib_inflow
2020,53,30031,Cong Weir,Q,66.009429,7,m3/s,mask_to_corrib_inflow
2021,1,30031,Cong Weir,Q,55.933286,7,m3/s,mask_to_corrib_inflow
2021,2,30031,Cong Weir,Q,52.865286,7,m3/s,mask_to_corrib_inflow
2021,3,30031,Cong Weir,Q,58.413143,7,m3/s,mask_to_corrib_inflow
2021,4,30031,Cong Weir,Q,57.943143,7,m3/s,mask_to_corrib_inflow
2021,5,30031,Cong Weir,Q,64.745,7,m3/s,mask_to_corrib_inflow
2021,6,30031,Cong Weir,Q,57.007571,7,m3/s,mask_to_corrib_inflow
2021,7,30031,Cong Weir,Q,59.080286,7,m3/s,mask_to_corrib_inflow
2021,8,30031,Cong Weir,Q,64.998,7,m3/s,mask_to_corrib_inflow
2021,9,30031,Cong Weir,Q,55.702714,7,m3/s,mask_to_corrib_inflow
2021,10,30031,Cong Weir,Q,54.709429,7,m3/s,mask_to_corrib_inflow
2021,11,30031,Cong Weir,Q,55.308143,7,m3/s,mask_to_corrib_inflow
2021,12,30031,Cong Weir,Q,48.326286,7,m3/s,mask_to_corrib_inflow
2021,13,30031,Cong Weir,Q,51.950286,7,m3/s,mask_to_corrib_inflow
2021,14,30031,Cong Weir,Q,45.348286,7,m3/s,mask_to_corrib_inflow
2021,15,30031,Cong Weir,Q,38.393,7,m3/s,mask_to_corrib_inflow
2021,16,30031,Cong Weir,Q,32.484857,7,m3/s,mask_to_corrib_inflow
2021,17,30031,Cong Weir,Q,26.078714,7,m3/s,mask_to_corrib_inflow
2021,18,30031,Cong Weir,Q,23.230571,7,m3/s,mask_to_corrib_inflow
2021,19,30031,Cong Weir,Q,21.964429,7,m3/s,mask_to_corrib_inflow
2021,20,30031,Cong Weir,Q,19.914286,7,m3/s,mask_to_corrib_inflow
2021,21,30031,Cong Weir,Q,22.411714,7,m3/s,mask_to_corrib_inflow
2021,22,30031,Cong Weir,Q,19.179,7,m3/s,mask_to_corrib_inflow
2021,23,30031,Cong Weir,Q,17.267714,7,m3/s,mask_to_corrib_inflow
2021,24,30031,Cong Weir,Q,16.172286,7,m3/s,mask_to_corrib_inflow
2021,25,30031,Cong Weir,Q,14.036143,7,m3/s,mask_to_corrib_inflow
2021,26,30031,Cong Weir,Q,12.696667,3,m3/s,mask_to_corrib_inflow
2021,31,30031,Cong Weir,Q,7.572833,6,m3/s,mask_to_corrib_inflow
2021,32,30031,Cong Weir,Q,11.784143,7,m3/s,mask_to_corrib_inflow
2021,33,30031,Cong Weir,Q,12.762571,7,m3/s,mask_to_corrib_inflow
2021,34,30031,Cong Weir,Q,12.113571,7,m3/s,mask_to_corrib_inflow
2021,35,30031,Cong Weir,Q,10.567714,7,m3/s,mask_to_corrib_inflow
2021,36,30031,Cong Weir,Q,10.629,7,m3/s,mask_to_corrib_inflow
2021,37,30031,Cong Weir,Q,12.257143,7,m3/s,mask_to_corrib_inflow
2021,38,30031,Cong Weir,Q,12.675714,7,m3/s,mask_to_corrib_inflow
2021,39,30031,Cong Weir,Q,15.070429,7,m3/s,mask_to_corrib_inflow
2021,40,30031,Cong Weir,Q,29.251,7,m3/s,mask_to_corrib_inflow
2021,41,30031,Cong Weir,Q,36.451571,7,m3/s,mask_to_corrib_inflow
2021,42,30031,Cong Weir,Q,35.617571,7,m3/s,mask_to_corrib_inflow
2021,43,30031,Cong Weir,Q,39.565,7,m3/s,mask_to_corrib_inflow
2021,44,30031,Cong Weir,Q,41.841143,7,m3/s,mask_to_corrib_inflow
2021,45,30031,Cong Weir,Q,40.273143,7,m3/s,mask_to_corrib_inflow
2021,46,30031,Cong Weir,Q,38.238286,7,m3/s,mask_to_corrib_inflow
2021,47,30031,Cong Weir,Q,33.085429,7,m3/s,mask_to_corrib_inflow
2021,48,30031,Cong Weir,Q,31.160143,7,m3/s,mask_to_corrib_inflow
2021,49,30031,Cong Weir,Q,34.048857,7,m3/s,mask_to_corrib_inflow
2021,50,30031,Cong Weir,Q,34.441571,7,m3/s,mask_to_corrib_inflow
2021,51,30031,Cong Weir,Q,31.398714,7,m3/s,mask_to_corrib_inflow
2021,52,30031,Cong Weir,Q,33.789857,7,m3/s,mask_to_corrib_inflow
2022,1,30031,Cong Weir,Q,37.058714,7,m3/s,mask_to_corrib_inflow
2022,2,30031,Cong Weir,Q,39.142429,7,m3/s,mask_to_corrib_inflow
2022,3,30031,Cong Weir,Q,34.686714,7,m3/s,mask_to_corrib_inflow
2022,4,30031,Cong Weir,Q,29.628,7,m3/s,mask_to_corrib_inflow
2022,5,30031,Cong Weir,Q,26.392714,7,m3/s,mask_to_corrib_inflow
2022,6,30031,Cong Weir,Q,28.258429,7,m3/s,mask_to_corrib_inflow
2022,7,30031,Cong Weir,Q,37.853857,7,m3/s,mask_to_corrib_inflow
2022,8,30031,Cong Weir,Q,47.926714,7,m3/s,mask_to_corrib_inflow
2022,9,30031,Cong Weir,Q,44.936571,7,m3/s,mask_to_corrib_inflow
2022,10,30031,Cong Weir,Q,40.755429,7,m3/s,mask_to_corrib_inflow
2022,11,30031,Cong Weir,Q,40.751857,7,m3/s,mask_to_corrib_inflow
2022,12,30031,Cong Weir,Q,35.939571,7,m3/s,mask_to_corrib_inflow
2022,13,30031,Cong Weir,Q,29.524,7,m3/s,mask_to_corrib_inflow
2022,14,30031,Cong Weir,Q,23.957857,7,m3/s,mask_to_corrib_inflow
2022,15,30031,Cong Weir,Q,19.273286,7,m3/s,mask_to_corrib_inflow
2022,16,30031,Cong Weir,Q,18.122429,7,m3/s,mask_to_corrib_inflow
2022,17,30031,Cong Weir,Q,15.45,7,m3/s,mask_to_corrib_inflow
2022,18,30031,Cong Weir,Q,13.92,7,m3/s,mask_to_corrib_inflow
2022,19,30031,Cong Weir,Q,15.576286,7,m3/s,mask_to_corrib_inflow
2022,20,30031,Cong Weir,Q,15.875429,7,m3/s,mask_to_corrib_inflow
2022,21,30031,Cong Weir,Q,16.024857,7,m3/s,mask_to_corrib_inflow
2022,22,30031,Cong Weir,Q,14.067,7,m3/s,mask_to_corrib_inflow
2022,23,30031,Cong Weir,Q,12.573857,7,m3/s,mask_to_corrib_inflow
2022,24,30031,Cong Weir,Q,11.836429,7,m3/s,mask_to_corrib_inflow
2022,25,30031,Cong Weir,Q,11.135429,7,m3/s,mask_to_corrib_inflow
2022,26,30031,Cong Weir,Q,16.795857,7,m3/s,mask_to_corrib_inflow
2022,27,30031,Cong Weir,Q,15.847571,7,m3/s,mask_to_corrib_inflow
2022,28,30031,Cong Weir,Q,13.330571,7,m3/s,mask_to_corrib_inflow
2022,29,30031,Cong Weir,Q,11.483143,7,m3/s,mask_to_corrib_inflow
2022,30,30031,Cong Weir,Q,10.639,7,m3/s,mask_to_corrib_inflow
2022,31,30031,Cong Weir,Q,10.506571,7,m3/s,mask_to_corrib_inflow
2022,32,30031,Cong Weir,Q,9.168286,7,m3/s,mask_to_corrib_inflow
2022,33,30031,Cong Weir,Q,7.709714,7,m3/s,mask_to_corrib_inflow
2022,34,30031,Cong Weir,Q,6.778571,7,m3/s,mask_to_corrib_inflow
2022,35,30031,Cong Weir,Q,6.022571,7,m3/s,mask_to_corrib_inflow
2022,36,30031,Cong Weir,Q,6.685143,7,m3/s,mask_to_corrib_inflow
2022,37,30031,Cong Weir,Q,6.546714,7,m3/s,mask_to_corrib_inflow
2022,38,30031,Cong Weir,Q,6.122429,7,m3/s,mask_to_corrib_inflow
2022,39,30031,Cong Weir,Q,7.068,7,m3/s,mask_to_corrib_inflow
2022,40,30031,Cong Weir,Q,13.171429,7,m3/s,mask_to_corrib_inflow
2022,41,30031,Cong Weir,Q,17.780714,7,m3/s,mask_to_corrib_inflow
2022,42,30031,Cong Weir,Q,23.999286,7,m3/s,mask_to_corrib_inflow
2022,43,30031,Cong Weir,Q,30.192143,7,m3/s,mask_to_corrib_inflow
2022,44,30031,Cong Weir,Q,39.340857,7,m3/s,mask_to_corrib_inflow
2022,45,30031,Cong Weir,Q,49.425429,7,m3/s,mask_to_corrib_inflow
2022,46,30031,Cong Weir,Q,50.291143,7,m3/s,mask_to_corrib_inflow
2022,47,30031,Cong Weir,Q,53.690286,7,m3/s,mask_to_corrib_inflow
2022,48,30031,Cong Weir,Q,58.649,7,m3/s,mask_to_corrib_inflow
2022,49,30031,Cong Weir,Q,49.828,7,m3/s,mask_to_corrib_inflow
2022,50,30031,Cong Weir,Q,42.131857,7,m3/s,mask_to_corrib_inflow
2022,51,30031,Cong Weir,Q,43.478714,7,m3/s,mask_to_corrib_inflow
2022,52,30031,Cong Weir,Q,52.435286,7,m3/s,mask_to_corrib_inflow
2023,1,30031,Cong Weir,Q,59.927286,7,m3/s,mask_to_corrib_inflow
2023,2,30031,Cong Weir,Q,71.391571,7,m3/s,mask_to_corrib_inflow
2023,3,30031,Cong Weir,Q,72.341571,7,m3/s,mask_to_corrib_inflow
2023,4,30031,Cong Weir,Q,63.828857,7,m3/s,mask_to_corrib_inflow
2023,5,30031,Cong Weir,Q,52.406429,7,m3/s,mask_to_corrib_inflow
2023,6,30031,Cong Weir,Q,44.142286,7,m3/s,mask_to_corrib_inflow
2023,7,30031,Cong Weir,Q,38.176714,7,m3/s,mask_to_corrib_inflow
2023,8,30031,Cong Weir,Q,34.652429,7,m3/s,mask_to_corrib_inflow
2023,9,30031,Cong Weir,Q,29.086571,7,m3/s,mask_to_corrib_inflow
2023,10,30031,Cong Weir,Q,23.657143,7,m3/s,mask_to_corrib_inflow
2023,11,30031,Cong Weir,Q,32.586429,7,m3/s,mask_to_corrib_inflow
2023,12,30031,Cong Weir,Q,42.499143,7,m3/s,mask_to_corrib_inflow
2023,13,30031,Cong Weir,Q,44.550857,7,m3/s,mask_to_corrib_inflow
2023,14,30031,Cong Weir,Q,41.460143,7,m3/s,mask_to_corrib_inflow
2023,15,30031,Cong Weir,Q,40.112286,7,m3/s,mask_to_corrib_inflow
2023,16,30031,Cong Weir,Q,36.859429,7,m3/s,mask_to_corrib_inflow
2023,17,30031,Cong Weir,Q,31.464857,7,m3/s,mask_to_corrib_inflow
2023,18,30031,Cong Weir,Q,26.694857,7,m3/s,mask_to_corrib_inflow
2023,19,30031,Cong Weir,Q,25.721429,7,m3/s,mask_to_corrib_inflow
2023,20,30031,Cong Weir,Q,21.710286,7,m3/s,mask_to_corrib_inflow
2023,21,30031,Cong Weir,Q,16.918857,7,m3/s,mask_to_corrib_inflow
2023,22,30031,Cong Weir,Q,13.996571,7,m3/s,mask_to_corrib_inflow
2023,23,30031,Cong Weir,Q,11.844429,7,m3/s,mask_to_corrib_inflow
2023,24,30031,Cong Weir,Q,10.068714,7,m3/s,mask_to_corrib_inflow
2023,25,30031,Cong Weir,Q,9.625857,7,m3/s,mask_to_corrib_inflow
2023,26,30031,Cong Weir,Q,10.627286,7,m3/s,mask_to_corrib_inflow
2023,27,30031,Cong Weir,Q,11.708286,7,m3/s,mask_to_corrib_inflow
2023,28,30031,Cong Weir,Q,16.184857,7,m3/s,mask_to_corrib_inflow
2023,29,30031,Cong Weir,Q,23.205286,7,m3/s,mask_to_corrib_inflow
2023,30,30031,Cong Weir,Q,21.829714,7,m3/s,mask_to_corrib_inflow
2023,31,30031,Cong Weir,Q,23.785429,7,m3/s,mask_to_corrib_inflow
2023,32,30031,Cong Weir,Q,24.744,7,m3/s,mask_to_corrib_inflow
2023,33,30031,Cong Weir,Q,24.856714,7,m3/s,mask_to_corrib_inflow
2023,34,30031,Cong Weir,Q,26.115286,7,m3/s,mask_to_corrib_inflow
2023,35,30031,Cong Weir,Q,22.333857,7,m3/s,mask_to_corrib_inflow
2023,36,30031,Cong Weir,Q,18.080429,7,m3/s,mask_to_corrib_inflow
2023,37,30031,Cong Weir,Q,15.193714,7,m3/s,mask_to_corrib_inflow
2023,38,30031,Cong Weir,Q,16.314429,7,m3/s,mask_to_corrib_inflow
2023,39,30031,Cong Weir,Q,28.689286,7,m3/s,mask_to_corrib_inflow
2023,40,30031,Cong Weir,Q,34.152857,7,m3/s,mask_to_corrib_inflow
2023,41,30031,Cong Weir,Q,32.517714,7,m3/s,mask_to_corrib_inflow
2023,42,30031,Cong Weir,Q,34.325,7,m3/s,mask_to_corrib_inflow
2023,43,30031,Cong Weir,Q,39.664429,7,m3/s,mask_to_corrib_inflow
2023,44,30031,Cong Weir,Q,40.492286,7,m3/s,mask_to_corrib_inflow
2023,45,30031,Cong Weir,Q,42.419714,7,m3/s,mask_to_corrib_inflow
2023,46,30031,Cong Weir,Q,50.944857,7,m3/s,mask_to_corrib_inflow
2023,47,30031,Cong Weir,Q,53.625143,7,m3/s,mask_to_corrib_inflow
2023,48,30031,Cong Weir,Q,47.197857,7,m3/s,mask_to_corrib_inflow
2023,49,30031,Cong Weir,Q,45.742286,7,m3/s,mask_to_corrib_inflow
2023,50,30031,Cong Weir,Q,55.806429,7,m3/s,mask_to_corrib_inflow
2023,51,30031,Cong Weir,Q,57.231,7,m3/s,mask_to_corrib_inflow
2023,52,30031,Cong Weir,Q,61.737714,7,m3/s,mask_to_corrib_inflow
2024,1,30031,Cong Weir,Q,71.55,7,m3/s,mask_to_corrib_inflow
2024,2,30031,Cong Weir,Q,62.672143,7,m3/s,mask_to_corrib_inflow
2024,3,30031,Cong Weir,Q,52.396429,7,m3/s,mask_to_corrib_inflow
2024,4,30031,Cong Weir,Q,65.341571,7,m3/s,mask_to_corrib_inflow
2024,5,30031,Cong Weir,Q,62.746571,7,m3/s,mask_to_corrib_inflow
2024,6,30031,Cong Weir,Q,58.033714,7,m3/s,mask_to_corrib_inflow
2024,7,30031,Cong Weir,Q,56.784286,7,m3/s,mask_to_corrib_inflow
2024,8,30031,Cong Weir,Q,55.310571,7,m3/s,mask_to_corrib_inflow
2024,9,30031,Cong Weir,Q,52.983286,7,m3/s,mask_to_corrib_inflow
2024,10,30031,Cong Weir,Q,50.345857,7,m3/s,mask_to_corrib_inflow
2024,11,30031,Cong Weir,Q,48.670571,7,m3/s,mask_to_corrib_inflow
2024,12,30031,Cong Weir,Q,49.812,7,m3/s,mask_to_corrib_inflow
2024,13,30031,Cong Weir,Q,50.101571,7,m3/s,mask_to_corrib_inflow
2024,14,30031,Cong Weir,Q,46.478143,7,m3/s,mask_to_corrib_inflow
2024,15,30031,Cong Weir,Q,48.195857,7,m3/s,mask_to_corrib_inflow
2024,16,30031,Cong Weir,Q,47.160714,7,m3/s,mask_to_corrib_inflow
2024,17,30031,Cong Weir,Q,40.537,7,m3/s,mask_to_corrib_inflow
2024,18,30031,Cong Weir,Q,35.047,7,m3/s,mask_to_corrib_inflow
2024,19,30031,Cong Weir,Q,28.932,7,m3/s,mask_to_corrib_inflow
2024,20,30031,Cong Weir,Q,24.043,7,m3/s,mask_to_corrib_inflow
2024,21,30031,Cong Weir,Q,19.266429,7,m3/s,mask_to_corrib_inflow
2024,22,30031,Cong Weir,Q,16.665429,7,m3/s,mask_to_corrib_inflow
2024,23,30031,Cong Weir,Q,14.311429,7,m3/s,mask_to_corrib_inflow
2024,24,30031,Cong Weir,Q,12.690857,7,m3/s,mask_to_corrib_inflow
2024,25,30031,Cong Weir,Q,12.059,7,m3/s,mask_to_corrib_inflow
2024,26,30031,Cong Weir,Q,11.628714,7,m3/s,mask_to_corrib_inflow
2024,27,30031,Cong Weir,Q,10.921714,7,m3/s,mask_to_corrib_inflow
2024,28,30031,Cong Weir,Q,9.424286,7,m3/s,mask_to_corrib_inflow
2024,29,30031,Cong Weir,Q,8.432143,7,m3/s,mask_to_corrib_inflow
2024,30,30031,Cong Weir,Q,8.36,7,m3/s,mask_to_corrib_inflow
2024,31,30031,Cong Weir,Q,8.003,7,m3/s,mask_to_corrib_inflow
2024,32,30031,Cong Weir,Q,11.666714,7,m3/s,mask_to_corrib_inflow
2024,33,30031,Cong Weir,Q,13.33,7,m3/s,mask_to_corrib_inflow
2024,34,30031,Cong Weir,Q,17.473714,7,m3/s,mask_to_corrib_inflow
2024,35,30031,Cong Weir,Q,27.100429,7,m3/s,mask_to_corrib_inflow
2024,36,30031,Cong Weir,Q,24.887143,7,m3/s,mask_to_corrib_inflow
2024,37,30031,Cong Weir,Q,19.935714,7,m3/s,mask_to_corrib_inflow
2024,38,30031,Cong Weir,Q,17.912429,7,m3/s,mask_to_corrib_inflow
2024,39,30031,Cong Weir,Q,14.580286,7,m3/s,mask_to_corrib_inflow
2024,40,30031,Cong Weir,Q,12.786286,7,m3/s,mask_to_corrib_inflow
2024,41,30031,Cong Weir,Q,12.814857,7,m3/s,mask_to_corrib_inflow
2024,42,30031,Cong Weir,Q,12.821,7,m3/s,mask_to_corrib_inflow
2024,43,30031,Cong Weir,Q,21.342571,7,m3/s,mask_to_corrib_inflow
2024,44,30031,Cong Weir,Q,26.398143,7,m3/s,mask_to_corrib_inflow
2024,45,30031,Cong Weir,Q,22.586571,7,m3/s,mask_to_corrib_inflow
2024,46,30031,Cong Weir,Q,18.244286,7,m3/s,mask_to_corrib_inflow
2024,47,30031,Cong Weir,Q,22.844714,7,m3/s,mask_to_corrib_inflow
2024,48,30031,Cong Weir,Q,39.616286,7,m3/s,mask_to_corrib_inflow
2024,49,30031,Cong Weir,Q,44.718714,7,m3/s,mask_to_corrib_inflow
2024,50,30031,Cong Weir,Q,46.408571,7,m3/s,mask_to_corrib_inflow
2024,51,30031,Cong Weir,Q,43.155286,7,m3/s,mask_to_corrib_inflow
2024,52,30031,Cong Weir,Q,41.773571,7,m3/s,mask_to_corrib_inflow
2025,1,30031,Cong Weir,Q,40.920286,7,m3/s,mask_to_corrib_inflow
2025,2,30031,Cong Weir,Q,38.164857,7,m3/s,mask_to_corrib_inflow
2025,3,30031,Cong Weir,Q,37.006857,7,m3/s,mask_to_corrib_inflow
2025,4,30031,Cong Weir,Q,36.253286,7,m3/s,mask_to_corrib_inflow
2025,5,30031,Cong Weir,Q,42.848286,7,m3/s,mask_to_corrib_inflow
2025,6,30031,Cong Weir,Q,47.199429,7,m3/s,mask_to_corrib_inflow
2025,7,30031,Cong Weir,Q,43.138571,7,m3/s,mask_to_corrib_inflow
2025,8,30031,Cong Weir,Q,46.5,7,m3/s,mask_to_corrib_inflow
2025,9,30031,Cong Weir,Q,53.936571,7,m3/s,mask_to_corrib_inflow
2025,10,30031,Cong Weir,Q,50.539,7,m3/s,mask_to_corrib_inflow
2025,11,30031,Cong Weir,Q,45.176857,7,m3/s,mask_to_corrib_inflow
2025,12,30031,Cong Weir,Q,37.307143,7,m3/s,mask_to_corrib_inflow
2025,13,30031,Cong Weir,Q,31.210429,7,m3/s,mask_to_corrib_inflow
2025,14,30031,Cong Weir,Q,25.852714,7,m3/s,mask_to_corrib_inflow
2025,15,30031,Cong Weir,Q,19.441857,7,m3/s,mask_to_corrib_inflow
2025,16,30031,Cong Weir,Q,16.182,7,m3/s,mask_to_corrib_inflow
2025,17,30031,Cong Weir,Q,20.951429,7,m3/s,mask_to_corrib_inflow
2025,18,30031,Cong Weir,Q,25.264143,7,m3/s,mask_to_corrib_inflow
2025,19,30031,Cong Weir,Q,19.775286,7,m3/s,mask_to_corrib_inflow
2025,20,30031,Cong Weir,Q,15.414571,7,m3/s,mask_to_corrib_inflow
2025,21,30031,Cong Weir,Q,13.138714,7,m3/s,mask_to_corrib_inflow
2025,22,30031,Cong Weir,Q,12.711286,7,m3/s,mask_to_corrib_inflow
2025,23,30031,Cong Weir,Q,13.716,7,m3/s,mask_to_corrib_inflow
2025,24,30031,Cong Weir,Q,13.802,7,m3/s,mask_to_corrib_inflow
2025,25,30031,Cong Weir,Q,13.554857,7,m3/s,mask_to_corrib_inflow
2025,26,30031,Cong Weir,Q,13.078286,7,m3/s,mask_to_corrib_inflow
2025,27,30031,Cong Weir,Q,15.562571,7,m3/s,mask_to_corrib_inflow
2025,28,30031,Cong Weir,Q,15.483571,7,m3/s,mask_to_corrib_inflow
2025,29,30031,Cong Weir,Q,15.114143,7,m3/s,mask_to_corrib_inflow
2025,30,30031,Cong Weir,Q,16.331143,7,m3/s,mask_to_corrib_inflow
2025,31,30031,Cong Weir,Q,15.252286,7,m3/s,mask_to_corrib_inflow
2025,32,30031,Cong Weir,Q,14.562143,7,m3/s,mask_to_corrib_inflow
2025,33,30031,Cong Weir,Q,13.124429,7,m3/s,mask_to_corrib_inflow
2025,34,30031,Cong Weir,Q,11.335286,7,m3/s,mask_to_corrib_inflow
2025,35,30031,Cong Weir,Q,11.043286,7,m3/s,mask_to_corrib_inflow
2025,36,30031,Cong Weir,Q,16.781714,7,m3/s,mask_to_corrib_inflow
2025,37,30031,Cong Weir,Q,19.222571,7,m3/s,mask_to_corrib_inflow
2025,38,30031,Cong Weir,Q,30.375714,7,m3/s,mask_to_corrib_inflow
2025,39,30031,Cong Weir,Q,29.778857,7,m3/s,mask_to_corrib_inflow
2025,40,30031,Cong Weir,Q,37.484143,7,m3/s,mask_to_corrib_inflow
2025,41,30031,Cong Weir,Q,46.034286,7,m3/s,mask_to_corrib_inflow
2025,42,30031,Cong Weir,Q,39.945143,7,m3/s,mask_to_corrib_inflow
2025,43,30031,Cong Weir,Q,36.668,7,m3/s,mask_to_corrib_inflow
2025,44,30031,Cong Weir,Q,35.258,7,m3/s,mask_to_corrib_inflow
2025,45,30031,Cong Weir,Q,40.898143,7,m3/s,mask_to_corrib_inflow
2025,46,30031,Cong Weir,Q,47.827857,7,m3/s,mask_to_corrib_inflow
2025,47,30031,Cong Weir,Q,46.613571,7,m3/s,mask_to_corrib_inflow
2025,48,30031,Cong Weir,Q,47.294429,7,m3/s,mask_to_corrib_inflow
2025,49,30031,Cong Weir,Q,50.159286,7,m3/s,mask_to_corrib_inflow
2025,50,30031,Cong Weir,Q,60.033333,3,m3/s,mask_to_corrib_inflow
2009,14,30061,Wolfe Tone Br,Q,50.605,6,m3/s,primary_corrib_outflow
2009,15,30061,Wolfe Tone Br,Q,56.730286,7,m3/s,primary_corrib_outflow
2009,16,30061,Wolfe Tone Br,Q,96.351286,7,m3/s,primary_corrib_outflow
2009,17,30061,Wolfe Tone Br,Q,61.303,7,m3/s,primary_corrib_outflow
2009,18,30061,Wolfe Tone Br,Q,90.576857,7,m3/s,primary_corrib_outflow
2009,19,30061,Wolfe Tone Br,Q,83.408571,7,m3/s,primary_corrib_outflow
2009,20,30061,Wolfe Tone Br,Q,100.593714,7,m3/s,primary_corrib_outflow
2009,21,30061,Wolfe Tone Br,Q,131.984143,7,m3/s,primary_corrib_outflow
2009,22,30061,Wolfe Tone Br,Q,79.450429,7,m3/s,primary_corrib_outflow
2009,23,30061,Wolfe Tone Br,Q,47.976143,7,m3/s,primary_corrib_outflow
2009,24,30061,Wolfe Tone Br,Q,33.270143,7,m3/s,primary_corrib_outflow
2009,25,30061,Wolfe Tone Br,Q,36.005,7,m3/s,primary_corrib_outflow
2009,26,30061,Wolfe Tone Br,Q,32.806714,7,m3/s,primary_corrib_outflow
2009,27,30061,Wolfe Tone Br,Q,31.620286,7,m3/s,primary_corrib_outflow
2009,28,30061,Wolfe Tone Br,Q,34.560286,7,m3/s,primary_corrib_outflow
2009,29,30061,Wolfe Tone Br,Q,53.047714,7,m3/s,primary_corrib_outflow
2009,30,30061,Wolfe Tone Br,Q,57.662857,7,m3/s,primary_corrib_outflow
2009,31,30061,Wolfe Tone Br,Q,69.151571,7,m3/s,primary_corrib_outflow
2009,32,30061,Wolfe Tone Br,Q,66.357714,7,m3/s,primary_corrib_outflow
2009,33,30061,Wolfe Tone Br,Q,60.248714,7,m3/s,primary_corrib_outflow
2009,34,30061,Wolfe Tone Br,Q,129.963857,7,m3/s,primary_corrib_outflow
2009,35,30061,Wolfe Tone Br,Q,171.187571,7,m3/s,primary_corrib_outflow
2009,36,30061,Wolfe Tone Br,Q,175.807286,7,m3/s,primary_corrib_outflow
2009,37,30061,Wolfe Tone Br,Q,171.441143,7,m3/s,primary_corrib_outflow
2009,38,30061,Wolfe Tone Br,Q,126.081286,7,m3/s,primary_corrib_outflow
2009,39,30061,Wolfe Tone Br,Q,101.797714,7,m3/s,primary_corrib_outflow
2009,40,30061,Wolfe Tone Br,Q,71.149429,7,m3/s,primary_corrib_outflow
2009,41,30061,Wolfe Tone Br,Q,47.903714,7,m3/s,primary_corrib_outflow
2009,42,30061,Wolfe Tone Br,Q,40.074,7,m3/s,primary_corrib_outflow
2009,43,30061,Wolfe Tone Br,Q,53.862571,7,m3/s,primary_corrib_outflow
2009,44,30061,Wolfe Tone Br,Q,82.277286,7,m3/s,primary_corrib_outflow
2009,45,30061,Wolfe Tone Br,Q,135.287714,7,m3/s,primary_corrib_outflow
2009,46,30061,Wolfe Tone Br,Q,166.151429,7,m3/s,primary_corrib_outflow
2009,47,30061,Wolfe Tone Br,Q,238.551714,7,m3/s,primary_corrib_outflow
2009,48,30061,Wolfe Tone Br,Q,321.953571,7,m3/s,primary_corrib_outflow
2009,49,30061,Wolfe Tone Br,Q,297.842286,7,m3/s,primary_corrib_outflow
2009,50,30061,Wolfe Tone Br,Q,267.194286,7,m3/s,primary_corrib_outflow
2009,51,30061,Wolfe Tone Br,Q,208.149714,7,m3/s,primary_corrib_outflow
2009,52,30061,Wolfe Tone Br,Q,173.489286,7,m3/s,primary_corrib_outflow
2009,53,30061,Wolfe Tone Br,Q,163.704857,7,m3/s,primary_corrib_outflow
2010,1,30061,Wolfe Tone Br,Q,140.462286,7,m3/s,primary_corrib_outflow
2010,2,30061,Wolfe Tone Br,Q,93.237,7,m3/s,primary_corrib_outflow
2010,3,30061,Wolfe Tone Br,Q,130.112143,7,m3/s,primary_corrib_outflow
2010,4,30061,Wolfe Tone Br,Q,114.551571,7,m3/s,primary_corrib_outflow
2010,5,30061,Wolfe Tone Br,Q,102.476429,7,m3/s,primary_corrib_outflow
2010,6,30061,Wolfe Tone Br,Q,76.911,7,m3/s,primary_corrib_outflow
2010,7,30061,Wolfe Tone Br,Q,69.587857,7,m3/s,primary_corrib_outflow
2010,8,30061,Wolfe Tone Br,Q,71.433857,7,m3/s,primary_corrib_outflow
2010,9,30061,Wolfe Tone Br,Q,31.337143,7,m3/s,primary_corrib_outflow
2010,10,30061,Wolfe Tone Br,Q,31.228429,7,m3/s,primary_corrib_outflow
2010,11,30061,Wolfe Tone Br,Q,29.477143,7,m3/s,primary_corrib_outflow
2010,12,30061,Wolfe Tone Br,Q,35.512429,7,m3/s,primary_corrib_outflow
2010,13,30061,Wolfe Tone Br,Q,97.715286,7,m3/s,primary_corrib_outflow
2010,14,30061,Wolfe Tone Br,Q,166.196286,7,m3/s,primary_corrib_outflow
2010,15,30061,Wolfe Tone Br,Q,137.713143,7,m3/s,primary_corrib_outflow
2010,16,30061,Wolfe Tone Br,Q,83.436286,7,m3/s,primary_corrib_outflow
2010,17,30061,Wolfe Tone Br,Q,76.621857,7,m3/s,primary_corrib_outflow
2010,18,30061,Wolfe Tone Br,Q,42.091,7,m3/s,primary_corrib_outflow
2010,19,30061,Wolfe Tone Br,Q,31.806714,7,m3/s,primary_corrib_outflow
2010,20,30061,Wolfe Tone Br,Q,30.914286,7,m3/s,primary_corrib_outflow
2010,21,30061,Wolfe Tone Br,Q,28.604857,7,m3/s,primary_corrib_outflow
2010,22,30061,Wolfe Tone Br,Q,24.897429,7,m3/s,primary_corrib_outflow
2010,23,30061,Wolfe Tone Br,Q,24.418143,7,m3/s,primary_corrib_outflow
2010,24,30061,Wolfe Tone Br,Q,22.124143,7,m3/s,primary_corrib_outflow
2010,25,30061,Wolfe Tone Br,Q,13.6,7,m3/s,primary_corrib_outflow
2010,26,30061,Wolfe Tone Br,Q,12.079143,7,m3/s,primary_corrib_outflow
2010,27,30061,Wolfe Tone Br,Q,15.223286,7,m3/s,primary_corrib_outflow
2010,28,30061,Wolfe Tone Br,Q,39.709286,7,m3/s,primary_corrib_outflow
2010,29,30061,Wolfe Tone Br,Q,58.250143,7,m3/s,primary_corrib_outflow
2010,30,30061,Wolfe Tone Br,Q,39.308286,7,m3/s,primary_corrib_outflow
2010,31,30061,Wolfe Tone Br,Q,31.509571,7,m3/s,primary_corrib_outflow
2010,32,30061,Wolfe Tone Br,Q,26.527143,7,m3/s,primary_corrib_outflow
2010,33,30061,Wolfe Tone Br,Q,24.688571,7,m3/s,primary_corrib_outflow
2010,34,30061,Wolfe Tone Br,Q,41.437714,7,m3/s,primary_corrib_outflow
2010,35,30061,Wolfe Tone Br,Q,20.618857,7,m3/s,primary_corrib_outflow
2010,36,30061,Wolfe Tone Br,Q,36.897286,7,m3/s,primary_corrib_outflow
2010,37,30061,Wolfe Tone Br,Q,96.025571,7,m3/s,primary_corrib_outflow
2010,38,30061,Wolfe Tone Br,Q,93.596,7,m3/s,primary_corrib_outflow
2010,39,30061,Wolfe Tone Br,Q,80.258857,7,m3/s,primary_corrib_outflow
2010,40,30061,Wolfe Tone Br,Q,49.884857,7,m3/s,primary_corrib_outflow
2010,41,30061,Wolfe Tone Br,Q,68.116286,7,m3/s,primary_corrib_outflow
2010,42,30061,Wolfe Tone Br,Q,60.84,7,m3/s,primary_corrib_outflow
2010,43,30061,Wolfe Tone Br,Q,76.343857,7,m3/s,primary_corrib_outflow
2010,44,30061,Wolfe Tone Br,Q,146.005286,7,m3/s,primary_corrib_outflow
2010,45,30061,Wolfe Tone Br,Q,186.876286,7,m3/s,primary_corrib_outflow
2010,46,30061,Wolfe Tone Br,Q,178.054714,7,m3/s,primary_corrib_outflow
2010,47,30061,Wolfe Tone Br,Q,156.397857,7,m3/s,primary_corrib_outflow
2010,48,30061,Wolfe Tone Br,Q,115.484857,7,m3/s,primary_corrib_outflow
2010,49,30061,Wolfe Tone Br,Q,82.029571,7,m3/s,primary_corrib_outflow
2010,50,30061,Wolfe Tone Br,Q,75.253429,7,m3/s,primary_corrib_outflow
2010,51,30061,Wolfe Tone Br,Q,58.214,7,m3/s,primary_corrib_outflow
2010,52,30061,Wolfe Tone Br,Q,106.257143,7,m3/s,primary_corrib_outflow
2011,1,30061,Wolfe Tone Br,Q,96.042,7,m3/s,primary_corrib_outflow
2011,2,30061,Wolfe Tone Br,Q,109.454857,7,m3/s,primary_corrib_outflow
2011,3,30061,Wolfe Tone Br,Q,159.073714,7,m3/s,primary_corrib_outflow
2011,4,30061,Wolfe Tone Br,Q,132.807714,7,m3/s,primary_corrib_outflow
2011,5,30061,Wolfe Tone Br,Q,102.278571,7,m3/s,primary_corrib_outflow
2011,6,30061,Wolfe Tone Br,Q,185.800286,7,m3/s,primary_corrib_outflow
2011,7,30061,Wolfe Tone Br,Q,174.377143,7,m3/s,primary_corrib_outflow
2011,8,30061,Wolfe Tone Br,Q,157.417714,7,m3/s,primary_corrib_outflow
2011,9,30061,Wolfe Tone Br,Q,132.886714,7,m3/s,primary_corrib_outflow
2011,10,30061,Wolfe Tone Br,Q,95.487,7,m3/s,primary_corrib_outflow
2011,11,30061,Wolfe Tone Br,Q,93.77,7,m3/s,primary_corrib_outflow
2011,12,30061,Wolfe Tone Br,Q,80.331143,7,m3/s,primary_corrib_outflow
2011,13,30061,Wolfe Tone Br,Q,64.296286,7,m3/s,primary_corrib_outflow
2011,14,30061,Wolfe Tone Br,Q,125.737571,7,m3/s,primary_corrib_outflow
2011,15,30061,Wolfe Tone Br,Q,121.859857,7,m3/s,primary_corrib_outflow
2011,16,30061,Wolfe Tone Br,Q,75.659571,7,m3/s,primary_corrib_outflow
2011,17,30061,Wolfe Tone Br,Q,51.686143,7,m3/s,primary_corrib_outflow
2011,18,30061,Wolfe Tone Br,Q,39.781429,7,m3/s,primary_corrib_outflow
2011,19,30061,Wolfe Tone Br,Q,45.296714,7,m3/s,primary_corrib_outflow
2011,20,30061,Wolfe Tone Br,Q,44.208714,7,m3/s,primary_corrib_outflow
2011,21,30061,Wolfe Tone Br,Q,103.206857,7,m3/s,primary_corrib_outflow
2011,22,30061,Wolfe Tone Br,Q,50.2,7,m3/s,primary_corrib_outflow
2011,23,30061,Wolfe Tone Br,Q,45.512429,7,m3/s,primary_corrib_outflow
2011,24,30061,Wolfe Tone Br,Q,38.604286,7,m3/s,primary_corrib_outflow
2011,25,30061,Wolfe Tone Br,Q,36.456571,7,m3/s,primary_corrib_outflow
2011,26,30061,Wolfe Tone Br,Q,64.957571,7,m3/s,primary_corrib_outflow
2011,27,30061,Wolfe Tone Br,Q,36.760714,7,m3/s,primary_corrib_outflow
2011,28,30061,Wolfe Tone Br,Q,39.231714,7,m3/s,primary_corrib_outflow
2011,29,30061,Wolfe Tone Br,Q,37.653,7,m3/s,primary_corrib_outflow
2011,30,30061,Wolfe Tone Br,Q,31.429286,7,m3/s,primary_corrib_outflow
2011,31,30061,Wolfe Tone Br,Q,27.742143,7,m3/s,primary_corrib_outflow
2011,32,30061,Wolfe Tone Br,Q,31.610429,7,m3/s,primary_corrib_outflow
2011,33,30061,Wolfe Tone Br,Q,38.492,7,m3/s,primary_corrib_outflow
2011,34,30061,Wolfe Tone Br,Q,37.269143,7,m3/s,primary_corrib_outflow
2011,35,30061,Wolfe Tone Br,Q,31.153143,7,m3/s,primary_corrib_outflow
2011,36,30061,Wolfe Tone Br,Q,89.496,7,m3/s,primary_corrib_outflow
2011,37,30061,Wolfe Tone Br,Q,110.251,7,m3/s,primary_corrib_outflow
2011,38,30061,Wolfe Tone Br,Q,119.098571,7,m3/s,primary_corrib_outflow
2011,39,30061,Wolfe Tone Br,Q,105.375857,7,m3/s,primary_corrib_outflow
2011,40,30061,Wolfe Tone Br,Q,114.529429,7,m3/s,primary_corrib_outflow
2011,41,30061,Wolfe Tone Br,Q,124.345571,7,m3/s,primary_corrib_outflow
2011,42,30061,Wolfe Tone Br,Q,139.322714,7,m3/s,primary_corrib_outflow
2011,43,30061,Wolfe Tone Br,Q,160.417714,7,m3/s,primary_corrib_outflow
2011,44,30061,Wolfe Tone Br,Q,165.497571,7,m3/s,primary_corrib_outflow
2011,45,30061,Wolfe Tone Br,Q,144.175857,7,m3/s,primary_corrib_outflow
2011,46,30061,Wolfe Tone Br,Q,121.594143,7,m3/s,primary_corrib_outflow
2011,47,30061,Wolfe Tone Br,Q,154.455143,7,m3/s,primary_corrib_outflow
2011,48,30061,Wolfe Tone Br,Q,214.519571,7,m3/s,primary_corrib_outflow
2011,49,30061,Wolfe Tone Br,Q,225.853571,7,m3/s,primary_corrib_outflow
2011,50,30061,Wolfe Tone Br,Q,242.221286,7,m3/s,primary_corrib_outflow
2011,51,30061,Wolfe Tone Br,Q,241.626286,7,m3/s,primary_corrib_outflow
2011,52,30061,Wolfe Tone Br,Q,250.443714,7,m3/s,primary_corrib_outflow
2012,1,30061,Wolfe Tone Br,Q,284.349,7,m3/s,primary_corrib_outflow
2012,2,30061,Wolfe Tone Br,Q,251.633286,7,m3/s,primary_corrib_outflow
2012,3,30061,Wolfe Tone Br,Q,207.772286,7,m3/s,primary_corrib_outflow
2012,4,30061,Wolfe Tone Br,Q,173.830286,7,m3/s,primary_corrib_outflow
2012,5,30061,Wolfe Tone Br,Q,171.327714,7,m3/s,primary_corrib_outflow
2012,6,30061,Wolfe Tone Br,Q,155.88,7,m3/s,primary_corrib_outflow
2012,7,30061,Wolfe Tone Br,Q,135.956286,7,m3/s,primary_corrib_outflow
2012,8,30061,Wolfe Tone Br,Q,139.384143,7,m3/s,primary_corrib_outflow
2012,9,30061,Wolfe Tone Br,Q,138.416571,7,m3/s,primary_corrib_outflow
2012,10,30061,Wolfe Tone Br,Q,103.924,7,m3/s,primary_corrib_outflow
2012,11,30061,Wolfe Tone Br,Q,75.88,7,m3/s,primary_corrib_outflow
2012,12,30061,Wolfe Tone Br,Q,69.287857,7,m3/s,primary_corrib_outflow
2012,13,30061,Wolfe Tone Br,Q,58.777,7,m3/s,primary_corrib_outflow
2012,14,30061,Wolfe Tone Br,Q,50.903143,7,m3/s,primary_corrib_outflow
2012,15,30061,Wolfe Tone Br,Q,49.337571,7,m3/s,primary_corrib_outflow
2012,16,30061,Wolfe Tone Br,Q,50.443,7,m3/s,primary_corrib_outflow
2012,17,30061,Wolfe Tone Br,Q,45.233286,7,m3/s,primary_corrib_outflow
2012,18,30061,Wolfe Tone Br,Q,30.552714,7,m3/s,primary_corrib_outflow
2012,19,30061,Wolfe Tone Br,Q,33.499571,7,m3/s,primary_corrib_outflow
2012,20,30061,Wolfe Tone Br,Q,33.784143,7,m3/s,primary_corrib_outflow
2012,21,30061,Wolfe Tone Br,Q,31.173,7,m3/s,primary_corrib_outflow
2012,22,30061,Wolfe Tone Br,Q,31.789571,7,m3/s,primary_corrib_outflow
2012,23,30061,Wolfe Tone Br,Q,58.972429,7,m3/s,primary_corrib_outflow
2012,24,30061,Wolfe Tone Br,Q,81.550857,7,m3/s,primary_corrib_outflow
2012,25,30061,Wolfe Tone Br,Q,67.718143,7,m3/s,primary_corrib_outflow
2012,26,30061,Wolfe Tone Br,Q,78.205429,7,m3/s,primary_corrib_outflow
2012,27,30061,Wolfe Tone Br,Q,117.065286,7,m3/s,primary_corrib_outflow
2012,28,30061,Wolfe Tone Br,Q,69.237,7,m3/s,primary_corrib_outflow
2012,29,30061,Wolfe Tone Br,Q,59.190857,7,m3/s,primary_corrib_outflow
2012,30,30061,Wolfe Tone Br,Q,100.201286,7,m3/s,primary_corrib_outflow
2012,31,30061,Wolfe Tone Br,Q,97.981857,7,m3/s,primary_corrib_outflow
2012,32,30061,Wolfe Tone Br,Q,62.051143,7,m3/s,primary_corrib_outflow
2012,33,30061,Wolfe Tone Br,Q,63.649,7,m3/s,primary_corrib_outflow
2012,34,30061,Wolfe Tone Br,Q,95.843714,7,m3/s,primary_corrib_outflow
2012,35,30061,Wolfe Tone Br,Q,88.954286,7,m3/s,primary_corrib_outflow
2012,36,30061,Wolfe Tone Br,Q,84.549857,7,m3/s,primary_corrib_outflow
2012,37,30061,Wolfe Tone Br,Q,73.713714,7,m3/s,primary_corrib_outflow
2012,38,30061,Wolfe Tone Br,Q,55.039429,7,m3/s,primary_corrib_outflow
2012,39,30061,Wolfe Tone Br,Q,45.447143,7,m3/s,primary_corrib_outflow
2012,40,30061,Wolfe Tone Br,Q,100.341714,7,m3/s,primary_corrib_outflow
2012,41,30061,Wolfe Tone Br,Q,105.053,7,m3/s,primary_corrib_outflow
2012,42,30061,Wolfe Tone Br,Q,86.620571,7,m3/s,primary_corrib_outflow
2012,43,30061,Wolfe Tone Br,Q,76.717286,7,m3/s,primary_corrib_outflow
2012,44,30061,Wolfe Tone Br,Q,79.478714,7,m3/s,primary_corrib_outflow
2012,45,30061,Wolfe Tone Br,Q,93.998429,7,m3/s,primary_corrib_outflow
2012,46,30061,Wolfe Tone Br,Q,137.764143,7,m3/s,primary_corrib_outflow
2012,47,30061,Wolfe Tone Br,Q,185.271857,7,m3/s,primary_corrib_outflow
2012,48,30061,Wolfe Tone Br,Q,178.552286,7,m3/s,primary_corrib_outflow
2012,49,30061,Wolfe Tone Br,Q,154.305286,7,m3/s,primary_corrib_outflow
2012,50,30061,Wolfe Tone Br,Q,129.556429,7,m3/s,primary_corrib_outflow
2012,51,30061,Wolfe Tone Br,Q,138.525429,7,m3/s,primary_corrib_outflow
2012,52,30061,Wolfe Tone Br,Q,169.410286,7,m3/s,primary_corrib_outflow
2013,1,30061,Wolfe Tone Br,Q,190.362571,7,m3/s,primary_corrib_outflow
2013,2,30061,Wolfe Tone Br,Q,213.888571,7,m3/s,primary_corrib_outflow
2013,3,30061,Wolfe Tone Br,Q,193.621143,7,m3/s,primary_corrib_outflow
2013,4,30061,Wolfe Tone Br,Q,181.980857,7,m3/s,primary_corrib_outflow
2013,5,30061,Wolfe Tone Br,Q,202.849429,7,m3/s,primary_corrib_outflow
2013,6,30061,Wolfe Tone Br,Q,192.412286,7,m3/s,primary_corrib_outflow
2013,7,30061,Wolfe Tone Br,Q,169.070429,7,m3/s,primary_corrib_outflow
2013,8,30061,Wolfe Tone Br,Q,154.968143,7,m3/s,primary_corrib_outflow
2013,9,30061,Wolfe Tone Br,Q,90.428571,7,m3/s,primary_corrib_outflow
2013,10,30061,Wolfe Tone Br,Q,75.737,7,m3/s,primary_corrib_outflow
2013,11,30061,Wolfe Tone Br,Q,75.169143,7,m3/s,primary_corrib_outflow
2013,12,30061,Wolfe Tone Br,Q,67.991857,7,m3/s,primary_corrib_outflow
2013,13,30061,Wolfe Tone Br,Q,44.177143,7,m3/s,primary_corrib_outflow
2013,14,30061,Wolfe Tone Br,Q,41.776429,7,m3/s,primary_corrib_outflow
2013,15,30061,Wolfe Tone Br,Q,28.013857,7,m3/s,primary_corrib_outflow
2013,16,30061,Wolfe Tone Br,Q,94.860857,7,m3/s,primary_corrib_outflow
2013,17,30061,Wolfe Tone Br,Q,102.651857,7,m3/s,primary_corrib_outflow
2013,18,30061,Wolfe Tone Br,Q,68.436,7,m3/s,primary_corrib_outflow
2013,19,30061,Wolfe Tone Br,Q,137.513286,7,m3/s,primary_corrib_outflow
2013,20,30061,Wolfe Tone Br,Q,159.050857,7,m3/s,primary_corrib_outflow
2013,21,30061,Wolfe Tone Br,Q,73.727571,7,m3/s,primary_corrib_outflow
2013,22,30061,Wolfe Tone Br,Q,55.573714,7,m3/s,primary_corrib_outflow
2013,23,30061,Wolfe Tone Br,Q,41.167857,7,m3/s,primary_corrib_outflow
2013,24,30061,Wolfe Tone Br,Q,46.600143,7,m3/s,primary_corrib_outflow
2013,25,30061,Wolfe Tone Br,Q,56.827143,7,m3/s,primary_corrib_outflow
2013,26,30061,Wolfe Tone Br,Q,42.649,7,m3/s,primary_corrib_outflow
2013,27,30061,Wolfe Tone Br,Q,34.040429,7,m3/s,primary_corrib_outflow
2013,28,30061,Wolfe Tone Br,Q,34.022429,7,m3/s,primary_corrib_outflow
2013,29,30061,Wolfe Tone Br,Q,29.881143,7,m3/s,primary_corrib_outflow
2013,30,30061,Wolfe Tone Br,Q,26.475286,7,m3/s,primary_corrib_outflow
2013,31,30061,Wolfe Tone Br,Q,28.485571,7,m3/s,primary_corrib_outflow
2013,32,30061,Wolfe Tone Br,Q,32.496,3,m3/s,primary_corrib_outflow
2013,38,30061,Wolfe Tone Br,Q,28.483,7,m3/s,primary_corrib_outflow
2013,39,30061,Wolfe Tone Br,Q,28.121857,7,m3/s,primary_corrib_outflow
2013,40,30061,Wolfe Tone Br,Q,24.968,7,m3/s,primary_corrib_outflow
2013,41,30061,Wolfe Tone Br,Q,26.413143,7,m3/s,primary_corrib_outflow
2013,42,30061,Wolfe Tone Br,Q,24.505286,7,m3/s,primary_corrib_outflow
2013,43,30061,Wolfe Tone Br,Q,29.172143,7,m3/s,primary_corrib_outflow
2013,44,30061,Wolfe Tone Br,Q,104.015143,7,m3/s,primary_corrib_outflow
2013,45,30061,Wolfe Tone Br,Q,106.243714,7,m3/s,primary_corrib_outflow
2013,46,30061,Wolfe Tone Br,Q,103.026,7,m3/s,primary_corrib_outflow
2013,47,30061,Wolfe Tone Br,Q,104.408429,7,m3/s,primary_corrib_outflow
2013,48,30061,Wolfe Tone Br,Q,80.076,7,m3/s,primary_corrib_outflow
2013,49,30061,Wolfe Tone Br,Q,45.055286,7,m3/s,primary_corrib_outflow
2013,50,30061,Wolfe Tone Br,Q,52.012429,7,m3/s,primary_corrib_outflow
2014,3,30061,Wolfe Tone Br,Q,280.458,3,m3/s,primary_corrib_outflow
2014,4,30061,Wolfe Tone Br,Q,263.877833,6,m3/s,primary_corrib_outflow
2014,5,30061,Wolfe Tone Br,Q,272.710571,7,m3/s,primary_corrib_outflow
2014,6,30061,Wolfe Tone Br,Q,277.262667,6,m3/s,primary_corrib_outflow
2014,7,30061,Wolfe Tone Br,Q,286.657429,7,m3/s,primary_corrib_outflow
2014,8,30061,Wolfe Tone Br,Q,282.903857,7,m3/s,primary_corrib_outflow
2014,9,30061,Wolfe Tone Br,Q,294.274143,7,m3/s,primary_corrib_outflow
2014,10,30061,Wolfe Tone Br,Q,271.37,7,m3/s,primary_corrib_outflow
2014,11,30061,Wolfe Tone Br,Q,238.790857,7,m3/s,primary_corrib_outflow
2014,12,30061,Wolfe Tone Br,Q,198.904143,7,m3/s,primary_corrib_outflow
2014,13,30061,Wolfe Tone Br,Q,191.360571,7,m3/s,primary_corrib_outflow
2014,14,30061,Wolfe Tone Br,Q,167.541714,7,m3/s,primary_corrib_outflow
2014,15,30061,Wolfe Tone Br,Q,118.674714,7,m3/s,primary_corrib_outflow
2014,16,30061,Wolfe Tone Br,Q,95.214,7,m3/s,primary_corrib_outflow
2014,17,30061,Wolfe Tone Br,Q,61.569286,7,m3/s,primary_corrib_outflow
2014,18,30061,Wolfe Tone Br,Q,59.446714,7,m3/s,primary_corrib_outflow
2014,19,30061,Wolfe Tone Br,Q,87.557286,7,m3/s,primary_corrib_outflow
2014,20,30061,Wolfe Tone Br,Q,100.002429,7,m3/s,primary_corrib_outflow
2014,21,30061,Wolfe Tone Br,Q,114.279714,7,m3/s,primary_corrib_outflow
2014,22,30061,Wolfe Tone Br,Q,72.450143,7,m3/s,primary_corrib_outflow
2014,23,30061,Wolfe Tone Br,Q,53.875286,7,m3/s,primary_corrib_outflow
2014,24,30061,Wolfe Tone Br,Q,51.694714,7,m3/s,primary_corrib_outflow
2014,25,30061,Wolfe Tone Br,Q,45.355,7,m3/s,primary_corrib_outflow
2014,26,30061,Wolfe Tone Br,Q,37.825429,7,m3/s,primary_corrib_outflow
2014,27,30061,Wolfe Tone Br,Q,34.806429,7,m3/s,primary_corrib_outflow
2014,28,30061,Wolfe Tone Br,Q,33.880714,7,m3/s,primary_corrib_outflow
2014,29,30061,Wolfe Tone Br,Q,33.108143,7,m3/s,primary_corrib_outflow
2014,30,30061,Wolfe Tone Br,Q,33.709571,7,m3/s,primary_corrib_outflow
2014,31,30061,Wolfe Tone Br,Q,31.267429,7,m3/s,primary_corrib_outflow
2014,32,30061,Wolfe Tone Br,Q,28.350429,7,m3/s,primary_corrib_outflow
2014,33,30061,Wolfe Tone Br,Q,26.820429,7,m3/s,primary_corrib_outflow
2014,34,30061,Wolfe Tone Br,Q,23.676429,7,m3/s,primary_corrib_outflow
2014,35,30061,Wolfe Tone Br,Q,17.878286,7,m3/s,primary_corrib_outflow
2014,36,30061,Wolfe Tone Br,Q,16.596714,7,m3/s,primary_corrib_outflow
2014,37,30061,Wolfe Tone Br,Q,15.505,7,m3/s,primary_corrib_outflow
2014,38,30061,Wolfe Tone Br,Q,15.553571,7,m3/s,primary_corrib_outflow
2014,39,30061,Wolfe Tone Br,Q,14.205857,7,m3/s,primary_corrib_outflow
2014,40,30061,Wolfe Tone Br,Q,12.751286,7,m3/s,primary_corrib_outflow
2014,41,30061,Wolfe Tone Br,Q,13.889143,7,m3/s,primary_corrib_outflow
2014,42,30061,Wolfe Tone Br,Q,14.624143,7,m3/s,primary_corrib_outflow
2014,43,30061,Wolfe Tone Br,Q,55.775,7,m3/s,primary_corrib_outflow
2014,44,30061,Wolfe Tone Br,Q,87.255,7,m3/s,primary_corrib_outflow
2014,45,30061,Wolfe Tone Br,Q,137.920286,7,m3/s,primary_corrib_outflow
2014,46,30061,Wolfe Tone Br,Q,165.314857,7,m3/s,primary_corrib_outflow
2014,47,30061,Wolfe Tone Br,Q,160.374857,7,m3/s,primary_corrib_outflow
2014,48,30061,Wolfe Tone Br,Q,112.787,7,m3/s,primary_corrib_outflow
2014,49,30061,Wolfe Tone Br,Q,93.153714,7,m3/s,primary_corrib_outflow
2014,50,30061,Wolfe Tone Br,Q,105.303286,7,m3/s,primary_corrib_outflow
2014,51,30061,Wolfe Tone Br,Q,134.835571,7,m3/s,primary_corrib_outflow
2014,52,30061,Wolfe Tone Br,Q,173.922714,7,m3/s,primary_corrib_outflow
2015,1,30061,Wolfe Tone Br,Q,170.352571,7,m3/s,primary_corrib_outflow
2015,2,30061,Wolfe Tone Br,Q,188.167857,7,m3/s,primary_corrib_outflow
2015,3,30061,Wolfe Tone Br,Q,241.123429,7,m3/s,primary_corrib_outflow
2015,4,30061,Wolfe Tone Br,Q,236.003286,7,m3/s,primary_corrib_outflow
2015,5,30061,Wolfe Tone Br,Q,215.240143,7,m3/s,primary_corrib_outflow
2015,6,30061,Wolfe Tone Br,Q,186.697143,7,m3/s,primary_corrib_outflow
2015,7,30061,Wolfe Tone Br,Q,140.821286,7,m3/s,primary_corrib_outflow
2015,8,30061,Wolfe Tone Br,Q,119.771143,7,m3/s,primary_corrib_outflow
2015,9,30061,Wolfe Tone Br,Q,155.861429,7,m3/s,primary_corrib_outflow
2015,10,30061,Wolfe Tone Br,Q,165.701,7,m3/s,primary_corrib_outflow
2015,11,30061,Wolfe Tone Br,Q,175.238,7,m3/s,primary_corrib_outflow
2015,12,30061,Wolfe Tone Br,Q,155.022571,7,m3/s,primary_corrib_outflow
2015,13,30061,Wolfe Tone Br,Q,127.181714,7,m3/s,primary_corrib_outflow
2015,14,30061,Wolfe Tone Br,Q,155.249143,7,m3/s,primary_corrib_outflow
2015,15,30061,Wolfe Tone Br,Q,103.798857,7,m3/s,primary_corrib_outflow
2015,16,30061,Wolfe Tone Br,Q,96.945286,7,m3/s,primary_corrib_outflow
2015,17,30061,Wolfe Tone Br,Q,88.172857,7,m3/s,primary_corrib_outflow
2015,18,30061,Wolfe Tone Br,Q,58.421286,7,m3/s,primary_corrib_outflow
2015,19,30061,Wolfe Tone Br,Q,103.040571,7,m3/s,primary_corrib_outflow
2015,20,30061,Wolfe Tone Br,Q,114.365429,7,m3/s,primary_corrib_outflow
2015,21,30061,Wolfe Tone Br,Q,98.367143,7,m3/s,primary_corrib_outflow
2015,22,30061,Wolfe Tone Br,Q,59.776714,7,m3/s,primary_corrib_outflow
2015,23,30061,Wolfe Tone Br,Q,52.364,1,m3/s,primary_corrib_outflow
2015,42,30061,Wolfe Tone Br,Q,45.414429,7,m3/s,primary_corrib_outflow
2015,43,30061,Wolfe Tone Br,Q,37.321571,7,m3/s,primary_corrib_outflow
2015,44,30061,Wolfe Tone Br,Q,54.914857,7,m3/s,primary_corrib_outflow
2015,45,30061,Wolfe Tone Br,Q,80.310429,7,m3/s,primary_corrib_outflow
2015,46,30061,Wolfe Tone Br,Q,143.242143,7,m3/s,primary_corrib_outflow
2015,47,30061,Wolfe Tone Br,Q,230.676,7,m3/s,primary_corrib_outflow
2015,48,30061,Wolfe Tone Br,Q,210.985143,7,m3/s,primary_corrib_outflow
2015,49,30061,Wolfe Tone Br,Q,228.553,7,m3/s,primary_corrib_outflow
2015,50,30061,Wolfe Tone Br,Q,329.308714,7,m3/s,primary_corrib_outflow
2015,51,30061,Wolfe Tone Br,Q,333.748286,7,m3/s,primary_corrib_outflow
2015,52,30061,Wolfe Tone Br,Q,321.890286,7,m3/s,primary_corrib_outflow
2015,53,30061,Wolfe Tone Br,Q,328.981429,7,m3/s,primary_corrib_outflow
2016,1,30061,Wolfe Tone Br,Q,335.647143,7,m3/s,primary_corrib_outflow
2016,2,30061,Wolfe Tone Br,Q,307.140143,7,m3/s,primary_corrib_outflow
2016,3,30061,Wolfe Tone Br,Q,251.425857,7,m3/s,primary_corrib_outflow
2016,4,30061,Wolfe Tone Br,Q,271.279,7,m3/s,primary_corrib_outflow
2016,5,30061,Wolfe Tone Br,Q,285.567571,7,m3/s,primary_corrib_outflow
2016,6,30061,Wolfe Tone Br,Q,289.254429,7,m3/s,primary_corrib_outflow
2016,7,30061,Wolfe Tone Br,Q,277.405714,7,m3/s,primary_corrib_outflow
2016,8,30061,Wolfe Tone Br,Q,252.579714,7,m3/s,primary_corrib_outflow
2016,9,30061,Wolfe Tone Br,Q,228.418,7,m3/s,primary_corrib_outflow
2016,10,30061,Wolfe Tone Br,Q,197.376,7,m3/s,primary_corrib_outflow
2016,11,30061,Wolfe Tone Br,Q,160.276714,7,m3/s,primary_corrib_outflow
2016,12,30061,Wolfe Tone Br,Q,117.718857,7,m3/s,primary_corrib_outflow
2016,13,30061,Wolfe Tone Br,Q,142.787,7,m3/s,primary_corrib_outflow
2016,14,30061,Wolfe Tone Br,Q,131.684,7,m3/s,primary_corrib_outflow
2016,15,30061,Wolfe Tone Br,Q,111.364429,7,m3/s,primary_corrib_outflow
2016,16,30061,Wolfe Tone Br,Q,86.219714,7,m3/s,primary_corrib_outflow
2016,17,30061,Wolfe Tone Br,Q,55.858714,7,m3/s,primary_corrib_outflow
2016,18,30061,Wolfe Tone Br,Q,65.482,7,m3/s,primary_corrib_outflow
2016,19,30061,Wolfe Tone Br,Q,66.510714,7,m3/s,primary_corrib_outflow
2016,20,30061,Wolfe Tone Br,Q,42.580571,7,m3/s,primary_corrib_outflow
2016,21,30061,Wolfe Tone Br,Q,38.335143,7,m3/s,primary_corrib_outflow
2016,22,30061,Wolfe Tone Br,Q,36.187714,7,m3/s,primary_corrib_outflow
2016,23,30061,Wolfe Tone Br,Q,33.182571,7,m3/s,primary_corrib_outflow
2016,24,30061,Wolfe Tone Br,Q,33.662143,7,m3/s,primary_corrib_outflow
2016,25,30061,Wolfe Tone Br,Q,32.938286,7,m3/s,primary_corrib_outflow
2016,26,30061,Wolfe Tone Br,Q,32.485714,7,m3/s,primary_corrib_outflow
2016,27,30061,Wolfe Tone Br,Q,30.852286,7,m3/s,primary_corrib_outflow
2016,28,30061,Wolfe Tone Br,Q,38.188143,7,m3/s,primary_corrib_outflow
2016,29,30061,Wolfe Tone Br,Q,46.955143,7,m3/s,primary_corrib_outflow
2016,30,30061,Wolfe Tone Br,Q,32.116286,7,m3/s,primary_corrib_outflow
2016,31,30061,Wolfe Tone Br,Q,30.021143,7,m3/s,primary_corrib_outflow
2016,32,30061,Wolfe Tone Br,Q,31.076429,7,m3/s,primary_corrib_outflow
2016,33,30061,Wolfe Tone Br,Q,29.358429,7,m3/s,primary_corrib_outflow
2016,34,30061,Wolfe Tone Br,Q,58.101143,7,m3/s,primary_corrib_outflow
2016,35,30061,Wolfe Tone Br,Q,51.804143,7,m3/s,primary_corrib_outflow
2016,36,30061,Wolfe Tone Br,Q,81.772286,7,m3/s,primary_corrib_outflow
2016,37,30061,Wolfe Tone Br,Q,84.835,7,m3/s,primary_corrib_outflow
2016,38,30061,Wolfe Tone Br,Q,69.641429,7,m3/s,primary_corrib_outflow
2016,39,30061,Wolfe Tone Br,Q,99.043714,7,m3/s,primary_corrib_outflow
2016,40,30061,Wolfe Tone Br,Q,97.417857,7,m3/s,primary_corrib_outflow
2016,41,30061,Wolfe Tone Br,Q,83.800429,7,m3/s,primary_corrib_outflow
2016,42,30061,Wolfe Tone Br,Q,84.810143,7,m3/s,primary_corrib_outflow
2016,43,30061,Wolfe Tone Br,Q,56.093429,7,m3/s,primary_corrib_outflow
2016,44,30061,Wolfe Tone Br,Q,51.217286,7,m3/s,primary_corrib_outflow
2016,45,30061,Wolfe Tone Br,Q,51.268571,7,m3/s,primary_corrib_outflow
2016,46,30061,Wolfe Tone Br,Q,86.788429,7,m3/s,primary_corrib_outflow
2016,47,30061,Wolfe Tone Br,Q,86.507429,7,m3/s,primary_corrib_outflow
2016,48,30061,Wolfe Tone Br,Q,46.169857,7,m3/s,primary_corrib_outflow
2016,49,30061,Wolfe Tone Br,Q,44.712714,7,m3/s,primary_corrib_outflow
2016,50,30061,Wolfe Tone Br,Q,66.362,7,m3/s,primary_corrib_outflow
2016,51,30061,Wolfe Tone Br,Q,94.100286,7,m3/s,primary_corrib_outflow
2016,52,30061,Wolfe Tone Br,Q,121.758714,7,m3/s,primary_corrib_outflow
2017,1,30061,Wolfe Tone Br,Q,96.446429,7,m3/s,primary_corrib_outflow
2017,2,30061,Wolfe Tone Br,Q,84.066,7,m3/s,primary_corrib_outflow
2017,3,30061,Wolfe Tone Br,Q,73.025857,7,m3/s,primary_corrib_outflow
2017,4,30061,Wolfe Tone Br,Q,52.576857,7,m3/s,primary_corrib_outflow
2017,5,30061,Wolfe Tone Br,Q,66.719429,7,m3/s,primary_corrib_outflow
2017,6,30061,Wolfe Tone Br,Q,80.985,7,m3/s,primary_corrib_outflow
2017,7,30061,Wolfe Tone Br,Q,53.467429,7,m3/s,primary_corrib_outflow
2017,8,30061,Wolfe Tone Br,Q,91.551286,7,m3/s,primary_corrib_outflow
2017,9,30061,Wolfe Tone Br,Q,159.259857,7,m3/s,primary_corrib_outflow
2017,10,30061,Wolfe Tone Br,Q,192.021714,7,m3/s,primary_corrib_outflow
2017,11,30061,Wolfe Tone Br,Q,169.774429,7,m3/s,primary_corrib_outflow
2017,12,30061,Wolfe Tone Br,Q,158.204,7,m3/s,primary_corrib_outflow
2017,13,30061,Wolfe Tone Br,Q,100.505429,7,m3/s,primary_corrib_outflow
2017,14,30061,Wolfe Tone Br,Q,88.349,7,m3/s,primary_corrib_outflow
2017,15,30061,Wolfe Tone Br,Q,63.068,7,m3/s,primary_corrib_outflow
2017,16,30061,Wolfe Tone Br,Q,46.766857,7,m3/s,primary_corrib_outflow
2017,17,30061,Wolfe Tone Br,Q,32.429714,7,m3/s,primary_corrib_outflow
2017,18,30061,Wolfe Tone Br,Q,29.364714,7,m3/s,primary_corrib_outflow
2017,19,30061,Wolfe Tone Br,Q,26.590333,3,m3/s,primary_corrib_outflow
2017,31,30061,Wolfe Tone Br,Q,82.708,7,m3/s,primary_corrib_outflow
2017,32,30061,Wolfe Tone Br,Q,71.803571,7,m3/s,primary_corrib_outflow
2017,33,30061,Wolfe Tone Br,Q,67.520571,7,m3/s,primary_corrib_outflow
2017,34,30061,Wolfe Tone Br,Q,98.001571,7,m3/s,primary_corrib_outflow
2017,35,30061,Wolfe Tone Br,Q,86.155,7,m3/s,primary_corrib_outflow
2017,36,30061,Wolfe Tone Br,Q,76.325571,7,m3/s,primary_corrib_outflow
2017,37,30061,Wolfe Tone Br,Q,80.378429,7,m3/s,primary_corrib_outflow
2017,38,30061,Wolfe Tone Br,Q,70.691429,7,m3/s,primary_corrib_outflow
2017,39,30061,Wolfe Tone Br,Q,108.460429,7,m3/s,primary_corrib_outflow
2017,40,30061,Wolfe Tone Br,Q,127.263,7,m3/s,primary_corrib_outflow
2017,41,30061,Wolfe Tone Br,Q,131.635286,7,m3/s,primary_corrib_outflow
2017,42,30061,Wolfe Tone Br,Q,159.258857,7,m3/s,primary_corrib_outflow
2017,43,30061,Wolfe Tone Br,Q,175.094714,7,m3/s,primary_corrib_outflow
2017,44,30061,Wolfe Tone Br,Q,138.962714,7,m3/s,primary_corrib_outflow
2017,45,30061,Wolfe Tone Br,Q,121.298714,7,m3/s,primary_corrib_outflow
2017,46,30061,Wolfe Tone Br,Q,116.43,7,m3/s,primary_corrib_outflow
2017,47,30061,Wolfe Tone Br,Q,135.866286,7,m3/s,primary_corrib_outflow
2017,48,30061,Wolfe Tone Br,Q,138.292857,7,m3/s,primary_corrib_outflow
2017,49,30061,Wolfe Tone Br,Q,125.242857,7,m3/s,primary_corrib_outflow
2017,50,30061,Wolfe Tone Br,Q,158.252286,7,m3/s,primary_corrib_outflow
2017,51,30061,Wolfe Tone Br,Q,165.288571,7,m3/s,primary_corrib_outflow
2017,52,30061,Wolfe Tone Br,Q,203.416571,7,m3/s,primary_corrib_outflow
2018,1,30061,Wolfe Tone Br,Q,225.272,7,m3/s,primary_corrib_outflow
2018,2,30061,Wolfe Tone Br,Q,211.947857,7,m3/s,primary_corrib_outflow
2018,3,30061,Wolfe Tone Br,Q,235.436714,7,m3/s,primary_corrib_outflow
2018,4,30061,Wolfe Tone Br,Q,264.117143,7,m3/s,primary_corrib_outflow
2018,5,30061,Wolfe Tone Br,Q,278.788,7,m3/s,primary_corrib_outflow
2018,6,30061,Wolfe Tone Br,Q,232.857714,7,m3/s,primary_corrib_outflow
2018,7,30061,Wolfe Tone Br,Q,228.762571,7,m3/s,primary_corrib_outflow
2018,8,30061,Wolfe Tone Br,Q,204.366143,7,m3/s,primary_corrib_outflow
2018,9,30061,Wolfe Tone Br,Q,157.906,7,m3/s,primary_corrib_outflow
2018,10,30061,Wolfe Tone Br,Q,136.423,1,m3/s,primary_corrib_outflow
2018,11,30061,Wolfe Tone Br,Q,83.847833,6,m3/s,primary_corrib_outflow
2018,12,30061,Wolfe Tone Br,Q,78.912857,7,m3/s,primary_corrib_outflow
2018,13,30061,Wolfe Tone Br,Q,82.194286,7,m3/s,primary_corrib_outflow
2018,14,30061,Wolfe Tone Br,Q,99.783,7,m3/s,primary_corrib_outflow
2018,15,30061,Wolfe Tone Br,Q,110.857143,7,m3/s,primary_corrib_outflow
2018,16,30061,Wolfe Tone Br,Q,101.685571,7,m3/s,primary_corrib_outflow
2018,17,30061,Wolfe Tone Br,Q,88.096714,7,m3/s,primary_corrib_outflow
2018,18,30061,Wolfe Tone Br,Q,80.401286,7,m3/s,primary_corrib_outflow
2018,19,30061,Wolfe Tone Br,Q,67.869714,7,m3/s,primary_corrib_outflow
2018,20,30061,Wolfe Tone Br,Q,48.831571,7,m3/s,primary_corrib_outflow
2018,21,30061,Wolfe Tone Br,Q,53.773429,7,m3/s,primary_corrib_outflow
2018,22,30061,Wolfe Tone Br,Q,36.139286,7,m3/s,primary_corrib_outflow
2018,23,30061,Wolfe Tone Br,Q,32.624286,7,m3/s,primary_corrib_outflow
2018,24,30061,Wolfe Tone Br,Q,28.810857,7,m3/s,primary_corrib_outflow
2018,25,30061,Wolfe Tone Br,Q,32.759429,7,m3/s,primary_corrib_outflow
2018,26,30061,Wolfe Tone Br,Q,31.680857,7,m3/s,primary_corrib_outflow
2018,27,30061,Wolfe Tone Br,Q,24.213286,7,m3/s,primary_corrib_outflow
2018,28,30061,Wolfe Tone Br,Q,13.449571,7,m3/s,primary_corrib_outflow
2018,29,30061,Wolfe Tone Br,Q,11.828286,7,m3/s,primary_corrib_outflow
2018,30,30061,Wolfe Tone Br,Q,9.914857,7,m3/s,primary_corrib_outflow
2018,31,30061,Wolfe Tone Br,Q,13.973143,7,m3/s,primary_corrib_outflow
2018,32,30061,Wolfe Tone Br,Q,23.300286,7,m3/s,primary_corrib_outflow
2018,33,30061,Wolfe Tone Br,Q,25.289429,7,m3/s,primary_corrib_outflow
2018,34,30061,Wolfe Tone Br,Q,42.605429,7,m3/s,primary_corrib_outflow
2018,35,30061,Wolfe Tone Br,Q,46.329,7,m3/s,primary_corrib_outflow
2018,36,30061,Wolfe Tone Br,Q,34.243857,7,m3/s,primary_corrib_outflow
2018,37,30061,Wolfe Tone Br,Q,55.481,7,m3/s,primary_corrib_outflow
2018,38,30061,Wolfe Tone Br,Q,86.650571,7,m3/s,primary_corrib_outflow
2018,39,30061,Wolfe Tone Br,Q,78.596857,7,m3/s,primary_corrib_outflow
2018,40,30061,Wolfe Tone Br,Q,67.665714,7,m3/s,primary_corrib_outflow
2018,41,30061,Wolfe Tone Br,Q,63.176143,7,m3/s,primary_corrib_outflow
2018,42,30061,Wolfe Tone Br,Q,69.329429,7,m3/s,primary_corrib_outflow
2018,43,30061,Wolfe Tone Br,Q,72.152714,7,m3/s,primary_corrib_outflow
2018,44,30061,Wolfe Tone Br,Q,66.251286,7,m3/s,primary_corrib_outflow
2018,45,30061,Wolfe Tone Br,Q,99.490429,7,m3/s,primary_corrib_outflow
2018,46,30061,Wolfe Tone Br,Q,161.057571,7,m3/s,primary_corrib_outflow
2018,47,30061,Wolfe Tone Br,Q,161.765286,7,m3/s,primary_corrib_outflow
2018,48,30061,Wolfe Tone Br,Q,148.613571,7,m3/s,primary_corrib_outflow
2018,49,30061,Wolfe Tone Br,Q,187.383429,7,m3/s,primary_corrib_outflow
2018,50,30061,Wolfe Tone Br,Q,183.222429,7,m3/s,primary_corrib_outflow
2018,51,30061,Wolfe Tone Br,Q,214.239429,7,m3/s,primary_corrib_outflow
2018,52,30061,Wolfe Tone Br,Q,227.307714,7,m3/s,primary_corrib_outflow
2019,1,30061,Wolfe Tone Br,Q,188.453857,7,m3/s,primary_corrib_outflow
2019,2,30061,Wolfe Tone Br,Q,141.856,7,m3/s,primary_corrib_outflow
2019,3,30061,Wolfe Tone Br,Q,102.375286,7,m3/s,primary_corrib_outflow
2019,4,30061,Wolfe Tone Br,Q,121.24,7,m3/s,primary_corrib_outflow
2019,5,30061,Wolfe Tone Br,Q,126.876143,7,m3/s,primary_corrib_outflow
2019,6,30061,Wolfe Tone Br,Q,158.617714,7,m3/s,primary_corrib_outflow
2019,7,30061,Wolfe Tone Br,Q,168.303,7,m3/s,primary_corrib_outflow
2019,8,30061,Wolfe Tone Br,Q,154.374857,7,m3/s,primary_corrib_outflow
2019,9,30061,Wolfe Tone Br,Q,136.881714,7,m3/s,primary_corrib_outflow
2019,10,30061,Wolfe Tone Br,Q,175.050143,7,m3/s,primary_corrib_outflow
2019,11,30061,Wolfe Tone Br,Q,217.425857,7,m3/s,primary_corrib_outflow
2019,12,30061,Wolfe Tone Br,Q,248.857143,7,m3/s,primary_corrib_outflow
2019,13,30061,Wolfe Tone Br,Q,193.936714,7,m3/s,primary_corrib_outflow
2019,14,30061,Wolfe Tone Br,Q,134.709,7,m3/s,primary_corrib_outflow
2019,15,30061,Wolfe Tone Br,Q,86.557286,7,m3/s,primary_corrib_outflow
2019,16,30061,Wolfe Tone Br,Q,88.641,7,m3/s,primary_corrib_outflow
2019,17,30061,Wolfe Tone Br,Q,85.416429,7,m3/s,primary_corrib_outflow
2019,18,30061,Wolfe Tone Br,Q,84.041286,7,m3/s,primary_corrib_outflow
2019,19,30061,Wolfe Tone Br,Q,47.148429,7,m3/s,primary_corrib_outflow
2019,20,30061,Wolfe Tone Br,Q,35.899,7,m3/s,primary_corrib_outflow
2019,21,30061,Wolfe Tone Br,Q,35.168714,7,m3/s,primary_corrib_outflow
2019,22,30061,Wolfe Tone Br,Q,36.660143,7,m3/s,primary_corrib_outflow
2019,23,30061,Wolfe Tone Br,Q,80.575,7,m3/s,primary_corrib_outflow
2019,24,30061,Wolfe Tone Br,Q,47.740286,7,m3/s,primary_corrib_outflow
2019,25,30061,Wolfe Tone Br,Q,34.254429,7,m3/s,primary_corrib_outflow
2019,26,30061,Wolfe Tone Br,Q,36.101857,7,m3/s,primary_corrib_outflow
2019,27,30061,Wolfe Tone Br,Q,33.122571,7,m3/s,primary_corrib_outflow
2019,28,30061,Wolfe Tone Br,Q,27.990857,7,m3/s,primary_corrib_outflow
2019,29,30061,Wolfe Tone Br,Q,16.828857,7,m3/s,primary_corrib_outflow
2019,30,30061,Wolfe Tone Br,Q,29.464,7,m3/s,primary_corrib_outflow
2019,31,30061,Wolfe Tone Br,Q,36.630571,7,m3/s,primary_corrib_outflow
2019,32,30061,Wolfe Tone Br,Q,88.558429,7,m3/s,primary_corrib_outflow
2019,33,30061,Wolfe Tone Br,Q,109.410714,7,m3/s,primary_corrib_outflow
2019,34,30061,Wolfe Tone Br,Q,126.775571,7,m3/s,primary_corrib_outflow
2019,35,30061,Wolfe Tone Br,Q,153.945143,7,m3/s,primary_corrib_outflow
2019,36,30061,Wolfe Tone Br,Q,201.035,7,m3/s,primary_corrib_outflow
2019,37,30061,Wolfe Tone Br,Q,163.923857,7,m3/s,primary_corrib_outflow
2019,38,30061,Wolfe Tone Br,Q,133.816857,7,m3/s,primary_corrib_outflow
2019,39,30061,Wolfe Tone Br,Q,124.844286,7,m3/s,primary_corrib_outflow
2019,40,30061,Wolfe Tone Br,Q,168.183286,7,m3/s,primary_corrib_outflow
2019,41,30061,Wolfe Tone Br,Q,176.456,7,m3/s,primary_corrib_outflow
2019,42,30061,Wolfe Tone Br,Q,186.011286,7,m3/s,primary_corrib_outflow
2019,43,30061,Wolfe Tone Br,Q,171.299429,7,m3/s,primary_corrib_outflow
2019,44,30061,Wolfe Tone Br,Q,138.101571,7,m3/s,primary_corrib_outflow
2019,45,30061,Wolfe Tone Br,Q,156.165429,7,m3/s,primary_corrib_outflow
2019,46,30061,Wolfe Tone Br,Q,156.525143,7,m3/s,primary_corrib_outflow
2019,47,30061,Wolfe Tone Br,Q,139.193143,7,m3/s,primary_corrib_outflow
2019,48,30061,Wolfe Tone Br,Q,138.561429,7,m3/s,primary_corrib_outflow
2019,49,30061,Wolfe Tone Br,Q,123.724571,7,m3/s,primary_corrib_outflow
2019,50,30061,Wolfe Tone Br,Q,188.218143,7,m3/s,primary_corrib_outflow
2019,51,30061,Wolfe Tone Br,Q,198.058571,7,m3/s,primary_corrib_outflow
2019,52,30061,Wolfe Tone Br,Q,188.276,7,m3/s,primary_corrib_outflow
2020,1,30061,Wolfe Tone Br,Q,171.562143,7,m3/s,primary_corrib_outflow
2020,2,30061,Wolfe Tone Br,Q,158.994571,7,m3/s,primary_corrib_outflow
2020,3,30061,Wolfe Tone Br,Q,205.187571,7,m3/s,primary_corrib_outflow
2020,4,30061,Wolfe Tone Br,Q,182.489,7,m3/s,primary_corrib_outflow
2020,5,30061,Wolfe Tone Br,Q,163.608429,7,m3/s,primary_corrib_outflow
2020,6,30061,Wolfe Tone Br,Q,174.004,7,m3/s,primary_corrib_outflow
2020,7,30061,Wolfe Tone Br,Q,227.202286,7,m3/s,primary_corrib_outflow
2020,8,30061,Wolfe Tone Br,Q,305.402286,7,m3/s,primary_corrib_outflow
2020,9,30061,Wolfe Tone Br,Q,382.079714,7,m3/s,primary_corrib_outflow
2020,10,30061,Wolfe Tone Br,Q,364.469333,6,m3/s,primary_corrib_outflow
2020,11,30061,Wolfe Tone Br,Q,363.825143,7,m3/s,primary_corrib_outflow
2020,12,30061,Wolfe Tone Br,Q,333.478833,6,m3/s,primary_corrib_outflow
2020,13,30061,Wolfe Tone Br,Q,291.602143,7,m3/s,primary_corrib_outflow
2020,14,30061,Wolfe Tone Br,Q,194.024286,7,m3/s,primary_corrib_outflow
2020,15,30061,Wolfe Tone Br,Q,129.037429,7,m3/s,primary_corrib_outflow
2020,16,30061,Wolfe Tone Br,Q,92.687286,7,m3/s,primary_corrib_outflow
2020,17,30061,Wolfe Tone Br,Q,65.504857,7,m3/s,primary_corrib_outflow
2020,18,30061,Wolfe Tone Br,Q,56.301,7,m3/s,primary_corrib_outflow
2020,19,30061,Wolfe Tone Br,Q,43.736857,7,m3/s,primary_corrib_outflow
2020,20,30061,Wolfe Tone Br,Q,40.380714,7,m3/s,primary_corrib_outflow
2020,21,30061,Wolfe Tone Br,Q,35.077429,7,m3/s,primary_corrib_outflow
2020,22,30061,Wolfe Tone Br,Q,38.247571,7,m3/s,primary_corrib_outflow
2020,23,30061,Wolfe Tone Br,Q,39.226286,7,m3/s,primary_corrib_outflow
2020,24,30061,Wolfe Tone Br,Q,21.331286,7,m3/s,primary_corrib_outflow
2020,25,30061,Wolfe Tone Br,Q,18.877714,7,m3/s,primary_corrib_outflow
2020,26,30061,Wolfe Tone Br,Q,25.073,7,m3/s,primary_corrib_outflow
2020,27,30061,Wolfe Tone Br,Q,55.050143,7,m3/s,primary_corrib_outflow
2020,28,30061,Wolfe Tone Br,Q,81.831571,7,m3/s,primary_corrib_outflow
2020,29,30061,Wolfe Tone Br,Q,87.445143,7,m3/s,primary_corrib_outflow
2020,30,30061,Wolfe Tone Br,Q,53.256,6,m3/s,primary_corrib_outflow
2020,33,30061,Wolfe Tone Br,Q,49.5028,5,m3/s,primary_corrib_outflow
2020,34,30061,Wolfe Tone Br,Q,77.058286,7,m3/s,primary_corrib_outflow
2020,35,30061,Wolfe Tone Br,Q,120.358714,7,m3/s,primary_corrib_outflow
2020,36,30061,Wolfe Tone Br,Q,118.930429,7,m3/s,primary_corrib_outflow
2020,37,30061,Wolfe Tone Br,Q,112.940429,7,m3/s,primary_corrib_outflow
2020,38,30061,Wolfe Tone Br,Q,86.347143,7,m3/s,primary_corrib_outflow
2020,39,30061,Wolfe Tone Br,Q,45.516714,7,m3/s,primary_corrib_outflow
2020,40,30061,Wolfe Tone Br,Q,60.875143,7,m3/s,primary_corrib_outflow
2020,41,30061,Wolfe Tone Br,Q,53.591571,7,m3/s,primary_corrib_outflow
2020,42,30061,Wolfe Tone Br,Q,50.092857,7,m3/s,primary_corrib_outflow
2020,43,30061,Wolfe Tone Br,Q,106.646857,7,m3/s,primary_corrib_outflow
2020,44,30061,Wolfe Tone Br,Q,157.975,7,m3/s,primary_corrib_outflow
2020,45,30061,Wolfe Tone Br,Q,216.029571,7,m3/s,primary_corrib_outflow
2020,46,30061,Wolfe Tone Br,Q,202.336143,7,m3/s,primary_corrib_outflow
2020,47,30061,Wolfe Tone Br,Q,238.574,7,m3/s,primary_corrib_outflow
2020,48,30061,Wolfe Tone Br,Q,259.845857,7,m3/s,primary_corrib_outflow
2020,49,30061,Wolfe Tone Br,Q,224.562286,7,m3/s,primary_corrib_outflow
2020,50,30061,Wolfe Tone Br,Q,182.421857,7,m3/s,primary_corrib_outflow
2020,51,30061,Wolfe Tone Br,Q,200.173857,7,m3/s,primary_corrib_outflow
2020,52,30061,Wolfe Tone Br,Q,210.865714,7,m3/s,primary_corrib_outflow
2020,53,30061,Wolfe Tone Br,Q,224.974429,7,m3/s,primary_corrib_outflow
2021,1,30061,Wolfe Tone Br,Q,174.565857,7,m3/s,primary_corrib_outflow
2021,2,30061,Wolfe Tone Br,Q,164.426286,7,m3/s,primary_corrib_outflow
2021,3,30061,Wolfe Tone Br,Q,196.947,7,m3/s,primary_corrib_outflow
2021,4,30061,Wolfe Tone Br,Q,199.754429,7,m3/s,primary_corrib_outflow
2021,5,30061,Wolfe Tone Br,Q,227.956429,7,m3/s,primary_corrib_outflow
2021,6,30061,Wolfe Tone Br,Q,186.528714,7,m3/s,primary_corrib_outflow
2021,7,30061,Wolfe Tone Br,Q,175.571571,7,m3/s,primary_corrib_outflow
2021,8,30061,Wolfe Tone Br,Q,189.544714,7,m3/s,primary_corrib_outflow
2021,9,30061,Wolfe Tone Br,Q,157.892286,7,m3/s,primary_corrib_outflow
2021,10,30061,Wolfe Tone Br,Q,147.610143,7,m3/s,primary_corrib_outflow
2021,11,30061,Wolfe Tone Br,Q,157.253143,7,m3/s,primary_corrib_outflow
2021,12,30061,Wolfe Tone Br,Q,124.384286,7,m3/s,primary_corrib_outflow
2021,13,30061,Wolfe Tone Br,Q,158.721143,7,m3/s,primary_corrib_outflow
2021,14,30061,Wolfe Tone Br,Q,127.442429,7,m3/s,primary_corrib_outflow
2021,15,30061,Wolfe Tone Br,Q,77.987286,7,m3/s,primary_corrib_outflow
2021,16,30061,Wolfe Tone Br,Q,63.193,7,m3/s,primary_corrib_outflow
2021,17,30061,Wolfe Tone Br,Q,50.786,7,m3/s,primary_corrib_outflow
2021,18,30061,Wolfe Tone Br,Q,50.437143,7,m3/s,primary_corrib_outflow
2021,19,30061,Wolfe Tone Br,Q,53.889429,7,m3/s,primary_corrib_outflow
2021,20,30061,Wolfe Tone Br,Q,59.778857,7,m3/s,primary_corrib_outflow
2021,21,30061,Wolfe Tone Br,Q,79.692143,7,m3/s,primary_corrib_outflow
2021,22,30061,Wolfe Tone Br,Q,51.372857,7,m3/s,primary_corrib_outflow
2021,23,30061,Wolfe Tone Br,Q,35.837714,7,m3/s,primary_corrib_outflow
2021,24,30061,Wolfe Tone Br,Q,45.888286,7,m3/s,primary_corrib_outflow
2021,25,30061,Wolfe Tone Br,Q,37.964286,7,m3/s,primary_corrib_outflow
2021,26,30061,Wolfe Tone Br,Q,27.969,7,m3/s,primary_corrib_outflow
2021,27,30061,Wolfe Tone Br,Q,27.095286,7,m3/s,primary_corrib_outflow
2021,28,30061,Wolfe Tone Br,Q,23.695857,7,m3/s,primary_corrib_outflow
2021,29,30061,Wolfe Tone Br,Q,19.187714,7,m3/s,primary_corrib_outflow
2021,30,30061,Wolfe Tone Br,Q,18.148,7,m3/s,primary_corrib_outflow
2021,31,30061,Wolfe Tone Br,Q,17.27,7,m3/s,primary_corrib_outflow
2021,32,30061,Wolfe Tone Br,Q,23.055429,7,m3/s,primary_corrib_outflow
2021,33,30061,Wolfe Tone Br,Q,25.104286,7,m3/s,primary_corrib_outflow
2021,34,30061,Wolfe Tone Br,Q,25.897857,7,m3/s,primary_corrib_outflow
2021,35,30061,Wolfe Tone Br,Q,23.267143,7,m3/s,primary_corrib_outflow
2021,36,30061,Wolfe Tone Br,Q,23.250857,7,m3/s,primary_corrib_outflow
2021,37,30061,Wolfe Tone Br,Q,26.126286,7,m3/s,primary_corrib_outflow
2021,38,30061,Wolfe Tone Br,Q,49.984,7,m3/s,primary_corrib_outflow
2021,39,30061,Wolfe Tone Br,Q,67.315143,7,m3/s,primary_corrib_outflow
2021,40,30061,Wolfe Tone Br,Q,123.026857,7,m3/s,primary_corrib_outflow
2021,41,30061,Wolfe Tone Br,Q,142.175143,7,m3/s,primary_corrib_outflow
2021,42,30061,Wolfe Tone Br,Q,118.259286,7,m3/s,primary_corrib_outflow
2021,43,30061,Wolfe Tone Br,Q,143.884429,7,m3/s,primary_corrib_outflow
2021,44,30061,Wolfe Tone Br,Q,151.385143,7,m3/s,primary_corrib_outflow
2021,45,30061,Wolfe Tone Br,Q,135.453429,7,m3/s,primary_corrib_outflow
2021,46,30061,Wolfe Tone Br,Q,132.961,7,m3/s,primary_corrib_outflow
2021,47,30061,Wolfe Tone Br,Q,108.510571,7,m3/s,primary_corrib_outflow
2021,48,30061,Wolfe Tone Br,Q,88.429714,7,m3/s,primary_corrib_outflow
2021,49,30061,Wolfe Tone Br,Q,110.062429,7,m3/s,primary_corrib_outflow
2021,50,30061,Wolfe Tone Br,Q,118.871286,7,m3/s,primary_corrib_outflow
2021,51,30061,Wolfe Tone Br,Q,99.172143,7,m3/s,primary_corrib_outflow
2021,52,30061,Wolfe Tone Br,Q,116.271143,7,m3/s,primary_corrib_outflow
2022,1,30061,Wolfe Tone Br,Q,137.628143,7,m3/s,primary_corrib_outflow
2022,2,30061,Wolfe Tone Br,Q,141.129,7,m3/s,primary_corrib_outflow
2022,3,30061,Wolfe Tone Br,Q,103.469571,7,m3/s,primary_corrib_outflow
2022,4,30061,Wolfe Tone Br,Q,72.074,7,m3/s,primary_corrib_outflow
2022,5,30061,Wolfe Tone Br,Q,64.428,7,m3/s,primary_corrib_outflow
2022,6,30061,Wolfe Tone Br,Q,105.717143,7,m3/s,primary_corrib_outflow
2022,7,30061,Wolfe Tone Br,Q,154.819857,7,m3/s,primary_corrib_outflow
2022,8,30061,Wolfe Tone Br,Q,198.808714,7,m3/s,primary_corrib_outflow
2022,9,30061,Wolfe Tone Br,Q,169.654286,7,m3/s,primary_corrib_outflow
2022,10,30061,Wolfe Tone Br,Q,115.813857,7,m3/s,primary_corrib_outflow
2022,11,30061,Wolfe Tone Br,Q,113.218714,7,m3/s,primary_corrib_outflow
2022,12,30061,Wolfe Tone Br,Q,98.888857,7,m3/s,primary_corrib_outflow
2022,13,30061,Wolfe Tone Br,Q,68.187143,7,m3/s,primary_corrib_outflow
2022,14,30061,Wolfe Tone Br,Q,49.551857,7,m3/s,primary_corrib_outflow
2022,15,30061,Wolfe Tone Br,Q,36.117143,7,m3/s,primary_corrib_outflow
2022,16,30061,Wolfe Tone Br,Q,41.091857,7,m3/s,primary_corrib_outflow
2022,17,30061,Wolfe Tone Br,Q,37.356143,7,m3/s,primary_corrib_outflow
2022,18,30061,Wolfe Tone Br,Q,33.825429,7,m3/s,primary_corrib_outflow
2022,19,30061,Wolfe Tone Br,Q,47.029429,7,m3/s,primary_corrib_outflow
2022,20,30061,Wolfe Tone Br,Q,35.147571,7,m3/s,primary_corrib_outflow
2022,21,30061,Wolfe Tone Br,Q,39.603286,7,m3/s,primary_corrib_outflow
2022,22,30061,Wolfe Tone Br,Q,34.389714,7,m3/s,primary_corrib_outflow
2022,23,30061,Wolfe Tone Br,Q,27.715714,7,m3/s,primary_corrib_outflow
2022,24,30061,Wolfe Tone Br,Q,28.363857,7,m3/s,primary_corrib_outflow
2022,25,30061,Wolfe Tone Br,Q,26.697143,7,m3/s,primary_corrib_outflow
2022,26,30061,Wolfe Tone Br,Q,45.822571,7,m3/s,primary_corrib_outflow
2022,27,30061,Wolfe Tone Br,Q,45.372286,7,m3/s,primary_corrib_outflow
2022,28,30061,Wolfe Tone Br,Q,31.974143,7,m3/s,primary_corrib_outflow
2022,29,30061,Wolfe Tone Br,Q,27.726286,7,m3/s,primary_corrib_outflow
2022,30,30061,Wolfe Tone Br,Q,28.958143,7,m3/s,primary_corrib_outflow
2022,31,30061,Wolfe Tone Br,Q,35.317571,7,m3/s,primary_corrib_outflow
2022,32,30061,Wolfe Tone Br,Q,31.733,7,m3/s,primary_corrib_outflow
2022,33,30061,Wolfe Tone Br,Q,26.909143,7,m3/s,primary_corrib_outflow
2022,34,30061,Wolfe Tone Br,Q,23.307,7,m3/s,primary_corrib_outflow
2022,35,30061,Wolfe Tone Br,Q,21.821429,7,m3/s,primary_corrib_outflow
2022,36,30061,Wolfe Tone Br,Q,21.617,7,m3/s,primary_corrib_outflow
2022,37,30061,Wolfe Tone Br,Q,22.007143,7,m3/s,primary_corrib_outflow
2022,38,30061,Wolfe Tone Br,Q,14.243143,7,m3/s,primary_corrib_outflow
2022,39,30061,Wolfe Tone Br,Q,20.92,7,m3/s,primary_corrib_outflow
2022,40,30061,Wolfe Tone Br,Q,59.12,7,m3/s,primary_corrib_outflow
2022,41,30061,Wolfe Tone Br,Q,89.130143,7,m3/s,primary_corrib_outflow
2022,42,30061,Wolfe Tone Br,Q,123.336143,7,m3/s,primary_corrib_outflow
2022,43,30061,Wolfe Tone Br,Q,146.467857,7,m3/s,primary_corrib_outflow
2022,44,30061,Wolfe Tone Br,Q,169.797571,7,m3/s,primary_corrib_outflow
2022,45,30061,Wolfe Tone Br,Q,201.585429,7,m3/s,primary_corrib_outflow
2022,46,30061,Wolfe Tone Br,Q,201.427714,7,m3/s,primary_corrib_outflow
2022,47,30061,Wolfe Tone Br,Q,187.961571,7,m3/s,primary_corrib_outflow
2022,48,30061,Wolfe Tone Br,Q,201.943857,7,m3/s,primary_corrib_outflow
2022,49,30061,Wolfe Tone Br,Q,156.295714,7,m3/s,primary_corrib_outflow
2022,50,30061,Wolfe Tone Br,Q,109.152714,7,m3/s,primary_corrib_outflow
2022,51,30061,Wolfe Tone Br,Q,119.417,7,m3/s,primary_corrib_outflow
2022,52,30061,Wolfe Tone Br,Q,186.664571,7,m3/s,primary_corrib_outflow
2023,1,30061,Wolfe Tone Br,Q,222.762286,7,m3/s,primary_corrib_outflow
2023,2,30061,Wolfe Tone Br,Q,261.712286,7,m3/s,primary_corrib_outflow
2023,3,30061,Wolfe Tone Br,Q,271.254571,7,m3/s,primary_corrib_outflow
2023,4,30061,Wolfe Tone Br,Q,215.673429,7,m3/s,primary_corrib_outflow
2023,5,30061,Wolfe Tone Br,Q,155.605857,7,m3/s,primary_corrib_outflow
2023,6,30061,Wolfe Tone Br,Q,106.210714,7,m3/s,primary_corrib_outflow
2023,7,30061,Wolfe Tone Br,Q,90.369143,7,m3/s,primary_corrib_outflow
2023,8,30061,Wolfe Tone Br,Q,97.969429,7,m3/s,primary_corrib_outflow
2023,9,30061,Wolfe Tone Br,Q,75.334429,7,m3/s,primary_corrib_outflow
2023,10,30061,Wolfe Tone Br,Q,63.795,7,m3/s,primary_corrib_outflow
2023,11,30061,Wolfe Tone Br,Q,153.103714,7,m3/s,primary_corrib_outflow
2023,12,30061,Wolfe Tone Br,Q,220.390571,7,m3/s,primary_corrib_outflow
2023,13,30061,Wolfe Tone Br,Q,224.479286,7,m3/s,primary_corrib_outflow
2023,14,30061,Wolfe Tone Br,Q,173.107714,7,m3/s,primary_corrib_outflow
2023,15,30061,Wolfe Tone Br,Q,162.737714,7,m3/s,primary_corrib_outflow
2023,16,30061,Wolfe Tone Br,Q,114.338857,7,m3/s,primary_corrib_outflow
2023,17,30061,Wolfe Tone Br,Q,85.823571,7,m3/s,primary_corrib_outflow
2023,18,30061,Wolfe Tone Br,Q,78.221714,7,m3/s,primary_corrib_outflow
2023,19,30061,Wolfe Tone Br,Q,83.157143,7,m3/s,primary_corrib_outflow
2023,20,30061,Wolfe Tone Br,Q,60.077429,7,m3/s,primary_corrib_outflow
2023,21,30061,Wolfe Tone Br,Q,38.731143,7,m3/s,primary_corrib_outflow
2023,22,30061,Wolfe Tone Br,Q,31.332857,7,m3/s,primary_corrib_outflow
2023,23,30061,Wolfe Tone Br,Q,26.299286,7,m3/s,primary_corrib_outflow
2023,24,30061,Wolfe Tone Br,Q,24.857,7,m3/s,primary_corrib_outflow
2023,25,30061,Wolfe Tone Br,Q,22.358286,7,m3/s,primary_corrib_outflow
2023,26,30061,Wolfe Tone Br,Q,26.419143,7,m3/s,primary_corrib_outflow
2023,27,30061,Wolfe Tone Br,Q,26.164143,7,m3/s,primary_corrib_outflow
2023,28,30061,Wolfe Tone Br,Q,47.003,7,m3/s,primary_corrib_outflow
2023,29,30061,Wolfe Tone Br,Q,96.673286,7,m3/s,primary_corrib_outflow
2023,30,30061,Wolfe Tone Br,Q,89.052714,7,m3/s,primary_corrib_outflow
2023,31,30061,Wolfe Tone Br,Q,114.207286,7,m3/s,primary_corrib_outflow
2023,32,30061,Wolfe Tone Br,Q,103.030429,7,m3/s,primary_corrib_outflow
2023,33,30061,Wolfe Tone Br,Q,100.608286,7,m3/s,primary_corrib_outflow
2023,34,30061,Wolfe Tone Br,Q,97.412857,7,m3/s,primary_corrib_outflow
2023,35,30061,Wolfe Tone Br,Q,61.758714,7,m3/s,primary_corrib_outflow
2023,36,30061,Wolfe Tone Br,Q,46.640571,7,m3/s,primary_corrib_outflow
2023,37,30061,Wolfe Tone Br,Q,44.993857,7,m3/s,primary_corrib_outflow
2023,38,30061,Wolfe Tone Br,Q,68.93,7,m3/s,primary_corrib_outflow
2023,39,30061,Wolfe Tone Br,Q,128.378143,7,m3/s,primary_corrib_outflow
2023,40,30061,Wolfe Tone Br,Q,149.365429,7,m3/s,primary_corrib_outflow
2023,41,30061,Wolfe Tone Br,Q,146.428286,7,m3/s,primary_corrib_outflow
2023,42,30061,Wolfe Tone Br,Q,141.754,7,m3/s,primary_corrib_outflow
2023,43,30061,Wolfe Tone Br,Q,172.441143,7,m3/s,primary_corrib_outflow
2023,44,30061,Wolfe Tone Br,Q,165.919429,7,m3/s,primary_corrib_outflow
2023,45,30061,Wolfe Tone Br,Q,154.281571,7,m3/s,primary_corrib_outflow
2023,46,30061,Wolfe Tone Br,Q,176.402286,7,m3/s,primary_corrib_outflow
2023,47,30061,Wolfe Tone Br,Q,183.197429,7,m3/s,primary_corrib_outflow
2023,48,30061,Wolfe Tone Br,Q,141.800429,7,m3/s,primary_corrib_outflow
2023,49,30061,Wolfe Tone Br,Q,128.447,7,m3/s,primary_corrib_outflow
2023,50,30061,Wolfe Tone Br,Q,186.548714,7,m3/s,primary_corrib_outflow
2023,51,30061,Wolfe Tone Br,Q,206.834857,7,m3/s,primary_corrib_outflow
2023,52,30061,Wolfe Tone Br,Q,212.308143,7,m3/s,primary_corrib_outflow
2024,1,30061,Wolfe Tone Br,Q,276.715,7,m3/s,primary_corrib_outflow
2024,2,30061,Wolfe Tone Br,Q,225.138714,7,m3/s,primary_corrib_outflow
2024,3,30061,Wolfe Tone Br,Q,166.034667,6,m3/s,primary_corrib_outflow
2024,4,30061,Wolfe Tone Br,Q,179.377833,6,m3/s,primary_corrib_outflow
2024,5,30061,Wolfe Tone Br,Q,178.012,7,m3/s,primary_corrib_outflow
2024,6,30061,Wolfe Tone Br,Q,175.419714,7,m3/s,primary_corrib_outflow
2024,7,30061,Wolfe Tone Br,Q,189.408429,7,m3/s,primary_corrib_outflow
2024,8,30061,Wolfe Tone Br,Q,200.376429,7,m3/s,primary_corrib_outflow
2024,9,30061,Wolfe Tone Br,Q,190.494286,7,m3/s,primary_corrib_outflow
2024,10,30061,Wolfe Tone Br,Q,169.195143,7,m3/s,primary_corrib_outflow
2024,11,30061,Wolfe Tone Br,Q,161.463429,7,m3/s,primary_corrib_outflow
2024,12,30061,Wolfe Tone Br,Q,175.724714,7,m3/s,primary_corrib_outflow
2024,13,30061,Wolfe Tone Br,Q,173.414143,7,m3/s,primary_corrib_outflow
2024,14,30061,Wolfe Tone Br,Q,145.696286,7,m3/s,primary_corrib_outflow
2024,15,30061,Wolfe Tone Br,Q,155.802571,7,m3/s,primary_corrib_outflow
2024,16,30061,Wolfe Tone Br,Q,164.529714,7,m3/s,primary_corrib_outflow
2024,17,30061,Wolfe Tone Br,Q,105.144429,7,m3/s,primary_corrib_outflow
2024,18,30061,Wolfe Tone Br,Q,82.024714,7,m3/s,primary_corrib_outflow
2024,19,30061,Wolfe Tone Br,Q,63.420143,7,m3/s,primary_corrib_outflow
2024,20,30061,Wolfe Tone Br,Q,57.333429,7,m3/s,primary_corrib_outflow
2024,21,30061,Wolfe Tone Br,Q,57.327429,7,m3/s,primary_corrib_outflow
2024,22,30061,Wolfe Tone Br,Q,46.003571,7,m3/s,primary_corrib_outflow
2024,23,30061,Wolfe Tone Br,Q,34.434857,7,m3/s,primary_corrib_outflow
2024,24,30061,Wolfe Tone Br,Q,31.104714,7,m3/s,primary_corrib_outflow
2024,25,30061,Wolfe Tone Br,Q,29.703,7,m3/s,primary_corrib_outflow
2024,26,30061,Wolfe Tone Br,Q,30.536429,7,m3/s,primary_corrib_outflow
2024,27,30061,Wolfe Tone Br,Q,28.954857,7,m3/s,primary_corrib_outflow
2024,28,30061,Wolfe Tone Br,Q,26.765857,7,m3/s,primary_corrib_outflow
2024,29,30061,Wolfe Tone Br,Q,20.634,7,m3/s,primary_corrib_outflow
2024,30,30061,Wolfe Tone Br,Q,19.095286,7,m3/s,primary_corrib_outflow
2024,31,30061,Wolfe Tone Br,Q,18.708,7,m3/s,primary_corrib_outflow
2024,32,30061,Wolfe Tone Br,Q,40.242571,7,m3/s,primary_corrib_outflow
2024,33,30061,Wolfe Tone Br,Q,68.722143,7,m3/s,primary_corrib_outflow
2024,34,30061,Wolfe Tone Br,Q,99.665,7,m3/s,primary_corrib_outflow
2024,35,30061,Wolfe Tone Br,Q,127.047286,7,m3/s,primary_corrib_outflow
2024,36,30061,Wolfe Tone Br,Q,84.461143,7,m3/s,primary_corrib_outflow
2024,37,30061,Wolfe Tone Br,Q,44.265,7,m3/s,primary_corrib_outflow
2024,38,30061,Wolfe Tone Br,Q,52.654,7,m3/s,primary_corrib_outflow
2024,39,30061,Wolfe Tone Br,Q,47.716,7,m3/s,primary_corrib_outflow
2024,40,30061,Wolfe Tone Br,Q,28.408286,7,m3/s,primary_corrib_outflow
2024,41,30061,Wolfe Tone Br,Q,27.072714,7,m3/s,primary_corrib_outflow
2024,42,30061,Wolfe Tone Br,Q,27.792857,7,m3/s,primary_corrib_outflow
2024,43,30061,Wolfe Tone Br,Q,83.71,7,m3/s,primary_corrib_outflow
2024,44,30061,Wolfe Tone Br,Q,118.248,7,m3/s,primary_corrib_outflow
2024,45,30061,Wolfe Tone Br,Q,61.603,7,m3/s,primary_corrib_outflow
2024,46,30061,Wolfe Tone Br,Q,56.580571,7,m3/s,primary_corrib_outflow
2024,47,30061,Wolfe Tone Br,Q,81.753286,7,m3/s,primary_corrib_outflow
2024,48,30061,Wolfe Tone Br,Q,175.073429,7,m3/s,primary_corrib_outflow
2024,49,30061,Wolfe Tone Br,Q,175.357714,7,m3/s,primary_corrib_outflow
2024,50,30061,Wolfe Tone Br,Q,165.266571,7,m3/s,primary_corrib_outflow
2024,51,30061,Wolfe Tone Br,Q,134.052429,7,m3/s,primary_corrib_outflow
2024,52,30061,Wolfe Tone Br,Q,126.004714,7,m3/s,primary_corrib_outflow
2025,1,30061,Wolfe Tone Br,Q,127.486857,7,m3/s,primary_corrib_outflow
2025,2,30061,Wolfe Tone Br,Q,107.522571,7,m3/s,primary_corrib_outflow
2025,3,30061,Wolfe Tone Br,Q,103.942143,7,m3/s,primary_corrib_outflow
2025,4,30061,Wolfe Tone Br,Q,101.866,7,m3/s,primary_corrib_outflow
2025,5,30061,Wolfe Tone Br,Q,122.299286,7,m3/s,primary_corrib_outflow
2025,6,30061,Wolfe Tone Br,Q,136.576429,7,m3/s,primary_corrib_outflow
2025,7,30061,Wolfe Tone Br,Q,117.471,7,m3/s,primary_corrib_outflow
2025,8,30061,Wolfe Tone Br,Q,116.964,7,m3/s,primary_corrib_outflow
2025,9,30061,Wolfe Tone Br,Q,154.419857,7,m3/s,primary_corrib_outflow
2025,10,30061,Wolfe Tone Br,Q,128.344714,7,m3/s,primary_corrib_outflow
2025,11,30061,Wolfe Tone Br,Q,97.797286,7,m3/s,primary_corrib_outflow
2025,12,30061,Wolfe Tone Br,Q,71.094714,7,m3/s,primary_corrib_outflow
2025,13,30061,Wolfe Tone Br,Q,58.615143,7,m3/s,primary_corrib_outflow
2025,14,30061,Wolfe Tone Br,Q,46.620429,7,m3/s,primary_corrib_outflow
2025,15,30061,Wolfe Tone Br,Q,37.958429,7,m3/s,primary_corrib_outflow
2025,16,30061,Wolfe Tone Br,Q,41.651571,7,m3/s,primary_corrib_outflow
2025,17,30061,Wolfe Tone Br,Q,63.100857,7,m3/s,primary_corrib_outflow
2025,18,30061,Wolfe Tone Br,Q,84.218,7,m3/s,primary_corrib_outflow
2025,19,30061,Wolfe Tone Br,Q,50.235,7,m3/s,primary_corrib_outflow
2025,20,30061,Wolfe Tone Br,Q,34.427,7,m3/s,primary_corrib_outflow
2025,21,30061,Wolfe Tone Br,Q,29.562286,7,m3/s,primary_corrib_outflow
2025,22,30061,Wolfe Tone Br,Q,30.373143,7,m3/s,primary_corrib_outflow
2025,23,30061,Wolfe Tone Br,Q,47.133571,7,m3/s,primary_corrib_outflow
2025,24,30061,Wolfe Tone Br,Q,47.29,7,m3/s,primary_corrib_outflow
2025,25,30061,Wolfe Tone Br,Q,45.093429,7,m3/s,primary_corrib_outflow
2025,26,30061,Wolfe Tone Br,Q,34.637429,7,m3/s,primary_corrib_outflow
2025,27,30061,Wolfe Tone Br,Q,58.466143,7,m3/s,primary_corrib_outflow
2025,28,30061,Wolfe Tone Br,Q,57.460429,7,m3/s,primary_corrib_outflow
2025,29,30061,Wolfe Tone Br,Q,79.048286,7,m3/s,primary_corrib_outflow
2025,30,30061,Wolfe Tone Br,Q,87.291143,7,m3/s,primary_corrib_outflow
2025,31,30061,Wolfe Tone Br,Q,46.825429,7,m3/s,primary_corrib_outflow
2025,32,30061,Wolfe Tone Br,Q,44.878714,7,m3/s,primary_corrib_outflow
2025,33,30061,Wolfe Tone Br,Q,31.606286,7,m3/s,primary_corrib_outflow
2025,34,30061,Wolfe Tone Br,Q,25.184714,7,m3/s,primary_corrib_outflow
2025,35,30061,Wolfe Tone Br,Q,35.346,7,m3/s,primary_corrib_outflow
2025,36,30061,Wolfe Tone Br,Q,92.690571,7,m3/s,primary_corrib_outflow
2025,37,30061,Wolfe Tone Br,Q,93.081857,7,m3/s,primary_corrib_outflow
2025,38,30061,Wolfe Tone Br,Q,147.378286,7,m3/s,primary_corrib_outflow
2025,39,30061,Wolfe Tone Br,Q,122.233857,7,m3/s,primary_corrib_outflow
2025,40,30061,Wolfe Tone Br,Q,156.84,7,m3/s,primary_corrib_outflow
2025,41,30061,Wolfe Tone Br,Q,220.099857,7,m3/s,primary_corrib_outflow
2025,42,30061,Wolfe Tone Br,Q,168.401571,7,m3/s,primary_corrib_outflow
2025,43,30061,Wolfe Tone Br,Q,135.225286,7,m3/s,primary_corrib_outflow
2025,44,30061,Wolfe Tone Br,Q,115.848143,7,m3/s,primary_corrib_outflow
2025,45,30061,Wolfe Tone Br,Q,166.390857,7,m3/s,primary_corrib_outflow
2025,46,30061,Wolfe Tone Br,Q,203.249143,7,m3/s,primary_corrib_outflow
2025,47,30061,Wolfe Tone Br,Q,186.452,7,m3/s,primary_corrib_outflow
2025,48,30061,Wolfe Tone Br,Q,169.291429,7,m3/s,primary_corrib_outflow
2025,49,30061,Wolfe Tone Br,Q,180.606143,7,m3/s,primary_corrib_outflow
2025,50,30061,Wolfe Tone Br,Q,211.154714,7,m3/s,primary_corrib_outflow
2025,51,30061,Wolfe Tone Br,Q,251.079143,7,m3/s,primary_corrib_outflow
2025,52,30061,Wolfe Tone Br,Q,224.011,7,m3/s,primary_corrib_outflow
2026,1,30061,Wolfe Tone Br,Q,178.059667,3,m3/s,primary_corrib_outflow
1973,44,31075,Shannagurraun,Q,1.196667,6,m3/s,connemara_coastal_local
1973,45,31075,Shannagurraun,Q,6.087714,7,m3/s,connemara_coastal_local
1973,46,31075,Shannagurraun,Q,3.950143,7,m3/s,connemara_coastal_local
1973,47,31075,Shannagurraun,Q,1.427,7,m3/s,connemara_coastal_local
1973,48,31075,Shannagurraun,Q,7.306286,7,m3/s,connemara_coastal_local
1973,49,31075,Shannagurraun,Q,6.247143,7,m3/s,connemara_coastal_local
1973,50,31075,Shannagurraun,Q,4.153286,7,m3/s,connemara_coastal_local
1973,51,31075,Shannagurraun,Q,3.4,7,m3/s,connemara_coastal_local
1973,52,31075,Shannagurraun,Q,3.124429,7,m3/s,connemara_coastal_local
1974,1,31075,Shannagurraun,Q,3.366857,7,m3/s,connemara_coastal_local
1974,2,31075,Shannagurraun,Q,8.032,7,m3/s,connemara_coastal_local
1974,3,31075,Shannagurraun,Q,6.030143,7,m3/s,connemara_coastal_local
1974,4,31075,Shannagurraun,Q,2.661571,7,m3/s,connemara_coastal_local
1974,5,31075,Shannagurraun,Q,5.702286,7,m3/s,connemara_coastal_local
1974,6,31075,Shannagurraun,Q,4.610571,7,m3/s,connemara_coastal_local
1974,7,31075,Shannagurraun,Q,5.366429,7,m3/s,connemara_coastal_local
1974,8,31075,Shannagurraun,Q,4.158429,7,m3/s,connemara_coastal_local
1974,9,31075,Shannagurraun,Q,1.588857,7,m3/s,connemara_coastal_local
1974,10,31075,Shannagurraun,Q,2.476286,7,m3/s,connemara_coastal_local
1974,11,31075,Shannagurraun,Q,1.466857,7,m3/s,connemara_coastal_local
1974,12,31075,Shannagurraun,Q,2.497429,7,m3/s,connemara_coastal_local
1974,13,31075,Shannagurraun,Q,0.978429,7,m3/s,connemara_coastal_local
1974,14,31075,Shannagurraun,Q,0.321286,7,m3/s,connemara_coastal_local
1974,15,31075,Shannagurraun,Q,0.518429,7,m3/s,connemara_coastal_local
1974,16,31075,Shannagurraun,Q,0.505429,7,m3/s,connemara_coastal_local
1974,17,31075,Shannagurraun,Q,0.143429,7,m3/s,connemara_coastal_local
1974,18,31075,Shannagurraun,Q,0.091571,7,m3/s,connemara_coastal_local
1974,19,31075,Shannagurraun,Q,0.294857,7,m3/s,connemara_coastal_local
1974,20,31075,Shannagurraun,Q,1.024571,7,m3/s,connemara_coastal_local
1974,21,31075,Shannagurraun,Q,0.943286,7,m3/s,connemara_coastal_local
1974,22,31075,Shannagurraun,Q,0.398143,7,m3/s,connemara_coastal_local
1974,23,31075,Shannagurraun,Q,0.378143,7,m3/s,connemara_coastal_local
1974,24,31075,Shannagurraun,Q,0.364714,7,m3/s,connemara_coastal_local
1974,25,31075,Shannagurraun,Q,0.309857,7,m3/s,connemara_coastal_local
1974,26,31075,Shannagurraun,Q,0.206143,7,m3/s,connemara_coastal_local
1974,27,31075,Shannagurraun,Q,0.68,7,m3/s,connemara_coastal_local
1974,28,31075,Shannagurraun,Q,1.096286,7,m3/s,connemara_coastal_local
1974,29,31075,Shannagurraun,Q,3.278714,7,m3/s,connemara_coastal_local
1974,30,31075,Shannagurraun,Q,0.953429,7,m3/s,connemara_coastal_local
1974,31,31075,Shannagurraun,Q,3.321143,7,m3/s,connemara_coastal_local
1974,32,31075,Shannagurraun,Q,1.678,7,m3/s,connemara_coastal_local
1974,33,31075,Shannagurraun,Q,2.253,7,m3/s,connemara_coastal_local
1974,34,31075,Shannagurraun,Q,1.853,7,m3/s,connemara_coastal_local
1974,35,31075,Shannagurraun,Q,4.315,7,m3/s,connemara_coastal_local
1974,36,31075,Shannagurraun,Q,8.821143,7,m3/s,connemara_coastal_local
1974,37,31075,Shannagurraun,Q,6.605143,7,m3/s,connemara_coastal_local
1974,38,31075,Shannagurraun,Q,3.834286,7,m3/s,connemara_coastal_local
1974,39,31075,Shannagurraun,Q,5.792286,7,m3/s,connemara_coastal_local
1974,40,31075,Shannagurraun,Q,1.866286,7,m3/s,connemara_coastal_local
1974,41,31075,Shannagurraun,Q,1.513,7,m3/s,connemara_coastal_local
1974,42,31075,Shannagurraun,Q,2.772143,7,m3/s,connemara_coastal_local
1974,43,31075,Shannagurraun,Q,2.247857,7,m3/s,connemara_coastal_local
1974,44,31075,Shannagurraun,Q,1.047429,7,m3/s,connemara_coastal_local
1974,45,31075,Shannagurraun,Q,4.342,7,m3/s,connemara_coastal_local
1974,46,31075,Shannagurraun,Q,6.035857,7,m3/s,connemara_coastal_local
1974,47,31075,Shannagurraun,Q,1.750286,7,m3/s,connemara_coastal_local
1974,48,31075,Shannagurraun,Q,2.576571,7,m3/s,connemara_coastal_local
1974,49,31075,Shannagurraun,Q,2.866714,7,m3/s,connemara_coastal_local
1974,50,31075,Shannagurraun,Q,4.855143,7,m3/s,connemara_coastal_local
1974,51,31075,Shannagurraun,Q,4.182429,7,m3/s,connemara_coastal_local
1974,52,31075,Shannagurraun,Q,5.637429,7,m3/s,connemara_coastal_local
1975,1,31075,Shannagurraun,Q,3.186571,7,m3/s,connemara_coastal_local
1975,2,31075,Shannagurraun,Q,4.381714,7,m3/s,connemara_coastal_local
1975,3,31075,Shannagurraun,Q,8.958714,7,m3/s,connemara_coastal_local
1975,4,31075,Shannagurraun,Q,10.011571,7,m3/s,connemara_coastal_local
1975,5,31075,Shannagurraun,Q,5.943714,7,m3/s,connemara_coastal_local
1975,6,31075,Shannagurraun,Q,1.955857,7,m3/s,connemara_coastal_local
1975,7,31075,Shannagurraun,Q,0.810286,7,m3/s,connemara_coastal_local
1975,8,31075,Shannagurraun,Q,1.611286,7,m3/s,connemara_coastal_local
1975,9,31075,Shannagurraun,Q,2.513714,7,m3/s,connemara_coastal_local
1975,10,31075,Shannagurraun,Q,2.620286,7,m3/s,connemara_coastal_local
1975,11,31075,Shannagurraun,Q,1.533429,7,m3/s,connemara_coastal_local
1975,12,31075,Shannagurraun,Q,0.714,7,m3/s,connemara_coastal_local
1975,13,31075,Shannagurraun,Q,0.834,7,m3/s,connemara_coastal_local
1975,14,31075,Shannagurraun,Q,0.833143,7,m3/s,connemara_coastal_local
1975,15,31075,Shannagurraun,Q,0.695143,7,m3/s,connemara_coastal_local
1975,16,31075,Shannagurraun,Q,1.462286,7,m3/s,connemara_coastal_local
1975,17,31075,Shannagurraun,Q,3.518571,7,m3/s,connemara_coastal_local
1975,18,31075,Shannagurraun,Q,2.468571,7,m3/s,connemara_coastal_local
1975,19,31075,Shannagurraun,Q,1.405571,7,m3/s,connemara_coastal_local
1975,20,31075,Shannagurraun,Q,0.795571,7,m3/s,connemara_coastal_local
1975,21,31075,Shannagurraun,Q,0.511143,7,m3/s,connemara_coastal_local
1975,22,31075,Shannagurraun,Q,0.261571,7,m3/s,connemara_coastal_local
1975,23,31075,Shannagurraun,Q,0.190143,7,m3/s,connemara_coastal_local
1975,24,31075,Shannagurraun,Q,0.167429,7,m3/s,connemara_coastal_local
1975,25,31075,Shannagurraun,Q,0.129429,7,m3/s,connemara_coastal_local
1975,26,31075,Shannagurraun,Q,0.153286,7,m3/s,connemara_coastal_local
1975,27,31075,Shannagurraun,Q,0.111286,7,m3/s,connemara_coastal_local
1975,28,31075,Shannagurraun,Q,0.087429,7,m3/s,connemara_coastal_local
1975,29,31075,Shannagurraun,Q,0.677429,7,m3/s,connemara_coastal_local
1975,30,31075,Shannagurraun,Q,2.159286,7,m3/s,connemara_coastal_local
1975,31,31075,Shannagurraun,Q,0.895571,7,m3/s,connemara_coastal_local
1975,32,31075,Shannagurraun,Q,0.384429,7,m3/s,connemara_coastal_local
1975,33,31075,Shannagurraun,Q,0.321143,7,m3/s,connemara_coastal_local
1975,34,31075,Shannagurraun,Q,1.143857,7,m3/s,connemara_coastal_local
1975,35,31075,Shannagurraun,Q,1.041714,7,m3/s,connemara_coastal_local
1975,36,31075,Shannagurraun,Q,0.590857,7,m3/s,connemara_coastal_local
1975,37,31075,Shannagurraun,Q,1.586286,7,m3/s,connemara_coastal_local
1975,38,31075,Shannagurraun,Q,1.372714,7,m3/s,connemara_coastal_local
1975,39,31075,Shannagurraun,Q,3.974857,7,m3/s,connemara_coastal_local
1975,40,31075,Shannagurraun,Q,6.343857,7,m3/s,connemara_coastal_local
1975,41,31075,Shannagurraun,Q,2.844286,7,m3/s,connemara_coastal_local
1975,42,31075,Shannagurraun,Q,1.476857,7,m3/s,connemara_coastal_local
1975,43,31075,Shannagurraun,Q,9.377,7,m3/s,connemara_coastal_local
1975,44,31075,Shannagurraun,Q,4.913857,7,m3/s,connemara_coastal_local
1975,45,31075,Shannagurraun,Q,5.072429,7,m3/s,connemara_coastal_local
1975,46,31075,Shannagurraun,Q,1.997571,7,m3/s,connemara_coastal_local
1975,47,31075,Shannagurraun,Q,3.025857,7,m3/s,connemara_coastal_local
1975,48,31075,Shannagurraun,Q,5.437286,7,m3/s,connemara_coastal_local
1975,49,31075,Shannagurraun,Q,5.201571,7,m3/s,connemara_coastal_local
1975,50,31075,Shannagurraun,Q,1.453,7,m3/s,connemara_coastal_local
1975,51,31075,Shannagurraun,Q,0.729143,7,m3/s,connemara_coastal_local
1975,52,31075,Shannagurraun,Q,0.806571,7,m3/s,connemara_coastal_local
1976,1,31075,Shannagurraun,Q,5.868286,7,m3/s,connemara_coastal_local
1976,2,31075,Shannagurraun,Q,7.957571,7,m3/s,connemara_coastal_local
1976,3,31075,Shannagurraun,Q,2.898857,7,m3/s,connemara_coastal_local
1976,4,31075,Shannagurraun,Q,2.922571,7,m3/s,connemara_coastal_local
1976,5,31075,Shannagurraun,Q,5.243714,7,m3/s,connemara_coastal_local
1976,6,31075,Shannagurraun,Q,1.789714,7,m3/s,connemara_coastal_local
1976,7,31075,Shannagurraun,Q,4.996286,7,m3/s,connemara_coastal_local
1976,8,31075,Shannagurraun,Q,2.207143,7,m3/s,connemara_coastal_local
1976,9,31075,Shannagurraun,Q,1.356143,7,m3/s,connemara_coastal_local
1976,10,31075,Shannagurraun,Q,0.797857,7,m3/s,connemara_coastal_local
1976,11,31075,Shannagurraun,Q,2.633,7,m3/s,connemara_coastal_local
1976,12,31075,Shannagurraun,Q,2.555,7,m3/s,connemara_coastal_local
1976,13,31075,Shannagurraun,Q,3.915571,7,m3/s,connemara_coastal_local
1976,14,31075,Shannagurraun,Q,1.834571,7,m3/s,connemara_coastal_local
1976,15,31075,Shannagurraun,Q,1.036286,7,m3/s,connemara_coastal_local
1976,16,31075,Shannagurraun,Q,2.196857,7,m3/s,connemara_coastal_local
1976,17,31075,Shannagurraun,Q,0.771286,7,m3/s,connemara_coastal_local
1976,18,31075,Shannagurraun,Q,0.555857,7,m3/s,connemara_coastal_local
1976,19,31075,Shannagurraun,Q,0.556857,7,m3/s,connemara_coastal_local
1976,20,31075,Shannagurraun,Q,1.551857,7,m3/s,connemara_coastal_local
1976,21,31075,Shannagurraun,Q,4.437286,7,m3/s,connemara_coastal_local
1976,22,31075,Shannagurraun,Q,1.939143,7,m3/s,connemara_coastal_local
1976,23,31075,Shannagurraun,Q,1.331857,7,m3/s,connemara_coastal_local
1976,24,31075,Shannagurraun,Q,1.502143,7,m3/s,connemara_coastal_local
1976,25,31075,Shannagurraun,Q,1.365571,7,m3/s,connemara_coastal_local
1976,26,31075,Shannagurraun,Q,4.065857,7,m3/s,connemara_coastal_local
1976,27,31075,Shannagurraun,Q,1.231286,7,m3/s,connemara_coastal_local
1976,28,31075,Shannagurraun,Q,1.003429,7,m3/s,connemara_coastal_local
1976,29,31075,Shannagurraun,Q,4.226,7,m3/s,connemara_coastal_local
1976,30,31075,Shannagurraun,Q,1.118,7,m3/s,connemara_coastal_local
1976,31,31075,Shannagurraun,Q,0.503571,7,m3/s,connemara_coastal_local
1976,32,31075,Shannagurraun,Q,0.348714,7,m3/s,connemara_coastal_local
1976,33,31075,Shannagurraun,Q,0.246,7,m3/s,connemara_coastal_local
1976,34,31075,Shannagurraun,Q,0.161143,7,m3/s,connemara_coastal_local
1976,35,31075,Shannagurraun,Q,0.115714,7,m3/s,connemara_coastal_local
1976,36,31075,Shannagurraun,Q,0.097714,7,m3/s,connemara_coastal_local
1976,37,31075,Shannagurraun,Q,0.099714,7,m3/s,connemara_coastal_local
1976,38,31075,Shannagurraun,Q,0.100714,7,m3/s,connemara_coastal_local
1976,39,31075,Shannagurraun,Q,0.673143,7,m3/s,connemara_coastal_local
1976,40,31075,Shannagurraun,Q,2.292714,7,m3/s,connemara_coastal_local
1976,41,31075,Shannagurraun,Q,3.342857,7,m3/s,connemara_coastal_local
1976,42,31075,Shannagurraun,Q,4.508857,7,m3/s,connemara_coastal_local
1976,43,31075,Shannagurraun,Q,4.130429,7,m3/s,connemara_coastal_local
1976,44,31075,Shannagurraun,Q,2.137286,7,m3/s,connemara_coastal_local
1976,45,31075,Shannagurraun,Q,3.206143,7,m3/s,connemara_coastal_local
1976,46,31075,Shannagurraun,Q,3.474,7,m3/s,connemara_coastal_local
1976,47,31075,Shannagurraun,Q,4.646714,7,m3/s,connemara_coastal_local
1976,48,31075,Shannagurraun,Q,3.425286,7,m3/s,connemara_coastal_local
1976,49,31075,Shannagurraun,Q,5.51,7,m3/s,connemara_coastal_local
1976,50,31075,Shannagurraun,Q,4.719,7,m3/s,connemara_coastal_local
1976,51,31075,Shannagurraun,Q,3.159714,7,m3/s,connemara_coastal_local
1976,52,31075,Shannagurraun,Q,4.443571,7,m3/s,connemara_coastal_local
1976,53,31075,Shannagurraun,Q,6.408714,7,m3/s,connemara_coastal_local
1977,1,31075,Shannagurraun,Q,4.299429,7,m3/s,connemara_coastal_local
1977,2,31075,Shannagurraun,Q,2.083,7,m3/s,connemara_coastal_local
1977,3,31075,Shannagurraun,Q,6.396714,7,m3/s,connemara_coastal_local
1977,4,31075,Shannagurraun,Q,3.325286,7,m3/s,connemara_coastal_local
1977,5,31075,Shannagurraun,Q,4.465571,7,m3/s,connemara_coastal_local
1977,6,31075,Shannagurraun,Q,6.142714,7,m3/s,connemara_coastal_local
1977,7,31075,Shannagurraun,Q,3.091143,7,m3/s,connemara_coastal_local
1977,8,31075,Shannagurraun,Q,3.578286,7,m3/s,connemara_coastal_local
1977,9,31075,Shannagurraun,Q,2.835286,7,m3/s,connemara_coastal_local
1977,10,31075,Shannagurraun,Q,2.669429,7,m3/s,connemara_coastal_local
1977,11,31075,Shannagurraun,Q,2.859,7,m3/s,connemara_coastal_local
1977,12,31075,Shannagurraun,Q,1.878286,7,m3/s,connemara_coastal_local
1977,13,31075,Shannagurraun,Q,3.209286,7,m3/s,connemara_coastal_local
1977,14,31075,Shannagurraun,Q,1.537571,7,m3/s,connemara_coastal_local
1977,15,31075,Shannagurraun,Q,1.107429,7,m3/s,connemara_coastal_local
1977,16,31075,Shannagurraun,Q,4.718714,7,m3/s,connemara_coastal_local
1977,17,31075,Shannagurraun,Q,5.439571,7,m3/s,connemara_coastal_local
1977,18,31075,Shannagurraun,Q,2.078,7,m3/s,connemara_coastal_local
1977,19,31075,Shannagurraun,Q,1.066857,7,m3/s,connemara_coastal_local
1977,20,31075,Shannagurraun,Q,0.691857,7,m3/s,connemara_coastal_local
1977,21,31075,Shannagurraun,Q,0.380857,7,m3/s,connemara_coastal_local
1977,22,31075,Shannagurraun,Q,0.213,7,m3/s,connemara_coastal_local
1977,23,31075,Shannagurraun,Q,0.156143,7,m3/s,connemara_coastal_local
1977,24,31075,Shannagurraun,Q,0.128714,7,m3/s,connemara_coastal_local
1977,25,31075,Shannagurraun,Q,0.113286,7,m3/s,connemara_coastal_local
1977,26,31075,Shannagurraun,Q,1.773286,7,m3/s,connemara_coastal_local
1977,27,31075,Shannagurraun,Q,1.799,7,m3/s,connemara_coastal_local
1977,28,31075,Shannagurraun,Q,0.472286,7,m3/s,connemara_coastal_local
1977,29,31075,Shannagurraun,Q,0.468,7,m3/s,connemara_coastal_local
1977,30,31075,Shannagurraun,Q,0.627857,7,m3/s,connemara_coastal_local
1977,31,31075,Shannagurraun,Q,1.445857,7,m3/s,connemara_coastal_local
1977,32,31075,Shannagurraun,Q,1.181,7,m3/s,connemara_coastal_local
1977,33,31075,Shannagurraun,Q,0.920857,7,m3/s,connemara_coastal_local
1977,34,31075,Shannagurraun,Q,2.086143,7,m3/s,connemara_coastal_local
1977,35,31075,Shannagurraun,Q,1.450286,7,m3/s,connemara_coastal_local
1977,36,31075,Shannagurraun,Q,4.737571,7,m3/s,connemara_coastal_local
1977,37,31075,Shannagurraun,Q,2.796286,7,m3/s,connemara_coastal_local
1977,38,31075,Shannagurraun,Q,0.846857,7,m3/s,connemara_coastal_local
1977,39,31075,Shannagurraun,Q,4.305429,7,m3/s,connemara_coastal_local
1977,40,31075,Shannagurraun,Q,5.042571,7,m3/s,connemara_coastal_local
1977,41,31075,Shannagurraun,Q,5.431571,7,m3/s,connemara_coastal_local
1977,42,31075,Shannagurraun,Q,6.468,7,m3/s,connemara_coastal_local
1977,43,31075,Shannagurraun,Q,5.692429,7,m3/s,connemara_coastal_local
1977,44,31075,Shannagurraun,Q,9.042714,7,m3/s,connemara_coastal_local
1977,45,31075,Shannagurraun,Q,13.922429,7,m3/s,connemara_coastal_local
1977,46,31075,Shannagurraun,Q,4.526857,7,m3/s,connemara_coastal_local
1977,47,31075,Shannagurraun,Q,4.497429,7,m3/s,connemara_coastal_local
1977,48,31075,Shannagurraun,Q,1.482714,7,m3/s,connemara_coastal_local
1977,49,31075,Shannagurraun,Q,2.805571,7,m3/s,connemara_coastal_local
1977,50,31075,Shannagurraun,Q,4.159286,7,m3/s,connemara_coastal_local
1977,51,31075,Shannagurraun,Q,3.080286,7,m3/s,connemara_coastal_local
1977,52,31075,Shannagurraun,Q,3.357143,7,m3/s,connemara_coastal_local
1978,1,31075,Shannagurraun,Q,3.470714,7,m3/s,connemara_coastal_local
1978,2,31075,Shannagurraun,Q,3.796286,7,m3/s,connemara_coastal_local
1978,3,31075,Shannagurraun,Q,3.336714,7,m3/s,connemara_coastal_local
1978,4,31075,Shannagurraun,Q,5.347571,7,m3/s,connemara_coastal_local
1978,5,31075,Shannagurraun,Q,6.500571,7,m3/s,connemara_coastal_local
1978,6,31075,Shannagurraun,Q,2.985286,7,m3/s,connemara_coastal_local
1978,7,31075,Shannagurraun,Q,1.084143,7,m3/s,connemara_coastal_local
1978,8,31075,Shannagurraun,Q,2.910714,7,m3/s,connemara_coastal_local
1978,9,31075,Shannagurraun,Q,2.876571,7,m3/s,connemara_coastal_local
1978,10,31075,Shannagurraun,Q,3.722714,7,m3/s,connemara_coastal_local
1978,11,31075,Shannagurraun,Q,4.898571,7,m3/s,connemara_coastal_local
1978,12,31075,Shannagurraun,Q,5.401143,7,m3/s,connemara_coastal_local
1978,13,31075,Shannagurraun,Q,6.030571,7,m3/s,connemara_coastal_local
1978,14,31075,Shannagurraun,Q,2.451571,7,m3/s,connemara_coastal_local
1978,15,31075,Shannagurraun,Q,0.976857,7,m3/s,connemara_coastal_local
1978,16,31075,Shannagurraun,Q,6.332714,7,m3/s,connemara_coastal_local
1978,17,31075,Shannagurraun,Q,1.849,7,m3/s,connemara_coastal_local
1978,18,31075,Shannagurraun,Q,0.989571,7,m3/s,connemara_coastal_local
1978,19,31075,Shannagurraun,Q,0.900429,7,m3/s,connemara_coastal_local
1978,20,31075,Shannagurraun,Q,0.566286,7,m3/s,connemara_coastal_local
1978,21,31075,Shannagurraun,Q,0.360857,7,m3/s,connemara_coastal_local
1978,22,31075,Shannagurraun,Q,0.273571,7,m3/s,connemara_coastal_local
1978,23,31075,Shannagurraun,Q,0.419286,7,m3/s,connemara_coastal_local
1978,24,31075,Shannagurraun,Q,0.411714,7,m3/s,connemara_coastal_local
1978,25,31075,Shannagurraun,Q,0.238286,7,m3/s,connemara_coastal_local
1978,26,31075,Shannagurraun,Q,0.289571,7,m3/s,connemara_coastal_local
1978,27,31075,Shannagurraun,Q,0.614857,7,m3/s,connemara_coastal_local
1978,28,31075,Shannagurraun,Q,0.456286,7,m3/s,connemara_coastal_local
1978,29,31075,Shannagurraun,Q,0.224143,7,m3/s,connemara_coastal_local
1978,30,31075,Shannagurraun,Q,0.530429,7,m3/s,connemara_coastal_local
1978,31,31075,Shannagurraun,Q,0.612714,7,m3/s,connemara_coastal_local
1978,32,31075,Shannagurraun,Q,1.234,7,m3/s,connemara_coastal_local
1978,33,31075,Shannagurraun,Q,4.161429,7,m3/s,connemara_coastal_local
1978,34,31075,Shannagurraun,Q,2.655286,7,m3/s,connemara_coastal_local
1978,35,31075,Shannagurraun,Q,0.783571,7,m3/s,connemara_coastal_local
1978,36,31075,Shannagurraun,Q,0.483714,7,m3/s,connemara_coastal_local
1978,37,31075,Shannagurraun,Q,2.077143,7,m3/s,connemara_coastal_local
1978,38,31075,Shannagurraun,Q,1.095857,7,m3/s,connemara_coastal_local
1978,39,31075,Shannagurraun,Q,4.523571,7,m3/s,connemara_coastal_local
1978,40,31075,Shannagurraun,Q,2.317571,7,m3/s,connemara_coastal_local
1978,41,31075,Shannagurraun,Q,2.340857,7,m3/s,connemara_coastal_local
1978,42,31075,Shannagurraun,Q,1.335429,7,m3/s,connemara_coastal_local
1978,43,31075,Shannagurraun,Q,0.961143,7,m3/s,connemara_coastal_local
1978,44,31075,Shannagurraun,Q,1.286571,7,m3/s,connemara_coastal_local
1978,45,31075,Shannagurraun,Q,3.498857,7,m3/s,connemara_coastal_local
1978,46,31075,Shannagurraun,Q,9.969,7,m3/s,connemara_coastal_local
1978,47,31075,Shannagurraun,Q,6.781429,7,m3/s,connemara_coastal_local
1978,48,31075,Shannagurraun,Q,5.385857,7,m3/s,connemara_coastal_local
1978,49,31075,Shannagurraun,Q,10.832143,7,m3/s,connemara_coastal_local
1978,50,31075,Shannagurraun,Q,12.170429,7,m3/s,connemara_coastal_local
1978,51,31075,Shannagurraun,Q,4.830714,7,m3/s,connemara_coastal_local
1978,52,31075,Shannagurraun,Q,8.563714,7,m3/s,connemara_coastal_local
1979,1,31075,Shannagurraun,Q,4.285,7,m3/s,connemara_coastal_local
1979,2,31075,Shannagurraun,Q,10.477286,7,m3/s,connemara_coastal_local
1979,3,31075,Shannagurraun,Q,8.938571,7,m3/s,connemara_coastal_local
1979,4,31075,Shannagurraun,Q,4.030429,7,m3/s,connemara_coastal_local
1979,5,31075,Shannagurraun,Q,8.496,7,m3/s,connemara_coastal_local
1979,6,31075,Shannagurraun,Q,4.636857,7,m3/s,connemara_coastal_local
1979,7,31075,Shannagurraun,Q,4.776143,7,m3/s,connemara_coastal_local
1979,8,31075,Shannagurraun,Q,5.785714,7,m3/s,connemara_coastal_local
1979,9,31075,Shannagurraun,Q,4.083,7,m3/s,connemara_coastal_local
1979,10,31075,Shannagurraun,Q,7.341429,7,m3/s,connemara_coastal_local
1979,11,31075,Shannagurraun,Q,4.845,7,m3/s,connemara_coastal_local
1979,12,31075,Shannagurraun,Q,7.250143,7,m3/s,connemara_coastal_local
1979,13,31075,Shannagurraun,Q,5.774714,7,m3/s,connemara_coastal_local
1979,14,31075,Shannagurraun,Q,0.908571,7,m3/s,connemara_coastal_local
1979,15,31075,Shannagurraun,Q,1.282571,7,m3/s,connemara_coastal_local
1979,16,31075,Shannagurraun,Q,1.414571,7,m3/s,connemara_coastal_local
1979,17,31075,Shannagurraun,Q,2.072571,7,m3/s,connemara_coastal_local
1979,18,31075,Shannagurraun,Q,0.692667,3,m3/s,connemara_coastal_local
1979,31,31075,Shannagurraun,Q,0.443,4,m3/s,connemara_coastal_local
1979,32,31075,Shannagurraun,Q,5.687714,7,m3/s,connemara_coastal_local
1979,33,31075,Shannagurraun,Q,6.984286,7,m3/s,connemara_coastal_local
1979,34,31075,Shannagurraun,Q,1.668286,7,m3/s,connemara_coastal_local
1979,35,31075,Shannagurraun,Q,0.940286,7,m3/s,connemara_coastal_local
1979,36,31075,Shannagurraun,Q,1.992857,7,m3/s,connemara_coastal_local
1979,37,31075,Shannagurraun,Q,1.476143,7,m3/s,connemara_coastal_local
1979,38,31075,Shannagurraun,Q,1.367,7,m3/s,connemara_coastal_local
1979,39,31075,Shannagurraun,Q,3.137714,7,m3/s,connemara_coastal_local
1979,40,31075,Shannagurraun,Q,1.674,7,m3/s,connemara_coastal_local
1979,41,31075,Shannagurraun,Q,0.988714,7,m3/s,connemara_coastal_local
1979,42,31075,Shannagurraun,Q,2.345571,7,m3/s,connemara_coastal_local
1979,43,31075,Shannagurraun,Q,2.604,1,m3/s,connemara_coastal_local
1979,48,31075,Shannagurraun,Q,6.1728,5,m3/s,connemara_coastal_local
1979,49,31075,Shannagurraun,Q,6.952714,7,m3/s,connemara_coastal_local
1979,50,31075,Shannagurraun,Q,8.819714,7,m3/s,connemara_coastal_local
1979,51,31075,Shannagurraun,Q,3.179286,7,m3/s,connemara_coastal_local
1979,52,31075,Shannagurraun,Q,3.198857,7,m3/s,connemara_coastal_local
1980,1,31075,Shannagurraun,Q,3.167143,7,m3/s,connemara_coastal_local
1980,2,31075,Shannagurraun,Q,3.148286,7,m3/s,connemara_coastal_local
1980,3,31075,Shannagurraun,Q,1.427857,7,m3/s,connemara_coastal_local
1980,4,31075,Shannagurraun,Q,2.949286,7,m3/s,connemara_coastal_local
1980,5,31075,Shannagurraun,Q,1.694714,7,m3/s,connemara_coastal_local
1980,6,31075,Shannagurraun,Q,6.085,7,m3/s,connemara_coastal_local
1980,7,31075,Shannagurraun,Q,3.676429,7,m3/s,connemara_coastal_local
1980,8,31075,Shannagurraun,Q,4.545429,7,m3/s,connemara_coastal_local
1980,9,31075,Shannagurraun,Q,0.772143,7,m3/s,connemara_coastal_local
1980,10,31075,Shannagurraun,Q,1.043,7,m3/s,connemara_coastal_local
1980,11,31075,Shannagurraun,Q,4.205571,7,m3/s,connemara_coastal_local
1980,12,31075,Shannagurraun,Q,1.113857,7,m3/s,connemara_coastal_local
1980,13,31075,Shannagurraun,Q,1.564714,7,m3/s,connemara_coastal_local
1980,14,31075,Shannagurraun,Q,2.618,1,m3/s,connemara_coastal_local
1982,52,31075,Shannagurraun,Q,3.3455,2,m3/s,connemara_coastal_local
1983,1,31075,Shannagurraun,Q,4.151714,7,m3/s,connemara_coastal_local
1983,2,31075,Shannagurraun,Q,4.497667,6,m3/s,connemara_coastal_local
1983,3,31075,Shannagurraun,Q,2.211286,7,m3/s,connemara_coastal_local
1983,4,31075,Shannagurraun,Q,5.083,7,m3/s,connemara_coastal_local
1983,5,31075,Shannagurraun,Q,9.380429,7,m3/s,connemara_coastal_local
1983,6,31075,Shannagurraun,Q,2.382429,7,m3/s,connemara_coastal_local
1983,7,31075,Shannagurraun,Q,0.809143,7,m3/s,connemara_coastal_local
1983,8,31075,Shannagurraun,Q,0.840429,7,m3/s,connemara_coastal_local
1983,9,31075,Shannagurraun,Q,2.511143,7,m3/s,connemara_coastal_local
1983,10,31075,Shannagurraun,Q,1.242429,7,m3/s,connemara_coastal_local
1983,11,31075,Shannagurraun,Q,6.403,7,m3/s,connemara_coastal_local
1983,12,31075,Shannagurraun,Q,7.322857,7,m3/s,connemara_coastal_local
1983,13,31075,Shannagurraun,Q,3.472429,7,m3/s,connemara_coastal_local
1983,14,31075,Shannagurraun,Q,2.524429,7,m3/s,connemara_coastal_local
1983,15,31075,Shannagurraun,Q,1.267286,7,m3/s,connemara_coastal_local
1983,16,31075,Shannagurraun,Q,1.179,7,m3/s,connemara_coastal_local
1983,17,31075,Shannagurraun,Q,2.342429,7,m3/s,connemara_coastal_local
1983,18,31075,Shannagurraun,Q,2.341,7,m3/s,connemara_coastal_local
1983,19,31075,Shannagurraun,Q,4.661429,7,m3/s,connemara_coastal_local
1983,20,31075,Shannagurraun,Q,3.992143,7,m3/s,connemara_coastal_local
1983,21,31075,Shannagurraun,Q,0.827714,7,m3/s,connemara_coastal_local
1983,22,31075,Shannagurraun,Q,0.879143,7,m3/s,connemara_coastal_local
1983,23,31075,Shannagurraun,Q,1.462143,7,m3/s,connemara_coastal_local
1983,24,31075,Shannagurraun,Q,2.146714,7,m3/s,connemara_coastal_local
1983,25,31075,Shannagurraun,Q,0.673,7,m3/s,connemara_coastal_local
1983,26,31075,Shannagurraun,Q,0.312429,7,m3/s,connemara_coastal_local
1983,27,31075,Shannagurraun,Q,0.262286,7,m3/s,connemara_coastal_local
1983,28,31075,Shannagurraun,Q,0.174286,7,m3/s,connemara_coastal_local
1983,29,31075,Shannagurraun,Q,0.108857,7,m3/s,connemara_coastal_local
1983,30,31075,Shannagurraun,Q,0.3,2,m3/s,connemara_coastal_local
1983,32,31075,Shannagurraun,Q,0.1364,5,m3/s,connemara_coastal_local
1983,33,31075,Shannagurraun,Q,0.369571,7,m3/s,connemara_coastal_local
1983,34,31075,Shannagurraun,Q,0.601143,7,m3/s,connemara_coastal_local
1983,35,31075,Shannagurraun,Q,0.462,7,m3/s,connemara_coastal_local
1983,36,31075,Shannagurraun,Q,1.642,7,m3/s,connemara_coastal_local
1983,37,31075,Shannagurraun,Q,1.595333,3,m3/s,connemara_coastal_local
1983,40,31075,Shannagurraun,Q,9.6714,5,m3/s,connemara_coastal_local
1983,41,31075,Shannagurraun,Q,14.709857,7,m3/s,connemara_coastal_local
1983,42,31075,Shannagurraun,Q,7.046857,7,m3/s,connemara_coastal_local
1983,43,31075,Shannagurraun,Q,2.106143,7,m3/s,connemara_coastal_local
1983,44,31075,Shannagurraun,Q,1.540286,7,m3/s,connemara_coastal_local
1983,45,31075,Shannagurraun,Q,0.898,7,m3/s,connemara_coastal_local
1983,46,31075,Shannagurraun,Q,0.582857,7,m3/s,connemara_coastal_local
1983,47,31075,Shannagurraun,Q,3.483857,7,m3/s,connemara_coastal_local
1983,48,31075,Shannagurraun,Q,3.585571,7,m3/s,connemara_coastal_local
1983,49,31075,Shannagurraun,Q,6.207429,7,m3/s,connemara_coastal_local
1983,50,31075,Shannagurraun,Q,11.429286,7,m3/s,connemara_coastal_local
1983,51,31075,Shannagurraun,Q,5.825571,7,m3/s,connemara_coastal_local
1983,52,31075,Shannagurraun,Q,5.383833,6,m3/s,connemara_coastal_local
1984,1,31075,Shannagurraun,Q,6.4348,5,m3/s,connemara_coastal_local
1984,2,31075,Shannagurraun,Q,9.542,7,m3/s,connemara_coastal_local
1984,3,31075,Shannagurraun,Q,7.199571,7,m3/s,connemara_coastal_local
1984,4,31075,Shannagurraun,Q,6.208286,7,m3/s,connemara_coastal_local
1984,5,31075,Shannagurraun,Q,10.099143,7,m3/s,connemara_coastal_local
1984,6,31075,Shannagurraun,Q,6.992857,7,m3/s,connemara_coastal_local
1984,7,31075,Shannagurraun,Q,1.244714,7,m3/s,connemara_coastal_local
1984,8,31075,Shannagurraun,Q,2.64975,4,m3/s,connemara_coastal_local
1984,9,31075,Shannagurraun,Q,0.8788,5,m3/s,connemara_coastal_local
1984,10,31075,Shannagurraun,Q,0.597571,7,m3/s,connemara_coastal_local
1984,11,31075,Shannagurraun,Q,0.449286,7,m3/s,connemara_coastal_local
1984,12,31075,Shannagurraun,Q,0.748714,7,m3/s,connemara_coastal_local
1984,13,31075,Shannagurraun,Q,1.196857,7,m3/s,connemara_coastal_local
1984,14,31075,Shannagurraun,Q,1.722857,7,m3/s,connemara_coastal_local
1984,15,31075,Shannagurraun,Q,0.951857,7,m3/s,connemara_coastal_local
1984,16,31075,Shannagurraun,Q,6.947857,7,m3/s,connemara_coastal_local
1984,17,31075,Shannagurraun,Q,1.864857,7,m3/s,connemara_coastal_local
1984,18,31075,Shannagurraun,Q,0.454857,7,m3/s,connemara_coastal_local
1984,19,31075,Shannagurraun,Q,0.325571,7,m3/s,connemara_coastal_local
1984,20,31075,Shannagurraun,Q,0.224143,7,m3/s,connemara_coastal_local
1984,21,31075,Shannagurraun,Q,0.169286,7,m3/s,connemara_coastal_local
1984,22,31075,Shannagurraun,Q,0.167,7,m3/s,connemara_coastal_local
1984,23,31075,Shannagurraun,Q,0.898571,7,m3/s,connemara_coastal_local
1984,24,31075,Shannagurraun,Q,1.497,7,m3/s,connemara_coastal_local
1984,25,31075,Shannagurraun,Q,0.994429,7,m3/s,connemara_coastal_local
1984,26,31075,Shannagurraun,Q,0.452714,7,m3/s,connemara_coastal_local
1984,27,31075,Shannagurraun,Q,0.203286,7,m3/s,connemara_coastal_local
1984,28,31075,Shannagurraun,Q,0.097857,7,m3/s,connemara_coastal_local
1984,29,31075,Shannagurraun,Q,0.111714,7,m3/s,connemara_coastal_local
1984,30,31075,Shannagurraun,Q,0.035286,7,m3/s,connemara_coastal_local
1984,31,31075,Shannagurraun,Q,0.064286,7,m3/s,connemara_coastal_local
1984,32,31075,Shannagurraun,Q,0.140429,7,m3/s,connemara_coastal_local
1984,33,31075,Shannagurraun,Q,0.081286,7,m3/s,connemara_coastal_local
1984,34,31075,Shannagurraun,Q,0.0648,5,m3/s,connemara_coastal_local
1984,42,31075,Shannagurraun,Q,7.6425,4,m3/s,connemara_coastal_local
1984,43,31075,Shannagurraun,Q,11.241143,7,m3/s,connemara_coastal_local
1984,44,31075,Shannagurraun,Q,9.772,1,m3/s,connemara_coastal_local
1984,47,31075,Shannagurraun,Q,8.4952,5,m3/s,connemara_coastal_local
1984,48,31075,Shannagurraun,Q,9.2585,4,m3/s,connemara_coastal_local
1984,50,31075,Shannagurraun,Q,1.3825,4,m3/s,connemara_coastal_local
1984,51,31075,Shannagurraun,Q,5.516714,7,m3/s,connemara_coastal_local
1984,52,31075,Shannagurraun,Q,13.37575,4,m3/s,connemara_coastal_local
1985,1,31075,Shannagurraun,Q,2.357333,6,m3/s,connemara_coastal_local
1985,2,31075,Shannagurraun,Q,0.911286,7,m3/s,connemara_coastal_local
1985,3,31075,Shannagurraun,Q,0.520143,7,m3/s,connemara_coastal_local
1985,4,31075,Shannagurraun,Q,3.494,7,m3/s,connemara_coastal_local
1985,5,31075,Shannagurraun,Q,5.433,7,m3/s,connemara_coastal_local
1985,6,31075,Shannagurraun,Q,3.1,7,m3/s,connemara_coastal_local
1985,7,31075,Shannagurraun,Q,2.072714,7,m3/s,connemara_coastal_local
1985,8,31075,Shannagurraun,Q,1.686286,7,m3/s,connemara_coastal_local
1985,9,31075,Shannagurraun,Q,1.682857,7,m3/s,connemara_coastal_local
1985,10,31075,Shannagurraun,Q,2.559571,7,m3/s,connemara_coastal_local
1985,11,31075,Shannagurraun,Q,1.732143,7,m3/s,connemara_coastal_local
1985,12,31075,Shannagurraun,Q,4.822143,7,m3/s,connemara_coastal_local
1985,13,31075,Shannagurraun,Q,2.470429,7,m3/s,connemara_coastal_local
1985,14,31075,Shannagurraun,Q,5.143286,7,m3/s,connemara_coastal_local
1985,15,31075,Shannagurraun,Q,2.987286,7,m3/s,connemara_coastal_local
1985,16,31075,Shannagurraun,Q,3.439143,7,m3/s,connemara_coastal_local
1985,17,31075,Shannagurraun,Q,0.859143,7,m3/s,connemara_coastal_local
1985,18,31075,Shannagurraun,Q,0.489571,7,m3/s,connemara_coastal_local
1985,19,31075,Shannagurraun,Q,0.808857,7,m3/s,connemara_coastal_local
1985,20,31075,Shannagurraun,Q,0.542857,7,m3/s,connemara_coastal_local
1985,21,31075,Shannagurraun,Q,1.643857,7,m3/s,connemara_coastal_local
1985,22,31075,Shannagurraun,Q,7.134571,7,m3/s,connemara_coastal_local
1985,23,31075,Shannagurraun,Q,0.646143,7,m3/s,connemara_coastal_local
1985,24,31075,Shannagurraun,Q,0.551286,7,m3/s,connemara_coastal_local
1985,25,31075,Shannagurraun,Q,0.705857,7,m3/s,connemara_coastal_local
1985,26,31075,Shannagurraun,Q,0.820571,7,m3/s,connemara_coastal_local
1985,27,31075,Shannagurraun,Q,0.525286,7,m3/s,connemara_coastal_local
1985,28,31075,Shannagurraun,Q,1.273,7,m3/s,connemara_coastal_local
1985,29,31075,Shannagurraun,Q,2.003429,7,m3/s,connemara_coastal_local
1985,30,31075,Shannagurraun,Q,1.084857,7,m3/s,connemara_coastal_local
1985,31,31075,Shannagurraun,Q,1.302857,7,m3/s,connemara_coastal_local
1985,32,31075,Shannagurraun,Q,6.033857,7,m3/s,connemara_coastal_local
1985,33,31075,Shannagurraun,Q,9.982143,7,m3/s,connemara_coastal_local
1985,34,31075,Shannagurraun,Q,8.000571,7,m3/s,connemara_coastal_local
1985,35,31075,Shannagurraun,Q,10.294286,7,m3/s,connemara_coastal_local
1985,36,31075,Shannagurraun,Q,5.942143,7,m3/s,connemara_coastal_local
1985,37,31075,Shannagurraun,Q,3.585429,7,m3/s,connemara_coastal_local
1985,38,31075,Shannagurraun,Q,10.733714,7,m3/s,connemara_coastal_local
1985,39,31075,Shannagurraun,Q,6.308857,7,m3/s,connemara_coastal_local
1985,40,31075,Shannagurraun,Q,5.766286,7,m3/s,connemara_coastal_local
1985,41,31075,Shannagurraun,Q,6.610286,7,m3/s,connemara_coastal_local
1985,42,31075,Shannagurraun,Q,1.704857,7,m3/s,connemara_coastal_local
1985,43,31075,Shannagurraun,Q,0.646429,7,m3/s,connemara_coastal_local
1985,44,31075,Shannagurraun,Q,0.444143,7,m3/s,connemara_coastal_local
1985,45,31075,Shannagurraun,Q,2.155714,7,m3/s,connemara_coastal_local
1985,46,31075,Shannagurraun,Q,2.203286,7,m3/s,connemara_coastal_local
1985,47,31075,Shannagurraun,Q,2.145429,7,m3/s,connemara_coastal_local
1985,48,31075,Shannagurraun,Q,0.938571,7,m3/s,connemara_coastal_local
1985,49,31075,Shannagurraun,Q,3.283714,7,m3/s,connemara_coastal_local
1985,50,31075,Shannagurraun,Q,5.720571,7,m3/s,connemara_coastal_local
1985,51,31075,Shannagurraun,Q,8.021286,7,m3/s,connemara_coastal_local
1985,52,31075,Shannagurraun,Q,5.587,7,m3/s,connemara_coastal_local
1986,1,31075,Shannagurraun,Q,5.1895,6,m3/s,connemara_coastal_local
1986,2,31075,Shannagurraun,Q,4.925286,7,m3/s,connemara_coastal_local
1986,3,31075,Shannagurraun,Q,5.730143,7,m3/s,connemara_coastal_local
1986,4,31075,Shannagurraun,Q,8.415714,7,m3/s,connemara_coastal_local
1986,5,31075,Shannagurraun,Q,4.3,7,m3/s,connemara_coastal_local
1986,6,31075,Shannagurraun,Q,0.372,7,m3/s,connemara_coastal_local
1986,7,31075,Shannagurraun,Q,1.428286,7,m3/s,connemara_coastal_local
1986,8,31075,Shannagurraun,Q,0.276571,7,m3/s,connemara_coastal_local
1986,9,31075,Shannagurraun,Q,0.258,7,m3/s,connemara_coastal_local
1986,10,31075,Shannagurraun,Q,5.939143,7,m3/s,connemara_coastal_local
1986,11,31075,Shannagurraun,Q,2.891143,7,m3/s,connemara_coastal_local
1986,12,31075,Shannagurraun,Q,3.698286,7,m3/s,connemara_coastal_local
1986,13,31075,Shannagurraun,Q,5.698,7,m3/s,connemara_coastal_local
1986,14,31075,Shannagurraun,Q,2.699429,7,m3/s,connemara_coastal_local
1986,15,31075,Shannagurraun,Q,0.679,7,m3/s,connemara_coastal_local
1986,16,31075,Shannagurraun,Q,2.038,7,m3/s,connemara_coastal_local
1986,17,31075,Shannagurraun,Q,3.427571,7,m3/s,connemara_coastal_local
1986,18,31075,Shannagurraun,Q,7.619429,7,m3/s,connemara_coastal_local
1986,19,31075,Shannagurraun,Q,7.017333,3,m3/s,connemara_coastal_local
1986,26,31075,Shannagurraun,Q,1.2476,5,m3/s,connemara_coastal_local
1986,27,31075,Shannagurraun,Q,3.904286,7,m3/s,connemara_coastal_local
1986,28,31075,Shannagurraun,Q,1.732286,7,m3/s,connemara_coastal_local
1986,29,31075,Shannagurraun,Q,1.957143,7,m3/s,connemara_coastal_local
1986,30,31075,Shannagurraun,Q,1.031571,7,m3/s,connemara_coastal_local
1986,31,31075,Shannagurraun,Q,3.206333,3,m3/s,connemara_coastal_local
1986,34,31075,Shannagurraun,Q,0.774333,6,m3/s,connemara_coastal_local
1986,35,31075,Shannagurraun,Q,4.927714,7,m3/s,connemara_coastal_local
1986,36,31075,Shannagurraun,Q,1.2155,2,m3/s,connemara_coastal_local
1986,37,31075,Shannagurraun,Q,0.2885,6,m3/s,connemara_coastal_local
1986,38,31075,Shannagurraun,Q,0.238714,7,m3/s,connemara_coastal_local
1986,39,31075,Shannagurraun,Q,0.211714,7,m3/s,connemara_coastal_local
1986,40,31075,Shannagurraun,Q,0.1785,2,m3/s,connemara_coastal_local
1986,42,31075,Shannagurraun,Q,1.116667,6,m3/s,connemara_coastal_local
1986,43,31075,Shannagurraun,Q,7.531714,7,m3/s,connemara_coastal_local
1986,44,31075,Shannagurraun,Q,6.979,7,m3/s,connemara_coastal_local
1986,45,31075,Shannagurraun,Q,5.878143,7,m3/s,connemara_coastal_local
1986,46,31075,Shannagurraun,Q,5.225143,7,m3/s,connemara_coastal_local
1986,47,31075,Shannagurraun,Q,10.003286,7,m3/s,connemara_coastal_local
1986,48,31075,Shannagurraun,Q,9.153571,7,m3/s,connemara_coastal_local
1986,49,31075,Shannagurraun,Q,8.453429,7,m3/s,connemara_coastal_local
1986,50,31075,Shannagurraun,Q,7.689429,7,m3/s,connemara_coastal_local
1986,51,31075,Shannagurraun,Q,10.55,7,m3/s,connemara_coastal_local
1986,52,31075,Shannagurraun,Q,2.809714,7,m3/s,connemara_coastal_local
1987,1,31075,Shannagurraun,Q,5.927429,7,m3/s,connemara_coastal_local
1987,2,31075,Shannagurraun,Q,3.644143,7,m3/s,connemara_coastal_local
1987,3,31075,Shannagurraun,Q,1.956857,7,m3/s,connemara_coastal_local
1987,4,31075,Shannagurraun,Q,3.750143,7,m3/s,connemara_coastal_local
1987,5,31075,Shannagurraun,Q,0.986429,7,m3/s,connemara_coastal_local
1987,6,31075,Shannagurraun,Q,1.721143,7,m3/s,connemara_coastal_local
1987,7,31075,Shannagurraun,Q,4.565,7,m3/s,connemara_coastal_local
1987,8,31075,Shannagurraun,Q,1.107857,7,m3/s,connemara_coastal_local
1987,9,31075,Shannagurraun,Q,2.202857,7,m3/s,connemara_coastal_local
1987,10,31075,Shannagurraun,Q,5.423857,7,m3/s,connemara_coastal_local
1987,11,31075,Shannagurraun,Q,1.817429,7,m3/s,connemara_coastal_local
1987,12,31075,Shannagurraun,Q,1.664571,7,m3/s,connemara_coastal_local
1987,13,31075,Shannagurraun,Q,6.876857,7,m3/s,connemara_coastal_local
1987,14,31075,Shannagurraun,Q,5.033571,7,m3/s,connemara_coastal_local
1987,15,31075,Shannagurraun,Q,4.247714,7,m3/s,connemara_coastal_local
1987,16,31075,Shannagurraun,Q,2.121286,7,m3/s,connemara_coastal_local
1987,17,31075,Shannagurraun,Q,1.825143,7,m3/s,connemara_coastal_local
1987,18,31075,Shannagurraun,Q,0.547857,7,m3/s,connemara_coastal_local
1987,19,31075,Shannagurraun,Q,0.527571,7,m3/s,connemara_coastal_local
1987,20,31075,Shannagurraun,Q,0.375857,7,m3/s,connemara_coastal_local
1987,21,31075,Shannagurraun,Q,0.279571,7,m3/s,connemara_coastal_local
1987,22,31075,Shannagurraun,Q,0.185714,7,m3/s,connemara_coastal_local
1987,23,31075,Shannagurraun,Q,0.442429,7,m3/s,connemara_coastal_local
1987,24,31075,Shannagurraun,Q,0.906,7,m3/s,connemara_coastal_local
1987,25,31075,Shannagurraun,Q,0.524286,7,m3/s,connemara_coastal_local
1987,26,31075,Shannagurraun,Q,0.759286,7,m3/s,connemara_coastal_local
1987,27,31075,Shannagurraun,Q,1.656857,7,m3/s,connemara_coastal_local
1987,28,31075,Shannagurraun,Q,0.542,7,m3/s,connemara_coastal_local
1987,29,31075,Shannagurraun,Q,0.855429,7,m3/s,connemara_coastal_local
1987,30,31075,Shannagurraun,Q,0.508,7,m3/s,connemara_coastal_local
1987,31,31075,Shannagurraun,Q,0.245857,7,m3/s,connemara_coastal_local
1987,32,31075,Shannagurraun,Q,0.339286,7,m3/s,connemara_coastal_local
1987,33,31075,Shannagurraun,Q,0.873714,7,m3/s,connemara_coastal_local
1987,34,31075,Shannagurraun,Q,3.637857,7,m3/s,connemara_coastal_local
1987,35,31075,Shannagurraun,Q,1.14,7,m3/s,connemara_coastal_local
1987,36,31075,Shannagurraun,Q,2.104143,7,m3/s,connemara_coastal_local
1987,37,31075,Shannagurraun,Q,3.713143,7,m3/s,connemara_coastal_local
1987,38,31075,Shannagurraun,Q,2.016,7,m3/s,connemara_coastal_local
1987,39,31075,Shannagurraun,Q,5.352143,7,m3/s,connemara_coastal_local
1987,40,31075,Shannagurraun,Q,1.022714,7,m3/s,connemara_coastal_local
1987,41,31075,Shannagurraun,Q,1.583143,7,m3/s,connemara_coastal_local
1987,42,31075,Shannagurraun,Q,4.555571,7,m3/s,connemara_coastal_local
1987,43,31075,Shannagurraun,Q,2.462429,7,m3/s,connemara_coastal_local
1987,44,31075,Shannagurraun,Q,1.252714,7,m3/s,connemara_coastal_local
1987,45,31075,Shannagurraun,Q,0.845,1,m3/s,connemara_coastal_local
1987,47,31075,Shannagurraun,Q,3.935667,3,m3/s,connemara_coastal_local
1987,48,31075,Shannagurraun,Q,1.359857,7,m3/s,connemara_coastal_local
1987,49,31075,Shannagurraun,Q,0.862857,7,m3/s,connemara_coastal_local
1987,50,31075,Shannagurraun,Q,0.568429,7,m3/s,connemara_coastal_local
1987,51,31075,Shannagurraun,Q,2.214429,7,m3/s,connemara_coastal_local
1987,52,31075,Shannagurraun,Q,6.797714,7,m3/s,connemara_coastal_local
1987,53,31075,Shannagurraun,Q,13.114571,7,m3/s,connemara_coastal_local
1988,1,31075,Shannagurraun,Q,8.027286,7,m3/s,connemara_coastal_local
1988,2,31075,Shannagurraun,Q,8.523,7,m3/s,connemara_coastal_local
1988,3,31075,Shannagurraun,Q,9.1662,5,m3/s,connemara_coastal_local
1988,5,31075,Shannagurraun,Q,9.033143,7,m3/s,connemara_coastal_local
1988,6,31075,Shannagurraun,Q,5.846,7,m3/s,connemara_coastal_local
1988,7,31075,Shannagurraun,Q,3.003857,7,m3/s,connemara_coastal_local
1988,8,31075,Shannagurraun,Q,0.966429,7,m3/s,connemara_coastal_local
1988,9,31075,Shannagurraun,Q,0.6925,2,m3/s,connemara_coastal_local
1988,15,31075,Shannagurraun,Q,0.492333,3,m3/s,connemara_coastal_local
1988,16,31075,Shannagurraun,Q,1.001429,7,m3/s,connemara_coastal_local
1988,17,31075,Shannagurraun,Q,1.731571,7,m3/s,connemara_coastal_local
1988,18,31075,Shannagurraun,Q,1.976,7,m3/s,connemara_coastal_local
1988,19,31075,Shannagurraun,Q,1.863,7,m3/s,connemara_coastal_local
1988,20,31075,Shannagurraun,Q,0.902857,7,m3/s,connemara_coastal_local
1988,21,31075,Shannagurraun,Q,0.518571,7,m3/s,connemara_coastal_local
1988,22,31075,Shannagurraun,Q,2.230429,7,m3/s,connemara_coastal_local
1988,23,31075,Shannagurraun,Q,1.302143,7,m3/s,connemara_coastal_local
1988,24,31075,Shannagurraun,Q,0.560571,7,m3/s,connemara_coastal_local
1988,25,31075,Shannagurraun,Q,0.263571,7,m3/s,connemara_coastal_local
1988,26,31075,Shannagurraun,Q,0.241429,7,m3/s,connemara_coastal_local
1988,27,31075,Shannagurraun,Q,0.810286,7,m3/s,connemara_coastal_local
1988,28,31075,Shannagurraun,Q,2.870143,7,m3/s,connemara_coastal_local
1988,29,31075,Shannagurraun,Q,1.923,7,m3/s,connemara_coastal_local
1988,30,31075,Shannagurraun,Q,1.209143,7,m3/s,connemara_coastal_local
1988,31,31075,Shannagurraun,Q,3.786714,7,m3/s,connemara_coastal_local
1988,32,31075,Shannagurraun,Q,5.387,7,m3/s,connemara_coastal_local
1988,33,31075,Shannagurraun,Q,5.517714,7,m3/s,connemara_coastal_local
1988,34,31075,Shannagurraun,Q,3.714143,7,m3/s,connemara_coastal_local
1988,35,31075,Shannagurraun,Q,4.181,5,m3/s,connemara_coastal_local
1988,36,31075,Shannagurraun,Q,3.874667,3,m3/s,connemara_coastal_local
1988,37,31075,Shannagurraun,Q,2.4938,5,m3/s,connemara_coastal_local
1988,39,31075,Shannagurraun,Q,4.802286,7,m3/s,connemara_coastal_local
1988,40,31075,Shannagurraun,Q,5.636,7,m3/s,connemara_coastal_local
1988,41,31075,Shannagurraun,Q,3.276429,7,m3/s,connemara_coastal_local
1988,42,31075,Shannagurraun,Q,3.393429,7,m3/s,connemara_coastal_local
1988,43,31075,Shannagurraun,Q,5.415429,7,m3/s,connemara_coastal_local
1988,44,31075,Shannagurraun,Q,2.260857,7,m3/s,connemara_coastal_local
1988,45,31075,Shannagurraun,Q,3.846143,7,m3/s,connemara_coastal_local
1988,46,31075,Shannagurraun,Q,2.357571,7,m3/s,connemara_coastal_local
1988,47,31075,Shannagurraun,Q,0.682714,7,m3/s,connemara_coastal_local
1988,48,31075,Shannagurraun,Q,4.618714,7,m3/s,connemara_coastal_local
1988,49,31075,Shannagurraun,Q,3.338714,7,m3/s,connemara_coastal_local
1988,50,31075,Shannagurraun,Q,1.489714,7,m3/s,connemara_coastal_local
1988,51,31075,Shannagurraun,Q,4.068571,7,m3/s,connemara_coastal_local
1988,52,31075,Shannagurraun,Q,5.839571,7,m3/s,connemara_coastal_local
1989,1,31075,Shannagurraun,Q,5.240143,7,m3/s,connemara_coastal_local
1989,2,31075,Shannagurraun,Q,5.275286,7,m3/s,connemara_coastal_local
1989,3,31075,Shannagurraun,Q,1.588714,7,m3/s,connemara_coastal_local
1989,4,31075,Shannagurraun,Q,6.278143,7,m3/s,connemara_coastal_local
1989,5,31075,Shannagurraun,Q,3.744714,7,m3/s,connemara_coastal_local
1989,6,31075,Shannagurraun,Q,2.515429,7,m3/s,connemara_coastal_local
1989,7,31075,Shannagurraun,Q,5.777429,7,m3/s,connemara_coastal_local
1989,8,31075,Shannagurraun,Q,12.151,1,m3/s,connemara_coastal_local
1989,9,31075,Shannagurraun,Q,4.506167,6,m3/s,connemara_coastal_local
1989,10,31075,Shannagurraun,Q,3.632143,7,m3/s,connemara_coastal_local
1989,11,31075,Shannagurraun,Q,6.456286,7,m3/s,connemara_coastal_local
1989,12,31075,Shannagurraun,Q,7.608429,7,m3/s,connemara_coastal_local
1989,13,31075,Shannagurraun,Q,9.284,1,m3/s,connemara_coastal_local
1989,14,31075,Shannagurraun,Q,1.519286,7,m3/s,connemara_coastal_local
1989,15,31075,Shannagurraun,Q,2.521714,7,m3/s,connemara_coastal_local
1989,16,31075,Shannagurraun,Q,0.924143,7,m3/s,connemara_coastal_local
1989,17,31075,Shannagurraun,Q,0.478,7,m3/s,connemara_coastal_local
1989,18,31075,Shannagurraun,Q,1.364714,7,m3/s,connemara_coastal_local
1989,19,31075,Shannagurraun,Q,0.771714,7,m3/s,connemara_coastal_local
1989,20,31075,Shannagurraun,Q,0.522571,7,m3/s,connemara_coastal_local
1989,21,31075,Shannagurraun,Q,0.475571,7,m3/s,connemara_coastal_local
1989,22,31075,Shannagurraun,Q,0.248,7,m3/s,connemara_coastal_local
1989,23,31075,Shannagurraun,Q,1.315143,7,m3/s,connemara_coastal_local
1989,24,31075,Shannagurraun,Q,2.431286,7,m3/s,connemara_coastal_local
1989,25,31075,Shannagurraun,Q,0.603429,7,m3/s,connemara_coastal_local
1989,26,31075,Shannagurraun,Q,0.504286,7,m3/s,connemara_coastal_local
1989,27,31075,Shannagurraun,Q,0.466571,7,m3/s,connemara_coastal_local
1989,28,31075,Shannagurraun,Q,0.258286,7,m3/s,connemara_coastal_local
1989,29,31075,Shannagurraun,Q,0.142714,7,m3/s,connemara_coastal_local
1989,30,31075,Shannagurraun,Q,0.089857,7,m3/s,connemara_coastal_local
1989,31,31075,Shannagurraun,Q,0.097286,7,m3/s,connemara_coastal_local
1989,32,31075,Shannagurraun,Q,0.741,7,m3/s,connemara_coastal_local
1989,33,31075,Shannagurraun,Q,6.327143,7,m3/s,connemara_coastal_local
1989,34,31075,Shannagurraun,Q,2.790714,7,m3/s,connemara_coastal_local
1989,35,31075,Shannagurraun,Q,1.207,6,m3/s,connemara_coastal_local
1989,36,31075,Shannagurraun,Q,0.626857,7,m3/s,connemara_coastal_local
1989,37,31075,Shannagurraun,Q,0.109714,7,m3/s,connemara_coastal_local
1989,38,31075,Shannagurraun,Q,3.174571,7,m3/s,connemara_coastal_local
1989,39,31075,Shannagurraun,Q,0.356,6,m3/s,connemara_coastal_local
1989,40,31075,Shannagurraun,Q,1.649286,7,m3/s,connemara_coastal_local
1989,41,31075,Shannagurraun,Q,2.071286,7,m3/s,connemara_coastal_local
1989,42,31075,Shannagurraun,Q,5.39,7,m3/s,connemara_coastal_local
1989,43,31075,Shannagurraun,Q,12.500429,7,m3/s,connemara_coastal_local
1989,44,31075,Shannagurraun,Q,13.791,1,m3/s,connemara_coastal_local
1989,45,31075,Shannagurraun,Q,4.8654,5,m3/s,connemara_coastal_local
1989,46,31075,Shannagurraun,Q,1.875714,7,m3/s,connemara_coastal_local
1989,47,31075,Shannagurraun,Q,1.131286,7,m3/s,connemara_coastal_local
1989,48,31075,Shannagurraun,Q,0.567143,7,m3/s,connemara_coastal_local
1989,49,31075,Shannagurraun,Q,0.390143,7,m3/s,connemara_coastal_local
1989,50,31075,Shannagurraun,Q,4.647143,7,m3/s,connemara_coastal_local
1989,51,31075,Shannagurraun,Q,5.841,7,m3/s,connemara_coastal_local
1989,52,31075,Shannagurraun,Q,2.942714,7,m3/s,connemara_coastal_local
1990,1,31075,Shannagurraun,Q,1.466,7,m3/s,connemara_coastal_local
1990,2,31075,Shannagurraun,Q,5.23,7,m3/s,connemara_coastal_local
1990,3,31075,Shannagurraun,Q,3.143714,7,m3/s,connemara_coastal_local
1990,4,31075,Shannagurraun,Q,8.786,7,m3/s,connemara_coastal_local
1990,5,31075,Shannagurraun,Q,8.798714,7,m3/s,connemara_coastal_local
1990,6,31075,Shannagurraun,Q,10.411429,7,m3/s,connemara_coastal_local
1990,7,31075,Shannagurraun,Q,6.759286,7,m3/s,connemara_coastal_local
1990,8,31075,Shannagurraun,Q,6.877429,7,m3/s,connemara_coastal_local
1990,9,31075,Shannagurraun,Q,7.623714,7,m3/s,connemara_coastal_local
1990,10,31075,Shannagurraun,Q,3.868857,7,m3/s,connemara_coastal_local
1990,11,31075,Shannagurraun,Q,3.567,7,m3/s,connemara_coastal_local
1990,12,31075,Shannagurraun,Q,2.525571,7,m3/s,connemara_coastal_local
1990,13,31075,Shannagurraun,Q,1.221571,7,m3/s,connemara_coastal_local
1990,14,31075,Shannagurraun,Q,2.011571,7,m3/s,connemara_coastal_local
1990,15,31075,Shannagurraun,Q,2.084857,7,m3/s,connemara_coastal_local
1990,16,31075,Shannagurraun,Q,2.477714,7,m3/s,connemara_coastal_local
1990,17,31075,Shannagurraun,Q,0.441857,7,m3/s,connemara_coastal_local
1990,18,31075,Shannagurraun,Q,0.389714,7,m3/s,connemara_coastal_local
1990,19,31075,Shannagurraun,Q,0.384,7,m3/s,connemara_coastal_local
1990,20,31075,Shannagurraun,Q,0.293286,7,m3/s,connemara_coastal_local
1990,21,31075,Shannagurraun,Q,0.2885,2,m3/s,connemara_coastal_local
1990,22,31075,Shannagurraun,Q,0.1836,5,m3/s,connemara_coastal_local
1990,23,31075,Shannagurraun,Q,0.169667,3,m3/s,connemara_coastal_local
1990,24,31075,Shannagurraun,Q,0.214,7,m3/s,connemara_coastal_local
1990,25,31075,Shannagurraun,Q,0.680714,7,m3/s,connemara_coastal_local
1990,26,31075,Shannagurraun,Q,1.129714,7,m3/s,connemara_coastal_local
1990,27,31075,Shannagurraun,Q,3.096143,7,m3/s,connemara_coastal_local
1990,28,31075,Shannagurraun,Q,2.534286,7,m3/s,connemara_coastal_local
1990,29,31075,Shannagurraun,Q,1.008429,7,m3/s,connemara_coastal_local
1990,30,31075,Shannagurraun,Q,0.204857,7,m3/s,connemara_coastal_local
1990,31,31075,Shannagurraun,Q,0.286,7,m3/s,connemara_coastal_local
1990,32,31075,Shannagurraun,Q,0.240571,7,m3/s,connemara_coastal_local
1990,33,31075,Shannagurraun,Q,0.314286,7,m3/s,connemara_coastal_local
1990,34,31075,Shannagurraun,Q,0.545571,7,m3/s,connemara_coastal_local
1990,35,31075,Shannagurraun,Q,2.592,7,m3/s,connemara_coastal_local
1990,36,31075,Shannagurraun,Q,0.846429,7,m3/s,connemara_coastal_local
1990,37,31075,Shannagurraun,Q,0.758143,7,m3/s,connemara_coastal_local
1990,38,31075,Shannagurraun,Q,0.696286,7,m3/s,connemara_coastal_local
1990,39,31075,Shannagurraun,Q,0.911571,7,m3/s,connemara_coastal_local
1990,40,31075,Shannagurraun,Q,8.670833,6,m3/s,connemara_coastal_local
1990,42,31075,Shannagurraun,Q,3.221,7,m3/s,connemara_coastal_local
1990,43,31075,Shannagurraun,Q,3.630857,7,m3/s,connemara_coastal_local
1990,44,31075,Shannagurraun,Q,3.879857,7,m3/s,connemara_coastal_local
1990,45,31075,Shannagurraun,Q,1.387,7,m3/s,connemara_coastal_local
1990,46,31075,Shannagurraun,Q,8.953857,7,m3/s,connemara_coastal_local
1990,47,31075,Shannagurraun,Q,4.174286,7,m3/s,connemara_coastal_local
1990,48,31075,Shannagurraun,Q,1.625571,7,m3/s,connemara_coastal_local
1990,49,31075,Shannagurraun,Q,1.099429,7,m3/s,connemara_coastal_local
1990,50,31075,Shannagurraun,Q,1.432429,7,m3/s,connemara_coastal_local
1990,51,31075,Shannagurraun,Q,5.952714,7,m3/s,connemara_coastal_local
1990,52,31075,Shannagurraun,Q,13.345,7,m3/s,connemara_coastal_local
1991,1,31075,Shannagurraun,Q,10.467571,7,m3/s,connemara_coastal_local
1991,2,31075,Shannagurraun,Q,6.041857,7,m3/s,connemara_coastal_local
1991,3,31075,Shannagurraun,Q,2.363429,7,m3/s,connemara_coastal_local
1991,4,31075,Shannagurraun,Q,1.594571,7,m3/s,connemara_coastal_local
1991,5,31075,Shannagurraun,Q,0.732,7,m3/s,connemara_coastal_local
1991,6,31075,Shannagurraun,Q,1.627,7,m3/s,connemara_coastal_local
1991,7,31075,Shannagurraun,Q,1.685571,7,m3/s,connemara_coastal_local
1991,8,31075,Shannagurraun,Q,4.204,7,m3/s,connemara_coastal_local
1991,9,31075,Shannagurraun,Q,4.969143,7,m3/s,connemara_coastal_local
1991,10,31075,Shannagurraun,Q,3.115714,7,m3/s,connemara_coastal_local
1991,11,31075,Shannagurraun,Q,3.256286,7,m3/s,connemara_coastal_local
1991,12,31075,Shannagurraun,Q,7.001429,7,m3/s,connemara_coastal_local
1991,13,31075,Shannagurraun,Q,1.675429,7,m3/s,connemara_coastal_local
1991,14,31075,Shannagurraun,Q,7.545857,7,m3/s,connemara_coastal_local
1991,15,31075,Shannagurraun,Q,9.926429,7,m3/s,connemara_coastal_local
1991,16,31075,Shannagurraun,Q,1.089714,7,m3/s,connemara_coastal_local
1991,17,31075,Shannagurraun,Q,0.593571,7,m3/s,connemara_coastal_local
1991,18,31075,Shannagurraun,Q,4.156857,7,m3/s,connemara_coastal_local
1991,19,31075,Shannagurraun,Q,0.911714,7,m3/s,connemara_coastal_local
1991,20,31075,Shannagurraun,Q,0.609429,7,m3/s,connemara_coastal_local
1991,21,31075,Shannagurraun,Q,0.522857,7,m3/s,connemara_coastal_local
1991,22,31075,Shannagurraun,Q,0.344714,7,m3/s,connemara_coastal_local
1991,23,31075,Shannagurraun,Q,0.200857,7,m3/s,connemara_coastal_local
1991,24,31075,Shannagurraun,Q,1.403,7,m3/s,connemara_coastal_local
1991,25,31075,Shannagurraun,Q,0.689857,7,m3/s,connemara_coastal_local
1991,26,31075,Shannagurraun,Q,0.568,7,m3/s,connemara_coastal_local
1991,27,31075,Shannagurraun,Q,1.671571,7,m3/s,connemara_coastal_local
1991,28,31075,Shannagurraun,Q,1.734286,7,m3/s,connemara_coastal_local
1991,29,31075,Shannagurraun,Q,1.594857,7,m3/s,connemara_coastal_local
1991,30,31075,Shannagurraun,Q,2.729714,7,m3/s,connemara_coastal_local
1991,31,31075,Shannagurraun,Q,3.234,7,m3/s,connemara_coastal_local
1991,32,31075,Shannagurraun,Q,4.880143,7,m3/s,connemara_coastal_local
1991,33,31075,Shannagurraun,Q,2.493286,7,m3/s,connemara_coastal_local
1991,34,31075,Shannagurraun,Q,1.615429,7,m3/s,connemara_coastal_local
1991,35,31075,Shannagurraun,Q,0.425143,7,m3/s,connemara_coastal_local
1991,36,31075,Shannagurraun,Q,0.283714,7,m3/s,connemara_coastal_local
1991,37,31075,Shannagurraun,Q,0.261714,7,m3/s,connemara_coastal_local
1991,38,31075,Shannagurraun,Q,0.807714,7,m3/s,connemara_coastal_local
1991,39,31075,Shannagurraun,Q,2.659143,7,m3/s,connemara_coastal_local
1991,40,31075,Shannagurraun,Q,3.362286,7,m3/s,connemara_coastal_local
1991,41,31075,Shannagurraun,Q,4.783143,7,m3/s,connemara_coastal_local
1991,42,31075,Shannagurraun,Q,3.178714,7,m3/s,connemara_coastal_local
1991,43,31075,Shannagurraun,Q,0.699857,7,m3/s,connemara_coastal_local
1991,44,31075,Shannagurraun,Q,5.597714,7,m3/s,connemara_coastal_local
1991,45,31075,Shannagurraun,Q,4.839143,7,m3/s,connemara_coastal_local
1991,46,31075,Shannagurraun,Q,7.982571,7,m3/s,connemara_coastal_local
1991,47,31075,Shannagurraun,Q,3.582,7,m3/s,connemara_coastal_local
1991,48,31075,Shannagurraun,Q,6.416714,7,m3/s,connemara_coastal_local
1991,49,31075,Shannagurraun,Q,1.455286,7,m3/s,connemara_coastal_local
1991,50,31075,Shannagurraun,Q,0.844714,7,m3/s,connemara_coastal_local
1991,51,31075,Shannagurraun,Q,8.121857,7,m3/s,connemara_coastal_local
1991,52,31075,Shannagurraun,Q,15.267,1,m3/s,connemara_coastal_local
1992,1,31075,Shannagurraun,Q,4.726,7,m3/s,connemara_coastal_local
1992,2,31075,Shannagurraun,Q,15.934571,7,m3/s,connemara_coastal_local
1992,3,31075,Shannagurraun,Q,4.115,7,m3/s,connemara_coastal_local
1992,4,31075,Shannagurraun,Q,3.078,7,m3/s,connemara_coastal_local
1992,5,31075,Shannagurraun,Q,3.577571,7,m3/s,connemara_coastal_local
1992,6,31075,Shannagurraun,Q,2.762857,7,m3/s,connemara_coastal_local
1992,7,31075,Shannagurraun,Q,4.972714,7,m3/s,connemara_coastal_local
1992,8,31075,Shannagurraun,Q,5.988714,7,m3/s,connemara_coastal_local
1992,9,31075,Shannagurraun,Q,9.703429,7,m3/s,connemara_coastal_local
1992,10,31075,Shannagurraun,Q,16.820429,7,m3/s,connemara_coastal_local
1992,11,31075,Shannagurraun,Q,7.753286,7,m3/s,connemara_coastal_local
1992,12,31075,Shannagurraun,Q,5.144286,7,m3/s,connemara_coastal_local
1992,13,31075,Shannagurraun,Q,4.269571,7,m3/s,connemara_coastal_local
1992,14,31075,Shannagurraun,Q,0.792143,7,m3/s,connemara_coastal_local
1992,15,31075,Shannagurraun,Q,2.833714,7,m3/s,connemara_coastal_local
1992,16,31075,Shannagurraun,Q,4.124429,7,m3/s,connemara_coastal_local
1992,17,31075,Shannagurraun,Q,4.538857,7,m3/s,connemara_coastal_local
1992,18,31075,Shannagurraun,Q,5.704286,7,m3/s,connemara_coastal_local
1992,19,31075,Shannagurraun,Q,3.701,7,m3/s,connemara_coastal_local
1992,20,31075,Shannagurraun,Q,3.321571,7,m3/s,connemara_coastal_local
1992,21,31075,Shannagurraun,Q,1.021714,7,m3/s,connemara_coastal_local
1992,22,31075,Shannagurraun,Q,0.483143,7,m3/s,connemara_coastal_local
1992,23,31075,Shannagurraun,Q,0.473286,7,m3/s,connemara_coastal_local
1992,24,31075,Shannagurraun,Q,0.723571,7,m3/s,connemara_coastal_local
1992,25,31075,Shannagurraun,Q,0.476429,7,m3/s,connemara_coastal_local
1992,26,31075,Shannagurraun,Q,0.281,7,m3/s,connemara_coastal_local
1992,27,31075,Shannagurraun,Q,3.272429,7,m3/s,connemara_coastal_local
1992,28,31075,Shannagurraun,Q,1.937143,7,m3/s,connemara_coastal_local
1992,29,31075,Shannagurraun,Q,1.317286,7,m3/s,connemara_coastal_local
1992,30,31075,Shannagurraun,Q,2.317714,7,m3/s,connemara_coastal_local
1992,31,31075,Shannagurraun,Q,1.761714,7,m3/s,connemara_coastal_local
1992,32,31075,Shannagurraun,Q,2.970143,7,m3/s,connemara_coastal_local
1992,33,31075,Shannagurraun,Q,3.393143,7,m3/s,connemara_coastal_local
1992,34,31075,Shannagurraun,Q,6.190143,7,m3/s,connemara_coastal_local
1992,35,31075,Shannagurraun,Q,4.836,7,m3/s,connemara_coastal_local
1992,36,31075,Shannagurraun,Q,2.888857,7,m3/s,connemara_coastal_local
1992,37,31075,Shannagurraun,Q,4.470571,7,m3/s,connemara_coastal_local
1992,38,31075,Shannagurraun,Q,2.093143,7,m3/s,connemara_coastal_local
1992,39,31075,Shannagurraun,Q,0.616429,7,m3/s,connemara_coastal_local
1992,40,31075,Shannagurraun,Q,0.333714,7,m3/s,connemara_coastal_local
1992,41,31075,Shannagurraun,Q,0.202143,7,m3/s,connemara_coastal_local
1992,42,31075,Shannagurraun,Q,0.3126,5,m3/s,connemara_coastal_local
1992,43,31075,Shannagurraun,Q,0.500429,7,m3/s,connemara_coastal_local
1992,44,31075,Shannagurraun,Q,4.371571,7,m3/s,connemara_coastal_local
1992,45,31075,Shannagurraun,Q,3.908286,7,m3/s,connemara_coastal_local
1992,46,31075,Shannagurraun,Q,5.975,1,m3/s,connemara_coastal_local
1992,47,31075,Shannagurraun,Q,10.185,7,m3/s,connemara_coastal_local
1992,48,31075,Shannagurraun,Q,8.960714,7,m3/s,connemara_coastal_local
1992,49,31075,Shannagurraun,Q,4.895286,7,m3/s,connemara_coastal_local
1992,50,31075,Shannagurraun,Q,5.067143,7,m3/s,connemara_coastal_local
1992,51,31075,Shannagurraun,Q,3.958857,7,m3/s,connemara_coastal_local
1992,52,31075,Shannagurraun,Q,1.564429,7,m3/s,connemara_coastal_local
1992,53,31075,Shannagurraun,Q,0.767286,7,m3/s,connemara_coastal_local
1993,1,31075,Shannagurraun,Q,5.383571,7,m3/s,connemara_coastal_local
1993,2,31075,Shannagurraun,Q,7.267857,7,m3/s,connemara_coastal_local
1993,3,31075,Shannagurraun,Q,7.167143,7,m3/s,connemara_coastal_local
1993,4,31075,Shannagurraun,Q,6.265143,7,m3/s,connemara_coastal_local
1993,5,31075,Shannagurraun,Q,1.714571,7,m3/s,connemara_coastal_local
1993,6,31075,Shannagurraun,Q,0.696286,7,m3/s,connemara_coastal_local
1993,7,31075,Shannagurraun,Q,1.261286,7,m3/s,connemara_coastal_local
1993,8,31075,Shannagurraun,Q,1.175857,7,m3/s,connemara_coastal_local
1993,9,31075,Shannagurraun,Q,1.077143,7,m3/s,connemara_coastal_local
1993,10,31075,Shannagurraun,Q,0.511714,7,m3/s,connemara_coastal_local
1993,11,31075,Shannagurraun,Q,1.797429,7,m3/s,connemara_coastal_local
1993,12,31075,Shannagurraun,Q,1.684714,7,m3/s,connemara_coastal_local
1993,13,31075,Shannagurraun,Q,3.611571,7,m3/s,connemara_coastal_local
1993,14,31075,Shannagurraun,Q,5.346714,7,m3/s,connemara_coastal_local
1993,15,31075,Shannagurraun,Q,3.995,1,m3/s,connemara_coastal_local
1993,16,31075,Shannagurraun,Q,4.017571,7,m3/s,connemara_coastal_local
1993,17,31075,Shannagurraun,Q,0.691714,7,m3/s,connemara_coastal_local
1993,18,31075,Shannagurraun,Q,0.566857,7,m3/s,connemara_coastal_local
1993,19,31075,Shannagurraun,Q,0.364143,7,m3/s,connemara_coastal_local
1993,20,31075,Shannagurraun,Q,3.022571,7,m3/s,connemara_coastal_local
1993,21,31075,Shannagurraun,Q,4.979143,7,m3/s,connemara_coastal_local
1993,22,31075,Shannagurraun,Q,2.674,7,m3/s,connemara_coastal_local
1993,23,31075,Shannagurraun,Q,3.691,7,m3/s,connemara_coastal_local
1993,24,31075,Shannagurraun,Q,4.019429,7,m3/s,connemara_coastal_local
1993,25,31075,Shannagurraun,Q,0.948429,7,m3/s,connemara_coastal_local
1993,26,31075,Shannagurraun,Q,0.732286,7,m3/s,connemara_coastal_local
1993,27,31075,Shannagurraun,Q,0.442571,7,m3/s,connemara_coastal_local
1993,28,31075,Shannagurraun,Q,2.324429,7,m3/s,connemara_coastal_local
1993,29,31075,Shannagurraun,Q,3.214714,7,m3/s,connemara_coastal_local
1993,30,31075,Shannagurraun,Q,1.585429,7,m3/s,connemara_coastal_local
1993,31,31075,Shannagurraun,Q,1.315429,7,m3/s,connemara_coastal_local
1993,32,31075,Shannagurraun,Q,4.024286,7,m3/s,connemara_coastal_local
1993,33,31075,Shannagurraun,Q,1.650286,7,m3/s,connemara_coastal_local
1993,34,31075,Shannagurraun,Q,0.914,7,m3/s,connemara_coastal_local
1993,35,31075,Shannagurraun,Q,0.686857,7,m3/s,connemara_coastal_local
1993,36,31075,Shannagurraun,Q,0.608286,7,m3/s,connemara_coastal_local
1993,37,31075,Shannagurraun,Q,0.511714,7,m3/s,connemara_coastal_local
1993,38,31075,Shannagurraun,Q,3.312571,7,m3/s,connemara_coastal_local
1993,39,31075,Shannagurraun,Q,3.883286,7,m3/s,connemara_coastal_local
1993,40,31075,Shannagurraun,Q,5.701714,7,m3/s,connemara_coastal_local
1993,41,31075,Shannagurraun,Q,1.866286,7,m3/s,connemara_coastal_local
1993,42,31075,Shannagurraun,Q,1.213,7,m3/s,connemara_coastal_local
1993,43,31075,Shannagurraun,Q,0.927857,7,m3/s,connemara_coastal_local
1993,44,31075,Shannagurraun,Q,0.832286,7,m3/s,connemara_coastal_local
1993,45,31075,Shannagurraun,Q,0.879,1,m3/s,connemara_coastal_local
1993,46,31075,Shannagurraun,Q,1.795,7,m3/s,connemara_coastal_local
1993,47,31075,Shannagurraun,Q,1.043143,7,m3/s,connemara_coastal_local
1993,48,31075,Shannagurraun,Q,4.984143,7,m3/s,connemara_coastal_local
1993,49,31075,Shannagurraun,Q,12.453571,7,m3/s,connemara_coastal_local
1993,50,31075,Shannagurraun,Q,11.356857,7,m3/s,connemara_coastal_local
1993,51,31075,Shannagurraun,Q,8.816571,7,m3/s,connemara_coastal_local
1993,52,31075,Shannagurraun,Q,7.771571,7,m3/s,connemara_coastal_local
1994,1,31075,Shannagurraun,Q,6.909,7,m3/s,connemara_coastal_local
1994,2,31075,Shannagurraun,Q,6.421,7,m3/s,connemara_coastal_local
1994,3,31075,Shannagurraun,Q,3.816571,7,m3/s,connemara_coastal_local
1994,4,31075,Shannagurraun,Q,8.289143,7,m3/s,connemara_coastal_local
1994,5,31075,Shannagurraun,Q,7.114714,7,m3/s,connemara_coastal_local
1994,6,31075,Shannagurraun,Q,6.162143,7,m3/s,connemara_coastal_local
1994,7,31075,Shannagurraun,Q,3.599857,7,m3/s,connemara_coastal_local
1994,8,31075,Shannagurraun,Q,7.184286,7,m3/s,connemara_coastal_local
1994,9,31075,Shannagurraun,Q,5.651714,7,m3/s,connemara_coastal_local
1994,10,31075,Shannagurraun,Q,7.471571,7,m3/s,connemara_coastal_local
1994,11,31075,Shannagurraun,Q,4.109571,7,m3/s,connemara_coastal_local
1994,12,31075,Shannagurraun,Q,7.210857,7,m3/s,connemara_coastal_local
1994,13,31075,Shannagurraun,Q,5.146714,7,m3/s,connemara_coastal_local
1994,14,31075,Shannagurraun,Q,6.635,7,m3/s,connemara_coastal_local
1994,15,31075,Shannagurraun,Q,1.990286,7,m3/s,connemara_coastal_local
1994,16,31075,Shannagurraun,Q,2.640143,7,m3/s,connemara_coastal_local
1994,17,31075,Shannagurraun,Q,4.117714,7,m3/s,connemara_coastal_local
1994,18,31075,Shannagurraun,Q,5.757,7,m3/s,connemara_coastal_local
1994,19,31075,Shannagurraun,Q,5.024714,7,m3/s,connemara_coastal_local
1994,20,31075,Shannagurraun,Q,1.431857,7,m3/s,connemara_coastal_local
1994,21,31075,Shannagurraun,Q,0.664,7,m3/s,connemara_coastal_local
1994,22,31075,Shannagurraun,Q,0.443286,7,m3/s,connemara_coastal_local
1994,23,31075,Shannagurraun,Q,0.591714,7,m3/s,connemara_coastal_local
1994,24,31075,Shannagurraun,Q,0.391429,7,m3/s,connemara_coastal_local
1994,25,31075,Shannagurraun,Q,0.603429,7,m3/s,connemara_coastal_local
1994,26,31075,Shannagurraun,Q,3.743714,7,m3/s,connemara_coastal_local
1994,27,31075,Shannagurraun,Q,3.771714,7,m3/s,connemara_coastal_local
1994,28,31075,Shannagurraun,Q,4.100571,7,m3/s,connemara_coastal_local
1994,29,31075,Shannagurraun,Q,1.134,7,m3/s,connemara_coastal_local
1994,30,31075,Shannagurraun,Q,0.830286,7,m3/s,connemara_coastal_local
1994,31,31075,Shannagurraun,Q,6.017,7,m3/s,connemara_coastal_local
1994,32,31075,Shannagurraun,Q,1.012857,7,m3/s,connemara_coastal_local
1994,33,31075,Shannagurraun,Q,2.100857,7,m3/s,connemara_coastal_local
1994,34,31075,Shannagurraun,Q,3.851,7,m3/s,connemara_coastal_local
1994,35,31075,Shannagurraun,Q,1.109,7,m3/s,connemara_coastal_local
1994,36,31075,Shannagurraun,Q,2.849571,7,m3/s,connemara_coastal_local
1994,37,31075,Shannagurraun,Q,1.595714,7,m3/s,connemara_coastal_local
1994,38,31075,Shannagurraun,Q,1.936714,7,m3/s,connemara_coastal_local
1994,39,31075,Shannagurraun,Q,1.534714,7,m3/s,connemara_coastal_local
1994,40,31075,Shannagurraun,Q,2.241571,7,m3/s,connemara_coastal_local
1994,41,31075,Shannagurraun,Q,0.505,7,m3/s,connemara_coastal_local
1994,42,31075,Shannagurraun,Q,0.842,7,m3/s,connemara_coastal_local
1994,43,31075,Shannagurraun,Q,1.386714,7,m3/s,connemara_coastal_local
1994,44,31075,Shannagurraun,Q,4.430429,7,m3/s,connemara_coastal_local
1994,45,31075,Shannagurraun,Q,5.69,7,m3/s,connemara_coastal_local
1994,46,31075,Shannagurraun,Q,7.894143,7,m3/s,connemara_coastal_local
1994,47,31075,Shannagurraun,Q,2.923857,7,m3/s,connemara_coastal_local
1994,48,31075,Shannagurraun,Q,3.975429,7,m3/s,connemara_coastal_local
1994,49,31075,Shannagurraun,Q,8.488,7,m3/s,connemara_coastal_local
1994,50,31075,Shannagurraun,Q,7.608571,7,m3/s,connemara_coastal_local
1994,51,31075,Shannagurraun,Q,5.003,7,m3/s,connemara_coastal_local
1994,52,31075,Shannagurraun,Q,12.260714,7,m3/s,connemara_coastal_local
1995,1,31075,Shannagurraun,Q,3.327429,7,m3/s,connemara_coastal_local
1995,2,31075,Shannagurraun,Q,4.017286,7,m3/s,connemara_coastal_local
1995,3,31075,Shannagurraun,Q,9.009714,7,m3/s,connemara_coastal_local
1995,4,31075,Shannagurraun,Q,10.983571,7,m3/s,connemara_coastal_local
1995,5,31075,Shannagurraun,Q,7.859857,7,m3/s,connemara_coastal_local
1995,6,31075,Shannagurraun,Q,4.126857,7,m3/s,connemara_coastal_local
1995,7,31075,Shannagurraun,Q,7.692429,7,m3/s,connemara_coastal_local
1995,8,31075,Shannagurraun,Q,6.360143,7,m3/s,connemara_coastal_local
1995,9,31075,Shannagurraun,Q,5.289143,7,m3/s,connemara_coastal_local
1995,10,31075,Shannagurraun,Q,6.878,7,m3/s,connemara_coastal_local
1995,11,31075,Shannagurraun,Q,3.029429,7,m3/s,connemara_coastal_local
1995,12,31075,Shannagurraun,Q,1.797714,7,m3/s,connemara_coastal_local
1995,13,31075,Shannagurraun,Q,3.426571,7,m3/s,connemara_coastal_local
1995,14,31075,Shannagurraun,Q,1.813143,7,m3/s,connemara_coastal_local
1995,15,31075,Shannagurraun,Q,0.860857,7,m3/s,connemara_coastal_local
1995,16,31075,Shannagurraun,Q,0.568857,7,m3/s,connemara_coastal_local
1995,17,31075,Shannagurraun,Q,0.313,7,m3/s,connemara_coastal_local
1995,18,31075,Shannagurraun,Q,1.115571,7,m3/s,connemara_coastal_local
1995,19,31075,Shannagurraun,Q,0.748714,7,m3/s,connemara_coastal_local
1995,20,31075,Shannagurraun,Q,0.559429,7,m3/s,connemara_coastal_local
1995,21,31075,Shannagurraun,Q,1.138714,7,m3/s,connemara_coastal_local
1995,22,31075,Shannagurraun,Q,2.314,7,m3/s,connemara_coastal_local
1995,23,31075,Shannagurraun,Q,1.103286,7,m3/s,connemara_coastal_local
1995,24,31075,Shannagurraun,Q,0.427857,7,m3/s,connemara_coastal_local
1995,25,31075,Shannagurraun,Q,2.407143,7,m3/s,connemara_coastal_local
1995,26,31075,Shannagurraun,Q,0.746714,7,m3/s,connemara_coastal_local
1995,27,31075,Shannagurraun,Q,0.296571,7,m3/s,connemara_coastal_local
1995,28,31075,Shannagurraun,Q,0.280857,7,m3/s,connemara_coastal_local
1995,29,31075,Shannagurraun,Q,7.022143,7,m3/s,connemara_coastal_local
1995,30,31075,Shannagurraun,Q,1.458857,7,m3/s,connemara_coastal_local
1995,31,31075,Shannagurraun,Q,1.116286,7,m3/s,connemara_coastal_local
1995,32,31075,Shannagurraun,Q,0.519429,7,m3/s,connemara_coastal_local
1995,33,31075,Shannagurraun,Q,0.241571,7,m3/s,connemara_coastal_local
1995,34,31075,Shannagurraun,Q,0.334143,7,m3/s,connemara_coastal_local
1995,35,31075,Shannagurraun,Q,0.161857,7,m3/s,connemara_coastal_local
1995,36,31075,Shannagurraun,Q,0.093571,7,m3/s,connemara_coastal_local
1995,37,31075,Shannagurraun,Q,0.121143,7,m3/s,connemara_coastal_local
1995,38,31075,Shannagurraun,Q,0.147571,7,m3/s,connemara_coastal_local
1995,39,31075,Shannagurraun,Q,0.545286,7,m3/s,connemara_coastal_local
1995,40,31075,Shannagurraun,Q,3.441571,7,m3/s,connemara_coastal_local
1995,41,31075,Shannagurraun,Q,2.543714,7,m3/s,connemara_coastal_local
1995,42,31075,Shannagurraun,Q,5.002286,7,m3/s,connemara_coastal_local
1995,43,31075,Shannagurraun,Q,10.905571,7,m3/s,connemara_coastal_local
1995,44,31075,Shannagurraun,Q,1.839286,7,m3/s,connemara_coastal_local
1995,45,31075,Shannagurraun,Q,1.117857,7,m3/s,connemara_coastal_local
1995,46,31075,Shannagurraun,Q,2.887,7,m3/s,connemara_coastal_local
1995,47,31075,Shannagurraun,Q,6.302286,7,m3/s,connemara_coastal_local
1995,48,31075,Shannagurraun,Q,5.070714,7,m3/s,connemara_coastal_local
1995,49,31075,Shannagurraun,Q,1.937714,7,m3/s,connemara_coastal_local
1995,50,31075,Shannagurraun,Q,0.896857,7,m3/s,connemara_coastal_local
1995,51,31075,Shannagurraun,Q,2.315,7,m3/s,connemara_coastal_local
1995,52,31075,Shannagurraun,Q,1.927,7,m3/s,connemara_coastal_local
1996,1,31075,Shannagurraun,Q,4.729857,7,m3/s,connemara_coastal_local
1996,2,31075,Shannagurraun,Q,4.129571,7,m3/s,connemara_coastal_local
1996,3,31075,Shannagurraun,Q,4.328143,7,m3/s,connemara_coastal_local
1996,4,31075,Shannagurraun,Q,1.361714,7,m3/s,connemara_coastal_local
1996,5,31075,Shannagurraun,Q,0.689714,7,m3/s,connemara_coastal_local
1996,6,31075,Shannagurraun,Q,4.757857,7,m3/s,connemara_coastal_local
1996,7,31075,Shannagurraun,Q,6.363857,7,m3/s,connemara_coastal_local
1996,8,31075,Shannagurraun,Q,3.421714,7,m3/s,connemara_coastal_local
1996,9,31075,Shannagurraun,Q,1.913143,7,m3/s,connemara_coastal_local
1996,10,31075,Shannagurraun,Q,0.967714,7,m3/s,connemara_coastal_local
1996,11,31075,Shannagurraun,Q,5.262714,7,m3/s,connemara_coastal_local
1996,12,31075,Shannagurraun,Q,2.516429,7,m3/s,connemara_coastal_local
1996,13,31075,Shannagurraun,Q,4.524,7,m3/s,connemara_coastal_local
1996,14,31075,Shannagurraun,Q,1.074286,7,m3/s,connemara_coastal_local
1996,15,31075,Shannagurraun,Q,0.676143,7,m3/s,connemara_coastal_local
1996,16,31075,Shannagurraun,Q,2.426571,7,m3/s,connemara_coastal_local
1996,17,31075,Shannagurraun,Q,4.190286,7,m3/s,connemara_coastal_local
1996,18,31075,Shannagurraun,Q,1.100143,7,m3/s,connemara_coastal_local
1996,19,31075,Shannagurraun,Q,0.512143,7,m3/s,connemara_coastal_local
1996,20,31075,Shannagurraun,Q,0.308571,7,m3/s,connemara_coastal_local
1996,21,31075,Shannagurraun,Q,0.012571,7,m3/s,connemara_coastal_local
1996,22,31075,Shannagurraun,Q,2.969286,7,m3/s,connemara_coastal_local
1996,23,31075,Shannagurraun,Q,0.649714,7,m3/s,connemara_coastal_local
1996,24,31075,Shannagurraun,Q,0.625143,7,m3/s,connemara_coastal_local
1996,25,31075,Shannagurraun,Q,0.340571,7,m3/s,connemara_coastal_local
1996,26,31075,Shannagurraun,Q,0.187,7,m3/s,connemara_coastal_local
1996,27,31075,Shannagurraun,Q,0.234,7,m3/s,connemara_coastal_local
1996,28,31075,Shannagurraun,Q,0.475714,7,m3/s,connemara_coastal_local
1996,29,31075,Shannagurraun,Q,0.594143,7,m3/s,connemara_coastal_local
1996,30,31075,Shannagurraun,Q,0.393,7,m3/s,connemara_coastal_local
1996,31,31075,Shannagurraun,Q,0.369286,7,m3/s,connemara_coastal_local
1996,32,31075,Shannagurraun,Q,0.510286,7,m3/s,connemara_coastal_local
1996,33,31075,Shannagurraun,Q,0.875286,7,m3/s,connemara_coastal_local
1996,34,31075,Shannagurraun,Q,1.210857,7,m3/s,connemara_coastal_local
1996,35,31075,Shannagurraun,Q,0.688286,7,m3/s,connemara_coastal_local
1996,36,31075,Shannagurraun,Q,0.365,7,m3/s,connemara_coastal_local
1996,37,31075,Shannagurraun,Q,0.203714,7,m3/s,connemara_coastal_local
1996,38,31075,Shannagurraun,Q,0.119714,7,m3/s,connemara_coastal_local
1996,39,31075,Shannagurraun,Q,0.795714,7,m3/s,connemara_coastal_local
1996,40,31075,Shannagurraun,Q,3.482571,7,m3/s,connemara_coastal_local
1996,41,31075,Shannagurraun,Q,4.674714,7,m3/s,connemara_coastal_local
1996,42,31075,Shannagurraun,Q,7.419571,7,m3/s,connemara_coastal_local
1996,43,31075,Shannagurraun,Q,5.303429,7,m3/s,connemara_coastal_local
1996,44,31075,Shannagurraun,Q,7.481857,7,m3/s,connemara_coastal_local
1996,45,31075,Shannagurraun,Q,7.847143,7,m3/s,connemara_coastal_local
1996,46,31075,Shannagurraun,Q,2.079286,7,m3/s,connemara_coastal_local
1996,47,31075,Shannagurraun,Q,2.573429,7,m3/s,connemara_coastal_local
1996,48,31075,Shannagurraun,Q,8.180857,7,m3/s,connemara_coastal_local
1996,49,31075,Shannagurraun,Q,5.783,7,m3/s,connemara_coastal_local
1996,50,31075,Shannagurraun,Q,2.457286,7,m3/s,connemara_coastal_local
1996,51,31075,Shannagurraun,Q,1.349857,7,m3/s,connemara_coastal_local
1996,52,31075,Shannagurraun,Q,0.591571,7,m3/s,connemara_coastal_local
1997,1,31075,Shannagurraun,Q,0.282714,7,m3/s,connemara_coastal_local
1997,2,31075,Shannagurraun,Q,0.316143,7,m3/s,connemara_coastal_local
1997,3,31075,Shannagurraun,Q,0.838,7,m3/s,connemara_coastal_local
1997,4,31075,Shannagurraun,Q,1.346286,7,m3/s,connemara_coastal_local
1997,5,31075,Shannagurraun,Q,0.830714,7,m3/s,connemara_coastal_local
1997,6,31075,Shannagurraun,Q,4.296286,7,m3/s,connemara_coastal_local
1997,7,31075,Shannagurraun,Q,4.188,5,m3/s,connemara_coastal_local
1997,8,31075,Shannagurraun,Q,10.342571,7,m3/s,connemara_coastal_local
1997,9,31075,Shannagurraun,Q,6.170857,7,m3/s,connemara_coastal_local
1997,10,31075,Shannagurraun,Q,2.866286,7,m3/s,connemara_coastal_local
1997,11,31075,Shannagurraun,Q,1.487,7,m3/s,connemara_coastal_local
1997,12,31075,Shannagurraun,Q,1.038429,7,m3/s,connemara_coastal_local
1997,13,31075,Shannagurraun,Q,1.944286,7,m3/s,connemara_coastal_local
1997,14,31075,Shannagurraun,Q,1.009,7,m3/s,connemara_coastal_local
1997,15,31075,Shannagurraun,Q,0.422714,7,m3/s,connemara_coastal_local
1997,16,31075,Shannagurraun,Q,0.266,7,m3/s,connemara_coastal_local
1997,17,31075,Shannagurraun,Q,0.504429,7,m3/s,connemara_coastal_local
1997,18,31075,Shannagurraun,Q,1.251286,7,m3/s,connemara_coastal_local
1997,19,31075,Shannagurraun,Q,1.521571,7,m3/s,connemara_coastal_local
1997,20,31075,Shannagurraun,Q,2.327571,7,m3/s,connemara_coastal_local
1997,21,31075,Shannagurraun,Q,0.804286,7,m3/s,connemara_coastal_local
1997,22,31075,Shannagurraun,Q,0.530286,7,m3/s,connemara_coastal_local
1997,23,31075,Shannagurraun,Q,0.330857,7,m3/s,connemara_coastal_local
1997,24,31075,Shannagurraun,Q,3.091,7,m3/s,connemara_coastal_local
1997,25,31075,Shannagurraun,Q,0.966857,7,m3/s,connemara_coastal_local
1997,26,31075,Shannagurraun,Q,1.052429,7,m3/s,connemara_coastal_local
1997,27,31075,Shannagurraun,Q,0.645429,7,m3/s,connemara_coastal_local
1997,28,31075,Shannagurraun,Q,0.149429,7,m3/s,connemara_coastal_local
1997,29,31075,Shannagurraun,Q,0.512857,7,m3/s,connemara_coastal_local
1997,30,31075,Shannagurraun,Q,0.736714,7,m3/s,connemara_coastal_local
1997,31,31075,Shannagurraun,Q,2.966571,7,m3/s,connemara_coastal_local
1997,32,31075,Shannagurraun,Q,5.773714,7,m3/s,connemara_coastal_local
1997,33,31075,Shannagurraun,Q,1.452571,7,m3/s,connemara_coastal_local
1997,34,31075,Shannagurraun,Q,1.175571,7,m3/s,connemara_coastal_local
1997,35,31075,Shannagurraun,Q,6.170286,7,m3/s,connemara_coastal_local
1997,36,31075,Shannagurraun,Q,6.595857,7,m3/s,connemara_coastal_local
1997,37,31075,Shannagurraun,Q,1.121,7,m3/s,connemara_coastal_local
1997,38,31075,Shannagurraun,Q,4.409286,7,m3/s,connemara_coastal_local
1997,39,31075,Shannagurraun,Q,0.923857,7,m3/s,connemara_coastal_local
1997,40,31075,Shannagurraun,Q,1.076429,7,m3/s,connemara_coastal_local
1997,41,31075,Shannagurraun,Q,6.380143,7,m3/s,connemara_coastal_local
1997,42,31075,Shannagurraun,Q,9.672,7,m3/s,connemara_coastal_local
1997,43,31075,Shannagurraun,Q,1.539714,7,m3/s,connemara_coastal_local
1997,44,31075,Shannagurraun,Q,1.060143,7,m3/s,connemara_coastal_local
1997,45,31075,Shannagurraun,Q,1.626429,7,m3/s,connemara_coastal_local
1997,46,31075,Shannagurraun,Q,2.140714,7,m3/s,connemara_coastal_local
1997,47,31075,Shannagurraun,Q,4.449571,7,m3/s,connemara_coastal_local
1997,48,31075,Shannagurraun,Q,3.246429,7,m3/s,connemara_coastal_local
1997,49,31075,Shannagurraun,Q,1.964571,7,m3/s,connemara_coastal_local
1997,50,31075,Shannagurraun,Q,6.963714,7,m3/s,connemara_coastal_local
1997,51,31075,Shannagurraun,Q,1.647714,7,m3/s,connemara_coastal_local
1997,52,31075,Shannagurraun,Q,6.527571,7,m3/s,connemara_coastal_local
1998,1,31075,Shannagurraun,Q,9.576857,7,m3/s,connemara_coastal_local
1998,2,31075,Shannagurraun,Q,10.678714,7,m3/s,connemara_coastal_local
1998,3,31075,Shannagurraun,Q,3.848857,7,m3/s,connemara_coastal_local
1998,4,31075,Shannagurraun,Q,6.283,7,m3/s,connemara_coastal_local
1998,5,31075,Shannagurraun,Q,1.364143,7,m3/s,connemara_coastal_local
1998,6,31075,Shannagurraun,Q,0.795857,7,m3/s,connemara_coastal_local
1998,7,31075,Shannagurraun,Q,7.776286,7,m3/s,connemara_coastal_local
1998,8,31075,Shannagurraun,Q,1.562714,7,m3/s,connemara_coastal_local
1998,9,31075,Shannagurraun,Q,1.283,7,m3/s,connemara_coastal_local
1998,10,31075,Shannagurraun,Q,7.728429,7,m3/s,connemara_coastal_local
1998,11,31075,Shannagurraun,Q,2.644143,7,m3/s,connemara_coastal_local
1998,12,31075,Shannagurraun,Q,0.767286,7,m3/s,connemara_coastal_local
1998,13,31075,Shannagurraun,Q,4.241857,7,m3/s,connemara_coastal_local
1998,14,31075,Shannagurraun,Q,3.712714,7,m3/s,connemara_coastal_local
1998,15,31075,Shannagurraun,Q,1.936857,7,m3/s,connemara_coastal_local
1998,16,31075,Shannagurraun,Q,0.8,7,m3/s,connemara_coastal_local
1998,17,31075,Shannagurraun,Q,2.360143,7,m3/s,connemara_coastal_local
1998,18,31075,Shannagurraun,Q,2.766571,7,m3/s,connemara_coastal_local
1998,19,31075,Shannagurraun,Q,2.685429,7,m3/s,connemara_coastal_local
1998,20,31075,Shannagurraun,Q,1.256,7,m3/s,connemara_coastal_local
1998,21,31075,Shannagurraun,Q,0.471714,7,m3/s,connemara_coastal_local
1998,22,31075,Shannagurraun,Q,0.344714,7,m3/s,connemara_coastal_local
1998,23,31075,Shannagurraun,Q,0.489429,7,m3/s,connemara_coastal_local
1998,24,31075,Shannagurraun,Q,5.589143,7,m3/s,connemara_coastal_local
1998,25,31075,Shannagurraun,Q,4.226857,7,m3/s,connemara_coastal_local
1998,26,31075,Shannagurraun,Q,5.004714,7,m3/s,connemara_coastal_local
1998,27,31075,Shannagurraun,Q,1.371,7,m3/s,connemara_coastal_local
1998,28,31075,Shannagurraun,Q,0.483,7,m3/s,connemara_coastal_local
1998,29,31075,Shannagurraun,Q,1.194286,7,m3/s,connemara_coastal_local
1998,30,31075,Shannagurraun,Q,5.430429,7,m3/s,connemara_coastal_local
1998,31,31075,Shannagurraun,Q,1.836,7,m3/s,connemara_coastal_local
1998,32,31075,Shannagurraun,Q,6.254571,7,m3/s,connemara_coastal_local
1998,33,31075,Shannagurraun,Q,1.758571,7,m3/s,connemara_coastal_local
1998,34,31075,Shannagurraun,Q,2.938857,7,m3/s,connemara_coastal_local
1998,35,31075,Shannagurraun,Q,2.131286,7,m3/s,connemara_coastal_local
1998,36,31075,Shannagurraun,Q,4.693571,7,m3/s,connemara_coastal_local
1998,37,31075,Shannagurraun,Q,3.991571,7,m3/s,connemara_coastal_local
1998,38,31075,Shannagurraun,Q,1.842143,7,m3/s,connemara_coastal_local
1998,39,31075,Shannagurraun,Q,1.074286,7,m3/s,connemara_coastal_local
1998,40,31075,Shannagurraun,Q,0.613429,7,m3/s,connemara_coastal_local
1998,41,31075,Shannagurraun,Q,0.617,7,m3/s,connemara_coastal_local
1998,42,31075,Shannagurraun,Q,2.349571,7,m3/s,connemara_coastal_local
1998,43,31075,Shannagurraun,Q,10.269714,7,m3/s,connemara_coastal_local
1998,44,31075,Shannagurraun,Q,6.763429,7,m3/s,connemara_coastal_local
1998,45,31075,Shannagurraun,Q,3.865714,7,m3/s,connemara_coastal_local
1998,46,31075,Shannagurraun,Q,6.623571,7,m3/s,connemara_coastal_local
1998,47,31075,Shannagurraun,Q,8.357429,7,m3/s,connemara_coastal_local
1998,48,31075,Shannagurraun,Q,7.555429,7,m3/s,connemara_coastal_local
1998,49,31075,Shannagurraun,Q,2.453429,7,m3/s,connemara_coastal_local
1998,50,31075,Shannagurraun,Q,3.431,7,m3/s,connemara_coastal_local
1998,51,31075,Shannagurraun,Q,6.669571,7,m3/s,connemara_coastal_local
1998,52,31075,Shannagurraun,Q,4.700286,7,m3/s,connemara_coastal_local
1998,53,31075,Shannagurraun,Q,7.727,7,m3/s,connemara_coastal_local
1999,1,31075,Shannagurraun,Q,2.916714,7,m3/s,connemara_coastal_local
1999,2,31075,Shannagurraun,Q,5.822714,7,m3/s,connemara_coastal_local
1999,3,31075,Shannagurraun,Q,6.088714,7,m3/s,connemara_coastal_local
1999,4,31075,Shannagurraun,Q,5.596,7,m3/s,connemara_coastal_local
1999,5,31075,Shannagurraun,Q,1.633857,7,m3/s,connemara_coastal_local
1999,6,31075,Shannagurraun,Q,1.487429,7,m3/s,connemara_coastal_local
1999,7,31075,Shannagurraun,Q,2.230571,7,m3/s,connemara_coastal_local
1999,8,31075,Shannagurraun,Q,4.360429,7,m3/s,connemara_coastal_local
1999,9,31075,Shannagurraun,Q,7.075,1,m3/s,connemara_coastal_local
1999,10,31075,Shannagurraun,Q,1.404286,7,m3/s,connemara_coastal_local
1999,11,31075,Shannagurraun,Q,1.900429,7,m3/s,connemara_coastal_local
1999,12,31075,Shannagurraun,Q,1.025,7,m3/s,connemara_coastal_local
1999,13,31075,Shannagurraun,Q,2.053857,7,m3/s,connemara_coastal_local
1999,14,31075,Shannagurraun,Q,3.060714,7,m3/s,connemara_coastal_local
1999,15,31075,Shannagurraun,Q,2.604286,7,m3/s,connemara_coastal_local
1999,16,31075,Shannagurraun,Q,3.049,7,m3/s,connemara_coastal_local
1999,17,31075,Shannagurraun,Q,1.749714,7,m3/s,connemara_coastal_local
1999,18,31075,Shannagurraun,Q,0.626286,7,m3/s,connemara_coastal_local
1999,19,31075,Shannagurraun,Q,1.159571,7,m3/s,connemara_coastal_local
1999,20,31075,Shannagurraun,Q,0.776143,7,m3/s,connemara_coastal_local
1999,21,31075,Shannagurraun,Q,1.728714,7,m3/s,connemara_coastal_local
1999,22,31075,Shannagurraun,Q,1.199,7,m3/s,connemara_coastal_local
1999,23,31075,Shannagurraun,Q,0.800143,7,m3/s,connemara_coastal_local
1999,24,31075,Shannagurraun,Q,0.526286,7,m3/s,connemara_coastal_local
1999,25,31075,Shannagurraun,Q,1.514857,7,m3/s,connemara_coastal_local
1999,26,31075,Shannagurraun,Q,1.052,7,m3/s,connemara_coastal_local
1999,27,31075,Shannagurraun,Q,1.566143,7,m3/s,connemara_coastal_local
1999,28,31075,Shannagurraun,Q,0.659143,7,m3/s,connemara_coastal_local
1999,29,31075,Shannagurraun,Q,4.747714,7,m3/s,connemara_coastal_local
1999,30,31075,Shannagurraun,Q,1.188,1,m3/s,connemara_coastal_local
1999,33,31075,Shannagurraun,Q,2.980667,3,m3/s,connemara_coastal_local
1999,34,31075,Shannagurraun,Q,3.533286,7,m3/s,connemara_coastal_local
1999,35,31075,Shannagurraun,Q,1.825571,7,m3/s,connemara_coastal_local
1999,36,31075,Shannagurraun,Q,8.537286,7,m3/s,connemara_coastal_local
1999,37,31075,Shannagurraun,Q,5.351857,7,m3/s,connemara_coastal_local
1999,38,31075,Shannagurraun,Q,6.012429,7,m3/s,connemara_coastal_local
1999,39,31075,Shannagurraun,Q,2.920143,7,m3/s,connemara_coastal_local
1999,40,31075,Shannagurraun,Q,4.302714,7,m3/s,connemara_coastal_local
1999,41,31075,Shannagurraun,Q,2.524571,7,m3/s,connemara_coastal_local
1999,42,31075,Shannagurraun,Q,0.998429,7,m3/s,connemara_coastal_local
1999,43,31075,Shannagurraun,Q,0.766714,7,m3/s,connemara_coastal_local
1999,44,31075,Shannagurraun,Q,8.734143,7,m3/s,connemara_coastal_local
1999,45,31075,Shannagurraun,Q,2.146143,7,m3/s,connemara_coastal_local
1999,46,31075,Shannagurraun,Q,0.952571,7,m3/s,connemara_coastal_local
1999,47,31075,Shannagurraun,Q,6.212143,7,m3/s,connemara_coastal_local
1999,48,31075,Shannagurraun,Q,11.021571,7,m3/s,connemara_coastal_local
1999,49,31075,Shannagurraun,Q,11.240143,7,m3/s,connemara_coastal_local
1999,50,31075,Shannagurraun,Q,5.382286,7,m3/s,connemara_coastal_local
1999,51,31075,Shannagurraun,Q,13.067857,7,m3/s,connemara_coastal_local
1999,52,31075,Shannagurraun,Q,7.176,7,m3/s,connemara_coastal_local
2000,1,31075,Shannagurraun,Q,4.182143,7,m3/s,connemara_coastal_local
2000,2,31075,Shannagurraun,Q,5.313,7,m3/s,connemara_coastal_local
2000,3,31075,Shannagurraun,Q,1.185714,7,m3/s,connemara_coastal_local
2000,4,31075,Shannagurraun,Q,2.862,2,m3/s,connemara_coastal_local
2000,5,31075,Shannagurraun,Q,6.915571,7,m3/s,connemara_coastal_local
2000,6,31075,Shannagurraun,Q,6.773571,7,m3/s,connemara_coastal_local
2000,7,31075,Shannagurraun,Q,4.591857,7,m3/s,connemara_coastal_local
2000,8,31075,Shannagurraun,Q,4.131429,7,m3/s,connemara_coastal_local
2000,9,31075,Shannagurraun,Q,6.318714,7,m3/s,connemara_coastal_local
2000,10,31075,Shannagurraun,Q,3.514571,7,m3/s,connemara_coastal_local
2000,11,31075,Shannagurraun,Q,1.061857,7,m3/s,connemara_coastal_local
2000,12,31075,Shannagurraun,Q,0.62,7,m3/s,connemara_coastal_local
2000,13,31075,Shannagurraun,Q,0.923571,7,m3/s,connemara_coastal_local
2000,14,31075,Shannagurraun,Q,1.479714,7,m3/s,connemara_coastal_local
2000,15,31075,Shannagurraun,Q,0.793571,7,m3/s,connemara_coastal_local
2000,16,31075,Shannagurraun,Q,0.508571,7,m3/s,connemara_coastal_local
2000,17,31075,Shannagurraun,Q,2.33,7,m3/s,connemara_coastal_local
2000,18,31075,Shannagurraun,Q,0.736286,7,m3/s,connemara_coastal_local
2000,19,31075,Shannagurraun,Q,0.400286,7,m3/s,connemara_coastal_local
2000,20,31075,Shannagurraun,Q,0.217,7,m3/s,connemara_coastal_local
2000,21,31075,Shannagurraun,Q,0.285857,7,m3/s,connemara_coastal_local
2000,22,31075,Shannagurraun,Q,0.936857,7,m3/s,connemara_coastal_local
2000,23,31075,Shannagurraun,Q,1.425143,7,m3/s,connemara_coastal_local
2000,24,31075,Shannagurraun,Q,0.698,7,m3/s,connemara_coastal_local
2000,25,31075,Shannagurraun,Q,0.729857,7,m3/s,connemara_coastal_local
2000,26,31075,Shannagurraun,Q,0.45325,4,m3/s,connemara_coastal_local
2000,27,31075,Shannagurraun,Q,0.747714,7,m3/s,connemara_coastal_local
2000,28,31075,Shannagurraun,Q,0.637,7,m3/s,connemara_coastal_local
2000,29,31075,Shannagurraun,Q,0.404429,7,m3/s,connemara_coastal_local
2000,30,31075,Shannagurraun,Q,0.378857,7,m3/s,connemara_coastal_local
2000,31,31075,Shannagurraun,Q,0.339714,7,m3/s,connemara_coastal_local
2000,32,31075,Shannagurraun,Q,0.691429,7,m3/s,connemara_coastal_local
2000,33,31075,Shannagurraun,Q,1.206571,7,m3/s,connemara_coastal_local
2000,34,31075,Shannagurraun,Q,1.398,7,m3/s,connemara_coastal_local
2000,35,31075,Shannagurraun,Q,1.825143,7,m3/s,connemara_coastal_local
2000,36,31075,Shannagurraun,Q,3.138429,7,m3/s,connemara_coastal_local
2000,37,31075,Shannagurraun,Q,3.623286,7,m3/s,connemara_coastal_local
2000,38,31075,Shannagurraun,Q,2.662571,7,m3/s,connemara_coastal_local
2000,39,31075,Shannagurraun,Q,6.964714,7,m3/s,connemara_coastal_local
2000,40,31075,Shannagurraun,Q,5.615286,7,m3/s,connemara_coastal_local
2000,41,31075,Shannagurraun,Q,4.745857,7,m3/s,connemara_coastal_local
2000,42,31075,Shannagurraun,Q,6.354286,7,m3/s,connemara_coastal_local
2000,43,31075,Shannagurraun,Q,9.802143,7,m3/s,connemara_coastal_local
2000,44,31075,Shannagurraun,Q,8.525857,7,m3/s,connemara_coastal_local
2000,45,31075,Shannagurraun,Q,7.824,7,m3/s,connemara_coastal_local
2000,46,31075,Shannagurraun,Q,4.284143,7,m3/s,connemara_coastal_local
2000,47,31075,Shannagurraun,Q,5.827714,7,m3/s,connemara_coastal_local
2000,48,31075,Shannagurraun,Q,9.643286,7,m3/s,connemara_coastal_local
2000,49,31075,Shannagurraun,Q,7.078286,7,m3/s,connemara_coastal_local
2000,50,31075,Shannagurraun,Q,7.574571,7,m3/s,connemara_coastal_local
2000,51,31075,Shannagurraun,Q,3.896571,7,m3/s,connemara_coastal_local
2000,52,31075,Shannagurraun,Q,1.343286,7,m3/s,connemara_coastal_local
2001,1,31075,Shannagurraun,Q,4.279429,7,m3/s,connemara_coastal_local
2001,2,31075,Shannagurraun,Q,1.548857,7,m3/s,connemara_coastal_local
2001,3,31075,Shannagurraun,Q,0.378286,7,m3/s,connemara_coastal_local
2001,4,31075,Shannagurraun,Q,4.848571,7,m3/s,connemara_coastal_local
2001,5,31075,Shannagurraun,Q,3.514143,7,m3/s,connemara_coastal_local
2001,6,31075,Shannagurraun,Q,5.109286,7,m3/s,connemara_coastal_local
2001,7,31075,Shannagurraun,Q,1.305714,7,m3/s,connemara_coastal_local
2001,8,31075,Shannagurraun,Q,0.651,7,m3/s,connemara_coastal_local
2001,9,31075,Shannagurraun,Q,1.255,7,m3/s,connemara_coastal_local
2001,10,31075,Shannagurraun,Q,1.627286,7,m3/s,connemara_coastal_local
2001,11,31075,Shannagurraun,Q,3.753286,7,m3/s,connemara_coastal_local
2001,12,31075,Shannagurraun,Q,1.48,7,m3/s,connemara_coastal_local
2001,13,31075,Shannagurraun,Q,2.364286,7,m3/s,connemara_coastal_local
2001,14,31075,Shannagurraun,Q,2.464857,7,m3/s,connemara_coastal_local
2001,15,31075,Shannagurraun,Q,1.752714,7,m3/s,connemara_coastal_local
2001,16,31075,Shannagurraun,Q,0.915429,7,m3/s,connemara_coastal_local
2001,17,31075,Shannagurraun,Q,1.345429,7,m3/s,connemara_coastal_local
2001,18,31075,Shannagurraun,Q,1.134857,7,m3/s,connemara_coastal_local
2001,19,31075,Shannagurraun,Q,0.471,7,m3/s,connemara_coastal_local
2001,20,31075,Shannagurraun,Q,0.530857,7,m3/s,connemara_coastal_local
2001,21,31075,Shannagurraun,Q,0.312143,7,m3/s,connemara_coastal_local
2001,22,31075,Shannagurraun,Q,0.354857,7,m3/s,connemara_coastal_local
2001,23,31075,Shannagurraun,Q,0.356571,7,m3/s,connemara_coastal_local
2001,24,31075,Shannagurraun,Q,0.735571,7,m3/s,connemara_coastal_local
2001,25,31075,Shannagurraun,Q,2.407286,7,m3/s,connemara_coastal_local
2001,26,31075,Shannagurraun,Q,1.159857,7,m3/s,connemara_coastal_local
2001,27,31075,Shannagurraun,Q,1.739714,7,m3/s,connemara_coastal_local
2001,28,31075,Shannagurraun,Q,1.338571,7,m3/s,connemara_coastal_local
2001,29,31075,Shannagurraun,Q,2.274,7,m3/s,connemara_coastal_local
2001,30,31075,Shannagurraun,Q,2.369143,7,m3/s,connemara_coastal_local
2001,31,31075,Shannagurraun,Q,0.708,7,m3/s,connemara_coastal_local
2001,32,31075,Shannagurraun,Q,1.242429,7,m3/s,connemara_coastal_local
2001,33,31075,Shannagurraun,Q,7.374857,7,m3/s,connemara_coastal_local
2001,34,31075,Shannagurraun,Q,3.743571,7,m3/s,connemara_coastal_local
2001,35,31075,Shannagurraun,Q,0.749571,7,m3/s,connemara_coastal_local
2001,36,31075,Shannagurraun,Q,0.431714,7,m3/s,connemara_coastal_local
2001,37,31075,Shannagurraun,Q,0.178857,7,m3/s,connemara_coastal_local
2001,38,31075,Shannagurraun,Q,0.256857,7,m3/s,connemara_coastal_local
2001,39,31075,Shannagurraun,Q,0.32,7,m3/s,connemara_coastal_local
2001,40,31075,Shannagurraun,Q,5.270571,7,m3/s,connemara_coastal_local
2001,41,31075,Shannagurraun,Q,2.652286,7,m3/s,connemara_coastal_local
2001,42,31075,Shannagurraun,Q,3.689857,7,m3/s,connemara_coastal_local
2001,43,31075,Shannagurraun,Q,2.795286,7,m3/s,connemara_coastal_local
2001,44,31075,Shannagurraun,Q,3.383429,7,m3/s,connemara_coastal_local
2001,45,31075,Shannagurraun,Q,2.740857,7,m3/s,connemara_coastal_local
2001,46,31075,Shannagurraun,Q,1.449286,7,m3/s,connemara_coastal_local
2001,47,31075,Shannagurraun,Q,2.857857,7,m3/s,connemara_coastal_local
2001,48,31075,Shannagurraun,Q,9.167,7,m3/s,connemara_coastal_local
2001,49,31075,Shannagurraun,Q,10.979286,7,m3/s,connemara_coastal_local
2001,50,31075,Shannagurraun,Q,2.009,7,m3/s,connemara_coastal_local
2001,51,31075,Shannagurraun,Q,0.291143,7,m3/s,connemara_coastal_local
2001,52,31075,Shannagurraun,Q,0.360571,7,m3/s,connemara_coastal_local
2002,1,31075,Shannagurraun,Q,2.669571,7,m3/s,connemara_coastal_local
2002,2,31075,Shannagurraun,Q,1.572429,7,m3/s,connemara_coastal_local
2002,3,31075,Shannagurraun,Q,3.804143,7,m3/s,connemara_coastal_local
2002,4,31075,Shannagurraun,Q,7.389857,7,m3/s,connemara_coastal_local
2002,5,31075,Shannagurraun,Q,8.392429,7,m3/s,connemara_coastal_local
2002,6,31075,Shannagurraun,Q,9.001714,7,m3/s,connemara_coastal_local
2002,7,31075,Shannagurraun,Q,6.446857,7,m3/s,connemara_coastal_local
2002,8,31075,Shannagurraun,Q,5.886,7,m3/s,connemara_coastal_local
2002,9,31075,Shannagurraun,Q,8.609571,7,m3/s,connemara_coastal_local
2002,10,31075,Shannagurraun,Q,5.126,7,m3/s,connemara_coastal_local
2002,11,31075,Shannagurraun,Q,4.273714,7,m3/s,connemara_coastal_local
2002,12,31075,Shannagurraun,Q,1.231429,7,m3/s,connemara_coastal_local
2002,13,31075,Shannagurraun,Q,0.796429,7,m3/s,connemara_coastal_local
2002,14,31075,Shannagurraun,Q,1.291429,7,m3/s,connemara_coastal_local
2002,15,31075,Shannagurraun,Q,0.559714,7,m3/s,connemara_coastal_local
2002,16,31075,Shannagurraun,Q,0.424286,7,m3/s,connemara_coastal_local
2002,17,31075,Shannagurraun,Q,1.654286,7,m3/s,connemara_coastal_local
2002,18,31075,Shannagurraun,Q,3.191571,7,m3/s,connemara_coastal_local
2002,19,31075,Shannagurraun,Q,0.842429,7,m3/s,connemara_coastal_local
2002,20,31075,Shannagurraun,Q,2.203429,7,m3/s,connemara_coastal_local
2002,21,31075,Shannagurraun,Q,4.934571,7,m3/s,connemara_coastal_local
2002,22,31075,Shannagurraun,Q,4.052714,7,m3/s,connemara_coastal_local
2002,23,31075,Shannagurraun,Q,2.479,7,m3/s,connemara_coastal_local
2002,24,31075,Shannagurraun,Q,2.634857,7,m3/s,connemara_coastal_local
2002,25,31075,Shannagurraun,Q,3.634571,7,m3/s,connemara_coastal_local
2002,26,31075,Shannagurraun,Q,0.840857,7,m3/s,connemara_coastal_local
2002,27,31075,Shannagurraun,Q,0.842,1,m3/s,connemara_coastal_local
2002,28,31075,Shannagurraun,Q,3.3916,5,m3/s,connemara_coastal_local
2002,29,31075,Shannagurraun,Q,0.910286,7,m3/s,connemara_coastal_local
2002,30,31075,Shannagurraun,Q,0.522143,7,m3/s,connemara_coastal_local
2002,31,31075,Shannagurraun,Q,0.591286,7,m3/s,connemara_coastal_local
2002,32,31075,Shannagurraun,Q,0.931,7,m3/s,connemara_coastal_local
2002,33,31075,Shannagurraun,Q,4.447429,7,m3/s,connemara_coastal_local
2002,34,31075,Shannagurraun,Q,1.110714,7,m3/s,connemara_coastal_local
2002,35,31075,Shannagurraun,Q,1.433857,7,m3/s,connemara_coastal_local
2002,36,31075,Shannagurraun,Q,1.543286,7,m3/s,connemara_coastal_local
2002,37,31075,Shannagurraun,Q,1.355571,7,m3/s,connemara_coastal_local
2002,38,31075,Shannagurraun,Q,0.731857,7,m3/s,connemara_coastal_local
2002,39,31075,Shannagurraun,Q,0.526429,7,m3/s,connemara_coastal_local
2002,40,31075,Shannagurraun,Q,0.417714,7,m3/s,connemara_coastal_local
2002,41,31075,Shannagurraun,Q,0.599714,7,m3/s,connemara_coastal_local
2002,42,31075,Shannagurraun,Q,1.038286,7,m3/s,connemara_coastal_local
2002,43,31075,Shannagurraun,Q,12.027429,7,m3/s,connemara_coastal_local
2002,44,31075,Shannagurraun,Q,8.598429,7,m3/s,connemara_coastal_local
2002,45,31075,Shannagurraun,Q,9.517,2,m3/s,connemara_coastal_local
2002,46,31075,Shannagurraun,Q,9.152667,6,m3/s,connemara_coastal_local
2002,47,31075,Shannagurraun,Q,2.266714,7,m3/s,connemara_coastal_local
2002,48,31075,Shannagurraun,Q,4.931429,7,m3/s,connemara_coastal_local
2002,49,31075,Shannagurraun,Q,8.530429,7,m3/s,connemara_coastal_local
2002,50,31075,Shannagurraun,Q,0.925571,7,m3/s,connemara_coastal_local
2002,51,31075,Shannagurraun,Q,1.181714,7,m3/s,connemara_coastal_local
2002,52,31075,Shannagurraun,Q,6.530571,7,m3/s,connemara_coastal_local
2003,1,31075,Shannagurraun,Q,8.625429,7,m3/s,connemara_coastal_local
2003,2,31075,Shannagurraun,Q,0.685571,7,m3/s,connemara_coastal_local
2003,3,31075,Shannagurraun,Q,4.466143,7,m3/s,connemara_coastal_local
2003,4,31075,Shannagurraun,Q,3.798571,7,m3/s,connemara_coastal_local
2003,5,31075,Shannagurraun,Q,4.949,7,m3/s,connemara_coastal_local
2003,6,31075,Shannagurraun,Q,3.929429,7,m3/s,connemara_coastal_local
2003,7,31075,Shannagurraun,Q,2.944714,7,m3/s,connemara_coastal_local
2003,8,31075,Shannagurraun,Q,0.656857,7,m3/s,connemara_coastal_local
2003,9,31075,Shannagurraun,Q,0.514571,7,m3/s,connemara_coastal_local
2003,10,31075,Shannagurraun,Q,6.216,7,m3/s,connemara_coastal_local
2003,11,31075,Shannagurraun,Q,6.764714,7,m3/s,connemara_coastal_local
2003,12,31075,Shannagurraun,Q,0.792571,7,m3/s,connemara_coastal_local
2003,13,31075,Shannagurraun,Q,0.545143,7,m3/s,connemara_coastal_local
2003,14,31075,Shannagurraun,Q,0.461286,7,m3/s,connemara_coastal_local
2003,15,31075,Shannagurraun,Q,0.383286,7,m3/s,connemara_coastal_local
2003,16,31075,Shannagurraun,Q,0.630143,7,m3/s,connemara_coastal_local
2003,17,31075,Shannagurraun,Q,1.426714,7,m3/s,connemara_coastal_local
2003,18,31075,Shannagurraun,Q,2.290571,7,m3/s,connemara_coastal_local
2003,19,31075,Shannagurraun,Q,1.620286,7,m3/s,connemara_coastal_local
2003,20,31075,Shannagurraun,Q,1.324714,7,m3/s,connemara_coastal_local
2003,21,31075,Shannagurraun,Q,7.086286,7,m3/s,connemara_coastal_local
2003,22,31075,Shannagurraun,Q,1.593571,7,m3/s,connemara_coastal_local
2003,23,31075,Shannagurraun,Q,1.580429,7,m3/s,connemara_coastal_local
2003,24,31075,Shannagurraun,Q,3.191286,7,m3/s,connemara_coastal_local
2003,25,31075,Shannagurraun,Q,0.828857,7,m3/s,connemara_coastal_local
2003,26,31075,Shannagurraun,Q,0.471,7,m3/s,connemara_coastal_local
2003,27,31075,Shannagurraun,Q,1.773429,7,m3/s,connemara_coastal_local
2003,28,31075,Shannagurraun,Q,1.033,7,m3/s,connemara_coastal_local
2003,29,31075,Shannagurraun,Q,1.198857,7,m3/s,connemara_coastal_local
2003,30,31075,Shannagurraun,Q,4.695143,7,m3/s,connemara_coastal_local
2003,31,31075,Shannagurraun,Q,2.593143,7,m3/s,connemara_coastal_local
2003,32,31075,Shannagurraun,Q,0.805714,7,m3/s,connemara_coastal_local
2003,33,31075,Shannagurraun,Q,0.375,7,m3/s,connemara_coastal_local
2003,34,31075,Shannagurraun,Q,0.282429,7,m3/s,connemara_coastal_local
2003,35,31075,Shannagurraun,Q,0.918714,7,m3/s,connemara_coastal_local
2003,36,31075,Shannagurraun,Q,0.105857,7,m3/s,connemara_coastal_local
2003,37,31075,Shannagurraun,Q,0.256,7,m3/s,connemara_coastal_local
2003,38,31075,Shannagurraun,Q,0.784143,7,m3/s,connemara_coastal_local
2003,39,31075,Shannagurraun,Q,1.515,7,m3/s,connemara_coastal_local
2003,40,31075,Shannagurraun,Q,0.242429,7,m3/s,connemara_coastal_local
2003,41,31075,Shannagurraun,Q,0.210429,7,m3/s,connemara_coastal_local
2003,42,31075,Shannagurraun,Q,0.142,7,m3/s,connemara_coastal_local
2003,43,31075,Shannagurraun,Q,0.181571,7,m3/s,connemara_coastal_local
2003,44,31075,Shannagurraun,Q,3.458571,7,m3/s,connemara_coastal_local
2003,45,31075,Shannagurraun,Q,3.313571,7,m3/s,connemara_coastal_local
2003,46,31075,Shannagurraun,Q,5.024571,7,m3/s,connemara_coastal_local
2003,47,31075,Shannagurraun,Q,4.728429,7,m3/s,connemara_coastal_local
2003,48,31075,Shannagurraun,Q,6.230143,7,m3/s,connemara_coastal_local
2003,49,31075,Shannagurraun,Q,3.486571,7,m3/s,connemara_coastal_local
2003,50,31075,Shannagurraun,Q,4.78,7,m3/s,connemara_coastal_local
2003,51,31075,Shannagurraun,Q,2.956714,7,m3/s,connemara_coastal_local
2003,52,31075,Shannagurraun,Q,5.295143,7,m3/s,connemara_coastal_local
2004,1,31075,Shannagurraun,Q,5.0,1,m3/s,connemara_coastal_local
2004,2,31075,Shannagurraun,Q,4.346571,7,m3/s,connemara_coastal_local
2004,3,31075,Shannagurraun,Q,7.109429,7,m3/s,connemara_coastal_local
2004,4,31075,Shannagurraun,Q,1.562143,7,m3/s,connemara_coastal_local
2004,5,31075,Shannagurraun,Q,3.471714,7,m3/s,connemara_coastal_local
2004,6,31075,Shannagurraun,Q,9.203857,7,m3/s,connemara_coastal_local
2004,7,31075,Shannagurraun,Q,0.710667,6,m3/s,connemara_coastal_local
2004,8,31075,Shannagurraun,Q,0.418429,7,m3/s,connemara_coastal_local
2004,9,31075,Shannagurraun,Q,0.454,7,m3/s,connemara_coastal_local
2004,10,31075,Shannagurraun,Q,0.494857,7,m3/s,connemara_coastal_local
2004,11,31075,Shannagurraun,Q,1.610143,7,m3/s,connemara_coastal_local
2004,12,31075,Shannagurraun,Q,8.501429,7,m3/s,connemara_coastal_local
2004,13,31075,Shannagurraun,Q,3.553,7,m3/s,connemara_coastal_local
2004,14,31075,Shannagurraun,Q,0.977429,7,m3/s,connemara_coastal_local
2004,15,31075,Shannagurraun,Q,1.285,7,m3/s,connemara_coastal_local
2004,16,31075,Shannagurraun,Q,2.357714,7,m3/s,connemara_coastal_local
2004,17,31075,Shannagurraun,Q,3.819429,7,m3/s,connemara_coastal_local
2004,18,31075,Shannagurraun,Q,0.821143,7,m3/s,connemara_coastal_local
2004,19,31075,Shannagurraun,Q,1.357286,7,m3/s,connemara_coastal_local
2004,20,31075,Shannagurraun,Q,0.64,7,m3/s,connemara_coastal_local
2004,21,31075,Shannagurraun,Q,0.345857,7,m3/s,connemara_coastal_local
2004,22,31075,Shannagurraun,Q,0.215714,7,m3/s,connemara_coastal_local
2004,23,31075,Shannagurraun,Q,0.166143,7,m3/s,connemara_coastal_local
2004,24,31075,Shannagurraun,Q,0.136286,7,m3/s,connemara_coastal_local
2004,25,31075,Shannagurraun,Q,0.117,7,m3/s,connemara_coastal_local
2004,26,31075,Shannagurraun,Q,3.998429,7,m3/s,connemara_coastal_local
2004,27,31075,Shannagurraun,Q,3.684714,7,m3/s,connemara_coastal_local
2004,28,31075,Shannagurraun,Q,1.378857,7,m3/s,connemara_coastal_local
2004,29,31075,Shannagurraun,Q,0.242429,7,m3/s,connemara_coastal_local
2004,30,31075,Shannagurraun,Q,0.571143,7,m3/s,connemara_coastal_local
2004,31,31075,Shannagurraun,Q,0.994571,7,m3/s,connemara_coastal_local
2004,32,31075,Shannagurraun,Q,0.274,7,m3/s,connemara_coastal_local
2004,33,31075,Shannagurraun,Q,0.195143,7,m3/s,connemara_coastal_local
2004,34,31075,Shannagurraun,Q,1.139571,7,m3/s,connemara_coastal_local
2004,35,31075,Shannagurraun,Q,1.879429,7,m3/s,connemara_coastal_local
2004,36,31075,Shannagurraun,Q,0.895714,7,m3/s,connemara_coastal_local
2004,37,31075,Shannagurraun,Q,0.521857,7,m3/s,connemara_coastal_local
2004,38,31075,Shannagurraun,Q,9.688571,7,m3/s,connemara_coastal_local
2004,39,31075,Shannagurraun,Q,6.987714,7,m3/s,connemara_coastal_local
2004,40,31075,Shannagurraun,Q,5.369,7,m3/s,connemara_coastal_local
2004,41,31075,Shannagurraun,Q,5.008,7,m3/s,connemara_coastal_local
2004,42,31075,Shannagurraun,Q,0.711143,7,m3/s,connemara_coastal_local
2004,43,31075,Shannagurraun,Q,4.497571,7,m3/s,connemara_coastal_local
2004,44,31075,Shannagurraun,Q,5.848143,7,m3/s,connemara_coastal_local
2004,45,31075,Shannagurraun,Q,1.540714,7,m3/s,connemara_coastal_local
2004,46,31075,Shannagurraun,Q,0.746143,7,m3/s,connemara_coastal_local
2004,47,31075,Shannagurraun,Q,6.635143,7,m3/s,connemara_coastal_local
2004,48,31075,Shannagurraun,Q,3.392,7,m3/s,connemara_coastal_local
2004,49,31075,Shannagurraun,Q,1.554714,7,m3/s,connemara_coastal_local
2004,50,31075,Shannagurraun,Q,1.049714,7,m3/s,connemara_coastal_local
2004,51,31075,Shannagurraun,Q,6.434857,7,m3/s,connemara_coastal_local
2004,52,31075,Shannagurraun,Q,8.932714,7,m3/s,connemara_coastal_local
2004,53,31075,Shannagurraun,Q,7.127143,7,m3/s,connemara_coastal_local
2005,1,31075,Shannagurraun,Q,9.628857,7,m3/s,connemara_coastal_local
2005,2,31075,Shannagurraun,Q,6.761571,7,m3/s,connemara_coastal_local
2005,3,31075,Shannagurraun,Q,9.637143,7,m3/s,connemara_coastal_local
2005,4,31075,Shannagurraun,Q,1.805429,7,m3/s,connemara_coastal_local
2005,5,31075,Shannagurraun,Q,1.341714,7,m3/s,connemara_coastal_local
2005,6,31075,Shannagurraun,Q,6.914,7,m3/s,connemara_coastal_local
2005,7,31075,Shannagurraun,Q,2.062857,7,m3/s,connemara_coastal_local
2005,8,31075,Shannagurraun,Q,1.037571,7,m3/s,connemara_coastal_local
2005,9,31075,Shannagurraun,Q,0.580429,7,m3/s,connemara_coastal_local
2005,10,31075,Shannagurraun,Q,0.431,7,m3/s,connemara_coastal_local
2005,11,31075,Shannagurraun,Q,2.372857,7,m3/s,connemara_coastal_local
2005,12,31075,Shannagurraun,Q,2.291571,7,m3/s,connemara_coastal_local
2005,13,31075,Shannagurraun,Q,1.829857,7,m3/s,connemara_coastal_local
2005,14,31075,Shannagurraun,Q,4.845571,7,m3/s,connemara_coastal_local
2005,15,31075,Shannagurraun,Q,2.713429,7,m3/s,connemara_coastal_local
2005,16,31075,Shannagurraun,Q,3.649,7,m3/s,connemara_coastal_local
2005,17,31075,Shannagurraun,Q,2.775857,7,m3/s,connemara_coastal_local
2005,18,31075,Shannagurraun,Q,1.410857,7,m3/s,connemara_coastal_local
2005,19,31075,Shannagurraun,Q,0.504429,7,m3/s,connemara_coastal_local
2005,20,31075,Shannagurraun,Q,0.348571,7,m3/s,connemara_coastal_local
2005,21,31075,Shannagurraun,Q,9.888429,7,m3/s,connemara_coastal_local
2005,22,31075,Shannagurraun,Q,6.814429,7,m3/s,connemara_coastal_local
2005,23,31075,Shannagurraun,Q,2.008,7,m3/s,connemara_coastal_local
2005,24,31075,Shannagurraun,Q,1.064,7,m3/s,connemara_coastal_local
2005,25,31075,Shannagurraun,Q,1.136,7,m3/s,connemara_coastal_local
2005,26,31075,Shannagurraun,Q,0.727714,7,m3/s,connemara_coastal_local
2005,27,31075,Shannagurraun,Q,0.593429,7,m3/s,connemara_coastal_local
2005,28,31075,Shannagurraun,Q,1.178714,7,m3/s,connemara_coastal_local
2005,29,31075,Shannagurraun,Q,0.363714,7,m3/s,connemara_coastal_local
2005,30,31075,Shannagurraun,Q,0.661714,7,m3/s,connemara_coastal_local
2005,31,31075,Shannagurraun,Q,0.430714,7,m3/s,connemara_coastal_local
2005,32,31075,Shannagurraun,Q,0.342429,7,m3/s,connemara_coastal_local
2005,33,31075,Shannagurraun,Q,0.451714,7,m3/s,connemara_coastal_local
2005,34,31075,Shannagurraun,Q,3.587429,7,m3/s,connemara_coastal_local
2005,35,31075,Shannagurraun,Q,1.419857,7,m3/s,connemara_coastal_local
2005,36,31075,Shannagurraun,Q,0.825714,7,m3/s,connemara_coastal_local
2005,37,31075,Shannagurraun,Q,1.144286,7,m3/s,connemara_coastal_local
2005,38,31075,Shannagurraun,Q,2.418,7,m3/s,connemara_coastal_local
2005,39,31075,Shannagurraun,Q,7.381857,7,m3/s,connemara_coastal_local
2005,40,31075,Shannagurraun,Q,1.186,7,m3/s,connemara_coastal_local
2005,41,31075,Shannagurraun,Q,0.979714,7,m3/s,connemara_coastal_local
2005,42,31075,Shannagurraun,Q,3.456,7,m3/s,connemara_coastal_local
2005,43,31075,Shannagurraun,Q,11.048286,7,m3/s,connemara_coastal_local
2005,44,31075,Shannagurraun,Q,5.156714,7,m3/s,connemara_coastal_local
2005,45,31075,Shannagurraun,Q,6.170429,7,m3/s,connemara_coastal_local
2005,46,31075,Shannagurraun,Q,1.351571,7,m3/s,connemara_coastal_local
2005,47,31075,Shannagurraun,Q,0.708571,7,m3/s,connemara_coastal_local
2005,48,31075,Shannagurraun,Q,3.857,7,m3/s,connemara_coastal_local
2005,49,31075,Shannagurraun,Q,5.797857,7,m3/s,connemara_coastal_local
2005,50,31075,Shannagurraun,Q,3.3074,5,m3/s,connemara_coastal_local
2007,43,31075,Shannagurraun,Q,3.8646,5,m3/s,connemara_coastal_local
2007,44,31075,Shannagurraun,Q,2.916286,7,m3/s,connemara_coastal_local
2007,45,31075,Shannagurraun,Q,1.530286,7,m3/s,connemara_coastal_local
2007,46,31075,Shannagurraun,Q,0.399571,7,m3/s,connemara_coastal_local
2007,47,31075,Shannagurraun,Q,2.221714,7,m3/s,connemara_coastal_local
2007,48,31075,Shannagurraun,Q,8.021857,7,m3/s,connemara_coastal_local
2007,49,31075,Shannagurraun,Q,11.262429,7,m3/s,connemara_coastal_local
2007,50,31075,Shannagurraun,Q,4.297571,7,m3/s,connemara_coastal_local
2007,51,31075,Shannagurraun,Q,0.670857,7,m3/s,connemara_coastal_local
2007,52,31075,Shannagurraun,Q,7.933857,7,m3/s,connemara_coastal_local
2008,1,31075,Shannagurraun,Q,5.088429,7,m3/s,connemara_coastal_local
2008,2,31075,Shannagurraun,Q,8.037429,7,m3/s,connemara_coastal_local
2008,3,31075,Shannagurraun,Q,8.297571,7,m3/s,connemara_coastal_local
2008,4,31075,Shannagurraun,Q,8.529286,7,m3/s,connemara_coastal_local
2008,5,31075,Shannagurraun,Q,4.944429,7,m3/s,connemara_coastal_local
2008,6,31075,Shannagurraun,Q,14.491,3,m3/s,connemara_coastal_local
2008,8,31075,Shannagurraun,Q,2.1385,6,m3/s,connemara_coastal_local
2008,9,31075,Shannagurraun,Q,4.958286,7,m3/s,connemara_coastal_local
2008,10,31075,Shannagurraun,Q,3.750286,7,m3/s,connemara_coastal_local
2008,11,31075,Shannagurraun,Q,6.075286,7,m3/s,connemara_coastal_local
2008,12,31075,Shannagurraun,Q,2.599143,7,m3/s,connemara_coastal_local
2008,13,31075,Shannagurraun,Q,3.680143,7,m3/s,connemara_coastal_local
2008,14,31075,Shannagurraun,Q,3.037571,7,m3/s,connemara_coastal_local
2008,15,31075,Shannagurraun,Q,0.538143,7,m3/s,connemara_coastal_local
2008,16,31075,Shannagurraun,Q,1.132429,7,m3/s,connemara_coastal_local
2008,17,31075,Shannagurraun,Q,0.910714,7,m3/s,connemara_coastal_local
2008,18,31075,Shannagurraun,Q,0.871429,7,m3/s,connemara_coastal_local
2008,19,31075,Shannagurraun,Q,0.572714,7,m3/s,connemara_coastal_local
2008,20,31075,Shannagurraun,Q,0.474571,7,m3/s,connemara_coastal_local
2008,21,31075,Shannagurraun,Q,1.753286,7,m3/s,connemara_coastal_local
2008,22,31075,Shannagurraun,Q,1.575286,7,m3/s,connemara_coastal_local
2008,23,31075,Shannagurraun,Q,0.576286,7,m3/s,connemara_coastal_local
2008,24,31075,Shannagurraun,Q,0.443143,7,m3/s,connemara_coastal_local
2008,25,31075,Shannagurraun,Q,0.928429,7,m3/s,connemara_coastal_local
2008,26,31075,Shannagurraun,Q,5.478857,7,m3/s,connemara_coastal_local
2008,27,31075,Shannagurraun,Q,3.481,7,m3/s,connemara_coastal_local
2008,28,31075,Shannagurraun,Q,3.854,6,m3/s,connemara_coastal_local
2008,29,31075,Shannagurraun,Q,1.0034,5,m3/s,connemara_coastal_local
2008,30,31075,Shannagurraun,Q,1.207333,3,m3/s,connemara_coastal_local
2008,31,31075,Shannagurraun,Q,1.306143,7,m3/s,connemara_coastal_local
2008,32,31075,Shannagurraun,Q,3.183286,7,m3/s,connemara_coastal_local
2008,33,31075,Shannagurraun,Q,14.620714,7,m3/s,connemara_coastal_local
2008,34,31075,Shannagurraun,Q,6.359286,7,m3/s,connemara_coastal_local
2008,35,31075,Shannagurraun,Q,4.177429,7,m3/s,connemara_coastal_local
2008,36,31075,Shannagurraun,Q,5.897571,7,m3/s,connemara_coastal_local
2008,37,31075,Shannagurraun,Q,7.619571,7,m3/s,connemara_coastal_local
2008,38,31075,Shannagurraun,Q,3.858143,7,m3/s,connemara_coastal_local
2008,39,31075,Shannagurraun,Q,0.874857,7,m3/s,connemara_coastal_local
2008,40,31075,Shannagurraun,Q,3.561143,7,m3/s,connemara_coastal_local
2008,41,31075,Shannagurraun,Q,15.517857,7,m3/s,connemara_coastal_local
2008,42,31075,Shannagurraun,Q,4.015571,7,m3/s,connemara_coastal_local
2008,43,31075,Shannagurraun,Q,11.971571,7,m3/s,connemara_coastal_local
2008,44,31075,Shannagurraun,Q,5.997429,7,m3/s,connemara_coastal_local
2008,45,31075,Shannagurraun,Q,4.297571,7,m3/s,connemara_coastal_local
2008,46,31075,Shannagurraun,Q,6.269286,7,m3/s,connemara_coastal_local
2008,47,31075,Shannagurraun,Q,5.286571,7,m3/s,connemara_coastal_local
2008,48,31075,Shannagurraun,Q,1.908286,7,m3/s,connemara_coastal_local
2008,49,31075,Shannagurraun,Q,5.070714,7,m3/s,connemara_coastal_local
2008,50,31075,Shannagurraun,Q,6.462286,7,m3/s,connemara_coastal_local
2008,51,31075,Shannagurraun,Q,4.286,7,m3/s,connemara_coastal_local
2008,52,31075,Shannagurraun,Q,2.449286,7,m3/s,connemara_coastal_local
2009,1,31075,Shannagurraun,Q,0.961286,7,m3/s,connemara_coastal_local
2009,2,31075,Shannagurraun,Q,0.557571,7,m3/s,connemara_coastal_local
2009,3,31075,Shannagurraun,Q,6.932286,7,m3/s,connemara_coastal_local
2009,4,31075,Shannagurraun,Q,9.585,7,m3/s,connemara_coastal_local
2009,5,31075,Shannagurraun,Q,4.018143,7,m3/s,connemara_coastal_local
2009,6,31075,Shannagurraun,Q,1.835286,7,m3/s,connemara_coastal_local
2009,7,31075,Shannagurraun,Q,1.077714,7,m3/s,connemara_coastal_local
2009,8,31075,Shannagurraun,Q,0.679571,7,m3/s,connemara_coastal_local
2009,9,31075,Shannagurraun,Q,0.548429,7,m3/s,connemara_coastal_local
2009,10,31075,Shannagurraun,Q,2.251286,7,m3/s,connemara_coastal_local
2009,11,31075,Shannagurraun,Q,4.513429,7,m3/s,connemara_coastal_local
2009,12,31075,Shannagurraun,Q,0.521857,7,m3/s,connemara_coastal_local
2009,13,31075,Shannagurraun,Q,0.988857,7,m3/s,connemara_coastal_local
2009,14,31075,Shannagurraun,Q,0.736429,7,m3/s,connemara_coastal_local
2009,15,31075,Shannagurraun,Q,3.429429,7,m3/s,connemara_coastal_local
2009,16,31075,Shannagurraun,Q,1.643429,7,m3/s,connemara_coastal_local
2009,17,31075,Shannagurraun,Q,1.805,7,m3/s,connemara_coastal_local
2009,18,31075,Shannagurraun,Q,2.168,7,m3/s,connemara_coastal_local
2009,19,31075,Shannagurraun,Q,3.187571,7,m3/s,connemara_coastal_local
2009,20,31075,Shannagurraun,Q,3.231571,7,m3/s,connemara_coastal_local
2009,21,31075,Shannagurraun,Q,5.259143,7,m3/s,connemara_coastal_local
2009,22,31075,Shannagurraun,Q,2.796429,7,m3/s,connemara_coastal_local
2009,23,31075,Shannagurraun,Q,0.763,7,m3/s,connemara_coastal_local
2009,24,31075,Shannagurraun,Q,0.285286,7,m3/s,connemara_coastal_local
2009,25,31075,Shannagurraun,Q,0.105,7,m3/s,connemara_coastal_local
2009,26,31075,Shannagurraun,Q,0.285571,7,m3/s,connemara_coastal_local
2009,27,31075,Shannagurraun,Q,0.984,7,m3/s,connemara_coastal_local
2009,28,31075,Shannagurraun,Q,3.188143,7,m3/s,connemara_coastal_local
2009,29,31075,Shannagurraun,Q,4.616,5,m3/s,connemara_coastal_local
2009,35,31075,Shannagurraun,Q,7.729429,7,m3/s,connemara_coastal_local
2009,36,31075,Shannagurraun,Q,8.684714,7,m3/s,connemara_coastal_local
2009,37,31075,Shannagurraun,Q,5.156857,7,m3/s,connemara_coastal_local
2009,38,31075,Shannagurraun,Q,0.669143,7,m3/s,connemara_coastal_local
2009,39,31075,Shannagurraun,Q,0.499,7,m3/s,connemara_coastal_local
2009,40,31075,Shannagurraun,Q,0.353,7,m3/s,connemara_coastal_local
2009,41,31075,Shannagurraun,Q,0.293143,7,m3/s,connemara_coastal_local
2009,42,31075,Shannagurraun,Q,0.305,7,m3/s,connemara_coastal_local
2009,43,31075,Shannagurraun,Q,2.019714,7,m3/s,connemara_coastal_local
2009,44,31075,Shannagurraun,Q,5.775,7,m3/s,connemara_coastal_local
2009,45,31075,Shannagurraun,Q,8.635286,7,m3/s,connemara_coastal_local
2009,46,31075,Shannagurraun,Q,8.29,7,m3/s,connemara_coastal_local
2009,47,31075,Shannagurraun,Q,22.024857,7,m3/s,connemara_coastal_local
2009,48,31075,Shannagurraun,Q,8.920286,7,m3/s,connemara_coastal_local
2009,49,31075,Shannagurraun,Q,3.005,7,m3/s,connemara_coastal_local
2009,50,31075,Shannagurraun,Q,5.349857,7,m3/s,connemara_coastal_local
2009,51,31075,Shannagurraun,Q,1.315571,7,m3/s,connemara_coastal_local
2009,52,31075,Shannagurraun,Q,0.802286,7,m3/s,connemara_coastal_local
2009,53,31075,Shannagurraun,Q,6.062714,7,m3/s,connemara_coastal_local
2010,1,31075,Shannagurraun,Q,0.966,7,m3/s,connemara_coastal_local
2010,2,31075,Shannagurraun,Q,3.26,7,m3/s,connemara_coastal_local
2010,3,31075,Shannagurraun,Q,3.198143,7,m3/s,connemara_coastal_local
2010,4,31075,Shannagurraun,Q,1.341571,7,m3/s,connemara_coastal_local
2010,5,31075,Shannagurraun,Q,3.129286,7,m3/s,connemara_coastal_local
2010,6,31075,Shannagurraun,Q,0.802,7,m3/s,connemara_coastal_local
2010,7,31075,Shannagurraun,Q,0.297,7,m3/s,connemara_coastal_local
2010,8,31075,Shannagurraun,Q,0.734429,7,m3/s,connemara_coastal_local
2010,9,31075,Shannagurraun,Q,0.550286,7,m3/s,connemara_coastal_local
2010,10,31075,Shannagurraun,Q,0.203286,7,m3/s,connemara_coastal_local
2010,11,31075,Shannagurraun,Q,0.598143,7,m3/s,connemara_coastal_local
2010,12,31075,Shannagurraun,Q,0.984429,7,m3/s,connemara_coastal_local
2010,13,31075,Shannagurraun,Q,5.692,7,m3/s,connemara_coastal_local
2010,14,31075,Shannagurraun,Q,8.411857,7,m3/s,connemara_coastal_local
2010,15,31075,Shannagurraun,Q,0.757,2,m3/s,connemara_coastal_local
2012,35,31075,Shannagurraun,Q,6.715286,7,m3/s,connemara_coastal_local
2012,36,31075,Shannagurraun,Q,2.209714,7,m3/s,connemara_coastal_local
2012,37,31075,Shannagurraun,Q,1.403286,7,m3/s,connemara_coastal_local
2012,38,31075,Shannagurraun,Q,3.186571,7,m3/s,connemara_coastal_local
2012,39,31075,Shannagurraun,Q,2.623429,7,m3/s,connemara_coastal_local
2012,40,31075,Shannagurraun,Q,6.909857,7,m3/s,connemara_coastal_local
2012,41,31075,Shannagurraun,Q,0.960143,7,m3/s,connemara_coastal_local
2012,42,31075,Shannagurraun,Q,2.585286,7,m3/s,connemara_coastal_local
2012,43,31075,Shannagurraun,Q,0.956,7,m3/s,connemara_coastal_local
2012,44,31075,Shannagurraun,Q,3.210143,7,m3/s,connemara_coastal_local
2012,45,31075,Shannagurraun,Q,3.355857,7,m3/s,connemara_coastal_local
2012,46,31075,Shannagurraun,Q,9.767857,7,m3/s,connemara_coastal_local
2012,47,31075,Shannagurraun,Q,11.379857,7,m3/s,connemara_coastal_local
2012,48,31075,Shannagurraun,Q,1.610429,7,m3/s,connemara_coastal_local
2012,49,31075,Shannagurraun,Q,4.976429,7,m3/s,connemara_coastal_local
2012,50,31075,Shannagurraun,Q,2.718857,7,m3/s,connemara_coastal_local
2012,51,31075,Shannagurraun,Q,6.193571,7,m3/s,connemara_coastal_local
2012,52,31075,Shannagurraun,Q,8.227143,7,m3/s,connemara_coastal_local
2013,1,31075,Shannagurraun,Q,6.829714,7,m3/s,connemara_coastal_local
2013,2,31075,Shannagurraun,Q,7.626714,7,m3/s,connemara_coastal_local
2013,3,31075,Shannagurraun,Q,6.283143,7,m3/s,connemara_coastal_local
2013,4,31075,Shannagurraun,Q,2.738429,7,m3/s,connemara_coastal_local
2013,5,31075,Shannagurraun,Q,7.093429,7,m3/s,connemara_coastal_local
2013,6,31075,Shannagurraun,Q,2.524429,7,m3/s,connemara_coastal_local
2013,7,31075,Shannagurraun,Q,5.009143,7,m3/s,connemara_coastal_local
2013,8,31075,Shannagurraun,Q,1.360857,7,m3/s,connemara_coastal_local
2013,9,31075,Shannagurraun,Q,0.406429,7,m3/s,connemara_coastal_local
2013,10,31075,Shannagurraun,Q,0.455,7,m3/s,connemara_coastal_local
2013,11,31075,Shannagurraun,Q,0.632,7,m3/s,connemara_coastal_local
2013,12,31075,Shannagurraun,Q,1.505857,7,m3/s,connemara_coastal_local
2013,13,31075,Shannagurraun,Q,0.367429,7,m3/s,connemara_coastal_local
2013,14,31075,Shannagurraun,Q,0.293,7,m3/s,connemara_coastal_local
2013,15,31075,Shannagurraun,Q,0.308429,7,m3/s,connemara_coastal_local
2013,16,31075,Shannagurraun,Q,5.113143,7,m3/s,connemara_coastal_local
2013,17,31075,Shannagurraun,Q,3.003143,7,m3/s,connemara_coastal_local
2013,18,31075,Shannagurraun,Q,0.762714,7,m3/s,connemara_coastal_local
2013,19,31075,Shannagurraun,Q,8.811571,7,m3/s,connemara_coastal_local
2013,20,31075,Shannagurraun,Q,1.913857,7,m3/s,connemara_coastal_local
2013,21,31075,Shannagurraun,Q,0.685714,7,m3/s,connemara_coastal_local
2013,22,31075,Shannagurraun,Q,0.756714,7,m3/s,connemara_coastal_local
2013,23,31075,Shannagurraun,Q,0.526,7,m3/s,connemara_coastal_local
2013,24,31075,Shannagurraun,Q,1.576,7,m3/s,connemara_coastal_local
2013,25,31075,Shannagurraun,Q,2.256857,7,m3/s,connemara_coastal_local
2013,26,31075,Shannagurraun,Q,0.894,7,m3/s,connemara_coastal_local
2013,27,31075,Shannagurraun,Q,0.631,7,m3/s,connemara_coastal_local
2013,28,31075,Shannagurraun,Q,0.822429,7,m3/s,connemara_coastal_local
2013,29,31075,Shannagurraun,Q,0.272429,7,m3/s,connemara_coastal_local
2013,30,31075,Shannagurraun,Q,0.290143,7,m3/s,connemara_coastal_local
2013,31,31075,Shannagurraun,Q,4.832429,7,m3/s,connemara_coastal_local
2013,32,31075,Shannagurraun,Q,1.596571,7,m3/s,connemara_coastal_local
2013,33,31075,Shannagurraun,Q,1.366286,7,m3/s,connemara_coastal_local
2013,34,31075,Shannagurraun,Q,3.437857,7,m3/s,connemara_coastal_local
2013,35,31075,Shannagurraun,Q,1.086429,7,m3/s,connemara_coastal_local
2013,36,31075,Shannagurraun,Q,0.615,7,m3/s,connemara_coastal_local
2013,37,31075,Shannagurraun,Q,0.490429,7,m3/s,connemara_coastal_local
2013,38,31075,Shannagurraun,Q,2.881857,7,m3/s,connemara_coastal_local
2013,39,31075,Shannagurraun,Q,0.930143,7,m3/s,connemara_coastal_local
2013,40,31075,Shannagurraun,Q,0.481714,7,m3/s,connemara_coastal_local
2013,41,31075,Shannagurraun,Q,1.519143,7,m3/s,connemara_coastal_local
2013,42,31075,Shannagurraun,Q,0.886714,7,m3/s,connemara_coastal_local
2013,43,31075,Shannagurraun,Q,3.883286,7,m3/s,connemara_coastal_local
2013,44,31075,Shannagurraun,Q,5.207857,7,m3/s,connemara_coastal_local
2013,45,31075,Shannagurraun,Q,3.485571,7,m3/s,connemara_coastal_local
2013,46,31075,Shannagurraun,Q,7.177429,7,m3/s,connemara_coastal_local
2013,47,31075,Shannagurraun,Q,3.032,7,m3/s,connemara_coastal_local
2013,48,31075,Shannagurraun,Q,1.105714,7,m3/s,connemara_coastal_local
2013,49,31075,Shannagurraun,Q,0.674286,7,m3/s,connemara_coastal_local
2013,50,31075,Shannagurraun,Q,4.839286,7,m3/s,connemara_coastal_local
2013,51,31075,Shannagurraun,Q,9.001429,7,m3/s,connemara_coastal_local
2013,52,31075,Shannagurraun,Q,10.222429,7,m3/s,connemara_coastal_local
2014,1,31075,Shannagurraun,Q,9.752857,7,m3/s,connemara_coastal_local
2014,2,31075,Shannagurraun,Q,7.146,7,m3/s,connemara_coastal_local
2014,3,31075,Shannagurraun,Q,9.375167,6,m3/s,connemara_coastal_local
2014,4,31075,Shannagurraun,Q,8.852857,7,m3/s,connemara_coastal_local
2014,5,31075,Shannagurraun,Q,10.434714,7,m3/s,connemara_coastal_local
2014,6,31075,Shannagurraun,Q,7.979571,7,m3/s,connemara_coastal_local
2014,7,31075,Shannagurraun,Q,8.426714,7,m3/s,connemara_coastal_local
2014,8,31075,Shannagurraun,Q,8.520286,7,m3/s,connemara_coastal_local
2014,9,31075,Shannagurraun,Q,9.215714,7,m3/s,connemara_coastal_local
2014,10,31075,Shannagurraun,Q,6.512286,7,m3/s,connemara_coastal_local
2014,11,31075,Shannagurraun,Q,1.438429,7,m3/s,connemara_coastal_local
2014,12,31075,Shannagurraun,Q,5.263571,7,m3/s,connemara_coastal_local
2014,13,31075,Shannagurraun,Q,3.561167,6,m3/s,connemara_coastal_local
2014,14,31075,Shannagurraun,Q,1.853857,7,m3/s,connemara_coastal_local
2014,15,31075,Shannagurraun,Q,1.643714,7,m3/s,connemara_coastal_local
2014,16,31075,Shannagurraun,Q,0.434143,7,m3/s,connemara_coastal_local
2014,17,31075,Shannagurraun,Q,0.424143,7,m3/s,connemara_coastal_local
2014,18,31075,Shannagurraun,Q,0.287714,7,m3/s,connemara_coastal_local
2014,19,31075,Shannagurraun,Q,2.621,7,m3/s,connemara_coastal_local
2014,20,31075,Shannagurraun,Q,4.058857,7,m3/s,connemara_coastal_local
2014,21,31075,Shannagurraun,Q,6.515286,7,m3/s,connemara_coastal_local
2014,22,31075,Shannagurraun,Q,1.237429,7,m3/s,connemara_coastal_local
2014,23,31075,Shannagurraun,Q,0.476714,7,m3/s,connemara_coastal_local
2014,24,31075,Shannagurraun,Q,1.45,7,m3/s,connemara_coastal_local
2014,25,31075,Shannagurraun,Q,0.473,7,m3/s,connemara_coastal_local
2014,26,31075,Shannagurraun,Q,0.296143,7,m3/s,connemara_coastal_local
2014,27,31075,Shannagurraun,Q,0.552714,7,m3/s,connemara_coastal_local
2014,28,31075,Shannagurraun,Q,0.823286,7,m3/s,connemara_coastal_local
2014,29,31075,Shannagurraun,Q,0.651429,7,m3/s,connemara_coastal_local
2014,30,31075,Shannagurraun,Q,0.766714,7,m3/s,connemara_coastal_local
2014,31,31075,Shannagurraun,Q,0.408286,7,m3/s,connemara_coastal_local
2014,32,31075,Shannagurraun,Q,0.237429,7,m3/s,connemara_coastal_local
2014,33,31075,Shannagurraun,Q,0.165429,7,m3/s,connemara_coastal_local
2014,34,31075,Shannagurraun,Q,0.073286,7,m3/s,connemara_coastal_local
2014,35,31075,Shannagurraun,Q,0.681143,7,m3/s,connemara_coastal_local
2014,36,31075,Shannagurraun,Q,1.814,7,m3/s,connemara_coastal_local
2014,37,31075,Shannagurraun,Q,0.58,7,m3/s,connemara_coastal_local
2014,38,31075,Shannagurraun,Q,0.158571,7,m3/s,connemara_coastal_local
2014,39,31075,Shannagurraun,Q,0.134143,7,m3/s,connemara_coastal_local
2014,40,31075,Shannagurraun,Q,0.125429,7,m3/s,connemara_coastal_local
2014,41,31075,Shannagurraun,Q,0.475286,7,m3/s,connemara_coastal_local
2014,42,31075,Shannagurraun,Q,3.531571,7,m3/s,connemara_coastal_local
2014,43,31075,Shannagurraun,Q,2.545857,7,m3/s,connemara_coastal_local
2014,44,31075,Shannagurraun,Q,9.291286,7,m3/s,connemara_coastal_local
2014,45,31075,Shannagurraun,Q,11.215571,7,m3/s,connemara_coastal_local
2014,46,31075,Shannagurraun,Q,5.757286,7,m3/s,connemara_coastal_local
2014,47,31075,Shannagurraun,Q,1.949429,7,m3/s,connemara_coastal_local
2014,48,31075,Shannagurraun,Q,0.993571,7,m3/s,connemara_coastal_local
2014,49,31075,Shannagurraun,Q,1.407,7,m3/s,connemara_coastal_local
2014,50,31075,Shannagurraun,Q,6.936714,7,m3/s,connemara_coastal_local
2014,51,31075,Shannagurraun,Q,9.965571,7,m3/s,connemara_coastal_local
2014,52,31075,Shannagurraun,Q,9.311286,7,m3/s,connemara_coastal_local
2015,1,31075,Shannagurraun,Q,5.196143,7,m3/s,connemara_coastal_local
2015,2,31075,Shannagurraun,Q,10.676429,7,m3/s,connemara_coastal_local
2015,3,31075,Shannagurraun,Q,10.233857,7,m3/s,connemara_coastal_local
2015,4,31075,Shannagurraun,Q,4.539429,7,m3/s,connemara_coastal_local
2015,5,31075,Shannagurraun,Q,4.581429,7,m3/s,connemara_coastal_local
2015,6,31075,Shannagurraun,Q,1.531286,7,m3/s,connemara_coastal_local
2015,7,31075,Shannagurraun,Q,0.877286,7,m3/s,connemara_coastal_local
2015,8,31075,Shannagurraun,Q,4.510714,7,m3/s,connemara_coastal_local
2015,9,31075,Shannagurraun,Q,8.168143,7,m3/s,connemara_coastal_local
2015,10,31075,Shannagurraun,Q,5.222286,7,m3/s,connemara_coastal_local
2015,11,31075,Shannagurraun,Q,3.139857,7,m3/s,connemara_coastal_local
2015,12,31075,Shannagurraun,Q,1.458,7,m3/s,connemara_coastal_local
2015,13,31075,Shannagurraun,Q,3.321857,7,m3/s,connemara_coastal_local
2015,14,31075,Shannagurraun,Q,6.124571,7,m3/s,connemara_coastal_local
2015,15,31075,Shannagurraun,Q,1.324571,7,m3/s,connemara_coastal_local
2015,16,31075,Shannagurraun,Q,2.644714,7,m3/s,connemara_coastal_local
2015,17,31075,Shannagurraun,Q,0.697857,7,m3/s,connemara_coastal_local
2015,18,31075,Shannagurraun,Q,2.032571,7,m3/s,connemara_coastal_local
2015,19,31075,Shannagurraun,Q,3.787143,7,m3/s,connemara_coastal_local
2015,20,31075,Shannagurraun,Q,3.348286,7,m3/s,connemara_coastal_local
2015,21,31075,Shannagurraun,Q,2.272714,7,m3/s,connemara_coastal_local
2015,22,31075,Shannagurraun,Q,1.175286,7,m3/s,connemara_coastal_local
2015,23,31075,Shannagurraun,Q,3.961857,7,m3/s,connemara_coastal_local
2015,24,31075,Shannagurraun,Q,0.752571,7,m3/s,connemara_coastal_local
2015,25,31075,Shannagurraun,Q,0.434,7,m3/s,connemara_coastal_local
2015,26,31075,Shannagurraun,Q,0.398857,7,m3/s,connemara_coastal_local
2015,27,31075,Shannagurraun,Q,1.041429,7,m3/s,connemara_coastal_local
2015,28,31075,Shannagurraun,Q,2.913286,7,m3/s,connemara_coastal_local
2015,29,31075,Shannagurraun,Q,5.483571,7,m3/s,connemara_coastal_local
2015,30,31075,Shannagurraun,Q,5.541571,7,m3/s,connemara_coastal_local
2015,31,31075,Shannagurraun,Q,3.987,7,m3/s,connemara_coastal_local
2015,32,31075,Shannagurraun,Q,6.138,7,m3/s,connemara_coastal_local
2015,33,31075,Shannagurraun,Q,2.535571,7,m3/s,connemara_coastal_local
2015,34,31075,Shannagurraun,Q,0.781429,7,m3/s,connemara_coastal_local
2015,35,31075,Shannagurraun,Q,3.277429,7,m3/s,connemara_coastal_local
2015,36,31075,Shannagurraun,Q,1.147714,7,m3/s,connemara_coastal_local
2015,37,31075,Shannagurraun,Q,7.928143,7,m3/s,connemara_coastal_local
2015,38,31075,Shannagurraun,Q,7.032714,7,m3/s,connemara_coastal_local
2015,39,31075,Shannagurraun,Q,2.718,7,m3/s,connemara_coastal_local
2015,40,31075,Shannagurraun,Q,0.679286,7,m3/s,connemara_coastal_local
2015,41,31075,Shannagurraun,Q,0.603143,7,m3/s,connemara_coastal_local
2015,42,31075,Shannagurraun,Q,0.459714,7,m3/s,connemara_coastal_local
2015,43,31075,Shannagurraun,Q,0.857714,7,m3/s,connemara_coastal_local
2015,44,31075,Shannagurraun,Q,3.734571,7,m3/s,connemara_coastal_local
2015,45,31075,Shannagurraun,Q,2.799143,7,m3/s,connemara_coastal_local
2015,46,31075,Shannagurraun,Q,15.249,7,m3/s,connemara_coastal_local
2015,47,31075,Shannagurraun,Q,10.731857,7,m3/s,connemara_coastal_local
2015,48,31075,Shannagurraun,Q,5.232429,7,m3/s,connemara_coastal_local
2015,49,31075,Shannagurraun,Q,17.470571,7,m3/s,connemara_coastal_local
2015,50,31075,Shannagurraun,Q,11.520429,7,m3/s,connemara_coastal_local
2015,51,31075,Shannagurraun,Q,6.715286,7,m3/s,connemara_coastal_local
2015,52,31075,Shannagurraun,Q,11.862429,7,m3/s,connemara_coastal_local
2015,53,31075,Shannagurraun,Q,10.432857,7,m3/s,connemara_coastal_local
2016,1,31075,Shannagurraun,Q,4.762286,7,m3/s,connemara_coastal_local
2016,2,31075,Shannagurraun,Q,4.143,7,m3/s,connemara_coastal_local
2016,3,31075,Shannagurraun,Q,3.781,7,m3/s,connemara_coastal_local
2016,4,31075,Shannagurraun,Q,11.608571,7,m3/s,connemara_coastal_local
2016,5,31075,Shannagurraun,Q,6.866857,7,m3/s,connemara_coastal_local
2016,6,31075,Shannagurraun,Q,8.927429,7,m3/s,connemara_coastal_local
2016,7,31075,Shannagurraun,Q,9.709,7,m3/s,connemara_coastal_local
2016,8,31075,Shannagurraun,Q,6.828667,3,m3/s,connemara_coastal_local
2016,24,31075,Shannagurraun,Q,0.274833,6,m3/s,connemara_coastal_local
2016,25,31075,Shannagurraun,Q,4.197286,7,m3/s,connemara_coastal_local
2016,26,31075,Shannagurraun,Q,1.813,7,m3/s,connemara_coastal_local
2016,27,31075,Shannagurraun,Q,2.271429,7,m3/s,connemara_coastal_local
2016,28,31075,Shannagurraun,Q,2.455286,7,m3/s,connemara_coastal_local
2016,29,31075,Shannagurraun,Q,1.117,7,m3/s,connemara_coastal_local
2016,30,31075,Shannagurraun,Q,1.267429,7,m3/s,connemara_coastal_local
2016,31,31075,Shannagurraun,Q,0.834,7,m3/s,connemara_coastal_local
2016,32,31075,Shannagurraun,Q,0.655143,7,m3/s,connemara_coastal_local
2016,33,31075,Shannagurraun,Q,2.490714,7,m3/s,connemara_coastal_local
2016,34,31075,Shannagurraun,Q,4.385,7,m3/s,connemara_coastal_local
2016,35,31075,Shannagurraun,Q,1.479,7,m3/s,connemara_coastal_local
2016,36,31075,Shannagurraun,Q,3.061,1,m3/s,connemara_coastal_local
2017,43,31075,Shannagurraun,Q,4.534,5,m3/s,connemara_coastal_local
2017,44,31075,Shannagurraun,Q,1.911,7,m3/s,connemara_coastal_local
2017,45,31075,Shannagurraun,Q,5.505429,7,m3/s,connemara_coastal_local
2017,46,31075,Shannagurraun,Q,4.91,7,m3/s,connemara_coastal_local
2017,47,31075,Shannagurraun,Q,7.664286,7,m3/s,connemara_coastal_local
2017,48,31075,Shannagurraun,Q,3.865,7,m3/s,connemara_coastal_local
2017,49,31075,Shannagurraun,Q,4.363857,7,m3/s,connemara_coastal_local
2017,50,31075,Shannagurraun,Q,7.896857,7,m3/s,connemara_coastal_local
2017,51,31075,Shannagurraun,Q,4.54775,4,m3/s,connemara_coastal_local
2018,15,31075,Shannagurraun,Q,2.116833,6,m3/s,connemara_coastal_local
2018,16,31075,Shannagurraun,Q,1.196571,7,m3/s,connemara_coastal_local
2018,17,31075,Shannagurraun,Q,1.320143,7,m3/s,connemara_coastal_local
2018,18,31075,Shannagurraun,Q,0.985571,7,m3/s,connemara_coastal_local
2018,19,31075,Shannagurraun,Q,1.685571,7,m3/s,connemara_coastal_local
2018,20,31075,Shannagurraun,Q,0.332857,7,m3/s,connemara_coastal_local
2018,21,31075,Shannagurraun,Q,1.866571,7,m3/s,connemara_coastal_local
2018,22,31075,Shannagurraun,Q,0.215857,7,m3/s,connemara_coastal_local
2018,23,31075,Shannagurraun,Q,0.147857,7,m3/s,connemara_coastal_local
2018,24,31075,Shannagurraun,Q,0.198714,7,m3/s,connemara_coastal_local
2018,25,31075,Shannagurraun,Q,0.566571,7,m3/s,connemara_coastal_local
2018,26,31075,Shannagurraun,Q,0.402143,7,m3/s,connemara_coastal_local
2018,27,31075,Shannagurraun,Q,0.174286,7,m3/s,connemara_coastal_local
2018,28,31075,Shannagurraun,Q,0.111,7,m3/s,connemara_coastal_local
2018,29,31075,Shannagurraun,Q,0.097286,7,m3/s,connemara_coastal_local
2018,30,31075,Shannagurraun,Q,0.094429,7,m3/s,connemara_coastal_local
2018,31,31075,Shannagurraun,Q,2.899714,7,m3/s,connemara_coastal_local
2018,32,31075,Shannagurraun,Q,1.364143,7,m3/s,connemara_coastal_local
2018,33,31075,Shannagurraun,Q,3.274714,7,m3/s,connemara_coastal_local
2018,34,31075,Shannagurraun,Q,6.699429,7,m3/s,connemara_coastal_local
2018,35,31075,Shannagurraun,Q,3.596429,7,m3/s,connemara_coastal_local
2018,36,31075,Shannagurraun,Q,1.152857,7,m3/s,connemara_coastal_local
2018,37,31075,Shannagurraun,Q,5.039143,7,m3/s,connemara_coastal_local
2018,38,31075,Shannagurraun,Q,6.637286,7,m3/s,connemara_coastal_local
2018,39,31075,Shannagurraun,Q,2.886714,7,m3/s,connemara_coastal_local
2018,40,31075,Shannagurraun,Q,0.768286,7,m3/s,connemara_coastal_local
2018,41,31075,Shannagurraun,Q,3.116429,7,m3/s,connemara_coastal_local
2018,42,31075,Shannagurraun,Q,1.921333,3,m3/s,connemara_coastal_local
2018,43,31075,Shannagurraun,Q,3.298286,7,m3/s,connemara_coastal_local
2018,44,31075,Shannagurraun,Q,2.747286,7,m3/s,connemara_coastal_local
2018,45,31075,Shannagurraun,Q,5.018143,7,m3/s,connemara_coastal_local
2018,46,31075,Shannagurraun,Q,11.327429,7,m3/s,connemara_coastal_local
2018,47,31075,Shannagurraun,Q,1.554143,7,m3/s,connemara_coastal_local
2018,48,31075,Shannagurraun,Q,6.981,7,m3/s,connemara_coastal_local
2018,49,31075,Shannagurraun,Q,8.259143,7,m3/s,connemara_coastal_local
2018,50,31075,Shannagurraun,Q,5.596143,7,m3/s,connemara_coastal_local
2018,51,31075,Shannagurraun,Q,12.380143,7,m3/s,connemara_coastal_local
2018,52,31075,Shannagurraun,Q,4.932429,7,m3/s,connemara_coastal_local
2019,1,31075,Shannagurraun,Q,2.309857,7,m3/s,connemara_coastal_local
2019,2,31075,Shannagurraun,Q,2.514,7,m3/s,connemara_coastal_local
2019,3,31075,Shannagurraun,Q,2.537571,7,m3/s,connemara_coastal_local
2019,4,31075,Shannagurraun,Q,4.611286,7,m3/s,connemara_coastal_local
2019,5,31075,Shannagurraun,Q,4.835857,7,m3/s,connemara_coastal_local
2019,6,31075,Shannagurraun,Q,9.258143,7,m3/s,connemara_coastal_local
2019,7,31075,Shannagurraun,Q,3.259,7,m3/s,connemara_coastal_local
2019,8,31075,Shannagurraun,Q,4.317286,7,m3/s,connemara_coastal_local
2019,9,31075,Shannagurraun,Q,1.767714,7,m3/s,connemara_coastal_local
2019,10,31075,Shannagurraun,Q,7.593714,7,m3/s,connemara_coastal_local
2019,11,31075,Shannagurraun,Q,13.778,7,m3/s,connemara_coastal_local
2019,12,31075,Shannagurraun,Q,6.160714,7,m3/s,connemara_coastal_local
2019,13,31075,Shannagurraun,Q,1.036714,7,m3/s,connemara_coastal_local
2019,14,31075,Shannagurraun,Q,1.002571,7,m3/s,connemara_coastal_local
2019,15,31075,Shannagurraun,Q,0.794286,7,m3/s,connemara_coastal_local
2019,16,31075,Shannagurraun,Q,2.928571,7,m3/s,connemara_coastal_local
2019,17,31075,Shannagurraun,Q,1.135714,7,m3/s,connemara_coastal_local
2019,18,31075,Shannagurraun,Q,2.228143,7,m3/s,connemara_coastal_local
2019,19,31075,Shannagurraun,Q,0.611571,7,m3/s,connemara_coastal_local
2019,20,31075,Shannagurraun,Q,0.344286,7,m3/s,connemara_coastal_local
2019,21,31075,Shannagurraun,Q,0.228571,7,m3/s,connemara_coastal_local
2019,22,31075,Shannagurraun,Q,4.069714,7,m3/s,connemara_coastal_local
2019,23,31075,Shannagurraun,Q,2.229,7,m3/s,connemara_coastal_local
2019,24,31075,Shannagurraun,Q,0.799286,7,m3/s,connemara_coastal_local
2019,25,31075,Shannagurraun,Q,0.394714,7,m3/s,connemara_coastal_local
2019,26,31075,Shannagurraun,Q,0.353286,7,m3/s,connemara_coastal_local
2019,27,31075,Shannagurraun,Q,0.355429,7,m3/s,connemara_coastal_local
2019,28,31075,Shannagurraun,Q,0.241714,7,m3/s,connemara_coastal_local
2019,29,31075,Shannagurraun,Q,0.199143,7,m3/s,connemara_coastal_local
2019,30,31075,Shannagurraun,Q,3.190429,7,m3/s,connemara_coastal_local
2019,31,31075,Shannagurraun,Q,1.24,7,m3/s,connemara_coastal_local
2019,32,31075,Shannagurraun,Q,8.191571,7,m3/s,connemara_coastal_local
2019,33,31075,Shannagurraun,Q,3.855714,7,m3/s,connemara_coastal_local
2019,34,31075,Shannagurraun,Q,7.653429,7,m3/s,connemara_coastal_local
2019,35,31075,Shannagurraun,Q,10.477857,7,m3/s,connemara_coastal_local
2019,36,31075,Shannagurraun,Q,4.753857,7,m3/s,connemara_coastal_local
2019,37,31075,Shannagurraun,Q,4.860286,7,m3/s,connemara_coastal_local
2019,38,31075,Shannagurraun,Q,4.147571,7,m3/s,connemara_coastal_local
2019,39,31075,Shannagurraun,Q,7.500286,7,m3/s,connemara_coastal_local
2019,40,31075,Shannagurraun,Q,6.855571,7,m3/s,connemara_coastal_local
2019,41,31075,Shannagurraun,Q,5.281143,7,m3/s,connemara_coastal_local
2019,42,31075,Shannagurraun,Q,9.284429,7,m3/s,connemara_coastal_local
2019,43,31075,Shannagurraun,Q,2.230714,7,m3/s,connemara_coastal_local
2019,44,31075,Shannagurraun,Q,3.484714,7,m3/s,connemara_coastal_local
2019,45,31075,Shannagurraun,Q,4.023571,7,m3/s,connemara_coastal_local
2019,46,31075,Shannagurraun,Q,6.779,7,m3/s,connemara_coastal_local
2019,47,31075,Shannagurraun,Q,2.626429,7,m3/s,connemara_coastal_local
2019,48,31075,Shannagurraun,Q,4.204,7,m3/s,connemara_coastal_local
2019,49,31075,Shannagurraun,Q,4.843,7,m3/s,connemara_coastal_local
2019,50,31075,Shannagurraun,Q,10.404857,7,m3/s,connemara_coastal_local
2019,51,31075,Shannagurraun,Q,4.603857,7,m3/s,connemara_coastal_local
2019,52,31075,Shannagurraun,Q,4.295429,7,m3/s,connemara_coastal_local
2020,1,31075,Shannagurraun,Q,2.518714,7,m3/s,connemara_coastal_local
2020,2,31075,Shannagurraun,Q,6.814,7,m3/s,connemara_coastal_local
2020,3,31075,Shannagurraun,Q,4.994,7,m3/s,connemara_coastal_local
2020,4,31075,Shannagurraun,Q,1.359857,7,m3/s,connemara_coastal_local
2020,5,31075,Shannagurraun,Q,5.069286,7,m3/s,connemara_coastal_local
2020,6,31075,Shannagurraun,Q,4.83,7,m3/s,connemara_coastal_local
2020,7,31075,Shannagurraun,Q,11.624714,7,m3/s,connemara_coastal_local
2020,8,31075,Shannagurraun,Q,15.482,7,m3/s,connemara_coastal_local
2020,9,31075,Shannagurraun,Q,13.339143,7,m3/s,connemara_coastal_local
2020,10,31075,Shannagurraun,Q,5.368714,7,m3/s,connemara_coastal_local
2020,11,31075,Shannagurraun,Q,8.064571,7,m3/s,connemara_coastal_local
2020,12,31075,Shannagurraun,Q,5.973714,7,m3/s,connemara_coastal_local
2020,13,31075,Shannagurraun,Q,0.785714,7,m3/s,connemara_coastal_local
2020,14,31075,Shannagurraun,Q,1.209571,7,m3/s,connemara_coastal_local
2020,15,31075,Shannagurraun,Q,0.329714,7,m3/s,connemara_coastal_local
2020,16,31075,Shannagurraun,Q,0.299286,7,m3/s,connemara_coastal_local
2020,17,31075,Shannagurraun,Q,0.222571,7,m3/s,connemara_coastal_local
2020,18,31075,Shannagurraun,Q,0.217571,7,m3/s,connemara_coastal_local
2020,19,31075,Shannagurraun,Q,0.329857,7,m3/s,connemara_coastal_local
2020,20,31075,Shannagurraun,Q,0.283429,7,m3/s,connemara_coastal_local
2020,21,31075,Shannagurraun,Q,0.367,7,m3/s,connemara_coastal_local
2020,22,31075,Shannagurraun,Q,0.431143,7,m3/s,connemara_coastal_local
2020,23,31075,Shannagurraun,Q,0.243,7,m3/s,connemara_coastal_local
2020,24,31075,Shannagurraun,Q,0.122429,7,m3/s,connemara_coastal_local
2020,25,31075,Shannagurraun,Q,0.114857,7,m3/s,connemara_coastal_local
2020,26,31075,Shannagurraun,Q,1.190857,7,m3/s,connemara_coastal_local
2020,27,31075,Shannagurraun,Q,7.686143,7,m3/s,connemara_coastal_local
2020,28,31075,Shannagurraun,Q,7.483714,7,m3/s,connemara_coastal_local
2020,29,31075,Shannagurraun,Q,4.07,7,m3/s,connemara_coastal_local
2020,30,31075,Shannagurraun,Q,5.036857,7,m3/s,connemara_coastal_local
2020,31,31075,Shannagurraun,Q,7.814571,7,m3/s,connemara_coastal_local
2020,32,31075,Shannagurraun,Q,4.263571,7,m3/s,connemara_coastal_local
2020,33,31075,Shannagurraun,Q,1.172857,7,m3/s,connemara_coastal_local
2020,34,31075,Shannagurraun,Q,9.100714,7,m3/s,connemara_coastal_local
2020,35,31075,Shannagurraun,Q,6.654143,7,m3/s,connemara_coastal_local
2020,36,31075,Shannagurraun,Q,3.403857,7,m3/s,connemara_coastal_local
2020,37,31075,Shannagurraun,Q,4.855143,7,m3/s,connemara_coastal_local
2020,38,31075,Shannagurraun,Q,1.716286,7,m3/s,connemara_coastal_local
2020,39,31075,Shannagurraun,Q,0.810571,7,m3/s,connemara_coastal_local
2020,40,31075,Shannagurraun,Q,1.981857,7,m3/s,connemara_coastal_local
2020,42,31075,Shannagurraun,Q,1.508,7,m3/s,connemara_coastal_local
2020,43,31075,Shannagurraun,Q,7.349143,7,m3/s,connemara_coastal_local
2020,44,31075,Shannagurraun,Q,12.686143,7,m3/s,connemara_coastal_local
2020,45,31075,Shannagurraun,Q,7.211857,7,m3/s,connemara_coastal_local
2020,46,31075,Shannagurraun,Q,9.062286,7,m3/s,connemara_coastal_local
2020,47,31075,Shannagurraun,Q,12.372,7,m3/s,connemara_coastal_local
2020,48,31075,Shannagurraun,Q,9.507143,7,m3/s,connemara_coastal_local
2020,49,31075,Shannagurraun,Q,3.187286,7,m3/s,connemara_coastal_local
2020,50,31075,Shannagurraun,Q,5.412286,7,m3/s,connemara_coastal_local
2020,51,31075,Shannagurraun,Q,10.646714,7,m3/s,connemara_coastal_local
2020,52,31075,Shannagurraun,Q,6.015857,7,m3/s,connemara_coastal_local
2020,53,31075,Shannagurraun,Q,5.66,7,m3/s,connemara_coastal_local
2021,1,31075,Shannagurraun,Q,1.211,7,m3/s,connemara_coastal_local
2021,2,31075,Shannagurraun,Q,11.190143,7,m3/s,connemara_coastal_local
2021,3,31075,Shannagurraun,Q,10.525286,7,m3/s,connemara_coastal_local
2021,4,31075,Shannagurraun,Q,9.076143,7,m3/s,connemara_coastal_local
2021,5,31075,Shannagurraun,Q,10.726,7,m3/s,connemara_coastal_local
2021,6,31075,Shannagurraun,Q,2.275714,7,m3/s,connemara_coastal_local
2021,7,31075,Shannagurraun,Q,6.512571,7,m3/s,connemara_coastal_local
2021,8,31075,Shannagurraun,Q,3.389,7,m3/s,connemara_coastal_local
2021,9,31075,Shannagurraun,Q,1.107429,7,m3/s,connemara_coastal_local
2021,10,31075,Shannagurraun,Q,5.970286,7,m3/s,connemara_coastal_local
2021,11,31075,Shannagurraun,Q,2.077429,7,m3/s,connemara_coastal_local
2021,12,31075,Shannagurraun,Q,2.467,7,m3/s,connemara_coastal_local
2021,13,31075,Shannagurraun,Q,5.101714,7,m3/s,connemara_coastal_local
2021,14,31075,Shannagurraun,Q,0.968143,7,m3/s,connemara_coastal_local
2021,15,31075,Shannagurraun,Q,0.472857,7,m3/s,connemara_coastal_local
2021,16,31075,Shannagurraun,Q,0.469714,7,m3/s,connemara_coastal_local
2021,17,31075,Shannagurraun,Q,0.249143,7,m3/s,connemara_coastal_local
2021,18,31075,Shannagurraun,Q,1.063286,7,m3/s,connemara_coastal_local
2021,19,31075,Shannagurraun,Q,1.874857,7,m3/s,connemara_coastal_local
2021,20,31075,Shannagurraun,Q,1.525571,7,m3/s,connemara_coastal_local
2021,21,31075,Shannagurraun,Q,8.188,1,m3/s,connemara_coastal_local
2021,24,31075,Shannagurraun,Q,1.535429,7,m3/s,connemara_coastal_local
2021,25,31075,Shannagurraun,Q,0.365571,7,m3/s,connemara_coastal_local
2021,26,31075,Shannagurraun,Q,0.280571,7,m3/s,connemara_coastal_local
2021,27,31075,Shannagurraun,Q,0.362571,7,m3/s,connemara_coastal_local
2021,28,31075,Shannagurraun,Q,0.357,7,m3/s,connemara_coastal_local
2021,29,31075,Shannagurraun,Q,0.115714,7,m3/s,connemara_coastal_local
2021,30,31075,Shannagurraun,Q,0.132286,7,m3/s,connemara_coastal_local
2021,31,31075,Shannagurraun,Q,0.410429,7,m3/s,connemara_coastal_local
2021,32,31075,Shannagurraun,Q,2.732286,7,m3/s,connemara_coastal_local
2021,33,31075,Shannagurraun,Q,1.669,7,m3/s,connemara_coastal_local
2021,34,31075,Shannagurraun,Q,0.898714,7,m3/s,connemara_coastal_local
2021,35,31075,Shannagurraun,Q,0.087,7,m3/s,connemara_coastal_local
2021,36,31075,Shannagurraun,Q,0.892429,7,m3/s,connemara_coastal_local
2021,37,31075,Shannagurraun,Q,2.993714,7,m3/s,connemara_coastal_local
2021,38,31075,Shannagurraun,Q,1.225714,7,m3/s,connemara_coastal_local
2021,39,31075,Shannagurraun,Q,6.485,7,m3/s,connemara_coastal_local
2021,40,31075,Shannagurraun,Q,11.085429,7,m3/s,connemara_coastal_local
2021,41,31075,Shannagurraun,Q,2.836,7,m3/s,connemara_coastal_local
2021,42,31075,Shannagurraun,Q,4.546143,7,m3/s,connemara_coastal_local
2021,43,31075,Shannagurraun,Q,8.723714,7,m3/s,connemara_coastal_local
2021,44,31075,Shannagurraun,Q,3.306143,7,m3/s,connemara_coastal_local
2021,45,31075,Shannagurraun,Q,6.715143,7,m3/s,connemara_coastal_local
2021,46,31075,Shannagurraun,Q,3.433143,7,m3/s,connemara_coastal_local
2021,47,31075,Shannagurraun,Q,1.905857,7,m3/s,connemara_coastal_local
2021,48,31075,Shannagurraun,Q,4.66,7,m3/s,connemara_coastal_local
2021,49,31075,Shannagurraun,Q,5.901857,7,m3/s,connemara_coastal_local
2021,50,31075,Shannagurraun,Q,3.338286,7,m3/s,connemara_coastal_local
2021,51,31075,Shannagurraun,Q,2.764571,7,m3/s,connemara_coastal_local
2021,52,31075,Shannagurraun,Q,6.212429,7,m3/s,connemara_coastal_local
2022,1,31075,Shannagurraun,Q,5.349286,7,m3/s,connemara_coastal_local
2022,2,31075,Shannagurraun,Q,3.817143,7,m3/s,connemara_coastal_local
2022,3,31075,Shannagurraun,Q,1.146286,7,m3/s,connemara_coastal_local
2022,4,31075,Shannagurraun,Q,1.060571,7,m3/s,connemara_coastal_local
2022,5,31075,Shannagurraun,Q,1.970571,7,m3/s,connemara_coastal_local
2022,6,31075,Shannagurraun,Q,5.534857,7,m3/s,connemara_coastal_local
2022,7,31075,Shannagurraun,Q,9.942857,7,m3/s,connemara_coastal_local
2022,8,31075,Shannagurraun,Q,7.749714,7,m3/s,connemara_coastal_local
2022,9,31075,Shannagurraun,Q,1.675857,7,m3/s,connemara_coastal_local
2022,10,31075,Shannagurraun,Q,2.319571,7,m3/s,connemara_coastal_local
2022,11,31075,Shannagurraun,Q,3.886,7,m3/s,connemara_coastal_local
2022,12,31075,Shannagurraun,Q,0.938857,7,m3/s,connemara_coastal_local
2022,13,31075,Shannagurraun,Q,0.477143,7,m3/s,connemara_coastal_local
2022,14,31075,Shannagurraun,Q,0.274286,7,m3/s,connemara_coastal_local
2022,15,31075,Shannagurraun,Q,0.361571,7,m3/s,connemara_coastal_local
2022,16,31075,Shannagurraun,Q,0.841714,7,m3/s,connemara_coastal_local
2022,17,31075,Shannagurraun,Q,0.404143,7,m3/s,connemara_coastal_local
2022,18,31075,Shannagurraun,Q,0.314857,7,m3/s,connemara_coastal_local
2022,19,31075,Shannagurraun,Q,0.841857,7,m3/s,connemara_coastal_local
2022,20,31075,Shannagurraun,Q,0.980429,7,m3/s,connemara_coastal_local
2022,21,31075,Shannagurraun,Q,1.423286,7,m3/s,connemara_coastal_local
2022,22,31075,Shannagurraun,Q,0.796429,7,m3/s,connemara_coastal_local
2022,23,31075,Shannagurraun,Q,0.355857,7,m3/s,connemara_coastal_local
2022,24,31075,Shannagurraun,Q,0.341857,7,m3/s,connemara_coastal_local
2022,25,31075,Shannagurraun,Q,0.460429,7,m3/s,connemara_coastal_local
2022,26,31075,Shannagurraun,Q,5.807143,7,m3/s,connemara_coastal_local
2022,27,31075,Shannagurraun,Q,1.620714,7,m3/s,connemara_coastal_local
2022,28,31075,Shannagurraun,Q,0.460429,7,m3/s,connemara_coastal_local
2022,29,31075,Shannagurraun,Q,0.230143,7,m3/s,connemara_coastal_local
2022,30,31075,Shannagurraun,Q,1.854143,7,m3/s,connemara_coastal_local
2022,31,31075,Shannagurraun,Q,6.707,7,m3/s,connemara_coastal_local
2022,32,31075,Shannagurraun,Q,0.846286,7,m3/s,connemara_coastal_local
2022,33,31075,Shannagurraun,Q,0.338857,7,m3/s,connemara_coastal_local
2022,34,31075,Shannagurraun,Q,0.244286,7,m3/s,connemara_coastal_local
2022,35,31075,Shannagurraun,Q,0.206143,7,m3/s,connemara_coastal_local
2022,36,31075,Shannagurraun,Q,1.193,7,m3/s,connemara_coastal_local
2022,37,31075,Shannagurraun,Q,1.493429,7,m3/s,connemara_coastal_local
2022,38,31075,Shannagurraun,Q,1.041857,7,m3/s,connemara_coastal_local
2022,39,31075,Shannagurraun,Q,3.613143,7,m3/s,connemara_coastal_local
2022,40,31075,Shannagurraun,Q,9.406429,7,m3/s,connemara_coastal_local
2022,41,31075,Shannagurraun,Q,5.751571,7,m3/s,connemara_coastal_local
2022,42,31075,Shannagurraun,Q,9.166714,7,m3/s,connemara_coastal_local
2022,43,31075,Shannagurraun,Q,8.089714,7,m3/s,connemara_coastal_local
2022,44,31075,Shannagurraun,Q,9.154714,7,m3/s,connemara_coastal_local
2022,45,31075,Shannagurraun,Q,11.453429,7,m3/s,connemara_coastal_local
2022,46,31075,Shannagurraun,Q,3.511857,7,m3/s,connemara_coastal_local
2022,47,31075,Shannagurraun,Q,7.885286,7,m3/s,connemara_coastal_local
2022,48,31075,Shannagurraun,Q,4.151143,7,m3/s,connemara_coastal_local
2022,49,31075,Shannagurraun,Q,0.952143,7,m3/s,connemara_coastal_local
2022,50,31075,Shannagurraun,Q,0.596429,7,m3/s,connemara_coastal_local
2022,51,31075,Shannagurraun,Q,5.686286,7,m3/s,connemara_coastal_local
2022,52,31075,Shannagurraun,Q,14.629143,7,m3/s,connemara_coastal_local
2023,1,31075,Shannagurraun,Q,5.816429,7,m3/s,connemara_coastal_local
2023,2,31075,Shannagurraun,Q,12.279429,7,m3/s,connemara_coastal_local
2023,3,31075,Shannagurraun,Q,2.975286,7,m3/s,connemara_coastal_local
2023,4,31075,Shannagurraun,Q,2.497571,7,m3/s,connemara_coastal_local
2023,5,31075,Shannagurraun,Q,1.235,7,m3/s,connemara_coastal_local
2023,6,31075,Shannagurraun,Q,0.715857,7,m3/s,connemara_coastal_local
2023,7,31075,Shannagurraun,Q,1.427429,7,m3/s,connemara_coastal_local
2023,8,31075,Shannagurraun,Q,3.614857,7,m3/s,connemara_coastal_local
2023,9,31075,Shannagurraun,Q,1.093571,7,m3/s,connemara_coastal_local
2023,10,31075,Shannagurraun,Q,2.248429,7,m3/s,connemara_coastal_local
2023,11,31075,Shannagurraun,Q,13.883857,7,m3/s,connemara_coastal_local
2023,12,31075,Shannagurraun,Q,14.126,7,m3/s,connemara_coastal_local
2023,13,31075,Shannagurraun,Q,2.317,7,m3/s,connemara_coastal_local
2023,14,31075,Shannagurraun,Q,3.52,7,m3/s,connemara_coastal_local
2023,15,31075,Shannagurraun,Q,4.033,7,m3/s,connemara_coastal_local
2023,16,31075,Shannagurraun,Q,1.212143,7,m3/s,connemara_coastal_local
2023,17,31075,Shannagurraun,Q,1.686286,7,m3/s,connemara_coastal_local
2023,18,31075,Shannagurraun,Q,1.174143,7,m3/s,connemara_coastal_local
2023,19,31075,Shannagurraun,Q,4.500714,7,m3/s,connemara_coastal_local
2023,20,31075,Shannagurraun,Q,0.657143,7,m3/s,connemara_coastal_local
2023,21,31075,Shannagurraun,Q,0.494,7,m3/s,connemara_coastal_local
2023,22,31075,Shannagurraun,Q,0.233,7,m3/s,connemara_coastal_local
2023,23,31075,Shannagurraun,Q,0.105429,7,m3/s,connemara_coastal_local
2023,24,31075,Shannagurraun,Q,0.099,7,m3/s,connemara_coastal_local
2023,25,31075,Shannagurraun,Q,0.093857,7,m3/s,connemara_coastal_local
2023,26,31075,Shannagurraun,Q,0.407143,7,m3/s,connemara_coastal_local
2023,27,31075,Shannagurraun,Q,1.131286,7,m3/s,connemara_coastal_local
2023,28,31075,Shannagurraun,Q,4.425,7,m3/s,connemara_coastal_local
2023,29,31075,Shannagurraun,Q,3.864714,7,m3/s,connemara_coastal_local
2023,30,31075,Shannagurraun,Q,4.668571,7,m3/s,connemara_coastal_local
2023,31,31075,Shannagurraun,Q,7.674286,7,m3/s,connemara_coastal_local
2023,32,31075,Shannagurraun,Q,4.246714,7,m3/s,connemara_coastal_local
2023,33,31075,Shannagurraun,Q,4.681143,7,m3/s,connemara_coastal_local
2023,34,31075,Shannagurraun,Q,2.593143,7,m3/s,connemara_coastal_local
2023,35,31075,Shannagurraun,Q,0.778,7,m3/s,connemara_coastal_local
2023,36,31075,Shannagurraun,Q,0.723,7,m3/s,connemara_coastal_local
2023,37,31075,Shannagurraun,Q,0.542429,7,m3/s,connemara_coastal_local
2023,38,31075,Shannagurraun,Q,5.885286,7,m3/s,connemara_coastal_local
2023,39,31075,Shannagurraun,Q,7.565857,7,m3/s,connemara_coastal_local
2023,40,31075,Shannagurraun,Q,8.917,7,m3/s,connemara_coastal_local
2023,41,31075,Shannagurraun,Q,2.181286,7,m3/s,connemara_coastal_local
2023,42,31075,Shannagurraun,Q,10.229286,7,m3/s,connemara_coastal_local
2023,43,31075,Shannagurraun,Q,7.405,7,m3/s,connemara_coastal_local
2023,44,31075,Shannagurraun,Q,5.646571,7,m3/s,connemara_coastal_local
2023,45,31075,Shannagurraun,Q,5.334429,7,m3/s,connemara_coastal_local
2023,46,31075,Shannagurraun,Q,9.647,7,m3/s,connemara_coastal_local
2023,47,31075,Shannagurraun,Q,4.394286,7,m3/s,connemara_coastal_local
2023,48,31075,Shannagurraun,Q,2.550714,7,m3/s,connemara_coastal_local
2023,49,31075,Shannagurraun,Q,5.697714,7,m3/s,connemara_coastal_local
2023,50,31075,Shannagurraun,Q,10.290429,7,m3/s,connemara_coastal_local
2023,51,31075,Shannagurraun,Q,9.131143,7,m3/s,connemara_coastal_local
2023,52,31075,Shannagurraun,Q,15.776571,7,m3/s,connemara_coastal_local
2024,1,31075,Shannagurraun,Q,9.047714,7,m3/s,connemara_coastal_local
2024,2,31075,Shannagurraun,Q,1.629857,7,m3/s,connemara_coastal_local
2024,3,31075,Shannagurraun,Q,1.71,7,m3/s,connemara_coastal_local
2024,4,31075,Shannagurraun,Q,10.057571,7,m3/s,connemara_coastal_local
2024,5,31075,Shannagurraun,Q,3.472,7,m3/s,connemara_coastal_local
2024,6,31075,Shannagurraun,Q,9.108429,7,m3/s,connemara_coastal_local
2024,7,31075,Shannagurraun,Q,11.621714,7,m3/s,connemara_coastal_local
2024,8,31075,Shannagurraun,Q,7.070667,3,m3/s,connemara_coastal_local
2024,9,31075,Shannagurraun,Q,9.601,6,m3/s,connemara_coastal_local
2024,10,31075,Shannagurraun,Q,3.155,7,m3/s,connemara_coastal_local
2024,11,31075,Shannagurraun,Q,9.881857,7,m3/s,connemara_coastal_local
2024,12,31075,Shannagurraun,Q,5.215,6,m3/s,connemara_coastal_local
2024,13,31075,Shannagurraun,Q,8.356571,7,m3/s,connemara_coastal_local
2024,14,31075,Shannagurraun,Q,5.234857,7,m3/s,connemara_coastal_local
2024,15,31075,Shannagurraun,Q,7.232857,7,m3/s,connemara_coastal_local
2024,16,31075,Shannagurraun,Q,2.135143,7,m3/s,connemara_coastal_local
2024,17,31075,Shannagurraun,Q,0.939429,7,m3/s,connemara_coastal_local
2024,18,31075,Shannagurraun,Q,1.757714,7,m3/s,connemara_coastal_local
2024,19,31075,Shannagurraun,Q,0.81875,4,m3/s,connemara_coastal_local
2024,20,31075,Shannagurraun,Q,0.817333,3,m3/s,connemara_coastal_local
2024,21,31075,Shannagurraun,Q,1.988143,7,m3/s,connemara_coastal_local
2024,22,31075,Shannagurraun,Q,1.017714,7,m3/s,connemara_coastal_local
2024,23,31075,Shannagurraun,Q,0.701143,7,m3/s,connemara_coastal_local
2024,24,31075,Shannagurraun,Q,0.504714,7,m3/s,connemara_coastal_local
2024,25,31075,Shannagurraun,Q,0.797,7,m3/s,connemara_coastal_local
2024,26,31075,Shannagurraun,Q,0.818429,7,m3/s,connemara_coastal_local
2024,27,31075,Shannagurraun,Q,0.827571,7,m3/s,connemara_coastal_local
2024,28,31075,Shannagurraun,Q,0.415143,7,m3/s,connemara_coastal_local
2024,29,31075,Shannagurraun,Q,0.257714,7,m3/s,connemara_coastal_local
2024,30,31075,Shannagurraun,Q,0.826286,7,m3/s,connemara_coastal_local
2024,31,31075,Shannagurraun,Q,2.528857,7,m3/s,connemara_coastal_local
2024,32,31075,Shannagurraun,Q,4.464571,7,m3/s,connemara_coastal_local
2024,33,31075,Shannagurraun,Q,6.199286,7,m3/s,connemara_coastal_local
2024,34,31075,Shannagurraun,Q,5.932714,7,m3/s,connemara_coastal_local
2024,35,31075,Shannagurraun,Q,7.909143,7,m3/s,connemara_coastal_local
2024,36,31075,Shannagurraun,Q,1.345143,7,m3/s,connemara_coastal_local
2024,37,31075,Shannagurraun,Q,0.468,7,m3/s,connemara_coastal_local
2024,38,31075,Shannagurraun,Q,2.034,7,m3/s,connemara_coastal_local
2024,39,31075,Shannagurraun,Q,0.493,7,m3/s,connemara_coastal_local
2024,40,31075,Shannagurraun,Q,0.979571,7,m3/s,connemara_coastal_local
2024,41,31075,Shannagurraun,Q,0.052429,7,m3/s,connemara_coastal_local
2024,42,31075,Shannagurraun,Q,0.944286,7,m3/s,connemara_coastal_local
2024,43,31075,Shannagurraun,Q,8.275286,7,m3/s,connemara_coastal_local
2024,44,31075,Shannagurraun,Q,7.346143,7,m3/s,connemara_coastal_local
2024,45,31075,Shannagurraun,Q,0.762,7,m3/s,connemara_coastal_local
2024,46,31075,Shannagurraun,Q,0.588143,7,m3/s,connemara_coastal_local
2024,47,31075,Shannagurraun,Q,10.089857,7,m3/s,connemara_coastal_local
2024,48,31075,Shannagurraun,Q,6.869286,7,m3/s,connemara_coastal_local
2024,49,31075,Shannagurraun,Q,6.531286,7,m3/s,connemara_coastal_local
2024,50,31075,Shannagurraun,Q,1.910286,7,m3/s,connemara_coastal_local
2024,51,31075,Shannagurraun,Q,2.448429,7,m3/s,connemara_coastal_local
2024,52,31075,Shannagurraun,Q,5.587286,7,m3/s,connemara_coastal_local
2025,1,31075,Shannagurraun,Q,5.009571,7,m3/s,connemara_coastal_local
2025,2,31075,Shannagurraun,Q,2.757,7,m3/s,connemara_coastal_local
2025,3,31075,Shannagurraun,Q,3.950429,7,m3/s,connemara_coastal_local
2025,4,31075,Shannagurraun,Q,3.740429,7,m3/s,connemara_coastal_local
2025,5,31075,Shannagurraun,Q,5.304286,7,m3/s,connemara_coastal_local
2025,6,31075,Shannagurraun,Q,5.515714,7,m3/s,connemara_coastal_local
2025,7,31075,Shannagurraun,Q,2.822,7,m3/s,connemara_coastal_local
2025,8,31075,Shannagurraun,Q,6.974286,7,m3/s,connemara_coastal_local
2025,9,31075,Shannagurraun,Q,4.306571,7,m3/s,connemara_coastal_local
2025,10,31075,Shannagurraun,Q,1.614429,7,m3/s,connemara_coastal_local
2025,11,31075,Shannagurraun,Q,0.967286,7,m3/s,connemara_coastal_local
2025,12,31075,Shannagurraun,Q,0.394143,7,m3/s,connemara_coastal_local
2025,13,31075,Shannagurraun,Q,0.336571,7,m3/s,connemara_coastal_local
2025,14,31075,Shannagurraun,Q,0.502,7,m3/s,connemara_coastal_local
2025,15,31075,Shannagurraun,Q,0.318857,7,m3/s,connemara_coastal_local
2025,16,31075,Shannagurraun,Q,1.455286,7,m3/s,connemara_coastal_local
2025,17,31075,Shannagurraun,Q,6.748714,7,m3/s,connemara_coastal_local
2025,18,31075,Shannagurraun,Q,1.559143,7,m3/s,connemara_coastal_local
2025,19,31075,Shannagurraun,Q,0.601857,7,m3/s,connemara_coastal_local
2025,20,31075,Shannagurraun,Q,0.296,7,m3/s,connemara_coastal_local
2025,21,31075,Shannagurraun,Q,0.165286,7,m3/s,connemara_coastal_local
2025,22,31075,Shannagurraun,Q,1.992714,7,m3/s,connemara_coastal_local
2025,23,31075,Shannagurraun,Q,4.751429,7,m3/s,connemara_coastal_local
2025,24,31075,Shannagurraun,Q,3.262857,7,m3/s,connemara_coastal_local
2025,25,31075,Shannagurraun,Q,2.073429,7,m3/s,connemara_coastal_local
2025,26,31075,Shannagurraun,Q,2.889714,7,m3/s,connemara_coastal_local
2025,27,31075,Shannagurraun,Q,4.914429,7,m3/s,connemara_coastal_local
2025,28,31075,Shannagurraun,Q,1.652,7,m3/s,connemara_coastal_local
2025,29,31075,Shannagurraun,Q,5.968857,7,m3/s,connemara_coastal_local
2025,30,31075,Shannagurraun,Q,3.137,7,m3/s,connemara_coastal_local
2025,31,31075,Shannagurraun,Q,0.526857,7,m3/s,connemara_coastal_local
2025,32,31075,Shannagurraun,Q,2.639286,7,m3/s,connemara_coastal_local
2025,33,31075,Shannagurraun,Q,0.875429,7,m3/s,connemara_coastal_local
2025,34,31075,Shannagurraun,Q,0.462,7,m3/s,connemara_coastal_local
2025,35,31075,Shannagurraun,Q,4.706571,7,m3/s,connemara_coastal_local
2025,36,31075,Shannagurraun,Q,8.502143,7,m3/s,connemara_coastal_local
2025,37,31075,Shannagurraun,Q,6.592429,7,m3/s,connemara_coastal_local
2025,38,31075,Shannagurraun,Q,9.364143,7,m3/s,connemara_coastal_local
2025,39,31075,Shannagurraun,Q,1.546714,7,m3/s,connemara_coastal_local
2025,40,31075,Shannagurraun,Q,19.521429,7,m3/s,connemara_coastal_local
2025,41,31075,Shannagurraun,Q,4.459143,7,m3/s,connemara_coastal_local
2025,42,31075,Shannagurraun,Q,1.080429,7,m3/s,connemara_coastal_local
2025,43,31075,Shannagurraun,Q,4.273429,7,m3/s,connemara_coastal_local
2025,44,31075,Shannagurraun,Q,5.214714,7,m3/s,connemara_coastal_local
2025,45,31075,Shannagurraun,Q,11.125571,7,m3/s,connemara_coastal_local
2025,46,31075,Shannagurraun,Q,12.070857,7,m3/s,connemara_coastal_local
2025,47,31075,Shannagurraun,Q,3.298714,7,m3/s,connemara_coastal_local
2025,48,31075,Shannagurraun,Q,7.460714,7,m3/s,connemara_coastal_local
2025,49,31075,Shannagurraun,Q,11.686571,7,m3/s,connemara_coastal_local
2025,50,31075,Shannagurraun,Q,10.394143,7,m3/s,connemara_coastal_local
2025,51,31075,Shannagurraun,Q,9.801429,7,m3/s,connemara_coastal_local
2025,52,31075,Shannagurraun,Q,1.244143,7,m3/s,connemara_coastal_local
2026,1,31075,Shannagurraun,Q,0.860429,7,m3/s,connemara_coastal_local
2026,2,31075,Shannagurraun,Q,0.812429,7,m3/s,connemara_coastal_local
2026,3,31075,Shannagurraun,Q,5.224,7,m3/s,connemara_coastal_local
2026,4,31075,Shannagurraun,Q,4.323714,7,m3/s,connemara_coastal_local
2026,5,31075,Shannagurraun,Q,8.372857,7,m3/s,connemara_coastal_local
2026,6,31075,Shannagurraun,Q,1.605,4,m3/s,connemara_coastal_local
