year,month,date,nao,ea,amo,nao_lag1m,nao_lag2m,nao_lag3m,nao_roll3m,ea_lag1m,ea_lag2m,ea_lag3m,ea_roll3m,amo_lag1m,amo_lag2m,amo_lag3m,amo_roll3m
1854,1,1854-01-01,,,0.28,,,,,,,,,,,,0.28
1854,2,1854-02-01,,,0.34,,,,,,,,,0.28,,,0.31000000000000005
1854,3,1854-03-01,,,0.34,,,,,,,,,0.34,0.28,,0.32
1854,4,1854-04-01,,,0.16,,,,,,,,,0.34,0.34,0.28,0.28
1854,5,1854-05-01,,,0.02,,,,,,,,,0.16,0.34,0.34,0.17333333333333334
1854,6,1854-06-01,,,-0.18,,,,,,,,,0.02,0.16,0.34,0.0
1854,7,1854-07-01,,,-0.07,,,,,,,,,-0.18,0.02,0.16,-0.07666666666666667
1854,8,1854-08-01,,,-0.2,,,,,,,,,-0.07,-0.18,0.02,-0.15
1854,9,1854-09-01,,,-0.04,,,,,,,,,-0.2,-0.07,-0.18,-0.10333333333333333
1854,10,1854-10-01,,,0.09,,,,,,,,,-0.04,-0.2,-0.07,-0.05000000000000001
1854,11,1854-11-01,,,0.2,,,,,,,,,0.09,-0.04,-0.2,0.08333333333333333
1854,12,1854-12-01,,,0.41,,,,,,,,,0.2,0.09,-0.04,0.2333333333333333
1855,1,1855-01-01,,,0.29,,,,,,,,,0.41,0.2,0.09,0.3
1855,2,1855-02-01,,,0.26,,,,,,,,,0.29,0.41,0.2,0.32
1855,3,1855-03-01,,,0.13,,,,,,,,,0.26,0.29,0.41,0.22666666666666666
1855,4,1855-04-01,,,0.01,,,,,,,,,0.13,0.26,0.29,0.13333333333333333
1855,5,1855-05-01,,,-0.1,,,,,,,,,0.01,0.13,0.26,0.01333333333333333
1855,6,1855-06-01,,,-0.06,,,,,,,,,-0.1,0.01,0.13,-0.05000000000000001
1855,7,1855-07-01,,,-0.07,,,,,,,,,-0.06,-0.1,0.01,-0.07666666666666667
1855,8,1855-08-01,,,-0.14,,,,,,,,,-0.07,-0.06,-0.1,-0.09000000000000001
1855,9,1855-09-01,,,-0.18,,,,,,,,,-0.14,-0.07,-0.06,-0.13
1855,10,1855-10-01,,,0.19,,,,,,,,,-0.18,-0.14,-0.07,-0.043333333333333335
1855,11,1855-11-01,,,0.31,,,,,,,,,0.19,-0.18,-0.14,0.10666666666666667
1855,12,1855-12-01,,,0.14,,,,,,,,,0.31,0.19,-0.18,0.21333333333333335
1856,1,1856-01-01,,,-0.1,,,,,,,,,0.14,0.31,0.19,0.11666666666666665
1856,2,1856-02-01,,,-0.21,,,,,,,,,-0.1,0.14,0.31,-0.056666666666666664
1856,3,1856-03-01,,,-0.12,,,,,,,,,-0.21,-0.1,0.14,-0.14333333333333334
1856,4,1856-04-01,,,-0.17,,,,,,,,,-0.12,-0.21,-0.1,-0.16666666666666666
1856,5,1856-05-01,,,-0.22,,,,,,,,,-0.17,-0.12,-0.21,-0.17
1856,6,1856-06-01,,,-0.18,,,,,,,,,-0.22,-0.17,-0.12,-0.19000000000000003
1856,7,1856-07-01,,,-0.34,,,,,,,,,-0.18,-0.22,-0.17,-0.24666666666666667
1856,8,1856-08-01,,,-0.16,,,,,,,,,-0.34,-0.18,-0.22,-0.22666666666666668
1856,9,1856-09-01,,,0.04,,,,,,,,,-0.16,-0.34,-0.18,-0.15333333333333332
1856,10,1856-10-01,,,-0.04,,,,,,,,,0.04,-0.16,-0.34,-0.05333333333333334
1856,11,1856-11-01,,,0.01,,,,,,,,,-0.04,0.04,-0.16,0.0033333333333333335
1856,12,1856-12-01,,,-0.11,,,,,,,,,0.01,-0.04,0.04,-0.04666666666666667
1857,1,1857-01-01,,,-0.1,,,,,,,,,-0.11,0.01,-0.04,-0.06666666666666667
1857,2,1857-02-01,,,-0.03,,,,,,,,,-0.1,-0.11,0.01,-0.08
1857,3,1857-03-01,,,-0.15,,,,,,,,,-0.03,-0.1,-0.11,-0.09333333333333334
1857,4,1857-04-01,,,-0.22,,,,,,,,,-0.15,-0.03,-0.1,-0.13333333333333333
1857,5,1857-05-01,,,-0.33,,,,,,,,,-0.22,-0.15,-0.03,-0.2333333333333333
1857,6,1857-06-01,,,-0.22,,,,,,,,,-0.33,-0.22,-0.15,-0.25666666666666665
1857,7,1857-07-01,,,-0.29,,,,,,,,,-0.22,-0.33,-0.22,-0.27999999999999997
1857,8,1857-08-01,,,-0.17,,,,,,,,,-0.29,-0.22,-0.33,-0.22666666666666666
1857,9,1857-09-01,,,-0.13,,,,,,,,,-0.17,-0.29,-0.22,-0.19666666666666666
1857,10,1857-10-01,,,-0.27,,,,,,,,,-0.13,-0.17,-0.29,-0.18999999999999997
1857,11,1857-11-01,,,-0.32,,,,,,,,,-0.27,-0.13,-0.17,-0.24
1857,12,1857-12-01,,,-0.07,,,,,,,,,-0.32,-0.27,-0.13,-0.21999999999999997
1858,1,1858-01-01,,,-0.13,,,,,,,,,-0.07,-0.32,-0.27,-0.1733333333333333
1858,2,1858-02-01,,,-0.27,,,,,,,,,-0.13,-0.07,-0.32,-0.15666666666666665
1858,3,1858-03-01,,,-0.4,,,,,,,,,-0.27,-0.13,-0.07,-0.26666666666666666
1858,4,1858-04-01,,,-0.17,,,,,,,,,-0.4,-0.27,-0.13,-0.27999999999999997
1858,5,1858-05-01,,,-0.25,,,,,,,,,-0.17,-0.4,-0.27,-0.2733333333333333
1858,6,1858-06-01,,,-0.28,,,,,,,,,-0.25,-0.17,-0.4,-0.2333333333333333
1858,7,1858-07-01,,,-0.39,,,,,,,,,-0.28,-0.25,-0.17,-0.30666666666666664
1858,8,1858-08-01,,,-0.42,,,,,,,,,-0.39,-0.28,-0.25,-0.3633333333333333
1858,9,1858-09-01,,,-0.27,,,,,,,,,-0.42,-0.39,-0.28,-0.35999999999999993
1858,10,1858-10-01,,,-0.11,,,,,,,,,-0.27,-0.42,-0.39,-0.26666666666666666
1858,11,1858-11-01,,,0.04,,,,,,,,,-0.11,-0.27,-0.42,-0.1133333333333333
1858,12,1858-12-01,,,-0.13,,,,,,,,,0.04,-0.11,-0.27,-0.06666666666666664
1859,1,1859-01-01,,,-0.29,,,,,,,,,-0.13,0.04,-0.11,-0.12666666666666662
1859,2,1859-02-01,,,-0.22,,,,,,,,,-0.29,-0.13,0.04,-0.2133333333333333
1859,3,1859-03-01,,,0.08,,,,,,,,,-0.22,-0.29,-0.13,-0.14333333333333328
1859,4,1859-04-01,,,0.13,,,,,,,,,0.08,-0.22,-0.29,-0.003333333333333318
1859,5,1859-05-01,,,0.08,,,,,,,,,0.13,0.08,-0.22,0.09666666666666668
1859,6,1859-06-01,,,-0.12,,,,,,,,,0.08,0.13,0.08,0.030000000000000013
1859,7,1859-07-01,,,-0.2,,,,,,,,,-0.12,0.08,0.13,-0.08
1859,8,1859-08-01,,,-0.08,,,,,,,,,-0.2,-0.12,0.08,-0.13333333333333333
1859,9,1859-09-01,,,0.17,,,,,,,,,-0.08,-0.2,-0.12,-0.03666666666666666
1859,10,1859-10-01,,,0.13,,,,,,,,,0.17,-0.08,-0.2,0.07333333333333335
1859,11,1859-11-01,,,-0.09,,,,,,,,,0.13,0.17,-0.08,0.07000000000000002
1859,12,1859-12-01,,,-0.02,,,,,,,,,-0.09,0.13,0.17,0.006666666666666669
1860,1,1860-01-01,,,-0.04,,,,,,,,,-0.02,-0.09,0.13,-0.049999999999999996
1860,2,1860-02-01,,,-0.08,,,,,,,,,-0.04,-0.02,-0.09,-0.04666666666666667
1860,3,1860-03-01,,,0.02,,,,,,,,,-0.08,-0.04,-0.02,-0.03333333333333333
1860,4,1860-04-01,,,-0.02,,,,,,,,,0.02,-0.08,-0.04,-0.026666666666666672
1860,5,1860-05-01,,,0.1,,,,,,,,,-0.02,0.02,-0.08,0.03333333333333333
1860,6,1860-06-01,,,-0.17,,,,,,,,,0.1,-0.02,0.02,-0.03000000000000001
1860,7,1860-07-01,,,-0.23,,,,,,,,,-0.17,0.1,-0.02,-0.10000000000000002
1860,8,1860-08-01,,,-0.35,,,,,,,,,-0.23,-0.17,0.1,-0.25
1860,9,1860-09-01,,,-0.32,,,,,,,,,-0.35,-0.23,-0.17,-0.30000000000000004
1860,10,1860-10-01,,,0.08,,,,,,,,,-0.32,-0.35,-0.23,-0.19666666666666666
1860,11,1860-11-01,,,0.31,,,,,,,,,0.08,-0.32,-0.35,0.023333333333333334
1860,12,1860-12-01,,,0.34,,,,,,,,,0.31,0.08,-0.32,0.24333333333333332
1861,1,1861-01-01,,,-0.01,,,,,,,,,0.34,0.31,0.08,0.21333333333333337
1861,2,1861-02-01,,,-0.34,,,,,,,,,-0.01,0.34,0.31,-0.003333333333333336
1861,3,1861-03-01,,,-0.24,,,,,,,,,-0.34,-0.01,0.34,-0.19666666666666668
1861,4,1861-04-01,,,-0.04,,,,,,,,,-0.24,-0.34,-0.01,-0.20666666666666667
1861,5,1861-05-01,,,-0.14,,,,,,,,,-0.04,-0.24,-0.34,-0.14
1861,6,1861-06-01,,,-0.23,,,,,,,,,-0.14,-0.04,-0.24,-0.1366666666666667
1861,7,1861-07-01,,,0.03,,,,,,,,,-0.23,-0.14,-0.04,-0.11333333333333336
1861,8,1861-08-01,,,0.38,,,,,,,,,0.03,-0.23,-0.14,0.05999999999999999
1861,9,1861-09-01,,,0.27,,,,,,,,,0.38,0.03,-0.23,0.22666666666666666
1861,10,1861-10-01,,,0.11,,,,,,,,,0.27,0.38,0.03,0.25333333333333335
1861,11,1861-11-01,,,0.11,,,,,,,,,0.11,0.27,0.38,0.16333333333333333
1861,12,1861-12-01,,,-0.02,,,,,,,,,0.11,0.11,0.27,0.06666666666666665
1862,1,1862-01-01,,,-0.25,,,,,,,,,-0.02,0.11,0.11,-0.053333333333333344
1862,2,1862-02-01,,,-0.13,,,,,,,,,-0.25,-0.02,0.11,-0.13333333333333333
1862,3,1862-03-01,,,-0.16,,,,,,,,,-0.13,-0.25,-0.02,-0.18000000000000002
1862,4,1862-04-01,,,-0.45,,,,,,,,,-0.16,-0.13,-0.25,-0.2466666666666667
1862,5,1862-05-01,,,-0.5,,,,,,,,,-0.45,-0.16,-0.13,-0.37000000000000005
1862,6,1862-06-01,,,-0.51,,,,,,,,,-0.5,-0.45,-0.16,-0.48666666666666664
1862,7,1862-07-01,,,-0.76,,,,,,,,,-0.51,-0.5,-0.45,-0.59
1862,8,1862-08-01,,,-0.61,,,,,,,,,-0.76,-0.51,-0.5,-0.6266666666666667
1862,9,1862-09-01,,,-0.49,,,,,,,,,-0.61,-0.76,-0.51,-0.62
1862,10,1862-10-01,,,-0.56,,,,,,,,,-0.49,-0.61,-0.76,-0.5533333333333333
1862,11,1862-11-01,,,-0.09,,,,,,,,,-0.56,-0.49,-0.61,-0.3800000000000001
1862,12,1862-12-01,,,-0.17,,,,,,,,,-0.09,-0.56,-0.49,-0.2733333333333334
1863,1,1863-01-01,,,-0.37,,,,,,,,,-0.17,-0.09,-0.56,-0.21000000000000005
1863,2,1863-02-01,,,-0.34,,,,,,,,,-0.37,-0.17,-0.09,-0.2933333333333334
1863,3,1863-03-01,,,-0.18,,,,,,,,,-0.34,-0.37,-0.17,-0.2966666666666667
1863,4,1863-04-01,,,-0.25,,,,,,,,,-0.18,-0.34,-0.37,-0.2566666666666667
1863,5,1863-05-01,,,-0.07,,,,,,,,,-0.25,-0.18,-0.34,-0.1666666666666667
1863,6,1863-06-01,,,-0.19,,,,,,,,,-0.07,-0.25,-0.18,-0.17000000000000004
1863,7,1863-07-01,,,-0.37,,,,,,,,,-0.19,-0.07,-0.25,-0.21000000000000005
1863,8,1863-08-01,,,-0.22,,,,,,,,,-0.37,-0.19,-0.07,-0.26
1863,9,1863-09-01,,,-0.2,,,,,,,,,-0.22,-0.37,-0.19,-0.26333333333333336
1863,10,1863-10-01,,,-0.28,,,,,,,,,-0.2,-0.22,-0.37,-0.2333333333333334
1863,11,1863-11-01,,,-0.08,,,,,,,,,-0.28,-0.2,-0.22,-0.18666666666666673
1863,12,1863-12-01,,,-0.25,,,,,,,,,-0.08,-0.28,-0.2,-0.20333333333333337
1864,1,1864-01-01,,,-0.39,,,,,,,,,-0.25,-0.08,-0.28,-0.24000000000000007
1864,2,1864-02-01,,,-0.41,,,,,,,,,-0.39,-0.25,-0.08,-0.3500000000000001
1864,3,1864-03-01,,,-0.47,,,,,,,,,-0.41,-0.39,-0.25,-0.42333333333333334
1864,4,1864-04-01,,,-0.18,,,,,,,,,-0.47,-0.41,-0.39,-0.35333333333333333
1864,5,1864-05-01,,,-0.07,,,,,,,,,-0.18,-0.47,-0.41,-0.24000000000000002
1864,6,1864-06-01,,,0.0,,,,,,,,,-0.07,-0.18,-0.47,-0.08333333333333337
1864,7,1864-07-01,,,0.09,,,,,,,,,0.0,-0.07,-0.18,0.006666666666666626
1864,8,1864-08-01,,,0.17,,,,,,,,,0.09,0.0,-0.07,0.08666666666666663
1864,9,1864-09-01,,,-0.0,,,,,,,,,0.17,0.09,0.0,0.08666666666666663
1864,10,1864-10-01,,,-0.06,,,,,,,,,-0.0,0.17,0.09,0.03666666666666663
1864,11,1864-11-01,,,0.3,,,,,,,,,-0.06,-0.0,0.17,0.07999999999999996
1864,12,1864-12-01,,,0.54,,,,,,,,,0.3,-0.06,-0.0,0.25999999999999995
1865,1,1865-01-01,,,0.03,,,,,,,,,0.54,0.3,-0.06,0.29
1865,2,1865-02-01,,,-0.2,,,,,,,,,0.03,0.54,0.3,0.1233333333333333
1865,3,1865-03-01,,,-0.19,,,,,,,,,-0.2,0.03,0.54,-0.12000000000000004
1865,4,1865-04-01,,,-0.23,,,,,,,,,-0.19,-0.2,0.03,-0.2066666666666667
1865,5,1865-05-01,,,-0.26,,,,,,,,,-0.23,-0.19,-0.2,-0.2266666666666667
1865,6,1865-06-01,,,0.07,,,,,,,,,-0.26,-0.23,-0.19,-0.14000000000000004
1865,7,1865-07-01,,,0.25,,,,,,,,,0.07,-0.26,-0.23,0.019999999999999962
1865,8,1865-08-01,,,0.14,,,,,,,,,0.25,0.07,-0.26,0.1533333333333333
1865,9,1865-09-01,,,0.11,,,,,,,,,0.14,0.25,0.07,0.16666666666666663
1865,10,1865-10-01,,,0.4,,,,,,,,,0.11,0.14,0.25,0.21666666666666665
1865,11,1865-11-01,,,0.09,,,,,,,,,0.4,0.11,0.14,0.19999999999999996
1865,12,1865-12-01,,,0.16,,,,,,,,,0.09,0.4,0.11,0.21666666666666665
1866,1,1866-01-01,,,0.11,,,,,,,,,0.16,0.09,0.4,0.11999999999999995
1866,2,1866-02-01,,,0.07,,,,,,,,,0.11,0.16,0.09,0.1133333333333333
1866,3,1866-03-01,,,-0.09,,,,,,,,,0.07,0.11,0.16,0.029999999999999968
1866,4,1866-04-01,,,-0.19,,,,,,,,,-0.09,0.07,0.11,-0.07000000000000003
1866,5,1866-05-01,,,-0.06,,,,,,,,,-0.19,-0.09,0.07,-0.11333333333333338
1866,6,1866-06-01,,,0.3,,,,,,,,,-0.06,-0.19,-0.09,0.016666666666666625
1866,7,1866-07-01,,,0.13,,,,,,,,,0.3,-0.06,-0.19,0.1233333333333333
1866,8,1866-08-01,,,-0.17,,,,,,,,,0.13,0.3,-0.06,0.08666666666666663
1866,9,1866-09-01,,,-0.08,,,,,,,,,-0.17,0.13,0.3,-0.04000000000000004
1866,10,1866-10-01,,,0.04,,,,,,,,,-0.08,-0.17,0.13,-0.07000000000000003
1866,11,1866-11-01,,,0.26,,,,,,,,,0.04,-0.08,-0.17,0.0733333333333333
1866,12,1866-12-01,,,0.39,,,,,,,,,0.26,0.04,-0.08,0.22999999999999998
1867,1,1867-01-01,,,0.25,,,,,,,,,0.39,0.26,0.04,0.3
1867,2,1867-02-01,,,0.12,,,,,,,,,0.25,0.39,0.26,0.2533333333333333
1867,3,1867-03-01,,,0.01,,,,,,,,,0.12,0.25,0.39,0.12666666666666662
1867,4,1867-04-01,,,-0.21,,,,,,,,,0.01,0.12,0.25,-0.0266666666666667
1867,5,1867-05-01,,,-0.1,,,,,,,,,-0.21,0.01,0.12,-0.10000000000000003
1867,6,1867-06-01,,,-0.18,,,,,,,,,-0.1,-0.21,0.01,-0.16333333333333336
1867,7,1867-07-01,,,-0.13,,,,,,,,,-0.18,-0.1,-0.21,-0.13666666666666671
1867,8,1867-08-01,,,0.07,,,,,,,,,-0.13,-0.18,-0.1,-0.08000000000000003
1867,9,1867-09-01,,,0.05,,,,,,,,,0.07,-0.13,-0.18,-0.0033333333333333687
1867,10,1867-10-01,,,-0.07,,,,,,,,,0.05,0.07,-0.13,0.016666666666666632
1867,11,1867-11-01,,,0.02,,,,,,,,,-0.07,0.05,0.07,-3.8163916471489756e-17
1867,12,1867-12-01,,,-0.12,,,,,,,,,0.02,-0.07,0.05,-0.0566666666666667
1868,1,1868-01-01,,,-0.09,,,,,,,,,-0.12,0.02,-0.07,-0.06333333333333337
1868,2,1868-02-01,,,0.07,,,,,,,,,-0.09,-0.12,0.02,-0.04666666666666669
1868,3,1868-03-01,,,0.23,,,,,,,,,0.07,-0.09,-0.12,0.06999999999999997
1868,4,1868-04-01,,,0.07,,,,,,,,,0.23,0.07,-0.09,0.12333333333333331
1868,5,1868-05-01,,,0.29,,,,,,,,,0.07,0.23,0.07,0.19666666666666663
1868,6,1868-06-01,,,0.32,,,,,,,,,0.29,0.07,0.23,0.22666666666666666
1868,7,1868-07-01,,,0.12,,,,,,,,,0.32,0.29,0.07,0.24333333333333326
1868,8,1868-08-01,,,-0.11,,,,,,,,,0.12,0.32,0.29,0.10999999999999997
1868,9,1868-09-01,,,-0.33,,,,,,,,,-0.11,0.12,0.32,-0.1066666666666667
1868,10,1868-10-01,,,-0.22,,,,,,,,,-0.33,-0.11,0.12,-0.22000000000000006
1868,11,1868-11-01,,,-0.03,,,,,,,,,-0.22,-0.33,-0.11,-0.19333333333333336
1868,12,1868-12-01,,,-0.24,,,,,,,,,-0.03,-0.22,-0.33,-0.16333333333333336
1869,1,1869-01-01,,,-0.18,,,,,,,,,-0.24,-0.03,-0.22,-0.15000000000000005
1869,2,1869-02-01,,,-0.01,,,,,,,,,-0.18,-0.24,-0.03,-0.14333333333333337
1869,3,1869-03-01,,,0.16,,,,,,,,,-0.01,-0.18,-0.24,-0.010000000000000037
1869,4,1869-04-01,,,-0.08,,,,,,,,,0.16,-0.01,-0.18,0.023333333333333293
1869,5,1869-05-01,,,0.01,,,,,,,,,-0.08,0.16,-0.01,0.029999999999999957
1869,6,1869-06-01,,,0.02,,,,,,,,,0.01,-0.08,0.16,-0.016666666666666708
1869,7,1869-07-01,,,-0.02,,,,,,,,,0.02,0.01,-0.08,0.003333333333333291
1869,8,1869-08-01,,,-0.25,,,,,,,,,-0.02,0.02,0.01,-0.08333333333333337
1869,9,1869-09-01,,,-0.16,,,,,,,,,-0.25,-0.02,0.02,-0.1433333333333334
1869,10,1869-10-01,,,-0.15,,,,,,,,,-0.16,-0.25,-0.02,-0.18666666666666673
1869,11,1869-11-01,,,-0.03,,,,,,,,,-0.15,-0.16,-0.25,-0.11333333333333338
1869,12,1869-12-01,,,-0.01,,,,,,,,,-0.03,-0.15,-0.16,-0.06333333333333338
1870,1,1870-01-01,,,0.11,,,,,,,,,-0.01,-0.03,-0.15,0.02333333333333329
1870,2,1870-02-01,,,0.16,,,,,,,,,0.11,-0.01,-0.03,0.08666666666666663
1870,3,1870-03-01,,,0.03,,,,,,,,,0.16,0.11,-0.01,0.09999999999999996
1870,4,1870-04-01,,,-0.05,,,,,,,,,0.03,0.16,0.11,0.04666666666666661
1870,5,1870-05-01,,,0.05,,,,,,,,,-0.05,0.03,0.16,0.009999999999999953
1870,6,1870-06-01,,,-0.24,,,,,,,,,0.05,-0.05,0.03,-0.08000000000000004
1870,7,1870-07-01,,,0.1,,,,,,,,,-0.24,0.05,-0.05,-0.030000000000000037
1870,8,1870-08-01,,,-0.29,,,,,,,,,0.1,-0.24,0.05,-0.14333333333333337
1870,9,1870-09-01,,,-0.22,,,,,,,,,-0.29,0.1,-0.24,-0.13666666666666671
1870,10,1870-10-01,,,-0.05,,,,,,,,,-0.22,-0.29,0.1,-0.18666666666666668
1870,11,1870-11-01,,,0.04,,,,,,,,,-0.05,-0.22,-0.29,-0.07666666666666673
1870,12,1870-12-01,,,-0.01,,,,,,,,,0.04,-0.05,-0.22,-0.0066666666666667235
1871,1,1871-01-01,,,-0.34,,,,,,,,,-0.01,0.04,-0.05,-0.10333333333333339
1871,2,1871-02-01,,,-0.3,,,,,,,,,-0.34,-0.01,0.04,-0.2166666666666667
1871,3,1871-03-01,,,-0.1,,,,,,,,,-0.3,-0.34,-0.01,-0.24666666666666673
1871,4,1871-04-01,,,0.06,,,,,,,,,-0.1,-0.3,-0.34,-0.1133333333333334
1871,5,1871-05-01,,,0.16,,,,,,,,,0.06,-0.1,-0.3,0.039999999999999925
1871,6,1871-06-01,,,0.18,,,,,,,,,0.16,0.06,-0.1,0.13333333333333328
1871,7,1871-07-01,,,0.13,,,,,,,,,0.18,0.16,0.06,0.1566666666666666
1871,8,1871-08-01,,,-0.17,,,,,,,,,0.13,0.18,0.16,0.04666666666666658
1871,9,1871-09-01,,,-0.31,,,,,,,,,-0.17,0.13,0.18,-0.11666666666666674
1871,10,1871-10-01,,,-0.39,,,,,,,,,-0.31,-0.17,0.13,-0.2900000000000001
1871,11,1871-11-01,,,0.03,,,,,,,,,-0.39,-0.31,-0.17,-0.2233333333333334
1871,12,1871-12-01,,,-0.01,,,,,,,,,0.03,-0.39,-0.31,-0.12333333333333342
1872,1,1872-01-01,,,-0.19,,,,,,,,,-0.01,0.03,-0.39,-0.05666666666666676
1872,2,1872-02-01,,,-0.35,,,,,,,,,-0.19,-0.01,0.03,-0.18333333333333343
1872,3,1872-03-01,,,-0.43,,,,,,,,,-0.35,-0.19,-0.01,-0.3233333333333334
1872,4,1872-04-01,,,-0.35,,,,,,,,,-0.43,-0.35,-0.19,-0.37666666666666676
1872,5,1872-05-01,,,-0.14,,,,,,,,,-0.35,-0.43,-0.35,-0.3066666666666667
1872,6,1872-06-01,,,-0.11,,,,,,,,,-0.14,-0.35,-0.43,-0.2000000000000001
1872,7,1872-07-01,,,-0.12,,,,,,,,,-0.11,-0.14,-0.35,-0.12333333333333342
1872,8,1872-08-01,,,0.15,,,,,,,,,-0.12,-0.11,-0.14,-0.026666666666666766
1872,9,1872-09-01,,,-0.06,,,,,,,,,0.15,-0.12,-0.11,-0.010000000000000097
1872,10,1872-10-01,,,-0.12,,,,,,,,,-0.06,0.15,-0.12,-0.010000000000000097
1872,11,1872-11-01,,,-0.29,,,,,,,,,-0.12,-0.06,0.15,-0.15666666666666676
1872,12,1872-12-01,,,-0.24,,,,,,,,,-0.29,-0.12,-0.06,-0.21666666666666676
1873,1,1873-01-01,,,0.0,,,,,,,,,-0.24,-0.29,-0.12,-0.17666666666666675
1873,2,1873-02-01,,,-0.23,,,,,,,,,0.0,-0.24,-0.29,-0.15666666666666676
1873,3,1873-03-01,,,-0.34,,,,,,,,,-0.23,0.0,-0.24,-0.19000000000000014
1873,4,1873-04-01,,,-0.37,,,,,,,,,-0.34,-0.23,0.0,-0.31333333333333346
1873,5,1873-05-01,,,-0.24,,,,,,,,,-0.37,-0.34,-0.23,-0.3166666666666668
1873,6,1873-06-01,,,-0.27,,,,,,,,,-0.24,-0.37,-0.34,-0.29333333333333345
1873,7,1873-07-01,,,-0.34,,,,,,,,,-0.27,-0.24,-0.37,-0.28333333333333344
1873,8,1873-08-01,,,-0.05,,,,,,,,,-0.34,-0.27,-0.24,-0.2200000000000001
1873,9,1873-09-01,,,-0.04,,,,,,,,,-0.05,-0.34,-0.27,-0.14333333333333345
1873,10,1873-10-01,,,0.16,,,,,,,,,-0.04,-0.05,-0.34,0.023333333333333223
1873,11,1873-11-01,,,-0.03,,,,,,,,,0.16,-0.04,-0.05,0.02999999999999989
1873,12,1873-12-01,,,0.14,,,,,,,,,-0.03,0.16,-0.04,0.0899999999999999
1874,1,1874-01-01,,,0.12,,,,,,,,,0.14,-0.03,0.16,0.07666666666666656
1874,2,1874-02-01,,,0.01,,,,,,,,,0.12,0.14,-0.03,0.0899999999999999
1874,3,1874-03-01,,,-0.03,,,,,,,,,0.01,0.12,0.14,0.03333333333333322
1874,4,1874-04-01,,,-0.07,,,,,,,,,-0.03,0.01,0.12,-0.03000000000000011
1874,5,1874-05-01,,,-0.14,,,,,,,,,-0.07,-0.03,0.01,-0.08000000000000011
1874,6,1874-06-01,,,-0.13,,,,,,,,,-0.14,-0.07,-0.03,-0.11333333333333344
1874,7,1874-07-01,,,0.05,,,,,,,,,-0.13,-0.14,-0.07,-0.07333333333333343
1874,8,1874-08-01,,,0.02,,,,,,,,,0.05,-0.13,-0.14,-0.0200000000000001
1874,9,1874-09-01,,,0.01,,,,,,,,,0.02,0.05,-0.13,0.026666666666666564
1874,10,1874-10-01,,,-0.08,,,,,,,,,0.01,0.02,0.05,-0.01666666666666677
1874,11,1874-11-01,,,-0.24,,,,,,,,,-0.08,0.01,0.02,-0.10333333333333343
1874,12,1874-12-01,,,-0.39,,,,,,,,,-0.24,-0.08,0.01,-0.23666666666666678
1875,1,1875-01-01,,,-0.21,,,,,,,,,-0.39,-0.24,-0.08,-0.2800000000000001
1875,2,1875-02-01,,,-0.03,,,,,,,,,-0.21,-0.39,-0.24,-0.2100000000000001
1875,3,1875-03-01,,,-0.12,,,,,,,,,-0.03,-0.21,-0.39,-0.12000000000000009
1875,4,1875-04-01,,,-0.14,,,,,,,,,-0.12,-0.03,-0.21,-0.09666666666666675
1875,5,1875-05-01,,,-0.08,,,,,,,,,-0.14,-0.12,-0.03,-0.11333333333333341
1875,6,1875-06-01,,,-0.07,,,,,,,,,-0.08,-0.14,-0.12,-0.09666666666666678
1875,7,1875-07-01,,,-0.12,,,,,,,,,-0.07,-0.08,-0.14,-0.0900000000000001
1875,8,1875-08-01,,,-0.16,,,,,,,,,-0.12,-0.07,-0.08,-0.11666666666666675
1875,9,1875-09-01,,,0.04,,,,,,,,,-0.16,-0.12,-0.07,-0.08000000000000008
1875,10,1875-10-01,,,0.35,,,,,,,,,0.04,-0.16,-0.12,0.07666666666666656
1875,11,1875-11-01,,,0.08,,,,,,,,,0.35,0.04,-0.16,0.15666666666666657
1875,12,1875-12-01,,,0.04,,,,,,,,,0.08,0.35,0.04,0.15666666666666657
1876,1,1876-01-01,,,-0.08,,,,,,,,,0.04,0.08,0.35,0.013333333333333244
1876,2,1876-02-01,,,-0.18,,,,,,,,,-0.08,0.04,0.08,-0.07333333333333342
1876,3,1876-03-01,,,-0.35,,,,,,,,,-0.18,-0.08,0.04,-0.2033333333333334
1876,4,1876-04-01,,,-0.53,,,,,,,,,-0.35,-0.18,-0.08,-0.35333333333333344
1876,5,1876-05-01,,,-0.38,,,,,,,,,-0.53,-0.35,-0.18,-0.4200000000000001
1876,6,1876-06-01,,,-0.19,,,,,,,,,-0.38,-0.53,-0.35,-0.36666666666666675
1876,7,1876-07-01,,,-0.1,,,,,,,,,-0.19,-0.38,-0.53,-0.2233333333333334
1876,8,1876-08-01,,,0.1,,,,,,,,,-0.1,-0.19,-0.38,-0.06333333333333341
1876,9,1876-09-01,,,0.28,,,,,,,,,0.1,-0.1,-0.19,0.09333333333333327
1876,10,1876-10-01,,,0.55,,,,,,,,,0.28,0.1,-0.1,0.30999999999999994
1876,11,1876-11-01,,,0.2,,,,,,,,,0.55,0.28,0.1,0.34333333333333327
1876,12,1876-12-01,,,0.13,,,,,,,,,0.2,0.55,0.28,0.2933333333333333
1877,1,1877-01-01,,,0.03,,,,,,,,,0.13,0.2,0.55,0.11999999999999993
1877,2,1877-02-01,,,0.22,,,,,,,,,0.03,0.13,0.2,0.1266666666666666
1877,3,1877-03-01,,,0.31,,,,,,,,,0.22,0.03,0.13,0.18666666666666662
1877,4,1877-04-01,,,0.26,,,,,,,,,0.31,0.22,0.03,0.26333333333333325
1877,5,1877-05-01,,,0.34,,,,,,,,,0.26,0.31,0.22,0.3033333333333333
1877,6,1877-06-01,,,0.42,,,,,,,,,0.34,0.26,0.31,0.3399999999999999
1877,7,1877-07-01,,,0.39,,,,,,,,,0.42,0.34,0.26,0.3833333333333333
1877,8,1877-08-01,,,0.23,,,,,,,,,0.39,0.42,0.34,0.3466666666666666
1877,9,1877-09-01,,,0.37,,,,,,,,,0.23,0.39,0.42,0.32999999999999996
1877,10,1877-10-01,,,0.73,,,,,,,,,0.37,0.23,0.39,0.4433333333333333
1877,11,1877-11-01,,,0.67,,,,,,,,,0.73,0.37,0.23,0.59
1877,12,1877-12-01,,,0.62,,,,,,,,,0.67,0.73,0.37,0.6733333333333332
1878,1,1878-01-01,,,0.45,,,,,,,,,0.62,0.67,0.73,0.58
1878,2,1878-02-01,,,0.36,,,,,,,,,0.45,0.62,0.67,0.4766666666666666
1878,3,1878-03-01,,,0.74,,,,,,,,,0.36,0.45,0.62,0.5166666666666666
1878,4,1878-04-01,,,0.69,,,,,,,,,0.74,0.36,0.45,0.5966666666666666
1878,5,1878-05-01,,,0.62,,,,,,,,,0.69,0.74,0.36,0.6833333333333332
1878,6,1878-06-01,,,0.47,,,,,,,,,0.62,0.69,0.74,0.5933333333333333
1878,7,1878-07-01,,,0.38,,,,,,,,,0.47,0.62,0.69,0.48999999999999994
1878,8,1878-08-01,,,0.64,,,,,,,,,0.38,0.47,0.62,0.4966666666666666
1878,9,1878-09-01,,,0.34,,,,,,,,,0.64,0.38,0.47,0.4533333333333333
1878,10,1878-10-01,,,-0.04,,,,,,,,,0.34,0.64,0.38,0.3133333333333333
1878,11,1878-11-01,,,0.04,,,,,,,,,-0.04,0.34,0.64,0.11333333333333327
1878,12,1878-12-01,,,0.43,,,,,,,,,0.04,-0.04,0.34,0.14333333333333326
1879,1,1879-01-01,,,0.13,,,,,,,,,0.43,0.04,-0.04,0.19999999999999993
1879,2,1879-02-01,,,0.2,,,,,,,,,0.13,0.43,0.04,0.25333333333333324
1879,3,1879-03-01,,,-0.06,,,,,,,,,0.2,0.13,0.43,0.08999999999999993
1879,4,1879-04-01,,,0.09,,,,,,,,,-0.06,0.2,0.13,0.07666666666666659
1879,5,1879-05-01,,,0.21,,,,,,,,,0.09,-0.06,0.2,0.07999999999999992
1879,6,1879-06-01,,,0.09,,,,,,,,,0.21,0.09,-0.06,0.12999999999999992
1879,7,1879-07-01,,,-0.08,,,,,,,,,0.09,0.21,0.09,0.07333333333333326
1879,8,1879-08-01,,,-0.21,,,,,,,,,-0.08,0.09,0.21,-0.06666666666666675
1879,9,1879-09-01,,,0.07,,,,,,,,,-0.21,-0.08,0.09,-0.07333333333333342
1879,10,1879-10-01,,,0.36,,,,,,,,,0.07,-0.21,-0.08,0.07333333333333325
1879,11,1879-11-01,,,0.19,,,,,,,,,0.36,0.07,-0.21,0.20666666666666658
1879,12,1879-12-01,,,0.1,,,,,,,,,0.19,0.36,0.07,0.2166666666666666
1880,1,1880-01-01,,,0.15,,,,,,,,,0.1,0.19,0.36,0.14666666666666658
1880,2,1880-02-01,,,0.17,,,,,,,,,0.15,0.1,0.19,0.13999999999999993
1880,3,1880-03-01,,,0.18,,,,,,,,,0.17,0.15,0.1,0.1666666666666666
1880,4,1880-04-01,,,0.11,,,,,,,,,0.18,0.17,0.15,0.15333333333333327
1880,5,1880-05-01,,,-0.13,,,,,,,,,0.11,0.18,0.17,0.05333333333333327
1880,6,1880-06-01,,,-0.19,,,,,,,,,-0.13,0.11,0.18,-0.07000000000000008
1880,7,1880-07-01,,,0.08,,,,,,,,,-0.19,-0.13,0.11,-0.08000000000000007
1880,8,1880-08-01,,,-0.02,,,,,,,,,0.08,-0.19,-0.13,-0.04333333333333341
1880,9,1880-09-01,,,-0.03,,,,,,,,,-0.02,0.08,-0.19,0.009999999999999927
1880,10,1880-10-01,,,0.15,,,,,,,,,-0.03,-0.02,0.08,0.03333333333333326
1880,11,1880-11-01,,,0.03,,,,,,,,,0.15,-0.03,-0.02,0.049999999999999926
1880,12,1880-12-01,,,-0.0,,,,,,,,,0.03,0.15,-0.03,0.05999999999999992
1881,1,1881-01-01,,,0.28,,,,,,,,,-0.0,0.03,0.15,0.10333333333333328
1881,2,1881-02-01,,,0.36,,,,,,,,,0.28,-0.0,0.03,0.21333333333333326
1881,3,1881-03-01,,,0.23,,,,,,,,,0.36,0.28,-0.0,0.2899999999999999
1881,4,1881-04-01,,,0.06,,,,,,,,,0.23,0.36,0.28,0.2166666666666666
1881,5,1881-05-01,,,0.1,,,,,,,,,0.06,0.23,0.36,0.12999999999999992
1881,6,1881-06-01,,,0.08,,,,,,,,,0.1,0.06,0.23,0.07999999999999992
1881,7,1881-07-01,,,-0.06,,,,,,,,,0.08,0.1,0.06,0.03999999999999993
1881,8,1881-08-01,,,-0.19,,,,,,,,,-0.06,0.08,0.1,-0.05666666666666673
1881,9,1881-09-01,,,-0.15,,,,,,,,,-0.19,-0.06,0.08,-0.13333333333333341
1881,10,1881-10-01,,,-0.26,,,,,,,,,-0.15,-0.19,-0.06,-0.2000000000000001
1881,11,1881-11-01,,,-0.4,,,,,,,,,-0.26,-0.15,-0.19,-0.2700000000000001
1881,12,1881-12-01,,,-0.36,,,,,,,,,-0.4,-0.26,-0.15,-0.3400000000000001
1882,1,1882-01-01,,,-0.03,,,,,,,,,-0.36,-0.4,-0.26,-0.2633333333333334
1882,2,1882-02-01,,,-0.04,,,,,,,,,-0.03,-0.36,-0.4,-0.1433333333333334
1882,3,1882-03-01,,,-0.09,,,,,,,,,-0.04,-0.03,-0.36,-0.053333333333333406
1882,4,1882-04-01,,,-0.11,,,,,,,,,-0.09,-0.04,-0.03,-0.08000000000000007
1882,5,1882-05-01,,,-0.22,,,,,,,,,-0.11,-0.09,-0.04,-0.1400000000000001
1882,6,1882-06-01,,,-0.17,,,,,,,,,-0.22,-0.11,-0.09,-0.16666666666666674
1882,7,1882-07-01,,,-0.13,,,,,,,,,-0.17,-0.22,-0.11,-0.17333333333333342
1882,8,1882-08-01,,,-0.19,,,,,,,,,-0.13,-0.17,-0.22,-0.1633333333333334
1882,9,1882-09-01,,,-0.28,,,,,,,,,-0.19,-0.13,-0.17,-0.2000000000000001
1882,10,1882-10-01,,,-0.12,,,,,,,,,-0.28,-0.19,-0.13,-0.19666666666666677
1882,11,1882-11-01,,,0.03,,,,,,,,,-0.12,-0.28,-0.19,-0.1233333333333334
1882,12,1882-12-01,,,-0.0,,,,,,,,,0.03,-0.12,-0.28,-0.030000000000000072
1883,1,1883-01-01,,,-0.07,,,,,,,,,-0.0,0.03,-0.12,-0.01333333333333341
1883,2,1883-02-01,,,-0.23,,,,,,,,,-0.07,-0.0,0.03,-0.10000000000000009
1883,3,1883-03-01,,,-0.37,,,,,,,,,-0.23,-0.07,-0.0,-0.2233333333333334
1883,4,1883-04-01,,,-0.36,,,,,,,,,-0.37,-0.23,-0.07,-0.3200000000000001
1883,5,1883-05-01,,,-0.42,,,,,,,,,-0.36,-0.37,-0.23,-0.38333333333333336
1883,6,1883-06-01,,,-0.39,,,,,,,,,-0.42,-0.36,-0.37,-0.39000000000000007
1883,7,1883-07-01,,,-0.43,,,,,,,,,-0.39,-0.42,-0.36,-0.4133333333333334
1883,8,1883-08-01,,,-0.49,,,,,,,,,-0.43,-0.39,-0.42,-0.43666666666666676
1883,9,1883-09-01,,,-0.63,,,,,,,,,-0.49,-0.43,-0.39,-0.5166666666666667
1883,10,1883-10-01,,,-0.36,,,,,,,,,-0.63,-0.49,-0.43,-0.4933333333333334
1883,11,1883-11-01,,,-0.19,,,,,,,,,-0.36,-0.63,-0.49,-0.39333333333333337
1883,12,1883-12-01,,,-0.05,,,,,,,,,-0.19,-0.36,-0.63,-0.20000000000000007
1884,1,1884-01-01,,,-0.19,,,,,,,,,-0.05,-0.19,-0.36,-0.1433333333333334
1884,2,1884-02-01,,,-0.19,,,,,,,,,-0.19,-0.05,-0.19,-0.1433333333333334
1884,3,1884-03-01,,,-0.28,,,,,,,,,-0.19,-0.19,-0.05,-0.22000000000000008
1884,4,1884-04-01,,,-0.43,,,,,,,,,-0.28,-0.19,-0.19,-0.3000000000000001
1884,5,1884-05-01,,,-0.25,,,,,,,,,-0.43,-0.28,-0.19,-0.32000000000000006
1884,6,1884-06-01,,,-0.48,,,,,,,,,-0.25,-0.43,-0.28,-0.3866666666666667
1884,7,1884-07-01,,,-0.68,,,,,,,,,-0.48,-0.25,-0.43,-0.47000000000000003
1884,8,1884-08-01,,,-0.53,,,,,,,,,-0.68,-0.48,-0.25,-0.5633333333333335
1884,9,1884-09-01,,,-0.52,,,,,,,,,-0.53,-0.68,-0.48,-0.5766666666666668
1884,10,1884-10-01,,,-0.41,,,,,,,,,-0.52,-0.53,-0.68,-0.48666666666666675
1884,11,1884-11-01,,,-0.48,,,,,,,,,-0.41,-0.52,-0.53,-0.47000000000000003
1884,12,1884-12-01,,,-0.23,,,,,,,,,-0.48,-0.41,-0.52,-0.37333333333333335
1885,1,1885-01-01,,,-0.22,,,,,,,,,-0.23,-0.48,-0.41,-0.3100000000000001
1885,2,1885-02-01,,,-0.2,,,,,,,,,-0.22,-0.23,-0.48,-0.21666666666666676
1885,3,1885-03-01,,,-0.29,,,,,,,,,-0.2,-0.22,-0.23,-0.23666666666666672
1885,4,1885-04-01,,,-0.23,,,,,,,,,-0.29,-0.2,-0.22,-0.24000000000000007
1885,5,1885-05-01,,,-0.23,,,,,,,,,-0.23,-0.29,-0.2,-0.25000000000000006
1885,6,1885-06-01,,,-0.41,,,,,,,,,-0.23,-0.23,-0.29,-0.2900000000000001
1885,7,1885-07-01,,,-0.41,,,,,,,,,-0.41,-0.23,-0.23,-0.3500000000000001
1885,8,1885-08-01,,,-0.23,,,,,,,,,-0.41,-0.41,-0.23,-0.3500000000000001
1885,9,1885-09-01,,,-0.26,,,,,,,,,-0.23,-0.41,-0.41,-0.3000000000000001
1885,10,1885-10-01,,,-0.08,,,,,,,,,-0.26,-0.23,-0.41,-0.19000000000000009
1885,11,1885-11-01,,,-0.04,,,,,,,,,-0.08,-0.26,-0.23,-0.12666666666666676
1885,12,1885-12-01,,,0.01,,,,,,,,,-0.04,-0.08,-0.26,-0.03666666666666676
1886,1,1886-01-01,,,0.15,,,,,,,,,0.01,-0.04,-0.08,0.039999999999999904
1886,2,1886-02-01,,,0.15,,,,,,,,,0.15,0.01,-0.04,0.10333333333333324
1886,3,1886-03-01,,,0.05,,,,,,,,,0.15,0.15,0.01,0.11666666666666657
1886,4,1886-04-01,,,0.07,,,,,,,,,0.05,0.15,0.15,0.08999999999999991
1886,5,1886-05-01,,,0.14,,,,,,,,,0.07,0.05,0.15,0.0866666666666666
1886,6,1886-06-01,,,0.03,,,,,,,,,0.14,0.07,0.05,0.07999999999999992
1886,7,1886-07-01,,,-0.09,,,,,,,,,0.03,0.14,0.07,0.02666666666666659
1886,8,1886-08-01,,,-0.32,,,,,,,,,-0.09,0.03,0.14,-0.12666666666666673
1886,9,1886-09-01,,,-0.39,,,,,,,,,-0.32,-0.09,0.03,-0.2666666666666668
1886,10,1886-10-01,,,-0.18,,,,,,,,,-0.39,-0.32,-0.09,-0.29666666666666675
1886,11,1886-11-01,,,-0.19,,,,,,,,,-0.18,-0.39,-0.32,-0.2533333333333334
1886,12,1886-12-01,,,-0.18,,,,,,,,,-0.19,-0.18,-0.39,-0.18333333333333343
1887,1,1887-01-01,,,-0.28,,,,,,,,,-0.18,-0.19,-0.18,-0.21666666666666679
1887,2,1887-02-01,,,-0.22,,,,,,,,,-0.28,-0.18,-0.19,-0.22666666666666677
1887,3,1887-03-01,,,-0.17,,,,,,,,,-0.22,-0.28,-0.18,-0.2233333333333334
1887,4,1887-04-01,,,-0.21,,,,,,,,,-0.17,-0.22,-0.28,-0.2000000000000001
1887,5,1887-05-01,,,-0.12,,,,,,,,,-0.21,-0.17,-0.22,-0.16666666666666677
1887,6,1887-06-01,,,0.08,,,,,,,,,-0.12,-0.21,-0.17,-0.08333333333333343
1887,7,1887-07-01,,,-0.04,,,,,,,,,0.08,-0.12,-0.21,-0.026666666666666755
1887,8,1887-08-01,,,-0.21,,,,,,,,,-0.04,0.08,-0.12,-0.056666666666666754
1887,9,1887-09-01,,,-0.29,,,,,,,,,-0.21,-0.04,0.08,-0.18000000000000008
1887,10,1887-10-01,,,-0.07,,,,,,,,,-0.29,-0.21,-0.04,-0.19000000000000009
1887,11,1887-11-01,,,-0.0,,,,,,,,,-0.07,-0.29,-0.21,-0.12000000000000009
1887,12,1887-12-01,,,0.02,,,,,,,,,-0.0,-0.07,-0.29,-0.01666666666666676
1888,1,1888-01-01,,,0.05,,,,,,,,,0.02,-0.0,-0.07,0.023333333333333244
1888,2,1888-02-01,,,-0.03,,,,,,,,,0.05,0.02,-0.0,0.013333333333333244
1888,3,1888-03-01,,,-0.05,,,,,,,,,-0.03,0.05,0.02,-0.01000000000000009
1888,4,1888-04-01,,,-0.29,,,,,,,,,-0.05,-0.03,0.05,-0.12333333333333342
1888,5,1888-05-01,,,-0.14,,,,,,,,,-0.29,-0.05,-0.03,-0.16000000000000011
1888,6,1888-06-01,,,-0.07,,,,,,,,,-0.14,-0.29,-0.05,-0.16666666666666674
1888,7,1888-07-01,,,-0.34,,,,,,,,,-0.07,-0.14,-0.29,-0.18333333333333343
1888,8,1888-08-01,,,-0.41,,,,,,,,,-0.34,-0.07,-0.14,-0.27333333333333343
1888,9,1888-09-01,,,-0.31,,,,,,,,,-0.41,-0.34,-0.07,-0.35333333333333344
1888,10,1888-10-01,,,-0.14,,,,,,,,,-0.31,-0.41,-0.34,-0.2866666666666668
1888,11,1888-11-01,,,-0.08,,,,,,,,,-0.14,-0.31,-0.41,-0.17666666666666675
1888,12,1888-12-01,,,-0.03,,,,,,,,,-0.08,-0.14,-0.31,-0.08333333333333343
1889,1,1889-01-01,,,-0.1,,,,,,,,,-0.03,-0.08,-0.14,-0.0700000000000001
1889,2,1889-02-01,,,-0.11,,,,,,,,,-0.1,-0.03,-0.08,-0.08000000000000008
1889,3,1889-03-01,,,-0.02,,,,,,,,,-0.11,-0.1,-0.03,-0.07666666666666676
1889,4,1889-04-01,,,0.02,,,,,,,,,-0.02,-0.11,-0.1,-0.036666666666666764
1889,5,1889-05-01,,,0.04,,,,,,,,,0.02,-0.02,-0.11,0.01333333333333324
1889,6,1889-06-01,,,-0.13,,,,,,,,,0.04,0.02,-0.02,-0.023333333333333428
1889,7,1889-07-01,,,-0.34,,,,,,,,,-0.13,0.04,0.02,-0.14333333333333342
1889,8,1889-08-01,,,-0.32,,,,,,,,,-0.34,-0.13,0.04,-0.2633333333333335
1889,9,1889-09-01,,,-0.26,,,,,,,,,-0.32,-0.34,-0.13,-0.3066666666666668
1889,10,1889-10-01,,,-0.19,,,,,,,,,-0.26,-0.32,-0.34,-0.25666666666666677
1889,11,1889-11-01,,,-0.02,,,,,,,,,-0.19,-0.26,-0.32,-0.15666666666666676
1889,12,1889-12-01,,,-0.06,,,,,,,,,-0.02,-0.19,-0.26,-0.0900000000000001
1890,1,1890-01-01,,,-0.13,,,,,,,,,-0.06,-0.02,-0.19,-0.0700000000000001
1890,2,1890-02-01,,,-0.21,,,,,,,,,-0.13,-0.06,-0.02,-0.13333333333333344
1890,3,1890-03-01,,,-0.29,,,,,,,,,-0.21,-0.13,-0.06,-0.2100000000000001
1890,4,1890-04-01,,,-0.52,,,,,,,,,-0.29,-0.21,-0.13,-0.34000000000000014
1890,5,1890-05-01,,,-0.47,,,,,,,,,-0.52,-0.29,-0.21,-0.42666666666666675
1890,6,1890-06-01,,,-0.47,,,,,,,,,-0.47,-0.52,-0.29,-0.4866666666666668
1890,7,1890-07-01,,,-0.76,,,,,,,,,-0.47,-0.47,-0.52,-0.5666666666666668
1890,8,1890-08-01,,,-0.86,,,,,,,,,-0.76,-0.47,-0.47,-0.6966666666666668
1890,9,1890-09-01,,,-0.65,,,,,,,,,-0.86,-0.76,-0.47,-0.7566666666666668
1890,10,1890-10-01,,,-0.24,,,,,,,,,-0.65,-0.86,-0.76,-0.5833333333333335
1890,11,1890-11-01,,,-0.32,,,,,,,,,-0.24,-0.65,-0.86,-0.4033333333333335
1890,12,1890-12-01,,,-0.47,,,,,,,,,-0.32,-0.24,-0.65,-0.34333333333333343
1891,1,1891-01-01,,,-0.57,,,,,,,,,-0.47,-0.32,-0.24,-0.4533333333333334
1891,2,1891-02-01,,,-0.41,,,,,,,,,-0.57,-0.47,-0.32,-0.4833333333333334
1891,3,1891-03-01,,,-0.28,,,,,,,,,-0.41,-0.57,-0.47,-0.4200000000000001
1891,4,1891-04-01,,,-0.2,,,,,,,,,-0.28,-0.41,-0.57,-0.2966666666666668
1891,5,1891-05-01,,,-0.23,,,,,,,,,-0.2,-0.28,-0.41,-0.23666666666666683
1891,6,1891-06-01,,,-0.28,,,,,,,,,-0.23,-0.2,-0.28,-0.23666666666666683
1891,7,1891-07-01,,,-0.24,,,,,,,,,-0.28,-0.23,-0.2,-0.25000000000000017
1891,8,1891-08-01,,,-0.28,,,,,,,,,-0.24,-0.28,-0.23,-0.26666666666666683
1891,9,1891-09-01,,,-0.25,,,,,,,,,-0.28,-0.24,-0.28,-0.2566666666666668
1891,10,1891-10-01,,,-0.35,,,,,,,,,-0.25,-0.28,-0.24,-0.2933333333333335
1891,11,1891-11-01,,,-0.52,,,,,,,,,-0.35,-0.25,-0.28,-0.3733333333333335
1891,12,1891-12-01,,,-0.29,,,,,,,,,-0.52,-0.35,-0.25,-0.38666666666666677
1892,1,1892-01-01,,,-0.22,,,,,,,,,-0.29,-0.52,-0.35,-0.3433333333333335
1892,2,1892-02-01,,,-0.26,,,,,,,,,-0.22,-0.29,-0.52,-0.2566666666666668
1892,3,1892-03-01,,,-0.24,,,,,,,,,-0.26,-0.22,-0.29,-0.24000000000000013
1892,4,1892-04-01,,,-0.37,,,,,,,,,-0.24,-0.26,-0.22,-0.2900000000000002
1892,5,1892-05-01,,,-0.55,,,,,,,,,-0.37,-0.24,-0.26,-0.3866666666666669
1892,6,1892-06-01,,,-0.66,,,,,,,,,-0.55,-0.37,-0.24,-0.5266666666666668
1892,7,1892-07-01,,,-0.68,,,,,,,,,-0.66,-0.55,-0.37,-0.6300000000000002
1892,8,1892-08-01,,,-0.51,,,,,,,,,-0.68,-0.66,-0.55,-0.6166666666666669
1892,9,1892-09-01,,,-0.62,,,,,,,,,-0.51,-0.68,-0.66,-0.6033333333333335
1892,10,1892-10-01,,,-0.61,,,,,,,,,-0.62,-0.51,-0.68,-0.5800000000000002
1892,11,1892-11-01,,,-0.43,,,,,,,,,-0.61,-0.62,-0.51,-0.5533333333333335
1892,12,1892-12-01,,,-0.34,,,,,,,,,-0.43,-0.61,-0.62,-0.4600000000000002
1893,1,1893-01-01,,,-0.22,,,,,,,,,-0.34,-0.43,-0.61,-0.3300000000000002
1893,2,1893-02-01,,,-0.25,,,,,,,,,-0.22,-0.34,-0.43,-0.2700000000000002
1893,3,1893-03-01,,,-0.38,,,,,,,,,-0.25,-0.22,-0.34,-0.2833333333333335
1893,4,1893-04-01,,,-0.45,,,,,,,,,-0.38,-0.25,-0.22,-0.36000000000000015
1893,5,1893-05-01,,,-0.37,,,,,,,,,-0.45,-0.38,-0.25,-0.4000000000000002
1893,6,1893-06-01,,,-0.18,,,,,,,,,-0.37,-0.45,-0.38,-0.3333333333333335
1893,7,1893-07-01,,,-0.3,,,,,,,,,-0.18,-0.37,-0.45,-0.2833333333333335
1893,8,1893-08-01,,,-0.27,,,,,,,,,-0.3,-0.18,-0.37,-0.25000000000000017
1893,9,1893-09-01,,,-0.32,,,,,,,,,-0.27,-0.3,-0.18,-0.29666666666666686
1893,10,1893-10-01,,,-0.21,,,,,,,,,-0.32,-0.27,-0.3,-0.2666666666666669
1893,11,1893-11-01,,,-0.14,,,,,,,,,-0.21,-0.32,-0.27,-0.22333333333333352
1893,12,1893-12-01,,,-0.21,,,,,,,,,-0.14,-0.21,-0.32,-0.18666666666666684
1894,1,1894-01-01,,,-0.3,,,,,,,,,-0.21,-0.14,-0.21,-0.21666666666666687
1894,2,1894-02-01,,,-0.36,,,,,,,,,-0.3,-0.21,-0.14,-0.2900000000000002
1894,3,1894-03-01,,,-0.48,,,,,,,,,-0.36,-0.3,-0.21,-0.38000000000000017
1894,4,1894-04-01,,,-0.6,,,,,,,,,-0.48,-0.36,-0.3,-0.48000000000000015
1894,5,1894-05-01,,,-0.46,,,,,,,,,-0.6,-0.48,-0.36,-0.5133333333333335
1894,6,1894-06-01,,,-0.62,,,,,,,,,-0.46,-0.6,-0.48,-0.5600000000000002
1894,7,1894-07-01,,,-0.55,,,,,,,,,-0.62,-0.46,-0.6,-0.5433333333333336
1894,8,1894-08-01,,,-0.64,,,,,,,,,-0.55,-0.62,-0.46,-0.6033333333333335
1894,9,1894-09-01,,,-0.53,,,,,,,,,-0.64,-0.55,-0.62,-0.5733333333333336
1894,10,1894-10-01,,,-0.56,,,,,,,,,-0.53,-0.64,-0.55,-0.5766666666666668
1894,11,1894-11-01,,,-0.52,,,,,,,,,-0.56,-0.53,-0.64,-0.5366666666666667
1894,12,1894-12-01,,,-0.39,,,,,,,,,-0.52,-0.56,-0.53,-0.4900000000000002
1895,1,1895-01-01,,,-0.28,,,,,,,,,-0.39,-0.52,-0.56,-0.3966666666666668
1895,2,1895-02-01,,,-0.39,,,,,,,,,-0.28,-0.39,-0.52,-0.3533333333333335
1895,3,1895-03-01,,,-0.6,,,,,,,,,-0.39,-0.28,-0.39,-0.4233333333333335
1895,4,1895-04-01,,,-0.7,,,,,,,,,-0.6,-0.39,-0.28,-0.5633333333333335
1895,5,1895-05-01,,,-0.6,,,,,,,,,-0.7,-0.6,-0.39,-0.6333333333333334
1895,6,1895-06-01,,,-0.51,,,,,,,,,-0.6,-0.7,-0.6,-0.6033333333333335
1895,7,1895-07-01,,,-0.4,,,,,,,,,-0.51,-0.6,-0.7,-0.5033333333333335
1895,8,1895-08-01,,,-0.45,,,,,,,,,-0.4,-0.51,-0.6,-0.45333333333333353
1895,9,1895-09-01,,,-0.24,,,,,,,,,-0.45,-0.4,-0.51,-0.3633333333333335
1895,10,1895-10-01,,,-0.13,,,,,,,,,-0.24,-0.45,-0.4,-0.2733333333333335
1895,11,1895-11-01,,,-0.22,,,,,,,,,-0.13,-0.24,-0.45,-0.1966666666666668
1895,12,1895-12-01,,,-0.21,,,,,,,,,-0.22,-0.13,-0.24,-0.18666666666666684
1896,1,1896-01-01,,,-0.27,,,,,,,,,-0.21,-0.22,-0.13,-0.23333333333333348
1896,2,1896-02-01,,,-0.23,,,,,,,,,-0.27,-0.21,-0.22,-0.23666666666666683
1896,3,1896-03-01,,,-0.24,,,,,,,,,-0.23,-0.27,-0.21,-0.2466666666666668
1896,4,1896-04-01,,,-0.22,,,,,,,,,-0.24,-0.23,-0.27,-0.23000000000000012
1896,5,1896-05-01,,,0.14,,,,,,,,,-0.22,-0.24,-0.23,-0.10666666666666681
1896,6,1896-06-01,,,0.03,,,,,,,,,0.14,-0.22,-0.24,-0.016666666666666812
1896,7,1896-07-01,,,-0.21,,,,,,,,,0.03,0.14,-0.22,-0.013333333333333475
1896,8,1896-08-01,,,-0.15,,,,,,,,,-0.21,0.03,0.14,-0.11000000000000014
1896,9,1896-09-01,,,-0.04,,,,,,,,,-0.15,-0.21,0.03,-0.1333333333333335
1896,10,1896-10-01,,,-0.08,,,,,,,,,-0.04,-0.15,-0.21,-0.09000000000000015
1896,11,1896-11-01,,,0.03,,,,,,,,,-0.08,-0.04,-0.15,-0.030000000000000148
1896,12,1896-12-01,,,-0.12,,,,,,,,,0.03,-0.08,-0.04,-0.05666666666666681
1897,1,1897-01-01,,,-0.26,,,,,,,,,-0.12,0.03,-0.08,-0.11666666666666681
1897,2,1897-02-01,,,-0.13,,,,,,,,,-0.26,-0.12,0.03,-0.17000000000000015
1897,3,1897-03-01,,,0.06,,,,,,,,,-0.13,-0.26,-0.12,-0.11000000000000015
1897,4,1897-04-01,,,-0.01,,,,,,,,,0.06,-0.13,-0.26,-0.026666666666666814
1897,5,1897-05-01,,,-0.11,,,,,,,,,-0.01,0.06,-0.13,-0.020000000000000146
1897,6,1897-06-01,,,-0.17,,,,,,,,,-0.11,-0.01,0.06,-0.09666666666666683
1897,7,1897-07-01,,,-0.17,,,,,,,,,-0.17,-0.11,-0.01,-0.15000000000000016
1897,8,1897-08-01,,,-0.33,,,,,,,,,-0.17,-0.17,-0.11,-0.2233333333333335
1897,9,1897-09-01,,,-0.36,,,,,,,,,-0.33,-0.17,-0.17,-0.2866666666666668
1897,10,1897-10-01,,,-0.27,,,,,,,,,-0.36,-0.33,-0.17,-0.3200000000000001
1897,11,1897-11-01,,,-0.2,,,,,,,,,-0.27,-0.36,-0.33,-0.27666666666666684
1897,12,1897-12-01,,,-0.26,,,,,,,,,-0.2,-0.27,-0.36,-0.24333333333333348
1898,1,1898-01-01,,,-0.25,,,,,,,,,-0.26,-0.2,-0.27,-0.2366666666666668
1898,2,1898-02-01,,,-0.16,,,,,,,,,-0.25,-0.26,-0.2,-0.2233333333333335
1898,3,1898-03-01,,,-0.13,,,,,,,,,-0.16,-0.25,-0.26,-0.18000000000000016
1898,4,1898-04-01,,,-0.24,,,,,,,,,-0.13,-0.16,-0.25,-0.17666666666666683
1898,5,1898-05-01,,,-0.24,,,,,,,,,-0.24,-0.13,-0.16,-0.20333333333333348
1898,6,1898-06-01,,,-0.13,,,,,,,,,-0.24,-0.24,-0.13,-0.20333333333333348
1898,7,1898-07-01,,,-0.1,,,,,,,,,-0.13,-0.24,-0.24,-0.15666666666666682
1898,8,1898-08-01,,,-0.12,,,,,,,,,-0.1,-0.13,-0.24,-0.11666666666666681
1898,9,1898-09-01,,,-0.11,,,,,,,,,-0.12,-0.1,-0.13,-0.11000000000000015
1898,10,1898-10-01,,,-0.25,,,,,,,,,-0.11,-0.12,-0.1,-0.16000000000000014
1898,11,1898-11-01,,,-0.36,,,,,,,,,-0.25,-0.11,-0.12,-0.24000000000000013
1898,12,1898-12-01,,,-0.34,,,,,,,,,-0.36,-0.25,-0.11,-0.3166666666666668
1899,1,1899-01-01,,,-0.21,,,,,,,,,-0.34,-0.36,-0.25,-0.3033333333333335
1899,2,1899-02-01,,,-0.3,,,,,,,,,-0.21,-0.34,-0.36,-0.2833333333333335
1899,3,1899-03-01,,,-0.35,,,,,,,,,-0.3,-0.21,-0.34,-0.2866666666666668
1899,4,1899-04-01,,,-0.13,,,,,,,,,-0.35,-0.3,-0.21,-0.2600000000000001
1899,5,1899-05-01,,,-0.12,,,,,,,,,-0.13,-0.35,-0.3,-0.20000000000000015
1899,6,1899-06-01,,,-0.23,,,,,,,,,-0.12,-0.13,-0.35,-0.16000000000000014
1899,7,1899-07-01,,,-0.21,,,,,,,,,-0.23,-0.12,-0.13,-0.18666666666666684
1899,8,1899-08-01,,,-0.05,,,,,,,,,-0.21,-0.23,-0.12,-0.16333333333333347
1899,9,1899-09-01,,,-0.09,,,,,,,,,-0.05,-0.21,-0.23,-0.11666666666666682
1899,10,1899-10-01,,,-0.2,,,,,,,,,-0.09,-0.05,-0.21,-0.1133333333333335
1899,11,1899-11-01,,,-0.03,,,,,,,,,-0.2,-0.09,-0.05,-0.10666666666666684
1899,12,1899-12-01,,,0.07,,,,,,,,,-0.03,-0.2,-0.09,-0.05333333333333348
1900,1,1900-01-01,,,0.07,,,,,,,,,0.07,-0.03,-0.2,0.03666666666666652
1900,2,1900-02-01,,,0.01,,,,,,,,,0.07,0.07,-0.03,0.04999999999999986
1900,3,1900-03-01,,,-0.15,,,,,,,,,0.01,0.07,0.07,-0.023333333333333473
1900,4,1900-04-01,,,-0.19,,,,,,,,,-0.15,0.01,0.07,-0.11000000000000014
1900,5,1900-05-01,,,-0.39,,,,,,,,,-0.19,-0.15,0.01,-0.24333333333333348
1900,6,1900-06-01,,,-0.43,,,,,,,,,-0.39,-0.19,-0.15,-0.33666666666666684
1900,7,1900-07-01,,,-0.4,,,,,,,,,-0.43,-0.39,-0.19,-0.4066666666666668
1900,8,1900-08-01,,,-0.33,,,,,,,,,-0.4,-0.43,-0.39,-0.3866666666666669
1900,9,1900-09-01,,,-0.27,,,,,,,,,-0.33,-0.4,-0.43,-0.3333333333333335
1900,10,1900-10-01,,,-0.14,,,,,,,,,-0.27,-0.33,-0.4,-0.2466666666666668
1900,11,1900-11-01,,,-0.17,,,,,,,,,-0.14,-0.27,-0.33,-0.1933333333333335
1900,12,1900-12-01,,,-0.16,,,,,,,,,-0.17,-0.14,-0.27,-0.15666666666666682
1901,1,1901-01-01,,,-0.12,,,,,,,,,-0.16,-0.17,-0.14,-0.15000000000000016
1901,2,1901-02-01,,,-0.09,,,,,,,,,-0.12,-0.16,-0.17,-0.12333333333333348
1901,3,1901-03-01,,,-0.23,,,,,,,,,-0.09,-0.12,-0.16,-0.1466666666666668
1901,4,1901-04-01,,,-0.24,,,,,,,,,-0.23,-0.09,-0.12,-0.18666666666666684
1901,5,1901-05-01,,,-0.21,,,,,,,,,-0.24,-0.23,-0.09,-0.22666666666666682
1901,6,1901-06-01,,,-0.11,,,,,,,,,-0.21,-0.24,-0.23,-0.1866666666666668
1901,7,1901-07-01,,,-0.14,,,,,,,,,-0.11,-0.21,-0.24,-0.1533333333333335
1901,8,1901-08-01,,,-0.12,,,,,,,,,-0.14,-0.11,-0.21,-0.12333333333333348
1901,9,1901-09-01,,,-0.19,,,,,,,,,-0.12,-0.14,-0.11,-0.15000000000000016
1901,10,1901-10-01,,,-0.33,,,,,,,,,-0.19,-0.12,-0.14,-0.21333333333333349
1901,11,1901-11-01,,,-0.42,,,,,,,,,-0.33,-0.19,-0.12,-0.31333333333333346
1901,12,1901-12-01,,,-0.51,,,,,,,,,-0.42,-0.33,-0.19,-0.42000000000000015
1902,1,1902-01-01,,,-0.3,,,,,,,,,-0.51,-0.42,-0.33,-0.41000000000000014
1902,2,1902-02-01,,,-0.36,,,,,,,,,-0.3,-0.51,-0.42,-0.3900000000000001
1902,3,1902-03-01,,,-0.41,,,,,,,,,-0.36,-0.3,-0.51,-0.35666666666666674
1902,4,1902-04-01,,,-0.51,,,,,,,,,-0.41,-0.36,-0.3,-0.42666666666666675
1902,5,1902-05-01,,,-0.44,,,,,,,,,-0.51,-0.41,-0.36,-0.45333333333333353
1902,6,1902-06-01,,,-0.63,,,,,,,,,-0.44,-0.51,-0.41,-0.5266666666666668
1902,7,1902-07-01,,,-0.7,,,,,,,,,-0.63,-0.44,-0.51,-0.5900000000000002
1902,8,1902-08-01,,,-0.6,,,,,,,,,-0.7,-0.63,-0.44,-0.6433333333333334
1902,9,1902-09-01,,,-0.45,,,,,,,,,-0.6,-0.7,-0.63,-0.5833333333333334
1902,10,1902-10-01,,,-0.26,,,,,,,,,-0.45,-0.6,-0.7,-0.43666666666666676
1902,11,1902-11-01,,,-0.28,,,,,,,,,-0.26,-0.45,-0.6,-0.3300000000000001
1902,12,1902-12-01,,,-0.37,,,,,,,,,-0.28,-0.26,-0.45,-0.30333333333333345
1903,1,1903-01-01,,,-0.38,,,,,,,,,-0.37,-0.28,-0.26,-0.3433333333333335
1903,2,1903-02-01,,,-0.28,,,,,,,,,-0.38,-0.37,-0.28,-0.3433333333333335
1903,3,1903-03-01,,,-0.27,,,,,,,,,-0.28,-0.38,-0.37,-0.3100000000000001
1903,4,1903-04-01,,,-0.36,,,,,,,,,-0.27,-0.28,-0.38,-0.30333333333333345
1903,5,1903-05-01,,,-0.44,,,,,,,,,-0.36,-0.27,-0.28,-0.35666666666666674
1903,6,1903-06-01,,,-0.68,,,,,,,,,-0.44,-0.36,-0.27,-0.49333333333333346
1903,7,1903-07-01,,,-0.81,,,,,,,,,-0.68,-0.44,-0.36,-0.6433333333333334
1903,8,1903-08-01,,,-1.0,,,,,,,,,-0.81,-0.68,-0.44,-0.8300000000000001
1903,9,1903-09-01,,,-0.84,,,,,,,,,-1.0,-0.81,-0.68,-0.8833333333333334
1903,10,1903-10-01,,,-0.73,,,,,,,,,-0.84,-1.0,-0.81,-0.8566666666666668
1903,11,1903-11-01,,,-0.6,,,,,,,,,-0.73,-0.84,-1.0,-0.7233333333333333
1903,12,1903-12-01,,,-0.63,,,,,,,,,-0.6,-0.73,-0.84,-0.6533333333333334
1904,1,1904-01-01,,,-0.65,,,,,,,,,-0.63,-0.6,-0.73,-0.6266666666666668
1904,2,1904-02-01,,,-0.71,,,,,,,,,-0.65,-0.63,-0.6,-0.6633333333333334
1904,3,1904-03-01,,,-0.8,,,,,,,,,-0.71,-0.65,-0.63,-0.7200000000000001
1904,4,1904-04-01,,,-0.82,,,,,,,,,-0.8,-0.71,-0.65,-0.7766666666666668
1904,5,1904-05-01,,,-0.8,,,,,,,,,-0.82,-0.8,-0.71,-0.8066666666666668
1904,6,1904-06-01,,,-1.01,,,,,,,,,-0.8,-0.82,-0.8,-0.8766666666666668
1904,7,1904-07-01,,,-0.96,,,,,,,,,-1.01,-0.8,-0.82,-0.9233333333333335
1904,8,1904-08-01,,,-0.82,,,,,,,,,-0.96,-1.01,-0.8,-0.9300000000000002
1904,9,1904-09-01,,,-0.92,,,,,,,,,-0.82,-0.96,-1.01,-0.9
1904,10,1904-10-01,,,-0.76,,,,,,,,,-0.92,-0.82,-0.96,-0.8333333333333335
1904,11,1904-11-01,,,-0.58,,,,,,,,,-0.76,-0.92,-0.82,-0.7533333333333335
1904,12,1904-12-01,,,-0.55,,,,,,,,,-0.58,-0.76,-0.92,-0.6300000000000002
1905,1,1905-01-01,,,-0.65,,,,,,,,,-0.55,-0.58,-0.76,-0.5933333333333335
1905,2,1905-02-01,,,-0.67,,,,,,,,,-0.65,-0.55,-0.58,-0.6233333333333335
1905,3,1905-03-01,,,-0.66,,,,,,,,,-0.67,-0.65,-0.55,-0.6600000000000001
1905,4,1905-04-01,,,-0.62,,,,,,,,,-0.66,-0.67,-0.65,-0.6500000000000002
1905,5,1905-05-01,,,-0.5,,,,,,,,,-0.62,-0.66,-0.67,-0.5933333333333336
1905,6,1905-06-01,,,-0.66,,,,,,,,,-0.5,-0.62,-0.66,-0.5933333333333335
1905,7,1905-07-01,,,-0.64,,,,,,,,,-0.66,-0.5,-0.62,-0.6000000000000002
1905,8,1905-08-01,,,-0.78,,,,,,,,,-0.64,-0.66,-0.5,-0.6933333333333335
1905,9,1905-09-01,,,-0.86,,,,,,,,,-0.78,-0.64,-0.66,-0.7600000000000001
1905,10,1905-10-01,,,-0.68,,,,,,,,,-0.86,-0.78,-0.64,-0.7733333333333334
1905,11,1905-11-01,,,-0.63,,,,,,,,,-0.68,-0.86,-0.78,-0.7233333333333336
1905,12,1905-12-01,,,-0.65,,,,,,,,,-0.63,-0.68,-0.86,-0.6533333333333334
1906,1,1906-01-01,,,-0.32,,,,,,,,,-0.65,-0.63,-0.68,-0.5333333333333334
1906,2,1906-02-01,,,-0.27,,,,,,,,,-0.32,-0.65,-0.63,-0.4133333333333335
1906,3,1906-03-01,,,-0.35,,,,,,,,,-0.27,-0.32,-0.65,-0.31333333333333346
1906,4,1906-04-01,,,-0.39,,,,,,,,,-0.35,-0.27,-0.32,-0.33666666666666684
1906,5,1906-05-01,,,-0.49,,,,,,,,,-0.39,-0.35,-0.27,-0.41000000000000014
1906,6,1906-06-01,,,-0.34,,,,,,,,,-0.49,-0.39,-0.35,-0.4066666666666669
1906,7,1906-07-01,,,-0.46,,,,,,,,,-0.34,-0.49,-0.39,-0.43000000000000016
1906,8,1906-08-01,,,-0.49,,,,,,,,,-0.46,-0.34,-0.49,-0.43000000000000016
1906,9,1906-09-01,,,-0.53,,,,,,,,,-0.49,-0.46,-0.34,-0.49333333333333346
1906,10,1906-10-01,,,-0.49,,,,,,,,,-0.53,-0.49,-0.46,-0.5033333333333335
1906,11,1906-11-01,,,-0.29,,,,,,,,,-0.49,-0.53,-0.49,-0.4366666666666668
1906,12,1906-12-01,,,-0.47,,,,,,,,,-0.29,-0.49,-0.53,-0.4166666666666668
1907,1,1907-01-01,,,-0.52,,,,,,,,,-0.47,-0.29,-0.49,-0.4266666666666668
1907,2,1907-02-01,,,-0.61,,,,,,,,,-0.52,-0.47,-0.29,-0.5333333333333335
1907,3,1907-03-01,,,-0.53,,,,,,,,,-0.61,-0.52,-0.47,-0.5533333333333336
1907,4,1907-04-01,,,-0.51,,,,,,,,,-0.53,-0.61,-0.52,-0.5500000000000002
1907,5,1907-05-01,,,-0.59,,,,,,,,,-0.51,-0.53,-0.61,-0.5433333333333336
1907,6,1907-06-01,,,-0.71,,,,,,,,,-0.59,-0.51,-0.53,-0.6033333333333335
1907,7,1907-07-01,,,-0.78,,,,,,,,,-0.71,-0.59,-0.51,-0.6933333333333334
1907,8,1907-08-01,,,-0.83,,,,,,,,,-0.78,-0.71,-0.59,-0.7733333333333334
1907,9,1907-09-01,,,-0.59,,,,,,,,,-0.83,-0.78,-0.71,-0.7333333333333334
1907,10,1907-10-01,,,-0.49,,,,,,,,,-0.59,-0.83,-0.78,-0.6366666666666668
1907,11,1907-11-01,,,-0.53,,,,,,,,,-0.49,-0.59,-0.83,-0.5366666666666668
1907,12,1907-12-01,,,-0.5,,,,,,,,,-0.53,-0.49,-0.59,-0.5066666666666668
1908,1,1908-01-01,,,-0.53,,,,,,,,,-0.5,-0.53,-0.49,-0.5200000000000001
1908,2,1908-02-01,,,-0.56,,,,,,,,,-0.53,-0.5,-0.53,-0.5300000000000001
1908,3,1908-03-01,,,-0.55,,,,,,,,,-0.56,-0.53,-0.5,-0.5466666666666669
1908,4,1908-04-01,,,-0.7,,,,,,,,,-0.55,-0.56,-0.53,-0.6033333333333335
1908,5,1908-05-01,,,-0.59,,,,,,,,,-0.7,-0.55,-0.56,-0.6133333333333334
1908,6,1908-06-01,,,-0.47,,,,,,,,,-0.59,-0.7,-0.55,-0.5866666666666668
1908,7,1908-07-01,,,-0.39,,,,,,,,,-0.47,-0.59,-0.7,-0.48333333333333345
1908,8,1908-08-01,,,-0.52,,,,,,,,,-0.39,-0.47,-0.59,-0.46000000000000013
1908,9,1908-09-01,,,-0.55,,,,,,,,,-0.52,-0.39,-0.47,-0.4866666666666668
1908,10,1908-10-01,,,-0.48,,,,,,,,,-0.55,-0.52,-0.39,-0.5166666666666667
1908,11,1908-11-01,,,-0.41,,,,,,,,,-0.48,-0.55,-0.52,-0.48000000000000015
1908,12,1908-12-01,,,-0.34,,,,,,,,,-0.41,-0.48,-0.55,-0.41000000000000014
1909,1,1909-01-01,,,-0.37,,,,,,,,,-0.34,-0.41,-0.48,-0.3733333333333335
1909,2,1909-02-01,,,-0.51,,,,,,,,,-0.37,-0.34,-0.41,-0.4066666666666669
1909,3,1909-03-01,,,-0.51,,,,,,,,,-0.51,-0.37,-0.34,-0.46333333333333354
1909,4,1909-04-01,,,-0.64,,,,,,,,,-0.51,-0.51,-0.37,-0.5533333333333335
1909,5,1909-05-01,,,-0.53,,,,,,,,,-0.64,-0.51,-0.51,-0.5600000000000002
1909,6,1909-06-01,,,-0.7,,,,,,,,,-0.53,-0.64,-0.51,-0.6233333333333334
1909,7,1909-07-01,,,-0.79,,,,,,,,,-0.7,-0.53,-0.64,-0.6733333333333335
1909,8,1909-08-01,,,-0.65,,,,,,,,,-0.79,-0.7,-0.53,-0.7133333333333335
1909,9,1909-09-01,,,-0.55,,,,,,,,,-0.65,-0.79,-0.7,-0.6633333333333336
1909,10,1909-10-01,,,-0.48,,,,,,,,,-0.55,-0.65,-0.79,-0.5600000000000002
1909,11,1909-11-01,,,-0.65,,,,,,,,,-0.48,-0.55,-0.65,-0.5600000000000002
1909,12,1909-12-01,,,-0.57,,,,,,,,,-0.65,-0.48,-0.55,-0.5666666666666668
1910,1,1910-01-01,,,-0.64,,,,,,,,,-0.57,-0.65,-0.48,-0.6200000000000001
1910,2,1910-02-01,,,-0.55,,,,,,,,,-0.64,-0.57,-0.65,-0.5866666666666668
1910,3,1910-03-01,,,-0.58,,,,,,,,,-0.55,-0.64,-0.57,-0.5900000000000002
1910,4,1910-04-01,,,-0.59,,,,,,,,,-0.58,-0.55,-0.64,-0.5733333333333335
1910,5,1910-05-01,,,-0.71,,,,,,,,,-0.59,-0.58,-0.55,-0.6266666666666668
1910,6,1910-06-01,,,-0.8,,,,,,,,,-0.71,-0.59,-0.58,-0.7000000000000002
1910,7,1910-07-01,,,-0.86,,,,,,,,,-0.8,-0.71,-0.59,-0.7900000000000001
1910,8,1910-08-01,,,-0.71,,,,,,,,,-0.86,-0.8,-0.71,-0.7900000000000001
1910,9,1910-09-01,,,-0.5,,,,,,,,,-0.71,-0.86,-0.8,-0.6900000000000001
1910,10,1910-10-01,,,-0.48,,,,,,,,,-0.5,-0.71,-0.86,-0.5633333333333335
1910,11,1910-11-01,,,-0.34,,,,,,,,,-0.48,-0.5,-0.71,-0.44000000000000017
1910,12,1910-12-01,,,-0.46,,,,,,,,,-0.34,-0.48,-0.5,-0.4266666666666668
1911,1,1911-01-01,,,-0.5,,,,,,,,,-0.46,-0.34,-0.48,-0.4333333333333335
1911,2,1911-02-01,,,-0.47,,,,,,,,,-0.5,-0.46,-0.34,-0.4766666666666668
1911,3,1911-03-01,,,-0.63,,,,,,,,,-0.47,-0.5,-0.46,-0.5333333333333335
1911,4,1911-04-01,,,-0.7,,,,,,,,,-0.63,-0.47,-0.5,-0.6000000000000001
1911,5,1911-05-01,,,-0.64,,,,,,,,,-0.7,-0.63,-0.47,-0.6566666666666668
1911,6,1911-06-01,,,-0.57,,,,,,,,,-0.64,-0.7,-0.63,-0.6366666666666667
1911,7,1911-07-01,,,-0.55,,,,,,,,,-0.57,-0.64,-0.7,-0.5866666666666669
1911,8,1911-08-01,,,-0.51,,,,,,,,,-0.55,-0.57,-0.64,-0.5433333333333334
1911,9,1911-09-01,,,-0.48,,,,,,,,,-0.51,-0.55,-0.57,-0.5133333333333335
1911,10,1911-10-01,,,-0.4,,,,,,,,,-0.48,-0.51,-0.55,-0.46333333333333354
1911,11,1911-11-01,,,-0.46,,,,,,,,,-0.4,-0.48,-0.51,-0.4466666666666668
1911,12,1911-12-01,,,-0.46,,,,,,,,,-0.46,-0.4,-0.48,-0.44000000000000017
1912,1,1912-01-01,,,-0.5,,,,,,,,,-0.46,-0.46,-0.4,-0.47333333333333344
1912,2,1912-02-01,,,-0.54,,,,,,,,,-0.5,-0.46,-0.46,-0.5000000000000001
1912,3,1912-03-01,,,-0.51,,,,,,,,,-0.54,-0.5,-0.46,-0.5166666666666669
1912,4,1912-04-01,,,-0.48,,,,,,,,,-0.51,-0.54,-0.5,-0.5100000000000002
1912,5,1912-05-01,,,-0.46,,,,,,,,,-0.48,-0.51,-0.54,-0.48333333333333345
1912,6,1912-06-01,,,-0.61,,,,,,,,,-0.46,-0.48,-0.51,-0.5166666666666668
1912,7,1912-07-01,,,-0.84,,,,,,,,,-0.61,-0.46,-0.48,-0.6366666666666668
1912,8,1912-08-01,,,-1.07,,,,,,,,,-0.84,-0.61,-0.46,-0.8400000000000002
1912,9,1912-09-01,,,-0.84,,,,,,,,,-1.07,-0.84,-0.61,-0.9166666666666669
1912,10,1912-10-01,,,-0.64,,,,,,,,,-0.84,-1.07,-0.84,-0.8500000000000002
1912,11,1912-11-01,,,-0.62,,,,,,,,,-0.64,-0.84,-1.07,-0.7000000000000001
1912,12,1912-12-01,,,-0.53,,,,,,,,,-0.62,-0.64,-0.84,-0.5966666666666668
1913,1,1913-01-01,,,-0.49,,,,,,,,,-0.53,-0.62,-0.64,-0.5466666666666667
1913,2,1913-02-01,,,-0.44,,,,,,,,,-0.49,-0.53,-0.62,-0.48666666666666675
1913,3,1913-03-01,,,-0.51,,,,,,,,,-0.44,-0.49,-0.53,-0.48000000000000015
1913,4,1913-04-01,,,-0.77,,,,,,,,,-0.51,-0.44,-0.49,-0.5733333333333334
1913,5,1913-05-01,,,-0.8,,,,,,,,,-0.77,-0.51,-0.44,-0.6933333333333335
1913,6,1913-06-01,,,-0.96,,,,,,,,,-0.8,-0.77,-0.51,-0.8433333333333334
1913,7,1913-07-01,,,-0.88,,,,,,,,,-0.96,-0.8,-0.77,-0.8800000000000002
1913,8,1913-08-01,,,-0.86,,,,,,,,,-0.88,-0.96,-0.8,-0.9
1913,9,1913-09-01,,,-0.77,,,,,,,,,-0.86,-0.88,-0.96,-0.8366666666666668
1913,10,1913-10-01,,,-0.57,,,,,,,,,-0.77,-0.86,-0.88,-0.7333333333333334
1913,11,1913-11-01,,,-0.53,,,,,,,,,-0.57,-0.77,-0.86,-0.6233333333333334
1913,12,1913-12-01,,,-0.37,,,,,,,,,-0.53,-0.57,-0.77,-0.49000000000000005
1914,1,1914-01-01,,,-0.33,,,,,,,,,-0.37,-0.53,-0.57,-0.41000000000000014
1914,2,1914-02-01,,,-0.44,,,,,,,,,-0.33,-0.37,-0.53,-0.3800000000000001
1914,3,1914-03-01,,,-0.63,,,,,,,,,-0.44,-0.33,-0.37,-0.4666666666666668
1914,4,1914-04-01,,,-0.58,,,,,,,,,-0.63,-0.44,-0.33,-0.5500000000000002
1914,5,1914-05-01,,,-0.55,,,,,,,,,-0.58,-0.63,-0.44,-0.5866666666666668
1914,6,1914-06-01,,,-0.67,,,,,,,,,-0.55,-0.58,-0.63,-0.6000000000000002
1914,7,1914-07-01,,,-0.88,,,,,,,,,-0.67,-0.55,-0.58,-0.7000000000000002
1914,8,1914-08-01,,,-0.85,,,,,,,,,-0.88,-0.67,-0.55,-0.8000000000000002
1914,9,1914-09-01,,,-0.53,,,,,,,,,-0.85,-0.88,-0.67,-0.7533333333333335
1914,10,1914-10-01,,,-0.24,,,,,,,,,-0.53,-0.85,-0.88,-0.5400000000000001
1914,11,1914-11-01,,,-0.25,,,,,,,,,-0.24,-0.53,-0.85,-0.34000000000000014
1914,12,1914-12-01,,,-0.29,,,,,,,,,-0.25,-0.24,-0.53,-0.26000000000000006
1915,1,1915-01-01,,,-0.24,,,,,,,,,-0.29,-0.25,-0.24,-0.26000000000000006
1915,2,1915-02-01,,,-0.15,,,,,,,,,-0.24,-0.29,-0.25,-0.22666666666666677
1915,3,1915-03-01,,,-0.11,,,,,,,,,-0.15,-0.24,-0.29,-0.16666666666666677
1915,4,1915-04-01,,,-0.17,,,,,,,,,-0.11,-0.15,-0.24,-0.14333333333333345
1915,5,1915-05-01,,,-0.04,,,,,,,,,-0.17,-0.11,-0.15,-0.10666666666666678
1915,6,1915-06-01,,,-0.02,,,,,,,,,-0.04,-0.17,-0.11,-0.07666666666666677
1915,7,1915-07-01,,,-0.03,,,,,,,,,-0.02,-0.04,-0.17,-0.03000000000000011
1915,8,1915-08-01,,,-0.03,,,,,,,,,-0.03,-0.02,-0.04,-0.02666666666666678
1915,9,1915-09-01,,,-0.04,,,,,,,,,-0.03,-0.03,-0.02,-0.033333333333333444
1915,10,1915-10-01,,,-0.06,,,,,,,,,-0.04,-0.03,-0.03,-0.043333333333333446
1915,11,1915-11-01,,,-0.04,,,,,,,,,-0.06,-0.04,-0.03,-0.04666666666666677
1915,12,1915-12-01,,,-0.08,,,,,,,,,-0.04,-0.06,-0.04,-0.06000000000000011
1916,1,1916-01-01,,,-0.18,,,,,,,,,-0.08,-0.04,-0.06,-0.1000000000000001
1916,2,1916-02-01,,,-0.15,,,,,,,,,-0.18,-0.08,-0.04,-0.1366666666666668
1916,3,1916-03-01,,,-0.33,,,,,,,,,-0.15,-0.18,-0.08,-0.2200000000000001
1916,4,1916-04-01,,,-0.33,,,,,,,,,-0.33,-0.15,-0.18,-0.2700000000000001
1916,5,1916-05-01,,,-0.26,,,,,,,,,-0.33,-0.33,-0.15,-0.3066666666666668
1916,6,1916-06-01,,,-0.27,,,,,,,,,-0.26,-0.33,-0.33,-0.2866666666666668
1916,7,1916-07-01,,,-0.4,,,,,,,,,-0.27,-0.26,-0.33,-0.3100000000000001
1916,8,1916-08-01,,,-0.53,,,,,,,,,-0.4,-0.27,-0.26,-0.40000000000000013
1916,9,1916-09-01,,,-0.44,,,,,,,,,-0.53,-0.4,-0.27,-0.4566666666666668
1916,10,1916-10-01,,,-0.16,,,,,,,,,-0.44,-0.53,-0.4,-0.37666666666666687
1916,11,1916-11-01,,,-0.42,,,,,,,,,-0.16,-0.44,-0.53,-0.34000000000000014
1916,12,1916-12-01,,,-0.47,,,,,,,,,-0.42,-0.16,-0.44,-0.35000000000000014
1917,1,1917-01-01,,,-0.52,,,,,,,,,-0.47,-0.42,-0.16,-0.4700000000000002
1917,2,1917-02-01,,,-0.49,,,,,,,,,-0.52,-0.47,-0.42,-0.49333333333333346
1917,3,1917-03-01,,,-0.52,,,,,,,,,-0.49,-0.52,-0.47,-0.5100000000000001
1917,4,1917-04-01,,,-0.57,,,,,,,,,-0.52,-0.49,-0.52,-0.5266666666666668
1917,5,1917-05-01,,,-0.52,,,,,,,,,-0.57,-0.52,-0.49,-0.5366666666666667
1917,6,1917-06-01,,,-0.43,,,,,,,,,-0.52,-0.57,-0.52,-0.5066666666666668
1917,7,1917-07-01,,,-0.45,,,,,,,,,-0.43,-0.52,-0.57,-0.4666666666666668
1917,8,1917-08-01,,,-0.47,,,,,,,,,-0.45,-0.43,-0.52,-0.4500000000000002
1917,9,1917-09-01,,,-0.68,,,,,,,,,-0.47,-0.45,-0.43,-0.5333333333333335
1917,10,1917-10-01,,,-0.51,,,,,,,,,-0.68,-0.47,-0.45,-0.5533333333333335
1917,11,1917-11-01,,,-0.39,,,,,,,,,-0.51,-0.68,-0.47,-0.5266666666666668
1917,12,1917-12-01,,,-0.3,,,,,,,,,-0.39,-0.51,-0.68,-0.40000000000000013
1918,1,1918-01-01,,,-0.27,,,,,,,,,-0.3,-0.39,-0.51,-0.3200000000000001
1918,2,1918-02-01,,,-0.34,,,,,,,,,-0.27,-0.3,-0.39,-0.3033333333333335
1918,3,1918-03-01,,,-0.5,,,,,,,,,-0.34,-0.27,-0.3,-0.37000000000000016
1918,4,1918-04-01,,,-0.51,,,,,,,,,-0.5,-0.34,-0.27,-0.4500000000000002
1918,5,1918-05-01,,,-0.48,,,,,,,,,-0.51,-0.5,-0.34,-0.4966666666666668
1918,6,1918-06-01,,,-0.58,,,,,,,,,-0.48,-0.51,-0.5,-0.5233333333333334
1918,7,1918-07-01,,,-0.69,,,,,,,,,-0.58,-0.48,-0.51,-0.5833333333333335
1918,8,1918-08-01,,,-0.78,,,,,,,,,-0.69,-0.58,-0.48,-0.6833333333333335
1918,9,1918-09-01,,,-0.72,,,,,,,,,-0.78,-0.69,-0.58,-0.7300000000000001
1918,10,1918-10-01,,,-0.58,,,,,,,,,-0.72,-0.78,-0.69,-0.6933333333333334
1918,11,1918-11-01,,,-0.34,,,,,,,,,-0.58,-0.72,-0.78,-0.5466666666666669
1918,12,1918-12-01,,,-0.15,,,,,,,,,-0.34,-0.58,-0.72,-0.35666666666666685
1919,1,1919-01-01,,,-0.19,,,,,,,,,-0.15,-0.34,-0.58,-0.22666666666666682
1919,2,1919-02-01,,,-0.11,,,,,,,,,-0.19,-0.15,-0.34,-0.15000000000000016
1919,3,1919-03-01,,,-0.11,,,,,,,,,-0.11,-0.19,-0.15,-0.13666666666666683
1919,4,1919-04-01,,,-0.28,,,,,,,,,-0.11,-0.11,-0.19,-0.16666666666666682
1919,5,1919-05-01,,,-0.4,,,,,,,,,-0.28,-0.11,-0.11,-0.2633333333333335
1919,6,1919-06-01,,,-0.54,,,,,,,,,-0.4,-0.28,-0.11,-0.4066666666666669
1919,7,1919-07-01,,,-0.73,,,,,,,,,-0.54,-0.4,-0.28,-0.5566666666666668
1919,8,1919-08-01,,,-0.49,,,,,,,,,-0.73,-0.54,-0.4,-0.5866666666666669
1919,9,1919-09-01,,,-0.31,,,,,,,,,-0.49,-0.73,-0.54,-0.5100000000000001
1919,10,1919-10-01,,,-0.19,,,,,,,,,-0.31,-0.49,-0.73,-0.3300000000000001
1919,11,1919-11-01,,,-0.31,,,,,,,,,-0.19,-0.31,-0.49,-0.2700000000000002
1919,12,1919-12-01,,,-0.37,,,,,,,,,-0.31,-0.19,-0.31,-0.2900000000000001
1920,1,1920-01-01,,,-0.45,,,,,,,,,-0.37,-0.31,-0.19,-0.37666666666666676
1920,2,1920-02-01,,,-0.44,,,,,,,,,-0.45,-0.37,-0.31,-0.42000000000000015
1920,3,1920-03-01,,,-0.42,,,,,,,,,-0.44,-0.45,-0.37,-0.4366666666666668
1920,4,1920-04-01,,,-0.44,,,,,,,,,-0.42,-0.44,-0.45,-0.4333333333333335
1920,5,1920-05-01,,,-0.5,,,,,,,,,-0.44,-0.42,-0.44,-0.45333333333333353
1920,6,1920-06-01,,,-0.62,,,,,,,,,-0.5,-0.44,-0.42,-0.5200000000000001
1920,7,1920-07-01,,,-0.76,,,,,,,,,-0.62,-0.5,-0.44,-0.6266666666666668
1920,8,1920-08-01,,,-0.76,,,,,,,,,-0.76,-0.62,-0.5,-0.7133333333333335
1920,9,1920-09-01,,,-0.52,,,,,,,,,-0.76,-0.76,-0.62,-0.6800000000000002
1920,10,1920-10-01,,,-0.4,,,,,,,,,-0.52,-0.76,-0.76,-0.5600000000000002
1920,11,1920-11-01,,,-0.43,,,,,,,,,-0.4,-0.52,-0.76,-0.4500000000000002
1920,12,1920-12-01,,,-0.42,,,,,,,,,-0.43,-0.4,-0.52,-0.4166666666666668
1921,1,1921-01-01,,,-0.37,,,,,,,,,-0.42,-0.43,-0.4,-0.4066666666666668
1921,2,1921-02-01,,,-0.25,,,,,,,,,-0.37,-0.42,-0.43,-0.34666666666666685
1921,3,1921-03-01,,,-0.24,,,,,,,,,-0.25,-0.37,-0.42,-0.2866666666666668
1921,4,1921-04-01,,,-0.29,,,,,,,,,-0.24,-0.25,-0.37,-0.2600000000000002
1921,5,1921-05-01,,,-0.47,,,,,,,,,-0.29,-0.24,-0.25,-0.3333333333333335
1921,6,1921-06-01,,,-0.48,,,,,,,,,-0.47,-0.29,-0.24,-0.4133333333333335
1921,7,1921-07-01,,,-0.36,,,,,,,,,-0.48,-0.47,-0.29,-0.43666666666666676
1921,8,1921-08-01,,,-0.64,,,,,,,,,-0.36,-0.48,-0.47,-0.49333333333333346
1921,9,1921-09-01,,,-0.44,,,,,,,,,-0.64,-0.36,-0.48,-0.48000000000000015
1921,10,1921-10-01,,,-0.1,,,,,,,,,-0.44,-0.64,-0.36,-0.39333333333333353
1921,11,1921-11-01,,,-0.26,,,,,,,,,-0.1,-0.44,-0.64,-0.26666666666666683
1921,12,1921-12-01,,,-0.16,,,,,,,,,-0.26,-0.1,-0.44,-0.17333333333333348
1922,1,1922-01-01,,,-0.21,,,,,,,,,-0.16,-0.26,-0.1,-0.2100000000000002
1922,2,1922-02-01,,,-0.24,,,,,,,,,-0.21,-0.16,-0.26,-0.2033333333333335
1922,3,1922-03-01,,,-0.42,,,,,,,,,-0.24,-0.21,-0.16,-0.29000000000000015
1922,4,1922-04-01,,,-0.58,,,,,,,,,-0.42,-0.24,-0.21,-0.4133333333333335
1922,5,1922-05-01,,,-0.62,,,,,,,,,-0.58,-0.42,-0.24,-0.5400000000000001
1922,6,1922-06-01,,,-0.6,,,,,,,,,-0.62,-0.58,-0.42,-0.6000000000000002
1922,7,1922-07-01,,,-0.83,,,,,,,,,-0.6,-0.62,-0.58,-0.6833333333333335
1922,8,1922-08-01,,,-0.74,,,,,,,,,-0.83,-0.6,-0.62,-0.7233333333333335
1922,9,1922-09-01,,,-0.64,,,,,,,,,-0.74,-0.83,-0.6,-0.7366666666666668
1922,10,1922-10-01,,,-0.43,,,,,,,,,-0.64,-0.74,-0.83,-0.6033333333333334
1922,11,1922-11-01,,,-0.45,,,,,,,,,-0.43,-0.64,-0.74,-0.5066666666666668
1922,12,1922-12-01,,,-0.38,,,,,,,,,-0.45,-0.43,-0.64,-0.42000000000000015
1923,1,1923-01-01,,,-0.4,,,,,,,,,-0.38,-0.45,-0.43,-0.41000000000000014
1923,2,1923-02-01,,,-0.49,,,,,,,,,-0.4,-0.38,-0.45,-0.4233333333333335
1923,3,1923-03-01,,,-0.53,,,,,,,,,-0.49,-0.4,-0.38,-0.47333333333333344
1923,4,1923-04-01,,,-0.62,,,,,,,,,-0.53,-0.49,-0.4,-0.5466666666666669
1923,5,1923-05-01,,,-0.55,,,,,,,,,-0.62,-0.53,-0.49,-0.5666666666666668
1923,6,1923-06-01,,,-0.66,,,,,,,,,-0.55,-0.62,-0.53,-0.6100000000000002
1923,7,1923-07-01,,,-0.74,,,,,,,,,-0.66,-0.55,-0.62,-0.6500000000000002
1923,8,1923-08-01,,,-0.89,,,,,,,,,-0.74,-0.66,-0.55,-0.7633333333333335
1923,9,1923-09-01,,,-0.72,,,,,,,,,-0.89,-0.74,-0.66,-0.7833333333333335
1923,10,1923-10-01,,,-0.45,,,,,,,,,-0.72,-0.89,-0.74,-0.6866666666666669
1923,11,1923-11-01,,,-0.38,,,,,,,,,-0.45,-0.72,-0.89,-0.5166666666666668
1923,12,1923-12-01,,,-0.13,,,,,,,,,-0.38,-0.45,-0.72,-0.3200000000000001
1924,1,1924-01-01,,,-0.25,,,,,,,,,-0.13,-0.38,-0.45,-0.25333333333333347
1924,2,1924-02-01,,,-0.36,,,,,,,,,-0.25,-0.13,-0.38,-0.2466666666666668
1924,3,1924-03-01,,,-0.32,,,,,,,,,-0.36,-0.25,-0.13,-0.3100000000000001
1924,4,1924-04-01,,,-0.34,,,,,,,,,-0.32,-0.36,-0.25,-0.34000000000000014
1924,5,1924-05-01,,,-0.22,,,,,,,,,-0.34,-0.32,-0.36,-0.2933333333333335
1924,6,1924-06-01,,,-0.39,,,,,,,,,-0.22,-0.34,-0.32,-0.3166666666666668
1924,7,1924-07-01,,,-0.56,,,,,,,,,-0.39,-0.22,-0.34,-0.3900000000000001
1924,8,1924-08-01,,,-0.6,,,,,,,,,-0.56,-0.39,-0.22,-0.5166666666666668
1924,9,1924-09-01,,,-0.57,,,,,,,,,-0.6,-0.56,-0.39,-0.5766666666666668
1924,10,1924-10-01,,,-0.45,,,,,,,,,-0.57,-0.6,-0.56,-0.5400000000000001
1924,11,1924-11-01,,,-0.45,,,,,,,,,-0.45,-0.57,-0.6,-0.49000000000000016
1924,12,1924-12-01,,,-0.4,,,,,,,,,-0.45,-0.45,-0.57,-0.4333333333333335
1925,1,1925-01-01,,,-0.48,,,,,,,,,-0.4,-0.45,-0.45,-0.4433333333333335
1925,2,1925-02-01,,,-0.38,,,,,,,,,-0.48,-0.4,-0.45,-0.42000000000000015
1925,3,1925-03-01,,,-0.38,,,,,,,,,-0.38,-0.48,-0.4,-0.4133333333333335
1925,4,1925-04-01,,,-0.39,,,,,,,,,-0.38,-0.38,-0.48,-0.38333333333333347
1925,5,1925-05-01,,,-0.3,,,,,,,,,-0.39,-0.38,-0.38,-0.35666666666666685
1925,6,1925-06-01,,,-0.45,,,,,,,,,-0.3,-0.39,-0.38,-0.38000000000000017
1925,7,1925-07-01,,,-0.47,,,,,,,,,-0.45,-0.3,-0.39,-0.4066666666666668
1925,8,1925-08-01,,,-0.5,,,,,,,,,-0.47,-0.45,-0.3,-0.47333333333333344
1925,9,1925-09-01,,,-0.42,,,,,,,,,-0.5,-0.47,-0.45,-0.46333333333333343
1925,10,1925-10-01,,,-0.27,,,,,,,,,-0.42,-0.5,-0.47,-0.3966666666666668
1925,11,1925-11-01,,,-0.36,,,,,,,,,-0.27,-0.42,-0.5,-0.35000000000000014
1925,12,1925-12-01,,,-0.15,,,,,,,,,-0.36,-0.27,-0.42,-0.2600000000000002
1926,1,1926-01-01,,,-0.06,,,,,,,,,-0.15,-0.36,-0.27,-0.19000000000000017
1926,2,1926-02-01,,,-0.04,,,,,,,,,-0.06,-0.15,-0.36,-0.08333333333333348
1926,3,1926-03-01,,,-0.17,,,,,,,,,-0.04,-0.06,-0.15,-0.09000000000000015
1926,4,1926-04-01,,,-0.1,,,,,,,,,-0.17,-0.04,-0.06,-0.1033333333333335
1926,5,1926-05-01,,,-0.18,,,,,,,,,-0.1,-0.17,-0.04,-0.15000000000000016
1926,6,1926-06-01,,,-0.23,,,,,,,,,-0.18,-0.1,-0.17,-0.17000000000000015
1926,7,1926-07-01,,,-0.28,,,,,,,,,-0.23,-0.18,-0.1,-0.23000000000000018
1926,8,1926-08-01,,,-0.33,,,,,,,,,-0.28,-0.23,-0.18,-0.2800000000000002
1926,9,1926-09-01,,,-0.22,,,,,,,,,-0.33,-0.28,-0.23,-0.27666666666666684
1926,10,1926-10-01,,,0.07,,,,,,,,,-0.22,-0.33,-0.28,-0.16000000000000014
1926,11,1926-11-01,,,-0.09,,,,,,,,,0.07,-0.22,-0.33,-0.08000000000000014
1926,12,1926-12-01,,,-0.01,,,,,,,,,-0.09,0.07,-0.22,-0.010000000000000146
1927,1,1927-01-01,,,0.01,,,,,,,,,-0.01,-0.09,0.07,-0.030000000000000148
1927,2,1927-02-01,,,0.01,,,,,,,,,0.01,-0.01,-0.09,0.003333333333333183
1927,3,1927-03-01,,,-0.05,,,,,,,,,0.01,0.01,-0.01,-0.010000000000000151
1927,4,1927-04-01,,,-0.1,,,,,,,,,-0.05,0.01,0.01,-0.04666666666666682
1927,5,1927-05-01,,,0.01,,,,,,,,,-0.1,-0.05,0.01,-0.04666666666666682
1927,6,1927-06-01,,,-0.14,,,,,,,,,0.01,-0.1,-0.05,-0.07666666666666681
1927,7,1927-07-01,,,-0.25,,,,,,,,,-0.14,0.01,-0.1,-0.12666666666666682
1927,8,1927-08-01,,,-0.23,,,,,,,,,-0.25,-0.14,0.01,-0.2066666666666668
1927,9,1927-09-01,,,-0.15,,,,,,,,,-0.23,-0.25,-0.14,-0.21000000000000016
1927,10,1927-10-01,,,0.04,,,,,,,,,-0.15,-0.23,-0.25,-0.1133333333333335
1927,11,1927-11-01,,,0.1,,,,,,,,,0.04,-0.15,-0.23,-0.003333333333333475
1927,12,1927-12-01,,,-0.03,,,,,,,,,0.1,0.04,-0.15,0.03666666666666652
1928,1,1928-01-01,,,-0.11,,,,,,,,,-0.03,0.1,0.04,-0.01333333333333348
1928,2,1928-02-01,,,-0.22,,,,,,,,,-0.11,-0.03,0.1,-0.12000000000000015
1928,3,1928-03-01,,,-0.21,,,,,,,,,-0.22,-0.11,-0.03,-0.18000000000000016
1928,4,1928-04-01,,,-0.39,,,,,,,,,-0.21,-0.22,-0.11,-0.2733333333333335
1928,5,1928-05-01,,,-0.36,,,,,,,,,-0.39,-0.21,-0.22,-0.3200000000000001
1928,6,1928-06-01,,,-0.3,,,,,,,,,-0.36,-0.39,-0.21,-0.35000000000000014
1928,7,1928-07-01,,,-0.3,,,,,,,,,-0.3,-0.36,-0.39,-0.3200000000000001
1928,8,1928-08-01,,,-0.33,,,,,,,,,-0.3,-0.3,-0.36,-0.31000000000000016
1928,9,1928-09-01,,,-0.23,,,,,,,,,-0.33,-0.3,-0.3,-0.2866666666666668
1928,10,1928-10-01,,,-0.17,,,,,,,,,-0.23,-0.33,-0.3,-0.2433333333333335
1928,11,1928-11-01,,,-0.2,,,,,,,,,-0.17,-0.23,-0.33,-0.20000000000000018
1928,12,1928-12-01,,,-0.22,,,,,,,,,-0.2,-0.17,-0.23,-0.19666666666666685
1929,1,1929-01-01,,,-0.17,,,,,,,,,-0.22,-0.2,-0.17,-0.19666666666666685
1929,2,1929-02-01,,,-0.17,,,,,,,,,-0.17,-0.22,-0.2,-0.18666666666666684
1929,3,1929-03-01,,,-0.21,,,,,,,,,-0.17,-0.17,-0.22,-0.1833333333333335
1929,4,1929-04-01,,,-0.23,,,,,,,,,-0.21,-0.17,-0.17,-0.20333333333333348
1929,5,1929-05-01,,,-0.46,,,,,,,,,-0.23,-0.21,-0.17,-0.30000000000000016
1929,6,1929-06-01,,,-0.57,,,,,,,,,-0.46,-0.23,-0.21,-0.42000000000000015
1929,7,1929-07-01,,,-0.58,,,,,,,,,-0.57,-0.46,-0.23,-0.5366666666666667
1929,8,1929-08-01,,,-0.53,,,,,,,,,-0.58,-0.57,-0.46,-0.5600000000000002
1929,9,1929-09-01,,,-0.36,,,,,,,,,-0.53,-0.58,-0.57,-0.49000000000000016
1929,10,1929-10-01,,,-0.21,,,,,,,,,-0.36,-0.53,-0.58,-0.36666666666666686
1929,11,1929-11-01,,,-0.22,,,,,,,,,-0.21,-0.36,-0.53,-0.2633333333333335
1929,12,1929-12-01,,,-0.32,,,,,,,,,-0.22,-0.21,-0.36,-0.25000000000000017
1930,1,1930-01-01,,,-0.28,,,,,,,,,-0.32,-0.22,-0.21,-0.2733333333333335
1930,2,1930-02-01,,,-0.33,,,,,,,,,-0.28,-0.32,-0.22,-0.3100000000000002
1930,3,1930-03-01,,,-0.33,,,,,,,,,-0.33,-0.28,-0.32,-0.3133333333333335
1930,4,1930-04-01,,,-0.51,,,,,,,,,-0.33,-0.33,-0.28,-0.3900000000000001
1930,5,1930-05-01,,,-0.36,,,,,,,,,-0.51,-0.33,-0.33,-0.40000000000000013
1930,6,1930-06-01,,,-0.38,,,,,,,,,-0.36,-0.51,-0.33,-0.4166666666666668
1930,7,1930-07-01,,,-0.32,,,,,,,,,-0.38,-0.36,-0.51,-0.3533333333333335
1930,8,1930-08-01,,,-0.38,,,,,,,,,-0.32,-0.38,-0.36,-0.36000000000000015
1930,9,1930-09-01,,,-0.11,,,,,,,,,-0.38,-0.32,-0.38,-0.2700000000000002
1930,10,1930-10-01,,,0.1,,,,,,,,,-0.11,-0.38,-0.32,-0.13000000000000014
1930,11,1930-11-01,,,0.17,,,,,,,,,0.1,-0.11,-0.38,0.0533333333333332
1930,12,1930-12-01,,,0.08,,,,,,,,,0.17,0.1,-0.11,0.11666666666666653
1931,1,1931-01-01,,,0.06,,,,,,,,,0.08,0.17,0.1,0.10333333333333321
1931,2,1931-02-01,,,-0.01,,,,,,,,,0.06,0.08,0.17,0.04333333333333319
1931,3,1931-03-01,,,0.03,,,,,,,,,-0.01,0.06,0.08,0.026666666666666516
1931,4,1931-04-01,,,0.02,,,,,,,,,0.03,-0.01,0.06,0.013333333333333183
1931,5,1931-05-01,,,0.06,,,,,,,,,0.02,0.03,-0.01,0.036666666666666514
1931,6,1931-06-01,,,0.01,,,,,,,,,0.06,0.02,0.03,0.02999999999999985
1931,7,1931-07-01,,,-0.13,,,,,,,,,0.01,0.06,0.02,-0.020000000000000153
1931,8,1931-08-01,,,-0.17,,,,,,,,,-0.13,0.01,0.06,-0.09666666666666683
1931,9,1931-09-01,,,-0.02,,,,,,,,,-0.17,-0.13,0.01,-0.10666666666666681
1931,10,1931-10-01,,,0.17,,,,,,,,,-0.02,-0.17,-0.13,-0.006666666666666811
1931,11,1931-11-01,,,0.03,,,,,,,,,0.17,-0.02,-0.17,0.05999999999999986
1931,12,1931-12-01,,,0.09,,,,,,,,,0.03,0.17,-0.02,0.09666666666666653
1932,1,1932-01-01,,,0.16,,,,,,,,,0.09,0.03,0.17,0.0933333333333332
1932,2,1932-02-01,,,0.2,,,,,,,,,0.16,0.09,0.03,0.14999999999999986
1932,3,1932-03-01,,,0.16,,,,,,,,,0.2,0.16,0.09,0.1733333333333332
1932,4,1932-04-01,,,0.12,,,,,,,,,0.16,0.2,0.16,0.15999999999999984
1932,5,1932-05-01,,,-0.02,,,,,,,,,0.12,0.16,0.2,0.08666666666666652
1932,6,1932-06-01,,,-0.01,,,,,,,,,-0.02,0.12,0.16,0.02999999999999985
1932,7,1932-07-01,,,-0.1,,,,,,,,,-0.01,-0.02,0.12,-0.04333333333333348
1932,8,1932-08-01,,,0.17,,,,,,,,,-0.1,-0.01,-0.02,0.019999999999999855
1932,9,1932-09-01,,,0.2,,,,,,,,,0.17,-0.1,-0.01,0.08999999999999986
1932,10,1932-10-01,,,0.11,,,,,,,,,0.2,0.17,-0.1,0.15999999999999984
1932,11,1932-11-01,,,0.04,,,,,,,,,0.11,0.2,0.17,0.11666666666666653
1932,12,1932-12-01,,,0.04,,,,,,,,,0.04,0.11,0.2,0.06333333333333319
1933,1,1933-01-01,,,0.06,,,,,,,,,0.04,0.04,0.11,0.04666666666666652
1933,2,1933-02-01,,,0.13,,,,,,,,,0.06,0.04,0.04,0.07666666666666652
1933,3,1933-03-01,,,0.01,,,,,,,,,0.13,0.06,0.04,0.06666666666666653
1933,4,1933-04-01,,,0.14,,,,,,,,,0.01,0.13,0.06,0.0933333333333332
1933,5,1933-05-01,,,0.16,,,,,,,,,0.14,0.01,0.13,0.10333333333333321
1933,6,1933-06-01,,,0.06,,,,,,,,,0.16,0.14,0.01,0.11999999999999984
1933,7,1933-07-01,,,-0.05,,,,,,,,,0.06,0.16,0.14,0.05666666666666651
1933,8,1933-08-01,,,-0.07,,,,,,,,,-0.05,0.06,0.16,-0.020000000000000153
1933,9,1933-09-01,,,0.03,,,,,,,,,-0.07,-0.05,0.06,-0.03000000000000015
1933,10,1933-10-01,,,0.33,,,,,,,,,0.03,-0.07,-0.05,0.09666666666666653
1933,11,1933-11-01,,,0.12,,,,,,,,,0.33,0.03,-0.07,0.15999999999999984
1933,12,1933-12-01,,,-0.12,,,,,,,,,0.12,0.33,0.03,0.10999999999999983
1934,1,1934-01-01,,,-0.12,,,,,,,,,-0.12,0.12,0.33,-0.04000000000000015
1934,2,1934-02-01,,,-0.25,,,,,,,,,-0.12,-0.12,0.12,-0.16333333333333347
1934,3,1934-03-01,,,-0.22,,,,,,,,,-0.25,-0.12,-0.12,-0.1966666666666668
1934,4,1934-04-01,,,-0.25,,,,,,,,,-0.22,-0.25,-0.12,-0.24000000000000013
1934,5,1934-05-01,,,-0.3,,,,,,,,,-0.25,-0.22,-0.25,-0.2566666666666668
1934,6,1934-06-01,,,-0.16,,,,,,,,,-0.3,-0.25,-0.22,-0.2366666666666668
1934,7,1934-07-01,,,-0.12,,,,,,,,,-0.16,-0.3,-0.25,-0.19333333333333347
1934,8,1934-08-01,,,-0.15,,,,,,,,,-0.12,-0.16,-0.3,-0.14333333333333348
1934,9,1934-09-01,,,-0.06,,,,,,,,,-0.15,-0.12,-0.16,-0.11000000000000015
1934,10,1934-10-01,,,0.1,,,,,,,,,-0.06,-0.15,-0.12,-0.03666666666666681
1934,11,1934-11-01,,,0.01,,,,,,,,,0.1,-0.06,-0.15,0.01666666666666652
1934,12,1934-12-01,,,-0.05,,,,,,,,,0.01,0.1,-0.06,0.019999999999999855
1935,1,1935-01-01,,,-0.0,,,,,,,,,-0.05,0.01,0.1,-0.01333333333333348
1935,2,1935-02-01,,,-0.15,,,,,,,,,-0.0,-0.05,0.01,-0.0666666666666668
1935,3,1935-03-01,,,-0.21,,,,,,,,,-0.15,-0.0,-0.05,-0.12000000000000015
1935,4,1935-04-01,,,-0.11,,,,,,,,,-0.21,-0.15,-0.0,-0.15666666666666682
1935,5,1935-05-01,,,-0.1,,,,,,,,,-0.11,-0.21,-0.15,-0.14000000000000015
1935,6,1935-06-01,,,-0.12,,,,,,,,,-0.1,-0.11,-0.21,-0.11000000000000015
1935,7,1935-07-01,,,-0.23,,,,,,,,,-0.12,-0.1,-0.11,-0.15000000000000016
1935,8,1935-08-01,,,-0.21,,,,,,,,,-0.23,-0.12,-0.1,-0.1866666666666668
1935,9,1935-09-01,,,-0.3,,,,,,,,,-0.21,-0.23,-0.12,-0.2466666666666668
1935,10,1935-10-01,,,-0.17,,,,,,,,,-0.3,-0.21,-0.23,-0.22666666666666682
1935,11,1935-11-01,,,-0.02,,,,,,,,,-0.17,-0.3,-0.21,-0.1633333333333335
1935,12,1935-12-01,,,0.02,,,,,,,,,-0.02,-0.17,-0.3,-0.056666666666666816
1936,1,1936-01-01,,,0.03,,,,,,,,,0.02,-0.02,-0.17,0.009999999999999851
1936,2,1936-02-01,,,0.0,,,,,,,,,0.03,0.02,-0.02,0.01666666666666652
1936,3,1936-03-01,,,0.08,,,,,,,,,0.0,0.03,0.02,0.03666666666666652
1936,4,1936-04-01,,,0.03,,,,,,,,,0.08,0.0,0.03,0.03666666666666652
1936,5,1936-05-01,,,-0.02,,,,,,,,,0.03,0.08,0.0,0.02999999999999985
1936,6,1936-06-01,,,0.09,,,,,,,,,-0.02,0.03,0.08,0.03333333333333318
1936,7,1936-07-01,,,-0.17,,,,,,,,,0.09,-0.02,0.03,-0.033333333333333486
1936,8,1936-08-01,,,-0.15,,,,,,,,,-0.17,0.09,-0.02,-0.07666666666666681
1936,9,1936-09-01,,,-0.13,,,,,,,,,-0.15,-0.17,0.09,-0.15000000000000016
1936,10,1936-10-01,,,-0.0,,,,,,,,,-0.13,-0.15,-0.17,-0.09333333333333349
1936,11,1936-11-01,,,-0.07,,,,,,,,,-0.0,-0.13,-0.15,-0.06666666666666682
1936,12,1936-12-01,,,-0.03,,,,,,,,,-0.07,-0.0,-0.13,-0.033333333333333486
1937,1,1937-01-01,,,0.07,,,,,,,,,-0.03,-0.07,-0.0,-0.010000000000000148
1937,2,1937-02-01,,,0.06,,,,,,,,,0.07,-0.03,-0.07,0.03333333333333319
1937,3,1937-03-01,,,0.04,,,,,,,,,0.06,0.07,-0.03,0.056666666666666525
1937,4,1937-04-01,,,-0.07,,,,,,,,,0.04,0.06,0.07,0.009999999999999851
1937,5,1937-05-01,,,0.0,,,,,,,,,-0.07,0.04,0.06,-0.010000000000000148
1937,6,1937-06-01,,,0.35,,,,,,,,,0.0,-0.07,0.04,0.09333333333333317
1937,7,1937-07-01,,,0.36,,,,,,,,,0.35,0.0,-0.07,0.2366666666666665
1937,8,1937-08-01,,,0.36,,,,,,,,,0.36,0.35,0.0,0.35666666666666647
1937,9,1937-09-01,,,0.39,,,,,,,,,0.36,0.36,0.35,0.36999999999999983
1937,10,1937-10-01,,,0.22,,,,,,,,,0.39,0.36,0.36,0.3233333333333332
1937,11,1937-11-01,,,0.24,,,,,,,,,0.22,0.39,0.36,0.28333333333333316
1937,12,1937-12-01,,,0.28,,,,,,,,,0.24,0.22,0.39,0.2466666666666665
1938,1,1938-01-01,,,0.08,,,,,,,,,0.28,0.24,0.22,0.19999999999999984
1938,2,1938-02-01,,,0.0,,,,,,,,,0.08,0.28,0.24,0.11999999999999987
1938,3,1938-03-01,,,0.02,,,,,,,,,0.0,0.08,0.28,0.03333333333333319
1938,4,1938-04-01,,,0.0,,,,,,,,,0.02,0.0,0.08,0.006666666666666519
1938,5,1938-05-01,,,0.03,,,,,,,,,0.0,0.02,0.0,0.01666666666666652
1938,6,1938-06-01,,,-0.06,,,,,,,,,0.03,0.0,0.02,-0.010000000000000146
1938,7,1938-07-01,,,-0.19,,,,,,,,,-0.06,0.03,0.0,-0.07333333333333349
1938,8,1938-08-01,,,-0.13,,,,,,,,,-0.19,-0.06,0.03,-0.12666666666666682
1938,9,1938-09-01,,,-0.04,,,,,,,,,-0.13,-0.19,-0.06,-0.12000000000000015
1938,10,1938-10-01,,,0.07,,,,,,,,,-0.04,-0.13,-0.19,-0.033333333333333486
1938,11,1938-11-01,,,0.14,,,,,,,,,0.07,-0.04,-0.13,0.056666666666666525
1938,12,1938-12-01,,,-0.04,,,,,,,,,0.14,0.07,-0.04,0.056666666666666525
1939,1,1939-01-01,,,-0.09,,,,,,,,,-0.04,0.14,0.07,0.0033333333333331883
1939,2,1939-02-01,,,-0.06,,,,,,,,,-0.09,-0.04,0.14,-0.06333333333333348
1939,3,1939-03-01,,,-0.24,,,,,,,,,-0.06,-0.09,-0.04,-0.13000000000000014
1939,4,1939-04-01,,,-0.3,,,,,,,,,-0.24,-0.06,-0.09,-0.20000000000000015
1939,5,1939-05-01,,,-0.19,,,,,,,,,-0.3,-0.24,-0.06,-0.24333333333333348
1939,6,1939-06-01,,,-0.06,,,,,,,,,-0.19,-0.3,-0.24,-0.18333333333333346
1939,7,1939-07-01,,,-0.16,,,,,,,,,-0.06,-0.19,-0.3,-0.13666666666666683
1939,8,1939-08-01,,,0.07,,,,,,,,,-0.16,-0.06,-0.19,-0.05000000000000015
1939,9,1939-09-01,,,0.19,,,,,,,,,0.07,-0.16,-0.06,0.03333333333333319
1939,10,1939-10-01,,,0.14,,,,,,,,,0.19,0.07,-0.16,0.1333333333333332
1939,11,1939-11-01,,,0.07,,,,,,,,,0.14,0.19,0.07,0.1333333333333332
1939,12,1939-12-01,,,0.18,,,,,,,,,0.07,0.14,0.19,0.12999999999999987
1940,1,1940-01-01,,,0.3,,,,,,,,,0.18,0.07,0.14,0.1833333333333332
1940,2,1940-02-01,,,0.17,,,,,,,,,0.3,0.18,0.07,0.21666666666666654
1940,3,1940-03-01,,,0.12,,,,,,,,,0.17,0.3,0.18,0.19666666666666652
1940,4,1940-04-01,,,0.13,,,,,,,,,0.12,0.17,0.3,0.13999999999999987
1940,5,1940-05-01,,,0.17,,,,,,,,,0.13,0.12,0.17,0.13999999999999987
1940,6,1940-06-01,,,0.23,,,,,,,,,0.17,0.13,0.12,0.17666666666666653
1940,7,1940-07-01,,,0.18,,,,,,,,,0.23,0.17,0.13,0.19333333333333322
1940,8,1940-08-01,,,0.21,,,,,,,,,0.18,0.23,0.17,0.20666666666666653
1940,9,1940-09-01,,,0.23,,,,,,,,,0.21,0.18,0.23,0.20666666666666653
1940,10,1940-10-01,,,0.35,,,,,,,,,0.23,0.21,0.18,0.2633333333333332
1940,11,1940-11-01,,,0.36,,,,,,,,,0.35,0.23,0.21,0.3133333333333332
1940,12,1940-12-01,,,0.37,,,,,,,,,0.36,0.35,0.23,0.3599999999999999
1941,1,1941-01-01,,,0.4,,,,,,,,,0.37,0.36,0.35,0.3766666666666665
1941,2,1941-02-01,,,0.28,,,,,,,,,0.4,0.37,0.36,0.34999999999999987
1941,3,1941-03-01,,,0.07,,,,,,,,,0.28,0.4,0.37,0.24999999999999986
1941,4,1941-04-01,,,0.23,,,,,,,,,0.07,0.28,0.4,0.19333333333333322
1941,5,1941-05-01,,,0.13,,,,,,,,,0.23,0.07,0.28,0.1433333333333332
1941,6,1941-06-01,,,-0.07,,,,,,,,,0.13,0.23,0.07,0.09666666666666653
1941,7,1941-07-01,,,0.07,,,,,,,,,-0.07,0.13,0.23,0.04333333333333319
1941,8,1941-08-01,,,0.16,,,,,,,,,0.07,-0.07,0.13,0.053333333333333184
1941,9,1941-09-01,,,0.29,,,,,,,,,0.16,0.07,-0.07,0.1733333333333332
1941,10,1941-10-01,,,0.59,,,,,,,,,0.29,0.16,0.07,0.34666666666666646
1941,11,1941-11-01,,,0.6,,,,,,,,,0.59,0.29,0.16,0.4933333333333331
1941,12,1941-12-01,,,0.51,,,,,,,,,0.6,0.59,0.29,0.5666666666666665
1942,1,1942-01-01,,,0.11,,,,,,,,,0.51,0.6,0.59,0.4066666666666665
1942,2,1942-02-01,,,0.1,,,,,,,,,0.11,0.51,0.6,0.2399999999999998
1942,3,1942-03-01,,,0.2,,,,,,,,,0.1,0.11,0.51,0.1366666666666665
1942,4,1942-04-01,,,0.24,,,,,,,,,0.2,0.1,0.11,0.17999999999999983
1942,5,1942-05-01,,,0.26,,,,,,,,,0.24,0.2,0.1,0.23333333333333317
1942,6,1942-06-01,,,0.18,,,,,,,,,0.26,0.24,0.2,0.2266666666666665
1942,7,1942-07-01,,,0.12,,,,,,,,,0.18,0.26,0.24,0.18666666666666645
1942,8,1942-08-01,,,0.14,,,,,,,,,0.12,0.18,0.26,0.14666666666666647
1942,9,1942-09-01,,,0.2,,,,,,,,,0.14,0.12,0.18,0.15333333333333315
1942,10,1942-10-01,,,0.17,,,,,,,,,0.2,0.14,0.12,0.16999999999999982
1942,11,1942-11-01,,,0.19,,,,,,,,,0.17,0.2,0.14,0.1866666666666665
1942,12,1942-12-01,,,0.06,,,,,,,,,0.19,0.17,0.2,0.13999999999999982
1943,1,1943-01-01,,,0.01,,,,,,,,,0.06,0.19,0.17,0.08666666666666649
1943,2,1943-02-01,,,0.01,,,,,,,,,0.01,0.06,0.19,0.02666666666666648
1943,3,1943-03-01,,,-0.13,,,,,,,,,0.01,0.01,0.06,-0.036666666666666854
1943,4,1943-04-01,,,-0.07,,,,,,,,,-0.13,0.01,0.01,-0.06333333333333352
1943,5,1943-05-01,,,-0.03,,,,,,,,,-0.07,-0.13,0.01,-0.07666666666666686
1943,6,1943-06-01,,,-0.09,,,,,,,,,-0.03,-0.07,-0.13,-0.06333333333333352
1943,7,1943-07-01,,,-0.16,,,,,,,,,-0.09,-0.03,-0.07,-0.09333333333333353
1943,8,1943-08-01,,,-0.12,,,,,,,,,-0.16,-0.09,-0.03,-0.12333333333333352
1943,9,1943-09-01,,,-0.03,,,,,,,,,-0.12,-0.16,-0.09,-0.10333333333333351
1943,10,1943-10-01,,,0.07,,,,,,,,,-0.03,-0.12,-0.16,-0.02666666666666685
1943,11,1943-11-01,,,0.1,,,,,,,,,0.07,-0.03,-0.12,0.04666666666666649
1943,12,1943-12-01,,,0.11,,,,,,,,,0.1,0.07,-0.03,0.09333333333333316
1944,1,1944-01-01,,,0.24,,,,,,,,,0.11,0.1,0.07,0.14999999999999983
1944,2,1944-02-01,,,0.41,,,,,,,,,0.24,0.11,0.1,0.25333333333333313
1944,3,1944-03-01,,,0.36,,,,,,,,,0.41,0.24,0.11,0.33666666666666645
1944,4,1944-04-01,,,0.31,,,,,,,,,0.36,0.41,0.24,0.3599999999999998
1944,5,1944-05-01,,,0.07,,,,,,,,,0.31,0.36,0.41,0.2466666666666665
1944,6,1944-06-01,,,0.23,,,,,,,,,0.07,0.31,0.36,0.20333333333333314
1944,7,1944-07-01,,,0.18,,,,,,,,,0.23,0.07,0.31,0.1599999999999998
1944,8,1944-08-01,,,0.22,,,,,,,,,0.18,0.23,0.07,0.20999999999999983
1944,9,1944-09-01,,,0.39,,,,,,,,,0.22,0.18,0.23,0.26333333333333314
1944,10,1944-10-01,,,0.39,,,,,,,,,0.39,0.22,0.18,0.33333333333333315
1944,11,1944-11-01,,,0.33,,,,,,,,,0.39,0.39,0.22,0.36999999999999983
1944,12,1944-12-01,,,0.29,,,,,,,,,0.33,0.39,0.39,0.33666666666666645
1945,1,1945-01-01,,,0.35,,,,,,,,,0.29,0.33,0.39,0.32333333333333314
1945,2,1945-02-01,,,0.41,,,,,,,,,0.35,0.29,0.33,0.3499999999999998
1945,3,1945-03-01,,,0.45,,,,,,,,,0.41,0.35,0.29,0.40333333333333315
1945,4,1945-04-01,,,0.59,,,,,,,,,0.45,0.41,0.35,0.4833333333333331
1945,5,1945-05-01,,,0.43,,,,,,,,,0.59,0.45,0.41,0.4899999999999998
1945,6,1945-06-01,,,0.3,,,,,,,,,0.43,0.59,0.45,0.4399999999999998
1945,7,1945-07-01,,,0.18,,,,,,,,,0.3,0.43,0.59,0.3033333333333332
1945,8,1945-08-01,,,0.43,,,,,,,,,0.18,0.3,0.43,0.3033333333333332
1945,9,1945-09-01,,,0.38,,,,,,,,,0.43,0.18,0.3,0.3299999999999998
1945,10,1945-10-01,,,0.23,,,,,,,,,0.38,0.43,0.18,0.34666666666666646
1945,11,1945-11-01,,,0.01,,,,,,,,,0.23,0.38,0.43,0.20666666666666653
1945,12,1945-12-01,,,0.06,,,,,,,,,0.01,0.23,0.38,0.09999999999999981
1946,1,1946-01-01,,,0.0,,,,,,,,,0.06,0.01,0.23,0.02333333333333315
1946,2,1946-02-01,,,-0.04,,,,,,,,,0.0,0.06,0.01,0.006666666666666481
1946,3,1946-03-01,,,0.05,,,,,,,,,-0.04,0.0,0.06,0.003333333333333149
1946,4,1946-04-01,,,-0.09,,,,,,,,,0.05,-0.04,0.0,-0.02666666666666685
1946,5,1946-05-01,,,-0.15,,,,,,,,,-0.09,0.05,-0.04,-0.0633333333333335
1946,6,1946-06-01,,,-0.42,,,,,,,,,-0.15,-0.09,0.05,-0.2200000000000002
1946,7,1946-07-01,,,-0.42,,,,,,,,,-0.42,-0.15,-0.09,-0.3300000000000002
1946,8,1946-08-01,,,-0.37,,,,,,,,,-0.42,-0.42,-0.15,-0.4033333333333335
1946,9,1946-09-01,,,-0.17,,,,,,,,,-0.37,-0.42,-0.42,-0.32000000000000023
1946,10,1946-10-01,,,-0.12,,,,,,,,,-0.17,-0.37,-0.42,-0.2200000000000002
1946,11,1946-11-01,,,-0.15,,,,,,,,,-0.12,-0.17,-0.37,-0.14666666666666686
1946,12,1946-12-01,,,-0.22,,,,,,,,,-0.15,-0.12,-0.17,-0.16333333333333352
1947,1,1947-01-01,,,-0.31,,,,,,,,,-0.22,-0.15,-0.12,-0.22666666666666688
1947,2,1947-02-01,,,-0.3,,,,,,,,,-0.31,-0.22,-0.15,-0.27666666666666684
1947,3,1947-03-01,,,-0.28,,,,,,,,,-0.3,-0.31,-0.22,-0.29666666666666686
1947,4,1947-04-01,,,-0.3,,,,,,,,,-0.28,-0.3,-0.31,-0.2933333333333335
1947,5,1947-05-01,,,-0.34,,,,,,,,,-0.3,-0.28,-0.3,-0.30666666666666687
1947,6,1947-06-01,,,-0.35,,,,,,,,,-0.34,-0.3,-0.28,-0.3300000000000001
1947,7,1947-07-01,,,-0.37,,,,,,,,,-0.35,-0.34,-0.3,-0.3533333333333335
1947,8,1947-08-01,,,-0.31,,,,,,,,,-0.37,-0.35,-0.34,-0.3433333333333335
1947,9,1947-09-01,,,-0.34,,,,,,,,,-0.31,-0.37,-0.35,-0.34000000000000025
1947,10,1947-10-01,,,-0.2,,,,,,,,,-0.34,-0.31,-0.37,-0.2833333333333335
1947,11,1947-11-01,,,-0.01,,,,,,,,,-0.2,-0.34,-0.31,-0.18333333333333354
1947,12,1947-12-01,,,-0.2,,,,,,,,,-0.01,-0.2,-0.34,-0.13666666666666685
1948,1,1948-01-01,,,-0.13,,,,,,,,,-0.2,-0.01,-0.2,-0.11333333333333352
1948,2,1948-02-01,,,-0.14,,,,,,,,,-0.13,-0.2,-0.01,-0.15666666666666687
1948,3,1948-03-01,,,-0.09,,,,,,,,,-0.14,-0.13,-0.2,-0.12000000000000018
1948,4,1948-04-01,,,-0.2,,,,,,,,,-0.09,-0.14,-0.13,-0.14333333333333353
1948,5,1948-05-01,,,-0.12,,,,,,,,,-0.2,-0.09,-0.14,-0.13666666666666685
1948,6,1948-06-01,,,-0.15,,,,,,,,,-0.12,-0.2,-0.09,-0.15666666666666687
1948,7,1948-07-01,,,-0.2,,,,,,,,,-0.15,-0.12,-0.2,-0.15666666666666687
1948,8,1948-08-01,,,-0.22,,,,,,,,,-0.2,-0.15,-0.12,-0.19000000000000017
1948,9,1948-09-01,,,-0.29,,,,,,,,,-0.22,-0.2,-0.15,-0.23666666666666689
1948,10,1948-10-01,,,-0.15,,,,,,,,,-0.29,-0.22,-0.2,-0.2200000000000002
1948,11,1948-11-01,,,-0.0,,,,,,,,,-0.15,-0.29,-0.22,-0.14666666666666683
1948,12,1948-12-01,,,-0.08,,,,,,,,,-0.0,-0.15,-0.29,-0.07666666666666687
1949,1,1949-01-01,,,0.11,,,,,,,,,-0.08,-0.0,-0.15,0.009999999999999796
1949,2,1949-02-01,,,0.14,,,,,,,,,0.11,-0.08,-0.0,0.05666666666666647
1949,3,1949-03-01,,,-0.06,,,,,,,,,0.14,0.11,-0.08,0.06333333333333313
1949,4,1949-04-01,,,-0.02,,,,,,,,,-0.06,0.14,0.11,0.0199999999999998
1949,5,1949-05-01,,,-0.13,,,,,,,,,-0.02,-0.06,0.14,-0.07000000000000021
1949,6,1949-06-01,,,-0.2,,,,,,,,,-0.13,-0.02,-0.06,-0.11666666666666688
1949,7,1949-07-01,,,-0.04,,,,,,,,,-0.2,-0.13,-0.02,-0.12333333333333353
1949,8,1949-08-01,,,-0.02,,,,,,,,,-0.04,-0.2,-0.13,-0.08666666666666689
1949,9,1949-09-01,,,-0.02,,,,,,,,,-0.02,-0.04,-0.2,-0.02666666666666688
1949,10,1949-10-01,,,0.04,,,,,,,,,-0.02,-0.02,-0.04,-2.1279274638648835e-16
1949,11,1949-11-01,,,0.08,,,,,,,,,0.04,-0.02,-0.02,0.033333333333333125
1949,12,1949-12-01,,,0.03,,,,,,,,,0.08,0.04,-0.02,0.04999999999999979
1950,1,1950-01-01,0.92,-2.71,-0.03,,,,0.92,,,,-2.71,0.03,0.08,0.04,0.026666666666666453
1950,2,1950-02-01,0.4,0.66,-0.13,0.92,,,0.66,-2.71,,,-1.025,-0.03,0.03,0.08,-0.04333333333333355
1950,3,1950-03-01,-0.36,0.82,-0.16,0.4,0.92,,0.32,0.66,-2.71,,-0.41,-0.13,-0.03,0.03,-0.10666666666666687
1950,4,1950-04-01,0.73,0.28,-0.22,-0.36,0.4,0.92,0.25666666666666665,0.82,0.66,-2.71,0.5866666666666667,-0.16,-0.13,-0.03,-0.17000000000000023
1950,5,1950-05-01,-0.59,-0.51,-0.23,0.73,-0.36,0.4,-0.07333333333333332,0.28,0.82,0.66,0.19666666666666668,-0.22,-0.16,-0.13,-0.20333333333333356
1950,6,1950-06-01,-0.06,1.24,-0.22,-0.59,0.73,-0.36,0.026666666666666672,-0.51,0.28,0.82,0.33666666666666667,-0.23,-0.22,-0.16,-0.22333333333333352
1950,7,1950-07-01,-1.26,0.58,-0.31,-0.06,-0.59,0.73,-0.6366666666666666,1.24,-0.51,0.28,0.4366666666666667,-0.22,-0.23,-0.22,-0.2533333333333336
1950,8,1950-08-01,-0.05,-0.54,-0.28,-1.26,-0.06,-0.59,-0.4566666666666666,0.58,1.24,-0.51,0.4266666666666666,-0.31,-0.22,-0.23,-0.27000000000000024
1950,9,1950-09-01,0.25,0.14,-0.28,-0.05,-1.26,-0.06,-0.35333333333333333,-0.54,0.58,1.24,0.05999999999999998,-0.28,-0.31,-0.22,-0.2900000000000002
1950,10,1950-10-01,0.85,-1.29,-0.23,0.25,-0.05,-1.26,0.35000000000000003,0.14,-0.54,0.58,-0.5633333333333334,-0.28,-0.28,-0.31,-0.2633333333333336
1950,11,1950-11-01,-1.26,-0.18,-0.0,0.85,0.25,-0.05,-0.05333333333333331,-1.29,0.14,-0.54,-0.4433333333333333,-0.23,-0.28,-0.28,-0.17000000000000023
1950,12,1950-12-01,-1.02,-2.48,0.04,-1.26,0.85,0.25,-0.4766666666666666,-0.18,-1.29,0.14,-1.3166666666666667,-0.0,-0.23,-0.28,-0.06333333333333356
1951,1,1951-01-01,0.08,-1.47,0.04,-1.02,-1.26,0.85,-0.7333333333333333,-2.48,-0.18,-1.29,-1.3766666666666667,0.04,-0.0,-0.23,0.026666666666666446
1951,2,1951-02-01,0.7,-0.17,-0.07,0.08,-1.02,-1.26,-0.08000000000000003,-1.47,-2.48,-0.18,-1.373333333333333,0.04,0.04,-0.0,0.0033333333333331098
1951,3,1951-03-01,-1.02,-2.34,-0.08,0.7,0.08,-1.02,-0.08000000000000003,-0.17,-1.47,-2.48,-1.3266666666666664,-0.07,0.04,0.04,-0.036666666666666896
1951,4,1951-04-01,-0.22,0.42,0.05,-1.02,0.7,0.08,-0.18000000000000005,-2.34,-0.17,-1.47,-0.6966666666666667,-0.08,-0.07,0.04,-0.033333333333333555
1951,5,1951-05-01,-0.59,-1.13,0.12,-0.22,-1.02,0.7,-0.61,0.42,-2.34,-0.17,-1.0166666666666666,0.05,-0.08,-0.07,0.029999999999999777
1951,6,1951-06-01,-1.64,-0.08,0.16,-0.59,-0.22,-1.02,-0.8166666666666668,-1.13,0.42,-2.34,-0.26333333333333325,0.12,0.05,-0.08,0.10999999999999976
1951,7,1951-07-01,1.37,-0.58,0.31,-1.64,-0.59,-0.22,-0.2866666666666666,-0.08,-1.13,0.42,-0.5966666666666666,0.16,0.12,0.05,0.19666666666666646
1951,8,1951-08-01,-0.22,0.69,0.17,1.37,-1.64,-0.59,-0.16333333333333336,-0.58,-0.08,-1.13,0.010000000000000045,0.31,0.16,0.12,0.21333333333333312
1951,9,1951-09-01,-1.36,0.56,0.12,-0.22,1.37,-1.64,-0.07000000000000006,0.69,-0.58,-0.08,0.22333333333333338,0.17,0.31,0.16,0.19999999999999976
1951,10,1951-10-01,1.87,-0.68,0.13,-1.36,-0.22,1.37,0.09666666666666653,0.56,0.69,-0.58,0.18999999999999997,0.12,0.17,0.31,0.1399999999999998
1951,11,1951-11-01,-0.39,0.11,0.13,1.87,-1.36,-0.22,0.03999999999999985,-0.68,0.56,0.69,-0.0033333333333332945,0.13,0.12,0.17,0.12666666666666646
1951,12,1951-12-01,1.32,0.21,0.12,-0.39,1.87,-1.36,0.9333333333333332,0.11,-0.68,0.56,-0.12,0.13,0.13,0.12,0.12666666666666646
1952,1,1952-01-01,0.93,-2.26,0.0,1.32,-0.39,1.87,0.62,0.21,0.11,-0.68,-0.6466666666666666,0.12,0.13,0.13,0.08333333333333313
1952,2,1952-02-01,-0.83,-1.84,0.04,0.93,1.32,-0.39,0.47333333333333333,-2.26,0.21,0.11,-1.2966666666666666,0.0,0.12,0.13,0.05333333333333313
1952,3,1952-03-01,-1.49,0.26,0.09,-0.83,0.93,1.32,-0.46333333333333343,-1.84,-2.26,0.21,-1.28,0.04,0.0,0.12,0.043333333333333134
1952,4,1952-04-01,1.01,0.95,0.02,-1.49,-0.83,0.93,-0.43666666666666676,0.26,-1.84,-2.26,-0.21000000000000005,0.09,0.04,0.0,0.049999999999999795
1952,5,1952-05-01,-1.12,-0.18,0.05,1.01,-1.49,-0.83,-0.5333333333333335,0.95,0.26,-1.84,0.3433333333333333,0.02,0.09,0.04,0.05333333333333313
1952,6,1952-06-01,-0.4,-0.14,0.28,-1.12,1.01,-1.49,-0.17000000000000018,-0.18,0.95,0.26,0.20999999999999996,0.05,0.02,0.09,0.11666666666666647
1952,7,1952-07-01,-0.09,0.52,0.25,-0.4,-1.12,1.01,-0.5366666666666668,-0.14,-0.18,0.95,0.06666666666666665,0.28,0.05,0.02,0.19333333333333313
1952,8,1952-08-01,-0.28,-0.16,0.33,-0.09,-0.4,-1.12,-0.2566666666666669,0.52,-0.14,-0.18,0.07333333333333332,0.25,0.28,0.05,0.28666666666666646
1952,9,1952-09-01,-0.54,-2.13,0.21,-0.28,-0.09,-0.4,-0.3033333333333335,-0.16,0.52,-0.14,-0.59,0.33,0.25,0.28,0.26333333333333314
1952,10,1952-10-01,-0.73,-0.54,0.24,-0.54,-0.28,-0.09,-0.5166666666666669,-2.13,-0.16,0.52,-0.9433333333333334,0.21,0.33,0.25,0.2599999999999998
1952,11,1952-11-01,-1.13,-1.43,0.09,-0.73,-0.54,-0.28,-0.8000000000000002,-0.54,-2.13,-0.16,-1.3666666666666665,0.24,0.21,0.33,0.1799999999999998
1952,12,1952-12-01,-0.43,-1.31,0.17,-1.13,-0.73,-0.54,-0.7633333333333335,-1.43,-0.54,-2.13,-1.0933333333333335,0.09,0.24,0.21,0.1666666666666665
1953,1,1953-01-01,0.33,-2.69,0.14,-0.43,-1.13,-0.73,-0.41000000000000014,-1.31,-1.43,-0.54,-1.8099999999999998,0.17,0.09,0.24,0.13333333333333316
1953,2,1953-02-01,-0.49,-1.34,0.07,0.33,-0.43,-1.13,-0.19666666666666688,-2.69,-1.31,-1.43,-1.78,0.14,0.17,0.09,0.12666666666666648
1953,3,1953-03-01,-0.04,-1.02,0.01,-0.49,0.33,-0.43,-0.06666666666666689,-1.34,-2.69,-1.31,-1.6833333333333333,0.07,0.14,0.17,0.07333333333333314
1953,4,1953-04-01,-1.67,-0.02,0.16,-0.04,-0.49,0.33,-0.7333333333333335,-1.02,-1.34,-2.69,-0.7933333333333333,0.01,0.07,0.14,0.07999999999999981
1953,5,1953-05-01,-0.66,-1.54,0.27,-1.67,-0.04,-0.49,-0.7900000000000001,-0.02,-1.02,-1.34,-0.86,0.16,0.01,0.07,0.14666666666666647
1953,6,1953-06-01,1.09,-1.32,0.18,-0.66,-1.67,-0.04,-0.41333333333333355,-1.54,-0.02,-1.02,-0.96,0.27,0.16,0.01,0.20333333333333314
1953,7,1953-07-01,0.4,0.74,0.17,1.09,-0.66,-1.67,0.27666666666666645,-1.32,-1.54,-0.02,-0.7066666666666667,0.18,0.27,0.16,0.20666666666666644
1953,8,1953-08-01,-0.71,0.01,-0.02,0.4,1.09,-0.66,0.2599999999999998,0.74,-1.32,-1.54,-0.19000000000000003,0.17,0.18,0.27,0.10999999999999978
1953,9,1953-09-01,-0.35,-0.24,0.09,-0.71,0.4,1.09,-0.22000000000000022,0.01,0.74,-1.32,0.17,-0.02,0.17,0.18,0.07999999999999978
1953,10,1953-10-01,1.32,-0.43,0.07,-0.35,-0.71,0.4,0.08666666666666645,-0.24,0.01,0.74,-0.21999999999999997,0.09,-0.02,0.17,0.04666666666666645
1953,11,1953-11-01,1.04,0.18,0.24,1.32,-0.35,-0.71,0.6699999999999998,-0.43,-0.24,0.01,-0.16333333333333333,0.07,0.09,-0.02,0.1333333333333331
1953,12,1953-12-01,-0.47,-1.05,0.24,1.04,1.32,-0.35,0.6299999999999998,0.18,-0.43,-0.24,-0.43333333333333335,0.24,0.07,0.09,0.18333333333333313
1954,1,1954-01-01,0.37,-2.49,0.15,-0.47,1.04,1.32,0.3133333333333331,-1.05,0.18,-0.43,-1.12,0.24,0.24,0.07,0.20999999999999977
1954,2,1954-02-01,0.74,-1.02,-0.01,0.37,-0.47,1.04,0.21333333333333304,-2.49,-1.05,0.18,-1.5200000000000002,0.15,0.24,0.24,0.12666666666666646
1954,3,1954-03-01,-0.83,-0.46,-0.05,0.74,0.37,-0.47,0.093333333333333,-1.02,-2.49,-1.05,-1.3233333333333335,-0.01,0.15,0.24,0.029999999999999787
1954,4,1954-04-01,1.34,-2.77,-0.11,-0.83,0.74,0.37,0.41666666666666635,-0.46,-1.02,-2.49,-1.4166666666666667,-0.05,-0.01,0.15,-0.056666666666666886
1954,5,1954-05-01,-0.09,-0.79,-0.05,1.34,-0.83,0.74,0.1399999999999998,-2.77,-0.46,-1.02,-1.3399999999999999,-0.11,-0.05,-0.01,-0.07000000000000021
1954,6,1954-06-01,-0.25,-0.69,-0.08,-0.09,1.34,-0.83,0.3333333333333331,-0.79,-2.77,-0.46,-1.4166666666666667,-0.05,-0.11,-0.05,-0.08000000000000022
1954,7,1954-07-01,-0.6,-0.3,-0.18,-0.25,-0.09,1.34,-0.3133333333333336,-0.69,-0.79,-2.77,-0.5933333333333334,-0.08,-0.05,-0.11,-0.10333333333333354
1954,8,1954-08-01,-1.9,-0.57,-0.27,-0.6,-0.25,-0.09,-0.916666666666667,-0.3,-0.69,-0.79,-0.5199999999999999,-0.18,-0.08,-0.05,-0.1766666666666669
1954,9,1954-09-01,-0.44,0.64,-0.22,-1.9,-0.6,-0.25,-0.9800000000000003,-0.57,-0.3,-0.69,-0.07666666666666662,-0.27,-0.18,-0.08,-0.22333333333333352
1954,10,1954-10-01,0.6,-0.62,-0.06,-0.44,-1.9,-0.6,-0.5800000000000002,0.64,-0.57,-0.3,-0.18333333333333326,-0.22,-0.27,-0.18,-0.18333333333333354
1954,11,1954-11-01,0.4,-0.27,-0.1,0.6,-0.44,-1.9,0.18666666666666643,-0.62,0.64,-0.57,-0.08333333333333333,-0.06,-0.22,-0.27,-0.12666666666666687
1954,12,1954-12-01,0.69,-1.6,-0.06,0.4,0.6,-0.44,0.5633333333333331,-0.27,-0.62,0.64,-0.8300000000000001,-0.1,-0.06,-0.22,-0.07333333333333354
1955,1,1955-01-01,-1.84,-0.24,0.08,0.69,0.4,0.6,-0.2500000000000003,-1.6,-0.27,-0.62,-0.7033333333333335,-0.06,-0.1,-0.06,-0.02666666666666687
1955,2,1955-02-01,-1.12,0.03,-0.06,-1.84,0.69,0.4,-0.7566666666666669,-0.24,-1.6,-0.27,-0.6033333333333334,0.08,-0.06,-0.1,-0.013333333333333535
1955,3,1955-03-01,-0.53,-1.37,-0.1,-1.12,-1.84,0.69,-1.1633333333333338,0.03,-0.24,-1.6,-0.5266666666666667,-0.06,0.08,-0.06,-0.02666666666666687
1955,4,1955-04-01,-0.42,-1.52,-0.08,-0.53,-1.12,-1.84,-0.6900000000000004,-1.37,0.03,-0.24,-0.9533333333333335,-0.1,-0.06,0.08,-0.0800000000000002
1955,5,1955-05-01,-0.34,0.51,0.07,-0.42,-0.53,-1.12,-0.4300000000000003,-1.52,-1.37,0.03,-0.7933333333333333,-0.08,-0.1,-0.06,-0.03666666666666687
1955,6,1955-06-01,-1.1,-1.3,-0.11,-0.34,-0.42,-0.53,-0.6200000000000003,0.51,-1.52,-1.37,-0.77,0.07,-0.08,-0.1,-0.0400000000000002
1955,7,1955-07-01,1.76,-1.52,0.16,-1.1,-0.34,-0.42,0.10666666666666631,-1.3,0.51,-1.52,-0.77,-0.11,0.07,-0.08,0.0399999999999998
1955,8,1955-08-01,1.07,-0.75,0.17,1.76,-1.1,-0.34,0.5766666666666663,-1.52,-1.3,0.51,-1.1900000000000002,0.16,-0.11,0.07,0.07333333333333314
1955,9,1955-09-01,0.32,0.1,0.14,1.07,1.76,-1.1,1.0499999999999996,-0.75,-1.52,-1.3,-0.7233333333333333,0.17,0.16,-0.11,0.15666666666666648
1955,10,1955-10-01,-1.47,-2.29,0.15,0.32,1.07,1.76,-0.02666666666666691,0.1,-0.75,-1.52,-0.98,0.14,0.17,0.16,0.15333333333333313
1955,11,1955-11-01,-1.29,-1.89,0.29,-1.47,0.32,1.07,-0.8133333333333336,-2.29,0.1,-0.75,-1.36,0.15,0.14,0.17,0.19333333333333313
1955,12,1955-12-01,0.17,0.35,0.12,-1.29,-1.47,0.32,-0.8633333333333336,-1.89,-2.29,0.1,-1.2766666666666666,0.29,0.15,0.14,0.18666666666666645
1956,1,1956-01-01,-0.22,-2.27,0.1,0.17,-1.29,-1.47,-0.446666666666667,0.35,-1.89,-2.29,-1.27,0.12,0.29,0.15,0.1699999999999998
1956,2,1956-02-01,-1.12,-2.61,-0.02,-0.22,0.17,-1.29,-0.39000000000000035,-2.27,0.35,-1.89,-1.51,0.1,0.12,0.29,0.06666666666666647
1956,3,1956-03-01,-0.05,-0.39,-0.09,-1.12,-0.22,0.17,-0.46333333333333365,-2.61,-2.27,0.35,-1.7566666666666666,-0.02,0.1,0.12,-0.003333333333333535
1956,4,1956-04-01,-1.06,-1.35,-0.1,-0.05,-1.12,-0.22,-0.7433333333333337,-0.39,-2.61,-2.27,-1.45,-0.09,-0.02,0.1,-0.07000000000000021
1956,5,1956-05-01,2.21,-0.2,-0.22,-1.06,-0.05,-1.12,0.36666666666666625,-1.35,-0.39,-2.61,-0.6466666666666667,-0.1,-0.09,-0.02,-0.13666666666666685
1956,6,1956-06-01,0.1,-0.66,-0.43,2.21,-1.06,-0.05,0.4166666666666663,-0.2,-1.35,-0.39,-0.7366666666666668,-0.22,-0.1,-0.09,-0.2500000000000002
1956,7,1956-07-01,-0.75,-0.45,-0.28,0.1,2.21,-1.06,0.5199999999999996,-0.66,-0.2,-1.35,-0.43666666666666676,-0.43,-0.22,-0.1,-0.3100000000000002
1956,8,1956-08-01,-1.37,-1.41,-0.25,-0.75,0.1,2.21,-0.6733333333333338,-0.45,-0.66,-0.2,-0.8400000000000002,-0.28,-0.43,-0.22,-0.32000000000000023
1956,9,1956-09-01,0.24,-0.42,-0.3,-1.37,-0.75,0.1,-0.6266666666666671,-1.41,-0.45,-0.66,-0.7600000000000001,-0.25,-0.28,-0.43,-0.2766666666666669
1956,10,1956-10-01,0.88,-1.82,-0.09,0.24,-1.37,-0.75,-0.08333333333333375,-0.42,-1.41,-0.45,-1.2166666666666668,-0.3,-0.25,-0.28,-0.2133333333333335
1956,11,1956-11-01,0.51,-2.9,-0.14,0.88,0.24,-1.37,0.5433333333333329,-1.82,-0.42,-1.41,-1.7133333333333332,-0.09,-0.3,-0.25,-0.17666666666666686
1956,12,1956-12-01,0.1,-0.96,0.01,0.51,0.88,0.24,0.4966666666666663,-2.9,-1.82,-0.42,-1.8933333333333333,-0.14,-0.09,-0.3,-0.07333333333333354
1957,1,1957-01-01,1.05,-0.93,-0.16,0.1,0.51,0.88,0.5533333333333329,-0.96,-2.9,-1.82,-1.5966666666666667,0.01,-0.14,-0.09,-0.09666666666666686
1957,2,1957-02-01,0.11,0.7,-0.12,1.05,0.1,0.51,0.4199999999999997,-0.93,-0.96,-2.9,-0.39666666666666667,-0.16,0.01,-0.14,-0.09000000000000019
1957,3,1957-03-01,-1.26,0.11,-0.06,0.11,1.05,0.1,-0.03333333333333366,0.7,-0.93,-0.96,-0.04000000000000003,-0.12,-0.16,0.01,-0.11333333333333355
1957,4,1957-04-01,0.49,-1.38,-0.16,-1.26,0.11,1.05,-0.22000000000000033,0.11,0.7,-0.93,-0.18999999999999997,-0.06,-0.12,-0.16,-0.11333333333333355
1957,5,1957-05-01,-0.79,-1.72,-0.27,0.49,-1.26,0.11,-0.5200000000000004,-1.38,0.11,0.7,-0.9966666666666667,-0.16,-0.06,-0.12,-0.16333333333333355
1957,6,1957-06-01,-0.72,0.11,-0.14,-0.79,0.49,-1.26,-0.3400000000000003,-1.72,-1.38,0.11,-0.9966666666666666,-0.27,-0.16,-0.06,-0.19000000000000025
1957,7,1957-07-01,-1.19,-1.34,-0.1,-0.72,-0.79,0.49,-0.9000000000000004,0.11,-1.72,-1.38,-0.9833333333333334,-0.14,-0.27,-0.16,-0.17000000000000023
1957,8,1957-08-01,-0.55,-1.3,0.06,-1.19,-0.72,-0.79,-0.8200000000000003,-1.34,0.11,-1.72,-0.8433333333333334,-0.1,-0.14,-0.27,-0.06000000000000021
1957,9,1957-09-01,-1.66,-1.39,0.11,-0.55,-1.19,-0.72,-1.1333333333333335,-1.3,-1.34,0.11,-1.343333333333333,0.06,-0.1,-0.14,0.023333333333333126
1957,10,1957-10-01,1.32,-0.42,0.1,-1.66,-0.55,-1.19,-0.2966666666666669,-1.39,-1.3,-1.34,-1.0366666666666666,0.11,0.06,-0.1,0.08999999999999979
1957,11,1957-11-01,0.73,-1.89,0.03,1.32,-1.66,-0.55,0.12999999999999975,-0.42,-1.39,-1.3,-1.2333333333333332,0.1,0.11,0.06,0.0799999999999998
1957,12,1957-12-01,0.12,-1.97,0.04,0.73,1.32,-1.66,0.723333333333333,-1.89,-0.42,-1.39,-1.4266666666666665,0.03,0.1,0.11,0.05666666666666647
1958,1,1958-01-01,-0.54,-1.48,0.09,0.12,0.73,1.32,0.10333333333333301,-1.97,-1.89,-0.42,-1.78,0.04,0.03,0.1,0.05333333333333313
1958,2,1958-02-01,-1.06,0.61,0.16,-0.54,0.12,0.73,-0.4933333333333336,-1.48,-1.97,-1.89,-0.9466666666666667,0.09,0.04,0.03,0.09666666666666646
1958,3,1958-03-01,-1.96,-1.02,0.31,-1.06,-0.54,0.12,-1.186666666666667,0.61,-1.48,-1.97,-0.63,0.16,0.09,0.04,0.18666666666666645
1958,4,1958-04-01,0.37,-1.21,0.3,-1.96,-1.06,-0.54,-0.8833333333333336,-1.02,0.61,-1.48,-0.5399999999999999,0.31,0.16,0.09,0.25666666666666643
1958,5,1958-05-01,-0.24,1.17,0.15,0.37,-1.96,-1.06,-0.6100000000000003,-1.21,-1.02,0.61,-0.35333333333333333,0.3,0.31,0.16,0.25333333333333313
1958,6,1958-06-01,-1.38,1.14,0.12,-0.24,0.37,-1.96,-0.41666666666666696,1.17,-1.21,-1.02,0.36666666666666664,0.15,0.3,0.31,0.1899999999999998
1958,7,1958-07-01,-1.73,-0.56,-0.05,-1.38,-0.24,0.37,-1.116666666666667,1.14,1.17,-1.21,0.5833333333333331,0.12,0.15,0.3,0.07333333333333313
1958,8,1958-08-01,-1.56,0.29,0.04,-1.73,-1.38,-0.24,-1.5566666666666669,-0.56,1.14,1.17,0.29,-0.05,0.12,0.15,0.03666666666666646
1958,9,1958-09-01,-0.07,1.27,0.04,-1.56,-1.73,-1.38,-1.1200000000000003,0.29,-0.56,1.14,0.3333333333333333,0.04,-0.05,0.12,0.009999999999999796
1958,10,1958-10-01,0.16,-0.7,0.04,-0.07,-1.56,-1.73,-0.49000000000000027,1.27,0.29,-0.56,0.2866666666666667,0.04,0.04,-0.05,0.04
1958,11,1958-11-01,1.64,-2.13,0.12,0.16,-0.07,-1.56,0.5766666666666663,-0.7,1.27,0.29,-0.5199999999999999,0.04,0.04,0.04,0.06666666666666646
1958,12,1958-12-01,-0.7,-0.3,0.14,1.64,0.16,-0.07,0.3666666666666664,-2.13,-0.7,1.27,-1.0433333333333332,0.12,0.04,0.04,0.0999999999999998
1959,1,1959-01-01,-0.87,-0.72,0.07,-0.7,1.64,0.16,0.023333333333333057,-0.3,-2.13,-0.7,-1.05,0.14,0.12,0.04,0.1099999999999998
1959,2,1959-02-01,0.68,-0.55,0.11,-0.87,-0.7,1.64,-0.2966666666666669,-0.72,-0.3,-2.13,-0.5233333333333333,0.07,0.14,0.12,0.10666666666666647
1959,3,1959-03-01,-0.15,2.68,-0.07,0.68,-0.87,-0.7,-0.11333333333333358,-0.55,-0.72,-0.3,0.47000000000000003,0.11,0.07,0.14,0.036666666666666466
1959,4,1959-04-01,0.36,0.48,-0.19,-0.15,0.68,-0.87,0.2966666666666664,2.68,-0.55,-0.72,0.87,-0.07,0.11,0.07,-0.05000000000000021
1959,5,1959-05-01,0.39,-1.84,-0.15,0.36,-0.15,0.68,0.19999999999999973,0.48,2.68,-0.55,0.44,-0.19,-0.07,0.11,-0.13666666666666685
1959,6,1959-06-01,0.4,0.12,-0.15,0.39,0.36,-0.15,0.3833333333333331,-1.84,0.48,2.68,-0.4133333333333334,-0.15,-0.19,-0.07,-0.16333333333333352
1959,7,1959-07-01,0.74,-0.03,-0.18,0.4,0.39,0.36,0.5099999999999998,0.12,-1.84,0.48,-0.5833333333333334,-0.15,-0.15,-0.19,-0.1600000000000002
1959,8,1959-08-01,0.06,-1.89,-0.12,0.74,0.4,0.39,0.3999999999999997,-0.03,0.12,-1.84,-0.6,-0.18,-0.15,-0.15,-0.15000000000000022
1959,9,1959-09-01,0.88,-0.57,0.04,0.06,0.74,0.4,0.5599999999999997,-1.89,-0.03,0.12,-0.83,-0.12,-0.18,-0.15,-0.08666666666666688
1959,10,1959-10-01,0.89,0.23,0.08,0.88,0.06,0.74,0.6099999999999998,-0.57,-1.89,-0.03,-0.7433333333333332,0.04,-0.12,-0.18,-2.0354088784794536e-16
1959,11,1959-11-01,0.41,-1.16,-0.01,0.89,0.88,0.06,0.7266666666666665,0.23,-0.57,-1.89,-0.49999999999999994,0.08,0.04,-0.12,0.036666666666666466
1959,12,1959-12-01,0.44,0.49,-0.05,0.41,0.89,0.88,0.5799999999999997,-1.16,0.23,-0.57,-0.1466666666666666,-0.01,0.08,0.04,0.006666666666666462
1960,1,1960-01-01,-1.29,-0.22,0.06,0.44,0.41,0.89,-0.14666666666666692,0.49,-1.16,0.23,-0.2966666666666666,-0.05,-0.01,0.08,-2.1047978175185259e-16
1960,2,1960-02-01,-1.89,0.99,0.09,-1.29,0.44,0.41,-0.9133333333333336,-0.22,0.49,-1.16,0.4200000000000001,0.06,-0.05,-0.01,0.033333333333333125
1960,3,1960-03-01,-0.5,0.09,-0.05,-1.89,-1.29,0.44,-1.2266666666666668,0.99,-0.22,0.49,0.2866666666666667,0.09,0.06,-0.05,0.03333333333333312
1960,4,1960-04-01,1.36,-1.89,-0.06,-0.5,-1.89,-1.29,-0.3433333333333335,0.09,0.99,-0.22,-0.26999999999999996,-0.05,0.09,0.06,-0.006666666666666876
1960,5,1960-05-01,0.45,-0.68,0.15,1.36,-0.5,-1.89,0.4366666666666665,-1.89,0.09,0.99,-0.8266666666666667,-0.06,-0.05,0.09,0.013333333333333123
1960,6,1960-06-01,-0.21,0.42,0.18,0.45,1.36,-0.5,0.5333333333333331,-0.68,-1.89,0.09,-0.7166666666666667,0.15,-0.06,-0.05,0.08999999999999979
1960,7,1960-07-01,0.35,-0.29,0.1,-0.21,0.45,1.36,0.19666666666666643,0.42,-0.68,-1.89,-0.18333333333333335,0.18,0.15,-0.06,0.14333333333333312
1960,8,1960-08-01,-1.4,-0.34,0.17,0.35,-0.21,0.45,-0.4200000000000002,-0.29,0.42,-0.68,-0.07,0.1,0.18,0.15,0.14999999999999977
1960,9,1960-09-01,0.39,-0.39,0.08,-1.4,0.35,-0.21,-0.22000000000000022,-0.34,-0.29,0.42,-0.34,0.17,0.1,0.18,0.11666666666666646
1960,10,1960-10-01,-1.73,-1.05,0.22,0.39,-1.4,0.35,-0.9133333333333336,-0.39,-0.34,-0.29,-0.5933333333333334,0.08,0.17,0.1,0.15666666666666645
1960,11,1960-11-01,-0.51,0.98,0.15,-1.73,0.39,-1.4,-0.6166666666666669,-1.05,-0.39,-0.34,-0.15333333333333332,0.22,0.08,0.17,0.1499999999999998
1960,12,1960-12-01,0.06,-2.47,0.06,-0.51,-1.73,0.39,-0.7266666666666669,0.98,-1.05,-0.39,-0.8466666666666667,0.15,0.22,0.08,0.14333333333333312
1961,1,1961-01-01,0.41,-0.44,0.08,0.06,-0.51,-1.73,-0.013333333333333567,-2.47,0.98,-1.05,-0.6433333333333334,0.06,0.15,0.22,0.09666666666666644
1961,2,1961-02-01,0.45,0.75,0.08,0.41,0.06,-0.51,0.3066666666666664,-0.44,-2.47,0.98,-0.7200000000000001,0.08,0.06,0.15,0.07333333333333311
1961,3,1961-03-01,0.55,-0.45,0.17,0.45,0.41,0.06,0.46999999999999975,0.75,-0.44,-2.47,-0.0466666666666668,0.08,0.08,0.06,0.10999999999999978
1961,4,1961-04-01,-1.55,1.52,0.18,0.55,0.45,0.41,-0.18333333333333357,-0.45,0.75,-0.44,0.6066666666666666,0.17,0.08,0.08,0.14333333333333312
1961,5,1961-05-01,-0.36,-0.72,0.12,-1.55,0.55,0.45,-0.4533333333333336,1.52,-0.45,0.75,0.11666666666666654,0.18,0.17,0.08,0.15666666666666643
1961,6,1961-06-01,0.86,1.83,-0.02,-0.36,-1.55,0.55,-0.35000000000000026,-0.72,1.52,-0.45,0.8766666666666666,0.12,0.18,0.17,0.0933333333333331
1961,7,1961-07-01,-0.39,-0.74,-0.06,0.86,-0.36,-1.55,0.03666666666666644,1.83,-0.72,1.52,0.12333333333333323,-0.02,0.12,0.18,0.013333333333333109
1961,8,1961-08-01,0.9,-0.16,0.04,-0.39,0.86,-0.36,0.4566666666666664,-0.74,1.83,-0.72,0.3099999999999999,-0.06,-0.02,0.12,-0.013333333333333556
1961,9,1961-09-01,1.24,0.64,-0.03,0.9,-0.39,0.86,0.5833333333333331,-0.16,-0.74,1.83,-0.08666666666666682,0.04,-0.06,-0.02,-0.01666666666666689
1961,10,1961-10-01,0.51,-0.73,0.0,1.24,0.9,-0.39,0.8833333333333332,0.64,-0.16,-0.74,-0.08333333333333348,-0.03,0.04,-0.06,0.0033333333333331106
1961,11,1961-11-01,-0.62,-1.25,0.15,0.51,1.24,0.9,0.3766666666666665,-0.73,0.64,-0.16,-0.4466666666666668,0.0,-0.03,0.04,0.03999999999999978
1961,12,1961-12-01,-1.48,0.95,0.26,-0.62,0.51,1.24,-0.5300000000000001,-1.25,-0.73,0.64,-0.3433333333333335,0.15,0.0,-0.03,0.13666666666666646
1962,1,1962-01-01,0.61,0.36,0.14,-1.48,-0.62,0.51,-0.49666666666666687,0.95,-1.25,-0.73,0.019999999999999796,0.26,0.15,0.0,0.18333333333333313
1962,2,1962-02-01,0.55,-2.01,0.17,0.61,-1.48,-0.62,-0.10666666666666684,0.36,0.95,-1.25,-0.23333333333333348,0.14,0.26,0.15,0.1899999999999998
1962,3,1962-03-01,-2.47,-1.26,0.13,0.55,0.61,-1.48,-0.4366666666666669,-2.01,0.36,0.95,-0.9700000000000001,0.17,0.14,0.26,0.14666666666666647
1962,4,1962-04-01,0.99,-0.52,0.04,-2.47,0.55,0.61,-0.3100000000000003,-1.26,-2.01,0.36,-1.2633333333333334,0.13,0.17,0.14,0.11333333333333312
1962,5,1962-05-01,-0.1,-1.05,-0.07,0.99,-2.47,0.55,-0.526666666666667,-0.52,-1.26,-2.01,-0.9433333333333335,0.04,0.13,0.17,0.03333333333333311
1962,6,1962-06-01,0.16,-0.72,-0.17,-0.1,0.99,-2.47,0.3499999999999998,-1.05,-0.52,-1.26,-0.7633333333333335,-0.07,0.04,0.13,-0.06666666666666689
1962,7,1962-07-01,-2.47,-1.4,-0.12,0.16,-0.1,0.99,-0.8033333333333337,-0.72,-1.05,-0.52,-1.0566666666666669,-0.17,-0.07,0.04,-0.12000000000000022
1962,8,1962-08-01,0.14,-0.41,-0.19,-2.47,0.16,-0.1,-0.7233333333333335,-1.4,-0.72,-1.05,-0.8433333333333334,-0.12,-0.17,-0.07,-0.16000000000000023
1962,9,1962-09-01,-0.37,0.29,-0.1,0.14,-2.47,0.16,-0.9000000000000002,-0.41,-1.4,-0.72,-0.5066666666666668,-0.19,-0.12,-0.17,-0.13666666666666688
1962,10,1962-10-01,0.41,-0.94,0.08,-0.37,0.14,-2.47,0.05999999999999985,0.29,-0.41,-1.4,-0.3533333333333335,-0.1,-0.19,-0.12,-0.07000000000000023
1962,11,1962-11-01,-0.23,-1.98,0.11,0.41,-0.37,0.14,-0.06333333333333349,-0.94,0.29,-0.41,-0.8766666666666669,0.08,-0.1,-0.19,0.029999999999999777
1962,12,1962-12-01,-1.32,-1.88,0.22,-0.23,0.41,-0.37,-0.38000000000000017,-1.98,-0.94,0.29,-1.6000000000000003,0.11,0.08,-0.1,0.13666666666666646
1963,1,1963-01-01,-2.12,-2.76,0.18,-1.32,-0.23,0.41,-1.2233333333333336,-1.88,-1.98,-0.94,-2.206666666666667,0.22,0.11,0.08,0.1699999999999998
1963,2,1963-02-01,-0.96,-0.07,0.07,-2.12,-1.32,-0.23,-1.4666666666666668,-2.76,-1.88,-1.98,-1.57,0.18,0.22,0.11,0.15666666666666643
1963,3,1963-03-01,-0.43,0.85,0.01,-0.96,-2.12,-1.32,-1.1700000000000002,-0.07,-2.76,-1.88,-0.6600000000000003,0.07,0.18,0.22,0.08666666666666645
1963,4,1963-04-01,-1.35,-1.04,0.01,-0.43,-0.96,-2.12,-0.9133333333333334,0.85,-0.07,-2.76,-0.08666666666666696,0.01,0.07,0.18,0.02999999999999978
1963,5,1963-05-01,2.16,-0.62,-0.17,-1.35,-0.43,-0.96,0.12666666666666662,-1.04,0.85,-0.07,-0.2700000000000003,0.01,0.01,0.07,-0.05000000000000023
1963,6,1963-06-01,-0.43,-1.44,-0.14,2.16,-1.35,-0.43,0.12666666666666662,-0.62,-1.04,0.85,-1.0333333333333337,-0.17,0.01,0.01,-0.10000000000000024
1963,7,1963-07-01,-0.77,-0.76,-0.17,-0.43,2.16,-1.35,0.32,-1.44,-0.62,-1.04,-0.9400000000000004,-0.14,-0.17,0.01,-0.16000000000000023
1963,8,1963-08-01,-0.64,-0.96,-0.14,-0.77,-0.43,2.16,-0.6133333333333334,-0.76,-1.44,-0.62,-1.0533333333333337,-0.17,-0.14,-0.17,-0.15000000000000022
1963,9,1963-09-01,1.79,-0.66,-0.22,-0.64,-0.77,-0.43,0.12666666666666657,-0.96,-0.76,-1.44,-0.7933333333333336,-0.14,-0.17,-0.14,-0.1766666666666669
1963,10,1963-10-01,0.94,-0.99,-0.04,1.79,-0.64,-0.77,0.6966666666666667,-0.66,-0.96,-0.76,-0.8700000000000002,-0.22,-0.14,-0.17,-0.13333333333333355
1963,11,1963-11-01,-1.27,0.98,0.02,0.94,1.79,-0.64,0.4866666666666666,-0.99,-0.66,-0.96,-0.22333333333333363,-0.04,-0.22,-0.14,-0.08000000000000022
1963,12,1963-12-01,-1.92,-0.85,-0.03,-1.27,0.94,1.79,-0.75,0.98,-0.99,-0.66,-0.28666666666666696,0.02,-0.04,-0.22,-0.01666666666666688
1964,1,1964-01-01,-0.95,-0.15,-0.14,-1.92,-1.27,0.94,-1.3800000000000001,-0.85,0.98,-0.99,-0.006666666666666959,-0.03,0.02,-0.04,-0.05000000000000022
1964,2,1964-02-01,-1.43,-0.33,-0.05,-0.95,-1.92,-1.27,-1.4333333333333333,-0.15,-0.85,0.98,-0.44333333333333363,-0.14,-0.03,0.02,-0.07333333333333354
1964,3,1964-03-01,-1.2,1.07,-0.08,-1.43,-0.95,-1.92,-1.1933333333333334,-0.33,-0.15,-0.85,0.19666666666666635,-0.05,-0.14,-0.03,-0.09000000000000023
1964,4,1964-04-01,0.36,0.05,-0.28,-1.2,-1.43,-0.95,-0.7566666666666667,1.07,-0.33,-0.15,0.26333333333333303,-0.08,-0.05,-0.14,-0.1366666666666669
1964,5,1964-05-01,0.52,0.72,-0.03,0.36,-1.2,-1.43,-0.10666666666666673,0.05,1.07,-0.33,0.6133333333333331,-0.28,-0.08,-0.05,-0.13000000000000023
1964,6,1964-06-01,1.29,0.21,-0.08,0.52,0.36,-1.2,0.7233333333333333,0.72,0.05,1.07,0.32666666666666627,-0.03,-0.28,-0.08,-0.13000000000000023
1964,7,1964-07-01,1.9,-1.27,-0.19,1.29,0.52,0.36,1.2366666666666666,0.21,0.72,0.05,-0.11333333333333373,-0.08,-0.03,-0.28,-0.10000000000000021
1964,8,1964-08-01,-1.77,-1.35,-0.35,1.9,1.29,0.52,0.47333333333333333,-1.27,0.21,0.72,-0.8033333333333337,-0.19,-0.08,-0.03,-0.2066666666666669
1964,9,1964-09-01,0.2,0.26,-0.35,-1.77,1.9,1.29,0.10999999999999997,-1.35,-1.27,0.21,-0.7866666666666671,-0.35,-0.19,-0.08,-0.29666666666666686
1964,10,1964-10-01,0.74,-1.35,-0.3,0.2,-1.77,1.9,-0.27666666666666667,0.26,-1.35,-1.27,-0.8133333333333338,-0.35,-0.35,-0.19,-0.33333333333333354
1964,11,1964-11-01,-0.01,-0.67,-0.21,0.74,0.2,-1.77,0.31,-1.35,0.26,-1.35,-0.586666666666667,-0.3,-0.35,-0.35,-0.2866666666666669
1964,12,1964-12-01,-0.15,-2.98,-0.18,-0.01,0.74,0.2,0.19333333333333333,-0.67,-1.35,0.26,-1.6666666666666672,-0.21,-0.3,-0.35,-0.2300000000000002
1965,1,1965-01-01,-0.12,-1.83,-0.25,-0.15,-0.01,0.74,-0.09333333333333334,-2.98,-0.67,-1.35,-1.8266666666666669,-0.18,-0.21,-0.3,-0.2133333333333335
1965,2,1965-02-01,-1.55,-2.32,-0.23,-0.12,-0.15,-0.01,-0.6066666666666667,-1.83,-2.98,-0.67,-2.376666666666667,-0.25,-0.18,-0.21,-0.22000000000000022
1965,3,1965-03-01,-1.51,0.89,-0.16,-1.55,-0.12,-0.15,-1.06,-2.32,-1.83,-2.98,-1.0866666666666667,-0.23,-0.25,-0.18,-0.2133333333333335
1965,4,1965-04-01,0.72,-1.89,-0.12,-1.51,-1.55,-0.12,-0.7799999999999999,0.89,-2.32,-1.83,-1.106666666666667,-0.16,-0.23,-0.25,-0.17000000000000023
1965,5,1965-05-01,-0.62,-0.85,-0.18,0.72,-1.51,-1.55,-0.47000000000000003,-1.89,0.89,-2.32,-0.616666666666667,-0.12,-0.16,-0.23,-0.15333333333333354
1965,6,1965-06-01,0.29,-0.16,-0.29,-0.62,0.72,-1.51,0.12999999999999998,-0.85,-1.89,0.89,-0.9666666666666669,-0.18,-0.12,-0.16,-0.19666666666666685
1965,7,1965-07-01,0.32,-1.71,-0.36,0.29,-0.62,0.72,-0.003333333333333336,-0.16,-0.85,-1.89,-0.9066666666666668,-0.29,-0.18,-0.12,-0.27666666666666684
1965,8,1965-08-01,0.45,-1.81,-0.32,0.32,0.29,-0.62,0.35333333333333333,-1.71,-0.16,-0.85,-1.2266666666666668,-0.36,-0.29,-0.18,-0.32333333333333353
1965,9,1965-09-01,0.37,-0.54,-0.34,0.45,0.32,0.29,0.37999999999999995,-1.81,-1.71,-0.16,-1.3533333333333337,-0.32,-0.36,-0.29,-0.34000000000000025
1965,10,1965-10-01,0.38,-1.49,-0.26,0.37,0.45,0.32,0.39999999999999997,-0.54,-1.81,-1.71,-1.2800000000000005,-0.34,-0.32,-0.36,-0.30666666666666687
1965,11,1965-11-01,-1.66,-0.46,-0.28,0.38,0.37,0.45,-0.3033333333333333,-1.49,-0.54,-1.81,-0.8300000000000004,-0.26,-0.34,-0.32,-0.2933333333333335
1965,12,1965-12-01,1.37,0.28,-0.09,-1.66,0.38,0.37,0.030000000000000027,-0.46,-1.49,-0.54,-0.556666666666667,-0.28,-0.26,-0.34,-0.21000000000000021
1966,1,1966-01-01,-1.74,0.16,-0.16,1.37,-1.66,0.38,-0.6766666666666666,0.28,-0.46,-1.49,-0.006666666666666959,-0.09,-0.28,-0.26,-0.1766666666666669
1966,2,1966-02-01,-1.39,1.69,-0.05,-1.74,1.37,-1.66,-0.5866666666666666,0.16,0.28,-0.46,0.7099999999999996,-0.16,-0.09,-0.28,-0.1000000000000002
1966,3,1966-03-01,0.56,-2.42,-0.04,-1.39,-1.74,1.37,-0.8566666666666666,1.69,0.16,0.28,-0.1900000000000003,-0.05,-0.16,-0.09,-0.08333333333333354
1966,4,1966-04-01,-0.75,0.73,0.02,0.56,-1.39,-1.74,-0.5266666666666666,-2.42,1.69,0.16,-3.3306690738754696e-16,-0.04,-0.05,-0.16,-0.02333333333333354
1966,5,1966-05-01,0.22,1.02,-0.09,-0.75,0.56,-1.39,0.010000000000000018,0.73,-2.42,1.69,-0.2233333333333336,0.02,-0.04,-0.05,-0.03666666666666687
1966,6,1966-06-01,1.05,-0.05,-0.15,0.22,-0.75,0.56,0.17333333333333334,1.02,0.73,-2.42,0.5666666666666663,-0.09,0.02,-0.04,-0.07333333333333354
1966,7,1966-07-01,0.32,-1.74,-0.11,1.05,0.22,-0.75,0.53,-0.05,1.02,0.73,-0.256666666666667,-0.15,-0.09,0.02,-0.11666666666666686
1966,8,1966-08-01,-1.76,-0.14,-0.16,0.32,1.05,0.22,-0.12999999999999998,-1.74,-0.05,1.02,-0.6433333333333336,-0.11,-0.15,-0.09,-0.1400000000000002
1966,9,1966-09-01,-0.45,-1.11,-0.11,-1.76,0.32,1.05,-0.63,-0.14,-1.74,-0.05,-0.996666666666667,-0.16,-0.11,-0.15,-0.12666666666666687
1966,10,1966-10-01,-0.68,-1.26,-0.05,-0.45,-1.76,0.32,-0.9633333333333334,-1.11,-0.14,-1.74,-0.8366666666666669,-0.11,-0.16,-0.11,-0.10666666666666687
1966,11,1966-11-01,-0.04,-1.11,-0.03,-0.68,-0.45,-1.76,-0.39000000000000007,-1.26,-1.11,-0.14,-1.1600000000000004,-0.05,-0.11,-0.16,-0.06333333333333353
1966,12,1966-12-01,0.72,-1.96,0.07,-0.04,-0.68,-0.45,-7.401486830834377e-17,-1.11,-1.26,-1.11,-1.4433333333333336,-0.03,-0.05,-0.11,-0.003333333333333535
1967,1,1967-01-01,-0.89,-0.95,0.01,0.72,-0.04,-0.68,-0.07000000000000002,-1.96,-1.11,-1.26,-1.3400000000000005,0.07,-0.03,-0.05,0.016666666666666465
1967,2,1967-02-01,0.19,-0.22,-0.01,-0.89,0.72,-0.04,0.0066666666666666445,-0.95,-1.96,-1.11,-1.0433333333333337,0.01,0.07,-0.03,0.023333333333333133
1967,3,1967-03-01,1.51,-1.34,-0.06,0.19,-0.89,0.72,0.26999999999999996,-0.22,-0.95,-1.96,-0.8366666666666669,-0.01,0.01,0.07,-0.0200000000000002
1967,4,1967-04-01,0.18,-2.75,-0.03,1.51,0.19,-0.89,0.6266666666666666,-1.34,-0.22,-0.95,-1.4366666666666668,-0.06,-0.01,0.01,-0.033333333333333534
1967,5,1967-05-01,-0.99,0.9,-0.3,0.18,1.51,0.19,0.2333333333333333,-2.75,-1.34,-0.22,-1.0633333333333337,-0.03,-0.06,-0.01,-0.1300000000000002
1967,6,1967-06-01,1.4,-1.31,-0.36,-0.99,0.18,1.51,0.19666666666666663,0.9,-2.75,-1.34,-1.0533333333333335,-0.3,-0.03,-0.06,-0.2300000000000002
1967,7,1967-07-01,0.41,0.5,-0.27,1.4,-0.99,0.18,0.27333333333333326,-1.31,0.9,-2.75,0.029999999999999805,-0.36,-0.3,-0.03,-0.3100000000000002
1967,8,1967-08-01,1.44,-0.14,-0.21,0.41,1.4,-0.99,1.0833333333333333,0.5,-1.31,0.9,-0.3166666666666669,-0.27,-0.36,-0.3,-0.2800000000000002
1967,9,1967-09-01,0.93,-1.03,-0.21,1.44,0.41,1.4,0.9266666666666666,-0.14,0.5,-1.31,-0.22333333333333352,-0.21,-0.27,-0.36,-0.2300000000000002
1967,10,1967-10-01,0.07,0.59,-0.17,0.93,1.44,0.41,0.8133333333333334,-1.03,-0.14,0.5,-0.19333333333333355,-0.21,-0.21,-0.27,-0.19666666666666688
1967,11,1967-11-01,0.6,-0.84,-0.21,0.07,0.93,1.44,0.5333333333333333,0.59,-1.03,-0.14,-0.4266666666666669,-0.17,-0.21,-0.21,-0.19666666666666688
1967,12,1967-12-01,-0.45,-3.32,-0.14,0.6,0.07,0.93,0.07333333333333335,-0.84,0.59,-1.03,-1.1900000000000002,-0.21,-0.17,-0.21,-0.17333333333333356
1968,1,1968-01-01,0.13,-2.67,-0.25,-0.45,0.6,0.07,0.09333333333333334,-3.32,-0.84,0.59,-2.276666666666667,-0.14,-0.21,-0.17,-0.20000000000000018
1968,2,1968-02-01,-1.29,-0.14,-0.21,0.13,-0.45,0.6,-0.5366666666666666,-2.67,-3.32,-0.84,-2.0433333333333334,-0.25,-0.14,-0.21,-0.2000000000000002
1968,3,1968-03-01,0.4,-1.61,-0.28,-1.29,0.13,-0.45,-0.2533333333333333,-0.14,-2.67,-3.32,-1.4733333333333336,-0.21,-0.25,-0.14,-0.2466666666666669
1968,4,1968-04-01,-1.08,0.42,-0.18,0.4,-1.29,0.13,-0.6566666666666666,-1.61,-0.14,-2.67,-0.44333333333333363,-0.28,-0.21,-0.25,-0.22333333333333352
1968,5,1968-05-01,-1.76,0.4,-0.27,-1.08,0.4,-1.29,-0.8133333333333334,0.42,-1.61,-0.14,-0.2633333333333336,-0.18,-0.28,-0.21,-0.24333333333333354
1968,6,1968-06-01,0.33,0.44,-0.39,-1.76,-1.08,0.4,-0.8366666666666666,0.4,0.42,-1.61,0.4199999999999997,-0.27,-0.18,-0.28,-0.28000000000000025
1968,7,1968-07-01,-0.8,-0.92,-0.4,0.33,-1.76,-1.08,-0.7433333333333332,0.44,0.4,0.42,-0.02666666666666695,-0.39,-0.27,-0.18,-0.35333333333333355
1968,8,1968-08-01,-0.66,-1.93,-0.3,-0.8,0.33,-1.76,-0.37666666666666665,-0.92,0.44,0.4,-0.8033333333333337,-0.4,-0.39,-0.27,-0.36333333333333356
1968,9,1968-09-01,-1.92,0.14,-0.21,-0.66,-0.8,0.33,-1.1266666666666667,-1.93,-0.92,0.44,-0.9033333333333337,-0.3,-0.4,-0.39,-0.3033333333333335
1968,10,1968-10-01,-2.3,0.27,-0.03,-1.92,-0.66,-0.8,-1.6266666666666667,0.14,-1.93,-0.92,-0.5066666666666669,-0.21,-0.3,-0.4,-0.18000000000000024
1968,11,1968-11-01,-0.93,-0.28,-0.09,-2.3,-1.92,-0.66,-1.7166666666666666,0.27,0.14,-1.93,0.043333333333333036,-0.03,-0.21,-0.3,-0.11000000000000021
1968,12,1968-12-01,-1.4,-0.15,-0.11,-0.93,-2.3,-1.92,-1.5433333333333332,-0.28,0.27,0.14,-0.05333333333333363,-0.09,-0.03,-0.21,-0.07666666666666688
1969,1,1969-01-01,-0.83,-1.7,-0.07,-1.4,-0.93,-2.3,-1.0533333333333335,-0.15,-0.28,0.27,-0.7100000000000003,-0.11,-0.09,-0.03,-0.09000000000000023
1969,2,1969-02-01,-1.55,-0.52,0.09,-0.83,-1.4,-0.93,-1.26,-1.7,-0.15,-0.28,-0.7900000000000004,-0.07,-0.11,-0.09,-0.030000000000000224
1969,3,1969-03-01,-1.56,0.02,0.14,-1.55,-0.83,-1.4,-1.3133333333333332,-0.52,-1.7,-0.15,-0.7333333333333337,0.09,-0.07,-0.11,0.053333333333333115
1969,4,1969-04-01,1.53,-1.37,0.13,-1.56,-1.55,-0.83,-0.5266666666666666,0.02,-0.52,-1.7,-0.6233333333333337,0.14,0.09,-0.07,0.11999999999999977
1969,5,1969-05-01,0.55,0.97,-0.03,1.53,-1.56,-1.55,0.17333333333333334,-1.37,0.02,-0.52,-0.12666666666666707,0.13,0.14,0.09,0.0799999999999998
1969,6,1969-06-01,0.55,0.57,-0.11,0.55,1.53,-1.56,0.8766666666666666,0.97,-1.37,0.02,0.056666666666666234,-0.03,0.13,0.14,-0.003333333333333554
1969,7,1969-07-01,0.57,-0.1,-0.04,0.55,0.55,1.53,0.5566666666666666,0.57,0.97,-1.37,0.47999999999999954,-0.11,-0.03,0.13,-0.06000000000000023
1969,8,1969-08-01,-1.45,-1.82,-0.12,0.57,0.55,0.55,-0.10999999999999995,-0.1,0.57,0.97,-0.45000000000000046,-0.04,-0.11,-0.03,-0.09000000000000023
1969,9,1969-09-01,2.07,-0.51,-0.1,-1.45,0.57,0.55,0.39666666666666667,-1.82,-0.1,0.57,-0.8100000000000005,-0.12,-0.04,-0.11,-0.08666666666666689
1969,10,1969-10-01,0.66,0.54,-0.14,2.07,-1.45,0.57,0.4266666666666667,-0.51,-1.82,-0.1,-0.596666666666667,-0.1,-0.12,-0.04,-0.12000000000000023
1969,11,1969-11-01,-0.96,-0.48,-0.09,0.66,2.07,-1.45,0.59,0.54,-0.51,-1.82,-0.15000000000000044,-0.14,-0.1,-0.12,-0.11000000000000025
1969,12,1969-12-01,-0.28,-2.81,0.0,-0.96,0.66,2.07,-0.19333333333333327,-0.48,0.54,-0.51,-0.9166666666666671,-0.09,-0.14,-0.1,-0.0766666666666669
1970,1,1970-01-01,-1.5,1.25,-0.07,-0.28,-0.96,0.66,-0.9133333333333332,-2.81,-0.48,0.54,-0.6800000000000005,0.0,-0.09,-0.14,-0.053333333333333566
1970,2,1970-02-01,0.64,-0.17,-0.09,-1.5,-0.28,-0.96,-0.3799999999999999,1.25,-2.81,-0.48,-0.5766666666666671,-0.07,0.0,-0.09,-0.053333333333333566
1970,3,1970-03-01,-0.96,-0.7,-0.02,0.64,-1.5,-0.28,-0.6066666666666666,-0.17,1.25,-2.81,0.12666666666666623,-0.09,-0.07,0.0,-0.06000000000000023
1970,4,1970-04-01,-1.3,1.2,-0.01,-0.96,0.64,-1.5,-0.5399999999999999,-0.7,-0.17,1.25,0.10999999999999954,-0.02,-0.09,-0.07,-0.04000000000000023
1970,5,1970-05-01,1.14,-0.41,-0.08,-1.3,-0.96,0.64,-0.3733333333333333,1.2,-0.7,-0.17,0.029999999999999565,-0.01,-0.02,-0.09,-0.036666666666666896
1970,6,1970-06-01,1.55,-0.03,-0.2,1.14,-1.3,-0.96,0.4633333333333334,-0.41,1.2,-0.7,0.2533333333333329,-0.08,-0.01,-0.02,-0.0966666666666669
1970,7,1970-07-01,0.1,-0.46,-0.32,1.55,1.14,-1.3,0.93,-0.03,-0.41,1.2,-0.30000000000000043,-0.2,-0.08,-0.01,-0.20000000000000026
1970,8,1970-08-01,0.1,-0.47,-0.21,0.1,1.55,1.14,0.5833333333333334,-0.46,-0.03,-0.41,-0.32000000000000045,-0.32,-0.2,-0.08,-0.2433333333333336
1970,9,1970-09-01,-0.09,0.41,-0.18,0.1,0.1,1.55,0.036666666666666674,-0.47,-0.46,-0.03,-0.17333333333333376,-0.21,-0.32,-0.2,-0.23666666666666689
1970,10,1970-10-01,-0.92,-0.88,-0.13,-0.09,0.1,0.1,-0.30333333333333334,0.41,-0.47,-0.46,-0.31333333333333374,-0.18,-0.21,-0.32,-0.17333333333333356
1970,11,1970-11-01,-0.6,0.58,-0.16,-0.92,-0.09,0.1,-0.5366666666666666,-0.88,0.41,-0.47,0.036666666666666216,-0.13,-0.18,-0.21,-0.15666666666666693
1970,12,1970-12-01,-1.2,-1.89,-0.15,-0.6,-0.92,-0.09,-0.9066666666666667,0.58,-0.88,0.41,-0.7300000000000004,-0.16,-0.13,-0.18,-0.14666666666666692
1971,1,1971-01-01,-1.13,1.72,-0.19,-1.2,-0.6,-0.92,-0.9766666666666666,-1.89,0.58,-0.88,0.1366666666666662,-0.15,-0.16,-0.13,-0.16666666666666688
1971,2,1971-02-01,0.24,-1.26,-0.25,-1.13,-1.2,-0.6,-0.6966666666666667,1.72,-1.89,0.58,-0.47666666666666707,-0.19,-0.15,-0.16,-0.1966666666666669
1971,3,1971-03-01,-0.84,-1.59,-0.32,0.24,-1.13,-1.2,-0.5766666666666667,-1.26,1.72,-1.89,-0.37666666666666715,-0.25,-0.19,-0.15,-0.2533333333333336
1971,4,1971-04-01,-0.24,-1.74,-0.41,-0.84,0.24,-1.13,-0.2800000000000001,-1.59,-1.26,1.72,-1.5300000000000005,-0.32,-0.25,-0.19,-0.3266666666666669
1971,5,1971-05-01,0.5,-0.43,-0.36,-0.24,-0.84,0.24,-0.19333333333333336,-1.74,-1.59,-1.26,-1.2533333333333339,-0.41,-0.32,-0.25,-0.36333333333333356
1971,6,1971-06-01,-1.57,-0.71,-0.38,0.5,-0.24,-0.84,-0.43666666666666676,-0.43,-1.74,-1.59,-0.9600000000000004,-0.36,-0.41,-0.32,-0.3833333333333335
1971,7,1971-07-01,0.24,-1.24,-0.37,-1.57,0.5,-0.24,-0.2766666666666668,-0.71,-0.43,-1.74,-0.7933333333333338,-0.38,-0.36,-0.41,-0.3700000000000003
1971,8,1971-08-01,1.55,-1.68,-0.47,0.24,-1.57,0.5,0.07333333333333325,-1.24,-0.71,-0.43,-1.2100000000000004,-0.37,-0.38,-0.36,-0.4066666666666669
1971,9,1971-09-01,0.39,-2.12,-0.35,1.55,0.24,-1.57,0.7266666666666666,-1.68,-1.24,-0.71,-1.6800000000000004,-0.47,-0.37,-0.38,-0.3966666666666669
1971,10,1971-10-01,0.58,-0.2,-0.14,0.39,1.55,0.24,0.8399999999999999,-2.12,-1.68,-1.24,-1.3333333333333337,-0.35,-0.47,-0.37,-0.32000000000000023
1971,11,1971-11-01,-0.2,-1.9,-0.12,0.58,0.39,1.55,0.2566666666666666,-0.2,-2.12,-1.68,-1.4066666666666672,-0.14,-0.35,-0.47,-0.2033333333333336
1971,12,1971-12-01,0.6,-2.07,-0.25,-0.2,0.58,0.39,0.32666666666666655,-1.9,-0.2,-2.12,-1.3900000000000003,-0.12,-0.14,-0.35,-0.17000000000000023
1972,1,1972-01-01,0.27,-0.97,-0.25,0.6,-0.2,0.58,0.22333333333333324,-2.07,-1.9,-0.2,-1.6466666666666667,-0.25,-0.12,-0.14,-0.20666666666666691
1972,2,1972-02-01,0.32,0.59,-0.3,0.27,0.6,-0.2,0.39666666666666656,-0.97,-2.07,-1.9,-0.816666666666667,-0.25,-0.25,-0.12,-0.2666666666666669
1972,3,1972-03-01,0.72,-1.88,-0.39,0.32,0.27,0.6,0.4366666666666666,0.59,-0.97,-2.07,-0.7533333333333335,-0.3,-0.25,-0.25,-0.3133333333333336
1972,4,1972-04-01,-0.22,-1.15,-0.3,0.72,0.32,0.27,0.27333333333333326,-1.88,0.59,-0.97,-0.8133333333333335,-0.39,-0.3,-0.25,-0.33000000000000024
1972,5,1972-05-01,0.95,-0.42,-0.51,-0.22,0.72,0.32,0.4833333333333332,-1.15,-1.88,0.59,-1.1500000000000001,-0.3,-0.39,-0.3,-0.4000000000000002
1972,6,1972-06-01,0.88,0.82,-0.5,0.95,-0.22,0.72,0.5366666666666666,-0.42,-1.15,-1.88,-0.2500000000000002,-0.51,-0.3,-0.39,-0.4366666666666669
1972,7,1972-07-01,0.18,-0.97,-0.41,0.88,0.95,-0.22,0.6699999999999999,0.82,-0.42,-1.15,-0.19000000000000025,-0.5,-0.51,-0.3,-0.47333333333333355
1972,8,1972-08-01,1.32,-1.55,-0.49,0.18,0.88,0.95,0.7933333333333333,-0.97,0.82,-0.42,-0.566666666666667,-0.41,-0.5,-0.51,-0.46666666666666684
1972,9,1972-09-01,-0.12,-2.69,-0.38,1.32,0.18,0.88,0.45999999999999996,-1.55,-0.97,0.82,-1.736666666666667,-0.49,-0.41,-0.5,-0.4266666666666669
1972,10,1972-10-01,1.09,-1.94,-0.28,-0.12,1.32,0.18,0.7633333333333333,-2.69,-1.55,-0.97,-2.0600000000000005,-0.38,-0.49,-0.41,-0.3833333333333336
1972,11,1972-11-01,0.54,0.22,-0.24,1.09,-0.12,1.32,0.5033333333333333,-1.94,-2.69,-1.55,-1.47,-0.28,-0.38,-0.49,-0.30000000000000027
1972,12,1972-12-01,0.19,0.31,-0.26,0.54,1.09,-0.12,0.6066666666666666,0.22,-1.94,-2.69,-0.47000000000000025,-0.24,-0.28,-0.38,-0.26000000000000023
1973,1,1973-01-01,0.04,0.94,-0.28,0.19,0.54,1.09,0.25666666666666665,0.31,0.22,-1.94,0.4899999999999997,-0.26,-0.24,-0.28,-0.26000000000000023
1973,2,1973-02-01,0.85,-1.03,-0.21,0.04,0.19,0.54,0.36000000000000004,0.94,0.31,0.22,0.07333333333333303,-0.28,-0.26,-0.24,-0.2500000000000002
1973,3,1973-03-01,0.3,-0.03,-0.16,0.85,0.04,0.19,0.39666666666666667,-1.03,0.94,0.31,-0.04000000000000032,-0.21,-0.28,-0.26,-0.2166666666666669
1973,4,1973-04-01,-0.54,-1.53,-0.14,0.3,0.85,0.04,0.20333333333333328,-0.03,-1.03,0.94,-0.8633333333333336,-0.16,-0.21,-0.28,-0.17000000000000023
1973,5,1973-05-01,-0.44,1.32,-0.13,-0.54,0.3,0.85,-0.2266666666666667,-1.53,-0.03,-1.03,-0.0800000000000003,-0.14,-0.16,-0.21,-0.14333333333333356
1973,6,1973-06-01,0.39,0.21,-0.07,-0.44,-0.54,0.3,-0.19666666666666668,1.32,-1.53,-0.03,-2.9605947323337506e-16,-0.13,-0.14,-0.16,-0.11333333333333356
1973,7,1973-07-01,0.57,-0.58,-0.04,0.39,-0.44,-0.54,0.17333333333333326,0.21,1.32,-1.53,0.3166666666666664,-0.07,-0.13,-0.14,-0.08000000000000022
1973,8,1973-08-01,-0.06,-0.46,-0.14,0.57,0.39,-0.44,0.2999999999999999,-0.58,0.21,1.32,-0.276666666666667,-0.04,-0.07,-0.13,-0.08333333333333355
1973,9,1973-09-01,-0.3,0.88,-0.09,-0.06,0.57,0.39,0.06999999999999995,-0.46,-0.58,0.21,-0.0533333333333336,-0.14,-0.04,-0.07,-0.09000000000000023
1973,10,1973-10-01,-1.24,-0.99,-0.13,-0.3,-0.06,0.57,-0.5333333333333333,0.88,-0.46,-0.58,-0.19000000000000028,-0.09,-0.14,-0.04,-0.12000000000000022
1973,11,1973-11-01,-0.93,-0.27,-0.15,-1.24,-0.3,-0.06,-0.8233333333333334,-0.99,0.88,-0.46,-0.12666666666666695,-0.13,-0.09,-0.14,-0.12333333333333356
1973,12,1973-12-01,0.32,-2.78,-0.16,-0.93,-1.24,-0.3,-0.6166666666666668,-0.27,-0.99,0.88,-1.346666666666667,-0.15,-0.13,-0.09,-0.14666666666666692
1974,1,1974-01-01,1.34,0.3,-0.14,0.32,-0.93,-1.24,0.24333333333333326,-2.78,-0.27,-0.99,-0.9166666666666669,-0.16,-0.15,-0.13,-0.15000000000000024
1974,2,1974-02-01,-0.14,-0.0,-0.2,1.34,0.32,-0.93,0.5066666666666665,0.3,-2.78,-0.27,-0.8266666666666668,-0.14,-0.16,-0.15,-0.16666666666666688
1974,3,1974-03-01,-0.03,-0.24,-0.36,-0.14,1.34,0.32,0.38999999999999996,-0.0,0.3,-2.78,0.01999999999999985,-0.2,-0.14,-0.16,-0.23333333333333353
1974,4,1974-04-01,0.51,-3.14,-0.55,-0.03,-0.14,1.34,0.11333333333333324,-0.24,-0.0,0.3,-1.126666666666667,-0.36,-0.2,-0.14,-0.3700000000000003
1974,5,1974-05-01,-0.24,-0.72,-0.59,0.51,-0.03,-0.14,0.07999999999999992,-3.14,-0.24,-0.0,-1.366666666666667,-0.55,-0.36,-0.2,-0.5000000000000002
1974,6,1974-06-01,-0.14,0.09,-0.56,-0.24,0.51,-0.03,0.04333333333333326,-0.72,-3.14,-0.24,-1.2566666666666666,-0.59,-0.55,-0.36,-0.5666666666666669
1974,7,1974-07-01,-0.76,-1.46,-0.59,-0.14,-0.24,0.51,-0.38000000000000006,0.09,-0.72,-3.14,-0.6966666666666668,-0.56,-0.59,-0.55,-0.5800000000000002
1974,8,1974-08-01,-0.64,-0.37,-0.56,-0.76,-0.14,-0.24,-0.5133333333333334,-1.46,0.09,-0.72,-0.5800000000000001,-0.59,-0.56,-0.59,-0.5700000000000003
1974,9,1974-09-01,0.82,-0.05,-0.57,-0.64,-0.76,-0.14,-0.19333333333333347,-0.37,-1.46,0.09,-0.6266666666666668,-0.56,-0.59,-0.56,-0.5733333333333336
1974,10,1974-10-01,0.49,-2.68,-0.51,0.82,-0.64,-0.76,0.22333333333333324,-0.05,-0.37,-1.46,-1.0333333333333334,-0.57,-0.56,-0.59,-0.546666666666667
1974,11,1974-11-01,-0.54,-0.12,-0.37,0.49,0.82,-0.64,0.25666666666666654,-2.68,-0.05,-0.37,-0.9500000000000002,-0.51,-0.57,-0.56,-0.48333333333333356
1974,12,1974-12-01,1.5,-0.67,-0.28,-0.54,0.49,0.82,0.4833333333333332,-0.12,-2.68,-0.05,-1.156666666666667,-0.37,-0.51,-0.57,-0.3866666666666669
1975,1,1975-01-01,0.58,-0.15,-0.1,1.5,-0.54,0.49,0.5133333333333332,-0.67,-0.12,-2.68,-0.3133333333333335,-0.28,-0.37,-0.51,-0.2500000000000002
1975,2,1975-02-01,-0.62,-0.31,-0.13,0.58,1.5,-0.54,0.4866666666666666,-0.15,-0.67,-0.12,-0.37666666666666676,-0.1,-0.28,-0.37,-0.17000000000000023
1975,3,1975-03-01,-0.61,-0.53,-0.18,-0.62,0.58,1.5,-0.21666666666666676,-0.31,-0.15,-0.67,-0.3300000000000001,-0.13,-0.1,-0.28,-0.1366666666666669
1975,4,1975-04-01,-1.6,0.03,-0.27,-0.61,-0.62,0.58,-0.9433333333333334,-0.53,-0.31,-0.15,-0.27000000000000013,-0.18,-0.13,-0.1,-0.19333333333333358
1975,5,1975-05-01,-0.52,-1.36,-0.34,-1.6,-0.61,-0.62,-0.9100000000000001,0.03,-0.53,-0.31,-0.6200000000000002,-0.27,-0.18,-0.13,-0.2633333333333336
1975,6,1975-06-01,-0.84,-1.51,-0.26,-0.52,-1.6,-0.61,-0.9866666666666668,-1.36,0.03,-0.53,-0.9466666666666669,-0.34,-0.27,-0.18,-0.29000000000000026
1975,7,1975-07-01,1.55,-1.13,-0.14,-0.84,-0.52,-1.6,0.06333333333333331,-1.51,-1.36,0.03,-1.3333333333333333,-0.26,-0.34,-0.27,-0.2466666666666669
1975,8,1975-08-01,-0.26,-1.74,-0.08,1.55,-0.84,-0.52,0.15,-1.13,-1.51,-1.36,-1.4600000000000002,-0.14,-0.26,-0.34,-0.16000000000000023
1975,9,1975-09-01,1.56,0.16,-0.25,-0.26,1.55,-0.84,0.9500000000000001,-1.74,-1.13,-1.51,-0.9033333333333334,-0.08,-0.14,-0.26,-0.1566666666666669
1975,10,1975-10-01,-0.54,0.26,-0.28,1.56,-0.26,1.55,0.25333333333333324,0.16,-1.74,-1.13,-0.4400000000000001,-0.25,-0.08,-0.14,-0.2033333333333336
1975,11,1975-11-01,0.41,-1.21,-0.19,-0.54,1.56,-0.26,0.47666666666666657,0.26,0.16,-1.74,-0.2633333333333334,-0.28,-0.25,-0.08,-0.24000000000000024
1975,12,1975-12-01,0.0,-3.13,-0.22,0.41,-0.54,1.56,-0.043333333333333425,-1.21,0.26,0.16,-1.36,-0.19,-0.28,-0.25,-0.23000000000000023
1976,1,1976-01-01,-0.25,-2.72,-0.24,0.0,0.41,-0.54,0.053333333333333253,-3.13,-1.21,0.26,-2.3533333333333335,-0.22,-0.19,-0.28,-0.2166666666666669
1976,2,1976-02-01,0.93,-0.9,-0.37,-0.25,0.0,0.41,0.2266666666666666,-2.72,-3.13,-1.21,-2.25,-0.24,-0.22,-0.19,-0.2766666666666669
1976,3,1976-03-01,0.75,-1.27,-0.38,0.93,-0.25,0.0,0.47666666666666657,-0.9,-2.72,-3.13,-1.6300000000000001,-0.37,-0.24,-0.22,-0.33000000000000024
1976,4,1976-04-01,0.26,-2.32,-0.3,0.75,0.93,-0.25,0.6466666666666666,-1.27,-0.9,-2.72,-1.4966666666666668,-0.38,-0.37,-0.24,-0.35000000000000026
1976,5,1976-05-01,0.96,0.25,-0.43,0.26,0.75,0.93,0.6566666666666666,-2.32,-1.27,-0.9,-1.1133333333333333,-0.3,-0.38,-0.37,-0.3700000000000003
1976,6,1976-06-01,0.8,-2.18,-0.42,0.96,0.26,0.75,0.6733333333333332,0.25,-2.32,-1.27,-1.4166666666666667,-0.43,-0.3,-0.38,-0.3833333333333336
1976,7,1976-07-01,-0.32,-1.99,-0.24,0.8,0.96,0.26,0.48,-2.18,0.25,-2.32,-1.3066666666666666,-0.42,-0.43,-0.3,-0.36333333333333356
1976,8,1976-08-01,1.92,-3.33,-0.06,-0.32,0.8,0.96,0.7999999999999999,-1.99,-2.18,0.25,-2.5,-0.24,-0.42,-0.43,-0.2400000000000002
1976,9,1976-09-01,-1.29,-2.21,-0.18,1.92,-0.32,0.8,0.10333333333333328,-3.33,-1.99,-2.18,-2.5100000000000002,-0.06,-0.24,-0.42,-0.16000000000000023
1976,10,1976-10-01,-0.08,0.2,-0.17,-1.29,1.92,-0.32,0.18333333333333332,-2.21,-3.33,-1.99,-1.78,-0.18,-0.06,-0.24,-0.1366666666666669
1976,11,1976-11-01,0.17,-0.63,-0.34,-0.08,-1.29,1.92,-0.4000000000000001,0.2,-2.21,-3.33,-0.8799999999999999,-0.17,-0.18,-0.06,-0.2300000000000003
1976,12,1976-12-01,-1.6,-0.42,-0.36,0.17,-0.08,-1.29,-0.5033333333333334,-0.63,0.2,-2.21,-0.28333333333333327,-0.34,-0.17,-0.18,-0.29000000000000026
1977,1,1977-01-01,-1.04,-0.8,-0.29,-1.6,0.17,-0.08,-0.8233333333333334,-0.42,-0.63,0.2,-0.6166666666666666,-0.36,-0.34,-0.17,-0.33000000000000024
1977,2,1977-02-01,-0.49,2.06,-0.23,-1.04,-1.6,0.17,-1.0433333333333332,-0.8,-0.42,-0.63,0.28,-0.29,-0.36,-0.34,-0.29333333333333356
1977,3,1977-03-01,-0.81,1.92,-0.06,-0.49,-1.04,-1.6,-0.7800000000000001,2.06,-0.8,-0.42,1.0599999999999998,-0.23,-0.29,-0.36,-0.19333333333333358
1977,4,1977-04-01,0.65,0.36,-0.08,-0.81,-0.49,-1.04,-0.21666666666666676,1.92,2.06,-0.8,1.4466666666666665,-0.06,-0.23,-0.29,-0.12333333333333357
1977,5,1977-05-01,-0.86,-1.67,-0.13,0.65,-0.81,-0.49,-0.3400000000000001,0.36,1.92,2.06,0.20333333333333345,-0.08,-0.06,-0.23,-0.09000000000000023
1977,6,1977-06-01,-0.57,-0.34,-0.05,-0.86,0.65,-0.81,-0.26000000000000006,-1.67,0.36,1.92,-0.5499999999999999,-0.13,-0.08,-0.06,-0.0866666666666669
1977,7,1977-07-01,-0.45,-0.54,-0.04,-0.57,-0.86,0.65,-0.6266666666666667,-0.34,-1.67,0.36,-0.85,-0.05,-0.13,-0.08,-0.07333333333333357
1977,8,1977-08-01,-0.28,-0.05,-0.16,-0.45,-0.57,-0.86,-0.43333333333333335,-0.54,-0.34,-1.67,-0.31,-0.04,-0.05,-0.13,-0.08333333333333355
1977,9,1977-09-01,0.37,-0.95,-0.17,-0.28,-0.45,-0.57,-0.12000000000000009,-0.05,-0.54,-0.34,-0.5133333333333333,-0.16,-0.04,-0.05,-0.12333333333333357
1977,10,1977-10-01,0.52,0.23,-0.12,0.37,-0.28,-0.45,0.20333333333333325,-0.95,-0.05,-0.54,-0.2566666666666666,-0.17,-0.16,-0.04,-0.15000000000000022
1977,11,1977-11-01,-0.07,0.04,-0.04,0.52,0.37,-0.28,0.27333333333333326,0.23,-0.95,-0.05,-0.22666666666666657,-0.12,-0.17,-0.16,-0.11000000000000022
1977,12,1977-12-01,-1.0,0.89,-0.1,-0.07,0.52,0.37,-0.18333333333333338,0.04,0.23,-0.95,0.3866666666666667,-0.04,-0.12,-0.17,-0.08666666666666689
1978,1,1978-01-01,0.66,-1.12,-0.01,-1.0,-0.07,0.52,-0.13666666666666674,0.89,0.04,0.23,-0.06333333333333331,-0.1,-0.04,-0.12,-0.05000000000000024
1978,2,1978-02-01,-2.2,0.79,-0.01,0.66,-1.0,-0.07,-0.8466666666666668,-1.12,0.89,0.04,0.18666666666666668,-0.01,-0.1,-0.04,-0.04000000000000024
1978,3,1978-03-01,0.7,0.95,-0.04,-2.2,0.66,-1.0,-0.2800000000000002,0.79,-1.12,0.89,0.20666666666666667,-0.01,-0.01,-0.1,-0.02000000000000023
1978,4,1978-04-01,-1.17,-1.13,-0.05,0.7,-2.2,0.66,-0.8900000000000001,0.95,0.79,-1.12,0.20333333333333345,-0.04,-0.01,-0.01,-0.03333333333333357
1978,5,1978-05-01,1.08,-0.83,-0.15,-1.17,0.7,-2.2,0.20333333333333328,-1.13,0.95,0.79,-0.3366666666666666,-0.05,-0.04,-0.01,-0.08000000000000024
1978,6,1978-06-01,1.38,1.02,-0.19,1.08,-1.17,0.7,0.42999999999999994,-0.83,-1.13,0.95,-0.31333333333333324,-0.15,-0.05,-0.04,-0.13000000000000023
1978,7,1978-07-01,-1.14,0.12,-0.27,1.38,1.08,-1.17,0.44,1.02,-0.83,-1.13,0.10333333333333339,-0.19,-0.15,-0.05,-0.2033333333333336
1978,8,1978-08-01,0.64,-1.39,-0.2,-1.14,1.38,1.08,0.2933333333333333,0.12,1.02,-0.83,-0.08333333333333326,-0.27,-0.19,-0.15,-0.22000000000000022
1978,9,1978-09-01,0.46,-1.08,-0.12,0.64,-1.14,1.38,-0.013333333333333364,-1.39,0.12,1.02,-0.7833333333333332,-0.2,-0.27,-0.19,-0.1966666666666669
1978,10,1978-10-01,1.93,-2.06,-0.07,0.46,0.64,-1.14,1.01,-1.08,-1.39,0.12,-1.51,-0.12,-0.2,-0.27,-0.13000000000000023
1978,11,1978-11-01,3.04,-0.01,0.11,1.93,0.46,0.64,1.8099999999999998,-2.06,-1.08,-1.39,-1.05,-0.07,-0.12,-0.2,-0.02666666666666689
1978,12,1978-12-01,-1.57,1.5,0.01,3.04,1.93,0.46,1.133333333333333,-0.01,-2.06,-1.08,-0.19000000000000003,0.11,-0.07,-0.12,0.016666666666666444
1979,1,1979-01-01,-1.38,-0.98,-0.03,-1.57,3.04,1.93,0.029999999999999954,1.5,-0.01,-2.06,0.17,0.01,0.11,-0.07,0.029999999999999777
1979,2,1979-02-01,-0.67,1.28,-0.05,-1.38,-1.57,3.04,-1.2066666666666668,-0.98,1.5,-0.01,0.6,-0.03,0.01,0.11,-0.023333333333333556
1979,3,1979-03-01,0.78,-0.94,-0.15,-0.67,-1.38,-1.57,-0.42333333333333334,1.28,-0.98,1.5,-0.2133333333333333,-0.05,-0.03,0.01,-0.07666666666666688
1979,4,1979-04-01,-1.71,-0.63,-0.07,0.78,-0.67,-1.38,-0.5333333333333334,-0.94,1.28,-0.98,-0.09666666666666664,-0.15,-0.05,-0.03,-0.09000000000000023
1979,5,1979-05-01,-1.03,1.45,0.02,-1.71,0.78,-0.67,-0.6533333333333334,-0.63,-0.94,1.28,-0.03999999999999996,-0.07,-0.15,-0.05,-0.0666666666666669
1979,6,1979-06-01,1.6,0.15,0.09,-1.03,-1.71,0.78,-0.37999999999999995,1.45,-0.63,-0.94,0.3233333333333333,0.02,-0.07,-0.15,0.0133333333333331
1979,7,1979-07-01,0.83,-0.59,-0.02,1.6,-1.03,-1.71,0.4666666666666666,0.15,1.45,-0.63,0.3366666666666666,0.09,0.02,-0.07,0.029999999999999766
1979,8,1979-08-01,0.96,-0.92,-0.11,0.83,1.6,-1.03,1.13,-0.59,0.15,1.45,-0.45333333333333337,-0.02,0.09,0.02,-0.013333333333333567
1979,9,1979-09-01,1.01,-0.42,-0.03,0.96,0.83,1.6,0.9333333333333332,-0.92,-0.59,0.15,-0.6433333333333333,-0.11,-0.02,0.09,-0.053333333333333566
1979,10,1979-10-01,-0.3,-0.26,0.07,1.01,0.96,0.83,0.5566666666666665,-0.42,-0.92,-0.59,-0.5333333333333333,-0.03,-0.11,-0.02,-0.023333333333333567
1979,11,1979-11-01,0.53,0.62,0.1,-0.3,1.01,0.96,0.4133333333333333,-0.26,-0.42,-0.92,-0.020000000000000056,0.07,-0.03,-0.11,0.04666666666666644
1979,12,1979-12-01,1.0,0.94,0.14,0.53,-0.3,1.01,0.40999999999999986,0.62,-0.26,-0.42,0.4333333333333333,0.1,0.07,-0.03,0.10333333333333311
1980,1,1980-01-01,-0.75,-1.08,0.17,1.0,0.53,-0.3,0.2599999999999999,0.94,0.62,-0.26,0.15999999999999992,0.14,0.1,0.07,0.13666666666666646
1980,2,1980-02-01,0.05,-0.13,0.12,-0.75,1.0,0.53,0.09999999999999988,-1.08,0.94,0.62,-0.09000000000000008,0.17,0.14,0.1,0.14333333333333312
1980,3,1980-03-01,-0.31,0.18,0.0,0.05,-0.75,1.0,-0.33666666666666684,-0.13,-1.08,0.94,-0.34333333333333343,0.12,0.17,0.14,0.09666666666666646
1980,4,1980-04-01,1.29,-1.99,0.2,-0.31,0.05,-0.75,0.3433333333333332,0.18,-0.13,-1.08,-0.6466666666666667,0.0,0.12,0.17,0.10666666666666642
1980,5,1980-05-01,-1.5,-1.45,0.32,1.29,-0.31,0.05,-0.17333333333333348,-1.99,0.18,-0.13,-1.0866666666666667,0.2,0.0,0.12,0.17333333333333312
1980,6,1980-06-01,-0.37,0.38,0.16,-1.5,1.29,-0.31,-0.19333333333333347,-1.45,-1.99,0.18,-1.02,0.32,0.2,0.0,0.22666666666666646
1980,7,1980-07-01,-0.42,0.09,0.06,-0.37,-1.5,1.29,-0.7633333333333335,0.38,-1.45,-1.99,-0.3266666666666667,0.16,0.32,0.2,0.1799999999999998
1980,8,1980-08-01,-2.24,-0.68,0.01,-0.42,-0.37,-1.5,-1.0100000000000002,0.09,0.38,-1.45,-0.0700000000000001,0.06,0.16,0.32,0.07666666666666645
1980,9,1980-09-01,0.66,0.9,0.03,-2.24,-0.42,-0.37,-0.6666666666666669,-0.68,0.09,0.38,0.10333333333333324,0.01,0.06,0.16,0.03333333333333311
1980,10,1980-10-01,-1.77,0.42,0.06,0.66,-2.24,-0.42,-1.116666666666667,0.9,-0.68,0.09,0.21333333333333324,0.03,0.01,0.06,0.03333333333333311
1980,11,1980-11-01,-0.37,-0.2,-0.08,-1.77,0.66,-2.24,-0.49333333333333346,0.42,0.9,-0.68,0.3733333333333333,0.06,0.03,0.01,0.0033333333333331098
1980,12,1980-12-01,0.78,-1.29,-0.1,-0.37,-1.77,0.66,-0.4533333333333334,-0.2,0.42,0.9,-0.35666666666666674,-0.08,0.06,0.03,-0.04000000000000023
1981,1,1981-01-01,0.37,-2.52,0.02,0.78,-0.37,-1.77,0.25999999999999984,-1.29,-0.2,0.42,-1.3366666666666667,-0.1,-0.08,0.06,-0.053333333333333566
1981,2,1981-02-01,0.92,-0.95,0.0,0.37,0.78,-0.37,0.6899999999999998,-2.52,-1.29,-0.2,-1.5866666666666667,0.02,-0.1,-0.08,-0.026666666666666894
1981,3,1981-03-01,-1.19,1.58,0.18,0.92,0.37,0.78,0.033333333333333215,-0.95,-2.52,-1.29,-0.63,0.0,0.02,-0.1,0.06666666666666644
1981,4,1981-04-01,0.36,-1.5,0.08,-1.19,0.92,0.37,0.029999999999999843,1.58,-0.95,-2.52,-0.2900000000000001,0.18,0.0,0.02,0.08666666666666645
1981,5,1981-05-01,0.2,0.09,0.11,0.36,-1.19,0.92,-0.2100000000000002,-1.5,1.58,-0.95,0.05666666666666654,0.08,0.18,0.0,0.12333333333333311
1981,6,1981-06-01,-0.45,0.57,0.11,0.2,0.36,-1.19,0.03666666666666648,0.09,-1.5,1.58,-0.28000000000000014,0.11,0.08,0.18,0.09999999999999977
1981,7,1981-07-01,0.05,0.83,0.02,-0.45,0.2,0.36,-0.06666666666666686,0.57,0.09,-1.5,0.49666666666666653,0.11,0.11,0.08,0.07999999999999978
1981,8,1981-08-01,0.39,-1.48,-0.04,0.05,-0.45,0.2,-0.0033333333333335213,0.83,0.57,0.09,-0.02666666666666684,0.02,0.11,0.11,0.029999999999999777
1981,9,1981-09-01,-1.45,0.54,0.05,0.39,0.05,-0.45,-0.33666666666666684,-1.48,0.83,0.57,-0.03666666666666677,-0.04,0.02,0.11,0.009999999999999778
1981,10,1981-10-01,-1.35,0.16,-0.09,-1.45,0.39,0.05,-0.8033333333333336,0.54,-1.48,0.83,-0.26000000000000006,0.05,-0.04,0.02,-0.02666666666666689
1981,11,1981-11-01,-0.38,0.01,0.09,-1.35,-1.45,0.39,-1.0600000000000003,0.16,0.54,-1.48,0.23666666666666658,-0.09,0.05,-0.04,0.016666666666666444
1981,12,1981-12-01,-0.02,0.58,0.24,-0.38,-1.35,-1.45,-0.5833333333333335,0.01,0.16,0.54,0.2499999999999999,0.09,-0.09,0.05,0.07999999999999978
1982,1,1982-01-01,-0.89,-0.23,0.06,-0.02,-0.38,-1.35,-0.43000000000000016,0.58,0.01,0.16,0.11999999999999988,0.24,0.09,-0.09,0.12999999999999975
1982,2,1982-02-01,1.15,-0.08,0.0,-0.89,-0.02,-0.38,0.07999999999999981,-0.23,0.58,0.01,0.0899999999999999,0.06,0.24,0.09,0.09999999999999977
1982,3,1982-03-01,1.15,-0.47,0.09,1.15,-0.89,-0.02,0.46999999999999975,-0.08,-0.23,0.58,-0.26000000000000006,0.0,0.06,0.24,0.049999999999999774
1982,4,1982-04-01,0.1,-0.97,-0.05,1.15,1.15,-0.89,0.7999999999999998,-0.47,-0.08,-0.23,-0.5066666666666667,0.09,0.0,0.06,0.013333333333333109
1982,5,1982-05-01,-0.53,0.72,-0.09,0.1,1.15,1.15,0.2399999999999998,-0.97,-0.47,-0.08,-0.24000000000000007,-0.05,0.09,0.0,-0.01666666666666689
1982,6,1982-06-01,-1.63,1.23,-0.15,-0.53,0.1,1.15,-0.6866666666666669,0.72,-0.97,-0.47,0.3266666666666666,-0.09,-0.05,0.09,-0.0966666666666669
1982,7,1982-07-01,1.15,-1.59,-0.2,-1.63,-0.53,0.1,-0.3366666666666669,1.23,0.72,-0.97,0.11999999999999988,-0.15,-0.09,-0.05,-0.1466666666666669
1982,8,1982-08-01,0.26,0.33,-0.3,1.15,-1.63,-0.53,-0.07333333333333351,-1.59,1.23,0.72,-0.0100000000000001,-0.2,-0.15,-0.09,-0.21666666666666687
1982,9,1982-09-01,1.76,1.15,-0.22,0.26,1.15,-1.63,1.0566666666666664,0.33,-1.59,1.23,-0.03666666666666677,-0.3,-0.2,-0.15,-0.24000000000000024
1982,10,1982-10-01,-0.74,0.74,-0.23,1.76,0.26,1.15,0.42666666666666647,1.15,0.33,-1.59,0.7399999999999999,-0.22,-0.3,-0.2,-0.2500000000000002
1982,11,1982-11-01,1.6,0.85,-0.26,-0.74,1.76,0.26,0.8733333333333331,0.74,1.15,0.33,0.9133333333333332,-0.23,-0.22,-0.3,-0.23666666666666689
1982,12,1982-12-01,1.78,-1.34,-0.17,1.6,-0.74,1.76,0.8799999999999999,0.85,0.74,1.15,0.08333333333333319,-0.26,-0.23,-0.22,-0.22000000000000022
1983,1,1983-01-01,1.59,0.59,-0.03,1.78,1.6,-0.74,1.6566666666666665,-1.34,0.85,0.74,0.03333333333333318,-0.17,-0.26,-0.23,-0.15333333333333357
1983,2,1983-02-01,-0.53,-1.05,0.1,1.59,1.78,1.6,0.9466666666666663,0.59,-1.34,0.85,-0.6000000000000002,-0.03,-0.17,-0.26,-0.033333333333333555
1983,3,1983-03-01,0.95,-0.36,0.24,-0.53,1.59,1.78,0.6699999999999998,-1.05,0.59,-1.34,-0.2733333333333335,0.1,-0.03,-0.17,0.10333333333333311
1983,4,1983-04-01,-0.85,1.31,0.17,0.95,-0.53,1.59,-0.14333333333333356,-0.36,-1.05,0.59,-0.03333333333333344,0.24,0.1,-0.03,0.1699999999999998
1983,5,1983-05-01,-0.07,1.06,0.05,-0.85,0.95,-0.53,0.009999999999999768,1.31,-0.36,-1.05,0.6699999999999999,0.17,0.24,0.1,0.15333333333333313
1983,6,1983-06-01,0.99,-0.92,0.05,-0.07,-0.85,0.95,0.023333333333333133,1.06,1.31,-0.36,0.4833333333333332,0.05,0.17,0.24,0.08999999999999979
1983,7,1983-07-01,1.19,-1.72,0.08,0.99,-0.07,-0.85,0.7033333333333331,-0.92,1.06,1.31,-0.5266666666666668,0.05,0.05,0.17,0.059999999999999776
1983,8,1983-08-01,1.61,-0.54,0.03,1.19,0.99,-0.07,1.263333333333333,-1.72,-0.92,1.06,-1.0600000000000003,0.08,0.05,0.05,0.05333333333333312
1983,9,1983-09-01,-1.12,1.93,-0.02,1.61,1.19,0.99,0.5599999999999998,-0.54,-1.72,-0.92,-0.11000000000000025,0.03,0.08,0.05,0.029999999999999777
1983,10,1983-10-01,0.65,0.12,0.03,-1.12,1.61,1.19,0.3799999999999999,1.93,-0.54,-1.72,0.5033333333333331,-0.02,0.03,0.08,0.013333333333333109
1983,11,1983-11-01,-0.98,0.04,0.09,0.65,-1.12,1.61,-0.48333333333333356,0.12,1.93,-0.54,0.6966666666666664,0.03,-0.02,0.03,0.03333333333333311
1983,12,1983-12-01,0.29,-0.05,0.17,-0.98,0.65,-1.12,-0.013333333333333475,0.04,0.12,1.93,0.036666666666666514,0.09,0.03,-0.02,0.09666666666666646
1984,1,1984-01-01,1.66,-0.31,0.09,0.29,-0.98,0.65,0.3233333333333332,-0.05,0.04,0.12,-0.10666666666666681,0.17,0.09,0.03,0.11666666666666643
1984,2,1984-02-01,0.72,-0.34,0.07,1.66,0.29,-0.98,0.8899999999999997,-0.31,-0.05,0.04,-0.23333333333333348,0.09,0.17,0.09,0.10999999999999978
1984,3,1984-03-01,-0.37,-0.9,-0.04,0.72,1.66,0.29,0.6699999999999998,-0.34,-0.31,-0.05,-0.5166666666666669,0.07,0.09,0.17,0.03999999999999978
1984,4,1984-04-01,-0.28,-0.4,-0.04,-0.37,0.72,1.66,0.023333333333333168,-0.9,-0.34,-0.31,-0.5466666666666669,-0.04,0.07,0.09,-0.003333333333333554
1984,5,1984-05-01,0.54,-0.92,-0.03,-0.28,-0.37,0.72,-0.03666666666666681,-0.4,-0.9,-0.34,-0.7400000000000002,-0.04,-0.04,0.07,-0.03666666666666689
1984,6,1984-06-01,-0.42,-1.29,-0.32,0.54,-0.28,-0.37,-0.053333333333333476,-0.92,-0.4,-0.9,-0.8700000000000002,-0.03,-0.04,-0.04,-0.13000000000000023
1984,7,1984-07-01,-0.07,-0.41,-0.26,-0.42,0.54,-0.28,0.016666666666666535,-1.29,-0.92,-0.4,-0.8733333333333336,-0.32,-0.03,-0.04,-0.20333333333333356
1984,8,1984-08-01,1.15,-2.22,-0.1,-0.07,-0.42,0.54,0.21999999999999983,-0.41,-1.29,-0.92,-1.3066666666666669,-0.26,-0.32,-0.03,-0.2266666666666669
1984,9,1984-09-01,0.17,-1.59,-0.1,1.15,-0.07,-0.42,0.41666666666666646,-2.22,-0.41,-1.29,-1.4066666666666672,-0.1,-0.26,-0.32,-0.15333333333333357
1984,10,1984-10-01,-0.07,1.91,-0.19,0.17,1.15,-0.07,0.4166666666666665,-1.59,-2.22,-0.41,-0.6333333333333337,-0.1,-0.1,-0.26,-0.13000000000000023
1984,11,1984-11-01,-0.06,0.64,-0.25,-0.07,0.17,1.15,0.013333333333333188,1.91,-1.59,-2.22,0.3199999999999997,-0.19,-0.1,-0.1,-0.18000000000000024
1984,12,1984-12-01,0.0,-1.18,-0.16,-0.06,-0.07,0.17,-0.04333333333333348,0.64,1.91,-1.59,0.45666666666666633,-0.25,-0.19,-0.1,-0.2000000000000002
1985,1,1985-01-01,-1.61,-0.78,-0.22,0.0,-0.06,-0.07,-0.5566666666666669,-1.18,0.64,1.91,-0.4400000000000002,-0.16,-0.25,-0.19,-0.21000000000000021
1985,2,1985-02-01,-0.49,-0.14,-0.26,-1.61,0.0,-0.06,-0.7000000000000002,-0.78,-1.18,0.64,-0.7000000000000003,-0.22,-0.16,-0.25,-0.21333333333333357
1985,3,1985-03-01,0.2,-0.56,-0.24,-0.49,-1.61,0.0,-0.6333333333333335,-0.14,-0.78,-1.18,-0.4933333333333336,-0.26,-0.22,-0.16,-0.2400000000000002
1985,4,1985-04-01,0.32,0.3,-0.33,0.2,-0.49,-1.61,0.009999999999999861,-0.56,-0.14,-0.78,-0.13333333333333358,-0.24,-0.26,-0.22,-0.2766666666666669
1985,5,1985-05-01,-0.49,-0.66,-0.29,0.32,0.2,-0.49,0.009999999999999861,0.3,-0.56,-0.14,-0.3066666666666669,-0.33,-0.24,-0.26,-0.2866666666666669
1985,6,1985-06-01,-0.8,1.06,-0.07,-0.49,0.32,0.2,-0.3233333333333335,-0.66,0.3,-0.56,0.2333333333333331,-0.29,-0.33,-0.24,-0.2300000000000002
1985,7,1985-07-01,1.22,-0.23,-0.07,-0.8,-0.49,0.32,-0.0233333333333335,1.06,-0.66,0.3,0.05666666666666643,-0.07,-0.29,-0.33,-0.14333333333333356
1985,8,1985-08-01,-0.48,0.63,-0.24,1.22,-0.8,-0.49,-0.020000000000000146,-0.23,1.06,-0.66,0.4866666666666664,-0.07,-0.07,-0.29,-0.1266666666666669
1985,9,1985-09-01,-0.52,-0.18,-0.19,-0.48,1.22,-0.8,0.07333333333333318,0.63,-0.23,1.06,0.07333333333333308,-0.24,-0.07,-0.07,-0.16666666666666688
1985,10,1985-10-01,0.9,0.17,-0.13,-0.52,-0.48,1.22,-0.03333333333333347,-0.18,0.63,-0.23,0.20666666666666644,-0.19,-0.24,-0.07,-0.1866666666666669
1985,11,1985-11-01,-0.67,-0.17,-0.16,0.9,-0.52,-0.48,-0.09666666666666683,0.17,-0.18,0.63,-0.06000000000000024,-0.13,-0.19,-0.24,-0.16000000000000023
1985,12,1985-12-01,0.22,0.12,-0.18,-0.67,0.9,-0.52,0.14999999999999983,-0.17,0.17,-0.18,0.03999999999999976,-0.16,-0.13,-0.19,-0.15666666666666687
1986,1,1986-01-01,1.11,-0.78,-0.26,0.22,-0.67,0.9,0.21999999999999986,0.12,-0.17,0.17,-0.2766666666666669,-0.18,-0.16,-0.13,-0.2000000000000002
1986,2,1986-02-01,-1.0,-0.59,-0.25,1.11,0.22,-0.67,0.10999999999999988,-0.78,0.12,-0.17,-0.4166666666666669,-0.26,-0.18,-0.16,-0.2300000000000002
1986,3,1986-03-01,1.71,0.33,-0.29,-1.0,1.11,0.22,0.6066666666666666,-0.59,-0.78,0.12,-0.3466666666666669,-0.25,-0.26,-0.18,-0.2666666666666669
1986,4,1986-04-01,-0.59,0.1,-0.31,1.71,-1.0,1.11,0.03999999999999985,0.33,-0.59,-0.78,-0.05333333333333354,-0.29,-0.25,-0.26,-0.28333333333333355
1986,5,1986-05-01,0.85,1.4,-0.19,-0.59,1.71,-1.0,0.6566666666666666,0.1,0.33,-0.59,0.6099999999999998,-0.31,-0.29,-0.25,-0.2633333333333336
1986,6,1986-06-01,1.22,0.86,-0.21,0.85,-0.59,1.71,0.4933333333333332,1.4,0.1,0.33,0.7866666666666663,-0.19,-0.31,-0.29,-0.23666666666666689
1986,7,1986-07-01,0.12,-0.71,-0.19,1.22,0.85,-0.59,0.7299999999999999,0.86,1.4,0.1,0.5166666666666663,-0.21,-0.19,-0.31,-0.19666666666666688
1986,8,1986-08-01,-1.09,-0.33,-0.3,0.12,1.22,0.85,0.0833333333333331,-0.71,0.86,1.4,-0.06000000000000022,-0.19,-0.21,-0.19,-0.23333333333333353
1986,9,1986-09-01,-1.12,-1.34,-0.28,-1.09,0.12,1.22,-0.6966666666666669,-0.33,-0.71,0.86,-0.7933333333333336,-0.3,-0.19,-0.21,-0.2566666666666669
1986,10,1986-10-01,1.55,0.91,-0.23,-1.12,-1.09,0.12,-0.22000000000000028,-1.34,-0.33,-0.71,-0.2533333333333336,-0.28,-0.3,-0.19,-0.27000000000000024
1986,11,1986-11-01,2.29,0.72,-0.26,1.55,-1.12,-1.09,0.9066666666666666,0.91,-1.34,-0.33,0.09666666666666644,-0.23,-0.28,-0.3,-0.25666666666666693
1986,12,1986-12-01,0.99,1.13,-0.22,2.29,1.55,-1.12,1.61,0.72,0.91,-1.34,0.9199999999999998,-0.26,-0.23,-0.28,-0.2366666666666669
1987,1,1987-01-01,-1.15,0.06,-0.09,0.99,2.29,1.55,0.71,1.13,0.72,0.91,0.6366666666666664,-0.22,-0.26,-0.23,-0.19000000000000025
1987,2,1987-02-01,-0.73,0.78,-0.09,-1.15,0.99,2.29,-0.29666666666666663,0.06,1.13,0.72,0.6566666666666665,-0.09,-0.22,-0.26,-0.1333333333333336
1987,3,1987-03-01,0.14,-1.53,0.05,-0.73,-1.15,0.99,-0.58,0.78,0.06,1.13,-0.23000000000000012,-0.09,-0.09,-0.22,-0.04333333333333359
1987,4,1987-04-01,2.0,0.76,0.16,0.14,-0.73,-1.15,0.47000000000000003,-1.53,0.78,0.06,0.0033333333333331883,0.05,-0.09,-0.09,0.03999999999999975
1987,5,1987-05-01,0.98,-0.9,0.2,2.0,0.14,-0.73,1.04,0.76,-1.53,0.78,-0.5566666666666668,0.16,0.05,-0.09,0.1366666666666664
1987,6,1987-06-01,-1.82,0.95,0.32,0.98,2.0,0.14,0.38666666666666666,-0.9,0.76,-1.53,0.26999999999999985,0.2,0.16,0.05,0.22666666666666643
1987,7,1987-07-01,0.52,-2.42,0.42,-1.82,0.98,2.0,-0.10666666666666669,0.95,-0.9,0.76,-0.7900000000000001,0.32,0.2,0.16,0.3133333333333331
1987,8,1987-08-01,-0.83,-1.26,0.46,0.52,-1.82,0.98,-0.71,-2.42,0.95,-0.9,-0.9100000000000001,0.42,0.32,0.2,0.39999999999999974
1987,9,1987-09-01,-1.22,1.53,0.33,-0.83,0.52,-1.82,-0.51,-1.26,-2.42,0.95,-0.7166666666666668,0.46,0.42,0.32,0.4033333333333331
1987,10,1987-10-01,0.14,1.01,0.19,-1.22,-0.83,0.52,-0.6366666666666666,1.53,-1.26,-2.42,0.4266666666666665,0.33,0.46,0.42,0.32666666666666644
1987,11,1987-11-01,0.18,-0.54,0.13,0.14,-1.22,-0.83,-0.30000000000000004,1.01,1.53,-1.26,0.6666666666666665,0.19,0.33,0.46,0.21666666666666642
1987,12,1987-12-01,0.32,0.95,0.22,0.18,0.14,-1.22,0.21333333333333335,-0.54,1.01,1.53,0.47333333333333316,0.13,0.19,0.33,0.17999999999999974
1988,1,1988-01-01,1.02,0.99,0.05,0.32,0.18,0.14,0.5066666666666667,0.95,-0.54,1.01,0.4666666666666665,0.22,0.13,0.19,0.13333333333333308
1988,2,1988-02-01,0.76,-0.83,-0.01,1.02,0.32,0.18,0.7000000000000001,0.99,0.95,-0.54,0.36999999999999983,0.05,0.22,0.13,0.0866666666666664
1988,3,1988-03-01,-0.17,0.4,0.07,0.76,1.02,0.32,0.5366666666666667,-0.83,0.99,0.95,0.18666666666666654,-0.01,0.05,0.22,0.03666666666666641
1988,4,1988-04-01,-1.17,0.19,0.17,-0.17,0.76,1.02,-0.19333333333333327,0.4,-0.83,0.99,-0.08000000000000013,0.07,-0.01,0.05,0.07666666666666642
1988,5,1988-05-01,0.63,-0.01,0.23,-1.17,-0.17,0.76,-0.2366666666666666,0.19,0.4,-0.83,0.19333333333333322,0.17,0.07,-0.01,0.15666666666666643
1988,6,1988-06-01,0.88,-1.71,0.29,0.63,-1.17,-0.17,0.1133333333333334,-0.01,0.19,0.4,-0.5100000000000001,0.23,0.17,0.07,0.22999999999999976
1988,7,1988-07-01,-0.35,1.25,0.26,0.88,0.63,-1.17,0.3866666666666667,-1.71,-0.01,0.19,-0.15666666666666682,0.29,0.23,0.17,0.25999999999999973
1988,8,1988-08-01,0.04,0.77,0.09,-0.35,0.88,0.63,0.19000000000000009,1.25,-1.71,-0.01,0.10333333333333318,0.26,0.29,0.23,0.21333333333333307
1988,9,1988-09-01,-0.99,0.42,-0.03,0.04,-0.35,0.88,-0.4333333333333333,0.77,1.25,-1.71,0.8133333333333331,0.09,0.26,0.29,0.1066666666666664
1988,10,1988-10-01,-1.08,-0.66,-0.02,-0.99,0.04,-0.35,-0.6766666666666666,0.42,0.77,1.25,0.17666666666666653,-0.03,0.09,0.26,0.013333333333333053
1988,11,1988-11-01,-0.34,-1.36,0.06,-1.08,-0.99,0.04,-0.8033333333333332,-0.66,0.42,0.77,-0.5333333333333335,-0.02,-0.03,0.09,0.0033333333333330543
1988,12,1988-12-01,0.61,-1.18,-0.01,-0.34,-1.08,-0.99,-0.26999999999999996,-1.36,-0.66,0.42,-1.0666666666666667,0.06,-0.02,-0.03,0.00999999999999972
1989,1,1989-01-01,1.17,0.7,0.01,0.61,-0.34,-1.08,0.48000000000000004,-1.18,-1.36,-0.66,-0.6133333333333334,-0.01,0.06,-0.02,0.01999999999999972
1989,2,1989-02-01,2.0,0.22,0.1,1.17,0.61,-0.34,1.26,0.7,-1.18,-1.36,-0.08666666666666682,0.01,-0.01,0.06,0.033333333333333055
1989,3,1989-03-01,1.85,-0.62,-0.07,2.0,1.17,0.61,1.6733333333333331,0.22,0.7,-1.18,0.09999999999999983,0.1,0.01,-0.01,0.013333333333333053
1989,4,1989-04-01,0.28,1.12,-0.16,1.85,2.0,1.17,1.3766666666666667,-0.62,0.22,0.7,0.23999999999999988,-0.07,0.1,0.01,-0.04333333333333361
1989,5,1989-05-01,1.38,-0.26,-0.01,0.28,1.85,2.0,1.17,1.12,-0.62,0.22,0.07999999999999989,-0.16,-0.07,0.1,-0.08000000000000028
1989,6,1989-06-01,-0.27,-0.87,0.26,1.38,0.28,1.85,0.4633333333333334,-0.26,1.12,-0.62,-0.003333333333333447,-0.01,-0.16,-0.07,0.02999999999999972
1989,7,1989-07-01,0.97,0.02,0.4,-0.27,1.38,0.28,0.6933333333333334,-0.87,-0.26,1.12,-0.3700000000000001,0.26,-0.01,-0.16,0.21666666666666642
1989,8,1989-08-01,0.01,-0.57,0.3,0.97,-0.27,1.38,0.23666666666666672,0.02,-0.87,-0.26,-0.47333333333333344,0.4,0.26,-0.01,0.31999999999999973
1989,9,1989-09-01,2.05,-0.57,0.09,0.01,0.97,-0.27,1.01,-0.57,0.02,-0.87,-0.37333333333333335,0.3,0.4,0.26,0.26333333333333303
1989,10,1989-10-01,-0.03,-0.35,0.03,2.05,0.01,0.97,0.6766666666666669,-0.57,-0.57,0.02,-0.49666666666666676,0.09,0.3,0.4,0.1399999999999997
1989,11,1989-11-01,0.16,-1.88,0.04,-0.03,2.05,0.01,0.7266666666666667,-0.35,-0.57,-0.57,-0.9333333333333335,0.03,0.09,0.3,0.05333333333333306
1989,12,1989-12-01,-1.15,1.42,-0.0,0.16,-0.03,2.05,-0.33999999999999986,-1.88,-0.35,-0.57,-0.2700000000000002,0.04,0.03,0.09,0.023333333333333057
1990,1,1990-01-01,1.04,0.19,-0.08,-1.15,0.16,-0.03,0.01666666666666683,1.42,-1.88,-0.35,-0.09000000000000014,-0.0,0.04,0.03,-0.013333333333333613
1990,2,1990-02-01,1.41,1.55,0.02,1.04,-1.15,0.16,0.4333333333333334,0.19,1.42,-1.88,1.053333333333333,-0.08,-0.0,0.04,-0.02000000000000028
1990,3,1990-03-01,1.46,1.31,0.06,1.41,1.04,-1.15,1.3033333333333335,1.55,0.19,1.42,1.0166666666666666,0.02,-0.08,-0.0,-2.798687207909249e-16
1990,4,1990-04-01,2.0,-0.67,0.1,1.46,1.41,1.04,1.6233333333333333,1.31,1.55,0.19,0.7299999999999999,0.06,0.02,-0.08,0.05999999999999972
1990,5,1990-05-01,-1.53,-1.27,0.08,2.0,1.46,1.41,0.6433333333333333,-0.67,1.31,1.55,-0.2100000000000002,0.1,0.06,0.02,0.07999999999999972
1990,6,1990-06-01,-0.02,0.57,0.05,-1.53,2.0,1.46,0.15000000000000005,-1.27,-0.67,1.31,-0.45666666666666683,0.08,0.1,0.06,0.0766666666666664
1990,7,1990-07-01,0.53,0.02,0.05,-0.02,-1.53,2.0,-0.3399999999999999,0.57,-1.27,-0.67,-0.22666666666666688,0.05,0.08,0.1,0.05999999999999972
1990,8,1990-08-01,0.97,-0.24,0.18,0.53,-0.02,-1.53,0.4933333333333334,0.02,0.57,-1.27,0.11666666666666647,0.05,0.05,0.08,0.09333333333333305
1990,9,1990-09-01,1.06,-1.44,0.33,0.97,0.53,-0.02,0.8533333333333335,-0.24,0.02,0.57,-0.5533333333333336,0.18,0.05,0.05,0.1866666666666664
1990,10,1990-10-01,0.23,0.18,0.33,1.06,0.97,0.53,0.7533333333333334,-1.44,-0.24,0.02,-0.5000000000000002,0.33,0.18,0.05,0.27999999999999975
1990,11,1990-11-01,-0.24,-0.15,0.13,0.23,1.06,0.97,0.3500000000000001,0.18,-1.44,-0.24,-0.4700000000000002,0.33,0.33,0.18,0.26333333333333303
1990,12,1990-12-01,0.22,-0.78,0.08,-0.24,0.23,1.06,0.07000000000000008,-0.15,0.18,-1.44,-0.2500000000000002,0.13,0.33,0.33,0.17999999999999972
1991,1,1991-01-01,0.86,0.92,0.01,0.22,-0.24,0.23,0.2800000000000001,-0.78,-0.15,0.18,-0.0033333333333335213,0.08,0.13,0.33,0.07333333333333304
1991,2,1991-02-01,1.04,0.15,0.04,0.86,0.22,-0.24,0.7066666666666667,0.92,-0.78,-0.15,0.09666666666666646,0.01,0.08,0.13,0.043333333333333036
1991,3,1991-03-01,-0.2,0.7,0.01,1.04,0.86,0.22,0.5666666666666668,0.15,0.92,-0.78,0.5899999999999997,0.04,0.01,0.08,0.019999999999999706
1991,4,1991-04-01,0.29,-0.86,-0.05,-0.2,1.04,0.86,0.37666666666666676,0.7,0.15,0.92,-0.003333333333333558,0.01,0.04,0.01,-2.9605947323337506e-16
1991,5,1991-05-01,0.08,-2.66,-0.12,0.29,-0.2,1.04,0.05666666666666673,-0.86,0.7,0.15,-0.9400000000000003,-0.05,0.01,0.04,-0.05333333333333363
1991,6,1991-06-01,-0.82,-1.45,-0.06,0.08,0.29,-0.2,-0.1499999999999999,-2.66,-0.86,0.7,-1.656666666666667,-0.12,-0.05,0.01,-0.07666666666666697
1991,7,1991-07-01,-0.49,-0.86,-0.09,-0.82,0.08,0.29,-0.4099999999999999,-1.45,-2.66,-0.86,-1.656666666666667,-0.06,-0.12,-0.05,-0.0900000000000003
1991,8,1991-08-01,1.23,0.05,-0.02,-0.49,-0.82,0.08,-0.026666666666666543,-0.86,-1.45,-2.66,-0.7533333333333334,-0.09,-0.06,-0.12,-0.056666666666666955
1991,9,1991-09-01,0.48,0.48,0.06,1.23,-0.49,-0.82,0.40666666666666673,0.05,-0.86,-1.45,-0.11000000000000015,-0.02,-0.09,-0.06,-0.016666666666666965
1991,10,1991-10-01,-0.19,-1.63,-0.13,0.48,1.23,-0.49,0.5066666666666667,0.48,0.05,-0.86,-0.36666666666666675,0.06,-0.02,-0.09,-0.0300000000000003
1991,11,1991-11-01,0.48,0.49,-0.14,-0.19,0.48,1.23,0.25666666666666677,-1.63,0.48,0.05,-0.2200000000000001,-0.13,0.06,-0.02,-0.0700000000000003
1991,12,1991-12-01,0.46,-1.3,-0.06,0.48,-0.19,0.48,0.25000000000000006,0.49,-1.63,0.48,-0.8133333333333335,-0.14,-0.13,0.06,-0.1100000000000003
1992,1,1992-01-01,-0.13,-0.54,-0.01,0.46,0.48,-0.19,0.2700000000000001,-1.3,0.49,-1.63,-0.4500000000000002,-0.06,-0.14,-0.13,-0.0700000000000003
1992,2,1992-02-01,1.07,-0.19,0.04,-0.13,0.46,0.48,0.4666666666666668,-0.54,-1.3,0.49,-0.6766666666666669,-0.01,-0.06,-0.14,-0.010000000000000295
1992,3,1992-03-01,0.87,-0.08,-0.0,1.07,-0.13,0.46,0.6033333333333335,-0.19,-0.54,-1.3,-0.2700000000000002,0.04,-0.01,-0.06,0.009999999999999704
1992,4,1992-04-01,1.86,0.04,-0.08,0.87,1.07,-0.13,1.2666666666666668,-0.08,-0.19,-0.54,-0.07666666666666681,-0.0,0.04,-0.01,-0.013333333333333629
1992,5,1992-05-01,2.63,0.53,-0.18,1.86,0.87,1.07,1.7866666666666668,0.04,-0.08,-0.19,0.1633333333333332,-0.08,-0.0,0.04,-0.08666666666666696
1992,6,1992-06-01,0.2,-0.31,-0.1,2.63,1.86,0.87,1.5633333333333335,0.53,0.04,-0.08,0.0866666666666665,-0.18,-0.08,-0.0,-0.12000000000000029
1992,7,1992-07-01,0.16,-1.23,-0.24,0.2,2.63,1.86,0.9966666666666666,-0.31,0.53,0.04,-0.33666666666666684,-0.1,-0.18,-0.08,-0.17333333333333364
1992,8,1992-08-01,0.85,1.74,-0.38,0.16,0.2,2.63,0.4033333333333333,-1.23,-0.31,0.53,0.0666666666666665,-0.24,-0.1,-0.18,-0.2400000000000003
1992,9,1992-09-01,-0.44,-0.22,-0.33,0.85,0.16,0.2,0.19000000000000003,1.74,-1.23,-0.31,0.09666666666666653,-0.38,-0.24,-0.1,-0.316666666666667
1992,10,1992-10-01,-1.76,-2.36,-0.26,-0.44,0.85,0.16,-0.45,-0.22,1.74,-1.23,-0.2800000000000001,-0.33,-0.38,-0.24,-0.32333333333333364
1992,11,1992-11-01,1.19,1.0,-0.28,-1.76,-0.44,0.85,-0.33666666666666667,-2.36,-0.22,1.74,-0.5266666666666667,-0.26,-0.33,-0.38,-0.2900000000000003
1992,12,1992-12-01,0.47,-0.05,-0.1,1.19,-1.76,-0.44,-0.03333333333333329,1.0,-2.36,-0.22,-0.47000000000000014,-0.28,-0.26,-0.33,-0.21333333333333362
1993,1,1993-01-01,1.6,0.63,0.0,0.47,1.19,-1.76,1.0866666666666667,-0.05,1.0,-2.36,0.5266666666666665,-0.1,-0.28,-0.26,-0.126666666666667
1993,2,1993-02-01,0.5,-1.82,-0.04,1.6,0.47,1.19,0.8566666666666668,0.63,-0.05,1.0,-0.41333333333333355,0.0,-0.1,-0.28,-0.04666666666666699
1993,3,1993-03-01,0.67,-0.03,-0.16,0.5,1.6,0.47,0.9233333333333335,-1.82,0.63,-0.05,-0.4066666666666669,-0.04,0.0,-0.1,-0.06666666666666698
1993,4,1993-04-01,0.97,-1.08,-0.04,0.67,0.5,1.6,0.7133333333333334,-0.03,-1.82,0.63,-0.9766666666666669,-0.16,-0.04,0.0,-0.08000000000000032
1993,5,1993-05-01,-0.78,-0.68,-0.08,0.97,0.67,0.5,0.28666666666666674,-1.08,-0.03,-1.82,-0.596666666666667,-0.04,-0.16,-0.04,-0.09333333333333364
1993,6,1993-06-01,-0.59,-0.44,-0.19,-0.78,0.97,0.67,-0.13333333333333328,-0.68,-1.08,-0.03,-0.7333333333333335,-0.08,-0.04,-0.16,-0.10333333333333365
1993,7,1993-07-01,-3.18,-1.41,-0.32,-0.59,-0.78,0.97,-1.5166666666666666,-0.44,-0.68,-1.08,-0.8433333333333336,-0.19,-0.08,-0.04,-0.196666666666667
1993,8,1993-08-01,0.12,-0.81,-0.14,-3.18,-0.59,-0.78,-1.2166666666666666,-1.41,-0.44,-0.68,-0.8866666666666668,-0.32,-0.19,-0.08,-0.21666666666666698
1993,9,1993-09-01,-0.57,-0.46,-0.09,0.12,-3.18,-0.59,-1.21,-0.81,-1.41,-0.44,-0.8933333333333335,-0.14,-0.32,-0.19,-0.18333333333333365
1993,10,1993-10-01,-0.71,-1.13,-0.16,-0.57,0.12,-3.18,-0.38666666666666666,-0.46,-0.81,-1.41,-0.8000000000000002,-0.09,-0.14,-0.32,-0.1300000000000003
1993,11,1993-11-01,2.56,-0.77,-0.17,-0.71,-0.57,0.12,0.42666666666666675,-1.13,-0.46,-0.81,-0.7866666666666667,-0.16,-0.09,-0.14,-0.14000000000000032
1993,12,1993-12-01,1.56,0.43,-0.15,2.56,-0.71,-0.57,1.1366666666666667,-0.77,-1.13,-0.46,-0.4900000000000002,-0.17,-0.16,-0.09,-0.16000000000000034
1994,1,1994-01-01,1.04,0.0,-0.2,1.56,2.56,-0.71,1.72,0.43,-0.77,-1.13,-0.11333333333333356,-0.15,-0.17,-0.16,-0.17333333333333364
1994,2,1994-02-01,0.46,0.83,-0.22,1.04,1.56,2.56,1.02,0.0,0.43,-0.77,0.41999999999999976,-0.2,-0.15,-0.17,-0.1900000000000003
1994,3,1994-03-01,1.26,0.7,-0.17,0.46,1.04,1.56,0.9199999999999999,0.83,0.0,0.43,0.5099999999999998,-0.22,-0.2,-0.15,-0.196666666666667
1994,4,1994-04-01,1.14,0.05,-0.03,1.26,0.46,1.04,0.9533333333333333,0.7,0.83,0.0,0.5266666666666664,-0.17,-0.22,-0.2,-0.14000000000000032
1994,5,1994-05-01,-0.57,0.79,-0.12,1.14,1.26,0.46,0.61,0.05,0.7,0.83,0.5133333333333331,-0.03,-0.17,-0.22,-0.10666666666666698
1994,6,1994-06-01,1.52,0.74,-0.13,-0.57,1.14,1.26,0.6966666666666667,0.79,0.05,0.7,0.5266666666666664,-0.12,-0.03,-0.17,-0.09333333333333364
1994,7,1994-07-01,1.31,0.97,-0.17,1.52,-0.57,1.14,0.7533333333333334,0.74,0.79,0.05,0.833333333333333,-0.13,-0.12,-0.03,-0.14000000000000032
1994,8,1994-08-01,0.38,0.75,-0.22,1.31,1.52,-0.57,1.07,0.97,0.74,0.79,0.8199999999999997,-0.17,-0.13,-0.12,-0.17333333333333364
1994,9,1994-09-01,-1.32,-0.79,-0.18,0.38,1.31,1.52,0.12333333333333336,0.75,0.97,0.74,0.3099999999999997,-0.22,-0.17,-0.13,-0.1900000000000003
1994,10,1994-10-01,-0.97,-0.9,0.04,-1.32,0.38,1.31,-0.6366666666666666,-0.79,0.75,0.97,-0.31333333333333363,-0.18,-0.22,-0.17,-0.12000000000000031
1994,11,1994-11-01,0.64,0.76,0.18,-0.97,-1.32,0.38,-0.5499999999999999,-0.9,-0.79,0.75,-0.3100000000000003,0.04,-0.18,-0.22,0.013333333333333022
1994,12,1994-12-01,2.02,0.97,0.13,0.64,-0.97,-1.32,0.5633333333333335,0.76,-0.9,-0.79,0.2766666666666664,0.18,0.04,-0.18,0.11666666666666636
1995,1,1995-01-01,0.93,0.09,0.19,2.02,0.64,-0.97,1.1966666666666668,0.97,0.76,-0.9,0.6066666666666664,0.13,0.18,0.04,0.16666666666666638
1995,2,1995-02-01,1.14,1.03,0.17,0.93,2.02,0.64,1.3633333333333333,0.09,0.97,0.76,0.6966666666666663,0.19,0.13,0.18,0.16333333333333303
1995,3,1995-03-01,1.25,-2.46,0.2,1.14,0.93,2.02,1.1066666666666667,1.03,0.09,0.97,-0.44666666666666693,0.17,0.19,0.13,0.1866666666666664
1995,4,1995-04-01,-0.85,-1.71,0.27,1.25,1.14,0.93,0.5133333333333333,-2.46,1.03,0.09,-1.0466666666666669,0.2,0.17,0.19,0.21333333333333301
1995,5,1995-05-01,-1.49,0.06,0.4,-0.85,1.25,1.14,-0.3633333333333331,-1.71,-2.46,1.03,-1.3700000000000003,0.27,0.2,0.17,0.2899999999999997
1995,6,1995-06-01,0.13,-1.84,0.45,-1.49,-0.85,1.25,-0.7366666666666665,0.06,-1.71,-2.46,-1.1633333333333338,0.4,0.27,0.2,0.373333333333333
1995,7,1995-07-01,-0.22,-0.8,0.45,0.13,-1.49,-0.85,-0.5266666666666665,-1.84,0.06,-1.71,-0.8600000000000003,0.45,0.4,0.27,0.43333333333333296
1995,8,1995-08-01,0.69,-2.09,0.39,-0.22,0.13,-1.49,0.20000000000000015,-0.8,-1.84,0.06,-1.5766666666666669,0.45,0.45,0.4,0.4299999999999997
1995,9,1995-09-01,0.31,-0.37,0.19,0.69,-0.22,0.13,0.2600000000000002,-2.09,-0.8,-1.84,-1.0866666666666671,0.39,0.45,0.45,0.34333333333333305
1995,10,1995-10-01,0.19,0.53,0.28,0.31,0.69,-0.22,0.3966666666666668,-0.37,-2.09,-0.8,-0.6433333333333335,0.19,0.39,0.45,0.2866666666666664
1995,11,1995-11-01,-1.38,-1.35,0.27,0.19,0.31,0.69,-0.29333333333333317,0.53,-0.37,-2.09,-0.39666666666666694,0.28,0.19,0.39,0.24666666666666637
1995,12,1995-12-01,-1.67,0.57,0.19,-1.38,0.19,0.31,-0.9533333333333331,-1.35,0.53,-0.37,-0.08333333333333363,0.27,0.28,0.19,0.24666666666666637
1996,1,1996-01-01,-0.12,-0.53,0.13,-1.67,-1.38,0.19,-1.0566666666666664,0.57,-1.35,0.53,-0.436666666666667,0.19,0.27,0.28,0.19666666666666635
1996,2,1996-02-01,-0.07,-1.12,0.06,-0.12,-1.67,-1.38,-0.6199999999999998,-0.53,0.57,-1.35,-0.3600000000000003,0.13,0.19,0.27,0.12666666666666634
1996,3,1996-03-01,-0.24,-0.65,-0.04,-0.07,-0.12,-1.67,-0.14333333333333317,-1.12,-0.53,0.57,-0.7666666666666669,0.06,0.13,0.19,0.049999999999999684
1996,4,1996-04-01,-0.17,-0.69,0.11,-0.24,-0.07,-0.12,-0.15999999999999984,-0.65,-1.12,-0.53,-0.8200000000000003,-0.04,0.06,0.13,0.04333333333333302
1996,5,1996-05-01,-1.06,-0.38,-0.0,-0.17,-0.24,-0.07,-0.4899999999999998,-0.69,-0.65,-1.12,-0.5733333333333336,0.11,-0.04,0.06,0.023333333333333022
1996,6,1996-06-01,0.56,-0.53,-0.03,-1.06,-0.17,-0.24,-0.22333333333333316,-0.38,-0.69,-0.65,-0.5333333333333335,-0.0,0.11,-0.04,0.026666666666666356
1996,7,1996-07-01,0.67,0.39,-0.08,0.56,-1.06,-0.17,0.056666666666666865,-0.53,-0.38,-0.69,-0.17333333333333364,-0.03,-0.0,0.11,-0.03666666666666698
1996,8,1996-08-01,1.02,-0.08,0.09,0.67,0.56,-1.06,0.7500000000000003,0.39,-0.53,-0.38,-0.07333333333333364,-0.08,-0.03,-0.0,-0.006666666666666983
1996,9,1996-09-01,-0.86,-0.95,0.1,1.02,0.67,0.56,0.2766666666666669,-0.08,0.39,-0.53,-0.2133333333333336,0.09,-0.08,-0.03,0.036666666666666355
1996,10,1996-10-01,-0.33,0.49,-0.03,-0.86,1.02,0.67,-0.056666666666666476,-0.95,-0.08,0.39,-0.18000000000000024,0.1,0.09,-0.08,0.05333333333333302
1996,11,1996-11-01,-0.56,1.38,-0.04,-0.33,-0.86,1.02,-0.5833333333333331,0.49,-0.95,-0.08,0.30666666666666637,-0.03,0.1,0.09,0.009999999999999688
1996,12,1996-12-01,-1.41,-1.52,-0.03,-0.56,-0.33,-0.86,-0.7666666666666665,1.38,0.49,-0.95,0.11666666666666632,-0.04,-0.03,0.1,-0.03333333333333365
1997,1,1997-01-01,-0.49,-0.13,0.13,-1.41,-0.56,-0.33,-0.8199999999999998,-1.52,1.38,0.49,-0.09000000000000034,-0.03,-0.04,-0.03,0.019999999999999685
1997,2,1997-02-01,1.7,1.06,0.2,-0.49,-1.41,-0.56,-0.0666666666666665,-0.13,-1.52,1.38,-0.1966666666666669,0.13,-0.03,-0.04,0.09999999999999969
1997,3,1997-03-01,1.46,0.27,0.18,1.7,-0.49,-1.41,0.8900000000000001,1.06,-0.13,-1.52,0.39999999999999974,0.2,0.13,-0.03,0.16999999999999968
1997,4,1997-04-01,-1.02,-1.91,0.12,1.46,1.7,-0.49,0.7133333333333334,0.27,1.06,-0.13,-0.19333333333333358,0.18,0.2,0.13,0.16666666666666632
1997,5,1997-05-01,-0.28,0.61,0.13,-1.02,1.46,1.7,0.053333333333333455,-1.91,0.27,1.06,-0.34333333333333355,0.12,0.18,0.2,0.143333333333333
1997,6,1997-06-01,-1.47,-0.75,0.05,-0.28,-1.02,1.46,-0.9233333333333332,0.61,-1.91,0.27,-0.6833333333333336,0.13,0.12,0.18,0.09999999999999969
1997,7,1997-07-01,0.34,-0.41,0.18,-1.47,-0.28,-1.02,-0.4699999999999998,-0.75,0.61,-1.91,-0.18333333333333365,0.05,0.13,0.12,0.11999999999999968
1997,8,1997-08-01,0.83,0.18,0.13,0.34,-1.47,-0.28,-0.09999999999999987,-0.41,-0.75,0.61,-0.326666666666667,0.18,0.05,0.13,0.11999999999999968
1997,9,1997-09-01,0.61,-0.81,0.23,0.83,0.34,-1.47,0.5933333333333334,0.18,-0.41,-0.75,-0.34666666666666696,0.13,0.18,0.05,0.1799999999999997
1997,10,1997-10-01,-1.7,-1.5,0.36,0.61,0.83,0.34,-0.08666666666666652,-0.81,0.18,-0.41,-0.7100000000000003,0.23,0.13,0.18,0.23999999999999969
1997,11,1997-11-01,-0.9,0.92,0.23,-1.7,0.61,0.83,-0.6633333333333331,-1.5,-0.81,0.18,-0.46333333333333354,0.36,0.23,0.13,0.27333333333333304
1997,12,1997-12-01,-0.96,1.74,0.24,-0.9,-1.7,0.61,-1.1866666666666663,0.92,-1.5,-0.81,0.3866666666666663,0.23,0.36,0.23,0.27666666666666634
1998,1,1998-01-01,0.39,0.14,0.3,-0.96,-0.9,-1.7,-0.4899999999999998,1.74,0.92,-1.5,0.9333333333333331,0.24,0.23,0.36,0.2566666666666663
1998,2,1998-02-01,-0.11,1.33,0.38,0.39,-0.96,-0.9,-0.2266666666666665,0.14,1.74,0.92,1.0699999999999996,0.3,0.24,0.23,0.30666666666666637
1998,3,1998-03-01,0.87,0.49,0.37,-0.11,0.39,-0.96,0.38333333333333347,1.33,0.14,1.74,0.6533333333333331,0.38,0.3,0.24,0.34999999999999964
1998,4,1998-04-01,-0.68,2.39,0.36,0.87,-0.11,0.39,0.0266666666666668,0.49,1.33,0.14,1.403333333333333,0.37,0.38,0.3,0.36999999999999966
1998,5,1998-05-01,-1.32,-1.25,0.43,-0.68,0.87,-0.11,-0.37666666666666654,2.39,0.49,1.33,0.5433333333333331,0.36,0.37,0.38,0.3866666666666663
1998,6,1998-06-01,-2.72,-0.03,0.65,-1.32,-0.68,0.87,-1.5733333333333333,-1.25,2.39,0.49,0.36999999999999983,0.43,0.36,0.37,0.4799999999999997
1998,7,1998-07-01,-0.48,1.04,0.57,-2.72,-1.32,-0.68,-1.5066666666666666,-0.03,-1.25,2.39,-0.08000000000000022,0.65,0.43,0.36,0.5499999999999997
1998,8,1998-08-01,-0.02,1.31,0.7,-0.48,-2.72,-1.32,-1.0733333333333333,1.04,-0.03,-1.25,0.7733333333333331,0.57,0.65,0.43,0.6399999999999996
1998,9,1998-09-01,-2.0,0.17,0.45,-0.02,-0.48,-2.72,-0.8333333333333331,1.31,1.04,-0.03,0.8399999999999997,0.7,0.57,0.65,0.5733333333333329
1998,10,1998-10-01,-0.29,0.71,0.48,-2.0,-0.02,-0.48,-0.7699999999999999,0.17,1.31,1.04,0.7299999999999999,0.45,0.7,0.57,0.543333333333333
1998,11,1998-11-01,-0.28,0.11,0.49,-0.29,-2.0,-0.02,-0.8566666666666665,0.71,0.17,1.31,0.3299999999999998,0.48,0.45,0.7,0.473333333333333
1998,12,1998-12-01,0.87,0.67,0.47,-0.28,-0.29,-2.0,0.10000000000000016,0.11,0.71,0.17,0.4966666666666664,0.49,0.48,0.45,0.4799999999999997
1999,1,1999-01-01,0.77,-0.27,0.23,0.87,-0.28,-0.29,0.45333333333333353,0.67,0.11,0.71,0.1699999999999998,0.47,0.49,0.48,0.39666666666666633
1999,2,1999-02-01,0.29,-1.64,0.18,0.77,0.87,-0.28,0.6433333333333335,-0.27,0.67,0.11,-0.41333333333333355,0.23,0.47,0.49,0.293333333333333
1999,3,1999-03-01,0.23,-2.01,0.18,0.29,0.77,0.87,0.43000000000000016,-1.64,-0.27,0.67,-1.3066666666666669,0.18,0.23,0.47,0.19666666666666632
1999,4,1999-04-01,-0.95,1.01,0.29,0.23,0.29,0.77,-0.14333333333333317,-2.01,-1.64,-0.27,-0.8800000000000002,0.18,0.18,0.23,0.21666666666666634
1999,5,1999-05-01,0.92,0.41,0.45,-0.95,0.23,0.29,0.06666666666666683,1.01,-2.01,-1.64,-0.1966666666666669,0.29,0.18,0.18,0.30666666666666637
1999,6,1999-06-01,1.12,0.13,0.41,0.92,-0.95,0.23,0.36333333333333356,0.41,1.01,-2.01,0.5166666666666664,0.45,0.29,0.18,0.383333333333333
1999,7,1999-07-01,-0.9,0.48,0.37,1.12,0.92,-0.95,0.38000000000000034,0.13,0.41,1.01,0.3399999999999997,0.41,0.45,0.29,0.4099999999999997
1999,8,1999-08-01,0.39,-0.27,0.52,-0.9,1.12,0.92,0.20333333333333356,0.48,0.13,0.41,0.11333333333333305,0.37,0.41,0.45,0.43333333333333296
1999,9,1999-09-01,0.36,1.07,0.45,0.39,-0.9,1.12,-0.04999999999999982,-0.27,0.48,0.13,0.42666666666666636,0.52,0.37,0.41,0.4466666666666663
1999,10,1999-10-01,0.2,-0.16,0.25,0.36,0.39,-0.9,0.3166666666666669,1.07,-0.27,0.48,0.21333333333333304,0.45,0.52,0.37,0.40666666666666634
1999,11,1999-11-01,0.65,-1.02,0.12,0.2,0.36,0.39,0.4033333333333335,-0.16,1.07,-0.27,-0.03666666666666696,0.25,0.45,0.52,0.273333333333333
1999,12,1999-12-01,1.61,0.46,0.25,0.65,0.2,0.36,0.8200000000000003,-1.02,-0.16,1.07,-0.24000000000000035,0.12,0.25,0.45,0.20666666666666633
2000,1,2000-01-01,0.6,-1.97,0.11,1.61,0.65,0.2,0.9533333333333336,0.46,-1.02,-0.16,-0.8433333333333336,0.25,0.12,0.25,0.15999999999999967
2000,2,2000-02-01,1.7,0.41,0.17,0.6,1.61,0.65,1.3033333333333335,-1.97,0.46,-1.02,-0.366666666666667,0.11,0.25,0.12,0.17666666666666633
2000,3,2000-03-01,0.77,-0.68,0.36,1.7,0.6,1.61,1.0233333333333337,0.41,-1.97,0.46,-0.746666666666667,0.17,0.11,0.25,0.21333333333333301
2000,4,2000-04-01,-0.03,0.33,0.25,0.77,1.7,0.6,0.8133333333333336,-0.68,0.41,-1.97,0.019999999999999702,0.36,0.17,0.11,0.2599999999999997
2000,5,2000-05-01,1.58,0.2,0.32,-0.03,0.77,1.7,0.7733333333333334,0.33,-0.68,0.41,-0.05000000000000029,0.25,0.36,0.17,0.30999999999999966
2000,6,2000-06-01,-0.03,1.41,0.14,1.58,-0.03,0.77,0.5066666666666668,0.2,0.33,-0.68,0.6466666666666664,0.32,0.25,0.36,0.23666666666666636
2000,7,2000-07-01,-1.03,-0.27,0.2,-0.03,1.58,-0.03,0.17333333333333348,1.41,0.2,0.33,0.4466666666666664,0.14,0.32,0.25,0.21999999999999967
2000,8,2000-08-01,-0.29,-0.21,0.22,-1.03,-0.03,1.58,-0.4499999999999999,-0.27,1.41,0.2,0.3099999999999998,0.2,0.14,0.32,0.18666666666666634
2000,9,2000-09-01,-0.21,-0.14,0.25,-0.29,-1.03,-0.03,-0.5099999999999999,-0.21,-0.27,1.41,-0.20666666666666697,0.22,0.2,0.14,0.22333333333333302
2000,10,2000-10-01,0.92,1.22,0.2,-0.21,-0.29,-1.03,0.14000000000000015,-0.14,-0.21,-0.27,0.2899999999999997,0.25,0.22,0.2,0.22333333333333302
2000,11,2000-11-01,-0.92,0.64,0.23,0.92,-0.21,-0.29,-0.06999999999999988,1.22,-0.14,-0.21,0.5733333333333331,0.2,0.25,0.22,0.22666666666666635
2000,12,2000-12-01,-0.58,1.63,0.07,-0.92,0.92,-0.21,-0.19333333333333316,0.64,1.22,-0.14,1.163333333333333,0.23,0.2,0.25,0.16666666666666635
2001,1,2001-01-01,0.25,1.53,0.08,-0.58,-0.92,0.92,-0.4166666666666665,1.63,0.64,1.22,1.2666666666666664,0.07,0.23,0.2,0.12666666666666634
2001,2,2001-02-01,0.45,-0.39,0.23,0.25,-0.58,-0.92,0.04000000000000017,1.53,1.63,0.64,0.923333333333333,0.08,0.07,0.23,0.12666666666666634
2001,3,2001-03-01,-1.26,1.23,0.25,0.45,0.25,-0.58,-0.18666666666666654,-0.39,1.53,1.63,0.7899999999999997,0.23,0.08,0.07,0.18666666666666631
2001,4,2001-04-01,0.0,0.65,0.15,-1.26,0.45,0.25,-0.26999999999999985,1.23,-0.39,1.53,0.4966666666666664,0.25,0.23,0.08,0.20999999999999966
2001,5,2001-05-01,-0.02,0.33,0.16,0.0,-1.26,0.45,-0.4266666666666665,0.65,1.23,-0.39,0.7366666666666665,0.15,0.25,0.23,0.18666666666666631
2001,6,2001-06-01,-0.2,-0.14,0.32,-0.02,0.0,-1.26,-0.07333333333333318,0.33,0.65,1.23,0.2799999999999998,0.16,0.15,0.25,0.20999999999999966
2001,7,2001-07-01,-0.25,0.67,0.3,-0.2,-0.02,0.0,-0.1566666666666665,-0.14,0.33,0.65,0.28666666666666646,0.32,0.16,0.15,0.2599999999999996
2001,8,2001-08-01,-0.07,1.83,0.45,-0.25,-0.2,-0.02,-0.1733333333333332,0.67,-0.14,0.33,0.7866666666666665,0.3,0.32,0.16,0.3566666666666663
2001,9,2001-09-01,-0.65,-0.98,0.52,-0.07,-0.25,-0.2,-0.3233333333333332,1.83,0.67,-0.14,0.5066666666666665,0.45,0.3,0.32,0.42333333333333306
2001,10,2001-10-01,-0.24,1.16,0.47,-0.65,-0.07,-0.25,-0.3199999999999999,-0.98,1.83,0.67,0.6699999999999998,0.52,0.45,0.3,0.4799999999999997
2001,11,2001-11-01,0.63,-0.62,0.4,-0.24,-0.65,-0.07,-0.08666666666666656,1.16,-0.98,1.83,-0.14666666666666692,0.47,0.52,0.45,0.463333333333333
2001,12,2001-12-01,-0.83,-0.89,0.51,0.63,-0.24,-0.65,-0.1466666666666665,-0.62,1.16,-0.98,-0.11666666666666692,0.4,0.47,0.52,0.4599999999999997
2002,1,2002-01-01,0.44,1.68,0.58,-0.83,0.63,-0.24,0.08000000000000017,-0.89,-0.62,1.16,0.05666666666666642,0.51,0.4,0.47,0.4966666666666663
2002,2,2002-02-01,1.1,1.43,0.44,0.44,-0.83,0.63,0.23666666666666689,1.68,-0.89,-0.62,0.7399999999999998,0.58,0.51,0.4,0.5099999999999997
2002,3,2002-03-01,0.69,0.63,0.43,1.1,0.44,-0.83,0.7433333333333335,1.43,1.68,-0.89,1.2466666666666664,0.44,0.58,0.51,0.483333333333333
2002,4,2002-04-01,1.18,-0.19,0.3,0.69,1.1,0.44,0.9900000000000002,0.63,1.43,1.68,0.623333333333333,0.43,0.44,0.58,0.3899999999999997
2002,5,2002-05-01,-0.22,0.15,0.09,1.18,0.69,1.1,0.5500000000000002,-0.19,0.63,1.43,0.19666666666666635,0.3,0.43,0.44,0.27333333333333304
2002,6,2002-06-01,0.38,1.65,0.01,-0.22,1.18,0.69,0.44666666666666677,0.15,-0.19,0.63,0.5366666666666663,0.09,0.3,0.43,0.133333333333333
2002,7,2002-07-01,0.62,0.67,-0.02,0.38,-0.22,1.18,0.2600000000000002,1.65,0.15,-0.19,0.8233333333333329,0.01,0.09,0.3,0.02666666666666633
2002,8,2002-08-01,0.38,-0.39,0.22,0.62,0.38,-0.22,0.46000000000000013,0.67,1.65,0.15,0.643333333333333,-0.02,0.01,0.09,0.06999999999999966
2002,9,2002-09-01,-0.7,-1.87,0.26,0.38,0.62,0.38,0.1000000000000002,-0.39,0.67,1.65,-0.5300000000000004,0.22,-0.02,0.01,0.153333333333333
2002,10,2002-10-01,-2.28,0.7,0.35,-0.7,0.38,0.62,-0.8666666666666664,-1.87,-0.39,0.67,-0.5200000000000004,0.26,0.22,-0.02,0.27666666666666634
2002,11,2002-11-01,-0.18,0.67,0.31,-2.28,-0.7,0.38,-1.053333333333333,0.7,-1.87,-0.39,-0.166666666666667,0.35,0.26,0.22,0.30666666666666637
2002,12,2002-12-01,-0.94,0.62,0.21,-0.18,-2.28,-0.7,-1.133333333333333,0.67,0.7,-1.87,0.6633333333333331,0.31,0.35,0.26,0.28999999999999965
2003,1,2003-01-01,0.16,1.11,0.25,-0.94,-0.18,-2.28,-0.3199999999999998,0.62,0.67,0.7,0.7999999999999998,0.21,0.31,0.35,0.2566666666666663
2003,2,2003-02-01,0.62,-0.09,0.19,0.16,-0.94,-0.18,-0.05333333333333312,1.11,0.62,0.67,0.5466666666666664,0.25,0.21,0.31,0.21666666666666634
2003,3,2003-03-01,0.32,0.96,0.31,0.62,0.16,-0.94,0.36666666666666686,-0.09,1.11,0.62,0.6599999999999997,0.19,0.25,0.21,0.24999999999999967
2003,4,2003-04-01,-0.18,-0.54,0.22,0.32,0.62,0.16,0.2533333333333335,0.96,-0.09,1.11,0.1099999999999997,0.31,0.19,0.25,0.23999999999999966
2003,5,2003-05-01,0.01,1.73,0.27,-0.18,0.32,0.62,0.05000000000000019,-0.54,0.96,-0.09,0.7166666666666663,0.22,0.31,0.19,0.26666666666666633
2003,6,2003-06-01,-0.07,1.31,0.26,0.01,-0.18,0.32,-0.07999999999999981,1.73,-0.54,0.96,0.833333333333333,0.27,0.22,0.31,0.24999999999999967
2003,7,2003-07-01,0.13,1.26,0.42,-0.07,0.01,-0.18,0.023333333333333522,1.31,1.73,-0.54,1.433333333333333,0.26,0.27,0.22,0.3166666666666664
2003,8,2003-08-01,-0.07,-0.16,0.62,0.13,-0.07,0.01,-0.003333333333333149,1.26,1.31,1.73,0.8033333333333331,0.42,0.26,0.27,0.43333333333333296
2003,9,2003-09-01,0.01,0.75,0.66,-0.07,0.13,-0.07,0.023333333333333522,-0.16,1.26,1.31,0.6166666666666664,0.62,0.42,0.26,0.5666666666666663
2003,10,2003-10-01,-1.26,-1.89,0.79,0.01,-0.07,0.13,-0.4399999999999998,0.75,-0.16,1.26,-0.4333333333333336,0.66,0.62,0.42,0.6899999999999996
2003,11,2003-11-01,0.86,0.98,0.51,-1.26,0.01,-0.07,-0.12999999999999978,-1.89,0.75,-0.16,-0.05333333333333368,0.79,0.66,0.62,0.653333333333333
2003,12,2003-12-01,0.64,-0.49,0.53,0.86,-1.26,0.01,0.0800000000000002,0.98,-1.89,0.75,-0.46666666666666695,0.51,0.79,0.66,0.6099999999999995
2004,1,2004-01-01,-0.29,-0.45,0.51,0.64,0.86,-1.26,0.40333333333333354,-0.49,0.98,-1.89,0.013333333333332994,0.53,0.51,0.79,0.5166666666666663
2004,2,2004-02-01,-0.14,0.32,0.46,-0.29,0.64,0.86,0.07000000000000023,-0.45,-0.49,0.98,-0.206666666666667,0.51,0.53,0.51,0.4999999999999997
2004,3,2004-03-01,1.02,1.21,0.39,-0.14,-0.29,0.64,0.1966666666666669,0.32,-0.45,-0.49,0.35999999999999965,0.46,0.51,0.53,0.453333333333333
2004,4,2004-04-01,1.15,-0.34,0.36,1.02,-0.14,-0.29,0.6766666666666669,1.21,0.32,-0.45,0.3966666666666663,0.39,0.46,0.51,0.40333333333333293
2004,5,2004-05-01,0.19,-1.18,0.17,1.15,1.02,-0.14,0.786666666666667,-0.34,1.21,0.32,-0.10333333333333368,0.36,0.39,0.46,0.3066666666666663
2004,6,2004-06-01,-0.89,0.67,0.3,0.19,1.15,1.02,0.15000000000000022,-1.18,-0.34,1.21,-0.2833333333333336,0.17,0.36,0.39,0.27666666666666634
2004,7,2004-07-01,1.13,-0.23,0.37,-0.89,0.19,1.15,0.14333333333333353,0.67,-1.18,-0.34,-0.24666666666666695,0.3,0.17,0.36,0.27999999999999964
2004,8,2004-08-01,-0.48,0.05,0.46,1.13,-0.89,0.19,-0.0799999999999998,-0.23,0.67,-1.18,0.16333333333333303,0.37,0.3,0.17,0.3766666666666663
2004,9,2004-09-01,0.38,0.09,0.44,-0.48,1.13,-0.89,0.34333333333333355,0.05,-0.23,0.67,-0.030000000000000335,0.46,0.37,0.3,0.42333333333333295
2004,10,2004-10-01,-1.1,-0.6,0.56,0.38,-0.48,1.13,-0.39999999999999974,0.09,0.05,-0.23,-0.15333333333333365,0.44,0.46,0.37,0.48666666666666636
2004,11,2004-11-01,0.73,-1.45,0.52,-1.1,0.38,-0.48,0.003333333333333558,-0.6,0.09,0.05,-0.6533333333333337,0.56,0.44,0.46,0.5066666666666664
2004,12,2004-12-01,1.21,-1.19,0.51,0.73,-1.1,0.38,0.2800000000000002,-1.45,-0.6,0.09,-1.0800000000000003,0.52,0.56,0.44,0.5299999999999997
2005,1,2005-01-01,1.52,-1.77,0.48,1.21,0.73,-1.1,1.1533333333333335,-1.19,-1.45,-0.6,-1.4700000000000004,0.51,0.52,0.56,0.503333333333333
2005,2,2005-02-01,-0.06,-1.96,0.31,1.52,1.21,0.73,0.8900000000000002,-1.77,-1.19,-1.45,-1.6400000000000003,0.48,0.51,0.52,0.43333333333333296
2005,3,2005-03-01,-1.83,0.95,0.47,-0.06,1.52,1.21,-0.12333333333333307,-1.96,-1.77,-1.19,-0.9266666666666671,0.31,0.48,0.51,0.41999999999999965
2005,4,2005-04-01,-0.3,1.54,0.61,-1.83,-0.06,1.52,-0.7299999999999996,0.95,-1.96,-1.77,0.1766666666666663,0.47,0.31,0.48,0.46333333333333293
2005,5,2005-05-01,-1.25,1.03,0.54,-0.3,-1.83,-0.06,-1.1266666666666663,1.54,0.95,-1.96,1.173333333333333,0.61,0.47,0.31,0.5399999999999996
2005,6,2005-06-01,-0.05,-1.6,0.59,-1.25,-0.3,-1.83,-0.5333333333333331,1.03,1.54,0.95,0.32333333333333286,0.54,0.61,0.47,0.5799999999999996
2005,7,2005-07-01,-0.51,0.92,0.74,-0.05,-1.25,-0.3,-0.603333333333333,-1.6,1.03,1.54,0.1166666666666663,0.59,0.54,0.61,0.623333333333333
2005,8,2005-08-01,0.37,0.56,0.74,-0.51,-0.05,-1.25,-0.06333333333333306,0.92,-1.6,1.03,-0.04000000000000037,0.74,0.59,0.54,0.6899999999999996
2005,9,2005-09-01,0.63,1.44,0.73,0.37,-0.51,-0.05,0.1633333333333336,0.56,0.92,-1.6,0.973333333333333,0.74,0.74,0.59,0.7366666666666664
2005,10,2005-10-01,-0.98,0.57,0.63,0.63,0.37,-0.51,0.006666666666666969,1.44,0.56,0.92,0.8566666666666664,0.73,0.74,0.74,0.6999999999999996
2005,11,2005-11-01,-0.31,-0.36,0.52,-0.98,0.63,0.37,-0.21999999999999967,0.57,1.44,0.56,0.5499999999999997,0.63,0.73,0.74,0.6266666666666664
2005,12,2005-12-01,-0.44,-1.22,0.51,-0.31,-0.98,0.63,-0.5766666666666663,-0.36,0.57,1.44,-0.33666666666666695,0.52,0.63,0.73,0.553333333333333
2006,1,2006-01-01,1.27,-1.03,0.48,-0.44,-0.31,-0.98,0.17333333333333367,-1.22,-0.36,0.57,-0.8700000000000004,0.51,0.52,0.63,0.503333333333333
2006,2,2006-02-01,-0.51,-0.59,0.35,1.27,-0.44,-0.31,0.10666666666666698,-1.03,-1.22,-0.36,-0.9466666666666669,0.48,0.51,0.52,0.4466666666666663
2006,3,2006-03-01,-1.28,-0.68,0.27,-0.51,1.27,-0.44,-0.173333333333333,-0.59,-1.03,-1.22,-0.7666666666666669,0.35,0.48,0.51,0.36666666666666625
2006,4,2006-04-01,1.24,1.07,0.46,-1.28,-0.51,1.27,-0.18333333333333304,-0.68,-0.59,-1.03,-0.06666666666666694,0.27,0.35,0.48,0.35999999999999965
2006,5,2006-05-01,-1.14,1.15,0.52,1.24,-1.28,-0.51,-0.39333333333333304,1.07,-0.68,-0.59,0.5133333333333331,0.46,0.27,0.35,0.41666666666666635
2006,6,2006-06-01,0.84,0.02,0.59,-1.14,1.24,-1.28,0.31333333333333363,1.15,1.07,-0.68,0.7466666666666665,0.52,0.46,0.27,0.523333333333333
2006,7,2006-07-01,0.9,0.83,0.63,0.84,-1.14,1.24,0.20000000000000032,0.02,1.15,1.07,0.6666666666666664,0.59,0.52,0.46,0.5799999999999996
2006,8,2006-08-01,-1.73,-0.52,0.69,0.9,0.84,-1.14,0.0033333333333336324,0.83,0.02,1.15,0.1099999999999997,0.63,0.59,0.52,0.6366666666666663
2006,9,2006-09-01,-1.62,1.82,0.63,-1.73,0.9,0.84,-0.8166666666666664,-0.52,0.83,0.02,0.7099999999999996,0.69,0.63,0.59,0.6499999999999997
2006,10,2006-10-01,-2.24,0.66,0.67,-1.62,-1.73,0.9,-1.8633333333333333,1.82,-0.52,0.83,0.653333333333333,0.63,0.69,0.63,0.663333333333333
2006,11,2006-11-01,0.44,1.68,0.66,-2.24,-1.62,-1.73,-1.14,0.66,1.82,-0.52,1.3866666666666665,0.67,0.63,0.69,0.653333333333333
2006,12,2006-12-01,1.34,1.0,0.5,0.44,-2.24,-1.62,-0.1533333333333331,1.68,0.66,1.82,1.113333333333333,0.66,0.67,0.63,0.6099999999999998
2007,1,2007-01-01,0.22,1.51,0.6,1.34,0.44,-2.24,0.666666666666667,1.0,1.68,0.66,1.3966666666666665,0.5,0.66,0.67,0.5866666666666663
2007,2,2007-02-01,-0.47,1.68,0.52,0.22,1.34,0.44,0.3633333333333337,1.51,1.0,1.68,1.3966666666666665,0.6,0.5,0.66,0.5399999999999996
2007,3,2007-03-01,1.44,0.21,0.42,-0.47,0.22,1.34,0.39666666666666694,1.68,1.51,1.0,1.133333333333333,0.52,0.6,0.5,0.513333333333333
2007,4,2007-04-01,0.17,-1.23,0.39,1.44,-0.47,0.22,0.3800000000000003,0.21,1.68,1.51,0.21999999999999983,0.42,0.52,0.6,0.44333333333333297
2007,5,2007-05-01,0.66,1.01,0.35,0.17,1.44,-0.47,0.7566666666666669,-1.23,0.21,1.68,-0.0033333333333334845,0.39,0.42,0.52,0.3866666666666663
2007,6,2007-06-01,-1.31,0.55,0.28,0.66,0.17,1.44,-0.1599999999999997,1.01,-1.23,0.21,0.10999999999999988,0.35,0.39,0.42,0.3399999999999997
2007,7,2007-07-01,-0.58,-0.03,0.26,-1.31,0.66,0.17,-0.4099999999999997,0.55,1.01,-1.23,0.5099999999999999,0.28,0.35,0.39,0.29666666666666636
2007,8,2007-08-01,-0.14,0.07,0.19,-0.58,-1.31,0.66,-0.6766666666666664,-0.03,0.55,1.01,0.19666666666666655,0.26,0.28,0.35,0.24333333333333304
2007,9,2007-09-01,0.72,-0.52,0.39,-0.14,-0.58,-1.31,2.590520390792032e-16,0.07,-0.03,0.55,-0.16000000000000014,0.19,0.26,0.28,0.27999999999999964
2007,10,2007-10-01,0.45,-0.33,0.56,0.72,-0.14,-0.58,0.34333333333333355,-0.52,0.07,-0.03,-0.2600000000000002,0.39,0.19,0.26,0.37999999999999967
2007,11,2007-11-01,0.58,-2.07,0.54,0.45,0.72,-0.14,0.5833333333333336,-0.33,-0.52,0.07,-0.9733333333333335,0.56,0.39,0.19,0.49666666666666637
2007,12,2007-12-01,0.34,-0.12,0.45,0.58,0.45,0.72,0.45666666666666694,-2.07,-0.33,-0.52,-0.8400000000000002,0.54,0.56,0.39,0.5166666666666663
2008,1,2008-01-01,0.89,-0.35,0.43,0.34,0.58,0.45,0.6033333333333336,-0.12,-2.07,-0.33,-0.8466666666666667,0.45,0.54,0.56,0.473333333333333
2008,2,2008-02-01,0.73,0.47,0.52,0.89,0.34,0.58,0.6533333333333337,-0.35,-0.12,-2.07,-1.4802973661668753e-16,0.43,0.45,0.54,0.46666666666666634
2008,3,2008-03-01,0.08,0.16,0.49,0.73,0.89,0.34,0.566666666666667,0.47,-0.35,-0.12,0.0933333333333332,0.52,0.43,0.45,0.4799999999999997
2008,4,2008-04-01,-1.07,0.88,0.3,0.08,0.73,0.89,-0.08666666666666638,0.16,0.47,-0.35,0.5033333333333332,0.49,0.52,0.43,0.43666666666666626
2008,5,2008-05-01,-1.73,-0.85,0.44,-1.07,0.08,0.73,-0.9066666666666663,0.88,0.16,0.47,0.0633333333333332,0.3,0.49,0.52,0.40999999999999964
2008,6,2008-06-01,-1.39,0.85,0.59,-1.73,-1.07,0.08,-1.3966666666666665,-0.85,0.88,0.16,0.29333333333333317,0.44,0.3,0.49,0.4433333333333329
2008,7,2008-07-01,-1.27,0.85,0.51,-1.39,-1.73,-1.07,-1.463333333333333,0.85,-0.85,0.88,0.28333333333333316,0.59,0.44,0.3,0.5133333333333329
2008,8,2008-08-01,-1.16,-0.08,0.49,-1.27,-1.39,-1.73,-1.2733333333333332,0.85,0.85,-0.85,0.5399999999999998,0.51,0.59,0.44,0.5299999999999997
2008,9,2008-09-01,1.02,-0.3,0.48,-1.16,-1.27,-1.39,-0.4699999999999997,-0.08,0.85,0.85,0.1566666666666665,0.49,0.51,0.59,0.49333333333333296
2008,10,2008-10-01,-0.04,0.08,0.5,1.02,-1.16,-1.27,-0.05999999999999967,-0.3,-0.08,0.85,-0.10000000000000014,0.48,0.49,0.51,0.4899999999999996
2008,11,2008-11-01,-0.32,-0.89,0.4,-0.04,1.02,-1.16,0.22000000000000028,0.08,-0.3,-0.08,-0.3700000000000001,0.5,0.48,0.49,0.4599999999999997
2008,12,2008-12-01,-0.28,-1.44,0.33,-0.32,-0.04,1.02,-0.21333333333333307,-0.89,0.08,-0.3,-0.75,0.4,0.5,0.48,0.40999999999999964
2009,1,2009-01-01,-0.01,1.13,0.24,-0.28,-0.32,-0.04,-0.20333333333333303,-1.44,-0.89,0.08,-0.40000000000000013,0.33,0.4,0.5,0.323333333333333
2009,2,2009-02-01,0.06,-0.72,0.0,-0.01,-0.28,-0.32,-0.0766666666666664,1.13,-1.44,-0.89,-0.34333333333333343,0.24,0.33,0.4,0.18999999999999964
2009,3,2009-03-01,0.57,-1.34,0.03,0.06,-0.01,-0.28,0.20666666666666691,-0.72,1.13,-1.44,-0.3100000000000002,0.0,0.24,0.33,0.08999999999999964
2009,4,2009-04-01,-0.2,0.26,0.09,0.57,0.06,-0.01,0.1433333333333336,-1.34,-0.72,1.13,-0.6000000000000002,0.03,0.0,0.24,0.039999999999999626
2009,5,2009-05-01,1.68,1.12,0.11,-0.2,0.57,0.06,0.6833333333333336,0.26,-1.34,-0.72,0.013333333333333197,0.09,0.03,0.0,0.07666666666666629
2009,6,2009-06-01,-1.21,-1.05,0.36,1.68,-0.2,0.57,0.0900000000000003,1.12,0.26,-1.34,0.10999999999999988,0.11,0.09,0.03,0.1866666666666663
2009,7,2009-07-01,-2.15,0.33,0.46,-1.21,1.68,-0.2,-0.5599999999999997,-1.05,1.12,0.26,0.13333333333333322,0.36,0.11,0.09,0.3099999999999996
2009,8,2009-08-01,-0.19,1.85,0.4,-2.15,-1.21,1.68,-1.183333333333333,0.33,-1.05,1.12,0.37666666666666654,0.46,0.36,0.11,0.4066666666666663
2009,9,2009-09-01,1.51,0.59,0.36,-0.19,-2.15,-1.21,-0.27666666666666634,1.85,0.33,-1.05,0.9233333333333332,0.4,0.46,0.36,0.4066666666666663
2009,10,2009-10-01,-1.03,0.96,0.56,1.51,-0.19,-2.15,0.09666666666666697,0.59,1.85,0.33,1.133333333333333,0.36,0.4,0.46,0.43999999999999967
2009,11,2009-11-01,-0.02,1.48,0.46,-1.03,1.51,-0.19,0.15333333333333363,0.96,0.59,1.85,1.0099999999999998,0.56,0.36,0.4,0.4599999999999997
2009,12,2009-12-01,-1.93,0.93,0.49,-0.02,-1.03,1.51,-0.9933333333333331,1.48,0.96,0.59,1.1233333333333333,0.46,0.56,0.36,0.5033333333333331
2010,1,2010-01-01,-1.11,0.38,0.39,-1.93,-0.02,-1.03,-1.0199999999999998,0.93,1.48,0.96,0.9299999999999998,0.49,0.46,0.56,0.4466666666666663
2010,2,2010-02-01,-1.98,1.25,0.43,-1.11,-1.93,-0.02,-1.6733333333333331,0.38,0.93,1.48,0.8533333333333332,0.39,0.49,0.46,0.4366666666666663
2010,3,2010-03-01,-0.88,1.23,0.52,-1.98,-1.11,-1.93,-1.323333333333333,1.25,0.38,0.93,0.9533333333333331,0.43,0.39,0.49,0.4466666666666663
2010,4,2010-04-01,-0.72,0.09,0.7,-0.88,-1.98,-1.11,-1.1933333333333331,1.23,1.25,0.38,0.8566666666666665,0.52,0.43,0.39,0.5499999999999996
2010,5,2010-05-01,-1.49,-1.39,0.75,-0.72,-0.88,-1.98,-1.0299999999999996,0.09,1.23,1.25,-0.023333333333333428,0.7,0.52,0.43,0.6566666666666663
2010,6,2010-06-01,-0.82,0.34,0.88,-1.49,-0.72,-0.88,-1.0099999999999996,-1.39,0.09,1.23,-0.32000000000000006,0.75,0.7,0.52,0.7766666666666663
2010,7,2010-07-01,-0.42,1.8,0.83,-0.82,-1.49,-0.72,-0.9099999999999996,0.34,-1.39,0.09,0.24999999999999992,0.88,0.75,0.7,0.8199999999999997
2010,8,2010-08-01,-1.22,1.17,0.91,-0.42,-0.82,-1.49,-0.8199999999999997,1.8,0.34,-1.39,1.1033333333333333,0.83,0.88,0.75,0.873333333333333
2010,9,2010-09-01,-0.79,0.55,0.67,-1.22,-0.42,-0.82,-0.8099999999999997,1.17,1.8,0.34,1.1733333333333331,0.91,0.83,0.88,0.8033333333333331
2010,10,2010-10-01,-0.93,-0.78,0.6,-0.79,-1.22,-0.42,-0.9799999999999999,0.55,1.17,1.8,0.3133333333333332,0.67,0.91,0.83,0.7266666666666662
2010,11,2010-11-01,-1.62,0.24,0.63,-0.93,-0.79,-1.22,-1.113333333333333,-0.78,0.55,1.17,0.0033333333333331883,0.6,0.67,0.91,0.633333333333333
2010,12,2010-12-01,-1.85,-0.49,0.43,-1.62,-0.93,-0.79,-1.4666666666666666,0.24,-0.78,0.55,-0.3433333333333335,0.63,0.6,0.67,0.5533333333333329
2011,1,2011-01-01,-0.88,-1.31,0.42,-1.85,-1.62,-0.93,-1.45,-0.49,0.24,-0.78,-0.5200000000000001,0.43,0.63,0.6,0.4933333333333329
2011,2,2011-02-01,0.7,0.41,0.36,-0.88,-1.85,-1.62,-0.6766666666666664,-1.31,-0.49,0.24,-0.46333333333333354,0.42,0.43,0.63,0.40333333333333293
2011,3,2011-03-01,0.61,-0.77,0.3,0.7,-0.88,-1.85,0.14333333333333362,0.41,-1.31,-0.49,-0.5566666666666669,0.36,0.42,0.43,0.35999999999999965
2011,4,2011-04-01,2.48,-0.59,0.4,0.61,0.7,-0.88,1.2633333333333336,-0.77,0.41,-1.31,-0.3166666666666668,0.3,0.36,0.42,0.353333333333333
2011,5,2011-05-01,-0.06,-0.67,0.41,2.48,0.61,0.7,1.0100000000000002,-0.59,-0.77,0.41,-0.6766666666666669,0.4,0.3,0.36,0.36999999999999966
2011,6,2011-06-01,-1.28,-0.22,0.5,-0.06,2.48,0.61,0.3800000000000003,-0.67,-0.59,-0.77,-0.49333333333333357,0.41,0.4,0.3,0.43666666666666626
2011,7,2011-07-01,-1.51,0.41,0.38,-1.28,-0.06,2.48,-0.9499999999999997,-0.22,-0.67,-0.59,-0.16000000000000023,0.5,0.41,0.4,0.42999999999999966
2011,8,2011-08-01,-1.35,1.04,0.44,-1.51,-1.28,-0.06,-1.3799999999999997,0.41,-0.22,-0.67,0.40999999999999986,0.38,0.5,0.41,0.43999999999999967
2011,9,2011-09-01,0.54,1.77,0.43,-1.35,-1.51,-1.28,-0.773333333333333,1.04,0.41,-0.22,1.0733333333333333,0.44,0.38,0.5,0.4166666666666663
2011,10,2011-10-01,0.39,-0.28,0.49,0.54,-1.35,-1.51,-0.1399999999999997,1.77,1.04,0.41,0.8433333333333332,0.43,0.44,0.38,0.453333333333333
2011,11,2011-11-01,1.36,-0.09,0.33,0.39,0.54,-1.35,0.7633333333333336,-0.28,1.77,1.04,0.4666666666666665,0.49,0.43,0.44,0.4166666666666663
2011,12,2011-12-01,2.52,0.11,0.33,1.36,0.39,0.54,1.4233333333333338,-0.09,-0.28,1.77,-0.08666666666666682,0.33,0.49,0.43,0.383333333333333
2012,1,2012-01-01,1.17,-1.76,0.38,2.52,1.36,0.39,1.6833333333333336,0.11,-0.09,-0.28,-0.5800000000000002,0.33,0.33,0.49,0.3466666666666663
2012,2,2012-02-01,0.42,-1.73,0.34,1.17,2.52,1.36,1.3700000000000003,-1.76,0.11,-0.09,-1.1266666666666667,0.38,0.33,0.33,0.34999999999999964
2012,3,2012-03-01,1.27,-0.64,0.37,0.42,1.17,2.52,0.9533333333333337,-1.73,-1.76,0.11,-1.3766666666666667,0.34,0.38,0.33,0.363333333333333
2012,4,2012-04-01,0.47,-0.28,0.41,1.27,0.42,1.17,0.7200000000000003,-0.64,-1.73,-1.76,-0.8833333333333334,0.37,0.34,0.38,0.3733333333333329
2012,5,2012-05-01,-0.91,0.52,0.47,0.47,1.27,0.42,0.2766666666666671,-0.28,-0.64,-1.73,-0.1333333333333335,0.41,0.37,0.34,0.41666666666666624
2012,6,2012-06-01,-2.53,-0.11,0.58,-0.91,0.47,1.27,-0.9899999999999994,0.52,-0.28,-0.64,0.04333333333333319,0.47,0.41,0.37,0.4866666666666663
2012,7,2012-07-01,-1.32,1.02,0.64,-2.53,-0.91,0.47,-1.5866666666666662,-0.11,0.52,-0.28,0.47666666666666657,0.58,0.47,0.41,0.563333333333333
2012,8,2012-08-01,-0.98,1.36,0.74,-1.32,-2.53,-0.91,-1.6099999999999994,1.02,-0.11,0.52,0.7566666666666665,0.64,0.58,0.47,0.6533333333333329
2012,9,2012-09-01,-0.59,0.38,0.81,-0.98,-1.32,-2.53,-0.9633333333333329,1.36,1.02,-0.11,0.9199999999999999,0.74,0.64,0.58,0.7299999999999996
2012,10,2012-10-01,-2.06,-0.32,0.76,-0.59,-0.98,-1.32,-1.2099999999999997,0.38,1.36,1.02,0.47333333333333333,0.81,0.74,0.64,0.7699999999999996
2012,11,2012-11-01,-0.58,1.15,0.56,-2.06,-0.59,-0.98,-1.0766666666666662,-0.32,0.38,1.36,0.40333333333333327,0.76,0.81,0.74,0.7099999999999996
2012,12,2012-12-01,0.17,0.68,0.55,-0.58,-2.06,-0.59,-0.8233333333333329,1.15,-0.32,0.38,0.5033333333333333,0.56,0.76,0.81,0.6233333333333331
2013,1,2013-01-01,0.35,0.88,0.54,0.17,-0.58,-2.06,-0.019999999999999536,0.68,1.15,-0.32,0.9033333333333333,0.55,0.56,0.76,0.5499999999999997
2013,2,2013-02-01,-0.45,0.14,0.44,0.35,0.17,-0.58,0.02333333333333378,0.88,0.68,1.15,0.5666666666666667,0.54,0.55,0.56,0.5099999999999997
2013,3,2013-03-01,-1.61,-0.24,0.44,-0.45,0.35,0.17,-0.5699999999999996,0.14,0.88,0.68,0.26,0.44,0.54,0.55,0.473333333333333
2013,4,2013-04-01,0.69,1.31,0.37,-1.61,-0.45,0.35,-0.4566666666666663,-0.24,0.14,0.88,0.4033333333333333,0.44,0.44,0.54,0.4166666666666663
2013,5,2013-05-01,0.57,0.14,0.37,0.69,-1.61,-0.45,-0.1166666666666663,1.31,-0.24,0.14,0.4033333333333333,0.37,0.44,0.44,0.3933333333333329
2013,6,2013-06-01,0.52,0.66,0.33,0.57,0.69,-1.61,0.5933333333333337,0.14,1.31,-0.24,0.7033333333333335,0.37,0.37,0.44,0.3566666666666663
2013,7,2013-07-01,0.67,0.63,0.53,0.52,0.57,0.69,0.5866666666666672,0.66,0.14,1.31,0.47666666666666674,0.33,0.37,0.37,0.4099999999999997
2013,8,2013-08-01,0.97,0.34,0.5,0.67,0.52,0.57,0.7200000000000005,0.63,0.66,0.14,0.5433333333333333,0.53,0.33,0.37,0.453333333333333
2013,9,2013-09-01,0.24,-0.57,0.61,0.97,0.67,0.52,0.6266666666666673,0.34,0.63,0.66,0.1333333333333334,0.5,0.53,0.33,0.5466666666666663
2013,10,2013-10-01,-1.28,1.39,0.78,0.24,0.97,0.67,-0.02333333333333291,-0.57,0.34,0.63,0.3866666666666667,0.61,0.5,0.53,0.6299999999999996
2013,11,2013-11-01,0.9,0.09,0.57,-1.28,0.24,0.97,-0.046666666666666225,1.39,-0.57,0.34,0.3033333333333333,0.78,0.61,0.5,0.653333333333333
2013,12,2013-12-01,0.95,1.2,0.4,0.9,-1.28,0.24,0.19000000000000042,0.09,1.39,-0.57,0.8933333333333332,0.57,0.78,0.61,0.5833333333333329
2014,1,2014-01-01,0.29,1.37,0.33,0.95,0.9,-1.28,0.7133333333333338,1.2,0.09,1.39,0.8866666666666667,0.4,0.57,0.78,0.43333333333333296
2014,2,2014-02-01,1.34,2.23,0.27,0.29,0.95,0.9,0.8600000000000003,1.37,1.2,0.09,1.5999999999999999,0.33,0.4,0.57,0.333333333333333
2014,3,2014-03-01,0.8,0.92,0.2,1.34,0.29,0.95,0.8100000000000005,2.23,1.37,1.2,1.5066666666666666,0.27,0.33,0.4,0.26666666666666633
2014,4,2014-04-01,0.31,0.52,0.2,0.8,1.34,0.29,0.8166666666666672,0.92,2.23,1.37,1.2233333333333332,0.2,0.27,0.33,0.22333333333333297
2014,5,2014-05-01,-0.92,0.38,0.2,0.31,0.8,1.34,0.06333333333333376,0.52,0.92,2.23,0.6066666666666666,0.2,0.2,0.27,0.2
2014,6,2014-06-01,-0.97,-1.03,0.29,-0.92,0.31,0.8,-0.5266666666666663,0.38,0.52,0.92,-0.04333333333333348,0.2,0.2,0.2,0.22999999999999962
2014,7,2014-07-01,0.18,0.58,0.48,-0.97,-0.92,0.31,-0.5699999999999996,-1.03,0.38,0.52,-0.0233333333333335,0.29,0.2,0.2,0.323333333333333
2014,8,2014-08-01,-1.68,0.75,0.59,0.18,-0.97,-0.92,-0.8233333333333329,0.58,-1.03,0.38,0.09999999999999983,0.48,0.29,0.2,0.453333333333333
2014,9,2014-09-01,1.62,0.2,0.6,-1.68,0.18,-0.97,0.04000000000000048,0.75,0.58,-1.03,0.5099999999999999,0.59,0.48,0.29,0.5566666666666663
2014,10,2014-10-01,-1.27,1.02,0.72,1.62,-1.68,0.18,-0.44333333333333286,0.2,0.75,0.58,0.6566666666666664,0.6,0.59,0.48,0.6366666666666663
2014,11,2014-11-01,0.68,0.43,0.5,-1.27,1.62,-1.68,0.3433333333333339,1.02,0.2,0.75,0.5499999999999997,0.72,0.6,0.59,0.6066666666666664
2014,12,2014-12-01,1.86,-0.59,0.49,0.68,-1.27,1.62,0.4233333333333338,0.43,1.02,0.2,0.28666666666666646,0.5,0.72,0.6,0.5699999999999996
2015,1,2015-01-01,1.79,1.11,0.41,1.86,0.68,-1.27,1.443333333333334,-0.59,0.43,1.02,0.3166666666666665,0.49,0.5,0.72,0.4666666666666663
2015,2,2015-02-01,1.32,-0.04,0.31,1.79,1.86,0.68,1.6566666666666672,1.11,-0.59,0.43,0.15999999999999986,0.41,0.49,0.5,0.40333333333333293
2015,3,2015-03-01,1.45,1.2,0.26,1.32,1.79,1.86,1.5200000000000005,-0.04,1.11,-0.59,0.7566666666666665,0.31,0.41,0.49,0.32666666666666627
2015,4,2015-04-01,0.73,0.88,0.29,1.45,1.32,1.79,1.1666666666666672,1.2,-0.04,1.11,0.6799999999999997,0.26,0.31,0.41,0.28666666666666635
2015,5,2015-05-01,0.15,0.71,0.41,0.73,1.45,1.32,0.7766666666666672,0.88,1.2,-0.04,0.9299999999999997,0.29,0.26,0.31,0.3199999999999996
2015,6,2015-06-01,-0.07,1.06,0.4,0.15,0.73,1.45,0.2700000000000004,0.71,0.88,1.2,0.8833333333333332,0.41,0.29,0.26,0.36666666666666625
2015,7,2015-07-01,-3.18,0.22,0.39,-0.07,0.15,0.73,-1.033333333333333,1.06,0.71,0.88,0.6633333333333331,0.4,0.41,0.29,0.39999999999999963
2015,8,2015-08-01,-0.76,1.08,0.48,-3.18,-0.07,0.15,-1.3366666666666662,0.22,1.06,0.71,0.7866666666666665,0.39,0.4,0.41,0.42333333333333295
2015,9,2015-09-01,-0.65,0.15,0.71,-0.76,-3.18,-0.07,-1.5299999999999996,1.08,0.22,1.06,0.4833333333333331,0.48,0.39,0.4,0.5266666666666663
2015,10,2015-10-01,0.44,0.22,0.72,-0.65,-0.76,-3.18,-0.32333333333333286,0.15,1.08,0.22,0.4833333333333331,0.71,0.48,0.39,0.6366666666666663
2015,11,2015-11-01,1.74,1.55,0.63,0.44,-0.65,-0.76,0.5100000000000005,0.22,0.15,1.08,0.6399999999999998,0.72,0.71,0.48,0.6866666666666662
2015,12,2015-12-01,2.24,3.14,0.6,1.74,0.44,-0.65,1.4733333333333338,1.55,0.22,0.15,1.6366666666666667,0.63,0.72,0.71,0.6499999999999996
2016,1,2016-01-01,0.12,1.01,0.72,2.24,1.74,0.44,1.3666666666666671,3.14,1.55,0.22,1.9000000000000001,0.6,0.63,0.72,0.6499999999999996
2016,2,2016-02-01,1.58,1.85,0.64,0.12,2.24,1.74,1.313333333333334,1.01,3.14,1.55,2.0,0.72,0.6,0.63,0.653333333333333
2016,3,2016-03-01,0.73,0.71,0.61,1.58,0.12,2.24,0.8100000000000005,1.85,1.01,3.14,1.1899999999999997,0.64,0.72,0.6,0.6566666666666663
2016,4,2016-04-01,0.38,0.97,0.53,0.73,1.58,0.12,0.8966666666666671,0.71,1.85,1.01,1.1766666666666665,0.61,0.64,0.72,0.5933333333333329
2016,5,2016-05-01,-0.77,0.22,0.63,0.38,0.73,1.58,0.11333333333333377,0.97,0.71,1.85,0.6333333333333332,0.53,0.61,0.64,0.5899999999999996
2016,6,2016-06-01,-0.43,0.41,0.66,-0.77,0.38,0.73,-0.27333333333333293,0.22,0.97,0.71,0.5333333333333332,0.63,0.53,0.61,0.6066666666666664
2016,7,2016-07-01,-1.76,1.82,0.68,-0.43,-0.77,0.38,-0.9866666666666664,0.41,0.22,0.97,0.8166666666666664,0.66,0.63,0.53,0.6566666666666664
2016,8,2016-08-01,-1.65,2.08,0.78,-1.76,-0.43,-0.77,-1.2799999999999996,1.82,0.41,0.22,1.4366666666666663,0.68,0.66,0.63,0.7066666666666664
2016,9,2016-09-01,0.61,3.48,0.78,-1.65,-1.76,-0.43,-0.9333333333333328,2.08,1.82,0.41,2.4599999999999995,0.78,0.68,0.66,0.7466666666666663
2016,10,2016-10-01,0.41,0.42,0.77,0.61,-1.65,-1.76,-0.20999999999999952,3.48,2.08,1.82,1.9933333333333332,0.78,0.78,0.68,0.7766666666666664
2016,11,2016-11-01,-0.16,-0.45,0.76,0.41,0.61,-1.65,0.2866666666666671,0.42,3.48,2.08,1.1499999999999997,0.77,0.78,0.78,0.7699999999999996
2016,12,2016-12-01,0.48,0.87,0.72,-0.16,0.41,0.61,0.24333333333333376,-0.45,0.42,3.48,0.2799999999999997,0.76,0.77,0.78,0.7499999999999997
2017,1,2017-01-01,0.48,-1.15,0.74,0.48,-0.16,0.41,0.2666666666666671,0.87,-0.45,0.42,-0.24333333333333362,0.72,0.76,0.77,0.7399999999999997
2017,2,2017-02-01,1.0,0.58,0.69,0.48,0.48,-0.16,0.6533333333333338,-1.15,0.87,-0.45,0.0999999999999997,0.74,0.72,0.76,0.7166666666666662
2017,3,2017-03-01,0.74,1.03,0.57,1.0,0.48,0.48,0.7400000000000005,0.58,-1.15,0.87,0.15333333333333302,0.69,0.74,0.72,0.6666666666666662
2017,4,2017-04-01,1.73,-0.62,0.69,0.74,1.0,0.48,1.1566666666666672,1.03,0.58,-1.15,0.3299999999999997,0.57,0.69,0.74,0.6499999999999996
2017,5,2017-05-01,-1.91,0.54,0.62,1.73,0.74,1.0,0.1866666666666672,-0.62,1.03,0.58,0.3166666666666664,0.69,0.57,0.69,0.6266666666666663
2017,6,2017-06-01,0.05,2.03,0.67,-1.91,1.73,0.74,-0.0433333333333328,0.54,-0.62,1.03,0.6499999999999996,0.62,0.69,0.57,0.6599999999999996
2017,7,2017-07-01,1.26,1.83,0.75,0.05,-1.91,1.73,-0.19999999999999943,2.03,0.54,-0.62,1.4666666666666661,0.67,0.62,0.69,0.6799999999999996
2017,8,2017-08-01,-1.1,2.02,0.75,1.26,0.05,-1.91,0.0700000000000005,1.83,2.03,0.54,1.9599999999999997,0.75,0.67,0.62,0.723333333333333
2017,9,2017-09-01,-0.61,1.58,0.77,-1.1,1.26,0.05,-0.1499999999999995,2.02,1.83,2.03,1.8099999999999998,0.75,0.75,0.67,0.7566666666666664
2017,10,2017-10-01,0.19,0.62,0.88,-0.61,-1.1,1.26,-0.5066666666666662,1.58,2.02,1.83,1.4066666666666663,0.77,0.75,0.75,0.7999999999999997
2017,11,2017-11-01,-0.0,0.12,0.91,0.19,-0.61,-1.1,-0.13999999999999943,0.62,1.58,2.02,0.7733333333333331,0.88,0.77,0.75,0.853333333333333
2017,12,2017-12-01,0.88,-0.5,0.88,-0.0,0.19,-0.61,0.3566666666666672,0.12,0.62,1.58,0.0799999999999997,0.91,0.88,0.77,0.8899999999999997
2018,1,2018-01-01,1.44,0.55,0.68,0.88,-0.0,0.19,0.7733333333333339,-0.5,0.12,0.62,0.056666666666666386,0.88,0.91,0.88,0.8233333333333329
2018,2,2018-02-01,1.58,-1.38,0.49,1.44,0.88,-0.0,1.3000000000000005,0.55,-0.5,0.12,-0.4433333333333336,0.68,0.88,0.91,0.683333333333333
2018,3,2018-03-01,-0.93,-0.62,0.42,1.58,1.44,0.88,0.6966666666666671,-1.38,0.55,-0.5,-0.48333333333333356,0.49,0.68,0.88,0.5299999999999997
2018,4,2018-04-01,1.24,1.13,0.37,-0.93,1.58,1.44,0.6300000000000006,-0.62,-1.38,0.55,-0.2900000000000003,0.42,0.49,0.68,0.4266666666666663
2018,5,2018-05-01,2.12,-0.07,0.33,1.24,-0.93,1.58,0.8100000000000005,1.13,-0.62,-1.38,0.14666666666666636,0.37,0.42,0.49,0.3733333333333329
2018,6,2018-06-01,1.09,-0.54,0.25,2.12,1.24,-0.93,1.483333333333334,-0.07,1.13,-0.62,0.17333333333333303,0.33,0.37,0.42,0.3166666666666663
2018,7,2018-07-01,1.39,2.36,0.39,1.09,2.12,1.24,1.5333333333333339,-0.54,-0.07,1.13,0.583333333333333,0.25,0.33,0.37,0.323333333333333
2018,8,2018-08-01,1.97,1.82,0.54,1.39,1.09,2.12,1.4833333333333336,2.36,-0.54,-0.07,1.2133333333333332,0.39,0.25,0.33,0.3933333333333329
2018,9,2018-09-01,1.67,0.15,0.61,1.97,1.39,1.09,1.676666666666667,1.82,2.36,-0.54,1.4433333333333334,0.54,0.39,0.25,0.513333333333333
2018,10,2018-10-01,0.93,-0.39,0.56,1.67,1.97,1.39,1.5233333333333337,0.15,1.82,2.36,0.5266666666666665,0.61,0.54,0.39,0.5699999999999997
2018,11,2018-11-01,-0.11,0.32,0.38,0.93,1.67,1.97,0.8300000000000005,-0.39,0.15,1.82,0.02666666666666645,0.56,0.61,0.54,0.5166666666666663
2018,12,2018-12-01,0.61,1.44,0.38,-0.11,0.93,1.67,0.4766666666666672,0.32,-0.39,0.15,0.4566666666666664,0.38,0.56,0.61,0.43999999999999967
2019,1,2019-01-01,0.59,-1.67,0.46,0.61,-0.11,0.93,0.36333333333333373,1.44,0.32,-0.39,0.029999999999999805,0.38,0.38,0.56,0.4066666666666663
2019,2,2019-02-01,0.29,-0.12,0.5,0.59,0.61,-0.11,0.4966666666666671,-1.67,1.44,0.32,-0.1166666666666669,0.46,0.38,0.38,0.4466666666666663
2019,3,2019-03-01,1.23,0.94,0.46,0.29,0.59,0.61,0.7033333333333337,-0.12,-1.67,1.44,-0.2833333333333336,0.5,0.46,0.38,0.47333333333333294
2019,4,2019-04-01,0.47,-0.96,0.4,1.23,0.29,0.59,0.6633333333333338,0.94,-0.12,-1.67,-0.04666666666666693,0.46,0.5,0.46,0.453333333333333
2019,5,2019-05-01,-2.62,-0.64,0.37,0.47,1.23,0.29,-0.30666666666666625,-0.96,0.94,-0.12,-0.22000000000000028,0.4,0.46,0.5,0.40999999999999964
2019,6,2019-06-01,-1.09,1.28,0.58,-2.62,0.47,1.23,-1.0799999999999994,-0.64,-0.96,0.94,-0.10666666666666691,0.37,0.4,0.46,0.4499999999999997
2019,7,2019-07-01,-1.43,0.08,0.66,-1.09,-2.62,0.47,-1.713333333333333,1.28,-0.64,-0.96,0.23999999999999974,0.58,0.37,0.4,0.5366666666666663
2019,8,2019-08-01,-1.17,1.93,0.74,-1.43,-1.09,-2.62,-1.2299999999999995,0.08,1.28,-0.64,1.0966666666666665,0.66,0.58,0.37,0.6599999999999997
2019,9,2019-09-01,-0.16,2.19,0.69,-1.17,-1.43,-1.09,-0.9199999999999996,1.93,0.08,1.28,1.3999999999999997,0.74,0.66,0.58,0.6966666666666663
2019,10,2019-10-01,-1.41,0.67,0.66,-0.16,-1.17,-1.43,-0.9133333333333328,2.19,1.93,0.08,1.5966666666666665,0.69,0.74,0.66,0.6966666666666663
2019,11,2019-11-01,0.28,0.07,0.63,-1.41,-0.16,-1.17,-0.4299999999999995,0.67,2.19,1.93,0.9766666666666665,0.66,0.69,0.74,0.6599999999999997
2019,12,2019-12-01,1.2,0.81,0.59,0.28,-1.41,-0.16,0.0233333333333338,0.07,0.67,2.19,0.5166666666666664,0.63,0.66,0.69,0.6266666666666664
2020,1,2020-01-01,1.34,1.74,0.72,1.2,0.28,-1.41,0.9400000000000004,0.81,0.07,0.67,0.8733333333333331,0.59,0.63,0.66,0.6466666666666663
2020,2,2020-02-01,1.26,1.38,0.85,1.34,1.2,0.28,1.266666666666667,1.74,0.81,0.07,1.3099999999999996,0.72,0.59,0.63,0.7199999999999996
2020,3,2020-03-01,1.01,-0.11,0.83,1.26,1.34,1.2,1.2033333333333338,1.38,1.74,0.81,1.0033333333333327,0.85,0.72,0.59,0.7999999999999995
2020,4,2020-04-01,-1.02,0.58,0.86,1.01,1.26,1.34,0.4166666666666672,-0.11,1.38,1.74,0.6166666666666663,0.83,0.85,0.72,0.8466666666666662
2020,5,2020-05-01,-0.41,0.06,0.65,-1.02,1.01,1.26,-0.13999999999999954,0.58,-0.11,1.38,0.1766666666666663,0.86,0.83,0.85,0.7799999999999997
2020,6,2020-06-01,-0.15,-0.08,0.72,-0.41,-1.02,1.01,-0.5266666666666662,0.06,0.58,-0.11,0.1866666666666663,0.65,0.86,0.83,0.7433333333333328
2020,7,2020-07-01,-1.23,0.46,0.84,-0.15,-0.41,-1.02,-0.5966666666666661,-0.08,0.06,0.58,0.1466666666666663,0.72,0.65,0.86,0.7366666666666664
2020,8,2020-08-01,0.12,1.57,0.87,-1.23,-0.15,-0.41,-0.4199999999999995,0.46,-0.08,0.06,0.6499999999999996,0.84,0.72,0.65,0.8099999999999996
2020,9,2020-09-01,0.98,1.95,0.71,0.12,-1.23,-0.15,-0.043333333333332814,1.57,0.46,-0.08,1.3266666666666664,0.87,0.84,0.72,0.8066666666666663
2020,10,2020-10-01,-0.65,-0.23,0.74,0.98,0.12,-1.23,0.15000000000000047,1.95,1.57,0.46,1.0966666666666665,0.71,0.87,0.84,0.773333333333333
2020,11,2020-11-01,2.54,0.05,0.66,-0.65,0.98,0.12,0.9566666666666671,-0.23,1.95,1.57,0.5899999999999996,0.74,0.71,0.87,0.703333333333333
2020,12,2020-12-01,-0.3,-0.8,0.63,2.54,-0.65,0.98,0.5300000000000005,0.05,-0.23,1.95,-0.32666666666666705,0.66,0.74,0.71,0.6766666666666663
2021,1,2021-01-01,-1.11,-0.04,0.63,-0.3,2.54,-0.65,0.37666666666666715,-0.8,0.05,-0.23,-0.26333333333333375,0.63,0.66,0.74,0.6399999999999997
2021,2,2021-02-01,0.14,1.22,0.58,-1.11,-0.3,2.54,-0.4233333333333329,-0.04,-0.8,0.05,0.12666666666666626,0.63,0.63,0.66,0.613333333333333
2021,3,2021-03-01,0.73,-0.18,0.48,0.14,-1.11,-0.3,-0.07999999999999952,1.22,-0.04,-0.8,0.333333333333333,0.58,0.63,0.63,0.5633333333333329
2021,4,2021-04-01,-1.43,0.31,0.61,0.73,0.14,-1.11,-0.18666666666666612,-0.18,1.22,-0.04,0.44999999999999957,0.48,0.58,0.63,0.5566666666666662
2021,5,2021-05-01,-1.24,0.8,0.58,-1.43,0.73,0.14,-0.6466666666666662,0.31,-0.18,1.22,0.30999999999999966,0.61,0.48,0.58,0.5566666666666663
2021,6,2021-06-01,0.77,1.02,0.58,-1.24,-1.43,0.73,-0.6333333333333327,0.8,0.31,-0.18,0.7099999999999996,0.58,0.61,0.48,0.5899999999999995
2021,7,2021-07-01,0.03,2.16,0.63,0.77,-1.24,-1.43,-0.14666666666666614,1.02,0.8,0.31,1.3266666666666664,0.58,0.58,0.61,0.5966666666666663
2021,8,2021-08-01,-0.28,1.08,0.69,0.03,0.77,-1.24,0.17333333333333387,2.16,1.02,0.8,1.4199999999999997,0.63,0.58,0.58,0.633333333333333
2021,9,2021-09-01,-0.21,1.7,0.84,-0.28,0.03,0.77,-0.1533333333333328,1.08,2.16,1.02,1.6466666666666665,0.69,0.63,0.58,0.7199999999999996
2021,10,2021-10-01,-2.29,0.86,0.96,-0.21,-0.28,0.03,-0.9266666666666662,1.7,1.08,2.16,1.2133333333333332,0.84,0.69,0.63,0.8299999999999996
2021,11,2021-11-01,-0.18,-0.91,0.92,-2.29,-0.21,-0.28,-0.8933333333333328,0.86,1.7,1.08,0.5499999999999997,0.96,0.84,0.69,0.9066666666666663
2021,12,2021-12-01,0.29,-0.06,0.82,-0.18,-2.29,-0.21,-0.7266666666666661,-0.91,0.86,1.7,-0.03666666666666698,0.92,0.96,0.84,0.8999999999999996
2022,1,2022-01-01,1.08,-1.42,0.84,0.29,-0.18,-2.29,0.3966666666666672,-0.06,-0.91,0.86,-0.7966666666666669,0.82,0.92,0.96,0.8599999999999998
2022,2,2022-02-01,1.68,0.22,0.79,1.08,0.29,-0.18,1.0166666666666673,-1.42,-0.06,-0.91,-0.4200000000000003,0.84,0.82,0.92,0.8166666666666663
2022,3,2022-03-01,0.77,1.45,0.54,1.68,1.08,0.29,1.1766666666666672,0.22,-1.42,-0.06,0.08333333333333304,0.79,0.84,0.82,0.723333333333333
2022,4,2022-04-01,-0.36,-0.93,0.46,0.77,1.68,1.08,0.6966666666666672,1.45,0.22,-1.42,0.24666666666666634,0.54,0.79,0.84,0.5966666666666663
2022,5,2022-05-01,0.71,0.18,0.64,-0.36,0.77,1.68,0.3733333333333338,-0.93,1.45,0.22,0.23333333333333303,0.46,0.54,0.79,0.5466666666666663
2022,6,2022-06-01,-0.12,0.51,0.58,0.71,-0.36,0.77,0.07666666666666717,0.18,-0.93,1.45,-0.0800000000000003,0.64,0.46,0.54,0.5599999999999996
2022,7,2022-07-01,-0.09,1.42,0.55,-0.12,0.71,-0.36,0.16666666666666718,0.51,0.18,-0.93,0.703333333333333,0.58,0.64,0.46,0.5899999999999997
2022,8,2022-08-01,1.47,1.37,0.88,-0.09,-0.12,0.71,0.42000000000000054,1.42,0.51,0.18,1.0999999999999996,0.55,0.58,0.64,0.6699999999999996
2022,9,2022-09-01,-1.61,-1.17,0.99,1.47,-0.09,-0.12,-0.07666666666666615,1.37,1.42,0.51,0.5399999999999998,0.88,0.55,0.58,0.8066666666666663
2022,10,2022-10-01,-0.72,0.21,0.93,-1.61,1.47,-0.09,-0.2866666666666662,-1.17,1.37,1.42,0.1366666666666664,0.99,0.88,0.55,0.933333333333333
2022,11,2022-11-01,0.69,1.24,0.83,-0.72,-1.61,1.47,-0.5466666666666661,0.21,-1.17,1.37,0.09333333333333305,0.93,0.99,0.88,0.9166666666666664
2022,12,2022-12-01,-0.15,-0.01,0.7,0.69,-0.72,-1.61,-0.05999999999999949,1.24,0.21,-1.17,0.4799999999999997,0.83,0.93,0.99,0.8199999999999997
2023,1,2023-01-01,1.25,-1.0,0.76,-0.15,0.69,-0.72,0.5966666666666671,-0.01,1.24,0.21,0.07666666666666637,0.7,0.83,0.93,0.7633333333333329
2023,2,2023-02-01,0.92,-0.81,0.74,1.25,-0.15,0.69,0.6733333333333338,-1.0,-0.01,1.24,-0.606666666666667,0.76,0.7,0.83,0.733333333333333
2023,3,2023-03-01,-1.11,0.49,0.88,0.92,1.25,-0.15,0.3533333333333338,-0.81,-1.0,-0.01,-0.44000000000000034,0.74,0.76,0.7,0.793333333333333
2023,4,2023-04-01,-0.63,-0.15,0.94,-1.11,0.92,1.25,-0.2733333333333329,0.49,-0.81,-1.0,-0.15666666666666698,0.88,0.74,0.76,0.8533333333333329
2023,5,2023-05-01,0.39,-0.14,1.07,-0.63,-1.11,0.92,-0.44999999999999957,-0.15,0.49,-0.81,0.06666666666666636,0.94,0.88,0.74,0.9633333333333329
2023,6,2023-06-01,-0.58,-1.12,1.27,0.39,-0.63,-1.11,-0.2733333333333328,-0.14,-0.15,0.49,-0.47000000000000036,1.07,0.94,0.88,1.093333333333333
2023,7,2023-07-01,-2.17,1.78,1.44,-0.58,0.39,-0.63,-0.7866666666666662,-1.12,-0.14,-0.15,0.17333333333333298,1.27,1.07,0.94,1.2599999999999998
2023,8,2023-08-01,-1.16,2.05,1.36,-2.17,-0.58,0.39,-1.3033333333333328,1.78,-1.12,-0.14,0.903333333333333,1.44,1.27,1.07,1.3566666666666662
2023,9,2023-09-01,-0.44,2.72,1.43,-1.16,-2.17,-0.58,-1.2566666666666662,2.05,1.78,-1.12,2.183333333333333,1.36,1.44,1.27,1.4099999999999995
2023,10,2023-10-01,-2.03,1.2,1.38,-0.44,-1.16,-2.17,-1.2099999999999995,2.72,2.05,1.78,1.9899999999999995,1.43,1.36,1.44,1.3899999999999997
2023,11,2023-11-01,-0.32,1.19,1.13,-2.03,-0.44,-1.16,-0.9299999999999996,1.2,2.72,2.05,1.7033333333333331,1.38,1.43,1.36,1.3133333333333328
2023,12,2023-12-01,1.94,1.51,1.02,-0.32,-2.03,-0.44,-0.1366666666666662,1.19,1.2,2.72,1.2999999999999996,1.13,1.38,1.43,1.176666666666666
2024,1,2024-01-01,0.21,2.58,1.08,1.94,-0.32,-2.03,0.6100000000000004,1.51,1.19,1.2,1.7599999999999998,1.02,1.13,1.38,1.0766666666666662
2024,2,2024-02-01,1.09,1.7,1.17,0.21,1.94,-0.32,1.0800000000000003,2.58,1.51,1.19,1.9299999999999997,1.08,1.02,1.13,1.0899999999999996
2024,3,2024-03-01,-0.21,1.55,1.19,1.09,0.21,1.94,0.3633333333333338,1.7,2.58,1.51,1.9433333333333331,1.17,1.08,1.02,1.1466666666666663
2024,4,2024-04-01,-0.78,2.96,1.14,-0.21,1.09,0.21,0.033333333333333805,1.55,1.7,2.58,2.07,1.19,1.17,1.08,1.1666666666666663
2024,5,2024-05-01,-0.44,-0.16,1.38,-0.78,-0.21,1.09,-0.4766666666666662,2.96,1.55,1.7,1.4499999999999995,1.14,1.19,1.17,1.2366666666666661
2024,6,2024-06-01,-0.09,1.32,1.39,-0.44,-0.78,-0.21,-0.43666666666666626,-0.16,2.96,1.55,1.373333333333333,1.38,1.14,1.19,1.3033333333333328
2024,7,2024-07-01,1.46,2.39,1.32,-0.09,-0.44,-0.78,0.31000000000000044,1.32,-0.16,2.96,1.1833333333333331,1.39,1.38,1.14,1.363333333333333
2024,8,2024-08-01,0.63,3.67,1.26,1.46,-0.09,-0.44,0.6666666666666671,2.39,1.32,-0.16,2.4599999999999995,1.32,1.39,1.38,1.323333333333333
2024,9,2024-09-01,-1.43,1.26,1.22,0.63,1.46,-0.09,0.22000000000000033,3.67,2.39,1.32,2.44,1.26,1.32,1.39,1.2666666666666664
2024,10,2024-10-01,-0.38,0.97,1.25,-1.43,0.63,1.46,-0.3933333333333329,1.26,3.67,2.39,1.9666666666666666,1.22,1.26,1.32,1.243333333333333
2024,11,2024-11-01,-0.23,1.1,1.15,-0.38,-1.43,0.63,-0.6799999999999996,0.97,1.26,3.67,1.1099999999999997,1.25,1.22,1.26,1.2066666666666663
2024,12,2024-12-01,1.21,-0.08,1.11,-0.23,-0.38,-1.43,0.20000000000000032,1.1,0.97,1.26,0.6633333333333331,1.15,1.25,1.22,1.1699999999999997
2025,1,2025-01-01,-0.52,2.7,0.98,1.21,-0.23,-0.38,0.15333333333333365,-0.08,1.1,0.97,1.2399999999999998,1.11,1.15,1.25,1.0799999999999994
2025,2,2025-02-01,1.6,0.65,0.86,-0.52,1.21,-0.23,0.7633333333333336,2.7,-0.08,1.1,1.0899999999999996,0.98,1.11,1.15,0.9833333333333331
2025,3,2025-03-01,0.3,0.81,0.75,1.6,-0.52,1.21,0.46000000000000035,0.65,2.7,-0.08,1.3866666666666665,0.86,0.98,1.11,0.863333333333333
2025,4,2025-04-01,0.18,0.44,0.67,0.3,1.6,-0.52,0.6933333333333337,0.81,0.65,2.7,0.6333333333333331,0.75,0.86,0.98,0.7599999999999997
2025,5,2025-05-01,0.49,-0.04,0.73,0.18,0.3,1.6,0.32333333333333364,0.44,0.81,0.65,0.40333333333333304,0.67,0.75,0.86,0.7166666666666663
2025,6,2025-06-01,0.7,1.7,0.78,0.49,0.18,0.3,0.45666666666666694,-0.04,0.44,0.81,0.6999999999999997,0.73,0.67,0.75,0.7266666666666662
2025,7,2025-07-01,0.48,1.83,0.88,0.7,0.49,0.18,0.556666666666667,1.7,-0.04,0.44,1.163333333333333,0.78,0.73,0.67,0.7966666666666663
2025,8,2025-08-01,0.26,1.71,0.83,0.48,0.7,0.49,0.48000000000000026,1.83,1.7,-0.04,1.7466666666666664,0.88,0.78,0.73,0.8299999999999996
2025,9,2025-09-01,-0.8,3.6,0.76,0.26,0.48,0.7,-0.019999999999999723,1.71,1.83,1.7,2.3799999999999994,0.83,0.88,0.78,0.8233333333333329
2025,10,2025-10-01,-0.96,0.08,1.01,-0.8,0.26,0.48,-0.4999999999999997,3.6,1.71,1.83,1.7966666666666662,0.76,0.83,0.88,0.8666666666666663
2025,11,2025-11-01,-0.78,1.06,0.96,-0.96,-0.8,0.26,-0.8466666666666663,0.08,3.6,1.71,1.5799999999999994,1.01,0.76,0.83,0.9099999999999996
2025,12,2025-12-01,-0.65,0.06,0.75,-0.78,-0.96,-0.8,-0.7966666666666664,1.06,0.08,3.6,0.39999999999999974,0.96,1.01,0.76,0.9066666666666663
2026,1,2026-01-01,-0.36,0.5,0.7,-0.65,-0.78,-0.96,-0.5966666666666663,0.06,1.06,0.08,0.5399999999999997,0.75,0.96,1.01,0.8033333333333329
2026,2,2026-02-01,0.68,2.07,0.63,-0.36,-0.65,-0.78,-0.1099999999999997,0.5,0.06,1.06,0.8766666666666664,0.7,0.75,0.96,0.6933333333333329
2026,3,2026-03-01,2.69,-0.77,0.62,0.68,-0.36,-0.65,1.0033333333333336,2.07,0.5,0.06,0.5999999999999996,0.63,0.7,0.75,0.6499999999999996
2026,4,2026-04-01,1.39,-0.1,0.64,2.69,0.68,-0.36,1.586666666666667,-0.77,2.07,0.5,0.39999999999999963,0.62,0.63,0.7,0.6299999999999996
2026,5,2026-05-01,-0.74,0.7,0.69,1.39,2.69,0.68,1.1133333333333337,-0.1,-0.77,2.07,-0.056666666666666976,0.64,0.62,0.63,0.6499999999999996
2026,6,2026-06-01,0.1,0.85,0.68,-0.74,1.39,2.69,0.2500000000000003,0.7,-0.1,-0.77,0.483333333333333,0.69,0.64,0.62,0.6699999999999996
2026,7,2026-07-01,-0.31,0.99,0.94,0.1,-0.74,1.39,-0.3166666666666664,0.85,0.7,-0.1,0.8466666666666663,0.68,0.69,0.64,0.7699999999999996
